raw_date,session,representation,anchor_raw_epoch,causal_prefix_complete,causal_prefix_and_entry_minute_complete,complete_through_hold_end,original_full_future_complete
2024-01-02,LONDON_0800,ORIGINAL_DIRECT_UTC,1704182400,0,0,0,0
2024-01-02,LONDON_0800,NY_CLOSE_BROKER_CONVENTION,1704189600,1,1,1,1
2024-01-02,NEW_YORK_0930,ORIGINAL_DIRECT_UTC,1704205800,1,1,1,1
2024-01-02,NEW_YORK_0930,NY_CLOSE_BROKER_CONVENTION,1704213000,1,1,1,1
2024-01-03,LONDON_0800,ORIGINAL_DIRECT_UTC,1704268800,0,0,0,0
2024-01-03,LONDON_0800,NY_CLOSE_BROKER_CONVENTION,1704276000,1,1,1,1
2024-01-03,NEW_YORK_0930,ORIGINAL_DIRECT_UTC,1704292200,1,1,1,1
2024-01-03,NEW_YORK_0930,NY_CLOSE_BROKER_CONVENTION,1704299400,1,1,1,1
2024-01-04,LONDON_0800,ORIGINAL_DIRECT_UTC,1704355200,0,0,0,0
2024-01-04,LONDON_0800,NY_CLOSE_BROKER_CONVENTION,1704362400,1,1,1,1
2024-01-04,NEW_YORK_0930,ORIGINAL_DIRECT_UTC,1704378600,1,1,1,1
2024-01-04,NEW_YORK_0930,NY_CLOSE_BROKER_CONVENTION,1704385800,1,1,1,1
2024-01-05,LONDON_0800,ORIGINAL_DIRECT_UTC,1704441600,1,1,1,1
2024-01-05,LONDON_0800,NY_CLOSE_BROKER_CONVENTION,1704448800,1,1,1,1
2024-01-05,NEW_YORK_0930,ORIGINAL_DIRECT_UTC,1704465000,1,1,1,1
2024-01-05,NEW_YORK_0930,NY_CLOSE_BROKER_CONVENTION,1704472200,1,1,1,1
2024-01-08,LONDON_0800,ORIGINAL_DIRECT_UTC,1704700800,1,1,1,1
2024-01-08,LONDON_0800,NY_CLOSE_BROKER_CONVENTION,1704708000,1,1,1,1
2024-01-08,NEW_YORK_0930,ORIGINAL_DIRECT_UTC,1704724200,1,1,1,1
2024-01-08,NEW_YORK_0930,NY_CLOSE_BROKER_CONVENTION,1704731400,1,1,1,1
2024-01-09,LONDON_0800,ORIGINAL_DIRECT_UTC,1704787200,0,0,0,0
2024-01-09,LONDON_0800,NY_CLOSE_BROKER_CONVENTION,1704794400,1,1,1,1
2024-01-09,NEW_YORK_0930,ORIGINAL_DIRECT_UTC,1704810600,1,1,1,1
2024-01-09,NEW_YORK_0930,NY_CLOSE_BROKER_CONVENTION,1704817800,1,1,1,1
2024-01-10,LONDON_0800,ORIGINAL_DIRECT_UTC,1704873600,1,1,1,1
2024-01-10,LONDON_0800,NY_CLOSE_BROKER_CONVENTION,1704880800,1,1,1,1
2024-01-10,NEW_YORK_0930,ORIGINAL_DIRECT_UTC,1704897000,1,1,1,1
2024-01-10,NEW_YORK_0930,NY_CLOSE_BROKER_CONVENTION,1704904200,1,1,1,1
2024-01-11,LONDON_0800,ORIGINAL_DIRECT_UTC,1704960000,1,1,1,1
2024-01-11,LONDON_0800,NY_CLOSE_BROKER_CONVENTION,1704967200,1,1,1,1
2024-01-11,NEW_YORK_0930,ORIGINAL_DIRECT_UTC,1704983400,1,1,1,1
2024-01-11,NEW_YORK_0930,NY_CLOSE_BROKER_CONVENTION,1704990600,1,1,1,1
2024-01-12,LONDON_0800,ORIGINAL_DIRECT_UTC,1705046400,1,1,1,1
2024-01-12,LONDON_0800,NY_CLOSE_BROKER_CONVENTION,1705053600,1,1,1,1
2024-01-12,NEW_YORK_0930,ORIGINAL_DIRECT_UTC,1705069800,1,1,1,1
2024-01-12,NEW_YORK_0930,NY_CLOSE_BROKER_CONVENTION,1705077000,1,1,1,1
2024-01-15,LONDON_0800,ORIGINAL_DIRECT_UTC,1705305600,1,1,0,0
2024-01-15,LONDON_0800,NY_CLOSE_BROKER_CONVENTION,1705312800,1,1,1,1
2024-01-15,NEW_YORK_0930,ORIGINAL_DIRECT_UTC,1705329000,1,1,1,1
2024-01-15,NEW_YORK_0930,NY_CLOSE_BROKER_CONVENTION,1705336200,1,1,1,1
2024-01-16,LONDON_0800,ORIGINAL_DIRECT_UTC,1705392000,1,1,1,1
2024-01-16,LONDON_0800,NY_CLOSE_BROKER_CONVENTION,1705399200,1,1,1,1
2024-01-16,NEW_YORK_0930,ORIGINAL_DIRECT_UTC,1705415400,1,1,1,1
2024-01-16,NEW_YORK_0930,NY_CLOSE_BROKER_CONVENTION,1705422600,1,1,1,1
2024-01-17,LONDON_0800,ORIGINAL_DIRECT_UTC,1705478400,1,1,1,1
2024-01-17,LONDON_0800,NY_CLOSE_BROKER_CONVENTION,1705485600,1,1,1,1
2024-01-17,NEW_YORK_0930,ORIGINAL_DIRECT_UTC,1705501800,1,1,1,1
2024-01-17,NEW_YORK_0930,NY_CLOSE_BROKER_CONVENTION,1705509000,1,1,1,1
2024-01-18,LONDON_0800,ORIGINAL_DIRECT_UTC,1705564800,1,1,1,1
2024-01-18,LONDON_0800,NY_CLOSE_BROKER_CONVENTION,1705572000,1,1,1,1
2024-01-18,NEW_YORK_0930,ORIGINAL_DIRECT_UTC,1705588200,1,1,1,1
2024-01-18,NEW_YORK_0930,NY_CLOSE_BROKER_CONVENTION,1705595400,1,1,1,1
2024-01-19,LONDON_0800,ORIGINAL_DIRECT_UTC,1705651200,1,1,1,1
2024-01-19,LONDON_0800,NY_CLOSE_BROKER_CONVENTION,1705658400,1,1,1,1
2024-01-19,NEW_YORK_0930,ORIGINAL_DIRECT_UTC,1705674600,1,1,1,1
2024-01-19,NEW_YORK_0930,NY_CLOSE_BROKER_CONVENTION,1705681800,1,1,1,1
2024-01-22,LONDON_0800,ORIGINAL_DIRECT_UTC,1705910400,1,1,1,1
2024-01-22,LONDON_0800,NY_CLOSE_BROKER_CONVENTION,1705917600,1,1,1,1
2024-01-22,NEW_YORK_0930,ORIGINAL_DIRECT_UTC,1705933800,1,1,1,1
2024-01-22,NEW_YORK_0930,NY_CLOSE_BROKER_CONVENTION,1705941000,1,1,1,1
2024-01-23,LONDON_0800,ORIGINAL_DIRECT_UTC,1705996800,1,1,1,1
2024-01-23,LONDON_0800,NY_CLOSE_BROKER_CONVENTION,1706004000,1,1,1,1
2024-01-23,NEW_YORK_0930,ORIGINAL_DIRECT_UTC,1706020200,1,1,1,1
2024-01-23,NEW_YORK_0930,NY_CLOSE_BROKER_CONVENTION,1706027400,1,1,1,1
2024-01-24,LONDON_0800,ORIGINAL_DIRECT_UTC,1706083200,1,1,1,1
2024-01-24,LONDON_0800,NY_CLOSE_BROKER_CONVENTION,1706090400,1,1,1,1
2024-01-24,NEW_YORK_0930,ORIGINAL_DIRECT_UTC,1706106600,1,1,1,1
2024-01-24,NEW_YORK_0930,NY_CLOSE_BROKER_CONVENTION,1706113800,1,1,1,1
2024-01-25,LONDON_0800,ORIGINAL_DIRECT_UTC,1706169600,1,1,1,1
2024-01-25,LONDON_0800,NY_CLOSE_BROKER_CONVENTION,1706176800,1,1,1,1
2024-01-25,NEW_YORK_0930,ORIGINAL_DIRECT_UTC,1706193000,1,1,1,1
2024-01-25,NEW_YORK_0930,NY_CLOSE_BROKER_CONVENTION,1706200200,1,1,1,1
2024-01-26,LONDON_0800,ORIGINAL_DIRECT_UTC,1706256000,1,1,1,1
2024-01-26,LONDON_0800,NY_CLOSE_BROKER_CONVENTION,1706263200,1,1,1,1
2024-01-26,NEW_YORK_0930,ORIGINAL_DIRECT_UTC,1706279400,1,1,1,1
2024-01-26,NEW_YORK_0930,NY_CLOSE_BROKER_CONVENTION,1706286600,1,1,1,1
2024-01-29,LONDON_0800,ORIGINAL_DIRECT_UTC,1706515200,1,1,1,1
2024-01-29,LONDON_0800,NY_CLOSE_BROKER_CONVENTION,1706522400,1,1,1,1
2024-01-29,NEW_YORK_0930,ORIGINAL_DIRECT_UTC,1706538600,1,1,1,1
2024-01-29,NEW_YORK_0930,NY_CLOSE_BROKER_CONVENTION,1706545800,1,1,1,1
2024-01-30,LONDON_0800,ORIGINAL_DIRECT_UTC,1706601600,1,1,1,1
2024-01-30,LONDON_0800,NY_CLOSE_BROKER_CONVENTION,1706608800,1,1,1,1
2024-01-30,NEW_YORK_0930,ORIGINAL_DIRECT_UTC,1706625000,1,1,1,1
2024-01-30,NEW_YORK_0930,NY_CLOSE_BROKER_CONVENTION,1706632200,1,1,1,1
2024-01-31,LONDON_0800,ORIGINAL_DIRECT_UTC,1706688000,1,1,1,1
2024-01-31,LONDON_0800,NY_CLOSE_BROKER_CONVENTION,1706695200,1,1,1,1
2024-01-31,NEW_YORK_0930,ORIGINAL_DIRECT_UTC,1706711400,1,1,1,1
2024-01-31,NEW_YORK_0930,NY_CLOSE_BROKER_CONVENTION,1706718600,1,1,1,1
2024-02-01,LONDON_0800,ORIGINAL_DIRECT_UTC,1706774400,1,1,1,1
2024-02-01,LONDON_0800,NY_CLOSE_BROKER_CONVENTION,1706781600,1,1,1,1
2024-02-01,NEW_YORK_0930,ORIGINAL_DIRECT_UTC,1706797800,1,1,1,1
2024-02-01,NEW_YORK_0930,NY_CLOSE_BROKER_CONVENTION,1706805000,1,1,1,1
2024-02-02,LONDON_0800,ORIGINAL_DIRECT_UTC,1706860800,1,1,1,1
2024-02-02,LONDON_0800,NY_CLOSE_BROKER_CONVENTION,1706868000,1,1,1,1
2024-02-02,NEW_YORK_0930,ORIGINAL_DIRECT_UTC,1706884200,1,1,1,1
2024-02-02,NEW_YORK_0930,NY_CLOSE_BROKER_CONVENTION,1706891400,1,1,1,1
2024-02-05,LONDON_0800,ORIGINAL_DIRECT_UTC,1707120000,0,0,0,0
2024-02-05,LONDON_0800,NY_CLOSE_BROKER_CONVENTION,1707127200,1,1,1,1
2024-02-05,NEW_YORK_0930,ORIGINAL_DIRECT_UTC,1707143400,1,1,1,1
2024-02-05,NEW_YORK_0930,NY_CLOSE_BROKER_CONVENTION,1707150600,1,1,1,1
2024-02-06,LONDON_0800,ORIGINAL_DIRECT_UTC,1707206400,1,1,0,0
2024-02-06,LONDON_0800,NY_CLOSE_BROKER_CONVENTION,1707213600,1,1,1,1
2024-02-06,NEW_YORK_0930,ORIGINAL_DIRECT_UTC,1707229800,1,1,1,1
2024-02-06,NEW_YORK_0930,NY_CLOSE_BROKER_CONVENTION,1707237000,1,1,1,1
2024-02-07,LONDON_0800,ORIGINAL_DIRECT_UTC,1707292800,0,0,0,0
2024-02-07,LONDON_0800,NY_CLOSE_BROKER_CONVENTION,1707300000,1,1,1,1
2024-02-07,NEW_YORK_0930,ORIGINAL_DIRECT_UTC,1707316200,1,1,1,1
2024-02-07,NEW_YORK_0930,NY_CLOSE_BROKER_CONVENTION,1707323400,1,1,1,1
2024-02-08,LONDON_0800,ORIGINAL_DIRECT_UTC,1707379200,0,0,0,0
2024-02-08,LONDON_0800,NY_CLOSE_BROKER_CONVENTION,1707386400,1,1,1,1
2024-02-08,NEW_YORK_0930,ORIGINAL_DIRECT_UTC,1707402600,1,1,1,1
2024-02-08,NEW_YORK_0930,NY_CLOSE_BROKER_CONVENTION,1707409800,1,1,1,1
2024-02-09,LONDON_0800,ORIGINAL_DIRECT_UTC,1707465600,0,0,0,0
2024-02-09,LONDON_0800,NY_CLOSE_BROKER_CONVENTION,1707472800,0,0,0,0
2024-02-09,NEW_YORK_0930,ORIGINAL_DIRECT_UTC,1707489000,1,1,1,1
2024-02-09,NEW_YORK_0930,NY_CLOSE_BROKER_CONVENTION,1707496200,1,1,1,1
2024-02-12,LONDON_0800,ORIGINAL_DIRECT_UTC,1707724800,0,0,0,0
2024-02-12,LONDON_0800,NY_CLOSE_BROKER_CONVENTION,1707732000,1,1,1,1
2024-02-12,NEW_YORK_0930,ORIGINAL_DIRECT_UTC,1707748200,1,1,1,1
2024-02-12,NEW_YORK_0930,NY_CLOSE_BROKER_CONVENTION,1707755400,1,1,1,1
2024-02-13,LONDON_0800,ORIGINAL_DIRECT_UTC,1707811200,0,0,0,0
2024-02-13,LONDON_0800,NY_CLOSE_BROKER_CONVENTION,1707818400,1,1,1,1
2024-02-13,NEW_YORK_0930,ORIGINAL_DIRECT_UTC,1707834600,1,1,1,1
2024-02-13,NEW_YORK_0930,NY_CLOSE_BROKER_CONVENTION,1707841800,1,1,1,1
2024-02-14,LONDON_0800,ORIGINAL_DIRECT_UTC,1707897600,1,1,1,1
2024-02-14,LONDON_0800,NY_CLOSE_BROKER_CONVENTION,1707904800,1,1,1,1
2024-02-14,NEW_YORK_0930,ORIGINAL_DIRECT_UTC,1707921000,1,1,1,1
2024-02-14,NEW_YORK_0930,NY_CLOSE_BROKER_CONVENTION,1707928200,1,1,1,1
2024-02-15,LONDON_0800,ORIGINAL_DIRECT_UTC,1707984000,0,0,0,0
2024-02-15,LONDON_0800,NY_CLOSE_BROKER_CONVENTION,1707991200,1,1,1,1
2024-02-15,NEW_YORK_0930,ORIGINAL_DIRECT_UTC,1708007400,1,1,1,1
2024-02-15,NEW_YORK_0930,NY_CLOSE_BROKER_CONVENTION,1708014600,1,1,1,1
2024-02-16,LONDON_0800,ORIGINAL_DIRECT_UTC,1708070400,1,1,1,1
2024-02-16,LONDON_0800,NY_CLOSE_BROKER_CONVENTION,1708077600,1,1,1,1
2024-02-16,NEW_YORK_0930,ORIGINAL_DIRECT_UTC,1708093800,1,1,1,1
2024-02-16,NEW_YORK_0930,NY_CLOSE_BROKER_CONVENTION,1708101000,1,1,1,1
2024-02-19,LONDON_0800,ORIGINAL_DIRECT_UTC,1708329600,1,1,1,1
2024-02-19,LONDON_0800,NY_CLOSE_BROKER_CONVENTION,1708336800,1,1,1,1
2024-02-19,NEW_YORK_0930,ORIGINAL_DIRECT_UTC,1708353000,1,1,1,1
2024-02-19,NEW_YORK_0930,NY_CLOSE_BROKER_CONVENTION,1708360200,1,1,1,1
2024-02-20,LONDON_0800,ORIGINAL_DIRECT_UTC,1708416000,1,1,0,0
2024-02-20,LONDON_0800,NY_CLOSE_BROKER_CONVENTION,1708423200,1,1,1,1
2024-02-20,NEW_YORK_0930,ORIGINAL_DIRECT_UTC,1708439400,1,1,1,1
2024-02-20,NEW_YORK_0930,NY_CLOSE_BROKER_CONVENTION,1708446600,1,1,1,1
2024-02-21,LONDON_0800,ORIGINAL_DIRECT_UTC,1708502400,1,1,1,1
2024-02-21,LONDON_0800,NY_CLOSE_BROKER_CONVENTION,1708509600,1,1,1,1
2024-02-21,NEW_YORK_0930,ORIGINAL_DIRECT_UTC,1708525800,1,1,1,1
2024-02-21,NEW_YORK_0930,NY_CLOSE_BROKER_CONVENTION,1708533000,1,1,1,1
2024-02-22,LONDON_0800,ORIGINAL_DIRECT_UTC,1708588800,1,1,1,1
2024-02-22,LONDON_0800,NY_CLOSE_BROKER_CONVENTION,1708596000,1,1,1,1
2024-02-22,NEW_YORK_0930,ORIGINAL_DIRECT_UTC,1708612200,1,1,1,1
2024-02-22,NEW_YORK_0930,NY_CLOSE_BROKER_CONVENTION,1708619400,1,1,1,1
2024-02-23,LONDON_0800,ORIGINAL_DIRECT_UTC,1708675200,0,0,0,0
2024-02-23,LONDON_0800,NY_CLOSE_BROKER_CONVENTION,1708682400,1,1,1,1
2024-02-23,NEW_YORK_0930,ORIGINAL_DIRECT_UTC,1708698600,1,1,1,1
2024-02-23,NEW_YORK_0930,NY_CLOSE_BROKER_CONVENTION,1708705800,1,1,1,1
2024-02-26,LONDON_0800,ORIGINAL_DIRECT_UTC,1708934400,1,1,1,1
2024-02-26,LONDON_0800,NY_CLOSE_BROKER_CONVENTION,1708941600,1,1,1,1
2024-02-26,NEW_YORK_0930,ORIGINAL_DIRECT_UTC,1708957800,1,1,1,1
2024-02-26,NEW_YORK_0930,NY_CLOSE_BROKER_CONVENTION,1708965000,1,1,1,1
2024-02-27,LONDON_0800,ORIGINAL_DIRECT_UTC,1709020800,1,1,1,1
2024-02-27,LONDON_0800,NY_CLOSE_BROKER_CONVENTION,1709028000,1,1,1,1
2024-02-27,NEW_YORK_0930,ORIGINAL_DIRECT_UTC,1709044200,1,1,1,1
2024-02-27,NEW_YORK_0930,NY_CLOSE_BROKER_CONVENTION,1709051400,1,1,1,1
2024-02-28,LONDON_0800,ORIGINAL_DIRECT_UTC,1709107200,1,1,1,1
2024-02-28,LONDON_0800,NY_CLOSE_BROKER_CONVENTION,1709114400,1,1,1,1
2024-02-28,NEW_YORK_0930,ORIGINAL_DIRECT_UTC,1709130600,1,1,1,1
2024-02-28,NEW_YORK_0930,NY_CLOSE_BROKER_CONVENTION,1709137800,1,1,1,1
2024-02-29,LONDON_0800,ORIGINAL_DIRECT_UTC,1709193600,1,1,0,0
2024-02-29,LONDON_0800,NY_CLOSE_BROKER_CONVENTION,1709200800,1,1,1,1
2024-02-29,NEW_YORK_0930,ORIGINAL_DIRECT_UTC,1709217000,1,1,1,1
2024-02-29,NEW_YORK_0930,NY_CLOSE_BROKER_CONVENTION,1709224200,1,1,1,0
2024-03-01,LONDON_0800,ORIGINAL_DIRECT_UTC,1709280000,0,0,0,0
2024-03-01,LONDON_0800,NY_CLOSE_BROKER_CONVENTION,1709287200,1,1,1,1
2024-03-01,NEW_YORK_0930,ORIGINAL_DIRECT_UTC,1709303400,1,1,1,1
2024-03-01,NEW_YORK_0930,NY_CLOSE_BROKER_CONVENTION,1709310600,1,1,1,1
2024-03-04,LONDON_0800,ORIGINAL_DIRECT_UTC,1709539200,0,0,0,0
2024-03-04,LONDON_0800,NY_CLOSE_BROKER_CONVENTION,1709546400,1,1,1,1
2024-03-04,NEW_YORK_0930,ORIGINAL_DIRECT_UTC,1709562600,1,1,1,1
2024-03-04,NEW_YORK_0930,NY_CLOSE_BROKER_CONVENTION,1709569800,1,1,1,1
2024-03-05,LONDON_0800,ORIGINAL_DIRECT_UTC,1709625600,1,1,1,1
2024-03-05,LONDON_0800,NY_CLOSE_BROKER_CONVENTION,1709632800,1,1,1,1
2024-03-05,NEW_YORK_0930,ORIGINAL_DIRECT_UTC,1709649000,1,1,1,1
2024-03-05,NEW_YORK_0930,NY_CLOSE_BROKER_CONVENTION,1709656200,1,1,1,1
2024-03-06,LONDON_0800,ORIGINAL_DIRECT_UTC,1709712000,1,1,1,1
2024-03-06,LONDON_0800,NY_CLOSE_BROKER_CONVENTION,1709719200,0,0,0,0
2024-03-06,NEW_YORK_0930,ORIGINAL_DIRECT_UTC,1709735400,1,1,1,1
2024-03-06,NEW_YORK_0930,NY_CLOSE_BROKER_CONVENTION,1709742600,1,1,1,1
2024-03-07,LONDON_0800,ORIGINAL_DIRECT_UTC,1709798400,1,1,1,1
2024-03-07,LONDON_0800,NY_CLOSE_BROKER_CONVENTION,1709805600,1,1,1,1
2024-03-07,NEW_YORK_0930,ORIGINAL_DIRECT_UTC,1709821800,1,1,1,1
2024-03-07,NEW_YORK_0930,NY_CLOSE_BROKER_CONVENTION,1709829000,1,1,1,1
2024-03-08,LONDON_0800,ORIGINAL_DIRECT_UTC,1709884800,0,0,0,0
2024-03-08,LONDON_0800,NY_CLOSE_BROKER_CONVENTION,1709892000,1,1,1,1
2024-03-08,NEW_YORK_0930,ORIGINAL_DIRECT_UTC,1709908200,1,1,1,1
2024-03-08,NEW_YORK_0930,NY_CLOSE_BROKER_CONVENTION,1709915400,1,1,1,1
2024-03-11,LONDON_0800,ORIGINAL_DIRECT_UTC,1710144000,1,1,1,1
2024-03-11,LONDON_0800,NY_CLOSE_BROKER_CONVENTION,1710154800,1,1,1,1
2024-03-11,NEW_YORK_0930,ORIGINAL_DIRECT_UTC,1710163800,1,1,1,1
2024-03-11,NEW_YORK_0930,NY_CLOSE_BROKER_CONVENTION,1710174600,1,1,1,1
2024-03-12,LONDON_0800,ORIGINAL_DIRECT_UTC,1710230400,0,0,0,0
2024-03-12,LONDON_0800,NY_CLOSE_BROKER_CONVENTION,1710241200,1,1,1,1
2024-03-12,NEW_YORK_0930,ORIGINAL_DIRECT_UTC,1710250200,1,1,1,1
2024-03-12,NEW_YORK_0930,NY_CLOSE_BROKER_CONVENTION,1710261000,1,1,0,0
2024-03-13,LONDON_0800,ORIGINAL_DIRECT_UTC,1710316800,0,0,0,0
2024-03-13,LONDON_0800,NY_CLOSE_BROKER_CONVENTION,1710327600,1,1,1,1
2024-03-13,NEW_YORK_0930,ORIGINAL_DIRECT_UTC,1710336600,1,1,1,1
2024-03-13,NEW_YORK_0930,NY_CLOSE_BROKER_CONVENTION,1710347400,1,1,1,1
2024-03-14,LONDON_0800,ORIGINAL_DIRECT_UTC,1710403200,0,0,0,0
2024-03-14,LONDON_0800,NY_CLOSE_BROKER_CONVENTION,1710414000,1,1,1,1
2024-03-14,NEW_YORK_0930,ORIGINAL_DIRECT_UTC,1710423000,1,1,1,1
2024-03-14,NEW_YORK_0930,NY_CLOSE_BROKER_CONVENTION,1710433800,1,1,0,0
2024-03-15,LONDON_0800,ORIGINAL_DIRECT_UTC,1710489600,1,1,1,1
2024-03-15,LONDON_0800,NY_CLOSE_BROKER_CONVENTION,1710500400,1,1,1,1
2024-03-15,NEW_YORK_0930,ORIGINAL_DIRECT_UTC,1710509400,1,1,1,1
2024-03-15,NEW_YORK_0930,NY_CLOSE_BROKER_CONVENTION,1710520200,1,1,1,1
2024-03-18,LONDON_0800,ORIGINAL_DIRECT_UTC,1710748800,1,1,0,0
2024-03-18,LONDON_0800,NY_CLOSE_BROKER_CONVENTION,1710759600,1,1,1,1
2024-03-18,NEW_YORK_0930,ORIGINAL_DIRECT_UTC,1710768600,1,1,1,1
2024-03-18,NEW_YORK_0930,NY_CLOSE_BROKER_CONVENTION,1710779400,1,1,1,1
2024-03-19,LONDON_0800,ORIGINAL_DIRECT_UTC,1710835200,1,1,1,1
2024-03-19,LONDON_0800,NY_CLOSE_BROKER_CONVENTION,1710846000,1,1,1,1
2024-03-19,NEW_YORK_0930,ORIGINAL_DIRECT_UTC,1710855000,1,1,1,1
2024-03-19,NEW_YORK_0930,NY_CLOSE_BROKER_CONVENTION,1710865800,1,1,1,1
2024-03-20,LONDON_0800,ORIGINAL_DIRECT_UTC,1710921600,1,1,0,0
2024-03-20,LONDON_0800,NY_CLOSE_BROKER_CONVENTION,1710932400,1,1,1,1
2024-03-20,NEW_YORK_0930,ORIGINAL_DIRECT_UTC,1710941400,1,1,1,1
2024-03-20,NEW_YORK_0930,NY_CLOSE_BROKER_CONVENTION,1710952200,1,1,1,1
2024-03-21,LONDON_0800,ORIGINAL_DIRECT_UTC,1711008000,1,1,1,1
2024-03-21,LONDON_0800,NY_CLOSE_BROKER_CONVENTION,1711018800,1,1,1,1
2024-03-21,NEW_YORK_0930,ORIGINAL_DIRECT_UTC,1711027800,1,1,1,1
2024-03-21,NEW_YORK_0930,NY_CLOSE_BROKER_CONVENTION,1711038600,1,1,1,1
2024-03-22,LONDON_0800,ORIGINAL_DIRECT_UTC,1711094400,1,1,1,1
2024-03-22,LONDON_0800,NY_CLOSE_BROKER_CONVENTION,1711105200,1,1,1,1
2024-03-22,NEW_YORK_0930,ORIGINAL_DIRECT_UTC,1711114200,1,1,1,1
2024-03-22,NEW_YORK_0930,NY_CLOSE_BROKER_CONVENTION,1711125000,1,1,1,1
2024-03-25,LONDON_0800,ORIGINAL_DIRECT_UTC,1711353600,1,1,1,1
2024-03-25,LONDON_0800,NY_CLOSE_BROKER_CONVENTION,1711364400,1,1,1,1
2024-03-25,NEW_YORK_0930,ORIGINAL_DIRECT_UTC,1711373400,1,1,1,1
2024-03-25,NEW_YORK_0930,NY_CLOSE_BROKER_CONVENTION,1711384200,1,1,1,1
2024-03-26,LONDON_0800,ORIGINAL_DIRECT_UTC,1711440000,0,0,0,0
2024-03-26,LONDON_0800,NY_CLOSE_BROKER_CONVENTION,1711450800,1,1,1,1
2024-03-26,NEW_YORK_0930,ORIGINAL_DIRECT_UTC,1711459800,1,1,1,1
2024-03-26,NEW_YORK_0930,NY_CLOSE_BROKER_CONVENTION,1711470600,1,1,1,1
2024-03-27,LONDON_0800,ORIGINAL_DIRECT_UTC,1711526400,0,0,0,0
2024-03-27,LONDON_0800,NY_CLOSE_BROKER_CONVENTION,1711537200,1,1,1,1
2024-03-27,NEW_YORK_0930,ORIGINAL_DIRECT_UTC,1711546200,1,1,1,1
2024-03-27,NEW_YORK_0930,NY_CLOSE_BROKER_CONVENTION,1711557000,1,1,1,1
2024-03-28,LONDON_0800,ORIGINAL_DIRECT_UTC,1711612800,0,0,0,0
2024-03-28,LONDON_0800,NY_CLOSE_BROKER_CONVENTION,1711623600,1,1,1,1
2024-03-28,NEW_YORK_0930,ORIGINAL_DIRECT_UTC,1711632600,1,1,1,1
2024-03-28,NEW_YORK_0930,NY_CLOSE_BROKER_CONVENTION,1711643400,1,1,1,0
2024-04-01,LONDON_0800,ORIGINAL_DIRECT_UTC,1711954800,1,1,0,0
2024-04-01,LONDON_0800,NY_CLOSE_BROKER_CONVENTION,1711965600,1,1,1,1
2024-04-01,NEW_YORK_0930,ORIGINAL_DIRECT_UTC,1711978200,1,1,1,1
2024-04-01,NEW_YORK_0930,NY_CLOSE_BROKER_CONVENTION,1711989000,1,1,1,1
2024-04-02,LONDON_0800,ORIGINAL_DIRECT_UTC,1712041200,1,1,1,1
2024-04-02,LONDON_0800,NY_CLOSE_BROKER_CONVENTION,1712052000,1,1,1,1
2024-04-02,NEW_YORK_0930,ORIGINAL_DIRECT_UTC,1712064600,1,1,1,1
2024-04-02,NEW_YORK_0930,NY_CLOSE_BROKER_CONVENTION,1712075400,1,1,1,1
2024-04-03,LONDON_0800,ORIGINAL_DIRECT_UTC,1712127600,1,1,1,1
2024-04-03,LONDON_0800,NY_CLOSE_BROKER_CONVENTION,1712138400,1,1,1,1
2024-04-03,NEW_YORK_0930,ORIGINAL_DIRECT_UTC,1712151000,1,1,1,1
2024-04-03,NEW_YORK_0930,NY_CLOSE_BROKER_CONVENTION,1712161800,1,1,1,1
2024-04-04,LONDON_0800,ORIGINAL_DIRECT_UTC,1712214000,1,1,1,1
2024-04-04,LONDON_0800,NY_CLOSE_BROKER_CONVENTION,1712224800,1,1,1,1
2024-04-04,NEW_YORK_0930,ORIGINAL_DIRECT_UTC,1712237400,1,1,1,1
2024-04-04,NEW_YORK_0930,NY_CLOSE_BROKER_CONVENTION,1712248200,1,1,1,1
2024-04-05,LONDON_0800,ORIGINAL_DIRECT_UTC,1712300400,1,1,1,1
2024-04-05,LONDON_0800,NY_CLOSE_BROKER_CONVENTION,1712311200,1,1,1,1
2024-04-05,NEW_YORK_0930,ORIGINAL_DIRECT_UTC,1712323800,1,1,1,1
2024-04-05,NEW_YORK_0930,NY_CLOSE_BROKER_CONVENTION,1712334600,1,1,1,1
2024-04-08,LONDON_0800,ORIGINAL_DIRECT_UTC,1712559600,1,1,1,1
2024-04-08,LONDON_0800,NY_CLOSE_BROKER_CONVENTION,1712570400,1,1,1,1
2024-04-08,NEW_YORK_0930,ORIGINAL_DIRECT_UTC,1712583000,1,1,1,1
2024-04-08,NEW_YORK_0930,NY_CLOSE_BROKER_CONVENTION,1712593800,1,1,1,1
2024-04-09,LONDON_0800,ORIGINAL_DIRECT_UTC,1712646000,1,1,1,1
2024-04-09,LONDON_0800,NY_CLOSE_BROKER_CONVENTION,1712656800,1,1,1,1
2024-04-09,NEW_YORK_0930,ORIGINAL_DIRECT_UTC,1712669400,1,1,1,1
2024-04-09,NEW_YORK_0930,NY_CLOSE_BROKER_CONVENTION,1712680200,1,1,1,1
2024-04-10,LONDON_0800,ORIGINAL_DIRECT_UTC,1712732400,1,1,0,0
2024-04-10,LONDON_0800,NY_CLOSE_BROKER_CONVENTION,1712743200,1,1,1,1
2024-04-10,NEW_YORK_0930,ORIGINAL_DIRECT_UTC,1712755800,1,1,1,1
2024-04-10,NEW_YORK_0930,NY_CLOSE_BROKER_CONVENTION,1712766600,1,1,1,1
2024-04-11,LONDON_0800,ORIGINAL_DIRECT_UTC,1712818800,1,1,0,0
2024-04-11,LONDON_0800,NY_CLOSE_BROKER_CONVENTION,1712829600,1,1,1,1
2024-04-11,NEW_YORK_0930,ORIGINAL_DIRECT_UTC,1712842200,1,1,1,1
2024-04-11,NEW_YORK_0930,NY_CLOSE_BROKER_CONVENTION,1712853000,1,1,1,1
2024-04-12,LONDON_0800,ORIGINAL_DIRECT_UTC,1712905200,1,1,0,0
2024-04-12,LONDON_0800,NY_CLOSE_BROKER_CONVENTION,1712916000,1,1,1,1
2024-04-12,NEW_YORK_0930,ORIGINAL_DIRECT_UTC,1712928600,1,1,1,1
2024-04-12,NEW_YORK_0930,NY_CLOSE_BROKER_CONVENTION,1712939400,1,1,1,1
2024-04-15,LONDON_0800,ORIGINAL_DIRECT_UTC,1713164400,1,1,1,1
2024-04-15,LONDON_0800,NY_CLOSE_BROKER_CONVENTION,1713175200,1,1,1,1
2024-04-15,NEW_YORK_0930,ORIGINAL_DIRECT_UTC,1713187800,1,1,1,1
2024-04-15,NEW_YORK_0930,NY_CLOSE_BROKER_CONVENTION,1713198600,1,1,1,1
2024-04-16,LONDON_0800,ORIGINAL_DIRECT_UTC,1713250800,1,1,1,1
2024-04-16,LONDON_0800,NY_CLOSE_BROKER_CONVENTION,1713261600,1,1,1,1
2024-04-16,NEW_YORK_0930,ORIGINAL_DIRECT_UTC,1713274200,1,1,1,1
2024-04-16,NEW_YORK_0930,NY_CLOSE_BROKER_CONVENTION,1713285000,1,1,1,1
2024-04-17,LONDON_0800,ORIGINAL_DIRECT_UTC,1713337200,1,1,1,1
2024-04-17,LONDON_0800,NY_CLOSE_BROKER_CONVENTION,1713348000,1,1,1,1
2024-04-17,NEW_YORK_0930,ORIGINAL_DIRECT_UTC,1713360600,1,1,1,1
2024-04-17,NEW_YORK_0930,NY_CLOSE_BROKER_CONVENTION,1713371400,1,1,1,1
2024-04-18,LONDON_0800,ORIGINAL_DIRECT_UTC,1713423600,1,1,1,1
2024-04-18,LONDON_0800,NY_CLOSE_BROKER_CONVENTION,1713434400,1,1,1,1
2024-04-18,NEW_YORK_0930,ORIGINAL_DIRECT_UTC,1713447000,1,1,1,1
2024-04-18,NEW_YORK_0930,NY_CLOSE_BROKER_CONVENTION,1713457800,1,1,1,1
2024-04-19,LONDON_0800,ORIGINAL_DIRECT_UTC,1713510000,1,1,1,1
2024-04-19,LONDON_0800,NY_CLOSE_BROKER_CONVENTION,1713520800,1,1,1,1
2024-04-19,NEW_YORK_0930,ORIGINAL_DIRECT_UTC,1713533400,1,1,1,1
2024-04-19,NEW_YORK_0930,NY_CLOSE_BROKER_CONVENTION,1713544200,1,1,1,1
2024-04-22,LONDON_0800,ORIGINAL_DIRECT_UTC,1713769200,1,1,1,1
2024-04-22,LONDON_0800,NY_CLOSE_BROKER_CONVENTION,1713780000,1,1,1,1
2024-04-22,NEW_YORK_0930,ORIGINAL_DIRECT_UTC,1713792600,1,1,1,1
2024-04-22,NEW_YORK_0930,NY_CLOSE_BROKER_CONVENTION,1713803400,1,1,1,1
2024-04-23,LONDON_0800,ORIGINAL_DIRECT_UTC,1713855600,1,1,0,0
2024-04-23,LONDON_0800,NY_CLOSE_BROKER_CONVENTION,1713866400,1,1,1,1
2024-04-23,NEW_YORK_0930,ORIGINAL_DIRECT_UTC,1713879000,1,1,1,1
2024-04-23,NEW_YORK_0930,NY_CLOSE_BROKER_CONVENTION,1713889800,1,1,1,1
2024-04-24,LONDON_0800,ORIGINAL_DIRECT_UTC,1713942000,1,1,0,0
2024-04-24,LONDON_0800,NY_CLOSE_BROKER_CONVENTION,1713952800,1,1,1,1
2024-04-24,NEW_YORK_0930,ORIGINAL_DIRECT_UTC,1713965400,1,1,1,1
2024-04-24,NEW_YORK_0930,NY_CLOSE_BROKER_CONVENTION,1713976200,1,1,1,1
2024-04-25,LONDON_0800,ORIGINAL_DIRECT_UTC,1714028400,1,1,1,1
2024-04-25,LONDON_0800,NY_CLOSE_BROKER_CONVENTION,1714039200,1,1,1,1
2024-04-25,NEW_YORK_0930,ORIGINAL_DIRECT_UTC,1714051800,1,1,1,1
2024-04-25,NEW_YORK_0930,NY_CLOSE_BROKER_CONVENTION,1714062600,1,1,1,1
2024-04-26,LONDON_0800,ORIGINAL_DIRECT_UTC,1714114800,1,1,1,1
2024-04-26,LONDON_0800,NY_CLOSE_BROKER_CONVENTION,1714125600,1,1,1,1
2024-04-26,NEW_YORK_0930,ORIGINAL_DIRECT_UTC,1714138200,1,1,1,1
2024-04-26,NEW_YORK_0930,NY_CLOSE_BROKER_CONVENTION,1714149000,1,1,1,1
2024-04-29,LONDON_0800,ORIGINAL_DIRECT_UTC,1714374000,1,1,1,1
2024-04-29,LONDON_0800,NY_CLOSE_BROKER_CONVENTION,1714384800,1,1,1,1
2024-04-29,NEW_YORK_0930,ORIGINAL_DIRECT_UTC,1714397400,1,1,1,1
2024-04-29,NEW_YORK_0930,NY_CLOSE_BROKER_CONVENTION,1714408200,1,1,1,1
2024-04-30,LONDON_0800,ORIGINAL_DIRECT_UTC,1714460400,1,1,0,0
2024-04-30,LONDON_0800,NY_CLOSE_BROKER_CONVENTION,1714471200,1,1,1,1
2024-04-30,NEW_YORK_0930,ORIGINAL_DIRECT_UTC,1714483800,1,1,1,1
2024-04-30,NEW_YORK_0930,NY_CLOSE_BROKER_CONVENTION,1714494600,1,1,1,1
2024-05-01,LONDON_0800,ORIGINAL_DIRECT_UTC,1714546800,1,1,0,0
2024-05-01,LONDON_0800,NY_CLOSE_BROKER_CONVENTION,1714557600,1,1,1,1
2024-05-01,NEW_YORK_0930,ORIGINAL_DIRECT_UTC,1714570200,1,1,1,1
2024-05-01,NEW_YORK_0930,NY_CLOSE_BROKER_CONVENTION,1714581000,1,1,1,1
2024-05-02,LONDON_0800,ORIGINAL_DIRECT_UTC,1714633200,1,1,1,1
2024-05-02,LONDON_0800,NY_CLOSE_BROKER_CONVENTION,1714644000,1,1,1,1
2024-05-02,NEW_YORK_0930,ORIGINAL_DIRECT_UTC,1714656600,1,1,1,1
2024-05-02,NEW_YORK_0930,NY_CLOSE_BROKER_CONVENTION,1714667400,1,1,1,1
2024-05-03,LONDON_0800,ORIGINAL_DIRECT_UTC,1714719600,1,1,0,0
2024-05-03,LONDON_0800,NY_CLOSE_BROKER_CONVENTION,1714730400,1,1,1,1
2024-05-03,NEW_YORK_0930,ORIGINAL_DIRECT_UTC,1714743000,1,1,1,1
2024-05-03,NEW_YORK_0930,NY_CLOSE_BROKER_CONVENTION,1714753800,1,1,1,1
2024-05-06,LONDON_0800,ORIGINAL_DIRECT_UTC,1714978800,1,1,0,0
2024-05-06,LONDON_0800,NY_CLOSE_BROKER_CONVENTION,1714989600,1,1,1,1
2024-05-06,NEW_YORK_0930,ORIGINAL_DIRECT_UTC,1715002200,1,1,1,1
2024-05-06,NEW_YORK_0930,NY_CLOSE_BROKER_CONVENTION,1715013000,1,1,1,1
2024-05-07,LONDON_0800,ORIGINAL_DIRECT_UTC,1715065200,1,1,0,0
2024-05-07,LONDON_0800,NY_CLOSE_BROKER_CONVENTION,1715076000,1,1,1,1
2024-05-07,NEW_YORK_0930,ORIGINAL_DIRECT_UTC,1715088600,1,1,1,1
2024-05-07,NEW_YORK_0930,NY_CLOSE_BROKER_CONVENTION,1715099400,1,1,1,1
2024-05-08,LONDON_0800,ORIGINAL_DIRECT_UTC,1715151600,1,1,0,0
2024-05-08,LONDON_0800,NY_CLOSE_BROKER_CONVENTION,1715162400,1,1,1,1
2024-05-08,NEW_YORK_0930,ORIGINAL_DIRECT_UTC,1715175000,1,1,1,1
2024-05-08,NEW_YORK_0930,NY_CLOSE_BROKER_CONVENTION,1715185800,1,1,1,1
2024-05-09,LONDON_0800,ORIGINAL_DIRECT_UTC,1715238000,1,1,0,0
2024-05-09,LONDON_0800,NY_CLOSE_BROKER_CONVENTION,1715248800,1,1,1,1
2024-05-09,NEW_YORK_0930,ORIGINAL_DIRECT_UTC,1715261400,1,1,1,1
2024-05-09,NEW_YORK_0930,NY_CLOSE_BROKER_CONVENTION,1715272200,1,1,1,1
2024-05-10,LONDON_0800,ORIGINAL_DIRECT_UTC,1715324400,0,0,0,0
2024-05-10,LONDON_0800,NY_CLOSE_BROKER_CONVENTION,1715335200,1,1,1,1
2024-05-10,NEW_YORK_0930,ORIGINAL_DIRECT_UTC,1715347800,1,1,1,1
2024-05-10,NEW_YORK_0930,NY_CLOSE_BROKER_CONVENTION,1715358600,1,1,1,1
2024-05-13,LONDON_0800,ORIGINAL_DIRECT_UTC,1715583600,1,1,0,0
2024-05-13,LONDON_0800,NY_CLOSE_BROKER_CONVENTION,1715594400,1,1,1,1
2024-05-13,NEW_YORK_0930,ORIGINAL_DIRECT_UTC,1715607000,1,1,1,1
2024-05-13,NEW_YORK_0930,NY_CLOSE_BROKER_CONVENTION,1715617800,1,1,1,1
2024-05-14,LONDON_0800,ORIGINAL_DIRECT_UTC,1715670000,1,1,1,1
2024-05-14,LONDON_0800,NY_CLOSE_BROKER_CONVENTION,1715680800,0,0,0,0
2024-05-14,NEW_YORK_0930,ORIGINAL_DIRECT_UTC,1715693400,1,1,1,1
2024-05-14,NEW_YORK_0930,NY_CLOSE_BROKER_CONVENTION,1715704200,1,1,1,1
2024-05-15,LONDON_0800,ORIGINAL_DIRECT_UTC,1715756400,0,0,0,0
2024-05-15,LONDON_0800,NY_CLOSE_BROKER_CONVENTION,1715767200,1,1,1,1
2024-05-15,NEW_YORK_0930,ORIGINAL_DIRECT_UTC,1715779800,1,1,1,1
2024-05-15,NEW_YORK_0930,NY_CLOSE_BROKER_CONVENTION,1715790600,1,1,1,1
2024-05-16,LONDON_0800,ORIGINAL_DIRECT_UTC,1715842800,0,0,0,0
2024-05-16,LONDON_0800,NY_CLOSE_BROKER_CONVENTION,1715853600,1,1,1,1
2024-05-16,NEW_YORK_0930,ORIGINAL_DIRECT_UTC,1715866200,1,1,1,1
2024-05-16,NEW_YORK_0930,NY_CLOSE_BROKER_CONVENTION,1715877000,1,1,1,1
2024-05-17,LONDON_0800,ORIGINAL_DIRECT_UTC,1715929200,0,0,0,0
2024-05-17,LONDON_0800,NY_CLOSE_BROKER_CONVENTION,1715940000,1,1,1,1
2024-05-17,NEW_YORK_0930,ORIGINAL_DIRECT_UTC,1715952600,1,1,1,1
2024-05-17,NEW_YORK_0930,NY_CLOSE_BROKER_CONVENTION,1715963400,1,1,1,1
2024-05-20,LONDON_0800,ORIGINAL_DIRECT_UTC,1716188400,1,1,0,0
2024-05-20,LONDON_0800,NY_CLOSE_BROKER_CONVENTION,1716199200,1,1,1,1
2024-05-20,NEW_YORK_0930,ORIGINAL_DIRECT_UTC,1716211800,1,1,1,1
2024-05-20,NEW_YORK_0930,NY_CLOSE_BROKER_CONVENTION,1716222600,1,1,1,1
2024-05-21,LONDON_0800,ORIGINAL_DIRECT_UTC,1716274800,1,1,1,1
2024-05-21,LONDON_0800,NY_CLOSE_BROKER_CONVENTION,1716285600,1,1,1,1
2024-05-21,NEW_YORK_0930,ORIGINAL_DIRECT_UTC,1716298200,1,1,1,1
2024-05-21,NEW_YORK_0930,NY_CLOSE_BROKER_CONVENTION,1716309000,1,1,1,1
2024-05-22,LONDON_0800,ORIGINAL_DIRECT_UTC,1716361200,0,0,0,0
2024-05-22,LONDON_0800,NY_CLOSE_BROKER_CONVENTION,1716372000,1,1,1,1
2024-05-22,NEW_YORK_0930,ORIGINAL_DIRECT_UTC,1716384600,1,1,1,1
2024-05-22,NEW_YORK_0930,NY_CLOSE_BROKER_CONVENTION,1716395400,1,1,1,1
2024-05-23,LONDON_0800,ORIGINAL_DIRECT_UTC,1716447600,1,1,0,0
2024-05-23,LONDON_0800,NY_CLOSE_BROKER_CONVENTION,1716458400,1,1,1,1
2024-05-23,NEW_YORK_0930,ORIGINAL_DIRECT_UTC,1716471000,1,1,1,1
2024-05-23,NEW_YORK_0930,NY_CLOSE_BROKER_CONVENTION,1716481800,1,1,1,1
2024-05-24,LONDON_0800,ORIGINAL_DIRECT_UTC,1716534000,0,0,0,0
2024-05-24,LONDON_0800,NY_CLOSE_BROKER_CONVENTION,1716544800,1,1,1,1
2024-05-24,NEW_YORK_0930,ORIGINAL_DIRECT_UTC,1716557400,1,1,1,1
2024-05-24,NEW_YORK_0930,NY_CLOSE_BROKER_CONVENTION,1716568200,1,1,1,1
2024-05-27,LONDON_0800,ORIGINAL_DIRECT_UTC,1716793200,1,1,1,1
2024-05-27,LONDON_0800,NY_CLOSE_BROKER_CONVENTION,1716804000,1,1,1,1
2024-05-27,NEW_YORK_0930,ORIGINAL_DIRECT_UTC,1716816600,1,1,1,1
2024-05-27,NEW_YORK_0930,NY_CLOSE_BROKER_CONVENTION,1716827400,1,1,1,1
2024-05-28,LONDON_0800,ORIGINAL_DIRECT_UTC,1716879600,1,1,1,1
2024-05-28,LONDON_0800,NY_CLOSE_BROKER_CONVENTION,1716890400,1,1,1,1
2024-05-28,NEW_YORK_0930,ORIGINAL_DIRECT_UTC,1716903000,1,1,1,1
2024-05-28,NEW_YORK_0930,NY_CLOSE_BROKER_CONVENTION,1716913800,1,1,1,1
2024-05-29,LONDON_0800,ORIGINAL_DIRECT_UTC,1716966000,1,1,1,1
2024-05-29,LONDON_0800,NY_CLOSE_BROKER_CONVENTION,1716976800,1,1,1,1
2024-05-29,NEW_YORK_0930,ORIGINAL_DIRECT_UTC,1716989400,1,1,1,1
2024-05-29,NEW_YORK_0930,NY_CLOSE_BROKER_CONVENTION,1717000200,1,1,1,1
2024-05-30,LONDON_0800,ORIGINAL_DIRECT_UTC,1717052400,1,1,1,1
2024-05-30,LONDON_0800,NY_CLOSE_BROKER_CONVENTION,1717063200,1,1,1,1
2024-05-30,NEW_YORK_0930,ORIGINAL_DIRECT_UTC,1717075800,1,1,1,1
2024-05-30,NEW_YORK_0930,NY_CLOSE_BROKER_CONVENTION,1717086600,1,1,1,1
2024-05-31,LONDON_0800,ORIGINAL_DIRECT_UTC,1717138800,1,1,1,1
2024-05-31,LONDON_0800,NY_CLOSE_BROKER_CONVENTION,1717149600,0,0,0,0
2024-05-31,NEW_YORK_0930,ORIGINAL_DIRECT_UTC,1717162200,1,1,1,1
2024-05-31,NEW_YORK_0930,NY_CLOSE_BROKER_CONVENTION,1717173000,1,1,1,1
2024-06-03,LONDON_0800,ORIGINAL_DIRECT_UTC,1717398000,1,1,1,1
2024-06-03,LONDON_0800,NY_CLOSE_BROKER_CONVENTION,1717408800,1,1,1,1
2024-06-03,NEW_YORK_0930,ORIGINAL_DIRECT_UTC,1717421400,1,1,1,1
2024-06-03,NEW_YORK_0930,NY_CLOSE_BROKER_CONVENTION,1717432200,1,1,1,1
2024-06-04,LONDON_0800,ORIGINAL_DIRECT_UTC,1717484400,1,1,1,1
2024-06-04,LONDON_0800,NY_CLOSE_BROKER_CONVENTION,1717495200,1,1,1,1
2024-06-04,NEW_YORK_0930,ORIGINAL_DIRECT_UTC,1717507800,1,1,1,1
2024-06-04,NEW_YORK_0930,NY_CLOSE_BROKER_CONVENTION,1717518600,1,1,0,0
2024-06-05,LONDON_0800,ORIGINAL_DIRECT_UTC,1717570800,1,1,1,1
2024-06-05,LONDON_0800,NY_CLOSE_BROKER_CONVENTION,1717581600,1,1,1,1
2024-06-05,NEW_YORK_0930,ORIGINAL_DIRECT_UTC,1717594200,1,1,1,1
2024-06-05,NEW_YORK_0930,NY_CLOSE_BROKER_CONVENTION,1717605000,1,1,1,1
2024-06-06,LONDON_0800,ORIGINAL_DIRECT_UTC,1717657200,1,1,1,1
2024-06-06,LONDON_0800,NY_CLOSE_BROKER_CONVENTION,1717668000,1,1,1,1
2024-06-06,NEW_YORK_0930,ORIGINAL_DIRECT_UTC,1717680600,1,1,1,1
2024-06-06,NEW_YORK_0930,NY_CLOSE_BROKER_CONVENTION,1717691400,1,1,1,1
2024-06-07,LONDON_0800,ORIGINAL_DIRECT_UTC,1717743600,1,1,1,1
2024-06-07,LONDON_0800,NY_CLOSE_BROKER_CONVENTION,1717754400,1,1,1,1
2024-06-07,NEW_YORK_0930,ORIGINAL_DIRECT_UTC,1717767000,1,1,1,1
2024-06-07,NEW_YORK_0930,NY_CLOSE_BROKER_CONVENTION,1717777800,1,1,1,1
2024-06-10,LONDON_0800,ORIGINAL_DIRECT_UTC,1718002800,1,1,1,1
2024-06-10,LONDON_0800,NY_CLOSE_BROKER_CONVENTION,1718013600,1,1,1,1
2024-06-10,NEW_YORK_0930,ORIGINAL_DIRECT_UTC,1718026200,1,1,1,1
2024-06-10,NEW_YORK_0930,NY_CLOSE_BROKER_CONVENTION,1718037000,1,1,1,1
2024-06-11,LONDON_0800,ORIGINAL_DIRECT_UTC,1718089200,1,1,1,1
2024-06-11,LONDON_0800,NY_CLOSE_BROKER_CONVENTION,1718100000,1,1,1,1
2024-06-11,NEW_YORK_0930,ORIGINAL_DIRECT_UTC,1718112600,1,1,1,1
2024-06-11,NEW_YORK_0930,NY_CLOSE_BROKER_CONVENTION,1718123400,1,1,1,1
2024-06-12,LONDON_0800,ORIGINAL_DIRECT_UTC,1718175600,1,1,1,1
2024-06-12,LONDON_0800,NY_CLOSE_BROKER_CONVENTION,1718186400,1,1,1,1
2024-06-12,NEW_YORK_0930,ORIGINAL_DIRECT_UTC,1718199000,1,1,1,1
2024-06-12,NEW_YORK_0930,NY_CLOSE_BROKER_CONVENTION,1718209800,1,1,1,1
2024-06-13,LONDON_0800,ORIGINAL_DIRECT_UTC,1718262000,1,1,1,1
2024-06-13,LONDON_0800,NY_CLOSE_BROKER_CONVENTION,1718272800,1,1,1,1
2024-06-13,NEW_YORK_0930,ORIGINAL_DIRECT_UTC,1718285400,1,1,1,1
2024-06-13,NEW_YORK_0930,NY_CLOSE_BROKER_CONVENTION,1718296200,1,1,1,1
2024-06-14,LONDON_0800,ORIGINAL_DIRECT_UTC,1718348400,1,1,1,1
2024-06-14,LONDON_0800,NY_CLOSE_BROKER_CONVENTION,1718359200,1,1,1,1
2024-06-14,NEW_YORK_0930,ORIGINAL_DIRECT_UTC,1718371800,1,1,1,1
2024-06-14,NEW_YORK_0930,NY_CLOSE_BROKER_CONVENTION,1718382600,1,1,1,1
2024-06-17,LONDON_0800,ORIGINAL_DIRECT_UTC,1718607600,1,1,1,1
2024-06-17,LONDON_0800,NY_CLOSE_BROKER_CONVENTION,1718618400,1,1,1,1
2024-06-17,NEW_YORK_0930,ORIGINAL_DIRECT_UTC,1718631000,1,1,1,1
2024-06-17,NEW_YORK_0930,NY_CLOSE_BROKER_CONVENTION,1718641800,1,1,1,1
2024-06-18,LONDON_0800,ORIGINAL_DIRECT_UTC,1718694000,1,1,1,1
2024-06-18,LONDON_0800,NY_CLOSE_BROKER_CONVENTION,1718704800,1,1,1,1
2024-06-18,NEW_YORK_0930,ORIGINAL_DIRECT_UTC,1718717400,1,1,1,1
2024-06-18,NEW_YORK_0930,NY_CLOSE_BROKER_CONVENTION,1718728200,1,1,1,1
2024-06-19,LONDON_0800,ORIGINAL_DIRECT_UTC,1718780400,1,1,1,1
2024-06-19,LONDON_0800,NY_CLOSE_BROKER_CONVENTION,1718791200,1,1,1,1
2024-06-19,NEW_YORK_0930,ORIGINAL_DIRECT_UTC,1718803800,1,1,1,1
2024-06-19,NEW_YORK_0930,NY_CLOSE_BROKER_CONVENTION,1718814600,1,1,1,1
2024-06-20,LONDON_0800,ORIGINAL_DIRECT_UTC,1718866800,1,1,1,1
2024-06-20,LONDON_0800,NY_CLOSE_BROKER_CONVENTION,1718877600,1,1,1,1
2024-06-20,NEW_YORK_0930,ORIGINAL_DIRECT_UTC,1718890200,1,1,1,1
2024-06-20,NEW_YORK_0930,NY_CLOSE_BROKER_CONVENTION,1718901000,1,1,1,1
2024-06-21,LONDON_0800,ORIGINAL_DIRECT_UTC,1718953200,1,1,1,1
2024-06-21,LONDON_0800,NY_CLOSE_BROKER_CONVENTION,1718964000,1,1,1,1
2024-06-21,NEW_YORK_0930,ORIGINAL_DIRECT_UTC,1718976600,1,1,1,1
2024-06-21,NEW_YORK_0930,NY_CLOSE_BROKER_CONVENTION,1718987400,1,1,1,1
2024-06-24,LONDON_0800,ORIGINAL_DIRECT_UTC,1719212400,1,1,1,1
2024-06-24,LONDON_0800,NY_CLOSE_BROKER_CONVENTION,1719223200,1,1,1,1
2024-06-24,NEW_YORK_0930,ORIGINAL_DIRECT_UTC,1719235800,1,1,1,1
2024-06-24,NEW_YORK_0930,NY_CLOSE_BROKER_CONVENTION,1719246600,1,1,1,1
2024-06-25,LONDON_0800,ORIGINAL_DIRECT_UTC,1719298800,1,1,1,1
2024-06-25,LONDON_0800,NY_CLOSE_BROKER_CONVENTION,1719309600,1,1,1,1
2024-06-25,NEW_YORK_0930,ORIGINAL_DIRECT_UTC,1719322200,1,1,1,1
2024-06-25,NEW_YORK_0930,NY_CLOSE_BROKER_CONVENTION,1719333000,1,1,1,1
2024-06-26,LONDON_0800,ORIGINAL_DIRECT_UTC,1719385200,1,1,1,1
2024-06-26,LONDON_0800,NY_CLOSE_BROKER_CONVENTION,1719396000,1,1,1,1
2024-06-26,NEW_YORK_0930,ORIGINAL_DIRECT_UTC,1719408600,1,1,1,1
2024-06-26,NEW_YORK_0930,NY_CLOSE_BROKER_CONVENTION,1719419400,1,1,1,1
2024-06-27,LONDON_0800,ORIGINAL_DIRECT_UTC,1719471600,1,1,1,1
2024-06-27,LONDON_0800,NY_CLOSE_BROKER_CONVENTION,1719482400,1,1,1,1
2024-06-27,NEW_YORK_0930,ORIGINAL_DIRECT_UTC,1719495000,1,1,1,1
2024-06-27,NEW_YORK_0930,NY_CLOSE_BROKER_CONVENTION,1719505800,1,1,1,1
2024-06-28,LONDON_0800,ORIGINAL_DIRECT_UTC,1719558000,1,1,1,1
2024-06-28,LONDON_0800,NY_CLOSE_BROKER_CONVENTION,1719568800,1,1,1,1
2024-06-28,NEW_YORK_0930,ORIGINAL_DIRECT_UTC,1719581400,1,1,1,1
2024-06-28,NEW_YORK_0930,NY_CLOSE_BROKER_CONVENTION,1719592200,1,1,1,1
2024-07-01,LONDON_0800,ORIGINAL_DIRECT_UTC,1719817200,1,1,1,1
2024-07-01,LONDON_0800,NY_CLOSE_BROKER_CONVENTION,1719828000,1,1,1,1
2024-07-01,NEW_YORK_0930,ORIGINAL_DIRECT_UTC,1719840600,1,1,1,1
2024-07-01,NEW_YORK_0930,NY_CLOSE_BROKER_CONVENTION,1719851400,1,1,1,1
2024-07-02,LONDON_0800,ORIGINAL_DIRECT_UTC,1719903600,1,1,1,1
2024-07-02,LONDON_0800,NY_CLOSE_BROKER_CONVENTION,1719914400,1,1,1,1
2024-07-02,NEW_YORK_0930,ORIGINAL_DIRECT_UTC,1719927000,1,1,1,1
2024-07-02,NEW_YORK_0930,NY_CLOSE_BROKER_CONVENTION,1719937800,1,1,1,1
2024-07-03,LONDON_0800,ORIGINAL_DIRECT_UTC,1719990000,1,1,1,1
2024-07-03,LONDON_0800,NY_CLOSE_BROKER_CONVENTION,1720000800,1,1,1,1
2024-07-03,NEW_YORK_0930,ORIGINAL_DIRECT_UTC,1720013400,1,1,1,1
2024-07-03,NEW_YORK_0930,NY_CLOSE_BROKER_CONVENTION,1720024200,1,1,1,1
2024-07-04,LONDON_0800,ORIGINAL_DIRECT_UTC,1720076400,1,1,1,1
2024-07-04,LONDON_0800,NY_CLOSE_BROKER_CONVENTION,1720087200,1,1,1,1
2024-07-04,NEW_YORK_0930,ORIGINAL_DIRECT_UTC,1720099800,1,1,1,1
2024-07-04,NEW_YORK_0930,NY_CLOSE_BROKER_CONVENTION,1720110600,1,1,1,1
2024-07-05,LONDON_0800,ORIGINAL_DIRECT_UTC,1720162800,1,1,1,1
2024-07-05,LONDON_0800,NY_CLOSE_BROKER_CONVENTION,1720173600,1,1,1,1
2024-07-05,NEW_YORK_0930,ORIGINAL_DIRECT_UTC,1720186200,1,1,1,1
2024-07-05,NEW_YORK_0930,NY_CLOSE_BROKER_CONVENTION,1720197000,1,1,1,1
2024-07-08,LONDON_0800,ORIGINAL_DIRECT_UTC,1720422000,1,1,1,1
2024-07-08,LONDON_0800,NY_CLOSE_BROKER_CONVENTION,1720432800,1,1,1,1
2024-07-08,NEW_YORK_0930,ORIGINAL_DIRECT_UTC,1720445400,1,1,1,1
2024-07-08,NEW_YORK_0930,NY_CLOSE_BROKER_CONVENTION,1720456200,1,1,1,1
2024-07-09,LONDON_0800,ORIGINAL_DIRECT_UTC,1720508400,1,1,1,1
2024-07-09,LONDON_0800,NY_CLOSE_BROKER_CONVENTION,1720519200,1,1,1,1
2024-07-09,NEW_YORK_0930,ORIGINAL_DIRECT_UTC,1720531800,1,1,1,1
2024-07-09,NEW_YORK_0930,NY_CLOSE_BROKER_CONVENTION,1720542600,1,1,1,1
2024-07-10,LONDON_0800,ORIGINAL_DIRECT_UTC,1720594800,1,1,1,1
2024-07-10,LONDON_0800,NY_CLOSE_BROKER_CONVENTION,1720605600,1,1,1,1
2024-07-10,NEW_YORK_0930,ORIGINAL_DIRECT_UTC,1720618200,1,1,1,1
2024-07-10,NEW_YORK_0930,NY_CLOSE_BROKER_CONVENTION,1720629000,1,1,1,1
2024-07-11,LONDON_0800,ORIGINAL_DIRECT_UTC,1720681200,1,1,1,1
2024-07-11,LONDON_0800,NY_CLOSE_BROKER_CONVENTION,1720692000,1,1,1,1
2024-07-11,NEW_YORK_0930,ORIGINAL_DIRECT_UTC,1720704600,1,1,1,1
2024-07-11,NEW_YORK_0930,NY_CLOSE_BROKER_CONVENTION,1720715400,1,1,1,1
2024-07-12,LONDON_0800,ORIGINAL_DIRECT_UTC,1720767600,1,1,1,1
2024-07-12,LONDON_0800,NY_CLOSE_BROKER_CONVENTION,1720778400,1,1,1,1
2024-07-12,NEW_YORK_0930,ORIGINAL_DIRECT_UTC,1720791000,1,1,1,1
2024-07-12,NEW_YORK_0930,NY_CLOSE_BROKER_CONVENTION,1720801800,1,1,1,1
2024-07-15,LONDON_0800,ORIGINAL_DIRECT_UTC,1721026800,1,1,1,1
2024-07-15,LONDON_0800,NY_CLOSE_BROKER_CONVENTION,1721037600,1,1,1,1
2024-07-15,NEW_YORK_0930,ORIGINAL_DIRECT_UTC,1721050200,1,1,1,1
2024-07-15,NEW_YORK_0930,NY_CLOSE_BROKER_CONVENTION,1721061000,1,1,1,1
2024-07-16,LONDON_0800,ORIGINAL_DIRECT_UTC,1721113200,1,1,1,1
2024-07-16,LONDON_0800,NY_CLOSE_BROKER_CONVENTION,1721124000,1,1,1,1
2024-07-16,NEW_YORK_0930,ORIGINAL_DIRECT_UTC,1721136600,1,1,1,1
2024-07-16,NEW_YORK_0930,NY_CLOSE_BROKER_CONVENTION,1721147400,1,1,1,1
2024-07-17,LONDON_0800,ORIGINAL_DIRECT_UTC,1721199600,1,1,1,1
2024-07-17,LONDON_0800,NY_CLOSE_BROKER_CONVENTION,1721210400,1,1,1,1
2024-07-17,NEW_YORK_0930,ORIGINAL_DIRECT_UTC,1721223000,1,1,1,1
2024-07-17,NEW_YORK_0930,NY_CLOSE_BROKER_CONVENTION,1721233800,1,1,1,1
2024-07-18,LONDON_0800,ORIGINAL_DIRECT_UTC,1721286000,1,1,1,1
2024-07-18,LONDON_0800,NY_CLOSE_BROKER_CONVENTION,1721296800,1,1,1,1
2024-07-18,NEW_YORK_0930,ORIGINAL_DIRECT_UTC,1721309400,1,1,1,1
2024-07-18,NEW_YORK_0930,NY_CLOSE_BROKER_CONVENTION,1721320200,1,1,1,1
2024-07-19,LONDON_0800,ORIGINAL_DIRECT_UTC,1721372400,1,1,1,1
2024-07-19,LONDON_0800,NY_CLOSE_BROKER_CONVENTION,1721383200,1,1,1,1
2024-07-19,NEW_YORK_0930,ORIGINAL_DIRECT_UTC,1721395800,1,1,1,1
2024-07-19,NEW_YORK_0930,NY_CLOSE_BROKER_CONVENTION,1721406600,1,1,1,1
2024-07-22,LONDON_0800,ORIGINAL_DIRECT_UTC,1721631600,1,1,1,1
2024-07-22,LONDON_0800,NY_CLOSE_BROKER_CONVENTION,1721642400,1,1,1,1
2024-07-22,NEW_YORK_0930,ORIGINAL_DIRECT_UTC,1721655000,1,1,1,1
2024-07-22,NEW_YORK_0930,NY_CLOSE_BROKER_CONVENTION,1721665800,1,1,1,1
2024-07-23,LONDON_0800,ORIGINAL_DIRECT_UTC,1721718000,1,1,1,1
2024-07-23,LONDON_0800,NY_CLOSE_BROKER_CONVENTION,1721728800,1,1,1,1
2024-07-23,NEW_YORK_0930,ORIGINAL_DIRECT_UTC,1721741400,1,1,1,1
2024-07-23,NEW_YORK_0930,NY_CLOSE_BROKER_CONVENTION,1721752200,1,1,1,1
2024-07-24,LONDON_0800,ORIGINAL_DIRECT_UTC,1721804400,1,1,1,1
2024-07-24,LONDON_0800,NY_CLOSE_BROKER_CONVENTION,1721815200,1,1,1,1
2024-07-24,NEW_YORK_0930,ORIGINAL_DIRECT_UTC,1721827800,1,1,1,1
2024-07-24,NEW_YORK_0930,NY_CLOSE_BROKER_CONVENTION,1721838600,1,1,1,1
2024-07-25,LONDON_0800,ORIGINAL_DIRECT_UTC,1721890800,1,1,1,1
2024-07-25,LONDON_0800,NY_CLOSE_BROKER_CONVENTION,1721901600,1,1,1,1
2024-07-25,NEW_YORK_0930,ORIGINAL_DIRECT_UTC,1721914200,1,1,1,1
2024-07-25,NEW_YORK_0930,NY_CLOSE_BROKER_CONVENTION,1721925000,1,1,1,1
2024-07-26,LONDON_0800,ORIGINAL_DIRECT_UTC,1721977200,1,1,1,1
2024-07-26,LONDON_0800,NY_CLOSE_BROKER_CONVENTION,1721988000,1,1,1,1
2024-07-26,NEW_YORK_0930,ORIGINAL_DIRECT_UTC,1722000600,1,1,1,1
2024-07-26,NEW_YORK_0930,NY_CLOSE_BROKER_CONVENTION,1722011400,1,1,1,1
2024-07-29,LONDON_0800,ORIGINAL_DIRECT_UTC,1722236400,1,1,1,1
2024-07-29,LONDON_0800,NY_CLOSE_BROKER_CONVENTION,1722247200,1,1,1,1
2024-07-29,NEW_YORK_0930,ORIGINAL_DIRECT_UTC,1722259800,1,1,1,1
2024-07-29,NEW_YORK_0930,NY_CLOSE_BROKER_CONVENTION,1722270600,1,1,1,1
2024-07-30,LONDON_0800,ORIGINAL_DIRECT_UTC,1722322800,1,1,1,1
2024-07-30,LONDON_0800,NY_CLOSE_BROKER_CONVENTION,1722333600,1,1,1,1
2024-07-30,NEW_YORK_0930,ORIGINAL_DIRECT_UTC,1722346200,1,1,1,1
2024-07-30,NEW_YORK_0930,NY_CLOSE_BROKER_CONVENTION,1722357000,1,1,1,1
2024-07-31,LONDON_0800,ORIGINAL_DIRECT_UTC,1722409200,1,1,1,1
2024-07-31,LONDON_0800,NY_CLOSE_BROKER_CONVENTION,1722420000,1,1,1,1
2024-07-31,NEW_YORK_0930,ORIGINAL_DIRECT_UTC,1722432600,1,1,1,1
2024-07-31,NEW_YORK_0930,NY_CLOSE_BROKER_CONVENTION,1722443400,1,1,1,1
2024-08-01,LONDON_0800,ORIGINAL_DIRECT_UTC,1722495600,1,1,1,1
2024-08-01,LONDON_0800,NY_CLOSE_BROKER_CONVENTION,1722506400,1,1,1,1
2024-08-01,NEW_YORK_0930,ORIGINAL_DIRECT_UTC,1722519000,1,1,1,1
2024-08-01,NEW_YORK_0930,NY_CLOSE_BROKER_CONVENTION,1722529800,1,1,1,1
2024-08-02,LONDON_0800,ORIGINAL_DIRECT_UTC,1722582000,1,1,1,1
2024-08-02,LONDON_0800,NY_CLOSE_BROKER_CONVENTION,1722592800,1,1,1,1
2024-08-02,NEW_YORK_0930,ORIGINAL_DIRECT_UTC,1722605400,1,1,1,1
2024-08-02,NEW_YORK_0930,NY_CLOSE_BROKER_CONVENTION,1722616200,1,1,1,1
2024-08-05,LONDON_0800,ORIGINAL_DIRECT_UTC,1722841200,1,1,1,1
2024-08-05,LONDON_0800,NY_CLOSE_BROKER_CONVENTION,1722852000,1,1,1,1
2024-08-05,NEW_YORK_0930,ORIGINAL_DIRECT_UTC,1722864600,1,1,1,1
2024-08-05,NEW_YORK_0930,NY_CLOSE_BROKER_CONVENTION,1722875400,1,1,1,1
2024-08-06,LONDON_0800,ORIGINAL_DIRECT_UTC,1722927600,1,1,1,1
2024-08-06,LONDON_0800,NY_CLOSE_BROKER_CONVENTION,1722938400,1,1,1,1
2024-08-06,NEW_YORK_0930,ORIGINAL_DIRECT_UTC,1722951000,1,1,1,1
2024-08-06,NEW_YORK_0930,NY_CLOSE_BROKER_CONVENTION,1722961800,1,1,1,1
2024-08-07,LONDON_0800,ORIGINAL_DIRECT_UTC,1723014000,1,1,1,1
2024-08-07,LONDON_0800,NY_CLOSE_BROKER_CONVENTION,1723024800,1,1,1,1
2024-08-07,NEW_YORK_0930,ORIGINAL_DIRECT_UTC,1723037400,1,1,1,1
2024-08-07,NEW_YORK_0930,NY_CLOSE_BROKER_CONVENTION,1723048200,1,1,1,1
2024-08-08,LONDON_0800,ORIGINAL_DIRECT_UTC,1723100400,1,1,1,1
2024-08-08,LONDON_0800,NY_CLOSE_BROKER_CONVENTION,1723111200,1,1,1,1
2024-08-08,NEW_YORK_0930,ORIGINAL_DIRECT_UTC,1723123800,1,1,1,1
2024-08-08,NEW_YORK_0930,NY_CLOSE_BROKER_CONVENTION,1723134600,1,1,1,1
2024-08-09,LONDON_0800,ORIGINAL_DIRECT_UTC,1723186800,1,1,1,1
2024-08-09,LONDON_0800,NY_CLOSE_BROKER_CONVENTION,1723197600,1,1,1,1
2024-08-09,NEW_YORK_0930,ORIGINAL_DIRECT_UTC,1723210200,1,1,1,1
2024-08-09,NEW_YORK_0930,NY_CLOSE_BROKER_CONVENTION,1723221000,1,1,1,1
2024-08-12,LONDON_0800,ORIGINAL_DIRECT_UTC,1723446000,1,1,1,1
2024-08-12,LONDON_0800,NY_CLOSE_BROKER_CONVENTION,1723456800,1,1,1,1
2024-08-12,NEW_YORK_0930,ORIGINAL_DIRECT_UTC,1723469400,1,1,1,1
2024-08-12,NEW_YORK_0930,NY_CLOSE_BROKER_CONVENTION,1723480200,1,1,1,1
2024-08-13,LONDON_0800,ORIGINAL_DIRECT_UTC,1723532400,1,1,1,1
2024-08-13,LONDON_0800,NY_CLOSE_BROKER_CONVENTION,1723543200,1,1,1,1
2024-08-13,NEW_YORK_0930,ORIGINAL_DIRECT_UTC,1723555800,1,1,1,1
2024-08-13,NEW_YORK_0930,NY_CLOSE_BROKER_CONVENTION,1723566600,1,1,1,1
2024-08-14,LONDON_0800,ORIGINAL_DIRECT_UTC,1723618800,1,1,1,1
2024-08-14,LONDON_0800,NY_CLOSE_BROKER_CONVENTION,1723629600,1,1,1,1
2024-08-14,NEW_YORK_0930,ORIGINAL_DIRECT_UTC,1723642200,1,1,1,1
2024-08-14,NEW_YORK_0930,NY_CLOSE_BROKER_CONVENTION,1723653000,1,1,1,1
2024-08-15,LONDON_0800,ORIGINAL_DIRECT_UTC,1723705200,1,1,1,1
2024-08-15,LONDON_0800,NY_CLOSE_BROKER_CONVENTION,1723716000,1,1,1,1
2024-08-15,NEW_YORK_0930,ORIGINAL_DIRECT_UTC,1723728600,1,1,1,1
2024-08-15,NEW_YORK_0930,NY_CLOSE_BROKER_CONVENTION,1723739400,1,1,1,1
2024-08-16,LONDON_0800,ORIGINAL_DIRECT_UTC,1723791600,1,1,1,1
2024-08-16,LONDON_0800,NY_CLOSE_BROKER_CONVENTION,1723802400,1,1,1,1
2024-08-16,NEW_YORK_0930,ORIGINAL_DIRECT_UTC,1723815000,1,1,1,1
2024-08-16,NEW_YORK_0930,NY_CLOSE_BROKER_CONVENTION,1723825800,1,1,1,1
2024-08-19,LONDON_0800,ORIGINAL_DIRECT_UTC,1724050800,1,1,1,1
2024-08-19,LONDON_0800,NY_CLOSE_BROKER_CONVENTION,1724061600,1,1,1,1
2024-08-19,NEW_YORK_0930,ORIGINAL_DIRECT_UTC,1724074200,1,1,1,1
2024-08-19,NEW_YORK_0930,NY_CLOSE_BROKER_CONVENTION,1724085000,1,1,1,1
2024-08-20,LONDON_0800,ORIGINAL_DIRECT_UTC,1724137200,1,1,1,1
2024-08-20,LONDON_0800,NY_CLOSE_BROKER_CONVENTION,1724148000,1,1,1,1
2024-08-20,NEW_YORK_0930,ORIGINAL_DIRECT_UTC,1724160600,1,1,1,1
2024-08-20,NEW_YORK_0930,NY_CLOSE_BROKER_CONVENTION,1724171400,1,1,1,1
2024-08-21,LONDON_0800,ORIGINAL_DIRECT_UTC,1724223600,1,1,1,1
2024-08-21,LONDON_0800,NY_CLOSE_BROKER_CONVENTION,1724234400,1,1,1,1
2024-08-21,NEW_YORK_0930,ORIGINAL_DIRECT_UTC,1724247000,1,1,1,1
2024-08-21,NEW_YORK_0930,NY_CLOSE_BROKER_CONVENTION,1724257800,1,1,1,1
2024-08-22,LONDON_0800,ORIGINAL_DIRECT_UTC,1724310000,1,1,1,1
2024-08-22,LONDON_0800,NY_CLOSE_BROKER_CONVENTION,1724320800,1,1,1,1
2024-08-22,NEW_YORK_0930,ORIGINAL_DIRECT_UTC,1724333400,1,1,1,1
2024-08-22,NEW_YORK_0930,NY_CLOSE_BROKER_CONVENTION,1724344200,1,1,1,1
2024-08-23,LONDON_0800,ORIGINAL_DIRECT_UTC,1724396400,1,1,1,1
2024-08-23,LONDON_0800,NY_CLOSE_BROKER_CONVENTION,1724407200,1,1,1,1
2024-08-23,NEW_YORK_0930,ORIGINAL_DIRECT_UTC,1724419800,1,1,1,1
2024-08-23,NEW_YORK_0930,NY_CLOSE_BROKER_CONVENTION,1724430600,1,1,1,1
2024-08-26,LONDON_0800,ORIGINAL_DIRECT_UTC,1724655600,1,1,1,1
2024-08-26,LONDON_0800,NY_CLOSE_BROKER_CONVENTION,1724666400,1,1,1,1
2024-08-26,NEW_YORK_0930,ORIGINAL_DIRECT_UTC,1724679000,1,1,1,1
2024-08-26,NEW_YORK_0930,NY_CLOSE_BROKER_CONVENTION,1724689800,1,1,1,1
2024-08-27,LONDON_0800,ORIGINAL_DIRECT_UTC,1724742000,1,1,1,1
2024-08-27,LONDON_0800,NY_CLOSE_BROKER_CONVENTION,1724752800,1,1,1,1
2024-08-27,NEW_YORK_0930,ORIGINAL_DIRECT_UTC,1724765400,1,1,1,1
2024-08-27,NEW_YORK_0930,NY_CLOSE_BROKER_CONVENTION,1724776200,1,1,1,1
2024-08-28,LONDON_0800,ORIGINAL_DIRECT_UTC,1724828400,1,1,1,1
2024-08-28,LONDON_0800,NY_CLOSE_BROKER_CONVENTION,1724839200,1,1,1,1
2024-08-28,NEW_YORK_0930,ORIGINAL_DIRECT_UTC,1724851800,1,1,1,1
2024-08-28,NEW_YORK_0930,NY_CLOSE_BROKER_CONVENTION,1724862600,1,1,1,1
2024-08-29,LONDON_0800,ORIGINAL_DIRECT_UTC,1724914800,1,1,1,1
2024-08-29,LONDON_0800,NY_CLOSE_BROKER_CONVENTION,1724925600,1,1,1,1
2024-08-29,NEW_YORK_0930,ORIGINAL_DIRECT_UTC,1724938200,1,1,1,1
2024-08-29,NEW_YORK_0930,NY_CLOSE_BROKER_CONVENTION,1724949000,1,1,1,1
2024-08-30,LONDON_0800,ORIGINAL_DIRECT_UTC,1725001200,1,1,1,1
2024-08-30,LONDON_0800,NY_CLOSE_BROKER_CONVENTION,1725012000,1,1,1,1
2024-08-30,NEW_YORK_0930,ORIGINAL_DIRECT_UTC,1725024600,1,1,1,1
2024-08-30,NEW_YORK_0930,NY_CLOSE_BROKER_CONVENTION,1725035400,1,1,1,1
2024-09-02,LONDON_0800,ORIGINAL_DIRECT_UTC,1725260400,1,1,1,1
2024-09-02,LONDON_0800,NY_CLOSE_BROKER_CONVENTION,1725271200,1,1,1,1
2024-09-02,NEW_YORK_0930,ORIGINAL_DIRECT_UTC,1725283800,1,1,1,1
2024-09-02,NEW_YORK_0930,NY_CLOSE_BROKER_CONVENTION,1725294600,1,1,1,1
2024-09-03,LONDON_0800,ORIGINAL_DIRECT_UTC,1725346800,1,1,1,1
2024-09-03,LONDON_0800,NY_CLOSE_BROKER_CONVENTION,1725357600,1,1,1,1
2024-09-03,NEW_YORK_0930,ORIGINAL_DIRECT_UTC,1725370200,1,1,1,1
2024-09-03,NEW_YORK_0930,NY_CLOSE_BROKER_CONVENTION,1725381000,1,1,1,1
2024-09-04,LONDON_0800,ORIGINAL_DIRECT_UTC,1725433200,1,1,1,1
2024-09-04,LONDON_0800,NY_CLOSE_BROKER_CONVENTION,1725444000,1,1,1,1
2024-09-04,NEW_YORK_0930,ORIGINAL_DIRECT_UTC,1725456600,1,1,1,1
2024-09-04,NEW_YORK_0930,NY_CLOSE_BROKER_CONVENTION,1725467400,1,1,1,1
2024-09-05,LONDON_0800,ORIGINAL_DIRECT_UTC,1725519600,1,1,1,1
2024-09-05,LONDON_0800,NY_CLOSE_BROKER_CONVENTION,1725530400,1,1,1,1
2024-09-05,NEW_YORK_0930,ORIGINAL_DIRECT_UTC,1725543000,1,1,1,1
2024-09-05,NEW_YORK_0930,NY_CLOSE_BROKER_CONVENTION,1725553800,1,1,1,1
2024-09-06,LONDON_0800,ORIGINAL_DIRECT_UTC,1725606000,1,1,1,1
2024-09-06,LONDON_0800,NY_CLOSE_BROKER_CONVENTION,1725616800,1,1,1,1
2024-09-06,NEW_YORK_0930,ORIGINAL_DIRECT_UTC,1725629400,1,1,1,1
2024-09-06,NEW_YORK_0930,NY_CLOSE_BROKER_CONVENTION,1725640200,1,1,1,1
2024-09-09,LONDON_0800,ORIGINAL_DIRECT_UTC,1725865200,1,1,1,1
2024-09-09,LONDON_0800,NY_CLOSE_BROKER_CONVENTION,1725876000,1,1,1,1
2024-09-09,NEW_YORK_0930,ORIGINAL_DIRECT_UTC,1725888600,1,1,1,1
2024-09-09,NEW_YORK_0930,NY_CLOSE_BROKER_CONVENTION,1725899400,1,1,1,1
2024-09-10,LONDON_0800,ORIGINAL_DIRECT_UTC,1725951600,1,1,1,1
2024-09-10,LONDON_0800,NY_CLOSE_BROKER_CONVENTION,1725962400,1,1,1,1
2024-09-10,NEW_YORK_0930,ORIGINAL_DIRECT_UTC,1725975000,1,1,1,1
2024-09-10,NEW_YORK_0930,NY_CLOSE_BROKER_CONVENTION,1725985800,1,1,1,1
2024-09-11,LONDON_0800,ORIGINAL_DIRECT_UTC,1726038000,1,1,1,1
2024-09-11,LONDON_0800,NY_CLOSE_BROKER_CONVENTION,1726048800,1,1,1,1
2024-09-11,NEW_YORK_0930,ORIGINAL_DIRECT_UTC,1726061400,1,1,1,1
2024-09-11,NEW_YORK_0930,NY_CLOSE_BROKER_CONVENTION,1726072200,1,1,1,1
2024-09-12,LONDON_0800,ORIGINAL_DIRECT_UTC,1726124400,1,1,1,1
2024-09-12,LONDON_0800,NY_CLOSE_BROKER_CONVENTION,1726135200,1,1,1,1
2024-09-12,NEW_YORK_0930,ORIGINAL_DIRECT_UTC,1726147800,1,1,1,1
2024-09-12,NEW_YORK_0930,NY_CLOSE_BROKER_CONVENTION,1726158600,1,1,1,1
2024-09-13,LONDON_0800,ORIGINAL_DIRECT_UTC,1726210800,1,1,1,1
2024-09-13,LONDON_0800,NY_CLOSE_BROKER_CONVENTION,1726221600,1,1,1,1
2024-09-13,NEW_YORK_0930,ORIGINAL_DIRECT_UTC,1726234200,1,1,1,1
2024-09-13,NEW_YORK_0930,NY_CLOSE_BROKER_CONVENTION,1726245000,1,1,1,1
2024-09-16,LONDON_0800,ORIGINAL_DIRECT_UTC,1726470000,1,1,1,1
2024-09-16,LONDON_0800,NY_CLOSE_BROKER_CONVENTION,1726480800,1,1,1,1
2024-09-16,NEW_YORK_0930,ORIGINAL_DIRECT_UTC,1726493400,1,1,1,1
2024-09-16,NEW_YORK_0930,NY_CLOSE_BROKER_CONVENTION,1726504200,1,1,1,1
2024-09-17,LONDON_0800,ORIGINAL_DIRECT_UTC,1726556400,1,1,1,1
2024-09-17,LONDON_0800,NY_CLOSE_BROKER_CONVENTION,1726567200,1,1,1,1
2024-09-17,NEW_YORK_0930,ORIGINAL_DIRECT_UTC,1726579800,1,1,1,1
2024-09-17,NEW_YORK_0930,NY_CLOSE_BROKER_CONVENTION,1726590600,1,1,1,1
2024-09-18,LONDON_0800,ORIGINAL_DIRECT_UTC,1726642800,1,1,1,1
2024-09-18,LONDON_0800,NY_CLOSE_BROKER_CONVENTION,1726653600,1,1,1,1
2024-09-18,NEW_YORK_0930,ORIGINAL_DIRECT_UTC,1726666200,1,1,1,1
2024-09-18,NEW_YORK_0930,NY_CLOSE_BROKER_CONVENTION,1726677000,1,1,1,1
2024-09-19,LONDON_0800,ORIGINAL_DIRECT_UTC,1726729200,1,1,1,1
2024-09-19,LONDON_0800,NY_CLOSE_BROKER_CONVENTION,1726740000,1,1,1,1
2024-09-19,NEW_YORK_0930,ORIGINAL_DIRECT_UTC,1726752600,1,1,1,1
2024-09-19,NEW_YORK_0930,NY_CLOSE_BROKER_CONVENTION,1726763400,1,1,1,1
2024-09-20,LONDON_0800,ORIGINAL_DIRECT_UTC,1726815600,1,1,1,1
2024-09-20,LONDON_0800,NY_CLOSE_BROKER_CONVENTION,1726826400,1,1,1,1
2024-09-20,NEW_YORK_0930,ORIGINAL_DIRECT_UTC,1726839000,1,1,1,1
2024-09-20,NEW_YORK_0930,NY_CLOSE_BROKER_CONVENTION,1726849800,1,1,1,1
2024-09-23,LONDON_0800,ORIGINAL_DIRECT_UTC,1727074800,1,1,1,1
2024-09-23,LONDON_0800,NY_CLOSE_BROKER_CONVENTION,1727085600,1,1,1,1
2024-09-23,NEW_YORK_0930,ORIGINAL_DIRECT_UTC,1727098200,1,1,1,1
2024-09-23,NEW_YORK_0930,NY_CLOSE_BROKER_CONVENTION,1727109000,1,1,1,1
2024-09-24,LONDON_0800,ORIGINAL_DIRECT_UTC,1727161200,1,1,1,1
2024-09-24,LONDON_0800,NY_CLOSE_BROKER_CONVENTION,1727172000,1,1,1,1
2024-09-24,NEW_YORK_0930,ORIGINAL_DIRECT_UTC,1727184600,1,1,1,1
2024-09-24,NEW_YORK_0930,NY_CLOSE_BROKER_CONVENTION,1727195400,1,1,1,1
2024-09-25,LONDON_0800,ORIGINAL_DIRECT_UTC,1727247600,1,1,1,1
2024-09-25,LONDON_0800,NY_CLOSE_BROKER_CONVENTION,1727258400,1,1,1,1
2024-09-25,NEW_YORK_0930,ORIGINAL_DIRECT_UTC,1727271000,1,1,1,1
2024-09-25,NEW_YORK_0930,NY_CLOSE_BROKER_CONVENTION,1727281800,1,1,1,1
2024-09-26,LONDON_0800,ORIGINAL_DIRECT_UTC,1727334000,1,1,1,1
2024-09-26,LONDON_0800,NY_CLOSE_BROKER_CONVENTION,1727344800,1,1,1,1
2024-09-26,NEW_YORK_0930,ORIGINAL_DIRECT_UTC,1727357400,1,1,1,1
2024-09-26,NEW_YORK_0930,NY_CLOSE_BROKER_CONVENTION,1727368200,1,1,1,1
2024-09-27,LONDON_0800,ORIGINAL_DIRECT_UTC,1727420400,1,1,1,1
2024-09-27,LONDON_0800,NY_CLOSE_BROKER_CONVENTION,1727431200,1,1,1,1
2024-09-27,NEW_YORK_0930,ORIGINAL_DIRECT_UTC,1727443800,1,1,1,1
2024-09-27,NEW_YORK_0930,NY_CLOSE_BROKER_CONVENTION,1727454600,1,1,1,1
2024-09-30,LONDON_0800,ORIGINAL_DIRECT_UTC,1727679600,1,1,1,1
2024-09-30,LONDON_0800,NY_CLOSE_BROKER_CONVENTION,1727690400,1,1,1,1
2024-09-30,NEW_YORK_0930,ORIGINAL_DIRECT_UTC,1727703000,1,1,1,1
2024-09-30,NEW_YORK_0930,NY_CLOSE_BROKER_CONVENTION,1727713800,1,1,1,1
2024-10-01,LONDON_0800,ORIGINAL_DIRECT_UTC,1727766000,1,1,1,1
2024-10-01,LONDON_0800,NY_CLOSE_BROKER_CONVENTION,1727776800,1,1,1,1
2024-10-01,NEW_YORK_0930,ORIGINAL_DIRECT_UTC,1727789400,1,1,1,1
2024-10-01,NEW_YORK_0930,NY_CLOSE_BROKER_CONVENTION,1727800200,1,1,1,1
2024-10-02,LONDON_0800,ORIGINAL_DIRECT_UTC,1727852400,1,1,1,1
2024-10-02,LONDON_0800,NY_CLOSE_BROKER_CONVENTION,1727863200,1,1,1,1
2024-10-02,NEW_YORK_0930,ORIGINAL_DIRECT_UTC,1727875800,1,1,1,1
2024-10-02,NEW_YORK_0930,NY_CLOSE_BROKER_CONVENTION,1727886600,1,1,1,1
2024-10-03,LONDON_0800,ORIGINAL_DIRECT_UTC,1727938800,1,1,1,1
2024-10-03,LONDON_0800,NY_CLOSE_BROKER_CONVENTION,1727949600,1,1,1,1
2024-10-03,NEW_YORK_0930,ORIGINAL_DIRECT_UTC,1727962200,1,1,1,1
2024-10-03,NEW_YORK_0930,NY_CLOSE_BROKER_CONVENTION,1727973000,1,1,1,1
2024-10-04,LONDON_0800,ORIGINAL_DIRECT_UTC,1728025200,1,1,1,1
2024-10-04,LONDON_0800,NY_CLOSE_BROKER_CONVENTION,1728036000,1,1,1,1
2024-10-04,NEW_YORK_0930,ORIGINAL_DIRECT_UTC,1728048600,1,1,1,1
2024-10-04,NEW_YORK_0930,NY_CLOSE_BROKER_CONVENTION,1728059400,1,1,1,1
2024-10-07,LONDON_0800,ORIGINAL_DIRECT_UTC,1728284400,1,1,1,1
2024-10-07,LONDON_0800,NY_CLOSE_BROKER_CONVENTION,1728295200,1,1,1,1
2024-10-07,NEW_YORK_0930,ORIGINAL_DIRECT_UTC,1728307800,1,1,1,1
2024-10-07,NEW_YORK_0930,NY_CLOSE_BROKER_CONVENTION,1728318600,1,1,1,1
2024-10-08,LONDON_0800,ORIGINAL_DIRECT_UTC,1728370800,1,1,1,1
2024-10-08,LONDON_0800,NY_CLOSE_BROKER_CONVENTION,1728381600,1,1,1,1
2024-10-08,NEW_YORK_0930,ORIGINAL_DIRECT_UTC,1728394200,1,1,1,1
2024-10-08,NEW_YORK_0930,NY_CLOSE_BROKER_CONVENTION,1728405000,1,1,1,1
2024-10-09,LONDON_0800,ORIGINAL_DIRECT_UTC,1728457200,1,1,1,1
2024-10-09,LONDON_0800,NY_CLOSE_BROKER_CONVENTION,1728468000,1,1,1,1
2024-10-09,NEW_YORK_0930,ORIGINAL_DIRECT_UTC,1728480600,1,1,1,1
2024-10-09,NEW_YORK_0930,NY_CLOSE_BROKER_CONVENTION,1728491400,1,1,1,1
2024-10-10,LONDON_0800,ORIGINAL_DIRECT_UTC,1728543600,1,1,1,1
2024-10-10,LONDON_0800,NY_CLOSE_BROKER_CONVENTION,1728554400,1,1,1,1
2024-10-10,NEW_YORK_0930,ORIGINAL_DIRECT_UTC,1728567000,1,1,1,1
2024-10-10,NEW_YORK_0930,NY_CLOSE_BROKER_CONVENTION,1728577800,1,1,1,1
2024-10-11,LONDON_0800,ORIGINAL_DIRECT_UTC,1728630000,1,1,1,1
2024-10-11,LONDON_0800,NY_CLOSE_BROKER_CONVENTION,1728640800,1,1,1,1
2024-10-11,NEW_YORK_0930,ORIGINAL_DIRECT_UTC,1728653400,1,1,1,1
2024-10-11,NEW_YORK_0930,NY_CLOSE_BROKER_CONVENTION,1728664200,1,1,1,1
2024-10-14,LONDON_0800,ORIGINAL_DIRECT_UTC,1728889200,1,1,1,1
2024-10-14,LONDON_0800,NY_CLOSE_BROKER_CONVENTION,1728900000,1,1,1,1
2024-10-14,NEW_YORK_0930,ORIGINAL_DIRECT_UTC,1728912600,1,1,1,1
2024-10-14,NEW_YORK_0930,NY_CLOSE_BROKER_CONVENTION,1728923400,1,1,1,1
2024-10-15,LONDON_0800,ORIGINAL_DIRECT_UTC,1728975600,1,1,1,1
2024-10-15,LONDON_0800,NY_CLOSE_BROKER_CONVENTION,1728986400,1,1,1,1
2024-10-15,NEW_YORK_0930,ORIGINAL_DIRECT_UTC,1728999000,1,1,1,1
2024-10-15,NEW_YORK_0930,NY_CLOSE_BROKER_CONVENTION,1729009800,1,1,1,1
2024-10-16,LONDON_0800,ORIGINAL_DIRECT_UTC,1729062000,1,1,1,1
2024-10-16,LONDON_0800,NY_CLOSE_BROKER_CONVENTION,1729072800,1,1,1,1
2024-10-16,NEW_YORK_0930,ORIGINAL_DIRECT_UTC,1729085400,1,1,1,1
2024-10-16,NEW_YORK_0930,NY_CLOSE_BROKER_CONVENTION,1729096200,1,1,1,1
2024-10-17,LONDON_0800,ORIGINAL_DIRECT_UTC,1729148400,1,1,1,1
2024-10-17,LONDON_0800,NY_CLOSE_BROKER_CONVENTION,1729159200,1,1,1,1
2024-10-17,NEW_YORK_0930,ORIGINAL_DIRECT_UTC,1729171800,1,1,1,1
2024-10-17,NEW_YORK_0930,NY_CLOSE_BROKER_CONVENTION,1729182600,1,1,1,1
2024-10-18,LONDON_0800,ORIGINAL_DIRECT_UTC,1729234800,1,1,1,1
2024-10-18,LONDON_0800,NY_CLOSE_BROKER_CONVENTION,1729245600,1,1,1,1
2024-10-18,NEW_YORK_0930,ORIGINAL_DIRECT_UTC,1729258200,1,1,1,1
2024-10-18,NEW_YORK_0930,NY_CLOSE_BROKER_CONVENTION,1729269000,1,1,1,1
2024-10-21,LONDON_0800,ORIGINAL_DIRECT_UTC,1729494000,1,1,1,1
2024-10-21,LONDON_0800,NY_CLOSE_BROKER_CONVENTION,1729504800,1,1,1,1
2024-10-21,NEW_YORK_0930,ORIGINAL_DIRECT_UTC,1729517400,1,1,1,1
2024-10-21,NEW_YORK_0930,NY_CLOSE_BROKER_CONVENTION,1729528200,1,1,1,1
2024-10-22,LONDON_0800,ORIGINAL_DIRECT_UTC,1729580400,1,1,1,1
2024-10-22,LONDON_0800,NY_CLOSE_BROKER_CONVENTION,1729591200,1,1,1,1
2024-10-22,NEW_YORK_0930,ORIGINAL_DIRECT_UTC,1729603800,1,1,1,1
2024-10-22,NEW_YORK_0930,NY_CLOSE_BROKER_CONVENTION,1729614600,1,1,1,1
2024-10-23,LONDON_0800,ORIGINAL_DIRECT_UTC,1729666800,1,1,1,1
2024-10-23,LONDON_0800,NY_CLOSE_BROKER_CONVENTION,1729677600,1,1,1,1
2024-10-23,NEW_YORK_0930,ORIGINAL_DIRECT_UTC,1729690200,1,1,1,1
2024-10-23,NEW_YORK_0930,NY_CLOSE_BROKER_CONVENTION,1729701000,1,1,1,1
2024-10-24,LONDON_0800,ORIGINAL_DIRECT_UTC,1729753200,1,1,1,1
2024-10-24,LONDON_0800,NY_CLOSE_BROKER_CONVENTION,1729764000,1,1,1,1
2024-10-24,NEW_YORK_0930,ORIGINAL_DIRECT_UTC,1729776600,1,1,1,1
2024-10-24,NEW_YORK_0930,NY_CLOSE_BROKER_CONVENTION,1729787400,1,1,1,1
2024-10-25,LONDON_0800,ORIGINAL_DIRECT_UTC,1729839600,1,1,1,1
2024-10-25,LONDON_0800,NY_CLOSE_BROKER_CONVENTION,1729850400,1,1,1,1
2024-10-25,NEW_YORK_0930,ORIGINAL_DIRECT_UTC,1729863000,1,1,1,1
2024-10-25,NEW_YORK_0930,NY_CLOSE_BROKER_CONVENTION,1729873800,1,1,1,1
2024-10-28,LONDON_0800,ORIGINAL_DIRECT_UTC,1730102400,1,1,1,1
2024-10-28,LONDON_0800,NY_CLOSE_BROKER_CONVENTION,1730113200,1,1,1,1
2024-10-28,NEW_YORK_0930,ORIGINAL_DIRECT_UTC,1730122200,1,1,1,1
2024-10-28,NEW_YORK_0930,NY_CLOSE_BROKER_CONVENTION,1730133000,1,1,1,1
2024-10-29,LONDON_0800,ORIGINAL_DIRECT_UTC,1730188800,1,1,1,1
2024-10-29,LONDON_0800,NY_CLOSE_BROKER_CONVENTION,1730199600,1,1,1,1
2024-10-29,NEW_YORK_0930,ORIGINAL_DIRECT_UTC,1730208600,1,1,1,1
2024-10-29,NEW_YORK_0930,NY_CLOSE_BROKER_CONVENTION,1730219400,1,1,1,1
2024-10-30,LONDON_0800,ORIGINAL_DIRECT_UTC,1730275200,1,1,1,1
2024-10-30,LONDON_0800,NY_CLOSE_BROKER_CONVENTION,1730286000,1,1,1,1
2024-10-30,NEW_YORK_0930,ORIGINAL_DIRECT_UTC,1730295000,1,1,1,1
2024-10-30,NEW_YORK_0930,NY_CLOSE_BROKER_CONVENTION,1730305800,1,1,1,1
2024-10-31,LONDON_0800,ORIGINAL_DIRECT_UTC,1730361600,1,1,1,1
2024-10-31,LONDON_0800,NY_CLOSE_BROKER_CONVENTION,1730372400,1,1,1,1
2024-10-31,NEW_YORK_0930,ORIGINAL_DIRECT_UTC,1730381400,1,1,1,1
2024-10-31,NEW_YORK_0930,NY_CLOSE_BROKER_CONVENTION,1730392200,1,1,1,1
2024-11-01,LONDON_0800,ORIGINAL_DIRECT_UTC,1730448000,1,1,1,1
2024-11-01,LONDON_0800,NY_CLOSE_BROKER_CONVENTION,1730458800,1,1,1,1
2024-11-01,NEW_YORK_0930,ORIGINAL_DIRECT_UTC,1730467800,1,1,1,1
2024-11-01,NEW_YORK_0930,NY_CLOSE_BROKER_CONVENTION,1730478600,1,1,1,1
2024-11-04,LONDON_0800,ORIGINAL_DIRECT_UTC,1730707200,1,1,1,1
2024-11-04,LONDON_0800,NY_CLOSE_BROKER_CONVENTION,1730714400,1,1,1,1
2024-11-04,NEW_YORK_0930,ORIGINAL_DIRECT_UTC,1730730600,1,1,1,1
2024-11-04,NEW_YORK_0930,NY_CLOSE_BROKER_CONVENTION,1730737800,1,1,1,1
2024-11-05,LONDON_0800,ORIGINAL_DIRECT_UTC,1730793600,1,1,1,1
2024-11-05,LONDON_0800,NY_CLOSE_BROKER_CONVENTION,1730800800,1,1,1,1
2024-11-05,NEW_YORK_0930,ORIGINAL_DIRECT_UTC,1730817000,1,1,1,1
2024-11-05,NEW_YORK_0930,NY_CLOSE_BROKER_CONVENTION,1730824200,1,1,1,1
2024-11-06,LONDON_0800,ORIGINAL_DIRECT_UTC,1730880000,1,1,1,1
2024-11-06,LONDON_0800,NY_CLOSE_BROKER_CONVENTION,1730887200,1,1,1,1
2024-11-06,NEW_YORK_0930,ORIGINAL_DIRECT_UTC,1730903400,1,1,1,1
2024-11-06,NEW_YORK_0930,NY_CLOSE_BROKER_CONVENTION,1730910600,1,1,1,1
2024-11-07,LONDON_0800,ORIGINAL_DIRECT_UTC,1730966400,1,1,1,1
2024-11-07,LONDON_0800,NY_CLOSE_BROKER_CONVENTION,1730973600,1,1,1,1
2024-11-07,NEW_YORK_0930,ORIGINAL_DIRECT_UTC,1730989800,1,1,1,1
2024-11-07,NEW_YORK_0930,NY_CLOSE_BROKER_CONVENTION,1730997000,1,1,1,1
2024-11-08,LONDON_0800,ORIGINAL_DIRECT_UTC,1731052800,1,1,1,1
2024-11-08,LONDON_0800,NY_CLOSE_BROKER_CONVENTION,1731060000,1,1,1,1
2024-11-08,NEW_YORK_0930,ORIGINAL_DIRECT_UTC,1731076200,1,1,1,1
2024-11-08,NEW_YORK_0930,NY_CLOSE_BROKER_CONVENTION,1731083400,1,1,1,1
2024-11-11,LONDON_0800,ORIGINAL_DIRECT_UTC,1731312000,1,1,1,1
2024-11-11,LONDON_0800,NY_CLOSE_BROKER_CONVENTION,1731319200,1,1,1,1
2024-11-11,NEW_YORK_0930,ORIGINAL_DIRECT_UTC,1731335400,1,1,1,1
2024-11-11,NEW_YORK_0930,NY_CLOSE_BROKER_CONVENTION,1731342600,1,1,1,1
2024-11-12,LONDON_0800,ORIGINAL_DIRECT_UTC,1731398400,1,1,1,1
2024-11-12,LONDON_0800,NY_CLOSE_BROKER_CONVENTION,1731405600,1,1,1,1
2024-11-12,NEW_YORK_0930,ORIGINAL_DIRECT_UTC,1731421800,1,1,1,1
2024-11-12,NEW_YORK_0930,NY_CLOSE_BROKER_CONVENTION,1731429000,1,1,1,1
2024-11-13,LONDON_0800,ORIGINAL_DIRECT_UTC,1731484800,1,1,1,1
2024-11-13,LONDON_0800,NY_CLOSE_BROKER_CONVENTION,1731492000,1,1,1,1
2024-11-13,NEW_YORK_0930,ORIGINAL_DIRECT_UTC,1731508200,1,1,1,1
2024-11-13,NEW_YORK_0930,NY_CLOSE_BROKER_CONVENTION,1731515400,1,1,1,1
2024-11-14,LONDON_0800,ORIGINAL_DIRECT_UTC,1731571200,1,1,1,1
2024-11-14,LONDON_0800,NY_CLOSE_BROKER_CONVENTION,1731578400,1,1,1,1
2024-11-14,NEW_YORK_0930,ORIGINAL_DIRECT_UTC,1731594600,1,1,1,1
2024-11-14,NEW_YORK_0930,NY_CLOSE_BROKER_CONVENTION,1731601800,1,1,1,1
2024-11-15,LONDON_0800,ORIGINAL_DIRECT_UTC,1731657600,1,1,1,1
2024-11-15,LONDON_0800,NY_CLOSE_BROKER_CONVENTION,1731664800,1,1,1,1
2024-11-15,NEW_YORK_0930,ORIGINAL_DIRECT_UTC,1731681000,1,1,1,1
2024-11-15,NEW_YORK_0930,NY_CLOSE_BROKER_CONVENTION,1731688200,1,1,1,1
2024-11-18,LONDON_0800,ORIGINAL_DIRECT_UTC,1731916800,1,1,1,1
2024-11-18,LONDON_0800,NY_CLOSE_BROKER_CONVENTION,1731924000,1,1,1,1
2024-11-18,NEW_YORK_0930,ORIGINAL_DIRECT_UTC,1731940200,1,1,1,1
2024-11-18,NEW_YORK_0930,NY_CLOSE_BROKER_CONVENTION,1731947400,1,1,1,1
2024-11-19,LONDON_0800,ORIGINAL_DIRECT_UTC,1732003200,1,1,1,1
2024-11-19,LONDON_0800,NY_CLOSE_BROKER_CONVENTION,1732010400,1,1,1,1
2024-11-19,NEW_YORK_0930,ORIGINAL_DIRECT_UTC,1732026600,1,1,1,1
2024-11-19,NEW_YORK_0930,NY_CLOSE_BROKER_CONVENTION,1732033800,1,1,1,1
2024-11-20,LONDON_0800,ORIGINAL_DIRECT_UTC,1732089600,1,1,1,1
2024-11-20,LONDON_0800,NY_CLOSE_BROKER_CONVENTION,1732096800,1,1,1,1
2024-11-20,NEW_YORK_0930,ORIGINAL_DIRECT_UTC,1732113000,1,1,1,1
2024-11-20,NEW_YORK_0930,NY_CLOSE_BROKER_CONVENTION,1732120200,1,1,1,1
2024-11-21,LONDON_0800,ORIGINAL_DIRECT_UTC,1732176000,1,1,1,1
2024-11-21,LONDON_0800,NY_CLOSE_BROKER_CONVENTION,1732183200,1,1,1,1
2024-11-21,NEW_YORK_0930,ORIGINAL_DIRECT_UTC,1732199400,1,1,1,1
2024-11-21,NEW_YORK_0930,NY_CLOSE_BROKER_CONVENTION,1732206600,1,1,1,1
2024-11-22,LONDON_0800,ORIGINAL_DIRECT_UTC,1732262400,1,1,1,1
2024-11-22,LONDON_0800,NY_CLOSE_BROKER_CONVENTION,1732269600,1,1,1,1
2024-11-22,NEW_YORK_0930,ORIGINAL_DIRECT_UTC,1732285800,1,1,1,1
2024-11-22,NEW_YORK_0930,NY_CLOSE_BROKER_CONVENTION,1732293000,1,1,1,1
2024-11-25,LONDON_0800,ORIGINAL_DIRECT_UTC,1732521600,1,1,1,1
2024-11-25,LONDON_0800,NY_CLOSE_BROKER_CONVENTION,1732528800,1,1,1,1
2024-11-25,NEW_YORK_0930,ORIGINAL_DIRECT_UTC,1732545000,1,1,1,1
2024-11-25,NEW_YORK_0930,NY_CLOSE_BROKER_CONVENTION,1732552200,1,1,1,1
2024-11-26,LONDON_0800,ORIGINAL_DIRECT_UTC,1732608000,1,1,1,1
2024-11-26,LONDON_0800,NY_CLOSE_BROKER_CONVENTION,1732615200,1,1,1,1
2024-11-26,NEW_YORK_0930,ORIGINAL_DIRECT_UTC,1732631400,1,1,1,1
2024-11-26,NEW_YORK_0930,NY_CLOSE_BROKER_CONVENTION,1732638600,1,1,1,1
2024-11-27,LONDON_0800,ORIGINAL_DIRECT_UTC,1732694400,1,1,1,1
2024-11-27,LONDON_0800,NY_CLOSE_BROKER_CONVENTION,1732701600,1,1,1,1
2024-11-27,NEW_YORK_0930,ORIGINAL_DIRECT_UTC,1732717800,1,1,1,1
2024-11-27,NEW_YORK_0930,NY_CLOSE_BROKER_CONVENTION,1732725000,1,1,1,1
2024-11-28,LONDON_0800,ORIGINAL_DIRECT_UTC,1732780800,1,1,1,1
2024-11-28,LONDON_0800,NY_CLOSE_BROKER_CONVENTION,1732788000,1,1,1,1
2024-11-28,NEW_YORK_0930,ORIGINAL_DIRECT_UTC,1732804200,1,1,1,1
2024-11-28,NEW_YORK_0930,NY_CLOSE_BROKER_CONVENTION,1732811400,1,1,1,1
2024-11-29,LONDON_0800,ORIGINAL_DIRECT_UTC,1732867200,1,1,1,1
2024-11-29,LONDON_0800,NY_CLOSE_BROKER_CONVENTION,1732874400,1,1,1,1
2024-11-29,NEW_YORK_0930,ORIGINAL_DIRECT_UTC,1732890600,1,1,1,1
2024-11-29,NEW_YORK_0930,NY_CLOSE_BROKER_CONVENTION,1732897800,1,1,1,1
2024-12-02,LONDON_0800,ORIGINAL_DIRECT_UTC,1733126400,1,1,1,1
2024-12-02,LONDON_0800,NY_CLOSE_BROKER_CONVENTION,1733133600,1,1,1,1
2024-12-02,NEW_YORK_0930,ORIGINAL_DIRECT_UTC,1733149800,1,1,1,1
2024-12-02,NEW_YORK_0930,NY_CLOSE_BROKER_CONVENTION,1733157000,1,1,1,1
2024-12-03,LONDON_0800,ORIGINAL_DIRECT_UTC,1733212800,1,1,1,1
2024-12-03,LONDON_0800,NY_CLOSE_BROKER_CONVENTION,1733220000,1,1,1,1
2024-12-03,NEW_YORK_0930,ORIGINAL_DIRECT_UTC,1733236200,1,1,1,1
2024-12-03,NEW_YORK_0930,NY_CLOSE_BROKER_CONVENTION,1733243400,1,1,1,1
2024-12-04,LONDON_0800,ORIGINAL_DIRECT_UTC,1733299200,1,1,1,1
2024-12-04,LONDON_0800,NY_CLOSE_BROKER_CONVENTION,1733306400,1,1,1,1
2024-12-04,NEW_YORK_0930,ORIGINAL_DIRECT_UTC,1733322600,1,1,1,1
2024-12-04,NEW_YORK_0930,NY_CLOSE_BROKER_CONVENTION,1733329800,1,1,1,1
2024-12-05,LONDON_0800,ORIGINAL_DIRECT_UTC,1733385600,1,1,1,1
2024-12-05,LONDON_0800,NY_CLOSE_BROKER_CONVENTION,1733392800,1,1,1,1
2024-12-05,NEW_YORK_0930,ORIGINAL_DIRECT_UTC,1733409000,1,1,1,1
2024-12-05,NEW_YORK_0930,NY_CLOSE_BROKER_CONVENTION,1733416200,1,1,1,1
2024-12-06,LONDON_0800,ORIGINAL_DIRECT_UTC,1733472000,1,1,1,1
2024-12-06,LONDON_0800,NY_CLOSE_BROKER_CONVENTION,1733479200,1,1,1,1
2024-12-06,NEW_YORK_0930,ORIGINAL_DIRECT_UTC,1733495400,1,1,1,1
2024-12-06,NEW_YORK_0930,NY_CLOSE_BROKER_CONVENTION,1733502600,1,1,1,1
2024-12-09,LONDON_0800,ORIGINAL_DIRECT_UTC,1733731200,1,1,1,1
2024-12-09,LONDON_0800,NY_CLOSE_BROKER_CONVENTION,1733738400,1,1,1,1
2024-12-09,NEW_YORK_0930,ORIGINAL_DIRECT_UTC,1733754600,1,1,1,1
2024-12-09,NEW_YORK_0930,NY_CLOSE_BROKER_CONVENTION,1733761800,1,1,1,1
2024-12-10,LONDON_0800,ORIGINAL_DIRECT_UTC,1733817600,1,1,1,1
2024-12-10,LONDON_0800,NY_CLOSE_BROKER_CONVENTION,1733824800,1,1,1,1
2024-12-10,NEW_YORK_0930,ORIGINAL_DIRECT_UTC,1733841000,1,1,1,1
2024-12-10,NEW_YORK_0930,NY_CLOSE_BROKER_CONVENTION,1733848200,1,1,1,1
2024-12-11,LONDON_0800,ORIGINAL_DIRECT_UTC,1733904000,1,1,1,1
2024-12-11,LONDON_0800,NY_CLOSE_BROKER_CONVENTION,1733911200,1,1,1,1
2024-12-11,NEW_YORK_0930,ORIGINAL_DIRECT_UTC,1733927400,1,1,1,1
2024-12-11,NEW_YORK_0930,NY_CLOSE_BROKER_CONVENTION,1733934600,1,1,1,1
2024-12-12,LONDON_0800,ORIGINAL_DIRECT_UTC,1733990400,1,1,1,1
2024-12-12,LONDON_0800,NY_CLOSE_BROKER_CONVENTION,1733997600,1,1,1,1
2024-12-12,NEW_YORK_0930,ORIGINAL_DIRECT_UTC,1734013800,1,1,1,1
2024-12-12,NEW_YORK_0930,NY_CLOSE_BROKER_CONVENTION,1734021000,1,1,1,1
2024-12-13,LONDON_0800,ORIGINAL_DIRECT_UTC,1734076800,1,1,1,1
2024-12-13,LONDON_0800,NY_CLOSE_BROKER_CONVENTION,1734084000,1,1,1,1
2024-12-13,NEW_YORK_0930,ORIGINAL_DIRECT_UTC,1734100200,1,1,1,1
2024-12-13,NEW_YORK_0930,NY_CLOSE_BROKER_CONVENTION,1734107400,1,1,1,1
2024-12-16,LONDON_0800,ORIGINAL_DIRECT_UTC,1734336000,1,1,1,1
2024-12-16,LONDON_0800,NY_CLOSE_BROKER_CONVENTION,1734343200,1,1,1,1
2024-12-16,NEW_YORK_0930,ORIGINAL_DIRECT_UTC,1734359400,1,1,1,1
2024-12-16,NEW_YORK_0930,NY_CLOSE_BROKER_CONVENTION,1734366600,1,1,1,1
2024-12-17,LONDON_0800,ORIGINAL_DIRECT_UTC,1734422400,1,1,1,1
2024-12-17,LONDON_0800,NY_CLOSE_BROKER_CONVENTION,1734429600,1,1,1,1
2024-12-17,NEW_YORK_0930,ORIGINAL_DIRECT_UTC,1734445800,1,1,1,1
2024-12-17,NEW_YORK_0930,NY_CLOSE_BROKER_CONVENTION,1734453000,1,1,1,1
2024-12-18,LONDON_0800,ORIGINAL_DIRECT_UTC,1734508800,1,1,1,1
2024-12-18,LONDON_0800,NY_CLOSE_BROKER_CONVENTION,1734516000,1,1,1,1
2024-12-18,NEW_YORK_0930,ORIGINAL_DIRECT_UTC,1734532200,1,1,1,1
2024-12-18,NEW_YORK_0930,NY_CLOSE_BROKER_CONVENTION,1734539400,1,1,1,1
2024-12-19,LONDON_0800,ORIGINAL_DIRECT_UTC,1734595200,1,1,1,1
2024-12-19,LONDON_0800,NY_CLOSE_BROKER_CONVENTION,1734602400,1,1,1,1
2024-12-19,NEW_YORK_0930,ORIGINAL_DIRECT_UTC,1734618600,1,1,1,1
2024-12-19,NEW_YORK_0930,NY_CLOSE_BROKER_CONVENTION,1734625800,1,1,1,1
2024-12-20,LONDON_0800,ORIGINAL_DIRECT_UTC,1734681600,1,1,1,1
2024-12-20,LONDON_0800,NY_CLOSE_BROKER_CONVENTION,1734688800,1,1,1,1
2024-12-20,NEW_YORK_0930,ORIGINAL_DIRECT_UTC,1734705000,1,1,1,1
2024-12-20,NEW_YORK_0930,NY_CLOSE_BROKER_CONVENTION,1734712200,1,1,1,1
2024-12-23,LONDON_0800,ORIGINAL_DIRECT_UTC,1734940800,1,1,1,1
2024-12-23,LONDON_0800,NY_CLOSE_BROKER_CONVENTION,1734948000,1,1,1,1
2024-12-23,NEW_YORK_0930,ORIGINAL_DIRECT_UTC,1734964200,1,1,1,1
2024-12-23,NEW_YORK_0930,NY_CLOSE_BROKER_CONVENTION,1734971400,1,1,1,1
2024-12-24,LONDON_0800,ORIGINAL_DIRECT_UTC,1735027200,1,1,1,1
2024-12-24,LONDON_0800,NY_CLOSE_BROKER_CONVENTION,1735034400,1,1,1,1
2024-12-24,NEW_YORK_0930,ORIGINAL_DIRECT_UTC,1735050600,1,1,1,1
2024-12-24,NEW_YORK_0930,NY_CLOSE_BROKER_CONVENTION,1735057800,1,1,1,1
2024-12-26,LONDON_0800,ORIGINAL_DIRECT_UTC,1735200000,1,1,1,1
2024-12-26,LONDON_0800,NY_CLOSE_BROKER_CONVENTION,1735207200,1,1,1,1
2024-12-26,NEW_YORK_0930,ORIGINAL_DIRECT_UTC,1735223400,1,1,1,1
2024-12-26,NEW_YORK_0930,NY_CLOSE_BROKER_CONVENTION,1735230600,1,1,1,1
2024-12-27,LONDON_0800,ORIGINAL_DIRECT_UTC,1735286400,1,1,1,1
2024-12-27,LONDON_0800,NY_CLOSE_BROKER_CONVENTION,1735293600,1,1,1,1
2024-12-27,NEW_YORK_0930,ORIGINAL_DIRECT_UTC,1735309800,1,1,1,1
2024-12-27,NEW_YORK_0930,NY_CLOSE_BROKER_CONVENTION,1735317000,1,1,1,1
2024-12-30,LONDON_0800,ORIGINAL_DIRECT_UTC,1735545600,1,1,1,1
2024-12-30,LONDON_0800,NY_CLOSE_BROKER_CONVENTION,1735552800,1,1,1,1
2024-12-30,NEW_YORK_0930,ORIGINAL_DIRECT_UTC,1735569000,1,1,1,1
2024-12-30,NEW_YORK_0930,NY_CLOSE_BROKER_CONVENTION,1735576200,1,1,1,1
2024-12-31,LONDON_0800,ORIGINAL_DIRECT_UTC,1735632000,1,1,1,1
2024-12-31,LONDON_0800,NY_CLOSE_BROKER_CONVENTION,1735639200,1,1,1,1
2024-12-31,NEW_YORK_0930,ORIGINAL_DIRECT_UTC,1735655400,1,1,1,1
2024-12-31,NEW_YORK_0930,NY_CLOSE_BROKER_CONVENTION,1735662600,1,1,1,1
2025-01-02,LONDON_0800,ORIGINAL_DIRECT_UTC,1735804800,1,1,1,1
2025-01-02,LONDON_0800,NY_CLOSE_BROKER_CONVENTION,1735812000,1,1,1,1
2025-01-02,NEW_YORK_0930,ORIGINAL_DIRECT_UTC,1735828200,1,1,1,1
2025-01-02,NEW_YORK_0930,NY_CLOSE_BROKER_CONVENTION,1735835400,1,1,1,1
2025-01-03,LONDON_0800,ORIGINAL_DIRECT_UTC,1735891200,1,1,1,1
2025-01-03,LONDON_0800,NY_CLOSE_BROKER_CONVENTION,1735898400,1,1,1,1
2025-01-03,NEW_YORK_0930,ORIGINAL_DIRECT_UTC,1735914600,1,1,1,1
2025-01-03,NEW_YORK_0930,NY_CLOSE_BROKER_CONVENTION,1735921800,1,1,1,1
2025-01-06,LONDON_0800,ORIGINAL_DIRECT_UTC,1736150400,1,1,1,1
2025-01-06,LONDON_0800,NY_CLOSE_BROKER_CONVENTION,1736157600,1,1,1,1
2025-01-06,NEW_YORK_0930,ORIGINAL_DIRECT_UTC,1736173800,1,1,1,1
2025-01-06,NEW_YORK_0930,NY_CLOSE_BROKER_CONVENTION,1736181000,1,1,1,1
2025-01-07,LONDON_0800,ORIGINAL_DIRECT_UTC,1736236800,1,1,1,1
2025-01-07,LONDON_0800,NY_CLOSE_BROKER_CONVENTION,1736244000,1,1,1,1
2025-01-07,NEW_YORK_0930,ORIGINAL_DIRECT_UTC,1736260200,1,1,1,1
2025-01-07,NEW_YORK_0930,NY_CLOSE_BROKER_CONVENTION,1736267400,1,1,1,1
2025-01-08,LONDON_0800,ORIGINAL_DIRECT_UTC,1736323200,1,1,1,1
2025-01-08,LONDON_0800,NY_CLOSE_BROKER_CONVENTION,1736330400,1,1,1,1
2025-01-08,NEW_YORK_0930,ORIGINAL_DIRECT_UTC,1736346600,1,1,1,1
2025-01-08,NEW_YORK_0930,NY_CLOSE_BROKER_CONVENTION,1736353800,1,1,1,1
2025-01-09,LONDON_0800,ORIGINAL_DIRECT_UTC,1736409600,1,1,1,1
2025-01-09,LONDON_0800,NY_CLOSE_BROKER_CONVENTION,1736416800,1,1,1,1
2025-01-09,NEW_YORK_0930,ORIGINAL_DIRECT_UTC,1736433000,1,1,1,1
2025-01-09,NEW_YORK_0930,NY_CLOSE_BROKER_CONVENTION,1736440200,0,0,0,0
2025-01-10,LONDON_0800,ORIGINAL_DIRECT_UTC,1736496000,1,1,1,1
2025-01-10,LONDON_0800,NY_CLOSE_BROKER_CONVENTION,1736503200,1,1,1,1
2025-01-10,NEW_YORK_0930,ORIGINAL_DIRECT_UTC,1736519400,1,1,1,1
2025-01-10,NEW_YORK_0930,NY_CLOSE_BROKER_CONVENTION,1736526600,1,1,1,1
2025-01-13,LONDON_0800,ORIGINAL_DIRECT_UTC,1736755200,1,1,1,1
2025-01-13,LONDON_0800,NY_CLOSE_BROKER_CONVENTION,1736762400,1,1,1,1
2025-01-13,NEW_YORK_0930,ORIGINAL_DIRECT_UTC,1736778600,1,1,1,1
2025-01-13,NEW_YORK_0930,NY_CLOSE_BROKER_CONVENTION,1736785800,1,1,1,1
2025-01-14,LONDON_0800,ORIGINAL_DIRECT_UTC,1736841600,1,1,1,1
2025-01-14,LONDON_0800,NY_CLOSE_BROKER_CONVENTION,1736848800,1,1,1,1
2025-01-14,NEW_YORK_0930,ORIGINAL_DIRECT_UTC,1736865000,1,1,1,1
2025-01-14,NEW_YORK_0930,NY_CLOSE_BROKER_CONVENTION,1736872200,1,1,1,1
2025-01-15,LONDON_0800,ORIGINAL_DIRECT_UTC,1736928000,1,1,1,1
2025-01-15,LONDON_0800,NY_CLOSE_BROKER_CONVENTION,1736935200,1,1,1,1
2025-01-15,NEW_YORK_0930,ORIGINAL_DIRECT_UTC,1736951400,1,1,1,1
2025-01-15,NEW_YORK_0930,NY_CLOSE_BROKER_CONVENTION,1736958600,1,1,1,1
2025-01-16,LONDON_0800,ORIGINAL_DIRECT_UTC,1737014400,1,1,1,1
2025-01-16,LONDON_0800,NY_CLOSE_BROKER_CONVENTION,1737021600,1,1,1,1
2025-01-16,NEW_YORK_0930,ORIGINAL_DIRECT_UTC,1737037800,1,1,1,1
2025-01-16,NEW_YORK_0930,NY_CLOSE_BROKER_CONVENTION,1737045000,1,1,1,1
2025-01-17,LONDON_0800,ORIGINAL_DIRECT_UTC,1737100800,1,1,1,1
2025-01-17,LONDON_0800,NY_CLOSE_BROKER_CONVENTION,1737108000,1,1,1,1
2025-01-17,NEW_YORK_0930,ORIGINAL_DIRECT_UTC,1737124200,1,1,1,1
2025-01-17,NEW_YORK_0930,NY_CLOSE_BROKER_CONVENTION,1737131400,1,1,1,1
2025-01-20,LONDON_0800,ORIGINAL_DIRECT_UTC,1737360000,1,1,1,1
2025-01-20,LONDON_0800,NY_CLOSE_BROKER_CONVENTION,1737367200,1,1,1,1
2025-01-20,NEW_YORK_0930,ORIGINAL_DIRECT_UTC,1737383400,1,1,1,1
2025-01-20,NEW_YORK_0930,NY_CLOSE_BROKER_CONVENTION,1737390600,1,1,1,1
2025-01-21,LONDON_0800,ORIGINAL_DIRECT_UTC,1737446400,1,1,1,1
2025-01-21,LONDON_0800,NY_CLOSE_BROKER_CONVENTION,1737453600,1,1,1,1
2025-01-21,NEW_YORK_0930,ORIGINAL_DIRECT_UTC,1737469800,1,1,1,1
2025-01-21,NEW_YORK_0930,NY_CLOSE_BROKER_CONVENTION,1737477000,1,1,1,1
2025-01-22,LONDON_0800,ORIGINAL_DIRECT_UTC,1737532800,1,1,1,1
2025-01-22,LONDON_0800,NY_CLOSE_BROKER_CONVENTION,1737540000,1,1,1,1
2025-01-22,NEW_YORK_0930,ORIGINAL_DIRECT_UTC,1737556200,1,1,1,1
2025-01-22,NEW_YORK_0930,NY_CLOSE_BROKER_CONVENTION,1737563400,1,1,1,1
2025-01-23,LONDON_0800,ORIGINAL_DIRECT_UTC,1737619200,1,1,1,1
2025-01-23,LONDON_0800,NY_CLOSE_BROKER_CONVENTION,1737626400,1,1,1,1
2025-01-23,NEW_YORK_0930,ORIGINAL_DIRECT_UTC,1737642600,1,1,1,1
2025-01-23,NEW_YORK_0930,NY_CLOSE_BROKER_CONVENTION,1737649800,1,1,1,1
2025-01-24,LONDON_0800,ORIGINAL_DIRECT_UTC,1737705600,1,1,1,1
2025-01-24,LONDON_0800,NY_CLOSE_BROKER_CONVENTION,1737712800,1,1,1,1
2025-01-24,NEW_YORK_0930,ORIGINAL_DIRECT_UTC,1737729000,1,1,1,1
2025-01-24,NEW_YORK_0930,NY_CLOSE_BROKER_CONVENTION,1737736200,1,1,1,1
2025-01-27,LONDON_0800,ORIGINAL_DIRECT_UTC,1737964800,1,1,1,1
2025-01-27,LONDON_0800,NY_CLOSE_BROKER_CONVENTION,1737972000,1,1,1,1
2025-01-27,NEW_YORK_0930,ORIGINAL_DIRECT_UTC,1737988200,1,1,1,1
2025-01-27,NEW_YORK_0930,NY_CLOSE_BROKER_CONVENTION,1737995400,1,1,1,1
2025-01-28,LONDON_0800,ORIGINAL_DIRECT_UTC,1738051200,1,1,1,1
2025-01-28,LONDON_0800,NY_CLOSE_BROKER_CONVENTION,1738058400,1,1,1,1
2025-01-28,NEW_YORK_0930,ORIGINAL_DIRECT_UTC,1738074600,1,1,1,1
2025-01-28,NEW_YORK_0930,NY_CLOSE_BROKER_CONVENTION,1738081800,1,1,1,1
2025-01-29,LONDON_0800,ORIGINAL_DIRECT_UTC,1738137600,1,1,1,1
2025-01-29,LONDON_0800,NY_CLOSE_BROKER_CONVENTION,1738144800,1,1,1,1
2025-01-29,NEW_YORK_0930,ORIGINAL_DIRECT_UTC,1738161000,1,1,1,1
2025-01-29,NEW_YORK_0930,NY_CLOSE_BROKER_CONVENTION,1738168200,1,1,1,1
2025-01-30,LONDON_0800,ORIGINAL_DIRECT_UTC,1738224000,1,1,1,1
2025-01-30,LONDON_0800,NY_CLOSE_BROKER_CONVENTION,1738231200,1,1,1,1
2025-01-30,NEW_YORK_0930,ORIGINAL_DIRECT_UTC,1738247400,1,1,1,1
2025-01-30,NEW_YORK_0930,NY_CLOSE_BROKER_CONVENTION,1738254600,1,1,1,1
2025-01-31,LONDON_0800,ORIGINAL_DIRECT_UTC,1738310400,1,1,1,1
2025-01-31,LONDON_0800,NY_CLOSE_BROKER_CONVENTION,1738317600,1,1,1,1
2025-01-31,NEW_YORK_0930,ORIGINAL_DIRECT_UTC,1738333800,1,1,1,1
2025-01-31,NEW_YORK_0930,NY_CLOSE_BROKER_CONVENTION,1738341000,1,1,1,1
2025-02-03,LONDON_0800,ORIGINAL_DIRECT_UTC,1738569600,1,1,1,1
2025-02-03,LONDON_0800,NY_CLOSE_BROKER_CONVENTION,1738576800,1,1,1,1
2025-02-03,NEW_YORK_0930,ORIGINAL_DIRECT_UTC,1738593000,1,1,1,1
2025-02-03,NEW_YORK_0930,NY_CLOSE_BROKER_CONVENTION,1738600200,1,1,1,1
2025-02-04,LONDON_0800,ORIGINAL_DIRECT_UTC,1738656000,1,1,1,0
2025-02-04,LONDON_0800,NY_CLOSE_BROKER_CONVENTION,1738663200,1,1,1,1
2025-02-04,NEW_YORK_0930,ORIGINAL_DIRECT_UTC,1738679400,0,0,0,0
2025-02-04,NEW_YORK_0930,NY_CLOSE_BROKER_CONVENTION,1738686600,1,1,1,1
2025-02-05,LONDON_0800,ORIGINAL_DIRECT_UTC,1738742400,1,1,1,1
2025-02-05,LONDON_0800,NY_CLOSE_BROKER_CONVENTION,1738749600,1,1,1,1
2025-02-05,NEW_YORK_0930,ORIGINAL_DIRECT_UTC,1738765800,1,1,1,1
2025-02-05,NEW_YORK_0930,NY_CLOSE_BROKER_CONVENTION,1738773000,1,1,1,1
2025-02-06,LONDON_0800,ORIGINAL_DIRECT_UTC,1738828800,1,1,1,1
2025-02-06,LONDON_0800,NY_CLOSE_BROKER_CONVENTION,1738836000,1,1,1,1
2025-02-06,NEW_YORK_0930,ORIGINAL_DIRECT_UTC,1738852200,1,1,1,1
2025-02-06,NEW_YORK_0930,NY_CLOSE_BROKER_CONVENTION,1738859400,1,1,1,1
2025-02-07,LONDON_0800,ORIGINAL_DIRECT_UTC,1738915200,1,1,1,1
2025-02-07,LONDON_0800,NY_CLOSE_BROKER_CONVENTION,1738922400,1,1,1,1
2025-02-07,NEW_YORK_0930,ORIGINAL_DIRECT_UTC,1738938600,1,1,1,1
2025-02-07,NEW_YORK_0930,NY_CLOSE_BROKER_CONVENTION,1738945800,1,1,1,1
2025-02-10,LONDON_0800,ORIGINAL_DIRECT_UTC,1739174400,1,1,1,1
2025-02-10,LONDON_0800,NY_CLOSE_BROKER_CONVENTION,1739181600,1,1,1,1
2025-02-10,NEW_YORK_0930,ORIGINAL_DIRECT_UTC,1739197800,1,1,1,1
2025-02-10,NEW_YORK_0930,NY_CLOSE_BROKER_CONVENTION,1739205000,1,1,1,1
2025-02-11,LONDON_0800,ORIGINAL_DIRECT_UTC,1739260800,1,1,1,1
2025-02-11,LONDON_0800,NY_CLOSE_BROKER_CONVENTION,1739268000,1,1,1,1
2025-02-11,NEW_YORK_0930,ORIGINAL_DIRECT_UTC,1739284200,1,1,1,1
2025-02-11,NEW_YORK_0930,NY_CLOSE_BROKER_CONVENTION,1739291400,1,1,1,1
2025-02-12,LONDON_0800,ORIGINAL_DIRECT_UTC,1739347200,1,1,1,1
2025-02-12,LONDON_0800,NY_CLOSE_BROKER_CONVENTION,1739354400,1,1,1,1
2025-02-12,NEW_YORK_0930,ORIGINAL_DIRECT_UTC,1739370600,1,1,1,1
2025-02-12,NEW_YORK_0930,NY_CLOSE_BROKER_CONVENTION,1739377800,1,1,1,1
2025-02-13,LONDON_0800,ORIGINAL_DIRECT_UTC,1739433600,1,1,1,1
2025-02-13,LONDON_0800,NY_CLOSE_BROKER_CONVENTION,1739440800,1,1,1,1
2025-02-13,NEW_YORK_0930,ORIGINAL_DIRECT_UTC,1739457000,1,1,1,1
2025-02-13,NEW_YORK_0930,NY_CLOSE_BROKER_CONVENTION,1739464200,1,1,1,1
2025-02-14,LONDON_0800,ORIGINAL_DIRECT_UTC,1739520000,1,1,1,1
2025-02-14,LONDON_0800,NY_CLOSE_BROKER_CONVENTION,1739527200,1,1,1,1
2025-02-14,NEW_YORK_0930,ORIGINAL_DIRECT_UTC,1739543400,1,1,1,1
2025-02-14,NEW_YORK_0930,NY_CLOSE_BROKER_CONVENTION,1739550600,1,1,1,1
2025-02-17,LONDON_0800,ORIGINAL_DIRECT_UTC,1739779200,1,1,1,1
2025-02-17,LONDON_0800,NY_CLOSE_BROKER_CONVENTION,1739786400,1,1,1,1
2025-02-17,NEW_YORK_0930,ORIGINAL_DIRECT_UTC,1739802600,1,1,1,1
2025-02-17,NEW_YORK_0930,NY_CLOSE_BROKER_CONVENTION,1739809800,1,1,1,1
2025-02-18,LONDON_0800,ORIGINAL_DIRECT_UTC,1739865600,1,1,1,1
2025-02-18,LONDON_0800,NY_CLOSE_BROKER_CONVENTION,1739872800,1,1,1,1
2025-02-18,NEW_YORK_0930,ORIGINAL_DIRECT_UTC,1739889000,1,1,1,1
2025-02-18,NEW_YORK_0930,NY_CLOSE_BROKER_CONVENTION,1739896200,1,1,1,1
2025-02-19,LONDON_0800,ORIGINAL_DIRECT_UTC,1739952000,1,1,1,1
2025-02-19,LONDON_0800,NY_CLOSE_BROKER_CONVENTION,1739959200,1,1,1,1
2025-02-19,NEW_YORK_0930,ORIGINAL_DIRECT_UTC,1739975400,1,1,1,1
2025-02-19,NEW_YORK_0930,NY_CLOSE_BROKER_CONVENTION,1739982600,1,1,1,1
2025-02-20,LONDON_0800,ORIGINAL_DIRECT_UTC,1740038400,1,1,1,1
2025-02-20,LONDON_0800,NY_CLOSE_BROKER_CONVENTION,1740045600,1,1,1,1
2025-02-20,NEW_YORK_0930,ORIGINAL_DIRECT_UTC,1740061800,1,1,1,1
2025-02-20,NEW_YORK_0930,NY_CLOSE_BROKER_CONVENTION,1740069000,1,1,1,1
2025-02-21,LONDON_0800,ORIGINAL_DIRECT_UTC,1740124800,1,1,1,1
2025-02-21,LONDON_0800,NY_CLOSE_BROKER_CONVENTION,1740132000,1,1,1,1
2025-02-21,NEW_YORK_0930,ORIGINAL_DIRECT_UTC,1740148200,1,1,1,1
2025-02-21,NEW_YORK_0930,NY_CLOSE_BROKER_CONVENTION,1740155400,1,1,1,1
2025-02-24,LONDON_0800,ORIGINAL_DIRECT_UTC,1740384000,1,1,1,1
2025-02-24,LONDON_0800,NY_CLOSE_BROKER_CONVENTION,1740391200,1,1,1,1
2025-02-24,NEW_YORK_0930,ORIGINAL_DIRECT_UTC,1740407400,1,1,1,1
2025-02-24,NEW_YORK_0930,NY_CLOSE_BROKER_CONVENTION,1740414600,1,1,1,1
2025-02-25,LONDON_0800,ORIGINAL_DIRECT_UTC,1740470400,1,1,1,1
2025-02-25,LONDON_0800,NY_CLOSE_BROKER_CONVENTION,1740477600,1,1,1,1
2025-02-25,NEW_YORK_0930,ORIGINAL_DIRECT_UTC,1740493800,1,1,1,1
2025-02-25,NEW_YORK_0930,NY_CLOSE_BROKER_CONVENTION,1740501000,1,1,1,1
2025-02-26,LONDON_0800,ORIGINAL_DIRECT_UTC,1740556800,1,1,1,1
2025-02-26,LONDON_0800,NY_CLOSE_BROKER_CONVENTION,1740564000,1,1,1,1
2025-02-26,NEW_YORK_0930,ORIGINAL_DIRECT_UTC,1740580200,1,1,1,1
2025-02-26,NEW_YORK_0930,NY_CLOSE_BROKER_CONVENTION,1740587400,1,1,1,1
2025-02-27,LONDON_0800,ORIGINAL_DIRECT_UTC,1740643200,1,1,1,1
2025-02-27,LONDON_0800,NY_CLOSE_BROKER_CONVENTION,1740650400,1,1,1,1
2025-02-27,NEW_YORK_0930,ORIGINAL_DIRECT_UTC,1740666600,1,1,1,1
2025-02-27,NEW_YORK_0930,NY_CLOSE_BROKER_CONVENTION,1740673800,1,1,1,1
2025-02-28,LONDON_0800,ORIGINAL_DIRECT_UTC,1740729600,1,1,1,1
2025-02-28,LONDON_0800,NY_CLOSE_BROKER_CONVENTION,1740736800,1,1,1,1
2025-02-28,NEW_YORK_0930,ORIGINAL_DIRECT_UTC,1740753000,1,1,1,1
2025-02-28,NEW_YORK_0930,NY_CLOSE_BROKER_CONVENTION,1740760200,1,1,1,1
2025-03-03,LONDON_0800,ORIGINAL_DIRECT_UTC,1740988800,1,1,1,1
2025-03-03,LONDON_0800,NY_CLOSE_BROKER_CONVENTION,1740996000,1,1,1,1
2025-03-03,NEW_YORK_0930,ORIGINAL_DIRECT_UTC,1741012200,1,1,1,1
2025-03-03,NEW_YORK_0930,NY_CLOSE_BROKER_CONVENTION,1741019400,1,1,1,1
2025-03-04,LONDON_0800,ORIGINAL_DIRECT_UTC,1741075200,1,1,1,1
2025-03-04,LONDON_0800,NY_CLOSE_BROKER_CONVENTION,1741082400,1,1,1,1
2025-03-04,NEW_YORK_0930,ORIGINAL_DIRECT_UTC,1741098600,1,1,1,1
2025-03-04,NEW_YORK_0930,NY_CLOSE_BROKER_CONVENTION,1741105800,1,1,1,1
2025-03-05,LONDON_0800,ORIGINAL_DIRECT_UTC,1741161600,1,1,1,1
2025-03-05,LONDON_0800,NY_CLOSE_BROKER_CONVENTION,1741168800,1,1,1,1
2025-03-05,NEW_YORK_0930,ORIGINAL_DIRECT_UTC,1741185000,1,1,1,1
2025-03-05,NEW_YORK_0930,NY_CLOSE_BROKER_CONVENTION,1741192200,1,1,1,1
2025-03-06,LONDON_0800,ORIGINAL_DIRECT_UTC,1741248000,1,1,1,1
2025-03-06,LONDON_0800,NY_CLOSE_BROKER_CONVENTION,1741255200,1,1,1,1
2025-03-06,NEW_YORK_0930,ORIGINAL_DIRECT_UTC,1741271400,1,1,1,1
2025-03-06,NEW_YORK_0930,NY_CLOSE_BROKER_CONVENTION,1741278600,1,1,1,1
2025-03-07,LONDON_0800,ORIGINAL_DIRECT_UTC,1741334400,1,1,1,1
2025-03-07,LONDON_0800,NY_CLOSE_BROKER_CONVENTION,1741341600,1,1,1,1
2025-03-07,NEW_YORK_0930,ORIGINAL_DIRECT_UTC,1741357800,1,1,1,1
2025-03-07,NEW_YORK_0930,NY_CLOSE_BROKER_CONVENTION,1741365000,1,1,1,1
2025-03-10,LONDON_0800,ORIGINAL_DIRECT_UTC,1741593600,1,1,1,1
2025-03-10,LONDON_0800,NY_CLOSE_BROKER_CONVENTION,1741604400,1,1,1,1
2025-03-10,NEW_YORK_0930,ORIGINAL_DIRECT_UTC,1741613400,1,1,1,1
2025-03-10,NEW_YORK_0930,NY_CLOSE_BROKER_CONVENTION,1741624200,1,1,1,1
2025-03-11,LONDON_0800,ORIGINAL_DIRECT_UTC,1741680000,1,1,1,1
2025-03-11,LONDON_0800,NY_CLOSE_BROKER_CONVENTION,1741690800,1,1,1,1
2025-03-11,NEW_YORK_0930,ORIGINAL_DIRECT_UTC,1741699800,1,1,1,1
2025-03-11,NEW_YORK_0930,NY_CLOSE_BROKER_CONVENTION,1741710600,1,1,1,1
2025-03-12,LONDON_0800,ORIGINAL_DIRECT_UTC,1741766400,1,1,1,1
2025-03-12,LONDON_0800,NY_CLOSE_BROKER_CONVENTION,1741777200,1,1,1,1
2025-03-12,NEW_YORK_0930,ORIGINAL_DIRECT_UTC,1741786200,1,1,1,1
2025-03-12,NEW_YORK_0930,NY_CLOSE_BROKER_CONVENTION,1741797000,1,1,1,1
2025-03-13,LONDON_0800,ORIGINAL_DIRECT_UTC,1741852800,1,1,1,1
2025-03-13,LONDON_0800,NY_CLOSE_BROKER_CONVENTION,1741863600,1,1,1,1
2025-03-13,NEW_YORK_0930,ORIGINAL_DIRECT_UTC,1741872600,1,1,1,1
2025-03-13,NEW_YORK_0930,NY_CLOSE_BROKER_CONVENTION,1741883400,1,1,1,1
2025-03-14,LONDON_0800,ORIGINAL_DIRECT_UTC,1741939200,1,1,1,1
2025-03-14,LONDON_0800,NY_CLOSE_BROKER_CONVENTION,1741950000,1,1,1,1
2025-03-14,NEW_YORK_0930,ORIGINAL_DIRECT_UTC,1741959000,1,1,1,1
2025-03-14,NEW_YORK_0930,NY_CLOSE_BROKER_CONVENTION,1741969800,1,1,1,1
2025-03-17,LONDON_0800,ORIGINAL_DIRECT_UTC,1742198400,1,1,1,1
2025-03-17,LONDON_0800,NY_CLOSE_BROKER_CONVENTION,1742209200,1,1,1,1
2025-03-17,NEW_YORK_0930,ORIGINAL_DIRECT_UTC,1742218200,1,1,1,1
2025-03-17,NEW_YORK_0930,NY_CLOSE_BROKER_CONVENTION,1742229000,1,1,1,1
2025-03-18,LONDON_0800,ORIGINAL_DIRECT_UTC,1742284800,1,1,1,1
2025-03-18,LONDON_0800,NY_CLOSE_BROKER_CONVENTION,1742295600,1,1,1,1
2025-03-18,NEW_YORK_0930,ORIGINAL_DIRECT_UTC,1742304600,1,1,1,1
2025-03-18,NEW_YORK_0930,NY_CLOSE_BROKER_CONVENTION,1742315400,1,1,1,1
2025-03-19,LONDON_0800,ORIGINAL_DIRECT_UTC,1742371200,1,1,1,1
2025-03-19,LONDON_0800,NY_CLOSE_BROKER_CONVENTION,1742382000,1,1,1,1
2025-03-19,NEW_YORK_0930,ORIGINAL_DIRECT_UTC,1742391000,1,1,1,1
2025-03-19,NEW_YORK_0930,NY_CLOSE_BROKER_CONVENTION,1742401800,1,1,1,1
2025-03-20,LONDON_0800,ORIGINAL_DIRECT_UTC,1742457600,1,1,1,1
2025-03-20,LONDON_0800,NY_CLOSE_BROKER_CONVENTION,1742468400,1,1,1,1
2025-03-20,NEW_YORK_0930,ORIGINAL_DIRECT_UTC,1742477400,1,1,1,1
2025-03-20,NEW_YORK_0930,NY_CLOSE_BROKER_CONVENTION,1742488200,1,1,1,1
2025-03-21,LONDON_0800,ORIGINAL_DIRECT_UTC,1742544000,1,1,1,1
2025-03-21,LONDON_0800,NY_CLOSE_BROKER_CONVENTION,1742554800,1,1,1,1
2025-03-21,NEW_YORK_0930,ORIGINAL_DIRECT_UTC,1742563800,1,1,1,1
2025-03-21,NEW_YORK_0930,NY_CLOSE_BROKER_CONVENTION,1742574600,1,1,1,1
2025-03-24,LONDON_0800,ORIGINAL_DIRECT_UTC,1742803200,1,1,1,1
2025-03-24,LONDON_0800,NY_CLOSE_BROKER_CONVENTION,1742814000,1,1,1,1
2025-03-24,NEW_YORK_0930,ORIGINAL_DIRECT_UTC,1742823000,1,1,1,1
2025-03-24,NEW_YORK_0930,NY_CLOSE_BROKER_CONVENTION,1742833800,1,1,1,1
2025-03-25,LONDON_0800,ORIGINAL_DIRECT_UTC,1742889600,1,1,1,1
2025-03-25,LONDON_0800,NY_CLOSE_BROKER_CONVENTION,1742900400,1,1,1,1
2025-03-25,NEW_YORK_0930,ORIGINAL_DIRECT_UTC,1742909400,1,1,1,1
2025-03-25,NEW_YORK_0930,NY_CLOSE_BROKER_CONVENTION,1742920200,1,1,1,1
2025-03-26,LONDON_0800,ORIGINAL_DIRECT_UTC,1742976000,1,1,1,1
2025-03-26,LONDON_0800,NY_CLOSE_BROKER_CONVENTION,1742986800,1,1,1,1
2025-03-26,NEW_YORK_0930,ORIGINAL_DIRECT_UTC,1742995800,1,1,1,1
2025-03-26,NEW_YORK_0930,NY_CLOSE_BROKER_CONVENTION,1743006600,1,1,1,1
2025-03-27,LONDON_0800,ORIGINAL_DIRECT_UTC,1743062400,1,1,1,1
2025-03-27,LONDON_0800,NY_CLOSE_BROKER_CONVENTION,1743073200,1,1,1,1
2025-03-27,NEW_YORK_0930,ORIGINAL_DIRECT_UTC,1743082200,1,1,1,1
2025-03-27,NEW_YORK_0930,NY_CLOSE_BROKER_CONVENTION,1743093000,1,1,1,1
2025-03-28,LONDON_0800,ORIGINAL_DIRECT_UTC,1743148800,1,1,1,1
2025-03-28,LONDON_0800,NY_CLOSE_BROKER_CONVENTION,1743159600,1,1,1,1
2025-03-28,NEW_YORK_0930,ORIGINAL_DIRECT_UTC,1743168600,1,1,1,1
2025-03-28,NEW_YORK_0930,NY_CLOSE_BROKER_CONVENTION,1743179400,1,1,1,1
2025-03-31,LONDON_0800,ORIGINAL_DIRECT_UTC,1743404400,1,1,1,1
2025-03-31,LONDON_0800,NY_CLOSE_BROKER_CONVENTION,1743415200,1,1,1,1
2025-03-31,NEW_YORK_0930,ORIGINAL_DIRECT_UTC,1743427800,1,1,1,1
2025-03-31,NEW_YORK_0930,NY_CLOSE_BROKER_CONVENTION,1743438600,1,1,1,1
2025-04-01,LONDON_0800,ORIGINAL_DIRECT_UTC,1743490800,1,1,1,1
2025-04-01,LONDON_0800,NY_CLOSE_BROKER_CONVENTION,1743501600,1,1,1,1
2025-04-01,NEW_YORK_0930,ORIGINAL_DIRECT_UTC,1743514200,1,1,1,1
2025-04-01,NEW_YORK_0930,NY_CLOSE_BROKER_CONVENTION,1743525000,1,1,1,1
2025-04-02,LONDON_0800,ORIGINAL_DIRECT_UTC,1743577200,1,1,1,1
2025-04-02,LONDON_0800,NY_CLOSE_BROKER_CONVENTION,1743588000,1,1,1,1
2025-04-02,NEW_YORK_0930,ORIGINAL_DIRECT_UTC,1743600600,1,1,1,1
2025-04-02,NEW_YORK_0930,NY_CLOSE_BROKER_CONVENTION,1743611400,1,1,1,1
2025-04-03,LONDON_0800,ORIGINAL_DIRECT_UTC,1743663600,1,1,1,1
2025-04-03,LONDON_0800,NY_CLOSE_BROKER_CONVENTION,1743674400,1,1,1,1
2025-04-03,NEW_YORK_0930,ORIGINAL_DIRECT_UTC,1743687000,1,1,1,1
2025-04-03,NEW_YORK_0930,NY_CLOSE_BROKER_CONVENTION,1743697800,1,1,1,1
2025-04-04,LONDON_0800,ORIGINAL_DIRECT_UTC,1743750000,1,1,1,1
2025-04-04,LONDON_0800,NY_CLOSE_BROKER_CONVENTION,1743760800,1,1,1,1
2025-04-04,NEW_YORK_0930,ORIGINAL_DIRECT_UTC,1743773400,1,1,1,1
2025-04-04,NEW_YORK_0930,NY_CLOSE_BROKER_CONVENTION,1743784200,1,1,1,1
2025-04-07,LONDON_0800,ORIGINAL_DIRECT_UTC,1744009200,1,1,1,1
2025-04-07,LONDON_0800,NY_CLOSE_BROKER_CONVENTION,1744020000,1,1,1,1
2025-04-07,NEW_YORK_0930,ORIGINAL_DIRECT_UTC,1744032600,1,1,1,1
2025-04-07,NEW_YORK_0930,NY_CLOSE_BROKER_CONVENTION,1744043400,1,1,1,1
2025-04-08,LONDON_0800,ORIGINAL_DIRECT_UTC,1744095600,1,1,1,1
2025-04-08,LONDON_0800,NY_CLOSE_BROKER_CONVENTION,1744106400,1,1,1,1
2025-04-08,NEW_YORK_0930,ORIGINAL_DIRECT_UTC,1744119000,1,1,1,1
2025-04-08,NEW_YORK_0930,NY_CLOSE_BROKER_CONVENTION,1744129800,1,1,1,1
2025-04-09,LONDON_0800,ORIGINAL_DIRECT_UTC,1744182000,1,1,1,1
2025-04-09,LONDON_0800,NY_CLOSE_BROKER_CONVENTION,1744192800,1,1,1,1
2025-04-09,NEW_YORK_0930,ORIGINAL_DIRECT_UTC,1744205400,1,1,1,1
2025-04-09,NEW_YORK_0930,NY_CLOSE_BROKER_CONVENTION,1744216200,1,1,1,1
2025-04-10,LONDON_0800,ORIGINAL_DIRECT_UTC,1744268400,1,1,1,1
2025-04-10,LONDON_0800,NY_CLOSE_BROKER_CONVENTION,1744279200,1,1,1,1
2025-04-10,NEW_YORK_0930,ORIGINAL_DIRECT_UTC,1744291800,1,1,1,1
2025-04-10,NEW_YORK_0930,NY_CLOSE_BROKER_CONVENTION,1744302600,1,1,1,1
2025-04-11,LONDON_0800,ORIGINAL_DIRECT_UTC,1744354800,1,1,1,1
2025-04-11,LONDON_0800,NY_CLOSE_BROKER_CONVENTION,1744365600,1,1,1,1
2025-04-11,NEW_YORK_0930,ORIGINAL_DIRECT_UTC,1744378200,1,1,1,1
2025-04-11,NEW_YORK_0930,NY_CLOSE_BROKER_CONVENTION,1744389000,1,1,1,1
2025-04-14,LONDON_0800,ORIGINAL_DIRECT_UTC,1744614000,1,1,1,1
2025-04-14,LONDON_0800,NY_CLOSE_BROKER_CONVENTION,1744624800,1,1,1,1
2025-04-14,NEW_YORK_0930,ORIGINAL_DIRECT_UTC,1744637400,1,1,1,1
2025-04-14,NEW_YORK_0930,NY_CLOSE_BROKER_CONVENTION,1744648200,1,1,1,1
2025-04-15,LONDON_0800,ORIGINAL_DIRECT_UTC,1744700400,1,1,1,1
2025-04-15,LONDON_0800,NY_CLOSE_BROKER_CONVENTION,1744711200,1,1,1,1
2025-04-15,NEW_YORK_0930,ORIGINAL_DIRECT_UTC,1744723800,1,1,1,1
2025-04-15,NEW_YORK_0930,NY_CLOSE_BROKER_CONVENTION,1744734600,1,1,1,1
2025-04-16,LONDON_0800,ORIGINAL_DIRECT_UTC,1744786800,1,1,1,1
2025-04-16,LONDON_0800,NY_CLOSE_BROKER_CONVENTION,1744797600,1,1,1,1
2025-04-16,NEW_YORK_0930,ORIGINAL_DIRECT_UTC,1744810200,1,1,1,1
2025-04-16,NEW_YORK_0930,NY_CLOSE_BROKER_CONVENTION,1744821000,1,1,1,1
2025-04-17,LONDON_0800,ORIGINAL_DIRECT_UTC,1744873200,1,1,1,1
2025-04-17,LONDON_0800,NY_CLOSE_BROKER_CONVENTION,1744884000,1,1,1,1
2025-04-17,NEW_YORK_0930,ORIGINAL_DIRECT_UTC,1744896600,1,1,1,1
2025-04-17,NEW_YORK_0930,NY_CLOSE_BROKER_CONVENTION,1744907400,1,1,1,1
2025-04-21,LONDON_0800,ORIGINAL_DIRECT_UTC,1745218800,1,1,1,1
2025-04-21,LONDON_0800,NY_CLOSE_BROKER_CONVENTION,1745229600,1,1,1,1
2025-04-21,NEW_YORK_0930,ORIGINAL_DIRECT_UTC,1745242200,1,1,1,1
2025-04-21,NEW_YORK_0930,NY_CLOSE_BROKER_CONVENTION,1745253000,1,1,1,1
2025-04-22,LONDON_0800,ORIGINAL_DIRECT_UTC,1745305200,1,1,1,1
2025-04-22,LONDON_0800,NY_CLOSE_BROKER_CONVENTION,1745316000,1,1,1,1
2025-04-22,NEW_YORK_0930,ORIGINAL_DIRECT_UTC,1745328600,1,1,1,1
2025-04-22,NEW_YORK_0930,NY_CLOSE_BROKER_CONVENTION,1745339400,1,1,1,1
2025-04-23,LONDON_0800,ORIGINAL_DIRECT_UTC,1745391600,1,1,1,1
2025-04-23,LONDON_0800,NY_CLOSE_BROKER_CONVENTION,1745402400,1,1,1,1
2025-04-23,NEW_YORK_0930,ORIGINAL_DIRECT_UTC,1745415000,1,1,1,1
2025-04-23,NEW_YORK_0930,NY_CLOSE_BROKER_CONVENTION,1745425800,1,1,1,1
2025-04-24,LONDON_0800,ORIGINAL_DIRECT_UTC,1745478000,1,1,1,1
2025-04-24,LONDON_0800,NY_CLOSE_BROKER_CONVENTION,1745488800,1,1,1,1
2025-04-24,NEW_YORK_0930,ORIGINAL_DIRECT_UTC,1745501400,1,1,1,1
2025-04-24,NEW_YORK_0930,NY_CLOSE_BROKER_CONVENTION,1745512200,1,1,1,1
2025-04-25,LONDON_0800,ORIGINAL_DIRECT_UTC,1745564400,1,1,1,1
2025-04-25,LONDON_0800,NY_CLOSE_BROKER_CONVENTION,1745575200,1,1,1,1
2025-04-25,NEW_YORK_0930,ORIGINAL_DIRECT_UTC,1745587800,1,1,1,1
2025-04-25,NEW_YORK_0930,NY_CLOSE_BROKER_CONVENTION,1745598600,1,1,1,1
2025-04-28,LONDON_0800,ORIGINAL_DIRECT_UTC,1745823600,1,1,1,1
2025-04-28,LONDON_0800,NY_CLOSE_BROKER_CONVENTION,1745834400,1,1,1,1
2025-04-28,NEW_YORK_0930,ORIGINAL_DIRECT_UTC,1745847000,1,1,1,1
2025-04-28,NEW_YORK_0930,NY_CLOSE_BROKER_CONVENTION,1745857800,1,1,1,1
2025-04-29,LONDON_0800,ORIGINAL_DIRECT_UTC,1745910000,1,1,1,1
2025-04-29,LONDON_0800,NY_CLOSE_BROKER_CONVENTION,1745920800,1,1,1,1
2025-04-29,NEW_YORK_0930,ORIGINAL_DIRECT_UTC,1745933400,1,1,1,1
2025-04-29,NEW_YORK_0930,NY_CLOSE_BROKER_CONVENTION,1745944200,1,1,1,1
2025-04-30,LONDON_0800,ORIGINAL_DIRECT_UTC,1745996400,1,1,1,1
2025-04-30,LONDON_0800,NY_CLOSE_BROKER_CONVENTION,1746007200,1,1,1,1
2025-04-30,NEW_YORK_0930,ORIGINAL_DIRECT_UTC,1746019800,1,1,1,1
2025-04-30,NEW_YORK_0930,NY_CLOSE_BROKER_CONVENTION,1746030600,1,1,1,1
2025-05-01,LONDON_0800,ORIGINAL_DIRECT_UTC,1746082800,1,1,1,1
2025-05-01,LONDON_0800,NY_CLOSE_BROKER_CONVENTION,1746093600,1,1,1,1
2025-05-01,NEW_YORK_0930,ORIGINAL_DIRECT_UTC,1746106200,1,1,1,1
2025-05-01,NEW_YORK_0930,NY_CLOSE_BROKER_CONVENTION,1746117000,1,1,1,1
2025-05-02,LONDON_0800,ORIGINAL_DIRECT_UTC,1746169200,1,1,1,1
2025-05-02,LONDON_0800,NY_CLOSE_BROKER_CONVENTION,1746180000,1,1,1,1
2025-05-02,NEW_YORK_0930,ORIGINAL_DIRECT_UTC,1746192600,1,1,1,1
2025-05-02,NEW_YORK_0930,NY_CLOSE_BROKER_CONVENTION,1746203400,1,1,1,1
2025-05-05,LONDON_0800,ORIGINAL_DIRECT_UTC,1746428400,1,1,1,1
2025-05-05,LONDON_0800,NY_CLOSE_BROKER_CONVENTION,1746439200,1,1,1,1
2025-05-05,NEW_YORK_0930,ORIGINAL_DIRECT_UTC,1746451800,1,1,1,1
2025-05-05,NEW_YORK_0930,NY_CLOSE_BROKER_CONVENTION,1746462600,1,1,1,1
2025-05-06,LONDON_0800,ORIGINAL_DIRECT_UTC,1746514800,1,1,1,1
2025-05-06,LONDON_0800,NY_CLOSE_BROKER_CONVENTION,1746525600,1,1,1,1
2025-05-06,NEW_YORK_0930,ORIGINAL_DIRECT_UTC,1746538200,1,1,1,1
2025-05-06,NEW_YORK_0930,NY_CLOSE_BROKER_CONVENTION,1746549000,1,1,1,1
2025-05-07,LONDON_0800,ORIGINAL_DIRECT_UTC,1746601200,1,1,1,1
2025-05-07,LONDON_0800,NY_CLOSE_BROKER_CONVENTION,1746612000,1,1,1,1
2025-05-07,NEW_YORK_0930,ORIGINAL_DIRECT_UTC,1746624600,1,1,1,1
2025-05-07,NEW_YORK_0930,NY_CLOSE_BROKER_CONVENTION,1746635400,1,1,1,1
2025-05-08,LONDON_0800,ORIGINAL_DIRECT_UTC,1746687600,1,1,1,1
2025-05-08,LONDON_0800,NY_CLOSE_BROKER_CONVENTION,1746698400,1,1,1,1
2025-05-08,NEW_YORK_0930,ORIGINAL_DIRECT_UTC,1746711000,1,1,1,1
2025-05-08,NEW_YORK_0930,NY_CLOSE_BROKER_CONVENTION,1746721800,1,1,1,1
2025-05-09,LONDON_0800,ORIGINAL_DIRECT_UTC,1746774000,1,1,1,1
2025-05-09,LONDON_0800,NY_CLOSE_BROKER_CONVENTION,1746784800,1,1,1,1
2025-05-09,NEW_YORK_0930,ORIGINAL_DIRECT_UTC,1746797400,1,1,1,1
2025-05-09,NEW_YORK_0930,NY_CLOSE_BROKER_CONVENTION,1746808200,1,1,1,1
2025-05-12,LONDON_0800,ORIGINAL_DIRECT_UTC,1747033200,1,1,1,1
2025-05-12,LONDON_0800,NY_CLOSE_BROKER_CONVENTION,1747044000,1,1,1,1
2025-05-12,NEW_YORK_0930,ORIGINAL_DIRECT_UTC,1747056600,1,1,1,1
2025-05-12,NEW_YORK_0930,NY_CLOSE_BROKER_CONVENTION,1747067400,1,1,1,1
2025-05-13,LONDON_0800,ORIGINAL_DIRECT_UTC,1747119600,1,1,1,1
2025-05-13,LONDON_0800,NY_CLOSE_BROKER_CONVENTION,1747130400,1,1,1,1
2025-05-13,NEW_YORK_0930,ORIGINAL_DIRECT_UTC,1747143000,1,1,1,1
2025-05-13,NEW_YORK_0930,NY_CLOSE_BROKER_CONVENTION,1747153800,1,1,1,1
2025-05-14,LONDON_0800,ORIGINAL_DIRECT_UTC,1747206000,1,1,1,1
2025-05-14,LONDON_0800,NY_CLOSE_BROKER_CONVENTION,1747216800,1,1,1,1
2025-05-14,NEW_YORK_0930,ORIGINAL_DIRECT_UTC,1747229400,1,1,1,1
2025-05-14,NEW_YORK_0930,NY_CLOSE_BROKER_CONVENTION,1747240200,1,1,1,1
2025-05-15,LONDON_0800,ORIGINAL_DIRECT_UTC,1747292400,1,1,1,1
2025-05-15,LONDON_0800,NY_CLOSE_BROKER_CONVENTION,1747303200,1,1,1,1
2025-05-15,NEW_YORK_0930,ORIGINAL_DIRECT_UTC,1747315800,1,1,1,1
2025-05-15,NEW_YORK_0930,NY_CLOSE_BROKER_CONVENTION,1747326600,1,1,1,1
2025-05-16,LONDON_0800,ORIGINAL_DIRECT_UTC,1747378800,1,1,1,1
2025-05-16,LONDON_0800,NY_CLOSE_BROKER_CONVENTION,1747389600,1,1,1,1
2025-05-16,NEW_YORK_0930,ORIGINAL_DIRECT_UTC,1747402200,1,1,1,1
2025-05-16,NEW_YORK_0930,NY_CLOSE_BROKER_CONVENTION,1747413000,1,1,1,1
2025-05-19,LONDON_0800,ORIGINAL_DIRECT_UTC,1747638000,1,1,1,1
2025-05-19,LONDON_0800,NY_CLOSE_BROKER_CONVENTION,1747648800,1,1,1,1
2025-05-19,NEW_YORK_0930,ORIGINAL_DIRECT_UTC,1747661400,1,1,1,1
2025-05-19,NEW_YORK_0930,NY_CLOSE_BROKER_CONVENTION,1747672200,1,1,1,1
2025-05-20,LONDON_0800,ORIGINAL_DIRECT_UTC,1747724400,1,1,1,1
2025-05-20,LONDON_0800,NY_CLOSE_BROKER_CONVENTION,1747735200,1,1,1,1
2025-05-20,NEW_YORK_0930,ORIGINAL_DIRECT_UTC,1747747800,1,1,1,1
2025-05-20,NEW_YORK_0930,NY_CLOSE_BROKER_CONVENTION,1747758600,1,1,1,1
2025-05-21,LONDON_0800,ORIGINAL_DIRECT_UTC,1747810800,1,1,1,1
2025-05-21,LONDON_0800,NY_CLOSE_BROKER_CONVENTION,1747821600,1,1,1,1
2025-05-21,NEW_YORK_0930,ORIGINAL_DIRECT_UTC,1747834200,1,1,1,1
2025-05-21,NEW_YORK_0930,NY_CLOSE_BROKER_CONVENTION,1747845000,1,1,1,1
2025-05-22,LONDON_0800,ORIGINAL_DIRECT_UTC,1747897200,1,1,1,1
2025-05-22,LONDON_0800,NY_CLOSE_BROKER_CONVENTION,1747908000,1,1,1,1
2025-05-22,NEW_YORK_0930,ORIGINAL_DIRECT_UTC,1747920600,1,1,1,1
2025-05-22,NEW_YORK_0930,NY_CLOSE_BROKER_CONVENTION,1747931400,1,1,1,1
2025-05-23,LONDON_0800,ORIGINAL_DIRECT_UTC,1747983600,1,1,1,1
2025-05-23,LONDON_0800,NY_CLOSE_BROKER_CONVENTION,1747994400,1,1,1,1
2025-05-23,NEW_YORK_0930,ORIGINAL_DIRECT_UTC,1748007000,1,1,1,1
2025-05-23,NEW_YORK_0930,NY_CLOSE_BROKER_CONVENTION,1748017800,1,1,1,1
2025-05-26,LONDON_0800,ORIGINAL_DIRECT_UTC,1748242800,1,1,1,1
2025-05-26,LONDON_0800,NY_CLOSE_BROKER_CONVENTION,1748253600,1,1,1,1
2025-05-26,NEW_YORK_0930,ORIGINAL_DIRECT_UTC,1748266200,1,1,1,1
2025-05-26,NEW_YORK_0930,NY_CLOSE_BROKER_CONVENTION,1748277000,1,1,1,1
2025-05-27,LONDON_0800,ORIGINAL_DIRECT_UTC,1748329200,1,1,1,1
2025-05-27,LONDON_0800,NY_CLOSE_BROKER_CONVENTION,1748340000,1,1,1,1
2025-05-27,NEW_YORK_0930,ORIGINAL_DIRECT_UTC,1748352600,1,1,1,1
2025-05-27,NEW_YORK_0930,NY_CLOSE_BROKER_CONVENTION,1748363400,1,1,1,1
2025-05-28,LONDON_0800,ORIGINAL_DIRECT_UTC,1748415600,1,1,1,1
2025-05-28,LONDON_0800,NY_CLOSE_BROKER_CONVENTION,1748426400,1,1,1,1
2025-05-28,NEW_YORK_0930,ORIGINAL_DIRECT_UTC,1748439000,1,1,1,1
2025-05-28,NEW_YORK_0930,NY_CLOSE_BROKER_CONVENTION,1748449800,1,1,1,1
2025-05-29,LONDON_0800,ORIGINAL_DIRECT_UTC,1748502000,1,1,1,1
2025-05-29,LONDON_0800,NY_CLOSE_BROKER_CONVENTION,1748512800,1,1,1,1
2025-05-29,NEW_YORK_0930,ORIGINAL_DIRECT_UTC,1748525400,1,1,1,1
2025-05-29,NEW_YORK_0930,NY_CLOSE_BROKER_CONVENTION,1748536200,1,1,1,1
2025-05-30,LONDON_0800,ORIGINAL_DIRECT_UTC,1748588400,1,1,1,1
2025-05-30,LONDON_0800,NY_CLOSE_BROKER_CONVENTION,1748599200,1,1,1,1
2025-05-30,NEW_YORK_0930,ORIGINAL_DIRECT_UTC,1748611800,1,1,1,1
2025-05-30,NEW_YORK_0930,NY_CLOSE_BROKER_CONVENTION,1748622600,1,1,1,1
2025-06-02,LONDON_0800,ORIGINAL_DIRECT_UTC,1748847600,1,1,1,1
2025-06-02,LONDON_0800,NY_CLOSE_BROKER_CONVENTION,1748858400,1,1,1,1
2025-06-02,NEW_YORK_0930,ORIGINAL_DIRECT_UTC,1748871000,1,1,1,1
2025-06-02,NEW_YORK_0930,NY_CLOSE_BROKER_CONVENTION,1748881800,1,1,1,1
2025-06-03,LONDON_0800,ORIGINAL_DIRECT_UTC,1748934000,1,1,1,1
2025-06-03,LONDON_0800,NY_CLOSE_BROKER_CONVENTION,1748944800,1,1,1,1
2025-06-03,NEW_YORK_0930,ORIGINAL_DIRECT_UTC,1748957400,1,1,1,1
2025-06-03,NEW_YORK_0930,NY_CLOSE_BROKER_CONVENTION,1748968200,1,1,1,1
2025-06-04,LONDON_0800,ORIGINAL_DIRECT_UTC,1749020400,1,1,1,1
2025-06-04,LONDON_0800,NY_CLOSE_BROKER_CONVENTION,1749031200,1,1,1,1
2025-06-04,NEW_YORK_0930,ORIGINAL_DIRECT_UTC,1749043800,1,1,1,1
2025-06-04,NEW_YORK_0930,NY_CLOSE_BROKER_CONVENTION,1749054600,1,1,1,1
2025-06-05,LONDON_0800,ORIGINAL_DIRECT_UTC,1749106800,1,1,0,0
2025-06-05,LONDON_0800,NY_CLOSE_BROKER_CONVENTION,1749117600,1,1,1,1
2025-06-05,NEW_YORK_0930,ORIGINAL_DIRECT_UTC,1749130200,1,1,1,1
2025-06-05,NEW_YORK_0930,NY_CLOSE_BROKER_CONVENTION,1749141000,1,1,1,1
2025-06-06,LONDON_0800,ORIGINAL_DIRECT_UTC,1749193200,1,1,1,1
2025-06-06,LONDON_0800,NY_CLOSE_BROKER_CONVENTION,1749204000,1,1,1,1
2025-06-06,NEW_YORK_0930,ORIGINAL_DIRECT_UTC,1749216600,1,1,1,1
2025-06-06,NEW_YORK_0930,NY_CLOSE_BROKER_CONVENTION,1749227400,1,1,1,1
2025-06-09,LONDON_0800,ORIGINAL_DIRECT_UTC,1749452400,1,1,1,1
2025-06-09,LONDON_0800,NY_CLOSE_BROKER_CONVENTION,1749463200,1,1,1,1
2025-06-09,NEW_YORK_0930,ORIGINAL_DIRECT_UTC,1749475800,1,1,1,1
2025-06-09,NEW_YORK_0930,NY_CLOSE_BROKER_CONVENTION,1749486600,1,1,1,1
2025-06-10,LONDON_0800,ORIGINAL_DIRECT_UTC,1749538800,1,1,1,1
2025-06-10,LONDON_0800,NY_CLOSE_BROKER_CONVENTION,1749549600,1,1,1,1
2025-06-10,NEW_YORK_0930,ORIGINAL_DIRECT_UTC,1749562200,1,1,1,1
2025-06-10,NEW_YORK_0930,NY_CLOSE_BROKER_CONVENTION,1749573000,1,1,1,1
2025-06-11,LONDON_0800,ORIGINAL_DIRECT_UTC,1749625200,1,1,1,1
2025-06-11,LONDON_0800,NY_CLOSE_BROKER_CONVENTION,1749636000,1,1,1,1
2025-06-11,NEW_YORK_0930,ORIGINAL_DIRECT_UTC,1749648600,1,1,1,1
2025-06-11,NEW_YORK_0930,NY_CLOSE_BROKER_CONVENTION,1749659400,1,1,1,1
2025-06-12,LONDON_0800,ORIGINAL_DIRECT_UTC,1749711600,1,1,1,1
2025-06-12,LONDON_0800,NY_CLOSE_BROKER_CONVENTION,1749722400,1,1,1,1
2025-06-12,NEW_YORK_0930,ORIGINAL_DIRECT_UTC,1749735000,1,1,1,1
2025-06-12,NEW_YORK_0930,NY_CLOSE_BROKER_CONVENTION,1749745800,1,1,1,1
2025-06-13,LONDON_0800,ORIGINAL_DIRECT_UTC,1749798000,1,1,1,1
2025-06-13,LONDON_0800,NY_CLOSE_BROKER_CONVENTION,1749808800,1,1,1,1
2025-06-13,NEW_YORK_0930,ORIGINAL_DIRECT_UTC,1749821400,1,1,1,1
2025-06-13,NEW_YORK_0930,NY_CLOSE_BROKER_CONVENTION,1749832200,1,1,1,1
2025-06-16,LONDON_0800,ORIGINAL_DIRECT_UTC,1750057200,1,1,1,1
2025-06-16,LONDON_0800,NY_CLOSE_BROKER_CONVENTION,1750068000,1,1,1,1
2025-06-16,NEW_YORK_0930,ORIGINAL_DIRECT_UTC,1750080600,1,1,1,1
2025-06-16,NEW_YORK_0930,NY_CLOSE_BROKER_CONVENTION,1750091400,1,1,1,1
2025-06-17,LONDON_0800,ORIGINAL_DIRECT_UTC,1750143600,1,1,1,1
2025-06-17,LONDON_0800,NY_CLOSE_BROKER_CONVENTION,1750154400,1,1,1,1
2025-06-17,NEW_YORK_0930,ORIGINAL_DIRECT_UTC,1750167000,1,1,1,1
2025-06-17,NEW_YORK_0930,NY_CLOSE_BROKER_CONVENTION,1750177800,1,1,1,1
2025-06-18,LONDON_0800,ORIGINAL_DIRECT_UTC,1750230000,1,1,1,1
2025-06-18,LONDON_0800,NY_CLOSE_BROKER_CONVENTION,1750240800,1,1,1,1
2025-06-18,NEW_YORK_0930,ORIGINAL_DIRECT_UTC,1750253400,1,1,1,1
2025-06-18,NEW_YORK_0930,NY_CLOSE_BROKER_CONVENTION,1750264200,1,1,1,1
2025-06-19,LONDON_0800,ORIGINAL_DIRECT_UTC,1750316400,1,1,1,1
2025-06-19,LONDON_0800,NY_CLOSE_BROKER_CONVENTION,1750327200,1,1,1,1
2025-06-19,NEW_YORK_0930,ORIGINAL_DIRECT_UTC,1750339800,1,1,1,1
2025-06-19,NEW_YORK_0930,NY_CLOSE_BROKER_CONVENTION,1750350600,1,1,1,1
2025-06-20,LONDON_0800,ORIGINAL_DIRECT_UTC,1750402800,1,1,1,1
2025-06-20,LONDON_0800,NY_CLOSE_BROKER_CONVENTION,1750413600,1,1,1,1
2025-06-20,NEW_YORK_0930,ORIGINAL_DIRECT_UTC,1750426200,1,1,1,1
2025-06-20,NEW_YORK_0930,NY_CLOSE_BROKER_CONVENTION,1750437000,1,1,1,1
2025-06-23,LONDON_0800,ORIGINAL_DIRECT_UTC,1750662000,1,1,1,1
2025-06-23,LONDON_0800,NY_CLOSE_BROKER_CONVENTION,1750672800,1,1,1,1
2025-06-23,NEW_YORK_0930,ORIGINAL_DIRECT_UTC,1750685400,1,1,1,1
2025-06-23,NEW_YORK_0930,NY_CLOSE_BROKER_CONVENTION,1750696200,1,1,1,1
2025-06-24,LONDON_0800,ORIGINAL_DIRECT_UTC,1750748400,1,1,1,1
2025-06-24,LONDON_0800,NY_CLOSE_BROKER_CONVENTION,1750759200,1,1,1,1
2025-06-24,NEW_YORK_0930,ORIGINAL_DIRECT_UTC,1750771800,1,1,1,1
2025-06-24,NEW_YORK_0930,NY_CLOSE_BROKER_CONVENTION,1750782600,1,1,1,1
2025-06-25,LONDON_0800,ORIGINAL_DIRECT_UTC,1750834800,0,0,0,0
2025-06-25,LONDON_0800,NY_CLOSE_BROKER_CONVENTION,1750845600,1,1,1,1
2025-06-25,NEW_YORK_0930,ORIGINAL_DIRECT_UTC,1750858200,1,1,1,1
2025-06-25,NEW_YORK_0930,NY_CLOSE_BROKER_CONVENTION,1750869000,1,1,1,1
2025-06-26,LONDON_0800,ORIGINAL_DIRECT_UTC,1750921200,1,1,0,0
2025-06-26,LONDON_0800,NY_CLOSE_BROKER_CONVENTION,1750932000,1,1,1,1
2025-06-26,NEW_YORK_0930,ORIGINAL_DIRECT_UTC,1750944600,1,1,1,1
2025-06-26,NEW_YORK_0930,NY_CLOSE_BROKER_CONVENTION,1750955400,1,1,1,1
2025-06-27,LONDON_0800,ORIGINAL_DIRECT_UTC,1751007600,1,1,0,0
2025-06-27,LONDON_0800,NY_CLOSE_BROKER_CONVENTION,1751018400,1,1,1,1
2025-06-27,NEW_YORK_0930,ORIGINAL_DIRECT_UTC,1751031000,1,1,1,1
2025-06-27,NEW_YORK_0930,NY_CLOSE_BROKER_CONVENTION,1751041800,1,1,1,1
2025-06-30,LONDON_0800,ORIGINAL_DIRECT_UTC,1751266800,1,1,1,1
2025-06-30,LONDON_0800,NY_CLOSE_BROKER_CONVENTION,1751277600,1,1,1,1
2025-06-30,NEW_YORK_0930,ORIGINAL_DIRECT_UTC,1751290200,1,1,1,1
2025-06-30,NEW_YORK_0930,NY_CLOSE_BROKER_CONVENTION,1751301000,1,1,1,1
2025-07-01,LONDON_0800,ORIGINAL_DIRECT_UTC,1751353200,1,1,1,1
2025-07-01,LONDON_0800,NY_CLOSE_BROKER_CONVENTION,1751364000,1,1,1,1
2025-07-01,NEW_YORK_0930,ORIGINAL_DIRECT_UTC,1751376600,1,1,1,1
2025-07-01,NEW_YORK_0930,NY_CLOSE_BROKER_CONVENTION,1751387400,1,1,1,1
2025-07-02,LONDON_0800,ORIGINAL_DIRECT_UTC,1751439600,1,1,1,1
2025-07-02,LONDON_0800,NY_CLOSE_BROKER_CONVENTION,1751450400,1,1,1,1
2025-07-02,NEW_YORK_0930,ORIGINAL_DIRECT_UTC,1751463000,1,1,1,1
2025-07-02,NEW_YORK_0930,NY_CLOSE_BROKER_CONVENTION,1751473800,1,1,1,1
2025-07-03,LONDON_0800,ORIGINAL_DIRECT_UTC,1751526000,1,1,0,0
2025-07-03,LONDON_0800,NY_CLOSE_BROKER_CONVENTION,1751536800,1,1,1,1
2025-07-03,NEW_YORK_0930,ORIGINAL_DIRECT_UTC,1751549400,1,1,1,1
2025-07-03,NEW_YORK_0930,NY_CLOSE_BROKER_CONVENTION,1751560200,1,1,1,1
2025-07-04,LONDON_0800,ORIGINAL_DIRECT_UTC,1751612400,1,1,1,1
2025-07-04,LONDON_0800,NY_CLOSE_BROKER_CONVENTION,1751623200,1,1,1,1
2025-07-04,NEW_YORK_0930,ORIGINAL_DIRECT_UTC,1751635800,1,1,1,1
2025-07-04,NEW_YORK_0930,NY_CLOSE_BROKER_CONVENTION,1751646600,1,1,1,1
2025-07-07,LONDON_0800,ORIGINAL_DIRECT_UTC,1751871600,1,1,1,1
2025-07-07,LONDON_0800,NY_CLOSE_BROKER_CONVENTION,1751882400,1,1,1,1
2025-07-07,NEW_YORK_0930,ORIGINAL_DIRECT_UTC,1751895000,1,1,1,1
2025-07-07,NEW_YORK_0930,NY_CLOSE_BROKER_CONVENTION,1751905800,1,1,1,1
2025-07-08,LONDON_0800,ORIGINAL_DIRECT_UTC,1751958000,1,1,1,1
2025-07-08,LONDON_0800,NY_CLOSE_BROKER_CONVENTION,1751968800,1,1,1,1
2025-07-08,NEW_YORK_0930,ORIGINAL_DIRECT_UTC,1751981400,1,1,1,1
2025-07-08,NEW_YORK_0930,NY_CLOSE_BROKER_CONVENTION,1751992200,1,1,1,1
2025-07-09,LONDON_0800,ORIGINAL_DIRECT_UTC,1752044400,1,1,0,0
2025-07-09,LONDON_0800,NY_CLOSE_BROKER_CONVENTION,1752055200,1,1,1,1
2025-07-09,NEW_YORK_0930,ORIGINAL_DIRECT_UTC,1752067800,1,1,1,1
2025-07-09,NEW_YORK_0930,NY_CLOSE_BROKER_CONVENTION,1752078600,1,1,1,1
2025-07-10,LONDON_0800,ORIGINAL_DIRECT_UTC,1752130800,1,1,1,1
2025-07-10,LONDON_0800,NY_CLOSE_BROKER_CONVENTION,1752141600,1,1,1,1
2025-07-10,NEW_YORK_0930,ORIGINAL_DIRECT_UTC,1752154200,1,1,1,1
2025-07-10,NEW_YORK_0930,NY_CLOSE_BROKER_CONVENTION,1752165000,1,1,1,1
2025-07-11,LONDON_0800,ORIGINAL_DIRECT_UTC,1752217200,1,1,1,1
2025-07-11,LONDON_0800,NY_CLOSE_BROKER_CONVENTION,1752228000,1,1,1,1
2025-07-11,NEW_YORK_0930,ORIGINAL_DIRECT_UTC,1752240600,1,1,1,1
2025-07-11,NEW_YORK_0930,NY_CLOSE_BROKER_CONVENTION,1752251400,1,1,1,1
2025-07-14,LONDON_0800,ORIGINAL_DIRECT_UTC,1752476400,1,1,1,1
2025-07-14,LONDON_0800,NY_CLOSE_BROKER_CONVENTION,1752487200,1,1,1,1
2025-07-14,NEW_YORK_0930,ORIGINAL_DIRECT_UTC,1752499800,1,1,1,1
2025-07-14,NEW_YORK_0930,NY_CLOSE_BROKER_CONVENTION,1752510600,1,1,1,1
2025-07-15,LONDON_0800,ORIGINAL_DIRECT_UTC,1752562800,1,1,1,1
2025-07-15,LONDON_0800,NY_CLOSE_BROKER_CONVENTION,1752573600,1,1,1,1
2025-07-15,NEW_YORK_0930,ORIGINAL_DIRECT_UTC,1752586200,1,1,1,1
2025-07-15,NEW_YORK_0930,NY_CLOSE_BROKER_CONVENTION,1752597000,1,1,1,1
2025-07-16,LONDON_0800,ORIGINAL_DIRECT_UTC,1752649200,1,1,1,1
2025-07-16,LONDON_0800,NY_CLOSE_BROKER_CONVENTION,1752660000,1,1,1,1
2025-07-16,NEW_YORK_0930,ORIGINAL_DIRECT_UTC,1752672600,1,1,1,1
2025-07-16,NEW_YORK_0930,NY_CLOSE_BROKER_CONVENTION,1752683400,1,1,1,1
2025-07-17,LONDON_0800,ORIGINAL_DIRECT_UTC,1752735600,1,1,1,1
2025-07-17,LONDON_0800,NY_CLOSE_BROKER_CONVENTION,1752746400,1,1,1,1
2025-07-17,NEW_YORK_0930,ORIGINAL_DIRECT_UTC,1752759000,1,1,1,1
2025-07-17,NEW_YORK_0930,NY_CLOSE_BROKER_CONVENTION,1752769800,1,1,1,1
2025-07-18,LONDON_0800,ORIGINAL_DIRECT_UTC,1752822000,1,1,0,0
2025-07-18,LONDON_0800,NY_CLOSE_BROKER_CONVENTION,1752832800,1,1,1,1
2025-07-18,NEW_YORK_0930,ORIGINAL_DIRECT_UTC,1752845400,1,1,1,1
2025-07-18,NEW_YORK_0930,NY_CLOSE_BROKER_CONVENTION,1752856200,1,1,1,1
2025-07-21,LONDON_0800,ORIGINAL_DIRECT_UTC,1753081200,1,1,0,0
2025-07-21,LONDON_0800,NY_CLOSE_BROKER_CONVENTION,1753092000,1,1,1,1
2025-07-21,NEW_YORK_0930,ORIGINAL_DIRECT_UTC,1753104600,1,1,1,1
2025-07-21,NEW_YORK_0930,NY_CLOSE_BROKER_CONVENTION,1753115400,1,1,1,1
2025-07-22,LONDON_0800,ORIGINAL_DIRECT_UTC,1753167600,1,0,0,0
2025-07-22,LONDON_0800,NY_CLOSE_BROKER_CONVENTION,1753178400,1,1,1,1
2025-07-22,NEW_YORK_0930,ORIGINAL_DIRECT_UTC,1753191000,1,1,1,1
2025-07-22,NEW_YORK_0930,NY_CLOSE_BROKER_CONVENTION,1753201800,1,1,1,1
2025-07-23,LONDON_0800,ORIGINAL_DIRECT_UTC,1753254000,1,1,1,1
2025-07-23,LONDON_0800,NY_CLOSE_BROKER_CONVENTION,1753264800,1,1,1,1
2025-07-23,NEW_YORK_0930,ORIGINAL_DIRECT_UTC,1753277400,1,1,1,1
2025-07-23,NEW_YORK_0930,NY_CLOSE_BROKER_CONVENTION,1753288200,1,1,1,1
2025-07-24,LONDON_0800,ORIGINAL_DIRECT_UTC,1753340400,0,0,0,0
2025-07-24,LONDON_0800,NY_CLOSE_BROKER_CONVENTION,1753351200,1,1,1,1
2025-07-24,NEW_YORK_0930,ORIGINAL_DIRECT_UTC,1753363800,1,1,1,1
2025-07-24,NEW_YORK_0930,NY_CLOSE_BROKER_CONVENTION,1753374600,1,1,1,1
2025-07-25,LONDON_0800,ORIGINAL_DIRECT_UTC,1753426800,1,1,0,0
2025-07-25,LONDON_0800,NY_CLOSE_BROKER_CONVENTION,1753437600,1,1,1,1
2025-07-25,NEW_YORK_0930,ORIGINAL_DIRECT_UTC,1753450200,1,1,1,1
2025-07-25,NEW_YORK_0930,NY_CLOSE_BROKER_CONVENTION,1753461000,1,1,1,1
2025-07-28,LONDON_0800,ORIGINAL_DIRECT_UTC,1753686000,0,0,0,0
2025-07-28,LONDON_0800,NY_CLOSE_BROKER_CONVENTION,1753696800,1,1,1,1
2025-07-28,NEW_YORK_0930,ORIGINAL_DIRECT_UTC,1753709400,1,1,1,1
2025-07-28,NEW_YORK_0930,NY_CLOSE_BROKER_CONVENTION,1753720200,1,1,1,1
2025-07-29,LONDON_0800,ORIGINAL_DIRECT_UTC,1753772400,1,1,0,0
2025-07-29,LONDON_0800,NY_CLOSE_BROKER_CONVENTION,1753783200,1,1,1,1
2025-07-29,NEW_YORK_0930,ORIGINAL_DIRECT_UTC,1753795800,1,1,1,1
2025-07-29,NEW_YORK_0930,NY_CLOSE_BROKER_CONVENTION,1753806600,1,1,1,1
2025-07-30,LONDON_0800,ORIGINAL_DIRECT_UTC,1753858800,1,1,0,0
2025-07-30,LONDON_0800,NY_CLOSE_BROKER_CONVENTION,1753869600,1,1,1,1
2025-07-30,NEW_YORK_0930,ORIGINAL_DIRECT_UTC,1753882200,1,1,1,1
2025-07-30,NEW_YORK_0930,NY_CLOSE_BROKER_CONVENTION,1753893000,1,1,1,1
2025-07-31,LONDON_0800,ORIGINAL_DIRECT_UTC,1753945200,0,0,0,0
2025-07-31,LONDON_0800,NY_CLOSE_BROKER_CONVENTION,1753956000,1,1,1,1
2025-07-31,NEW_YORK_0930,ORIGINAL_DIRECT_UTC,1753968600,1,1,1,1
2025-07-31,NEW_YORK_0930,NY_CLOSE_BROKER_CONVENTION,1753979400,1,1,1,1
2025-08-01,LONDON_0800,ORIGINAL_DIRECT_UTC,1754031600,1,1,1,1
2025-08-01,LONDON_0800,NY_CLOSE_BROKER_CONVENTION,1754042400,1,1,1,1
2025-08-01,NEW_YORK_0930,ORIGINAL_DIRECT_UTC,1754055000,1,1,1,1
2025-08-01,NEW_YORK_0930,NY_CLOSE_BROKER_CONVENTION,1754065800,1,1,1,1
2025-08-04,LONDON_0800,ORIGINAL_DIRECT_UTC,1754290800,1,1,1,1
2025-08-04,LONDON_0800,NY_CLOSE_BROKER_CONVENTION,1754301600,1,1,1,1
2025-08-04,NEW_YORK_0930,ORIGINAL_DIRECT_UTC,1754314200,1,1,1,1
2025-08-04,NEW_YORK_0930,NY_CLOSE_BROKER_CONVENTION,1754325000,1,1,1,1
2025-08-05,LONDON_0800,ORIGINAL_DIRECT_UTC,1754377200,1,1,1,1
2025-08-05,LONDON_0800,NY_CLOSE_BROKER_CONVENTION,1754388000,1,1,1,1
2025-08-05,NEW_YORK_0930,ORIGINAL_DIRECT_UTC,1754400600,1,1,1,1
2025-08-05,NEW_YORK_0930,NY_CLOSE_BROKER_CONVENTION,1754411400,1,1,1,1
2025-08-06,LONDON_0800,ORIGINAL_DIRECT_UTC,1754463600,1,1,1,1
2025-08-06,LONDON_0800,NY_CLOSE_BROKER_CONVENTION,1754474400,1,1,1,1
2025-08-06,NEW_YORK_0930,ORIGINAL_DIRECT_UTC,1754487000,1,1,1,1
2025-08-06,NEW_YORK_0930,NY_CLOSE_BROKER_CONVENTION,1754497800,1,1,1,1
2025-08-07,LONDON_0800,ORIGINAL_DIRECT_UTC,1754550000,1,1,1,1
2025-08-07,LONDON_0800,NY_CLOSE_BROKER_CONVENTION,1754560800,1,1,1,1
2025-08-07,NEW_YORK_0930,ORIGINAL_DIRECT_UTC,1754573400,1,1,1,1
2025-08-07,NEW_YORK_0930,NY_CLOSE_BROKER_CONVENTION,1754584200,1,1,1,1
2025-08-08,LONDON_0800,ORIGINAL_DIRECT_UTC,1754636400,1,1,1,1
2025-08-08,LONDON_0800,NY_CLOSE_BROKER_CONVENTION,1754647200,1,1,1,1
2025-08-08,NEW_YORK_0930,ORIGINAL_DIRECT_UTC,1754659800,1,1,1,1
2025-08-08,NEW_YORK_0930,NY_CLOSE_BROKER_CONVENTION,1754670600,1,1,1,1
2025-08-11,LONDON_0800,ORIGINAL_DIRECT_UTC,1754895600,1,1,1,1
2025-08-11,LONDON_0800,NY_CLOSE_BROKER_CONVENTION,1754906400,1,1,1,1
2025-08-11,NEW_YORK_0930,ORIGINAL_DIRECT_UTC,1754919000,1,1,1,1
2025-08-11,NEW_YORK_0930,NY_CLOSE_BROKER_CONVENTION,1754929800,1,1,1,1
2025-08-12,LONDON_0800,ORIGINAL_DIRECT_UTC,1754982000,1,1,1,1
2025-08-12,LONDON_0800,NY_CLOSE_BROKER_CONVENTION,1754992800,1,1,1,1
2025-08-12,NEW_YORK_0930,ORIGINAL_DIRECT_UTC,1755005400,1,1,1,1
2025-08-12,NEW_YORK_0930,NY_CLOSE_BROKER_CONVENTION,1755016200,1,1,1,1
2025-08-13,LONDON_0800,ORIGINAL_DIRECT_UTC,1755068400,1,1,1,1
2025-08-13,LONDON_0800,NY_CLOSE_BROKER_CONVENTION,1755079200,1,1,1,1
2025-08-13,NEW_YORK_0930,ORIGINAL_DIRECT_UTC,1755091800,1,1,1,1
2025-08-13,NEW_YORK_0930,NY_CLOSE_BROKER_CONVENTION,1755102600,1,1,1,1
2025-08-14,LONDON_0800,ORIGINAL_DIRECT_UTC,1755154800,1,1,1,1
2025-08-14,LONDON_0800,NY_CLOSE_BROKER_CONVENTION,1755165600,1,1,1,1
2025-08-14,NEW_YORK_0930,ORIGINAL_DIRECT_UTC,1755178200,1,1,1,1
2025-08-14,NEW_YORK_0930,NY_CLOSE_BROKER_CONVENTION,1755189000,1,1,1,1
2025-08-15,LONDON_0800,ORIGINAL_DIRECT_UTC,1755241200,1,1,1,1
2025-08-15,LONDON_0800,NY_CLOSE_BROKER_CONVENTION,1755252000,1,1,1,1
2025-08-15,NEW_YORK_0930,ORIGINAL_DIRECT_UTC,1755264600,1,1,1,1
2025-08-15,NEW_YORK_0930,NY_CLOSE_BROKER_CONVENTION,1755275400,1,1,1,1
2025-08-18,LONDON_0800,ORIGINAL_DIRECT_UTC,1755500400,1,1,1,1
2025-08-18,LONDON_0800,NY_CLOSE_BROKER_CONVENTION,1755511200,1,1,1,1
2025-08-18,NEW_YORK_0930,ORIGINAL_DIRECT_UTC,1755523800,1,1,1,1
2025-08-18,NEW_YORK_0930,NY_CLOSE_BROKER_CONVENTION,1755534600,1,1,1,1
2025-08-19,LONDON_0800,ORIGINAL_DIRECT_UTC,1755586800,1,1,1,1
2025-08-19,LONDON_0800,NY_CLOSE_BROKER_CONVENTION,1755597600,1,1,1,1
2025-08-19,NEW_YORK_0930,ORIGINAL_DIRECT_UTC,1755610200,1,1,1,1
2025-08-19,NEW_YORK_0930,NY_CLOSE_BROKER_CONVENTION,1755621000,1,1,1,1
2025-08-20,LONDON_0800,ORIGINAL_DIRECT_UTC,1755673200,1,1,1,1
2025-08-20,LONDON_0800,NY_CLOSE_BROKER_CONVENTION,1755684000,1,1,1,1
2025-08-20,NEW_YORK_0930,ORIGINAL_DIRECT_UTC,1755696600,1,1,1,1
2025-08-20,NEW_YORK_0930,NY_CLOSE_BROKER_CONVENTION,1755707400,1,1,1,1
2025-08-21,LONDON_0800,ORIGINAL_DIRECT_UTC,1755759600,1,1,1,1
2025-08-21,LONDON_0800,NY_CLOSE_BROKER_CONVENTION,1755770400,1,1,1,1
2025-08-21,NEW_YORK_0930,ORIGINAL_DIRECT_UTC,1755783000,1,1,1,1
2025-08-21,NEW_YORK_0930,NY_CLOSE_BROKER_CONVENTION,1755793800,1,1,1,1
2025-08-22,LONDON_0800,ORIGINAL_DIRECT_UTC,1755846000,1,1,1,1
2025-08-22,LONDON_0800,NY_CLOSE_BROKER_CONVENTION,1755856800,1,1,1,1
2025-08-22,NEW_YORK_0930,ORIGINAL_DIRECT_UTC,1755869400,1,1,1,1
2025-08-22,NEW_YORK_0930,NY_CLOSE_BROKER_CONVENTION,1755880200,1,1,1,1
2025-08-25,LONDON_0800,ORIGINAL_DIRECT_UTC,1756105200,1,1,1,1
2025-08-25,LONDON_0800,NY_CLOSE_BROKER_CONVENTION,1756116000,1,1,1,1
2025-08-25,NEW_YORK_0930,ORIGINAL_DIRECT_UTC,1756128600,1,1,1,1
2025-08-25,NEW_YORK_0930,NY_CLOSE_BROKER_CONVENTION,1756139400,1,1,1,1
2025-08-26,LONDON_0800,ORIGINAL_DIRECT_UTC,1756191600,1,1,1,1
2025-08-26,LONDON_0800,NY_CLOSE_BROKER_CONVENTION,1756202400,1,1,1,1
2025-08-26,NEW_YORK_0930,ORIGINAL_DIRECT_UTC,1756215000,1,1,1,1
2025-08-26,NEW_YORK_0930,NY_CLOSE_BROKER_CONVENTION,1756225800,1,1,1,1
2025-08-27,LONDON_0800,ORIGINAL_DIRECT_UTC,1756278000,1,1,1,1
2025-08-27,LONDON_0800,NY_CLOSE_BROKER_CONVENTION,1756288800,1,1,1,1
2025-08-27,NEW_YORK_0930,ORIGINAL_DIRECT_UTC,1756301400,1,1,1,1
2025-08-27,NEW_YORK_0930,NY_CLOSE_BROKER_CONVENTION,1756312200,1,1,1,1
2025-08-28,LONDON_0800,ORIGINAL_DIRECT_UTC,1756364400,1,1,1,1
2025-08-28,LONDON_0800,NY_CLOSE_BROKER_CONVENTION,1756375200,1,1,1,1
2025-08-28,NEW_YORK_0930,ORIGINAL_DIRECT_UTC,1756387800,1,1,1,1
2025-08-28,NEW_YORK_0930,NY_CLOSE_BROKER_CONVENTION,1756398600,1,1,1,1
2025-08-29,LONDON_0800,ORIGINAL_DIRECT_UTC,1756450800,1,1,1,1
2025-08-29,LONDON_0800,NY_CLOSE_BROKER_CONVENTION,1756461600,1,1,1,1
2025-08-29,NEW_YORK_0930,ORIGINAL_DIRECT_UTC,1756474200,1,1,1,1
2025-08-29,NEW_YORK_0930,NY_CLOSE_BROKER_CONVENTION,1756485000,1,1,1,1
2025-09-01,LONDON_0800,ORIGINAL_DIRECT_UTC,1756710000,1,1,1,1
2025-09-01,LONDON_0800,NY_CLOSE_BROKER_CONVENTION,1756720800,1,1,1,1
2025-09-01,NEW_YORK_0930,ORIGINAL_DIRECT_UTC,1756733400,1,1,1,1
2025-09-01,NEW_YORK_0930,NY_CLOSE_BROKER_CONVENTION,1756744200,1,1,1,1
2025-09-02,LONDON_0800,ORIGINAL_DIRECT_UTC,1756796400,1,1,1,1
2025-09-02,LONDON_0800,NY_CLOSE_BROKER_CONVENTION,1756807200,1,1,1,1
2025-09-02,NEW_YORK_0930,ORIGINAL_DIRECT_UTC,1756819800,1,1,1,1
2025-09-02,NEW_YORK_0930,NY_CLOSE_BROKER_CONVENTION,1756830600,1,1,1,1
2025-09-03,LONDON_0800,ORIGINAL_DIRECT_UTC,1756882800,1,1,1,1
2025-09-03,LONDON_0800,NY_CLOSE_BROKER_CONVENTION,1756893600,1,1,1,1
2025-09-03,NEW_YORK_0930,ORIGINAL_DIRECT_UTC,1756906200,1,1,1,1
2025-09-03,NEW_YORK_0930,NY_CLOSE_BROKER_CONVENTION,1756917000,1,1,1,1
2025-09-04,LONDON_0800,ORIGINAL_DIRECT_UTC,1756969200,1,1,1,1
2025-09-04,LONDON_0800,NY_CLOSE_BROKER_CONVENTION,1756980000,1,1,1,1
2025-09-04,NEW_YORK_0930,ORIGINAL_DIRECT_UTC,1756992600,1,1,1,1
2025-09-04,NEW_YORK_0930,NY_CLOSE_BROKER_CONVENTION,1757003400,1,1,1,1
2025-09-05,LONDON_0800,ORIGINAL_DIRECT_UTC,1757055600,1,1,1,1
2025-09-05,LONDON_0800,NY_CLOSE_BROKER_CONVENTION,1757066400,1,1,1,1
2025-09-05,NEW_YORK_0930,ORIGINAL_DIRECT_UTC,1757079000,1,1,1,1
2025-09-05,NEW_YORK_0930,NY_CLOSE_BROKER_CONVENTION,1757089800,1,1,1,1
2025-09-08,LONDON_0800,ORIGINAL_DIRECT_UTC,1757314800,1,1,1,1
2025-09-08,LONDON_0800,NY_CLOSE_BROKER_CONVENTION,1757325600,1,1,1,1
2025-09-08,NEW_YORK_0930,ORIGINAL_DIRECT_UTC,1757338200,1,1,1,1
2025-09-08,NEW_YORK_0930,NY_CLOSE_BROKER_CONVENTION,1757349000,1,1,1,1
2025-09-09,LONDON_0800,ORIGINAL_DIRECT_UTC,1757401200,1,1,1,1
2025-09-09,LONDON_0800,NY_CLOSE_BROKER_CONVENTION,1757412000,1,1,1,1
2025-09-09,NEW_YORK_0930,ORIGINAL_DIRECT_UTC,1757424600,1,1,1,1
2025-09-09,NEW_YORK_0930,NY_CLOSE_BROKER_CONVENTION,1757435400,1,1,1,1
2025-09-10,LONDON_0800,ORIGINAL_DIRECT_UTC,1757487600,1,1,1,1
2025-09-10,LONDON_0800,NY_CLOSE_BROKER_CONVENTION,1757498400,1,1,1,1
2025-09-10,NEW_YORK_0930,ORIGINAL_DIRECT_UTC,1757511000,1,1,1,1
2025-09-10,NEW_YORK_0930,NY_CLOSE_BROKER_CONVENTION,1757521800,1,1,1,1
2025-09-11,LONDON_0800,ORIGINAL_DIRECT_UTC,1757574000,1,1,1,1
2025-09-11,LONDON_0800,NY_CLOSE_BROKER_CONVENTION,1757584800,1,1,1,1
2025-09-11,NEW_YORK_0930,ORIGINAL_DIRECT_UTC,1757597400,1,1,1,1
2025-09-11,NEW_YORK_0930,NY_CLOSE_BROKER_CONVENTION,1757608200,1,1,1,1
2025-09-12,LONDON_0800,ORIGINAL_DIRECT_UTC,1757660400,1,1,1,1
2025-09-12,LONDON_0800,NY_CLOSE_BROKER_CONVENTION,1757671200,1,1,1,1
2025-09-12,NEW_YORK_0930,ORIGINAL_DIRECT_UTC,1757683800,1,1,1,1
2025-09-12,NEW_YORK_0930,NY_CLOSE_BROKER_CONVENTION,1757694600,1,1,1,1
2025-09-15,LONDON_0800,ORIGINAL_DIRECT_UTC,1757919600,1,1,1,1
2025-09-15,LONDON_0800,NY_CLOSE_BROKER_CONVENTION,1757930400,1,1,1,1
2025-09-15,NEW_YORK_0930,ORIGINAL_DIRECT_UTC,1757943000,1,1,1,1
2025-09-15,NEW_YORK_0930,NY_CLOSE_BROKER_CONVENTION,1757953800,1,1,1,1
2025-09-16,LONDON_0800,ORIGINAL_DIRECT_UTC,1758006000,1,1,1,1
2025-09-16,LONDON_0800,NY_CLOSE_BROKER_CONVENTION,1758016800,1,1,1,1
2025-09-16,NEW_YORK_0930,ORIGINAL_DIRECT_UTC,1758029400,1,1,1,1
2025-09-16,NEW_YORK_0930,NY_CLOSE_BROKER_CONVENTION,1758040200,1,1,1,1
2025-09-17,LONDON_0800,ORIGINAL_DIRECT_UTC,1758092400,1,1,1,1
2025-09-17,LONDON_0800,NY_CLOSE_BROKER_CONVENTION,1758103200,1,1,1,1
2025-09-17,NEW_YORK_0930,ORIGINAL_DIRECT_UTC,1758115800,1,1,1,1
2025-09-17,NEW_YORK_0930,NY_CLOSE_BROKER_CONVENTION,1758126600,1,1,1,1
2025-09-18,LONDON_0800,ORIGINAL_DIRECT_UTC,1758178800,1,1,1,1
2025-09-18,LONDON_0800,NY_CLOSE_BROKER_CONVENTION,1758189600,1,1,1,1
2025-09-18,NEW_YORK_0930,ORIGINAL_DIRECT_UTC,1758202200,1,1,1,1
2025-09-18,NEW_YORK_0930,NY_CLOSE_BROKER_CONVENTION,1758213000,1,1,1,1
2025-09-19,LONDON_0800,ORIGINAL_DIRECT_UTC,1758265200,1,1,1,1
2025-09-19,LONDON_0800,NY_CLOSE_BROKER_CONVENTION,1758276000,1,1,1,1
2025-09-19,NEW_YORK_0930,ORIGINAL_DIRECT_UTC,1758288600,1,1,1,1
2025-09-19,NEW_YORK_0930,NY_CLOSE_BROKER_CONVENTION,1758299400,1,1,1,1
2025-09-22,LONDON_0800,ORIGINAL_DIRECT_UTC,1758524400,1,1,1,1
2025-09-22,LONDON_0800,NY_CLOSE_BROKER_CONVENTION,1758535200,1,1,1,1
2025-09-22,NEW_YORK_0930,ORIGINAL_DIRECT_UTC,1758547800,1,1,1,1
2025-09-22,NEW_YORK_0930,NY_CLOSE_BROKER_CONVENTION,1758558600,1,1,1,1
2025-09-23,LONDON_0800,ORIGINAL_DIRECT_UTC,1758610800,1,1,1,1
2025-09-23,LONDON_0800,NY_CLOSE_BROKER_CONVENTION,1758621600,1,1,1,1
2025-09-23,NEW_YORK_0930,ORIGINAL_DIRECT_UTC,1758634200,1,1,1,1
2025-09-23,NEW_YORK_0930,NY_CLOSE_BROKER_CONVENTION,1758645000,1,1,1,1
2025-09-24,LONDON_0800,ORIGINAL_DIRECT_UTC,1758697200,1,1,1,1
2025-09-24,LONDON_0800,NY_CLOSE_BROKER_CONVENTION,1758708000,1,1,1,1
2025-09-24,NEW_YORK_0930,ORIGINAL_DIRECT_UTC,1758720600,1,1,1,1
2025-09-24,NEW_YORK_0930,NY_CLOSE_BROKER_CONVENTION,1758731400,1,1,1,1
2025-09-25,LONDON_0800,ORIGINAL_DIRECT_UTC,1758783600,1,1,1,1
2025-09-25,LONDON_0800,NY_CLOSE_BROKER_CONVENTION,1758794400,1,1,1,1
2025-09-25,NEW_YORK_0930,ORIGINAL_DIRECT_UTC,1758807000,1,1,1,1
2025-09-25,NEW_YORK_0930,NY_CLOSE_BROKER_CONVENTION,1758817800,1,1,1,1
2025-09-26,LONDON_0800,ORIGINAL_DIRECT_UTC,1758870000,1,1,1,1
2025-09-26,LONDON_0800,NY_CLOSE_BROKER_CONVENTION,1758880800,1,1,1,1
2025-09-26,NEW_YORK_0930,ORIGINAL_DIRECT_UTC,1758893400,1,1,1,1
2025-09-26,NEW_YORK_0930,NY_CLOSE_BROKER_CONVENTION,1758904200,1,1,1,1
2025-09-29,LONDON_0800,ORIGINAL_DIRECT_UTC,1759129200,1,1,1,1
2025-09-29,LONDON_0800,NY_CLOSE_BROKER_CONVENTION,1759140000,1,1,1,1
2025-09-29,NEW_YORK_0930,ORIGINAL_DIRECT_UTC,1759152600,1,1,1,1
2025-09-29,NEW_YORK_0930,NY_CLOSE_BROKER_CONVENTION,1759163400,1,1,1,1
2025-09-30,LONDON_0800,ORIGINAL_DIRECT_UTC,1759215600,1,1,1,1
2025-09-30,LONDON_0800,NY_CLOSE_BROKER_CONVENTION,1759226400,1,1,1,1
2025-09-30,NEW_YORK_0930,ORIGINAL_DIRECT_UTC,1759239000,1,1,1,1
2025-09-30,NEW_YORK_0930,NY_CLOSE_BROKER_CONVENTION,1759249800,1,1,1,1
2025-10-01,LONDON_0800,ORIGINAL_DIRECT_UTC,1759302000,1,1,1,1
2025-10-01,LONDON_0800,NY_CLOSE_BROKER_CONVENTION,1759312800,1,1,1,1
2025-10-01,NEW_YORK_0930,ORIGINAL_DIRECT_UTC,1759325400,1,1,1,1
2025-10-01,NEW_YORK_0930,NY_CLOSE_BROKER_CONVENTION,1759336200,1,1,1,1
2025-10-02,LONDON_0800,ORIGINAL_DIRECT_UTC,1759388400,1,1,1,1
2025-10-02,LONDON_0800,NY_CLOSE_BROKER_CONVENTION,1759399200,1,1,1,1
2025-10-02,NEW_YORK_0930,ORIGINAL_DIRECT_UTC,1759411800,1,1,1,1
2025-10-02,NEW_YORK_0930,NY_CLOSE_BROKER_CONVENTION,1759422600,1,1,1,1
2025-10-03,LONDON_0800,ORIGINAL_DIRECT_UTC,1759474800,1,1,1,1
2025-10-03,LONDON_0800,NY_CLOSE_BROKER_CONVENTION,1759485600,1,1,1,1
2025-10-03,NEW_YORK_0930,ORIGINAL_DIRECT_UTC,1759498200,1,1,1,1
2025-10-03,NEW_YORK_0930,NY_CLOSE_BROKER_CONVENTION,1759509000,1,1,1,1
2025-10-06,LONDON_0800,ORIGINAL_DIRECT_UTC,1759734000,1,1,1,1
2025-10-06,LONDON_0800,NY_CLOSE_BROKER_CONVENTION,1759744800,1,1,1,1
2025-10-06,NEW_YORK_0930,ORIGINAL_DIRECT_UTC,1759757400,1,1,1,1
2025-10-06,NEW_YORK_0930,NY_CLOSE_BROKER_CONVENTION,1759768200,1,1,1,1
2025-10-07,LONDON_0800,ORIGINAL_DIRECT_UTC,1759820400,1,1,1,1
2025-10-07,LONDON_0800,NY_CLOSE_BROKER_CONVENTION,1759831200,1,1,1,1
2025-10-07,NEW_YORK_0930,ORIGINAL_DIRECT_UTC,1759843800,1,1,1,1
2025-10-07,NEW_YORK_0930,NY_CLOSE_BROKER_CONVENTION,1759854600,1,1,1,1
2025-10-08,LONDON_0800,ORIGINAL_DIRECT_UTC,1759906800,1,1,1,1
2025-10-08,LONDON_0800,NY_CLOSE_BROKER_CONVENTION,1759917600,1,1,1,1
2025-10-08,NEW_YORK_0930,ORIGINAL_DIRECT_UTC,1759930200,1,1,1,1
2025-10-08,NEW_YORK_0930,NY_CLOSE_BROKER_CONVENTION,1759941000,1,1,1,1
2025-10-09,LONDON_0800,ORIGINAL_DIRECT_UTC,1759993200,1,1,1,1
2025-10-09,LONDON_0800,NY_CLOSE_BROKER_CONVENTION,1760004000,1,1,1,1
2025-10-09,NEW_YORK_0930,ORIGINAL_DIRECT_UTC,1760016600,1,1,1,1
2025-10-09,NEW_YORK_0930,NY_CLOSE_BROKER_CONVENTION,1760027400,1,1,1,1
2025-10-10,LONDON_0800,ORIGINAL_DIRECT_UTC,1760079600,1,1,1,1
2025-10-10,LONDON_0800,NY_CLOSE_BROKER_CONVENTION,1760090400,1,1,1,1
2025-10-10,NEW_YORK_0930,ORIGINAL_DIRECT_UTC,1760103000,1,1,1,1
2025-10-10,NEW_YORK_0930,NY_CLOSE_BROKER_CONVENTION,1760113800,1,1,1,1
2025-10-13,LONDON_0800,ORIGINAL_DIRECT_UTC,1760338800,1,1,1,1
2025-10-13,LONDON_0800,NY_CLOSE_BROKER_CONVENTION,1760349600,1,1,1,1
2025-10-13,NEW_YORK_0930,ORIGINAL_DIRECT_UTC,1760362200,1,1,1,1
2025-10-13,NEW_YORK_0930,NY_CLOSE_BROKER_CONVENTION,1760373000,1,1,1,1
2025-10-14,LONDON_0800,ORIGINAL_DIRECT_UTC,1760425200,1,1,1,1
2025-10-14,LONDON_0800,NY_CLOSE_BROKER_CONVENTION,1760436000,1,1,1,1
2025-10-14,NEW_YORK_0930,ORIGINAL_DIRECT_UTC,1760448600,1,1,1,1
2025-10-14,NEW_YORK_0930,NY_CLOSE_BROKER_CONVENTION,1760459400,1,1,1,1
2025-10-15,LONDON_0800,ORIGINAL_DIRECT_UTC,1760511600,1,1,1,1
2025-10-15,LONDON_0800,NY_CLOSE_BROKER_CONVENTION,1760522400,1,1,1,1
2025-10-15,NEW_YORK_0930,ORIGINAL_DIRECT_UTC,1760535000,1,1,1,1
2025-10-15,NEW_YORK_0930,NY_CLOSE_BROKER_CONVENTION,1760545800,1,1,1,1
2025-10-16,LONDON_0800,ORIGINAL_DIRECT_UTC,1760598000,1,1,1,1
2025-10-16,LONDON_0800,NY_CLOSE_BROKER_CONVENTION,1760608800,1,1,1,1
2025-10-16,NEW_YORK_0930,ORIGINAL_DIRECT_UTC,1760621400,1,1,1,1
2025-10-16,NEW_YORK_0930,NY_CLOSE_BROKER_CONVENTION,1760632200,1,1,1,1
2025-10-17,LONDON_0800,ORIGINAL_DIRECT_UTC,1760684400,1,1,1,1
2025-10-17,LONDON_0800,NY_CLOSE_BROKER_CONVENTION,1760695200,1,1,1,1
2025-10-17,NEW_YORK_0930,ORIGINAL_DIRECT_UTC,1760707800,1,1,1,1
2025-10-17,NEW_YORK_0930,NY_CLOSE_BROKER_CONVENTION,1760718600,1,1,1,1
2025-10-20,LONDON_0800,ORIGINAL_DIRECT_UTC,1760943600,1,1,1,1
2025-10-20,LONDON_0800,NY_CLOSE_BROKER_CONVENTION,1760954400,1,1,1,1
2025-10-20,NEW_YORK_0930,ORIGINAL_DIRECT_UTC,1760967000,1,1,1,1
2025-10-20,NEW_YORK_0930,NY_CLOSE_BROKER_CONVENTION,1760977800,1,1,1,1
2025-10-21,LONDON_0800,ORIGINAL_DIRECT_UTC,1761030000,1,1,1,1
2025-10-21,LONDON_0800,NY_CLOSE_BROKER_CONVENTION,1761040800,1,1,1,1
2025-10-21,NEW_YORK_0930,ORIGINAL_DIRECT_UTC,1761053400,1,1,1,1
2025-10-21,NEW_YORK_0930,NY_CLOSE_BROKER_CONVENTION,1761064200,1,1,1,1
2025-10-22,LONDON_0800,ORIGINAL_DIRECT_UTC,1761116400,1,1,1,1
2025-10-22,LONDON_0800,NY_CLOSE_BROKER_CONVENTION,1761127200,1,1,1,1
2025-10-22,NEW_YORK_0930,ORIGINAL_DIRECT_UTC,1761139800,1,1,1,1
2025-10-22,NEW_YORK_0930,NY_CLOSE_BROKER_CONVENTION,1761150600,1,1,1,1
2025-10-23,LONDON_0800,ORIGINAL_DIRECT_UTC,1761202800,1,1,1,1
2025-10-23,LONDON_0800,NY_CLOSE_BROKER_CONVENTION,1761213600,1,1,1,1
2025-10-23,NEW_YORK_0930,ORIGINAL_DIRECT_UTC,1761226200,1,1,1,1
2025-10-23,NEW_YORK_0930,NY_CLOSE_BROKER_CONVENTION,1761237000,1,1,1,1
2025-10-24,LONDON_0800,ORIGINAL_DIRECT_UTC,1761289200,1,1,1,1
2025-10-24,LONDON_0800,NY_CLOSE_BROKER_CONVENTION,1761300000,1,1,1,1
2025-10-24,NEW_YORK_0930,ORIGINAL_DIRECT_UTC,1761312600,1,1,1,1
2025-10-24,NEW_YORK_0930,NY_CLOSE_BROKER_CONVENTION,1761323400,1,1,1,1
2025-10-27,LONDON_0800,ORIGINAL_DIRECT_UTC,1761552000,1,1,1,1
2025-10-27,LONDON_0800,NY_CLOSE_BROKER_CONVENTION,1761562800,1,1,1,1
2025-10-27,NEW_YORK_0930,ORIGINAL_DIRECT_UTC,1761571800,1,1,1,1
2025-10-27,NEW_YORK_0930,NY_CLOSE_BROKER_CONVENTION,1761582600,1,1,1,1
2025-10-28,LONDON_0800,ORIGINAL_DIRECT_UTC,1761638400,1,1,1,1
2025-10-28,LONDON_0800,NY_CLOSE_BROKER_CONVENTION,1761649200,1,1,1,1
2025-10-28,NEW_YORK_0930,ORIGINAL_DIRECT_UTC,1761658200,1,1,1,1
2025-10-28,NEW_YORK_0930,NY_CLOSE_BROKER_CONVENTION,1761669000,1,1,1,1
2025-10-29,LONDON_0800,ORIGINAL_DIRECT_UTC,1761724800,1,1,1,1
2025-10-29,LONDON_0800,NY_CLOSE_BROKER_CONVENTION,1761735600,1,1,1,1
2025-10-29,NEW_YORK_0930,ORIGINAL_DIRECT_UTC,1761744600,1,1,1,1
2025-10-29,NEW_YORK_0930,NY_CLOSE_BROKER_CONVENTION,1761755400,1,1,1,1
2025-10-30,LONDON_0800,ORIGINAL_DIRECT_UTC,1761811200,1,1,1,1
2025-10-30,LONDON_0800,NY_CLOSE_BROKER_CONVENTION,1761822000,1,1,1,1
2025-10-30,NEW_YORK_0930,ORIGINAL_DIRECT_UTC,1761831000,1,1,1,1
2025-10-30,NEW_YORK_0930,NY_CLOSE_BROKER_CONVENTION,1761841800,1,1,1,1
2025-10-31,LONDON_0800,ORIGINAL_DIRECT_UTC,1761897600,1,1,1,1
2025-10-31,LONDON_0800,NY_CLOSE_BROKER_CONVENTION,1761908400,1,1,1,1
2025-10-31,NEW_YORK_0930,ORIGINAL_DIRECT_UTC,1761917400,1,1,1,1
2025-10-31,NEW_YORK_0930,NY_CLOSE_BROKER_CONVENTION,1761928200,1,1,1,1
2025-11-03,LONDON_0800,ORIGINAL_DIRECT_UTC,1762156800,1,1,1,1
2025-11-03,LONDON_0800,NY_CLOSE_BROKER_CONVENTION,1762164000,1,1,1,1
2025-11-03,NEW_YORK_0930,ORIGINAL_DIRECT_UTC,1762180200,1,1,1,1
2025-11-03,NEW_YORK_0930,NY_CLOSE_BROKER_CONVENTION,1762187400,1,1,1,1
2025-11-04,LONDON_0800,ORIGINAL_DIRECT_UTC,1762243200,1,1,1,1
2025-11-04,LONDON_0800,NY_CLOSE_BROKER_CONVENTION,1762250400,1,1,1,1
2025-11-04,NEW_YORK_0930,ORIGINAL_DIRECT_UTC,1762266600,1,1,1,1
2025-11-04,NEW_YORK_0930,NY_CLOSE_BROKER_CONVENTION,1762273800,1,1,1,1
2025-11-05,LONDON_0800,ORIGINAL_DIRECT_UTC,1762329600,1,1,1,1
2025-11-05,LONDON_0800,NY_CLOSE_BROKER_CONVENTION,1762336800,1,1,1,1
2025-11-05,NEW_YORK_0930,ORIGINAL_DIRECT_UTC,1762353000,1,1,1,1
2025-11-05,NEW_YORK_0930,NY_CLOSE_BROKER_CONVENTION,1762360200,1,1,1,1
2025-11-06,LONDON_0800,ORIGINAL_DIRECT_UTC,1762416000,1,1,1,1
2025-11-06,LONDON_0800,NY_CLOSE_BROKER_CONVENTION,1762423200,1,1,1,1
2025-11-06,NEW_YORK_0930,ORIGINAL_DIRECT_UTC,1762439400,1,1,1,1
2025-11-06,NEW_YORK_0930,NY_CLOSE_BROKER_CONVENTION,1762446600,1,1,1,1
2025-11-07,LONDON_0800,ORIGINAL_DIRECT_UTC,1762502400,1,1,1,1
2025-11-07,LONDON_0800,NY_CLOSE_BROKER_CONVENTION,1762509600,1,1,1,1
2025-11-07,NEW_YORK_0930,ORIGINAL_DIRECT_UTC,1762525800,1,1,1,1
2025-11-07,NEW_YORK_0930,NY_CLOSE_BROKER_CONVENTION,1762533000,1,1,1,1
2025-11-10,LONDON_0800,ORIGINAL_DIRECT_UTC,1762761600,1,1,1,1
2025-11-10,LONDON_0800,NY_CLOSE_BROKER_CONVENTION,1762768800,1,1,1,1
2025-11-10,NEW_YORK_0930,ORIGINAL_DIRECT_UTC,1762785000,1,1,1,1
2025-11-10,NEW_YORK_0930,NY_CLOSE_BROKER_CONVENTION,1762792200,1,1,1,1
2025-11-11,LONDON_0800,ORIGINAL_DIRECT_UTC,1762848000,1,1,1,1
2025-11-11,LONDON_0800,NY_CLOSE_BROKER_CONVENTION,1762855200,1,1,1,1
2025-11-11,NEW_YORK_0930,ORIGINAL_DIRECT_UTC,1762871400,1,1,1,1
2025-11-11,NEW_YORK_0930,NY_CLOSE_BROKER_CONVENTION,1762878600,1,1,1,1
2025-11-12,LONDON_0800,ORIGINAL_DIRECT_UTC,1762934400,1,1,1,1
2025-11-12,LONDON_0800,NY_CLOSE_BROKER_CONVENTION,1762941600,1,1,1,1
2025-11-12,NEW_YORK_0930,ORIGINAL_DIRECT_UTC,1762957800,1,1,1,1
2025-11-12,NEW_YORK_0930,NY_CLOSE_BROKER_CONVENTION,1762965000,1,1,1,1
2025-11-13,LONDON_0800,ORIGINAL_DIRECT_UTC,1763020800,1,1,1,1
2025-11-13,LONDON_0800,NY_CLOSE_BROKER_CONVENTION,1763028000,1,1,1,1
2025-11-13,NEW_YORK_0930,ORIGINAL_DIRECT_UTC,1763044200,1,1,1,1
2025-11-13,NEW_YORK_0930,NY_CLOSE_BROKER_CONVENTION,1763051400,1,1,1,1
2025-11-14,LONDON_0800,ORIGINAL_DIRECT_UTC,1763107200,1,1,1,1
2025-11-14,LONDON_0800,NY_CLOSE_BROKER_CONVENTION,1763114400,1,1,1,1
2025-11-14,NEW_YORK_0930,ORIGINAL_DIRECT_UTC,1763130600,1,1,1,1
2025-11-14,NEW_YORK_0930,NY_CLOSE_BROKER_CONVENTION,1763137800,1,1,1,1
2025-11-17,LONDON_0800,ORIGINAL_DIRECT_UTC,1763366400,1,1,1,1
2025-11-17,LONDON_0800,NY_CLOSE_BROKER_CONVENTION,1763373600,1,1,1,1
2025-11-17,NEW_YORK_0930,ORIGINAL_DIRECT_UTC,1763389800,1,1,1,1
2025-11-17,NEW_YORK_0930,NY_CLOSE_BROKER_CONVENTION,1763397000,1,1,1,1
2025-11-18,LONDON_0800,ORIGINAL_DIRECT_UTC,1763452800,1,1,1,1
2025-11-18,LONDON_0800,NY_CLOSE_BROKER_CONVENTION,1763460000,1,1,1,1
2025-11-18,NEW_YORK_0930,ORIGINAL_DIRECT_UTC,1763476200,1,1,1,1
2025-11-18,NEW_YORK_0930,NY_CLOSE_BROKER_CONVENTION,1763483400,1,1,1,1
2025-11-19,LONDON_0800,ORIGINAL_DIRECT_UTC,1763539200,1,1,1,1
2025-11-19,LONDON_0800,NY_CLOSE_BROKER_CONVENTION,1763546400,1,1,1,1
2025-11-19,NEW_YORK_0930,ORIGINAL_DIRECT_UTC,1763562600,1,1,1,1
2025-11-19,NEW_YORK_0930,NY_CLOSE_BROKER_CONVENTION,1763569800,1,1,1,1
2025-11-20,LONDON_0800,ORIGINAL_DIRECT_UTC,1763625600,1,1,1,1
2025-11-20,LONDON_0800,NY_CLOSE_BROKER_CONVENTION,1763632800,1,1,1,1
2025-11-20,NEW_YORK_0930,ORIGINAL_DIRECT_UTC,1763649000,1,1,1,1
2025-11-20,NEW_YORK_0930,NY_CLOSE_BROKER_CONVENTION,1763656200,1,1,1,1
2025-11-21,LONDON_0800,ORIGINAL_DIRECT_UTC,1763712000,1,1,1,1
2025-11-21,LONDON_0800,NY_CLOSE_BROKER_CONVENTION,1763719200,1,1,1,1
2025-11-21,NEW_YORK_0930,ORIGINAL_DIRECT_UTC,1763735400,1,1,1,1
2025-11-21,NEW_YORK_0930,NY_CLOSE_BROKER_CONVENTION,1763742600,1,1,1,1
2025-11-24,LONDON_0800,ORIGINAL_DIRECT_UTC,1763971200,1,1,1,1
2025-11-24,LONDON_0800,NY_CLOSE_BROKER_CONVENTION,1763978400,1,1,1,1
2025-11-24,NEW_YORK_0930,ORIGINAL_DIRECT_UTC,1763994600,1,1,0,0
2025-11-24,NEW_YORK_0930,NY_CLOSE_BROKER_CONVENTION,1764001800,1,1,1,1
2025-11-25,LONDON_0800,ORIGINAL_DIRECT_UTC,1764057600,1,1,1,1
2025-11-25,LONDON_0800,NY_CLOSE_BROKER_CONVENTION,1764064800,1,1,1,1
2025-11-25,NEW_YORK_0930,ORIGINAL_DIRECT_UTC,1764081000,1,1,1,1
2025-11-25,NEW_YORK_0930,NY_CLOSE_BROKER_CONVENTION,1764088200,1,1,1,1
2025-11-26,LONDON_0800,ORIGINAL_DIRECT_UTC,1764144000,1,1,1,1
2025-11-26,LONDON_0800,NY_CLOSE_BROKER_CONVENTION,1764151200,1,1,1,1
2025-11-26,NEW_YORK_0930,ORIGINAL_DIRECT_UTC,1764167400,1,1,1,1
2025-11-26,NEW_YORK_0930,NY_CLOSE_BROKER_CONVENTION,1764174600,1,1,1,1
2025-11-27,LONDON_0800,ORIGINAL_DIRECT_UTC,1764230400,1,1,1,1
2025-11-27,LONDON_0800,NY_CLOSE_BROKER_CONVENTION,1764237600,1,1,1,1
2025-11-27,NEW_YORK_0930,ORIGINAL_DIRECT_UTC,1764253800,1,1,1,1
2025-11-27,NEW_YORK_0930,NY_CLOSE_BROKER_CONVENTION,1764261000,1,1,1,1
2025-11-28,LONDON_0800,ORIGINAL_DIRECT_UTC,1764316800,0,0,0,0
2025-11-28,LONDON_0800,NY_CLOSE_BROKER_CONVENTION,1764324000,0,0,0,0
2025-11-28,NEW_YORK_0930,ORIGINAL_DIRECT_UTC,1764340200,0,0,0,0
2025-11-28,NEW_YORK_0930,NY_CLOSE_BROKER_CONVENTION,1764347400,1,1,1,1
2025-12-01,LONDON_0800,ORIGINAL_DIRECT_UTC,1764576000,1,1,1,1
2025-12-01,LONDON_0800,NY_CLOSE_BROKER_CONVENTION,1764583200,1,1,1,1
2025-12-01,NEW_YORK_0930,ORIGINAL_DIRECT_UTC,1764599400,1,1,1,1
2025-12-01,NEW_YORK_0930,NY_CLOSE_BROKER_CONVENTION,1764606600,1,1,1,1
2025-12-02,LONDON_0800,ORIGINAL_DIRECT_UTC,1764662400,1,1,1,1
2025-12-02,LONDON_0800,NY_CLOSE_BROKER_CONVENTION,1764669600,1,1,1,1
2025-12-02,NEW_YORK_0930,ORIGINAL_DIRECT_UTC,1764685800,1,1,1,1
2025-12-02,NEW_YORK_0930,NY_CLOSE_BROKER_CONVENTION,1764693000,1,1,1,1
2025-12-03,LONDON_0800,ORIGINAL_DIRECT_UTC,1764748800,1,1,1,1
2025-12-03,LONDON_0800,NY_CLOSE_BROKER_CONVENTION,1764756000,1,1,1,1
2025-12-03,NEW_YORK_0930,ORIGINAL_DIRECT_UTC,1764772200,1,1,1,1
2025-12-03,NEW_YORK_0930,NY_CLOSE_BROKER_CONVENTION,1764779400,1,1,1,1
2025-12-04,LONDON_0800,ORIGINAL_DIRECT_UTC,1764835200,1,1,1,1
2025-12-04,LONDON_0800,NY_CLOSE_BROKER_CONVENTION,1764842400,1,1,1,1
2025-12-04,NEW_YORK_0930,ORIGINAL_DIRECT_UTC,1764858600,1,1,1,1
2025-12-04,NEW_YORK_0930,NY_CLOSE_BROKER_CONVENTION,1764865800,1,1,1,1
2025-12-05,LONDON_0800,ORIGINAL_DIRECT_UTC,1764921600,1,1,1,1
2025-12-05,LONDON_0800,NY_CLOSE_BROKER_CONVENTION,1764928800,1,1,1,1
2025-12-05,NEW_YORK_0930,ORIGINAL_DIRECT_UTC,1764945000,1,1,1,1
2025-12-05,NEW_YORK_0930,NY_CLOSE_BROKER_CONVENTION,1764952200,1,1,1,1
2025-12-08,LONDON_0800,ORIGINAL_DIRECT_UTC,1765180800,1,1,1,1
2025-12-08,LONDON_0800,NY_CLOSE_BROKER_CONVENTION,1765188000,1,1,1,1
2025-12-08,NEW_YORK_0930,ORIGINAL_DIRECT_UTC,1765204200,1,1,1,1
2025-12-08,NEW_YORK_0930,NY_CLOSE_BROKER_CONVENTION,1765211400,1,1,1,1
2025-12-09,LONDON_0800,ORIGINAL_DIRECT_UTC,1765267200,1,1,1,1
2025-12-09,LONDON_0800,NY_CLOSE_BROKER_CONVENTION,1765274400,1,1,1,1
2025-12-09,NEW_YORK_0930,ORIGINAL_DIRECT_UTC,1765290600,1,1,1,1
2025-12-09,NEW_YORK_0930,NY_CLOSE_BROKER_CONVENTION,1765297800,1,1,1,1
2025-12-10,LONDON_0800,ORIGINAL_DIRECT_UTC,1765353600,1,1,1,1
2025-12-10,LONDON_0800,NY_CLOSE_BROKER_CONVENTION,1765360800,1,1,1,1
2025-12-10,NEW_YORK_0930,ORIGINAL_DIRECT_UTC,1765377000,1,1,1,1
2025-12-10,NEW_YORK_0930,NY_CLOSE_BROKER_CONVENTION,1765384200,1,1,1,1
2025-12-11,LONDON_0800,ORIGINAL_DIRECT_UTC,1765440000,1,1,1,1
2025-12-11,LONDON_0800,NY_CLOSE_BROKER_CONVENTION,1765447200,1,1,1,1
2025-12-11,NEW_YORK_0930,ORIGINAL_DIRECT_UTC,1765463400,1,1,1,1
2025-12-11,NEW_YORK_0930,NY_CLOSE_BROKER_CONVENTION,1765470600,1,1,1,1
2025-12-12,LONDON_0800,ORIGINAL_DIRECT_UTC,1765526400,1,1,1,1
2025-12-12,LONDON_0800,NY_CLOSE_BROKER_CONVENTION,1765533600,1,1,1,1
2025-12-12,NEW_YORK_0930,ORIGINAL_DIRECT_UTC,1765549800,1,1,1,1
2025-12-12,NEW_YORK_0930,NY_CLOSE_BROKER_CONVENTION,1765557000,1,1,1,1
2025-12-15,LONDON_0800,ORIGINAL_DIRECT_UTC,1765785600,1,1,1,1
2025-12-15,LONDON_0800,NY_CLOSE_BROKER_CONVENTION,1765792800,1,1,1,1
2025-12-15,NEW_YORK_0930,ORIGINAL_DIRECT_UTC,1765809000,1,1,1,1
2025-12-15,NEW_YORK_0930,NY_CLOSE_BROKER_CONVENTION,1765816200,1,1,1,1
2025-12-16,LONDON_0800,ORIGINAL_DIRECT_UTC,1765872000,1,1,1,1
2025-12-16,LONDON_0800,NY_CLOSE_BROKER_CONVENTION,1765879200,1,1,1,1
2025-12-16,NEW_YORK_0930,ORIGINAL_DIRECT_UTC,1765895400,1,1,1,1
2025-12-16,NEW_YORK_0930,NY_CLOSE_BROKER_CONVENTION,1765902600,1,1,1,1
2025-12-17,LONDON_0800,ORIGINAL_DIRECT_UTC,1765958400,1,1,1,1
2025-12-17,LONDON_0800,NY_CLOSE_BROKER_CONVENTION,1765965600,1,1,1,1
2025-12-17,NEW_YORK_0930,ORIGINAL_DIRECT_UTC,1765981800,1,1,1,1
2025-12-17,NEW_YORK_0930,NY_CLOSE_BROKER_CONVENTION,1765989000,1,1,1,1
2025-12-18,LONDON_0800,ORIGINAL_DIRECT_UTC,1766044800,1,1,1,1
2025-12-18,LONDON_0800,NY_CLOSE_BROKER_CONVENTION,1766052000,1,1,1,1
2025-12-18,NEW_YORK_0930,ORIGINAL_DIRECT_UTC,1766068200,1,1,1,1
2025-12-18,NEW_YORK_0930,NY_CLOSE_BROKER_CONVENTION,1766075400,1,1,1,1
2025-12-19,LONDON_0800,ORIGINAL_DIRECT_UTC,1766131200,1,1,1,1
2025-12-19,LONDON_0800,NY_CLOSE_BROKER_CONVENTION,1766138400,1,1,1,1
2025-12-19,NEW_YORK_0930,ORIGINAL_DIRECT_UTC,1766154600,1,1,1,1
2025-12-19,NEW_YORK_0930,NY_CLOSE_BROKER_CONVENTION,1766161800,1,1,1,1
2025-12-22,LONDON_0800,ORIGINAL_DIRECT_UTC,1766390400,1,1,1,1
2025-12-22,LONDON_0800,NY_CLOSE_BROKER_CONVENTION,1766397600,1,1,1,1
2025-12-22,NEW_YORK_0930,ORIGINAL_DIRECT_UTC,1766413800,1,1,1,1
2025-12-22,NEW_YORK_0930,NY_CLOSE_BROKER_CONVENTION,1766421000,1,1,1,1
2025-12-23,LONDON_0800,ORIGINAL_DIRECT_UTC,1766476800,1,1,1,1
2025-12-23,LONDON_0800,NY_CLOSE_BROKER_CONVENTION,1766484000,1,1,1,1
2025-12-23,NEW_YORK_0930,ORIGINAL_DIRECT_UTC,1766500200,1,1,1,1
2025-12-23,NEW_YORK_0930,NY_CLOSE_BROKER_CONVENTION,1766507400,1,1,1,1
2025-12-24,LONDON_0800,ORIGINAL_DIRECT_UTC,1766563200,1,1,1,1
2025-12-24,LONDON_0800,NY_CLOSE_BROKER_CONVENTION,1766570400,1,1,1,1
2025-12-24,NEW_YORK_0930,ORIGINAL_DIRECT_UTC,1766586600,1,1,1,1
2025-12-24,NEW_YORK_0930,NY_CLOSE_BROKER_CONVENTION,1766593800,1,1,1,1
2025-12-26,LONDON_0800,ORIGINAL_DIRECT_UTC,1766736000,1,1,1,1
2025-12-26,LONDON_0800,NY_CLOSE_BROKER_CONVENTION,1766743200,1,1,1,1
2025-12-26,NEW_YORK_0930,ORIGINAL_DIRECT_UTC,1766759400,1,1,1,1
2025-12-26,NEW_YORK_0930,NY_CLOSE_BROKER_CONVENTION,1766766600,1,1,1,1
2025-12-29,LONDON_0800,ORIGINAL_DIRECT_UTC,1766995200,1,1,1,1
2025-12-29,LONDON_0800,NY_CLOSE_BROKER_CONVENTION,1767002400,1,1,1,1
2025-12-29,NEW_YORK_0930,ORIGINAL_DIRECT_UTC,1767018600,1,1,1,1
2025-12-29,NEW_YORK_0930,NY_CLOSE_BROKER_CONVENTION,1767025800,1,1,1,1
2025-12-30,LONDON_0800,ORIGINAL_DIRECT_UTC,1767081600,1,1,1,1
2025-12-30,LONDON_0800,NY_CLOSE_BROKER_CONVENTION,1767088800,1,1,1,1
2025-12-30,NEW_YORK_0930,ORIGINAL_DIRECT_UTC,1767105000,1,1,1,1
2025-12-30,NEW_YORK_0930,NY_CLOSE_BROKER_CONVENTION,1767112200,1,1,1,1
2025-12-31,LONDON_0800,ORIGINAL_DIRECT_UTC,1767168000,1,1,1,1
2025-12-31,LONDON_0800,NY_CLOSE_BROKER_CONVENTION,1767175200,1,1,1,1
2025-12-31,NEW_YORK_0930,ORIGINAL_DIRECT_UTC,1767191400,1,1,1,1
2025-12-31,NEW_YORK_0930,NY_CLOSE_BROKER_CONVENTION,1767198600,1,1,1,1
