raw_date,session,representation,symbol,anchor_raw_epoch,anchor_raw_label,entry_raw_epoch,causal_prefix_complete,causal_prefix_and_entry_minute_complete,complete_through_hold_end,original_full_future_complete,pre_context_missing_count,pre_context_missing_relative_minutes,completed_signal_bars_missing_count,completed_signal_bars_missing_relative_minutes,entry_minute_missing_count,entry_minute_missing_relative_minutes,future_hold_path_missing_count,future_hold_path_missing_relative_minutes,unused_future_overcoverage_missing_count,unused_future_overcoverage_missing_relative_minutes
2024-01-02,LONDON_0800,ORIGINAL_DIRECT_UTC,US100,1704182400,2024-01-02T08:00:00,1704182700,0,0,0,0,1,-12,0,,0,,0,,0,
2024-01-02,LONDON_0800,ORIGINAL_DIRECT_UTC,US30,1704182400,2024-01-02T08:00:00,1704182700,0,0,0,0,1,-12,0,,0,,0,,0,
2024-01-02,LONDON_0800,NY_CLOSE_BROKER_CONVENTION,US100,1704189600,2024-01-02T10:00:00,1704189900,1,1,1,1,0,,0,,0,,0,,0,
2024-01-02,LONDON_0800,NY_CLOSE_BROKER_CONVENTION,US30,1704189600,2024-01-02T10:00:00,1704189900,1,1,1,1,0,,0,,0,,0,,0,
2024-01-02,NEW_YORK_0930,ORIGINAL_DIRECT_UTC,US100,1704205800,2024-01-02T14:30:00,1704206100,1,1,1,1,0,,0,,0,,0,,0,
2024-01-02,NEW_YORK_0930,ORIGINAL_DIRECT_UTC,US30,1704205800,2024-01-02T14:30:00,1704206100,1,1,1,1,0,,0,,0,,0,,0,
2024-01-02,NEW_YORK_0930,NY_CLOSE_BROKER_CONVENTION,US100,1704213000,2024-01-02T16:30:00,1704213300,1,1,1,1,0,,0,,0,,0,,0,
2024-01-02,NEW_YORK_0930,NY_CLOSE_BROKER_CONVENTION,US30,1704213000,2024-01-02T16:30:00,1704213300,1,1,1,1,0,,0,,0,,0,,0,
2024-01-03,LONDON_0800,ORIGINAL_DIRECT_UTC,US100,1704268800,2024-01-03T08:00:00,1704269100,1,1,1,1,0,,0,,0,,0,,0,
2024-01-03,LONDON_0800,ORIGINAL_DIRECT_UTC,US30,1704268800,2024-01-03T08:00:00,1704269100,0,0,0,0,2,-22 -2,0,,0,,0,,0,
2024-01-03,LONDON_0800,NY_CLOSE_BROKER_CONVENTION,US100,1704276000,2024-01-03T10:00:00,1704276300,1,1,1,1,0,,0,,0,,0,,0,
2024-01-03,LONDON_0800,NY_CLOSE_BROKER_CONVENTION,US30,1704276000,2024-01-03T10:00:00,1704276300,1,1,1,1,0,,0,,0,,0,,0,
2024-01-03,NEW_YORK_0930,ORIGINAL_DIRECT_UTC,US100,1704292200,2024-01-03T14:30:00,1704292500,1,1,1,1,0,,0,,0,,0,,0,
2024-01-03,NEW_YORK_0930,ORIGINAL_DIRECT_UTC,US30,1704292200,2024-01-03T14:30:00,1704292500,1,1,1,1,0,,0,,0,,0,,0,
2024-01-03,NEW_YORK_0930,NY_CLOSE_BROKER_CONVENTION,US100,1704299400,2024-01-03T16:30:00,1704299700,1,1,1,1,0,,0,,0,,0,,0,
2024-01-03,NEW_YORK_0930,NY_CLOSE_BROKER_CONVENTION,US30,1704299400,2024-01-03T16:30:00,1704299700,1,1,1,1,0,,0,,0,,0,,0,
2024-01-04,LONDON_0800,ORIGINAL_DIRECT_UTC,US100,1704355200,2024-01-04T08:00:00,1704355500,1,1,1,1,0,,0,,0,,0,,0,
2024-01-04,LONDON_0800,ORIGINAL_DIRECT_UTC,US30,1704355200,2024-01-04T08:00:00,1704355500,0,0,0,0,1,-5,0,,0,,0,,0,
2024-01-04,LONDON_0800,NY_CLOSE_BROKER_CONVENTION,US100,1704362400,2024-01-04T10:00:00,1704362700,1,1,1,1,0,,0,,0,,0,,0,
2024-01-04,LONDON_0800,NY_CLOSE_BROKER_CONVENTION,US30,1704362400,2024-01-04T10:00:00,1704362700,1,1,1,1,0,,0,,0,,0,,0,
2024-01-04,NEW_YORK_0930,ORIGINAL_DIRECT_UTC,US100,1704378600,2024-01-04T14:30:00,1704378900,1,1,1,1,0,,0,,0,,0,,0,
2024-01-04,NEW_YORK_0930,ORIGINAL_DIRECT_UTC,US30,1704378600,2024-01-04T14:30:00,1704378900,1,1,1,1,0,,0,,0,,0,,0,
2024-01-04,NEW_YORK_0930,NY_CLOSE_BROKER_CONVENTION,US100,1704385800,2024-01-04T16:30:00,1704386100,1,1,1,1,0,,0,,0,,0,,0,
2024-01-04,NEW_YORK_0930,NY_CLOSE_BROKER_CONVENTION,US30,1704385800,2024-01-04T16:30:00,1704386100,1,1,1,1,0,,0,,0,,0,,0,
2024-01-05,LONDON_0800,ORIGINAL_DIRECT_UTC,US100,1704441600,2024-01-05T08:00:00,1704441900,1,1,1,1,0,,0,,0,,0,,0,
2024-01-05,LONDON_0800,ORIGINAL_DIRECT_UTC,US30,1704441600,2024-01-05T08:00:00,1704441900,1,1,1,1,0,,0,,0,,0,,0,
2024-01-05,LONDON_0800,NY_CLOSE_BROKER_CONVENTION,US100,1704448800,2024-01-05T10:00:00,1704449100,1,1,1,1,0,,0,,0,,0,,0,
2024-01-05,LONDON_0800,NY_CLOSE_BROKER_CONVENTION,US30,1704448800,2024-01-05T10:00:00,1704449100,1,1,1,1,0,,0,,0,,0,,0,
2024-01-05,NEW_YORK_0930,ORIGINAL_DIRECT_UTC,US100,1704465000,2024-01-05T14:30:00,1704465300,1,1,1,1,0,,0,,0,,0,,0,
2024-01-05,NEW_YORK_0930,ORIGINAL_DIRECT_UTC,US30,1704465000,2024-01-05T14:30:00,1704465300,1,1,1,1,0,,0,,0,,0,,0,
2024-01-05,NEW_YORK_0930,NY_CLOSE_BROKER_CONVENTION,US100,1704472200,2024-01-05T16:30:00,1704472500,1,1,1,1,0,,0,,0,,0,,0,
2024-01-05,NEW_YORK_0930,NY_CLOSE_BROKER_CONVENTION,US30,1704472200,2024-01-05T16:30:00,1704472500,1,1,1,1,0,,0,,0,,0,,0,
2024-01-08,LONDON_0800,ORIGINAL_DIRECT_UTC,US100,1704700800,2024-01-08T08:00:00,1704701100,1,1,1,1,0,,0,,0,,0,,0,
2024-01-08,LONDON_0800,ORIGINAL_DIRECT_UTC,US30,1704700800,2024-01-08T08:00:00,1704701100,1,1,1,1,0,,0,,0,,0,,0,
2024-01-08,LONDON_0800,NY_CLOSE_BROKER_CONVENTION,US100,1704708000,2024-01-08T10:00:00,1704708300,1,1,1,1,0,,0,,0,,0,,0,
2024-01-08,LONDON_0800,NY_CLOSE_BROKER_CONVENTION,US30,1704708000,2024-01-08T10:00:00,1704708300,1,1,1,1,0,,0,,0,,0,,0,
2024-01-08,NEW_YORK_0930,ORIGINAL_DIRECT_UTC,US100,1704724200,2024-01-08T14:30:00,1704724500,1,1,1,1,0,,0,,0,,0,,0,
2024-01-08,NEW_YORK_0930,ORIGINAL_DIRECT_UTC,US30,1704724200,2024-01-08T14:30:00,1704724500,1,1,1,1,0,,0,,0,,0,,0,
2024-01-08,NEW_YORK_0930,NY_CLOSE_BROKER_CONVENTION,US100,1704731400,2024-01-08T16:30:00,1704731700,1,1,1,1,0,,0,,0,,0,,0,
2024-01-08,NEW_YORK_0930,NY_CLOSE_BROKER_CONVENTION,US30,1704731400,2024-01-08T16:30:00,1704731700,1,1,1,1,0,,0,,0,,0,,0,
2024-01-09,LONDON_0800,ORIGINAL_DIRECT_UTC,US100,1704787200,2024-01-09T08:00:00,1704787500,1,1,1,1,0,,0,,0,,0,,0,
2024-01-09,LONDON_0800,ORIGINAL_DIRECT_UTC,US30,1704787200,2024-01-09T08:00:00,1704787500,0,0,0,0,1,-19,0,,0,,0,,0,
2024-01-09,LONDON_0800,NY_CLOSE_BROKER_CONVENTION,US100,1704794400,2024-01-09T10:00:00,1704794700,1,1,1,1,0,,0,,0,,0,,0,
2024-01-09,LONDON_0800,NY_CLOSE_BROKER_CONVENTION,US30,1704794400,2024-01-09T10:00:00,1704794700,1,1,1,1,0,,0,,0,,0,,0,
2024-01-09,NEW_YORK_0930,ORIGINAL_DIRECT_UTC,US100,1704810600,2024-01-09T14:30:00,1704810900,1,1,1,1,0,,0,,0,,0,,0,
2024-01-09,NEW_YORK_0930,ORIGINAL_DIRECT_UTC,US30,1704810600,2024-01-09T14:30:00,1704810900,1,1,1,1,0,,0,,0,,0,,0,
2024-01-09,NEW_YORK_0930,NY_CLOSE_BROKER_CONVENTION,US100,1704817800,2024-01-09T16:30:00,1704818100,1,1,1,1,0,,0,,0,,0,,0,
2024-01-09,NEW_YORK_0930,NY_CLOSE_BROKER_CONVENTION,US30,1704817800,2024-01-09T16:30:00,1704818100,1,1,1,1,0,,0,,0,,0,,0,
2024-01-10,LONDON_0800,ORIGINAL_DIRECT_UTC,US100,1704873600,2024-01-10T08:00:00,1704873900,1,1,1,1,0,,0,,0,,0,,0,
2024-01-10,LONDON_0800,ORIGINAL_DIRECT_UTC,US30,1704873600,2024-01-10T08:00:00,1704873900,1,1,1,1,0,,0,,0,,0,,0,
2024-01-10,LONDON_0800,NY_CLOSE_BROKER_CONVENTION,US100,1704880800,2024-01-10T10:00:00,1704881100,1,1,1,1,0,,0,,0,,0,,0,
2024-01-10,LONDON_0800,NY_CLOSE_BROKER_CONVENTION,US30,1704880800,2024-01-10T10:00:00,1704881100,1,1,1,1,0,,0,,0,,0,,0,
2024-01-10,NEW_YORK_0930,ORIGINAL_DIRECT_UTC,US100,1704897000,2024-01-10T14:30:00,1704897300,1,1,1,1,0,,0,,0,,0,,0,
2024-01-10,NEW_YORK_0930,ORIGINAL_DIRECT_UTC,US30,1704897000,2024-01-10T14:30:00,1704897300,1,1,1,1,0,,0,,0,,0,,0,
2024-01-10,NEW_YORK_0930,NY_CLOSE_BROKER_CONVENTION,US100,1704904200,2024-01-10T16:30:00,1704904500,1,1,1,1,0,,0,,0,,0,,0,
2024-01-10,NEW_YORK_0930,NY_CLOSE_BROKER_CONVENTION,US30,1704904200,2024-01-10T16:30:00,1704904500,1,1,1,1,0,,0,,0,,0,,0,
2024-01-11,LONDON_0800,ORIGINAL_DIRECT_UTC,US100,1704960000,2024-01-11T08:00:00,1704960300,1,1,1,1,0,,0,,0,,0,,0,
2024-01-11,LONDON_0800,ORIGINAL_DIRECT_UTC,US30,1704960000,2024-01-11T08:00:00,1704960300,1,1,1,1,0,,0,,0,,0,,0,
2024-01-11,LONDON_0800,NY_CLOSE_BROKER_CONVENTION,US100,1704967200,2024-01-11T10:00:00,1704967500,1,1,1,1,0,,0,,0,,0,,0,
2024-01-11,LONDON_0800,NY_CLOSE_BROKER_CONVENTION,US30,1704967200,2024-01-11T10:00:00,1704967500,1,1,1,1,0,,0,,0,,0,,0,
2024-01-11,NEW_YORK_0930,ORIGINAL_DIRECT_UTC,US100,1704983400,2024-01-11T14:30:00,1704983700,1,1,1,1,0,,0,,0,,0,,0,
2024-01-11,NEW_YORK_0930,ORIGINAL_DIRECT_UTC,US30,1704983400,2024-01-11T14:30:00,1704983700,1,1,1,1,0,,0,,0,,0,,0,
2024-01-11,NEW_YORK_0930,NY_CLOSE_BROKER_CONVENTION,US100,1704990600,2024-01-11T16:30:00,1704990900,1,1,1,1,0,,0,,0,,0,,0,
2024-01-11,NEW_YORK_0930,NY_CLOSE_BROKER_CONVENTION,US30,1704990600,2024-01-11T16:30:00,1704990900,1,1,1,1,0,,0,,0,,0,,0,
2024-01-12,LONDON_0800,ORIGINAL_DIRECT_UTC,US100,1705046400,2024-01-12T08:00:00,1705046700,1,1,1,1,0,,0,,0,,0,,0,
2024-01-12,LONDON_0800,ORIGINAL_DIRECT_UTC,US30,1705046400,2024-01-12T08:00:00,1705046700,1,1,1,1,0,,0,,0,,0,,0,
2024-01-12,LONDON_0800,NY_CLOSE_BROKER_CONVENTION,US100,1705053600,2024-01-12T10:00:00,1705053900,1,1,1,1,0,,0,,0,,0,,0,
2024-01-12,LONDON_0800,NY_CLOSE_BROKER_CONVENTION,US30,1705053600,2024-01-12T10:00:00,1705053900,1,1,1,1,0,,0,,0,,0,,0,
2024-01-12,NEW_YORK_0930,ORIGINAL_DIRECT_UTC,US100,1705069800,2024-01-12T14:30:00,1705070100,1,1,1,1,0,,0,,0,,0,,0,
2024-01-12,NEW_YORK_0930,ORIGINAL_DIRECT_UTC,US30,1705069800,2024-01-12T14:30:00,1705070100,1,1,1,1,0,,0,,0,,0,,0,
2024-01-12,NEW_YORK_0930,NY_CLOSE_BROKER_CONVENTION,US100,1705077000,2024-01-12T16:30:00,1705077300,1,1,1,1,0,,0,,0,,0,,0,
2024-01-12,NEW_YORK_0930,NY_CLOSE_BROKER_CONVENTION,US30,1705077000,2024-01-12T16:30:00,1705077300,1,1,1,1,0,,0,,0,,0,,0,
2024-01-15,LONDON_0800,ORIGINAL_DIRECT_UTC,US100,1705305600,2024-01-15T08:00:00,1705305900,1,1,1,1,0,,0,,0,,0,,0,
2024-01-15,LONDON_0800,ORIGINAL_DIRECT_UTC,US30,1705305600,2024-01-15T08:00:00,1705305900,1,1,0,0,0,,0,,0,,1,56,0,
2024-01-15,LONDON_0800,NY_CLOSE_BROKER_CONVENTION,US100,1705312800,2024-01-15T10:00:00,1705313100,1,1,1,1,0,,0,,0,,0,,0,
2024-01-15,LONDON_0800,NY_CLOSE_BROKER_CONVENTION,US30,1705312800,2024-01-15T10:00:00,1705313100,1,1,1,1,0,,0,,0,,0,,0,
2024-01-15,NEW_YORK_0930,ORIGINAL_DIRECT_UTC,US100,1705329000,2024-01-15T14:30:00,1705329300,1,1,1,1,0,,0,,0,,0,,0,
2024-01-15,NEW_YORK_0930,ORIGINAL_DIRECT_UTC,US30,1705329000,2024-01-15T14:30:00,1705329300,1,1,1,1,0,,0,,0,,0,,0,
2024-01-15,NEW_YORK_0930,NY_CLOSE_BROKER_CONVENTION,US100,1705336200,2024-01-15T16:30:00,1705336500,1,1,1,1,0,,0,,0,,0,,0,
2024-01-15,NEW_YORK_0930,NY_CLOSE_BROKER_CONVENTION,US30,1705336200,2024-01-15T16:30:00,1705336500,1,1,1,1,0,,0,,0,,0,,0,
2024-01-16,LONDON_0800,ORIGINAL_DIRECT_UTC,US100,1705392000,2024-01-16T08:00:00,1705392300,1,1,1,1,0,,0,,0,,0,,0,
2024-01-16,LONDON_0800,ORIGINAL_DIRECT_UTC,US30,1705392000,2024-01-16T08:00:00,1705392300,1,1,1,1,0,,0,,0,,0,,0,
2024-01-16,LONDON_0800,NY_CLOSE_BROKER_CONVENTION,US100,1705399200,2024-01-16T10:00:00,1705399500,1,1,1,1,0,,0,,0,,0,,0,
2024-01-16,LONDON_0800,NY_CLOSE_BROKER_CONVENTION,US30,1705399200,2024-01-16T10:00:00,1705399500,1,1,1,1,0,,0,,0,,0,,0,
2024-01-16,NEW_YORK_0930,ORIGINAL_DIRECT_UTC,US100,1705415400,2024-01-16T14:30:00,1705415700,1,1,1,1,0,,0,,0,,0,,0,
2024-01-16,NEW_YORK_0930,ORIGINAL_DIRECT_UTC,US30,1705415400,2024-01-16T14:30:00,1705415700,1,1,1,1,0,,0,,0,,0,,0,
2024-01-16,NEW_YORK_0930,NY_CLOSE_BROKER_CONVENTION,US100,1705422600,2024-01-16T16:30:00,1705422900,1,1,1,1,0,,0,,0,,0,,0,
2024-01-16,NEW_YORK_0930,NY_CLOSE_BROKER_CONVENTION,US30,1705422600,2024-01-16T16:30:00,1705422900,1,1,1,1,0,,0,,0,,0,,0,
2024-01-17,LONDON_0800,ORIGINAL_DIRECT_UTC,US100,1705478400,2024-01-17T08:00:00,1705478700,1,1,1,1,0,,0,,0,,0,,0,
2024-01-17,LONDON_0800,ORIGINAL_DIRECT_UTC,US30,1705478400,2024-01-17T08:00:00,1705478700,1,1,1,1,0,,0,,0,,0,,0,
2024-01-17,LONDON_0800,NY_CLOSE_BROKER_CONVENTION,US100,1705485600,2024-01-17T10:00:00,1705485900,1,1,1,1,0,,0,,0,,0,,0,
2024-01-17,LONDON_0800,NY_CLOSE_BROKER_CONVENTION,US30,1705485600,2024-01-17T10:00:00,1705485900,1,1,1,1,0,,0,,0,,0,,0,
2024-01-17,NEW_YORK_0930,ORIGINAL_DIRECT_UTC,US100,1705501800,2024-01-17T14:30:00,1705502100,1,1,1,1,0,,0,,0,,0,,0,
2024-01-17,NEW_YORK_0930,ORIGINAL_DIRECT_UTC,US30,1705501800,2024-01-17T14:30:00,1705502100,1,1,1,1,0,,0,,0,,0,,0,
2024-01-17,NEW_YORK_0930,NY_CLOSE_BROKER_CONVENTION,US100,1705509000,2024-01-17T16:30:00,1705509300,1,1,1,1,0,,0,,0,,0,,0,
2024-01-17,NEW_YORK_0930,NY_CLOSE_BROKER_CONVENTION,US30,1705509000,2024-01-17T16:30:00,1705509300,1,1,1,1,0,,0,,0,,0,,0,
2024-01-18,LONDON_0800,ORIGINAL_DIRECT_UTC,US100,1705564800,2024-01-18T08:00:00,1705565100,1,1,1,1,0,,0,,0,,0,,0,
2024-01-18,LONDON_0800,ORIGINAL_DIRECT_UTC,US30,1705564800,2024-01-18T08:00:00,1705565100,1,1,1,1,0,,0,,0,,0,,0,
2024-01-18,LONDON_0800,NY_CLOSE_BROKER_CONVENTION,US100,1705572000,2024-01-18T10:00:00,1705572300,1,1,1,1,0,,0,,0,,0,,0,
2024-01-18,LONDON_0800,NY_CLOSE_BROKER_CONVENTION,US30,1705572000,2024-01-18T10:00:00,1705572300,1,1,1,1,0,,0,,0,,0,,0,
2024-01-18,NEW_YORK_0930,ORIGINAL_DIRECT_UTC,US100,1705588200,2024-01-18T14:30:00,1705588500,1,1,1,1,0,,0,,0,,0,,0,
2024-01-18,NEW_YORK_0930,ORIGINAL_DIRECT_UTC,US30,1705588200,2024-01-18T14:30:00,1705588500,1,1,1,1,0,,0,,0,,0,,0,
2024-01-18,NEW_YORK_0930,NY_CLOSE_BROKER_CONVENTION,US100,1705595400,2024-01-18T16:30:00,1705595700,1,1,1,1,0,,0,,0,,0,,0,
2024-01-18,NEW_YORK_0930,NY_CLOSE_BROKER_CONVENTION,US30,1705595400,2024-01-18T16:30:00,1705595700,1,1,1,1,0,,0,,0,,0,,0,
2024-01-19,LONDON_0800,ORIGINAL_DIRECT_UTC,US100,1705651200,2024-01-19T08:00:00,1705651500,1,1,1,1,0,,0,,0,,0,,0,
2024-01-19,LONDON_0800,ORIGINAL_DIRECT_UTC,US30,1705651200,2024-01-19T08:00:00,1705651500,1,1,1,1,0,,0,,0,,0,,0,
2024-01-19,LONDON_0800,NY_CLOSE_BROKER_CONVENTION,US100,1705658400,2024-01-19T10:00:00,1705658700,1,1,1,1,0,,0,,0,,0,,0,
2024-01-19,LONDON_0800,NY_CLOSE_BROKER_CONVENTION,US30,1705658400,2024-01-19T10:00:00,1705658700,1,1,1,1,0,,0,,0,,0,,0,
2024-01-19,NEW_YORK_0930,ORIGINAL_DIRECT_UTC,US100,1705674600,2024-01-19T14:30:00,1705674900,1,1,1,1,0,,0,,0,,0,,0,
2024-01-19,NEW_YORK_0930,ORIGINAL_DIRECT_UTC,US30,1705674600,2024-01-19T14:30:00,1705674900,1,1,1,1,0,,0,,0,,0,,0,
2024-01-19,NEW_YORK_0930,NY_CLOSE_BROKER_CONVENTION,US100,1705681800,2024-01-19T16:30:00,1705682100,1,1,1,1,0,,0,,0,,0,,0,
2024-01-19,NEW_YORK_0930,NY_CLOSE_BROKER_CONVENTION,US30,1705681800,2024-01-19T16:30:00,1705682100,1,1,1,1,0,,0,,0,,0,,0,
2024-01-22,LONDON_0800,ORIGINAL_DIRECT_UTC,US100,1705910400,2024-01-22T08:00:00,1705910700,1,1,1,1,0,,0,,0,,0,,0,
2024-01-22,LONDON_0800,ORIGINAL_DIRECT_UTC,US30,1705910400,2024-01-22T08:00:00,1705910700,1,1,1,1,0,,0,,0,,0,,0,
2024-01-22,LONDON_0800,NY_CLOSE_BROKER_CONVENTION,US100,1705917600,2024-01-22T10:00:00,1705917900,1,1,1,1,0,,0,,0,,0,,0,
2024-01-22,LONDON_0800,NY_CLOSE_BROKER_CONVENTION,US30,1705917600,2024-01-22T10:00:00,1705917900,1,1,1,1,0,,0,,0,,0,,0,
2024-01-22,NEW_YORK_0930,ORIGINAL_DIRECT_UTC,US100,1705933800,2024-01-22T14:30:00,1705934100,1,1,1,1,0,,0,,0,,0,,0,
2024-01-22,NEW_YORK_0930,ORIGINAL_DIRECT_UTC,US30,1705933800,2024-01-22T14:30:00,1705934100,1,1,1,1,0,,0,,0,,0,,0,
2024-01-22,NEW_YORK_0930,NY_CLOSE_BROKER_CONVENTION,US100,1705941000,2024-01-22T16:30:00,1705941300,1,1,1,1,0,,0,,0,,0,,0,
2024-01-22,NEW_YORK_0930,NY_CLOSE_BROKER_CONVENTION,US30,1705941000,2024-01-22T16:30:00,1705941300,1,1,1,1,0,,0,,0,,0,,0,
2024-01-23,LONDON_0800,ORIGINAL_DIRECT_UTC,US100,1705996800,2024-01-23T08:00:00,1705997100,1,1,1,1,0,,0,,0,,0,,0,
2024-01-23,LONDON_0800,ORIGINAL_DIRECT_UTC,US30,1705996800,2024-01-23T08:00:00,1705997100,1,1,1,1,0,,0,,0,,0,,0,
2024-01-23,LONDON_0800,NY_CLOSE_BROKER_CONVENTION,US100,1706004000,2024-01-23T10:00:00,1706004300,1,1,1,1,0,,0,,0,,0,,0,
2024-01-23,LONDON_0800,NY_CLOSE_BROKER_CONVENTION,US30,1706004000,2024-01-23T10:00:00,1706004300,1,1,1,1,0,,0,,0,,0,,0,
2024-01-23,NEW_YORK_0930,ORIGINAL_DIRECT_UTC,US100,1706020200,2024-01-23T14:30:00,1706020500,1,1,1,1,0,,0,,0,,0,,0,
2024-01-23,NEW_YORK_0930,ORIGINAL_DIRECT_UTC,US30,1706020200,2024-01-23T14:30:00,1706020500,1,1,1,1,0,,0,,0,,0,,0,
2024-01-23,NEW_YORK_0930,NY_CLOSE_BROKER_CONVENTION,US100,1706027400,2024-01-23T16:30:00,1706027700,1,1,1,1,0,,0,,0,,0,,0,
2024-01-23,NEW_YORK_0930,NY_CLOSE_BROKER_CONVENTION,US30,1706027400,2024-01-23T16:30:00,1706027700,1,1,1,1,0,,0,,0,,0,,0,
2024-01-24,LONDON_0800,ORIGINAL_DIRECT_UTC,US100,1706083200,2024-01-24T08:00:00,1706083500,1,1,1,1,0,,0,,0,,0,,0,
2024-01-24,LONDON_0800,ORIGINAL_DIRECT_UTC,US30,1706083200,2024-01-24T08:00:00,1706083500,1,1,1,1,0,,0,,0,,0,,0,
2024-01-24,LONDON_0800,NY_CLOSE_BROKER_CONVENTION,US100,1706090400,2024-01-24T10:00:00,1706090700,1,1,1,1,0,,0,,0,,0,,0,
2024-01-24,LONDON_0800,NY_CLOSE_BROKER_CONVENTION,US30,1706090400,2024-01-24T10:00:00,1706090700,1,1,1,1,0,,0,,0,,0,,0,
2024-01-24,NEW_YORK_0930,ORIGINAL_DIRECT_UTC,US100,1706106600,2024-01-24T14:30:00,1706106900,1,1,1,1,0,,0,,0,,0,,0,
2024-01-24,NEW_YORK_0930,ORIGINAL_DIRECT_UTC,US30,1706106600,2024-01-24T14:30:00,1706106900,1,1,1,1,0,,0,,0,,0,,0,
2024-01-24,NEW_YORK_0930,NY_CLOSE_BROKER_CONVENTION,US100,1706113800,2024-01-24T16:30:00,1706114100,1,1,1,1,0,,0,,0,,0,,0,
2024-01-24,NEW_YORK_0930,NY_CLOSE_BROKER_CONVENTION,US30,1706113800,2024-01-24T16:30:00,1706114100,1,1,1,1,0,,0,,0,,0,,0,
2024-01-25,LONDON_0800,ORIGINAL_DIRECT_UTC,US100,1706169600,2024-01-25T08:00:00,1706169900,1,1,1,1,0,,0,,0,,0,,0,
2024-01-25,LONDON_0800,ORIGINAL_DIRECT_UTC,US30,1706169600,2024-01-25T08:00:00,1706169900,1,1,1,1,0,,0,,0,,0,,0,
2024-01-25,LONDON_0800,NY_CLOSE_BROKER_CONVENTION,US100,1706176800,2024-01-25T10:00:00,1706177100,1,1,1,1,0,,0,,0,,0,,0,
2024-01-25,LONDON_0800,NY_CLOSE_BROKER_CONVENTION,US30,1706176800,2024-01-25T10:00:00,1706177100,1,1,1,1,0,,0,,0,,0,,0,
2024-01-25,NEW_YORK_0930,ORIGINAL_DIRECT_UTC,US100,1706193000,2024-01-25T14:30:00,1706193300,1,1,1,1,0,,0,,0,,0,,0,
2024-01-25,NEW_YORK_0930,ORIGINAL_DIRECT_UTC,US30,1706193000,2024-01-25T14:30:00,1706193300,1,1,1,1,0,,0,,0,,0,,0,
2024-01-25,NEW_YORK_0930,NY_CLOSE_BROKER_CONVENTION,US100,1706200200,2024-01-25T16:30:00,1706200500,1,1,1,1,0,,0,,0,,0,,0,
2024-01-25,NEW_YORK_0930,NY_CLOSE_BROKER_CONVENTION,US30,1706200200,2024-01-25T16:30:00,1706200500,1,1,1,1,0,,0,,0,,0,,0,
2024-01-26,LONDON_0800,ORIGINAL_DIRECT_UTC,US100,1706256000,2024-01-26T08:00:00,1706256300,1,1,1,1,0,,0,,0,,0,,0,
2024-01-26,LONDON_0800,ORIGINAL_DIRECT_UTC,US30,1706256000,2024-01-26T08:00:00,1706256300,1,1,1,1,0,,0,,0,,0,,0,
2024-01-26,LONDON_0800,NY_CLOSE_BROKER_CONVENTION,US100,1706263200,2024-01-26T10:00:00,1706263500,1,1,1,1,0,,0,,0,,0,,0,
2024-01-26,LONDON_0800,NY_CLOSE_BROKER_CONVENTION,US30,1706263200,2024-01-26T10:00:00,1706263500,1,1,1,1,0,,0,,0,,0,,0,
2024-01-26,NEW_YORK_0930,ORIGINAL_DIRECT_UTC,US100,1706279400,2024-01-26T14:30:00,1706279700,1,1,1,1,0,,0,,0,,0,,0,
2024-01-26,NEW_YORK_0930,ORIGINAL_DIRECT_UTC,US30,1706279400,2024-01-26T14:30:00,1706279700,1,1,1,1,0,,0,,0,,0,,0,
2024-01-26,NEW_YORK_0930,NY_CLOSE_BROKER_CONVENTION,US100,1706286600,2024-01-26T16:30:00,1706286900,1,1,1,1,0,,0,,0,,0,,0,
2024-01-26,NEW_YORK_0930,NY_CLOSE_BROKER_CONVENTION,US30,1706286600,2024-01-26T16:30:00,1706286900,1,1,1,1,0,,0,,0,,0,,0,
2024-01-29,LONDON_0800,ORIGINAL_DIRECT_UTC,US100,1706515200,2024-01-29T08:00:00,1706515500,1,1,1,1,0,,0,,0,,0,,0,
2024-01-29,LONDON_0800,ORIGINAL_DIRECT_UTC,US30,1706515200,2024-01-29T08:00:00,1706515500,1,1,1,1,0,,0,,0,,0,,0,
2024-01-29,LONDON_0800,NY_CLOSE_BROKER_CONVENTION,US100,1706522400,2024-01-29T10:00:00,1706522700,1,1,1,1,0,,0,,0,,0,,0,
2024-01-29,LONDON_0800,NY_CLOSE_BROKER_CONVENTION,US30,1706522400,2024-01-29T10:00:00,1706522700,1,1,1,1,0,,0,,0,,0,,0,
2024-01-29,NEW_YORK_0930,ORIGINAL_DIRECT_UTC,US100,1706538600,2024-01-29T14:30:00,1706538900,1,1,1,1,0,,0,,0,,0,,0,
2024-01-29,NEW_YORK_0930,ORIGINAL_DIRECT_UTC,US30,1706538600,2024-01-29T14:30:00,1706538900,1,1,1,1,0,,0,,0,,0,,0,
2024-01-29,NEW_YORK_0930,NY_CLOSE_BROKER_CONVENTION,US100,1706545800,2024-01-29T16:30:00,1706546100,1,1,1,1,0,,0,,0,,0,,0,
2024-01-29,NEW_YORK_0930,NY_CLOSE_BROKER_CONVENTION,US30,1706545800,2024-01-29T16:30:00,1706546100,1,1,1,1,0,,0,,0,,0,,0,
2024-01-30,LONDON_0800,ORIGINAL_DIRECT_UTC,US100,1706601600,2024-01-30T08:00:00,1706601900,1,1,1,1,0,,0,,0,,0,,0,
2024-01-30,LONDON_0800,ORIGINAL_DIRECT_UTC,US30,1706601600,2024-01-30T08:00:00,1706601900,1,1,1,1,0,,0,,0,,0,,0,
2024-01-30,LONDON_0800,NY_CLOSE_BROKER_CONVENTION,US100,1706608800,2024-01-30T10:00:00,1706609100,1,1,1,1,0,,0,,0,,0,,0,
2024-01-30,LONDON_0800,NY_CLOSE_BROKER_CONVENTION,US30,1706608800,2024-01-30T10:00:00,1706609100,1,1,1,1,0,,0,,0,,0,,0,
2024-01-30,NEW_YORK_0930,ORIGINAL_DIRECT_UTC,US100,1706625000,2024-01-30T14:30:00,1706625300,1,1,1,1,0,,0,,0,,0,,0,
2024-01-30,NEW_YORK_0930,ORIGINAL_DIRECT_UTC,US30,1706625000,2024-01-30T14:30:00,1706625300,1,1,1,1,0,,0,,0,,0,,0,
2024-01-30,NEW_YORK_0930,NY_CLOSE_BROKER_CONVENTION,US100,1706632200,2024-01-30T16:30:00,1706632500,1,1,1,1,0,,0,,0,,0,,0,
2024-01-30,NEW_YORK_0930,NY_CLOSE_BROKER_CONVENTION,US30,1706632200,2024-01-30T16:30:00,1706632500,1,1,1,1,0,,0,,0,,0,,0,
2024-01-31,LONDON_0800,ORIGINAL_DIRECT_UTC,US100,1706688000,2024-01-31T08:00:00,1706688300,1,1,1,1,0,,0,,0,,0,,0,
2024-01-31,LONDON_0800,ORIGINAL_DIRECT_UTC,US30,1706688000,2024-01-31T08:00:00,1706688300,1,1,1,1,0,,0,,0,,0,,0,
2024-01-31,LONDON_0800,NY_CLOSE_BROKER_CONVENTION,US100,1706695200,2024-01-31T10:00:00,1706695500,1,1,1,1,0,,0,,0,,0,,0,
2024-01-31,LONDON_0800,NY_CLOSE_BROKER_CONVENTION,US30,1706695200,2024-01-31T10:00:00,1706695500,1,1,1,1,0,,0,,0,,0,,0,
2024-01-31,NEW_YORK_0930,ORIGINAL_DIRECT_UTC,US100,1706711400,2024-01-31T14:30:00,1706711700,1,1,1,1,0,,0,,0,,0,,0,
2024-01-31,NEW_YORK_0930,ORIGINAL_DIRECT_UTC,US30,1706711400,2024-01-31T14:30:00,1706711700,1,1,1,1,0,,0,,0,,0,,0,
2024-01-31,NEW_YORK_0930,NY_CLOSE_BROKER_CONVENTION,US100,1706718600,2024-01-31T16:30:00,1706718900,1,1,1,1,0,,0,,0,,0,,0,
2024-01-31,NEW_YORK_0930,NY_CLOSE_BROKER_CONVENTION,US30,1706718600,2024-01-31T16:30:00,1706718900,1,1,1,1,0,,0,,0,,0,,0,
2024-02-01,LONDON_0800,ORIGINAL_DIRECT_UTC,US100,1706774400,2024-02-01T08:00:00,1706774700,1,1,1,1,0,,0,,0,,0,,0,
2024-02-01,LONDON_0800,ORIGINAL_DIRECT_UTC,US30,1706774400,2024-02-01T08:00:00,1706774700,1,1,1,1,0,,0,,0,,0,,0,
2024-02-01,LONDON_0800,NY_CLOSE_BROKER_CONVENTION,US100,1706781600,2024-02-01T10:00:00,1706781900,1,1,1,1,0,,0,,0,,0,,0,
2024-02-01,LONDON_0800,NY_CLOSE_BROKER_CONVENTION,US30,1706781600,2024-02-01T10:00:00,1706781900,1,1,1,1,0,,0,,0,,0,,0,
2024-02-01,NEW_YORK_0930,ORIGINAL_DIRECT_UTC,US100,1706797800,2024-02-01T14:30:00,1706798100,1,1,1,1,0,,0,,0,,0,,0,
2024-02-01,NEW_YORK_0930,ORIGINAL_DIRECT_UTC,US30,1706797800,2024-02-01T14:30:00,1706798100,1,1,1,1,0,,0,,0,,0,,0,
2024-02-01,NEW_YORK_0930,NY_CLOSE_BROKER_CONVENTION,US100,1706805000,2024-02-01T16:30:00,1706805300,1,1,1,1,0,,0,,0,,0,,0,
2024-02-01,NEW_YORK_0930,NY_CLOSE_BROKER_CONVENTION,US30,1706805000,2024-02-01T16:30:00,1706805300,1,1,1,1,0,,0,,0,,0,,0,
2024-02-02,LONDON_0800,ORIGINAL_DIRECT_UTC,US100,1706860800,2024-02-02T08:00:00,1706861100,1,1,1,1,0,,0,,0,,0,,0,
2024-02-02,LONDON_0800,ORIGINAL_DIRECT_UTC,US30,1706860800,2024-02-02T08:00:00,1706861100,1,1,1,1,0,,0,,0,,0,,0,
2024-02-02,LONDON_0800,NY_CLOSE_BROKER_CONVENTION,US100,1706868000,2024-02-02T10:00:00,1706868300,1,1,1,1,0,,0,,0,,0,,0,
2024-02-02,LONDON_0800,NY_CLOSE_BROKER_CONVENTION,US30,1706868000,2024-02-02T10:00:00,1706868300,1,1,1,1,0,,0,,0,,0,,0,
2024-02-02,NEW_YORK_0930,ORIGINAL_DIRECT_UTC,US100,1706884200,2024-02-02T14:30:00,1706884500,1,1,1,1,0,,0,,0,,0,,0,
2024-02-02,NEW_YORK_0930,ORIGINAL_DIRECT_UTC,US30,1706884200,2024-02-02T14:30:00,1706884500,1,1,1,1,0,,0,,0,,0,,0,
2024-02-02,NEW_YORK_0930,NY_CLOSE_BROKER_CONVENTION,US100,1706891400,2024-02-02T16:30:00,1706891700,1,1,1,1,0,,0,,0,,0,,0,
2024-02-02,NEW_YORK_0930,NY_CLOSE_BROKER_CONVENTION,US30,1706891400,2024-02-02T16:30:00,1706891700,1,1,1,1,0,,0,,0,,0,,0,
2024-02-05,LONDON_0800,ORIGINAL_DIRECT_UTC,US100,1707120000,2024-02-05T08:00:00,1707120300,1,1,1,1,0,,0,,0,,0,,0,
2024-02-05,LONDON_0800,ORIGINAL_DIRECT_UTC,US30,1707120000,2024-02-05T08:00:00,1707120300,0,0,0,0,1,-15,0,,0,,0,,0,
2024-02-05,LONDON_0800,NY_CLOSE_BROKER_CONVENTION,US100,1707127200,2024-02-05T10:00:00,1707127500,1,1,1,1,0,,0,,0,,0,,0,
2024-02-05,LONDON_0800,NY_CLOSE_BROKER_CONVENTION,US30,1707127200,2024-02-05T10:00:00,1707127500,1,1,1,1,0,,0,,0,,0,,0,
2024-02-05,NEW_YORK_0930,ORIGINAL_DIRECT_UTC,US100,1707143400,2024-02-05T14:30:00,1707143700,1,1,1,1,0,,0,,0,,0,,0,
2024-02-05,NEW_YORK_0930,ORIGINAL_DIRECT_UTC,US30,1707143400,2024-02-05T14:30:00,1707143700,1,1,1,1,0,,0,,0,,0,,0,
2024-02-05,NEW_YORK_0930,NY_CLOSE_BROKER_CONVENTION,US100,1707150600,2024-02-05T16:30:00,1707150900,1,1,1,1,0,,0,,0,,0,,0,
2024-02-05,NEW_YORK_0930,NY_CLOSE_BROKER_CONVENTION,US30,1707150600,2024-02-05T16:30:00,1707150900,1,1,1,1,0,,0,,0,,0,,0,
2024-02-06,LONDON_0800,ORIGINAL_DIRECT_UTC,US100,1707206400,2024-02-06T08:00:00,1707206700,1,1,1,1,0,,0,,0,,0,,0,
2024-02-06,LONDON_0800,ORIGINAL_DIRECT_UTC,US30,1707206400,2024-02-06T08:00:00,1707206700,1,1,0,0,0,,0,,0,,1,42,0,
2024-02-06,LONDON_0800,NY_CLOSE_BROKER_CONVENTION,US100,1707213600,2024-02-06T10:00:00,1707213900,1,1,1,1,0,,0,,0,,0,,0,
2024-02-06,LONDON_0800,NY_CLOSE_BROKER_CONVENTION,US30,1707213600,2024-02-06T10:00:00,1707213900,1,1,1,1,0,,0,,0,,0,,0,
2024-02-06,NEW_YORK_0930,ORIGINAL_DIRECT_UTC,US100,1707229800,2024-02-06T14:30:00,1707230100,1,1,1,1,0,,0,,0,,0,,0,
2024-02-06,NEW_YORK_0930,ORIGINAL_DIRECT_UTC,US30,1707229800,2024-02-06T14:30:00,1707230100,1,1,1,1,0,,0,,0,,0,,0,
2024-02-06,NEW_YORK_0930,NY_CLOSE_BROKER_CONVENTION,US100,1707237000,2024-02-06T16:30:00,1707237300,1,1,1,1,0,,0,,0,,0,,0,
2024-02-06,NEW_YORK_0930,NY_CLOSE_BROKER_CONVENTION,US30,1707237000,2024-02-06T16:30:00,1707237300,1,1,1,1,0,,0,,0,,0,,0,
2024-02-07,LONDON_0800,ORIGINAL_DIRECT_UTC,US100,1707292800,2024-02-07T08:00:00,1707293100,1,1,1,1,0,,0,,0,,0,,0,
2024-02-07,LONDON_0800,ORIGINAL_DIRECT_UTC,US30,1707292800,2024-02-07T08:00:00,1707293100,0,0,0,0,1,-2,0,,0,,0,,0,
2024-02-07,LONDON_0800,NY_CLOSE_BROKER_CONVENTION,US100,1707300000,2024-02-07T10:00:00,1707300300,1,1,1,1,0,,0,,0,,0,,0,
2024-02-07,LONDON_0800,NY_CLOSE_BROKER_CONVENTION,US30,1707300000,2024-02-07T10:00:00,1707300300,1,1,1,1,0,,0,,0,,0,,0,
2024-02-07,NEW_YORK_0930,ORIGINAL_DIRECT_UTC,US100,1707316200,2024-02-07T14:30:00,1707316500,1,1,1,1,0,,0,,0,,0,,0,
2024-02-07,NEW_YORK_0930,ORIGINAL_DIRECT_UTC,US30,1707316200,2024-02-07T14:30:00,1707316500,1,1,1,1,0,,0,,0,,0,,0,
2024-02-07,NEW_YORK_0930,NY_CLOSE_BROKER_CONVENTION,US100,1707323400,2024-02-07T16:30:00,1707323700,1,1,1,1,0,,0,,0,,0,,0,
2024-02-07,NEW_YORK_0930,NY_CLOSE_BROKER_CONVENTION,US30,1707323400,2024-02-07T16:30:00,1707323700,1,1,1,1,0,,0,,0,,0,,0,
2024-02-08,LONDON_0800,ORIGINAL_DIRECT_UTC,US100,1707379200,2024-02-08T08:00:00,1707379500,1,1,1,1,0,,0,,0,,0,,0,
2024-02-08,LONDON_0800,ORIGINAL_DIRECT_UTC,US30,1707379200,2024-02-08T08:00:00,1707379500,0,0,0,0,1,-28,0,,0,,0,,0,
2024-02-08,LONDON_0800,NY_CLOSE_BROKER_CONVENTION,US100,1707386400,2024-02-08T10:00:00,1707386700,1,1,1,1,0,,0,,0,,0,,0,
2024-02-08,LONDON_0800,NY_CLOSE_BROKER_CONVENTION,US30,1707386400,2024-02-08T10:00:00,1707386700,1,1,1,1,0,,0,,0,,0,,0,
2024-02-08,NEW_YORK_0930,ORIGINAL_DIRECT_UTC,US100,1707402600,2024-02-08T14:30:00,1707402900,1,1,1,1,0,,0,,0,,0,,0,
2024-02-08,NEW_YORK_0930,ORIGINAL_DIRECT_UTC,US30,1707402600,2024-02-08T14:30:00,1707402900,1,1,1,1,0,,0,,0,,0,,0,
2024-02-08,NEW_YORK_0930,NY_CLOSE_BROKER_CONVENTION,US100,1707409800,2024-02-08T16:30:00,1707410100,1,1,1,1,0,,0,,0,,0,,0,
2024-02-08,NEW_YORK_0930,NY_CLOSE_BROKER_CONVENTION,US30,1707409800,2024-02-08T16:30:00,1707410100,1,1,1,1,0,,0,,0,,0,,0,
2024-02-09,LONDON_0800,ORIGINAL_DIRECT_UTC,US100,1707465600,2024-02-09T08:00:00,1707465900,1,1,0,0,0,,0,,0,,1,56,0,
2024-02-09,LONDON_0800,ORIGINAL_DIRECT_UTC,US30,1707465600,2024-02-09T08:00:00,1707465900,0,0,0,0,2,-29 -26,0,,0,,4,11 24 46 54,0,
2024-02-09,LONDON_0800,NY_CLOSE_BROKER_CONVENTION,US100,1707472800,2024-02-09T10:00:00,1707473100,0,0,0,0,1,-22,0,,0,,0,,0,
2024-02-09,LONDON_0800,NY_CLOSE_BROKER_CONVENTION,US30,1707472800,2024-02-09T10:00:00,1707473100,1,1,1,1,0,,0,,0,,0,,0,
2024-02-09,NEW_YORK_0930,ORIGINAL_DIRECT_UTC,US100,1707489000,2024-02-09T14:30:00,1707489300,1,1,1,1,0,,0,,0,,0,,0,
2024-02-09,NEW_YORK_0930,ORIGINAL_DIRECT_UTC,US30,1707489000,2024-02-09T14:30:00,1707489300,1,1,1,1,0,,0,,0,,0,,0,
2024-02-09,NEW_YORK_0930,NY_CLOSE_BROKER_CONVENTION,US100,1707496200,2024-02-09T16:30:00,1707496500,1,1,1,1,0,,0,,0,,0,,0,
2024-02-09,NEW_YORK_0930,NY_CLOSE_BROKER_CONVENTION,US30,1707496200,2024-02-09T16:30:00,1707496500,1,1,1,1,0,,0,,0,,0,,0,
2024-02-12,LONDON_0800,ORIGINAL_DIRECT_UTC,US100,1707724800,2024-02-12T08:00:00,1707725100,1,1,1,1,0,,0,,0,,0,,0,
2024-02-12,LONDON_0800,ORIGINAL_DIRECT_UTC,US30,1707724800,2024-02-12T08:00:00,1707725100,0,0,0,0,5,-29 -23 -22 -11 -7,0,,0,,5,9 17 19 48 50,0,
2024-02-12,LONDON_0800,NY_CLOSE_BROKER_CONVENTION,US100,1707732000,2024-02-12T10:00:00,1707732300,1,1,1,1,0,,0,,0,,0,,0,
2024-02-12,LONDON_0800,NY_CLOSE_BROKER_CONVENTION,US30,1707732000,2024-02-12T10:00:00,1707732300,1,1,1,1,0,,0,,0,,0,,0,
2024-02-12,NEW_YORK_0930,ORIGINAL_DIRECT_UTC,US100,1707748200,2024-02-12T14:30:00,1707748500,1,1,1,1,0,,0,,0,,0,,0,
2024-02-12,NEW_YORK_0930,ORIGINAL_DIRECT_UTC,US30,1707748200,2024-02-12T14:30:00,1707748500,1,1,1,1,0,,0,,0,,0,,0,
2024-02-12,NEW_YORK_0930,NY_CLOSE_BROKER_CONVENTION,US100,1707755400,2024-02-12T16:30:00,1707755700,1,1,1,1,0,,0,,0,,0,,0,
2024-02-12,NEW_YORK_0930,NY_CLOSE_BROKER_CONVENTION,US30,1707755400,2024-02-12T16:30:00,1707755700,1,1,1,1,0,,0,,0,,0,,0,
2024-02-13,LONDON_0800,ORIGINAL_DIRECT_UTC,US100,1707811200,2024-02-13T08:00:00,1707811500,1,1,1,1,0,,0,,0,,0,,0,
2024-02-13,LONDON_0800,ORIGINAL_DIRECT_UTC,US30,1707811200,2024-02-13T08:00:00,1707811500,0,0,0,0,1,-21,0,,0,,0,,0,
2024-02-13,LONDON_0800,NY_CLOSE_BROKER_CONVENTION,US100,1707818400,2024-02-13T10:00:00,1707818700,1,1,1,1,0,,0,,0,,0,,0,
2024-02-13,LONDON_0800,NY_CLOSE_BROKER_CONVENTION,US30,1707818400,2024-02-13T10:00:00,1707818700,1,1,1,1,0,,0,,0,,0,,0,
2024-02-13,NEW_YORK_0930,ORIGINAL_DIRECT_UTC,US100,1707834600,2024-02-13T14:30:00,1707834900,1,1,1,1,0,,0,,0,,0,,0,
2024-02-13,NEW_YORK_0930,ORIGINAL_DIRECT_UTC,US30,1707834600,2024-02-13T14:30:00,1707834900,1,1,1,1,0,,0,,0,,0,,0,
2024-02-13,NEW_YORK_0930,NY_CLOSE_BROKER_CONVENTION,US100,1707841800,2024-02-13T16:30:00,1707842100,1,1,1,1,0,,0,,0,,0,,0,
2024-02-13,NEW_YORK_0930,NY_CLOSE_BROKER_CONVENTION,US30,1707841800,2024-02-13T16:30:00,1707842100,1,1,1,1,0,,0,,0,,0,,0,
2024-02-14,LONDON_0800,ORIGINAL_DIRECT_UTC,US100,1707897600,2024-02-14T08:00:00,1707897900,1,1,1,1,0,,0,,0,,0,,0,
2024-02-14,LONDON_0800,ORIGINAL_DIRECT_UTC,US30,1707897600,2024-02-14T08:00:00,1707897900,1,1,1,1,0,,0,,0,,0,,0,
2024-02-14,LONDON_0800,NY_CLOSE_BROKER_CONVENTION,US100,1707904800,2024-02-14T10:00:00,1707905100,1,1,1,1,0,,0,,0,,0,,0,
2024-02-14,LONDON_0800,NY_CLOSE_BROKER_CONVENTION,US30,1707904800,2024-02-14T10:00:00,1707905100,1,1,1,1,0,,0,,0,,0,,0,
2024-02-14,NEW_YORK_0930,ORIGINAL_DIRECT_UTC,US100,1707921000,2024-02-14T14:30:00,1707921300,1,1,1,1,0,,0,,0,,0,,0,
2024-02-14,NEW_YORK_0930,ORIGINAL_DIRECT_UTC,US30,1707921000,2024-02-14T14:30:00,1707921300,1,1,1,1,0,,0,,0,,0,,0,
2024-02-14,NEW_YORK_0930,NY_CLOSE_BROKER_CONVENTION,US100,1707928200,2024-02-14T16:30:00,1707928500,1,1,1,1,0,,0,,0,,0,,0,
2024-02-14,NEW_YORK_0930,NY_CLOSE_BROKER_CONVENTION,US30,1707928200,2024-02-14T16:30:00,1707928500,1,1,1,1,0,,0,,0,,0,,0,
2024-02-15,LONDON_0800,ORIGINAL_DIRECT_UTC,US100,1707984000,2024-02-15T08:00:00,1707984300,1,1,1,1,0,,0,,0,,0,,0,
2024-02-15,LONDON_0800,ORIGINAL_DIRECT_UTC,US30,1707984000,2024-02-15T08:00:00,1707984300,0,0,0,0,1,-9,0,,0,,2,11 25,0,
2024-02-15,LONDON_0800,NY_CLOSE_BROKER_CONVENTION,US100,1707991200,2024-02-15T10:00:00,1707991500,1,1,1,1,0,,0,,0,,0,,0,
2024-02-15,LONDON_0800,NY_CLOSE_BROKER_CONVENTION,US30,1707991200,2024-02-15T10:00:00,1707991500,1,1,1,1,0,,0,,0,,0,,0,
2024-02-15,NEW_YORK_0930,ORIGINAL_DIRECT_UTC,US100,1708007400,2024-02-15T14:30:00,1708007700,1,1,1,1,0,,0,,0,,0,,0,
2024-02-15,NEW_YORK_0930,ORIGINAL_DIRECT_UTC,US30,1708007400,2024-02-15T14:30:00,1708007700,1,1,1,1,0,,0,,0,,0,,0,
2024-02-15,NEW_YORK_0930,NY_CLOSE_BROKER_CONVENTION,US100,1708014600,2024-02-15T16:30:00,1708014900,1,1,1,1,0,,0,,0,,0,,0,
2024-02-15,NEW_YORK_0930,NY_CLOSE_BROKER_CONVENTION,US30,1708014600,2024-02-15T16:30:00,1708014900,1,1,1,1,0,,0,,0,,0,,0,
2024-02-16,LONDON_0800,ORIGINAL_DIRECT_UTC,US100,1708070400,2024-02-16T08:00:00,1708070700,1,1,1,1,0,,0,,0,,0,,0,
2024-02-16,LONDON_0800,ORIGINAL_DIRECT_UTC,US30,1708070400,2024-02-16T08:00:00,1708070700,1,1,1,1,0,,0,,0,,0,,0,
2024-02-16,LONDON_0800,NY_CLOSE_BROKER_CONVENTION,US100,1708077600,2024-02-16T10:00:00,1708077900,1,1,1,1,0,,0,,0,,0,,0,
2024-02-16,LONDON_0800,NY_CLOSE_BROKER_CONVENTION,US30,1708077600,2024-02-16T10:00:00,1708077900,1,1,1,1,0,,0,,0,,0,,0,
2024-02-16,NEW_YORK_0930,ORIGINAL_DIRECT_UTC,US100,1708093800,2024-02-16T14:30:00,1708094100,1,1,1,1,0,,0,,0,,0,,0,
2024-02-16,NEW_YORK_0930,ORIGINAL_DIRECT_UTC,US30,1708093800,2024-02-16T14:30:00,1708094100,1,1,1,1,0,,0,,0,,0,,0,
2024-02-16,NEW_YORK_0930,NY_CLOSE_BROKER_CONVENTION,US100,1708101000,2024-02-16T16:30:00,1708101300,1,1,1,1,0,,0,,0,,0,,0,
2024-02-16,NEW_YORK_0930,NY_CLOSE_BROKER_CONVENTION,US30,1708101000,2024-02-16T16:30:00,1708101300,1,1,1,1,0,,0,,0,,0,,0,
2024-02-19,LONDON_0800,ORIGINAL_DIRECT_UTC,US100,1708329600,2024-02-19T08:00:00,1708329900,1,1,1,1,0,,0,,0,,0,,0,
2024-02-19,LONDON_0800,ORIGINAL_DIRECT_UTC,US30,1708329600,2024-02-19T08:00:00,1708329900,1,1,1,1,0,,0,,0,,0,,0,
2024-02-19,LONDON_0800,NY_CLOSE_BROKER_CONVENTION,US100,1708336800,2024-02-19T10:00:00,1708337100,1,1,1,1,0,,0,,0,,0,,0,
2024-02-19,LONDON_0800,NY_CLOSE_BROKER_CONVENTION,US30,1708336800,2024-02-19T10:00:00,1708337100,1,1,1,1,0,,0,,0,,0,,0,
2024-02-19,NEW_YORK_0930,ORIGINAL_DIRECT_UTC,US100,1708353000,2024-02-19T14:30:00,1708353300,1,1,1,1,0,,0,,0,,0,,0,
2024-02-19,NEW_YORK_0930,ORIGINAL_DIRECT_UTC,US30,1708353000,2024-02-19T14:30:00,1708353300,1,1,1,1,0,,0,,0,,0,,0,
2024-02-19,NEW_YORK_0930,NY_CLOSE_BROKER_CONVENTION,US100,1708360200,2024-02-19T16:30:00,1708360500,1,1,1,1,0,,0,,0,,0,,0,
2024-02-19,NEW_YORK_0930,NY_CLOSE_BROKER_CONVENTION,US30,1708360200,2024-02-19T16:30:00,1708360500,1,1,1,1,0,,0,,0,,0,,0,
2024-02-20,LONDON_0800,ORIGINAL_DIRECT_UTC,US100,1708416000,2024-02-20T08:00:00,1708416300,1,1,1,1,0,,0,,0,,0,,0,
2024-02-20,LONDON_0800,ORIGINAL_DIRECT_UTC,US30,1708416000,2024-02-20T08:00:00,1708416300,1,1,0,0,0,,0,,0,,1,49,0,
2024-02-20,LONDON_0800,NY_CLOSE_BROKER_CONVENTION,US100,1708423200,2024-02-20T10:00:00,1708423500,1,1,1,1,0,,0,,0,,0,,0,
2024-02-20,LONDON_0800,NY_CLOSE_BROKER_CONVENTION,US30,1708423200,2024-02-20T10:00:00,1708423500,1,1,1,1,0,,0,,0,,0,,0,
2024-02-20,NEW_YORK_0930,ORIGINAL_DIRECT_UTC,US100,1708439400,2024-02-20T14:30:00,1708439700,1,1,1,1,0,,0,,0,,0,,0,
2024-02-20,NEW_YORK_0930,ORIGINAL_DIRECT_UTC,US30,1708439400,2024-02-20T14:30:00,1708439700,1,1,1,1,0,,0,,0,,0,,0,
2024-02-20,NEW_YORK_0930,NY_CLOSE_BROKER_CONVENTION,US100,1708446600,2024-02-20T16:30:00,1708446900,1,1,1,1,0,,0,,0,,0,,0,
2024-02-20,NEW_YORK_0930,NY_CLOSE_BROKER_CONVENTION,US30,1708446600,2024-02-20T16:30:00,1708446900,1,1,1,1,0,,0,,0,,0,,0,
2024-02-21,LONDON_0800,ORIGINAL_DIRECT_UTC,US100,1708502400,2024-02-21T08:00:00,1708502700,1,1,1,1,0,,0,,0,,0,,0,
2024-02-21,LONDON_0800,ORIGINAL_DIRECT_UTC,US30,1708502400,2024-02-21T08:00:00,1708502700,1,1,1,1,0,,0,,0,,0,,0,
2024-02-21,LONDON_0800,NY_CLOSE_BROKER_CONVENTION,US100,1708509600,2024-02-21T10:00:00,1708509900,1,1,1,1,0,,0,,0,,0,,0,
2024-02-21,LONDON_0800,NY_CLOSE_BROKER_CONVENTION,US30,1708509600,2024-02-21T10:00:00,1708509900,1,1,1,1,0,,0,,0,,0,,0,
2024-02-21,NEW_YORK_0930,ORIGINAL_DIRECT_UTC,US100,1708525800,2024-02-21T14:30:00,1708526100,1,1,1,1,0,,0,,0,,0,,0,
2024-02-21,NEW_YORK_0930,ORIGINAL_DIRECT_UTC,US30,1708525800,2024-02-21T14:30:00,1708526100,1,1,1,1,0,,0,,0,,0,,0,
2024-02-21,NEW_YORK_0930,NY_CLOSE_BROKER_CONVENTION,US100,1708533000,2024-02-21T16:30:00,1708533300,1,1,1,1,0,,0,,0,,0,,0,
2024-02-21,NEW_YORK_0930,NY_CLOSE_BROKER_CONVENTION,US30,1708533000,2024-02-21T16:30:00,1708533300,1,1,1,1,0,,0,,0,,0,,0,
2024-02-22,LONDON_0800,ORIGINAL_DIRECT_UTC,US100,1708588800,2024-02-22T08:00:00,1708589100,1,1,1,1,0,,0,,0,,0,,0,
2024-02-22,LONDON_0800,ORIGINAL_DIRECT_UTC,US30,1708588800,2024-02-22T08:00:00,1708589100,1,1,1,1,0,,0,,0,,0,,0,
2024-02-22,LONDON_0800,NY_CLOSE_BROKER_CONVENTION,US100,1708596000,2024-02-22T10:00:00,1708596300,1,1,1,1,0,,0,,0,,0,,0,
2024-02-22,LONDON_0800,NY_CLOSE_BROKER_CONVENTION,US30,1708596000,2024-02-22T10:00:00,1708596300,1,1,1,1,0,,0,,0,,0,,0,
2024-02-22,NEW_YORK_0930,ORIGINAL_DIRECT_UTC,US100,1708612200,2024-02-22T14:30:00,1708612500,1,1,1,1,0,,0,,0,,0,,0,
2024-02-22,NEW_YORK_0930,ORIGINAL_DIRECT_UTC,US30,1708612200,2024-02-22T14:30:00,1708612500,1,1,1,1,0,,0,,0,,0,,0,
2024-02-22,NEW_YORK_0930,NY_CLOSE_BROKER_CONVENTION,US100,1708619400,2024-02-22T16:30:00,1708619700,1,1,1,1,0,,0,,0,,0,,0,
2024-02-22,NEW_YORK_0930,NY_CLOSE_BROKER_CONVENTION,US30,1708619400,2024-02-22T16:30:00,1708619700,1,1,1,1,0,,0,,0,,0,,0,
2024-02-23,LONDON_0800,ORIGINAL_DIRECT_UTC,US100,1708675200,2024-02-23T08:00:00,1708675500,1,1,1,1,0,,0,,0,,0,,0,
2024-02-23,LONDON_0800,ORIGINAL_DIRECT_UTC,US30,1708675200,2024-02-23T08:00:00,1708675500,0,0,0,0,1,-22,0,,0,,2,19 28,0,
2024-02-23,LONDON_0800,NY_CLOSE_BROKER_CONVENTION,US100,1708682400,2024-02-23T10:00:00,1708682700,1,1,1,1,0,,0,,0,,0,,0,
2024-02-23,LONDON_0800,NY_CLOSE_BROKER_CONVENTION,US30,1708682400,2024-02-23T10:00:00,1708682700,1,1,1,1,0,,0,,0,,0,,0,
2024-02-23,NEW_YORK_0930,ORIGINAL_DIRECT_UTC,US100,1708698600,2024-02-23T14:30:00,1708698900,1,1,1,1,0,,0,,0,,0,,0,
2024-02-23,NEW_YORK_0930,ORIGINAL_DIRECT_UTC,US30,1708698600,2024-02-23T14:30:00,1708698900,1,1,1,1,0,,0,,0,,0,,0,
2024-02-23,NEW_YORK_0930,NY_CLOSE_BROKER_CONVENTION,US100,1708705800,2024-02-23T16:30:00,1708706100,1,1,1,1,0,,0,,0,,0,,0,
2024-02-23,NEW_YORK_0930,NY_CLOSE_BROKER_CONVENTION,US30,1708705800,2024-02-23T16:30:00,1708706100,1,1,1,1,0,,0,,0,,0,,0,
2024-02-26,LONDON_0800,ORIGINAL_DIRECT_UTC,US100,1708934400,2024-02-26T08:00:00,1708934700,1,1,1,1,0,,0,,0,,0,,0,
2024-02-26,LONDON_0800,ORIGINAL_DIRECT_UTC,US30,1708934400,2024-02-26T08:00:00,1708934700,1,1,1,1,0,,0,,0,,0,,0,
2024-02-26,LONDON_0800,NY_CLOSE_BROKER_CONVENTION,US100,1708941600,2024-02-26T10:00:00,1708941900,1,1,1,1,0,,0,,0,,0,,0,
2024-02-26,LONDON_0800,NY_CLOSE_BROKER_CONVENTION,US30,1708941600,2024-02-26T10:00:00,1708941900,1,1,1,1,0,,0,,0,,0,,0,
2024-02-26,NEW_YORK_0930,ORIGINAL_DIRECT_UTC,US100,1708957800,2024-02-26T14:30:00,1708958100,1,1,1,1,0,,0,,0,,0,,0,
2024-02-26,NEW_YORK_0930,ORIGINAL_DIRECT_UTC,US30,1708957800,2024-02-26T14:30:00,1708958100,1,1,1,1,0,,0,,0,,0,,0,
2024-02-26,NEW_YORK_0930,NY_CLOSE_BROKER_CONVENTION,US100,1708965000,2024-02-26T16:30:00,1708965300,1,1,1,1,0,,0,,0,,0,,0,
2024-02-26,NEW_YORK_0930,NY_CLOSE_BROKER_CONVENTION,US30,1708965000,2024-02-26T16:30:00,1708965300,1,1,1,1,0,,0,,0,,0,,0,
2024-02-27,LONDON_0800,ORIGINAL_DIRECT_UTC,US100,1709020800,2024-02-27T08:00:00,1709021100,1,1,1,1,0,,0,,0,,0,,0,
2024-02-27,LONDON_0800,ORIGINAL_DIRECT_UTC,US30,1709020800,2024-02-27T08:00:00,1709021100,1,1,1,1,0,,0,,0,,0,,0,
2024-02-27,LONDON_0800,NY_CLOSE_BROKER_CONVENTION,US100,1709028000,2024-02-27T10:00:00,1709028300,1,1,1,1,0,,0,,0,,0,,0,
2024-02-27,LONDON_0800,NY_CLOSE_BROKER_CONVENTION,US30,1709028000,2024-02-27T10:00:00,1709028300,1,1,1,1,0,,0,,0,,0,,0,
2024-02-27,NEW_YORK_0930,ORIGINAL_DIRECT_UTC,US100,1709044200,2024-02-27T14:30:00,1709044500,1,1,1,1,0,,0,,0,,0,,0,
2024-02-27,NEW_YORK_0930,ORIGINAL_DIRECT_UTC,US30,1709044200,2024-02-27T14:30:00,1709044500,1,1,1,1,0,,0,,0,,0,,0,
2024-02-27,NEW_YORK_0930,NY_CLOSE_BROKER_CONVENTION,US100,1709051400,2024-02-27T16:30:00,1709051700,1,1,1,1,0,,0,,0,,0,,0,
2024-02-27,NEW_YORK_0930,NY_CLOSE_BROKER_CONVENTION,US30,1709051400,2024-02-27T16:30:00,1709051700,1,1,1,1,0,,0,,0,,0,,0,
2024-02-28,LONDON_0800,ORIGINAL_DIRECT_UTC,US100,1709107200,2024-02-28T08:00:00,1709107500,1,1,1,1,0,,0,,0,,0,,0,
2024-02-28,LONDON_0800,ORIGINAL_DIRECT_UTC,US30,1709107200,2024-02-28T08:00:00,1709107500,1,1,1,1,0,,0,,0,,0,,0,
2024-02-28,LONDON_0800,NY_CLOSE_BROKER_CONVENTION,US100,1709114400,2024-02-28T10:00:00,1709114700,1,1,1,1,0,,0,,0,,0,,0,
2024-02-28,LONDON_0800,NY_CLOSE_BROKER_CONVENTION,US30,1709114400,2024-02-28T10:00:00,1709114700,1,1,1,1,0,,0,,0,,0,,0,
2024-02-28,NEW_YORK_0930,ORIGINAL_DIRECT_UTC,US100,1709130600,2024-02-28T14:30:00,1709130900,1,1,1,1,0,,0,,0,,0,,0,
2024-02-28,NEW_YORK_0930,ORIGINAL_DIRECT_UTC,US30,1709130600,2024-02-28T14:30:00,1709130900,1,1,1,1,0,,0,,0,,0,,0,
2024-02-28,NEW_YORK_0930,NY_CLOSE_BROKER_CONVENTION,US100,1709137800,2024-02-28T16:30:00,1709138100,1,1,1,1,0,,0,,0,,0,,0,
2024-02-28,NEW_YORK_0930,NY_CLOSE_BROKER_CONVENTION,US30,1709137800,2024-02-28T16:30:00,1709138100,1,1,1,1,0,,0,,0,,0,,0,
2024-02-29,LONDON_0800,ORIGINAL_DIRECT_UTC,US100,1709193600,2024-02-29T08:00:00,1709193900,1,1,1,1,0,,0,,0,,0,,0,
2024-02-29,LONDON_0800,ORIGINAL_DIRECT_UTC,US30,1709193600,2024-02-29T08:00:00,1709193900,1,1,0,0,0,,0,,0,,1,34,0,
2024-02-29,LONDON_0800,NY_CLOSE_BROKER_CONVENTION,US100,1709200800,2024-02-29T10:00:00,1709201100,1,1,1,1,0,,0,,0,,0,,0,
2024-02-29,LONDON_0800,NY_CLOSE_BROKER_CONVENTION,US30,1709200800,2024-02-29T10:00:00,1709201100,1,1,1,1,0,,0,,0,,0,,0,
2024-02-29,NEW_YORK_0930,ORIGINAL_DIRECT_UTC,US100,1709217000,2024-02-29T14:30:00,1709217300,1,1,1,1,0,,0,,0,,0,,0,
2024-02-29,NEW_YORK_0930,ORIGINAL_DIRECT_UTC,US30,1709217000,2024-02-29T14:30:00,1709217300,1,1,1,1,0,,0,,0,,0,,0,
2024-02-29,NEW_YORK_0930,NY_CLOSE_BROKER_CONVENTION,US100,1709224200,2024-02-29T16:30:00,1709224500,1,1,1,0,0,,0,,0,,0,,7,68 69 70 71 72 73 74
2024-02-29,NEW_YORK_0930,NY_CLOSE_BROKER_CONVENTION,US30,1709224200,2024-02-29T16:30:00,1709224500,1,1,1,0,0,,0,,0,,0,,7,68 69 70 71 72 73 74
2024-03-01,LONDON_0800,ORIGINAL_DIRECT_UTC,US100,1709280000,2024-03-01T08:00:00,1709280300,1,1,1,1,0,,0,,0,,0,,0,
2024-03-01,LONDON_0800,ORIGINAL_DIRECT_UTC,US30,1709280000,2024-03-01T08:00:00,1709280300,0,0,0,0,1,-2,0,,0,,0,,0,
2024-03-01,LONDON_0800,NY_CLOSE_BROKER_CONVENTION,US100,1709287200,2024-03-01T10:00:00,1709287500,1,1,1,1,0,,0,,0,,0,,0,
2024-03-01,LONDON_0800,NY_CLOSE_BROKER_CONVENTION,US30,1709287200,2024-03-01T10:00:00,1709287500,1,1,1,1,0,,0,,0,,0,,0,
2024-03-01,NEW_YORK_0930,ORIGINAL_DIRECT_UTC,US100,1709303400,2024-03-01T14:30:00,1709303700,1,1,1,1,0,,0,,0,,0,,0,
2024-03-01,NEW_YORK_0930,ORIGINAL_DIRECT_UTC,US30,1709303400,2024-03-01T14:30:00,1709303700,1,1,1,1,0,,0,,0,,0,,0,
2024-03-01,NEW_YORK_0930,NY_CLOSE_BROKER_CONVENTION,US100,1709310600,2024-03-01T16:30:00,1709310900,1,1,1,1,0,,0,,0,,0,,0,
2024-03-01,NEW_YORK_0930,NY_CLOSE_BROKER_CONVENTION,US30,1709310600,2024-03-01T16:30:00,1709310900,1,1,1,1,0,,0,,0,,0,,0,
2024-03-04,LONDON_0800,ORIGINAL_DIRECT_UTC,US100,1709539200,2024-03-04T08:00:00,1709539500,1,1,1,1,0,,0,,0,,0,,0,
2024-03-04,LONDON_0800,ORIGINAL_DIRECT_UTC,US30,1709539200,2024-03-04T08:00:00,1709539500,0,0,0,0,3,-23 -14 -5,0,,0,,0,,0,
2024-03-04,LONDON_0800,NY_CLOSE_BROKER_CONVENTION,US100,1709546400,2024-03-04T10:00:00,1709546700,1,1,1,1,0,,0,,0,,0,,0,
2024-03-04,LONDON_0800,NY_CLOSE_BROKER_CONVENTION,US30,1709546400,2024-03-04T10:00:00,1709546700,1,1,1,1,0,,0,,0,,0,,0,
2024-03-04,NEW_YORK_0930,ORIGINAL_DIRECT_UTC,US100,1709562600,2024-03-04T14:30:00,1709562900,1,1,1,1,0,,0,,0,,0,,0,
2024-03-04,NEW_YORK_0930,ORIGINAL_DIRECT_UTC,US30,1709562600,2024-03-04T14:30:00,1709562900,1,1,1,1,0,,0,,0,,0,,0,
2024-03-04,NEW_YORK_0930,NY_CLOSE_BROKER_CONVENTION,US100,1709569800,2024-03-04T16:30:00,1709570100,1,1,1,1,0,,0,,0,,0,,0,
2024-03-04,NEW_YORK_0930,NY_CLOSE_BROKER_CONVENTION,US30,1709569800,2024-03-04T16:30:00,1709570100,1,1,1,1,0,,0,,0,,0,,0,
2024-03-05,LONDON_0800,ORIGINAL_DIRECT_UTC,US100,1709625600,2024-03-05T08:00:00,1709625900,1,1,1,1,0,,0,,0,,0,,0,
2024-03-05,LONDON_0800,ORIGINAL_DIRECT_UTC,US30,1709625600,2024-03-05T08:00:00,1709625900,1,1,1,1,0,,0,,0,,0,,0,
2024-03-05,LONDON_0800,NY_CLOSE_BROKER_CONVENTION,US100,1709632800,2024-03-05T10:00:00,1709633100,1,1,1,1,0,,0,,0,,0,,0,
2024-03-05,LONDON_0800,NY_CLOSE_BROKER_CONVENTION,US30,1709632800,2024-03-05T10:00:00,1709633100,1,1,1,1,0,,0,,0,,0,,0,
2024-03-05,NEW_YORK_0930,ORIGINAL_DIRECT_UTC,US100,1709649000,2024-03-05T14:30:00,1709649300,1,1,1,1,0,,0,,0,,0,,0,
2024-03-05,NEW_YORK_0930,ORIGINAL_DIRECT_UTC,US30,1709649000,2024-03-05T14:30:00,1709649300,1,1,1,1,0,,0,,0,,0,,0,
2024-03-05,NEW_YORK_0930,NY_CLOSE_BROKER_CONVENTION,US100,1709656200,2024-03-05T16:30:00,1709656500,1,1,1,1,0,,0,,0,,0,,0,
2024-03-05,NEW_YORK_0930,NY_CLOSE_BROKER_CONVENTION,US30,1709656200,2024-03-05T16:30:00,1709656500,1,1,1,1,0,,0,,0,,0,,0,
2024-03-06,LONDON_0800,ORIGINAL_DIRECT_UTC,US100,1709712000,2024-03-06T08:00:00,1709712300,1,1,1,1,0,,0,,0,,0,,0,
2024-03-06,LONDON_0800,ORIGINAL_DIRECT_UTC,US30,1709712000,2024-03-06T08:00:00,1709712300,1,1,1,1,0,,0,,0,,0,,0,
2024-03-06,LONDON_0800,NY_CLOSE_BROKER_CONVENTION,US100,1709719200,2024-03-06T10:00:00,1709719500,1,1,1,1,0,,0,,0,,0,,0,
2024-03-06,LONDON_0800,NY_CLOSE_BROKER_CONVENTION,US30,1709719200,2024-03-06T10:00:00,1709719500,0,0,0,0,1,-18,0,,0,,0,,0,
2024-03-06,NEW_YORK_0930,ORIGINAL_DIRECT_UTC,US100,1709735400,2024-03-06T14:30:00,1709735700,1,1,1,1,0,,0,,0,,0,,0,
2024-03-06,NEW_YORK_0930,ORIGINAL_DIRECT_UTC,US30,1709735400,2024-03-06T14:30:00,1709735700,1,1,1,1,0,,0,,0,,0,,0,
2024-03-06,NEW_YORK_0930,NY_CLOSE_BROKER_CONVENTION,US100,1709742600,2024-03-06T16:30:00,1709742900,1,1,1,1,0,,0,,0,,0,,0,
2024-03-06,NEW_YORK_0930,NY_CLOSE_BROKER_CONVENTION,US30,1709742600,2024-03-06T16:30:00,1709742900,1,1,1,1,0,,0,,0,,0,,0,
2024-03-07,LONDON_0800,ORIGINAL_DIRECT_UTC,US100,1709798400,2024-03-07T08:00:00,1709798700,1,1,1,1,0,,0,,0,,0,,0,
2024-03-07,LONDON_0800,ORIGINAL_DIRECT_UTC,US30,1709798400,2024-03-07T08:00:00,1709798700,1,1,1,1,0,,0,,0,,0,,0,
2024-03-07,LONDON_0800,NY_CLOSE_BROKER_CONVENTION,US100,1709805600,2024-03-07T10:00:00,1709805900,1,1,1,1,0,,0,,0,,0,,0,
2024-03-07,LONDON_0800,NY_CLOSE_BROKER_CONVENTION,US30,1709805600,2024-03-07T10:00:00,1709805900,1,1,1,1,0,,0,,0,,0,,0,
2024-03-07,NEW_YORK_0930,ORIGINAL_DIRECT_UTC,US100,1709821800,2024-03-07T14:30:00,1709822100,1,1,1,1,0,,0,,0,,0,,0,
2024-03-07,NEW_YORK_0930,ORIGINAL_DIRECT_UTC,US30,1709821800,2024-03-07T14:30:00,1709822100,1,1,1,1,0,,0,,0,,0,,0,
2024-03-07,NEW_YORK_0930,NY_CLOSE_BROKER_CONVENTION,US100,1709829000,2024-03-07T16:30:00,1709829300,1,1,1,1,0,,0,,0,,0,,0,
2024-03-07,NEW_YORK_0930,NY_CLOSE_BROKER_CONVENTION,US30,1709829000,2024-03-07T16:30:00,1709829300,1,1,1,1,0,,0,,0,,0,,0,
2024-03-08,LONDON_0800,ORIGINAL_DIRECT_UTC,US100,1709884800,2024-03-08T08:00:00,1709885100,1,1,1,1,0,,0,,0,,0,,0,
2024-03-08,LONDON_0800,ORIGINAL_DIRECT_UTC,US30,1709884800,2024-03-08T08:00:00,1709885100,0,0,0,0,1,-6,0,,0,,1,58,0,
2024-03-08,LONDON_0800,NY_CLOSE_BROKER_CONVENTION,US100,1709892000,2024-03-08T10:00:00,1709892300,1,1,1,1,0,,0,,0,,0,,0,
2024-03-08,LONDON_0800,NY_CLOSE_BROKER_CONVENTION,US30,1709892000,2024-03-08T10:00:00,1709892300,1,1,1,1,0,,0,,0,,0,,0,
2024-03-08,NEW_YORK_0930,ORIGINAL_DIRECT_UTC,US100,1709908200,2024-03-08T14:30:00,1709908500,1,1,1,1,0,,0,,0,,0,,0,
2024-03-08,NEW_YORK_0930,ORIGINAL_DIRECT_UTC,US30,1709908200,2024-03-08T14:30:00,1709908500,1,1,1,1,0,,0,,0,,0,,0,
2024-03-08,NEW_YORK_0930,NY_CLOSE_BROKER_CONVENTION,US100,1709915400,2024-03-08T16:30:00,1709915700,1,1,1,1,0,,0,,0,,0,,0,
2024-03-08,NEW_YORK_0930,NY_CLOSE_BROKER_CONVENTION,US30,1709915400,2024-03-08T16:30:00,1709915700,1,1,1,1,0,,0,,0,,0,,0,
2024-03-11,LONDON_0800,ORIGINAL_DIRECT_UTC,US100,1710144000,2024-03-11T08:00:00,1710144300,1,1,1,1,0,,0,,0,,0,,0,
2024-03-11,LONDON_0800,ORIGINAL_DIRECT_UTC,US30,1710144000,2024-03-11T08:00:00,1710144300,1,1,1,1,0,,0,,0,,0,,0,
2024-03-11,LONDON_0800,NY_CLOSE_BROKER_CONVENTION,US100,1710154800,2024-03-11T11:00:00,1710155100,1,1,1,1,0,,0,,0,,0,,0,
2024-03-11,LONDON_0800,NY_CLOSE_BROKER_CONVENTION,US30,1710154800,2024-03-11T11:00:00,1710155100,1,1,1,1,0,,0,,0,,0,,0,
2024-03-11,NEW_YORK_0930,ORIGINAL_DIRECT_UTC,US100,1710163800,2024-03-11T13:30:00,1710164100,1,1,1,1,0,,0,,0,,0,,0,
2024-03-11,NEW_YORK_0930,ORIGINAL_DIRECT_UTC,US30,1710163800,2024-03-11T13:30:00,1710164100,1,1,1,1,0,,0,,0,,0,,0,
2024-03-11,NEW_YORK_0930,NY_CLOSE_BROKER_CONVENTION,US100,1710174600,2024-03-11T16:30:00,1710174900,1,1,1,1,0,,0,,0,,0,,0,
2024-03-11,NEW_YORK_0930,NY_CLOSE_BROKER_CONVENTION,US30,1710174600,2024-03-11T16:30:00,1710174900,1,1,1,1,0,,0,,0,,0,,0,
2024-03-12,LONDON_0800,ORIGINAL_DIRECT_UTC,US100,1710230400,2024-03-12T08:00:00,1710230700,1,1,1,1,0,,0,,0,,0,,0,
2024-03-12,LONDON_0800,ORIGINAL_DIRECT_UTC,US30,1710230400,2024-03-12T08:00:00,1710230700,0,0,0,0,3,-12 -11 -10,0,,0,,0,,0,
2024-03-12,LONDON_0800,NY_CLOSE_BROKER_CONVENTION,US100,1710241200,2024-03-12T11:00:00,1710241500,1,1,1,1,0,,0,,0,,0,,0,
2024-03-12,LONDON_0800,NY_CLOSE_BROKER_CONVENTION,US30,1710241200,2024-03-12T11:00:00,1710241500,1,1,1,1,0,,0,,0,,0,,0,
2024-03-12,NEW_YORK_0930,ORIGINAL_DIRECT_UTC,US100,1710250200,2024-03-12T13:30:00,1710250500,1,1,1,1,0,,0,,0,,0,,0,
2024-03-12,NEW_YORK_0930,ORIGINAL_DIRECT_UTC,US30,1710250200,2024-03-12T13:30:00,1710250500,1,1,1,1,0,,0,,0,,0,,0,
2024-03-12,NEW_YORK_0930,NY_CLOSE_BROKER_CONVENTION,US100,1710261000,2024-03-12T16:30:00,1710261300,1,1,0,0,0,,0,,0,,1,40,0,
2024-03-12,NEW_YORK_0930,NY_CLOSE_BROKER_CONVENTION,US30,1710261000,2024-03-12T16:30:00,1710261300,1,1,0,0,0,,0,,0,,1,40,0,
2024-03-13,LONDON_0800,ORIGINAL_DIRECT_UTC,US100,1710316800,2024-03-13T08:00:00,1710317100,1,1,1,1,0,,0,,0,,0,,0,
2024-03-13,LONDON_0800,ORIGINAL_DIRECT_UTC,US30,1710316800,2024-03-13T08:00:00,1710317100,0,0,0,0,1,-19,0,,0,,0,,0,
2024-03-13,LONDON_0800,NY_CLOSE_BROKER_CONVENTION,US100,1710327600,2024-03-13T11:00:00,1710327900,1,1,1,1,0,,0,,0,,0,,0,
2024-03-13,LONDON_0800,NY_CLOSE_BROKER_CONVENTION,US30,1710327600,2024-03-13T11:00:00,1710327900,1,1,1,1,0,,0,,0,,0,,0,
2024-03-13,NEW_YORK_0930,ORIGINAL_DIRECT_UTC,US100,1710336600,2024-03-13T13:30:00,1710336900,1,1,1,1,0,,0,,0,,0,,0,
2024-03-13,NEW_YORK_0930,ORIGINAL_DIRECT_UTC,US30,1710336600,2024-03-13T13:30:00,1710336900,1,1,1,1,0,,0,,0,,0,,0,
2024-03-13,NEW_YORK_0930,NY_CLOSE_BROKER_CONVENTION,US100,1710347400,2024-03-13T16:30:00,1710347700,1,1,1,1,0,,0,,0,,0,,0,
2024-03-13,NEW_YORK_0930,NY_CLOSE_BROKER_CONVENTION,US30,1710347400,2024-03-13T16:30:00,1710347700,1,1,1,1,0,,0,,0,,0,,0,
2024-03-14,LONDON_0800,ORIGINAL_DIRECT_UTC,US100,1710403200,2024-03-14T08:00:00,1710403500,1,1,1,1,0,,0,,0,,0,,0,
2024-03-14,LONDON_0800,ORIGINAL_DIRECT_UTC,US30,1710403200,2024-03-14T08:00:00,1710403500,0,0,0,0,2,-12 -9,0,,0,,2,15 40,1,73
2024-03-14,LONDON_0800,NY_CLOSE_BROKER_CONVENTION,US100,1710414000,2024-03-14T11:00:00,1710414300,1,1,1,1,0,,0,,0,,0,,0,
2024-03-14,LONDON_0800,NY_CLOSE_BROKER_CONVENTION,US30,1710414000,2024-03-14T11:00:00,1710414300,1,1,1,1,0,,0,,0,,0,,0,
2024-03-14,NEW_YORK_0930,ORIGINAL_DIRECT_UTC,US100,1710423000,2024-03-14T13:30:00,1710423300,1,1,1,1,0,,0,,0,,0,,0,
2024-03-14,NEW_YORK_0930,ORIGINAL_DIRECT_UTC,US30,1710423000,2024-03-14T13:30:00,1710423300,1,1,1,1,0,,0,,0,,0,,0,
2024-03-14,NEW_YORK_0930,NY_CLOSE_BROKER_CONVENTION,US100,1710433800,2024-03-14T16:30:00,1710434100,1,1,0,0,0,,0,,0,,1,31,0,
2024-03-14,NEW_YORK_0930,NY_CLOSE_BROKER_CONVENTION,US30,1710433800,2024-03-14T16:30:00,1710434100,1,1,0,0,0,,0,,0,,1,31,0,
2024-03-15,LONDON_0800,ORIGINAL_DIRECT_UTC,US100,1710489600,2024-03-15T08:00:00,1710489900,1,1,1,1,0,,0,,0,,0,,0,
2024-03-15,LONDON_0800,ORIGINAL_DIRECT_UTC,US30,1710489600,2024-03-15T08:00:00,1710489900,1,1,1,1,0,,0,,0,,0,,0,
2024-03-15,LONDON_0800,NY_CLOSE_BROKER_CONVENTION,US100,1710500400,2024-03-15T11:00:00,1710500700,1,1,1,1,0,,0,,0,,0,,0,
2024-03-15,LONDON_0800,NY_CLOSE_BROKER_CONVENTION,US30,1710500400,2024-03-15T11:00:00,1710500700,1,1,1,1,0,,0,,0,,0,,0,
2024-03-15,NEW_YORK_0930,ORIGINAL_DIRECT_UTC,US100,1710509400,2024-03-15T13:30:00,1710509700,1,1,1,1,0,,0,,0,,0,,0,
2024-03-15,NEW_YORK_0930,ORIGINAL_DIRECT_UTC,US30,1710509400,2024-03-15T13:30:00,1710509700,1,1,1,1,0,,0,,0,,0,,0,
2024-03-15,NEW_YORK_0930,NY_CLOSE_BROKER_CONVENTION,US100,1710520200,2024-03-15T16:30:00,1710520500,1,1,1,1,0,,0,,0,,0,,0,
2024-03-15,NEW_YORK_0930,NY_CLOSE_BROKER_CONVENTION,US30,1710520200,2024-03-15T16:30:00,1710520500,1,1,1,1,0,,0,,0,,0,,0,
2024-03-18,LONDON_0800,ORIGINAL_DIRECT_UTC,US100,1710748800,2024-03-18T08:00:00,1710749100,1,1,1,1,0,,0,,0,,0,,0,
2024-03-18,LONDON_0800,ORIGINAL_DIRECT_UTC,US30,1710748800,2024-03-18T08:00:00,1710749100,1,1,0,0,0,,0,,0,,3,14 50 52,0,
2024-03-18,LONDON_0800,NY_CLOSE_BROKER_CONVENTION,US100,1710759600,2024-03-18T11:00:00,1710759900,1,1,1,1,0,,0,,0,,0,,0,
2024-03-18,LONDON_0800,NY_CLOSE_BROKER_CONVENTION,US30,1710759600,2024-03-18T11:00:00,1710759900,1,1,1,1,0,,0,,0,,0,,0,
2024-03-18,NEW_YORK_0930,ORIGINAL_DIRECT_UTC,US100,1710768600,2024-03-18T13:30:00,1710768900,1,1,1,1,0,,0,,0,,0,,0,
2024-03-18,NEW_YORK_0930,ORIGINAL_DIRECT_UTC,US30,1710768600,2024-03-18T13:30:00,1710768900,1,1,1,1,0,,0,,0,,0,,0,
2024-03-18,NEW_YORK_0930,NY_CLOSE_BROKER_CONVENTION,US100,1710779400,2024-03-18T16:30:00,1710779700,1,1,1,1,0,,0,,0,,0,,0,
2024-03-18,NEW_YORK_0930,NY_CLOSE_BROKER_CONVENTION,US30,1710779400,2024-03-18T16:30:00,1710779700,1,1,1,1,0,,0,,0,,0,,0,
2024-03-19,LONDON_0800,ORIGINAL_DIRECT_UTC,US100,1710835200,2024-03-19T08:00:00,1710835500,1,1,1,1,0,,0,,0,,0,,0,
2024-03-19,LONDON_0800,ORIGINAL_DIRECT_UTC,US30,1710835200,2024-03-19T08:00:00,1710835500,1,1,1,1,0,,0,,0,,0,,0,
2024-03-19,LONDON_0800,NY_CLOSE_BROKER_CONVENTION,US100,1710846000,2024-03-19T11:00:00,1710846300,1,1,1,1,0,,0,,0,,0,,0,
2024-03-19,LONDON_0800,NY_CLOSE_BROKER_CONVENTION,US30,1710846000,2024-03-19T11:00:00,1710846300,1,1,1,1,0,,0,,0,,0,,0,
2024-03-19,NEW_YORK_0930,ORIGINAL_DIRECT_UTC,US100,1710855000,2024-03-19T13:30:00,1710855300,1,1,1,1,0,,0,,0,,0,,0,
2024-03-19,NEW_YORK_0930,ORIGINAL_DIRECT_UTC,US30,1710855000,2024-03-19T13:30:00,1710855300,1,1,1,1,0,,0,,0,,0,,0,
2024-03-19,NEW_YORK_0930,NY_CLOSE_BROKER_CONVENTION,US100,1710865800,2024-03-19T16:30:00,1710866100,1,1,1,1,0,,0,,0,,0,,0,
2024-03-19,NEW_YORK_0930,NY_CLOSE_BROKER_CONVENTION,US30,1710865800,2024-03-19T16:30:00,1710866100,1,1,1,1,0,,0,,0,,0,,0,
2024-03-20,LONDON_0800,ORIGINAL_DIRECT_UTC,US100,1710921600,2024-03-20T08:00:00,1710921900,1,1,1,1,0,,0,,0,,0,,0,
2024-03-20,LONDON_0800,ORIGINAL_DIRECT_UTC,US30,1710921600,2024-03-20T08:00:00,1710921900,1,1,0,0,0,,0,,0,,2,33 50,0,
2024-03-20,LONDON_0800,NY_CLOSE_BROKER_CONVENTION,US100,1710932400,2024-03-20T11:00:00,1710932700,1,1,1,1,0,,0,,0,,0,,0,
2024-03-20,LONDON_0800,NY_CLOSE_BROKER_CONVENTION,US30,1710932400,2024-03-20T11:00:00,1710932700,1,1,1,1,0,,0,,0,,0,,0,
2024-03-20,NEW_YORK_0930,ORIGINAL_DIRECT_UTC,US100,1710941400,2024-03-20T13:30:00,1710941700,1,1,1,1,0,,0,,0,,0,,0,
2024-03-20,NEW_YORK_0930,ORIGINAL_DIRECT_UTC,US30,1710941400,2024-03-20T13:30:00,1710941700,1,1,1,1,0,,0,,0,,0,,0,
2024-03-20,NEW_YORK_0930,NY_CLOSE_BROKER_CONVENTION,US100,1710952200,2024-03-20T16:30:00,1710952500,1,1,1,1,0,,0,,0,,0,,0,
2024-03-20,NEW_YORK_0930,NY_CLOSE_BROKER_CONVENTION,US30,1710952200,2024-03-20T16:30:00,1710952500,1,1,1,1,0,,0,,0,,0,,0,
2024-03-21,LONDON_0800,ORIGINAL_DIRECT_UTC,US100,1711008000,2024-03-21T08:00:00,1711008300,1,1,1,1,0,,0,,0,,0,,0,
2024-03-21,LONDON_0800,ORIGINAL_DIRECT_UTC,US30,1711008000,2024-03-21T08:00:00,1711008300,1,1,1,1,0,,0,,0,,0,,0,
2024-03-21,LONDON_0800,NY_CLOSE_BROKER_CONVENTION,US100,1711018800,2024-03-21T11:00:00,1711019100,1,1,1,1,0,,0,,0,,0,,0,
2024-03-21,LONDON_0800,NY_CLOSE_BROKER_CONVENTION,US30,1711018800,2024-03-21T11:00:00,1711019100,1,1,1,1,0,,0,,0,,0,,0,
2024-03-21,NEW_YORK_0930,ORIGINAL_DIRECT_UTC,US100,1711027800,2024-03-21T13:30:00,1711028100,1,1,1,1,0,,0,,0,,0,,0,
2024-03-21,NEW_YORK_0930,ORIGINAL_DIRECT_UTC,US30,1711027800,2024-03-21T13:30:00,1711028100,1,1,1,1,0,,0,,0,,0,,0,
2024-03-21,NEW_YORK_0930,NY_CLOSE_BROKER_CONVENTION,US100,1711038600,2024-03-21T16:30:00,1711038900,1,1,1,1,0,,0,,0,,0,,0,
2024-03-21,NEW_YORK_0930,NY_CLOSE_BROKER_CONVENTION,US30,1711038600,2024-03-21T16:30:00,1711038900,1,1,1,1,0,,0,,0,,0,,0,
2024-03-22,LONDON_0800,ORIGINAL_DIRECT_UTC,US100,1711094400,2024-03-22T08:00:00,1711094700,1,1,1,1,0,,0,,0,,0,,0,
2024-03-22,LONDON_0800,ORIGINAL_DIRECT_UTC,US30,1711094400,2024-03-22T08:00:00,1711094700,1,1,1,1,0,,0,,0,,0,,0,
2024-03-22,LONDON_0800,NY_CLOSE_BROKER_CONVENTION,US100,1711105200,2024-03-22T11:00:00,1711105500,1,1,1,1,0,,0,,0,,0,,0,
2024-03-22,LONDON_0800,NY_CLOSE_BROKER_CONVENTION,US30,1711105200,2024-03-22T11:00:00,1711105500,1,1,1,1,0,,0,,0,,0,,0,
2024-03-22,NEW_YORK_0930,ORIGINAL_DIRECT_UTC,US100,1711114200,2024-03-22T13:30:00,1711114500,1,1,1,1,0,,0,,0,,0,,0,
2024-03-22,NEW_YORK_0930,ORIGINAL_DIRECT_UTC,US30,1711114200,2024-03-22T13:30:00,1711114500,1,1,1,1,0,,0,,0,,0,,0,
2024-03-22,NEW_YORK_0930,NY_CLOSE_BROKER_CONVENTION,US100,1711125000,2024-03-22T16:30:00,1711125300,1,1,1,1,0,,0,,0,,0,,0,
2024-03-22,NEW_YORK_0930,NY_CLOSE_BROKER_CONVENTION,US30,1711125000,2024-03-22T16:30:00,1711125300,1,1,1,1,0,,0,,0,,0,,0,
2024-03-25,LONDON_0800,ORIGINAL_DIRECT_UTC,US100,1711353600,2024-03-25T08:00:00,1711353900,1,1,1,1,0,,0,,0,,0,,0,
2024-03-25,LONDON_0800,ORIGINAL_DIRECT_UTC,US30,1711353600,2024-03-25T08:00:00,1711353900,1,1,1,1,0,,0,,0,,0,,0,
2024-03-25,LONDON_0800,NY_CLOSE_BROKER_CONVENTION,US100,1711364400,2024-03-25T11:00:00,1711364700,1,1,1,1,0,,0,,0,,0,,0,
2024-03-25,LONDON_0800,NY_CLOSE_BROKER_CONVENTION,US30,1711364400,2024-03-25T11:00:00,1711364700,1,1,1,1,0,,0,,0,,0,,0,
2024-03-25,NEW_YORK_0930,ORIGINAL_DIRECT_UTC,US100,1711373400,2024-03-25T13:30:00,1711373700,1,1,1,1,0,,0,,0,,0,,0,
2024-03-25,NEW_YORK_0930,ORIGINAL_DIRECT_UTC,US30,1711373400,2024-03-25T13:30:00,1711373700,1,1,1,1,0,,0,,0,,0,,0,
2024-03-25,NEW_YORK_0930,NY_CLOSE_BROKER_CONVENTION,US100,1711384200,2024-03-25T16:30:00,1711384500,1,1,1,1,0,,0,,0,,0,,0,
2024-03-25,NEW_YORK_0930,NY_CLOSE_BROKER_CONVENTION,US30,1711384200,2024-03-25T16:30:00,1711384500,1,1,1,1,0,,0,,0,,0,,0,
2024-03-26,LONDON_0800,ORIGINAL_DIRECT_UTC,US100,1711440000,2024-03-26T08:00:00,1711440300,1,1,1,1,0,,0,,0,,0,,0,
2024-03-26,LONDON_0800,ORIGINAL_DIRECT_UTC,US30,1711440000,2024-03-26T08:00:00,1711440300,0,0,0,0,2,-21 -10,0,,0,,1,49,0,
2024-03-26,LONDON_0800,NY_CLOSE_BROKER_CONVENTION,US100,1711450800,2024-03-26T11:00:00,1711451100,1,1,1,1,0,,0,,0,,0,,0,
2024-03-26,LONDON_0800,NY_CLOSE_BROKER_CONVENTION,US30,1711450800,2024-03-26T11:00:00,1711451100,1,1,1,1,0,,0,,0,,0,,0,
2024-03-26,NEW_YORK_0930,ORIGINAL_DIRECT_UTC,US100,1711459800,2024-03-26T13:30:00,1711460100,1,1,1,1,0,,0,,0,,0,,0,
2024-03-26,NEW_YORK_0930,ORIGINAL_DIRECT_UTC,US30,1711459800,2024-03-26T13:30:00,1711460100,1,1,1,1,0,,0,,0,,0,,0,
2024-03-26,NEW_YORK_0930,NY_CLOSE_BROKER_CONVENTION,US100,1711470600,2024-03-26T16:30:00,1711470900,1,1,1,1,0,,0,,0,,0,,0,
2024-03-26,NEW_YORK_0930,NY_CLOSE_BROKER_CONVENTION,US30,1711470600,2024-03-26T16:30:00,1711470900,1,1,1,1,0,,0,,0,,0,,0,
2024-03-27,LONDON_0800,ORIGINAL_DIRECT_UTC,US100,1711526400,2024-03-27T08:00:00,1711526700,1,1,1,1,0,,0,,0,,0,,0,
2024-03-27,LONDON_0800,ORIGINAL_DIRECT_UTC,US30,1711526400,2024-03-27T08:00:00,1711526700,0,0,0,0,2,-18 -17,0,,0,,2,16 32,0,
2024-03-27,LONDON_0800,NY_CLOSE_BROKER_CONVENTION,US100,1711537200,2024-03-27T11:00:00,1711537500,1,1,1,1,0,,0,,0,,0,,0,
2024-03-27,LONDON_0800,NY_CLOSE_BROKER_CONVENTION,US30,1711537200,2024-03-27T11:00:00,1711537500,1,1,1,1,0,,0,,0,,0,,0,
2024-03-27,NEW_YORK_0930,ORIGINAL_DIRECT_UTC,US100,1711546200,2024-03-27T13:30:00,1711546500,1,1,1,1,0,,0,,0,,0,,0,
2024-03-27,NEW_YORK_0930,ORIGINAL_DIRECT_UTC,US30,1711546200,2024-03-27T13:30:00,1711546500,1,1,1,1,0,,0,,0,,0,,0,
2024-03-27,NEW_YORK_0930,NY_CLOSE_BROKER_CONVENTION,US100,1711557000,2024-03-27T16:30:00,1711557300,1,1,1,1,0,,0,,0,,0,,0,
2024-03-27,NEW_YORK_0930,NY_CLOSE_BROKER_CONVENTION,US30,1711557000,2024-03-27T16:30:00,1711557300,1,1,1,1,0,,0,,0,,0,,0,
2024-03-28,LONDON_0800,ORIGINAL_DIRECT_UTC,US100,1711612800,2024-03-28T08:00:00,1711613100,1,1,0,0,0,,0,,0,,3,51 52 53,0,
2024-03-28,LONDON_0800,ORIGINAL_DIRECT_UTC,US30,1711612800,2024-03-28T08:00:00,1711613100,0,0,0,0,1,-16,0,,0,,3,51 52 53,0,
2024-03-28,LONDON_0800,NY_CLOSE_BROKER_CONVENTION,US100,1711623600,2024-03-28T11:00:00,1711623900,1,1,1,1,0,,0,,0,,0,,0,
2024-03-28,LONDON_0800,NY_CLOSE_BROKER_CONVENTION,US30,1711623600,2024-03-28T11:00:00,1711623900,1,1,1,1,0,,0,,0,,0,,0,
2024-03-28,NEW_YORK_0930,ORIGINAL_DIRECT_UTC,US100,1711632600,2024-03-28T13:30:00,1711632900,1,1,1,1,0,,0,,0,,0,,0,
2024-03-28,NEW_YORK_0930,ORIGINAL_DIRECT_UTC,US30,1711632600,2024-03-28T13:30:00,1711632900,1,1,1,1,0,,0,,0,,0,,0,
2024-03-28,NEW_YORK_0930,NY_CLOSE_BROKER_CONVENTION,US100,1711643400,2024-03-28T16:30:00,1711643700,1,1,1,0,0,,0,,0,,0,,3,72 73 74
2024-03-28,NEW_YORK_0930,NY_CLOSE_BROKER_CONVENTION,US30,1711643400,2024-03-28T16:30:00,1711643700,1,1,1,0,0,,0,,0,,0,,3,72 73 74
2024-04-01,LONDON_0800,ORIGINAL_DIRECT_UTC,US100,1711954800,2024-04-01T07:00:00,1711955100,1,1,1,1,0,,0,,0,,0,,0,
2024-04-01,LONDON_0800,ORIGINAL_DIRECT_UTC,US30,1711954800,2024-04-01T07:00:00,1711955100,1,1,0,0,0,,0,,0,,3,23 43 51,0,
2024-04-01,LONDON_0800,NY_CLOSE_BROKER_CONVENTION,US100,1711965600,2024-04-01T10:00:00,1711965900,1,1,1,1,0,,0,,0,,0,,0,
2024-04-01,LONDON_0800,NY_CLOSE_BROKER_CONVENTION,US30,1711965600,2024-04-01T10:00:00,1711965900,1,1,1,1,0,,0,,0,,0,,0,
2024-04-01,NEW_YORK_0930,ORIGINAL_DIRECT_UTC,US100,1711978200,2024-04-01T13:30:00,1711978500,1,1,1,1,0,,0,,0,,0,,0,
2024-04-01,NEW_YORK_0930,ORIGINAL_DIRECT_UTC,US30,1711978200,2024-04-01T13:30:00,1711978500,1,1,1,1,0,,0,,0,,0,,0,
2024-04-01,NEW_YORK_0930,NY_CLOSE_BROKER_CONVENTION,US100,1711989000,2024-04-01T16:30:00,1711989300,1,1,1,1,0,,0,,0,,0,,0,
2024-04-01,NEW_YORK_0930,NY_CLOSE_BROKER_CONVENTION,US30,1711989000,2024-04-01T16:30:00,1711989300,1,1,1,1,0,,0,,0,,0,,0,
2024-04-02,LONDON_0800,ORIGINAL_DIRECT_UTC,US100,1712041200,2024-04-02T07:00:00,1712041500,1,1,1,1,0,,0,,0,,0,,0,
2024-04-02,LONDON_0800,ORIGINAL_DIRECT_UTC,US30,1712041200,2024-04-02T07:00:00,1712041500,1,1,1,1,0,,0,,0,,0,,0,
2024-04-02,LONDON_0800,NY_CLOSE_BROKER_CONVENTION,US100,1712052000,2024-04-02T10:00:00,1712052300,1,1,1,1,0,,0,,0,,0,,0,
2024-04-02,LONDON_0800,NY_CLOSE_BROKER_CONVENTION,US30,1712052000,2024-04-02T10:00:00,1712052300,1,1,1,1,0,,0,,0,,0,,0,
2024-04-02,NEW_YORK_0930,ORIGINAL_DIRECT_UTC,US100,1712064600,2024-04-02T13:30:00,1712064900,1,1,1,1,0,,0,,0,,0,,0,
2024-04-02,NEW_YORK_0930,ORIGINAL_DIRECT_UTC,US30,1712064600,2024-04-02T13:30:00,1712064900,1,1,1,1,0,,0,,0,,0,,0,
2024-04-02,NEW_YORK_0930,NY_CLOSE_BROKER_CONVENTION,US100,1712075400,2024-04-02T16:30:00,1712075700,1,1,1,1,0,,0,,0,,0,,0,
2024-04-02,NEW_YORK_0930,NY_CLOSE_BROKER_CONVENTION,US30,1712075400,2024-04-02T16:30:00,1712075700,1,1,1,1,0,,0,,0,,0,,0,
2024-04-03,LONDON_0800,ORIGINAL_DIRECT_UTC,US100,1712127600,2024-04-03T07:00:00,1712127900,1,1,1,1,0,,0,,0,,0,,0,
2024-04-03,LONDON_0800,ORIGINAL_DIRECT_UTC,US30,1712127600,2024-04-03T07:00:00,1712127900,1,1,1,1,0,,0,,0,,0,,0,
2024-04-03,LONDON_0800,NY_CLOSE_BROKER_CONVENTION,US100,1712138400,2024-04-03T10:00:00,1712138700,1,1,1,1,0,,0,,0,,0,,0,
2024-04-03,LONDON_0800,NY_CLOSE_BROKER_CONVENTION,US30,1712138400,2024-04-03T10:00:00,1712138700,1,1,1,1,0,,0,,0,,0,,0,
2024-04-03,NEW_YORK_0930,ORIGINAL_DIRECT_UTC,US100,1712151000,2024-04-03T13:30:00,1712151300,1,1,1,1,0,,0,,0,,0,,0,
2024-04-03,NEW_YORK_0930,ORIGINAL_DIRECT_UTC,US30,1712151000,2024-04-03T13:30:00,1712151300,1,1,1,1,0,,0,,0,,0,,0,
2024-04-03,NEW_YORK_0930,NY_CLOSE_BROKER_CONVENTION,US100,1712161800,2024-04-03T16:30:00,1712162100,1,1,1,1,0,,0,,0,,0,,0,
2024-04-03,NEW_YORK_0930,NY_CLOSE_BROKER_CONVENTION,US30,1712161800,2024-04-03T16:30:00,1712162100,1,1,1,1,0,,0,,0,,0,,0,
2024-04-04,LONDON_0800,ORIGINAL_DIRECT_UTC,US100,1712214000,2024-04-04T07:00:00,1712214300,1,1,1,1,0,,0,,0,,0,,0,
2024-04-04,LONDON_0800,ORIGINAL_DIRECT_UTC,US30,1712214000,2024-04-04T07:00:00,1712214300,1,1,1,1,0,,0,,0,,0,,0,
2024-04-04,LONDON_0800,NY_CLOSE_BROKER_CONVENTION,US100,1712224800,2024-04-04T10:00:00,1712225100,1,1,1,1,0,,0,,0,,0,,0,
2024-04-04,LONDON_0800,NY_CLOSE_BROKER_CONVENTION,US30,1712224800,2024-04-04T10:00:00,1712225100,1,1,1,1,0,,0,,0,,0,,0,
2024-04-04,NEW_YORK_0930,ORIGINAL_DIRECT_UTC,US100,1712237400,2024-04-04T13:30:00,1712237700,1,1,1,1,0,,0,,0,,0,,0,
2024-04-04,NEW_YORK_0930,ORIGINAL_DIRECT_UTC,US30,1712237400,2024-04-04T13:30:00,1712237700,1,1,1,1,0,,0,,0,,0,,0,
2024-04-04,NEW_YORK_0930,NY_CLOSE_BROKER_CONVENTION,US100,1712248200,2024-04-04T16:30:00,1712248500,1,1,1,1,0,,0,,0,,0,,0,
2024-04-04,NEW_YORK_0930,NY_CLOSE_BROKER_CONVENTION,US30,1712248200,2024-04-04T16:30:00,1712248500,1,1,1,1,0,,0,,0,,0,,0,
2024-04-05,LONDON_0800,ORIGINAL_DIRECT_UTC,US100,1712300400,2024-04-05T07:00:00,1712300700,1,1,1,1,0,,0,,0,,0,,0,
2024-04-05,LONDON_0800,ORIGINAL_DIRECT_UTC,US30,1712300400,2024-04-05T07:00:00,1712300700,1,1,1,1,0,,0,,0,,0,,0,
2024-04-05,LONDON_0800,NY_CLOSE_BROKER_CONVENTION,US100,1712311200,2024-04-05T10:00:00,1712311500,1,1,1,1,0,,0,,0,,0,,0,
2024-04-05,LONDON_0800,NY_CLOSE_BROKER_CONVENTION,US30,1712311200,2024-04-05T10:00:00,1712311500,1,1,1,1,0,,0,,0,,0,,0,
2024-04-05,NEW_YORK_0930,ORIGINAL_DIRECT_UTC,US100,1712323800,2024-04-05T13:30:00,1712324100,1,1,1,1,0,,0,,0,,0,,0,
2024-04-05,NEW_YORK_0930,ORIGINAL_DIRECT_UTC,US30,1712323800,2024-04-05T13:30:00,1712324100,1,1,1,1,0,,0,,0,,0,,0,
2024-04-05,NEW_YORK_0930,NY_CLOSE_BROKER_CONVENTION,US100,1712334600,2024-04-05T16:30:00,1712334900,1,1,1,1,0,,0,,0,,0,,0,
2024-04-05,NEW_YORK_0930,NY_CLOSE_BROKER_CONVENTION,US30,1712334600,2024-04-05T16:30:00,1712334900,1,1,1,1,0,,0,,0,,0,,0,
2024-04-08,LONDON_0800,ORIGINAL_DIRECT_UTC,US100,1712559600,2024-04-08T07:00:00,1712559900,1,1,1,1,0,,0,,0,,0,,0,
2024-04-08,LONDON_0800,ORIGINAL_DIRECT_UTC,US30,1712559600,2024-04-08T07:00:00,1712559900,1,1,1,1,0,,0,,0,,0,,0,
2024-04-08,LONDON_0800,NY_CLOSE_BROKER_CONVENTION,US100,1712570400,2024-04-08T10:00:00,1712570700,1,1,1,1,0,,0,,0,,0,,0,
2024-04-08,LONDON_0800,NY_CLOSE_BROKER_CONVENTION,US30,1712570400,2024-04-08T10:00:00,1712570700,1,1,1,1,0,,0,,0,,0,,0,
2024-04-08,NEW_YORK_0930,ORIGINAL_DIRECT_UTC,US100,1712583000,2024-04-08T13:30:00,1712583300,1,1,1,1,0,,0,,0,,0,,0,
2024-04-08,NEW_YORK_0930,ORIGINAL_DIRECT_UTC,US30,1712583000,2024-04-08T13:30:00,1712583300,1,1,1,1,0,,0,,0,,0,,0,
2024-04-08,NEW_YORK_0930,NY_CLOSE_BROKER_CONVENTION,US100,1712593800,2024-04-08T16:30:00,1712594100,1,1,1,1,0,,0,,0,,0,,0,
2024-04-08,NEW_YORK_0930,NY_CLOSE_BROKER_CONVENTION,US30,1712593800,2024-04-08T16:30:00,1712594100,1,1,1,1,0,,0,,0,,0,,0,
2024-04-09,LONDON_0800,ORIGINAL_DIRECT_UTC,US100,1712646000,2024-04-09T07:00:00,1712646300,1,1,1,1,0,,0,,0,,0,,0,
2024-04-09,LONDON_0800,ORIGINAL_DIRECT_UTC,US30,1712646000,2024-04-09T07:00:00,1712646300,1,1,1,1,0,,0,,0,,0,,0,
2024-04-09,LONDON_0800,NY_CLOSE_BROKER_CONVENTION,US100,1712656800,2024-04-09T10:00:00,1712657100,1,1,1,1,0,,0,,0,,0,,0,
2024-04-09,LONDON_0800,NY_CLOSE_BROKER_CONVENTION,US30,1712656800,2024-04-09T10:00:00,1712657100,1,1,1,1,0,,0,,0,,0,,0,
2024-04-09,NEW_YORK_0930,ORIGINAL_DIRECT_UTC,US100,1712669400,2024-04-09T13:30:00,1712669700,1,1,1,1,0,,0,,0,,0,,0,
2024-04-09,NEW_YORK_0930,ORIGINAL_DIRECT_UTC,US30,1712669400,2024-04-09T13:30:00,1712669700,1,1,1,1,0,,0,,0,,0,,0,
2024-04-09,NEW_YORK_0930,NY_CLOSE_BROKER_CONVENTION,US100,1712680200,2024-04-09T16:30:00,1712680500,1,1,1,1,0,,0,,0,,0,,0,
2024-04-09,NEW_YORK_0930,NY_CLOSE_BROKER_CONVENTION,US30,1712680200,2024-04-09T16:30:00,1712680500,1,1,1,1,0,,0,,0,,0,,0,
2024-04-10,LONDON_0800,ORIGINAL_DIRECT_UTC,US100,1712732400,2024-04-10T07:00:00,1712732700,1,1,1,1,0,,0,,0,,0,,0,
2024-04-10,LONDON_0800,ORIGINAL_DIRECT_UTC,US30,1712732400,2024-04-10T07:00:00,1712732700,1,1,0,0,0,,0,,0,,3,25 26 56,0,
2024-04-10,LONDON_0800,NY_CLOSE_BROKER_CONVENTION,US100,1712743200,2024-04-10T10:00:00,1712743500,1,1,1,1,0,,0,,0,,0,,0,
2024-04-10,LONDON_0800,NY_CLOSE_BROKER_CONVENTION,US30,1712743200,2024-04-10T10:00:00,1712743500,1,1,1,1,0,,0,,0,,0,,0,
2024-04-10,NEW_YORK_0930,ORIGINAL_DIRECT_UTC,US100,1712755800,2024-04-10T13:30:00,1712756100,1,1,1,1,0,,0,,0,,0,,0,
2024-04-10,NEW_YORK_0930,ORIGINAL_DIRECT_UTC,US30,1712755800,2024-04-10T13:30:00,1712756100,1,1,1,1,0,,0,,0,,0,,0,
2024-04-10,NEW_YORK_0930,NY_CLOSE_BROKER_CONVENTION,US100,1712766600,2024-04-10T16:30:00,1712766900,1,1,1,1,0,,0,,0,,0,,0,
2024-04-10,NEW_YORK_0930,NY_CLOSE_BROKER_CONVENTION,US30,1712766600,2024-04-10T16:30:00,1712766900,1,1,1,1,0,,0,,0,,0,,0,
2024-04-11,LONDON_0800,ORIGINAL_DIRECT_UTC,US100,1712818800,2024-04-11T07:00:00,1712819100,1,1,1,1,0,,0,,0,,0,,0,
2024-04-11,LONDON_0800,ORIGINAL_DIRECT_UTC,US30,1712818800,2024-04-11T07:00:00,1712819100,1,1,0,0,0,,0,,0,,1,29,0,
2024-04-11,LONDON_0800,NY_CLOSE_BROKER_CONVENTION,US100,1712829600,2024-04-11T10:00:00,1712829900,1,1,1,1,0,,0,,0,,0,,0,
2024-04-11,LONDON_0800,NY_CLOSE_BROKER_CONVENTION,US30,1712829600,2024-04-11T10:00:00,1712829900,1,1,1,1,0,,0,,0,,0,,0,
2024-04-11,NEW_YORK_0930,ORIGINAL_DIRECT_UTC,US100,1712842200,2024-04-11T13:30:00,1712842500,1,1,1,1,0,,0,,0,,0,,0,
2024-04-11,NEW_YORK_0930,ORIGINAL_DIRECT_UTC,US30,1712842200,2024-04-11T13:30:00,1712842500,1,1,1,1,0,,0,,0,,0,,0,
2024-04-11,NEW_YORK_0930,NY_CLOSE_BROKER_CONVENTION,US100,1712853000,2024-04-11T16:30:00,1712853300,1,1,1,1,0,,0,,0,,0,,0,
2024-04-11,NEW_YORK_0930,NY_CLOSE_BROKER_CONVENTION,US30,1712853000,2024-04-11T16:30:00,1712853300,1,1,1,1,0,,0,,0,,0,,0,
2024-04-12,LONDON_0800,ORIGINAL_DIRECT_UTC,US100,1712905200,2024-04-12T07:00:00,1712905500,1,1,1,1,0,,0,,0,,0,,0,
2024-04-12,LONDON_0800,ORIGINAL_DIRECT_UTC,US30,1712905200,2024-04-12T07:00:00,1712905500,1,1,0,0,0,,0,,0,,2,29 32,0,
2024-04-12,LONDON_0800,NY_CLOSE_BROKER_CONVENTION,US100,1712916000,2024-04-12T10:00:00,1712916300,1,1,1,1,0,,0,,0,,0,,0,
2024-04-12,LONDON_0800,NY_CLOSE_BROKER_CONVENTION,US30,1712916000,2024-04-12T10:00:00,1712916300,1,1,1,1,0,,0,,0,,0,,0,
2024-04-12,NEW_YORK_0930,ORIGINAL_DIRECT_UTC,US100,1712928600,2024-04-12T13:30:00,1712928900,1,1,1,1,0,,0,,0,,0,,0,
2024-04-12,NEW_YORK_0930,ORIGINAL_DIRECT_UTC,US30,1712928600,2024-04-12T13:30:00,1712928900,1,1,1,1,0,,0,,0,,0,,0,
2024-04-12,NEW_YORK_0930,NY_CLOSE_BROKER_CONVENTION,US100,1712939400,2024-04-12T16:30:00,1712939700,1,1,1,1,0,,0,,0,,0,,0,
2024-04-12,NEW_YORK_0930,NY_CLOSE_BROKER_CONVENTION,US30,1712939400,2024-04-12T16:30:00,1712939700,1,1,1,1,0,,0,,0,,0,,0,
2024-04-15,LONDON_0800,ORIGINAL_DIRECT_UTC,US100,1713164400,2024-04-15T07:00:00,1713164700,1,1,1,1,0,,0,,0,,0,,0,
2024-04-15,LONDON_0800,ORIGINAL_DIRECT_UTC,US30,1713164400,2024-04-15T07:00:00,1713164700,1,1,1,1,0,,0,,0,,0,,0,
2024-04-15,LONDON_0800,NY_CLOSE_BROKER_CONVENTION,US100,1713175200,2024-04-15T10:00:00,1713175500,1,1,1,1,0,,0,,0,,0,,0,
2024-04-15,LONDON_0800,NY_CLOSE_BROKER_CONVENTION,US30,1713175200,2024-04-15T10:00:00,1713175500,1,1,1,1,0,,0,,0,,0,,0,
2024-04-15,NEW_YORK_0930,ORIGINAL_DIRECT_UTC,US100,1713187800,2024-04-15T13:30:00,1713188100,1,1,1,1,0,,0,,0,,0,,0,
2024-04-15,NEW_YORK_0930,ORIGINAL_DIRECT_UTC,US30,1713187800,2024-04-15T13:30:00,1713188100,1,1,1,1,0,,0,,0,,0,,0,
2024-04-15,NEW_YORK_0930,NY_CLOSE_BROKER_CONVENTION,US100,1713198600,2024-04-15T16:30:00,1713198900,1,1,1,1,0,,0,,0,,0,,0,
2024-04-15,NEW_YORK_0930,NY_CLOSE_BROKER_CONVENTION,US30,1713198600,2024-04-15T16:30:00,1713198900,1,1,1,1,0,,0,,0,,0,,0,
2024-04-16,LONDON_0800,ORIGINAL_DIRECT_UTC,US100,1713250800,2024-04-16T07:00:00,1713251100,1,1,1,1,0,,0,,0,,0,,0,
2024-04-16,LONDON_0800,ORIGINAL_DIRECT_UTC,US30,1713250800,2024-04-16T07:00:00,1713251100,1,1,1,1,0,,0,,0,,0,,0,
2024-04-16,LONDON_0800,NY_CLOSE_BROKER_CONVENTION,US100,1713261600,2024-04-16T10:00:00,1713261900,1,1,1,1,0,,0,,0,,0,,0,
2024-04-16,LONDON_0800,NY_CLOSE_BROKER_CONVENTION,US30,1713261600,2024-04-16T10:00:00,1713261900,1,1,1,1,0,,0,,0,,0,,0,
2024-04-16,NEW_YORK_0930,ORIGINAL_DIRECT_UTC,US100,1713274200,2024-04-16T13:30:00,1713274500,1,1,1,1,0,,0,,0,,0,,0,
2024-04-16,NEW_YORK_0930,ORIGINAL_DIRECT_UTC,US30,1713274200,2024-04-16T13:30:00,1713274500,1,1,1,1,0,,0,,0,,0,,0,
2024-04-16,NEW_YORK_0930,NY_CLOSE_BROKER_CONVENTION,US100,1713285000,2024-04-16T16:30:00,1713285300,1,1,1,1,0,,0,,0,,0,,0,
2024-04-16,NEW_YORK_0930,NY_CLOSE_BROKER_CONVENTION,US30,1713285000,2024-04-16T16:30:00,1713285300,1,1,1,1,0,,0,,0,,0,,0,
2024-04-17,LONDON_0800,ORIGINAL_DIRECT_UTC,US100,1713337200,2024-04-17T07:00:00,1713337500,1,1,1,1,0,,0,,0,,0,,0,
2024-04-17,LONDON_0800,ORIGINAL_DIRECT_UTC,US30,1713337200,2024-04-17T07:00:00,1713337500,1,1,1,1,0,,0,,0,,0,,0,
2024-04-17,LONDON_0800,NY_CLOSE_BROKER_CONVENTION,US100,1713348000,2024-04-17T10:00:00,1713348300,1,1,1,1,0,,0,,0,,0,,0,
2024-04-17,LONDON_0800,NY_CLOSE_BROKER_CONVENTION,US30,1713348000,2024-04-17T10:00:00,1713348300,1,1,1,1,0,,0,,0,,0,,0,
2024-04-17,NEW_YORK_0930,ORIGINAL_DIRECT_UTC,US100,1713360600,2024-04-17T13:30:00,1713360900,1,1,1,1,0,,0,,0,,0,,0,
2024-04-17,NEW_YORK_0930,ORIGINAL_DIRECT_UTC,US30,1713360600,2024-04-17T13:30:00,1713360900,1,1,1,1,0,,0,,0,,0,,0,
2024-04-17,NEW_YORK_0930,NY_CLOSE_BROKER_CONVENTION,US100,1713371400,2024-04-17T16:30:00,1713371700,1,1,1,1,0,,0,,0,,0,,0,
2024-04-17,NEW_YORK_0930,NY_CLOSE_BROKER_CONVENTION,US30,1713371400,2024-04-17T16:30:00,1713371700,1,1,1,1,0,,0,,0,,0,,0,
2024-04-18,LONDON_0800,ORIGINAL_DIRECT_UTC,US100,1713423600,2024-04-18T07:00:00,1713423900,1,1,1,1,0,,0,,0,,0,,0,
2024-04-18,LONDON_0800,ORIGINAL_DIRECT_UTC,US30,1713423600,2024-04-18T07:00:00,1713423900,1,1,1,1,0,,0,,0,,0,,0,
2024-04-18,LONDON_0800,NY_CLOSE_BROKER_CONVENTION,US100,1713434400,2024-04-18T10:00:00,1713434700,1,1,1,1,0,,0,,0,,0,,0,
2024-04-18,LONDON_0800,NY_CLOSE_BROKER_CONVENTION,US30,1713434400,2024-04-18T10:00:00,1713434700,1,1,1,1,0,,0,,0,,0,,0,
2024-04-18,NEW_YORK_0930,ORIGINAL_DIRECT_UTC,US100,1713447000,2024-04-18T13:30:00,1713447300,1,1,1,1,0,,0,,0,,0,,0,
2024-04-18,NEW_YORK_0930,ORIGINAL_DIRECT_UTC,US30,1713447000,2024-04-18T13:30:00,1713447300,1,1,1,1,0,,0,,0,,0,,0,
2024-04-18,NEW_YORK_0930,NY_CLOSE_BROKER_CONVENTION,US100,1713457800,2024-04-18T16:30:00,1713458100,1,1,1,1,0,,0,,0,,0,,0,
2024-04-18,NEW_YORK_0930,NY_CLOSE_BROKER_CONVENTION,US30,1713457800,2024-04-18T16:30:00,1713458100,1,1,1,1,0,,0,,0,,0,,0,
2024-04-19,LONDON_0800,ORIGINAL_DIRECT_UTC,US100,1713510000,2024-04-19T07:00:00,1713510300,1,1,1,1,0,,0,,0,,0,,0,
2024-04-19,LONDON_0800,ORIGINAL_DIRECT_UTC,US30,1713510000,2024-04-19T07:00:00,1713510300,1,1,1,1,0,,0,,0,,0,,0,
2024-04-19,LONDON_0800,NY_CLOSE_BROKER_CONVENTION,US100,1713520800,2024-04-19T10:00:00,1713521100,1,1,1,1,0,,0,,0,,0,,0,
2024-04-19,LONDON_0800,NY_CLOSE_BROKER_CONVENTION,US30,1713520800,2024-04-19T10:00:00,1713521100,1,1,1,1,0,,0,,0,,0,,0,
2024-04-19,NEW_YORK_0930,ORIGINAL_DIRECT_UTC,US100,1713533400,2024-04-19T13:30:00,1713533700,1,1,1,1,0,,0,,0,,0,,0,
2024-04-19,NEW_YORK_0930,ORIGINAL_DIRECT_UTC,US30,1713533400,2024-04-19T13:30:00,1713533700,1,1,1,1,0,,0,,0,,0,,0,
2024-04-19,NEW_YORK_0930,NY_CLOSE_BROKER_CONVENTION,US100,1713544200,2024-04-19T16:30:00,1713544500,1,1,1,1,0,,0,,0,,0,,0,
2024-04-19,NEW_YORK_0930,NY_CLOSE_BROKER_CONVENTION,US30,1713544200,2024-04-19T16:30:00,1713544500,1,1,1,1,0,,0,,0,,0,,0,
2024-04-22,LONDON_0800,ORIGINAL_DIRECT_UTC,US100,1713769200,2024-04-22T07:00:00,1713769500,1,1,1,1,0,,0,,0,,0,,0,
2024-04-22,LONDON_0800,ORIGINAL_DIRECT_UTC,US30,1713769200,2024-04-22T07:00:00,1713769500,1,1,1,1,0,,0,,0,,0,,0,
2024-04-22,LONDON_0800,NY_CLOSE_BROKER_CONVENTION,US100,1713780000,2024-04-22T10:00:00,1713780300,1,1,1,1,0,,0,,0,,0,,0,
2024-04-22,LONDON_0800,NY_CLOSE_BROKER_CONVENTION,US30,1713780000,2024-04-22T10:00:00,1713780300,1,1,1,1,0,,0,,0,,0,,0,
2024-04-22,NEW_YORK_0930,ORIGINAL_DIRECT_UTC,US100,1713792600,2024-04-22T13:30:00,1713792900,1,1,1,1,0,,0,,0,,0,,0,
2024-04-22,NEW_YORK_0930,ORIGINAL_DIRECT_UTC,US30,1713792600,2024-04-22T13:30:00,1713792900,1,1,1,1,0,,0,,0,,0,,0,
2024-04-22,NEW_YORK_0930,NY_CLOSE_BROKER_CONVENTION,US100,1713803400,2024-04-22T16:30:00,1713803700,1,1,1,1,0,,0,,0,,0,,0,
2024-04-22,NEW_YORK_0930,NY_CLOSE_BROKER_CONVENTION,US30,1713803400,2024-04-22T16:30:00,1713803700,1,1,1,1,0,,0,,0,,0,,0,
2024-04-23,LONDON_0800,ORIGINAL_DIRECT_UTC,US100,1713855600,2024-04-23T07:00:00,1713855900,1,1,1,1,0,,0,,0,,0,,0,
2024-04-23,LONDON_0800,ORIGINAL_DIRECT_UTC,US30,1713855600,2024-04-23T07:00:00,1713855900,1,1,0,0,0,,0,,0,,1,58,0,
2024-04-23,LONDON_0800,NY_CLOSE_BROKER_CONVENTION,US100,1713866400,2024-04-23T10:00:00,1713866700,1,1,1,1,0,,0,,0,,0,,0,
2024-04-23,LONDON_0800,NY_CLOSE_BROKER_CONVENTION,US30,1713866400,2024-04-23T10:00:00,1713866700,1,1,1,1,0,,0,,0,,0,,0,
2024-04-23,NEW_YORK_0930,ORIGINAL_DIRECT_UTC,US100,1713879000,2024-04-23T13:30:00,1713879300,1,1,1,1,0,,0,,0,,0,,0,
2024-04-23,NEW_YORK_0930,ORIGINAL_DIRECT_UTC,US30,1713879000,2024-04-23T13:30:00,1713879300,1,1,1,1,0,,0,,0,,0,,0,
2024-04-23,NEW_YORK_0930,NY_CLOSE_BROKER_CONVENTION,US100,1713889800,2024-04-23T16:30:00,1713890100,1,1,1,1,0,,0,,0,,0,,0,
2024-04-23,NEW_YORK_0930,NY_CLOSE_BROKER_CONVENTION,US30,1713889800,2024-04-23T16:30:00,1713890100,1,1,1,1,0,,0,,0,,0,,0,
2024-04-24,LONDON_0800,ORIGINAL_DIRECT_UTC,US100,1713942000,2024-04-24T07:00:00,1713942300,1,1,1,1,0,,0,,0,,0,,0,
2024-04-24,LONDON_0800,ORIGINAL_DIRECT_UTC,US30,1713942000,2024-04-24T07:00:00,1713942300,1,1,0,0,0,,0,,0,,1,33,0,
2024-04-24,LONDON_0800,NY_CLOSE_BROKER_CONVENTION,US100,1713952800,2024-04-24T10:00:00,1713953100,1,1,1,1,0,,0,,0,,0,,0,
2024-04-24,LONDON_0800,NY_CLOSE_BROKER_CONVENTION,US30,1713952800,2024-04-24T10:00:00,1713953100,1,1,1,1,0,,0,,0,,0,,0,
2024-04-24,NEW_YORK_0930,ORIGINAL_DIRECT_UTC,US100,1713965400,2024-04-24T13:30:00,1713965700,1,1,1,1,0,,0,,0,,0,,0,
2024-04-24,NEW_YORK_0930,ORIGINAL_DIRECT_UTC,US30,1713965400,2024-04-24T13:30:00,1713965700,1,1,1,1,0,,0,,0,,0,,0,
2024-04-24,NEW_YORK_0930,NY_CLOSE_BROKER_CONVENTION,US100,1713976200,2024-04-24T16:30:00,1713976500,1,1,1,1,0,,0,,0,,0,,0,
2024-04-24,NEW_YORK_0930,NY_CLOSE_BROKER_CONVENTION,US30,1713976200,2024-04-24T16:30:00,1713976500,1,1,1,1,0,,0,,0,,0,,0,
2024-04-25,LONDON_0800,ORIGINAL_DIRECT_UTC,US100,1714028400,2024-04-25T07:00:00,1714028700,1,1,1,1,0,,0,,0,,0,,0,
2024-04-25,LONDON_0800,ORIGINAL_DIRECT_UTC,US30,1714028400,2024-04-25T07:00:00,1714028700,1,1,1,1,0,,0,,0,,0,,0,
2024-04-25,LONDON_0800,NY_CLOSE_BROKER_CONVENTION,US100,1714039200,2024-04-25T10:00:00,1714039500,1,1,1,1,0,,0,,0,,0,,0,
2024-04-25,LONDON_0800,NY_CLOSE_BROKER_CONVENTION,US30,1714039200,2024-04-25T10:00:00,1714039500,1,1,1,1,0,,0,,0,,0,,0,
2024-04-25,NEW_YORK_0930,ORIGINAL_DIRECT_UTC,US100,1714051800,2024-04-25T13:30:00,1714052100,1,1,1,1,0,,0,,0,,0,,0,
2024-04-25,NEW_YORK_0930,ORIGINAL_DIRECT_UTC,US30,1714051800,2024-04-25T13:30:00,1714052100,1,1,1,1,0,,0,,0,,0,,0,
2024-04-25,NEW_YORK_0930,NY_CLOSE_BROKER_CONVENTION,US100,1714062600,2024-04-25T16:30:00,1714062900,1,1,1,1,0,,0,,0,,0,,0,
2024-04-25,NEW_YORK_0930,NY_CLOSE_BROKER_CONVENTION,US30,1714062600,2024-04-25T16:30:00,1714062900,1,1,1,1,0,,0,,0,,0,,0,
2024-04-26,LONDON_0800,ORIGINAL_DIRECT_UTC,US100,1714114800,2024-04-26T07:00:00,1714115100,1,1,1,1,0,,0,,0,,0,,0,
2024-04-26,LONDON_0800,ORIGINAL_DIRECT_UTC,US30,1714114800,2024-04-26T07:00:00,1714115100,1,1,1,1,0,,0,,0,,0,,0,
2024-04-26,LONDON_0800,NY_CLOSE_BROKER_CONVENTION,US100,1714125600,2024-04-26T10:00:00,1714125900,1,1,1,1,0,,0,,0,,0,,0,
2024-04-26,LONDON_0800,NY_CLOSE_BROKER_CONVENTION,US30,1714125600,2024-04-26T10:00:00,1714125900,1,1,1,1,0,,0,,0,,0,,0,
2024-04-26,NEW_YORK_0930,ORIGINAL_DIRECT_UTC,US100,1714138200,2024-04-26T13:30:00,1714138500,1,1,1,1,0,,0,,0,,0,,0,
2024-04-26,NEW_YORK_0930,ORIGINAL_DIRECT_UTC,US30,1714138200,2024-04-26T13:30:00,1714138500,1,1,1,1,0,,0,,0,,0,,0,
2024-04-26,NEW_YORK_0930,NY_CLOSE_BROKER_CONVENTION,US100,1714149000,2024-04-26T16:30:00,1714149300,1,1,1,1,0,,0,,0,,0,,0,
2024-04-26,NEW_YORK_0930,NY_CLOSE_BROKER_CONVENTION,US30,1714149000,2024-04-26T16:30:00,1714149300,1,1,1,1,0,,0,,0,,0,,0,
2024-04-29,LONDON_0800,ORIGINAL_DIRECT_UTC,US100,1714374000,2024-04-29T07:00:00,1714374300,1,1,1,1,0,,0,,0,,0,,0,
2024-04-29,LONDON_0800,ORIGINAL_DIRECT_UTC,US30,1714374000,2024-04-29T07:00:00,1714374300,1,1,1,1,0,,0,,0,,0,,0,
2024-04-29,LONDON_0800,NY_CLOSE_BROKER_CONVENTION,US100,1714384800,2024-04-29T10:00:00,1714385100,1,1,1,1,0,,0,,0,,0,,0,
2024-04-29,LONDON_0800,NY_CLOSE_BROKER_CONVENTION,US30,1714384800,2024-04-29T10:00:00,1714385100,1,1,1,1,0,,0,,0,,0,,0,
2024-04-29,NEW_YORK_0930,ORIGINAL_DIRECT_UTC,US100,1714397400,2024-04-29T13:30:00,1714397700,1,1,1,1,0,,0,,0,,0,,0,
2024-04-29,NEW_YORK_0930,ORIGINAL_DIRECT_UTC,US30,1714397400,2024-04-29T13:30:00,1714397700,1,1,1,1,0,,0,,0,,0,,0,
2024-04-29,NEW_YORK_0930,NY_CLOSE_BROKER_CONVENTION,US100,1714408200,2024-04-29T16:30:00,1714408500,1,1,1,1,0,,0,,0,,0,,0,
2024-04-29,NEW_YORK_0930,NY_CLOSE_BROKER_CONVENTION,US30,1714408200,2024-04-29T16:30:00,1714408500,1,1,1,1,0,,0,,0,,0,,0,
2024-04-30,LONDON_0800,ORIGINAL_DIRECT_UTC,US100,1714460400,2024-04-30T07:00:00,1714460700,1,1,1,1,0,,0,,0,,0,,0,
2024-04-30,LONDON_0800,ORIGINAL_DIRECT_UTC,US30,1714460400,2024-04-30T07:00:00,1714460700,1,1,0,0,0,,0,,0,,4,9 20 29 48,0,
2024-04-30,LONDON_0800,NY_CLOSE_BROKER_CONVENTION,US100,1714471200,2024-04-30T10:00:00,1714471500,1,1,1,1,0,,0,,0,,0,,0,
2024-04-30,LONDON_0800,NY_CLOSE_BROKER_CONVENTION,US30,1714471200,2024-04-30T10:00:00,1714471500,1,1,1,1,0,,0,,0,,0,,0,
2024-04-30,NEW_YORK_0930,ORIGINAL_DIRECT_UTC,US100,1714483800,2024-04-30T13:30:00,1714484100,1,1,1,1,0,,0,,0,,0,,0,
2024-04-30,NEW_YORK_0930,ORIGINAL_DIRECT_UTC,US30,1714483800,2024-04-30T13:30:00,1714484100,1,1,1,1,0,,0,,0,,0,,0,
2024-04-30,NEW_YORK_0930,NY_CLOSE_BROKER_CONVENTION,US100,1714494600,2024-04-30T16:30:00,1714494900,1,1,1,1,0,,0,,0,,0,,0,
2024-04-30,NEW_YORK_0930,NY_CLOSE_BROKER_CONVENTION,US30,1714494600,2024-04-30T16:30:00,1714494900,1,1,1,1,0,,0,,0,,0,,0,
2024-05-01,LONDON_0800,ORIGINAL_DIRECT_UTC,US100,1714546800,2024-05-01T07:00:00,1714547100,1,1,1,1,0,,0,,0,,0,,0,
2024-05-01,LONDON_0800,ORIGINAL_DIRECT_UTC,US30,1714546800,2024-05-01T07:00:00,1714547100,1,1,0,0,0,,0,,0,,1,24,0,
2024-05-01,LONDON_0800,NY_CLOSE_BROKER_CONVENTION,US100,1714557600,2024-05-01T10:00:00,1714557900,1,1,1,1,0,,0,,0,,0,,0,
2024-05-01,LONDON_0800,NY_CLOSE_BROKER_CONVENTION,US30,1714557600,2024-05-01T10:00:00,1714557900,1,1,1,1,0,,0,,0,,0,,0,
2024-05-01,NEW_YORK_0930,ORIGINAL_DIRECT_UTC,US100,1714570200,2024-05-01T13:30:00,1714570500,1,1,1,1,0,,0,,0,,0,,0,
2024-05-01,NEW_YORK_0930,ORIGINAL_DIRECT_UTC,US30,1714570200,2024-05-01T13:30:00,1714570500,1,1,1,1,0,,0,,0,,0,,0,
2024-05-01,NEW_YORK_0930,NY_CLOSE_BROKER_CONVENTION,US100,1714581000,2024-05-01T16:30:00,1714581300,1,1,1,1,0,,0,,0,,0,,0,
2024-05-01,NEW_YORK_0930,NY_CLOSE_BROKER_CONVENTION,US30,1714581000,2024-05-01T16:30:00,1714581300,1,1,1,1,0,,0,,0,,0,,0,
2024-05-02,LONDON_0800,ORIGINAL_DIRECT_UTC,US100,1714633200,2024-05-02T07:00:00,1714633500,1,1,1,1,0,,0,,0,,0,,0,
2024-05-02,LONDON_0800,ORIGINAL_DIRECT_UTC,US30,1714633200,2024-05-02T07:00:00,1714633500,1,1,1,1,0,,0,,0,,0,,0,
2024-05-02,LONDON_0800,NY_CLOSE_BROKER_CONVENTION,US100,1714644000,2024-05-02T10:00:00,1714644300,1,1,1,1,0,,0,,0,,0,,0,
2024-05-02,LONDON_0800,NY_CLOSE_BROKER_CONVENTION,US30,1714644000,2024-05-02T10:00:00,1714644300,1,1,1,1,0,,0,,0,,0,,0,
2024-05-02,NEW_YORK_0930,ORIGINAL_DIRECT_UTC,US100,1714656600,2024-05-02T13:30:00,1714656900,1,1,1,1,0,,0,,0,,0,,0,
2024-05-02,NEW_YORK_0930,ORIGINAL_DIRECT_UTC,US30,1714656600,2024-05-02T13:30:00,1714656900,1,1,1,1,0,,0,,0,,0,,0,
2024-05-02,NEW_YORK_0930,NY_CLOSE_BROKER_CONVENTION,US100,1714667400,2024-05-02T16:30:00,1714667700,1,1,1,1,0,,0,,0,,0,,0,
2024-05-02,NEW_YORK_0930,NY_CLOSE_BROKER_CONVENTION,US30,1714667400,2024-05-02T16:30:00,1714667700,1,1,1,1,0,,0,,0,,0,,0,
2024-05-03,LONDON_0800,ORIGINAL_DIRECT_UTC,US100,1714719600,2024-05-03T07:00:00,1714719900,1,1,1,1,0,,0,,0,,0,,0,
2024-05-03,LONDON_0800,ORIGINAL_DIRECT_UTC,US30,1714719600,2024-05-03T07:00:00,1714719900,1,1,0,0,0,,0,,0,,1,57,0,
2024-05-03,LONDON_0800,NY_CLOSE_BROKER_CONVENTION,US100,1714730400,2024-05-03T10:00:00,1714730700,1,1,1,1,0,,0,,0,,0,,0,
2024-05-03,LONDON_0800,NY_CLOSE_BROKER_CONVENTION,US30,1714730400,2024-05-03T10:00:00,1714730700,1,1,1,1,0,,0,,0,,0,,0,
2024-05-03,NEW_YORK_0930,ORIGINAL_DIRECT_UTC,US100,1714743000,2024-05-03T13:30:00,1714743300,1,1,1,1,0,,0,,0,,0,,0,
2024-05-03,NEW_YORK_0930,ORIGINAL_DIRECT_UTC,US30,1714743000,2024-05-03T13:30:00,1714743300,1,1,1,1,0,,0,,0,,0,,0,
2024-05-03,NEW_YORK_0930,NY_CLOSE_BROKER_CONVENTION,US100,1714753800,2024-05-03T16:30:00,1714754100,1,1,1,1,0,,0,,0,,0,,0,
2024-05-03,NEW_YORK_0930,NY_CLOSE_BROKER_CONVENTION,US30,1714753800,2024-05-03T16:30:00,1714754100,1,1,1,1,0,,0,,0,,0,,0,
2024-05-06,LONDON_0800,ORIGINAL_DIRECT_UTC,US100,1714978800,2024-05-06T07:00:00,1714979100,1,1,1,1,0,,0,,0,,0,,0,
2024-05-06,LONDON_0800,ORIGINAL_DIRECT_UTC,US30,1714978800,2024-05-06T07:00:00,1714979100,1,1,0,0,0,,0,,0,,3,21 27 38,0,
2024-05-06,LONDON_0800,NY_CLOSE_BROKER_CONVENTION,US100,1714989600,2024-05-06T10:00:00,1714989900,1,1,1,1,0,,0,,0,,0,,0,
2024-05-06,LONDON_0800,NY_CLOSE_BROKER_CONVENTION,US30,1714989600,2024-05-06T10:00:00,1714989900,1,1,1,1,0,,0,,0,,0,,0,
2024-05-06,NEW_YORK_0930,ORIGINAL_DIRECT_UTC,US100,1715002200,2024-05-06T13:30:00,1715002500,1,1,1,1,0,,0,,0,,0,,0,
2024-05-06,NEW_YORK_0930,ORIGINAL_DIRECT_UTC,US30,1715002200,2024-05-06T13:30:00,1715002500,1,1,1,1,0,,0,,0,,0,,0,
2024-05-06,NEW_YORK_0930,NY_CLOSE_BROKER_CONVENTION,US100,1715013000,2024-05-06T16:30:00,1715013300,1,1,1,1,0,,0,,0,,0,,0,
2024-05-06,NEW_YORK_0930,NY_CLOSE_BROKER_CONVENTION,US30,1715013000,2024-05-06T16:30:00,1715013300,1,1,1,1,0,,0,,0,,0,,0,
2024-05-07,LONDON_0800,ORIGINAL_DIRECT_UTC,US100,1715065200,2024-05-07T07:00:00,1715065500,1,1,1,1,0,,0,,0,,0,,0,
2024-05-07,LONDON_0800,ORIGINAL_DIRECT_UTC,US30,1715065200,2024-05-07T07:00:00,1715065500,1,1,0,0,0,,0,,0,,1,17,0,
2024-05-07,LONDON_0800,NY_CLOSE_BROKER_CONVENTION,US100,1715076000,2024-05-07T10:00:00,1715076300,1,1,1,1,0,,0,,0,,0,,0,
2024-05-07,LONDON_0800,NY_CLOSE_BROKER_CONVENTION,US30,1715076000,2024-05-07T10:00:00,1715076300,1,1,1,1,0,,0,,0,,0,,0,
2024-05-07,NEW_YORK_0930,ORIGINAL_DIRECT_UTC,US100,1715088600,2024-05-07T13:30:00,1715088900,1,1,1,1,0,,0,,0,,0,,0,
2024-05-07,NEW_YORK_0930,ORIGINAL_DIRECT_UTC,US30,1715088600,2024-05-07T13:30:00,1715088900,1,1,1,1,0,,0,,0,,0,,0,
2024-05-07,NEW_YORK_0930,NY_CLOSE_BROKER_CONVENTION,US100,1715099400,2024-05-07T16:30:00,1715099700,1,1,1,1,0,,0,,0,,0,,0,
2024-05-07,NEW_YORK_0930,NY_CLOSE_BROKER_CONVENTION,US30,1715099400,2024-05-07T16:30:00,1715099700,1,1,1,1,0,,0,,0,,0,,0,
2024-05-08,LONDON_0800,ORIGINAL_DIRECT_UTC,US100,1715151600,2024-05-08T07:00:00,1715151900,1,1,1,1,0,,0,,0,,0,,0,
2024-05-08,LONDON_0800,ORIGINAL_DIRECT_UTC,US30,1715151600,2024-05-08T07:00:00,1715151900,1,1,0,0,0,,0,,0,,5,29 46 47 48 54,0,
2024-05-08,LONDON_0800,NY_CLOSE_BROKER_CONVENTION,US100,1715162400,2024-05-08T10:00:00,1715162700,1,1,1,1,0,,0,,0,,0,,0,
2024-05-08,LONDON_0800,NY_CLOSE_BROKER_CONVENTION,US30,1715162400,2024-05-08T10:00:00,1715162700,1,1,1,1,0,,0,,0,,0,,0,
2024-05-08,NEW_YORK_0930,ORIGINAL_DIRECT_UTC,US100,1715175000,2024-05-08T13:30:00,1715175300,1,1,1,1,0,,0,,0,,0,,0,
2024-05-08,NEW_YORK_0930,ORIGINAL_DIRECT_UTC,US30,1715175000,2024-05-08T13:30:00,1715175300,1,1,1,1,0,,0,,0,,0,,0,
2024-05-08,NEW_YORK_0930,NY_CLOSE_BROKER_CONVENTION,US100,1715185800,2024-05-08T16:30:00,1715186100,1,1,1,1,0,,0,,0,,0,,0,
2024-05-08,NEW_YORK_0930,NY_CLOSE_BROKER_CONVENTION,US30,1715185800,2024-05-08T16:30:00,1715186100,1,1,1,1,0,,0,,0,,0,,0,
2024-05-09,LONDON_0800,ORIGINAL_DIRECT_UTC,US100,1715238000,2024-05-09T07:00:00,1715238300,1,1,1,1,0,,0,,0,,0,,0,
2024-05-09,LONDON_0800,ORIGINAL_DIRECT_UTC,US30,1715238000,2024-05-09T07:00:00,1715238300,1,1,0,0,0,,0,,0,,2,14 24,0,
2024-05-09,LONDON_0800,NY_CLOSE_BROKER_CONVENTION,US100,1715248800,2024-05-09T10:00:00,1715249100,1,1,1,1,0,,0,,0,,0,,0,
2024-05-09,LONDON_0800,NY_CLOSE_BROKER_CONVENTION,US30,1715248800,2024-05-09T10:00:00,1715249100,1,1,1,1,0,,0,,0,,0,,0,
2024-05-09,NEW_YORK_0930,ORIGINAL_DIRECT_UTC,US100,1715261400,2024-05-09T13:30:00,1715261700,1,1,1,1,0,,0,,0,,0,,0,
2024-05-09,NEW_YORK_0930,ORIGINAL_DIRECT_UTC,US30,1715261400,2024-05-09T13:30:00,1715261700,1,1,1,1,0,,0,,0,,0,,0,
2024-05-09,NEW_YORK_0930,NY_CLOSE_BROKER_CONVENTION,US100,1715272200,2024-05-09T16:30:00,1715272500,1,1,1,1,0,,0,,0,,0,,0,
2024-05-09,NEW_YORK_0930,NY_CLOSE_BROKER_CONVENTION,US30,1715272200,2024-05-09T16:30:00,1715272500,1,1,1,1,0,,0,,0,,0,,0,
2024-05-10,LONDON_0800,ORIGINAL_DIRECT_UTC,US100,1715324400,2024-05-10T07:00:00,1715324700,1,1,1,1,0,,0,,0,,0,,0,
2024-05-10,LONDON_0800,ORIGINAL_DIRECT_UTC,US30,1715324400,2024-05-10T07:00:00,1715324700,0,0,0,0,2,-29 -24,0,,0,,3,11 25 26,0,
2024-05-10,LONDON_0800,NY_CLOSE_BROKER_CONVENTION,US100,1715335200,2024-05-10T10:00:00,1715335500,1,1,1,1,0,,0,,0,,0,,0,
2024-05-10,LONDON_0800,NY_CLOSE_BROKER_CONVENTION,US30,1715335200,2024-05-10T10:00:00,1715335500,1,1,1,1,0,,0,,0,,0,,0,
2024-05-10,NEW_YORK_0930,ORIGINAL_DIRECT_UTC,US100,1715347800,2024-05-10T13:30:00,1715348100,1,1,1,1,0,,0,,0,,0,,0,
2024-05-10,NEW_YORK_0930,ORIGINAL_DIRECT_UTC,US30,1715347800,2024-05-10T13:30:00,1715348100,1,1,1,1,0,,0,,0,,0,,0,
2024-05-10,NEW_YORK_0930,NY_CLOSE_BROKER_CONVENTION,US100,1715358600,2024-05-10T16:30:00,1715358900,1,1,1,1,0,,0,,0,,0,,0,
2024-05-10,NEW_YORK_0930,NY_CLOSE_BROKER_CONVENTION,US30,1715358600,2024-05-10T16:30:00,1715358900,1,1,1,1,0,,0,,0,,0,,0,
2024-05-13,LONDON_0800,ORIGINAL_DIRECT_UTC,US100,1715583600,2024-05-13T07:00:00,1715583900,1,1,1,1,0,,0,,0,,0,,0,
2024-05-13,LONDON_0800,ORIGINAL_DIRECT_UTC,US30,1715583600,2024-05-13T07:00:00,1715583900,1,1,0,0,0,,0,,0,,1,34,0,
2024-05-13,LONDON_0800,NY_CLOSE_BROKER_CONVENTION,US100,1715594400,2024-05-13T10:00:00,1715594700,1,1,1,1,0,,0,,0,,0,,0,
2024-05-13,LONDON_0800,NY_CLOSE_BROKER_CONVENTION,US30,1715594400,2024-05-13T10:00:00,1715594700,1,1,1,1,0,,0,,0,,0,,0,
2024-05-13,NEW_YORK_0930,ORIGINAL_DIRECT_UTC,US100,1715607000,2024-05-13T13:30:00,1715607300,1,1,1,1,0,,0,,0,,0,,0,
2024-05-13,NEW_YORK_0930,ORIGINAL_DIRECT_UTC,US30,1715607000,2024-05-13T13:30:00,1715607300,1,1,1,1,0,,0,,0,,0,,0,
2024-05-13,NEW_YORK_0930,NY_CLOSE_BROKER_CONVENTION,US100,1715617800,2024-05-13T16:30:00,1715618100,1,1,1,1,0,,0,,0,,0,,0,
2024-05-13,NEW_YORK_0930,NY_CLOSE_BROKER_CONVENTION,US30,1715617800,2024-05-13T16:30:00,1715618100,1,1,1,1,0,,0,,0,,0,,0,
2024-05-14,LONDON_0800,ORIGINAL_DIRECT_UTC,US100,1715670000,2024-05-14T07:00:00,1715670300,1,1,1,1,0,,0,,0,,0,,0,
2024-05-14,LONDON_0800,ORIGINAL_DIRECT_UTC,US30,1715670000,2024-05-14T07:00:00,1715670300,1,1,1,1,0,,0,,0,,0,,0,
2024-05-14,LONDON_0800,NY_CLOSE_BROKER_CONVENTION,US100,1715680800,2024-05-14T10:00:00,1715681100,1,1,1,1,0,,0,,0,,0,,0,
2024-05-14,LONDON_0800,NY_CLOSE_BROKER_CONVENTION,US30,1715680800,2024-05-14T10:00:00,1715681100,0,0,0,0,1,-12,0,,0,,0,,0,
2024-05-14,NEW_YORK_0930,ORIGINAL_DIRECT_UTC,US100,1715693400,2024-05-14T13:30:00,1715693700,1,1,1,1,0,,0,,0,,0,,0,
2024-05-14,NEW_YORK_0930,ORIGINAL_DIRECT_UTC,US30,1715693400,2024-05-14T13:30:00,1715693700,1,1,1,1,0,,0,,0,,0,,0,
2024-05-14,NEW_YORK_0930,NY_CLOSE_BROKER_CONVENTION,US100,1715704200,2024-05-14T16:30:00,1715704500,1,1,1,1,0,,0,,0,,0,,0,
2024-05-14,NEW_YORK_0930,NY_CLOSE_BROKER_CONVENTION,US30,1715704200,2024-05-14T16:30:00,1715704500,1,1,1,1,0,,0,,0,,0,,0,
2024-05-15,LONDON_0800,ORIGINAL_DIRECT_UTC,US100,1715756400,2024-05-15T07:00:00,1715756700,1,1,1,1,0,,0,,0,,0,,0,
2024-05-15,LONDON_0800,ORIGINAL_DIRECT_UTC,US30,1715756400,2024-05-15T07:00:00,1715756700,0,0,0,0,1,-1,0,,0,,2,15 24,0,
2024-05-15,LONDON_0800,NY_CLOSE_BROKER_CONVENTION,US100,1715767200,2024-05-15T10:00:00,1715767500,1,1,1,1,0,,0,,0,,0,,0,
2024-05-15,LONDON_0800,NY_CLOSE_BROKER_CONVENTION,US30,1715767200,2024-05-15T10:00:00,1715767500,1,1,1,1,0,,0,,0,,0,,0,
2024-05-15,NEW_YORK_0930,ORIGINAL_DIRECT_UTC,US100,1715779800,2024-05-15T13:30:00,1715780100,1,1,1,1,0,,0,,0,,0,,0,
2024-05-15,NEW_YORK_0930,ORIGINAL_DIRECT_UTC,US30,1715779800,2024-05-15T13:30:00,1715780100,1,1,1,1,0,,0,,0,,0,,0,
2024-05-15,NEW_YORK_0930,NY_CLOSE_BROKER_CONVENTION,US100,1715790600,2024-05-15T16:30:00,1715790900,1,1,1,1,0,,0,,0,,0,,0,
2024-05-15,NEW_YORK_0930,NY_CLOSE_BROKER_CONVENTION,US30,1715790600,2024-05-15T16:30:00,1715790900,1,1,1,1,0,,0,,0,,0,,0,
2024-05-16,LONDON_0800,ORIGINAL_DIRECT_UTC,US100,1715842800,2024-05-16T07:00:00,1715843100,1,1,1,1,0,,0,,0,,0,,0,
2024-05-16,LONDON_0800,ORIGINAL_DIRECT_UTC,US30,1715842800,2024-05-16T07:00:00,1715843100,0,0,0,0,0,,1,4,0,,2,16 33,0,
2024-05-16,LONDON_0800,NY_CLOSE_BROKER_CONVENTION,US100,1715853600,2024-05-16T10:00:00,1715853900,1,1,1,1,0,,0,,0,,0,,0,
2024-05-16,LONDON_0800,NY_CLOSE_BROKER_CONVENTION,US30,1715853600,2024-05-16T10:00:00,1715853900,1,1,1,1,0,,0,,0,,0,,0,
2024-05-16,NEW_YORK_0930,ORIGINAL_DIRECT_UTC,US100,1715866200,2024-05-16T13:30:00,1715866500,1,1,1,1,0,,0,,0,,0,,0,
2024-05-16,NEW_YORK_0930,ORIGINAL_DIRECT_UTC,US30,1715866200,2024-05-16T13:30:00,1715866500,1,1,1,1,0,,0,,0,,0,,0,
2024-05-16,NEW_YORK_0930,NY_CLOSE_BROKER_CONVENTION,US100,1715877000,2024-05-16T16:30:00,1715877300,1,1,1,1,0,,0,,0,,0,,0,
2024-05-16,NEW_YORK_0930,NY_CLOSE_BROKER_CONVENTION,US30,1715877000,2024-05-16T16:30:00,1715877300,1,1,1,1,0,,0,,0,,0,,0,
2024-05-17,LONDON_0800,ORIGINAL_DIRECT_UTC,US100,1715929200,2024-05-17T07:00:00,1715929500,1,1,1,1,0,,0,,0,,0,,0,
2024-05-17,LONDON_0800,ORIGINAL_DIRECT_UTC,US30,1715929200,2024-05-17T07:00:00,1715929500,0,0,0,0,2,-21 -17,1,2,0,,5,21 37 40 46 54,0,
2024-05-17,LONDON_0800,NY_CLOSE_BROKER_CONVENTION,US100,1715940000,2024-05-17T10:00:00,1715940300,1,1,1,1,0,,0,,0,,0,,0,
2024-05-17,LONDON_0800,NY_CLOSE_BROKER_CONVENTION,US30,1715940000,2024-05-17T10:00:00,1715940300,1,1,1,1,0,,0,,0,,0,,0,
2024-05-17,NEW_YORK_0930,ORIGINAL_DIRECT_UTC,US100,1715952600,2024-05-17T13:30:00,1715952900,1,1,1,1,0,,0,,0,,0,,0,
2024-05-17,NEW_YORK_0930,ORIGINAL_DIRECT_UTC,US30,1715952600,2024-05-17T13:30:00,1715952900,1,1,1,1,0,,0,,0,,0,,0,
2024-05-17,NEW_YORK_0930,NY_CLOSE_BROKER_CONVENTION,US100,1715963400,2024-05-17T16:30:00,1715963700,1,1,1,1,0,,0,,0,,0,,0,
2024-05-17,NEW_YORK_0930,NY_CLOSE_BROKER_CONVENTION,US30,1715963400,2024-05-17T16:30:00,1715963700,1,1,1,1,0,,0,,0,,0,,0,
2024-05-20,LONDON_0800,ORIGINAL_DIRECT_UTC,US100,1716188400,2024-05-20T07:00:00,1716188700,1,1,1,1,0,,0,,0,,0,,0,
2024-05-20,LONDON_0800,ORIGINAL_DIRECT_UTC,US30,1716188400,2024-05-20T07:00:00,1716188700,1,1,0,0,0,,0,,0,,4,13 28 56 60,0,
2024-05-20,LONDON_0800,NY_CLOSE_BROKER_CONVENTION,US100,1716199200,2024-05-20T10:00:00,1716199500,1,1,1,1,0,,0,,0,,0,,0,
2024-05-20,LONDON_0800,NY_CLOSE_BROKER_CONVENTION,US30,1716199200,2024-05-20T10:00:00,1716199500,1,1,1,1,0,,0,,0,,0,,0,
2024-05-20,NEW_YORK_0930,ORIGINAL_DIRECT_UTC,US100,1716211800,2024-05-20T13:30:00,1716212100,1,1,1,1,0,,0,,0,,0,,0,
2024-05-20,NEW_YORK_0930,ORIGINAL_DIRECT_UTC,US30,1716211800,2024-05-20T13:30:00,1716212100,1,1,1,1,0,,0,,0,,0,,0,
2024-05-20,NEW_YORK_0930,NY_CLOSE_BROKER_CONVENTION,US100,1716222600,2024-05-20T16:30:00,1716222900,1,1,1,1,0,,0,,0,,0,,0,
2024-05-20,NEW_YORK_0930,NY_CLOSE_BROKER_CONVENTION,US30,1716222600,2024-05-20T16:30:00,1716222900,1,1,1,1,0,,0,,0,,0,,0,
2024-05-21,LONDON_0800,ORIGINAL_DIRECT_UTC,US100,1716274800,2024-05-21T07:00:00,1716275100,1,1,1,1,0,,0,,0,,0,,0,
2024-05-21,LONDON_0800,ORIGINAL_DIRECT_UTC,US30,1716274800,2024-05-21T07:00:00,1716275100,1,1,1,1,0,,0,,0,,0,,0,
2024-05-21,LONDON_0800,NY_CLOSE_BROKER_CONVENTION,US100,1716285600,2024-05-21T10:00:00,1716285900,1,1,1,1,0,,0,,0,,0,,0,
2024-05-21,LONDON_0800,NY_CLOSE_BROKER_CONVENTION,US30,1716285600,2024-05-21T10:00:00,1716285900,1,1,1,1,0,,0,,0,,0,,0,
2024-05-21,NEW_YORK_0930,ORIGINAL_DIRECT_UTC,US100,1716298200,2024-05-21T13:30:00,1716298500,1,1,1,1,0,,0,,0,,0,,0,
2024-05-21,NEW_YORK_0930,ORIGINAL_DIRECT_UTC,US30,1716298200,2024-05-21T13:30:00,1716298500,1,1,1,1,0,,0,,0,,0,,0,
2024-05-21,NEW_YORK_0930,NY_CLOSE_BROKER_CONVENTION,US100,1716309000,2024-05-21T16:30:00,1716309300,1,1,1,1,0,,0,,0,,0,,0,
2024-05-21,NEW_YORK_0930,NY_CLOSE_BROKER_CONVENTION,US30,1716309000,2024-05-21T16:30:00,1716309300,1,1,1,1,0,,0,,0,,0,,0,
2024-05-22,LONDON_0800,ORIGINAL_DIRECT_UTC,US100,1716361200,2024-05-22T07:00:00,1716361500,1,1,0,0,0,,0,,0,,1,20,0,
2024-05-22,LONDON_0800,ORIGINAL_DIRECT_UTC,US30,1716361200,2024-05-22T07:00:00,1716361500,0,0,0,0,2,-21 -11,0,,0,,3,21 45 54,1,69
2024-05-22,LONDON_0800,NY_CLOSE_BROKER_CONVENTION,US100,1716372000,2024-05-22T10:00:00,1716372300,1,1,1,1,0,,0,,0,,0,,0,
2024-05-22,LONDON_0800,NY_CLOSE_BROKER_CONVENTION,US30,1716372000,2024-05-22T10:00:00,1716372300,1,1,1,1,0,,0,,0,,0,,0,
2024-05-22,NEW_YORK_0930,ORIGINAL_DIRECT_UTC,US100,1716384600,2024-05-22T13:30:00,1716384900,1,1,1,1,0,,0,,0,,0,,0,
2024-05-22,NEW_YORK_0930,ORIGINAL_DIRECT_UTC,US30,1716384600,2024-05-22T13:30:00,1716384900,1,1,1,1,0,,0,,0,,0,,0,
2024-05-22,NEW_YORK_0930,NY_CLOSE_BROKER_CONVENTION,US100,1716395400,2024-05-22T16:30:00,1716395700,1,1,1,1,0,,0,,0,,0,,0,
2024-05-22,NEW_YORK_0930,NY_CLOSE_BROKER_CONVENTION,US30,1716395400,2024-05-22T16:30:00,1716395700,1,1,1,1,0,,0,,0,,0,,0,
2024-05-23,LONDON_0800,ORIGINAL_DIRECT_UTC,US100,1716447600,2024-05-23T07:00:00,1716447900,1,1,1,1,0,,0,,0,,0,,0,
2024-05-23,LONDON_0800,ORIGINAL_DIRECT_UTC,US30,1716447600,2024-05-23T07:00:00,1716447900,1,1,0,0,0,,0,,0,,1,29,0,
2024-05-23,LONDON_0800,NY_CLOSE_BROKER_CONVENTION,US100,1716458400,2024-05-23T10:00:00,1716458700,1,1,1,1,0,,0,,0,,0,,0,
2024-05-23,LONDON_0800,NY_CLOSE_BROKER_CONVENTION,US30,1716458400,2024-05-23T10:00:00,1716458700,1,1,1,1,0,,0,,0,,0,,0,
2024-05-23,NEW_YORK_0930,ORIGINAL_DIRECT_UTC,US100,1716471000,2024-05-23T13:30:00,1716471300,1,1,1,1,0,,0,,0,,0,,0,
2024-05-23,NEW_YORK_0930,ORIGINAL_DIRECT_UTC,US30,1716471000,2024-05-23T13:30:00,1716471300,1,1,1,1,0,,0,,0,,0,,0,
2024-05-23,NEW_YORK_0930,NY_CLOSE_BROKER_CONVENTION,US100,1716481800,2024-05-23T16:30:00,1716482100,1,1,1,1,0,,0,,0,,0,,0,
2024-05-23,NEW_YORK_0930,NY_CLOSE_BROKER_CONVENTION,US30,1716481800,2024-05-23T16:30:00,1716482100,1,1,1,1,0,,0,,0,,0,,0,
2024-05-24,LONDON_0800,ORIGINAL_DIRECT_UTC,US100,1716534000,2024-05-24T07:00:00,1716534300,1,1,1,1,0,,0,,0,,0,,0,
2024-05-24,LONDON_0800,ORIGINAL_DIRECT_UTC,US30,1716534000,2024-05-24T07:00:00,1716534300,0,0,0,0,4,-21 -7 -6 -2,1,4,0,,2,18 59,0,
2024-05-24,LONDON_0800,NY_CLOSE_BROKER_CONVENTION,US100,1716544800,2024-05-24T10:00:00,1716545100,1,1,1,1,0,,0,,0,,0,,0,
2024-05-24,LONDON_0800,NY_CLOSE_BROKER_CONVENTION,US30,1716544800,2024-05-24T10:00:00,1716545100,1,1,1,1,0,,0,,0,,0,,0,
2024-05-24,NEW_YORK_0930,ORIGINAL_DIRECT_UTC,US100,1716557400,2024-05-24T13:30:00,1716557700,1,1,1,1,0,,0,,0,,0,,0,
2024-05-24,NEW_YORK_0930,ORIGINAL_DIRECT_UTC,US30,1716557400,2024-05-24T13:30:00,1716557700,1,1,1,1,0,,0,,0,,0,,0,
2024-05-24,NEW_YORK_0930,NY_CLOSE_BROKER_CONVENTION,US100,1716568200,2024-05-24T16:30:00,1716568500,1,1,1,1,0,,0,,0,,0,,0,
2024-05-24,NEW_YORK_0930,NY_CLOSE_BROKER_CONVENTION,US30,1716568200,2024-05-24T16:30:00,1716568500,1,1,1,1,0,,0,,0,,0,,0,
2024-05-27,LONDON_0800,ORIGINAL_DIRECT_UTC,US100,1716793200,2024-05-27T07:00:00,1716793500,1,1,1,1,0,,0,,0,,0,,0,
2024-05-27,LONDON_0800,ORIGINAL_DIRECT_UTC,US30,1716793200,2024-05-27T07:00:00,1716793500,1,1,1,1,0,,0,,0,,0,,0,
2024-05-27,LONDON_0800,NY_CLOSE_BROKER_CONVENTION,US100,1716804000,2024-05-27T10:00:00,1716804300,1,1,1,1,0,,0,,0,,0,,0,
2024-05-27,LONDON_0800,NY_CLOSE_BROKER_CONVENTION,US30,1716804000,2024-05-27T10:00:00,1716804300,1,1,1,1,0,,0,,0,,0,,0,
2024-05-27,NEW_YORK_0930,ORIGINAL_DIRECT_UTC,US100,1716816600,2024-05-27T13:30:00,1716816900,1,1,1,1,0,,0,,0,,0,,0,
2024-05-27,NEW_YORK_0930,ORIGINAL_DIRECT_UTC,US30,1716816600,2024-05-27T13:30:00,1716816900,1,1,1,1,0,,0,,0,,0,,0,
2024-05-27,NEW_YORK_0930,NY_CLOSE_BROKER_CONVENTION,US100,1716827400,2024-05-27T16:30:00,1716827700,1,1,1,1,0,,0,,0,,0,,0,
2024-05-27,NEW_YORK_0930,NY_CLOSE_BROKER_CONVENTION,US30,1716827400,2024-05-27T16:30:00,1716827700,1,1,1,1,0,,0,,0,,0,,0,
2024-05-28,LONDON_0800,ORIGINAL_DIRECT_UTC,US100,1716879600,2024-05-28T07:00:00,1716879900,1,1,1,1,0,,0,,0,,0,,0,
2024-05-28,LONDON_0800,ORIGINAL_DIRECT_UTC,US30,1716879600,2024-05-28T07:00:00,1716879900,1,1,1,1,0,,0,,0,,0,,0,
2024-05-28,LONDON_0800,NY_CLOSE_BROKER_CONVENTION,US100,1716890400,2024-05-28T10:00:00,1716890700,1,1,1,1,0,,0,,0,,0,,0,
2024-05-28,LONDON_0800,NY_CLOSE_BROKER_CONVENTION,US30,1716890400,2024-05-28T10:00:00,1716890700,1,1,1,1,0,,0,,0,,0,,0,
2024-05-28,NEW_YORK_0930,ORIGINAL_DIRECT_UTC,US100,1716903000,2024-05-28T13:30:00,1716903300,1,1,1,1,0,,0,,0,,0,,0,
2024-05-28,NEW_YORK_0930,ORIGINAL_DIRECT_UTC,US30,1716903000,2024-05-28T13:30:00,1716903300,1,1,1,1,0,,0,,0,,0,,0,
2024-05-28,NEW_YORK_0930,NY_CLOSE_BROKER_CONVENTION,US100,1716913800,2024-05-28T16:30:00,1716914100,1,1,1,1,0,,0,,0,,0,,0,
2024-05-28,NEW_YORK_0930,NY_CLOSE_BROKER_CONVENTION,US30,1716913800,2024-05-28T16:30:00,1716914100,1,1,1,1,0,,0,,0,,0,,0,
2024-05-29,LONDON_0800,ORIGINAL_DIRECT_UTC,US100,1716966000,2024-05-29T07:00:00,1716966300,1,1,1,1,0,,0,,0,,0,,0,
2024-05-29,LONDON_0800,ORIGINAL_DIRECT_UTC,US30,1716966000,2024-05-29T07:00:00,1716966300,1,1,1,1,0,,0,,0,,0,,0,
2024-05-29,LONDON_0800,NY_CLOSE_BROKER_CONVENTION,US100,1716976800,2024-05-29T10:00:00,1716977100,1,1,1,1,0,,0,,0,,0,,0,
2024-05-29,LONDON_0800,NY_CLOSE_BROKER_CONVENTION,US30,1716976800,2024-05-29T10:00:00,1716977100,1,1,1,1,0,,0,,0,,0,,0,
2024-05-29,NEW_YORK_0930,ORIGINAL_DIRECT_UTC,US100,1716989400,2024-05-29T13:30:00,1716989700,1,1,1,1,0,,0,,0,,0,,0,
2024-05-29,NEW_YORK_0930,ORIGINAL_DIRECT_UTC,US30,1716989400,2024-05-29T13:30:00,1716989700,1,1,1,1,0,,0,,0,,0,,0,
2024-05-29,NEW_YORK_0930,NY_CLOSE_BROKER_CONVENTION,US100,1717000200,2024-05-29T16:30:00,1717000500,1,1,1,1,0,,0,,0,,0,,0,
2024-05-29,NEW_YORK_0930,NY_CLOSE_BROKER_CONVENTION,US30,1717000200,2024-05-29T16:30:00,1717000500,1,1,1,1,0,,0,,0,,0,,0,
2024-05-30,LONDON_0800,ORIGINAL_DIRECT_UTC,US100,1717052400,2024-05-30T07:00:00,1717052700,1,1,1,1,0,,0,,0,,0,,0,
2024-05-30,LONDON_0800,ORIGINAL_DIRECT_UTC,US30,1717052400,2024-05-30T07:00:00,1717052700,1,1,1,1,0,,0,,0,,0,,0,
2024-05-30,LONDON_0800,NY_CLOSE_BROKER_CONVENTION,US100,1717063200,2024-05-30T10:00:00,1717063500,1,1,1,1,0,,0,,0,,0,,0,
2024-05-30,LONDON_0800,NY_CLOSE_BROKER_CONVENTION,US30,1717063200,2024-05-30T10:00:00,1717063500,1,1,1,1,0,,0,,0,,0,,0,
2024-05-30,NEW_YORK_0930,ORIGINAL_DIRECT_UTC,US100,1717075800,2024-05-30T13:30:00,1717076100,1,1,1,1,0,,0,,0,,0,,0,
2024-05-30,NEW_YORK_0930,ORIGINAL_DIRECT_UTC,US30,1717075800,2024-05-30T13:30:00,1717076100,1,1,1,1,0,,0,,0,,0,,0,
2024-05-30,NEW_YORK_0930,NY_CLOSE_BROKER_CONVENTION,US100,1717086600,2024-05-30T16:30:00,1717086900,1,1,1,1,0,,0,,0,,0,,0,
2024-05-30,NEW_YORK_0930,NY_CLOSE_BROKER_CONVENTION,US30,1717086600,2024-05-30T16:30:00,1717086900,1,1,1,1,0,,0,,0,,0,,0,
2024-05-31,LONDON_0800,ORIGINAL_DIRECT_UTC,US100,1717138800,2024-05-31T07:00:00,1717139100,1,1,1,1,0,,0,,0,,0,,0,
2024-05-31,LONDON_0800,ORIGINAL_DIRECT_UTC,US30,1717138800,2024-05-31T07:00:00,1717139100,1,1,1,1,0,,0,,0,,0,,0,
2024-05-31,LONDON_0800,NY_CLOSE_BROKER_CONVENTION,US100,1717149600,2024-05-31T10:00:00,1717149900,0,0,0,0,30,-30 -29 -28 -27 -26 -25 -24 -23 -22 -21 -20 -19 -18 -17 -16 -15 -14 -13 -12 -11 -10 -9 -8 -7 -6 -5 -4 -3 -2 -1,5,0 1 2 3 4,1,5,39,6 7 8 9 10 11 12 13 14 15 16 17 18 19 20 21 22 23 24 25 26 27 28 29 30 31 32 33 34 35 36 37 38 39 40 41 42 43 44,0,
2024-05-31,LONDON_0800,NY_CLOSE_BROKER_CONVENTION,US30,1717149600,2024-05-31T10:00:00,1717149900,1,1,0,0,0,,0,,0,,18,27 28 29 30 31 32 33 34 35 36 37 38 39 40 41 42 43 44,0,
2024-05-31,NEW_YORK_0930,ORIGINAL_DIRECT_UTC,US100,1717162200,2024-05-31T13:30:00,1717162500,1,1,1,1,0,,0,,0,,0,,0,
2024-05-31,NEW_YORK_0930,ORIGINAL_DIRECT_UTC,US30,1717162200,2024-05-31T13:30:00,1717162500,1,1,1,1,0,,0,,0,,0,,0,
2024-05-31,NEW_YORK_0930,NY_CLOSE_BROKER_CONVENTION,US100,1717173000,2024-05-31T16:30:00,1717173300,1,1,1,1,0,,0,,0,,0,,0,
2024-05-31,NEW_YORK_0930,NY_CLOSE_BROKER_CONVENTION,US30,1717173000,2024-05-31T16:30:00,1717173300,1,1,1,1,0,,0,,0,,0,,0,
2024-06-03,LONDON_0800,ORIGINAL_DIRECT_UTC,US100,1717398000,2024-06-03T07:00:00,1717398300,1,1,1,1,0,,0,,0,,0,,0,
2024-06-03,LONDON_0800,ORIGINAL_DIRECT_UTC,US30,1717398000,2024-06-03T07:00:00,1717398300,1,1,1,1,0,,0,,0,,0,,0,
2024-06-03,LONDON_0800,NY_CLOSE_BROKER_CONVENTION,US100,1717408800,2024-06-03T10:00:00,1717409100,1,1,1,1,0,,0,,0,,0,,0,
2024-06-03,LONDON_0800,NY_CLOSE_BROKER_CONVENTION,US30,1717408800,2024-06-03T10:00:00,1717409100,1,1,1,1,0,,0,,0,,0,,0,
2024-06-03,NEW_YORK_0930,ORIGINAL_DIRECT_UTC,US100,1717421400,2024-06-03T13:30:00,1717421700,1,1,1,1,0,,0,,0,,0,,0,
2024-06-03,NEW_YORK_0930,ORIGINAL_DIRECT_UTC,US30,1717421400,2024-06-03T13:30:00,1717421700,1,1,1,1,0,,0,,0,,0,,0,
2024-06-03,NEW_YORK_0930,NY_CLOSE_BROKER_CONVENTION,US100,1717432200,2024-06-03T16:30:00,1717432500,1,1,1,1,0,,0,,0,,0,,0,
2024-06-03,NEW_YORK_0930,NY_CLOSE_BROKER_CONVENTION,US30,1717432200,2024-06-03T16:30:00,1717432500,1,1,1,1,0,,0,,0,,0,,0,
2024-06-04,LONDON_0800,ORIGINAL_DIRECT_UTC,US100,1717484400,2024-06-04T07:00:00,1717484700,1,1,1,1,0,,0,,0,,0,,0,
2024-06-04,LONDON_0800,ORIGINAL_DIRECT_UTC,US30,1717484400,2024-06-04T07:00:00,1717484700,1,1,1,1,0,,0,,0,,0,,0,
2024-06-04,LONDON_0800,NY_CLOSE_BROKER_CONVENTION,US100,1717495200,2024-06-04T10:00:00,1717495500,1,1,1,1,0,,0,,0,,0,,0,
2024-06-04,LONDON_0800,NY_CLOSE_BROKER_CONVENTION,US30,1717495200,2024-06-04T10:00:00,1717495500,1,1,1,1,0,,0,,0,,0,,0,
2024-06-04,NEW_YORK_0930,ORIGINAL_DIRECT_UTC,US100,1717507800,2024-06-04T13:30:00,1717508100,1,1,1,1,0,,0,,0,,0,,0,
2024-06-04,NEW_YORK_0930,ORIGINAL_DIRECT_UTC,US30,1717507800,2024-06-04T13:30:00,1717508100,1,1,1,1,0,,0,,0,,0,,0,
2024-06-04,NEW_YORK_0930,NY_CLOSE_BROKER_CONVENTION,US100,1717518600,2024-06-04T16:30:00,1717518900,1,1,0,0,0,,0,,0,,7,48 49 50 51 52 53 54,0,
2024-06-04,NEW_YORK_0930,NY_CLOSE_BROKER_CONVENTION,US30,1717518600,2024-06-04T16:30:00,1717518900,1,1,0,0,0,,0,,0,,27,28 29 30 31 32 33 34 35 36 37 38 39 40 41 42 43 44 45 46 47 48 49 50 51 52 53 54,0,
2024-06-05,LONDON_0800,ORIGINAL_DIRECT_UTC,US100,1717570800,2024-06-05T07:00:00,1717571100,1,1,1,1,0,,0,,0,,0,,0,
2024-06-05,LONDON_0800,ORIGINAL_DIRECT_UTC,US30,1717570800,2024-06-05T07:00:00,1717571100,1,1,1,1,0,,0,,0,,0,,0,
2024-06-05,LONDON_0800,NY_CLOSE_BROKER_CONVENTION,US100,1717581600,2024-06-05T10:00:00,1717581900,1,1,1,1,0,,0,,0,,0,,0,
2024-06-05,LONDON_0800,NY_CLOSE_BROKER_CONVENTION,US30,1717581600,2024-06-05T10:00:00,1717581900,1,1,1,1,0,,0,,0,,0,,0,
2024-06-05,NEW_YORK_0930,ORIGINAL_DIRECT_UTC,US100,1717594200,2024-06-05T13:30:00,1717594500,1,1,1,1,0,,0,,0,,0,,0,
2024-06-05,NEW_YORK_0930,ORIGINAL_DIRECT_UTC,US30,1717594200,2024-06-05T13:30:00,1717594500,1,1,1,1,0,,0,,0,,0,,0,
2024-06-05,NEW_YORK_0930,NY_CLOSE_BROKER_CONVENTION,US100,1717605000,2024-06-05T16:30:00,1717605300,1,1,1,1,0,,0,,0,,0,,0,
2024-06-05,NEW_YORK_0930,NY_CLOSE_BROKER_CONVENTION,US30,1717605000,2024-06-05T16:30:00,1717605300,1,1,1,1,0,,0,,0,,0,,0,
2024-06-06,LONDON_0800,ORIGINAL_DIRECT_UTC,US100,1717657200,2024-06-06T07:00:00,1717657500,1,1,1,1,0,,0,,0,,0,,0,
2024-06-06,LONDON_0800,ORIGINAL_DIRECT_UTC,US30,1717657200,2024-06-06T07:00:00,1717657500,1,1,1,1,0,,0,,0,,0,,0,
2024-06-06,LONDON_0800,NY_CLOSE_BROKER_CONVENTION,US100,1717668000,2024-06-06T10:00:00,1717668300,1,1,1,1,0,,0,,0,,0,,0,
2024-06-06,LONDON_0800,NY_CLOSE_BROKER_CONVENTION,US30,1717668000,2024-06-06T10:00:00,1717668300,1,1,1,1,0,,0,,0,,0,,0,
2024-06-06,NEW_YORK_0930,ORIGINAL_DIRECT_UTC,US100,1717680600,2024-06-06T13:30:00,1717680900,1,1,1,1,0,,0,,0,,0,,0,
2024-06-06,NEW_YORK_0930,ORIGINAL_DIRECT_UTC,US30,1717680600,2024-06-06T13:30:00,1717680900,1,1,1,1,0,,0,,0,,0,,0,
2024-06-06,NEW_YORK_0930,NY_CLOSE_BROKER_CONVENTION,US100,1717691400,2024-06-06T16:30:00,1717691700,1,1,1,1,0,,0,,0,,0,,0,
2024-06-06,NEW_YORK_0930,NY_CLOSE_BROKER_CONVENTION,US30,1717691400,2024-06-06T16:30:00,1717691700,1,1,1,1,0,,0,,0,,0,,0,
2024-06-07,LONDON_0800,ORIGINAL_DIRECT_UTC,US100,1717743600,2024-06-07T07:00:00,1717743900,1,1,1,1,0,,0,,0,,0,,0,
2024-06-07,LONDON_0800,ORIGINAL_DIRECT_UTC,US30,1717743600,2024-06-07T07:00:00,1717743900,1,1,1,1,0,,0,,0,,0,,0,
2024-06-07,LONDON_0800,NY_CLOSE_BROKER_CONVENTION,US100,1717754400,2024-06-07T10:00:00,1717754700,1,1,1,1,0,,0,,0,,0,,0,
2024-06-07,LONDON_0800,NY_CLOSE_BROKER_CONVENTION,US30,1717754400,2024-06-07T10:00:00,1717754700,1,1,1,1,0,,0,,0,,0,,0,
2024-06-07,NEW_YORK_0930,ORIGINAL_DIRECT_UTC,US100,1717767000,2024-06-07T13:30:00,1717767300,1,1,1,1,0,,0,,0,,0,,0,
2024-06-07,NEW_YORK_0930,ORIGINAL_DIRECT_UTC,US30,1717767000,2024-06-07T13:30:00,1717767300,1,1,1,1,0,,0,,0,,0,,0,
2024-06-07,NEW_YORK_0930,NY_CLOSE_BROKER_CONVENTION,US100,1717777800,2024-06-07T16:30:00,1717778100,1,1,1,1,0,,0,,0,,0,,0,
2024-06-07,NEW_YORK_0930,NY_CLOSE_BROKER_CONVENTION,US30,1717777800,2024-06-07T16:30:00,1717778100,1,1,1,1,0,,0,,0,,0,,0,
2024-06-10,LONDON_0800,ORIGINAL_DIRECT_UTC,US100,1718002800,2024-06-10T07:00:00,1718003100,1,1,1,1,0,,0,,0,,0,,0,
2024-06-10,LONDON_0800,ORIGINAL_DIRECT_UTC,US30,1718002800,2024-06-10T07:00:00,1718003100,1,1,1,1,0,,0,,0,,0,,0,
2024-06-10,LONDON_0800,NY_CLOSE_BROKER_CONVENTION,US100,1718013600,2024-06-10T10:00:00,1718013900,1,1,1,1,0,,0,,0,,0,,0,
2024-06-10,LONDON_0800,NY_CLOSE_BROKER_CONVENTION,US30,1718013600,2024-06-10T10:00:00,1718013900,1,1,1,1,0,,0,,0,,0,,0,
2024-06-10,NEW_YORK_0930,ORIGINAL_DIRECT_UTC,US100,1718026200,2024-06-10T13:30:00,1718026500,1,1,1,1,0,,0,,0,,0,,0,
2024-06-10,NEW_YORK_0930,ORIGINAL_DIRECT_UTC,US30,1718026200,2024-06-10T13:30:00,1718026500,1,1,1,1,0,,0,,0,,0,,0,
2024-06-10,NEW_YORK_0930,NY_CLOSE_BROKER_CONVENTION,US100,1718037000,2024-06-10T16:30:00,1718037300,1,1,1,1,0,,0,,0,,0,,0,
2024-06-10,NEW_YORK_0930,NY_CLOSE_BROKER_CONVENTION,US30,1718037000,2024-06-10T16:30:00,1718037300,1,1,1,1,0,,0,,0,,0,,0,
2024-06-11,LONDON_0800,ORIGINAL_DIRECT_UTC,US100,1718089200,2024-06-11T07:00:00,1718089500,1,1,1,1,0,,0,,0,,0,,0,
2024-06-11,LONDON_0800,ORIGINAL_DIRECT_UTC,US30,1718089200,2024-06-11T07:00:00,1718089500,1,1,1,1,0,,0,,0,,0,,0,
2024-06-11,LONDON_0800,NY_CLOSE_BROKER_CONVENTION,US100,1718100000,2024-06-11T10:00:00,1718100300,1,1,1,1,0,,0,,0,,0,,0,
2024-06-11,LONDON_0800,NY_CLOSE_BROKER_CONVENTION,US30,1718100000,2024-06-11T10:00:00,1718100300,1,1,1,1,0,,0,,0,,0,,0,
2024-06-11,NEW_YORK_0930,ORIGINAL_DIRECT_UTC,US100,1718112600,2024-06-11T13:30:00,1718112900,1,1,1,1,0,,0,,0,,0,,0,
2024-06-11,NEW_YORK_0930,ORIGINAL_DIRECT_UTC,US30,1718112600,2024-06-11T13:30:00,1718112900,1,1,1,1,0,,0,,0,,0,,0,
2024-06-11,NEW_YORK_0930,NY_CLOSE_BROKER_CONVENTION,US100,1718123400,2024-06-11T16:30:00,1718123700,1,1,1,1,0,,0,,0,,0,,0,
2024-06-11,NEW_YORK_0930,NY_CLOSE_BROKER_CONVENTION,US30,1718123400,2024-06-11T16:30:00,1718123700,1,1,1,1,0,,0,,0,,0,,0,
2024-06-12,LONDON_0800,ORIGINAL_DIRECT_UTC,US100,1718175600,2024-06-12T07:00:00,1718175900,1,1,1,1,0,,0,,0,,0,,0,
2024-06-12,LONDON_0800,ORIGINAL_DIRECT_UTC,US30,1718175600,2024-06-12T07:00:00,1718175900,1,1,1,1,0,,0,,0,,0,,0,
2024-06-12,LONDON_0800,NY_CLOSE_BROKER_CONVENTION,US100,1718186400,2024-06-12T10:00:00,1718186700,1,1,1,1,0,,0,,0,,0,,0,
2024-06-12,LONDON_0800,NY_CLOSE_BROKER_CONVENTION,US30,1718186400,2024-06-12T10:00:00,1718186700,1,1,1,1,0,,0,,0,,0,,0,
2024-06-12,NEW_YORK_0930,ORIGINAL_DIRECT_UTC,US100,1718199000,2024-06-12T13:30:00,1718199300,1,1,1,1,0,,0,,0,,0,,0,
2024-06-12,NEW_YORK_0930,ORIGINAL_DIRECT_UTC,US30,1718199000,2024-06-12T13:30:00,1718199300,1,1,1,1,0,,0,,0,,0,,0,
2024-06-12,NEW_YORK_0930,NY_CLOSE_BROKER_CONVENTION,US100,1718209800,2024-06-12T16:30:00,1718210100,1,1,1,1,0,,0,,0,,0,,0,
2024-06-12,NEW_YORK_0930,NY_CLOSE_BROKER_CONVENTION,US30,1718209800,2024-06-12T16:30:00,1718210100,1,1,1,1,0,,0,,0,,0,,0,
2024-06-13,LONDON_0800,ORIGINAL_DIRECT_UTC,US100,1718262000,2024-06-13T07:00:00,1718262300,1,1,1,1,0,,0,,0,,0,,0,
2024-06-13,LONDON_0800,ORIGINAL_DIRECT_UTC,US30,1718262000,2024-06-13T07:00:00,1718262300,1,1,1,1,0,,0,,0,,0,,0,
2024-06-13,LONDON_0800,NY_CLOSE_BROKER_CONVENTION,US100,1718272800,2024-06-13T10:00:00,1718273100,1,1,1,1,0,,0,,0,,0,,0,
2024-06-13,LONDON_0800,NY_CLOSE_BROKER_CONVENTION,US30,1718272800,2024-06-13T10:00:00,1718273100,1,1,1,1,0,,0,,0,,0,,0,
2024-06-13,NEW_YORK_0930,ORIGINAL_DIRECT_UTC,US100,1718285400,2024-06-13T13:30:00,1718285700,1,1,1,1,0,,0,,0,,0,,0,
2024-06-13,NEW_YORK_0930,ORIGINAL_DIRECT_UTC,US30,1718285400,2024-06-13T13:30:00,1718285700,1,1,1,1,0,,0,,0,,0,,0,
2024-06-13,NEW_YORK_0930,NY_CLOSE_BROKER_CONVENTION,US100,1718296200,2024-06-13T16:30:00,1718296500,1,1,1,1,0,,0,,0,,0,,0,
2024-06-13,NEW_YORK_0930,NY_CLOSE_BROKER_CONVENTION,US30,1718296200,2024-06-13T16:30:00,1718296500,1,1,1,1,0,,0,,0,,0,,0,
2024-06-14,LONDON_0800,ORIGINAL_DIRECT_UTC,US100,1718348400,2024-06-14T07:00:00,1718348700,1,1,1,1,0,,0,,0,,0,,0,
2024-06-14,LONDON_0800,ORIGINAL_DIRECT_UTC,US30,1718348400,2024-06-14T07:00:00,1718348700,1,1,1,1,0,,0,,0,,0,,0,
2024-06-14,LONDON_0800,NY_CLOSE_BROKER_CONVENTION,US100,1718359200,2024-06-14T10:00:00,1718359500,1,1,1,1,0,,0,,0,,0,,0,
2024-06-14,LONDON_0800,NY_CLOSE_BROKER_CONVENTION,US30,1718359200,2024-06-14T10:00:00,1718359500,1,1,1,1,0,,0,,0,,0,,0,
2024-06-14,NEW_YORK_0930,ORIGINAL_DIRECT_UTC,US100,1718371800,2024-06-14T13:30:00,1718372100,1,1,1,1,0,,0,,0,,0,,0,
2024-06-14,NEW_YORK_0930,ORIGINAL_DIRECT_UTC,US30,1718371800,2024-06-14T13:30:00,1718372100,1,1,1,1,0,,0,,0,,0,,0,
2024-06-14,NEW_YORK_0930,NY_CLOSE_BROKER_CONVENTION,US100,1718382600,2024-06-14T16:30:00,1718382900,1,1,1,1,0,,0,,0,,0,,0,
2024-06-14,NEW_YORK_0930,NY_CLOSE_BROKER_CONVENTION,US30,1718382600,2024-06-14T16:30:00,1718382900,1,1,1,1,0,,0,,0,,0,,0,
2024-06-17,LONDON_0800,ORIGINAL_DIRECT_UTC,US100,1718607600,2024-06-17T07:00:00,1718607900,1,1,1,1,0,,0,,0,,0,,0,
2024-06-17,LONDON_0800,ORIGINAL_DIRECT_UTC,US30,1718607600,2024-06-17T07:00:00,1718607900,1,1,1,1,0,,0,,0,,0,,0,
2024-06-17,LONDON_0800,NY_CLOSE_BROKER_CONVENTION,US100,1718618400,2024-06-17T10:00:00,1718618700,1,1,1,1,0,,0,,0,,0,,0,
2024-06-17,LONDON_0800,NY_CLOSE_BROKER_CONVENTION,US30,1718618400,2024-06-17T10:00:00,1718618700,1,1,1,1,0,,0,,0,,0,,0,
2024-06-17,NEW_YORK_0930,ORIGINAL_DIRECT_UTC,US100,1718631000,2024-06-17T13:30:00,1718631300,1,1,1,1,0,,0,,0,,0,,0,
2024-06-17,NEW_YORK_0930,ORIGINAL_DIRECT_UTC,US30,1718631000,2024-06-17T13:30:00,1718631300,1,1,1,1,0,,0,,0,,0,,0,
2024-06-17,NEW_YORK_0930,NY_CLOSE_BROKER_CONVENTION,US100,1718641800,2024-06-17T16:30:00,1718642100,1,1,1,1,0,,0,,0,,0,,0,
2024-06-17,NEW_YORK_0930,NY_CLOSE_BROKER_CONVENTION,US30,1718641800,2024-06-17T16:30:00,1718642100,1,1,1,1,0,,0,,0,,0,,0,
2024-06-18,LONDON_0800,ORIGINAL_DIRECT_UTC,US100,1718694000,2024-06-18T07:00:00,1718694300,1,1,1,1,0,,0,,0,,0,,0,
2024-06-18,LONDON_0800,ORIGINAL_DIRECT_UTC,US30,1718694000,2024-06-18T07:00:00,1718694300,1,1,1,1,0,,0,,0,,0,,0,
2024-06-18,LONDON_0800,NY_CLOSE_BROKER_CONVENTION,US100,1718704800,2024-06-18T10:00:00,1718705100,1,1,1,1,0,,0,,0,,0,,0,
2024-06-18,LONDON_0800,NY_CLOSE_BROKER_CONVENTION,US30,1718704800,2024-06-18T10:00:00,1718705100,1,1,1,1,0,,0,,0,,0,,0,
2024-06-18,NEW_YORK_0930,ORIGINAL_DIRECT_UTC,US100,1718717400,2024-06-18T13:30:00,1718717700,1,1,1,1,0,,0,,0,,0,,0,
2024-06-18,NEW_YORK_0930,ORIGINAL_DIRECT_UTC,US30,1718717400,2024-06-18T13:30:00,1718717700,1,1,1,1,0,,0,,0,,0,,0,
2024-06-18,NEW_YORK_0930,NY_CLOSE_BROKER_CONVENTION,US100,1718728200,2024-06-18T16:30:00,1718728500,1,1,1,1,0,,0,,0,,0,,0,
2024-06-18,NEW_YORK_0930,NY_CLOSE_BROKER_CONVENTION,US30,1718728200,2024-06-18T16:30:00,1718728500,1,1,1,1,0,,0,,0,,0,,0,
2024-06-19,LONDON_0800,ORIGINAL_DIRECT_UTC,US100,1718780400,2024-06-19T07:00:00,1718780700,1,1,1,1,0,,0,,0,,0,,0,
2024-06-19,LONDON_0800,ORIGINAL_DIRECT_UTC,US30,1718780400,2024-06-19T07:00:00,1718780700,1,1,1,1,0,,0,,0,,0,,0,
2024-06-19,LONDON_0800,NY_CLOSE_BROKER_CONVENTION,US100,1718791200,2024-06-19T10:00:00,1718791500,1,1,1,1,0,,0,,0,,0,,0,
2024-06-19,LONDON_0800,NY_CLOSE_BROKER_CONVENTION,US30,1718791200,2024-06-19T10:00:00,1718791500,1,1,1,1,0,,0,,0,,0,,0,
2024-06-19,NEW_YORK_0930,ORIGINAL_DIRECT_UTC,US100,1718803800,2024-06-19T13:30:00,1718804100,1,1,1,1,0,,0,,0,,0,,0,
2024-06-19,NEW_YORK_0930,ORIGINAL_DIRECT_UTC,US30,1718803800,2024-06-19T13:30:00,1718804100,1,1,1,1,0,,0,,0,,0,,0,
2024-06-19,NEW_YORK_0930,NY_CLOSE_BROKER_CONVENTION,US100,1718814600,2024-06-19T16:30:00,1718814900,1,1,1,1,0,,0,,0,,0,,0,
2024-06-19,NEW_YORK_0930,NY_CLOSE_BROKER_CONVENTION,US30,1718814600,2024-06-19T16:30:00,1718814900,1,1,1,1,0,,0,,0,,0,,0,
2024-06-20,LONDON_0800,ORIGINAL_DIRECT_UTC,US100,1718866800,2024-06-20T07:00:00,1718867100,1,1,1,1,0,,0,,0,,0,,0,
2024-06-20,LONDON_0800,ORIGINAL_DIRECT_UTC,US30,1718866800,2024-06-20T07:00:00,1718867100,1,1,1,1,0,,0,,0,,0,,0,
2024-06-20,LONDON_0800,NY_CLOSE_BROKER_CONVENTION,US100,1718877600,2024-06-20T10:00:00,1718877900,1,1,1,1,0,,0,,0,,0,,0,
2024-06-20,LONDON_0800,NY_CLOSE_BROKER_CONVENTION,US30,1718877600,2024-06-20T10:00:00,1718877900,1,1,1,1,0,,0,,0,,0,,0,
2024-06-20,NEW_YORK_0930,ORIGINAL_DIRECT_UTC,US100,1718890200,2024-06-20T13:30:00,1718890500,1,1,1,1,0,,0,,0,,0,,0,
2024-06-20,NEW_YORK_0930,ORIGINAL_DIRECT_UTC,US30,1718890200,2024-06-20T13:30:00,1718890500,1,1,1,1,0,,0,,0,,0,,0,
2024-06-20,NEW_YORK_0930,NY_CLOSE_BROKER_CONVENTION,US100,1718901000,2024-06-20T16:30:00,1718901300,1,1,1,1,0,,0,,0,,0,,0,
2024-06-20,NEW_YORK_0930,NY_CLOSE_BROKER_CONVENTION,US30,1718901000,2024-06-20T16:30:00,1718901300,1,1,1,1,0,,0,,0,,0,,0,
2024-06-21,LONDON_0800,ORIGINAL_DIRECT_UTC,US100,1718953200,2024-06-21T07:00:00,1718953500,1,1,1,1,0,,0,,0,,0,,0,
2024-06-21,LONDON_0800,ORIGINAL_DIRECT_UTC,US30,1718953200,2024-06-21T07:00:00,1718953500,1,1,1,1,0,,0,,0,,0,,0,
2024-06-21,LONDON_0800,NY_CLOSE_BROKER_CONVENTION,US100,1718964000,2024-06-21T10:00:00,1718964300,1,1,1,1,0,,0,,0,,0,,0,
2024-06-21,LONDON_0800,NY_CLOSE_BROKER_CONVENTION,US30,1718964000,2024-06-21T10:00:00,1718964300,1,1,1,1,0,,0,,0,,0,,0,
2024-06-21,NEW_YORK_0930,ORIGINAL_DIRECT_UTC,US100,1718976600,2024-06-21T13:30:00,1718976900,1,1,1,1,0,,0,,0,,0,,0,
2024-06-21,NEW_YORK_0930,ORIGINAL_DIRECT_UTC,US30,1718976600,2024-06-21T13:30:00,1718976900,1,1,1,1,0,,0,,0,,0,,0,
2024-06-21,NEW_YORK_0930,NY_CLOSE_BROKER_CONVENTION,US100,1718987400,2024-06-21T16:30:00,1718987700,1,1,1,1,0,,0,,0,,0,,0,
2024-06-21,NEW_YORK_0930,NY_CLOSE_BROKER_CONVENTION,US30,1718987400,2024-06-21T16:30:00,1718987700,1,1,1,1,0,,0,,0,,0,,0,
2024-06-24,LONDON_0800,ORIGINAL_DIRECT_UTC,US100,1719212400,2024-06-24T07:00:00,1719212700,1,1,1,1,0,,0,,0,,0,,0,
2024-06-24,LONDON_0800,ORIGINAL_DIRECT_UTC,US30,1719212400,2024-06-24T07:00:00,1719212700,1,1,1,1,0,,0,,0,,0,,0,
2024-06-24,LONDON_0800,NY_CLOSE_BROKER_CONVENTION,US100,1719223200,2024-06-24T10:00:00,1719223500,1,1,1,1,0,,0,,0,,0,,0,
2024-06-24,LONDON_0800,NY_CLOSE_BROKER_CONVENTION,US30,1719223200,2024-06-24T10:00:00,1719223500,1,1,1,1,0,,0,,0,,0,,0,
2024-06-24,NEW_YORK_0930,ORIGINAL_DIRECT_UTC,US100,1719235800,2024-06-24T13:30:00,1719236100,1,1,1,1,0,,0,,0,,0,,0,
2024-06-24,NEW_YORK_0930,ORIGINAL_DIRECT_UTC,US30,1719235800,2024-06-24T13:30:00,1719236100,1,1,1,1,0,,0,,0,,0,,0,
2024-06-24,NEW_YORK_0930,NY_CLOSE_BROKER_CONVENTION,US100,1719246600,2024-06-24T16:30:00,1719246900,1,1,1,1,0,,0,,0,,0,,0,
2024-06-24,NEW_YORK_0930,NY_CLOSE_BROKER_CONVENTION,US30,1719246600,2024-06-24T16:30:00,1719246900,1,1,1,1,0,,0,,0,,0,,0,
2024-06-25,LONDON_0800,ORIGINAL_DIRECT_UTC,US100,1719298800,2024-06-25T07:00:00,1719299100,1,1,1,1,0,,0,,0,,0,,0,
2024-06-25,LONDON_0800,ORIGINAL_DIRECT_UTC,US30,1719298800,2024-06-25T07:00:00,1719299100,1,1,1,1,0,,0,,0,,0,,0,
2024-06-25,LONDON_0800,NY_CLOSE_BROKER_CONVENTION,US100,1719309600,2024-06-25T10:00:00,1719309900,1,1,1,1,0,,0,,0,,0,,0,
2024-06-25,LONDON_0800,NY_CLOSE_BROKER_CONVENTION,US30,1719309600,2024-06-25T10:00:00,1719309900,1,1,1,1,0,,0,,0,,0,,0,
2024-06-25,NEW_YORK_0930,ORIGINAL_DIRECT_UTC,US100,1719322200,2024-06-25T13:30:00,1719322500,1,1,1,1,0,,0,,0,,0,,0,
2024-06-25,NEW_YORK_0930,ORIGINAL_DIRECT_UTC,US30,1719322200,2024-06-25T13:30:00,1719322500,1,1,1,1,0,,0,,0,,0,,0,
2024-06-25,NEW_YORK_0930,NY_CLOSE_BROKER_CONVENTION,US100,1719333000,2024-06-25T16:30:00,1719333300,1,1,1,1,0,,0,,0,,0,,0,
2024-06-25,NEW_YORK_0930,NY_CLOSE_BROKER_CONVENTION,US30,1719333000,2024-06-25T16:30:00,1719333300,1,1,1,1,0,,0,,0,,0,,0,
2024-06-26,LONDON_0800,ORIGINAL_DIRECT_UTC,US100,1719385200,2024-06-26T07:00:00,1719385500,1,1,1,1,0,,0,,0,,0,,0,
2024-06-26,LONDON_0800,ORIGINAL_DIRECT_UTC,US30,1719385200,2024-06-26T07:00:00,1719385500,1,1,1,1,0,,0,,0,,0,,0,
2024-06-26,LONDON_0800,NY_CLOSE_BROKER_CONVENTION,US100,1719396000,2024-06-26T10:00:00,1719396300,1,1,1,1,0,,0,,0,,0,,0,
2024-06-26,LONDON_0800,NY_CLOSE_BROKER_CONVENTION,US30,1719396000,2024-06-26T10:00:00,1719396300,1,1,1,1,0,,0,,0,,0,,0,
2024-06-26,NEW_YORK_0930,ORIGINAL_DIRECT_UTC,US100,1719408600,2024-06-26T13:30:00,1719408900,1,1,1,1,0,,0,,0,,0,,0,
2024-06-26,NEW_YORK_0930,ORIGINAL_DIRECT_UTC,US30,1719408600,2024-06-26T13:30:00,1719408900,1,1,1,1,0,,0,,0,,0,,0,
2024-06-26,NEW_YORK_0930,NY_CLOSE_BROKER_CONVENTION,US100,1719419400,2024-06-26T16:30:00,1719419700,1,1,1,1,0,,0,,0,,0,,0,
2024-06-26,NEW_YORK_0930,NY_CLOSE_BROKER_CONVENTION,US30,1719419400,2024-06-26T16:30:00,1719419700,1,1,1,1,0,,0,,0,,0,,0,
2024-06-27,LONDON_0800,ORIGINAL_DIRECT_UTC,US100,1719471600,2024-06-27T07:00:00,1719471900,1,1,1,1,0,,0,,0,,0,,0,
2024-06-27,LONDON_0800,ORIGINAL_DIRECT_UTC,US30,1719471600,2024-06-27T07:00:00,1719471900,1,1,1,1,0,,0,,0,,0,,0,
2024-06-27,LONDON_0800,NY_CLOSE_BROKER_CONVENTION,US100,1719482400,2024-06-27T10:00:00,1719482700,1,1,1,1,0,,0,,0,,0,,0,
2024-06-27,LONDON_0800,NY_CLOSE_BROKER_CONVENTION,US30,1719482400,2024-06-27T10:00:00,1719482700,1,1,1,1,0,,0,,0,,0,,0,
2024-06-27,NEW_YORK_0930,ORIGINAL_DIRECT_UTC,US100,1719495000,2024-06-27T13:30:00,1719495300,1,1,1,1,0,,0,,0,,0,,0,
2024-06-27,NEW_YORK_0930,ORIGINAL_DIRECT_UTC,US30,1719495000,2024-06-27T13:30:00,1719495300,1,1,1,1,0,,0,,0,,0,,0,
2024-06-27,NEW_YORK_0930,NY_CLOSE_BROKER_CONVENTION,US100,1719505800,2024-06-27T16:30:00,1719506100,1,1,1,1,0,,0,,0,,0,,0,
2024-06-27,NEW_YORK_0930,NY_CLOSE_BROKER_CONVENTION,US30,1719505800,2024-06-27T16:30:00,1719506100,1,1,1,1,0,,0,,0,,0,,0,
2024-06-28,LONDON_0800,ORIGINAL_DIRECT_UTC,US100,1719558000,2024-06-28T07:00:00,1719558300,1,1,1,1,0,,0,,0,,0,,0,
2024-06-28,LONDON_0800,ORIGINAL_DIRECT_UTC,US30,1719558000,2024-06-28T07:00:00,1719558300,1,1,1,1,0,,0,,0,,0,,0,
2024-06-28,LONDON_0800,NY_CLOSE_BROKER_CONVENTION,US100,1719568800,2024-06-28T10:00:00,1719569100,1,1,1,1,0,,0,,0,,0,,0,
2024-06-28,LONDON_0800,NY_CLOSE_BROKER_CONVENTION,US30,1719568800,2024-06-28T10:00:00,1719569100,1,1,1,1,0,,0,,0,,0,,0,
2024-06-28,NEW_YORK_0930,ORIGINAL_DIRECT_UTC,US100,1719581400,2024-06-28T13:30:00,1719581700,1,1,1,1,0,,0,,0,,0,,0,
2024-06-28,NEW_YORK_0930,ORIGINAL_DIRECT_UTC,US30,1719581400,2024-06-28T13:30:00,1719581700,1,1,1,1,0,,0,,0,,0,,0,
2024-06-28,NEW_YORK_0930,NY_CLOSE_BROKER_CONVENTION,US100,1719592200,2024-06-28T16:30:00,1719592500,1,1,1,1,0,,0,,0,,0,,0,
2024-06-28,NEW_YORK_0930,NY_CLOSE_BROKER_CONVENTION,US30,1719592200,2024-06-28T16:30:00,1719592500,1,1,1,1,0,,0,,0,,0,,0,
2024-07-01,LONDON_0800,ORIGINAL_DIRECT_UTC,US100,1719817200,2024-07-01T07:00:00,1719817500,1,1,1,1,0,,0,,0,,0,,0,
2024-07-01,LONDON_0800,ORIGINAL_DIRECT_UTC,US30,1719817200,2024-07-01T07:00:00,1719817500,1,1,1,1,0,,0,,0,,0,,0,
2024-07-01,LONDON_0800,NY_CLOSE_BROKER_CONVENTION,US100,1719828000,2024-07-01T10:00:00,1719828300,1,1,1,1,0,,0,,0,,0,,0,
2024-07-01,LONDON_0800,NY_CLOSE_BROKER_CONVENTION,US30,1719828000,2024-07-01T10:00:00,1719828300,1,1,1,1,0,,0,,0,,0,,0,
2024-07-01,NEW_YORK_0930,ORIGINAL_DIRECT_UTC,US100,1719840600,2024-07-01T13:30:00,1719840900,1,1,1,1,0,,0,,0,,0,,0,
2024-07-01,NEW_YORK_0930,ORIGINAL_DIRECT_UTC,US30,1719840600,2024-07-01T13:30:00,1719840900,1,1,1,1,0,,0,,0,,0,,0,
2024-07-01,NEW_YORK_0930,NY_CLOSE_BROKER_CONVENTION,US100,1719851400,2024-07-01T16:30:00,1719851700,1,1,1,1,0,,0,,0,,0,,0,
2024-07-01,NEW_YORK_0930,NY_CLOSE_BROKER_CONVENTION,US30,1719851400,2024-07-01T16:30:00,1719851700,1,1,1,1,0,,0,,0,,0,,0,
2024-07-02,LONDON_0800,ORIGINAL_DIRECT_UTC,US100,1719903600,2024-07-02T07:00:00,1719903900,1,1,1,1,0,,0,,0,,0,,0,
2024-07-02,LONDON_0800,ORIGINAL_DIRECT_UTC,US30,1719903600,2024-07-02T07:00:00,1719903900,1,1,1,1,0,,0,,0,,0,,0,
2024-07-02,LONDON_0800,NY_CLOSE_BROKER_CONVENTION,US100,1719914400,2024-07-02T10:00:00,1719914700,1,1,1,1,0,,0,,0,,0,,0,
2024-07-02,LONDON_0800,NY_CLOSE_BROKER_CONVENTION,US30,1719914400,2024-07-02T10:00:00,1719914700,1,1,1,1,0,,0,,0,,0,,0,
2024-07-02,NEW_YORK_0930,ORIGINAL_DIRECT_UTC,US100,1719927000,2024-07-02T13:30:00,1719927300,1,1,1,1,0,,0,,0,,0,,0,
2024-07-02,NEW_YORK_0930,ORIGINAL_DIRECT_UTC,US30,1719927000,2024-07-02T13:30:00,1719927300,1,1,1,1,0,,0,,0,,0,,0,
2024-07-02,NEW_YORK_0930,NY_CLOSE_BROKER_CONVENTION,US100,1719937800,2024-07-02T16:30:00,1719938100,1,1,1,1,0,,0,,0,,0,,0,
2024-07-02,NEW_YORK_0930,NY_CLOSE_BROKER_CONVENTION,US30,1719937800,2024-07-02T16:30:00,1719938100,1,1,1,1,0,,0,,0,,0,,0,
2024-07-03,LONDON_0800,ORIGINAL_DIRECT_UTC,US100,1719990000,2024-07-03T07:00:00,1719990300,1,1,1,1,0,,0,,0,,0,,0,
2024-07-03,LONDON_0800,ORIGINAL_DIRECT_UTC,US30,1719990000,2024-07-03T07:00:00,1719990300,1,1,1,1,0,,0,,0,,0,,0,
2024-07-03,LONDON_0800,NY_CLOSE_BROKER_CONVENTION,US100,1720000800,2024-07-03T10:00:00,1720001100,1,1,1,1,0,,0,,0,,0,,0,
2024-07-03,LONDON_0800,NY_CLOSE_BROKER_CONVENTION,US30,1720000800,2024-07-03T10:00:00,1720001100,1,1,1,1,0,,0,,0,,0,,0,
2024-07-03,NEW_YORK_0930,ORIGINAL_DIRECT_UTC,US100,1720013400,2024-07-03T13:30:00,1720013700,1,1,1,1,0,,0,,0,,0,,0,
2024-07-03,NEW_YORK_0930,ORIGINAL_DIRECT_UTC,US30,1720013400,2024-07-03T13:30:00,1720013700,1,1,1,1,0,,0,,0,,0,,0,
2024-07-03,NEW_YORK_0930,NY_CLOSE_BROKER_CONVENTION,US100,1720024200,2024-07-03T16:30:00,1720024500,1,1,1,1,0,,0,,0,,0,,0,
2024-07-03,NEW_YORK_0930,NY_CLOSE_BROKER_CONVENTION,US30,1720024200,2024-07-03T16:30:00,1720024500,1,1,1,1,0,,0,,0,,0,,0,
2024-07-04,LONDON_0800,ORIGINAL_DIRECT_UTC,US100,1720076400,2024-07-04T07:00:00,1720076700,1,1,1,1,0,,0,,0,,0,,0,
2024-07-04,LONDON_0800,ORIGINAL_DIRECT_UTC,US30,1720076400,2024-07-04T07:00:00,1720076700,1,1,1,1,0,,0,,0,,0,,0,
2024-07-04,LONDON_0800,NY_CLOSE_BROKER_CONVENTION,US100,1720087200,2024-07-04T10:00:00,1720087500,1,1,1,1,0,,0,,0,,0,,0,
2024-07-04,LONDON_0800,NY_CLOSE_BROKER_CONVENTION,US30,1720087200,2024-07-04T10:00:00,1720087500,1,1,1,1,0,,0,,0,,0,,0,
2024-07-04,NEW_YORK_0930,ORIGINAL_DIRECT_UTC,US100,1720099800,2024-07-04T13:30:00,1720100100,1,1,1,1,0,,0,,0,,0,,0,
2024-07-04,NEW_YORK_0930,ORIGINAL_DIRECT_UTC,US30,1720099800,2024-07-04T13:30:00,1720100100,1,1,1,1,0,,0,,0,,0,,0,
2024-07-04,NEW_YORK_0930,NY_CLOSE_BROKER_CONVENTION,US100,1720110600,2024-07-04T16:30:00,1720110900,1,1,1,1,0,,0,,0,,0,,0,
2024-07-04,NEW_YORK_0930,NY_CLOSE_BROKER_CONVENTION,US30,1720110600,2024-07-04T16:30:00,1720110900,1,1,1,1,0,,0,,0,,0,,0,
2024-07-05,LONDON_0800,ORIGINAL_DIRECT_UTC,US100,1720162800,2024-07-05T07:00:00,1720163100,1,1,1,1,0,,0,,0,,0,,0,
2024-07-05,LONDON_0800,ORIGINAL_DIRECT_UTC,US30,1720162800,2024-07-05T07:00:00,1720163100,1,1,1,1,0,,0,,0,,0,,0,
2024-07-05,LONDON_0800,NY_CLOSE_BROKER_CONVENTION,US100,1720173600,2024-07-05T10:00:00,1720173900,1,1,1,1,0,,0,,0,,0,,0,
2024-07-05,LONDON_0800,NY_CLOSE_BROKER_CONVENTION,US30,1720173600,2024-07-05T10:00:00,1720173900,1,1,1,1,0,,0,,0,,0,,0,
2024-07-05,NEW_YORK_0930,ORIGINAL_DIRECT_UTC,US100,1720186200,2024-07-05T13:30:00,1720186500,1,1,1,1,0,,0,,0,,0,,0,
2024-07-05,NEW_YORK_0930,ORIGINAL_DIRECT_UTC,US30,1720186200,2024-07-05T13:30:00,1720186500,1,1,1,1,0,,0,,0,,0,,0,
2024-07-05,NEW_YORK_0930,NY_CLOSE_BROKER_CONVENTION,US100,1720197000,2024-07-05T16:30:00,1720197300,1,1,1,1,0,,0,,0,,0,,0,
2024-07-05,NEW_YORK_0930,NY_CLOSE_BROKER_CONVENTION,US30,1720197000,2024-07-05T16:30:00,1720197300,1,1,1,1,0,,0,,0,,0,,0,
2024-07-08,LONDON_0800,ORIGINAL_DIRECT_UTC,US100,1720422000,2024-07-08T07:00:00,1720422300,1,1,1,1,0,,0,,0,,0,,0,
2024-07-08,LONDON_0800,ORIGINAL_DIRECT_UTC,US30,1720422000,2024-07-08T07:00:00,1720422300,1,1,1,1,0,,0,,0,,0,,0,
2024-07-08,LONDON_0800,NY_CLOSE_BROKER_CONVENTION,US100,1720432800,2024-07-08T10:00:00,1720433100,1,1,1,1,0,,0,,0,,0,,0,
2024-07-08,LONDON_0800,NY_CLOSE_BROKER_CONVENTION,US30,1720432800,2024-07-08T10:00:00,1720433100,1,1,1,1,0,,0,,0,,0,,0,
2024-07-08,NEW_YORK_0930,ORIGINAL_DIRECT_UTC,US100,1720445400,2024-07-08T13:30:00,1720445700,1,1,1,1,0,,0,,0,,0,,0,
2024-07-08,NEW_YORK_0930,ORIGINAL_DIRECT_UTC,US30,1720445400,2024-07-08T13:30:00,1720445700,1,1,1,1,0,,0,,0,,0,,0,
2024-07-08,NEW_YORK_0930,NY_CLOSE_BROKER_CONVENTION,US100,1720456200,2024-07-08T16:30:00,1720456500,1,1,1,1,0,,0,,0,,0,,0,
2024-07-08,NEW_YORK_0930,NY_CLOSE_BROKER_CONVENTION,US30,1720456200,2024-07-08T16:30:00,1720456500,1,1,1,1,0,,0,,0,,0,,0,
2024-07-09,LONDON_0800,ORIGINAL_DIRECT_UTC,US100,1720508400,2024-07-09T07:00:00,1720508700,1,1,1,1,0,,0,,0,,0,,0,
2024-07-09,LONDON_0800,ORIGINAL_DIRECT_UTC,US30,1720508400,2024-07-09T07:00:00,1720508700,1,1,1,1,0,,0,,0,,0,,0,
2024-07-09,LONDON_0800,NY_CLOSE_BROKER_CONVENTION,US100,1720519200,2024-07-09T10:00:00,1720519500,1,1,1,1,0,,0,,0,,0,,0,
2024-07-09,LONDON_0800,NY_CLOSE_BROKER_CONVENTION,US30,1720519200,2024-07-09T10:00:00,1720519500,1,1,1,1,0,,0,,0,,0,,0,
2024-07-09,NEW_YORK_0930,ORIGINAL_DIRECT_UTC,US100,1720531800,2024-07-09T13:30:00,1720532100,1,1,1,1,0,,0,,0,,0,,0,
2024-07-09,NEW_YORK_0930,ORIGINAL_DIRECT_UTC,US30,1720531800,2024-07-09T13:30:00,1720532100,1,1,1,1,0,,0,,0,,0,,0,
2024-07-09,NEW_YORK_0930,NY_CLOSE_BROKER_CONVENTION,US100,1720542600,2024-07-09T16:30:00,1720542900,1,1,1,1,0,,0,,0,,0,,0,
2024-07-09,NEW_YORK_0930,NY_CLOSE_BROKER_CONVENTION,US30,1720542600,2024-07-09T16:30:00,1720542900,1,1,1,1,0,,0,,0,,0,,0,
2024-07-10,LONDON_0800,ORIGINAL_DIRECT_UTC,US100,1720594800,2024-07-10T07:00:00,1720595100,1,1,1,1,0,,0,,0,,0,,0,
2024-07-10,LONDON_0800,ORIGINAL_DIRECT_UTC,US30,1720594800,2024-07-10T07:00:00,1720595100,1,1,1,1,0,,0,,0,,0,,0,
2024-07-10,LONDON_0800,NY_CLOSE_BROKER_CONVENTION,US100,1720605600,2024-07-10T10:00:00,1720605900,1,1,1,1,0,,0,,0,,0,,0,
2024-07-10,LONDON_0800,NY_CLOSE_BROKER_CONVENTION,US30,1720605600,2024-07-10T10:00:00,1720605900,1,1,1,1,0,,0,,0,,0,,0,
2024-07-10,NEW_YORK_0930,ORIGINAL_DIRECT_UTC,US100,1720618200,2024-07-10T13:30:00,1720618500,1,1,1,1,0,,0,,0,,0,,0,
2024-07-10,NEW_YORK_0930,ORIGINAL_DIRECT_UTC,US30,1720618200,2024-07-10T13:30:00,1720618500,1,1,1,1,0,,0,,0,,0,,0,
2024-07-10,NEW_YORK_0930,NY_CLOSE_BROKER_CONVENTION,US100,1720629000,2024-07-10T16:30:00,1720629300,1,1,1,1,0,,0,,0,,0,,0,
2024-07-10,NEW_YORK_0930,NY_CLOSE_BROKER_CONVENTION,US30,1720629000,2024-07-10T16:30:00,1720629300,1,1,1,1,0,,0,,0,,0,,0,
2024-07-11,LONDON_0800,ORIGINAL_DIRECT_UTC,US100,1720681200,2024-07-11T07:00:00,1720681500,1,1,1,1,0,,0,,0,,0,,0,
2024-07-11,LONDON_0800,ORIGINAL_DIRECT_UTC,US30,1720681200,2024-07-11T07:00:00,1720681500,1,1,1,1,0,,0,,0,,0,,0,
2024-07-11,LONDON_0800,NY_CLOSE_BROKER_CONVENTION,US100,1720692000,2024-07-11T10:00:00,1720692300,1,1,1,1,0,,0,,0,,0,,0,
2024-07-11,LONDON_0800,NY_CLOSE_BROKER_CONVENTION,US30,1720692000,2024-07-11T10:00:00,1720692300,1,1,1,1,0,,0,,0,,0,,0,
2024-07-11,NEW_YORK_0930,ORIGINAL_DIRECT_UTC,US100,1720704600,2024-07-11T13:30:00,1720704900,1,1,1,1,0,,0,,0,,0,,0,
2024-07-11,NEW_YORK_0930,ORIGINAL_DIRECT_UTC,US30,1720704600,2024-07-11T13:30:00,1720704900,1,1,1,1,0,,0,,0,,0,,0,
2024-07-11,NEW_YORK_0930,NY_CLOSE_BROKER_CONVENTION,US100,1720715400,2024-07-11T16:30:00,1720715700,1,1,1,1,0,,0,,0,,0,,0,
2024-07-11,NEW_YORK_0930,NY_CLOSE_BROKER_CONVENTION,US30,1720715400,2024-07-11T16:30:00,1720715700,1,1,1,1,0,,0,,0,,0,,0,
2024-07-12,LONDON_0800,ORIGINAL_DIRECT_UTC,US100,1720767600,2024-07-12T07:00:00,1720767900,1,1,1,1,0,,0,,0,,0,,0,
2024-07-12,LONDON_0800,ORIGINAL_DIRECT_UTC,US30,1720767600,2024-07-12T07:00:00,1720767900,1,1,1,1,0,,0,,0,,0,,0,
2024-07-12,LONDON_0800,NY_CLOSE_BROKER_CONVENTION,US100,1720778400,2024-07-12T10:00:00,1720778700,1,1,1,1,0,,0,,0,,0,,0,
2024-07-12,LONDON_0800,NY_CLOSE_BROKER_CONVENTION,US30,1720778400,2024-07-12T10:00:00,1720778700,1,1,1,1,0,,0,,0,,0,,0,
2024-07-12,NEW_YORK_0930,ORIGINAL_DIRECT_UTC,US100,1720791000,2024-07-12T13:30:00,1720791300,1,1,1,1,0,,0,,0,,0,,0,
2024-07-12,NEW_YORK_0930,ORIGINAL_DIRECT_UTC,US30,1720791000,2024-07-12T13:30:00,1720791300,1,1,1,1,0,,0,,0,,0,,0,
2024-07-12,NEW_YORK_0930,NY_CLOSE_BROKER_CONVENTION,US100,1720801800,2024-07-12T16:30:00,1720802100,1,1,1,1,0,,0,,0,,0,,0,
2024-07-12,NEW_YORK_0930,NY_CLOSE_BROKER_CONVENTION,US30,1720801800,2024-07-12T16:30:00,1720802100,1,1,1,1,0,,0,,0,,0,,0,
2024-07-15,LONDON_0800,ORIGINAL_DIRECT_UTC,US100,1721026800,2024-07-15T07:00:00,1721027100,1,1,1,1,0,,0,,0,,0,,0,
2024-07-15,LONDON_0800,ORIGINAL_DIRECT_UTC,US30,1721026800,2024-07-15T07:00:00,1721027100,1,1,1,1,0,,0,,0,,0,,0,
2024-07-15,LONDON_0800,NY_CLOSE_BROKER_CONVENTION,US100,1721037600,2024-07-15T10:00:00,1721037900,1,1,1,1,0,,0,,0,,0,,0,
2024-07-15,LONDON_0800,NY_CLOSE_BROKER_CONVENTION,US30,1721037600,2024-07-15T10:00:00,1721037900,1,1,1,1,0,,0,,0,,0,,0,
2024-07-15,NEW_YORK_0930,ORIGINAL_DIRECT_UTC,US100,1721050200,2024-07-15T13:30:00,1721050500,1,1,1,1,0,,0,,0,,0,,0,
2024-07-15,NEW_YORK_0930,ORIGINAL_DIRECT_UTC,US30,1721050200,2024-07-15T13:30:00,1721050500,1,1,1,1,0,,0,,0,,0,,0,
2024-07-15,NEW_YORK_0930,NY_CLOSE_BROKER_CONVENTION,US100,1721061000,2024-07-15T16:30:00,1721061300,1,1,1,1,0,,0,,0,,0,,0,
2024-07-15,NEW_YORK_0930,NY_CLOSE_BROKER_CONVENTION,US30,1721061000,2024-07-15T16:30:00,1721061300,1,1,1,1,0,,0,,0,,0,,0,
2024-07-16,LONDON_0800,ORIGINAL_DIRECT_UTC,US100,1721113200,2024-07-16T07:00:00,1721113500,1,1,1,1,0,,0,,0,,0,,0,
2024-07-16,LONDON_0800,ORIGINAL_DIRECT_UTC,US30,1721113200,2024-07-16T07:00:00,1721113500,1,1,1,1,0,,0,,0,,0,,0,
2024-07-16,LONDON_0800,NY_CLOSE_BROKER_CONVENTION,US100,1721124000,2024-07-16T10:00:00,1721124300,1,1,1,1,0,,0,,0,,0,,0,
2024-07-16,LONDON_0800,NY_CLOSE_BROKER_CONVENTION,US30,1721124000,2024-07-16T10:00:00,1721124300,1,1,1,1,0,,0,,0,,0,,0,
2024-07-16,NEW_YORK_0930,ORIGINAL_DIRECT_UTC,US100,1721136600,2024-07-16T13:30:00,1721136900,1,1,1,1,0,,0,,0,,0,,0,
2024-07-16,NEW_YORK_0930,ORIGINAL_DIRECT_UTC,US30,1721136600,2024-07-16T13:30:00,1721136900,1,1,1,1,0,,0,,0,,0,,0,
2024-07-16,NEW_YORK_0930,NY_CLOSE_BROKER_CONVENTION,US100,1721147400,2024-07-16T16:30:00,1721147700,1,1,1,1,0,,0,,0,,0,,0,
2024-07-16,NEW_YORK_0930,NY_CLOSE_BROKER_CONVENTION,US30,1721147400,2024-07-16T16:30:00,1721147700,1,1,1,1,0,,0,,0,,0,,0,
2024-07-17,LONDON_0800,ORIGINAL_DIRECT_UTC,US100,1721199600,2024-07-17T07:00:00,1721199900,1,1,1,1,0,,0,,0,,0,,0,
2024-07-17,LONDON_0800,ORIGINAL_DIRECT_UTC,US30,1721199600,2024-07-17T07:00:00,1721199900,1,1,1,1,0,,0,,0,,0,,0,
2024-07-17,LONDON_0800,NY_CLOSE_BROKER_CONVENTION,US100,1721210400,2024-07-17T10:00:00,1721210700,1,1,1,1,0,,0,,0,,0,,0,
2024-07-17,LONDON_0800,NY_CLOSE_BROKER_CONVENTION,US30,1721210400,2024-07-17T10:00:00,1721210700,1,1,1,1,0,,0,,0,,0,,0,
2024-07-17,NEW_YORK_0930,ORIGINAL_DIRECT_UTC,US100,1721223000,2024-07-17T13:30:00,1721223300,1,1,1,1,0,,0,,0,,0,,0,
2024-07-17,NEW_YORK_0930,ORIGINAL_DIRECT_UTC,US30,1721223000,2024-07-17T13:30:00,1721223300,1,1,1,1,0,,0,,0,,0,,0,
2024-07-17,NEW_YORK_0930,NY_CLOSE_BROKER_CONVENTION,US100,1721233800,2024-07-17T16:30:00,1721234100,1,1,1,1,0,,0,,0,,0,,0,
2024-07-17,NEW_YORK_0930,NY_CLOSE_BROKER_CONVENTION,US30,1721233800,2024-07-17T16:30:00,1721234100,1,1,1,1,0,,0,,0,,0,,0,
2024-07-18,LONDON_0800,ORIGINAL_DIRECT_UTC,US100,1721286000,2024-07-18T07:00:00,1721286300,1,1,1,1,0,,0,,0,,0,,0,
2024-07-18,LONDON_0800,ORIGINAL_DIRECT_UTC,US30,1721286000,2024-07-18T07:00:00,1721286300,1,1,1,1,0,,0,,0,,0,,0,
2024-07-18,LONDON_0800,NY_CLOSE_BROKER_CONVENTION,US100,1721296800,2024-07-18T10:00:00,1721297100,1,1,1,1,0,,0,,0,,0,,0,
2024-07-18,LONDON_0800,NY_CLOSE_BROKER_CONVENTION,US30,1721296800,2024-07-18T10:00:00,1721297100,1,1,1,1,0,,0,,0,,0,,0,
2024-07-18,NEW_YORK_0930,ORIGINAL_DIRECT_UTC,US100,1721309400,2024-07-18T13:30:00,1721309700,1,1,1,1,0,,0,,0,,0,,0,
2024-07-18,NEW_YORK_0930,ORIGINAL_DIRECT_UTC,US30,1721309400,2024-07-18T13:30:00,1721309700,1,1,1,1,0,,0,,0,,0,,0,
2024-07-18,NEW_YORK_0930,NY_CLOSE_BROKER_CONVENTION,US100,1721320200,2024-07-18T16:30:00,1721320500,1,1,1,1,0,,0,,0,,0,,0,
2024-07-18,NEW_YORK_0930,NY_CLOSE_BROKER_CONVENTION,US30,1721320200,2024-07-18T16:30:00,1721320500,1,1,1,1,0,,0,,0,,0,,0,
2024-07-19,LONDON_0800,ORIGINAL_DIRECT_UTC,US100,1721372400,2024-07-19T07:00:00,1721372700,1,1,1,1,0,,0,,0,,0,,0,
2024-07-19,LONDON_0800,ORIGINAL_DIRECT_UTC,US30,1721372400,2024-07-19T07:00:00,1721372700,1,1,1,1,0,,0,,0,,0,,0,
2024-07-19,LONDON_0800,NY_CLOSE_BROKER_CONVENTION,US100,1721383200,2024-07-19T10:00:00,1721383500,1,1,1,1,0,,0,,0,,0,,0,
2024-07-19,LONDON_0800,NY_CLOSE_BROKER_CONVENTION,US30,1721383200,2024-07-19T10:00:00,1721383500,1,1,1,1,0,,0,,0,,0,,0,
2024-07-19,NEW_YORK_0930,ORIGINAL_DIRECT_UTC,US100,1721395800,2024-07-19T13:30:00,1721396100,1,1,1,1,0,,0,,0,,0,,0,
2024-07-19,NEW_YORK_0930,ORIGINAL_DIRECT_UTC,US30,1721395800,2024-07-19T13:30:00,1721396100,1,1,1,1,0,,0,,0,,0,,0,
2024-07-19,NEW_YORK_0930,NY_CLOSE_BROKER_CONVENTION,US100,1721406600,2024-07-19T16:30:00,1721406900,1,1,1,1,0,,0,,0,,0,,0,
2024-07-19,NEW_YORK_0930,NY_CLOSE_BROKER_CONVENTION,US30,1721406600,2024-07-19T16:30:00,1721406900,1,1,1,1,0,,0,,0,,0,,0,
2024-07-22,LONDON_0800,ORIGINAL_DIRECT_UTC,US100,1721631600,2024-07-22T07:00:00,1721631900,1,1,1,1,0,,0,,0,,0,,0,
2024-07-22,LONDON_0800,ORIGINAL_DIRECT_UTC,US30,1721631600,2024-07-22T07:00:00,1721631900,1,1,1,1,0,,0,,0,,0,,0,
2024-07-22,LONDON_0800,NY_CLOSE_BROKER_CONVENTION,US100,1721642400,2024-07-22T10:00:00,1721642700,1,1,1,1,0,,0,,0,,0,,0,
2024-07-22,LONDON_0800,NY_CLOSE_BROKER_CONVENTION,US30,1721642400,2024-07-22T10:00:00,1721642700,1,1,1,1,0,,0,,0,,0,,0,
2024-07-22,NEW_YORK_0930,ORIGINAL_DIRECT_UTC,US100,1721655000,2024-07-22T13:30:00,1721655300,1,1,1,1,0,,0,,0,,0,,0,
2024-07-22,NEW_YORK_0930,ORIGINAL_DIRECT_UTC,US30,1721655000,2024-07-22T13:30:00,1721655300,1,1,1,1,0,,0,,0,,0,,0,
2024-07-22,NEW_YORK_0930,NY_CLOSE_BROKER_CONVENTION,US100,1721665800,2024-07-22T16:30:00,1721666100,1,1,1,1,0,,0,,0,,0,,0,
2024-07-22,NEW_YORK_0930,NY_CLOSE_BROKER_CONVENTION,US30,1721665800,2024-07-22T16:30:00,1721666100,1,1,1,1,0,,0,,0,,0,,0,
2024-07-23,LONDON_0800,ORIGINAL_DIRECT_UTC,US100,1721718000,2024-07-23T07:00:00,1721718300,1,1,1,1,0,,0,,0,,0,,0,
2024-07-23,LONDON_0800,ORIGINAL_DIRECT_UTC,US30,1721718000,2024-07-23T07:00:00,1721718300,1,1,1,1,0,,0,,0,,0,,0,
2024-07-23,LONDON_0800,NY_CLOSE_BROKER_CONVENTION,US100,1721728800,2024-07-23T10:00:00,1721729100,1,1,1,1,0,,0,,0,,0,,0,
2024-07-23,LONDON_0800,NY_CLOSE_BROKER_CONVENTION,US30,1721728800,2024-07-23T10:00:00,1721729100,1,1,1,1,0,,0,,0,,0,,0,
2024-07-23,NEW_YORK_0930,ORIGINAL_DIRECT_UTC,US100,1721741400,2024-07-23T13:30:00,1721741700,1,1,1,1,0,,0,,0,,0,,0,
2024-07-23,NEW_YORK_0930,ORIGINAL_DIRECT_UTC,US30,1721741400,2024-07-23T13:30:00,1721741700,1,1,1,1,0,,0,,0,,0,,0,
2024-07-23,NEW_YORK_0930,NY_CLOSE_BROKER_CONVENTION,US100,1721752200,2024-07-23T16:30:00,1721752500,1,1,1,1,0,,0,,0,,0,,0,
2024-07-23,NEW_YORK_0930,NY_CLOSE_BROKER_CONVENTION,US30,1721752200,2024-07-23T16:30:00,1721752500,1,1,1,1,0,,0,,0,,0,,0,
2024-07-24,LONDON_0800,ORIGINAL_DIRECT_UTC,US100,1721804400,2024-07-24T07:00:00,1721804700,1,1,1,1,0,,0,,0,,0,,0,
2024-07-24,LONDON_0800,ORIGINAL_DIRECT_UTC,US30,1721804400,2024-07-24T07:00:00,1721804700,1,1,1,1,0,,0,,0,,0,,0,
2024-07-24,LONDON_0800,NY_CLOSE_BROKER_CONVENTION,US100,1721815200,2024-07-24T10:00:00,1721815500,1,1,1,1,0,,0,,0,,0,,0,
2024-07-24,LONDON_0800,NY_CLOSE_BROKER_CONVENTION,US30,1721815200,2024-07-24T10:00:00,1721815500,1,1,1,1,0,,0,,0,,0,,0,
2024-07-24,NEW_YORK_0930,ORIGINAL_DIRECT_UTC,US100,1721827800,2024-07-24T13:30:00,1721828100,1,1,1,1,0,,0,,0,,0,,0,
2024-07-24,NEW_YORK_0930,ORIGINAL_DIRECT_UTC,US30,1721827800,2024-07-24T13:30:00,1721828100,1,1,1,1,0,,0,,0,,0,,0,
2024-07-24,NEW_YORK_0930,NY_CLOSE_BROKER_CONVENTION,US100,1721838600,2024-07-24T16:30:00,1721838900,1,1,1,1,0,,0,,0,,0,,0,
2024-07-24,NEW_YORK_0930,NY_CLOSE_BROKER_CONVENTION,US30,1721838600,2024-07-24T16:30:00,1721838900,1,1,1,1,0,,0,,0,,0,,0,
2024-07-25,LONDON_0800,ORIGINAL_DIRECT_UTC,US100,1721890800,2024-07-25T07:00:00,1721891100,1,1,1,1,0,,0,,0,,0,,0,
2024-07-25,LONDON_0800,ORIGINAL_DIRECT_UTC,US30,1721890800,2024-07-25T07:00:00,1721891100,1,1,1,1,0,,0,,0,,0,,0,
2024-07-25,LONDON_0800,NY_CLOSE_BROKER_CONVENTION,US100,1721901600,2024-07-25T10:00:00,1721901900,1,1,1,1,0,,0,,0,,0,,0,
2024-07-25,LONDON_0800,NY_CLOSE_BROKER_CONVENTION,US30,1721901600,2024-07-25T10:00:00,1721901900,1,1,1,1,0,,0,,0,,0,,0,
2024-07-25,NEW_YORK_0930,ORIGINAL_DIRECT_UTC,US100,1721914200,2024-07-25T13:30:00,1721914500,1,1,1,1,0,,0,,0,,0,,0,
2024-07-25,NEW_YORK_0930,ORIGINAL_DIRECT_UTC,US30,1721914200,2024-07-25T13:30:00,1721914500,1,1,1,1,0,,0,,0,,0,,0,
2024-07-25,NEW_YORK_0930,NY_CLOSE_BROKER_CONVENTION,US100,1721925000,2024-07-25T16:30:00,1721925300,1,1,1,1,0,,0,,0,,0,,0,
2024-07-25,NEW_YORK_0930,NY_CLOSE_BROKER_CONVENTION,US30,1721925000,2024-07-25T16:30:00,1721925300,1,1,1,1,0,,0,,0,,0,,0,
2024-07-26,LONDON_0800,ORIGINAL_DIRECT_UTC,US100,1721977200,2024-07-26T07:00:00,1721977500,1,1,1,1,0,,0,,0,,0,,0,
2024-07-26,LONDON_0800,ORIGINAL_DIRECT_UTC,US30,1721977200,2024-07-26T07:00:00,1721977500,1,1,1,1,0,,0,,0,,0,,0,
2024-07-26,LONDON_0800,NY_CLOSE_BROKER_CONVENTION,US100,1721988000,2024-07-26T10:00:00,1721988300,1,1,1,1,0,,0,,0,,0,,0,
2024-07-26,LONDON_0800,NY_CLOSE_BROKER_CONVENTION,US30,1721988000,2024-07-26T10:00:00,1721988300,1,1,1,1,0,,0,,0,,0,,0,
2024-07-26,NEW_YORK_0930,ORIGINAL_DIRECT_UTC,US100,1722000600,2024-07-26T13:30:00,1722000900,1,1,1,1,0,,0,,0,,0,,0,
2024-07-26,NEW_YORK_0930,ORIGINAL_DIRECT_UTC,US30,1722000600,2024-07-26T13:30:00,1722000900,1,1,1,1,0,,0,,0,,0,,0,
2024-07-26,NEW_YORK_0930,NY_CLOSE_BROKER_CONVENTION,US100,1722011400,2024-07-26T16:30:00,1722011700,1,1,1,1,0,,0,,0,,0,,0,
2024-07-26,NEW_YORK_0930,NY_CLOSE_BROKER_CONVENTION,US30,1722011400,2024-07-26T16:30:00,1722011700,1,1,1,1,0,,0,,0,,0,,0,
2024-07-29,LONDON_0800,ORIGINAL_DIRECT_UTC,US100,1722236400,2024-07-29T07:00:00,1722236700,1,1,1,1,0,,0,,0,,0,,0,
2024-07-29,LONDON_0800,ORIGINAL_DIRECT_UTC,US30,1722236400,2024-07-29T07:00:00,1722236700,1,1,1,1,0,,0,,0,,0,,0,
2024-07-29,LONDON_0800,NY_CLOSE_BROKER_CONVENTION,US100,1722247200,2024-07-29T10:00:00,1722247500,1,1,1,1,0,,0,,0,,0,,0,
2024-07-29,LONDON_0800,NY_CLOSE_BROKER_CONVENTION,US30,1722247200,2024-07-29T10:00:00,1722247500,1,1,1,1,0,,0,,0,,0,,0,
2024-07-29,NEW_YORK_0930,ORIGINAL_DIRECT_UTC,US100,1722259800,2024-07-29T13:30:00,1722260100,1,1,1,1,0,,0,,0,,0,,0,
2024-07-29,NEW_YORK_0930,ORIGINAL_DIRECT_UTC,US30,1722259800,2024-07-29T13:30:00,1722260100,1,1,1,1,0,,0,,0,,0,,0,
2024-07-29,NEW_YORK_0930,NY_CLOSE_BROKER_CONVENTION,US100,1722270600,2024-07-29T16:30:00,1722270900,1,1,1,1,0,,0,,0,,0,,0,
2024-07-29,NEW_YORK_0930,NY_CLOSE_BROKER_CONVENTION,US30,1722270600,2024-07-29T16:30:00,1722270900,1,1,1,1,0,,0,,0,,0,,0,
2024-07-30,LONDON_0800,ORIGINAL_DIRECT_UTC,US100,1722322800,2024-07-30T07:00:00,1722323100,1,1,1,1,0,,0,,0,,0,,0,
2024-07-30,LONDON_0800,ORIGINAL_DIRECT_UTC,US30,1722322800,2024-07-30T07:00:00,1722323100,1,1,1,1,0,,0,,0,,0,,0,
2024-07-30,LONDON_0800,NY_CLOSE_BROKER_CONVENTION,US100,1722333600,2024-07-30T10:00:00,1722333900,1,1,1,1,0,,0,,0,,0,,0,
2024-07-30,LONDON_0800,NY_CLOSE_BROKER_CONVENTION,US30,1722333600,2024-07-30T10:00:00,1722333900,1,1,1,1,0,,0,,0,,0,,0,
2024-07-30,NEW_YORK_0930,ORIGINAL_DIRECT_UTC,US100,1722346200,2024-07-30T13:30:00,1722346500,1,1,1,1,0,,0,,0,,0,,0,
2024-07-30,NEW_YORK_0930,ORIGINAL_DIRECT_UTC,US30,1722346200,2024-07-30T13:30:00,1722346500,1,1,1,1,0,,0,,0,,0,,0,
2024-07-30,NEW_YORK_0930,NY_CLOSE_BROKER_CONVENTION,US100,1722357000,2024-07-30T16:30:00,1722357300,1,1,1,1,0,,0,,0,,0,,0,
2024-07-30,NEW_YORK_0930,NY_CLOSE_BROKER_CONVENTION,US30,1722357000,2024-07-30T16:30:00,1722357300,1,1,1,1,0,,0,,0,,0,,0,
2024-07-31,LONDON_0800,ORIGINAL_DIRECT_UTC,US100,1722409200,2024-07-31T07:00:00,1722409500,1,1,1,1,0,,0,,0,,0,,0,
2024-07-31,LONDON_0800,ORIGINAL_DIRECT_UTC,US30,1722409200,2024-07-31T07:00:00,1722409500,1,1,1,1,0,,0,,0,,0,,0,
2024-07-31,LONDON_0800,NY_CLOSE_BROKER_CONVENTION,US100,1722420000,2024-07-31T10:00:00,1722420300,1,1,1,1,0,,0,,0,,0,,0,
2024-07-31,LONDON_0800,NY_CLOSE_BROKER_CONVENTION,US30,1722420000,2024-07-31T10:00:00,1722420300,1,1,1,1,0,,0,,0,,0,,0,
2024-07-31,NEW_YORK_0930,ORIGINAL_DIRECT_UTC,US100,1722432600,2024-07-31T13:30:00,1722432900,1,1,1,1,0,,0,,0,,0,,0,
2024-07-31,NEW_YORK_0930,ORIGINAL_DIRECT_UTC,US30,1722432600,2024-07-31T13:30:00,1722432900,1,1,1,1,0,,0,,0,,0,,0,
2024-07-31,NEW_YORK_0930,NY_CLOSE_BROKER_CONVENTION,US100,1722443400,2024-07-31T16:30:00,1722443700,1,1,1,1,0,,0,,0,,0,,0,
2024-07-31,NEW_YORK_0930,NY_CLOSE_BROKER_CONVENTION,US30,1722443400,2024-07-31T16:30:00,1722443700,1,1,1,1,0,,0,,0,,0,,0,
2024-08-01,LONDON_0800,ORIGINAL_DIRECT_UTC,US100,1722495600,2024-08-01T07:00:00,1722495900,1,1,1,1,0,,0,,0,,0,,0,
2024-08-01,LONDON_0800,ORIGINAL_DIRECT_UTC,US30,1722495600,2024-08-01T07:00:00,1722495900,1,1,1,1,0,,0,,0,,0,,0,
2024-08-01,LONDON_0800,NY_CLOSE_BROKER_CONVENTION,US100,1722506400,2024-08-01T10:00:00,1722506700,1,1,1,1,0,,0,,0,,0,,0,
2024-08-01,LONDON_0800,NY_CLOSE_BROKER_CONVENTION,US30,1722506400,2024-08-01T10:00:00,1722506700,1,1,1,1,0,,0,,0,,0,,0,
2024-08-01,NEW_YORK_0930,ORIGINAL_DIRECT_UTC,US100,1722519000,2024-08-01T13:30:00,1722519300,1,1,1,1,0,,0,,0,,0,,0,
2024-08-01,NEW_YORK_0930,ORIGINAL_DIRECT_UTC,US30,1722519000,2024-08-01T13:30:00,1722519300,1,1,1,1,0,,0,,0,,0,,0,
2024-08-01,NEW_YORK_0930,NY_CLOSE_BROKER_CONVENTION,US100,1722529800,2024-08-01T16:30:00,1722530100,1,1,1,1,0,,0,,0,,0,,0,
2024-08-01,NEW_YORK_0930,NY_CLOSE_BROKER_CONVENTION,US30,1722529800,2024-08-01T16:30:00,1722530100,1,1,1,1,0,,0,,0,,0,,0,
2024-08-02,LONDON_0800,ORIGINAL_DIRECT_UTC,US100,1722582000,2024-08-02T07:00:00,1722582300,1,1,1,1,0,,0,,0,,0,,0,
2024-08-02,LONDON_0800,ORIGINAL_DIRECT_UTC,US30,1722582000,2024-08-02T07:00:00,1722582300,1,1,1,1,0,,0,,0,,0,,0,
2024-08-02,LONDON_0800,NY_CLOSE_BROKER_CONVENTION,US100,1722592800,2024-08-02T10:00:00,1722593100,1,1,1,1,0,,0,,0,,0,,0,
2024-08-02,LONDON_0800,NY_CLOSE_BROKER_CONVENTION,US30,1722592800,2024-08-02T10:00:00,1722593100,1,1,1,1,0,,0,,0,,0,,0,
2024-08-02,NEW_YORK_0930,ORIGINAL_DIRECT_UTC,US100,1722605400,2024-08-02T13:30:00,1722605700,1,1,1,1,0,,0,,0,,0,,0,
2024-08-02,NEW_YORK_0930,ORIGINAL_DIRECT_UTC,US30,1722605400,2024-08-02T13:30:00,1722605700,1,1,1,1,0,,0,,0,,0,,0,
2024-08-02,NEW_YORK_0930,NY_CLOSE_BROKER_CONVENTION,US100,1722616200,2024-08-02T16:30:00,1722616500,1,1,1,1,0,,0,,0,,0,,0,
2024-08-02,NEW_YORK_0930,NY_CLOSE_BROKER_CONVENTION,US30,1722616200,2024-08-02T16:30:00,1722616500,1,1,1,1,0,,0,,0,,0,,0,
2024-08-05,LONDON_0800,ORIGINAL_DIRECT_UTC,US100,1722841200,2024-08-05T07:00:00,1722841500,1,1,1,1,0,,0,,0,,0,,0,
2024-08-05,LONDON_0800,ORIGINAL_DIRECT_UTC,US30,1722841200,2024-08-05T07:00:00,1722841500,1,1,1,1,0,,0,,0,,0,,0,
2024-08-05,LONDON_0800,NY_CLOSE_BROKER_CONVENTION,US100,1722852000,2024-08-05T10:00:00,1722852300,1,1,1,1,0,,0,,0,,0,,0,
2024-08-05,LONDON_0800,NY_CLOSE_BROKER_CONVENTION,US30,1722852000,2024-08-05T10:00:00,1722852300,1,1,1,1,0,,0,,0,,0,,0,
2024-08-05,NEW_YORK_0930,ORIGINAL_DIRECT_UTC,US100,1722864600,2024-08-05T13:30:00,1722864900,1,1,1,1,0,,0,,0,,0,,0,
2024-08-05,NEW_YORK_0930,ORIGINAL_DIRECT_UTC,US30,1722864600,2024-08-05T13:30:00,1722864900,1,1,1,1,0,,0,,0,,0,,0,
2024-08-05,NEW_YORK_0930,NY_CLOSE_BROKER_CONVENTION,US100,1722875400,2024-08-05T16:30:00,1722875700,1,1,1,1,0,,0,,0,,0,,0,
2024-08-05,NEW_YORK_0930,NY_CLOSE_BROKER_CONVENTION,US30,1722875400,2024-08-05T16:30:00,1722875700,1,1,1,1,0,,0,,0,,0,,0,
2024-08-06,LONDON_0800,ORIGINAL_DIRECT_UTC,US100,1722927600,2024-08-06T07:00:00,1722927900,1,1,1,1,0,,0,,0,,0,,0,
2024-08-06,LONDON_0800,ORIGINAL_DIRECT_UTC,US30,1722927600,2024-08-06T07:00:00,1722927900,1,1,1,1,0,,0,,0,,0,,0,
2024-08-06,LONDON_0800,NY_CLOSE_BROKER_CONVENTION,US100,1722938400,2024-08-06T10:00:00,1722938700,1,1,1,1,0,,0,,0,,0,,0,
2024-08-06,LONDON_0800,NY_CLOSE_BROKER_CONVENTION,US30,1722938400,2024-08-06T10:00:00,1722938700,1,1,1,1,0,,0,,0,,0,,0,
2024-08-06,NEW_YORK_0930,ORIGINAL_DIRECT_UTC,US100,1722951000,2024-08-06T13:30:00,1722951300,1,1,1,1,0,,0,,0,,0,,0,
2024-08-06,NEW_YORK_0930,ORIGINAL_DIRECT_UTC,US30,1722951000,2024-08-06T13:30:00,1722951300,1,1,1,1,0,,0,,0,,0,,0,
2024-08-06,NEW_YORK_0930,NY_CLOSE_BROKER_CONVENTION,US100,1722961800,2024-08-06T16:30:00,1722962100,1,1,1,1,0,,0,,0,,0,,0,
2024-08-06,NEW_YORK_0930,NY_CLOSE_BROKER_CONVENTION,US30,1722961800,2024-08-06T16:30:00,1722962100,1,1,1,1,0,,0,,0,,0,,0,
2024-08-07,LONDON_0800,ORIGINAL_DIRECT_UTC,US100,1723014000,2024-08-07T07:00:00,1723014300,1,1,1,1,0,,0,,0,,0,,0,
2024-08-07,LONDON_0800,ORIGINAL_DIRECT_UTC,US30,1723014000,2024-08-07T07:00:00,1723014300,1,1,1,1,0,,0,,0,,0,,0,
2024-08-07,LONDON_0800,NY_CLOSE_BROKER_CONVENTION,US100,1723024800,2024-08-07T10:00:00,1723025100,1,1,1,1,0,,0,,0,,0,,0,
2024-08-07,LONDON_0800,NY_CLOSE_BROKER_CONVENTION,US30,1723024800,2024-08-07T10:00:00,1723025100,1,1,1,1,0,,0,,0,,0,,0,
2024-08-07,NEW_YORK_0930,ORIGINAL_DIRECT_UTC,US100,1723037400,2024-08-07T13:30:00,1723037700,1,1,1,1,0,,0,,0,,0,,0,
2024-08-07,NEW_YORK_0930,ORIGINAL_DIRECT_UTC,US30,1723037400,2024-08-07T13:30:00,1723037700,1,1,1,1,0,,0,,0,,0,,0,
2024-08-07,NEW_YORK_0930,NY_CLOSE_BROKER_CONVENTION,US100,1723048200,2024-08-07T16:30:00,1723048500,1,1,1,1,0,,0,,0,,0,,0,
2024-08-07,NEW_YORK_0930,NY_CLOSE_BROKER_CONVENTION,US30,1723048200,2024-08-07T16:30:00,1723048500,1,1,1,1,0,,0,,0,,0,,0,
2024-08-08,LONDON_0800,ORIGINAL_DIRECT_UTC,US100,1723100400,2024-08-08T07:00:00,1723100700,1,1,1,1,0,,0,,0,,0,,0,
2024-08-08,LONDON_0800,ORIGINAL_DIRECT_UTC,US30,1723100400,2024-08-08T07:00:00,1723100700,1,1,1,1,0,,0,,0,,0,,0,
2024-08-08,LONDON_0800,NY_CLOSE_BROKER_CONVENTION,US100,1723111200,2024-08-08T10:00:00,1723111500,1,1,1,1,0,,0,,0,,0,,0,
2024-08-08,LONDON_0800,NY_CLOSE_BROKER_CONVENTION,US30,1723111200,2024-08-08T10:00:00,1723111500,1,1,1,1,0,,0,,0,,0,,0,
2024-08-08,NEW_YORK_0930,ORIGINAL_DIRECT_UTC,US100,1723123800,2024-08-08T13:30:00,1723124100,1,1,1,1,0,,0,,0,,0,,0,
2024-08-08,NEW_YORK_0930,ORIGINAL_DIRECT_UTC,US30,1723123800,2024-08-08T13:30:00,1723124100,1,1,1,1,0,,0,,0,,0,,0,
2024-08-08,NEW_YORK_0930,NY_CLOSE_BROKER_CONVENTION,US100,1723134600,2024-08-08T16:30:00,1723134900,1,1,1,1,0,,0,,0,,0,,0,
2024-08-08,NEW_YORK_0930,NY_CLOSE_BROKER_CONVENTION,US30,1723134600,2024-08-08T16:30:00,1723134900,1,1,1,1,0,,0,,0,,0,,0,
2024-08-09,LONDON_0800,ORIGINAL_DIRECT_UTC,US100,1723186800,2024-08-09T07:00:00,1723187100,1,1,1,1,0,,0,,0,,0,,0,
2024-08-09,LONDON_0800,ORIGINAL_DIRECT_UTC,US30,1723186800,2024-08-09T07:00:00,1723187100,1,1,1,1,0,,0,,0,,0,,0,
2024-08-09,LONDON_0800,NY_CLOSE_BROKER_CONVENTION,US100,1723197600,2024-08-09T10:00:00,1723197900,1,1,1,1,0,,0,,0,,0,,0,
2024-08-09,LONDON_0800,NY_CLOSE_BROKER_CONVENTION,US30,1723197600,2024-08-09T10:00:00,1723197900,1,1,1,1,0,,0,,0,,0,,0,
2024-08-09,NEW_YORK_0930,ORIGINAL_DIRECT_UTC,US100,1723210200,2024-08-09T13:30:00,1723210500,1,1,1,1,0,,0,,0,,0,,0,
2024-08-09,NEW_YORK_0930,ORIGINAL_DIRECT_UTC,US30,1723210200,2024-08-09T13:30:00,1723210500,1,1,1,1,0,,0,,0,,0,,0,
2024-08-09,NEW_YORK_0930,NY_CLOSE_BROKER_CONVENTION,US100,1723221000,2024-08-09T16:30:00,1723221300,1,1,1,1,0,,0,,0,,0,,0,
2024-08-09,NEW_YORK_0930,NY_CLOSE_BROKER_CONVENTION,US30,1723221000,2024-08-09T16:30:00,1723221300,1,1,1,1,0,,0,,0,,0,,0,
2024-08-12,LONDON_0800,ORIGINAL_DIRECT_UTC,US100,1723446000,2024-08-12T07:00:00,1723446300,1,1,1,1,0,,0,,0,,0,,0,
2024-08-12,LONDON_0800,ORIGINAL_DIRECT_UTC,US30,1723446000,2024-08-12T07:00:00,1723446300,1,1,1,1,0,,0,,0,,0,,0,
2024-08-12,LONDON_0800,NY_CLOSE_BROKER_CONVENTION,US100,1723456800,2024-08-12T10:00:00,1723457100,1,1,1,1,0,,0,,0,,0,,0,
2024-08-12,LONDON_0800,NY_CLOSE_BROKER_CONVENTION,US30,1723456800,2024-08-12T10:00:00,1723457100,1,1,1,1,0,,0,,0,,0,,0,
2024-08-12,NEW_YORK_0930,ORIGINAL_DIRECT_UTC,US100,1723469400,2024-08-12T13:30:00,1723469700,1,1,1,1,0,,0,,0,,0,,0,
2024-08-12,NEW_YORK_0930,ORIGINAL_DIRECT_UTC,US30,1723469400,2024-08-12T13:30:00,1723469700,1,1,1,1,0,,0,,0,,0,,0,
2024-08-12,NEW_YORK_0930,NY_CLOSE_BROKER_CONVENTION,US100,1723480200,2024-08-12T16:30:00,1723480500,1,1,1,1,0,,0,,0,,0,,0,
2024-08-12,NEW_YORK_0930,NY_CLOSE_BROKER_CONVENTION,US30,1723480200,2024-08-12T16:30:00,1723480500,1,1,1,1,0,,0,,0,,0,,0,
2024-08-13,LONDON_0800,ORIGINAL_DIRECT_UTC,US100,1723532400,2024-08-13T07:00:00,1723532700,1,1,1,1,0,,0,,0,,0,,0,
2024-08-13,LONDON_0800,ORIGINAL_DIRECT_UTC,US30,1723532400,2024-08-13T07:00:00,1723532700,1,1,1,1,0,,0,,0,,0,,0,
2024-08-13,LONDON_0800,NY_CLOSE_BROKER_CONVENTION,US100,1723543200,2024-08-13T10:00:00,1723543500,1,1,1,1,0,,0,,0,,0,,0,
2024-08-13,LONDON_0800,NY_CLOSE_BROKER_CONVENTION,US30,1723543200,2024-08-13T10:00:00,1723543500,1,1,1,1,0,,0,,0,,0,,0,
2024-08-13,NEW_YORK_0930,ORIGINAL_DIRECT_UTC,US100,1723555800,2024-08-13T13:30:00,1723556100,1,1,1,1,0,,0,,0,,0,,0,
2024-08-13,NEW_YORK_0930,ORIGINAL_DIRECT_UTC,US30,1723555800,2024-08-13T13:30:00,1723556100,1,1,1,1,0,,0,,0,,0,,0,
2024-08-13,NEW_YORK_0930,NY_CLOSE_BROKER_CONVENTION,US100,1723566600,2024-08-13T16:30:00,1723566900,1,1,1,1,0,,0,,0,,0,,0,
2024-08-13,NEW_YORK_0930,NY_CLOSE_BROKER_CONVENTION,US30,1723566600,2024-08-13T16:30:00,1723566900,1,1,1,1,0,,0,,0,,0,,0,
2024-08-14,LONDON_0800,ORIGINAL_DIRECT_UTC,US100,1723618800,2024-08-14T07:00:00,1723619100,1,1,1,1,0,,0,,0,,0,,0,
2024-08-14,LONDON_0800,ORIGINAL_DIRECT_UTC,US30,1723618800,2024-08-14T07:00:00,1723619100,1,1,1,1,0,,0,,0,,0,,0,
2024-08-14,LONDON_0800,NY_CLOSE_BROKER_CONVENTION,US100,1723629600,2024-08-14T10:00:00,1723629900,1,1,1,1,0,,0,,0,,0,,0,
2024-08-14,LONDON_0800,NY_CLOSE_BROKER_CONVENTION,US30,1723629600,2024-08-14T10:00:00,1723629900,1,1,1,1,0,,0,,0,,0,,0,
2024-08-14,NEW_YORK_0930,ORIGINAL_DIRECT_UTC,US100,1723642200,2024-08-14T13:30:00,1723642500,1,1,1,1,0,,0,,0,,0,,0,
2024-08-14,NEW_YORK_0930,ORIGINAL_DIRECT_UTC,US30,1723642200,2024-08-14T13:30:00,1723642500,1,1,1,1,0,,0,,0,,0,,0,
2024-08-14,NEW_YORK_0930,NY_CLOSE_BROKER_CONVENTION,US100,1723653000,2024-08-14T16:30:00,1723653300,1,1,1,1,0,,0,,0,,0,,0,
2024-08-14,NEW_YORK_0930,NY_CLOSE_BROKER_CONVENTION,US30,1723653000,2024-08-14T16:30:00,1723653300,1,1,1,1,0,,0,,0,,0,,0,
2024-08-15,LONDON_0800,ORIGINAL_DIRECT_UTC,US100,1723705200,2024-08-15T07:00:00,1723705500,1,1,1,1,0,,0,,0,,0,,0,
2024-08-15,LONDON_0800,ORIGINAL_DIRECT_UTC,US30,1723705200,2024-08-15T07:00:00,1723705500,1,1,1,1,0,,0,,0,,0,,0,
2024-08-15,LONDON_0800,NY_CLOSE_BROKER_CONVENTION,US100,1723716000,2024-08-15T10:00:00,1723716300,1,1,1,1,0,,0,,0,,0,,0,
2024-08-15,LONDON_0800,NY_CLOSE_BROKER_CONVENTION,US30,1723716000,2024-08-15T10:00:00,1723716300,1,1,1,1,0,,0,,0,,0,,0,
2024-08-15,NEW_YORK_0930,ORIGINAL_DIRECT_UTC,US100,1723728600,2024-08-15T13:30:00,1723728900,1,1,1,1,0,,0,,0,,0,,0,
2024-08-15,NEW_YORK_0930,ORIGINAL_DIRECT_UTC,US30,1723728600,2024-08-15T13:30:00,1723728900,1,1,1,1,0,,0,,0,,0,,0,
2024-08-15,NEW_YORK_0930,NY_CLOSE_BROKER_CONVENTION,US100,1723739400,2024-08-15T16:30:00,1723739700,1,1,1,1,0,,0,,0,,0,,0,
2024-08-15,NEW_YORK_0930,NY_CLOSE_BROKER_CONVENTION,US30,1723739400,2024-08-15T16:30:00,1723739700,1,1,1,1,0,,0,,0,,0,,0,
2024-08-16,LONDON_0800,ORIGINAL_DIRECT_UTC,US100,1723791600,2024-08-16T07:00:00,1723791900,1,1,1,1,0,,0,,0,,0,,0,
2024-08-16,LONDON_0800,ORIGINAL_DIRECT_UTC,US30,1723791600,2024-08-16T07:00:00,1723791900,1,1,1,1,0,,0,,0,,0,,0,
2024-08-16,LONDON_0800,NY_CLOSE_BROKER_CONVENTION,US100,1723802400,2024-08-16T10:00:00,1723802700,1,1,1,1,0,,0,,0,,0,,0,
2024-08-16,LONDON_0800,NY_CLOSE_BROKER_CONVENTION,US30,1723802400,2024-08-16T10:00:00,1723802700,1,1,1,1,0,,0,,0,,0,,0,
2024-08-16,NEW_YORK_0930,ORIGINAL_DIRECT_UTC,US100,1723815000,2024-08-16T13:30:00,1723815300,1,1,1,1,0,,0,,0,,0,,0,
2024-08-16,NEW_YORK_0930,ORIGINAL_DIRECT_UTC,US30,1723815000,2024-08-16T13:30:00,1723815300,1,1,1,1,0,,0,,0,,0,,0,
2024-08-16,NEW_YORK_0930,NY_CLOSE_BROKER_CONVENTION,US100,1723825800,2024-08-16T16:30:00,1723826100,1,1,1,1,0,,0,,0,,0,,0,
2024-08-16,NEW_YORK_0930,NY_CLOSE_BROKER_CONVENTION,US30,1723825800,2024-08-16T16:30:00,1723826100,1,1,1,1,0,,0,,0,,0,,0,
2024-08-19,LONDON_0800,ORIGINAL_DIRECT_UTC,US100,1724050800,2024-08-19T07:00:00,1724051100,1,1,1,1,0,,0,,0,,0,,0,
2024-08-19,LONDON_0800,ORIGINAL_DIRECT_UTC,US30,1724050800,2024-08-19T07:00:00,1724051100,1,1,1,1,0,,0,,0,,0,,0,
2024-08-19,LONDON_0800,NY_CLOSE_BROKER_CONVENTION,US100,1724061600,2024-08-19T10:00:00,1724061900,1,1,1,1,0,,0,,0,,0,,0,
2024-08-19,LONDON_0800,NY_CLOSE_BROKER_CONVENTION,US30,1724061600,2024-08-19T10:00:00,1724061900,1,1,1,1,0,,0,,0,,0,,0,
2024-08-19,NEW_YORK_0930,ORIGINAL_DIRECT_UTC,US100,1724074200,2024-08-19T13:30:00,1724074500,1,1,1,1,0,,0,,0,,0,,0,
2024-08-19,NEW_YORK_0930,ORIGINAL_DIRECT_UTC,US30,1724074200,2024-08-19T13:30:00,1724074500,1,1,1,1,0,,0,,0,,0,,0,
2024-08-19,NEW_YORK_0930,NY_CLOSE_BROKER_CONVENTION,US100,1724085000,2024-08-19T16:30:00,1724085300,1,1,1,1,0,,0,,0,,0,,0,
2024-08-19,NEW_YORK_0930,NY_CLOSE_BROKER_CONVENTION,US30,1724085000,2024-08-19T16:30:00,1724085300,1,1,1,1,0,,0,,0,,0,,0,
2024-08-20,LONDON_0800,ORIGINAL_DIRECT_UTC,US100,1724137200,2024-08-20T07:00:00,1724137500,1,1,1,1,0,,0,,0,,0,,0,
2024-08-20,LONDON_0800,ORIGINAL_DIRECT_UTC,US30,1724137200,2024-08-20T07:00:00,1724137500,1,1,1,1,0,,0,,0,,0,,0,
2024-08-20,LONDON_0800,NY_CLOSE_BROKER_CONVENTION,US100,1724148000,2024-08-20T10:00:00,1724148300,1,1,1,1,0,,0,,0,,0,,0,
2024-08-20,LONDON_0800,NY_CLOSE_BROKER_CONVENTION,US30,1724148000,2024-08-20T10:00:00,1724148300,1,1,1,1,0,,0,,0,,0,,0,
2024-08-20,NEW_YORK_0930,ORIGINAL_DIRECT_UTC,US100,1724160600,2024-08-20T13:30:00,1724160900,1,1,1,1,0,,0,,0,,0,,0,
2024-08-20,NEW_YORK_0930,ORIGINAL_DIRECT_UTC,US30,1724160600,2024-08-20T13:30:00,1724160900,1,1,1,1,0,,0,,0,,0,,0,
2024-08-20,NEW_YORK_0930,NY_CLOSE_BROKER_CONVENTION,US100,1724171400,2024-08-20T16:30:00,1724171700,1,1,1,1,0,,0,,0,,0,,0,
2024-08-20,NEW_YORK_0930,NY_CLOSE_BROKER_CONVENTION,US30,1724171400,2024-08-20T16:30:00,1724171700,1,1,1,1,0,,0,,0,,0,,0,
2024-08-21,LONDON_0800,ORIGINAL_DIRECT_UTC,US100,1724223600,2024-08-21T07:00:00,1724223900,1,1,1,1,0,,0,,0,,0,,0,
2024-08-21,LONDON_0800,ORIGINAL_DIRECT_UTC,US30,1724223600,2024-08-21T07:00:00,1724223900,1,1,1,1,0,,0,,0,,0,,0,
2024-08-21,LONDON_0800,NY_CLOSE_BROKER_CONVENTION,US100,1724234400,2024-08-21T10:00:00,1724234700,1,1,1,1,0,,0,,0,,0,,0,
2024-08-21,LONDON_0800,NY_CLOSE_BROKER_CONVENTION,US30,1724234400,2024-08-21T10:00:00,1724234700,1,1,1,1,0,,0,,0,,0,,0,
2024-08-21,NEW_YORK_0930,ORIGINAL_DIRECT_UTC,US100,1724247000,2024-08-21T13:30:00,1724247300,1,1,1,1,0,,0,,0,,0,,0,
2024-08-21,NEW_YORK_0930,ORIGINAL_DIRECT_UTC,US30,1724247000,2024-08-21T13:30:00,1724247300,1,1,1,1,0,,0,,0,,0,,0,
2024-08-21,NEW_YORK_0930,NY_CLOSE_BROKER_CONVENTION,US100,1724257800,2024-08-21T16:30:00,1724258100,1,1,1,1,0,,0,,0,,0,,0,
2024-08-21,NEW_YORK_0930,NY_CLOSE_BROKER_CONVENTION,US30,1724257800,2024-08-21T16:30:00,1724258100,1,1,1,1,0,,0,,0,,0,,0,
2024-08-22,LONDON_0800,ORIGINAL_DIRECT_UTC,US100,1724310000,2024-08-22T07:00:00,1724310300,1,1,1,1,0,,0,,0,,0,,0,
2024-08-22,LONDON_0800,ORIGINAL_DIRECT_UTC,US30,1724310000,2024-08-22T07:00:00,1724310300,1,1,1,1,0,,0,,0,,0,,0,
2024-08-22,LONDON_0800,NY_CLOSE_BROKER_CONVENTION,US100,1724320800,2024-08-22T10:00:00,1724321100,1,1,1,1,0,,0,,0,,0,,0,
2024-08-22,LONDON_0800,NY_CLOSE_BROKER_CONVENTION,US30,1724320800,2024-08-22T10:00:00,1724321100,1,1,1,1,0,,0,,0,,0,,0,
2024-08-22,NEW_YORK_0930,ORIGINAL_DIRECT_UTC,US100,1724333400,2024-08-22T13:30:00,1724333700,1,1,1,1,0,,0,,0,,0,,0,
2024-08-22,NEW_YORK_0930,ORIGINAL_DIRECT_UTC,US30,1724333400,2024-08-22T13:30:00,1724333700,1,1,1,1,0,,0,,0,,0,,0,
2024-08-22,NEW_YORK_0930,NY_CLOSE_BROKER_CONVENTION,US100,1724344200,2024-08-22T16:30:00,1724344500,1,1,1,1,0,,0,,0,,0,,0,
2024-08-22,NEW_YORK_0930,NY_CLOSE_BROKER_CONVENTION,US30,1724344200,2024-08-22T16:30:00,1724344500,1,1,1,1,0,,0,,0,,0,,0,
2024-08-23,LONDON_0800,ORIGINAL_DIRECT_UTC,US100,1724396400,2024-08-23T07:00:00,1724396700,1,1,1,1,0,,0,,0,,0,,0,
2024-08-23,LONDON_0800,ORIGINAL_DIRECT_UTC,US30,1724396400,2024-08-23T07:00:00,1724396700,1,1,1,1,0,,0,,0,,0,,0,
2024-08-23,LONDON_0800,NY_CLOSE_BROKER_CONVENTION,US100,1724407200,2024-08-23T10:00:00,1724407500,1,1,1,1,0,,0,,0,,0,,0,
2024-08-23,LONDON_0800,NY_CLOSE_BROKER_CONVENTION,US30,1724407200,2024-08-23T10:00:00,1724407500,1,1,1,1,0,,0,,0,,0,,0,
2024-08-23,NEW_YORK_0930,ORIGINAL_DIRECT_UTC,US100,1724419800,2024-08-23T13:30:00,1724420100,1,1,1,1,0,,0,,0,,0,,0,
2024-08-23,NEW_YORK_0930,ORIGINAL_DIRECT_UTC,US30,1724419800,2024-08-23T13:30:00,1724420100,1,1,1,1,0,,0,,0,,0,,0,
2024-08-23,NEW_YORK_0930,NY_CLOSE_BROKER_CONVENTION,US100,1724430600,2024-08-23T16:30:00,1724430900,1,1,1,1,0,,0,,0,,0,,0,
2024-08-23,NEW_YORK_0930,NY_CLOSE_BROKER_CONVENTION,US30,1724430600,2024-08-23T16:30:00,1724430900,1,1,1,1,0,,0,,0,,0,,0,
2024-08-26,LONDON_0800,ORIGINAL_DIRECT_UTC,US100,1724655600,2024-08-26T07:00:00,1724655900,1,1,1,1,0,,0,,0,,0,,0,
2024-08-26,LONDON_0800,ORIGINAL_DIRECT_UTC,US30,1724655600,2024-08-26T07:00:00,1724655900,1,1,1,1,0,,0,,0,,0,,0,
2024-08-26,LONDON_0800,NY_CLOSE_BROKER_CONVENTION,US100,1724666400,2024-08-26T10:00:00,1724666700,1,1,1,1,0,,0,,0,,0,,0,
2024-08-26,LONDON_0800,NY_CLOSE_BROKER_CONVENTION,US30,1724666400,2024-08-26T10:00:00,1724666700,1,1,1,1,0,,0,,0,,0,,0,
2024-08-26,NEW_YORK_0930,ORIGINAL_DIRECT_UTC,US100,1724679000,2024-08-26T13:30:00,1724679300,1,1,1,1,0,,0,,0,,0,,0,
2024-08-26,NEW_YORK_0930,ORIGINAL_DIRECT_UTC,US30,1724679000,2024-08-26T13:30:00,1724679300,1,1,1,1,0,,0,,0,,0,,0,
2024-08-26,NEW_YORK_0930,NY_CLOSE_BROKER_CONVENTION,US100,1724689800,2024-08-26T16:30:00,1724690100,1,1,1,1,0,,0,,0,,0,,0,
2024-08-26,NEW_YORK_0930,NY_CLOSE_BROKER_CONVENTION,US30,1724689800,2024-08-26T16:30:00,1724690100,1,1,1,1,0,,0,,0,,0,,0,
2024-08-27,LONDON_0800,ORIGINAL_DIRECT_UTC,US100,1724742000,2024-08-27T07:00:00,1724742300,1,1,1,1,0,,0,,0,,0,,0,
2024-08-27,LONDON_0800,ORIGINAL_DIRECT_UTC,US30,1724742000,2024-08-27T07:00:00,1724742300,1,1,1,1,0,,0,,0,,0,,0,
2024-08-27,LONDON_0800,NY_CLOSE_BROKER_CONVENTION,US100,1724752800,2024-08-27T10:00:00,1724753100,1,1,1,1,0,,0,,0,,0,,0,
2024-08-27,LONDON_0800,NY_CLOSE_BROKER_CONVENTION,US30,1724752800,2024-08-27T10:00:00,1724753100,1,1,1,1,0,,0,,0,,0,,0,
2024-08-27,NEW_YORK_0930,ORIGINAL_DIRECT_UTC,US100,1724765400,2024-08-27T13:30:00,1724765700,1,1,1,1,0,,0,,0,,0,,0,
2024-08-27,NEW_YORK_0930,ORIGINAL_DIRECT_UTC,US30,1724765400,2024-08-27T13:30:00,1724765700,1,1,1,1,0,,0,,0,,0,,0,
2024-08-27,NEW_YORK_0930,NY_CLOSE_BROKER_CONVENTION,US100,1724776200,2024-08-27T16:30:00,1724776500,1,1,1,1,0,,0,,0,,0,,0,
2024-08-27,NEW_YORK_0930,NY_CLOSE_BROKER_CONVENTION,US30,1724776200,2024-08-27T16:30:00,1724776500,1,1,1,1,0,,0,,0,,0,,0,
2024-08-28,LONDON_0800,ORIGINAL_DIRECT_UTC,US100,1724828400,2024-08-28T07:00:00,1724828700,1,1,1,1,0,,0,,0,,0,,0,
2024-08-28,LONDON_0800,ORIGINAL_DIRECT_UTC,US30,1724828400,2024-08-28T07:00:00,1724828700,1,1,1,1,0,,0,,0,,0,,0,
2024-08-28,LONDON_0800,NY_CLOSE_BROKER_CONVENTION,US100,1724839200,2024-08-28T10:00:00,1724839500,1,1,1,1,0,,0,,0,,0,,0,
2024-08-28,LONDON_0800,NY_CLOSE_BROKER_CONVENTION,US30,1724839200,2024-08-28T10:00:00,1724839500,1,1,1,1,0,,0,,0,,0,,0,
2024-08-28,NEW_YORK_0930,ORIGINAL_DIRECT_UTC,US100,1724851800,2024-08-28T13:30:00,1724852100,1,1,1,1,0,,0,,0,,0,,0,
2024-08-28,NEW_YORK_0930,ORIGINAL_DIRECT_UTC,US30,1724851800,2024-08-28T13:30:00,1724852100,1,1,1,1,0,,0,,0,,0,,0,
2024-08-28,NEW_YORK_0930,NY_CLOSE_BROKER_CONVENTION,US100,1724862600,2024-08-28T16:30:00,1724862900,1,1,1,1,0,,0,,0,,0,,0,
2024-08-28,NEW_YORK_0930,NY_CLOSE_BROKER_CONVENTION,US30,1724862600,2024-08-28T16:30:00,1724862900,1,1,1,1,0,,0,,0,,0,,0,
2024-08-29,LONDON_0800,ORIGINAL_DIRECT_UTC,US100,1724914800,2024-08-29T07:00:00,1724915100,1,1,1,1,0,,0,,0,,0,,0,
2024-08-29,LONDON_0800,ORIGINAL_DIRECT_UTC,US30,1724914800,2024-08-29T07:00:00,1724915100,1,1,1,1,0,,0,,0,,0,,0,
2024-08-29,LONDON_0800,NY_CLOSE_BROKER_CONVENTION,US100,1724925600,2024-08-29T10:00:00,1724925900,1,1,1,1,0,,0,,0,,0,,0,
2024-08-29,LONDON_0800,NY_CLOSE_BROKER_CONVENTION,US30,1724925600,2024-08-29T10:00:00,1724925900,1,1,1,1,0,,0,,0,,0,,0,
2024-08-29,NEW_YORK_0930,ORIGINAL_DIRECT_UTC,US100,1724938200,2024-08-29T13:30:00,1724938500,1,1,1,1,0,,0,,0,,0,,0,
2024-08-29,NEW_YORK_0930,ORIGINAL_DIRECT_UTC,US30,1724938200,2024-08-29T13:30:00,1724938500,1,1,1,1,0,,0,,0,,0,,0,
2024-08-29,NEW_YORK_0930,NY_CLOSE_BROKER_CONVENTION,US100,1724949000,2024-08-29T16:30:00,1724949300,1,1,1,1,0,,0,,0,,0,,0,
2024-08-29,NEW_YORK_0930,NY_CLOSE_BROKER_CONVENTION,US30,1724949000,2024-08-29T16:30:00,1724949300,1,1,1,1,0,,0,,0,,0,,0,
2024-08-30,LONDON_0800,ORIGINAL_DIRECT_UTC,US100,1725001200,2024-08-30T07:00:00,1725001500,1,1,1,1,0,,0,,0,,0,,0,
2024-08-30,LONDON_0800,ORIGINAL_DIRECT_UTC,US30,1725001200,2024-08-30T07:00:00,1725001500,1,1,1,1,0,,0,,0,,0,,0,
2024-08-30,LONDON_0800,NY_CLOSE_BROKER_CONVENTION,US100,1725012000,2024-08-30T10:00:00,1725012300,1,1,1,1,0,,0,,0,,0,,0,
2024-08-30,LONDON_0800,NY_CLOSE_BROKER_CONVENTION,US30,1725012000,2024-08-30T10:00:00,1725012300,1,1,1,1,0,,0,,0,,0,,0,
2024-08-30,NEW_YORK_0930,ORIGINAL_DIRECT_UTC,US100,1725024600,2024-08-30T13:30:00,1725024900,1,1,1,1,0,,0,,0,,0,,0,
2024-08-30,NEW_YORK_0930,ORIGINAL_DIRECT_UTC,US30,1725024600,2024-08-30T13:30:00,1725024900,1,1,1,1,0,,0,,0,,0,,0,
2024-08-30,NEW_YORK_0930,NY_CLOSE_BROKER_CONVENTION,US100,1725035400,2024-08-30T16:30:00,1725035700,1,1,1,1,0,,0,,0,,0,,0,
2024-08-30,NEW_YORK_0930,NY_CLOSE_BROKER_CONVENTION,US30,1725035400,2024-08-30T16:30:00,1725035700,1,1,1,1,0,,0,,0,,0,,0,
2024-09-02,LONDON_0800,ORIGINAL_DIRECT_UTC,US100,1725260400,2024-09-02T07:00:00,1725260700,1,1,1,1,0,,0,,0,,0,,0,
2024-09-02,LONDON_0800,ORIGINAL_DIRECT_UTC,US30,1725260400,2024-09-02T07:00:00,1725260700,1,1,1,1,0,,0,,0,,0,,0,
2024-09-02,LONDON_0800,NY_CLOSE_BROKER_CONVENTION,US100,1725271200,2024-09-02T10:00:00,1725271500,1,1,1,1,0,,0,,0,,0,,0,
2024-09-02,LONDON_0800,NY_CLOSE_BROKER_CONVENTION,US30,1725271200,2024-09-02T10:00:00,1725271500,1,1,1,1,0,,0,,0,,0,,0,
2024-09-02,NEW_YORK_0930,ORIGINAL_DIRECT_UTC,US100,1725283800,2024-09-02T13:30:00,1725284100,1,1,1,1,0,,0,,0,,0,,0,
2024-09-02,NEW_YORK_0930,ORIGINAL_DIRECT_UTC,US30,1725283800,2024-09-02T13:30:00,1725284100,1,1,1,1,0,,0,,0,,0,,0,
2024-09-02,NEW_YORK_0930,NY_CLOSE_BROKER_CONVENTION,US100,1725294600,2024-09-02T16:30:00,1725294900,1,1,1,1,0,,0,,0,,0,,0,
2024-09-02,NEW_YORK_0930,NY_CLOSE_BROKER_CONVENTION,US30,1725294600,2024-09-02T16:30:00,1725294900,1,1,1,1,0,,0,,0,,0,,0,
2024-09-03,LONDON_0800,ORIGINAL_DIRECT_UTC,US100,1725346800,2024-09-03T07:00:00,1725347100,1,1,1,1,0,,0,,0,,0,,0,
2024-09-03,LONDON_0800,ORIGINAL_DIRECT_UTC,US30,1725346800,2024-09-03T07:00:00,1725347100,1,1,1,1,0,,0,,0,,0,,0,
2024-09-03,LONDON_0800,NY_CLOSE_BROKER_CONVENTION,US100,1725357600,2024-09-03T10:00:00,1725357900,1,1,1,1,0,,0,,0,,0,,0,
2024-09-03,LONDON_0800,NY_CLOSE_BROKER_CONVENTION,US30,1725357600,2024-09-03T10:00:00,1725357900,1,1,1,1,0,,0,,0,,0,,0,
2024-09-03,NEW_YORK_0930,ORIGINAL_DIRECT_UTC,US100,1725370200,2024-09-03T13:30:00,1725370500,1,1,1,1,0,,0,,0,,0,,0,
2024-09-03,NEW_YORK_0930,ORIGINAL_DIRECT_UTC,US30,1725370200,2024-09-03T13:30:00,1725370500,1,1,1,1,0,,0,,0,,0,,0,
2024-09-03,NEW_YORK_0930,NY_CLOSE_BROKER_CONVENTION,US100,1725381000,2024-09-03T16:30:00,1725381300,1,1,1,1,0,,0,,0,,0,,0,
2024-09-03,NEW_YORK_0930,NY_CLOSE_BROKER_CONVENTION,US30,1725381000,2024-09-03T16:30:00,1725381300,1,1,1,1,0,,0,,0,,0,,0,
2024-09-04,LONDON_0800,ORIGINAL_DIRECT_UTC,US100,1725433200,2024-09-04T07:00:00,1725433500,1,1,1,1,0,,0,,0,,0,,0,
2024-09-04,LONDON_0800,ORIGINAL_DIRECT_UTC,US30,1725433200,2024-09-04T07:00:00,1725433500,1,1,1,1,0,,0,,0,,0,,0,
2024-09-04,LONDON_0800,NY_CLOSE_BROKER_CONVENTION,US100,1725444000,2024-09-04T10:00:00,1725444300,1,1,1,1,0,,0,,0,,0,,0,
2024-09-04,LONDON_0800,NY_CLOSE_BROKER_CONVENTION,US30,1725444000,2024-09-04T10:00:00,1725444300,1,1,1,1,0,,0,,0,,0,,0,
2024-09-04,NEW_YORK_0930,ORIGINAL_DIRECT_UTC,US100,1725456600,2024-09-04T13:30:00,1725456900,1,1,1,1,0,,0,,0,,0,,0,
2024-09-04,NEW_YORK_0930,ORIGINAL_DIRECT_UTC,US30,1725456600,2024-09-04T13:30:00,1725456900,1,1,1,1,0,,0,,0,,0,,0,
2024-09-04,NEW_YORK_0930,NY_CLOSE_BROKER_CONVENTION,US100,1725467400,2024-09-04T16:30:00,1725467700,1,1,1,1,0,,0,,0,,0,,0,
2024-09-04,NEW_YORK_0930,NY_CLOSE_BROKER_CONVENTION,US30,1725467400,2024-09-04T16:30:00,1725467700,1,1,1,1,0,,0,,0,,0,,0,
2024-09-05,LONDON_0800,ORIGINAL_DIRECT_UTC,US100,1725519600,2024-09-05T07:00:00,1725519900,1,1,1,1,0,,0,,0,,0,,0,
2024-09-05,LONDON_0800,ORIGINAL_DIRECT_UTC,US30,1725519600,2024-09-05T07:00:00,1725519900,1,1,1,1,0,,0,,0,,0,,0,
2024-09-05,LONDON_0800,NY_CLOSE_BROKER_CONVENTION,US100,1725530400,2024-09-05T10:00:00,1725530700,1,1,1,1,0,,0,,0,,0,,0,
2024-09-05,LONDON_0800,NY_CLOSE_BROKER_CONVENTION,US30,1725530400,2024-09-05T10:00:00,1725530700,1,1,1,1,0,,0,,0,,0,,0,
2024-09-05,NEW_YORK_0930,ORIGINAL_DIRECT_UTC,US100,1725543000,2024-09-05T13:30:00,1725543300,1,1,1,1,0,,0,,0,,0,,0,
2024-09-05,NEW_YORK_0930,ORIGINAL_DIRECT_UTC,US30,1725543000,2024-09-05T13:30:00,1725543300,1,1,1,1,0,,0,,0,,0,,0,
2024-09-05,NEW_YORK_0930,NY_CLOSE_BROKER_CONVENTION,US100,1725553800,2024-09-05T16:30:00,1725554100,1,1,1,1,0,,0,,0,,0,,0,
2024-09-05,NEW_YORK_0930,NY_CLOSE_BROKER_CONVENTION,US30,1725553800,2024-09-05T16:30:00,1725554100,1,1,1,1,0,,0,,0,,0,,0,
2024-09-06,LONDON_0800,ORIGINAL_DIRECT_UTC,US100,1725606000,2024-09-06T07:00:00,1725606300,1,1,1,1,0,,0,,0,,0,,0,
2024-09-06,LONDON_0800,ORIGINAL_DIRECT_UTC,US30,1725606000,2024-09-06T07:00:00,1725606300,1,1,1,1,0,,0,,0,,0,,0,
2024-09-06,LONDON_0800,NY_CLOSE_BROKER_CONVENTION,US100,1725616800,2024-09-06T10:00:00,1725617100,1,1,1,1,0,,0,,0,,0,,0,
2024-09-06,LONDON_0800,NY_CLOSE_BROKER_CONVENTION,US30,1725616800,2024-09-06T10:00:00,1725617100,1,1,1,1,0,,0,,0,,0,,0,
2024-09-06,NEW_YORK_0930,ORIGINAL_DIRECT_UTC,US100,1725629400,2024-09-06T13:30:00,1725629700,1,1,1,1,0,,0,,0,,0,,0,
2024-09-06,NEW_YORK_0930,ORIGINAL_DIRECT_UTC,US30,1725629400,2024-09-06T13:30:00,1725629700,1,1,1,1,0,,0,,0,,0,,0,
2024-09-06,NEW_YORK_0930,NY_CLOSE_BROKER_CONVENTION,US100,1725640200,2024-09-06T16:30:00,1725640500,1,1,1,1,0,,0,,0,,0,,0,
2024-09-06,NEW_YORK_0930,NY_CLOSE_BROKER_CONVENTION,US30,1725640200,2024-09-06T16:30:00,1725640500,1,1,1,1,0,,0,,0,,0,,0,
2024-09-09,LONDON_0800,ORIGINAL_DIRECT_UTC,US100,1725865200,2024-09-09T07:00:00,1725865500,1,1,1,1,0,,0,,0,,0,,0,
2024-09-09,LONDON_0800,ORIGINAL_DIRECT_UTC,US30,1725865200,2024-09-09T07:00:00,1725865500,1,1,1,1,0,,0,,0,,0,,0,
2024-09-09,LONDON_0800,NY_CLOSE_BROKER_CONVENTION,US100,1725876000,2024-09-09T10:00:00,1725876300,1,1,1,1,0,,0,,0,,0,,0,
2024-09-09,LONDON_0800,NY_CLOSE_BROKER_CONVENTION,US30,1725876000,2024-09-09T10:00:00,1725876300,1,1,1,1,0,,0,,0,,0,,0,
2024-09-09,NEW_YORK_0930,ORIGINAL_DIRECT_UTC,US100,1725888600,2024-09-09T13:30:00,1725888900,1,1,1,1,0,,0,,0,,0,,0,
2024-09-09,NEW_YORK_0930,ORIGINAL_DIRECT_UTC,US30,1725888600,2024-09-09T13:30:00,1725888900,1,1,1,1,0,,0,,0,,0,,0,
2024-09-09,NEW_YORK_0930,NY_CLOSE_BROKER_CONVENTION,US100,1725899400,2024-09-09T16:30:00,1725899700,1,1,1,1,0,,0,,0,,0,,0,
2024-09-09,NEW_YORK_0930,NY_CLOSE_BROKER_CONVENTION,US30,1725899400,2024-09-09T16:30:00,1725899700,1,1,1,1,0,,0,,0,,0,,0,
2024-09-10,LONDON_0800,ORIGINAL_DIRECT_UTC,US100,1725951600,2024-09-10T07:00:00,1725951900,1,1,1,1,0,,0,,0,,0,,0,
2024-09-10,LONDON_0800,ORIGINAL_DIRECT_UTC,US30,1725951600,2024-09-10T07:00:00,1725951900,1,1,1,1,0,,0,,0,,0,,0,
2024-09-10,LONDON_0800,NY_CLOSE_BROKER_CONVENTION,US100,1725962400,2024-09-10T10:00:00,1725962700,1,1,1,1,0,,0,,0,,0,,0,
2024-09-10,LONDON_0800,NY_CLOSE_BROKER_CONVENTION,US30,1725962400,2024-09-10T10:00:00,1725962700,1,1,1,1,0,,0,,0,,0,,0,
2024-09-10,NEW_YORK_0930,ORIGINAL_DIRECT_UTC,US100,1725975000,2024-09-10T13:30:00,1725975300,1,1,1,1,0,,0,,0,,0,,0,
2024-09-10,NEW_YORK_0930,ORIGINAL_DIRECT_UTC,US30,1725975000,2024-09-10T13:30:00,1725975300,1,1,1,1,0,,0,,0,,0,,0,
2024-09-10,NEW_YORK_0930,NY_CLOSE_BROKER_CONVENTION,US100,1725985800,2024-09-10T16:30:00,1725986100,1,1,1,1,0,,0,,0,,0,,0,
2024-09-10,NEW_YORK_0930,NY_CLOSE_BROKER_CONVENTION,US30,1725985800,2024-09-10T16:30:00,1725986100,1,1,1,1,0,,0,,0,,0,,0,
2024-09-11,LONDON_0800,ORIGINAL_DIRECT_UTC,US100,1726038000,2024-09-11T07:00:00,1726038300,1,1,1,1,0,,0,,0,,0,,0,
2024-09-11,LONDON_0800,ORIGINAL_DIRECT_UTC,US30,1726038000,2024-09-11T07:00:00,1726038300,1,1,1,1,0,,0,,0,,0,,0,
2024-09-11,LONDON_0800,NY_CLOSE_BROKER_CONVENTION,US100,1726048800,2024-09-11T10:00:00,1726049100,1,1,1,1,0,,0,,0,,0,,0,
2024-09-11,LONDON_0800,NY_CLOSE_BROKER_CONVENTION,US30,1726048800,2024-09-11T10:00:00,1726049100,1,1,1,1,0,,0,,0,,0,,0,
2024-09-11,NEW_YORK_0930,ORIGINAL_DIRECT_UTC,US100,1726061400,2024-09-11T13:30:00,1726061700,1,1,1,1,0,,0,,0,,0,,0,
2024-09-11,NEW_YORK_0930,ORIGINAL_DIRECT_UTC,US30,1726061400,2024-09-11T13:30:00,1726061700,1,1,1,1,0,,0,,0,,0,,0,
2024-09-11,NEW_YORK_0930,NY_CLOSE_BROKER_CONVENTION,US100,1726072200,2024-09-11T16:30:00,1726072500,1,1,1,1,0,,0,,0,,0,,0,
2024-09-11,NEW_YORK_0930,NY_CLOSE_BROKER_CONVENTION,US30,1726072200,2024-09-11T16:30:00,1726072500,1,1,1,1,0,,0,,0,,0,,0,
2024-09-12,LONDON_0800,ORIGINAL_DIRECT_UTC,US100,1726124400,2024-09-12T07:00:00,1726124700,1,1,1,1,0,,0,,0,,0,,0,
2024-09-12,LONDON_0800,ORIGINAL_DIRECT_UTC,US30,1726124400,2024-09-12T07:00:00,1726124700,1,1,1,1,0,,0,,0,,0,,0,
2024-09-12,LONDON_0800,NY_CLOSE_BROKER_CONVENTION,US100,1726135200,2024-09-12T10:00:00,1726135500,1,1,1,1,0,,0,,0,,0,,0,
2024-09-12,LONDON_0800,NY_CLOSE_BROKER_CONVENTION,US30,1726135200,2024-09-12T10:00:00,1726135500,1,1,1,1,0,,0,,0,,0,,0,
2024-09-12,NEW_YORK_0930,ORIGINAL_DIRECT_UTC,US100,1726147800,2024-09-12T13:30:00,1726148100,1,1,1,1,0,,0,,0,,0,,0,
2024-09-12,NEW_YORK_0930,ORIGINAL_DIRECT_UTC,US30,1726147800,2024-09-12T13:30:00,1726148100,1,1,1,1,0,,0,,0,,0,,0,
2024-09-12,NEW_YORK_0930,NY_CLOSE_BROKER_CONVENTION,US100,1726158600,2024-09-12T16:30:00,1726158900,1,1,1,1,0,,0,,0,,0,,0,
2024-09-12,NEW_YORK_0930,NY_CLOSE_BROKER_CONVENTION,US30,1726158600,2024-09-12T16:30:00,1726158900,1,1,1,1,0,,0,,0,,0,,0,
2024-09-13,LONDON_0800,ORIGINAL_DIRECT_UTC,US100,1726210800,2024-09-13T07:00:00,1726211100,1,1,1,1,0,,0,,0,,0,,0,
2024-09-13,LONDON_0800,ORIGINAL_DIRECT_UTC,US30,1726210800,2024-09-13T07:00:00,1726211100,1,1,1,1,0,,0,,0,,0,,0,
2024-09-13,LONDON_0800,NY_CLOSE_BROKER_CONVENTION,US100,1726221600,2024-09-13T10:00:00,1726221900,1,1,1,1,0,,0,,0,,0,,0,
2024-09-13,LONDON_0800,NY_CLOSE_BROKER_CONVENTION,US30,1726221600,2024-09-13T10:00:00,1726221900,1,1,1,1,0,,0,,0,,0,,0,
2024-09-13,NEW_YORK_0930,ORIGINAL_DIRECT_UTC,US100,1726234200,2024-09-13T13:30:00,1726234500,1,1,1,1,0,,0,,0,,0,,0,
2024-09-13,NEW_YORK_0930,ORIGINAL_DIRECT_UTC,US30,1726234200,2024-09-13T13:30:00,1726234500,1,1,1,1,0,,0,,0,,0,,0,
2024-09-13,NEW_YORK_0930,NY_CLOSE_BROKER_CONVENTION,US100,1726245000,2024-09-13T16:30:00,1726245300,1,1,1,1,0,,0,,0,,0,,0,
2024-09-13,NEW_YORK_0930,NY_CLOSE_BROKER_CONVENTION,US30,1726245000,2024-09-13T16:30:00,1726245300,1,1,1,1,0,,0,,0,,0,,0,
2024-09-16,LONDON_0800,ORIGINAL_DIRECT_UTC,US100,1726470000,2024-09-16T07:00:00,1726470300,1,1,1,1,0,,0,,0,,0,,0,
2024-09-16,LONDON_0800,ORIGINAL_DIRECT_UTC,US30,1726470000,2024-09-16T07:00:00,1726470300,1,1,1,1,0,,0,,0,,0,,0,
2024-09-16,LONDON_0800,NY_CLOSE_BROKER_CONVENTION,US100,1726480800,2024-09-16T10:00:00,1726481100,1,1,1,1,0,,0,,0,,0,,0,
2024-09-16,LONDON_0800,NY_CLOSE_BROKER_CONVENTION,US30,1726480800,2024-09-16T10:00:00,1726481100,1,1,1,1,0,,0,,0,,0,,0,
2024-09-16,NEW_YORK_0930,ORIGINAL_DIRECT_UTC,US100,1726493400,2024-09-16T13:30:00,1726493700,1,1,1,1,0,,0,,0,,0,,0,
2024-09-16,NEW_YORK_0930,ORIGINAL_DIRECT_UTC,US30,1726493400,2024-09-16T13:30:00,1726493700,1,1,1,1,0,,0,,0,,0,,0,
2024-09-16,NEW_YORK_0930,NY_CLOSE_BROKER_CONVENTION,US100,1726504200,2024-09-16T16:30:00,1726504500,1,1,1,1,0,,0,,0,,0,,0,
2024-09-16,NEW_YORK_0930,NY_CLOSE_BROKER_CONVENTION,US30,1726504200,2024-09-16T16:30:00,1726504500,1,1,1,1,0,,0,,0,,0,,0,
2024-09-17,LONDON_0800,ORIGINAL_DIRECT_UTC,US100,1726556400,2024-09-17T07:00:00,1726556700,1,1,1,1,0,,0,,0,,0,,0,
2024-09-17,LONDON_0800,ORIGINAL_DIRECT_UTC,US30,1726556400,2024-09-17T07:00:00,1726556700,1,1,1,1,0,,0,,0,,0,,0,
2024-09-17,LONDON_0800,NY_CLOSE_BROKER_CONVENTION,US100,1726567200,2024-09-17T10:00:00,1726567500,1,1,1,1,0,,0,,0,,0,,0,
2024-09-17,LONDON_0800,NY_CLOSE_BROKER_CONVENTION,US30,1726567200,2024-09-17T10:00:00,1726567500,1,1,1,1,0,,0,,0,,0,,0,
2024-09-17,NEW_YORK_0930,ORIGINAL_DIRECT_UTC,US100,1726579800,2024-09-17T13:30:00,1726580100,1,1,1,1,0,,0,,0,,0,,0,
2024-09-17,NEW_YORK_0930,ORIGINAL_DIRECT_UTC,US30,1726579800,2024-09-17T13:30:00,1726580100,1,1,1,1,0,,0,,0,,0,,0,
2024-09-17,NEW_YORK_0930,NY_CLOSE_BROKER_CONVENTION,US100,1726590600,2024-09-17T16:30:00,1726590900,1,1,1,1,0,,0,,0,,0,,0,
2024-09-17,NEW_YORK_0930,NY_CLOSE_BROKER_CONVENTION,US30,1726590600,2024-09-17T16:30:00,1726590900,1,1,1,1,0,,0,,0,,0,,0,
2024-09-18,LONDON_0800,ORIGINAL_DIRECT_UTC,US100,1726642800,2024-09-18T07:00:00,1726643100,1,1,1,1,0,,0,,0,,0,,0,
2024-09-18,LONDON_0800,ORIGINAL_DIRECT_UTC,US30,1726642800,2024-09-18T07:00:00,1726643100,1,1,1,1,0,,0,,0,,0,,0,
2024-09-18,LONDON_0800,NY_CLOSE_BROKER_CONVENTION,US100,1726653600,2024-09-18T10:00:00,1726653900,1,1,1,1,0,,0,,0,,0,,0,
2024-09-18,LONDON_0800,NY_CLOSE_BROKER_CONVENTION,US30,1726653600,2024-09-18T10:00:00,1726653900,1,1,1,1,0,,0,,0,,0,,0,
2024-09-18,NEW_YORK_0930,ORIGINAL_DIRECT_UTC,US100,1726666200,2024-09-18T13:30:00,1726666500,1,1,1,1,0,,0,,0,,0,,0,
2024-09-18,NEW_YORK_0930,ORIGINAL_DIRECT_UTC,US30,1726666200,2024-09-18T13:30:00,1726666500,1,1,1,1,0,,0,,0,,0,,0,
2024-09-18,NEW_YORK_0930,NY_CLOSE_BROKER_CONVENTION,US100,1726677000,2024-09-18T16:30:00,1726677300,1,1,1,1,0,,0,,0,,0,,0,
2024-09-18,NEW_YORK_0930,NY_CLOSE_BROKER_CONVENTION,US30,1726677000,2024-09-18T16:30:00,1726677300,1,1,1,1,0,,0,,0,,0,,0,
2024-09-19,LONDON_0800,ORIGINAL_DIRECT_UTC,US100,1726729200,2024-09-19T07:00:00,1726729500,1,1,1,1,0,,0,,0,,0,,0,
2024-09-19,LONDON_0800,ORIGINAL_DIRECT_UTC,US30,1726729200,2024-09-19T07:00:00,1726729500,1,1,1,1,0,,0,,0,,0,,0,
2024-09-19,LONDON_0800,NY_CLOSE_BROKER_CONVENTION,US100,1726740000,2024-09-19T10:00:00,1726740300,1,1,1,1,0,,0,,0,,0,,0,
2024-09-19,LONDON_0800,NY_CLOSE_BROKER_CONVENTION,US30,1726740000,2024-09-19T10:00:00,1726740300,1,1,1,1,0,,0,,0,,0,,0,
2024-09-19,NEW_YORK_0930,ORIGINAL_DIRECT_UTC,US100,1726752600,2024-09-19T13:30:00,1726752900,1,1,1,1,0,,0,,0,,0,,0,
2024-09-19,NEW_YORK_0930,ORIGINAL_DIRECT_UTC,US30,1726752600,2024-09-19T13:30:00,1726752900,1,1,1,1,0,,0,,0,,0,,0,
2024-09-19,NEW_YORK_0930,NY_CLOSE_BROKER_CONVENTION,US100,1726763400,2024-09-19T16:30:00,1726763700,1,1,1,1,0,,0,,0,,0,,0,
2024-09-19,NEW_YORK_0930,NY_CLOSE_BROKER_CONVENTION,US30,1726763400,2024-09-19T16:30:00,1726763700,1,1,1,1,0,,0,,0,,0,,0,
2024-09-20,LONDON_0800,ORIGINAL_DIRECT_UTC,US100,1726815600,2024-09-20T07:00:00,1726815900,1,1,1,1,0,,0,,0,,0,,0,
2024-09-20,LONDON_0800,ORIGINAL_DIRECT_UTC,US30,1726815600,2024-09-20T07:00:00,1726815900,1,1,1,1,0,,0,,0,,0,,0,
2024-09-20,LONDON_0800,NY_CLOSE_BROKER_CONVENTION,US100,1726826400,2024-09-20T10:00:00,1726826700,1,1,1,1,0,,0,,0,,0,,0,
2024-09-20,LONDON_0800,NY_CLOSE_BROKER_CONVENTION,US30,1726826400,2024-09-20T10:00:00,1726826700,1,1,1,1,0,,0,,0,,0,,0,
2024-09-20,NEW_YORK_0930,ORIGINAL_DIRECT_UTC,US100,1726839000,2024-09-20T13:30:00,1726839300,1,1,1,1,0,,0,,0,,0,,0,
2024-09-20,NEW_YORK_0930,ORIGINAL_DIRECT_UTC,US30,1726839000,2024-09-20T13:30:00,1726839300,1,1,1,1,0,,0,,0,,0,,0,
2024-09-20,NEW_YORK_0930,NY_CLOSE_BROKER_CONVENTION,US100,1726849800,2024-09-20T16:30:00,1726850100,1,1,1,1,0,,0,,0,,0,,0,
2024-09-20,NEW_YORK_0930,NY_CLOSE_BROKER_CONVENTION,US30,1726849800,2024-09-20T16:30:00,1726850100,1,1,1,1,0,,0,,0,,0,,0,
2024-09-23,LONDON_0800,ORIGINAL_DIRECT_UTC,US100,1727074800,2024-09-23T07:00:00,1727075100,1,1,1,1,0,,0,,0,,0,,0,
2024-09-23,LONDON_0800,ORIGINAL_DIRECT_UTC,US30,1727074800,2024-09-23T07:00:00,1727075100,1,1,1,1,0,,0,,0,,0,,0,
2024-09-23,LONDON_0800,NY_CLOSE_BROKER_CONVENTION,US100,1727085600,2024-09-23T10:00:00,1727085900,1,1,1,1,0,,0,,0,,0,,0,
2024-09-23,LONDON_0800,NY_CLOSE_BROKER_CONVENTION,US30,1727085600,2024-09-23T10:00:00,1727085900,1,1,1,1,0,,0,,0,,0,,0,
2024-09-23,NEW_YORK_0930,ORIGINAL_DIRECT_UTC,US100,1727098200,2024-09-23T13:30:00,1727098500,1,1,1,1,0,,0,,0,,0,,0,
2024-09-23,NEW_YORK_0930,ORIGINAL_DIRECT_UTC,US30,1727098200,2024-09-23T13:30:00,1727098500,1,1,1,1,0,,0,,0,,0,,0,
2024-09-23,NEW_YORK_0930,NY_CLOSE_BROKER_CONVENTION,US100,1727109000,2024-09-23T16:30:00,1727109300,1,1,1,1,0,,0,,0,,0,,0,
2024-09-23,NEW_YORK_0930,NY_CLOSE_BROKER_CONVENTION,US30,1727109000,2024-09-23T16:30:00,1727109300,1,1,1,1,0,,0,,0,,0,,0,
2024-09-24,LONDON_0800,ORIGINAL_DIRECT_UTC,US100,1727161200,2024-09-24T07:00:00,1727161500,1,1,1,1,0,,0,,0,,0,,0,
2024-09-24,LONDON_0800,ORIGINAL_DIRECT_UTC,US30,1727161200,2024-09-24T07:00:00,1727161500,1,1,1,1,0,,0,,0,,0,,0,
2024-09-24,LONDON_0800,NY_CLOSE_BROKER_CONVENTION,US100,1727172000,2024-09-24T10:00:00,1727172300,1,1,1,1,0,,0,,0,,0,,0,
2024-09-24,LONDON_0800,NY_CLOSE_BROKER_CONVENTION,US30,1727172000,2024-09-24T10:00:00,1727172300,1,1,1,1,0,,0,,0,,0,,0,
2024-09-24,NEW_YORK_0930,ORIGINAL_DIRECT_UTC,US100,1727184600,2024-09-24T13:30:00,1727184900,1,1,1,1,0,,0,,0,,0,,0,
2024-09-24,NEW_YORK_0930,ORIGINAL_DIRECT_UTC,US30,1727184600,2024-09-24T13:30:00,1727184900,1,1,1,1,0,,0,,0,,0,,0,
2024-09-24,NEW_YORK_0930,NY_CLOSE_BROKER_CONVENTION,US100,1727195400,2024-09-24T16:30:00,1727195700,1,1,1,1,0,,0,,0,,0,,0,
2024-09-24,NEW_YORK_0930,NY_CLOSE_BROKER_CONVENTION,US30,1727195400,2024-09-24T16:30:00,1727195700,1,1,1,1,0,,0,,0,,0,,0,
2024-09-25,LONDON_0800,ORIGINAL_DIRECT_UTC,US100,1727247600,2024-09-25T07:00:00,1727247900,1,1,1,1,0,,0,,0,,0,,0,
2024-09-25,LONDON_0800,ORIGINAL_DIRECT_UTC,US30,1727247600,2024-09-25T07:00:00,1727247900,1,1,1,1,0,,0,,0,,0,,0,
2024-09-25,LONDON_0800,NY_CLOSE_BROKER_CONVENTION,US100,1727258400,2024-09-25T10:00:00,1727258700,1,1,1,1,0,,0,,0,,0,,0,
2024-09-25,LONDON_0800,NY_CLOSE_BROKER_CONVENTION,US30,1727258400,2024-09-25T10:00:00,1727258700,1,1,1,1,0,,0,,0,,0,,0,
2024-09-25,NEW_YORK_0930,ORIGINAL_DIRECT_UTC,US100,1727271000,2024-09-25T13:30:00,1727271300,1,1,1,1,0,,0,,0,,0,,0,
2024-09-25,NEW_YORK_0930,ORIGINAL_DIRECT_UTC,US30,1727271000,2024-09-25T13:30:00,1727271300,1,1,1,1,0,,0,,0,,0,,0,
2024-09-25,NEW_YORK_0930,NY_CLOSE_BROKER_CONVENTION,US100,1727281800,2024-09-25T16:30:00,1727282100,1,1,1,1,0,,0,,0,,0,,0,
2024-09-25,NEW_YORK_0930,NY_CLOSE_BROKER_CONVENTION,US30,1727281800,2024-09-25T16:30:00,1727282100,1,1,1,1,0,,0,,0,,0,,0,
2024-09-26,LONDON_0800,ORIGINAL_DIRECT_UTC,US100,1727334000,2024-09-26T07:00:00,1727334300,1,1,1,1,0,,0,,0,,0,,0,
2024-09-26,LONDON_0800,ORIGINAL_DIRECT_UTC,US30,1727334000,2024-09-26T07:00:00,1727334300,1,1,1,1,0,,0,,0,,0,,0,
2024-09-26,LONDON_0800,NY_CLOSE_BROKER_CONVENTION,US100,1727344800,2024-09-26T10:00:00,1727345100,1,1,1,1,0,,0,,0,,0,,0,
2024-09-26,LONDON_0800,NY_CLOSE_BROKER_CONVENTION,US30,1727344800,2024-09-26T10:00:00,1727345100,1,1,1,1,0,,0,,0,,0,,0,
2024-09-26,NEW_YORK_0930,ORIGINAL_DIRECT_UTC,US100,1727357400,2024-09-26T13:30:00,1727357700,1,1,1,1,0,,0,,0,,0,,0,
2024-09-26,NEW_YORK_0930,ORIGINAL_DIRECT_UTC,US30,1727357400,2024-09-26T13:30:00,1727357700,1,1,1,1,0,,0,,0,,0,,0,
2024-09-26,NEW_YORK_0930,NY_CLOSE_BROKER_CONVENTION,US100,1727368200,2024-09-26T16:30:00,1727368500,1,1,1,1,0,,0,,0,,0,,0,
2024-09-26,NEW_YORK_0930,NY_CLOSE_BROKER_CONVENTION,US30,1727368200,2024-09-26T16:30:00,1727368500,1,1,1,1,0,,0,,0,,0,,0,
2024-09-27,LONDON_0800,ORIGINAL_DIRECT_UTC,US100,1727420400,2024-09-27T07:00:00,1727420700,1,1,1,1,0,,0,,0,,0,,0,
2024-09-27,LONDON_0800,ORIGINAL_DIRECT_UTC,US30,1727420400,2024-09-27T07:00:00,1727420700,1,1,1,1,0,,0,,0,,0,,0,
2024-09-27,LONDON_0800,NY_CLOSE_BROKER_CONVENTION,US100,1727431200,2024-09-27T10:00:00,1727431500,1,1,1,1,0,,0,,0,,0,,0,
2024-09-27,LONDON_0800,NY_CLOSE_BROKER_CONVENTION,US30,1727431200,2024-09-27T10:00:00,1727431500,1,1,1,1,0,,0,,0,,0,,0,
2024-09-27,NEW_YORK_0930,ORIGINAL_DIRECT_UTC,US100,1727443800,2024-09-27T13:30:00,1727444100,1,1,1,1,0,,0,,0,,0,,0,
2024-09-27,NEW_YORK_0930,ORIGINAL_DIRECT_UTC,US30,1727443800,2024-09-27T13:30:00,1727444100,1,1,1,1,0,,0,,0,,0,,0,
2024-09-27,NEW_YORK_0930,NY_CLOSE_BROKER_CONVENTION,US100,1727454600,2024-09-27T16:30:00,1727454900,1,1,1,1,0,,0,,0,,0,,0,
2024-09-27,NEW_YORK_0930,NY_CLOSE_BROKER_CONVENTION,US30,1727454600,2024-09-27T16:30:00,1727454900,1,1,1,1,0,,0,,0,,0,,0,
2024-09-30,LONDON_0800,ORIGINAL_DIRECT_UTC,US100,1727679600,2024-09-30T07:00:00,1727679900,1,1,1,1,0,,0,,0,,0,,0,
2024-09-30,LONDON_0800,ORIGINAL_DIRECT_UTC,US30,1727679600,2024-09-30T07:00:00,1727679900,1,1,1,1,0,,0,,0,,0,,0,
2024-09-30,LONDON_0800,NY_CLOSE_BROKER_CONVENTION,US100,1727690400,2024-09-30T10:00:00,1727690700,1,1,1,1,0,,0,,0,,0,,0,
2024-09-30,LONDON_0800,NY_CLOSE_BROKER_CONVENTION,US30,1727690400,2024-09-30T10:00:00,1727690700,1,1,1,1,0,,0,,0,,0,,0,
2024-09-30,NEW_YORK_0930,ORIGINAL_DIRECT_UTC,US100,1727703000,2024-09-30T13:30:00,1727703300,1,1,1,1,0,,0,,0,,0,,0,
2024-09-30,NEW_YORK_0930,ORIGINAL_DIRECT_UTC,US30,1727703000,2024-09-30T13:30:00,1727703300,1,1,1,1,0,,0,,0,,0,,0,
2024-09-30,NEW_YORK_0930,NY_CLOSE_BROKER_CONVENTION,US100,1727713800,2024-09-30T16:30:00,1727714100,1,1,1,1,0,,0,,0,,0,,0,
2024-09-30,NEW_YORK_0930,NY_CLOSE_BROKER_CONVENTION,US30,1727713800,2024-09-30T16:30:00,1727714100,1,1,1,1,0,,0,,0,,0,,0,
2024-10-01,LONDON_0800,ORIGINAL_DIRECT_UTC,US100,1727766000,2024-10-01T07:00:00,1727766300,1,1,1,1,0,,0,,0,,0,,0,
2024-10-01,LONDON_0800,ORIGINAL_DIRECT_UTC,US30,1727766000,2024-10-01T07:00:00,1727766300,1,1,1,1,0,,0,,0,,0,,0,
2024-10-01,LONDON_0800,NY_CLOSE_BROKER_CONVENTION,US100,1727776800,2024-10-01T10:00:00,1727777100,1,1,1,1,0,,0,,0,,0,,0,
2024-10-01,LONDON_0800,NY_CLOSE_BROKER_CONVENTION,US30,1727776800,2024-10-01T10:00:00,1727777100,1,1,1,1,0,,0,,0,,0,,0,
2024-10-01,NEW_YORK_0930,ORIGINAL_DIRECT_UTC,US100,1727789400,2024-10-01T13:30:00,1727789700,1,1,1,1,0,,0,,0,,0,,0,
2024-10-01,NEW_YORK_0930,ORIGINAL_DIRECT_UTC,US30,1727789400,2024-10-01T13:30:00,1727789700,1,1,1,1,0,,0,,0,,0,,0,
2024-10-01,NEW_YORK_0930,NY_CLOSE_BROKER_CONVENTION,US100,1727800200,2024-10-01T16:30:00,1727800500,1,1,1,1,0,,0,,0,,0,,0,
2024-10-01,NEW_YORK_0930,NY_CLOSE_BROKER_CONVENTION,US30,1727800200,2024-10-01T16:30:00,1727800500,1,1,1,1,0,,0,,0,,0,,0,
2024-10-02,LONDON_0800,ORIGINAL_DIRECT_UTC,US100,1727852400,2024-10-02T07:00:00,1727852700,1,1,1,1,0,,0,,0,,0,,0,
2024-10-02,LONDON_0800,ORIGINAL_DIRECT_UTC,US30,1727852400,2024-10-02T07:00:00,1727852700,1,1,1,1,0,,0,,0,,0,,0,
2024-10-02,LONDON_0800,NY_CLOSE_BROKER_CONVENTION,US100,1727863200,2024-10-02T10:00:00,1727863500,1,1,1,1,0,,0,,0,,0,,0,
2024-10-02,LONDON_0800,NY_CLOSE_BROKER_CONVENTION,US30,1727863200,2024-10-02T10:00:00,1727863500,1,1,1,1,0,,0,,0,,0,,0,
2024-10-02,NEW_YORK_0930,ORIGINAL_DIRECT_UTC,US100,1727875800,2024-10-02T13:30:00,1727876100,1,1,1,1,0,,0,,0,,0,,0,
2024-10-02,NEW_YORK_0930,ORIGINAL_DIRECT_UTC,US30,1727875800,2024-10-02T13:30:00,1727876100,1,1,1,1,0,,0,,0,,0,,0,
2024-10-02,NEW_YORK_0930,NY_CLOSE_BROKER_CONVENTION,US100,1727886600,2024-10-02T16:30:00,1727886900,1,1,1,1,0,,0,,0,,0,,0,
2024-10-02,NEW_YORK_0930,NY_CLOSE_BROKER_CONVENTION,US30,1727886600,2024-10-02T16:30:00,1727886900,1,1,1,1,0,,0,,0,,0,,0,
2024-10-03,LONDON_0800,ORIGINAL_DIRECT_UTC,US100,1727938800,2024-10-03T07:00:00,1727939100,1,1,1,1,0,,0,,0,,0,,0,
2024-10-03,LONDON_0800,ORIGINAL_DIRECT_UTC,US30,1727938800,2024-10-03T07:00:00,1727939100,1,1,1,1,0,,0,,0,,0,,0,
2024-10-03,LONDON_0800,NY_CLOSE_BROKER_CONVENTION,US100,1727949600,2024-10-03T10:00:00,1727949900,1,1,1,1,0,,0,,0,,0,,0,
2024-10-03,LONDON_0800,NY_CLOSE_BROKER_CONVENTION,US30,1727949600,2024-10-03T10:00:00,1727949900,1,1,1,1,0,,0,,0,,0,,0,
2024-10-03,NEW_YORK_0930,ORIGINAL_DIRECT_UTC,US100,1727962200,2024-10-03T13:30:00,1727962500,1,1,1,1,0,,0,,0,,0,,0,
2024-10-03,NEW_YORK_0930,ORIGINAL_DIRECT_UTC,US30,1727962200,2024-10-03T13:30:00,1727962500,1,1,1,1,0,,0,,0,,0,,0,
2024-10-03,NEW_YORK_0930,NY_CLOSE_BROKER_CONVENTION,US100,1727973000,2024-10-03T16:30:00,1727973300,1,1,1,1,0,,0,,0,,0,,0,
2024-10-03,NEW_YORK_0930,NY_CLOSE_BROKER_CONVENTION,US30,1727973000,2024-10-03T16:30:00,1727973300,1,1,1,1,0,,0,,0,,0,,0,
2024-10-04,LONDON_0800,ORIGINAL_DIRECT_UTC,US100,1728025200,2024-10-04T07:00:00,1728025500,1,1,1,1,0,,0,,0,,0,,0,
2024-10-04,LONDON_0800,ORIGINAL_DIRECT_UTC,US30,1728025200,2024-10-04T07:00:00,1728025500,1,1,1,1,0,,0,,0,,0,,0,
2024-10-04,LONDON_0800,NY_CLOSE_BROKER_CONVENTION,US100,1728036000,2024-10-04T10:00:00,1728036300,1,1,1,1,0,,0,,0,,0,,0,
2024-10-04,LONDON_0800,NY_CLOSE_BROKER_CONVENTION,US30,1728036000,2024-10-04T10:00:00,1728036300,1,1,1,1,0,,0,,0,,0,,0,
2024-10-04,NEW_YORK_0930,ORIGINAL_DIRECT_UTC,US100,1728048600,2024-10-04T13:30:00,1728048900,1,1,1,1,0,,0,,0,,0,,0,
2024-10-04,NEW_YORK_0930,ORIGINAL_DIRECT_UTC,US30,1728048600,2024-10-04T13:30:00,1728048900,1,1,1,1,0,,0,,0,,0,,0,
2024-10-04,NEW_YORK_0930,NY_CLOSE_BROKER_CONVENTION,US100,1728059400,2024-10-04T16:30:00,1728059700,1,1,1,1,0,,0,,0,,0,,0,
2024-10-04,NEW_YORK_0930,NY_CLOSE_BROKER_CONVENTION,US30,1728059400,2024-10-04T16:30:00,1728059700,1,1,1,1,0,,0,,0,,0,,0,
2024-10-07,LONDON_0800,ORIGINAL_DIRECT_UTC,US100,1728284400,2024-10-07T07:00:00,1728284700,1,1,1,1,0,,0,,0,,0,,0,
2024-10-07,LONDON_0800,ORIGINAL_DIRECT_UTC,US30,1728284400,2024-10-07T07:00:00,1728284700,1,1,1,1,0,,0,,0,,0,,0,
2024-10-07,LONDON_0800,NY_CLOSE_BROKER_CONVENTION,US100,1728295200,2024-10-07T10:00:00,1728295500,1,1,1,1,0,,0,,0,,0,,0,
2024-10-07,LONDON_0800,NY_CLOSE_BROKER_CONVENTION,US30,1728295200,2024-10-07T10:00:00,1728295500,1,1,1,1,0,,0,,0,,0,,0,
2024-10-07,NEW_YORK_0930,ORIGINAL_DIRECT_UTC,US100,1728307800,2024-10-07T13:30:00,1728308100,1,1,1,1,0,,0,,0,,0,,0,
2024-10-07,NEW_YORK_0930,ORIGINAL_DIRECT_UTC,US30,1728307800,2024-10-07T13:30:00,1728308100,1,1,1,1,0,,0,,0,,0,,0,
2024-10-07,NEW_YORK_0930,NY_CLOSE_BROKER_CONVENTION,US100,1728318600,2024-10-07T16:30:00,1728318900,1,1,1,1,0,,0,,0,,0,,0,
2024-10-07,NEW_YORK_0930,NY_CLOSE_BROKER_CONVENTION,US30,1728318600,2024-10-07T16:30:00,1728318900,1,1,1,1,0,,0,,0,,0,,0,
2024-10-08,LONDON_0800,ORIGINAL_DIRECT_UTC,US100,1728370800,2024-10-08T07:00:00,1728371100,1,1,1,1,0,,0,,0,,0,,0,
2024-10-08,LONDON_0800,ORIGINAL_DIRECT_UTC,US30,1728370800,2024-10-08T07:00:00,1728371100,1,1,1,1,0,,0,,0,,0,,0,
2024-10-08,LONDON_0800,NY_CLOSE_BROKER_CONVENTION,US100,1728381600,2024-10-08T10:00:00,1728381900,1,1,1,1,0,,0,,0,,0,,0,
2024-10-08,LONDON_0800,NY_CLOSE_BROKER_CONVENTION,US30,1728381600,2024-10-08T10:00:00,1728381900,1,1,1,1,0,,0,,0,,0,,0,
2024-10-08,NEW_YORK_0930,ORIGINAL_DIRECT_UTC,US100,1728394200,2024-10-08T13:30:00,1728394500,1,1,1,1,0,,0,,0,,0,,0,
2024-10-08,NEW_YORK_0930,ORIGINAL_DIRECT_UTC,US30,1728394200,2024-10-08T13:30:00,1728394500,1,1,1,1,0,,0,,0,,0,,0,
2024-10-08,NEW_YORK_0930,NY_CLOSE_BROKER_CONVENTION,US100,1728405000,2024-10-08T16:30:00,1728405300,1,1,1,1,0,,0,,0,,0,,0,
2024-10-08,NEW_YORK_0930,NY_CLOSE_BROKER_CONVENTION,US30,1728405000,2024-10-08T16:30:00,1728405300,1,1,1,1,0,,0,,0,,0,,0,
2024-10-09,LONDON_0800,ORIGINAL_DIRECT_UTC,US100,1728457200,2024-10-09T07:00:00,1728457500,1,1,1,1,0,,0,,0,,0,,0,
2024-10-09,LONDON_0800,ORIGINAL_DIRECT_UTC,US30,1728457200,2024-10-09T07:00:00,1728457500,1,1,1,1,0,,0,,0,,0,,0,
2024-10-09,LONDON_0800,NY_CLOSE_BROKER_CONVENTION,US100,1728468000,2024-10-09T10:00:00,1728468300,1,1,1,1,0,,0,,0,,0,,0,
2024-10-09,LONDON_0800,NY_CLOSE_BROKER_CONVENTION,US30,1728468000,2024-10-09T10:00:00,1728468300,1,1,1,1,0,,0,,0,,0,,0,
2024-10-09,NEW_YORK_0930,ORIGINAL_DIRECT_UTC,US100,1728480600,2024-10-09T13:30:00,1728480900,1,1,1,1,0,,0,,0,,0,,0,
2024-10-09,NEW_YORK_0930,ORIGINAL_DIRECT_UTC,US30,1728480600,2024-10-09T13:30:00,1728480900,1,1,1,1,0,,0,,0,,0,,0,
2024-10-09,NEW_YORK_0930,NY_CLOSE_BROKER_CONVENTION,US100,1728491400,2024-10-09T16:30:00,1728491700,1,1,1,1,0,,0,,0,,0,,0,
2024-10-09,NEW_YORK_0930,NY_CLOSE_BROKER_CONVENTION,US30,1728491400,2024-10-09T16:30:00,1728491700,1,1,1,1,0,,0,,0,,0,,0,
2024-10-10,LONDON_0800,ORIGINAL_DIRECT_UTC,US100,1728543600,2024-10-10T07:00:00,1728543900,1,1,1,1,0,,0,,0,,0,,0,
2024-10-10,LONDON_0800,ORIGINAL_DIRECT_UTC,US30,1728543600,2024-10-10T07:00:00,1728543900,1,1,1,1,0,,0,,0,,0,,0,
2024-10-10,LONDON_0800,NY_CLOSE_BROKER_CONVENTION,US100,1728554400,2024-10-10T10:00:00,1728554700,1,1,1,1,0,,0,,0,,0,,0,
2024-10-10,LONDON_0800,NY_CLOSE_BROKER_CONVENTION,US30,1728554400,2024-10-10T10:00:00,1728554700,1,1,1,1,0,,0,,0,,0,,0,
2024-10-10,NEW_YORK_0930,ORIGINAL_DIRECT_UTC,US100,1728567000,2024-10-10T13:30:00,1728567300,1,1,1,1,0,,0,,0,,0,,0,
2024-10-10,NEW_YORK_0930,ORIGINAL_DIRECT_UTC,US30,1728567000,2024-10-10T13:30:00,1728567300,1,1,1,1,0,,0,,0,,0,,0,
2024-10-10,NEW_YORK_0930,NY_CLOSE_BROKER_CONVENTION,US100,1728577800,2024-10-10T16:30:00,1728578100,1,1,1,1,0,,0,,0,,0,,0,
2024-10-10,NEW_YORK_0930,NY_CLOSE_BROKER_CONVENTION,US30,1728577800,2024-10-10T16:30:00,1728578100,1,1,1,1,0,,0,,0,,0,,0,
2024-10-11,LONDON_0800,ORIGINAL_DIRECT_UTC,US100,1728630000,2024-10-11T07:00:00,1728630300,1,1,1,1,0,,0,,0,,0,,0,
2024-10-11,LONDON_0800,ORIGINAL_DIRECT_UTC,US30,1728630000,2024-10-11T07:00:00,1728630300,1,1,1,1,0,,0,,0,,0,,0,
2024-10-11,LONDON_0800,NY_CLOSE_BROKER_CONVENTION,US100,1728640800,2024-10-11T10:00:00,1728641100,1,1,1,1,0,,0,,0,,0,,0,
2024-10-11,LONDON_0800,NY_CLOSE_BROKER_CONVENTION,US30,1728640800,2024-10-11T10:00:00,1728641100,1,1,1,1,0,,0,,0,,0,,0,
2024-10-11,NEW_YORK_0930,ORIGINAL_DIRECT_UTC,US100,1728653400,2024-10-11T13:30:00,1728653700,1,1,1,1,0,,0,,0,,0,,0,
2024-10-11,NEW_YORK_0930,ORIGINAL_DIRECT_UTC,US30,1728653400,2024-10-11T13:30:00,1728653700,1,1,1,1,0,,0,,0,,0,,0,
2024-10-11,NEW_YORK_0930,NY_CLOSE_BROKER_CONVENTION,US100,1728664200,2024-10-11T16:30:00,1728664500,1,1,1,1,0,,0,,0,,0,,0,
2024-10-11,NEW_YORK_0930,NY_CLOSE_BROKER_CONVENTION,US30,1728664200,2024-10-11T16:30:00,1728664500,1,1,1,1,0,,0,,0,,0,,0,
2024-10-14,LONDON_0800,ORIGINAL_DIRECT_UTC,US100,1728889200,2024-10-14T07:00:00,1728889500,1,1,1,1,0,,0,,0,,0,,0,
2024-10-14,LONDON_0800,ORIGINAL_DIRECT_UTC,US30,1728889200,2024-10-14T07:00:00,1728889500,1,1,1,1,0,,0,,0,,0,,0,
2024-10-14,LONDON_0800,NY_CLOSE_BROKER_CONVENTION,US100,1728900000,2024-10-14T10:00:00,1728900300,1,1,1,1,0,,0,,0,,0,,0,
2024-10-14,LONDON_0800,NY_CLOSE_BROKER_CONVENTION,US30,1728900000,2024-10-14T10:00:00,1728900300,1,1,1,1,0,,0,,0,,0,,0,
2024-10-14,NEW_YORK_0930,ORIGINAL_DIRECT_UTC,US100,1728912600,2024-10-14T13:30:00,1728912900,1,1,1,1,0,,0,,0,,0,,0,
2024-10-14,NEW_YORK_0930,ORIGINAL_DIRECT_UTC,US30,1728912600,2024-10-14T13:30:00,1728912900,1,1,1,1,0,,0,,0,,0,,0,
2024-10-14,NEW_YORK_0930,NY_CLOSE_BROKER_CONVENTION,US100,1728923400,2024-10-14T16:30:00,1728923700,1,1,1,1,0,,0,,0,,0,,0,
2024-10-14,NEW_YORK_0930,NY_CLOSE_BROKER_CONVENTION,US30,1728923400,2024-10-14T16:30:00,1728923700,1,1,1,1,0,,0,,0,,0,,0,
2024-10-15,LONDON_0800,ORIGINAL_DIRECT_UTC,US100,1728975600,2024-10-15T07:00:00,1728975900,1,1,1,1,0,,0,,0,,0,,0,
2024-10-15,LONDON_0800,ORIGINAL_DIRECT_UTC,US30,1728975600,2024-10-15T07:00:00,1728975900,1,1,1,1,0,,0,,0,,0,,0,
2024-10-15,LONDON_0800,NY_CLOSE_BROKER_CONVENTION,US100,1728986400,2024-10-15T10:00:00,1728986700,1,1,1,1,0,,0,,0,,0,,0,
2024-10-15,LONDON_0800,NY_CLOSE_BROKER_CONVENTION,US30,1728986400,2024-10-15T10:00:00,1728986700,1,1,1,1,0,,0,,0,,0,,0,
2024-10-15,NEW_YORK_0930,ORIGINAL_DIRECT_UTC,US100,1728999000,2024-10-15T13:30:00,1728999300,1,1,1,1,0,,0,,0,,0,,0,
2024-10-15,NEW_YORK_0930,ORIGINAL_DIRECT_UTC,US30,1728999000,2024-10-15T13:30:00,1728999300,1,1,1,1,0,,0,,0,,0,,0,
2024-10-15,NEW_YORK_0930,NY_CLOSE_BROKER_CONVENTION,US100,1729009800,2024-10-15T16:30:00,1729010100,1,1,1,1,0,,0,,0,,0,,0,
2024-10-15,NEW_YORK_0930,NY_CLOSE_BROKER_CONVENTION,US30,1729009800,2024-10-15T16:30:00,1729010100,1,1,1,1,0,,0,,0,,0,,0,
2024-10-16,LONDON_0800,ORIGINAL_DIRECT_UTC,US100,1729062000,2024-10-16T07:00:00,1729062300,1,1,1,1,0,,0,,0,,0,,0,
2024-10-16,LONDON_0800,ORIGINAL_DIRECT_UTC,US30,1729062000,2024-10-16T07:00:00,1729062300,1,1,1,1,0,,0,,0,,0,,0,
2024-10-16,LONDON_0800,NY_CLOSE_BROKER_CONVENTION,US100,1729072800,2024-10-16T10:00:00,1729073100,1,1,1,1,0,,0,,0,,0,,0,
2024-10-16,LONDON_0800,NY_CLOSE_BROKER_CONVENTION,US30,1729072800,2024-10-16T10:00:00,1729073100,1,1,1,1,0,,0,,0,,0,,0,
2024-10-16,NEW_YORK_0930,ORIGINAL_DIRECT_UTC,US100,1729085400,2024-10-16T13:30:00,1729085700,1,1,1,1,0,,0,,0,,0,,0,
2024-10-16,NEW_YORK_0930,ORIGINAL_DIRECT_UTC,US30,1729085400,2024-10-16T13:30:00,1729085700,1,1,1,1,0,,0,,0,,0,,0,
2024-10-16,NEW_YORK_0930,NY_CLOSE_BROKER_CONVENTION,US100,1729096200,2024-10-16T16:30:00,1729096500,1,1,1,1,0,,0,,0,,0,,0,
2024-10-16,NEW_YORK_0930,NY_CLOSE_BROKER_CONVENTION,US30,1729096200,2024-10-16T16:30:00,1729096500,1,1,1,1,0,,0,,0,,0,,0,
2024-10-17,LONDON_0800,ORIGINAL_DIRECT_UTC,US100,1729148400,2024-10-17T07:00:00,1729148700,1,1,1,1,0,,0,,0,,0,,0,
2024-10-17,LONDON_0800,ORIGINAL_DIRECT_UTC,US30,1729148400,2024-10-17T07:00:00,1729148700,1,1,1,1,0,,0,,0,,0,,0,
2024-10-17,LONDON_0800,NY_CLOSE_BROKER_CONVENTION,US100,1729159200,2024-10-17T10:00:00,1729159500,1,1,1,1,0,,0,,0,,0,,0,
2024-10-17,LONDON_0800,NY_CLOSE_BROKER_CONVENTION,US30,1729159200,2024-10-17T10:00:00,1729159500,1,1,1,1,0,,0,,0,,0,,0,
2024-10-17,NEW_YORK_0930,ORIGINAL_DIRECT_UTC,US100,1729171800,2024-10-17T13:30:00,1729172100,1,1,1,1,0,,0,,0,,0,,0,
2024-10-17,NEW_YORK_0930,ORIGINAL_DIRECT_UTC,US30,1729171800,2024-10-17T13:30:00,1729172100,1,1,1,1,0,,0,,0,,0,,0,
2024-10-17,NEW_YORK_0930,NY_CLOSE_BROKER_CONVENTION,US100,1729182600,2024-10-17T16:30:00,1729182900,1,1,1,1,0,,0,,0,,0,,0,
2024-10-17,NEW_YORK_0930,NY_CLOSE_BROKER_CONVENTION,US30,1729182600,2024-10-17T16:30:00,1729182900,1,1,1,1,0,,0,,0,,0,,0,
2024-10-18,LONDON_0800,ORIGINAL_DIRECT_UTC,US100,1729234800,2024-10-18T07:00:00,1729235100,1,1,1,1,0,,0,,0,,0,,0,
2024-10-18,LONDON_0800,ORIGINAL_DIRECT_UTC,US30,1729234800,2024-10-18T07:00:00,1729235100,1,1,1,1,0,,0,,0,,0,,0,
2024-10-18,LONDON_0800,NY_CLOSE_BROKER_CONVENTION,US100,1729245600,2024-10-18T10:00:00,1729245900,1,1,1,1,0,,0,,0,,0,,0,
2024-10-18,LONDON_0800,NY_CLOSE_BROKER_CONVENTION,US30,1729245600,2024-10-18T10:00:00,1729245900,1,1,1,1,0,,0,,0,,0,,0,
2024-10-18,NEW_YORK_0930,ORIGINAL_DIRECT_UTC,US100,1729258200,2024-10-18T13:30:00,1729258500,1,1,1,1,0,,0,,0,,0,,0,
2024-10-18,NEW_YORK_0930,ORIGINAL_DIRECT_UTC,US30,1729258200,2024-10-18T13:30:00,1729258500,1,1,1,1,0,,0,,0,,0,,0,
2024-10-18,NEW_YORK_0930,NY_CLOSE_BROKER_CONVENTION,US100,1729269000,2024-10-18T16:30:00,1729269300,1,1,1,1,0,,0,,0,,0,,0,
2024-10-18,NEW_YORK_0930,NY_CLOSE_BROKER_CONVENTION,US30,1729269000,2024-10-18T16:30:00,1729269300,1,1,1,1,0,,0,,0,,0,,0,
2024-10-21,LONDON_0800,ORIGINAL_DIRECT_UTC,US100,1729494000,2024-10-21T07:00:00,1729494300,1,1,1,1,0,,0,,0,,0,,0,
2024-10-21,LONDON_0800,ORIGINAL_DIRECT_UTC,US30,1729494000,2024-10-21T07:00:00,1729494300,1,1,1,1,0,,0,,0,,0,,0,
2024-10-21,LONDON_0800,NY_CLOSE_BROKER_CONVENTION,US100,1729504800,2024-10-21T10:00:00,1729505100,1,1,1,1,0,,0,,0,,0,,0,
2024-10-21,LONDON_0800,NY_CLOSE_BROKER_CONVENTION,US30,1729504800,2024-10-21T10:00:00,1729505100,1,1,1,1,0,,0,,0,,0,,0,
2024-10-21,NEW_YORK_0930,ORIGINAL_DIRECT_UTC,US100,1729517400,2024-10-21T13:30:00,1729517700,1,1,1,1,0,,0,,0,,0,,0,
2024-10-21,NEW_YORK_0930,ORIGINAL_DIRECT_UTC,US30,1729517400,2024-10-21T13:30:00,1729517700,1,1,1,1,0,,0,,0,,0,,0,
2024-10-21,NEW_YORK_0930,NY_CLOSE_BROKER_CONVENTION,US100,1729528200,2024-10-21T16:30:00,1729528500,1,1,1,1,0,,0,,0,,0,,0,
2024-10-21,NEW_YORK_0930,NY_CLOSE_BROKER_CONVENTION,US30,1729528200,2024-10-21T16:30:00,1729528500,1,1,1,1,0,,0,,0,,0,,0,
2024-10-22,LONDON_0800,ORIGINAL_DIRECT_UTC,US100,1729580400,2024-10-22T07:00:00,1729580700,1,1,1,1,0,,0,,0,,0,,0,
2024-10-22,LONDON_0800,ORIGINAL_DIRECT_UTC,US30,1729580400,2024-10-22T07:00:00,1729580700,1,1,1,1,0,,0,,0,,0,,0,
2024-10-22,LONDON_0800,NY_CLOSE_BROKER_CONVENTION,US100,1729591200,2024-10-22T10:00:00,1729591500,1,1,1,1,0,,0,,0,,0,,0,
2024-10-22,LONDON_0800,NY_CLOSE_BROKER_CONVENTION,US30,1729591200,2024-10-22T10:00:00,1729591500,1,1,1,1,0,,0,,0,,0,,0,
2024-10-22,NEW_YORK_0930,ORIGINAL_DIRECT_UTC,US100,1729603800,2024-10-22T13:30:00,1729604100,1,1,1,1,0,,0,,0,,0,,0,
2024-10-22,NEW_YORK_0930,ORIGINAL_DIRECT_UTC,US30,1729603800,2024-10-22T13:30:00,1729604100,1,1,1,1,0,,0,,0,,0,,0,
2024-10-22,NEW_YORK_0930,NY_CLOSE_BROKER_CONVENTION,US100,1729614600,2024-10-22T16:30:00,1729614900,1,1,1,1,0,,0,,0,,0,,0,
2024-10-22,NEW_YORK_0930,NY_CLOSE_BROKER_CONVENTION,US30,1729614600,2024-10-22T16:30:00,1729614900,1,1,1,1,0,,0,,0,,0,,0,
2024-10-23,LONDON_0800,ORIGINAL_DIRECT_UTC,US100,1729666800,2024-10-23T07:00:00,1729667100,1,1,1,1,0,,0,,0,,0,,0,
2024-10-23,LONDON_0800,ORIGINAL_DIRECT_UTC,US30,1729666800,2024-10-23T07:00:00,1729667100,1,1,1,1,0,,0,,0,,0,,0,
2024-10-23,LONDON_0800,NY_CLOSE_BROKER_CONVENTION,US100,1729677600,2024-10-23T10:00:00,1729677900,1,1,1,1,0,,0,,0,,0,,0,
2024-10-23,LONDON_0800,NY_CLOSE_BROKER_CONVENTION,US30,1729677600,2024-10-23T10:00:00,1729677900,1,1,1,1,0,,0,,0,,0,,0,
2024-10-23,NEW_YORK_0930,ORIGINAL_DIRECT_UTC,US100,1729690200,2024-10-23T13:30:00,1729690500,1,1,1,1,0,,0,,0,,0,,0,
2024-10-23,NEW_YORK_0930,ORIGINAL_DIRECT_UTC,US30,1729690200,2024-10-23T13:30:00,1729690500,1,1,1,1,0,,0,,0,,0,,0,
2024-10-23,NEW_YORK_0930,NY_CLOSE_BROKER_CONVENTION,US100,1729701000,2024-10-23T16:30:00,1729701300,1,1,1,1,0,,0,,0,,0,,0,
2024-10-23,NEW_YORK_0930,NY_CLOSE_BROKER_CONVENTION,US30,1729701000,2024-10-23T16:30:00,1729701300,1,1,1,1,0,,0,,0,,0,,0,
2024-10-24,LONDON_0800,ORIGINAL_DIRECT_UTC,US100,1729753200,2024-10-24T07:00:00,1729753500,1,1,1,1,0,,0,,0,,0,,0,
2024-10-24,LONDON_0800,ORIGINAL_DIRECT_UTC,US30,1729753200,2024-10-24T07:00:00,1729753500,1,1,1,1,0,,0,,0,,0,,0,
2024-10-24,LONDON_0800,NY_CLOSE_BROKER_CONVENTION,US100,1729764000,2024-10-24T10:00:00,1729764300,1,1,1,1,0,,0,,0,,0,,0,
2024-10-24,LONDON_0800,NY_CLOSE_BROKER_CONVENTION,US30,1729764000,2024-10-24T10:00:00,1729764300,1,1,1,1,0,,0,,0,,0,,0,
2024-10-24,NEW_YORK_0930,ORIGINAL_DIRECT_UTC,US100,1729776600,2024-10-24T13:30:00,1729776900,1,1,1,1,0,,0,,0,,0,,0,
2024-10-24,NEW_YORK_0930,ORIGINAL_DIRECT_UTC,US30,1729776600,2024-10-24T13:30:00,1729776900,1,1,1,1,0,,0,,0,,0,,0,
2024-10-24,NEW_YORK_0930,NY_CLOSE_BROKER_CONVENTION,US100,1729787400,2024-10-24T16:30:00,1729787700,1,1,1,1,0,,0,,0,,0,,0,
2024-10-24,NEW_YORK_0930,NY_CLOSE_BROKER_CONVENTION,US30,1729787400,2024-10-24T16:30:00,1729787700,1,1,1,1,0,,0,,0,,0,,0,
2024-10-25,LONDON_0800,ORIGINAL_DIRECT_UTC,US100,1729839600,2024-10-25T07:00:00,1729839900,1,1,1,1,0,,0,,0,,0,,0,
2024-10-25,LONDON_0800,ORIGINAL_DIRECT_UTC,US30,1729839600,2024-10-25T07:00:00,1729839900,1,1,1,1,0,,0,,0,,0,,0,
2024-10-25,LONDON_0800,NY_CLOSE_BROKER_CONVENTION,US100,1729850400,2024-10-25T10:00:00,1729850700,1,1,1,1,0,,0,,0,,0,,0,
2024-10-25,LONDON_0800,NY_CLOSE_BROKER_CONVENTION,US30,1729850400,2024-10-25T10:00:00,1729850700,1,1,1,1,0,,0,,0,,0,,0,
2024-10-25,NEW_YORK_0930,ORIGINAL_DIRECT_UTC,US100,1729863000,2024-10-25T13:30:00,1729863300,1,1,1,1,0,,0,,0,,0,,0,
2024-10-25,NEW_YORK_0930,ORIGINAL_DIRECT_UTC,US30,1729863000,2024-10-25T13:30:00,1729863300,1,1,1,1,0,,0,,0,,0,,0,
2024-10-25,NEW_YORK_0930,NY_CLOSE_BROKER_CONVENTION,US100,1729873800,2024-10-25T16:30:00,1729874100,1,1,1,1,0,,0,,0,,0,,0,
2024-10-25,NEW_YORK_0930,NY_CLOSE_BROKER_CONVENTION,US30,1729873800,2024-10-25T16:30:00,1729874100,1,1,1,1,0,,0,,0,,0,,0,
2024-10-28,LONDON_0800,ORIGINAL_DIRECT_UTC,US100,1730102400,2024-10-28T08:00:00,1730102700,1,1,1,1,0,,0,,0,,0,,0,
2024-10-28,LONDON_0800,ORIGINAL_DIRECT_UTC,US30,1730102400,2024-10-28T08:00:00,1730102700,1,1,1,1,0,,0,,0,,0,,0,
2024-10-28,LONDON_0800,NY_CLOSE_BROKER_CONVENTION,US100,1730113200,2024-10-28T11:00:00,1730113500,1,1,1,1,0,,0,,0,,0,,0,
2024-10-28,LONDON_0800,NY_CLOSE_BROKER_CONVENTION,US30,1730113200,2024-10-28T11:00:00,1730113500,1,1,1,1,0,,0,,0,,0,,0,
2024-10-28,NEW_YORK_0930,ORIGINAL_DIRECT_UTC,US100,1730122200,2024-10-28T13:30:00,1730122500,1,1,1,1,0,,0,,0,,0,,0,
2024-10-28,NEW_YORK_0930,ORIGINAL_DIRECT_UTC,US30,1730122200,2024-10-28T13:30:00,1730122500,1,1,1,1,0,,0,,0,,0,,0,
2024-10-28,NEW_YORK_0930,NY_CLOSE_BROKER_CONVENTION,US100,1730133000,2024-10-28T16:30:00,1730133300,1,1,1,1,0,,0,,0,,0,,0,
2024-10-28,NEW_YORK_0930,NY_CLOSE_BROKER_CONVENTION,US30,1730133000,2024-10-28T16:30:00,1730133300,1,1,1,1,0,,0,,0,,0,,0,
2024-10-29,LONDON_0800,ORIGINAL_DIRECT_UTC,US100,1730188800,2024-10-29T08:00:00,1730189100,1,1,1,1,0,,0,,0,,0,,0,
2024-10-29,LONDON_0800,ORIGINAL_DIRECT_UTC,US30,1730188800,2024-10-29T08:00:00,1730189100,1,1,1,1,0,,0,,0,,0,,0,
2024-10-29,LONDON_0800,NY_CLOSE_BROKER_CONVENTION,US100,1730199600,2024-10-29T11:00:00,1730199900,1,1,1,1,0,,0,,0,,0,,0,
2024-10-29,LONDON_0800,NY_CLOSE_BROKER_CONVENTION,US30,1730199600,2024-10-29T11:00:00,1730199900,1,1,1,1,0,,0,,0,,0,,0,
2024-10-29,NEW_YORK_0930,ORIGINAL_DIRECT_UTC,US100,1730208600,2024-10-29T13:30:00,1730208900,1,1,1,1,0,,0,,0,,0,,0,
2024-10-29,NEW_YORK_0930,ORIGINAL_DIRECT_UTC,US30,1730208600,2024-10-29T13:30:00,1730208900,1,1,1,1,0,,0,,0,,0,,0,
2024-10-29,NEW_YORK_0930,NY_CLOSE_BROKER_CONVENTION,US100,1730219400,2024-10-29T16:30:00,1730219700,1,1,1,1,0,,0,,0,,0,,0,
2024-10-29,NEW_YORK_0930,NY_CLOSE_BROKER_CONVENTION,US30,1730219400,2024-10-29T16:30:00,1730219700,1,1,1,1,0,,0,,0,,0,,0,
2024-10-30,LONDON_0800,ORIGINAL_DIRECT_UTC,US100,1730275200,2024-10-30T08:00:00,1730275500,1,1,1,1,0,,0,,0,,0,,0,
2024-10-30,LONDON_0800,ORIGINAL_DIRECT_UTC,US30,1730275200,2024-10-30T08:00:00,1730275500,1,1,1,1,0,,0,,0,,0,,0,
2024-10-30,LONDON_0800,NY_CLOSE_BROKER_CONVENTION,US100,1730286000,2024-10-30T11:00:00,1730286300,1,1,1,1,0,,0,,0,,0,,0,
2024-10-30,LONDON_0800,NY_CLOSE_BROKER_CONVENTION,US30,1730286000,2024-10-30T11:00:00,1730286300,1,1,1,1,0,,0,,0,,0,,0,
2024-10-30,NEW_YORK_0930,ORIGINAL_DIRECT_UTC,US100,1730295000,2024-10-30T13:30:00,1730295300,1,1,1,1,0,,0,,0,,0,,0,
2024-10-30,NEW_YORK_0930,ORIGINAL_DIRECT_UTC,US30,1730295000,2024-10-30T13:30:00,1730295300,1,1,1,1,0,,0,,0,,0,,0,
2024-10-30,NEW_YORK_0930,NY_CLOSE_BROKER_CONVENTION,US100,1730305800,2024-10-30T16:30:00,1730306100,1,1,1,1,0,,0,,0,,0,,0,
2024-10-30,NEW_YORK_0930,NY_CLOSE_BROKER_CONVENTION,US30,1730305800,2024-10-30T16:30:00,1730306100,1,1,1,1,0,,0,,0,,0,,0,
2024-10-31,LONDON_0800,ORIGINAL_DIRECT_UTC,US100,1730361600,2024-10-31T08:00:00,1730361900,1,1,1,1,0,,0,,0,,0,,0,
2024-10-31,LONDON_0800,ORIGINAL_DIRECT_UTC,US30,1730361600,2024-10-31T08:00:00,1730361900,1,1,1,1,0,,0,,0,,0,,0,
2024-10-31,LONDON_0800,NY_CLOSE_BROKER_CONVENTION,US100,1730372400,2024-10-31T11:00:00,1730372700,1,1,1,1,0,,0,,0,,0,,0,
2024-10-31,LONDON_0800,NY_CLOSE_BROKER_CONVENTION,US30,1730372400,2024-10-31T11:00:00,1730372700,1,1,1,1,0,,0,,0,,0,,0,
2024-10-31,NEW_YORK_0930,ORIGINAL_DIRECT_UTC,US100,1730381400,2024-10-31T13:30:00,1730381700,1,1,1,1,0,,0,,0,,0,,0,
2024-10-31,NEW_YORK_0930,ORIGINAL_DIRECT_UTC,US30,1730381400,2024-10-31T13:30:00,1730381700,1,1,1,1,0,,0,,0,,0,,0,
2024-10-31,NEW_YORK_0930,NY_CLOSE_BROKER_CONVENTION,US100,1730392200,2024-10-31T16:30:00,1730392500,1,1,1,1,0,,0,,0,,0,,0,
2024-10-31,NEW_YORK_0930,NY_CLOSE_BROKER_CONVENTION,US30,1730392200,2024-10-31T16:30:00,1730392500,1,1,1,1,0,,0,,0,,0,,0,
2024-11-01,LONDON_0800,ORIGINAL_DIRECT_UTC,US100,1730448000,2024-11-01T08:00:00,1730448300,1,1,1,1,0,,0,,0,,0,,0,
2024-11-01,LONDON_0800,ORIGINAL_DIRECT_UTC,US30,1730448000,2024-11-01T08:00:00,1730448300,1,1,1,1,0,,0,,0,,0,,0,
2024-11-01,LONDON_0800,NY_CLOSE_BROKER_CONVENTION,US100,1730458800,2024-11-01T11:00:00,1730459100,1,1,1,1,0,,0,,0,,0,,0,
2024-11-01,LONDON_0800,NY_CLOSE_BROKER_CONVENTION,US30,1730458800,2024-11-01T11:00:00,1730459100,1,1,1,1,0,,0,,0,,0,,0,
2024-11-01,NEW_YORK_0930,ORIGINAL_DIRECT_UTC,US100,1730467800,2024-11-01T13:30:00,1730468100,1,1,1,1,0,,0,,0,,0,,0,
2024-11-01,NEW_YORK_0930,ORIGINAL_DIRECT_UTC,US30,1730467800,2024-11-01T13:30:00,1730468100,1,1,1,1,0,,0,,0,,0,,0,
2024-11-01,NEW_YORK_0930,NY_CLOSE_BROKER_CONVENTION,US100,1730478600,2024-11-01T16:30:00,1730478900,1,1,1,1,0,,0,,0,,0,,0,
2024-11-01,NEW_YORK_0930,NY_CLOSE_BROKER_CONVENTION,US30,1730478600,2024-11-01T16:30:00,1730478900,1,1,1,1,0,,0,,0,,0,,0,
2024-11-04,LONDON_0800,ORIGINAL_DIRECT_UTC,US100,1730707200,2024-11-04T08:00:00,1730707500,1,1,1,1,0,,0,,0,,0,,0,
2024-11-04,LONDON_0800,ORIGINAL_DIRECT_UTC,US30,1730707200,2024-11-04T08:00:00,1730707500,1,1,1,1,0,,0,,0,,0,,0,
2024-11-04,LONDON_0800,NY_CLOSE_BROKER_CONVENTION,US100,1730714400,2024-11-04T10:00:00,1730714700,1,1,1,1,0,,0,,0,,0,,0,
2024-11-04,LONDON_0800,NY_CLOSE_BROKER_CONVENTION,US30,1730714400,2024-11-04T10:00:00,1730714700,1,1,1,1,0,,0,,0,,0,,0,
2024-11-04,NEW_YORK_0930,ORIGINAL_DIRECT_UTC,US100,1730730600,2024-11-04T14:30:00,1730730900,1,1,1,1,0,,0,,0,,0,,0,
2024-11-04,NEW_YORK_0930,ORIGINAL_DIRECT_UTC,US30,1730730600,2024-11-04T14:30:00,1730730900,1,1,1,1,0,,0,,0,,0,,0,
2024-11-04,NEW_YORK_0930,NY_CLOSE_BROKER_CONVENTION,US100,1730737800,2024-11-04T16:30:00,1730738100,1,1,1,1,0,,0,,0,,0,,0,
2024-11-04,NEW_YORK_0930,NY_CLOSE_BROKER_CONVENTION,US30,1730737800,2024-11-04T16:30:00,1730738100,1,1,1,1,0,,0,,0,,0,,0,
2024-11-05,LONDON_0800,ORIGINAL_DIRECT_UTC,US100,1730793600,2024-11-05T08:00:00,1730793900,1,1,1,1,0,,0,,0,,0,,0,
2024-11-05,LONDON_0800,ORIGINAL_DIRECT_UTC,US30,1730793600,2024-11-05T08:00:00,1730793900,1,1,1,1,0,,0,,0,,0,,0,
2024-11-05,LONDON_0800,NY_CLOSE_BROKER_CONVENTION,US100,1730800800,2024-11-05T10:00:00,1730801100,1,1,1,1,0,,0,,0,,0,,0,
2024-11-05,LONDON_0800,NY_CLOSE_BROKER_CONVENTION,US30,1730800800,2024-11-05T10:00:00,1730801100,1,1,1,1,0,,0,,0,,0,,0,
2024-11-05,NEW_YORK_0930,ORIGINAL_DIRECT_UTC,US100,1730817000,2024-11-05T14:30:00,1730817300,1,1,1,1,0,,0,,0,,0,,0,
2024-11-05,NEW_YORK_0930,ORIGINAL_DIRECT_UTC,US30,1730817000,2024-11-05T14:30:00,1730817300,1,1,1,1,0,,0,,0,,0,,0,
2024-11-05,NEW_YORK_0930,NY_CLOSE_BROKER_CONVENTION,US100,1730824200,2024-11-05T16:30:00,1730824500,1,1,1,1,0,,0,,0,,0,,0,
2024-11-05,NEW_YORK_0930,NY_CLOSE_BROKER_CONVENTION,US30,1730824200,2024-11-05T16:30:00,1730824500,1,1,1,1,0,,0,,0,,0,,0,
2024-11-06,LONDON_0800,ORIGINAL_DIRECT_UTC,US100,1730880000,2024-11-06T08:00:00,1730880300,1,1,1,1,0,,0,,0,,0,,0,
2024-11-06,LONDON_0800,ORIGINAL_DIRECT_UTC,US30,1730880000,2024-11-06T08:00:00,1730880300,1,1,1,1,0,,0,,0,,0,,0,
2024-11-06,LONDON_0800,NY_CLOSE_BROKER_CONVENTION,US100,1730887200,2024-11-06T10:00:00,1730887500,1,1,1,1,0,,0,,0,,0,,0,
2024-11-06,LONDON_0800,NY_CLOSE_BROKER_CONVENTION,US30,1730887200,2024-11-06T10:00:00,1730887500,1,1,1,1,0,,0,,0,,0,,0,
2024-11-06,NEW_YORK_0930,ORIGINAL_DIRECT_UTC,US100,1730903400,2024-11-06T14:30:00,1730903700,1,1,1,1,0,,0,,0,,0,,0,
2024-11-06,NEW_YORK_0930,ORIGINAL_DIRECT_UTC,US30,1730903400,2024-11-06T14:30:00,1730903700,1,1,1,1,0,,0,,0,,0,,0,
2024-11-06,NEW_YORK_0930,NY_CLOSE_BROKER_CONVENTION,US100,1730910600,2024-11-06T16:30:00,1730910900,1,1,1,1,0,,0,,0,,0,,0,
2024-11-06,NEW_YORK_0930,NY_CLOSE_BROKER_CONVENTION,US30,1730910600,2024-11-06T16:30:00,1730910900,1,1,1,1,0,,0,,0,,0,,0,
2024-11-07,LONDON_0800,ORIGINAL_DIRECT_UTC,US100,1730966400,2024-11-07T08:00:00,1730966700,1,1,1,1,0,,0,,0,,0,,0,
2024-11-07,LONDON_0800,ORIGINAL_DIRECT_UTC,US30,1730966400,2024-11-07T08:00:00,1730966700,1,1,1,1,0,,0,,0,,0,,0,
2024-11-07,LONDON_0800,NY_CLOSE_BROKER_CONVENTION,US100,1730973600,2024-11-07T10:00:00,1730973900,1,1,1,1,0,,0,,0,,0,,0,
2024-11-07,LONDON_0800,NY_CLOSE_BROKER_CONVENTION,US30,1730973600,2024-11-07T10:00:00,1730973900,1,1,1,1,0,,0,,0,,0,,0,
2024-11-07,NEW_YORK_0930,ORIGINAL_DIRECT_UTC,US100,1730989800,2024-11-07T14:30:00,1730990100,1,1,1,1,0,,0,,0,,0,,0,
2024-11-07,NEW_YORK_0930,ORIGINAL_DIRECT_UTC,US30,1730989800,2024-11-07T14:30:00,1730990100,1,1,1,1,0,,0,,0,,0,,0,
2024-11-07,NEW_YORK_0930,NY_CLOSE_BROKER_CONVENTION,US100,1730997000,2024-11-07T16:30:00,1730997300,1,1,1,1,0,,0,,0,,0,,0,
2024-11-07,NEW_YORK_0930,NY_CLOSE_BROKER_CONVENTION,US30,1730997000,2024-11-07T16:30:00,1730997300,1,1,1,1,0,,0,,0,,0,,0,
2024-11-08,LONDON_0800,ORIGINAL_DIRECT_UTC,US100,1731052800,2024-11-08T08:00:00,1731053100,1,1,1,1,0,,0,,0,,0,,0,
2024-11-08,LONDON_0800,ORIGINAL_DIRECT_UTC,US30,1731052800,2024-11-08T08:00:00,1731053100,1,1,1,1,0,,0,,0,,0,,0,
2024-11-08,LONDON_0800,NY_CLOSE_BROKER_CONVENTION,US100,1731060000,2024-11-08T10:00:00,1731060300,1,1,1,1,0,,0,,0,,0,,0,
2024-11-08,LONDON_0800,NY_CLOSE_BROKER_CONVENTION,US30,1731060000,2024-11-08T10:00:00,1731060300,1,1,1,1,0,,0,,0,,0,,0,
2024-11-08,NEW_YORK_0930,ORIGINAL_DIRECT_UTC,US100,1731076200,2024-11-08T14:30:00,1731076500,1,1,1,1,0,,0,,0,,0,,0,
2024-11-08,NEW_YORK_0930,ORIGINAL_DIRECT_UTC,US30,1731076200,2024-11-08T14:30:00,1731076500,1,1,1,1,0,,0,,0,,0,,0,
2024-11-08,NEW_YORK_0930,NY_CLOSE_BROKER_CONVENTION,US100,1731083400,2024-11-08T16:30:00,1731083700,1,1,1,1,0,,0,,0,,0,,0,
2024-11-08,NEW_YORK_0930,NY_CLOSE_BROKER_CONVENTION,US30,1731083400,2024-11-08T16:30:00,1731083700,1,1,1,1,0,,0,,0,,0,,0,
2024-11-11,LONDON_0800,ORIGINAL_DIRECT_UTC,US100,1731312000,2024-11-11T08:00:00,1731312300,1,1,1,1,0,,0,,0,,0,,0,
2024-11-11,LONDON_0800,ORIGINAL_DIRECT_UTC,US30,1731312000,2024-11-11T08:00:00,1731312300,1,1,1,1,0,,0,,0,,0,,0,
2024-11-11,LONDON_0800,NY_CLOSE_BROKER_CONVENTION,US100,1731319200,2024-11-11T10:00:00,1731319500,1,1,1,1,0,,0,,0,,0,,0,
2024-11-11,LONDON_0800,NY_CLOSE_BROKER_CONVENTION,US30,1731319200,2024-11-11T10:00:00,1731319500,1,1,1,1,0,,0,,0,,0,,0,
2024-11-11,NEW_YORK_0930,ORIGINAL_DIRECT_UTC,US100,1731335400,2024-11-11T14:30:00,1731335700,1,1,1,1,0,,0,,0,,0,,0,
2024-11-11,NEW_YORK_0930,ORIGINAL_DIRECT_UTC,US30,1731335400,2024-11-11T14:30:00,1731335700,1,1,1,1,0,,0,,0,,0,,0,
2024-11-11,NEW_YORK_0930,NY_CLOSE_BROKER_CONVENTION,US100,1731342600,2024-11-11T16:30:00,1731342900,1,1,1,1,0,,0,,0,,0,,0,
2024-11-11,NEW_YORK_0930,NY_CLOSE_BROKER_CONVENTION,US30,1731342600,2024-11-11T16:30:00,1731342900,1,1,1,1,0,,0,,0,,0,,0,
2024-11-12,LONDON_0800,ORIGINAL_DIRECT_UTC,US100,1731398400,2024-11-12T08:00:00,1731398700,1,1,1,1,0,,0,,0,,0,,0,
2024-11-12,LONDON_0800,ORIGINAL_DIRECT_UTC,US30,1731398400,2024-11-12T08:00:00,1731398700,1,1,1,1,0,,0,,0,,0,,0,
2024-11-12,LONDON_0800,NY_CLOSE_BROKER_CONVENTION,US100,1731405600,2024-11-12T10:00:00,1731405900,1,1,1,1,0,,0,,0,,0,,0,
2024-11-12,LONDON_0800,NY_CLOSE_BROKER_CONVENTION,US30,1731405600,2024-11-12T10:00:00,1731405900,1,1,1,1,0,,0,,0,,0,,0,
2024-11-12,NEW_YORK_0930,ORIGINAL_DIRECT_UTC,US100,1731421800,2024-11-12T14:30:00,1731422100,1,1,1,1,0,,0,,0,,0,,0,
2024-11-12,NEW_YORK_0930,ORIGINAL_DIRECT_UTC,US30,1731421800,2024-11-12T14:30:00,1731422100,1,1,1,1,0,,0,,0,,0,,0,
2024-11-12,NEW_YORK_0930,NY_CLOSE_BROKER_CONVENTION,US100,1731429000,2024-11-12T16:30:00,1731429300,1,1,1,1,0,,0,,0,,0,,0,
2024-11-12,NEW_YORK_0930,NY_CLOSE_BROKER_CONVENTION,US30,1731429000,2024-11-12T16:30:00,1731429300,1,1,1,1,0,,0,,0,,0,,0,
2024-11-13,LONDON_0800,ORIGINAL_DIRECT_UTC,US100,1731484800,2024-11-13T08:00:00,1731485100,1,1,1,1,0,,0,,0,,0,,0,
2024-11-13,LONDON_0800,ORIGINAL_DIRECT_UTC,US30,1731484800,2024-11-13T08:00:00,1731485100,1,1,1,1,0,,0,,0,,0,,0,
2024-11-13,LONDON_0800,NY_CLOSE_BROKER_CONVENTION,US100,1731492000,2024-11-13T10:00:00,1731492300,1,1,1,1,0,,0,,0,,0,,0,
2024-11-13,LONDON_0800,NY_CLOSE_BROKER_CONVENTION,US30,1731492000,2024-11-13T10:00:00,1731492300,1,1,1,1,0,,0,,0,,0,,0,
2024-11-13,NEW_YORK_0930,ORIGINAL_DIRECT_UTC,US100,1731508200,2024-11-13T14:30:00,1731508500,1,1,1,1,0,,0,,0,,0,,0,
2024-11-13,NEW_YORK_0930,ORIGINAL_DIRECT_UTC,US30,1731508200,2024-11-13T14:30:00,1731508500,1,1,1,1,0,,0,,0,,0,,0,
2024-11-13,NEW_YORK_0930,NY_CLOSE_BROKER_CONVENTION,US100,1731515400,2024-11-13T16:30:00,1731515700,1,1,1,1,0,,0,,0,,0,,0,
2024-11-13,NEW_YORK_0930,NY_CLOSE_BROKER_CONVENTION,US30,1731515400,2024-11-13T16:30:00,1731515700,1,1,1,1,0,,0,,0,,0,,0,
2024-11-14,LONDON_0800,ORIGINAL_DIRECT_UTC,US100,1731571200,2024-11-14T08:00:00,1731571500,1,1,1,1,0,,0,,0,,0,,0,
2024-11-14,LONDON_0800,ORIGINAL_DIRECT_UTC,US30,1731571200,2024-11-14T08:00:00,1731571500,1,1,1,1,0,,0,,0,,0,,0,
2024-11-14,LONDON_0800,NY_CLOSE_BROKER_CONVENTION,US100,1731578400,2024-11-14T10:00:00,1731578700,1,1,1,1,0,,0,,0,,0,,0,
2024-11-14,LONDON_0800,NY_CLOSE_BROKER_CONVENTION,US30,1731578400,2024-11-14T10:00:00,1731578700,1,1,1,1,0,,0,,0,,0,,0,
2024-11-14,NEW_YORK_0930,ORIGINAL_DIRECT_UTC,US100,1731594600,2024-11-14T14:30:00,1731594900,1,1,1,1,0,,0,,0,,0,,0,
2024-11-14,NEW_YORK_0930,ORIGINAL_DIRECT_UTC,US30,1731594600,2024-11-14T14:30:00,1731594900,1,1,1,1,0,,0,,0,,0,,0,
2024-11-14,NEW_YORK_0930,NY_CLOSE_BROKER_CONVENTION,US100,1731601800,2024-11-14T16:30:00,1731602100,1,1,1,1,0,,0,,0,,0,,0,
2024-11-14,NEW_YORK_0930,NY_CLOSE_BROKER_CONVENTION,US30,1731601800,2024-11-14T16:30:00,1731602100,1,1,1,1,0,,0,,0,,0,,0,
2024-11-15,LONDON_0800,ORIGINAL_DIRECT_UTC,US100,1731657600,2024-11-15T08:00:00,1731657900,1,1,1,1,0,,0,,0,,0,,0,
2024-11-15,LONDON_0800,ORIGINAL_DIRECT_UTC,US30,1731657600,2024-11-15T08:00:00,1731657900,1,1,1,1,0,,0,,0,,0,,0,
2024-11-15,LONDON_0800,NY_CLOSE_BROKER_CONVENTION,US100,1731664800,2024-11-15T10:00:00,1731665100,1,1,1,1,0,,0,,0,,0,,0,
2024-11-15,LONDON_0800,NY_CLOSE_BROKER_CONVENTION,US30,1731664800,2024-11-15T10:00:00,1731665100,1,1,1,1,0,,0,,0,,0,,0,
2024-11-15,NEW_YORK_0930,ORIGINAL_DIRECT_UTC,US100,1731681000,2024-11-15T14:30:00,1731681300,1,1,1,1,0,,0,,0,,0,,0,
2024-11-15,NEW_YORK_0930,ORIGINAL_DIRECT_UTC,US30,1731681000,2024-11-15T14:30:00,1731681300,1,1,1,1,0,,0,,0,,0,,0,
2024-11-15,NEW_YORK_0930,NY_CLOSE_BROKER_CONVENTION,US100,1731688200,2024-11-15T16:30:00,1731688500,1,1,1,1,0,,0,,0,,0,,0,
2024-11-15,NEW_YORK_0930,NY_CLOSE_BROKER_CONVENTION,US30,1731688200,2024-11-15T16:30:00,1731688500,1,1,1,1,0,,0,,0,,0,,0,
2024-11-18,LONDON_0800,ORIGINAL_DIRECT_UTC,US100,1731916800,2024-11-18T08:00:00,1731917100,1,1,1,1,0,,0,,0,,0,,0,
2024-11-18,LONDON_0800,ORIGINAL_DIRECT_UTC,US30,1731916800,2024-11-18T08:00:00,1731917100,1,1,1,1,0,,0,,0,,0,,0,
2024-11-18,LONDON_0800,NY_CLOSE_BROKER_CONVENTION,US100,1731924000,2024-11-18T10:00:00,1731924300,1,1,1,1,0,,0,,0,,0,,0,
2024-11-18,LONDON_0800,NY_CLOSE_BROKER_CONVENTION,US30,1731924000,2024-11-18T10:00:00,1731924300,1,1,1,1,0,,0,,0,,0,,0,
2024-11-18,NEW_YORK_0930,ORIGINAL_DIRECT_UTC,US100,1731940200,2024-11-18T14:30:00,1731940500,1,1,1,1,0,,0,,0,,0,,0,
2024-11-18,NEW_YORK_0930,ORIGINAL_DIRECT_UTC,US30,1731940200,2024-11-18T14:30:00,1731940500,1,1,1,1,0,,0,,0,,0,,0,
2024-11-18,NEW_YORK_0930,NY_CLOSE_BROKER_CONVENTION,US100,1731947400,2024-11-18T16:30:00,1731947700,1,1,1,1,0,,0,,0,,0,,0,
2024-11-18,NEW_YORK_0930,NY_CLOSE_BROKER_CONVENTION,US30,1731947400,2024-11-18T16:30:00,1731947700,1,1,1,1,0,,0,,0,,0,,0,
2024-11-19,LONDON_0800,ORIGINAL_DIRECT_UTC,US100,1732003200,2024-11-19T08:00:00,1732003500,1,1,1,1,0,,0,,0,,0,,0,
2024-11-19,LONDON_0800,ORIGINAL_DIRECT_UTC,US30,1732003200,2024-11-19T08:00:00,1732003500,1,1,1,1,0,,0,,0,,0,,0,
2024-11-19,LONDON_0800,NY_CLOSE_BROKER_CONVENTION,US100,1732010400,2024-11-19T10:00:00,1732010700,1,1,1,1,0,,0,,0,,0,,0,
2024-11-19,LONDON_0800,NY_CLOSE_BROKER_CONVENTION,US30,1732010400,2024-11-19T10:00:00,1732010700,1,1,1,1,0,,0,,0,,0,,0,
2024-11-19,NEW_YORK_0930,ORIGINAL_DIRECT_UTC,US100,1732026600,2024-11-19T14:30:00,1732026900,1,1,1,1,0,,0,,0,,0,,0,
2024-11-19,NEW_YORK_0930,ORIGINAL_DIRECT_UTC,US30,1732026600,2024-11-19T14:30:00,1732026900,1,1,1,1,0,,0,,0,,0,,0,
2024-11-19,NEW_YORK_0930,NY_CLOSE_BROKER_CONVENTION,US100,1732033800,2024-11-19T16:30:00,1732034100,1,1,1,1,0,,0,,0,,0,,0,
2024-11-19,NEW_YORK_0930,NY_CLOSE_BROKER_CONVENTION,US30,1732033800,2024-11-19T16:30:00,1732034100,1,1,1,1,0,,0,,0,,0,,0,
2024-11-20,LONDON_0800,ORIGINAL_DIRECT_UTC,US100,1732089600,2024-11-20T08:00:00,1732089900,1,1,1,1,0,,0,,0,,0,,0,
2024-11-20,LONDON_0800,ORIGINAL_DIRECT_UTC,US30,1732089600,2024-11-20T08:00:00,1732089900,1,1,1,1,0,,0,,0,,0,,0,
2024-11-20,LONDON_0800,NY_CLOSE_BROKER_CONVENTION,US100,1732096800,2024-11-20T10:00:00,1732097100,1,1,1,1,0,,0,,0,,0,,0,
2024-11-20,LONDON_0800,NY_CLOSE_BROKER_CONVENTION,US30,1732096800,2024-11-20T10:00:00,1732097100,1,1,1,1,0,,0,,0,,0,,0,
2024-11-20,NEW_YORK_0930,ORIGINAL_DIRECT_UTC,US100,1732113000,2024-11-20T14:30:00,1732113300,1,1,1,1,0,,0,,0,,0,,0,
2024-11-20,NEW_YORK_0930,ORIGINAL_DIRECT_UTC,US30,1732113000,2024-11-20T14:30:00,1732113300,1,1,1,1,0,,0,,0,,0,,0,
2024-11-20,NEW_YORK_0930,NY_CLOSE_BROKER_CONVENTION,US100,1732120200,2024-11-20T16:30:00,1732120500,1,1,1,1,0,,0,,0,,0,,0,
2024-11-20,NEW_YORK_0930,NY_CLOSE_BROKER_CONVENTION,US30,1732120200,2024-11-20T16:30:00,1732120500,1,1,1,1,0,,0,,0,,0,,0,
2024-11-21,LONDON_0800,ORIGINAL_DIRECT_UTC,US100,1732176000,2024-11-21T08:00:00,1732176300,1,1,1,1,0,,0,,0,,0,,0,
2024-11-21,LONDON_0800,ORIGINAL_DIRECT_UTC,US30,1732176000,2024-11-21T08:00:00,1732176300,1,1,1,1,0,,0,,0,,0,,0,
2024-11-21,LONDON_0800,NY_CLOSE_BROKER_CONVENTION,US100,1732183200,2024-11-21T10:00:00,1732183500,1,1,1,1,0,,0,,0,,0,,0,
2024-11-21,LONDON_0800,NY_CLOSE_BROKER_CONVENTION,US30,1732183200,2024-11-21T10:00:00,1732183500,1,1,1,1,0,,0,,0,,0,,0,
2024-11-21,NEW_YORK_0930,ORIGINAL_DIRECT_UTC,US100,1732199400,2024-11-21T14:30:00,1732199700,1,1,1,1,0,,0,,0,,0,,0,
2024-11-21,NEW_YORK_0930,ORIGINAL_DIRECT_UTC,US30,1732199400,2024-11-21T14:30:00,1732199700,1,1,1,1,0,,0,,0,,0,,0,
2024-11-21,NEW_YORK_0930,NY_CLOSE_BROKER_CONVENTION,US100,1732206600,2024-11-21T16:30:00,1732206900,1,1,1,1,0,,0,,0,,0,,0,
2024-11-21,NEW_YORK_0930,NY_CLOSE_BROKER_CONVENTION,US30,1732206600,2024-11-21T16:30:00,1732206900,1,1,1,1,0,,0,,0,,0,,0,
2024-11-22,LONDON_0800,ORIGINAL_DIRECT_UTC,US100,1732262400,2024-11-22T08:00:00,1732262700,1,1,1,1,0,,0,,0,,0,,0,
2024-11-22,LONDON_0800,ORIGINAL_DIRECT_UTC,US30,1732262400,2024-11-22T08:00:00,1732262700,1,1,1,1,0,,0,,0,,0,,0,
2024-11-22,LONDON_0800,NY_CLOSE_BROKER_CONVENTION,US100,1732269600,2024-11-22T10:00:00,1732269900,1,1,1,1,0,,0,,0,,0,,0,
2024-11-22,LONDON_0800,NY_CLOSE_BROKER_CONVENTION,US30,1732269600,2024-11-22T10:00:00,1732269900,1,1,1,1,0,,0,,0,,0,,0,
2024-11-22,NEW_YORK_0930,ORIGINAL_DIRECT_UTC,US100,1732285800,2024-11-22T14:30:00,1732286100,1,1,1,1,0,,0,,0,,0,,0,
2024-11-22,NEW_YORK_0930,ORIGINAL_DIRECT_UTC,US30,1732285800,2024-11-22T14:30:00,1732286100,1,1,1,1,0,,0,,0,,0,,0,
2024-11-22,NEW_YORK_0930,NY_CLOSE_BROKER_CONVENTION,US100,1732293000,2024-11-22T16:30:00,1732293300,1,1,1,1,0,,0,,0,,0,,0,
2024-11-22,NEW_YORK_0930,NY_CLOSE_BROKER_CONVENTION,US30,1732293000,2024-11-22T16:30:00,1732293300,1,1,1,1,0,,0,,0,,0,,0,
2024-11-25,LONDON_0800,ORIGINAL_DIRECT_UTC,US100,1732521600,2024-11-25T08:00:00,1732521900,1,1,1,1,0,,0,,0,,0,,0,
2024-11-25,LONDON_0800,ORIGINAL_DIRECT_UTC,US30,1732521600,2024-11-25T08:00:00,1732521900,1,1,1,1,0,,0,,0,,0,,0,
2024-11-25,LONDON_0800,NY_CLOSE_BROKER_CONVENTION,US100,1732528800,2024-11-25T10:00:00,1732529100,1,1,1,1,0,,0,,0,,0,,0,
2024-11-25,LONDON_0800,NY_CLOSE_BROKER_CONVENTION,US30,1732528800,2024-11-25T10:00:00,1732529100,1,1,1,1,0,,0,,0,,0,,0,
2024-11-25,NEW_YORK_0930,ORIGINAL_DIRECT_UTC,US100,1732545000,2024-11-25T14:30:00,1732545300,1,1,1,1,0,,0,,0,,0,,0,
2024-11-25,NEW_YORK_0930,ORIGINAL_DIRECT_UTC,US30,1732545000,2024-11-25T14:30:00,1732545300,1,1,1,1,0,,0,,0,,0,,0,
2024-11-25,NEW_YORK_0930,NY_CLOSE_BROKER_CONVENTION,US100,1732552200,2024-11-25T16:30:00,1732552500,1,1,1,1,0,,0,,0,,0,,0,
2024-11-25,NEW_YORK_0930,NY_CLOSE_BROKER_CONVENTION,US30,1732552200,2024-11-25T16:30:00,1732552500,1,1,1,1,0,,0,,0,,0,,0,
2024-11-26,LONDON_0800,ORIGINAL_DIRECT_UTC,US100,1732608000,2024-11-26T08:00:00,1732608300,1,1,1,1,0,,0,,0,,0,,0,
2024-11-26,LONDON_0800,ORIGINAL_DIRECT_UTC,US30,1732608000,2024-11-26T08:00:00,1732608300,1,1,1,1,0,,0,,0,,0,,0,
2024-11-26,LONDON_0800,NY_CLOSE_BROKER_CONVENTION,US100,1732615200,2024-11-26T10:00:00,1732615500,1,1,1,1,0,,0,,0,,0,,0,
2024-11-26,LONDON_0800,NY_CLOSE_BROKER_CONVENTION,US30,1732615200,2024-11-26T10:00:00,1732615500,1,1,1,1,0,,0,,0,,0,,0,
2024-11-26,NEW_YORK_0930,ORIGINAL_DIRECT_UTC,US100,1732631400,2024-11-26T14:30:00,1732631700,1,1,1,1,0,,0,,0,,0,,0,
2024-11-26,NEW_YORK_0930,ORIGINAL_DIRECT_UTC,US30,1732631400,2024-11-26T14:30:00,1732631700,1,1,1,1,0,,0,,0,,0,,0,
2024-11-26,NEW_YORK_0930,NY_CLOSE_BROKER_CONVENTION,US100,1732638600,2024-11-26T16:30:00,1732638900,1,1,1,1,0,,0,,0,,0,,0,
2024-11-26,NEW_YORK_0930,NY_CLOSE_BROKER_CONVENTION,US30,1732638600,2024-11-26T16:30:00,1732638900,1,1,1,1,0,,0,,0,,0,,0,
2024-11-27,LONDON_0800,ORIGINAL_DIRECT_UTC,US100,1732694400,2024-11-27T08:00:00,1732694700,1,1,1,1,0,,0,,0,,0,,0,
2024-11-27,LONDON_0800,ORIGINAL_DIRECT_UTC,US30,1732694400,2024-11-27T08:00:00,1732694700,1,1,1,1,0,,0,,0,,0,,0,
2024-11-27,LONDON_0800,NY_CLOSE_BROKER_CONVENTION,US100,1732701600,2024-11-27T10:00:00,1732701900,1,1,1,1,0,,0,,0,,0,,0,
2024-11-27,LONDON_0800,NY_CLOSE_BROKER_CONVENTION,US30,1732701600,2024-11-27T10:00:00,1732701900,1,1,1,1,0,,0,,0,,0,,0,
2024-11-27,NEW_YORK_0930,ORIGINAL_DIRECT_UTC,US100,1732717800,2024-11-27T14:30:00,1732718100,1,1,1,1,0,,0,,0,,0,,0,
2024-11-27,NEW_YORK_0930,ORIGINAL_DIRECT_UTC,US30,1732717800,2024-11-27T14:30:00,1732718100,1,1,1,1,0,,0,,0,,0,,0,
2024-11-27,NEW_YORK_0930,NY_CLOSE_BROKER_CONVENTION,US100,1732725000,2024-11-27T16:30:00,1732725300,1,1,1,1,0,,0,,0,,0,,0,
2024-11-27,NEW_YORK_0930,NY_CLOSE_BROKER_CONVENTION,US30,1732725000,2024-11-27T16:30:00,1732725300,1,1,1,1,0,,0,,0,,0,,0,
2024-11-28,LONDON_0800,ORIGINAL_DIRECT_UTC,US100,1732780800,2024-11-28T08:00:00,1732781100,1,1,1,1,0,,0,,0,,0,,0,
2024-11-28,LONDON_0800,ORIGINAL_DIRECT_UTC,US30,1732780800,2024-11-28T08:00:00,1732781100,1,1,1,1,0,,0,,0,,0,,0,
2024-11-28,LONDON_0800,NY_CLOSE_BROKER_CONVENTION,US100,1732788000,2024-11-28T10:00:00,1732788300,1,1,1,1,0,,0,,0,,0,,0,
2024-11-28,LONDON_0800,NY_CLOSE_BROKER_CONVENTION,US30,1732788000,2024-11-28T10:00:00,1732788300,1,1,1,1,0,,0,,0,,0,,0,
2024-11-28,NEW_YORK_0930,ORIGINAL_DIRECT_UTC,US100,1732804200,2024-11-28T14:30:00,1732804500,1,1,1,1,0,,0,,0,,0,,0,
2024-11-28,NEW_YORK_0930,ORIGINAL_DIRECT_UTC,US30,1732804200,2024-11-28T14:30:00,1732804500,1,1,1,1,0,,0,,0,,0,,0,
2024-11-28,NEW_YORK_0930,NY_CLOSE_BROKER_CONVENTION,US100,1732811400,2024-11-28T16:30:00,1732811700,1,1,1,1,0,,0,,0,,0,,0,
2024-11-28,NEW_YORK_0930,NY_CLOSE_BROKER_CONVENTION,US30,1732811400,2024-11-28T16:30:00,1732811700,1,1,1,1,0,,0,,0,,0,,0,
2024-11-29,LONDON_0800,ORIGINAL_DIRECT_UTC,US100,1732867200,2024-11-29T08:00:00,1732867500,1,1,1,1,0,,0,,0,,0,,0,
2024-11-29,LONDON_0800,ORIGINAL_DIRECT_UTC,US30,1732867200,2024-11-29T08:00:00,1732867500,1,1,1,1,0,,0,,0,,0,,0,
2024-11-29,LONDON_0800,NY_CLOSE_BROKER_CONVENTION,US100,1732874400,2024-11-29T10:00:00,1732874700,1,1,1,1,0,,0,,0,,0,,0,
2024-11-29,LONDON_0800,NY_CLOSE_BROKER_CONVENTION,US30,1732874400,2024-11-29T10:00:00,1732874700,1,1,1,1,0,,0,,0,,0,,0,
2024-11-29,NEW_YORK_0930,ORIGINAL_DIRECT_UTC,US100,1732890600,2024-11-29T14:30:00,1732890900,1,1,1,1,0,,0,,0,,0,,0,
2024-11-29,NEW_YORK_0930,ORIGINAL_DIRECT_UTC,US30,1732890600,2024-11-29T14:30:00,1732890900,1,1,1,1,0,,0,,0,,0,,0,
2024-11-29,NEW_YORK_0930,NY_CLOSE_BROKER_CONVENTION,US100,1732897800,2024-11-29T16:30:00,1732898100,1,1,1,1,0,,0,,0,,0,,0,
2024-11-29,NEW_YORK_0930,NY_CLOSE_BROKER_CONVENTION,US30,1732897800,2024-11-29T16:30:00,1732898100,1,1,1,1,0,,0,,0,,0,,0,
2024-12-02,LONDON_0800,ORIGINAL_DIRECT_UTC,US100,1733126400,2024-12-02T08:00:00,1733126700,1,1,1,1,0,,0,,0,,0,,0,
2024-12-02,LONDON_0800,ORIGINAL_DIRECT_UTC,US30,1733126400,2024-12-02T08:00:00,1733126700,1,1,1,1,0,,0,,0,,0,,0,
2024-12-02,LONDON_0800,NY_CLOSE_BROKER_CONVENTION,US100,1733133600,2024-12-02T10:00:00,1733133900,1,1,1,1,0,,0,,0,,0,,0,
2024-12-02,LONDON_0800,NY_CLOSE_BROKER_CONVENTION,US30,1733133600,2024-12-02T10:00:00,1733133900,1,1,1,1,0,,0,,0,,0,,0,
2024-12-02,NEW_YORK_0930,ORIGINAL_DIRECT_UTC,US100,1733149800,2024-12-02T14:30:00,1733150100,1,1,1,1,0,,0,,0,,0,,0,
2024-12-02,NEW_YORK_0930,ORIGINAL_DIRECT_UTC,US30,1733149800,2024-12-02T14:30:00,1733150100,1,1,1,1,0,,0,,0,,0,,0,
2024-12-02,NEW_YORK_0930,NY_CLOSE_BROKER_CONVENTION,US100,1733157000,2024-12-02T16:30:00,1733157300,1,1,1,1,0,,0,,0,,0,,0,
2024-12-02,NEW_YORK_0930,NY_CLOSE_BROKER_CONVENTION,US30,1733157000,2024-12-02T16:30:00,1733157300,1,1,1,1,0,,0,,0,,0,,0,
2024-12-03,LONDON_0800,ORIGINAL_DIRECT_UTC,US100,1733212800,2024-12-03T08:00:00,1733213100,1,1,1,1,0,,0,,0,,0,,0,
2024-12-03,LONDON_0800,ORIGINAL_DIRECT_UTC,US30,1733212800,2024-12-03T08:00:00,1733213100,1,1,1,1,0,,0,,0,,0,,0,
2024-12-03,LONDON_0800,NY_CLOSE_BROKER_CONVENTION,US100,1733220000,2024-12-03T10:00:00,1733220300,1,1,1,1,0,,0,,0,,0,,0,
2024-12-03,LONDON_0800,NY_CLOSE_BROKER_CONVENTION,US30,1733220000,2024-12-03T10:00:00,1733220300,1,1,1,1,0,,0,,0,,0,,0,
2024-12-03,NEW_YORK_0930,ORIGINAL_DIRECT_UTC,US100,1733236200,2024-12-03T14:30:00,1733236500,1,1,1,1,0,,0,,0,,0,,0,
2024-12-03,NEW_YORK_0930,ORIGINAL_DIRECT_UTC,US30,1733236200,2024-12-03T14:30:00,1733236500,1,1,1,1,0,,0,,0,,0,,0,
2024-12-03,NEW_YORK_0930,NY_CLOSE_BROKER_CONVENTION,US100,1733243400,2024-12-03T16:30:00,1733243700,1,1,1,1,0,,0,,0,,0,,0,
2024-12-03,NEW_YORK_0930,NY_CLOSE_BROKER_CONVENTION,US30,1733243400,2024-12-03T16:30:00,1733243700,1,1,1,1,0,,0,,0,,0,,0,
2024-12-04,LONDON_0800,ORIGINAL_DIRECT_UTC,US100,1733299200,2024-12-04T08:00:00,1733299500,1,1,1,1,0,,0,,0,,0,,0,
2024-12-04,LONDON_0800,ORIGINAL_DIRECT_UTC,US30,1733299200,2024-12-04T08:00:00,1733299500,1,1,1,1,0,,0,,0,,0,,0,
2024-12-04,LONDON_0800,NY_CLOSE_BROKER_CONVENTION,US100,1733306400,2024-12-04T10:00:00,1733306700,1,1,1,1,0,,0,,0,,0,,0,
2024-12-04,LONDON_0800,NY_CLOSE_BROKER_CONVENTION,US30,1733306400,2024-12-04T10:00:00,1733306700,1,1,1,1,0,,0,,0,,0,,0,
2024-12-04,NEW_YORK_0930,ORIGINAL_DIRECT_UTC,US100,1733322600,2024-12-04T14:30:00,1733322900,1,1,1,1,0,,0,,0,,0,,0,
2024-12-04,NEW_YORK_0930,ORIGINAL_DIRECT_UTC,US30,1733322600,2024-12-04T14:30:00,1733322900,1,1,1,1,0,,0,,0,,0,,0,
2024-12-04,NEW_YORK_0930,NY_CLOSE_BROKER_CONVENTION,US100,1733329800,2024-12-04T16:30:00,1733330100,1,1,1,1,0,,0,,0,,0,,0,
2024-12-04,NEW_YORK_0930,NY_CLOSE_BROKER_CONVENTION,US30,1733329800,2024-12-04T16:30:00,1733330100,1,1,1,1,0,,0,,0,,0,,0,
2024-12-05,LONDON_0800,ORIGINAL_DIRECT_UTC,US100,1733385600,2024-12-05T08:00:00,1733385900,1,1,1,1,0,,0,,0,,0,,0,
2024-12-05,LONDON_0800,ORIGINAL_DIRECT_UTC,US30,1733385600,2024-12-05T08:00:00,1733385900,1,1,1,1,0,,0,,0,,0,,0,
2024-12-05,LONDON_0800,NY_CLOSE_BROKER_CONVENTION,US100,1733392800,2024-12-05T10:00:00,1733393100,1,1,1,1,0,,0,,0,,0,,0,
2024-12-05,LONDON_0800,NY_CLOSE_BROKER_CONVENTION,US30,1733392800,2024-12-05T10:00:00,1733393100,1,1,1,1,0,,0,,0,,0,,0,
2024-12-05,NEW_YORK_0930,ORIGINAL_DIRECT_UTC,US100,1733409000,2024-12-05T14:30:00,1733409300,1,1,1,1,0,,0,,0,,0,,0,
2024-12-05,NEW_YORK_0930,ORIGINAL_DIRECT_UTC,US30,1733409000,2024-12-05T14:30:00,1733409300,1,1,1,1,0,,0,,0,,0,,0,
2024-12-05,NEW_YORK_0930,NY_CLOSE_BROKER_CONVENTION,US100,1733416200,2024-12-05T16:30:00,1733416500,1,1,1,1,0,,0,,0,,0,,0,
2024-12-05,NEW_YORK_0930,NY_CLOSE_BROKER_CONVENTION,US30,1733416200,2024-12-05T16:30:00,1733416500,1,1,1,1,0,,0,,0,,0,,0,
2024-12-06,LONDON_0800,ORIGINAL_DIRECT_UTC,US100,1733472000,2024-12-06T08:00:00,1733472300,1,1,1,1,0,,0,,0,,0,,0,
2024-12-06,LONDON_0800,ORIGINAL_DIRECT_UTC,US30,1733472000,2024-12-06T08:00:00,1733472300,1,1,1,1,0,,0,,0,,0,,0,
2024-12-06,LONDON_0800,NY_CLOSE_BROKER_CONVENTION,US100,1733479200,2024-12-06T10:00:00,1733479500,1,1,1,1,0,,0,,0,,0,,0,
2024-12-06,LONDON_0800,NY_CLOSE_BROKER_CONVENTION,US30,1733479200,2024-12-06T10:00:00,1733479500,1,1,1,1,0,,0,,0,,0,,0,
2024-12-06,NEW_YORK_0930,ORIGINAL_DIRECT_UTC,US100,1733495400,2024-12-06T14:30:00,1733495700,1,1,1,1,0,,0,,0,,0,,0,
2024-12-06,NEW_YORK_0930,ORIGINAL_DIRECT_UTC,US30,1733495400,2024-12-06T14:30:00,1733495700,1,1,1,1,0,,0,,0,,0,,0,
2024-12-06,NEW_YORK_0930,NY_CLOSE_BROKER_CONVENTION,US100,1733502600,2024-12-06T16:30:00,1733502900,1,1,1,1,0,,0,,0,,0,,0,
2024-12-06,NEW_YORK_0930,NY_CLOSE_BROKER_CONVENTION,US30,1733502600,2024-12-06T16:30:00,1733502900,1,1,1,1,0,,0,,0,,0,,0,
2024-12-09,LONDON_0800,ORIGINAL_DIRECT_UTC,US100,1733731200,2024-12-09T08:00:00,1733731500,1,1,1,1,0,,0,,0,,0,,0,
2024-12-09,LONDON_0800,ORIGINAL_DIRECT_UTC,US30,1733731200,2024-12-09T08:00:00,1733731500,1,1,1,1,0,,0,,0,,0,,0,
2024-12-09,LONDON_0800,NY_CLOSE_BROKER_CONVENTION,US100,1733738400,2024-12-09T10:00:00,1733738700,1,1,1,1,0,,0,,0,,0,,0,
2024-12-09,LONDON_0800,NY_CLOSE_BROKER_CONVENTION,US30,1733738400,2024-12-09T10:00:00,1733738700,1,1,1,1,0,,0,,0,,0,,0,
2024-12-09,NEW_YORK_0930,ORIGINAL_DIRECT_UTC,US100,1733754600,2024-12-09T14:30:00,1733754900,1,1,1,1,0,,0,,0,,0,,0,
2024-12-09,NEW_YORK_0930,ORIGINAL_DIRECT_UTC,US30,1733754600,2024-12-09T14:30:00,1733754900,1,1,1,1,0,,0,,0,,0,,0,
2024-12-09,NEW_YORK_0930,NY_CLOSE_BROKER_CONVENTION,US100,1733761800,2024-12-09T16:30:00,1733762100,1,1,1,1,0,,0,,0,,0,,0,
2024-12-09,NEW_YORK_0930,NY_CLOSE_BROKER_CONVENTION,US30,1733761800,2024-12-09T16:30:00,1733762100,1,1,1,1,0,,0,,0,,0,,0,
2024-12-10,LONDON_0800,ORIGINAL_DIRECT_UTC,US100,1733817600,2024-12-10T08:00:00,1733817900,1,1,1,1,0,,0,,0,,0,,0,
2024-12-10,LONDON_0800,ORIGINAL_DIRECT_UTC,US30,1733817600,2024-12-10T08:00:00,1733817900,1,1,1,1,0,,0,,0,,0,,0,
2024-12-10,LONDON_0800,NY_CLOSE_BROKER_CONVENTION,US100,1733824800,2024-12-10T10:00:00,1733825100,1,1,1,1,0,,0,,0,,0,,0,
2024-12-10,LONDON_0800,NY_CLOSE_BROKER_CONVENTION,US30,1733824800,2024-12-10T10:00:00,1733825100,1,1,1,1,0,,0,,0,,0,,0,
2024-12-10,NEW_YORK_0930,ORIGINAL_DIRECT_UTC,US100,1733841000,2024-12-10T14:30:00,1733841300,1,1,1,1,0,,0,,0,,0,,0,
2024-12-10,NEW_YORK_0930,ORIGINAL_DIRECT_UTC,US30,1733841000,2024-12-10T14:30:00,1733841300,1,1,1,1,0,,0,,0,,0,,0,
2024-12-10,NEW_YORK_0930,NY_CLOSE_BROKER_CONVENTION,US100,1733848200,2024-12-10T16:30:00,1733848500,1,1,1,1,0,,0,,0,,0,,0,
2024-12-10,NEW_YORK_0930,NY_CLOSE_BROKER_CONVENTION,US30,1733848200,2024-12-10T16:30:00,1733848500,1,1,1,1,0,,0,,0,,0,,0,
2024-12-11,LONDON_0800,ORIGINAL_DIRECT_UTC,US100,1733904000,2024-12-11T08:00:00,1733904300,1,1,1,1,0,,0,,0,,0,,0,
2024-12-11,LONDON_0800,ORIGINAL_DIRECT_UTC,US30,1733904000,2024-12-11T08:00:00,1733904300,1,1,1,1,0,,0,,0,,0,,0,
2024-12-11,LONDON_0800,NY_CLOSE_BROKER_CONVENTION,US100,1733911200,2024-12-11T10:00:00,1733911500,1,1,1,1,0,,0,,0,,0,,0,
2024-12-11,LONDON_0800,NY_CLOSE_BROKER_CONVENTION,US30,1733911200,2024-12-11T10:00:00,1733911500,1,1,1,1,0,,0,,0,,0,,0,
2024-12-11,NEW_YORK_0930,ORIGINAL_DIRECT_UTC,US100,1733927400,2024-12-11T14:30:00,1733927700,1,1,1,1,0,,0,,0,,0,,0,
2024-12-11,NEW_YORK_0930,ORIGINAL_DIRECT_UTC,US30,1733927400,2024-12-11T14:30:00,1733927700,1,1,1,1,0,,0,,0,,0,,0,
2024-12-11,NEW_YORK_0930,NY_CLOSE_BROKER_CONVENTION,US100,1733934600,2024-12-11T16:30:00,1733934900,1,1,1,1,0,,0,,0,,0,,0,
2024-12-11,NEW_YORK_0930,NY_CLOSE_BROKER_CONVENTION,US30,1733934600,2024-12-11T16:30:00,1733934900,1,1,1,1,0,,0,,0,,0,,0,
2024-12-12,LONDON_0800,ORIGINAL_DIRECT_UTC,US100,1733990400,2024-12-12T08:00:00,1733990700,1,1,1,1,0,,0,,0,,0,,0,
2024-12-12,LONDON_0800,ORIGINAL_DIRECT_UTC,US30,1733990400,2024-12-12T08:00:00,1733990700,1,1,1,1,0,,0,,0,,0,,0,
2024-12-12,LONDON_0800,NY_CLOSE_BROKER_CONVENTION,US100,1733997600,2024-12-12T10:00:00,1733997900,1,1,1,1,0,,0,,0,,0,,0,
2024-12-12,LONDON_0800,NY_CLOSE_BROKER_CONVENTION,US30,1733997600,2024-12-12T10:00:00,1733997900,1,1,1,1,0,,0,,0,,0,,0,
2024-12-12,NEW_YORK_0930,ORIGINAL_DIRECT_UTC,US100,1734013800,2024-12-12T14:30:00,1734014100,1,1,1,1,0,,0,,0,,0,,0,
2024-12-12,NEW_YORK_0930,ORIGINAL_DIRECT_UTC,US30,1734013800,2024-12-12T14:30:00,1734014100,1,1,1,1,0,,0,,0,,0,,0,
2024-12-12,NEW_YORK_0930,NY_CLOSE_BROKER_CONVENTION,US100,1734021000,2024-12-12T16:30:00,1734021300,1,1,1,1,0,,0,,0,,0,,0,
2024-12-12,NEW_YORK_0930,NY_CLOSE_BROKER_CONVENTION,US30,1734021000,2024-12-12T16:30:00,1734021300,1,1,1,1,0,,0,,0,,0,,0,
2024-12-13,LONDON_0800,ORIGINAL_DIRECT_UTC,US100,1734076800,2024-12-13T08:00:00,1734077100,1,1,1,1,0,,0,,0,,0,,0,
2024-12-13,LONDON_0800,ORIGINAL_DIRECT_UTC,US30,1734076800,2024-12-13T08:00:00,1734077100,1,1,1,1,0,,0,,0,,0,,0,
2024-12-13,LONDON_0800,NY_CLOSE_BROKER_CONVENTION,US100,1734084000,2024-12-13T10:00:00,1734084300,1,1,1,1,0,,0,,0,,0,,0,
2024-12-13,LONDON_0800,NY_CLOSE_BROKER_CONVENTION,US30,1734084000,2024-12-13T10:00:00,1734084300,1,1,1,1,0,,0,,0,,0,,0,
2024-12-13,NEW_YORK_0930,ORIGINAL_DIRECT_UTC,US100,1734100200,2024-12-13T14:30:00,1734100500,1,1,1,1,0,,0,,0,,0,,0,
2024-12-13,NEW_YORK_0930,ORIGINAL_DIRECT_UTC,US30,1734100200,2024-12-13T14:30:00,1734100500,1,1,1,1,0,,0,,0,,0,,0,
2024-12-13,NEW_YORK_0930,NY_CLOSE_BROKER_CONVENTION,US100,1734107400,2024-12-13T16:30:00,1734107700,1,1,1,1,0,,0,,0,,0,,0,
2024-12-13,NEW_YORK_0930,NY_CLOSE_BROKER_CONVENTION,US30,1734107400,2024-12-13T16:30:00,1734107700,1,1,1,1,0,,0,,0,,0,,0,
2024-12-16,LONDON_0800,ORIGINAL_DIRECT_UTC,US100,1734336000,2024-12-16T08:00:00,1734336300,1,1,1,1,0,,0,,0,,0,,0,
2024-12-16,LONDON_0800,ORIGINAL_DIRECT_UTC,US30,1734336000,2024-12-16T08:00:00,1734336300,1,1,1,1,0,,0,,0,,0,,0,
2024-12-16,LONDON_0800,NY_CLOSE_BROKER_CONVENTION,US100,1734343200,2024-12-16T10:00:00,1734343500,1,1,1,1,0,,0,,0,,0,,0,
2024-12-16,LONDON_0800,NY_CLOSE_BROKER_CONVENTION,US30,1734343200,2024-12-16T10:00:00,1734343500,1,1,1,1,0,,0,,0,,0,,0,
2024-12-16,NEW_YORK_0930,ORIGINAL_DIRECT_UTC,US100,1734359400,2024-12-16T14:30:00,1734359700,1,1,1,1,0,,0,,0,,0,,0,
2024-12-16,NEW_YORK_0930,ORIGINAL_DIRECT_UTC,US30,1734359400,2024-12-16T14:30:00,1734359700,1,1,1,1,0,,0,,0,,0,,0,
2024-12-16,NEW_YORK_0930,NY_CLOSE_BROKER_CONVENTION,US100,1734366600,2024-12-16T16:30:00,1734366900,1,1,1,1,0,,0,,0,,0,,0,
2024-12-16,NEW_YORK_0930,NY_CLOSE_BROKER_CONVENTION,US30,1734366600,2024-12-16T16:30:00,1734366900,1,1,1,1,0,,0,,0,,0,,0,
2024-12-17,LONDON_0800,ORIGINAL_DIRECT_UTC,US100,1734422400,2024-12-17T08:00:00,1734422700,1,1,1,1,0,,0,,0,,0,,0,
2024-12-17,LONDON_0800,ORIGINAL_DIRECT_UTC,US30,1734422400,2024-12-17T08:00:00,1734422700,1,1,1,1,0,,0,,0,,0,,0,
2024-12-17,LONDON_0800,NY_CLOSE_BROKER_CONVENTION,US100,1734429600,2024-12-17T10:00:00,1734429900,1,1,1,1,0,,0,,0,,0,,0,
2024-12-17,LONDON_0800,NY_CLOSE_BROKER_CONVENTION,US30,1734429600,2024-12-17T10:00:00,1734429900,1,1,1,1,0,,0,,0,,0,,0,
2024-12-17,NEW_YORK_0930,ORIGINAL_DIRECT_UTC,US100,1734445800,2024-12-17T14:30:00,1734446100,1,1,1,1,0,,0,,0,,0,,0,
2024-12-17,NEW_YORK_0930,ORIGINAL_DIRECT_UTC,US30,1734445800,2024-12-17T14:30:00,1734446100,1,1,1,1,0,,0,,0,,0,,0,
2024-12-17,NEW_YORK_0930,NY_CLOSE_BROKER_CONVENTION,US100,1734453000,2024-12-17T16:30:00,1734453300,1,1,1,1,0,,0,,0,,0,,0,
2024-12-17,NEW_YORK_0930,NY_CLOSE_BROKER_CONVENTION,US30,1734453000,2024-12-17T16:30:00,1734453300,1,1,1,1,0,,0,,0,,0,,0,
2024-12-18,LONDON_0800,ORIGINAL_DIRECT_UTC,US100,1734508800,2024-12-18T08:00:00,1734509100,1,1,1,1,0,,0,,0,,0,,0,
2024-12-18,LONDON_0800,ORIGINAL_DIRECT_UTC,US30,1734508800,2024-12-18T08:00:00,1734509100,1,1,1,1,0,,0,,0,,0,,0,
2024-12-18,LONDON_0800,NY_CLOSE_BROKER_CONVENTION,US100,1734516000,2024-12-18T10:00:00,1734516300,1,1,1,1,0,,0,,0,,0,,0,
2024-12-18,LONDON_0800,NY_CLOSE_BROKER_CONVENTION,US30,1734516000,2024-12-18T10:00:00,1734516300,1,1,1,1,0,,0,,0,,0,,0,
2024-12-18,NEW_YORK_0930,ORIGINAL_DIRECT_UTC,US100,1734532200,2024-12-18T14:30:00,1734532500,1,1,1,1,0,,0,,0,,0,,0,
2024-12-18,NEW_YORK_0930,ORIGINAL_DIRECT_UTC,US30,1734532200,2024-12-18T14:30:00,1734532500,1,1,1,1,0,,0,,0,,0,,0,
2024-12-18,NEW_YORK_0930,NY_CLOSE_BROKER_CONVENTION,US100,1734539400,2024-12-18T16:30:00,1734539700,1,1,1,1,0,,0,,0,,0,,0,
2024-12-18,NEW_YORK_0930,NY_CLOSE_BROKER_CONVENTION,US30,1734539400,2024-12-18T16:30:00,1734539700,1,1,1,1,0,,0,,0,,0,,0,
2024-12-19,LONDON_0800,ORIGINAL_DIRECT_UTC,US100,1734595200,2024-12-19T08:00:00,1734595500,1,1,1,1,0,,0,,0,,0,,0,
2024-12-19,LONDON_0800,ORIGINAL_DIRECT_UTC,US30,1734595200,2024-12-19T08:00:00,1734595500,1,1,1,1,0,,0,,0,,0,,0,
2024-12-19,LONDON_0800,NY_CLOSE_BROKER_CONVENTION,US100,1734602400,2024-12-19T10:00:00,1734602700,1,1,1,1,0,,0,,0,,0,,0,
2024-12-19,LONDON_0800,NY_CLOSE_BROKER_CONVENTION,US30,1734602400,2024-12-19T10:00:00,1734602700,1,1,1,1,0,,0,,0,,0,,0,
2024-12-19,NEW_YORK_0930,ORIGINAL_DIRECT_UTC,US100,1734618600,2024-12-19T14:30:00,1734618900,1,1,1,1,0,,0,,0,,0,,0,
2024-12-19,NEW_YORK_0930,ORIGINAL_DIRECT_UTC,US30,1734618600,2024-12-19T14:30:00,1734618900,1,1,1,1,0,,0,,0,,0,,0,
2024-12-19,NEW_YORK_0930,NY_CLOSE_BROKER_CONVENTION,US100,1734625800,2024-12-19T16:30:00,1734626100,1,1,1,1,0,,0,,0,,0,,0,
2024-12-19,NEW_YORK_0930,NY_CLOSE_BROKER_CONVENTION,US30,1734625800,2024-12-19T16:30:00,1734626100,1,1,1,1,0,,0,,0,,0,,0,
2024-12-20,LONDON_0800,ORIGINAL_DIRECT_UTC,US100,1734681600,2024-12-20T08:00:00,1734681900,1,1,1,1,0,,0,,0,,0,,0,
2024-12-20,LONDON_0800,ORIGINAL_DIRECT_UTC,US30,1734681600,2024-12-20T08:00:00,1734681900,1,1,1,1,0,,0,,0,,0,,0,
2024-12-20,LONDON_0800,NY_CLOSE_BROKER_CONVENTION,US100,1734688800,2024-12-20T10:00:00,1734689100,1,1,1,1,0,,0,,0,,0,,0,
2024-12-20,LONDON_0800,NY_CLOSE_BROKER_CONVENTION,US30,1734688800,2024-12-20T10:00:00,1734689100,1,1,1,1,0,,0,,0,,0,,0,
2024-12-20,NEW_YORK_0930,ORIGINAL_DIRECT_UTC,US100,1734705000,2024-12-20T14:30:00,1734705300,1,1,1,1,0,,0,,0,,0,,0,
2024-12-20,NEW_YORK_0930,ORIGINAL_DIRECT_UTC,US30,1734705000,2024-12-20T14:30:00,1734705300,1,1,1,1,0,,0,,0,,0,,0,
2024-12-20,NEW_YORK_0930,NY_CLOSE_BROKER_CONVENTION,US100,1734712200,2024-12-20T16:30:00,1734712500,1,1,1,1,0,,0,,0,,0,,0,
2024-12-20,NEW_YORK_0930,NY_CLOSE_BROKER_CONVENTION,US30,1734712200,2024-12-20T16:30:00,1734712500,1,1,1,1,0,,0,,0,,0,,0,
2024-12-23,LONDON_0800,ORIGINAL_DIRECT_UTC,US100,1734940800,2024-12-23T08:00:00,1734941100,1,1,1,1,0,,0,,0,,0,,0,
2024-12-23,LONDON_0800,ORIGINAL_DIRECT_UTC,US30,1734940800,2024-12-23T08:00:00,1734941100,1,1,1,1,0,,0,,0,,0,,0,
2024-12-23,LONDON_0800,NY_CLOSE_BROKER_CONVENTION,US100,1734948000,2024-12-23T10:00:00,1734948300,1,1,1,1,0,,0,,0,,0,,0,
2024-12-23,LONDON_0800,NY_CLOSE_BROKER_CONVENTION,US30,1734948000,2024-12-23T10:00:00,1734948300,1,1,1,1,0,,0,,0,,0,,0,
2024-12-23,NEW_YORK_0930,ORIGINAL_DIRECT_UTC,US100,1734964200,2024-12-23T14:30:00,1734964500,1,1,1,1,0,,0,,0,,0,,0,
2024-12-23,NEW_YORK_0930,ORIGINAL_DIRECT_UTC,US30,1734964200,2024-12-23T14:30:00,1734964500,1,1,1,1,0,,0,,0,,0,,0,
2024-12-23,NEW_YORK_0930,NY_CLOSE_BROKER_CONVENTION,US100,1734971400,2024-12-23T16:30:00,1734971700,1,1,1,1,0,,0,,0,,0,,0,
2024-12-23,NEW_YORK_0930,NY_CLOSE_BROKER_CONVENTION,US30,1734971400,2024-12-23T16:30:00,1734971700,1,1,1,1,0,,0,,0,,0,,0,
2024-12-24,LONDON_0800,ORIGINAL_DIRECT_UTC,US100,1735027200,2024-12-24T08:00:00,1735027500,1,1,1,1,0,,0,,0,,0,,0,
2024-12-24,LONDON_0800,ORIGINAL_DIRECT_UTC,US30,1735027200,2024-12-24T08:00:00,1735027500,1,1,1,1,0,,0,,0,,0,,0,
2024-12-24,LONDON_0800,NY_CLOSE_BROKER_CONVENTION,US100,1735034400,2024-12-24T10:00:00,1735034700,1,1,1,1,0,,0,,0,,0,,0,
2024-12-24,LONDON_0800,NY_CLOSE_BROKER_CONVENTION,US30,1735034400,2024-12-24T10:00:00,1735034700,1,1,1,1,0,,0,,0,,0,,0,
2024-12-24,NEW_YORK_0930,ORIGINAL_DIRECT_UTC,US100,1735050600,2024-12-24T14:30:00,1735050900,1,1,1,1,0,,0,,0,,0,,0,
2024-12-24,NEW_YORK_0930,ORIGINAL_DIRECT_UTC,US30,1735050600,2024-12-24T14:30:00,1735050900,1,1,1,1,0,,0,,0,,0,,0,
2024-12-24,NEW_YORK_0930,NY_CLOSE_BROKER_CONVENTION,US100,1735057800,2024-12-24T16:30:00,1735058100,1,1,1,1,0,,0,,0,,0,,0,
2024-12-24,NEW_YORK_0930,NY_CLOSE_BROKER_CONVENTION,US30,1735057800,2024-12-24T16:30:00,1735058100,1,1,1,1,0,,0,,0,,0,,0,
2024-12-26,LONDON_0800,ORIGINAL_DIRECT_UTC,US100,1735200000,2024-12-26T08:00:00,1735200300,1,1,1,1,0,,0,,0,,0,,0,
2024-12-26,LONDON_0800,ORIGINAL_DIRECT_UTC,US30,1735200000,2024-12-26T08:00:00,1735200300,1,1,1,1,0,,0,,0,,0,,0,
2024-12-26,LONDON_0800,NY_CLOSE_BROKER_CONVENTION,US100,1735207200,2024-12-26T10:00:00,1735207500,1,1,1,1,0,,0,,0,,0,,0,
2024-12-26,LONDON_0800,NY_CLOSE_BROKER_CONVENTION,US30,1735207200,2024-12-26T10:00:00,1735207500,1,1,1,1,0,,0,,0,,0,,0,
2024-12-26,NEW_YORK_0930,ORIGINAL_DIRECT_UTC,US100,1735223400,2024-12-26T14:30:00,1735223700,1,1,1,1,0,,0,,0,,0,,0,
2024-12-26,NEW_YORK_0930,ORIGINAL_DIRECT_UTC,US30,1735223400,2024-12-26T14:30:00,1735223700,1,1,1,1,0,,0,,0,,0,,0,
2024-12-26,NEW_YORK_0930,NY_CLOSE_BROKER_CONVENTION,US100,1735230600,2024-12-26T16:30:00,1735230900,1,1,1,1,0,,0,,0,,0,,0,
2024-12-26,NEW_YORK_0930,NY_CLOSE_BROKER_CONVENTION,US30,1735230600,2024-12-26T16:30:00,1735230900,1,1,1,1,0,,0,,0,,0,,0,
2024-12-27,LONDON_0800,ORIGINAL_DIRECT_UTC,US100,1735286400,2024-12-27T08:00:00,1735286700,1,1,1,1,0,,0,,0,,0,,0,
2024-12-27,LONDON_0800,ORIGINAL_DIRECT_UTC,US30,1735286400,2024-12-27T08:00:00,1735286700,1,1,1,1,0,,0,,0,,0,,0,
2024-12-27,LONDON_0800,NY_CLOSE_BROKER_CONVENTION,US100,1735293600,2024-12-27T10:00:00,1735293900,1,1,1,1,0,,0,,0,,0,,0,
2024-12-27,LONDON_0800,NY_CLOSE_BROKER_CONVENTION,US30,1735293600,2024-12-27T10:00:00,1735293900,1,1,1,1,0,,0,,0,,0,,0,
2024-12-27,NEW_YORK_0930,ORIGINAL_DIRECT_UTC,US100,1735309800,2024-12-27T14:30:00,1735310100,1,1,1,1,0,,0,,0,,0,,0,
2024-12-27,NEW_YORK_0930,ORIGINAL_DIRECT_UTC,US30,1735309800,2024-12-27T14:30:00,1735310100,1,1,1,1,0,,0,,0,,0,,0,
2024-12-27,NEW_YORK_0930,NY_CLOSE_BROKER_CONVENTION,US100,1735317000,2024-12-27T16:30:00,1735317300,1,1,1,1,0,,0,,0,,0,,0,
2024-12-27,NEW_YORK_0930,NY_CLOSE_BROKER_CONVENTION,US30,1735317000,2024-12-27T16:30:00,1735317300,1,1,1,1,0,,0,,0,,0,,0,
2024-12-30,LONDON_0800,ORIGINAL_DIRECT_UTC,US100,1735545600,2024-12-30T08:00:00,1735545900,1,1,1,1,0,,0,,0,,0,,0,
2024-12-30,LONDON_0800,ORIGINAL_DIRECT_UTC,US30,1735545600,2024-12-30T08:00:00,1735545900,1,1,1,1,0,,0,,0,,0,,0,
2024-12-30,LONDON_0800,NY_CLOSE_BROKER_CONVENTION,US100,1735552800,2024-12-30T10:00:00,1735553100,1,1,1,1,0,,0,,0,,0,,0,
2024-12-30,LONDON_0800,NY_CLOSE_BROKER_CONVENTION,US30,1735552800,2024-12-30T10:00:00,1735553100,1,1,1,1,0,,0,,0,,0,,0,
2024-12-30,NEW_YORK_0930,ORIGINAL_DIRECT_UTC,US100,1735569000,2024-12-30T14:30:00,1735569300,1,1,1,1,0,,0,,0,,0,,0,
2024-12-30,NEW_YORK_0930,ORIGINAL_DIRECT_UTC,US30,1735569000,2024-12-30T14:30:00,1735569300,1,1,1,1,0,,0,,0,,0,,0,
2024-12-30,NEW_YORK_0930,NY_CLOSE_BROKER_CONVENTION,US100,1735576200,2024-12-30T16:30:00,1735576500,1,1,1,1,0,,0,,0,,0,,0,
2024-12-30,NEW_YORK_0930,NY_CLOSE_BROKER_CONVENTION,US30,1735576200,2024-12-30T16:30:00,1735576500,1,1,1,1,0,,0,,0,,0,,0,
2024-12-31,LONDON_0800,ORIGINAL_DIRECT_UTC,US100,1735632000,2024-12-31T08:00:00,1735632300,1,1,1,1,0,,0,,0,,0,,0,
2024-12-31,LONDON_0800,ORIGINAL_DIRECT_UTC,US30,1735632000,2024-12-31T08:00:00,1735632300,1,1,1,1,0,,0,,0,,0,,0,
2024-12-31,LONDON_0800,NY_CLOSE_BROKER_CONVENTION,US100,1735639200,2024-12-31T10:00:00,1735639500,1,1,1,1,0,,0,,0,,0,,0,
2024-12-31,LONDON_0800,NY_CLOSE_BROKER_CONVENTION,US30,1735639200,2024-12-31T10:00:00,1735639500,1,1,1,1,0,,0,,0,,0,,0,
2024-12-31,NEW_YORK_0930,ORIGINAL_DIRECT_UTC,US100,1735655400,2024-12-31T14:30:00,1735655700,1,1,1,1,0,,0,,0,,0,,0,
2024-12-31,NEW_YORK_0930,ORIGINAL_DIRECT_UTC,US30,1735655400,2024-12-31T14:30:00,1735655700,1,1,1,1,0,,0,,0,,0,,0,
2024-12-31,NEW_YORK_0930,NY_CLOSE_BROKER_CONVENTION,US100,1735662600,2024-12-31T16:30:00,1735662900,1,1,1,1,0,,0,,0,,0,,0,
2024-12-31,NEW_YORK_0930,NY_CLOSE_BROKER_CONVENTION,US30,1735662600,2024-12-31T16:30:00,1735662900,1,1,1,1,0,,0,,0,,0,,0,
2025-01-02,LONDON_0800,ORIGINAL_DIRECT_UTC,US100,1735804800,2025-01-02T08:00:00,1735805100,1,1,1,1,0,,0,,0,,0,,0,
2025-01-02,LONDON_0800,ORIGINAL_DIRECT_UTC,US30,1735804800,2025-01-02T08:00:00,1735805100,1,1,1,1,0,,0,,0,,0,,0,
2025-01-02,LONDON_0800,NY_CLOSE_BROKER_CONVENTION,US100,1735812000,2025-01-02T10:00:00,1735812300,1,1,1,1,0,,0,,0,,0,,0,
2025-01-02,LONDON_0800,NY_CLOSE_BROKER_CONVENTION,US30,1735812000,2025-01-02T10:00:00,1735812300,1,1,1,1,0,,0,,0,,0,,0,
2025-01-02,NEW_YORK_0930,ORIGINAL_DIRECT_UTC,US100,1735828200,2025-01-02T14:30:00,1735828500,1,1,1,1,0,,0,,0,,0,,0,
2025-01-02,NEW_YORK_0930,ORIGINAL_DIRECT_UTC,US30,1735828200,2025-01-02T14:30:00,1735828500,1,1,1,1,0,,0,,0,,0,,0,
2025-01-02,NEW_YORK_0930,NY_CLOSE_BROKER_CONVENTION,US100,1735835400,2025-01-02T16:30:00,1735835700,1,1,1,1,0,,0,,0,,0,,0,
2025-01-02,NEW_YORK_0930,NY_CLOSE_BROKER_CONVENTION,US30,1735835400,2025-01-02T16:30:00,1735835700,1,1,1,1,0,,0,,0,,0,,0,
2025-01-03,LONDON_0800,ORIGINAL_DIRECT_UTC,US100,1735891200,2025-01-03T08:00:00,1735891500,1,1,1,1,0,,0,,0,,0,,0,
2025-01-03,LONDON_0800,ORIGINAL_DIRECT_UTC,US30,1735891200,2025-01-03T08:00:00,1735891500,1,1,1,1,0,,0,,0,,0,,0,
2025-01-03,LONDON_0800,NY_CLOSE_BROKER_CONVENTION,US100,1735898400,2025-01-03T10:00:00,1735898700,1,1,1,1,0,,0,,0,,0,,0,
2025-01-03,LONDON_0800,NY_CLOSE_BROKER_CONVENTION,US30,1735898400,2025-01-03T10:00:00,1735898700,1,1,1,1,0,,0,,0,,0,,0,
2025-01-03,NEW_YORK_0930,ORIGINAL_DIRECT_UTC,US100,1735914600,2025-01-03T14:30:00,1735914900,1,1,1,1,0,,0,,0,,0,,0,
2025-01-03,NEW_YORK_0930,ORIGINAL_DIRECT_UTC,US30,1735914600,2025-01-03T14:30:00,1735914900,1,1,1,1,0,,0,,0,,0,,0,
2025-01-03,NEW_YORK_0930,NY_CLOSE_BROKER_CONVENTION,US100,1735921800,2025-01-03T16:30:00,1735922100,1,1,1,1,0,,0,,0,,0,,0,
2025-01-03,NEW_YORK_0930,NY_CLOSE_BROKER_CONVENTION,US30,1735921800,2025-01-03T16:30:00,1735922100,1,1,1,1,0,,0,,0,,0,,0,
2025-01-06,LONDON_0800,ORIGINAL_DIRECT_UTC,US100,1736150400,2025-01-06T08:00:00,1736150700,1,1,1,1,0,,0,,0,,0,,0,
2025-01-06,LONDON_0800,ORIGINAL_DIRECT_UTC,US30,1736150400,2025-01-06T08:00:00,1736150700,1,1,1,1,0,,0,,0,,0,,0,
2025-01-06,LONDON_0800,NY_CLOSE_BROKER_CONVENTION,US100,1736157600,2025-01-06T10:00:00,1736157900,1,1,1,1,0,,0,,0,,0,,0,
2025-01-06,LONDON_0800,NY_CLOSE_BROKER_CONVENTION,US30,1736157600,2025-01-06T10:00:00,1736157900,1,1,1,1,0,,0,,0,,0,,0,
2025-01-06,NEW_YORK_0930,ORIGINAL_DIRECT_UTC,US100,1736173800,2025-01-06T14:30:00,1736174100,1,1,1,1,0,,0,,0,,0,,0,
2025-01-06,NEW_YORK_0930,ORIGINAL_DIRECT_UTC,US30,1736173800,2025-01-06T14:30:00,1736174100,1,1,1,1,0,,0,,0,,0,,0,
2025-01-06,NEW_YORK_0930,NY_CLOSE_BROKER_CONVENTION,US100,1736181000,2025-01-06T16:30:00,1736181300,1,1,1,1,0,,0,,0,,0,,0,
2025-01-06,NEW_YORK_0930,NY_CLOSE_BROKER_CONVENTION,US30,1736181000,2025-01-06T16:30:00,1736181300,1,1,1,1,0,,0,,0,,0,,0,
2025-01-07,LONDON_0800,ORIGINAL_DIRECT_UTC,US100,1736236800,2025-01-07T08:00:00,1736237100,1,1,1,1,0,,0,,0,,0,,0,
2025-01-07,LONDON_0800,ORIGINAL_DIRECT_UTC,US30,1736236800,2025-01-07T08:00:00,1736237100,1,1,1,1,0,,0,,0,,0,,0,
2025-01-07,LONDON_0800,NY_CLOSE_BROKER_CONVENTION,US100,1736244000,2025-01-07T10:00:00,1736244300,1,1,1,1,0,,0,,0,,0,,0,
2025-01-07,LONDON_0800,NY_CLOSE_BROKER_CONVENTION,US30,1736244000,2025-01-07T10:00:00,1736244300,1,1,1,1,0,,0,,0,,0,,0,
2025-01-07,NEW_YORK_0930,ORIGINAL_DIRECT_UTC,US100,1736260200,2025-01-07T14:30:00,1736260500,1,1,1,1,0,,0,,0,,0,,0,
2025-01-07,NEW_YORK_0930,ORIGINAL_DIRECT_UTC,US30,1736260200,2025-01-07T14:30:00,1736260500,1,1,1,1,0,,0,,0,,0,,0,
2025-01-07,NEW_YORK_0930,NY_CLOSE_BROKER_CONVENTION,US100,1736267400,2025-01-07T16:30:00,1736267700,1,1,1,1,0,,0,,0,,0,,0,
2025-01-07,NEW_YORK_0930,NY_CLOSE_BROKER_CONVENTION,US30,1736267400,2025-01-07T16:30:00,1736267700,1,1,1,1,0,,0,,0,,0,,0,
2025-01-08,LONDON_0800,ORIGINAL_DIRECT_UTC,US100,1736323200,2025-01-08T08:00:00,1736323500,1,1,1,1,0,,0,,0,,0,,0,
2025-01-08,LONDON_0800,ORIGINAL_DIRECT_UTC,US30,1736323200,2025-01-08T08:00:00,1736323500,1,1,1,1,0,,0,,0,,0,,0,
2025-01-08,LONDON_0800,NY_CLOSE_BROKER_CONVENTION,US100,1736330400,2025-01-08T10:00:00,1736330700,1,1,1,1,0,,0,,0,,0,,0,
2025-01-08,LONDON_0800,NY_CLOSE_BROKER_CONVENTION,US30,1736330400,2025-01-08T10:00:00,1736330700,1,1,1,1,0,,0,,0,,0,,0,
2025-01-08,NEW_YORK_0930,ORIGINAL_DIRECT_UTC,US100,1736346600,2025-01-08T14:30:00,1736346900,1,1,1,1,0,,0,,0,,0,,0,
2025-01-08,NEW_YORK_0930,ORIGINAL_DIRECT_UTC,US30,1736346600,2025-01-08T14:30:00,1736346900,1,1,1,1,0,,0,,0,,0,,0,
2025-01-08,NEW_YORK_0930,NY_CLOSE_BROKER_CONVENTION,US100,1736353800,2025-01-08T16:30:00,1736354100,1,1,1,1,0,,0,,0,,0,,0,
2025-01-08,NEW_YORK_0930,NY_CLOSE_BROKER_CONVENTION,US30,1736353800,2025-01-08T16:30:00,1736354100,1,1,1,1,0,,0,,0,,0,,0,
2025-01-09,LONDON_0800,ORIGINAL_DIRECT_UTC,US100,1736409600,2025-01-09T08:00:00,1736409900,1,1,1,1,0,,0,,0,,0,,0,
2025-01-09,LONDON_0800,ORIGINAL_DIRECT_UTC,US30,1736409600,2025-01-09T08:00:00,1736409900,1,1,1,1,0,,0,,0,,0,,0,
2025-01-09,LONDON_0800,NY_CLOSE_BROKER_CONVENTION,US100,1736416800,2025-01-09T10:00:00,1736417100,1,1,1,1,0,,0,,0,,0,,0,
2025-01-09,LONDON_0800,NY_CLOSE_BROKER_CONVENTION,US30,1736416800,2025-01-09T10:00:00,1736417100,1,1,1,1,0,,0,,0,,0,,0,
2025-01-09,NEW_YORK_0930,ORIGINAL_DIRECT_UTC,US100,1736433000,2025-01-09T14:30:00,1736433300,1,1,1,1,0,,0,,0,,0,,0,
2025-01-09,NEW_YORK_0930,ORIGINAL_DIRECT_UTC,US30,1736433000,2025-01-09T14:30:00,1736433300,1,1,1,1,0,,0,,0,,0,,0,
2025-01-09,NEW_YORK_0930,NY_CLOSE_BROKER_CONVENTION,US100,1736440200,2025-01-09T16:30:00,1736440500,0,0,0,0,0,,4,1 2 3 4,1,5,59,6 7 8 9 10 11 12 13 14 15 16 17 18 19 20 21 22 23 24 25 26 27 28 29 30 31 32 33 34 35 36 37 38 39 40 41 42 43 44 45 46 47 48 49 50 51 52 53 54 55 56 57 58 59 60 61 62 63 64,10,65 66 67 68 69 70 71 72 73 74
2025-01-09,NEW_YORK_0930,NY_CLOSE_BROKER_CONVENTION,US30,1736440200,2025-01-09T16:30:00,1736440500,0,0,0,0,0,,4,1 2 3 4,1,5,59,6 7 8 9 10 11 12 13 14 15 16 17 18 19 20 21 22 23 24 25 26 27 28 29 30 31 32 33 34 35 36 37 38 39 40 41 42 43 44 45 46 47 48 49 50 51 52 53 54 55 56 57 58 59 60 61 62 63 64,10,65 66 67 68 69 70 71 72 73 74
2025-01-10,LONDON_0800,ORIGINAL_DIRECT_UTC,US100,1736496000,2025-01-10T08:00:00,1736496300,1,1,1,1,0,,0,,0,,0,,0,
2025-01-10,LONDON_0800,ORIGINAL_DIRECT_UTC,US30,1736496000,2025-01-10T08:00:00,1736496300,1,1,1,1,0,,0,,0,,0,,0,
2025-01-10,LONDON_0800,NY_CLOSE_BROKER_CONVENTION,US100,1736503200,2025-01-10T10:00:00,1736503500,1,1,1,1,0,,0,,0,,0,,0,
2025-01-10,LONDON_0800,NY_CLOSE_BROKER_CONVENTION,US30,1736503200,2025-01-10T10:00:00,1736503500,1,1,1,1,0,,0,,0,,0,,0,
2025-01-10,NEW_YORK_0930,ORIGINAL_DIRECT_UTC,US100,1736519400,2025-01-10T14:30:00,1736519700,1,1,1,1,0,,0,,0,,0,,0,
2025-01-10,NEW_YORK_0930,ORIGINAL_DIRECT_UTC,US30,1736519400,2025-01-10T14:30:00,1736519700,1,1,1,1,0,,0,,0,,0,,0,
2025-01-10,NEW_YORK_0930,NY_CLOSE_BROKER_CONVENTION,US100,1736526600,2025-01-10T16:30:00,1736526900,1,1,1,1,0,,0,,0,,0,,0,
2025-01-10,NEW_YORK_0930,NY_CLOSE_BROKER_CONVENTION,US30,1736526600,2025-01-10T16:30:00,1736526900,1,1,1,1,0,,0,,0,,0,,0,
2025-01-13,LONDON_0800,ORIGINAL_DIRECT_UTC,US100,1736755200,2025-01-13T08:00:00,1736755500,1,1,1,1,0,,0,,0,,0,,0,
2025-01-13,LONDON_0800,ORIGINAL_DIRECT_UTC,US30,1736755200,2025-01-13T08:00:00,1736755500,1,1,1,1,0,,0,,0,,0,,0,
2025-01-13,LONDON_0800,NY_CLOSE_BROKER_CONVENTION,US100,1736762400,2025-01-13T10:00:00,1736762700,1,1,1,1,0,,0,,0,,0,,0,
2025-01-13,LONDON_0800,NY_CLOSE_BROKER_CONVENTION,US30,1736762400,2025-01-13T10:00:00,1736762700,1,1,1,1,0,,0,,0,,0,,0,
2025-01-13,NEW_YORK_0930,ORIGINAL_DIRECT_UTC,US100,1736778600,2025-01-13T14:30:00,1736778900,1,1,1,1,0,,0,,0,,0,,0,
2025-01-13,NEW_YORK_0930,ORIGINAL_DIRECT_UTC,US30,1736778600,2025-01-13T14:30:00,1736778900,1,1,1,1,0,,0,,0,,0,,0,
2025-01-13,NEW_YORK_0930,NY_CLOSE_BROKER_CONVENTION,US100,1736785800,2025-01-13T16:30:00,1736786100,1,1,1,1,0,,0,,0,,0,,0,
2025-01-13,NEW_YORK_0930,NY_CLOSE_BROKER_CONVENTION,US30,1736785800,2025-01-13T16:30:00,1736786100,1,1,1,1,0,,0,,0,,0,,0,
2025-01-14,LONDON_0800,ORIGINAL_DIRECT_UTC,US100,1736841600,2025-01-14T08:00:00,1736841900,1,1,1,1,0,,0,,0,,0,,0,
2025-01-14,LONDON_0800,ORIGINAL_DIRECT_UTC,US30,1736841600,2025-01-14T08:00:00,1736841900,1,1,1,1,0,,0,,0,,0,,0,
2025-01-14,LONDON_0800,NY_CLOSE_BROKER_CONVENTION,US100,1736848800,2025-01-14T10:00:00,1736849100,1,1,1,1,0,,0,,0,,0,,0,
2025-01-14,LONDON_0800,NY_CLOSE_BROKER_CONVENTION,US30,1736848800,2025-01-14T10:00:00,1736849100,1,1,1,1,0,,0,,0,,0,,0,
2025-01-14,NEW_YORK_0930,ORIGINAL_DIRECT_UTC,US100,1736865000,2025-01-14T14:30:00,1736865300,1,1,1,1,0,,0,,0,,0,,0,
2025-01-14,NEW_YORK_0930,ORIGINAL_DIRECT_UTC,US30,1736865000,2025-01-14T14:30:00,1736865300,1,1,1,1,0,,0,,0,,0,,0,
2025-01-14,NEW_YORK_0930,NY_CLOSE_BROKER_CONVENTION,US100,1736872200,2025-01-14T16:30:00,1736872500,1,1,1,1,0,,0,,0,,0,,0,
2025-01-14,NEW_YORK_0930,NY_CLOSE_BROKER_CONVENTION,US30,1736872200,2025-01-14T16:30:00,1736872500,1,1,1,1,0,,0,,0,,0,,0,
2025-01-15,LONDON_0800,ORIGINAL_DIRECT_UTC,US100,1736928000,2025-01-15T08:00:00,1736928300,1,1,1,1,0,,0,,0,,0,,0,
2025-01-15,LONDON_0800,ORIGINAL_DIRECT_UTC,US30,1736928000,2025-01-15T08:00:00,1736928300,1,1,1,1,0,,0,,0,,0,,0,
2025-01-15,LONDON_0800,NY_CLOSE_BROKER_CONVENTION,US100,1736935200,2025-01-15T10:00:00,1736935500,1,1,1,1,0,,0,,0,,0,,0,
2025-01-15,LONDON_0800,NY_CLOSE_BROKER_CONVENTION,US30,1736935200,2025-01-15T10:00:00,1736935500,1,1,1,1,0,,0,,0,,0,,0,
2025-01-15,NEW_YORK_0930,ORIGINAL_DIRECT_UTC,US100,1736951400,2025-01-15T14:30:00,1736951700,1,1,1,1,0,,0,,0,,0,,0,
2025-01-15,NEW_YORK_0930,ORIGINAL_DIRECT_UTC,US30,1736951400,2025-01-15T14:30:00,1736951700,1,1,1,1,0,,0,,0,,0,,0,
2025-01-15,NEW_YORK_0930,NY_CLOSE_BROKER_CONVENTION,US100,1736958600,2025-01-15T16:30:00,1736958900,1,1,1,1,0,,0,,0,,0,,0,
2025-01-15,NEW_YORK_0930,NY_CLOSE_BROKER_CONVENTION,US30,1736958600,2025-01-15T16:30:00,1736958900,1,1,1,1,0,,0,,0,,0,,0,
2025-01-16,LONDON_0800,ORIGINAL_DIRECT_UTC,US100,1737014400,2025-01-16T08:00:00,1737014700,1,1,1,1,0,,0,,0,,0,,0,
2025-01-16,LONDON_0800,ORIGINAL_DIRECT_UTC,US30,1737014400,2025-01-16T08:00:00,1737014700,1,1,1,1,0,,0,,0,,0,,0,
2025-01-16,LONDON_0800,NY_CLOSE_BROKER_CONVENTION,US100,1737021600,2025-01-16T10:00:00,1737021900,1,1,1,1,0,,0,,0,,0,,0,
2025-01-16,LONDON_0800,NY_CLOSE_BROKER_CONVENTION,US30,1737021600,2025-01-16T10:00:00,1737021900,1,1,1,1,0,,0,,0,,0,,0,
2025-01-16,NEW_YORK_0930,ORIGINAL_DIRECT_UTC,US100,1737037800,2025-01-16T14:30:00,1737038100,1,1,1,1,0,,0,,0,,0,,0,
2025-01-16,NEW_YORK_0930,ORIGINAL_DIRECT_UTC,US30,1737037800,2025-01-16T14:30:00,1737038100,1,1,1,1,0,,0,,0,,0,,0,
2025-01-16,NEW_YORK_0930,NY_CLOSE_BROKER_CONVENTION,US100,1737045000,2025-01-16T16:30:00,1737045300,1,1,1,1,0,,0,,0,,0,,0,
2025-01-16,NEW_YORK_0930,NY_CLOSE_BROKER_CONVENTION,US30,1737045000,2025-01-16T16:30:00,1737045300,1,1,1,1,0,,0,,0,,0,,0,
2025-01-17,LONDON_0800,ORIGINAL_DIRECT_UTC,US100,1737100800,2025-01-17T08:00:00,1737101100,1,1,1,1,0,,0,,0,,0,,0,
2025-01-17,LONDON_0800,ORIGINAL_DIRECT_UTC,US30,1737100800,2025-01-17T08:00:00,1737101100,1,1,1,1,0,,0,,0,,0,,0,
2025-01-17,LONDON_0800,NY_CLOSE_BROKER_CONVENTION,US100,1737108000,2025-01-17T10:00:00,1737108300,1,1,1,1,0,,0,,0,,0,,0,
2025-01-17,LONDON_0800,NY_CLOSE_BROKER_CONVENTION,US30,1737108000,2025-01-17T10:00:00,1737108300,1,1,1,1,0,,0,,0,,0,,0,
2025-01-17,NEW_YORK_0930,ORIGINAL_DIRECT_UTC,US100,1737124200,2025-01-17T14:30:00,1737124500,1,1,1,1,0,,0,,0,,0,,0,
2025-01-17,NEW_YORK_0930,ORIGINAL_DIRECT_UTC,US30,1737124200,2025-01-17T14:30:00,1737124500,1,1,1,1,0,,0,,0,,0,,0,
2025-01-17,NEW_YORK_0930,NY_CLOSE_BROKER_CONVENTION,US100,1737131400,2025-01-17T16:30:00,1737131700,1,1,1,1,0,,0,,0,,0,,0,
2025-01-17,NEW_YORK_0930,NY_CLOSE_BROKER_CONVENTION,US30,1737131400,2025-01-17T16:30:00,1737131700,1,1,1,1,0,,0,,0,,0,,0,
2025-01-20,LONDON_0800,ORIGINAL_DIRECT_UTC,US100,1737360000,2025-01-20T08:00:00,1737360300,1,1,1,1,0,,0,,0,,0,,0,
2025-01-20,LONDON_0800,ORIGINAL_DIRECT_UTC,US30,1737360000,2025-01-20T08:00:00,1737360300,1,1,1,1,0,,0,,0,,0,,0,
2025-01-20,LONDON_0800,NY_CLOSE_BROKER_CONVENTION,US100,1737367200,2025-01-20T10:00:00,1737367500,1,1,1,1,0,,0,,0,,0,,0,
2025-01-20,LONDON_0800,NY_CLOSE_BROKER_CONVENTION,US30,1737367200,2025-01-20T10:00:00,1737367500,1,1,1,1,0,,0,,0,,0,,0,
2025-01-20,NEW_YORK_0930,ORIGINAL_DIRECT_UTC,US100,1737383400,2025-01-20T14:30:00,1737383700,1,1,1,1,0,,0,,0,,0,,0,
2025-01-20,NEW_YORK_0930,ORIGINAL_DIRECT_UTC,US30,1737383400,2025-01-20T14:30:00,1737383700,1,1,1,1,0,,0,,0,,0,,0,
2025-01-20,NEW_YORK_0930,NY_CLOSE_BROKER_CONVENTION,US100,1737390600,2025-01-20T16:30:00,1737390900,1,1,1,1,0,,0,,0,,0,,0,
2025-01-20,NEW_YORK_0930,NY_CLOSE_BROKER_CONVENTION,US30,1737390600,2025-01-20T16:30:00,1737390900,1,1,1,1,0,,0,,0,,0,,0,
2025-01-21,LONDON_0800,ORIGINAL_DIRECT_UTC,US100,1737446400,2025-01-21T08:00:00,1737446700,1,1,1,1,0,,0,,0,,0,,0,
2025-01-21,LONDON_0800,ORIGINAL_DIRECT_UTC,US30,1737446400,2025-01-21T08:00:00,1737446700,1,1,1,1,0,,0,,0,,0,,0,
2025-01-21,LONDON_0800,NY_CLOSE_BROKER_CONVENTION,US100,1737453600,2025-01-21T10:00:00,1737453900,1,1,1,1,0,,0,,0,,0,,0,
2025-01-21,LONDON_0800,NY_CLOSE_BROKER_CONVENTION,US30,1737453600,2025-01-21T10:00:00,1737453900,1,1,1,1,0,,0,,0,,0,,0,
2025-01-21,NEW_YORK_0930,ORIGINAL_DIRECT_UTC,US100,1737469800,2025-01-21T14:30:00,1737470100,1,1,1,1,0,,0,,0,,0,,0,
2025-01-21,NEW_YORK_0930,ORIGINAL_DIRECT_UTC,US30,1737469800,2025-01-21T14:30:00,1737470100,1,1,1,1,0,,0,,0,,0,,0,
2025-01-21,NEW_YORK_0930,NY_CLOSE_BROKER_CONVENTION,US100,1737477000,2025-01-21T16:30:00,1737477300,1,1,1,1,0,,0,,0,,0,,0,
2025-01-21,NEW_YORK_0930,NY_CLOSE_BROKER_CONVENTION,US30,1737477000,2025-01-21T16:30:00,1737477300,1,1,1,1,0,,0,,0,,0,,0,
2025-01-22,LONDON_0800,ORIGINAL_DIRECT_UTC,US100,1737532800,2025-01-22T08:00:00,1737533100,1,1,1,1,0,,0,,0,,0,,0,
2025-01-22,LONDON_0800,ORIGINAL_DIRECT_UTC,US30,1737532800,2025-01-22T08:00:00,1737533100,1,1,1,1,0,,0,,0,,0,,0,
2025-01-22,LONDON_0800,NY_CLOSE_BROKER_CONVENTION,US100,1737540000,2025-01-22T10:00:00,1737540300,1,1,1,1,0,,0,,0,,0,,0,
2025-01-22,LONDON_0800,NY_CLOSE_BROKER_CONVENTION,US30,1737540000,2025-01-22T10:00:00,1737540300,1,1,1,1,0,,0,,0,,0,,0,
2025-01-22,NEW_YORK_0930,ORIGINAL_DIRECT_UTC,US100,1737556200,2025-01-22T14:30:00,1737556500,1,1,1,1,0,,0,,0,,0,,0,
2025-01-22,NEW_YORK_0930,ORIGINAL_DIRECT_UTC,US30,1737556200,2025-01-22T14:30:00,1737556500,1,1,1,1,0,,0,,0,,0,,0,
2025-01-22,NEW_YORK_0930,NY_CLOSE_BROKER_CONVENTION,US100,1737563400,2025-01-22T16:30:00,1737563700,1,1,1,1,0,,0,,0,,0,,0,
2025-01-22,NEW_YORK_0930,NY_CLOSE_BROKER_CONVENTION,US30,1737563400,2025-01-22T16:30:00,1737563700,1,1,1,1,0,,0,,0,,0,,0,
2025-01-23,LONDON_0800,ORIGINAL_DIRECT_UTC,US100,1737619200,2025-01-23T08:00:00,1737619500,1,1,1,1,0,,0,,0,,0,,0,
2025-01-23,LONDON_0800,ORIGINAL_DIRECT_UTC,US30,1737619200,2025-01-23T08:00:00,1737619500,1,1,1,1,0,,0,,0,,0,,0,
2025-01-23,LONDON_0800,NY_CLOSE_BROKER_CONVENTION,US100,1737626400,2025-01-23T10:00:00,1737626700,1,1,1,1,0,,0,,0,,0,,0,
2025-01-23,LONDON_0800,NY_CLOSE_BROKER_CONVENTION,US30,1737626400,2025-01-23T10:00:00,1737626700,1,1,1,1,0,,0,,0,,0,,0,
2025-01-23,NEW_YORK_0930,ORIGINAL_DIRECT_UTC,US100,1737642600,2025-01-23T14:30:00,1737642900,1,1,1,1,0,,0,,0,,0,,0,
2025-01-23,NEW_YORK_0930,ORIGINAL_DIRECT_UTC,US30,1737642600,2025-01-23T14:30:00,1737642900,1,1,1,1,0,,0,,0,,0,,0,
2025-01-23,NEW_YORK_0930,NY_CLOSE_BROKER_CONVENTION,US100,1737649800,2025-01-23T16:30:00,1737650100,1,1,1,1,0,,0,,0,,0,,0,
2025-01-23,NEW_YORK_0930,NY_CLOSE_BROKER_CONVENTION,US30,1737649800,2025-01-23T16:30:00,1737650100,1,1,1,1,0,,0,,0,,0,,0,
2025-01-24,LONDON_0800,ORIGINAL_DIRECT_UTC,US100,1737705600,2025-01-24T08:00:00,1737705900,1,1,1,1,0,,0,,0,,0,,0,
2025-01-24,LONDON_0800,ORIGINAL_DIRECT_UTC,US30,1737705600,2025-01-24T08:00:00,1737705900,1,1,1,1,0,,0,,0,,0,,0,
2025-01-24,LONDON_0800,NY_CLOSE_BROKER_CONVENTION,US100,1737712800,2025-01-24T10:00:00,1737713100,1,1,1,1,0,,0,,0,,0,,0,
2025-01-24,LONDON_0800,NY_CLOSE_BROKER_CONVENTION,US30,1737712800,2025-01-24T10:00:00,1737713100,1,1,1,1,0,,0,,0,,0,,0,
2025-01-24,NEW_YORK_0930,ORIGINAL_DIRECT_UTC,US100,1737729000,2025-01-24T14:30:00,1737729300,1,1,1,1,0,,0,,0,,0,,0,
2025-01-24,NEW_YORK_0930,ORIGINAL_DIRECT_UTC,US30,1737729000,2025-01-24T14:30:00,1737729300,1,1,1,1,0,,0,,0,,0,,0,
2025-01-24,NEW_YORK_0930,NY_CLOSE_BROKER_CONVENTION,US100,1737736200,2025-01-24T16:30:00,1737736500,1,1,1,1,0,,0,,0,,0,,0,
2025-01-24,NEW_YORK_0930,NY_CLOSE_BROKER_CONVENTION,US30,1737736200,2025-01-24T16:30:00,1737736500,1,1,1,1,0,,0,,0,,0,,0,
2025-01-27,LONDON_0800,ORIGINAL_DIRECT_UTC,US100,1737964800,2025-01-27T08:00:00,1737965100,1,1,1,1,0,,0,,0,,0,,0,
2025-01-27,LONDON_0800,ORIGINAL_DIRECT_UTC,US30,1737964800,2025-01-27T08:00:00,1737965100,1,1,1,1,0,,0,,0,,0,,0,
2025-01-27,LONDON_0800,NY_CLOSE_BROKER_CONVENTION,US100,1737972000,2025-01-27T10:00:00,1737972300,1,1,1,1,0,,0,,0,,0,,0,
2025-01-27,LONDON_0800,NY_CLOSE_BROKER_CONVENTION,US30,1737972000,2025-01-27T10:00:00,1737972300,1,1,1,1,0,,0,,0,,0,,0,
2025-01-27,NEW_YORK_0930,ORIGINAL_DIRECT_UTC,US100,1737988200,2025-01-27T14:30:00,1737988500,1,1,1,1,0,,0,,0,,0,,0,
2025-01-27,NEW_YORK_0930,ORIGINAL_DIRECT_UTC,US30,1737988200,2025-01-27T14:30:00,1737988500,1,1,1,1,0,,0,,0,,0,,0,
2025-01-27,NEW_YORK_0930,NY_CLOSE_BROKER_CONVENTION,US100,1737995400,2025-01-27T16:30:00,1737995700,1,1,1,1,0,,0,,0,,0,,0,
2025-01-27,NEW_YORK_0930,NY_CLOSE_BROKER_CONVENTION,US30,1737995400,2025-01-27T16:30:00,1737995700,1,1,1,1,0,,0,,0,,0,,0,
2025-01-28,LONDON_0800,ORIGINAL_DIRECT_UTC,US100,1738051200,2025-01-28T08:00:00,1738051500,1,1,1,1,0,,0,,0,,0,,0,
2025-01-28,LONDON_0800,ORIGINAL_DIRECT_UTC,US30,1738051200,2025-01-28T08:00:00,1738051500,1,1,1,1,0,,0,,0,,0,,0,
2025-01-28,LONDON_0800,NY_CLOSE_BROKER_CONVENTION,US100,1738058400,2025-01-28T10:00:00,1738058700,1,1,1,1,0,,0,,0,,0,,0,
2025-01-28,LONDON_0800,NY_CLOSE_BROKER_CONVENTION,US30,1738058400,2025-01-28T10:00:00,1738058700,1,1,1,1,0,,0,,0,,0,,0,
2025-01-28,NEW_YORK_0930,ORIGINAL_DIRECT_UTC,US100,1738074600,2025-01-28T14:30:00,1738074900,1,1,1,1,0,,0,,0,,0,,0,
2025-01-28,NEW_YORK_0930,ORIGINAL_DIRECT_UTC,US30,1738074600,2025-01-28T14:30:00,1738074900,1,1,1,1,0,,0,,0,,0,,0,
2025-01-28,NEW_YORK_0930,NY_CLOSE_BROKER_CONVENTION,US100,1738081800,2025-01-28T16:30:00,1738082100,1,1,1,1,0,,0,,0,,0,,0,
2025-01-28,NEW_YORK_0930,NY_CLOSE_BROKER_CONVENTION,US30,1738081800,2025-01-28T16:30:00,1738082100,1,1,1,1,0,,0,,0,,0,,0,
2025-01-29,LONDON_0800,ORIGINAL_DIRECT_UTC,US100,1738137600,2025-01-29T08:00:00,1738137900,1,1,1,1,0,,0,,0,,0,,0,
2025-01-29,LONDON_0800,ORIGINAL_DIRECT_UTC,US30,1738137600,2025-01-29T08:00:00,1738137900,1,1,1,1,0,,0,,0,,0,,0,
2025-01-29,LONDON_0800,NY_CLOSE_BROKER_CONVENTION,US100,1738144800,2025-01-29T10:00:00,1738145100,1,1,1,1,0,,0,,0,,0,,0,
2025-01-29,LONDON_0800,NY_CLOSE_BROKER_CONVENTION,US30,1738144800,2025-01-29T10:00:00,1738145100,1,1,1,1,0,,0,,0,,0,,0,
2025-01-29,NEW_YORK_0930,ORIGINAL_DIRECT_UTC,US100,1738161000,2025-01-29T14:30:00,1738161300,1,1,1,1,0,,0,,0,,0,,0,
2025-01-29,NEW_YORK_0930,ORIGINAL_DIRECT_UTC,US30,1738161000,2025-01-29T14:30:00,1738161300,1,1,1,1,0,,0,,0,,0,,0,
2025-01-29,NEW_YORK_0930,NY_CLOSE_BROKER_CONVENTION,US100,1738168200,2025-01-29T16:30:00,1738168500,1,1,1,1,0,,0,,0,,0,,0,
2025-01-29,NEW_YORK_0930,NY_CLOSE_BROKER_CONVENTION,US30,1738168200,2025-01-29T16:30:00,1738168500,1,1,1,1,0,,0,,0,,0,,0,
2025-01-30,LONDON_0800,ORIGINAL_DIRECT_UTC,US100,1738224000,2025-01-30T08:00:00,1738224300,1,1,1,1,0,,0,,0,,0,,0,
2025-01-30,LONDON_0800,ORIGINAL_DIRECT_UTC,US30,1738224000,2025-01-30T08:00:00,1738224300,1,1,1,1,0,,0,,0,,0,,0,
2025-01-30,LONDON_0800,NY_CLOSE_BROKER_CONVENTION,US100,1738231200,2025-01-30T10:00:00,1738231500,1,1,1,1,0,,0,,0,,0,,0,
2025-01-30,LONDON_0800,NY_CLOSE_BROKER_CONVENTION,US30,1738231200,2025-01-30T10:00:00,1738231500,1,1,1,1,0,,0,,0,,0,,0,
2025-01-30,NEW_YORK_0930,ORIGINAL_DIRECT_UTC,US100,1738247400,2025-01-30T14:30:00,1738247700,1,1,1,1,0,,0,,0,,0,,0,
2025-01-30,NEW_YORK_0930,ORIGINAL_DIRECT_UTC,US30,1738247400,2025-01-30T14:30:00,1738247700,1,1,1,1,0,,0,,0,,0,,0,
2025-01-30,NEW_YORK_0930,NY_CLOSE_BROKER_CONVENTION,US100,1738254600,2025-01-30T16:30:00,1738254900,1,1,1,1,0,,0,,0,,0,,0,
2025-01-30,NEW_YORK_0930,NY_CLOSE_BROKER_CONVENTION,US30,1738254600,2025-01-30T16:30:00,1738254900,1,1,1,1,0,,0,,0,,0,,0,
2025-01-31,LONDON_0800,ORIGINAL_DIRECT_UTC,US100,1738310400,2025-01-31T08:00:00,1738310700,1,1,1,1,0,,0,,0,,0,,0,
2025-01-31,LONDON_0800,ORIGINAL_DIRECT_UTC,US30,1738310400,2025-01-31T08:00:00,1738310700,1,1,1,1,0,,0,,0,,0,,0,
2025-01-31,LONDON_0800,NY_CLOSE_BROKER_CONVENTION,US100,1738317600,2025-01-31T10:00:00,1738317900,1,1,1,1,0,,0,,0,,0,,0,
2025-01-31,LONDON_0800,NY_CLOSE_BROKER_CONVENTION,US30,1738317600,2025-01-31T10:00:00,1738317900,1,1,1,1,0,,0,,0,,0,,0,
2025-01-31,NEW_YORK_0930,ORIGINAL_DIRECT_UTC,US100,1738333800,2025-01-31T14:30:00,1738334100,1,1,1,1,0,,0,,0,,0,,0,
2025-01-31,NEW_YORK_0930,ORIGINAL_DIRECT_UTC,US30,1738333800,2025-01-31T14:30:00,1738334100,1,1,1,1,0,,0,,0,,0,,0,
2025-01-31,NEW_YORK_0930,NY_CLOSE_BROKER_CONVENTION,US100,1738341000,2025-01-31T16:30:00,1738341300,1,1,1,1,0,,0,,0,,0,,0,
2025-01-31,NEW_YORK_0930,NY_CLOSE_BROKER_CONVENTION,US30,1738341000,2025-01-31T16:30:00,1738341300,1,1,1,1,0,,0,,0,,0,,0,
2025-02-03,LONDON_0800,ORIGINAL_DIRECT_UTC,US100,1738569600,2025-02-03T08:00:00,1738569900,1,1,1,1,0,,0,,0,,0,,0,
2025-02-03,LONDON_0800,ORIGINAL_DIRECT_UTC,US30,1738569600,2025-02-03T08:00:00,1738569900,1,1,1,1,0,,0,,0,,0,,0,
2025-02-03,LONDON_0800,NY_CLOSE_BROKER_CONVENTION,US100,1738576800,2025-02-03T10:00:00,1738577100,1,1,1,1,0,,0,,0,,0,,0,
2025-02-03,LONDON_0800,NY_CLOSE_BROKER_CONVENTION,US30,1738576800,2025-02-03T10:00:00,1738577100,1,1,1,1,0,,0,,0,,0,,0,
2025-02-03,NEW_YORK_0930,ORIGINAL_DIRECT_UTC,US100,1738593000,2025-02-03T14:30:00,1738593300,1,1,1,1,0,,0,,0,,0,,0,
2025-02-03,NEW_YORK_0930,ORIGINAL_DIRECT_UTC,US30,1738593000,2025-02-03T14:30:00,1738593300,1,1,1,1,0,,0,,0,,0,,0,
2025-02-03,NEW_YORK_0930,NY_CLOSE_BROKER_CONVENTION,US100,1738600200,2025-02-03T16:30:00,1738600500,1,1,1,1,0,,0,,0,,0,,0,
2025-02-03,NEW_YORK_0930,NY_CLOSE_BROKER_CONVENTION,US30,1738600200,2025-02-03T16:30:00,1738600500,1,1,1,1,0,,0,,0,,0,,0,
2025-02-04,LONDON_0800,ORIGINAL_DIRECT_UTC,US100,1738656000,2025-02-04T08:00:00,1738656300,1,1,1,0,0,,0,,0,,0,,1,69
2025-02-04,LONDON_0800,ORIGINAL_DIRECT_UTC,US30,1738656000,2025-02-04T08:00:00,1738656300,1,1,1,0,0,,0,,0,,0,,1,69
2025-02-04,LONDON_0800,NY_CLOSE_BROKER_CONVENTION,US100,1738663200,2025-02-04T10:00:00,1738663500,1,1,1,1,0,,0,,0,,0,,0,
2025-02-04,LONDON_0800,NY_CLOSE_BROKER_CONVENTION,US30,1738663200,2025-02-04T10:00:00,1738663500,1,1,1,1,0,,0,,0,,0,,0,
2025-02-04,NEW_YORK_0930,ORIGINAL_DIRECT_UTC,US100,1738679400,2025-02-04T14:30:00,1738679700,0,0,0,0,0,,1,4,0,,0,,0,
2025-02-04,NEW_YORK_0930,ORIGINAL_DIRECT_UTC,US30,1738679400,2025-02-04T14:30:00,1738679700,0,0,0,0,0,,1,4,0,,0,,0,
2025-02-04,NEW_YORK_0930,NY_CLOSE_BROKER_CONVENTION,US100,1738686600,2025-02-04T16:30:00,1738686900,1,1,1,1,0,,0,,0,,0,,0,
2025-02-04,NEW_YORK_0930,NY_CLOSE_BROKER_CONVENTION,US30,1738686600,2025-02-04T16:30:00,1738686900,1,1,1,1,0,,0,,0,,0,,0,
2025-02-05,LONDON_0800,ORIGINAL_DIRECT_UTC,US100,1738742400,2025-02-05T08:00:00,1738742700,1,1,1,1,0,,0,,0,,0,,0,
2025-02-05,LONDON_0800,ORIGINAL_DIRECT_UTC,US30,1738742400,2025-02-05T08:00:00,1738742700,1,1,1,1,0,,0,,0,,0,,0,
2025-02-05,LONDON_0800,NY_CLOSE_BROKER_CONVENTION,US100,1738749600,2025-02-05T10:00:00,1738749900,1,1,1,1,0,,0,,0,,0,,0,
2025-02-05,LONDON_0800,NY_CLOSE_BROKER_CONVENTION,US30,1738749600,2025-02-05T10:00:00,1738749900,1,1,1,1,0,,0,,0,,0,,0,
2025-02-05,NEW_YORK_0930,ORIGINAL_DIRECT_UTC,US100,1738765800,2025-02-05T14:30:00,1738766100,1,1,1,1,0,,0,,0,,0,,0,
2025-02-05,NEW_YORK_0930,ORIGINAL_DIRECT_UTC,US30,1738765800,2025-02-05T14:30:00,1738766100,1,1,1,1,0,,0,,0,,0,,0,
2025-02-05,NEW_YORK_0930,NY_CLOSE_BROKER_CONVENTION,US100,1738773000,2025-02-05T16:30:00,1738773300,1,1,1,1,0,,0,,0,,0,,0,
2025-02-05,NEW_YORK_0930,NY_CLOSE_BROKER_CONVENTION,US30,1738773000,2025-02-05T16:30:00,1738773300,1,1,1,1,0,,0,,0,,0,,0,
2025-02-06,LONDON_0800,ORIGINAL_DIRECT_UTC,US100,1738828800,2025-02-06T08:00:00,1738829100,1,1,1,1,0,,0,,0,,0,,0,
2025-02-06,LONDON_0800,ORIGINAL_DIRECT_UTC,US30,1738828800,2025-02-06T08:00:00,1738829100,1,1,1,1,0,,0,,0,,0,,0,
2025-02-06,LONDON_0800,NY_CLOSE_BROKER_CONVENTION,US100,1738836000,2025-02-06T10:00:00,1738836300,1,1,1,1,0,,0,,0,,0,,0,
2025-02-06,LONDON_0800,NY_CLOSE_BROKER_CONVENTION,US30,1738836000,2025-02-06T10:00:00,1738836300,1,1,1,1,0,,0,,0,,0,,0,
2025-02-06,NEW_YORK_0930,ORIGINAL_DIRECT_UTC,US100,1738852200,2025-02-06T14:30:00,1738852500,1,1,1,1,0,,0,,0,,0,,0,
2025-02-06,NEW_YORK_0930,ORIGINAL_DIRECT_UTC,US30,1738852200,2025-02-06T14:30:00,1738852500,1,1,1,1,0,,0,,0,,0,,0,
2025-02-06,NEW_YORK_0930,NY_CLOSE_BROKER_CONVENTION,US100,1738859400,2025-02-06T16:30:00,1738859700,1,1,1,1,0,,0,,0,,0,,0,
2025-02-06,NEW_YORK_0930,NY_CLOSE_BROKER_CONVENTION,US30,1738859400,2025-02-06T16:30:00,1738859700,1,1,1,1,0,,0,,0,,0,,0,
2025-02-07,LONDON_0800,ORIGINAL_DIRECT_UTC,US100,1738915200,2025-02-07T08:00:00,1738915500,1,1,1,1,0,,0,,0,,0,,0,
2025-02-07,LONDON_0800,ORIGINAL_DIRECT_UTC,US30,1738915200,2025-02-07T08:00:00,1738915500,1,1,1,1,0,,0,,0,,0,,0,
2025-02-07,LONDON_0800,NY_CLOSE_BROKER_CONVENTION,US100,1738922400,2025-02-07T10:00:00,1738922700,1,1,1,1,0,,0,,0,,0,,0,
2025-02-07,LONDON_0800,NY_CLOSE_BROKER_CONVENTION,US30,1738922400,2025-02-07T10:00:00,1738922700,1,1,1,1,0,,0,,0,,0,,0,
2025-02-07,NEW_YORK_0930,ORIGINAL_DIRECT_UTC,US100,1738938600,2025-02-07T14:30:00,1738938900,1,1,1,1,0,,0,,0,,0,,0,
2025-02-07,NEW_YORK_0930,ORIGINAL_DIRECT_UTC,US30,1738938600,2025-02-07T14:30:00,1738938900,1,1,1,1,0,,0,,0,,0,,0,
2025-02-07,NEW_YORK_0930,NY_CLOSE_BROKER_CONVENTION,US100,1738945800,2025-02-07T16:30:00,1738946100,1,1,1,1,0,,0,,0,,0,,0,
2025-02-07,NEW_YORK_0930,NY_CLOSE_BROKER_CONVENTION,US30,1738945800,2025-02-07T16:30:00,1738946100,1,1,1,1,0,,0,,0,,0,,0,
2025-02-10,LONDON_0800,ORIGINAL_DIRECT_UTC,US100,1739174400,2025-02-10T08:00:00,1739174700,1,1,1,1,0,,0,,0,,0,,0,
2025-02-10,LONDON_0800,ORIGINAL_DIRECT_UTC,US30,1739174400,2025-02-10T08:00:00,1739174700,1,1,1,1,0,,0,,0,,0,,0,
2025-02-10,LONDON_0800,NY_CLOSE_BROKER_CONVENTION,US100,1739181600,2025-02-10T10:00:00,1739181900,1,1,1,1,0,,0,,0,,0,,0,
2025-02-10,LONDON_0800,NY_CLOSE_BROKER_CONVENTION,US30,1739181600,2025-02-10T10:00:00,1739181900,1,1,1,1,0,,0,,0,,0,,0,
2025-02-10,NEW_YORK_0930,ORIGINAL_DIRECT_UTC,US100,1739197800,2025-02-10T14:30:00,1739198100,1,1,1,1,0,,0,,0,,0,,0,
2025-02-10,NEW_YORK_0930,ORIGINAL_DIRECT_UTC,US30,1739197800,2025-02-10T14:30:00,1739198100,1,1,1,1,0,,0,,0,,0,,0,
2025-02-10,NEW_YORK_0930,NY_CLOSE_BROKER_CONVENTION,US100,1739205000,2025-02-10T16:30:00,1739205300,1,1,1,1,0,,0,,0,,0,,0,
2025-02-10,NEW_YORK_0930,NY_CLOSE_BROKER_CONVENTION,US30,1739205000,2025-02-10T16:30:00,1739205300,1,1,1,1,0,,0,,0,,0,,0,
2025-02-11,LONDON_0800,ORIGINAL_DIRECT_UTC,US100,1739260800,2025-02-11T08:00:00,1739261100,1,1,1,1,0,,0,,0,,0,,0,
2025-02-11,LONDON_0800,ORIGINAL_DIRECT_UTC,US30,1739260800,2025-02-11T08:00:00,1739261100,1,1,1,1,0,,0,,0,,0,,0,
2025-02-11,LONDON_0800,NY_CLOSE_BROKER_CONVENTION,US100,1739268000,2025-02-11T10:00:00,1739268300,1,1,1,1,0,,0,,0,,0,,0,
2025-02-11,LONDON_0800,NY_CLOSE_BROKER_CONVENTION,US30,1739268000,2025-02-11T10:00:00,1739268300,1,1,1,1,0,,0,,0,,0,,0,
2025-02-11,NEW_YORK_0930,ORIGINAL_DIRECT_UTC,US100,1739284200,2025-02-11T14:30:00,1739284500,1,1,1,1,0,,0,,0,,0,,0,
2025-02-11,NEW_YORK_0930,ORIGINAL_DIRECT_UTC,US30,1739284200,2025-02-11T14:30:00,1739284500,1,1,1,1,0,,0,,0,,0,,0,
2025-02-11,NEW_YORK_0930,NY_CLOSE_BROKER_CONVENTION,US100,1739291400,2025-02-11T16:30:00,1739291700,1,1,1,1,0,,0,,0,,0,,0,
2025-02-11,NEW_YORK_0930,NY_CLOSE_BROKER_CONVENTION,US30,1739291400,2025-02-11T16:30:00,1739291700,1,1,1,1,0,,0,,0,,0,,0,
2025-02-12,LONDON_0800,ORIGINAL_DIRECT_UTC,US100,1739347200,2025-02-12T08:00:00,1739347500,1,1,1,1,0,,0,,0,,0,,0,
2025-02-12,LONDON_0800,ORIGINAL_DIRECT_UTC,US30,1739347200,2025-02-12T08:00:00,1739347500,1,1,1,1,0,,0,,0,,0,,0,
2025-02-12,LONDON_0800,NY_CLOSE_BROKER_CONVENTION,US100,1739354400,2025-02-12T10:00:00,1739354700,1,1,1,1,0,,0,,0,,0,,0,
2025-02-12,LONDON_0800,NY_CLOSE_BROKER_CONVENTION,US30,1739354400,2025-02-12T10:00:00,1739354700,1,1,1,1,0,,0,,0,,0,,0,
2025-02-12,NEW_YORK_0930,ORIGINAL_DIRECT_UTC,US100,1739370600,2025-02-12T14:30:00,1739370900,1,1,1,1,0,,0,,0,,0,,0,
2025-02-12,NEW_YORK_0930,ORIGINAL_DIRECT_UTC,US30,1739370600,2025-02-12T14:30:00,1739370900,1,1,1,1,0,,0,,0,,0,,0,
2025-02-12,NEW_YORK_0930,NY_CLOSE_BROKER_CONVENTION,US100,1739377800,2025-02-12T16:30:00,1739378100,1,1,1,1,0,,0,,0,,0,,0,
2025-02-12,NEW_YORK_0930,NY_CLOSE_BROKER_CONVENTION,US30,1739377800,2025-02-12T16:30:00,1739378100,1,1,1,1,0,,0,,0,,0,,0,
2025-02-13,LONDON_0800,ORIGINAL_DIRECT_UTC,US100,1739433600,2025-02-13T08:00:00,1739433900,1,1,1,1,0,,0,,0,,0,,0,
2025-02-13,LONDON_0800,ORIGINAL_DIRECT_UTC,US30,1739433600,2025-02-13T08:00:00,1739433900,1,1,1,1,0,,0,,0,,0,,0,
2025-02-13,LONDON_0800,NY_CLOSE_BROKER_CONVENTION,US100,1739440800,2025-02-13T10:00:00,1739441100,1,1,1,1,0,,0,,0,,0,,0,
2025-02-13,LONDON_0800,NY_CLOSE_BROKER_CONVENTION,US30,1739440800,2025-02-13T10:00:00,1739441100,1,1,1,1,0,,0,,0,,0,,0,
2025-02-13,NEW_YORK_0930,ORIGINAL_DIRECT_UTC,US100,1739457000,2025-02-13T14:30:00,1739457300,1,1,1,1,0,,0,,0,,0,,0,
2025-02-13,NEW_YORK_0930,ORIGINAL_DIRECT_UTC,US30,1739457000,2025-02-13T14:30:00,1739457300,1,1,1,1,0,,0,,0,,0,,0,
2025-02-13,NEW_YORK_0930,NY_CLOSE_BROKER_CONVENTION,US100,1739464200,2025-02-13T16:30:00,1739464500,1,1,1,1,0,,0,,0,,0,,0,
2025-02-13,NEW_YORK_0930,NY_CLOSE_BROKER_CONVENTION,US30,1739464200,2025-02-13T16:30:00,1739464500,1,1,1,1,0,,0,,0,,0,,0,
2025-02-14,LONDON_0800,ORIGINAL_DIRECT_UTC,US100,1739520000,2025-02-14T08:00:00,1739520300,1,1,1,1,0,,0,,0,,0,,0,
2025-02-14,LONDON_0800,ORIGINAL_DIRECT_UTC,US30,1739520000,2025-02-14T08:00:00,1739520300,1,1,1,1,0,,0,,0,,0,,0,
2025-02-14,LONDON_0800,NY_CLOSE_BROKER_CONVENTION,US100,1739527200,2025-02-14T10:00:00,1739527500,1,1,1,1,0,,0,,0,,0,,0,
2025-02-14,LONDON_0800,NY_CLOSE_BROKER_CONVENTION,US30,1739527200,2025-02-14T10:00:00,1739527500,1,1,1,1,0,,0,,0,,0,,0,
2025-02-14,NEW_YORK_0930,ORIGINAL_DIRECT_UTC,US100,1739543400,2025-02-14T14:30:00,1739543700,1,1,1,1,0,,0,,0,,0,,0,
2025-02-14,NEW_YORK_0930,ORIGINAL_DIRECT_UTC,US30,1739543400,2025-02-14T14:30:00,1739543700,1,1,1,1,0,,0,,0,,0,,0,
2025-02-14,NEW_YORK_0930,NY_CLOSE_BROKER_CONVENTION,US100,1739550600,2025-02-14T16:30:00,1739550900,1,1,1,1,0,,0,,0,,0,,0,
2025-02-14,NEW_YORK_0930,NY_CLOSE_BROKER_CONVENTION,US30,1739550600,2025-02-14T16:30:00,1739550900,1,1,1,1,0,,0,,0,,0,,0,
2025-02-17,LONDON_0800,ORIGINAL_DIRECT_UTC,US100,1739779200,2025-02-17T08:00:00,1739779500,1,1,1,1,0,,0,,0,,0,,0,
2025-02-17,LONDON_0800,ORIGINAL_DIRECT_UTC,US30,1739779200,2025-02-17T08:00:00,1739779500,1,1,1,1,0,,0,,0,,0,,0,
2025-02-17,LONDON_0800,NY_CLOSE_BROKER_CONVENTION,US100,1739786400,2025-02-17T10:00:00,1739786700,1,1,1,1,0,,0,,0,,0,,0,
2025-02-17,LONDON_0800,NY_CLOSE_BROKER_CONVENTION,US30,1739786400,2025-02-17T10:00:00,1739786700,1,1,1,1,0,,0,,0,,0,,0,
2025-02-17,NEW_YORK_0930,ORIGINAL_DIRECT_UTC,US100,1739802600,2025-02-17T14:30:00,1739802900,1,1,1,1,0,,0,,0,,0,,0,
2025-02-17,NEW_YORK_0930,ORIGINAL_DIRECT_UTC,US30,1739802600,2025-02-17T14:30:00,1739802900,1,1,1,1,0,,0,,0,,0,,0,
2025-02-17,NEW_YORK_0930,NY_CLOSE_BROKER_CONVENTION,US100,1739809800,2025-02-17T16:30:00,1739810100,1,1,1,1,0,,0,,0,,0,,0,
2025-02-17,NEW_YORK_0930,NY_CLOSE_BROKER_CONVENTION,US30,1739809800,2025-02-17T16:30:00,1739810100,1,1,1,1,0,,0,,0,,0,,0,
2025-02-18,LONDON_0800,ORIGINAL_DIRECT_UTC,US100,1739865600,2025-02-18T08:00:00,1739865900,1,1,1,1,0,,0,,0,,0,,0,
2025-02-18,LONDON_0800,ORIGINAL_DIRECT_UTC,US30,1739865600,2025-02-18T08:00:00,1739865900,1,1,1,1,0,,0,,0,,0,,0,
2025-02-18,LONDON_0800,NY_CLOSE_BROKER_CONVENTION,US100,1739872800,2025-02-18T10:00:00,1739873100,1,1,1,1,0,,0,,0,,0,,0,
2025-02-18,LONDON_0800,NY_CLOSE_BROKER_CONVENTION,US30,1739872800,2025-02-18T10:00:00,1739873100,1,1,1,1,0,,0,,0,,0,,0,
2025-02-18,NEW_YORK_0930,ORIGINAL_DIRECT_UTC,US100,1739889000,2025-02-18T14:30:00,1739889300,1,1,1,1,0,,0,,0,,0,,0,
2025-02-18,NEW_YORK_0930,ORIGINAL_DIRECT_UTC,US30,1739889000,2025-02-18T14:30:00,1739889300,1,1,1,1,0,,0,,0,,0,,0,
2025-02-18,NEW_YORK_0930,NY_CLOSE_BROKER_CONVENTION,US100,1739896200,2025-02-18T16:30:00,1739896500,1,1,1,1,0,,0,,0,,0,,0,
2025-02-18,NEW_YORK_0930,NY_CLOSE_BROKER_CONVENTION,US30,1739896200,2025-02-18T16:30:00,1739896500,1,1,1,1,0,,0,,0,,0,,0,
2025-02-19,LONDON_0800,ORIGINAL_DIRECT_UTC,US100,1739952000,2025-02-19T08:00:00,1739952300,1,1,1,1,0,,0,,0,,0,,0,
2025-02-19,LONDON_0800,ORIGINAL_DIRECT_UTC,US30,1739952000,2025-02-19T08:00:00,1739952300,1,1,1,1,0,,0,,0,,0,,0,
2025-02-19,LONDON_0800,NY_CLOSE_BROKER_CONVENTION,US100,1739959200,2025-02-19T10:00:00,1739959500,1,1,1,1,0,,0,,0,,0,,0,
2025-02-19,LONDON_0800,NY_CLOSE_BROKER_CONVENTION,US30,1739959200,2025-02-19T10:00:00,1739959500,1,1,1,1,0,,0,,0,,0,,0,
2025-02-19,NEW_YORK_0930,ORIGINAL_DIRECT_UTC,US100,1739975400,2025-02-19T14:30:00,1739975700,1,1,1,1,0,,0,,0,,0,,0,
2025-02-19,NEW_YORK_0930,ORIGINAL_DIRECT_UTC,US30,1739975400,2025-02-19T14:30:00,1739975700,1,1,1,1,0,,0,,0,,0,,0,
2025-02-19,NEW_YORK_0930,NY_CLOSE_BROKER_CONVENTION,US100,1739982600,2025-02-19T16:30:00,1739982900,1,1,1,1,0,,0,,0,,0,,0,
2025-02-19,NEW_YORK_0930,NY_CLOSE_BROKER_CONVENTION,US30,1739982600,2025-02-19T16:30:00,1739982900,1,1,1,1,0,,0,,0,,0,,0,
2025-02-20,LONDON_0800,ORIGINAL_DIRECT_UTC,US100,1740038400,2025-02-20T08:00:00,1740038700,1,1,1,1,0,,0,,0,,0,,0,
2025-02-20,LONDON_0800,ORIGINAL_DIRECT_UTC,US30,1740038400,2025-02-20T08:00:00,1740038700,1,1,1,1,0,,0,,0,,0,,0,
2025-02-20,LONDON_0800,NY_CLOSE_BROKER_CONVENTION,US100,1740045600,2025-02-20T10:00:00,1740045900,1,1,1,1,0,,0,,0,,0,,0,
2025-02-20,LONDON_0800,NY_CLOSE_BROKER_CONVENTION,US30,1740045600,2025-02-20T10:00:00,1740045900,1,1,1,1,0,,0,,0,,0,,0,
2025-02-20,NEW_YORK_0930,ORIGINAL_DIRECT_UTC,US100,1740061800,2025-02-20T14:30:00,1740062100,1,1,1,1,0,,0,,0,,0,,0,
2025-02-20,NEW_YORK_0930,ORIGINAL_DIRECT_UTC,US30,1740061800,2025-02-20T14:30:00,1740062100,1,1,1,1,0,,0,,0,,0,,0,
2025-02-20,NEW_YORK_0930,NY_CLOSE_BROKER_CONVENTION,US100,1740069000,2025-02-20T16:30:00,1740069300,1,1,1,1,0,,0,,0,,0,,0,
2025-02-20,NEW_YORK_0930,NY_CLOSE_BROKER_CONVENTION,US30,1740069000,2025-02-20T16:30:00,1740069300,1,1,1,1,0,,0,,0,,0,,0,
2025-02-21,LONDON_0800,ORIGINAL_DIRECT_UTC,US100,1740124800,2025-02-21T08:00:00,1740125100,1,1,1,1,0,,0,,0,,0,,0,
2025-02-21,LONDON_0800,ORIGINAL_DIRECT_UTC,US30,1740124800,2025-02-21T08:00:00,1740125100,1,1,1,1,0,,0,,0,,0,,0,
2025-02-21,LONDON_0800,NY_CLOSE_BROKER_CONVENTION,US100,1740132000,2025-02-21T10:00:00,1740132300,1,1,1,1,0,,0,,0,,0,,0,
2025-02-21,LONDON_0800,NY_CLOSE_BROKER_CONVENTION,US30,1740132000,2025-02-21T10:00:00,1740132300,1,1,1,1,0,,0,,0,,0,,0,
2025-02-21,NEW_YORK_0930,ORIGINAL_DIRECT_UTC,US100,1740148200,2025-02-21T14:30:00,1740148500,1,1,1,1,0,,0,,0,,0,,0,
2025-02-21,NEW_YORK_0930,ORIGINAL_DIRECT_UTC,US30,1740148200,2025-02-21T14:30:00,1740148500,1,1,1,1,0,,0,,0,,0,,0,
2025-02-21,NEW_YORK_0930,NY_CLOSE_BROKER_CONVENTION,US100,1740155400,2025-02-21T16:30:00,1740155700,1,1,1,1,0,,0,,0,,0,,0,
2025-02-21,NEW_YORK_0930,NY_CLOSE_BROKER_CONVENTION,US30,1740155400,2025-02-21T16:30:00,1740155700,1,1,1,1,0,,0,,0,,0,,0,
2025-02-24,LONDON_0800,ORIGINAL_DIRECT_UTC,US100,1740384000,2025-02-24T08:00:00,1740384300,1,1,1,1,0,,0,,0,,0,,0,
2025-02-24,LONDON_0800,ORIGINAL_DIRECT_UTC,US30,1740384000,2025-02-24T08:00:00,1740384300,1,1,1,1,0,,0,,0,,0,,0,
2025-02-24,LONDON_0800,NY_CLOSE_BROKER_CONVENTION,US100,1740391200,2025-02-24T10:00:00,1740391500,1,1,1,1,0,,0,,0,,0,,0,
2025-02-24,LONDON_0800,NY_CLOSE_BROKER_CONVENTION,US30,1740391200,2025-02-24T10:00:00,1740391500,1,1,1,1,0,,0,,0,,0,,0,
2025-02-24,NEW_YORK_0930,ORIGINAL_DIRECT_UTC,US100,1740407400,2025-02-24T14:30:00,1740407700,1,1,1,1,0,,0,,0,,0,,0,
2025-02-24,NEW_YORK_0930,ORIGINAL_DIRECT_UTC,US30,1740407400,2025-02-24T14:30:00,1740407700,1,1,1,1,0,,0,,0,,0,,0,
2025-02-24,NEW_YORK_0930,NY_CLOSE_BROKER_CONVENTION,US100,1740414600,2025-02-24T16:30:00,1740414900,1,1,1,1,0,,0,,0,,0,,0,
2025-02-24,NEW_YORK_0930,NY_CLOSE_BROKER_CONVENTION,US30,1740414600,2025-02-24T16:30:00,1740414900,1,1,1,1,0,,0,,0,,0,,0,
2025-02-25,LONDON_0800,ORIGINAL_DIRECT_UTC,US100,1740470400,2025-02-25T08:00:00,1740470700,1,1,1,1,0,,0,,0,,0,,0,
2025-02-25,LONDON_0800,ORIGINAL_DIRECT_UTC,US30,1740470400,2025-02-25T08:00:00,1740470700,1,1,1,1,0,,0,,0,,0,,0,
2025-02-25,LONDON_0800,NY_CLOSE_BROKER_CONVENTION,US100,1740477600,2025-02-25T10:00:00,1740477900,1,1,1,1,0,,0,,0,,0,,0,
2025-02-25,LONDON_0800,NY_CLOSE_BROKER_CONVENTION,US30,1740477600,2025-02-25T10:00:00,1740477900,1,1,1,1,0,,0,,0,,0,,0,
2025-02-25,NEW_YORK_0930,ORIGINAL_DIRECT_UTC,US100,1740493800,2025-02-25T14:30:00,1740494100,1,1,1,1,0,,0,,0,,0,,0,
2025-02-25,NEW_YORK_0930,ORIGINAL_DIRECT_UTC,US30,1740493800,2025-02-25T14:30:00,1740494100,1,1,1,1,0,,0,,0,,0,,0,
2025-02-25,NEW_YORK_0930,NY_CLOSE_BROKER_CONVENTION,US100,1740501000,2025-02-25T16:30:00,1740501300,1,1,1,1,0,,0,,0,,0,,0,
2025-02-25,NEW_YORK_0930,NY_CLOSE_BROKER_CONVENTION,US30,1740501000,2025-02-25T16:30:00,1740501300,1,1,1,1,0,,0,,0,,0,,0,
2025-02-26,LONDON_0800,ORIGINAL_DIRECT_UTC,US100,1740556800,2025-02-26T08:00:00,1740557100,1,1,1,1,0,,0,,0,,0,,0,
2025-02-26,LONDON_0800,ORIGINAL_DIRECT_UTC,US30,1740556800,2025-02-26T08:00:00,1740557100,1,1,1,1,0,,0,,0,,0,,0,
2025-02-26,LONDON_0800,NY_CLOSE_BROKER_CONVENTION,US100,1740564000,2025-02-26T10:00:00,1740564300,1,1,1,1,0,,0,,0,,0,,0,
2025-02-26,LONDON_0800,NY_CLOSE_BROKER_CONVENTION,US30,1740564000,2025-02-26T10:00:00,1740564300,1,1,1,1,0,,0,,0,,0,,0,
2025-02-26,NEW_YORK_0930,ORIGINAL_DIRECT_UTC,US100,1740580200,2025-02-26T14:30:00,1740580500,1,1,1,1,0,,0,,0,,0,,0,
2025-02-26,NEW_YORK_0930,ORIGINAL_DIRECT_UTC,US30,1740580200,2025-02-26T14:30:00,1740580500,1,1,1,1,0,,0,,0,,0,,0,
2025-02-26,NEW_YORK_0930,NY_CLOSE_BROKER_CONVENTION,US100,1740587400,2025-02-26T16:30:00,1740587700,1,1,1,1,0,,0,,0,,0,,0,
2025-02-26,NEW_YORK_0930,NY_CLOSE_BROKER_CONVENTION,US30,1740587400,2025-02-26T16:30:00,1740587700,1,1,1,1,0,,0,,0,,0,,0,
2025-02-27,LONDON_0800,ORIGINAL_DIRECT_UTC,US100,1740643200,2025-02-27T08:00:00,1740643500,1,1,1,1,0,,0,,0,,0,,0,
2025-02-27,LONDON_0800,ORIGINAL_DIRECT_UTC,US30,1740643200,2025-02-27T08:00:00,1740643500,1,1,1,1,0,,0,,0,,0,,0,
2025-02-27,LONDON_0800,NY_CLOSE_BROKER_CONVENTION,US100,1740650400,2025-02-27T10:00:00,1740650700,1,1,1,1,0,,0,,0,,0,,0,
2025-02-27,LONDON_0800,NY_CLOSE_BROKER_CONVENTION,US30,1740650400,2025-02-27T10:00:00,1740650700,1,1,1,1,0,,0,,0,,0,,0,
2025-02-27,NEW_YORK_0930,ORIGINAL_DIRECT_UTC,US100,1740666600,2025-02-27T14:30:00,1740666900,1,1,1,1,0,,0,,0,,0,,0,
2025-02-27,NEW_YORK_0930,ORIGINAL_DIRECT_UTC,US30,1740666600,2025-02-27T14:30:00,1740666900,1,1,1,1,0,,0,,0,,0,,0,
2025-02-27,NEW_YORK_0930,NY_CLOSE_BROKER_CONVENTION,US100,1740673800,2025-02-27T16:30:00,1740674100,1,1,1,1,0,,0,,0,,0,,0,
2025-02-27,NEW_YORK_0930,NY_CLOSE_BROKER_CONVENTION,US30,1740673800,2025-02-27T16:30:00,1740674100,1,1,1,1,0,,0,,0,,0,,0,
2025-02-28,LONDON_0800,ORIGINAL_DIRECT_UTC,US100,1740729600,2025-02-28T08:00:00,1740729900,1,1,1,1,0,,0,,0,,0,,0,
2025-02-28,LONDON_0800,ORIGINAL_DIRECT_UTC,US30,1740729600,2025-02-28T08:00:00,1740729900,1,1,1,1,0,,0,,0,,0,,0,
2025-02-28,LONDON_0800,NY_CLOSE_BROKER_CONVENTION,US100,1740736800,2025-02-28T10:00:00,1740737100,1,1,1,1,0,,0,,0,,0,,0,
2025-02-28,LONDON_0800,NY_CLOSE_BROKER_CONVENTION,US30,1740736800,2025-02-28T10:00:00,1740737100,1,1,1,1,0,,0,,0,,0,,0,
2025-02-28,NEW_YORK_0930,ORIGINAL_DIRECT_UTC,US100,1740753000,2025-02-28T14:30:00,1740753300,1,1,1,1,0,,0,,0,,0,,0,
2025-02-28,NEW_YORK_0930,ORIGINAL_DIRECT_UTC,US30,1740753000,2025-02-28T14:30:00,1740753300,1,1,1,1,0,,0,,0,,0,,0,
2025-02-28,NEW_YORK_0930,NY_CLOSE_BROKER_CONVENTION,US100,1740760200,2025-02-28T16:30:00,1740760500,1,1,1,1,0,,0,,0,,0,,0,
2025-02-28,NEW_YORK_0930,NY_CLOSE_BROKER_CONVENTION,US30,1740760200,2025-02-28T16:30:00,1740760500,1,1,1,1,0,,0,,0,,0,,0,
2025-03-03,LONDON_0800,ORIGINAL_DIRECT_UTC,US100,1740988800,2025-03-03T08:00:00,1740989100,1,1,1,1,0,,0,,0,,0,,0,
2025-03-03,LONDON_0800,ORIGINAL_DIRECT_UTC,US30,1740988800,2025-03-03T08:00:00,1740989100,1,1,1,1,0,,0,,0,,0,,0,
2025-03-03,LONDON_0800,NY_CLOSE_BROKER_CONVENTION,US100,1740996000,2025-03-03T10:00:00,1740996300,1,1,1,1,0,,0,,0,,0,,0,
2025-03-03,LONDON_0800,NY_CLOSE_BROKER_CONVENTION,US30,1740996000,2025-03-03T10:00:00,1740996300,1,1,1,1,0,,0,,0,,0,,0,
2025-03-03,NEW_YORK_0930,ORIGINAL_DIRECT_UTC,US100,1741012200,2025-03-03T14:30:00,1741012500,1,1,1,1,0,,0,,0,,0,,0,
2025-03-03,NEW_YORK_0930,ORIGINAL_DIRECT_UTC,US30,1741012200,2025-03-03T14:30:00,1741012500,1,1,1,1,0,,0,,0,,0,,0,
2025-03-03,NEW_YORK_0930,NY_CLOSE_BROKER_CONVENTION,US100,1741019400,2025-03-03T16:30:00,1741019700,1,1,1,1,0,,0,,0,,0,,0,
2025-03-03,NEW_YORK_0930,NY_CLOSE_BROKER_CONVENTION,US30,1741019400,2025-03-03T16:30:00,1741019700,1,1,1,1,0,,0,,0,,0,,0,
2025-03-04,LONDON_0800,ORIGINAL_DIRECT_UTC,US100,1741075200,2025-03-04T08:00:00,1741075500,1,1,1,1,0,,0,,0,,0,,0,
2025-03-04,LONDON_0800,ORIGINAL_DIRECT_UTC,US30,1741075200,2025-03-04T08:00:00,1741075500,1,1,1,1,0,,0,,0,,0,,0,
2025-03-04,LONDON_0800,NY_CLOSE_BROKER_CONVENTION,US100,1741082400,2025-03-04T10:00:00,1741082700,1,1,1,1,0,,0,,0,,0,,0,
2025-03-04,LONDON_0800,NY_CLOSE_BROKER_CONVENTION,US30,1741082400,2025-03-04T10:00:00,1741082700,1,1,1,1,0,,0,,0,,0,,0,
2025-03-04,NEW_YORK_0930,ORIGINAL_DIRECT_UTC,US100,1741098600,2025-03-04T14:30:00,1741098900,1,1,1,1,0,,0,,0,,0,,0,
2025-03-04,NEW_YORK_0930,ORIGINAL_DIRECT_UTC,US30,1741098600,2025-03-04T14:30:00,1741098900,1,1,1,1,0,,0,,0,,0,,0,
2025-03-04,NEW_YORK_0930,NY_CLOSE_BROKER_CONVENTION,US100,1741105800,2025-03-04T16:30:00,1741106100,1,1,1,1,0,,0,,0,,0,,0,
2025-03-04,NEW_YORK_0930,NY_CLOSE_BROKER_CONVENTION,US30,1741105800,2025-03-04T16:30:00,1741106100,1,1,1,1,0,,0,,0,,0,,0,
2025-03-05,LONDON_0800,ORIGINAL_DIRECT_UTC,US100,1741161600,2025-03-05T08:00:00,1741161900,1,1,1,1,0,,0,,0,,0,,0,
2025-03-05,LONDON_0800,ORIGINAL_DIRECT_UTC,US30,1741161600,2025-03-05T08:00:00,1741161900,1,1,1,1,0,,0,,0,,0,,0,
2025-03-05,LONDON_0800,NY_CLOSE_BROKER_CONVENTION,US100,1741168800,2025-03-05T10:00:00,1741169100,1,1,1,1,0,,0,,0,,0,,0,
2025-03-05,LONDON_0800,NY_CLOSE_BROKER_CONVENTION,US30,1741168800,2025-03-05T10:00:00,1741169100,1,1,1,1,0,,0,,0,,0,,0,
2025-03-05,NEW_YORK_0930,ORIGINAL_DIRECT_UTC,US100,1741185000,2025-03-05T14:30:00,1741185300,1,1,1,1,0,,0,,0,,0,,0,
2025-03-05,NEW_YORK_0930,ORIGINAL_DIRECT_UTC,US30,1741185000,2025-03-05T14:30:00,1741185300,1,1,1,1,0,,0,,0,,0,,0,
2025-03-05,NEW_YORK_0930,NY_CLOSE_BROKER_CONVENTION,US100,1741192200,2025-03-05T16:30:00,1741192500,1,1,1,1,0,,0,,0,,0,,0,
2025-03-05,NEW_YORK_0930,NY_CLOSE_BROKER_CONVENTION,US30,1741192200,2025-03-05T16:30:00,1741192500,1,1,1,1,0,,0,,0,,0,,0,
2025-03-06,LONDON_0800,ORIGINAL_DIRECT_UTC,US100,1741248000,2025-03-06T08:00:00,1741248300,1,1,1,1,0,,0,,0,,0,,0,
2025-03-06,LONDON_0800,ORIGINAL_DIRECT_UTC,US30,1741248000,2025-03-06T08:00:00,1741248300,1,1,1,1,0,,0,,0,,0,,0,
2025-03-06,LONDON_0800,NY_CLOSE_BROKER_CONVENTION,US100,1741255200,2025-03-06T10:00:00,1741255500,1,1,1,1,0,,0,,0,,0,,0,
2025-03-06,LONDON_0800,NY_CLOSE_BROKER_CONVENTION,US30,1741255200,2025-03-06T10:00:00,1741255500,1,1,1,1,0,,0,,0,,0,,0,
2025-03-06,NEW_YORK_0930,ORIGINAL_DIRECT_UTC,US100,1741271400,2025-03-06T14:30:00,1741271700,1,1,1,1,0,,0,,0,,0,,0,
2025-03-06,NEW_YORK_0930,ORIGINAL_DIRECT_UTC,US30,1741271400,2025-03-06T14:30:00,1741271700,1,1,1,1,0,,0,,0,,0,,0,
2025-03-06,NEW_YORK_0930,NY_CLOSE_BROKER_CONVENTION,US100,1741278600,2025-03-06T16:30:00,1741278900,1,1,1,1,0,,0,,0,,0,,0,
2025-03-06,NEW_YORK_0930,NY_CLOSE_BROKER_CONVENTION,US30,1741278600,2025-03-06T16:30:00,1741278900,1,1,1,1,0,,0,,0,,0,,0,
2025-03-07,LONDON_0800,ORIGINAL_DIRECT_UTC,US100,1741334400,2025-03-07T08:00:00,1741334700,1,1,1,1,0,,0,,0,,0,,0,
2025-03-07,LONDON_0800,ORIGINAL_DIRECT_UTC,US30,1741334400,2025-03-07T08:00:00,1741334700,1,1,1,1,0,,0,,0,,0,,0,
2025-03-07,LONDON_0800,NY_CLOSE_BROKER_CONVENTION,US100,1741341600,2025-03-07T10:00:00,1741341900,1,1,1,1,0,,0,,0,,0,,0,
2025-03-07,LONDON_0800,NY_CLOSE_BROKER_CONVENTION,US30,1741341600,2025-03-07T10:00:00,1741341900,1,1,1,1,0,,0,,0,,0,,0,
2025-03-07,NEW_YORK_0930,ORIGINAL_DIRECT_UTC,US100,1741357800,2025-03-07T14:30:00,1741358100,1,1,1,1,0,,0,,0,,0,,0,
2025-03-07,NEW_YORK_0930,ORIGINAL_DIRECT_UTC,US30,1741357800,2025-03-07T14:30:00,1741358100,1,1,1,1,0,,0,,0,,0,,0,
2025-03-07,NEW_YORK_0930,NY_CLOSE_BROKER_CONVENTION,US100,1741365000,2025-03-07T16:30:00,1741365300,1,1,1,1,0,,0,,0,,0,,0,
2025-03-07,NEW_YORK_0930,NY_CLOSE_BROKER_CONVENTION,US30,1741365000,2025-03-07T16:30:00,1741365300,1,1,1,1,0,,0,,0,,0,,0,
2025-03-10,LONDON_0800,ORIGINAL_DIRECT_UTC,US100,1741593600,2025-03-10T08:00:00,1741593900,1,1,1,1,0,,0,,0,,0,,0,
2025-03-10,LONDON_0800,ORIGINAL_DIRECT_UTC,US30,1741593600,2025-03-10T08:00:00,1741593900,1,1,1,1,0,,0,,0,,0,,0,
2025-03-10,LONDON_0800,NY_CLOSE_BROKER_CONVENTION,US100,1741604400,2025-03-10T11:00:00,1741604700,1,1,1,1,0,,0,,0,,0,,0,
2025-03-10,LONDON_0800,NY_CLOSE_BROKER_CONVENTION,US30,1741604400,2025-03-10T11:00:00,1741604700,1,1,1,1,0,,0,,0,,0,,0,
2025-03-10,NEW_YORK_0930,ORIGINAL_DIRECT_UTC,US100,1741613400,2025-03-10T13:30:00,1741613700,1,1,1,1,0,,0,,0,,0,,0,
2025-03-10,NEW_YORK_0930,ORIGINAL_DIRECT_UTC,US30,1741613400,2025-03-10T13:30:00,1741613700,1,1,1,1,0,,0,,0,,0,,0,
2025-03-10,NEW_YORK_0930,NY_CLOSE_BROKER_CONVENTION,US100,1741624200,2025-03-10T16:30:00,1741624500,1,1,1,1,0,,0,,0,,0,,0,
2025-03-10,NEW_YORK_0930,NY_CLOSE_BROKER_CONVENTION,US30,1741624200,2025-03-10T16:30:00,1741624500,1,1,1,1,0,,0,,0,,0,,0,
2025-03-11,LONDON_0800,ORIGINAL_DIRECT_UTC,US100,1741680000,2025-03-11T08:00:00,1741680300,1,1,1,1,0,,0,,0,,0,,0,
2025-03-11,LONDON_0800,ORIGINAL_DIRECT_UTC,US30,1741680000,2025-03-11T08:00:00,1741680300,1,1,1,1,0,,0,,0,,0,,0,
2025-03-11,LONDON_0800,NY_CLOSE_BROKER_CONVENTION,US100,1741690800,2025-03-11T11:00:00,1741691100,1,1,1,1,0,,0,,0,,0,,0,
2025-03-11,LONDON_0800,NY_CLOSE_BROKER_CONVENTION,US30,1741690800,2025-03-11T11:00:00,1741691100,1,1,1,1,0,,0,,0,,0,,0,
2025-03-11,NEW_YORK_0930,ORIGINAL_DIRECT_UTC,US100,1741699800,2025-03-11T13:30:00,1741700100,1,1,1,1,0,,0,,0,,0,,0,
2025-03-11,NEW_YORK_0930,ORIGINAL_DIRECT_UTC,US30,1741699800,2025-03-11T13:30:00,1741700100,1,1,1,1,0,,0,,0,,0,,0,
2025-03-11,NEW_YORK_0930,NY_CLOSE_BROKER_CONVENTION,US100,1741710600,2025-03-11T16:30:00,1741710900,1,1,1,1,0,,0,,0,,0,,0,
2025-03-11,NEW_YORK_0930,NY_CLOSE_BROKER_CONVENTION,US30,1741710600,2025-03-11T16:30:00,1741710900,1,1,1,1,0,,0,,0,,0,,0,
2025-03-12,LONDON_0800,ORIGINAL_DIRECT_UTC,US100,1741766400,2025-03-12T08:00:00,1741766700,1,1,1,1,0,,0,,0,,0,,0,
2025-03-12,LONDON_0800,ORIGINAL_DIRECT_UTC,US30,1741766400,2025-03-12T08:00:00,1741766700,1,1,1,1,0,,0,,0,,0,,0,
2025-03-12,LONDON_0800,NY_CLOSE_BROKER_CONVENTION,US100,1741777200,2025-03-12T11:00:00,1741777500,1,1,1,1,0,,0,,0,,0,,0,
2025-03-12,LONDON_0800,NY_CLOSE_BROKER_CONVENTION,US30,1741777200,2025-03-12T11:00:00,1741777500,1,1,1,1,0,,0,,0,,0,,0,
2025-03-12,NEW_YORK_0930,ORIGINAL_DIRECT_UTC,US100,1741786200,2025-03-12T13:30:00,1741786500,1,1,1,1,0,,0,,0,,0,,0,
2025-03-12,NEW_YORK_0930,ORIGINAL_DIRECT_UTC,US30,1741786200,2025-03-12T13:30:00,1741786500,1,1,1,1,0,,0,,0,,0,,0,
2025-03-12,NEW_YORK_0930,NY_CLOSE_BROKER_CONVENTION,US100,1741797000,2025-03-12T16:30:00,1741797300,1,1,1,1,0,,0,,0,,0,,0,
2025-03-12,NEW_YORK_0930,NY_CLOSE_BROKER_CONVENTION,US30,1741797000,2025-03-12T16:30:00,1741797300,1,1,1,1,0,,0,,0,,0,,0,
2025-03-13,LONDON_0800,ORIGINAL_DIRECT_UTC,US100,1741852800,2025-03-13T08:00:00,1741853100,1,1,1,1,0,,0,,0,,0,,0,
2025-03-13,LONDON_0800,ORIGINAL_DIRECT_UTC,US30,1741852800,2025-03-13T08:00:00,1741853100,1,1,1,1,0,,0,,0,,0,,0,
2025-03-13,LONDON_0800,NY_CLOSE_BROKER_CONVENTION,US100,1741863600,2025-03-13T11:00:00,1741863900,1,1,1,1,0,,0,,0,,0,,0,
2025-03-13,LONDON_0800,NY_CLOSE_BROKER_CONVENTION,US30,1741863600,2025-03-13T11:00:00,1741863900,1,1,1,1,0,,0,,0,,0,,0,
2025-03-13,NEW_YORK_0930,ORIGINAL_DIRECT_UTC,US100,1741872600,2025-03-13T13:30:00,1741872900,1,1,1,1,0,,0,,0,,0,,0,
2025-03-13,NEW_YORK_0930,ORIGINAL_DIRECT_UTC,US30,1741872600,2025-03-13T13:30:00,1741872900,1,1,1,1,0,,0,,0,,0,,0,
2025-03-13,NEW_YORK_0930,NY_CLOSE_BROKER_CONVENTION,US100,1741883400,2025-03-13T16:30:00,1741883700,1,1,1,1,0,,0,,0,,0,,0,
2025-03-13,NEW_YORK_0930,NY_CLOSE_BROKER_CONVENTION,US30,1741883400,2025-03-13T16:30:00,1741883700,1,1,1,1,0,,0,,0,,0,,0,
2025-03-14,LONDON_0800,ORIGINAL_DIRECT_UTC,US100,1741939200,2025-03-14T08:00:00,1741939500,1,1,1,1,0,,0,,0,,0,,0,
2025-03-14,LONDON_0800,ORIGINAL_DIRECT_UTC,US30,1741939200,2025-03-14T08:00:00,1741939500,1,1,1,1,0,,0,,0,,0,,0,
2025-03-14,LONDON_0800,NY_CLOSE_BROKER_CONVENTION,US100,1741950000,2025-03-14T11:00:00,1741950300,1,1,1,1,0,,0,,0,,0,,0,
2025-03-14,LONDON_0800,NY_CLOSE_BROKER_CONVENTION,US30,1741950000,2025-03-14T11:00:00,1741950300,1,1,1,1,0,,0,,0,,0,,0,
2025-03-14,NEW_YORK_0930,ORIGINAL_DIRECT_UTC,US100,1741959000,2025-03-14T13:30:00,1741959300,1,1,1,1,0,,0,,0,,0,,0,
2025-03-14,NEW_YORK_0930,ORIGINAL_DIRECT_UTC,US30,1741959000,2025-03-14T13:30:00,1741959300,1,1,1,1,0,,0,,0,,0,,0,
2025-03-14,NEW_YORK_0930,NY_CLOSE_BROKER_CONVENTION,US100,1741969800,2025-03-14T16:30:00,1741970100,1,1,1,1,0,,0,,0,,0,,0,
2025-03-14,NEW_YORK_0930,NY_CLOSE_BROKER_CONVENTION,US30,1741969800,2025-03-14T16:30:00,1741970100,1,1,1,1,0,,0,,0,,0,,0,
2025-03-17,LONDON_0800,ORIGINAL_DIRECT_UTC,US100,1742198400,2025-03-17T08:00:00,1742198700,1,1,1,1,0,,0,,0,,0,,0,
2025-03-17,LONDON_0800,ORIGINAL_DIRECT_UTC,US30,1742198400,2025-03-17T08:00:00,1742198700,1,1,1,1,0,,0,,0,,0,,0,
2025-03-17,LONDON_0800,NY_CLOSE_BROKER_CONVENTION,US100,1742209200,2025-03-17T11:00:00,1742209500,1,1,1,1,0,,0,,0,,0,,0,
2025-03-17,LONDON_0800,NY_CLOSE_BROKER_CONVENTION,US30,1742209200,2025-03-17T11:00:00,1742209500,1,1,1,1,0,,0,,0,,0,,0,
2025-03-17,NEW_YORK_0930,ORIGINAL_DIRECT_UTC,US100,1742218200,2025-03-17T13:30:00,1742218500,1,1,1,1,0,,0,,0,,0,,0,
2025-03-17,NEW_YORK_0930,ORIGINAL_DIRECT_UTC,US30,1742218200,2025-03-17T13:30:00,1742218500,1,1,1,1,0,,0,,0,,0,,0,
2025-03-17,NEW_YORK_0930,NY_CLOSE_BROKER_CONVENTION,US100,1742229000,2025-03-17T16:30:00,1742229300,1,1,1,1,0,,0,,0,,0,,0,
2025-03-17,NEW_YORK_0930,NY_CLOSE_BROKER_CONVENTION,US30,1742229000,2025-03-17T16:30:00,1742229300,1,1,1,1,0,,0,,0,,0,,0,
2025-03-18,LONDON_0800,ORIGINAL_DIRECT_UTC,US100,1742284800,2025-03-18T08:00:00,1742285100,1,1,1,1,0,,0,,0,,0,,0,
2025-03-18,LONDON_0800,ORIGINAL_DIRECT_UTC,US30,1742284800,2025-03-18T08:00:00,1742285100,1,1,1,1,0,,0,,0,,0,,0,
2025-03-18,LONDON_0800,NY_CLOSE_BROKER_CONVENTION,US100,1742295600,2025-03-18T11:00:00,1742295900,1,1,1,1,0,,0,,0,,0,,0,
2025-03-18,LONDON_0800,NY_CLOSE_BROKER_CONVENTION,US30,1742295600,2025-03-18T11:00:00,1742295900,1,1,1,1,0,,0,,0,,0,,0,
2025-03-18,NEW_YORK_0930,ORIGINAL_DIRECT_UTC,US100,1742304600,2025-03-18T13:30:00,1742304900,1,1,1,1,0,,0,,0,,0,,0,
2025-03-18,NEW_YORK_0930,ORIGINAL_DIRECT_UTC,US30,1742304600,2025-03-18T13:30:00,1742304900,1,1,1,1,0,,0,,0,,0,,0,
2025-03-18,NEW_YORK_0930,NY_CLOSE_BROKER_CONVENTION,US100,1742315400,2025-03-18T16:30:00,1742315700,1,1,1,1,0,,0,,0,,0,,0,
2025-03-18,NEW_YORK_0930,NY_CLOSE_BROKER_CONVENTION,US30,1742315400,2025-03-18T16:30:00,1742315700,1,1,1,1,0,,0,,0,,0,,0,
2025-03-19,LONDON_0800,ORIGINAL_DIRECT_UTC,US100,1742371200,2025-03-19T08:00:00,1742371500,1,1,1,1,0,,0,,0,,0,,0,
2025-03-19,LONDON_0800,ORIGINAL_DIRECT_UTC,US30,1742371200,2025-03-19T08:00:00,1742371500,1,1,1,1,0,,0,,0,,0,,0,
2025-03-19,LONDON_0800,NY_CLOSE_BROKER_CONVENTION,US100,1742382000,2025-03-19T11:00:00,1742382300,1,1,1,1,0,,0,,0,,0,,0,
2025-03-19,LONDON_0800,NY_CLOSE_BROKER_CONVENTION,US30,1742382000,2025-03-19T11:00:00,1742382300,1,1,1,1,0,,0,,0,,0,,0,
2025-03-19,NEW_YORK_0930,ORIGINAL_DIRECT_UTC,US100,1742391000,2025-03-19T13:30:00,1742391300,1,1,1,1,0,,0,,0,,0,,0,
2025-03-19,NEW_YORK_0930,ORIGINAL_DIRECT_UTC,US30,1742391000,2025-03-19T13:30:00,1742391300,1,1,1,1,0,,0,,0,,0,,0,
2025-03-19,NEW_YORK_0930,NY_CLOSE_BROKER_CONVENTION,US100,1742401800,2025-03-19T16:30:00,1742402100,1,1,1,1,0,,0,,0,,0,,0,
2025-03-19,NEW_YORK_0930,NY_CLOSE_BROKER_CONVENTION,US30,1742401800,2025-03-19T16:30:00,1742402100,1,1,1,1,0,,0,,0,,0,,0,
2025-03-20,LONDON_0800,ORIGINAL_DIRECT_UTC,US100,1742457600,2025-03-20T08:00:00,1742457900,1,1,1,1,0,,0,,0,,0,,0,
2025-03-20,LONDON_0800,ORIGINAL_DIRECT_UTC,US30,1742457600,2025-03-20T08:00:00,1742457900,1,1,1,1,0,,0,,0,,0,,0,
2025-03-20,LONDON_0800,NY_CLOSE_BROKER_CONVENTION,US100,1742468400,2025-03-20T11:00:00,1742468700,1,1,1,1,0,,0,,0,,0,,0,
2025-03-20,LONDON_0800,NY_CLOSE_BROKER_CONVENTION,US30,1742468400,2025-03-20T11:00:00,1742468700,1,1,1,1,0,,0,,0,,0,,0,
2025-03-20,NEW_YORK_0930,ORIGINAL_DIRECT_UTC,US100,1742477400,2025-03-20T13:30:00,1742477700,1,1,1,1,0,,0,,0,,0,,0,
2025-03-20,NEW_YORK_0930,ORIGINAL_DIRECT_UTC,US30,1742477400,2025-03-20T13:30:00,1742477700,1,1,1,1,0,,0,,0,,0,,0,
2025-03-20,NEW_YORK_0930,NY_CLOSE_BROKER_CONVENTION,US100,1742488200,2025-03-20T16:30:00,1742488500,1,1,1,1,0,,0,,0,,0,,0,
2025-03-20,NEW_YORK_0930,NY_CLOSE_BROKER_CONVENTION,US30,1742488200,2025-03-20T16:30:00,1742488500,1,1,1,1,0,,0,,0,,0,,0,
2025-03-21,LONDON_0800,ORIGINAL_DIRECT_UTC,US100,1742544000,2025-03-21T08:00:00,1742544300,1,1,1,1,0,,0,,0,,0,,0,
2025-03-21,LONDON_0800,ORIGINAL_DIRECT_UTC,US30,1742544000,2025-03-21T08:00:00,1742544300,1,1,1,1,0,,0,,0,,0,,0,
2025-03-21,LONDON_0800,NY_CLOSE_BROKER_CONVENTION,US100,1742554800,2025-03-21T11:00:00,1742555100,1,1,1,1,0,,0,,0,,0,,0,
2025-03-21,LONDON_0800,NY_CLOSE_BROKER_CONVENTION,US30,1742554800,2025-03-21T11:00:00,1742555100,1,1,1,1,0,,0,,0,,0,,0,
2025-03-21,NEW_YORK_0930,ORIGINAL_DIRECT_UTC,US100,1742563800,2025-03-21T13:30:00,1742564100,1,1,1,1,0,,0,,0,,0,,0,
2025-03-21,NEW_YORK_0930,ORIGINAL_DIRECT_UTC,US30,1742563800,2025-03-21T13:30:00,1742564100,1,1,1,1,0,,0,,0,,0,,0,
2025-03-21,NEW_YORK_0930,NY_CLOSE_BROKER_CONVENTION,US100,1742574600,2025-03-21T16:30:00,1742574900,1,1,1,1,0,,0,,0,,0,,0,
2025-03-21,NEW_YORK_0930,NY_CLOSE_BROKER_CONVENTION,US30,1742574600,2025-03-21T16:30:00,1742574900,1,1,1,1,0,,0,,0,,0,,0,
2025-03-24,LONDON_0800,ORIGINAL_DIRECT_UTC,US100,1742803200,2025-03-24T08:00:00,1742803500,1,1,1,1,0,,0,,0,,0,,0,
2025-03-24,LONDON_0800,ORIGINAL_DIRECT_UTC,US30,1742803200,2025-03-24T08:00:00,1742803500,1,1,1,1,0,,0,,0,,0,,0,
2025-03-24,LONDON_0800,NY_CLOSE_BROKER_CONVENTION,US100,1742814000,2025-03-24T11:00:00,1742814300,1,1,1,1,0,,0,,0,,0,,0,
2025-03-24,LONDON_0800,NY_CLOSE_BROKER_CONVENTION,US30,1742814000,2025-03-24T11:00:00,1742814300,1,1,1,1,0,,0,,0,,0,,0,
2025-03-24,NEW_YORK_0930,ORIGINAL_DIRECT_UTC,US100,1742823000,2025-03-24T13:30:00,1742823300,1,1,1,1,0,,0,,0,,0,,0,
2025-03-24,NEW_YORK_0930,ORIGINAL_DIRECT_UTC,US30,1742823000,2025-03-24T13:30:00,1742823300,1,1,1,1,0,,0,,0,,0,,0,
2025-03-24,NEW_YORK_0930,NY_CLOSE_BROKER_CONVENTION,US100,1742833800,2025-03-24T16:30:00,1742834100,1,1,1,1,0,,0,,0,,0,,0,
2025-03-24,NEW_YORK_0930,NY_CLOSE_BROKER_CONVENTION,US30,1742833800,2025-03-24T16:30:00,1742834100,1,1,1,1,0,,0,,0,,0,,0,
2025-03-25,LONDON_0800,ORIGINAL_DIRECT_UTC,US100,1742889600,2025-03-25T08:00:00,1742889900,1,1,1,1,0,,0,,0,,0,,0,
2025-03-25,LONDON_0800,ORIGINAL_DIRECT_UTC,US30,1742889600,2025-03-25T08:00:00,1742889900,1,1,1,1,0,,0,,0,,0,,0,
2025-03-25,LONDON_0800,NY_CLOSE_BROKER_CONVENTION,US100,1742900400,2025-03-25T11:00:00,1742900700,1,1,1,1,0,,0,,0,,0,,0,
2025-03-25,LONDON_0800,NY_CLOSE_BROKER_CONVENTION,US30,1742900400,2025-03-25T11:00:00,1742900700,1,1,1,1,0,,0,,0,,0,,0,
2025-03-25,NEW_YORK_0930,ORIGINAL_DIRECT_UTC,US100,1742909400,2025-03-25T13:30:00,1742909700,1,1,1,1,0,,0,,0,,0,,0,
2025-03-25,NEW_YORK_0930,ORIGINAL_DIRECT_UTC,US30,1742909400,2025-03-25T13:30:00,1742909700,1,1,1,1,0,,0,,0,,0,,0,
2025-03-25,NEW_YORK_0930,NY_CLOSE_BROKER_CONVENTION,US100,1742920200,2025-03-25T16:30:00,1742920500,1,1,1,1,0,,0,,0,,0,,0,
2025-03-25,NEW_YORK_0930,NY_CLOSE_BROKER_CONVENTION,US30,1742920200,2025-03-25T16:30:00,1742920500,1,1,1,1,0,,0,,0,,0,,0,
2025-03-26,LONDON_0800,ORIGINAL_DIRECT_UTC,US100,1742976000,2025-03-26T08:00:00,1742976300,1,1,1,1,0,,0,,0,,0,,0,
2025-03-26,LONDON_0800,ORIGINAL_DIRECT_UTC,US30,1742976000,2025-03-26T08:00:00,1742976300,1,1,1,1,0,,0,,0,,0,,0,
2025-03-26,LONDON_0800,NY_CLOSE_BROKER_CONVENTION,US100,1742986800,2025-03-26T11:00:00,1742987100,1,1,1,1,0,,0,,0,,0,,0,
2025-03-26,LONDON_0800,NY_CLOSE_BROKER_CONVENTION,US30,1742986800,2025-03-26T11:00:00,1742987100,1,1,1,1,0,,0,,0,,0,,0,
2025-03-26,NEW_YORK_0930,ORIGINAL_DIRECT_UTC,US100,1742995800,2025-03-26T13:30:00,1742996100,1,1,1,1,0,,0,,0,,0,,0,
2025-03-26,NEW_YORK_0930,ORIGINAL_DIRECT_UTC,US30,1742995800,2025-03-26T13:30:00,1742996100,1,1,1,1,0,,0,,0,,0,,0,
2025-03-26,NEW_YORK_0930,NY_CLOSE_BROKER_CONVENTION,US100,1743006600,2025-03-26T16:30:00,1743006900,1,1,1,1,0,,0,,0,,0,,0,
2025-03-26,NEW_YORK_0930,NY_CLOSE_BROKER_CONVENTION,US30,1743006600,2025-03-26T16:30:00,1743006900,1,1,1,1,0,,0,,0,,0,,0,
2025-03-27,LONDON_0800,ORIGINAL_DIRECT_UTC,US100,1743062400,2025-03-27T08:00:00,1743062700,1,1,1,1,0,,0,,0,,0,,0,
2025-03-27,LONDON_0800,ORIGINAL_DIRECT_UTC,US30,1743062400,2025-03-27T08:00:00,1743062700,1,1,1,1,0,,0,,0,,0,,0,
2025-03-27,LONDON_0800,NY_CLOSE_BROKER_CONVENTION,US100,1743073200,2025-03-27T11:00:00,1743073500,1,1,1,1,0,,0,,0,,0,,0,
2025-03-27,LONDON_0800,NY_CLOSE_BROKER_CONVENTION,US30,1743073200,2025-03-27T11:00:00,1743073500,1,1,1,1,0,,0,,0,,0,,0,
2025-03-27,NEW_YORK_0930,ORIGINAL_DIRECT_UTC,US100,1743082200,2025-03-27T13:30:00,1743082500,1,1,1,1,0,,0,,0,,0,,0,
2025-03-27,NEW_YORK_0930,ORIGINAL_DIRECT_UTC,US30,1743082200,2025-03-27T13:30:00,1743082500,1,1,1,1,0,,0,,0,,0,,0,
2025-03-27,NEW_YORK_0930,NY_CLOSE_BROKER_CONVENTION,US100,1743093000,2025-03-27T16:30:00,1743093300,1,1,1,1,0,,0,,0,,0,,0,
2025-03-27,NEW_YORK_0930,NY_CLOSE_BROKER_CONVENTION,US30,1743093000,2025-03-27T16:30:00,1743093300,1,1,1,1,0,,0,,0,,0,,0,
2025-03-28,LONDON_0800,ORIGINAL_DIRECT_UTC,US100,1743148800,2025-03-28T08:00:00,1743149100,1,1,1,1,0,,0,,0,,0,,0,
2025-03-28,LONDON_0800,ORIGINAL_DIRECT_UTC,US30,1743148800,2025-03-28T08:00:00,1743149100,1,1,1,1,0,,0,,0,,0,,0,
2025-03-28,LONDON_0800,NY_CLOSE_BROKER_CONVENTION,US100,1743159600,2025-03-28T11:00:00,1743159900,1,1,1,1,0,,0,,0,,0,,0,
2025-03-28,LONDON_0800,NY_CLOSE_BROKER_CONVENTION,US30,1743159600,2025-03-28T11:00:00,1743159900,1,1,1,1,0,,0,,0,,0,,0,
2025-03-28,NEW_YORK_0930,ORIGINAL_DIRECT_UTC,US100,1743168600,2025-03-28T13:30:00,1743168900,1,1,1,1,0,,0,,0,,0,,0,
2025-03-28,NEW_YORK_0930,ORIGINAL_DIRECT_UTC,US30,1743168600,2025-03-28T13:30:00,1743168900,1,1,1,1,0,,0,,0,,0,,0,
2025-03-28,NEW_YORK_0930,NY_CLOSE_BROKER_CONVENTION,US100,1743179400,2025-03-28T16:30:00,1743179700,1,1,1,1,0,,0,,0,,0,,0,
2025-03-28,NEW_YORK_0930,NY_CLOSE_BROKER_CONVENTION,US30,1743179400,2025-03-28T16:30:00,1743179700,1,1,1,1,0,,0,,0,,0,,0,
2025-03-31,LONDON_0800,ORIGINAL_DIRECT_UTC,US100,1743404400,2025-03-31T07:00:00,1743404700,1,1,1,1,0,,0,,0,,0,,0,
2025-03-31,LONDON_0800,ORIGINAL_DIRECT_UTC,US30,1743404400,2025-03-31T07:00:00,1743404700,1,1,1,1,0,,0,,0,,0,,0,
2025-03-31,LONDON_0800,NY_CLOSE_BROKER_CONVENTION,US100,1743415200,2025-03-31T10:00:00,1743415500,1,1,1,1,0,,0,,0,,0,,0,
2025-03-31,LONDON_0800,NY_CLOSE_BROKER_CONVENTION,US30,1743415200,2025-03-31T10:00:00,1743415500,1,1,1,1,0,,0,,0,,0,,0,
2025-03-31,NEW_YORK_0930,ORIGINAL_DIRECT_UTC,US100,1743427800,2025-03-31T13:30:00,1743428100,1,1,1,1,0,,0,,0,,0,,0,
2025-03-31,NEW_YORK_0930,ORIGINAL_DIRECT_UTC,US30,1743427800,2025-03-31T13:30:00,1743428100,1,1,1,1,0,,0,,0,,0,,0,
2025-03-31,NEW_YORK_0930,NY_CLOSE_BROKER_CONVENTION,US100,1743438600,2025-03-31T16:30:00,1743438900,1,1,1,1,0,,0,,0,,0,,0,
2025-03-31,NEW_YORK_0930,NY_CLOSE_BROKER_CONVENTION,US30,1743438600,2025-03-31T16:30:00,1743438900,1,1,1,1,0,,0,,0,,0,,0,
2025-04-01,LONDON_0800,ORIGINAL_DIRECT_UTC,US100,1743490800,2025-04-01T07:00:00,1743491100,1,1,1,1,0,,0,,0,,0,,0,
2025-04-01,LONDON_0800,ORIGINAL_DIRECT_UTC,US30,1743490800,2025-04-01T07:00:00,1743491100,1,1,1,1,0,,0,,0,,0,,0,
2025-04-01,LONDON_0800,NY_CLOSE_BROKER_CONVENTION,US100,1743501600,2025-04-01T10:00:00,1743501900,1,1,1,1,0,,0,,0,,0,,0,
2025-04-01,LONDON_0800,NY_CLOSE_BROKER_CONVENTION,US30,1743501600,2025-04-01T10:00:00,1743501900,1,1,1,1,0,,0,,0,,0,,0,
2025-04-01,NEW_YORK_0930,ORIGINAL_DIRECT_UTC,US100,1743514200,2025-04-01T13:30:00,1743514500,1,1,1,1,0,,0,,0,,0,,0,
2025-04-01,NEW_YORK_0930,ORIGINAL_DIRECT_UTC,US30,1743514200,2025-04-01T13:30:00,1743514500,1,1,1,1,0,,0,,0,,0,,0,
2025-04-01,NEW_YORK_0930,NY_CLOSE_BROKER_CONVENTION,US100,1743525000,2025-04-01T16:30:00,1743525300,1,1,1,1,0,,0,,0,,0,,0,
2025-04-01,NEW_YORK_0930,NY_CLOSE_BROKER_CONVENTION,US30,1743525000,2025-04-01T16:30:00,1743525300,1,1,1,1,0,,0,,0,,0,,0,
2025-04-02,LONDON_0800,ORIGINAL_DIRECT_UTC,US100,1743577200,2025-04-02T07:00:00,1743577500,1,1,1,1,0,,0,,0,,0,,0,
2025-04-02,LONDON_0800,ORIGINAL_DIRECT_UTC,US30,1743577200,2025-04-02T07:00:00,1743577500,1,1,1,1,0,,0,,0,,0,,0,
2025-04-02,LONDON_0800,NY_CLOSE_BROKER_CONVENTION,US100,1743588000,2025-04-02T10:00:00,1743588300,1,1,1,1,0,,0,,0,,0,,0,
2025-04-02,LONDON_0800,NY_CLOSE_BROKER_CONVENTION,US30,1743588000,2025-04-02T10:00:00,1743588300,1,1,1,1,0,,0,,0,,0,,0,
2025-04-02,NEW_YORK_0930,ORIGINAL_DIRECT_UTC,US100,1743600600,2025-04-02T13:30:00,1743600900,1,1,1,1,0,,0,,0,,0,,0,
2025-04-02,NEW_YORK_0930,ORIGINAL_DIRECT_UTC,US30,1743600600,2025-04-02T13:30:00,1743600900,1,1,1,1,0,,0,,0,,0,,0,
2025-04-02,NEW_YORK_0930,NY_CLOSE_BROKER_CONVENTION,US100,1743611400,2025-04-02T16:30:00,1743611700,1,1,1,1,0,,0,,0,,0,,0,
2025-04-02,NEW_YORK_0930,NY_CLOSE_BROKER_CONVENTION,US30,1743611400,2025-04-02T16:30:00,1743611700,1,1,1,1,0,,0,,0,,0,,0,
2025-04-03,LONDON_0800,ORIGINAL_DIRECT_UTC,US100,1743663600,2025-04-03T07:00:00,1743663900,1,1,1,1,0,,0,,0,,0,,0,
2025-04-03,LONDON_0800,ORIGINAL_DIRECT_UTC,US30,1743663600,2025-04-03T07:00:00,1743663900,1,1,1,1,0,,0,,0,,0,,0,
2025-04-03,LONDON_0800,NY_CLOSE_BROKER_CONVENTION,US100,1743674400,2025-04-03T10:00:00,1743674700,1,1,1,1,0,,0,,0,,0,,0,
2025-04-03,LONDON_0800,NY_CLOSE_BROKER_CONVENTION,US30,1743674400,2025-04-03T10:00:00,1743674700,1,1,1,1,0,,0,,0,,0,,0,
2025-04-03,NEW_YORK_0930,ORIGINAL_DIRECT_UTC,US100,1743687000,2025-04-03T13:30:00,1743687300,1,1,1,1,0,,0,,0,,0,,0,
2025-04-03,NEW_YORK_0930,ORIGINAL_DIRECT_UTC,US30,1743687000,2025-04-03T13:30:00,1743687300,1,1,1,1,0,,0,,0,,0,,0,
2025-04-03,NEW_YORK_0930,NY_CLOSE_BROKER_CONVENTION,US100,1743697800,2025-04-03T16:30:00,1743698100,1,1,1,1,0,,0,,0,,0,,0,
2025-04-03,NEW_YORK_0930,NY_CLOSE_BROKER_CONVENTION,US30,1743697800,2025-04-03T16:30:00,1743698100,1,1,1,1,0,,0,,0,,0,,0,
2025-04-04,LONDON_0800,ORIGINAL_DIRECT_UTC,US100,1743750000,2025-04-04T07:00:00,1743750300,1,1,1,1,0,,0,,0,,0,,0,
2025-04-04,LONDON_0800,ORIGINAL_DIRECT_UTC,US30,1743750000,2025-04-04T07:00:00,1743750300,1,1,1,1,0,,0,,0,,0,,0,
2025-04-04,LONDON_0800,NY_CLOSE_BROKER_CONVENTION,US100,1743760800,2025-04-04T10:00:00,1743761100,1,1,1,1,0,,0,,0,,0,,0,
2025-04-04,LONDON_0800,NY_CLOSE_BROKER_CONVENTION,US30,1743760800,2025-04-04T10:00:00,1743761100,1,1,1,1,0,,0,,0,,0,,0,
2025-04-04,NEW_YORK_0930,ORIGINAL_DIRECT_UTC,US100,1743773400,2025-04-04T13:30:00,1743773700,1,1,1,1,0,,0,,0,,0,,0,
2025-04-04,NEW_YORK_0930,ORIGINAL_DIRECT_UTC,US30,1743773400,2025-04-04T13:30:00,1743773700,1,1,1,1,0,,0,,0,,0,,0,
2025-04-04,NEW_YORK_0930,NY_CLOSE_BROKER_CONVENTION,US100,1743784200,2025-04-04T16:30:00,1743784500,1,1,1,1,0,,0,,0,,0,,0,
2025-04-04,NEW_YORK_0930,NY_CLOSE_BROKER_CONVENTION,US30,1743784200,2025-04-04T16:30:00,1743784500,1,1,1,1,0,,0,,0,,0,,0,
2025-04-07,LONDON_0800,ORIGINAL_DIRECT_UTC,US100,1744009200,2025-04-07T07:00:00,1744009500,1,1,1,1,0,,0,,0,,0,,0,
2025-04-07,LONDON_0800,ORIGINAL_DIRECT_UTC,US30,1744009200,2025-04-07T07:00:00,1744009500,1,1,1,1,0,,0,,0,,0,,0,
2025-04-07,LONDON_0800,NY_CLOSE_BROKER_CONVENTION,US100,1744020000,2025-04-07T10:00:00,1744020300,1,1,1,1,0,,0,,0,,0,,0,
2025-04-07,LONDON_0800,NY_CLOSE_BROKER_CONVENTION,US30,1744020000,2025-04-07T10:00:00,1744020300,1,1,1,1,0,,0,,0,,0,,0,
2025-04-07,NEW_YORK_0930,ORIGINAL_DIRECT_UTC,US100,1744032600,2025-04-07T13:30:00,1744032900,1,1,1,1,0,,0,,0,,0,,0,
2025-04-07,NEW_YORK_0930,ORIGINAL_DIRECT_UTC,US30,1744032600,2025-04-07T13:30:00,1744032900,1,1,1,1,0,,0,,0,,0,,0,
2025-04-07,NEW_YORK_0930,NY_CLOSE_BROKER_CONVENTION,US100,1744043400,2025-04-07T16:30:00,1744043700,1,1,1,1,0,,0,,0,,0,,0,
2025-04-07,NEW_YORK_0930,NY_CLOSE_BROKER_CONVENTION,US30,1744043400,2025-04-07T16:30:00,1744043700,1,1,1,1,0,,0,,0,,0,,0,
2025-04-08,LONDON_0800,ORIGINAL_DIRECT_UTC,US100,1744095600,2025-04-08T07:00:00,1744095900,1,1,1,1,0,,0,,0,,0,,0,
2025-04-08,LONDON_0800,ORIGINAL_DIRECT_UTC,US30,1744095600,2025-04-08T07:00:00,1744095900,1,1,1,1,0,,0,,0,,0,,0,
2025-04-08,LONDON_0800,NY_CLOSE_BROKER_CONVENTION,US100,1744106400,2025-04-08T10:00:00,1744106700,1,1,1,1,0,,0,,0,,0,,0,
2025-04-08,LONDON_0800,NY_CLOSE_BROKER_CONVENTION,US30,1744106400,2025-04-08T10:00:00,1744106700,1,1,1,1,0,,0,,0,,0,,0,
2025-04-08,NEW_YORK_0930,ORIGINAL_DIRECT_UTC,US100,1744119000,2025-04-08T13:30:00,1744119300,1,1,1,1,0,,0,,0,,0,,0,
2025-04-08,NEW_YORK_0930,ORIGINAL_DIRECT_UTC,US30,1744119000,2025-04-08T13:30:00,1744119300,1,1,1,1,0,,0,,0,,0,,0,
2025-04-08,NEW_YORK_0930,NY_CLOSE_BROKER_CONVENTION,US100,1744129800,2025-04-08T16:30:00,1744130100,1,1,1,1,0,,0,,0,,0,,0,
2025-04-08,NEW_YORK_0930,NY_CLOSE_BROKER_CONVENTION,US30,1744129800,2025-04-08T16:30:00,1744130100,1,1,1,1,0,,0,,0,,0,,0,
2025-04-09,LONDON_0800,ORIGINAL_DIRECT_UTC,US100,1744182000,2025-04-09T07:00:00,1744182300,1,1,1,1,0,,0,,0,,0,,0,
2025-04-09,LONDON_0800,ORIGINAL_DIRECT_UTC,US30,1744182000,2025-04-09T07:00:00,1744182300,1,1,1,1,0,,0,,0,,0,,0,
2025-04-09,LONDON_0800,NY_CLOSE_BROKER_CONVENTION,US100,1744192800,2025-04-09T10:00:00,1744193100,1,1,1,1,0,,0,,0,,0,,0,
2025-04-09,LONDON_0800,NY_CLOSE_BROKER_CONVENTION,US30,1744192800,2025-04-09T10:00:00,1744193100,1,1,1,1,0,,0,,0,,0,,0,
2025-04-09,NEW_YORK_0930,ORIGINAL_DIRECT_UTC,US100,1744205400,2025-04-09T13:30:00,1744205700,1,1,1,1,0,,0,,0,,0,,0,
2025-04-09,NEW_YORK_0930,ORIGINAL_DIRECT_UTC,US30,1744205400,2025-04-09T13:30:00,1744205700,1,1,1,1,0,,0,,0,,0,,0,
2025-04-09,NEW_YORK_0930,NY_CLOSE_BROKER_CONVENTION,US100,1744216200,2025-04-09T16:30:00,1744216500,1,1,1,1,0,,0,,0,,0,,0,
2025-04-09,NEW_YORK_0930,NY_CLOSE_BROKER_CONVENTION,US30,1744216200,2025-04-09T16:30:00,1744216500,1,1,1,1,0,,0,,0,,0,,0,
2025-04-10,LONDON_0800,ORIGINAL_DIRECT_UTC,US100,1744268400,2025-04-10T07:00:00,1744268700,1,1,1,1,0,,0,,0,,0,,0,
2025-04-10,LONDON_0800,ORIGINAL_DIRECT_UTC,US30,1744268400,2025-04-10T07:00:00,1744268700,1,1,1,1,0,,0,,0,,0,,0,
2025-04-10,LONDON_0800,NY_CLOSE_BROKER_CONVENTION,US100,1744279200,2025-04-10T10:00:00,1744279500,1,1,1,1,0,,0,,0,,0,,0,
2025-04-10,LONDON_0800,NY_CLOSE_BROKER_CONVENTION,US30,1744279200,2025-04-10T10:00:00,1744279500,1,1,1,1,0,,0,,0,,0,,0,
2025-04-10,NEW_YORK_0930,ORIGINAL_DIRECT_UTC,US100,1744291800,2025-04-10T13:30:00,1744292100,1,1,1,1,0,,0,,0,,0,,0,
2025-04-10,NEW_YORK_0930,ORIGINAL_DIRECT_UTC,US30,1744291800,2025-04-10T13:30:00,1744292100,1,1,1,1,0,,0,,0,,0,,0,
2025-04-10,NEW_YORK_0930,NY_CLOSE_BROKER_CONVENTION,US100,1744302600,2025-04-10T16:30:00,1744302900,1,1,1,1,0,,0,,0,,0,,0,
2025-04-10,NEW_YORK_0930,NY_CLOSE_BROKER_CONVENTION,US30,1744302600,2025-04-10T16:30:00,1744302900,1,1,1,1,0,,0,,0,,0,,0,
2025-04-11,LONDON_0800,ORIGINAL_DIRECT_UTC,US100,1744354800,2025-04-11T07:00:00,1744355100,1,1,1,1,0,,0,,0,,0,,0,
2025-04-11,LONDON_0800,ORIGINAL_DIRECT_UTC,US30,1744354800,2025-04-11T07:00:00,1744355100,1,1,1,1,0,,0,,0,,0,,0,
2025-04-11,LONDON_0800,NY_CLOSE_BROKER_CONVENTION,US100,1744365600,2025-04-11T10:00:00,1744365900,1,1,1,1,0,,0,,0,,0,,0,
2025-04-11,LONDON_0800,NY_CLOSE_BROKER_CONVENTION,US30,1744365600,2025-04-11T10:00:00,1744365900,1,1,1,1,0,,0,,0,,0,,0,
2025-04-11,NEW_YORK_0930,ORIGINAL_DIRECT_UTC,US100,1744378200,2025-04-11T13:30:00,1744378500,1,1,1,1,0,,0,,0,,0,,0,
2025-04-11,NEW_YORK_0930,ORIGINAL_DIRECT_UTC,US30,1744378200,2025-04-11T13:30:00,1744378500,1,1,1,1,0,,0,,0,,0,,0,
2025-04-11,NEW_YORK_0930,NY_CLOSE_BROKER_CONVENTION,US100,1744389000,2025-04-11T16:30:00,1744389300,1,1,1,1,0,,0,,0,,0,,0,
2025-04-11,NEW_YORK_0930,NY_CLOSE_BROKER_CONVENTION,US30,1744389000,2025-04-11T16:30:00,1744389300,1,1,1,1,0,,0,,0,,0,,0,
2025-04-14,LONDON_0800,ORIGINAL_DIRECT_UTC,US100,1744614000,2025-04-14T07:00:00,1744614300,1,1,1,1,0,,0,,0,,0,,0,
2025-04-14,LONDON_0800,ORIGINAL_DIRECT_UTC,US30,1744614000,2025-04-14T07:00:00,1744614300,1,1,1,1,0,,0,,0,,0,,0,
2025-04-14,LONDON_0800,NY_CLOSE_BROKER_CONVENTION,US100,1744624800,2025-04-14T10:00:00,1744625100,1,1,1,1,0,,0,,0,,0,,0,
2025-04-14,LONDON_0800,NY_CLOSE_BROKER_CONVENTION,US30,1744624800,2025-04-14T10:00:00,1744625100,1,1,1,1,0,,0,,0,,0,,0,
2025-04-14,NEW_YORK_0930,ORIGINAL_DIRECT_UTC,US100,1744637400,2025-04-14T13:30:00,1744637700,1,1,1,1,0,,0,,0,,0,,0,
2025-04-14,NEW_YORK_0930,ORIGINAL_DIRECT_UTC,US30,1744637400,2025-04-14T13:30:00,1744637700,1,1,1,1,0,,0,,0,,0,,0,
2025-04-14,NEW_YORK_0930,NY_CLOSE_BROKER_CONVENTION,US100,1744648200,2025-04-14T16:30:00,1744648500,1,1,1,1,0,,0,,0,,0,,0,
2025-04-14,NEW_YORK_0930,NY_CLOSE_BROKER_CONVENTION,US30,1744648200,2025-04-14T16:30:00,1744648500,1,1,1,1,0,,0,,0,,0,,0,
2025-04-15,LONDON_0800,ORIGINAL_DIRECT_UTC,US100,1744700400,2025-04-15T07:00:00,1744700700,1,1,1,1,0,,0,,0,,0,,0,
2025-04-15,LONDON_0800,ORIGINAL_DIRECT_UTC,US30,1744700400,2025-04-15T07:00:00,1744700700,1,1,1,1,0,,0,,0,,0,,0,
2025-04-15,LONDON_0800,NY_CLOSE_BROKER_CONVENTION,US100,1744711200,2025-04-15T10:00:00,1744711500,1,1,1,1,0,,0,,0,,0,,0,
2025-04-15,LONDON_0800,NY_CLOSE_BROKER_CONVENTION,US30,1744711200,2025-04-15T10:00:00,1744711500,1,1,1,1,0,,0,,0,,0,,0,
2025-04-15,NEW_YORK_0930,ORIGINAL_DIRECT_UTC,US100,1744723800,2025-04-15T13:30:00,1744724100,1,1,1,1,0,,0,,0,,0,,0,
2025-04-15,NEW_YORK_0930,ORIGINAL_DIRECT_UTC,US30,1744723800,2025-04-15T13:30:00,1744724100,1,1,1,1,0,,0,,0,,0,,0,
2025-04-15,NEW_YORK_0930,NY_CLOSE_BROKER_CONVENTION,US100,1744734600,2025-04-15T16:30:00,1744734900,1,1,1,1,0,,0,,0,,0,,0,
2025-04-15,NEW_YORK_0930,NY_CLOSE_BROKER_CONVENTION,US30,1744734600,2025-04-15T16:30:00,1744734900,1,1,1,1,0,,0,,0,,0,,0,
2025-04-16,LONDON_0800,ORIGINAL_DIRECT_UTC,US100,1744786800,2025-04-16T07:00:00,1744787100,1,1,1,1,0,,0,,0,,0,,0,
2025-04-16,LONDON_0800,ORIGINAL_DIRECT_UTC,US30,1744786800,2025-04-16T07:00:00,1744787100,1,1,1,1,0,,0,,0,,0,,0,
2025-04-16,LONDON_0800,NY_CLOSE_BROKER_CONVENTION,US100,1744797600,2025-04-16T10:00:00,1744797900,1,1,1,1,0,,0,,0,,0,,0,
2025-04-16,LONDON_0800,NY_CLOSE_BROKER_CONVENTION,US30,1744797600,2025-04-16T10:00:00,1744797900,1,1,1,1,0,,0,,0,,0,,0,
2025-04-16,NEW_YORK_0930,ORIGINAL_DIRECT_UTC,US100,1744810200,2025-04-16T13:30:00,1744810500,1,1,1,1,0,,0,,0,,0,,0,
2025-04-16,NEW_YORK_0930,ORIGINAL_DIRECT_UTC,US30,1744810200,2025-04-16T13:30:00,1744810500,1,1,1,1,0,,0,,0,,0,,0,
2025-04-16,NEW_YORK_0930,NY_CLOSE_BROKER_CONVENTION,US100,1744821000,2025-04-16T16:30:00,1744821300,1,1,1,1,0,,0,,0,,0,,0,
2025-04-16,NEW_YORK_0930,NY_CLOSE_BROKER_CONVENTION,US30,1744821000,2025-04-16T16:30:00,1744821300,1,1,1,1,0,,0,,0,,0,,0,
2025-04-17,LONDON_0800,ORIGINAL_DIRECT_UTC,US100,1744873200,2025-04-17T07:00:00,1744873500,1,1,1,1,0,,0,,0,,0,,0,
2025-04-17,LONDON_0800,ORIGINAL_DIRECT_UTC,US30,1744873200,2025-04-17T07:00:00,1744873500,1,1,1,1,0,,0,,0,,0,,0,
2025-04-17,LONDON_0800,NY_CLOSE_BROKER_CONVENTION,US100,1744884000,2025-04-17T10:00:00,1744884300,1,1,1,1,0,,0,,0,,0,,0,
2025-04-17,LONDON_0800,NY_CLOSE_BROKER_CONVENTION,US30,1744884000,2025-04-17T10:00:00,1744884300,1,1,1,1,0,,0,,0,,0,,0,
2025-04-17,NEW_YORK_0930,ORIGINAL_DIRECT_UTC,US100,1744896600,2025-04-17T13:30:00,1744896900,1,1,1,1,0,,0,,0,,0,,0,
2025-04-17,NEW_YORK_0930,ORIGINAL_DIRECT_UTC,US30,1744896600,2025-04-17T13:30:00,1744896900,1,1,1,1,0,,0,,0,,0,,0,
2025-04-17,NEW_YORK_0930,NY_CLOSE_BROKER_CONVENTION,US100,1744907400,2025-04-17T16:30:00,1744907700,1,1,1,1,0,,0,,0,,0,,0,
2025-04-17,NEW_YORK_0930,NY_CLOSE_BROKER_CONVENTION,US30,1744907400,2025-04-17T16:30:00,1744907700,1,1,1,1,0,,0,,0,,0,,0,
2025-04-21,LONDON_0800,ORIGINAL_DIRECT_UTC,US100,1745218800,2025-04-21T07:00:00,1745219100,1,1,1,1,0,,0,,0,,0,,0,
2025-04-21,LONDON_0800,ORIGINAL_DIRECT_UTC,US30,1745218800,2025-04-21T07:00:00,1745219100,1,1,1,1,0,,0,,0,,0,,0,
2025-04-21,LONDON_0800,NY_CLOSE_BROKER_CONVENTION,US100,1745229600,2025-04-21T10:00:00,1745229900,1,1,1,1,0,,0,,0,,0,,0,
2025-04-21,LONDON_0800,NY_CLOSE_BROKER_CONVENTION,US30,1745229600,2025-04-21T10:00:00,1745229900,1,1,1,1,0,,0,,0,,0,,0,
2025-04-21,NEW_YORK_0930,ORIGINAL_DIRECT_UTC,US100,1745242200,2025-04-21T13:30:00,1745242500,1,1,1,1,0,,0,,0,,0,,0,
2025-04-21,NEW_YORK_0930,ORIGINAL_DIRECT_UTC,US30,1745242200,2025-04-21T13:30:00,1745242500,1,1,1,1,0,,0,,0,,0,,0,
2025-04-21,NEW_YORK_0930,NY_CLOSE_BROKER_CONVENTION,US100,1745253000,2025-04-21T16:30:00,1745253300,1,1,1,1,0,,0,,0,,0,,0,
2025-04-21,NEW_YORK_0930,NY_CLOSE_BROKER_CONVENTION,US30,1745253000,2025-04-21T16:30:00,1745253300,1,1,1,1,0,,0,,0,,0,,0,
2025-04-22,LONDON_0800,ORIGINAL_DIRECT_UTC,US100,1745305200,2025-04-22T07:00:00,1745305500,1,1,1,1,0,,0,,0,,0,,0,
2025-04-22,LONDON_0800,ORIGINAL_DIRECT_UTC,US30,1745305200,2025-04-22T07:00:00,1745305500,1,1,1,1,0,,0,,0,,0,,0,
2025-04-22,LONDON_0800,NY_CLOSE_BROKER_CONVENTION,US100,1745316000,2025-04-22T10:00:00,1745316300,1,1,1,1,0,,0,,0,,0,,0,
2025-04-22,LONDON_0800,NY_CLOSE_BROKER_CONVENTION,US30,1745316000,2025-04-22T10:00:00,1745316300,1,1,1,1,0,,0,,0,,0,,0,
2025-04-22,NEW_YORK_0930,ORIGINAL_DIRECT_UTC,US100,1745328600,2025-04-22T13:30:00,1745328900,1,1,1,1,0,,0,,0,,0,,0,
2025-04-22,NEW_YORK_0930,ORIGINAL_DIRECT_UTC,US30,1745328600,2025-04-22T13:30:00,1745328900,1,1,1,1,0,,0,,0,,0,,0,
2025-04-22,NEW_YORK_0930,NY_CLOSE_BROKER_CONVENTION,US100,1745339400,2025-04-22T16:30:00,1745339700,1,1,1,1,0,,0,,0,,0,,0,
2025-04-22,NEW_YORK_0930,NY_CLOSE_BROKER_CONVENTION,US30,1745339400,2025-04-22T16:30:00,1745339700,1,1,1,1,0,,0,,0,,0,,0,
2025-04-23,LONDON_0800,ORIGINAL_DIRECT_UTC,US100,1745391600,2025-04-23T07:00:00,1745391900,1,1,1,1,0,,0,,0,,0,,0,
2025-04-23,LONDON_0800,ORIGINAL_DIRECT_UTC,US30,1745391600,2025-04-23T07:00:00,1745391900,1,1,1,1,0,,0,,0,,0,,0,
2025-04-23,LONDON_0800,NY_CLOSE_BROKER_CONVENTION,US100,1745402400,2025-04-23T10:00:00,1745402700,1,1,1,1,0,,0,,0,,0,,0,
2025-04-23,LONDON_0800,NY_CLOSE_BROKER_CONVENTION,US30,1745402400,2025-04-23T10:00:00,1745402700,1,1,1,1,0,,0,,0,,0,,0,
2025-04-23,NEW_YORK_0930,ORIGINAL_DIRECT_UTC,US100,1745415000,2025-04-23T13:30:00,1745415300,1,1,1,1,0,,0,,0,,0,,0,
2025-04-23,NEW_YORK_0930,ORIGINAL_DIRECT_UTC,US30,1745415000,2025-04-23T13:30:00,1745415300,1,1,1,1,0,,0,,0,,0,,0,
2025-04-23,NEW_YORK_0930,NY_CLOSE_BROKER_CONVENTION,US100,1745425800,2025-04-23T16:30:00,1745426100,1,1,1,1,0,,0,,0,,0,,0,
2025-04-23,NEW_YORK_0930,NY_CLOSE_BROKER_CONVENTION,US30,1745425800,2025-04-23T16:30:00,1745426100,1,1,1,1,0,,0,,0,,0,,0,
2025-04-24,LONDON_0800,ORIGINAL_DIRECT_UTC,US100,1745478000,2025-04-24T07:00:00,1745478300,1,1,1,1,0,,0,,0,,0,,0,
2025-04-24,LONDON_0800,ORIGINAL_DIRECT_UTC,US30,1745478000,2025-04-24T07:00:00,1745478300,1,1,1,1,0,,0,,0,,0,,0,
2025-04-24,LONDON_0800,NY_CLOSE_BROKER_CONVENTION,US100,1745488800,2025-04-24T10:00:00,1745489100,1,1,1,1,0,,0,,0,,0,,0,
2025-04-24,LONDON_0800,NY_CLOSE_BROKER_CONVENTION,US30,1745488800,2025-04-24T10:00:00,1745489100,1,1,1,1,0,,0,,0,,0,,0,
2025-04-24,NEW_YORK_0930,ORIGINAL_DIRECT_UTC,US100,1745501400,2025-04-24T13:30:00,1745501700,1,1,1,1,0,,0,,0,,0,,0,
2025-04-24,NEW_YORK_0930,ORIGINAL_DIRECT_UTC,US30,1745501400,2025-04-24T13:30:00,1745501700,1,1,1,1,0,,0,,0,,0,,0,
2025-04-24,NEW_YORK_0930,NY_CLOSE_BROKER_CONVENTION,US100,1745512200,2025-04-24T16:30:00,1745512500,1,1,1,1,0,,0,,0,,0,,0,
2025-04-24,NEW_YORK_0930,NY_CLOSE_BROKER_CONVENTION,US30,1745512200,2025-04-24T16:30:00,1745512500,1,1,1,1,0,,0,,0,,0,,0,
2025-04-25,LONDON_0800,ORIGINAL_DIRECT_UTC,US100,1745564400,2025-04-25T07:00:00,1745564700,1,1,1,1,0,,0,,0,,0,,0,
2025-04-25,LONDON_0800,ORIGINAL_DIRECT_UTC,US30,1745564400,2025-04-25T07:00:00,1745564700,1,1,1,1,0,,0,,0,,0,,0,
2025-04-25,LONDON_0800,NY_CLOSE_BROKER_CONVENTION,US100,1745575200,2025-04-25T10:00:00,1745575500,1,1,1,1,0,,0,,0,,0,,0,
2025-04-25,LONDON_0800,NY_CLOSE_BROKER_CONVENTION,US30,1745575200,2025-04-25T10:00:00,1745575500,1,1,1,1,0,,0,,0,,0,,0,
2025-04-25,NEW_YORK_0930,ORIGINAL_DIRECT_UTC,US100,1745587800,2025-04-25T13:30:00,1745588100,1,1,1,1,0,,0,,0,,0,,0,
2025-04-25,NEW_YORK_0930,ORIGINAL_DIRECT_UTC,US30,1745587800,2025-04-25T13:30:00,1745588100,1,1,1,1,0,,0,,0,,0,,0,
2025-04-25,NEW_YORK_0930,NY_CLOSE_BROKER_CONVENTION,US100,1745598600,2025-04-25T16:30:00,1745598900,1,1,1,1,0,,0,,0,,0,,0,
2025-04-25,NEW_YORK_0930,NY_CLOSE_BROKER_CONVENTION,US30,1745598600,2025-04-25T16:30:00,1745598900,1,1,1,1,0,,0,,0,,0,,0,
2025-04-28,LONDON_0800,ORIGINAL_DIRECT_UTC,US100,1745823600,2025-04-28T07:00:00,1745823900,1,1,1,1,0,,0,,0,,0,,0,
2025-04-28,LONDON_0800,ORIGINAL_DIRECT_UTC,US30,1745823600,2025-04-28T07:00:00,1745823900,1,1,1,1,0,,0,,0,,0,,0,
2025-04-28,LONDON_0800,NY_CLOSE_BROKER_CONVENTION,US100,1745834400,2025-04-28T10:00:00,1745834700,1,1,1,1,0,,0,,0,,0,,0,
2025-04-28,LONDON_0800,NY_CLOSE_BROKER_CONVENTION,US30,1745834400,2025-04-28T10:00:00,1745834700,1,1,1,1,0,,0,,0,,0,,0,
2025-04-28,NEW_YORK_0930,ORIGINAL_DIRECT_UTC,US100,1745847000,2025-04-28T13:30:00,1745847300,1,1,1,1,0,,0,,0,,0,,0,
2025-04-28,NEW_YORK_0930,ORIGINAL_DIRECT_UTC,US30,1745847000,2025-04-28T13:30:00,1745847300,1,1,1,1,0,,0,,0,,0,,0,
2025-04-28,NEW_YORK_0930,NY_CLOSE_BROKER_CONVENTION,US100,1745857800,2025-04-28T16:30:00,1745858100,1,1,1,1,0,,0,,0,,0,,0,
2025-04-28,NEW_YORK_0930,NY_CLOSE_BROKER_CONVENTION,US30,1745857800,2025-04-28T16:30:00,1745858100,1,1,1,1,0,,0,,0,,0,,0,
2025-04-29,LONDON_0800,ORIGINAL_DIRECT_UTC,US100,1745910000,2025-04-29T07:00:00,1745910300,1,1,1,1,0,,0,,0,,0,,0,
2025-04-29,LONDON_0800,ORIGINAL_DIRECT_UTC,US30,1745910000,2025-04-29T07:00:00,1745910300,1,1,1,1,0,,0,,0,,0,,0,
2025-04-29,LONDON_0800,NY_CLOSE_BROKER_CONVENTION,US100,1745920800,2025-04-29T10:00:00,1745921100,1,1,1,1,0,,0,,0,,0,,0,
2025-04-29,LONDON_0800,NY_CLOSE_BROKER_CONVENTION,US30,1745920800,2025-04-29T10:00:00,1745921100,1,1,1,1,0,,0,,0,,0,,0,
2025-04-29,NEW_YORK_0930,ORIGINAL_DIRECT_UTC,US100,1745933400,2025-04-29T13:30:00,1745933700,1,1,1,1,0,,0,,0,,0,,0,
2025-04-29,NEW_YORK_0930,ORIGINAL_DIRECT_UTC,US30,1745933400,2025-04-29T13:30:00,1745933700,1,1,1,1,0,,0,,0,,0,,0,
2025-04-29,NEW_YORK_0930,NY_CLOSE_BROKER_CONVENTION,US100,1745944200,2025-04-29T16:30:00,1745944500,1,1,1,1,0,,0,,0,,0,,0,
2025-04-29,NEW_YORK_0930,NY_CLOSE_BROKER_CONVENTION,US30,1745944200,2025-04-29T16:30:00,1745944500,1,1,1,1,0,,0,,0,,0,,0,
2025-04-30,LONDON_0800,ORIGINAL_DIRECT_UTC,US100,1745996400,2025-04-30T07:00:00,1745996700,1,1,1,1,0,,0,,0,,0,,0,
2025-04-30,LONDON_0800,ORIGINAL_DIRECT_UTC,US30,1745996400,2025-04-30T07:00:00,1745996700,1,1,1,1,0,,0,,0,,0,,0,
2025-04-30,LONDON_0800,NY_CLOSE_BROKER_CONVENTION,US100,1746007200,2025-04-30T10:00:00,1746007500,1,1,1,1,0,,0,,0,,0,,0,
2025-04-30,LONDON_0800,NY_CLOSE_BROKER_CONVENTION,US30,1746007200,2025-04-30T10:00:00,1746007500,1,1,1,1,0,,0,,0,,0,,0,
2025-04-30,NEW_YORK_0930,ORIGINAL_DIRECT_UTC,US100,1746019800,2025-04-30T13:30:00,1746020100,1,1,1,1,0,,0,,0,,0,,0,
2025-04-30,NEW_YORK_0930,ORIGINAL_DIRECT_UTC,US30,1746019800,2025-04-30T13:30:00,1746020100,1,1,1,1,0,,0,,0,,0,,0,
2025-04-30,NEW_YORK_0930,NY_CLOSE_BROKER_CONVENTION,US100,1746030600,2025-04-30T16:30:00,1746030900,1,1,1,1,0,,0,,0,,0,,0,
2025-04-30,NEW_YORK_0930,NY_CLOSE_BROKER_CONVENTION,US30,1746030600,2025-04-30T16:30:00,1746030900,1,1,1,1,0,,0,,0,,0,,0,
2025-05-01,LONDON_0800,ORIGINAL_DIRECT_UTC,US100,1746082800,2025-05-01T07:00:00,1746083100,1,1,1,1,0,,0,,0,,0,,0,
2025-05-01,LONDON_0800,ORIGINAL_DIRECT_UTC,US30,1746082800,2025-05-01T07:00:00,1746083100,1,1,1,1,0,,0,,0,,0,,0,
2025-05-01,LONDON_0800,NY_CLOSE_BROKER_CONVENTION,US100,1746093600,2025-05-01T10:00:00,1746093900,1,1,1,1,0,,0,,0,,0,,0,
2025-05-01,LONDON_0800,NY_CLOSE_BROKER_CONVENTION,US30,1746093600,2025-05-01T10:00:00,1746093900,1,1,1,1,0,,0,,0,,0,,0,
2025-05-01,NEW_YORK_0930,ORIGINAL_DIRECT_UTC,US100,1746106200,2025-05-01T13:30:00,1746106500,1,1,1,1,0,,0,,0,,0,,0,
2025-05-01,NEW_YORK_0930,ORIGINAL_DIRECT_UTC,US30,1746106200,2025-05-01T13:30:00,1746106500,1,1,1,1,0,,0,,0,,0,,0,
2025-05-01,NEW_YORK_0930,NY_CLOSE_BROKER_CONVENTION,US100,1746117000,2025-05-01T16:30:00,1746117300,1,1,1,1,0,,0,,0,,0,,0,
2025-05-01,NEW_YORK_0930,NY_CLOSE_BROKER_CONVENTION,US30,1746117000,2025-05-01T16:30:00,1746117300,1,1,1,1,0,,0,,0,,0,,0,
2025-05-02,LONDON_0800,ORIGINAL_DIRECT_UTC,US100,1746169200,2025-05-02T07:00:00,1746169500,1,1,1,1,0,,0,,0,,0,,0,
2025-05-02,LONDON_0800,ORIGINAL_DIRECT_UTC,US30,1746169200,2025-05-02T07:00:00,1746169500,1,1,1,1,0,,0,,0,,0,,0,
2025-05-02,LONDON_0800,NY_CLOSE_BROKER_CONVENTION,US100,1746180000,2025-05-02T10:00:00,1746180300,1,1,1,1,0,,0,,0,,0,,0,
2025-05-02,LONDON_0800,NY_CLOSE_BROKER_CONVENTION,US30,1746180000,2025-05-02T10:00:00,1746180300,1,1,1,1,0,,0,,0,,0,,0,
2025-05-02,NEW_YORK_0930,ORIGINAL_DIRECT_UTC,US100,1746192600,2025-05-02T13:30:00,1746192900,1,1,1,1,0,,0,,0,,0,,0,
2025-05-02,NEW_YORK_0930,ORIGINAL_DIRECT_UTC,US30,1746192600,2025-05-02T13:30:00,1746192900,1,1,1,1,0,,0,,0,,0,,0,
2025-05-02,NEW_YORK_0930,NY_CLOSE_BROKER_CONVENTION,US100,1746203400,2025-05-02T16:30:00,1746203700,1,1,1,1,0,,0,,0,,0,,0,
2025-05-02,NEW_YORK_0930,NY_CLOSE_BROKER_CONVENTION,US30,1746203400,2025-05-02T16:30:00,1746203700,1,1,1,1,0,,0,,0,,0,,0,
2025-05-05,LONDON_0800,ORIGINAL_DIRECT_UTC,US100,1746428400,2025-05-05T07:00:00,1746428700,1,1,1,1,0,,0,,0,,0,,0,
2025-05-05,LONDON_0800,ORIGINAL_DIRECT_UTC,US30,1746428400,2025-05-05T07:00:00,1746428700,1,1,1,1,0,,0,,0,,0,,0,
2025-05-05,LONDON_0800,NY_CLOSE_BROKER_CONVENTION,US100,1746439200,2025-05-05T10:00:00,1746439500,1,1,1,1,0,,0,,0,,0,,0,
2025-05-05,LONDON_0800,NY_CLOSE_BROKER_CONVENTION,US30,1746439200,2025-05-05T10:00:00,1746439500,1,1,1,1,0,,0,,0,,0,,0,
2025-05-05,NEW_YORK_0930,ORIGINAL_DIRECT_UTC,US100,1746451800,2025-05-05T13:30:00,1746452100,1,1,1,1,0,,0,,0,,0,,0,
2025-05-05,NEW_YORK_0930,ORIGINAL_DIRECT_UTC,US30,1746451800,2025-05-05T13:30:00,1746452100,1,1,1,1,0,,0,,0,,0,,0,
2025-05-05,NEW_YORK_0930,NY_CLOSE_BROKER_CONVENTION,US100,1746462600,2025-05-05T16:30:00,1746462900,1,1,1,1,0,,0,,0,,0,,0,
2025-05-05,NEW_YORK_0930,NY_CLOSE_BROKER_CONVENTION,US30,1746462600,2025-05-05T16:30:00,1746462900,1,1,1,1,0,,0,,0,,0,,0,
2025-05-06,LONDON_0800,ORIGINAL_DIRECT_UTC,US100,1746514800,2025-05-06T07:00:00,1746515100,1,1,1,1,0,,0,,0,,0,,0,
2025-05-06,LONDON_0800,ORIGINAL_DIRECT_UTC,US30,1746514800,2025-05-06T07:00:00,1746515100,1,1,1,1,0,,0,,0,,0,,0,
2025-05-06,LONDON_0800,NY_CLOSE_BROKER_CONVENTION,US100,1746525600,2025-05-06T10:00:00,1746525900,1,1,1,1,0,,0,,0,,0,,0,
2025-05-06,LONDON_0800,NY_CLOSE_BROKER_CONVENTION,US30,1746525600,2025-05-06T10:00:00,1746525900,1,1,1,1,0,,0,,0,,0,,0,
2025-05-06,NEW_YORK_0930,ORIGINAL_DIRECT_UTC,US100,1746538200,2025-05-06T13:30:00,1746538500,1,1,1,1,0,,0,,0,,0,,0,
2025-05-06,NEW_YORK_0930,ORIGINAL_DIRECT_UTC,US30,1746538200,2025-05-06T13:30:00,1746538500,1,1,1,1,0,,0,,0,,0,,0,
2025-05-06,NEW_YORK_0930,NY_CLOSE_BROKER_CONVENTION,US100,1746549000,2025-05-06T16:30:00,1746549300,1,1,1,1,0,,0,,0,,0,,0,
2025-05-06,NEW_YORK_0930,NY_CLOSE_BROKER_CONVENTION,US30,1746549000,2025-05-06T16:30:00,1746549300,1,1,1,1,0,,0,,0,,0,,0,
2025-05-07,LONDON_0800,ORIGINAL_DIRECT_UTC,US100,1746601200,2025-05-07T07:00:00,1746601500,1,1,1,1,0,,0,,0,,0,,0,
2025-05-07,LONDON_0800,ORIGINAL_DIRECT_UTC,US30,1746601200,2025-05-07T07:00:00,1746601500,1,1,1,1,0,,0,,0,,0,,0,
2025-05-07,LONDON_0800,NY_CLOSE_BROKER_CONVENTION,US100,1746612000,2025-05-07T10:00:00,1746612300,1,1,1,1,0,,0,,0,,0,,0,
2025-05-07,LONDON_0800,NY_CLOSE_BROKER_CONVENTION,US30,1746612000,2025-05-07T10:00:00,1746612300,1,1,1,1,0,,0,,0,,0,,0,
2025-05-07,NEW_YORK_0930,ORIGINAL_DIRECT_UTC,US100,1746624600,2025-05-07T13:30:00,1746624900,1,1,1,1,0,,0,,0,,0,,0,
2025-05-07,NEW_YORK_0930,ORIGINAL_DIRECT_UTC,US30,1746624600,2025-05-07T13:30:00,1746624900,1,1,1,1,0,,0,,0,,0,,0,
2025-05-07,NEW_YORK_0930,NY_CLOSE_BROKER_CONVENTION,US100,1746635400,2025-05-07T16:30:00,1746635700,1,1,1,1,0,,0,,0,,0,,0,
2025-05-07,NEW_YORK_0930,NY_CLOSE_BROKER_CONVENTION,US30,1746635400,2025-05-07T16:30:00,1746635700,1,1,1,1,0,,0,,0,,0,,0,
2025-05-08,LONDON_0800,ORIGINAL_DIRECT_UTC,US100,1746687600,2025-05-08T07:00:00,1746687900,1,1,1,1,0,,0,,0,,0,,0,
2025-05-08,LONDON_0800,ORIGINAL_DIRECT_UTC,US30,1746687600,2025-05-08T07:00:00,1746687900,1,1,1,1,0,,0,,0,,0,,0,
2025-05-08,LONDON_0800,NY_CLOSE_BROKER_CONVENTION,US100,1746698400,2025-05-08T10:00:00,1746698700,1,1,1,1,0,,0,,0,,0,,0,
2025-05-08,LONDON_0800,NY_CLOSE_BROKER_CONVENTION,US30,1746698400,2025-05-08T10:00:00,1746698700,1,1,1,1,0,,0,,0,,0,,0,
2025-05-08,NEW_YORK_0930,ORIGINAL_DIRECT_UTC,US100,1746711000,2025-05-08T13:30:00,1746711300,1,1,1,1,0,,0,,0,,0,,0,
2025-05-08,NEW_YORK_0930,ORIGINAL_DIRECT_UTC,US30,1746711000,2025-05-08T13:30:00,1746711300,1,1,1,1,0,,0,,0,,0,,0,
2025-05-08,NEW_YORK_0930,NY_CLOSE_BROKER_CONVENTION,US100,1746721800,2025-05-08T16:30:00,1746722100,1,1,1,1,0,,0,,0,,0,,0,
2025-05-08,NEW_YORK_0930,NY_CLOSE_BROKER_CONVENTION,US30,1746721800,2025-05-08T16:30:00,1746722100,1,1,1,1,0,,0,,0,,0,,0,
2025-05-09,LONDON_0800,ORIGINAL_DIRECT_UTC,US100,1746774000,2025-05-09T07:00:00,1746774300,1,1,1,1,0,,0,,0,,0,,0,
2025-05-09,LONDON_0800,ORIGINAL_DIRECT_UTC,US30,1746774000,2025-05-09T07:00:00,1746774300,1,1,1,1,0,,0,,0,,0,,0,
2025-05-09,LONDON_0800,NY_CLOSE_BROKER_CONVENTION,US100,1746784800,2025-05-09T10:00:00,1746785100,1,1,1,1,0,,0,,0,,0,,0,
2025-05-09,LONDON_0800,NY_CLOSE_BROKER_CONVENTION,US30,1746784800,2025-05-09T10:00:00,1746785100,1,1,1,1,0,,0,,0,,0,,0,
2025-05-09,NEW_YORK_0930,ORIGINAL_DIRECT_UTC,US100,1746797400,2025-05-09T13:30:00,1746797700,1,1,1,1,0,,0,,0,,0,,0,
2025-05-09,NEW_YORK_0930,ORIGINAL_DIRECT_UTC,US30,1746797400,2025-05-09T13:30:00,1746797700,1,1,1,1,0,,0,,0,,0,,0,
2025-05-09,NEW_YORK_0930,NY_CLOSE_BROKER_CONVENTION,US100,1746808200,2025-05-09T16:30:00,1746808500,1,1,1,1,0,,0,,0,,0,,0,
2025-05-09,NEW_YORK_0930,NY_CLOSE_BROKER_CONVENTION,US30,1746808200,2025-05-09T16:30:00,1746808500,1,1,1,1,0,,0,,0,,0,,0,
2025-05-12,LONDON_0800,ORIGINAL_DIRECT_UTC,US100,1747033200,2025-05-12T07:00:00,1747033500,1,1,1,1,0,,0,,0,,0,,0,
2025-05-12,LONDON_0800,ORIGINAL_DIRECT_UTC,US30,1747033200,2025-05-12T07:00:00,1747033500,1,1,1,1,0,,0,,0,,0,,0,
2025-05-12,LONDON_0800,NY_CLOSE_BROKER_CONVENTION,US100,1747044000,2025-05-12T10:00:00,1747044300,1,1,1,1,0,,0,,0,,0,,0,
2025-05-12,LONDON_0800,NY_CLOSE_BROKER_CONVENTION,US30,1747044000,2025-05-12T10:00:00,1747044300,1,1,1,1,0,,0,,0,,0,,0,
2025-05-12,NEW_YORK_0930,ORIGINAL_DIRECT_UTC,US100,1747056600,2025-05-12T13:30:00,1747056900,1,1,1,1,0,,0,,0,,0,,0,
2025-05-12,NEW_YORK_0930,ORIGINAL_DIRECT_UTC,US30,1747056600,2025-05-12T13:30:00,1747056900,1,1,1,1,0,,0,,0,,0,,0,
2025-05-12,NEW_YORK_0930,NY_CLOSE_BROKER_CONVENTION,US100,1747067400,2025-05-12T16:30:00,1747067700,1,1,1,1,0,,0,,0,,0,,0,
2025-05-12,NEW_YORK_0930,NY_CLOSE_BROKER_CONVENTION,US30,1747067400,2025-05-12T16:30:00,1747067700,1,1,1,1,0,,0,,0,,0,,0,
2025-05-13,LONDON_0800,ORIGINAL_DIRECT_UTC,US100,1747119600,2025-05-13T07:00:00,1747119900,1,1,1,1,0,,0,,0,,0,,0,
2025-05-13,LONDON_0800,ORIGINAL_DIRECT_UTC,US30,1747119600,2025-05-13T07:00:00,1747119900,1,1,1,1,0,,0,,0,,0,,0,
2025-05-13,LONDON_0800,NY_CLOSE_BROKER_CONVENTION,US100,1747130400,2025-05-13T10:00:00,1747130700,1,1,1,1,0,,0,,0,,0,,0,
2025-05-13,LONDON_0800,NY_CLOSE_BROKER_CONVENTION,US30,1747130400,2025-05-13T10:00:00,1747130700,1,1,1,1,0,,0,,0,,0,,0,
2025-05-13,NEW_YORK_0930,ORIGINAL_DIRECT_UTC,US100,1747143000,2025-05-13T13:30:00,1747143300,1,1,1,1,0,,0,,0,,0,,0,
2025-05-13,NEW_YORK_0930,ORIGINAL_DIRECT_UTC,US30,1747143000,2025-05-13T13:30:00,1747143300,1,1,1,1,0,,0,,0,,0,,0,
2025-05-13,NEW_YORK_0930,NY_CLOSE_BROKER_CONVENTION,US100,1747153800,2025-05-13T16:30:00,1747154100,1,1,1,1,0,,0,,0,,0,,0,
2025-05-13,NEW_YORK_0930,NY_CLOSE_BROKER_CONVENTION,US30,1747153800,2025-05-13T16:30:00,1747154100,1,1,1,1,0,,0,,0,,0,,0,
2025-05-14,LONDON_0800,ORIGINAL_DIRECT_UTC,US100,1747206000,2025-05-14T07:00:00,1747206300,1,1,1,1,0,,0,,0,,0,,0,
2025-05-14,LONDON_0800,ORIGINAL_DIRECT_UTC,US30,1747206000,2025-05-14T07:00:00,1747206300,1,1,1,1,0,,0,,0,,0,,0,
2025-05-14,LONDON_0800,NY_CLOSE_BROKER_CONVENTION,US100,1747216800,2025-05-14T10:00:00,1747217100,1,1,1,1,0,,0,,0,,0,,0,
2025-05-14,LONDON_0800,NY_CLOSE_BROKER_CONVENTION,US30,1747216800,2025-05-14T10:00:00,1747217100,1,1,1,1,0,,0,,0,,0,,0,
2025-05-14,NEW_YORK_0930,ORIGINAL_DIRECT_UTC,US100,1747229400,2025-05-14T13:30:00,1747229700,1,1,1,1,0,,0,,0,,0,,0,
2025-05-14,NEW_YORK_0930,ORIGINAL_DIRECT_UTC,US30,1747229400,2025-05-14T13:30:00,1747229700,1,1,1,1,0,,0,,0,,0,,0,
2025-05-14,NEW_YORK_0930,NY_CLOSE_BROKER_CONVENTION,US100,1747240200,2025-05-14T16:30:00,1747240500,1,1,1,1,0,,0,,0,,0,,0,
2025-05-14,NEW_YORK_0930,NY_CLOSE_BROKER_CONVENTION,US30,1747240200,2025-05-14T16:30:00,1747240500,1,1,1,1,0,,0,,0,,0,,0,
2025-05-15,LONDON_0800,ORIGINAL_DIRECT_UTC,US100,1747292400,2025-05-15T07:00:00,1747292700,1,1,1,1,0,,0,,0,,0,,0,
2025-05-15,LONDON_0800,ORIGINAL_DIRECT_UTC,US30,1747292400,2025-05-15T07:00:00,1747292700,1,1,1,1,0,,0,,0,,0,,0,
2025-05-15,LONDON_0800,NY_CLOSE_BROKER_CONVENTION,US100,1747303200,2025-05-15T10:00:00,1747303500,1,1,1,1,0,,0,,0,,0,,0,
2025-05-15,LONDON_0800,NY_CLOSE_BROKER_CONVENTION,US30,1747303200,2025-05-15T10:00:00,1747303500,1,1,1,1,0,,0,,0,,0,,0,
2025-05-15,NEW_YORK_0930,ORIGINAL_DIRECT_UTC,US100,1747315800,2025-05-15T13:30:00,1747316100,1,1,1,1,0,,0,,0,,0,,0,
2025-05-15,NEW_YORK_0930,ORIGINAL_DIRECT_UTC,US30,1747315800,2025-05-15T13:30:00,1747316100,1,1,1,1,0,,0,,0,,0,,0,
2025-05-15,NEW_YORK_0930,NY_CLOSE_BROKER_CONVENTION,US100,1747326600,2025-05-15T16:30:00,1747326900,1,1,1,1,0,,0,,0,,0,,0,
2025-05-15,NEW_YORK_0930,NY_CLOSE_BROKER_CONVENTION,US30,1747326600,2025-05-15T16:30:00,1747326900,1,1,1,1,0,,0,,0,,0,,0,
2025-05-16,LONDON_0800,ORIGINAL_DIRECT_UTC,US100,1747378800,2025-05-16T07:00:00,1747379100,1,1,1,1,0,,0,,0,,0,,0,
2025-05-16,LONDON_0800,ORIGINAL_DIRECT_UTC,US30,1747378800,2025-05-16T07:00:00,1747379100,1,1,1,1,0,,0,,0,,0,,0,
2025-05-16,LONDON_0800,NY_CLOSE_BROKER_CONVENTION,US100,1747389600,2025-05-16T10:00:00,1747389900,1,1,1,1,0,,0,,0,,0,,0,
2025-05-16,LONDON_0800,NY_CLOSE_BROKER_CONVENTION,US30,1747389600,2025-05-16T10:00:00,1747389900,1,1,1,1,0,,0,,0,,0,,0,
2025-05-16,NEW_YORK_0930,ORIGINAL_DIRECT_UTC,US100,1747402200,2025-05-16T13:30:00,1747402500,1,1,1,1,0,,0,,0,,0,,0,
2025-05-16,NEW_YORK_0930,ORIGINAL_DIRECT_UTC,US30,1747402200,2025-05-16T13:30:00,1747402500,1,1,1,1,0,,0,,0,,0,,0,
2025-05-16,NEW_YORK_0930,NY_CLOSE_BROKER_CONVENTION,US100,1747413000,2025-05-16T16:30:00,1747413300,1,1,1,1,0,,0,,0,,0,,0,
2025-05-16,NEW_YORK_0930,NY_CLOSE_BROKER_CONVENTION,US30,1747413000,2025-05-16T16:30:00,1747413300,1,1,1,1,0,,0,,0,,0,,0,
2025-05-19,LONDON_0800,ORIGINAL_DIRECT_UTC,US100,1747638000,2025-05-19T07:00:00,1747638300,1,1,1,1,0,,0,,0,,0,,0,
2025-05-19,LONDON_0800,ORIGINAL_DIRECT_UTC,US30,1747638000,2025-05-19T07:00:00,1747638300,1,1,1,1,0,,0,,0,,0,,0,
2025-05-19,LONDON_0800,NY_CLOSE_BROKER_CONVENTION,US100,1747648800,2025-05-19T10:00:00,1747649100,1,1,1,1,0,,0,,0,,0,,0,
2025-05-19,LONDON_0800,NY_CLOSE_BROKER_CONVENTION,US30,1747648800,2025-05-19T10:00:00,1747649100,1,1,1,1,0,,0,,0,,0,,0,
2025-05-19,NEW_YORK_0930,ORIGINAL_DIRECT_UTC,US100,1747661400,2025-05-19T13:30:00,1747661700,1,1,1,1,0,,0,,0,,0,,0,
2025-05-19,NEW_YORK_0930,ORIGINAL_DIRECT_UTC,US30,1747661400,2025-05-19T13:30:00,1747661700,1,1,1,1,0,,0,,0,,0,,0,
2025-05-19,NEW_YORK_0930,NY_CLOSE_BROKER_CONVENTION,US100,1747672200,2025-05-19T16:30:00,1747672500,1,1,1,1,0,,0,,0,,0,,0,
2025-05-19,NEW_YORK_0930,NY_CLOSE_BROKER_CONVENTION,US30,1747672200,2025-05-19T16:30:00,1747672500,1,1,1,1,0,,0,,0,,0,,0,
2025-05-20,LONDON_0800,ORIGINAL_DIRECT_UTC,US100,1747724400,2025-05-20T07:00:00,1747724700,1,1,1,1,0,,0,,0,,0,,0,
2025-05-20,LONDON_0800,ORIGINAL_DIRECT_UTC,US30,1747724400,2025-05-20T07:00:00,1747724700,1,1,1,1,0,,0,,0,,0,,0,
2025-05-20,LONDON_0800,NY_CLOSE_BROKER_CONVENTION,US100,1747735200,2025-05-20T10:00:00,1747735500,1,1,1,1,0,,0,,0,,0,,0,
2025-05-20,LONDON_0800,NY_CLOSE_BROKER_CONVENTION,US30,1747735200,2025-05-20T10:00:00,1747735500,1,1,1,1,0,,0,,0,,0,,0,
2025-05-20,NEW_YORK_0930,ORIGINAL_DIRECT_UTC,US100,1747747800,2025-05-20T13:30:00,1747748100,1,1,1,1,0,,0,,0,,0,,0,
2025-05-20,NEW_YORK_0930,ORIGINAL_DIRECT_UTC,US30,1747747800,2025-05-20T13:30:00,1747748100,1,1,1,1,0,,0,,0,,0,,0,
2025-05-20,NEW_YORK_0930,NY_CLOSE_BROKER_CONVENTION,US100,1747758600,2025-05-20T16:30:00,1747758900,1,1,1,1,0,,0,,0,,0,,0,
2025-05-20,NEW_YORK_0930,NY_CLOSE_BROKER_CONVENTION,US30,1747758600,2025-05-20T16:30:00,1747758900,1,1,1,1,0,,0,,0,,0,,0,
2025-05-21,LONDON_0800,ORIGINAL_DIRECT_UTC,US100,1747810800,2025-05-21T07:00:00,1747811100,1,1,1,1,0,,0,,0,,0,,0,
2025-05-21,LONDON_0800,ORIGINAL_DIRECT_UTC,US30,1747810800,2025-05-21T07:00:00,1747811100,1,1,1,1,0,,0,,0,,0,,0,
2025-05-21,LONDON_0800,NY_CLOSE_BROKER_CONVENTION,US100,1747821600,2025-05-21T10:00:00,1747821900,1,1,1,1,0,,0,,0,,0,,0,
2025-05-21,LONDON_0800,NY_CLOSE_BROKER_CONVENTION,US30,1747821600,2025-05-21T10:00:00,1747821900,1,1,1,1,0,,0,,0,,0,,0,
2025-05-21,NEW_YORK_0930,ORIGINAL_DIRECT_UTC,US100,1747834200,2025-05-21T13:30:00,1747834500,1,1,1,1,0,,0,,0,,0,,0,
2025-05-21,NEW_YORK_0930,ORIGINAL_DIRECT_UTC,US30,1747834200,2025-05-21T13:30:00,1747834500,1,1,1,1,0,,0,,0,,0,,0,
2025-05-21,NEW_YORK_0930,NY_CLOSE_BROKER_CONVENTION,US100,1747845000,2025-05-21T16:30:00,1747845300,1,1,1,1,0,,0,,0,,0,,0,
2025-05-21,NEW_YORK_0930,NY_CLOSE_BROKER_CONVENTION,US30,1747845000,2025-05-21T16:30:00,1747845300,1,1,1,1,0,,0,,0,,0,,0,
2025-05-22,LONDON_0800,ORIGINAL_DIRECT_UTC,US100,1747897200,2025-05-22T07:00:00,1747897500,1,1,1,1,0,,0,,0,,0,,0,
2025-05-22,LONDON_0800,ORIGINAL_DIRECT_UTC,US30,1747897200,2025-05-22T07:00:00,1747897500,1,1,1,1,0,,0,,0,,0,,0,
2025-05-22,LONDON_0800,NY_CLOSE_BROKER_CONVENTION,US100,1747908000,2025-05-22T10:00:00,1747908300,1,1,1,1,0,,0,,0,,0,,0,
2025-05-22,LONDON_0800,NY_CLOSE_BROKER_CONVENTION,US30,1747908000,2025-05-22T10:00:00,1747908300,1,1,1,1,0,,0,,0,,0,,0,
2025-05-22,NEW_YORK_0930,ORIGINAL_DIRECT_UTC,US100,1747920600,2025-05-22T13:30:00,1747920900,1,1,1,1,0,,0,,0,,0,,0,
2025-05-22,NEW_YORK_0930,ORIGINAL_DIRECT_UTC,US30,1747920600,2025-05-22T13:30:00,1747920900,1,1,1,1,0,,0,,0,,0,,0,
2025-05-22,NEW_YORK_0930,NY_CLOSE_BROKER_CONVENTION,US100,1747931400,2025-05-22T16:30:00,1747931700,1,1,1,1,0,,0,,0,,0,,0,
2025-05-22,NEW_YORK_0930,NY_CLOSE_BROKER_CONVENTION,US30,1747931400,2025-05-22T16:30:00,1747931700,1,1,1,1,0,,0,,0,,0,,0,
2025-05-23,LONDON_0800,ORIGINAL_DIRECT_UTC,US100,1747983600,2025-05-23T07:00:00,1747983900,1,1,1,1,0,,0,,0,,0,,0,
2025-05-23,LONDON_0800,ORIGINAL_DIRECT_UTC,US30,1747983600,2025-05-23T07:00:00,1747983900,1,1,1,1,0,,0,,0,,0,,0,
2025-05-23,LONDON_0800,NY_CLOSE_BROKER_CONVENTION,US100,1747994400,2025-05-23T10:00:00,1747994700,1,1,1,1,0,,0,,0,,0,,0,
2025-05-23,LONDON_0800,NY_CLOSE_BROKER_CONVENTION,US30,1747994400,2025-05-23T10:00:00,1747994700,1,1,1,1,0,,0,,0,,0,,0,
2025-05-23,NEW_YORK_0930,ORIGINAL_DIRECT_UTC,US100,1748007000,2025-05-23T13:30:00,1748007300,1,1,1,1,0,,0,,0,,0,,0,
2025-05-23,NEW_YORK_0930,ORIGINAL_DIRECT_UTC,US30,1748007000,2025-05-23T13:30:00,1748007300,1,1,1,1,0,,0,,0,,0,,0,
2025-05-23,NEW_YORK_0930,NY_CLOSE_BROKER_CONVENTION,US100,1748017800,2025-05-23T16:30:00,1748018100,1,1,1,1,0,,0,,0,,0,,0,
2025-05-23,NEW_YORK_0930,NY_CLOSE_BROKER_CONVENTION,US30,1748017800,2025-05-23T16:30:00,1748018100,1,1,1,1,0,,0,,0,,0,,0,
2025-05-26,LONDON_0800,ORIGINAL_DIRECT_UTC,US100,1748242800,2025-05-26T07:00:00,1748243100,1,1,1,1,0,,0,,0,,0,,0,
2025-05-26,LONDON_0800,ORIGINAL_DIRECT_UTC,US30,1748242800,2025-05-26T07:00:00,1748243100,1,1,1,1,0,,0,,0,,0,,0,
2025-05-26,LONDON_0800,NY_CLOSE_BROKER_CONVENTION,US100,1748253600,2025-05-26T10:00:00,1748253900,1,1,1,1,0,,0,,0,,0,,0,
2025-05-26,LONDON_0800,NY_CLOSE_BROKER_CONVENTION,US30,1748253600,2025-05-26T10:00:00,1748253900,1,1,1,1,0,,0,,0,,0,,0,
2025-05-26,NEW_YORK_0930,ORIGINAL_DIRECT_UTC,US100,1748266200,2025-05-26T13:30:00,1748266500,1,1,1,1,0,,0,,0,,0,,0,
2025-05-26,NEW_YORK_0930,ORIGINAL_DIRECT_UTC,US30,1748266200,2025-05-26T13:30:00,1748266500,1,1,1,1,0,,0,,0,,0,,0,
2025-05-26,NEW_YORK_0930,NY_CLOSE_BROKER_CONVENTION,US100,1748277000,2025-05-26T16:30:00,1748277300,1,1,1,1,0,,0,,0,,0,,0,
2025-05-26,NEW_YORK_0930,NY_CLOSE_BROKER_CONVENTION,US30,1748277000,2025-05-26T16:30:00,1748277300,1,1,1,1,0,,0,,0,,0,,0,
2025-05-27,LONDON_0800,ORIGINAL_DIRECT_UTC,US100,1748329200,2025-05-27T07:00:00,1748329500,1,1,1,1,0,,0,,0,,0,,0,
2025-05-27,LONDON_0800,ORIGINAL_DIRECT_UTC,US30,1748329200,2025-05-27T07:00:00,1748329500,1,1,1,1,0,,0,,0,,0,,0,
2025-05-27,LONDON_0800,NY_CLOSE_BROKER_CONVENTION,US100,1748340000,2025-05-27T10:00:00,1748340300,1,1,1,1,0,,0,,0,,0,,0,
2025-05-27,LONDON_0800,NY_CLOSE_BROKER_CONVENTION,US30,1748340000,2025-05-27T10:00:00,1748340300,1,1,1,1,0,,0,,0,,0,,0,
2025-05-27,NEW_YORK_0930,ORIGINAL_DIRECT_UTC,US100,1748352600,2025-05-27T13:30:00,1748352900,1,1,1,1,0,,0,,0,,0,,0,
2025-05-27,NEW_YORK_0930,ORIGINAL_DIRECT_UTC,US30,1748352600,2025-05-27T13:30:00,1748352900,1,1,1,1,0,,0,,0,,0,,0,
2025-05-27,NEW_YORK_0930,NY_CLOSE_BROKER_CONVENTION,US100,1748363400,2025-05-27T16:30:00,1748363700,1,1,1,1,0,,0,,0,,0,,0,
2025-05-27,NEW_YORK_0930,NY_CLOSE_BROKER_CONVENTION,US30,1748363400,2025-05-27T16:30:00,1748363700,1,1,1,1,0,,0,,0,,0,,0,
2025-05-28,LONDON_0800,ORIGINAL_DIRECT_UTC,US100,1748415600,2025-05-28T07:00:00,1748415900,1,1,1,1,0,,0,,0,,0,,0,
2025-05-28,LONDON_0800,ORIGINAL_DIRECT_UTC,US30,1748415600,2025-05-28T07:00:00,1748415900,1,1,1,1,0,,0,,0,,0,,0,
2025-05-28,LONDON_0800,NY_CLOSE_BROKER_CONVENTION,US100,1748426400,2025-05-28T10:00:00,1748426700,1,1,1,1,0,,0,,0,,0,,0,
2025-05-28,LONDON_0800,NY_CLOSE_BROKER_CONVENTION,US30,1748426400,2025-05-28T10:00:00,1748426700,1,1,1,1,0,,0,,0,,0,,0,
2025-05-28,NEW_YORK_0930,ORIGINAL_DIRECT_UTC,US100,1748439000,2025-05-28T13:30:00,1748439300,1,1,1,1,0,,0,,0,,0,,0,
2025-05-28,NEW_YORK_0930,ORIGINAL_DIRECT_UTC,US30,1748439000,2025-05-28T13:30:00,1748439300,1,1,1,1,0,,0,,0,,0,,0,
2025-05-28,NEW_YORK_0930,NY_CLOSE_BROKER_CONVENTION,US100,1748449800,2025-05-28T16:30:00,1748450100,1,1,1,1,0,,0,,0,,0,,0,
2025-05-28,NEW_YORK_0930,NY_CLOSE_BROKER_CONVENTION,US30,1748449800,2025-05-28T16:30:00,1748450100,1,1,1,1,0,,0,,0,,0,,0,
2025-05-29,LONDON_0800,ORIGINAL_DIRECT_UTC,US100,1748502000,2025-05-29T07:00:00,1748502300,1,1,1,1,0,,0,,0,,0,,0,
2025-05-29,LONDON_0800,ORIGINAL_DIRECT_UTC,US30,1748502000,2025-05-29T07:00:00,1748502300,1,1,1,1,0,,0,,0,,0,,0,
2025-05-29,LONDON_0800,NY_CLOSE_BROKER_CONVENTION,US100,1748512800,2025-05-29T10:00:00,1748513100,1,1,1,1,0,,0,,0,,0,,0,
2025-05-29,LONDON_0800,NY_CLOSE_BROKER_CONVENTION,US30,1748512800,2025-05-29T10:00:00,1748513100,1,1,1,1,0,,0,,0,,0,,0,
2025-05-29,NEW_YORK_0930,ORIGINAL_DIRECT_UTC,US100,1748525400,2025-05-29T13:30:00,1748525700,1,1,1,1,0,,0,,0,,0,,0,
2025-05-29,NEW_YORK_0930,ORIGINAL_DIRECT_UTC,US30,1748525400,2025-05-29T13:30:00,1748525700,1,1,1,1,0,,0,,0,,0,,0,
2025-05-29,NEW_YORK_0930,NY_CLOSE_BROKER_CONVENTION,US100,1748536200,2025-05-29T16:30:00,1748536500,1,1,1,1,0,,0,,0,,0,,0,
2025-05-29,NEW_YORK_0930,NY_CLOSE_BROKER_CONVENTION,US30,1748536200,2025-05-29T16:30:00,1748536500,1,1,1,1,0,,0,,0,,0,,0,
2025-05-30,LONDON_0800,ORIGINAL_DIRECT_UTC,US100,1748588400,2025-05-30T07:00:00,1748588700,1,1,1,1,0,,0,,0,,0,,0,
2025-05-30,LONDON_0800,ORIGINAL_DIRECT_UTC,US30,1748588400,2025-05-30T07:00:00,1748588700,1,1,1,1,0,,0,,0,,0,,0,
2025-05-30,LONDON_0800,NY_CLOSE_BROKER_CONVENTION,US100,1748599200,2025-05-30T10:00:00,1748599500,1,1,1,1,0,,0,,0,,0,,0,
2025-05-30,LONDON_0800,NY_CLOSE_BROKER_CONVENTION,US30,1748599200,2025-05-30T10:00:00,1748599500,1,1,1,1,0,,0,,0,,0,,0,
2025-05-30,NEW_YORK_0930,ORIGINAL_DIRECT_UTC,US100,1748611800,2025-05-30T13:30:00,1748612100,1,1,1,1,0,,0,,0,,0,,0,
2025-05-30,NEW_YORK_0930,ORIGINAL_DIRECT_UTC,US30,1748611800,2025-05-30T13:30:00,1748612100,1,1,1,1,0,,0,,0,,0,,0,
2025-05-30,NEW_YORK_0930,NY_CLOSE_BROKER_CONVENTION,US100,1748622600,2025-05-30T16:30:00,1748622900,1,1,1,1,0,,0,,0,,0,,0,
2025-05-30,NEW_YORK_0930,NY_CLOSE_BROKER_CONVENTION,US30,1748622600,2025-05-30T16:30:00,1748622900,1,1,1,1,0,,0,,0,,0,,0,
2025-06-02,LONDON_0800,ORIGINAL_DIRECT_UTC,US100,1748847600,2025-06-02T07:00:00,1748847900,1,1,1,1,0,,0,,0,,0,,0,
2025-06-02,LONDON_0800,ORIGINAL_DIRECT_UTC,US30,1748847600,2025-06-02T07:00:00,1748847900,1,1,1,1,0,,0,,0,,0,,0,
2025-06-02,LONDON_0800,NY_CLOSE_BROKER_CONVENTION,US100,1748858400,2025-06-02T10:00:00,1748858700,1,1,1,1,0,,0,,0,,0,,0,
2025-06-02,LONDON_0800,NY_CLOSE_BROKER_CONVENTION,US30,1748858400,2025-06-02T10:00:00,1748858700,1,1,1,1,0,,0,,0,,0,,0,
2025-06-02,NEW_YORK_0930,ORIGINAL_DIRECT_UTC,US100,1748871000,2025-06-02T13:30:00,1748871300,1,1,1,1,0,,0,,0,,0,,0,
2025-06-02,NEW_YORK_0930,ORIGINAL_DIRECT_UTC,US30,1748871000,2025-06-02T13:30:00,1748871300,1,1,1,1,0,,0,,0,,0,,0,
2025-06-02,NEW_YORK_0930,NY_CLOSE_BROKER_CONVENTION,US100,1748881800,2025-06-02T16:30:00,1748882100,1,1,1,1,0,,0,,0,,0,,0,
2025-06-02,NEW_YORK_0930,NY_CLOSE_BROKER_CONVENTION,US30,1748881800,2025-06-02T16:30:00,1748882100,1,1,1,1,0,,0,,0,,0,,0,
2025-06-03,LONDON_0800,ORIGINAL_DIRECT_UTC,US100,1748934000,2025-06-03T07:00:00,1748934300,1,1,1,1,0,,0,,0,,0,,0,
2025-06-03,LONDON_0800,ORIGINAL_DIRECT_UTC,US30,1748934000,2025-06-03T07:00:00,1748934300,1,1,1,1,0,,0,,0,,0,,0,
2025-06-03,LONDON_0800,NY_CLOSE_BROKER_CONVENTION,US100,1748944800,2025-06-03T10:00:00,1748945100,1,1,1,1,0,,0,,0,,0,,0,
2025-06-03,LONDON_0800,NY_CLOSE_BROKER_CONVENTION,US30,1748944800,2025-06-03T10:00:00,1748945100,1,1,1,1,0,,0,,0,,0,,0,
2025-06-03,NEW_YORK_0930,ORIGINAL_DIRECT_UTC,US100,1748957400,2025-06-03T13:30:00,1748957700,1,1,1,1,0,,0,,0,,0,,0,
2025-06-03,NEW_YORK_0930,ORIGINAL_DIRECT_UTC,US30,1748957400,2025-06-03T13:30:00,1748957700,1,1,1,1,0,,0,,0,,0,,0,
2025-06-03,NEW_YORK_0930,NY_CLOSE_BROKER_CONVENTION,US100,1748968200,2025-06-03T16:30:00,1748968500,1,1,1,1,0,,0,,0,,0,,0,
2025-06-03,NEW_YORK_0930,NY_CLOSE_BROKER_CONVENTION,US30,1748968200,2025-06-03T16:30:00,1748968500,1,1,1,1,0,,0,,0,,0,,0,
2025-06-04,LONDON_0800,ORIGINAL_DIRECT_UTC,US100,1749020400,2025-06-04T07:00:00,1749020700,1,1,1,1,0,,0,,0,,0,,0,
2025-06-04,LONDON_0800,ORIGINAL_DIRECT_UTC,US30,1749020400,2025-06-04T07:00:00,1749020700,1,1,1,1,0,,0,,0,,0,,0,
2025-06-04,LONDON_0800,NY_CLOSE_BROKER_CONVENTION,US100,1749031200,2025-06-04T10:00:00,1749031500,1,1,1,1,0,,0,,0,,0,,0,
2025-06-04,LONDON_0800,NY_CLOSE_BROKER_CONVENTION,US30,1749031200,2025-06-04T10:00:00,1749031500,1,1,1,1,0,,0,,0,,0,,0,
2025-06-04,NEW_YORK_0930,ORIGINAL_DIRECT_UTC,US100,1749043800,2025-06-04T13:30:00,1749044100,1,1,1,1,0,,0,,0,,0,,0,
2025-06-04,NEW_YORK_0930,ORIGINAL_DIRECT_UTC,US30,1749043800,2025-06-04T13:30:00,1749044100,1,1,1,1,0,,0,,0,,0,,0,
2025-06-04,NEW_YORK_0930,NY_CLOSE_BROKER_CONVENTION,US100,1749054600,2025-06-04T16:30:00,1749054900,1,1,1,1,0,,0,,0,,0,,0,
2025-06-04,NEW_YORK_0930,NY_CLOSE_BROKER_CONVENTION,US30,1749054600,2025-06-04T16:30:00,1749054900,1,1,1,1,0,,0,,0,,0,,0,
2025-06-05,LONDON_0800,ORIGINAL_DIRECT_UTC,US100,1749106800,2025-06-05T07:00:00,1749107100,1,1,1,1,0,,0,,0,,0,,0,
2025-06-05,LONDON_0800,ORIGINAL_DIRECT_UTC,US30,1749106800,2025-06-05T07:00:00,1749107100,1,1,0,0,0,,0,,0,,1,49,0,
2025-06-05,LONDON_0800,NY_CLOSE_BROKER_CONVENTION,US100,1749117600,2025-06-05T10:00:00,1749117900,1,1,1,1,0,,0,,0,,0,,0,
2025-06-05,LONDON_0800,NY_CLOSE_BROKER_CONVENTION,US30,1749117600,2025-06-05T10:00:00,1749117900,1,1,1,1,0,,0,,0,,0,,0,
2025-06-05,NEW_YORK_0930,ORIGINAL_DIRECT_UTC,US100,1749130200,2025-06-05T13:30:00,1749130500,1,1,1,1,0,,0,,0,,0,,0,
2025-06-05,NEW_YORK_0930,ORIGINAL_DIRECT_UTC,US30,1749130200,2025-06-05T13:30:00,1749130500,1,1,1,1,0,,0,,0,,0,,0,
2025-06-05,NEW_YORK_0930,NY_CLOSE_BROKER_CONVENTION,US100,1749141000,2025-06-05T16:30:00,1749141300,1,1,1,1,0,,0,,0,,0,,0,
2025-06-05,NEW_YORK_0930,NY_CLOSE_BROKER_CONVENTION,US30,1749141000,2025-06-05T16:30:00,1749141300,1,1,1,1,0,,0,,0,,0,,0,
2025-06-06,LONDON_0800,ORIGINAL_DIRECT_UTC,US100,1749193200,2025-06-06T07:00:00,1749193500,1,1,1,1,0,,0,,0,,0,,0,
2025-06-06,LONDON_0800,ORIGINAL_DIRECT_UTC,US30,1749193200,2025-06-06T07:00:00,1749193500,1,1,1,1,0,,0,,0,,0,,0,
2025-06-06,LONDON_0800,NY_CLOSE_BROKER_CONVENTION,US100,1749204000,2025-06-06T10:00:00,1749204300,1,1,1,1,0,,0,,0,,0,,0,
2025-06-06,LONDON_0800,NY_CLOSE_BROKER_CONVENTION,US30,1749204000,2025-06-06T10:00:00,1749204300,1,1,1,1,0,,0,,0,,0,,0,
2025-06-06,NEW_YORK_0930,ORIGINAL_DIRECT_UTC,US100,1749216600,2025-06-06T13:30:00,1749216900,1,1,1,1,0,,0,,0,,0,,0,
2025-06-06,NEW_YORK_0930,ORIGINAL_DIRECT_UTC,US30,1749216600,2025-06-06T13:30:00,1749216900,1,1,1,1,0,,0,,0,,0,,0,
2025-06-06,NEW_YORK_0930,NY_CLOSE_BROKER_CONVENTION,US100,1749227400,2025-06-06T16:30:00,1749227700,1,1,1,1,0,,0,,0,,0,,0,
2025-06-06,NEW_YORK_0930,NY_CLOSE_BROKER_CONVENTION,US30,1749227400,2025-06-06T16:30:00,1749227700,1,1,1,1,0,,0,,0,,0,,0,
2025-06-09,LONDON_0800,ORIGINAL_DIRECT_UTC,US100,1749452400,2025-06-09T07:00:00,1749452700,1,1,1,1,0,,0,,0,,0,,0,
2025-06-09,LONDON_0800,ORIGINAL_DIRECT_UTC,US30,1749452400,2025-06-09T07:00:00,1749452700,1,1,1,1,0,,0,,0,,0,,0,
2025-06-09,LONDON_0800,NY_CLOSE_BROKER_CONVENTION,US100,1749463200,2025-06-09T10:00:00,1749463500,1,1,1,1,0,,0,,0,,0,,0,
2025-06-09,LONDON_0800,NY_CLOSE_BROKER_CONVENTION,US30,1749463200,2025-06-09T10:00:00,1749463500,1,1,1,1,0,,0,,0,,0,,0,
2025-06-09,NEW_YORK_0930,ORIGINAL_DIRECT_UTC,US100,1749475800,2025-06-09T13:30:00,1749476100,1,1,1,1,0,,0,,0,,0,,0,
2025-06-09,NEW_YORK_0930,ORIGINAL_DIRECT_UTC,US30,1749475800,2025-06-09T13:30:00,1749476100,1,1,1,1,0,,0,,0,,0,,0,
2025-06-09,NEW_YORK_0930,NY_CLOSE_BROKER_CONVENTION,US100,1749486600,2025-06-09T16:30:00,1749486900,1,1,1,1,0,,0,,0,,0,,0,
2025-06-09,NEW_YORK_0930,NY_CLOSE_BROKER_CONVENTION,US30,1749486600,2025-06-09T16:30:00,1749486900,1,1,1,1,0,,0,,0,,0,,0,
2025-06-10,LONDON_0800,ORIGINAL_DIRECT_UTC,US100,1749538800,2025-06-10T07:00:00,1749539100,1,1,1,1,0,,0,,0,,0,,0,
2025-06-10,LONDON_0800,ORIGINAL_DIRECT_UTC,US30,1749538800,2025-06-10T07:00:00,1749539100,1,1,1,1,0,,0,,0,,0,,0,
2025-06-10,LONDON_0800,NY_CLOSE_BROKER_CONVENTION,US100,1749549600,2025-06-10T10:00:00,1749549900,1,1,1,1,0,,0,,0,,0,,0,
2025-06-10,LONDON_0800,NY_CLOSE_BROKER_CONVENTION,US30,1749549600,2025-06-10T10:00:00,1749549900,1,1,1,1,0,,0,,0,,0,,0,
2025-06-10,NEW_YORK_0930,ORIGINAL_DIRECT_UTC,US100,1749562200,2025-06-10T13:30:00,1749562500,1,1,1,1,0,,0,,0,,0,,0,
2025-06-10,NEW_YORK_0930,ORIGINAL_DIRECT_UTC,US30,1749562200,2025-06-10T13:30:00,1749562500,1,1,1,1,0,,0,,0,,0,,0,
2025-06-10,NEW_YORK_0930,NY_CLOSE_BROKER_CONVENTION,US100,1749573000,2025-06-10T16:30:00,1749573300,1,1,1,1,0,,0,,0,,0,,0,
2025-06-10,NEW_YORK_0930,NY_CLOSE_BROKER_CONVENTION,US30,1749573000,2025-06-10T16:30:00,1749573300,1,1,1,1,0,,0,,0,,0,,0,
2025-06-11,LONDON_0800,ORIGINAL_DIRECT_UTC,US100,1749625200,2025-06-11T07:00:00,1749625500,1,1,1,1,0,,0,,0,,0,,0,
2025-06-11,LONDON_0800,ORIGINAL_DIRECT_UTC,US30,1749625200,2025-06-11T07:00:00,1749625500,1,1,1,1,0,,0,,0,,0,,0,
2025-06-11,LONDON_0800,NY_CLOSE_BROKER_CONVENTION,US100,1749636000,2025-06-11T10:00:00,1749636300,1,1,1,1,0,,0,,0,,0,,0,
2025-06-11,LONDON_0800,NY_CLOSE_BROKER_CONVENTION,US30,1749636000,2025-06-11T10:00:00,1749636300,1,1,1,1,0,,0,,0,,0,,0,
2025-06-11,NEW_YORK_0930,ORIGINAL_DIRECT_UTC,US100,1749648600,2025-06-11T13:30:00,1749648900,1,1,1,1,0,,0,,0,,0,,0,
2025-06-11,NEW_YORK_0930,ORIGINAL_DIRECT_UTC,US30,1749648600,2025-06-11T13:30:00,1749648900,1,1,1,1,0,,0,,0,,0,,0,
2025-06-11,NEW_YORK_0930,NY_CLOSE_BROKER_CONVENTION,US100,1749659400,2025-06-11T16:30:00,1749659700,1,1,1,1,0,,0,,0,,0,,0,
2025-06-11,NEW_YORK_0930,NY_CLOSE_BROKER_CONVENTION,US30,1749659400,2025-06-11T16:30:00,1749659700,1,1,1,1,0,,0,,0,,0,,0,
2025-06-12,LONDON_0800,ORIGINAL_DIRECT_UTC,US100,1749711600,2025-06-12T07:00:00,1749711900,1,1,1,1,0,,0,,0,,0,,0,
2025-06-12,LONDON_0800,ORIGINAL_DIRECT_UTC,US30,1749711600,2025-06-12T07:00:00,1749711900,1,1,1,1,0,,0,,0,,0,,0,
2025-06-12,LONDON_0800,NY_CLOSE_BROKER_CONVENTION,US100,1749722400,2025-06-12T10:00:00,1749722700,1,1,1,1,0,,0,,0,,0,,0,
2025-06-12,LONDON_0800,NY_CLOSE_BROKER_CONVENTION,US30,1749722400,2025-06-12T10:00:00,1749722700,1,1,1,1,0,,0,,0,,0,,0,
2025-06-12,NEW_YORK_0930,ORIGINAL_DIRECT_UTC,US100,1749735000,2025-06-12T13:30:00,1749735300,1,1,1,1,0,,0,,0,,0,,0,
2025-06-12,NEW_YORK_0930,ORIGINAL_DIRECT_UTC,US30,1749735000,2025-06-12T13:30:00,1749735300,1,1,1,1,0,,0,,0,,0,,0,
2025-06-12,NEW_YORK_0930,NY_CLOSE_BROKER_CONVENTION,US100,1749745800,2025-06-12T16:30:00,1749746100,1,1,1,1,0,,0,,0,,0,,0,
2025-06-12,NEW_YORK_0930,NY_CLOSE_BROKER_CONVENTION,US30,1749745800,2025-06-12T16:30:00,1749746100,1,1,1,1,0,,0,,0,,0,,0,
2025-06-13,LONDON_0800,ORIGINAL_DIRECT_UTC,US100,1749798000,2025-06-13T07:00:00,1749798300,1,1,1,1,0,,0,,0,,0,,0,
2025-06-13,LONDON_0800,ORIGINAL_DIRECT_UTC,US30,1749798000,2025-06-13T07:00:00,1749798300,1,1,1,1,0,,0,,0,,0,,0,
2025-06-13,LONDON_0800,NY_CLOSE_BROKER_CONVENTION,US100,1749808800,2025-06-13T10:00:00,1749809100,1,1,1,1,0,,0,,0,,0,,0,
2025-06-13,LONDON_0800,NY_CLOSE_BROKER_CONVENTION,US30,1749808800,2025-06-13T10:00:00,1749809100,1,1,1,1,0,,0,,0,,0,,0,
2025-06-13,NEW_YORK_0930,ORIGINAL_DIRECT_UTC,US100,1749821400,2025-06-13T13:30:00,1749821700,1,1,1,1,0,,0,,0,,0,,0,
2025-06-13,NEW_YORK_0930,ORIGINAL_DIRECT_UTC,US30,1749821400,2025-06-13T13:30:00,1749821700,1,1,1,1,0,,0,,0,,0,,0,
2025-06-13,NEW_YORK_0930,NY_CLOSE_BROKER_CONVENTION,US100,1749832200,2025-06-13T16:30:00,1749832500,1,1,1,1,0,,0,,0,,0,,0,
2025-06-13,NEW_YORK_0930,NY_CLOSE_BROKER_CONVENTION,US30,1749832200,2025-06-13T16:30:00,1749832500,1,1,1,1,0,,0,,0,,0,,0,
2025-06-16,LONDON_0800,ORIGINAL_DIRECT_UTC,US100,1750057200,2025-06-16T07:00:00,1750057500,1,1,1,1,0,,0,,0,,0,,0,
2025-06-16,LONDON_0800,ORIGINAL_DIRECT_UTC,US30,1750057200,2025-06-16T07:00:00,1750057500,1,1,1,1,0,,0,,0,,0,,0,
2025-06-16,LONDON_0800,NY_CLOSE_BROKER_CONVENTION,US100,1750068000,2025-06-16T10:00:00,1750068300,1,1,1,1,0,,0,,0,,0,,0,
2025-06-16,LONDON_0800,NY_CLOSE_BROKER_CONVENTION,US30,1750068000,2025-06-16T10:00:00,1750068300,1,1,1,1,0,,0,,0,,0,,0,
2025-06-16,NEW_YORK_0930,ORIGINAL_DIRECT_UTC,US100,1750080600,2025-06-16T13:30:00,1750080900,1,1,1,1,0,,0,,0,,0,,0,
2025-06-16,NEW_YORK_0930,ORIGINAL_DIRECT_UTC,US30,1750080600,2025-06-16T13:30:00,1750080900,1,1,1,1,0,,0,,0,,0,,0,
2025-06-16,NEW_YORK_0930,NY_CLOSE_BROKER_CONVENTION,US100,1750091400,2025-06-16T16:30:00,1750091700,1,1,1,1,0,,0,,0,,0,,0,
2025-06-16,NEW_YORK_0930,NY_CLOSE_BROKER_CONVENTION,US30,1750091400,2025-06-16T16:30:00,1750091700,1,1,1,1,0,,0,,0,,0,,0,
2025-06-17,LONDON_0800,ORIGINAL_DIRECT_UTC,US100,1750143600,2025-06-17T07:00:00,1750143900,1,1,1,1,0,,0,,0,,0,,0,
2025-06-17,LONDON_0800,ORIGINAL_DIRECT_UTC,US30,1750143600,2025-06-17T07:00:00,1750143900,1,1,1,1,0,,0,,0,,0,,0,
2025-06-17,LONDON_0800,NY_CLOSE_BROKER_CONVENTION,US100,1750154400,2025-06-17T10:00:00,1750154700,1,1,1,1,0,,0,,0,,0,,0,
2025-06-17,LONDON_0800,NY_CLOSE_BROKER_CONVENTION,US30,1750154400,2025-06-17T10:00:00,1750154700,1,1,1,1,0,,0,,0,,0,,0,
2025-06-17,NEW_YORK_0930,ORIGINAL_DIRECT_UTC,US100,1750167000,2025-06-17T13:30:00,1750167300,1,1,1,1,0,,0,,0,,0,,0,
2025-06-17,NEW_YORK_0930,ORIGINAL_DIRECT_UTC,US30,1750167000,2025-06-17T13:30:00,1750167300,1,1,1,1,0,,0,,0,,0,,0,
2025-06-17,NEW_YORK_0930,NY_CLOSE_BROKER_CONVENTION,US100,1750177800,2025-06-17T16:30:00,1750178100,1,1,1,1,0,,0,,0,,0,,0,
2025-06-17,NEW_YORK_0930,NY_CLOSE_BROKER_CONVENTION,US30,1750177800,2025-06-17T16:30:00,1750178100,1,1,1,1,0,,0,,0,,0,,0,
2025-06-18,LONDON_0800,ORIGINAL_DIRECT_UTC,US100,1750230000,2025-06-18T07:00:00,1750230300,1,1,1,1,0,,0,,0,,0,,0,
2025-06-18,LONDON_0800,ORIGINAL_DIRECT_UTC,US30,1750230000,2025-06-18T07:00:00,1750230300,1,1,1,1,0,,0,,0,,0,,0,
2025-06-18,LONDON_0800,NY_CLOSE_BROKER_CONVENTION,US100,1750240800,2025-06-18T10:00:00,1750241100,1,1,1,1,0,,0,,0,,0,,0,
2025-06-18,LONDON_0800,NY_CLOSE_BROKER_CONVENTION,US30,1750240800,2025-06-18T10:00:00,1750241100,1,1,1,1,0,,0,,0,,0,,0,
2025-06-18,NEW_YORK_0930,ORIGINAL_DIRECT_UTC,US100,1750253400,2025-06-18T13:30:00,1750253700,1,1,1,1,0,,0,,0,,0,,0,
2025-06-18,NEW_YORK_0930,ORIGINAL_DIRECT_UTC,US30,1750253400,2025-06-18T13:30:00,1750253700,1,1,1,1,0,,0,,0,,0,,0,
2025-06-18,NEW_YORK_0930,NY_CLOSE_BROKER_CONVENTION,US100,1750264200,2025-06-18T16:30:00,1750264500,1,1,1,1,0,,0,,0,,0,,0,
2025-06-18,NEW_YORK_0930,NY_CLOSE_BROKER_CONVENTION,US30,1750264200,2025-06-18T16:30:00,1750264500,1,1,1,1,0,,0,,0,,0,,0,
2025-06-19,LONDON_0800,ORIGINAL_DIRECT_UTC,US100,1750316400,2025-06-19T07:00:00,1750316700,1,1,1,1,0,,0,,0,,0,,0,
2025-06-19,LONDON_0800,ORIGINAL_DIRECT_UTC,US30,1750316400,2025-06-19T07:00:00,1750316700,1,1,1,1,0,,0,,0,,0,,0,
2025-06-19,LONDON_0800,NY_CLOSE_BROKER_CONVENTION,US100,1750327200,2025-06-19T10:00:00,1750327500,1,1,1,1,0,,0,,0,,0,,0,
2025-06-19,LONDON_0800,NY_CLOSE_BROKER_CONVENTION,US30,1750327200,2025-06-19T10:00:00,1750327500,1,1,1,1,0,,0,,0,,0,,0,
2025-06-19,NEW_YORK_0930,ORIGINAL_DIRECT_UTC,US100,1750339800,2025-06-19T13:30:00,1750340100,1,1,1,1,0,,0,,0,,0,,0,
2025-06-19,NEW_YORK_0930,ORIGINAL_DIRECT_UTC,US30,1750339800,2025-06-19T13:30:00,1750340100,1,1,1,1,0,,0,,0,,0,,0,
2025-06-19,NEW_YORK_0930,NY_CLOSE_BROKER_CONVENTION,US100,1750350600,2025-06-19T16:30:00,1750350900,1,1,1,1,0,,0,,0,,0,,0,
2025-06-19,NEW_YORK_0930,NY_CLOSE_BROKER_CONVENTION,US30,1750350600,2025-06-19T16:30:00,1750350900,1,1,1,1,0,,0,,0,,0,,0,
2025-06-20,LONDON_0800,ORIGINAL_DIRECT_UTC,US100,1750402800,2025-06-20T07:00:00,1750403100,1,1,1,1,0,,0,,0,,0,,0,
2025-06-20,LONDON_0800,ORIGINAL_DIRECT_UTC,US30,1750402800,2025-06-20T07:00:00,1750403100,1,1,1,1,0,,0,,0,,0,,0,
2025-06-20,LONDON_0800,NY_CLOSE_BROKER_CONVENTION,US100,1750413600,2025-06-20T10:00:00,1750413900,1,1,1,1,0,,0,,0,,0,,0,
2025-06-20,LONDON_0800,NY_CLOSE_BROKER_CONVENTION,US30,1750413600,2025-06-20T10:00:00,1750413900,1,1,1,1,0,,0,,0,,0,,0,
2025-06-20,NEW_YORK_0930,ORIGINAL_DIRECT_UTC,US100,1750426200,2025-06-20T13:30:00,1750426500,1,1,1,1,0,,0,,0,,0,,0,
2025-06-20,NEW_YORK_0930,ORIGINAL_DIRECT_UTC,US30,1750426200,2025-06-20T13:30:00,1750426500,1,1,1,1,0,,0,,0,,0,,0,
2025-06-20,NEW_YORK_0930,NY_CLOSE_BROKER_CONVENTION,US100,1750437000,2025-06-20T16:30:00,1750437300,1,1,1,1,0,,0,,0,,0,,0,
2025-06-20,NEW_YORK_0930,NY_CLOSE_BROKER_CONVENTION,US30,1750437000,2025-06-20T16:30:00,1750437300,1,1,1,1,0,,0,,0,,0,,0,
2025-06-23,LONDON_0800,ORIGINAL_DIRECT_UTC,US100,1750662000,2025-06-23T07:00:00,1750662300,1,1,1,1,0,,0,,0,,0,,0,
2025-06-23,LONDON_0800,ORIGINAL_DIRECT_UTC,US30,1750662000,2025-06-23T07:00:00,1750662300,1,1,1,1,0,,0,,0,,0,,0,
2025-06-23,LONDON_0800,NY_CLOSE_BROKER_CONVENTION,US100,1750672800,2025-06-23T10:00:00,1750673100,1,1,1,1,0,,0,,0,,0,,0,
2025-06-23,LONDON_0800,NY_CLOSE_BROKER_CONVENTION,US30,1750672800,2025-06-23T10:00:00,1750673100,1,1,1,1,0,,0,,0,,0,,0,
2025-06-23,NEW_YORK_0930,ORIGINAL_DIRECT_UTC,US100,1750685400,2025-06-23T13:30:00,1750685700,1,1,1,1,0,,0,,0,,0,,0,
2025-06-23,NEW_YORK_0930,ORIGINAL_DIRECT_UTC,US30,1750685400,2025-06-23T13:30:00,1750685700,1,1,1,1,0,,0,,0,,0,,0,
2025-06-23,NEW_YORK_0930,NY_CLOSE_BROKER_CONVENTION,US100,1750696200,2025-06-23T16:30:00,1750696500,1,1,1,1,0,,0,,0,,0,,0,
2025-06-23,NEW_YORK_0930,NY_CLOSE_BROKER_CONVENTION,US30,1750696200,2025-06-23T16:30:00,1750696500,1,1,1,1,0,,0,,0,,0,,0,
2025-06-24,LONDON_0800,ORIGINAL_DIRECT_UTC,US100,1750748400,2025-06-24T07:00:00,1750748700,1,1,1,1,0,,0,,0,,0,,0,
2025-06-24,LONDON_0800,ORIGINAL_DIRECT_UTC,US30,1750748400,2025-06-24T07:00:00,1750748700,1,1,1,1,0,,0,,0,,0,,0,
2025-06-24,LONDON_0800,NY_CLOSE_BROKER_CONVENTION,US100,1750759200,2025-06-24T10:00:00,1750759500,1,1,1,1,0,,0,,0,,0,,0,
2025-06-24,LONDON_0800,NY_CLOSE_BROKER_CONVENTION,US30,1750759200,2025-06-24T10:00:00,1750759500,1,1,1,1,0,,0,,0,,0,,0,
2025-06-24,NEW_YORK_0930,ORIGINAL_DIRECT_UTC,US100,1750771800,2025-06-24T13:30:00,1750772100,1,1,1,1,0,,0,,0,,0,,0,
2025-06-24,NEW_YORK_0930,ORIGINAL_DIRECT_UTC,US30,1750771800,2025-06-24T13:30:00,1750772100,1,1,1,1,0,,0,,0,,0,,0,
2025-06-24,NEW_YORK_0930,NY_CLOSE_BROKER_CONVENTION,US100,1750782600,2025-06-24T16:30:00,1750782900,1,1,1,1,0,,0,,0,,0,,0,
2025-06-24,NEW_YORK_0930,NY_CLOSE_BROKER_CONVENTION,US30,1750782600,2025-06-24T16:30:00,1750782900,1,1,1,1,0,,0,,0,,0,,0,
2025-06-25,LONDON_0800,ORIGINAL_DIRECT_UTC,US100,1750834800,2025-06-25T07:00:00,1750835100,1,1,1,1,0,,0,,0,,0,,0,
2025-06-25,LONDON_0800,ORIGINAL_DIRECT_UTC,US30,1750834800,2025-06-25T07:00:00,1750835100,0,0,0,0,0,,1,3,0,,1,12,0,
2025-06-25,LONDON_0800,NY_CLOSE_BROKER_CONVENTION,US100,1750845600,2025-06-25T10:00:00,1750845900,1,1,1,1,0,,0,,0,,0,,0,
2025-06-25,LONDON_0800,NY_CLOSE_BROKER_CONVENTION,US30,1750845600,2025-06-25T10:00:00,1750845900,1,1,1,1,0,,0,,0,,0,,0,
2025-06-25,NEW_YORK_0930,ORIGINAL_DIRECT_UTC,US100,1750858200,2025-06-25T13:30:00,1750858500,1,1,1,1,0,,0,,0,,0,,0,
2025-06-25,NEW_YORK_0930,ORIGINAL_DIRECT_UTC,US30,1750858200,2025-06-25T13:30:00,1750858500,1,1,1,1,0,,0,,0,,0,,0,
2025-06-25,NEW_YORK_0930,NY_CLOSE_BROKER_CONVENTION,US100,1750869000,2025-06-25T16:30:00,1750869300,1,1,1,1,0,,0,,0,,0,,0,
2025-06-25,NEW_YORK_0930,NY_CLOSE_BROKER_CONVENTION,US30,1750869000,2025-06-25T16:30:00,1750869300,1,1,1,1,0,,0,,0,,0,,0,
2025-06-26,LONDON_0800,ORIGINAL_DIRECT_UTC,US100,1750921200,2025-06-26T07:00:00,1750921500,1,1,1,1,0,,0,,0,,0,,0,
2025-06-26,LONDON_0800,ORIGINAL_DIRECT_UTC,US30,1750921200,2025-06-26T07:00:00,1750921500,1,1,0,0,0,,0,,0,,1,34,0,
2025-06-26,LONDON_0800,NY_CLOSE_BROKER_CONVENTION,US100,1750932000,2025-06-26T10:00:00,1750932300,1,1,1,1,0,,0,,0,,0,,0,
2025-06-26,LONDON_0800,NY_CLOSE_BROKER_CONVENTION,US30,1750932000,2025-06-26T10:00:00,1750932300,1,1,1,1,0,,0,,0,,0,,0,
2025-06-26,NEW_YORK_0930,ORIGINAL_DIRECT_UTC,US100,1750944600,2025-06-26T13:30:00,1750944900,1,1,1,1,0,,0,,0,,0,,0,
2025-06-26,NEW_YORK_0930,ORIGINAL_DIRECT_UTC,US30,1750944600,2025-06-26T13:30:00,1750944900,1,1,1,1,0,,0,,0,,0,,0,
2025-06-26,NEW_YORK_0930,NY_CLOSE_BROKER_CONVENTION,US100,1750955400,2025-06-26T16:30:00,1750955700,1,1,1,1,0,,0,,0,,0,,0,
2025-06-26,NEW_YORK_0930,NY_CLOSE_BROKER_CONVENTION,US30,1750955400,2025-06-26T16:30:00,1750955700,1,1,1,1,0,,0,,0,,0,,0,
2025-06-27,LONDON_0800,ORIGINAL_DIRECT_UTC,US100,1751007600,2025-06-27T07:00:00,1751007900,1,1,1,1,0,,0,,0,,0,,0,
2025-06-27,LONDON_0800,ORIGINAL_DIRECT_UTC,US30,1751007600,2025-06-27T07:00:00,1751007900,1,1,0,0,0,,0,,0,,1,34,0,
2025-06-27,LONDON_0800,NY_CLOSE_BROKER_CONVENTION,US100,1751018400,2025-06-27T10:00:00,1751018700,1,1,1,1,0,,0,,0,,0,,0,
2025-06-27,LONDON_0800,NY_CLOSE_BROKER_CONVENTION,US30,1751018400,2025-06-27T10:00:00,1751018700,1,1,1,1,0,,0,,0,,0,,0,
2025-06-27,NEW_YORK_0930,ORIGINAL_DIRECT_UTC,US100,1751031000,2025-06-27T13:30:00,1751031300,1,1,1,1,0,,0,,0,,0,,0,
2025-06-27,NEW_YORK_0930,ORIGINAL_DIRECT_UTC,US30,1751031000,2025-06-27T13:30:00,1751031300,1,1,1,1,0,,0,,0,,0,,0,
2025-06-27,NEW_YORK_0930,NY_CLOSE_BROKER_CONVENTION,US100,1751041800,2025-06-27T16:30:00,1751042100,1,1,1,1,0,,0,,0,,0,,0,
2025-06-27,NEW_YORK_0930,NY_CLOSE_BROKER_CONVENTION,US30,1751041800,2025-06-27T16:30:00,1751042100,1,1,1,1,0,,0,,0,,0,,0,
2025-06-30,LONDON_0800,ORIGINAL_DIRECT_UTC,US100,1751266800,2025-06-30T07:00:00,1751267100,1,1,1,1,0,,0,,0,,0,,0,
2025-06-30,LONDON_0800,ORIGINAL_DIRECT_UTC,US30,1751266800,2025-06-30T07:00:00,1751267100,1,1,1,1,0,,0,,0,,0,,0,
2025-06-30,LONDON_0800,NY_CLOSE_BROKER_CONVENTION,US100,1751277600,2025-06-30T10:00:00,1751277900,1,1,1,1,0,,0,,0,,0,,0,
2025-06-30,LONDON_0800,NY_CLOSE_BROKER_CONVENTION,US30,1751277600,2025-06-30T10:00:00,1751277900,1,1,1,1,0,,0,,0,,0,,0,
2025-06-30,NEW_YORK_0930,ORIGINAL_DIRECT_UTC,US100,1751290200,2025-06-30T13:30:00,1751290500,1,1,1,1,0,,0,,0,,0,,0,
2025-06-30,NEW_YORK_0930,ORIGINAL_DIRECT_UTC,US30,1751290200,2025-06-30T13:30:00,1751290500,1,1,1,1,0,,0,,0,,0,,0,
2025-06-30,NEW_YORK_0930,NY_CLOSE_BROKER_CONVENTION,US100,1751301000,2025-06-30T16:30:00,1751301300,1,1,1,1,0,,0,,0,,0,,0,
2025-06-30,NEW_YORK_0930,NY_CLOSE_BROKER_CONVENTION,US30,1751301000,2025-06-30T16:30:00,1751301300,1,1,1,1,0,,0,,0,,0,,0,
2025-07-01,LONDON_0800,ORIGINAL_DIRECT_UTC,US100,1751353200,2025-07-01T07:00:00,1751353500,1,1,1,1,0,,0,,0,,0,,0,
2025-07-01,LONDON_0800,ORIGINAL_DIRECT_UTC,US30,1751353200,2025-07-01T07:00:00,1751353500,1,1,1,1,0,,0,,0,,0,,0,
2025-07-01,LONDON_0800,NY_CLOSE_BROKER_CONVENTION,US100,1751364000,2025-07-01T10:00:00,1751364300,1,1,1,1,0,,0,,0,,0,,0,
2025-07-01,LONDON_0800,NY_CLOSE_BROKER_CONVENTION,US30,1751364000,2025-07-01T10:00:00,1751364300,1,1,1,1,0,,0,,0,,0,,0,
2025-07-01,NEW_YORK_0930,ORIGINAL_DIRECT_UTC,US100,1751376600,2025-07-01T13:30:00,1751376900,1,1,1,1,0,,0,,0,,0,,0,
2025-07-01,NEW_YORK_0930,ORIGINAL_DIRECT_UTC,US30,1751376600,2025-07-01T13:30:00,1751376900,1,1,1,1,0,,0,,0,,0,,0,
2025-07-01,NEW_YORK_0930,NY_CLOSE_BROKER_CONVENTION,US100,1751387400,2025-07-01T16:30:00,1751387700,1,1,1,1,0,,0,,0,,0,,0,
2025-07-01,NEW_YORK_0930,NY_CLOSE_BROKER_CONVENTION,US30,1751387400,2025-07-01T16:30:00,1751387700,1,1,1,1,0,,0,,0,,0,,0,
2025-07-02,LONDON_0800,ORIGINAL_DIRECT_UTC,US100,1751439600,2025-07-02T07:00:00,1751439900,1,1,1,1,0,,0,,0,,0,,0,
2025-07-02,LONDON_0800,ORIGINAL_DIRECT_UTC,US30,1751439600,2025-07-02T07:00:00,1751439900,1,1,1,1,0,,0,,0,,0,,0,
2025-07-02,LONDON_0800,NY_CLOSE_BROKER_CONVENTION,US100,1751450400,2025-07-02T10:00:00,1751450700,1,1,1,1,0,,0,,0,,0,,0,
2025-07-02,LONDON_0800,NY_CLOSE_BROKER_CONVENTION,US30,1751450400,2025-07-02T10:00:00,1751450700,1,1,1,1,0,,0,,0,,0,,0,
2025-07-02,NEW_YORK_0930,ORIGINAL_DIRECT_UTC,US100,1751463000,2025-07-02T13:30:00,1751463300,1,1,1,1,0,,0,,0,,0,,0,
2025-07-02,NEW_YORK_0930,ORIGINAL_DIRECT_UTC,US30,1751463000,2025-07-02T13:30:00,1751463300,1,1,1,1,0,,0,,0,,0,,0,
2025-07-02,NEW_YORK_0930,NY_CLOSE_BROKER_CONVENTION,US100,1751473800,2025-07-02T16:30:00,1751474100,1,1,1,1,0,,0,,0,,0,,0,
2025-07-02,NEW_YORK_0930,NY_CLOSE_BROKER_CONVENTION,US30,1751473800,2025-07-02T16:30:00,1751474100,1,1,1,1,0,,0,,0,,0,,0,
2025-07-03,LONDON_0800,ORIGINAL_DIRECT_UTC,US100,1751526000,2025-07-03T07:00:00,1751526300,1,1,1,1,0,,0,,0,,0,,0,
2025-07-03,LONDON_0800,ORIGINAL_DIRECT_UTC,US30,1751526000,2025-07-03T07:00:00,1751526300,1,1,0,0,0,,0,,0,,1,48,0,
2025-07-03,LONDON_0800,NY_CLOSE_BROKER_CONVENTION,US100,1751536800,2025-07-03T10:00:00,1751537100,1,1,1,1,0,,0,,0,,0,,0,
2025-07-03,LONDON_0800,NY_CLOSE_BROKER_CONVENTION,US30,1751536800,2025-07-03T10:00:00,1751537100,1,1,1,1,0,,0,,0,,0,,0,
2025-07-03,NEW_YORK_0930,ORIGINAL_DIRECT_UTC,US100,1751549400,2025-07-03T13:30:00,1751549700,1,1,1,1,0,,0,,0,,0,,0,
2025-07-03,NEW_YORK_0930,ORIGINAL_DIRECT_UTC,US30,1751549400,2025-07-03T13:30:00,1751549700,1,1,1,1,0,,0,,0,,0,,0,
2025-07-03,NEW_YORK_0930,NY_CLOSE_BROKER_CONVENTION,US100,1751560200,2025-07-03T16:30:00,1751560500,1,1,1,1,0,,0,,0,,0,,0,
2025-07-03,NEW_YORK_0930,NY_CLOSE_BROKER_CONVENTION,US30,1751560200,2025-07-03T16:30:00,1751560500,1,1,1,1,0,,0,,0,,0,,0,
2025-07-04,LONDON_0800,ORIGINAL_DIRECT_UTC,US100,1751612400,2025-07-04T07:00:00,1751612700,1,1,1,1,0,,0,,0,,0,,0,
2025-07-04,LONDON_0800,ORIGINAL_DIRECT_UTC,US30,1751612400,2025-07-04T07:00:00,1751612700,1,1,1,1,0,,0,,0,,0,,0,
2025-07-04,LONDON_0800,NY_CLOSE_BROKER_CONVENTION,US100,1751623200,2025-07-04T10:00:00,1751623500,1,1,1,1,0,,0,,0,,0,,0,
2025-07-04,LONDON_0800,NY_CLOSE_BROKER_CONVENTION,US30,1751623200,2025-07-04T10:00:00,1751623500,1,1,1,1,0,,0,,0,,0,,0,
2025-07-04,NEW_YORK_0930,ORIGINAL_DIRECT_UTC,US100,1751635800,2025-07-04T13:30:00,1751636100,1,1,1,1,0,,0,,0,,0,,0,
2025-07-04,NEW_YORK_0930,ORIGINAL_DIRECT_UTC,US30,1751635800,2025-07-04T13:30:00,1751636100,1,1,1,1,0,,0,,0,,0,,0,
2025-07-04,NEW_YORK_0930,NY_CLOSE_BROKER_CONVENTION,US100,1751646600,2025-07-04T16:30:00,1751646900,1,1,1,1,0,,0,,0,,0,,0,
2025-07-04,NEW_YORK_0930,NY_CLOSE_BROKER_CONVENTION,US30,1751646600,2025-07-04T16:30:00,1751646900,1,1,1,1,0,,0,,0,,0,,0,
2025-07-07,LONDON_0800,ORIGINAL_DIRECT_UTC,US100,1751871600,2025-07-07T07:00:00,1751871900,1,1,1,1,0,,0,,0,,0,,0,
2025-07-07,LONDON_0800,ORIGINAL_DIRECT_UTC,US30,1751871600,2025-07-07T07:00:00,1751871900,1,1,1,1,0,,0,,0,,0,,0,
2025-07-07,LONDON_0800,NY_CLOSE_BROKER_CONVENTION,US100,1751882400,2025-07-07T10:00:00,1751882700,1,1,1,1,0,,0,,0,,0,,0,
2025-07-07,LONDON_0800,NY_CLOSE_BROKER_CONVENTION,US30,1751882400,2025-07-07T10:00:00,1751882700,1,1,1,1,0,,0,,0,,0,,0,
2025-07-07,NEW_YORK_0930,ORIGINAL_DIRECT_UTC,US100,1751895000,2025-07-07T13:30:00,1751895300,1,1,1,1,0,,0,,0,,0,,0,
2025-07-07,NEW_YORK_0930,ORIGINAL_DIRECT_UTC,US30,1751895000,2025-07-07T13:30:00,1751895300,1,1,1,1,0,,0,,0,,0,,0,
2025-07-07,NEW_YORK_0930,NY_CLOSE_BROKER_CONVENTION,US100,1751905800,2025-07-07T16:30:00,1751906100,1,1,1,1,0,,0,,0,,0,,0,
2025-07-07,NEW_YORK_0930,NY_CLOSE_BROKER_CONVENTION,US30,1751905800,2025-07-07T16:30:00,1751906100,1,1,1,1,0,,0,,0,,0,,0,
2025-07-08,LONDON_0800,ORIGINAL_DIRECT_UTC,US100,1751958000,2025-07-08T07:00:00,1751958300,1,1,1,1,0,,0,,0,,0,,0,
2025-07-08,LONDON_0800,ORIGINAL_DIRECT_UTC,US30,1751958000,2025-07-08T07:00:00,1751958300,1,1,1,1,0,,0,,0,,0,,0,
2025-07-08,LONDON_0800,NY_CLOSE_BROKER_CONVENTION,US100,1751968800,2025-07-08T10:00:00,1751969100,1,1,1,1,0,,0,,0,,0,,0,
2025-07-08,LONDON_0800,NY_CLOSE_BROKER_CONVENTION,US30,1751968800,2025-07-08T10:00:00,1751969100,1,1,1,1,0,,0,,0,,0,,0,
2025-07-08,NEW_YORK_0930,ORIGINAL_DIRECT_UTC,US100,1751981400,2025-07-08T13:30:00,1751981700,1,1,1,1,0,,0,,0,,0,,0,
2025-07-08,NEW_YORK_0930,ORIGINAL_DIRECT_UTC,US30,1751981400,2025-07-08T13:30:00,1751981700,1,1,1,1,0,,0,,0,,0,,0,
2025-07-08,NEW_YORK_0930,NY_CLOSE_BROKER_CONVENTION,US100,1751992200,2025-07-08T16:30:00,1751992500,1,1,1,1,0,,0,,0,,0,,0,
2025-07-08,NEW_YORK_0930,NY_CLOSE_BROKER_CONVENTION,US30,1751992200,2025-07-08T16:30:00,1751992500,1,1,1,1,0,,0,,0,,0,,0,
2025-07-09,LONDON_0800,ORIGINAL_DIRECT_UTC,US100,1752044400,2025-07-09T07:00:00,1752044700,1,1,1,1,0,,0,,0,,0,,0,
2025-07-09,LONDON_0800,ORIGINAL_DIRECT_UTC,US30,1752044400,2025-07-09T07:00:00,1752044700,1,1,0,0,0,,0,,0,,1,22,0,
2025-07-09,LONDON_0800,NY_CLOSE_BROKER_CONVENTION,US100,1752055200,2025-07-09T10:00:00,1752055500,1,1,1,1,0,,0,,0,,0,,0,
2025-07-09,LONDON_0800,NY_CLOSE_BROKER_CONVENTION,US30,1752055200,2025-07-09T10:00:00,1752055500,1,1,1,1,0,,0,,0,,0,,0,
2025-07-09,NEW_YORK_0930,ORIGINAL_DIRECT_UTC,US100,1752067800,2025-07-09T13:30:00,1752068100,1,1,1,1,0,,0,,0,,0,,0,
2025-07-09,NEW_YORK_0930,ORIGINAL_DIRECT_UTC,US30,1752067800,2025-07-09T13:30:00,1752068100,1,1,1,1,0,,0,,0,,0,,0,
2025-07-09,NEW_YORK_0930,NY_CLOSE_BROKER_CONVENTION,US100,1752078600,2025-07-09T16:30:00,1752078900,1,1,1,1,0,,0,,0,,0,,0,
2025-07-09,NEW_YORK_0930,NY_CLOSE_BROKER_CONVENTION,US30,1752078600,2025-07-09T16:30:00,1752078900,1,1,1,1,0,,0,,0,,0,,0,
2025-07-10,LONDON_0800,ORIGINAL_DIRECT_UTC,US100,1752130800,2025-07-10T07:00:00,1752131100,1,1,1,1,0,,0,,0,,0,,0,
2025-07-10,LONDON_0800,ORIGINAL_DIRECT_UTC,US30,1752130800,2025-07-10T07:00:00,1752131100,1,1,1,1,0,,0,,0,,0,,0,
2025-07-10,LONDON_0800,NY_CLOSE_BROKER_CONVENTION,US100,1752141600,2025-07-10T10:00:00,1752141900,1,1,1,1,0,,0,,0,,0,,0,
2025-07-10,LONDON_0800,NY_CLOSE_BROKER_CONVENTION,US30,1752141600,2025-07-10T10:00:00,1752141900,1,1,1,1,0,,0,,0,,0,,0,
2025-07-10,NEW_YORK_0930,ORIGINAL_DIRECT_UTC,US100,1752154200,2025-07-10T13:30:00,1752154500,1,1,1,1,0,,0,,0,,0,,0,
2025-07-10,NEW_YORK_0930,ORIGINAL_DIRECT_UTC,US30,1752154200,2025-07-10T13:30:00,1752154500,1,1,1,1,0,,0,,0,,0,,0,
2025-07-10,NEW_YORK_0930,NY_CLOSE_BROKER_CONVENTION,US100,1752165000,2025-07-10T16:30:00,1752165300,1,1,1,1,0,,0,,0,,0,,0,
2025-07-10,NEW_YORK_0930,NY_CLOSE_BROKER_CONVENTION,US30,1752165000,2025-07-10T16:30:00,1752165300,1,1,1,1,0,,0,,0,,0,,0,
2025-07-11,LONDON_0800,ORIGINAL_DIRECT_UTC,US100,1752217200,2025-07-11T07:00:00,1752217500,1,1,1,1,0,,0,,0,,0,,0,
2025-07-11,LONDON_0800,ORIGINAL_DIRECT_UTC,US30,1752217200,2025-07-11T07:00:00,1752217500,1,1,1,1,0,,0,,0,,0,,0,
2025-07-11,LONDON_0800,NY_CLOSE_BROKER_CONVENTION,US100,1752228000,2025-07-11T10:00:00,1752228300,1,1,1,1,0,,0,,0,,0,,0,
2025-07-11,LONDON_0800,NY_CLOSE_BROKER_CONVENTION,US30,1752228000,2025-07-11T10:00:00,1752228300,1,1,1,1,0,,0,,0,,0,,0,
2025-07-11,NEW_YORK_0930,ORIGINAL_DIRECT_UTC,US100,1752240600,2025-07-11T13:30:00,1752240900,1,1,1,1,0,,0,,0,,0,,0,
2025-07-11,NEW_YORK_0930,ORIGINAL_DIRECT_UTC,US30,1752240600,2025-07-11T13:30:00,1752240900,1,1,1,1,0,,0,,0,,0,,0,
2025-07-11,NEW_YORK_0930,NY_CLOSE_BROKER_CONVENTION,US100,1752251400,2025-07-11T16:30:00,1752251700,1,1,1,1,0,,0,,0,,0,,0,
2025-07-11,NEW_YORK_0930,NY_CLOSE_BROKER_CONVENTION,US30,1752251400,2025-07-11T16:30:00,1752251700,1,1,1,1,0,,0,,0,,0,,0,
2025-07-14,LONDON_0800,ORIGINAL_DIRECT_UTC,US100,1752476400,2025-07-14T07:00:00,1752476700,1,1,1,1,0,,0,,0,,0,,0,
2025-07-14,LONDON_0800,ORIGINAL_DIRECT_UTC,US30,1752476400,2025-07-14T07:00:00,1752476700,1,1,1,1,0,,0,,0,,0,,0,
2025-07-14,LONDON_0800,NY_CLOSE_BROKER_CONVENTION,US100,1752487200,2025-07-14T10:00:00,1752487500,1,1,1,1,0,,0,,0,,0,,0,
2025-07-14,LONDON_0800,NY_CLOSE_BROKER_CONVENTION,US30,1752487200,2025-07-14T10:00:00,1752487500,1,1,1,1,0,,0,,0,,0,,0,
2025-07-14,NEW_YORK_0930,ORIGINAL_DIRECT_UTC,US100,1752499800,2025-07-14T13:30:00,1752500100,1,1,1,1,0,,0,,0,,0,,0,
2025-07-14,NEW_YORK_0930,ORIGINAL_DIRECT_UTC,US30,1752499800,2025-07-14T13:30:00,1752500100,1,1,1,1,0,,0,,0,,0,,0,
2025-07-14,NEW_YORK_0930,NY_CLOSE_BROKER_CONVENTION,US100,1752510600,2025-07-14T16:30:00,1752510900,1,1,1,1,0,,0,,0,,0,,0,
2025-07-14,NEW_YORK_0930,NY_CLOSE_BROKER_CONVENTION,US30,1752510600,2025-07-14T16:30:00,1752510900,1,1,1,1,0,,0,,0,,0,,0,
2025-07-15,LONDON_0800,ORIGINAL_DIRECT_UTC,US100,1752562800,2025-07-15T07:00:00,1752563100,1,1,1,1,0,,0,,0,,0,,0,
2025-07-15,LONDON_0800,ORIGINAL_DIRECT_UTC,US30,1752562800,2025-07-15T07:00:00,1752563100,1,1,1,1,0,,0,,0,,0,,0,
2025-07-15,LONDON_0800,NY_CLOSE_BROKER_CONVENTION,US100,1752573600,2025-07-15T10:00:00,1752573900,1,1,1,1,0,,0,,0,,0,,0,
2025-07-15,LONDON_0800,NY_CLOSE_BROKER_CONVENTION,US30,1752573600,2025-07-15T10:00:00,1752573900,1,1,1,1,0,,0,,0,,0,,0,
2025-07-15,NEW_YORK_0930,ORIGINAL_DIRECT_UTC,US100,1752586200,2025-07-15T13:30:00,1752586500,1,1,1,1,0,,0,,0,,0,,0,
2025-07-15,NEW_YORK_0930,ORIGINAL_DIRECT_UTC,US30,1752586200,2025-07-15T13:30:00,1752586500,1,1,1,1,0,,0,,0,,0,,0,
2025-07-15,NEW_YORK_0930,NY_CLOSE_BROKER_CONVENTION,US100,1752597000,2025-07-15T16:30:00,1752597300,1,1,1,1,0,,0,,0,,0,,0,
2025-07-15,NEW_YORK_0930,NY_CLOSE_BROKER_CONVENTION,US30,1752597000,2025-07-15T16:30:00,1752597300,1,1,1,1,0,,0,,0,,0,,0,
2025-07-16,LONDON_0800,ORIGINAL_DIRECT_UTC,US100,1752649200,2025-07-16T07:00:00,1752649500,1,1,1,1,0,,0,,0,,0,,0,
2025-07-16,LONDON_0800,ORIGINAL_DIRECT_UTC,US30,1752649200,2025-07-16T07:00:00,1752649500,1,1,1,1,0,,0,,0,,0,,0,
2025-07-16,LONDON_0800,NY_CLOSE_BROKER_CONVENTION,US100,1752660000,2025-07-16T10:00:00,1752660300,1,1,1,1,0,,0,,0,,0,,0,
2025-07-16,LONDON_0800,NY_CLOSE_BROKER_CONVENTION,US30,1752660000,2025-07-16T10:00:00,1752660300,1,1,1,1,0,,0,,0,,0,,0,
2025-07-16,NEW_YORK_0930,ORIGINAL_DIRECT_UTC,US100,1752672600,2025-07-16T13:30:00,1752672900,1,1,1,1,0,,0,,0,,0,,0,
2025-07-16,NEW_YORK_0930,ORIGINAL_DIRECT_UTC,US30,1752672600,2025-07-16T13:30:00,1752672900,1,1,1,1,0,,0,,0,,0,,0,
2025-07-16,NEW_YORK_0930,NY_CLOSE_BROKER_CONVENTION,US100,1752683400,2025-07-16T16:30:00,1752683700,1,1,1,1,0,,0,,0,,0,,0,
2025-07-16,NEW_YORK_0930,NY_CLOSE_BROKER_CONVENTION,US30,1752683400,2025-07-16T16:30:00,1752683700,1,1,1,1,0,,0,,0,,0,,0,
2025-07-17,LONDON_0800,ORIGINAL_DIRECT_UTC,US100,1752735600,2025-07-17T07:00:00,1752735900,1,1,1,1,0,,0,,0,,0,,0,
2025-07-17,LONDON_0800,ORIGINAL_DIRECT_UTC,US30,1752735600,2025-07-17T07:00:00,1752735900,1,1,1,1,0,,0,,0,,0,,0,
2025-07-17,LONDON_0800,NY_CLOSE_BROKER_CONVENTION,US100,1752746400,2025-07-17T10:00:00,1752746700,1,1,1,1,0,,0,,0,,0,,0,
2025-07-17,LONDON_0800,NY_CLOSE_BROKER_CONVENTION,US30,1752746400,2025-07-17T10:00:00,1752746700,1,1,1,1,0,,0,,0,,0,,0,
2025-07-17,NEW_YORK_0930,ORIGINAL_DIRECT_UTC,US100,1752759000,2025-07-17T13:30:00,1752759300,1,1,1,1,0,,0,,0,,0,,0,
2025-07-17,NEW_YORK_0930,ORIGINAL_DIRECT_UTC,US30,1752759000,2025-07-17T13:30:00,1752759300,1,1,1,1,0,,0,,0,,0,,0,
2025-07-17,NEW_YORK_0930,NY_CLOSE_BROKER_CONVENTION,US100,1752769800,2025-07-17T16:30:00,1752770100,1,1,1,1,0,,0,,0,,0,,0,
2025-07-17,NEW_YORK_0930,NY_CLOSE_BROKER_CONVENTION,US30,1752769800,2025-07-17T16:30:00,1752770100,1,1,1,1,0,,0,,0,,0,,0,
2025-07-18,LONDON_0800,ORIGINAL_DIRECT_UTC,US100,1752822000,2025-07-18T07:00:00,1752822300,1,1,1,1,0,,0,,0,,0,,0,
2025-07-18,LONDON_0800,ORIGINAL_DIRECT_UTC,US30,1752822000,2025-07-18T07:00:00,1752822300,1,1,0,0,0,,0,,0,,1,24,0,
2025-07-18,LONDON_0800,NY_CLOSE_BROKER_CONVENTION,US100,1752832800,2025-07-18T10:00:00,1752833100,1,1,1,1,0,,0,,0,,0,,0,
2025-07-18,LONDON_0800,NY_CLOSE_BROKER_CONVENTION,US30,1752832800,2025-07-18T10:00:00,1752833100,1,1,1,1,0,,0,,0,,0,,0,
2025-07-18,NEW_YORK_0930,ORIGINAL_DIRECT_UTC,US100,1752845400,2025-07-18T13:30:00,1752845700,1,1,1,1,0,,0,,0,,0,,0,
2025-07-18,NEW_YORK_0930,ORIGINAL_DIRECT_UTC,US30,1752845400,2025-07-18T13:30:00,1752845700,1,1,1,1,0,,0,,0,,0,,0,
2025-07-18,NEW_YORK_0930,NY_CLOSE_BROKER_CONVENTION,US100,1752856200,2025-07-18T16:30:00,1752856500,1,1,1,1,0,,0,,0,,0,,0,
2025-07-18,NEW_YORK_0930,NY_CLOSE_BROKER_CONVENTION,US30,1752856200,2025-07-18T16:30:00,1752856500,1,1,1,1,0,,0,,0,,0,,0,
2025-07-21,LONDON_0800,ORIGINAL_DIRECT_UTC,US100,1753081200,2025-07-21T07:00:00,1753081500,1,1,1,1,0,,0,,0,,0,,0,
2025-07-21,LONDON_0800,ORIGINAL_DIRECT_UTC,US30,1753081200,2025-07-21T07:00:00,1753081500,1,1,0,0,0,,0,,0,,2,34 47,0,
2025-07-21,LONDON_0800,NY_CLOSE_BROKER_CONVENTION,US100,1753092000,2025-07-21T10:00:00,1753092300,1,1,1,1,0,,0,,0,,0,,0,
2025-07-21,LONDON_0800,NY_CLOSE_BROKER_CONVENTION,US30,1753092000,2025-07-21T10:00:00,1753092300,1,1,1,1,0,,0,,0,,0,,0,
2025-07-21,NEW_YORK_0930,ORIGINAL_DIRECT_UTC,US100,1753104600,2025-07-21T13:30:00,1753104900,1,1,1,1,0,,0,,0,,0,,0,
2025-07-21,NEW_YORK_0930,ORIGINAL_DIRECT_UTC,US30,1753104600,2025-07-21T13:30:00,1753104900,1,1,1,1,0,,0,,0,,0,,0,
2025-07-21,NEW_YORK_0930,NY_CLOSE_BROKER_CONVENTION,US100,1753115400,2025-07-21T16:30:00,1753115700,1,1,1,1,0,,0,,0,,0,,0,
2025-07-21,NEW_YORK_0930,NY_CLOSE_BROKER_CONVENTION,US30,1753115400,2025-07-21T16:30:00,1753115700,1,1,1,1,0,,0,,0,,0,,0,
2025-07-22,LONDON_0800,ORIGINAL_DIRECT_UTC,US100,1753167600,2025-07-22T07:00:00,1753167900,1,1,1,1,0,,0,,0,,0,,0,
2025-07-22,LONDON_0800,ORIGINAL_DIRECT_UTC,US30,1753167600,2025-07-22T07:00:00,1753167900,1,0,0,0,0,,0,,1,5,0,,0,
2025-07-22,LONDON_0800,NY_CLOSE_BROKER_CONVENTION,US100,1753178400,2025-07-22T10:00:00,1753178700,1,1,1,1,0,,0,,0,,0,,0,
2025-07-22,LONDON_0800,NY_CLOSE_BROKER_CONVENTION,US30,1753178400,2025-07-22T10:00:00,1753178700,1,1,1,1,0,,0,,0,,0,,0,
2025-07-22,NEW_YORK_0930,ORIGINAL_DIRECT_UTC,US100,1753191000,2025-07-22T13:30:00,1753191300,1,1,1,1,0,,0,,0,,0,,0,
2025-07-22,NEW_YORK_0930,ORIGINAL_DIRECT_UTC,US30,1753191000,2025-07-22T13:30:00,1753191300,1,1,1,1,0,,0,,0,,0,,0,
2025-07-22,NEW_YORK_0930,NY_CLOSE_BROKER_CONVENTION,US100,1753201800,2025-07-22T16:30:00,1753202100,1,1,1,1,0,,0,,0,,0,,0,
2025-07-22,NEW_YORK_0930,NY_CLOSE_BROKER_CONVENTION,US30,1753201800,2025-07-22T16:30:00,1753202100,1,1,1,1,0,,0,,0,,0,,0,
2025-07-23,LONDON_0800,ORIGINAL_DIRECT_UTC,US100,1753254000,2025-07-23T07:00:00,1753254300,1,1,1,1,0,,0,,0,,0,,0,
2025-07-23,LONDON_0800,ORIGINAL_DIRECT_UTC,US30,1753254000,2025-07-23T07:00:00,1753254300,1,1,1,1,0,,0,,0,,0,,0,
2025-07-23,LONDON_0800,NY_CLOSE_BROKER_CONVENTION,US100,1753264800,2025-07-23T10:00:00,1753265100,1,1,1,1,0,,0,,0,,0,,0,
2025-07-23,LONDON_0800,NY_CLOSE_BROKER_CONVENTION,US30,1753264800,2025-07-23T10:00:00,1753265100,1,1,1,1,0,,0,,0,,0,,0,
2025-07-23,NEW_YORK_0930,ORIGINAL_DIRECT_UTC,US100,1753277400,2025-07-23T13:30:00,1753277700,1,1,1,1,0,,0,,0,,0,,0,
2025-07-23,NEW_YORK_0930,ORIGINAL_DIRECT_UTC,US30,1753277400,2025-07-23T13:30:00,1753277700,1,1,1,1,0,,0,,0,,0,,0,
2025-07-23,NEW_YORK_0930,NY_CLOSE_BROKER_CONVENTION,US100,1753288200,2025-07-23T16:30:00,1753288500,1,1,1,1,0,,0,,0,,0,,0,
2025-07-23,NEW_YORK_0930,NY_CLOSE_BROKER_CONVENTION,US30,1753288200,2025-07-23T16:30:00,1753288500,1,1,1,1,0,,0,,0,,0,,0,
2025-07-24,LONDON_0800,ORIGINAL_DIRECT_UTC,US100,1753340400,2025-07-24T07:00:00,1753340700,1,1,1,1,0,,0,,0,,0,,0,
2025-07-24,LONDON_0800,ORIGINAL_DIRECT_UTC,US30,1753340400,2025-07-24T07:00:00,1753340700,0,0,0,0,1,-26,0,,0,,0,,0,
2025-07-24,LONDON_0800,NY_CLOSE_BROKER_CONVENTION,US100,1753351200,2025-07-24T10:00:00,1753351500,1,1,1,1,0,,0,,0,,0,,0,
2025-07-24,LONDON_0800,NY_CLOSE_BROKER_CONVENTION,US30,1753351200,2025-07-24T10:00:00,1753351500,1,1,1,1,0,,0,,0,,0,,0,
2025-07-24,NEW_YORK_0930,ORIGINAL_DIRECT_UTC,US100,1753363800,2025-07-24T13:30:00,1753364100,1,1,1,1,0,,0,,0,,0,,0,
2025-07-24,NEW_YORK_0930,ORIGINAL_DIRECT_UTC,US30,1753363800,2025-07-24T13:30:00,1753364100,1,1,1,1,0,,0,,0,,0,,0,
2025-07-24,NEW_YORK_0930,NY_CLOSE_BROKER_CONVENTION,US100,1753374600,2025-07-24T16:30:00,1753374900,1,1,1,1,0,,0,,0,,0,,0,
2025-07-24,NEW_YORK_0930,NY_CLOSE_BROKER_CONVENTION,US30,1753374600,2025-07-24T16:30:00,1753374900,1,1,1,1,0,,0,,0,,0,,0,
2025-07-25,LONDON_0800,ORIGINAL_DIRECT_UTC,US100,1753426800,2025-07-25T07:00:00,1753427100,1,1,1,1,0,,0,,0,,0,,0,
2025-07-25,LONDON_0800,ORIGINAL_DIRECT_UTC,US30,1753426800,2025-07-25T07:00:00,1753427100,1,1,0,0,0,,0,,0,,1,20,0,
2025-07-25,LONDON_0800,NY_CLOSE_BROKER_CONVENTION,US100,1753437600,2025-07-25T10:00:00,1753437900,1,1,1,1,0,,0,,0,,0,,0,
2025-07-25,LONDON_0800,NY_CLOSE_BROKER_CONVENTION,US30,1753437600,2025-07-25T10:00:00,1753437900,1,1,1,1,0,,0,,0,,0,,0,
2025-07-25,NEW_YORK_0930,ORIGINAL_DIRECT_UTC,US100,1753450200,2025-07-25T13:30:00,1753450500,1,1,1,1,0,,0,,0,,0,,0,
2025-07-25,NEW_YORK_0930,ORIGINAL_DIRECT_UTC,US30,1753450200,2025-07-25T13:30:00,1753450500,1,1,1,1,0,,0,,0,,0,,0,
2025-07-25,NEW_YORK_0930,NY_CLOSE_BROKER_CONVENTION,US100,1753461000,2025-07-25T16:30:00,1753461300,1,1,1,1,0,,0,,0,,0,,0,
2025-07-25,NEW_YORK_0930,NY_CLOSE_BROKER_CONVENTION,US30,1753461000,2025-07-25T16:30:00,1753461300,1,1,1,1,0,,0,,0,,0,,0,
2025-07-28,LONDON_0800,ORIGINAL_DIRECT_UTC,US100,1753686000,2025-07-28T07:00:00,1753686300,1,1,1,1,0,,0,,0,,0,,0,
2025-07-28,LONDON_0800,ORIGINAL_DIRECT_UTC,US30,1753686000,2025-07-28T07:00:00,1753686300,0,0,0,0,1,-5,0,,0,,6,17 21 27 29 35 49,1,71
2025-07-28,LONDON_0800,NY_CLOSE_BROKER_CONVENTION,US100,1753696800,2025-07-28T10:00:00,1753697100,1,1,1,1,0,,0,,0,,0,,0,
2025-07-28,LONDON_0800,NY_CLOSE_BROKER_CONVENTION,US30,1753696800,2025-07-28T10:00:00,1753697100,1,1,1,1,0,,0,,0,,0,,0,
2025-07-28,NEW_YORK_0930,ORIGINAL_DIRECT_UTC,US100,1753709400,2025-07-28T13:30:00,1753709700,1,1,1,1,0,,0,,0,,0,,0,
2025-07-28,NEW_YORK_0930,ORIGINAL_DIRECT_UTC,US30,1753709400,2025-07-28T13:30:00,1753709700,1,1,1,1,0,,0,,0,,0,,0,
2025-07-28,NEW_YORK_0930,NY_CLOSE_BROKER_CONVENTION,US100,1753720200,2025-07-28T16:30:00,1753720500,1,1,1,1,0,,0,,0,,0,,0,
2025-07-28,NEW_YORK_0930,NY_CLOSE_BROKER_CONVENTION,US30,1753720200,2025-07-28T16:30:00,1753720500,1,1,1,1,0,,0,,0,,0,,0,
2025-07-29,LONDON_0800,ORIGINAL_DIRECT_UTC,US100,1753772400,2025-07-29T07:00:00,1753772700,1,1,1,1,0,,0,,0,,0,,0,
2025-07-29,LONDON_0800,ORIGINAL_DIRECT_UTC,US30,1753772400,2025-07-29T07:00:00,1753772700,1,1,0,0,0,,0,,0,,3,12 39 49,0,
2025-07-29,LONDON_0800,NY_CLOSE_BROKER_CONVENTION,US100,1753783200,2025-07-29T10:00:00,1753783500,1,1,1,1,0,,0,,0,,0,,0,
2025-07-29,LONDON_0800,NY_CLOSE_BROKER_CONVENTION,US30,1753783200,2025-07-29T10:00:00,1753783500,1,1,1,1,0,,0,,0,,0,,0,
2025-07-29,NEW_YORK_0930,ORIGINAL_DIRECT_UTC,US100,1753795800,2025-07-29T13:30:00,1753796100,1,1,1,1,0,,0,,0,,0,,0,
2025-07-29,NEW_YORK_0930,ORIGINAL_DIRECT_UTC,US30,1753795800,2025-07-29T13:30:00,1753796100,1,1,1,1,0,,0,,0,,0,,0,
2025-07-29,NEW_YORK_0930,NY_CLOSE_BROKER_CONVENTION,US100,1753806600,2025-07-29T16:30:00,1753806900,1,1,1,1,0,,0,,0,,0,,0,
2025-07-29,NEW_YORK_0930,NY_CLOSE_BROKER_CONVENTION,US30,1753806600,2025-07-29T16:30:00,1753806900,1,1,1,1,0,,0,,0,,0,,0,
2025-07-30,LONDON_0800,ORIGINAL_DIRECT_UTC,US100,1753858800,2025-07-30T07:00:00,1753859100,1,1,1,1,0,,0,,0,,0,,0,
2025-07-30,LONDON_0800,ORIGINAL_DIRECT_UTC,US30,1753858800,2025-07-30T07:00:00,1753859100,1,1,0,0,0,,0,,0,,1,52,0,
2025-07-30,LONDON_0800,NY_CLOSE_BROKER_CONVENTION,US100,1753869600,2025-07-30T10:00:00,1753869900,1,1,1,1,0,,0,,0,,0,,0,
2025-07-30,LONDON_0800,NY_CLOSE_BROKER_CONVENTION,US30,1753869600,2025-07-30T10:00:00,1753869900,1,1,1,1,0,,0,,0,,0,,0,
2025-07-30,NEW_YORK_0930,ORIGINAL_DIRECT_UTC,US100,1753882200,2025-07-30T13:30:00,1753882500,1,1,1,1,0,,0,,0,,0,,0,
2025-07-30,NEW_YORK_0930,ORIGINAL_DIRECT_UTC,US30,1753882200,2025-07-30T13:30:00,1753882500,1,1,1,1,0,,0,,0,,0,,0,
2025-07-30,NEW_YORK_0930,NY_CLOSE_BROKER_CONVENTION,US100,1753893000,2025-07-30T16:30:00,1753893300,1,1,1,1,0,,0,,0,,0,,0,
2025-07-30,NEW_YORK_0930,NY_CLOSE_BROKER_CONVENTION,US30,1753893000,2025-07-30T16:30:00,1753893300,1,1,1,1,0,,0,,0,,0,,0,
2025-07-31,LONDON_0800,ORIGINAL_DIRECT_UTC,US100,1753945200,2025-07-31T07:00:00,1753945500,1,1,1,1,0,,0,,0,,0,,0,
2025-07-31,LONDON_0800,ORIGINAL_DIRECT_UTC,US30,1753945200,2025-07-31T07:00:00,1753945500,0,0,0,0,1,-13,0,,0,,0,,0,
2025-07-31,LONDON_0800,NY_CLOSE_BROKER_CONVENTION,US100,1753956000,2025-07-31T10:00:00,1753956300,1,1,1,1,0,,0,,0,,0,,0,
2025-07-31,LONDON_0800,NY_CLOSE_BROKER_CONVENTION,US30,1753956000,2025-07-31T10:00:00,1753956300,1,1,1,1,0,,0,,0,,0,,0,
2025-07-31,NEW_YORK_0930,ORIGINAL_DIRECT_UTC,US100,1753968600,2025-07-31T13:30:00,1753968900,1,1,1,1,0,,0,,0,,0,,0,
2025-07-31,NEW_YORK_0930,ORIGINAL_DIRECT_UTC,US30,1753968600,2025-07-31T13:30:00,1753968900,1,1,1,1,0,,0,,0,,0,,0,
2025-07-31,NEW_YORK_0930,NY_CLOSE_BROKER_CONVENTION,US100,1753979400,2025-07-31T16:30:00,1753979700,1,1,1,1,0,,0,,0,,0,,0,
2025-07-31,NEW_YORK_0930,NY_CLOSE_BROKER_CONVENTION,US30,1753979400,2025-07-31T16:30:00,1753979700,1,1,1,1,0,,0,,0,,0,,0,
2025-08-01,LONDON_0800,ORIGINAL_DIRECT_UTC,US100,1754031600,2025-08-01T07:00:00,1754031900,1,1,1,1,0,,0,,0,,0,,0,
2025-08-01,LONDON_0800,ORIGINAL_DIRECT_UTC,US30,1754031600,2025-08-01T07:00:00,1754031900,1,1,1,1,0,,0,,0,,0,,0,
2025-08-01,LONDON_0800,NY_CLOSE_BROKER_CONVENTION,US100,1754042400,2025-08-01T10:00:00,1754042700,1,1,1,1,0,,0,,0,,0,,0,
2025-08-01,LONDON_0800,NY_CLOSE_BROKER_CONVENTION,US30,1754042400,2025-08-01T10:00:00,1754042700,1,1,1,1,0,,0,,0,,0,,0,
2025-08-01,NEW_YORK_0930,ORIGINAL_DIRECT_UTC,US100,1754055000,2025-08-01T13:30:00,1754055300,1,1,1,1,0,,0,,0,,0,,0,
2025-08-01,NEW_YORK_0930,ORIGINAL_DIRECT_UTC,US30,1754055000,2025-08-01T13:30:00,1754055300,1,1,1,1,0,,0,,0,,0,,0,
2025-08-01,NEW_YORK_0930,NY_CLOSE_BROKER_CONVENTION,US100,1754065800,2025-08-01T16:30:00,1754066100,1,1,1,1,0,,0,,0,,0,,0,
2025-08-01,NEW_YORK_0930,NY_CLOSE_BROKER_CONVENTION,US30,1754065800,2025-08-01T16:30:00,1754066100,1,1,1,1,0,,0,,0,,0,,0,
2025-08-04,LONDON_0800,ORIGINAL_DIRECT_UTC,US100,1754290800,2025-08-04T07:00:00,1754291100,1,1,1,1,0,,0,,0,,0,,0,
2025-08-04,LONDON_0800,ORIGINAL_DIRECT_UTC,US30,1754290800,2025-08-04T07:00:00,1754291100,1,1,1,1,0,,0,,0,,0,,0,
2025-08-04,LONDON_0800,NY_CLOSE_BROKER_CONVENTION,US100,1754301600,2025-08-04T10:00:00,1754301900,1,1,1,1,0,,0,,0,,0,,0,
2025-08-04,LONDON_0800,NY_CLOSE_BROKER_CONVENTION,US30,1754301600,2025-08-04T10:00:00,1754301900,1,1,1,1,0,,0,,0,,0,,0,
2025-08-04,NEW_YORK_0930,ORIGINAL_DIRECT_UTC,US100,1754314200,2025-08-04T13:30:00,1754314500,1,1,1,1,0,,0,,0,,0,,0,
2025-08-04,NEW_YORK_0930,ORIGINAL_DIRECT_UTC,US30,1754314200,2025-08-04T13:30:00,1754314500,1,1,1,1,0,,0,,0,,0,,0,
2025-08-04,NEW_YORK_0930,NY_CLOSE_BROKER_CONVENTION,US100,1754325000,2025-08-04T16:30:00,1754325300,1,1,1,1,0,,0,,0,,0,,0,
2025-08-04,NEW_YORK_0930,NY_CLOSE_BROKER_CONVENTION,US30,1754325000,2025-08-04T16:30:00,1754325300,1,1,1,1,0,,0,,0,,0,,0,
2025-08-05,LONDON_0800,ORIGINAL_DIRECT_UTC,US100,1754377200,2025-08-05T07:00:00,1754377500,1,1,1,1,0,,0,,0,,0,,0,
2025-08-05,LONDON_0800,ORIGINAL_DIRECT_UTC,US30,1754377200,2025-08-05T07:00:00,1754377500,1,1,1,1,0,,0,,0,,0,,0,
2025-08-05,LONDON_0800,NY_CLOSE_BROKER_CONVENTION,US100,1754388000,2025-08-05T10:00:00,1754388300,1,1,1,1,0,,0,,0,,0,,0,
2025-08-05,LONDON_0800,NY_CLOSE_BROKER_CONVENTION,US30,1754388000,2025-08-05T10:00:00,1754388300,1,1,1,1,0,,0,,0,,0,,0,
2025-08-05,NEW_YORK_0930,ORIGINAL_DIRECT_UTC,US100,1754400600,2025-08-05T13:30:00,1754400900,1,1,1,1,0,,0,,0,,0,,0,
2025-08-05,NEW_YORK_0930,ORIGINAL_DIRECT_UTC,US30,1754400600,2025-08-05T13:30:00,1754400900,1,1,1,1,0,,0,,0,,0,,0,
2025-08-05,NEW_YORK_0930,NY_CLOSE_BROKER_CONVENTION,US100,1754411400,2025-08-05T16:30:00,1754411700,1,1,1,1,0,,0,,0,,0,,0,
2025-08-05,NEW_YORK_0930,NY_CLOSE_BROKER_CONVENTION,US30,1754411400,2025-08-05T16:30:00,1754411700,1,1,1,1,0,,0,,0,,0,,0,
2025-08-06,LONDON_0800,ORIGINAL_DIRECT_UTC,US100,1754463600,2025-08-06T07:00:00,1754463900,1,1,1,1,0,,0,,0,,0,,0,
2025-08-06,LONDON_0800,ORIGINAL_DIRECT_UTC,US30,1754463600,2025-08-06T07:00:00,1754463900,1,1,1,1,0,,0,,0,,0,,0,
2025-08-06,LONDON_0800,NY_CLOSE_BROKER_CONVENTION,US100,1754474400,2025-08-06T10:00:00,1754474700,1,1,1,1,0,,0,,0,,0,,0,
2025-08-06,LONDON_0800,NY_CLOSE_BROKER_CONVENTION,US30,1754474400,2025-08-06T10:00:00,1754474700,1,1,1,1,0,,0,,0,,0,,0,
2025-08-06,NEW_YORK_0930,ORIGINAL_DIRECT_UTC,US100,1754487000,2025-08-06T13:30:00,1754487300,1,1,1,1,0,,0,,0,,0,,0,
2025-08-06,NEW_YORK_0930,ORIGINAL_DIRECT_UTC,US30,1754487000,2025-08-06T13:30:00,1754487300,1,1,1,1,0,,0,,0,,0,,0,
2025-08-06,NEW_YORK_0930,NY_CLOSE_BROKER_CONVENTION,US100,1754497800,2025-08-06T16:30:00,1754498100,1,1,1,1,0,,0,,0,,0,,0,
2025-08-06,NEW_YORK_0930,NY_CLOSE_BROKER_CONVENTION,US30,1754497800,2025-08-06T16:30:00,1754498100,1,1,1,1,0,,0,,0,,0,,0,
2025-08-07,LONDON_0800,ORIGINAL_DIRECT_UTC,US100,1754550000,2025-08-07T07:00:00,1754550300,1,1,1,1,0,,0,,0,,0,,0,
2025-08-07,LONDON_0800,ORIGINAL_DIRECT_UTC,US30,1754550000,2025-08-07T07:00:00,1754550300,1,1,1,1,0,,0,,0,,0,,0,
2025-08-07,LONDON_0800,NY_CLOSE_BROKER_CONVENTION,US100,1754560800,2025-08-07T10:00:00,1754561100,1,1,1,1,0,,0,,0,,0,,0,
2025-08-07,LONDON_0800,NY_CLOSE_BROKER_CONVENTION,US30,1754560800,2025-08-07T10:00:00,1754561100,1,1,1,1,0,,0,,0,,0,,0,
2025-08-07,NEW_YORK_0930,ORIGINAL_DIRECT_UTC,US100,1754573400,2025-08-07T13:30:00,1754573700,1,1,1,1,0,,0,,0,,0,,0,
2025-08-07,NEW_YORK_0930,ORIGINAL_DIRECT_UTC,US30,1754573400,2025-08-07T13:30:00,1754573700,1,1,1,1,0,,0,,0,,0,,0,
2025-08-07,NEW_YORK_0930,NY_CLOSE_BROKER_CONVENTION,US100,1754584200,2025-08-07T16:30:00,1754584500,1,1,1,1,0,,0,,0,,0,,0,
2025-08-07,NEW_YORK_0930,NY_CLOSE_BROKER_CONVENTION,US30,1754584200,2025-08-07T16:30:00,1754584500,1,1,1,1,0,,0,,0,,0,,0,
2025-08-08,LONDON_0800,ORIGINAL_DIRECT_UTC,US100,1754636400,2025-08-08T07:00:00,1754636700,1,1,1,1,0,,0,,0,,0,,0,
2025-08-08,LONDON_0800,ORIGINAL_DIRECT_UTC,US30,1754636400,2025-08-08T07:00:00,1754636700,1,1,1,1,0,,0,,0,,0,,0,
2025-08-08,LONDON_0800,NY_CLOSE_BROKER_CONVENTION,US100,1754647200,2025-08-08T10:00:00,1754647500,1,1,1,1,0,,0,,0,,0,,0,
2025-08-08,LONDON_0800,NY_CLOSE_BROKER_CONVENTION,US30,1754647200,2025-08-08T10:00:00,1754647500,1,1,1,1,0,,0,,0,,0,,0,
2025-08-08,NEW_YORK_0930,ORIGINAL_DIRECT_UTC,US100,1754659800,2025-08-08T13:30:00,1754660100,1,1,1,1,0,,0,,0,,0,,0,
2025-08-08,NEW_YORK_0930,ORIGINAL_DIRECT_UTC,US30,1754659800,2025-08-08T13:30:00,1754660100,1,1,1,1,0,,0,,0,,0,,0,
2025-08-08,NEW_YORK_0930,NY_CLOSE_BROKER_CONVENTION,US100,1754670600,2025-08-08T16:30:00,1754670900,1,1,1,1,0,,0,,0,,0,,0,
2025-08-08,NEW_YORK_0930,NY_CLOSE_BROKER_CONVENTION,US30,1754670600,2025-08-08T16:30:00,1754670900,1,1,1,1,0,,0,,0,,0,,0,
2025-08-11,LONDON_0800,ORIGINAL_DIRECT_UTC,US100,1754895600,2025-08-11T07:00:00,1754895900,1,1,1,1,0,,0,,0,,0,,0,
2025-08-11,LONDON_0800,ORIGINAL_DIRECT_UTC,US30,1754895600,2025-08-11T07:00:00,1754895900,1,1,1,1,0,,0,,0,,0,,0,
2025-08-11,LONDON_0800,NY_CLOSE_BROKER_CONVENTION,US100,1754906400,2025-08-11T10:00:00,1754906700,1,1,1,1,0,,0,,0,,0,,0,
2025-08-11,LONDON_0800,NY_CLOSE_BROKER_CONVENTION,US30,1754906400,2025-08-11T10:00:00,1754906700,1,1,1,1,0,,0,,0,,0,,0,
2025-08-11,NEW_YORK_0930,ORIGINAL_DIRECT_UTC,US100,1754919000,2025-08-11T13:30:00,1754919300,1,1,1,1,0,,0,,0,,0,,0,
2025-08-11,NEW_YORK_0930,ORIGINAL_DIRECT_UTC,US30,1754919000,2025-08-11T13:30:00,1754919300,1,1,1,1,0,,0,,0,,0,,0,
2025-08-11,NEW_YORK_0930,NY_CLOSE_BROKER_CONVENTION,US100,1754929800,2025-08-11T16:30:00,1754930100,1,1,1,1,0,,0,,0,,0,,0,
2025-08-11,NEW_YORK_0930,NY_CLOSE_BROKER_CONVENTION,US30,1754929800,2025-08-11T16:30:00,1754930100,1,1,1,1,0,,0,,0,,0,,0,
2025-08-12,LONDON_0800,ORIGINAL_DIRECT_UTC,US100,1754982000,2025-08-12T07:00:00,1754982300,1,1,1,1,0,,0,,0,,0,,0,
2025-08-12,LONDON_0800,ORIGINAL_DIRECT_UTC,US30,1754982000,2025-08-12T07:00:00,1754982300,1,1,1,1,0,,0,,0,,0,,0,
2025-08-12,LONDON_0800,NY_CLOSE_BROKER_CONVENTION,US100,1754992800,2025-08-12T10:00:00,1754993100,1,1,1,1,0,,0,,0,,0,,0,
2025-08-12,LONDON_0800,NY_CLOSE_BROKER_CONVENTION,US30,1754992800,2025-08-12T10:00:00,1754993100,1,1,1,1,0,,0,,0,,0,,0,
2025-08-12,NEW_YORK_0930,ORIGINAL_DIRECT_UTC,US100,1755005400,2025-08-12T13:30:00,1755005700,1,1,1,1,0,,0,,0,,0,,0,
2025-08-12,NEW_YORK_0930,ORIGINAL_DIRECT_UTC,US30,1755005400,2025-08-12T13:30:00,1755005700,1,1,1,1,0,,0,,0,,0,,0,
2025-08-12,NEW_YORK_0930,NY_CLOSE_BROKER_CONVENTION,US100,1755016200,2025-08-12T16:30:00,1755016500,1,1,1,1,0,,0,,0,,0,,0,
2025-08-12,NEW_YORK_0930,NY_CLOSE_BROKER_CONVENTION,US30,1755016200,2025-08-12T16:30:00,1755016500,1,1,1,1,0,,0,,0,,0,,0,
2025-08-13,LONDON_0800,ORIGINAL_DIRECT_UTC,US100,1755068400,2025-08-13T07:00:00,1755068700,1,1,1,1,0,,0,,0,,0,,0,
2025-08-13,LONDON_0800,ORIGINAL_DIRECT_UTC,US30,1755068400,2025-08-13T07:00:00,1755068700,1,1,1,1,0,,0,,0,,0,,0,
2025-08-13,LONDON_0800,NY_CLOSE_BROKER_CONVENTION,US100,1755079200,2025-08-13T10:00:00,1755079500,1,1,1,1,0,,0,,0,,0,,0,
2025-08-13,LONDON_0800,NY_CLOSE_BROKER_CONVENTION,US30,1755079200,2025-08-13T10:00:00,1755079500,1,1,1,1,0,,0,,0,,0,,0,
2025-08-13,NEW_YORK_0930,ORIGINAL_DIRECT_UTC,US100,1755091800,2025-08-13T13:30:00,1755092100,1,1,1,1,0,,0,,0,,0,,0,
2025-08-13,NEW_YORK_0930,ORIGINAL_DIRECT_UTC,US30,1755091800,2025-08-13T13:30:00,1755092100,1,1,1,1,0,,0,,0,,0,,0,
2025-08-13,NEW_YORK_0930,NY_CLOSE_BROKER_CONVENTION,US100,1755102600,2025-08-13T16:30:00,1755102900,1,1,1,1,0,,0,,0,,0,,0,
2025-08-13,NEW_YORK_0930,NY_CLOSE_BROKER_CONVENTION,US30,1755102600,2025-08-13T16:30:00,1755102900,1,1,1,1,0,,0,,0,,0,,0,
2025-08-14,LONDON_0800,ORIGINAL_DIRECT_UTC,US100,1755154800,2025-08-14T07:00:00,1755155100,1,1,1,1,0,,0,,0,,0,,0,
2025-08-14,LONDON_0800,ORIGINAL_DIRECT_UTC,US30,1755154800,2025-08-14T07:00:00,1755155100,1,1,1,1,0,,0,,0,,0,,0,
2025-08-14,LONDON_0800,NY_CLOSE_BROKER_CONVENTION,US100,1755165600,2025-08-14T10:00:00,1755165900,1,1,1,1,0,,0,,0,,0,,0,
2025-08-14,LONDON_0800,NY_CLOSE_BROKER_CONVENTION,US30,1755165600,2025-08-14T10:00:00,1755165900,1,1,1,1,0,,0,,0,,0,,0,
2025-08-14,NEW_YORK_0930,ORIGINAL_DIRECT_UTC,US100,1755178200,2025-08-14T13:30:00,1755178500,1,1,1,1,0,,0,,0,,0,,0,
2025-08-14,NEW_YORK_0930,ORIGINAL_DIRECT_UTC,US30,1755178200,2025-08-14T13:30:00,1755178500,1,1,1,1,0,,0,,0,,0,,0,
2025-08-14,NEW_YORK_0930,NY_CLOSE_BROKER_CONVENTION,US100,1755189000,2025-08-14T16:30:00,1755189300,1,1,1,1,0,,0,,0,,0,,0,
2025-08-14,NEW_YORK_0930,NY_CLOSE_BROKER_CONVENTION,US30,1755189000,2025-08-14T16:30:00,1755189300,1,1,1,1,0,,0,,0,,0,,0,
2025-08-15,LONDON_0800,ORIGINAL_DIRECT_UTC,US100,1755241200,2025-08-15T07:00:00,1755241500,1,1,1,1,0,,0,,0,,0,,0,
2025-08-15,LONDON_0800,ORIGINAL_DIRECT_UTC,US30,1755241200,2025-08-15T07:00:00,1755241500,1,1,1,1,0,,0,,0,,0,,0,
2025-08-15,LONDON_0800,NY_CLOSE_BROKER_CONVENTION,US100,1755252000,2025-08-15T10:00:00,1755252300,1,1,1,1,0,,0,,0,,0,,0,
2025-08-15,LONDON_0800,NY_CLOSE_BROKER_CONVENTION,US30,1755252000,2025-08-15T10:00:00,1755252300,1,1,1,1,0,,0,,0,,0,,0,
2025-08-15,NEW_YORK_0930,ORIGINAL_DIRECT_UTC,US100,1755264600,2025-08-15T13:30:00,1755264900,1,1,1,1,0,,0,,0,,0,,0,
2025-08-15,NEW_YORK_0930,ORIGINAL_DIRECT_UTC,US30,1755264600,2025-08-15T13:30:00,1755264900,1,1,1,1,0,,0,,0,,0,,0,
2025-08-15,NEW_YORK_0930,NY_CLOSE_BROKER_CONVENTION,US100,1755275400,2025-08-15T16:30:00,1755275700,1,1,1,1,0,,0,,0,,0,,0,
2025-08-15,NEW_YORK_0930,NY_CLOSE_BROKER_CONVENTION,US30,1755275400,2025-08-15T16:30:00,1755275700,1,1,1,1,0,,0,,0,,0,,0,
2025-08-18,LONDON_0800,ORIGINAL_DIRECT_UTC,US100,1755500400,2025-08-18T07:00:00,1755500700,1,1,1,1,0,,0,,0,,0,,0,
2025-08-18,LONDON_0800,ORIGINAL_DIRECT_UTC,US30,1755500400,2025-08-18T07:00:00,1755500700,1,1,1,1,0,,0,,0,,0,,0,
2025-08-18,LONDON_0800,NY_CLOSE_BROKER_CONVENTION,US100,1755511200,2025-08-18T10:00:00,1755511500,1,1,1,1,0,,0,,0,,0,,0,
2025-08-18,LONDON_0800,NY_CLOSE_BROKER_CONVENTION,US30,1755511200,2025-08-18T10:00:00,1755511500,1,1,1,1,0,,0,,0,,0,,0,
2025-08-18,NEW_YORK_0930,ORIGINAL_DIRECT_UTC,US100,1755523800,2025-08-18T13:30:00,1755524100,1,1,1,1,0,,0,,0,,0,,0,
2025-08-18,NEW_YORK_0930,ORIGINAL_DIRECT_UTC,US30,1755523800,2025-08-18T13:30:00,1755524100,1,1,1,1,0,,0,,0,,0,,0,
2025-08-18,NEW_YORK_0930,NY_CLOSE_BROKER_CONVENTION,US100,1755534600,2025-08-18T16:30:00,1755534900,1,1,1,1,0,,0,,0,,0,,0,
2025-08-18,NEW_YORK_0930,NY_CLOSE_BROKER_CONVENTION,US30,1755534600,2025-08-18T16:30:00,1755534900,1,1,1,1,0,,0,,0,,0,,0,
2025-08-19,LONDON_0800,ORIGINAL_DIRECT_UTC,US100,1755586800,2025-08-19T07:00:00,1755587100,1,1,1,1,0,,0,,0,,0,,0,
2025-08-19,LONDON_0800,ORIGINAL_DIRECT_UTC,US30,1755586800,2025-08-19T07:00:00,1755587100,1,1,1,1,0,,0,,0,,0,,0,
2025-08-19,LONDON_0800,NY_CLOSE_BROKER_CONVENTION,US100,1755597600,2025-08-19T10:00:00,1755597900,1,1,1,1,0,,0,,0,,0,,0,
2025-08-19,LONDON_0800,NY_CLOSE_BROKER_CONVENTION,US30,1755597600,2025-08-19T10:00:00,1755597900,1,1,1,1,0,,0,,0,,0,,0,
2025-08-19,NEW_YORK_0930,ORIGINAL_DIRECT_UTC,US100,1755610200,2025-08-19T13:30:00,1755610500,1,1,1,1,0,,0,,0,,0,,0,
2025-08-19,NEW_YORK_0930,ORIGINAL_DIRECT_UTC,US30,1755610200,2025-08-19T13:30:00,1755610500,1,1,1,1,0,,0,,0,,0,,0,
2025-08-19,NEW_YORK_0930,NY_CLOSE_BROKER_CONVENTION,US100,1755621000,2025-08-19T16:30:00,1755621300,1,1,1,1,0,,0,,0,,0,,0,
2025-08-19,NEW_YORK_0930,NY_CLOSE_BROKER_CONVENTION,US30,1755621000,2025-08-19T16:30:00,1755621300,1,1,1,1,0,,0,,0,,0,,0,
2025-08-20,LONDON_0800,ORIGINAL_DIRECT_UTC,US100,1755673200,2025-08-20T07:00:00,1755673500,1,1,1,1,0,,0,,0,,0,,0,
2025-08-20,LONDON_0800,ORIGINAL_DIRECT_UTC,US30,1755673200,2025-08-20T07:00:00,1755673500,1,1,1,1,0,,0,,0,,0,,0,
2025-08-20,LONDON_0800,NY_CLOSE_BROKER_CONVENTION,US100,1755684000,2025-08-20T10:00:00,1755684300,1,1,1,1,0,,0,,0,,0,,0,
2025-08-20,LONDON_0800,NY_CLOSE_BROKER_CONVENTION,US30,1755684000,2025-08-20T10:00:00,1755684300,1,1,1,1,0,,0,,0,,0,,0,
2025-08-20,NEW_YORK_0930,ORIGINAL_DIRECT_UTC,US100,1755696600,2025-08-20T13:30:00,1755696900,1,1,1,1,0,,0,,0,,0,,0,
2025-08-20,NEW_YORK_0930,ORIGINAL_DIRECT_UTC,US30,1755696600,2025-08-20T13:30:00,1755696900,1,1,1,1,0,,0,,0,,0,,0,
2025-08-20,NEW_YORK_0930,NY_CLOSE_BROKER_CONVENTION,US100,1755707400,2025-08-20T16:30:00,1755707700,1,1,1,1,0,,0,,0,,0,,0,
2025-08-20,NEW_YORK_0930,NY_CLOSE_BROKER_CONVENTION,US30,1755707400,2025-08-20T16:30:00,1755707700,1,1,1,1,0,,0,,0,,0,,0,
2025-08-21,LONDON_0800,ORIGINAL_DIRECT_UTC,US100,1755759600,2025-08-21T07:00:00,1755759900,1,1,1,1,0,,0,,0,,0,,0,
2025-08-21,LONDON_0800,ORIGINAL_DIRECT_UTC,US30,1755759600,2025-08-21T07:00:00,1755759900,1,1,1,1,0,,0,,0,,0,,0,
2025-08-21,LONDON_0800,NY_CLOSE_BROKER_CONVENTION,US100,1755770400,2025-08-21T10:00:00,1755770700,1,1,1,1,0,,0,,0,,0,,0,
2025-08-21,LONDON_0800,NY_CLOSE_BROKER_CONVENTION,US30,1755770400,2025-08-21T10:00:00,1755770700,1,1,1,1,0,,0,,0,,0,,0,
2025-08-21,NEW_YORK_0930,ORIGINAL_DIRECT_UTC,US100,1755783000,2025-08-21T13:30:00,1755783300,1,1,1,1,0,,0,,0,,0,,0,
2025-08-21,NEW_YORK_0930,ORIGINAL_DIRECT_UTC,US30,1755783000,2025-08-21T13:30:00,1755783300,1,1,1,1,0,,0,,0,,0,,0,
2025-08-21,NEW_YORK_0930,NY_CLOSE_BROKER_CONVENTION,US100,1755793800,2025-08-21T16:30:00,1755794100,1,1,1,1,0,,0,,0,,0,,0,
2025-08-21,NEW_YORK_0930,NY_CLOSE_BROKER_CONVENTION,US30,1755793800,2025-08-21T16:30:00,1755794100,1,1,1,1,0,,0,,0,,0,,0,
2025-08-22,LONDON_0800,ORIGINAL_DIRECT_UTC,US100,1755846000,2025-08-22T07:00:00,1755846300,1,1,1,1,0,,0,,0,,0,,0,
2025-08-22,LONDON_0800,ORIGINAL_DIRECT_UTC,US30,1755846000,2025-08-22T07:00:00,1755846300,1,1,1,1,0,,0,,0,,0,,0,
2025-08-22,LONDON_0800,NY_CLOSE_BROKER_CONVENTION,US100,1755856800,2025-08-22T10:00:00,1755857100,1,1,1,1,0,,0,,0,,0,,0,
2025-08-22,LONDON_0800,NY_CLOSE_BROKER_CONVENTION,US30,1755856800,2025-08-22T10:00:00,1755857100,1,1,1,1,0,,0,,0,,0,,0,
2025-08-22,NEW_YORK_0930,ORIGINAL_DIRECT_UTC,US100,1755869400,2025-08-22T13:30:00,1755869700,1,1,1,1,0,,0,,0,,0,,0,
2025-08-22,NEW_YORK_0930,ORIGINAL_DIRECT_UTC,US30,1755869400,2025-08-22T13:30:00,1755869700,1,1,1,1,0,,0,,0,,0,,0,
2025-08-22,NEW_YORK_0930,NY_CLOSE_BROKER_CONVENTION,US100,1755880200,2025-08-22T16:30:00,1755880500,1,1,1,1,0,,0,,0,,0,,0,
2025-08-22,NEW_YORK_0930,NY_CLOSE_BROKER_CONVENTION,US30,1755880200,2025-08-22T16:30:00,1755880500,1,1,1,1,0,,0,,0,,0,,0,
2025-08-25,LONDON_0800,ORIGINAL_DIRECT_UTC,US100,1756105200,2025-08-25T07:00:00,1756105500,1,1,1,1,0,,0,,0,,0,,0,
2025-08-25,LONDON_0800,ORIGINAL_DIRECT_UTC,US30,1756105200,2025-08-25T07:00:00,1756105500,1,1,1,1,0,,0,,0,,0,,0,
2025-08-25,LONDON_0800,NY_CLOSE_BROKER_CONVENTION,US100,1756116000,2025-08-25T10:00:00,1756116300,1,1,1,1,0,,0,,0,,0,,0,
2025-08-25,LONDON_0800,NY_CLOSE_BROKER_CONVENTION,US30,1756116000,2025-08-25T10:00:00,1756116300,1,1,1,1,0,,0,,0,,0,,0,
2025-08-25,NEW_YORK_0930,ORIGINAL_DIRECT_UTC,US100,1756128600,2025-08-25T13:30:00,1756128900,1,1,1,1,0,,0,,0,,0,,0,
2025-08-25,NEW_YORK_0930,ORIGINAL_DIRECT_UTC,US30,1756128600,2025-08-25T13:30:00,1756128900,1,1,1,1,0,,0,,0,,0,,0,
2025-08-25,NEW_YORK_0930,NY_CLOSE_BROKER_CONVENTION,US100,1756139400,2025-08-25T16:30:00,1756139700,1,1,1,1,0,,0,,0,,0,,0,
2025-08-25,NEW_YORK_0930,NY_CLOSE_BROKER_CONVENTION,US30,1756139400,2025-08-25T16:30:00,1756139700,1,1,1,1,0,,0,,0,,0,,0,
2025-08-26,LONDON_0800,ORIGINAL_DIRECT_UTC,US100,1756191600,2025-08-26T07:00:00,1756191900,1,1,1,1,0,,0,,0,,0,,0,
2025-08-26,LONDON_0800,ORIGINAL_DIRECT_UTC,US30,1756191600,2025-08-26T07:00:00,1756191900,1,1,1,1,0,,0,,0,,0,,0,
2025-08-26,LONDON_0800,NY_CLOSE_BROKER_CONVENTION,US100,1756202400,2025-08-26T10:00:00,1756202700,1,1,1,1,0,,0,,0,,0,,0,
2025-08-26,LONDON_0800,NY_CLOSE_BROKER_CONVENTION,US30,1756202400,2025-08-26T10:00:00,1756202700,1,1,1,1,0,,0,,0,,0,,0,
2025-08-26,NEW_YORK_0930,ORIGINAL_DIRECT_UTC,US100,1756215000,2025-08-26T13:30:00,1756215300,1,1,1,1,0,,0,,0,,0,,0,
2025-08-26,NEW_YORK_0930,ORIGINAL_DIRECT_UTC,US30,1756215000,2025-08-26T13:30:00,1756215300,1,1,1,1,0,,0,,0,,0,,0,
2025-08-26,NEW_YORK_0930,NY_CLOSE_BROKER_CONVENTION,US100,1756225800,2025-08-26T16:30:00,1756226100,1,1,1,1,0,,0,,0,,0,,0,
2025-08-26,NEW_YORK_0930,NY_CLOSE_BROKER_CONVENTION,US30,1756225800,2025-08-26T16:30:00,1756226100,1,1,1,1,0,,0,,0,,0,,0,
2025-08-27,LONDON_0800,ORIGINAL_DIRECT_UTC,US100,1756278000,2025-08-27T07:00:00,1756278300,1,1,1,1,0,,0,,0,,0,,0,
2025-08-27,LONDON_0800,ORIGINAL_DIRECT_UTC,US30,1756278000,2025-08-27T07:00:00,1756278300,1,1,1,1,0,,0,,0,,0,,0,
2025-08-27,LONDON_0800,NY_CLOSE_BROKER_CONVENTION,US100,1756288800,2025-08-27T10:00:00,1756289100,1,1,1,1,0,,0,,0,,0,,0,
2025-08-27,LONDON_0800,NY_CLOSE_BROKER_CONVENTION,US30,1756288800,2025-08-27T10:00:00,1756289100,1,1,1,1,0,,0,,0,,0,,0,
2025-08-27,NEW_YORK_0930,ORIGINAL_DIRECT_UTC,US100,1756301400,2025-08-27T13:30:00,1756301700,1,1,1,1,0,,0,,0,,0,,0,
2025-08-27,NEW_YORK_0930,ORIGINAL_DIRECT_UTC,US30,1756301400,2025-08-27T13:30:00,1756301700,1,1,1,1,0,,0,,0,,0,,0,
2025-08-27,NEW_YORK_0930,NY_CLOSE_BROKER_CONVENTION,US100,1756312200,2025-08-27T16:30:00,1756312500,1,1,1,1,0,,0,,0,,0,,0,
2025-08-27,NEW_YORK_0930,NY_CLOSE_BROKER_CONVENTION,US30,1756312200,2025-08-27T16:30:00,1756312500,1,1,1,1,0,,0,,0,,0,,0,
2025-08-28,LONDON_0800,ORIGINAL_DIRECT_UTC,US100,1756364400,2025-08-28T07:00:00,1756364700,1,1,1,1,0,,0,,0,,0,,0,
2025-08-28,LONDON_0800,ORIGINAL_DIRECT_UTC,US30,1756364400,2025-08-28T07:00:00,1756364700,1,1,1,1,0,,0,,0,,0,,0,
2025-08-28,LONDON_0800,NY_CLOSE_BROKER_CONVENTION,US100,1756375200,2025-08-28T10:00:00,1756375500,1,1,1,1,0,,0,,0,,0,,0,
2025-08-28,LONDON_0800,NY_CLOSE_BROKER_CONVENTION,US30,1756375200,2025-08-28T10:00:00,1756375500,1,1,1,1,0,,0,,0,,0,,0,
2025-08-28,NEW_YORK_0930,ORIGINAL_DIRECT_UTC,US100,1756387800,2025-08-28T13:30:00,1756388100,1,1,1,1,0,,0,,0,,0,,0,
2025-08-28,NEW_YORK_0930,ORIGINAL_DIRECT_UTC,US30,1756387800,2025-08-28T13:30:00,1756388100,1,1,1,1,0,,0,,0,,0,,0,
2025-08-28,NEW_YORK_0930,NY_CLOSE_BROKER_CONVENTION,US100,1756398600,2025-08-28T16:30:00,1756398900,1,1,1,1,0,,0,,0,,0,,0,
2025-08-28,NEW_YORK_0930,NY_CLOSE_BROKER_CONVENTION,US30,1756398600,2025-08-28T16:30:00,1756398900,1,1,1,1,0,,0,,0,,0,,0,
2025-08-29,LONDON_0800,ORIGINAL_DIRECT_UTC,US100,1756450800,2025-08-29T07:00:00,1756451100,1,1,1,1,0,,0,,0,,0,,0,
2025-08-29,LONDON_0800,ORIGINAL_DIRECT_UTC,US30,1756450800,2025-08-29T07:00:00,1756451100,1,1,1,1,0,,0,,0,,0,,0,
2025-08-29,LONDON_0800,NY_CLOSE_BROKER_CONVENTION,US100,1756461600,2025-08-29T10:00:00,1756461900,1,1,1,1,0,,0,,0,,0,,0,
2025-08-29,LONDON_0800,NY_CLOSE_BROKER_CONVENTION,US30,1756461600,2025-08-29T10:00:00,1756461900,1,1,1,1,0,,0,,0,,0,,0,
2025-08-29,NEW_YORK_0930,ORIGINAL_DIRECT_UTC,US100,1756474200,2025-08-29T13:30:00,1756474500,1,1,1,1,0,,0,,0,,0,,0,
2025-08-29,NEW_YORK_0930,ORIGINAL_DIRECT_UTC,US30,1756474200,2025-08-29T13:30:00,1756474500,1,1,1,1,0,,0,,0,,0,,0,
2025-08-29,NEW_YORK_0930,NY_CLOSE_BROKER_CONVENTION,US100,1756485000,2025-08-29T16:30:00,1756485300,1,1,1,1,0,,0,,0,,0,,0,
2025-08-29,NEW_YORK_0930,NY_CLOSE_BROKER_CONVENTION,US30,1756485000,2025-08-29T16:30:00,1756485300,1,1,1,1,0,,0,,0,,0,,0,
2025-09-01,LONDON_0800,ORIGINAL_DIRECT_UTC,US100,1756710000,2025-09-01T07:00:00,1756710300,1,1,1,1,0,,0,,0,,0,,0,
2025-09-01,LONDON_0800,ORIGINAL_DIRECT_UTC,US30,1756710000,2025-09-01T07:00:00,1756710300,1,1,1,1,0,,0,,0,,0,,0,
2025-09-01,LONDON_0800,NY_CLOSE_BROKER_CONVENTION,US100,1756720800,2025-09-01T10:00:00,1756721100,1,1,1,1,0,,0,,0,,0,,0,
2025-09-01,LONDON_0800,NY_CLOSE_BROKER_CONVENTION,US30,1756720800,2025-09-01T10:00:00,1756721100,1,1,1,1,0,,0,,0,,0,,0,
2025-09-01,NEW_YORK_0930,ORIGINAL_DIRECT_UTC,US100,1756733400,2025-09-01T13:30:00,1756733700,1,1,1,1,0,,0,,0,,0,,0,
2025-09-01,NEW_YORK_0930,ORIGINAL_DIRECT_UTC,US30,1756733400,2025-09-01T13:30:00,1756733700,1,1,1,1,0,,0,,0,,0,,0,
2025-09-01,NEW_YORK_0930,NY_CLOSE_BROKER_CONVENTION,US100,1756744200,2025-09-01T16:30:00,1756744500,1,1,1,1,0,,0,,0,,0,,0,
2025-09-01,NEW_YORK_0930,NY_CLOSE_BROKER_CONVENTION,US30,1756744200,2025-09-01T16:30:00,1756744500,1,1,1,1,0,,0,,0,,0,,0,
2025-09-02,LONDON_0800,ORIGINAL_DIRECT_UTC,US100,1756796400,2025-09-02T07:00:00,1756796700,1,1,1,1,0,,0,,0,,0,,0,
2025-09-02,LONDON_0800,ORIGINAL_DIRECT_UTC,US30,1756796400,2025-09-02T07:00:00,1756796700,1,1,1,1,0,,0,,0,,0,,0,
2025-09-02,LONDON_0800,NY_CLOSE_BROKER_CONVENTION,US100,1756807200,2025-09-02T10:00:00,1756807500,1,1,1,1,0,,0,,0,,0,,0,
2025-09-02,LONDON_0800,NY_CLOSE_BROKER_CONVENTION,US30,1756807200,2025-09-02T10:00:00,1756807500,1,1,1,1,0,,0,,0,,0,,0,
2025-09-02,NEW_YORK_0930,ORIGINAL_DIRECT_UTC,US100,1756819800,2025-09-02T13:30:00,1756820100,1,1,1,1,0,,0,,0,,0,,0,
2025-09-02,NEW_YORK_0930,ORIGINAL_DIRECT_UTC,US30,1756819800,2025-09-02T13:30:00,1756820100,1,1,1,1,0,,0,,0,,0,,0,
2025-09-02,NEW_YORK_0930,NY_CLOSE_BROKER_CONVENTION,US100,1756830600,2025-09-02T16:30:00,1756830900,1,1,1,1,0,,0,,0,,0,,0,
2025-09-02,NEW_YORK_0930,NY_CLOSE_BROKER_CONVENTION,US30,1756830600,2025-09-02T16:30:00,1756830900,1,1,1,1,0,,0,,0,,0,,0,
2025-09-03,LONDON_0800,ORIGINAL_DIRECT_UTC,US100,1756882800,2025-09-03T07:00:00,1756883100,1,1,1,1,0,,0,,0,,0,,0,
2025-09-03,LONDON_0800,ORIGINAL_DIRECT_UTC,US30,1756882800,2025-09-03T07:00:00,1756883100,1,1,1,1,0,,0,,0,,0,,0,
2025-09-03,LONDON_0800,NY_CLOSE_BROKER_CONVENTION,US100,1756893600,2025-09-03T10:00:00,1756893900,1,1,1,1,0,,0,,0,,0,,0,
2025-09-03,LONDON_0800,NY_CLOSE_BROKER_CONVENTION,US30,1756893600,2025-09-03T10:00:00,1756893900,1,1,1,1,0,,0,,0,,0,,0,
2025-09-03,NEW_YORK_0930,ORIGINAL_DIRECT_UTC,US100,1756906200,2025-09-03T13:30:00,1756906500,1,1,1,1,0,,0,,0,,0,,0,
2025-09-03,NEW_YORK_0930,ORIGINAL_DIRECT_UTC,US30,1756906200,2025-09-03T13:30:00,1756906500,1,1,1,1,0,,0,,0,,0,,0,
2025-09-03,NEW_YORK_0930,NY_CLOSE_BROKER_CONVENTION,US100,1756917000,2025-09-03T16:30:00,1756917300,1,1,1,1,0,,0,,0,,0,,0,
2025-09-03,NEW_YORK_0930,NY_CLOSE_BROKER_CONVENTION,US30,1756917000,2025-09-03T16:30:00,1756917300,1,1,1,1,0,,0,,0,,0,,0,
2025-09-04,LONDON_0800,ORIGINAL_DIRECT_UTC,US100,1756969200,2025-09-04T07:00:00,1756969500,1,1,1,1,0,,0,,0,,0,,0,
2025-09-04,LONDON_0800,ORIGINAL_DIRECT_UTC,US30,1756969200,2025-09-04T07:00:00,1756969500,1,1,1,1,0,,0,,0,,0,,0,
2025-09-04,LONDON_0800,NY_CLOSE_BROKER_CONVENTION,US100,1756980000,2025-09-04T10:00:00,1756980300,1,1,1,1,0,,0,,0,,0,,0,
2025-09-04,LONDON_0800,NY_CLOSE_BROKER_CONVENTION,US30,1756980000,2025-09-04T10:00:00,1756980300,1,1,1,1,0,,0,,0,,0,,0,
2025-09-04,NEW_YORK_0930,ORIGINAL_DIRECT_UTC,US100,1756992600,2025-09-04T13:30:00,1756992900,1,1,1,1,0,,0,,0,,0,,0,
2025-09-04,NEW_YORK_0930,ORIGINAL_DIRECT_UTC,US30,1756992600,2025-09-04T13:30:00,1756992900,1,1,1,1,0,,0,,0,,0,,0,
2025-09-04,NEW_YORK_0930,NY_CLOSE_BROKER_CONVENTION,US100,1757003400,2025-09-04T16:30:00,1757003700,1,1,1,1,0,,0,,0,,0,,0,
2025-09-04,NEW_YORK_0930,NY_CLOSE_BROKER_CONVENTION,US30,1757003400,2025-09-04T16:30:00,1757003700,1,1,1,1,0,,0,,0,,0,,0,
2025-09-05,LONDON_0800,ORIGINAL_DIRECT_UTC,US100,1757055600,2025-09-05T07:00:00,1757055900,1,1,1,1,0,,0,,0,,0,,0,
2025-09-05,LONDON_0800,ORIGINAL_DIRECT_UTC,US30,1757055600,2025-09-05T07:00:00,1757055900,1,1,1,1,0,,0,,0,,0,,0,
2025-09-05,LONDON_0800,NY_CLOSE_BROKER_CONVENTION,US100,1757066400,2025-09-05T10:00:00,1757066700,1,1,1,1,0,,0,,0,,0,,0,
2025-09-05,LONDON_0800,NY_CLOSE_BROKER_CONVENTION,US30,1757066400,2025-09-05T10:00:00,1757066700,1,1,1,1,0,,0,,0,,0,,0,
2025-09-05,NEW_YORK_0930,ORIGINAL_DIRECT_UTC,US100,1757079000,2025-09-05T13:30:00,1757079300,1,1,1,1,0,,0,,0,,0,,0,
2025-09-05,NEW_YORK_0930,ORIGINAL_DIRECT_UTC,US30,1757079000,2025-09-05T13:30:00,1757079300,1,1,1,1,0,,0,,0,,0,,0,
2025-09-05,NEW_YORK_0930,NY_CLOSE_BROKER_CONVENTION,US100,1757089800,2025-09-05T16:30:00,1757090100,1,1,1,1,0,,0,,0,,0,,0,
2025-09-05,NEW_YORK_0930,NY_CLOSE_BROKER_CONVENTION,US30,1757089800,2025-09-05T16:30:00,1757090100,1,1,1,1,0,,0,,0,,0,,0,
2025-09-08,LONDON_0800,ORIGINAL_DIRECT_UTC,US100,1757314800,2025-09-08T07:00:00,1757315100,1,1,1,1,0,,0,,0,,0,,0,
2025-09-08,LONDON_0800,ORIGINAL_DIRECT_UTC,US30,1757314800,2025-09-08T07:00:00,1757315100,1,1,1,1,0,,0,,0,,0,,0,
2025-09-08,LONDON_0800,NY_CLOSE_BROKER_CONVENTION,US100,1757325600,2025-09-08T10:00:00,1757325900,1,1,1,1,0,,0,,0,,0,,0,
2025-09-08,LONDON_0800,NY_CLOSE_BROKER_CONVENTION,US30,1757325600,2025-09-08T10:00:00,1757325900,1,1,1,1,0,,0,,0,,0,,0,
2025-09-08,NEW_YORK_0930,ORIGINAL_DIRECT_UTC,US100,1757338200,2025-09-08T13:30:00,1757338500,1,1,1,1,0,,0,,0,,0,,0,
2025-09-08,NEW_YORK_0930,ORIGINAL_DIRECT_UTC,US30,1757338200,2025-09-08T13:30:00,1757338500,1,1,1,1,0,,0,,0,,0,,0,
2025-09-08,NEW_YORK_0930,NY_CLOSE_BROKER_CONVENTION,US100,1757349000,2025-09-08T16:30:00,1757349300,1,1,1,1,0,,0,,0,,0,,0,
2025-09-08,NEW_YORK_0930,NY_CLOSE_BROKER_CONVENTION,US30,1757349000,2025-09-08T16:30:00,1757349300,1,1,1,1,0,,0,,0,,0,,0,
2025-09-09,LONDON_0800,ORIGINAL_DIRECT_UTC,US100,1757401200,2025-09-09T07:00:00,1757401500,1,1,1,1,0,,0,,0,,0,,0,
2025-09-09,LONDON_0800,ORIGINAL_DIRECT_UTC,US30,1757401200,2025-09-09T07:00:00,1757401500,1,1,1,1,0,,0,,0,,0,,0,
2025-09-09,LONDON_0800,NY_CLOSE_BROKER_CONVENTION,US100,1757412000,2025-09-09T10:00:00,1757412300,1,1,1,1,0,,0,,0,,0,,0,
2025-09-09,LONDON_0800,NY_CLOSE_BROKER_CONVENTION,US30,1757412000,2025-09-09T10:00:00,1757412300,1,1,1,1,0,,0,,0,,0,,0,
2025-09-09,NEW_YORK_0930,ORIGINAL_DIRECT_UTC,US100,1757424600,2025-09-09T13:30:00,1757424900,1,1,1,1,0,,0,,0,,0,,0,
2025-09-09,NEW_YORK_0930,ORIGINAL_DIRECT_UTC,US30,1757424600,2025-09-09T13:30:00,1757424900,1,1,1,1,0,,0,,0,,0,,0,
2025-09-09,NEW_YORK_0930,NY_CLOSE_BROKER_CONVENTION,US100,1757435400,2025-09-09T16:30:00,1757435700,1,1,1,1,0,,0,,0,,0,,0,
2025-09-09,NEW_YORK_0930,NY_CLOSE_BROKER_CONVENTION,US30,1757435400,2025-09-09T16:30:00,1757435700,1,1,1,1,0,,0,,0,,0,,0,
2025-09-10,LONDON_0800,ORIGINAL_DIRECT_UTC,US100,1757487600,2025-09-10T07:00:00,1757487900,1,1,1,1,0,,0,,0,,0,,0,
2025-09-10,LONDON_0800,ORIGINAL_DIRECT_UTC,US30,1757487600,2025-09-10T07:00:00,1757487900,1,1,1,1,0,,0,,0,,0,,0,
2025-09-10,LONDON_0800,NY_CLOSE_BROKER_CONVENTION,US100,1757498400,2025-09-10T10:00:00,1757498700,1,1,1,1,0,,0,,0,,0,,0,
2025-09-10,LONDON_0800,NY_CLOSE_BROKER_CONVENTION,US30,1757498400,2025-09-10T10:00:00,1757498700,1,1,1,1,0,,0,,0,,0,,0,
2025-09-10,NEW_YORK_0930,ORIGINAL_DIRECT_UTC,US100,1757511000,2025-09-10T13:30:00,1757511300,1,1,1,1,0,,0,,0,,0,,0,
2025-09-10,NEW_YORK_0930,ORIGINAL_DIRECT_UTC,US30,1757511000,2025-09-10T13:30:00,1757511300,1,1,1,1,0,,0,,0,,0,,0,
2025-09-10,NEW_YORK_0930,NY_CLOSE_BROKER_CONVENTION,US100,1757521800,2025-09-10T16:30:00,1757522100,1,1,1,1,0,,0,,0,,0,,0,
2025-09-10,NEW_YORK_0930,NY_CLOSE_BROKER_CONVENTION,US30,1757521800,2025-09-10T16:30:00,1757522100,1,1,1,1,0,,0,,0,,0,,0,
2025-09-11,LONDON_0800,ORIGINAL_DIRECT_UTC,US100,1757574000,2025-09-11T07:00:00,1757574300,1,1,1,1,0,,0,,0,,0,,0,
2025-09-11,LONDON_0800,ORIGINAL_DIRECT_UTC,US30,1757574000,2025-09-11T07:00:00,1757574300,1,1,1,1,0,,0,,0,,0,,0,
2025-09-11,LONDON_0800,NY_CLOSE_BROKER_CONVENTION,US100,1757584800,2025-09-11T10:00:00,1757585100,1,1,1,1,0,,0,,0,,0,,0,
2025-09-11,LONDON_0800,NY_CLOSE_BROKER_CONVENTION,US30,1757584800,2025-09-11T10:00:00,1757585100,1,1,1,1,0,,0,,0,,0,,0,
2025-09-11,NEW_YORK_0930,ORIGINAL_DIRECT_UTC,US100,1757597400,2025-09-11T13:30:00,1757597700,1,1,1,1,0,,0,,0,,0,,0,
2025-09-11,NEW_YORK_0930,ORIGINAL_DIRECT_UTC,US30,1757597400,2025-09-11T13:30:00,1757597700,1,1,1,1,0,,0,,0,,0,,0,
2025-09-11,NEW_YORK_0930,NY_CLOSE_BROKER_CONVENTION,US100,1757608200,2025-09-11T16:30:00,1757608500,1,1,1,1,0,,0,,0,,0,,0,
2025-09-11,NEW_YORK_0930,NY_CLOSE_BROKER_CONVENTION,US30,1757608200,2025-09-11T16:30:00,1757608500,1,1,1,1,0,,0,,0,,0,,0,
2025-09-12,LONDON_0800,ORIGINAL_DIRECT_UTC,US100,1757660400,2025-09-12T07:00:00,1757660700,1,1,1,1,0,,0,,0,,0,,0,
2025-09-12,LONDON_0800,ORIGINAL_DIRECT_UTC,US30,1757660400,2025-09-12T07:00:00,1757660700,1,1,1,1,0,,0,,0,,0,,0,
2025-09-12,LONDON_0800,NY_CLOSE_BROKER_CONVENTION,US100,1757671200,2025-09-12T10:00:00,1757671500,1,1,1,1,0,,0,,0,,0,,0,
2025-09-12,LONDON_0800,NY_CLOSE_BROKER_CONVENTION,US30,1757671200,2025-09-12T10:00:00,1757671500,1,1,1,1,0,,0,,0,,0,,0,
2025-09-12,NEW_YORK_0930,ORIGINAL_DIRECT_UTC,US100,1757683800,2025-09-12T13:30:00,1757684100,1,1,1,1,0,,0,,0,,0,,0,
2025-09-12,NEW_YORK_0930,ORIGINAL_DIRECT_UTC,US30,1757683800,2025-09-12T13:30:00,1757684100,1,1,1,1,0,,0,,0,,0,,0,
2025-09-12,NEW_YORK_0930,NY_CLOSE_BROKER_CONVENTION,US100,1757694600,2025-09-12T16:30:00,1757694900,1,1,1,1,0,,0,,0,,0,,0,
2025-09-12,NEW_YORK_0930,NY_CLOSE_BROKER_CONVENTION,US30,1757694600,2025-09-12T16:30:00,1757694900,1,1,1,1,0,,0,,0,,0,,0,
2025-09-15,LONDON_0800,ORIGINAL_DIRECT_UTC,US100,1757919600,2025-09-15T07:00:00,1757919900,1,1,1,1,0,,0,,0,,0,,0,
2025-09-15,LONDON_0800,ORIGINAL_DIRECT_UTC,US30,1757919600,2025-09-15T07:00:00,1757919900,1,1,1,1,0,,0,,0,,0,,0,
2025-09-15,LONDON_0800,NY_CLOSE_BROKER_CONVENTION,US100,1757930400,2025-09-15T10:00:00,1757930700,1,1,1,1,0,,0,,0,,0,,0,
2025-09-15,LONDON_0800,NY_CLOSE_BROKER_CONVENTION,US30,1757930400,2025-09-15T10:00:00,1757930700,1,1,1,1,0,,0,,0,,0,,0,
2025-09-15,NEW_YORK_0930,ORIGINAL_DIRECT_UTC,US100,1757943000,2025-09-15T13:30:00,1757943300,1,1,1,1,0,,0,,0,,0,,0,
2025-09-15,NEW_YORK_0930,ORIGINAL_DIRECT_UTC,US30,1757943000,2025-09-15T13:30:00,1757943300,1,1,1,1,0,,0,,0,,0,,0,
2025-09-15,NEW_YORK_0930,NY_CLOSE_BROKER_CONVENTION,US100,1757953800,2025-09-15T16:30:00,1757954100,1,1,1,1,0,,0,,0,,0,,0,
2025-09-15,NEW_YORK_0930,NY_CLOSE_BROKER_CONVENTION,US30,1757953800,2025-09-15T16:30:00,1757954100,1,1,1,1,0,,0,,0,,0,,0,
2025-09-16,LONDON_0800,ORIGINAL_DIRECT_UTC,US100,1758006000,2025-09-16T07:00:00,1758006300,1,1,1,1,0,,0,,0,,0,,0,
2025-09-16,LONDON_0800,ORIGINAL_DIRECT_UTC,US30,1758006000,2025-09-16T07:00:00,1758006300,1,1,1,1,0,,0,,0,,0,,0,
2025-09-16,LONDON_0800,NY_CLOSE_BROKER_CONVENTION,US100,1758016800,2025-09-16T10:00:00,1758017100,1,1,1,1,0,,0,,0,,0,,0,
2025-09-16,LONDON_0800,NY_CLOSE_BROKER_CONVENTION,US30,1758016800,2025-09-16T10:00:00,1758017100,1,1,1,1,0,,0,,0,,0,,0,
2025-09-16,NEW_YORK_0930,ORIGINAL_DIRECT_UTC,US100,1758029400,2025-09-16T13:30:00,1758029700,1,1,1,1,0,,0,,0,,0,,0,
2025-09-16,NEW_YORK_0930,ORIGINAL_DIRECT_UTC,US30,1758029400,2025-09-16T13:30:00,1758029700,1,1,1,1,0,,0,,0,,0,,0,
2025-09-16,NEW_YORK_0930,NY_CLOSE_BROKER_CONVENTION,US100,1758040200,2025-09-16T16:30:00,1758040500,1,1,1,1,0,,0,,0,,0,,0,
2025-09-16,NEW_YORK_0930,NY_CLOSE_BROKER_CONVENTION,US30,1758040200,2025-09-16T16:30:00,1758040500,1,1,1,1,0,,0,,0,,0,,0,
2025-09-17,LONDON_0800,ORIGINAL_DIRECT_UTC,US100,1758092400,2025-09-17T07:00:00,1758092700,1,1,1,1,0,,0,,0,,0,,0,
2025-09-17,LONDON_0800,ORIGINAL_DIRECT_UTC,US30,1758092400,2025-09-17T07:00:00,1758092700,1,1,1,1,0,,0,,0,,0,,0,
2025-09-17,LONDON_0800,NY_CLOSE_BROKER_CONVENTION,US100,1758103200,2025-09-17T10:00:00,1758103500,1,1,1,1,0,,0,,0,,0,,0,
2025-09-17,LONDON_0800,NY_CLOSE_BROKER_CONVENTION,US30,1758103200,2025-09-17T10:00:00,1758103500,1,1,1,1,0,,0,,0,,0,,0,
2025-09-17,NEW_YORK_0930,ORIGINAL_DIRECT_UTC,US100,1758115800,2025-09-17T13:30:00,1758116100,1,1,1,1,0,,0,,0,,0,,0,
2025-09-17,NEW_YORK_0930,ORIGINAL_DIRECT_UTC,US30,1758115800,2025-09-17T13:30:00,1758116100,1,1,1,1,0,,0,,0,,0,,0,
2025-09-17,NEW_YORK_0930,NY_CLOSE_BROKER_CONVENTION,US100,1758126600,2025-09-17T16:30:00,1758126900,1,1,1,1,0,,0,,0,,0,,0,
2025-09-17,NEW_YORK_0930,NY_CLOSE_BROKER_CONVENTION,US30,1758126600,2025-09-17T16:30:00,1758126900,1,1,1,1,0,,0,,0,,0,,0,
2025-09-18,LONDON_0800,ORIGINAL_DIRECT_UTC,US100,1758178800,2025-09-18T07:00:00,1758179100,1,1,1,1,0,,0,,0,,0,,0,
2025-09-18,LONDON_0800,ORIGINAL_DIRECT_UTC,US30,1758178800,2025-09-18T07:00:00,1758179100,1,1,1,1,0,,0,,0,,0,,0,
2025-09-18,LONDON_0800,NY_CLOSE_BROKER_CONVENTION,US100,1758189600,2025-09-18T10:00:00,1758189900,1,1,1,1,0,,0,,0,,0,,0,
2025-09-18,LONDON_0800,NY_CLOSE_BROKER_CONVENTION,US30,1758189600,2025-09-18T10:00:00,1758189900,1,1,1,1,0,,0,,0,,0,,0,
2025-09-18,NEW_YORK_0930,ORIGINAL_DIRECT_UTC,US100,1758202200,2025-09-18T13:30:00,1758202500,1,1,1,1,0,,0,,0,,0,,0,
2025-09-18,NEW_YORK_0930,ORIGINAL_DIRECT_UTC,US30,1758202200,2025-09-18T13:30:00,1758202500,1,1,1,1,0,,0,,0,,0,,0,
2025-09-18,NEW_YORK_0930,NY_CLOSE_BROKER_CONVENTION,US100,1758213000,2025-09-18T16:30:00,1758213300,1,1,1,1,0,,0,,0,,0,,0,
2025-09-18,NEW_YORK_0930,NY_CLOSE_BROKER_CONVENTION,US30,1758213000,2025-09-18T16:30:00,1758213300,1,1,1,1,0,,0,,0,,0,,0,
2025-09-19,LONDON_0800,ORIGINAL_DIRECT_UTC,US100,1758265200,2025-09-19T07:00:00,1758265500,1,1,1,1,0,,0,,0,,0,,0,
2025-09-19,LONDON_0800,ORIGINAL_DIRECT_UTC,US30,1758265200,2025-09-19T07:00:00,1758265500,1,1,1,1,0,,0,,0,,0,,0,
2025-09-19,LONDON_0800,NY_CLOSE_BROKER_CONVENTION,US100,1758276000,2025-09-19T10:00:00,1758276300,1,1,1,1,0,,0,,0,,0,,0,
2025-09-19,LONDON_0800,NY_CLOSE_BROKER_CONVENTION,US30,1758276000,2025-09-19T10:00:00,1758276300,1,1,1,1,0,,0,,0,,0,,0,
2025-09-19,NEW_YORK_0930,ORIGINAL_DIRECT_UTC,US100,1758288600,2025-09-19T13:30:00,1758288900,1,1,1,1,0,,0,,0,,0,,0,
2025-09-19,NEW_YORK_0930,ORIGINAL_DIRECT_UTC,US30,1758288600,2025-09-19T13:30:00,1758288900,1,1,1,1,0,,0,,0,,0,,0,
2025-09-19,NEW_YORK_0930,NY_CLOSE_BROKER_CONVENTION,US100,1758299400,2025-09-19T16:30:00,1758299700,1,1,1,1,0,,0,,0,,0,,0,
2025-09-19,NEW_YORK_0930,NY_CLOSE_BROKER_CONVENTION,US30,1758299400,2025-09-19T16:30:00,1758299700,1,1,1,1,0,,0,,0,,0,,0,
2025-09-22,LONDON_0800,ORIGINAL_DIRECT_UTC,US100,1758524400,2025-09-22T07:00:00,1758524700,1,1,1,1,0,,0,,0,,0,,0,
2025-09-22,LONDON_0800,ORIGINAL_DIRECT_UTC,US30,1758524400,2025-09-22T07:00:00,1758524700,1,1,1,1,0,,0,,0,,0,,0,
2025-09-22,LONDON_0800,NY_CLOSE_BROKER_CONVENTION,US100,1758535200,2025-09-22T10:00:00,1758535500,1,1,1,1,0,,0,,0,,0,,0,
2025-09-22,LONDON_0800,NY_CLOSE_BROKER_CONVENTION,US30,1758535200,2025-09-22T10:00:00,1758535500,1,1,1,1,0,,0,,0,,0,,0,
2025-09-22,NEW_YORK_0930,ORIGINAL_DIRECT_UTC,US100,1758547800,2025-09-22T13:30:00,1758548100,1,1,1,1,0,,0,,0,,0,,0,
2025-09-22,NEW_YORK_0930,ORIGINAL_DIRECT_UTC,US30,1758547800,2025-09-22T13:30:00,1758548100,1,1,1,1,0,,0,,0,,0,,0,
2025-09-22,NEW_YORK_0930,NY_CLOSE_BROKER_CONVENTION,US100,1758558600,2025-09-22T16:30:00,1758558900,1,1,1,1,0,,0,,0,,0,,0,
2025-09-22,NEW_YORK_0930,NY_CLOSE_BROKER_CONVENTION,US30,1758558600,2025-09-22T16:30:00,1758558900,1,1,1,1,0,,0,,0,,0,,0,
2025-09-23,LONDON_0800,ORIGINAL_DIRECT_UTC,US100,1758610800,2025-09-23T07:00:00,1758611100,1,1,1,1,0,,0,,0,,0,,0,
2025-09-23,LONDON_0800,ORIGINAL_DIRECT_UTC,US30,1758610800,2025-09-23T07:00:00,1758611100,1,1,1,1,0,,0,,0,,0,,0,
2025-09-23,LONDON_0800,NY_CLOSE_BROKER_CONVENTION,US100,1758621600,2025-09-23T10:00:00,1758621900,1,1,1,1,0,,0,,0,,0,,0,
2025-09-23,LONDON_0800,NY_CLOSE_BROKER_CONVENTION,US30,1758621600,2025-09-23T10:00:00,1758621900,1,1,1,1,0,,0,,0,,0,,0,
2025-09-23,NEW_YORK_0930,ORIGINAL_DIRECT_UTC,US100,1758634200,2025-09-23T13:30:00,1758634500,1,1,1,1,0,,0,,0,,0,,0,
2025-09-23,NEW_YORK_0930,ORIGINAL_DIRECT_UTC,US30,1758634200,2025-09-23T13:30:00,1758634500,1,1,1,1,0,,0,,0,,0,,0,
2025-09-23,NEW_YORK_0930,NY_CLOSE_BROKER_CONVENTION,US100,1758645000,2025-09-23T16:30:00,1758645300,1,1,1,1,0,,0,,0,,0,,0,
2025-09-23,NEW_YORK_0930,NY_CLOSE_BROKER_CONVENTION,US30,1758645000,2025-09-23T16:30:00,1758645300,1,1,1,1,0,,0,,0,,0,,0,
2025-09-24,LONDON_0800,ORIGINAL_DIRECT_UTC,US100,1758697200,2025-09-24T07:00:00,1758697500,1,1,1,1,0,,0,,0,,0,,0,
2025-09-24,LONDON_0800,ORIGINAL_DIRECT_UTC,US30,1758697200,2025-09-24T07:00:00,1758697500,1,1,1,1,0,,0,,0,,0,,0,
2025-09-24,LONDON_0800,NY_CLOSE_BROKER_CONVENTION,US100,1758708000,2025-09-24T10:00:00,1758708300,1,1,1,1,0,,0,,0,,0,,0,
2025-09-24,LONDON_0800,NY_CLOSE_BROKER_CONVENTION,US30,1758708000,2025-09-24T10:00:00,1758708300,1,1,1,1,0,,0,,0,,0,,0,
2025-09-24,NEW_YORK_0930,ORIGINAL_DIRECT_UTC,US100,1758720600,2025-09-24T13:30:00,1758720900,1,1,1,1,0,,0,,0,,0,,0,
2025-09-24,NEW_YORK_0930,ORIGINAL_DIRECT_UTC,US30,1758720600,2025-09-24T13:30:00,1758720900,1,1,1,1,0,,0,,0,,0,,0,
2025-09-24,NEW_YORK_0930,NY_CLOSE_BROKER_CONVENTION,US100,1758731400,2025-09-24T16:30:00,1758731700,1,1,1,1,0,,0,,0,,0,,0,
2025-09-24,NEW_YORK_0930,NY_CLOSE_BROKER_CONVENTION,US30,1758731400,2025-09-24T16:30:00,1758731700,1,1,1,1,0,,0,,0,,0,,0,
2025-09-25,LONDON_0800,ORIGINAL_DIRECT_UTC,US100,1758783600,2025-09-25T07:00:00,1758783900,1,1,1,1,0,,0,,0,,0,,0,
2025-09-25,LONDON_0800,ORIGINAL_DIRECT_UTC,US30,1758783600,2025-09-25T07:00:00,1758783900,1,1,1,1,0,,0,,0,,0,,0,
2025-09-25,LONDON_0800,NY_CLOSE_BROKER_CONVENTION,US100,1758794400,2025-09-25T10:00:00,1758794700,1,1,1,1,0,,0,,0,,0,,0,
2025-09-25,LONDON_0800,NY_CLOSE_BROKER_CONVENTION,US30,1758794400,2025-09-25T10:00:00,1758794700,1,1,1,1,0,,0,,0,,0,,0,
2025-09-25,NEW_YORK_0930,ORIGINAL_DIRECT_UTC,US100,1758807000,2025-09-25T13:30:00,1758807300,1,1,1,1,0,,0,,0,,0,,0,
2025-09-25,NEW_YORK_0930,ORIGINAL_DIRECT_UTC,US30,1758807000,2025-09-25T13:30:00,1758807300,1,1,1,1,0,,0,,0,,0,,0,
2025-09-25,NEW_YORK_0930,NY_CLOSE_BROKER_CONVENTION,US100,1758817800,2025-09-25T16:30:00,1758818100,1,1,1,1,0,,0,,0,,0,,0,
2025-09-25,NEW_YORK_0930,NY_CLOSE_BROKER_CONVENTION,US30,1758817800,2025-09-25T16:30:00,1758818100,1,1,1,1,0,,0,,0,,0,,0,
2025-09-26,LONDON_0800,ORIGINAL_DIRECT_UTC,US100,1758870000,2025-09-26T07:00:00,1758870300,1,1,1,1,0,,0,,0,,0,,0,
2025-09-26,LONDON_0800,ORIGINAL_DIRECT_UTC,US30,1758870000,2025-09-26T07:00:00,1758870300,1,1,1,1,0,,0,,0,,0,,0,
2025-09-26,LONDON_0800,NY_CLOSE_BROKER_CONVENTION,US100,1758880800,2025-09-26T10:00:00,1758881100,1,1,1,1,0,,0,,0,,0,,0,
2025-09-26,LONDON_0800,NY_CLOSE_BROKER_CONVENTION,US30,1758880800,2025-09-26T10:00:00,1758881100,1,1,1,1,0,,0,,0,,0,,0,
2025-09-26,NEW_YORK_0930,ORIGINAL_DIRECT_UTC,US100,1758893400,2025-09-26T13:30:00,1758893700,1,1,1,1,0,,0,,0,,0,,0,
2025-09-26,NEW_YORK_0930,ORIGINAL_DIRECT_UTC,US30,1758893400,2025-09-26T13:30:00,1758893700,1,1,1,1,0,,0,,0,,0,,0,
2025-09-26,NEW_YORK_0930,NY_CLOSE_BROKER_CONVENTION,US100,1758904200,2025-09-26T16:30:00,1758904500,1,1,1,1,0,,0,,0,,0,,0,
2025-09-26,NEW_YORK_0930,NY_CLOSE_BROKER_CONVENTION,US30,1758904200,2025-09-26T16:30:00,1758904500,1,1,1,1,0,,0,,0,,0,,0,
2025-09-29,LONDON_0800,ORIGINAL_DIRECT_UTC,US100,1759129200,2025-09-29T07:00:00,1759129500,1,1,1,1,0,,0,,0,,0,,0,
2025-09-29,LONDON_0800,ORIGINAL_DIRECT_UTC,US30,1759129200,2025-09-29T07:00:00,1759129500,1,1,1,1,0,,0,,0,,0,,0,
2025-09-29,LONDON_0800,NY_CLOSE_BROKER_CONVENTION,US100,1759140000,2025-09-29T10:00:00,1759140300,1,1,1,1,0,,0,,0,,0,,0,
2025-09-29,LONDON_0800,NY_CLOSE_BROKER_CONVENTION,US30,1759140000,2025-09-29T10:00:00,1759140300,1,1,1,1,0,,0,,0,,0,,0,
2025-09-29,NEW_YORK_0930,ORIGINAL_DIRECT_UTC,US100,1759152600,2025-09-29T13:30:00,1759152900,1,1,1,1,0,,0,,0,,0,,0,
2025-09-29,NEW_YORK_0930,ORIGINAL_DIRECT_UTC,US30,1759152600,2025-09-29T13:30:00,1759152900,1,1,1,1,0,,0,,0,,0,,0,
2025-09-29,NEW_YORK_0930,NY_CLOSE_BROKER_CONVENTION,US100,1759163400,2025-09-29T16:30:00,1759163700,1,1,1,1,0,,0,,0,,0,,0,
2025-09-29,NEW_YORK_0930,NY_CLOSE_BROKER_CONVENTION,US30,1759163400,2025-09-29T16:30:00,1759163700,1,1,1,1,0,,0,,0,,0,,0,
2025-09-30,LONDON_0800,ORIGINAL_DIRECT_UTC,US100,1759215600,2025-09-30T07:00:00,1759215900,1,1,1,1,0,,0,,0,,0,,0,
2025-09-30,LONDON_0800,ORIGINAL_DIRECT_UTC,US30,1759215600,2025-09-30T07:00:00,1759215900,1,1,1,1,0,,0,,0,,0,,0,
2025-09-30,LONDON_0800,NY_CLOSE_BROKER_CONVENTION,US100,1759226400,2025-09-30T10:00:00,1759226700,1,1,1,1,0,,0,,0,,0,,0,
2025-09-30,LONDON_0800,NY_CLOSE_BROKER_CONVENTION,US30,1759226400,2025-09-30T10:00:00,1759226700,1,1,1,1,0,,0,,0,,0,,0,
2025-09-30,NEW_YORK_0930,ORIGINAL_DIRECT_UTC,US100,1759239000,2025-09-30T13:30:00,1759239300,1,1,1,1,0,,0,,0,,0,,0,
2025-09-30,NEW_YORK_0930,ORIGINAL_DIRECT_UTC,US30,1759239000,2025-09-30T13:30:00,1759239300,1,1,1,1,0,,0,,0,,0,,0,
2025-09-30,NEW_YORK_0930,NY_CLOSE_BROKER_CONVENTION,US100,1759249800,2025-09-30T16:30:00,1759250100,1,1,1,1,0,,0,,0,,0,,0,
2025-09-30,NEW_YORK_0930,NY_CLOSE_BROKER_CONVENTION,US30,1759249800,2025-09-30T16:30:00,1759250100,1,1,1,1,0,,0,,0,,0,,0,
2025-10-01,LONDON_0800,ORIGINAL_DIRECT_UTC,US100,1759302000,2025-10-01T07:00:00,1759302300,1,1,1,1,0,,0,,0,,0,,0,
2025-10-01,LONDON_0800,ORIGINAL_DIRECT_UTC,US30,1759302000,2025-10-01T07:00:00,1759302300,1,1,1,1,0,,0,,0,,0,,0,
2025-10-01,LONDON_0800,NY_CLOSE_BROKER_CONVENTION,US100,1759312800,2025-10-01T10:00:00,1759313100,1,1,1,1,0,,0,,0,,0,,0,
2025-10-01,LONDON_0800,NY_CLOSE_BROKER_CONVENTION,US30,1759312800,2025-10-01T10:00:00,1759313100,1,1,1,1,0,,0,,0,,0,,0,
2025-10-01,NEW_YORK_0930,ORIGINAL_DIRECT_UTC,US100,1759325400,2025-10-01T13:30:00,1759325700,1,1,1,1,0,,0,,0,,0,,0,
2025-10-01,NEW_YORK_0930,ORIGINAL_DIRECT_UTC,US30,1759325400,2025-10-01T13:30:00,1759325700,1,1,1,1,0,,0,,0,,0,,0,
2025-10-01,NEW_YORK_0930,NY_CLOSE_BROKER_CONVENTION,US100,1759336200,2025-10-01T16:30:00,1759336500,1,1,1,1,0,,0,,0,,0,,0,
2025-10-01,NEW_YORK_0930,NY_CLOSE_BROKER_CONVENTION,US30,1759336200,2025-10-01T16:30:00,1759336500,1,1,1,1,0,,0,,0,,0,,0,
2025-10-02,LONDON_0800,ORIGINAL_DIRECT_UTC,US100,1759388400,2025-10-02T07:00:00,1759388700,1,1,1,1,0,,0,,0,,0,,0,
2025-10-02,LONDON_0800,ORIGINAL_DIRECT_UTC,US30,1759388400,2025-10-02T07:00:00,1759388700,1,1,1,1,0,,0,,0,,0,,0,
2025-10-02,LONDON_0800,NY_CLOSE_BROKER_CONVENTION,US100,1759399200,2025-10-02T10:00:00,1759399500,1,1,1,1,0,,0,,0,,0,,0,
2025-10-02,LONDON_0800,NY_CLOSE_BROKER_CONVENTION,US30,1759399200,2025-10-02T10:00:00,1759399500,1,1,1,1,0,,0,,0,,0,,0,
2025-10-02,NEW_YORK_0930,ORIGINAL_DIRECT_UTC,US100,1759411800,2025-10-02T13:30:00,1759412100,1,1,1,1,0,,0,,0,,0,,0,
2025-10-02,NEW_YORK_0930,ORIGINAL_DIRECT_UTC,US30,1759411800,2025-10-02T13:30:00,1759412100,1,1,1,1,0,,0,,0,,0,,0,
2025-10-02,NEW_YORK_0930,NY_CLOSE_BROKER_CONVENTION,US100,1759422600,2025-10-02T16:30:00,1759422900,1,1,1,1,0,,0,,0,,0,,0,
2025-10-02,NEW_YORK_0930,NY_CLOSE_BROKER_CONVENTION,US30,1759422600,2025-10-02T16:30:00,1759422900,1,1,1,1,0,,0,,0,,0,,0,
2025-10-03,LONDON_0800,ORIGINAL_DIRECT_UTC,US100,1759474800,2025-10-03T07:00:00,1759475100,1,1,1,1,0,,0,,0,,0,,0,
2025-10-03,LONDON_0800,ORIGINAL_DIRECT_UTC,US30,1759474800,2025-10-03T07:00:00,1759475100,1,1,1,1,0,,0,,0,,0,,0,
2025-10-03,LONDON_0800,NY_CLOSE_BROKER_CONVENTION,US100,1759485600,2025-10-03T10:00:00,1759485900,1,1,1,1,0,,0,,0,,0,,0,
2025-10-03,LONDON_0800,NY_CLOSE_BROKER_CONVENTION,US30,1759485600,2025-10-03T10:00:00,1759485900,1,1,1,1,0,,0,,0,,0,,0,
2025-10-03,NEW_YORK_0930,ORIGINAL_DIRECT_UTC,US100,1759498200,2025-10-03T13:30:00,1759498500,1,1,1,1,0,,0,,0,,0,,0,
2025-10-03,NEW_YORK_0930,ORIGINAL_DIRECT_UTC,US30,1759498200,2025-10-03T13:30:00,1759498500,1,1,1,1,0,,0,,0,,0,,0,
2025-10-03,NEW_YORK_0930,NY_CLOSE_BROKER_CONVENTION,US100,1759509000,2025-10-03T16:30:00,1759509300,1,1,1,1,0,,0,,0,,0,,0,
2025-10-03,NEW_YORK_0930,NY_CLOSE_BROKER_CONVENTION,US30,1759509000,2025-10-03T16:30:00,1759509300,1,1,1,1,0,,0,,0,,0,,0,
2025-10-06,LONDON_0800,ORIGINAL_DIRECT_UTC,US100,1759734000,2025-10-06T07:00:00,1759734300,1,1,1,1,0,,0,,0,,0,,0,
2025-10-06,LONDON_0800,ORIGINAL_DIRECT_UTC,US30,1759734000,2025-10-06T07:00:00,1759734300,1,1,1,1,0,,0,,0,,0,,0,
2025-10-06,LONDON_0800,NY_CLOSE_BROKER_CONVENTION,US100,1759744800,2025-10-06T10:00:00,1759745100,1,1,1,1,0,,0,,0,,0,,0,
2025-10-06,LONDON_0800,NY_CLOSE_BROKER_CONVENTION,US30,1759744800,2025-10-06T10:00:00,1759745100,1,1,1,1,0,,0,,0,,0,,0,
2025-10-06,NEW_YORK_0930,ORIGINAL_DIRECT_UTC,US100,1759757400,2025-10-06T13:30:00,1759757700,1,1,1,1,0,,0,,0,,0,,0,
2025-10-06,NEW_YORK_0930,ORIGINAL_DIRECT_UTC,US30,1759757400,2025-10-06T13:30:00,1759757700,1,1,1,1,0,,0,,0,,0,,0,
2025-10-06,NEW_YORK_0930,NY_CLOSE_BROKER_CONVENTION,US100,1759768200,2025-10-06T16:30:00,1759768500,1,1,1,1,0,,0,,0,,0,,0,
2025-10-06,NEW_YORK_0930,NY_CLOSE_BROKER_CONVENTION,US30,1759768200,2025-10-06T16:30:00,1759768500,1,1,1,1,0,,0,,0,,0,,0,
2025-10-07,LONDON_0800,ORIGINAL_DIRECT_UTC,US100,1759820400,2025-10-07T07:00:00,1759820700,1,1,1,1,0,,0,,0,,0,,0,
2025-10-07,LONDON_0800,ORIGINAL_DIRECT_UTC,US30,1759820400,2025-10-07T07:00:00,1759820700,1,1,1,1,0,,0,,0,,0,,0,
2025-10-07,LONDON_0800,NY_CLOSE_BROKER_CONVENTION,US100,1759831200,2025-10-07T10:00:00,1759831500,1,1,1,1,0,,0,,0,,0,,0,
2025-10-07,LONDON_0800,NY_CLOSE_BROKER_CONVENTION,US30,1759831200,2025-10-07T10:00:00,1759831500,1,1,1,1,0,,0,,0,,0,,0,
2025-10-07,NEW_YORK_0930,ORIGINAL_DIRECT_UTC,US100,1759843800,2025-10-07T13:30:00,1759844100,1,1,1,1,0,,0,,0,,0,,0,
2025-10-07,NEW_YORK_0930,ORIGINAL_DIRECT_UTC,US30,1759843800,2025-10-07T13:30:00,1759844100,1,1,1,1,0,,0,,0,,0,,0,
2025-10-07,NEW_YORK_0930,NY_CLOSE_BROKER_CONVENTION,US100,1759854600,2025-10-07T16:30:00,1759854900,1,1,1,1,0,,0,,0,,0,,0,
2025-10-07,NEW_YORK_0930,NY_CLOSE_BROKER_CONVENTION,US30,1759854600,2025-10-07T16:30:00,1759854900,1,1,1,1,0,,0,,0,,0,,0,
2025-10-08,LONDON_0800,ORIGINAL_DIRECT_UTC,US100,1759906800,2025-10-08T07:00:00,1759907100,1,1,1,1,0,,0,,0,,0,,0,
2025-10-08,LONDON_0800,ORIGINAL_DIRECT_UTC,US30,1759906800,2025-10-08T07:00:00,1759907100,1,1,1,1,0,,0,,0,,0,,0,
2025-10-08,LONDON_0800,NY_CLOSE_BROKER_CONVENTION,US100,1759917600,2025-10-08T10:00:00,1759917900,1,1,1,1,0,,0,,0,,0,,0,
2025-10-08,LONDON_0800,NY_CLOSE_BROKER_CONVENTION,US30,1759917600,2025-10-08T10:00:00,1759917900,1,1,1,1,0,,0,,0,,0,,0,
2025-10-08,NEW_YORK_0930,ORIGINAL_DIRECT_UTC,US100,1759930200,2025-10-08T13:30:00,1759930500,1,1,1,1,0,,0,,0,,0,,0,
2025-10-08,NEW_YORK_0930,ORIGINAL_DIRECT_UTC,US30,1759930200,2025-10-08T13:30:00,1759930500,1,1,1,1,0,,0,,0,,0,,0,
2025-10-08,NEW_YORK_0930,NY_CLOSE_BROKER_CONVENTION,US100,1759941000,2025-10-08T16:30:00,1759941300,1,1,1,1,0,,0,,0,,0,,0,
2025-10-08,NEW_YORK_0930,NY_CLOSE_BROKER_CONVENTION,US30,1759941000,2025-10-08T16:30:00,1759941300,1,1,1,1,0,,0,,0,,0,,0,
2025-10-09,LONDON_0800,ORIGINAL_DIRECT_UTC,US100,1759993200,2025-10-09T07:00:00,1759993500,1,1,1,1,0,,0,,0,,0,,0,
2025-10-09,LONDON_0800,ORIGINAL_DIRECT_UTC,US30,1759993200,2025-10-09T07:00:00,1759993500,1,1,1,1,0,,0,,0,,0,,0,
2025-10-09,LONDON_0800,NY_CLOSE_BROKER_CONVENTION,US100,1760004000,2025-10-09T10:00:00,1760004300,1,1,1,1,0,,0,,0,,0,,0,
2025-10-09,LONDON_0800,NY_CLOSE_BROKER_CONVENTION,US30,1760004000,2025-10-09T10:00:00,1760004300,1,1,1,1,0,,0,,0,,0,,0,
2025-10-09,NEW_YORK_0930,ORIGINAL_DIRECT_UTC,US100,1760016600,2025-10-09T13:30:00,1760016900,1,1,1,1,0,,0,,0,,0,,0,
2025-10-09,NEW_YORK_0930,ORIGINAL_DIRECT_UTC,US30,1760016600,2025-10-09T13:30:00,1760016900,1,1,1,1,0,,0,,0,,0,,0,
2025-10-09,NEW_YORK_0930,NY_CLOSE_BROKER_CONVENTION,US100,1760027400,2025-10-09T16:30:00,1760027700,1,1,1,1,0,,0,,0,,0,,0,
2025-10-09,NEW_YORK_0930,NY_CLOSE_BROKER_CONVENTION,US30,1760027400,2025-10-09T16:30:00,1760027700,1,1,1,1,0,,0,,0,,0,,0,
2025-10-10,LONDON_0800,ORIGINAL_DIRECT_UTC,US100,1760079600,2025-10-10T07:00:00,1760079900,1,1,1,1,0,,0,,0,,0,,0,
2025-10-10,LONDON_0800,ORIGINAL_DIRECT_UTC,US30,1760079600,2025-10-10T07:00:00,1760079900,1,1,1,1,0,,0,,0,,0,,0,
2025-10-10,LONDON_0800,NY_CLOSE_BROKER_CONVENTION,US100,1760090400,2025-10-10T10:00:00,1760090700,1,1,1,1,0,,0,,0,,0,,0,
2025-10-10,LONDON_0800,NY_CLOSE_BROKER_CONVENTION,US30,1760090400,2025-10-10T10:00:00,1760090700,1,1,1,1,0,,0,,0,,0,,0,
2025-10-10,NEW_YORK_0930,ORIGINAL_DIRECT_UTC,US100,1760103000,2025-10-10T13:30:00,1760103300,1,1,1,1,0,,0,,0,,0,,0,
2025-10-10,NEW_YORK_0930,ORIGINAL_DIRECT_UTC,US30,1760103000,2025-10-10T13:30:00,1760103300,1,1,1,1,0,,0,,0,,0,,0,
2025-10-10,NEW_YORK_0930,NY_CLOSE_BROKER_CONVENTION,US100,1760113800,2025-10-10T16:30:00,1760114100,1,1,1,1,0,,0,,0,,0,,0,
2025-10-10,NEW_YORK_0930,NY_CLOSE_BROKER_CONVENTION,US30,1760113800,2025-10-10T16:30:00,1760114100,1,1,1,1,0,,0,,0,,0,,0,
2025-10-13,LONDON_0800,ORIGINAL_DIRECT_UTC,US100,1760338800,2025-10-13T07:00:00,1760339100,1,1,1,1,0,,0,,0,,0,,0,
2025-10-13,LONDON_0800,ORIGINAL_DIRECT_UTC,US30,1760338800,2025-10-13T07:00:00,1760339100,1,1,1,1,0,,0,,0,,0,,0,
2025-10-13,LONDON_0800,NY_CLOSE_BROKER_CONVENTION,US100,1760349600,2025-10-13T10:00:00,1760349900,1,1,1,1,0,,0,,0,,0,,0,
2025-10-13,LONDON_0800,NY_CLOSE_BROKER_CONVENTION,US30,1760349600,2025-10-13T10:00:00,1760349900,1,1,1,1,0,,0,,0,,0,,0,
2025-10-13,NEW_YORK_0930,ORIGINAL_DIRECT_UTC,US100,1760362200,2025-10-13T13:30:00,1760362500,1,1,1,1,0,,0,,0,,0,,0,
2025-10-13,NEW_YORK_0930,ORIGINAL_DIRECT_UTC,US30,1760362200,2025-10-13T13:30:00,1760362500,1,1,1,1,0,,0,,0,,0,,0,
2025-10-13,NEW_YORK_0930,NY_CLOSE_BROKER_CONVENTION,US100,1760373000,2025-10-13T16:30:00,1760373300,1,1,1,1,0,,0,,0,,0,,0,
2025-10-13,NEW_YORK_0930,NY_CLOSE_BROKER_CONVENTION,US30,1760373000,2025-10-13T16:30:00,1760373300,1,1,1,1,0,,0,,0,,0,,0,
2025-10-14,LONDON_0800,ORIGINAL_DIRECT_UTC,US100,1760425200,2025-10-14T07:00:00,1760425500,1,1,1,1,0,,0,,0,,0,,0,
2025-10-14,LONDON_0800,ORIGINAL_DIRECT_UTC,US30,1760425200,2025-10-14T07:00:00,1760425500,1,1,1,1,0,,0,,0,,0,,0,
2025-10-14,LONDON_0800,NY_CLOSE_BROKER_CONVENTION,US100,1760436000,2025-10-14T10:00:00,1760436300,1,1,1,1,0,,0,,0,,0,,0,
2025-10-14,LONDON_0800,NY_CLOSE_BROKER_CONVENTION,US30,1760436000,2025-10-14T10:00:00,1760436300,1,1,1,1,0,,0,,0,,0,,0,
2025-10-14,NEW_YORK_0930,ORIGINAL_DIRECT_UTC,US100,1760448600,2025-10-14T13:30:00,1760448900,1,1,1,1,0,,0,,0,,0,,0,
2025-10-14,NEW_YORK_0930,ORIGINAL_DIRECT_UTC,US30,1760448600,2025-10-14T13:30:00,1760448900,1,1,1,1,0,,0,,0,,0,,0,
2025-10-14,NEW_YORK_0930,NY_CLOSE_BROKER_CONVENTION,US100,1760459400,2025-10-14T16:30:00,1760459700,1,1,1,1,0,,0,,0,,0,,0,
2025-10-14,NEW_YORK_0930,NY_CLOSE_BROKER_CONVENTION,US30,1760459400,2025-10-14T16:30:00,1760459700,1,1,1,1,0,,0,,0,,0,,0,
2025-10-15,LONDON_0800,ORIGINAL_DIRECT_UTC,US100,1760511600,2025-10-15T07:00:00,1760511900,1,1,1,1,0,,0,,0,,0,,0,
2025-10-15,LONDON_0800,ORIGINAL_DIRECT_UTC,US30,1760511600,2025-10-15T07:00:00,1760511900,1,1,1,1,0,,0,,0,,0,,0,
2025-10-15,LONDON_0800,NY_CLOSE_BROKER_CONVENTION,US100,1760522400,2025-10-15T10:00:00,1760522700,1,1,1,1,0,,0,,0,,0,,0,
2025-10-15,LONDON_0800,NY_CLOSE_BROKER_CONVENTION,US30,1760522400,2025-10-15T10:00:00,1760522700,1,1,1,1,0,,0,,0,,0,,0,
2025-10-15,NEW_YORK_0930,ORIGINAL_DIRECT_UTC,US100,1760535000,2025-10-15T13:30:00,1760535300,1,1,1,1,0,,0,,0,,0,,0,
2025-10-15,NEW_YORK_0930,ORIGINAL_DIRECT_UTC,US30,1760535000,2025-10-15T13:30:00,1760535300,1,1,1,1,0,,0,,0,,0,,0,
2025-10-15,NEW_YORK_0930,NY_CLOSE_BROKER_CONVENTION,US100,1760545800,2025-10-15T16:30:00,1760546100,1,1,1,1,0,,0,,0,,0,,0,
2025-10-15,NEW_YORK_0930,NY_CLOSE_BROKER_CONVENTION,US30,1760545800,2025-10-15T16:30:00,1760546100,1,1,1,1,0,,0,,0,,0,,0,
2025-10-16,LONDON_0800,ORIGINAL_DIRECT_UTC,US100,1760598000,2025-10-16T07:00:00,1760598300,1,1,1,1,0,,0,,0,,0,,0,
2025-10-16,LONDON_0800,ORIGINAL_DIRECT_UTC,US30,1760598000,2025-10-16T07:00:00,1760598300,1,1,1,1,0,,0,,0,,0,,0,
2025-10-16,LONDON_0800,NY_CLOSE_BROKER_CONVENTION,US100,1760608800,2025-10-16T10:00:00,1760609100,1,1,1,1,0,,0,,0,,0,,0,
2025-10-16,LONDON_0800,NY_CLOSE_BROKER_CONVENTION,US30,1760608800,2025-10-16T10:00:00,1760609100,1,1,1,1,0,,0,,0,,0,,0,
2025-10-16,NEW_YORK_0930,ORIGINAL_DIRECT_UTC,US100,1760621400,2025-10-16T13:30:00,1760621700,1,1,1,1,0,,0,,0,,0,,0,
2025-10-16,NEW_YORK_0930,ORIGINAL_DIRECT_UTC,US30,1760621400,2025-10-16T13:30:00,1760621700,1,1,1,1,0,,0,,0,,0,,0,
2025-10-16,NEW_YORK_0930,NY_CLOSE_BROKER_CONVENTION,US100,1760632200,2025-10-16T16:30:00,1760632500,1,1,1,1,0,,0,,0,,0,,0,
2025-10-16,NEW_YORK_0930,NY_CLOSE_BROKER_CONVENTION,US30,1760632200,2025-10-16T16:30:00,1760632500,1,1,1,1,0,,0,,0,,0,,0,
2025-10-17,LONDON_0800,ORIGINAL_DIRECT_UTC,US100,1760684400,2025-10-17T07:00:00,1760684700,1,1,1,1,0,,0,,0,,0,,0,
2025-10-17,LONDON_0800,ORIGINAL_DIRECT_UTC,US30,1760684400,2025-10-17T07:00:00,1760684700,1,1,1,1,0,,0,,0,,0,,0,
2025-10-17,LONDON_0800,NY_CLOSE_BROKER_CONVENTION,US100,1760695200,2025-10-17T10:00:00,1760695500,1,1,1,1,0,,0,,0,,0,,0,
2025-10-17,LONDON_0800,NY_CLOSE_BROKER_CONVENTION,US30,1760695200,2025-10-17T10:00:00,1760695500,1,1,1,1,0,,0,,0,,0,,0,
2025-10-17,NEW_YORK_0930,ORIGINAL_DIRECT_UTC,US100,1760707800,2025-10-17T13:30:00,1760708100,1,1,1,1,0,,0,,0,,0,,0,
2025-10-17,NEW_YORK_0930,ORIGINAL_DIRECT_UTC,US30,1760707800,2025-10-17T13:30:00,1760708100,1,1,1,1,0,,0,,0,,0,,0,
2025-10-17,NEW_YORK_0930,NY_CLOSE_BROKER_CONVENTION,US100,1760718600,2025-10-17T16:30:00,1760718900,1,1,1,1,0,,0,,0,,0,,0,
2025-10-17,NEW_YORK_0930,NY_CLOSE_BROKER_CONVENTION,US30,1760718600,2025-10-17T16:30:00,1760718900,1,1,1,1,0,,0,,0,,0,,0,
2025-10-20,LONDON_0800,ORIGINAL_DIRECT_UTC,US100,1760943600,2025-10-20T07:00:00,1760943900,1,1,1,1,0,,0,,0,,0,,0,
2025-10-20,LONDON_0800,ORIGINAL_DIRECT_UTC,US30,1760943600,2025-10-20T07:00:00,1760943900,1,1,1,1,0,,0,,0,,0,,0,
2025-10-20,LONDON_0800,NY_CLOSE_BROKER_CONVENTION,US100,1760954400,2025-10-20T10:00:00,1760954700,1,1,1,1,0,,0,,0,,0,,0,
2025-10-20,LONDON_0800,NY_CLOSE_BROKER_CONVENTION,US30,1760954400,2025-10-20T10:00:00,1760954700,1,1,1,1,0,,0,,0,,0,,0,
2025-10-20,NEW_YORK_0930,ORIGINAL_DIRECT_UTC,US100,1760967000,2025-10-20T13:30:00,1760967300,1,1,1,1,0,,0,,0,,0,,0,
2025-10-20,NEW_YORK_0930,ORIGINAL_DIRECT_UTC,US30,1760967000,2025-10-20T13:30:00,1760967300,1,1,1,1,0,,0,,0,,0,,0,
2025-10-20,NEW_YORK_0930,NY_CLOSE_BROKER_CONVENTION,US100,1760977800,2025-10-20T16:30:00,1760978100,1,1,1,1,0,,0,,0,,0,,0,
2025-10-20,NEW_YORK_0930,NY_CLOSE_BROKER_CONVENTION,US30,1760977800,2025-10-20T16:30:00,1760978100,1,1,1,1,0,,0,,0,,0,,0,
2025-10-21,LONDON_0800,ORIGINAL_DIRECT_UTC,US100,1761030000,2025-10-21T07:00:00,1761030300,1,1,1,1,0,,0,,0,,0,,0,
2025-10-21,LONDON_0800,ORIGINAL_DIRECT_UTC,US30,1761030000,2025-10-21T07:00:00,1761030300,1,1,1,1,0,,0,,0,,0,,0,
2025-10-21,LONDON_0800,NY_CLOSE_BROKER_CONVENTION,US100,1761040800,2025-10-21T10:00:00,1761041100,1,1,1,1,0,,0,,0,,0,,0,
2025-10-21,LONDON_0800,NY_CLOSE_BROKER_CONVENTION,US30,1761040800,2025-10-21T10:00:00,1761041100,1,1,1,1,0,,0,,0,,0,,0,
2025-10-21,NEW_YORK_0930,ORIGINAL_DIRECT_UTC,US100,1761053400,2025-10-21T13:30:00,1761053700,1,1,1,1,0,,0,,0,,0,,0,
2025-10-21,NEW_YORK_0930,ORIGINAL_DIRECT_UTC,US30,1761053400,2025-10-21T13:30:00,1761053700,1,1,1,1,0,,0,,0,,0,,0,
2025-10-21,NEW_YORK_0930,NY_CLOSE_BROKER_CONVENTION,US100,1761064200,2025-10-21T16:30:00,1761064500,1,1,1,1,0,,0,,0,,0,,0,
2025-10-21,NEW_YORK_0930,NY_CLOSE_BROKER_CONVENTION,US30,1761064200,2025-10-21T16:30:00,1761064500,1,1,1,1,0,,0,,0,,0,,0,
2025-10-22,LONDON_0800,ORIGINAL_DIRECT_UTC,US100,1761116400,2025-10-22T07:00:00,1761116700,1,1,1,1,0,,0,,0,,0,,0,
2025-10-22,LONDON_0800,ORIGINAL_DIRECT_UTC,US30,1761116400,2025-10-22T07:00:00,1761116700,1,1,1,1,0,,0,,0,,0,,0,
2025-10-22,LONDON_0800,NY_CLOSE_BROKER_CONVENTION,US100,1761127200,2025-10-22T10:00:00,1761127500,1,1,1,1,0,,0,,0,,0,,0,
2025-10-22,LONDON_0800,NY_CLOSE_BROKER_CONVENTION,US30,1761127200,2025-10-22T10:00:00,1761127500,1,1,1,1,0,,0,,0,,0,,0,
2025-10-22,NEW_YORK_0930,ORIGINAL_DIRECT_UTC,US100,1761139800,2025-10-22T13:30:00,1761140100,1,1,1,1,0,,0,,0,,0,,0,
2025-10-22,NEW_YORK_0930,ORIGINAL_DIRECT_UTC,US30,1761139800,2025-10-22T13:30:00,1761140100,1,1,1,1,0,,0,,0,,0,,0,
2025-10-22,NEW_YORK_0930,NY_CLOSE_BROKER_CONVENTION,US100,1761150600,2025-10-22T16:30:00,1761150900,1,1,1,1,0,,0,,0,,0,,0,
2025-10-22,NEW_YORK_0930,NY_CLOSE_BROKER_CONVENTION,US30,1761150600,2025-10-22T16:30:00,1761150900,1,1,1,1,0,,0,,0,,0,,0,
2025-10-23,LONDON_0800,ORIGINAL_DIRECT_UTC,US100,1761202800,2025-10-23T07:00:00,1761203100,1,1,1,1,0,,0,,0,,0,,0,
2025-10-23,LONDON_0800,ORIGINAL_DIRECT_UTC,US30,1761202800,2025-10-23T07:00:00,1761203100,1,1,1,1,0,,0,,0,,0,,0,
2025-10-23,LONDON_0800,NY_CLOSE_BROKER_CONVENTION,US100,1761213600,2025-10-23T10:00:00,1761213900,1,1,1,1,0,,0,,0,,0,,0,
2025-10-23,LONDON_0800,NY_CLOSE_BROKER_CONVENTION,US30,1761213600,2025-10-23T10:00:00,1761213900,1,1,1,1,0,,0,,0,,0,,0,
2025-10-23,NEW_YORK_0930,ORIGINAL_DIRECT_UTC,US100,1761226200,2025-10-23T13:30:00,1761226500,1,1,1,1,0,,0,,0,,0,,0,
2025-10-23,NEW_YORK_0930,ORIGINAL_DIRECT_UTC,US30,1761226200,2025-10-23T13:30:00,1761226500,1,1,1,1,0,,0,,0,,0,,0,
2025-10-23,NEW_YORK_0930,NY_CLOSE_BROKER_CONVENTION,US100,1761237000,2025-10-23T16:30:00,1761237300,1,1,1,1,0,,0,,0,,0,,0,
2025-10-23,NEW_YORK_0930,NY_CLOSE_BROKER_CONVENTION,US30,1761237000,2025-10-23T16:30:00,1761237300,1,1,1,1,0,,0,,0,,0,,0,
2025-10-24,LONDON_0800,ORIGINAL_DIRECT_UTC,US100,1761289200,2025-10-24T07:00:00,1761289500,1,1,1,1,0,,0,,0,,0,,0,
2025-10-24,LONDON_0800,ORIGINAL_DIRECT_UTC,US30,1761289200,2025-10-24T07:00:00,1761289500,1,1,1,1,0,,0,,0,,0,,0,
2025-10-24,LONDON_0800,NY_CLOSE_BROKER_CONVENTION,US100,1761300000,2025-10-24T10:00:00,1761300300,1,1,1,1,0,,0,,0,,0,,0,
2025-10-24,LONDON_0800,NY_CLOSE_BROKER_CONVENTION,US30,1761300000,2025-10-24T10:00:00,1761300300,1,1,1,1,0,,0,,0,,0,,0,
2025-10-24,NEW_YORK_0930,ORIGINAL_DIRECT_UTC,US100,1761312600,2025-10-24T13:30:00,1761312900,1,1,1,1,0,,0,,0,,0,,0,
2025-10-24,NEW_YORK_0930,ORIGINAL_DIRECT_UTC,US30,1761312600,2025-10-24T13:30:00,1761312900,1,1,1,1,0,,0,,0,,0,,0,
2025-10-24,NEW_YORK_0930,NY_CLOSE_BROKER_CONVENTION,US100,1761323400,2025-10-24T16:30:00,1761323700,1,1,1,1,0,,0,,0,,0,,0,
2025-10-24,NEW_YORK_0930,NY_CLOSE_BROKER_CONVENTION,US30,1761323400,2025-10-24T16:30:00,1761323700,1,1,1,1,0,,0,,0,,0,,0,
2025-10-27,LONDON_0800,ORIGINAL_DIRECT_UTC,US100,1761552000,2025-10-27T08:00:00,1761552300,1,1,1,1,0,,0,,0,,0,,0,
2025-10-27,LONDON_0800,ORIGINAL_DIRECT_UTC,US30,1761552000,2025-10-27T08:00:00,1761552300,1,1,1,1,0,,0,,0,,0,,0,
2025-10-27,LONDON_0800,NY_CLOSE_BROKER_CONVENTION,US100,1761562800,2025-10-27T11:00:00,1761563100,1,1,1,1,0,,0,,0,,0,,0,
2025-10-27,LONDON_0800,NY_CLOSE_BROKER_CONVENTION,US30,1761562800,2025-10-27T11:00:00,1761563100,1,1,1,1,0,,0,,0,,0,,0,
2025-10-27,NEW_YORK_0930,ORIGINAL_DIRECT_UTC,US100,1761571800,2025-10-27T13:30:00,1761572100,1,1,1,1,0,,0,,0,,0,,0,
2025-10-27,NEW_YORK_0930,ORIGINAL_DIRECT_UTC,US30,1761571800,2025-10-27T13:30:00,1761572100,1,1,1,1,0,,0,,0,,0,,0,
2025-10-27,NEW_YORK_0930,NY_CLOSE_BROKER_CONVENTION,US100,1761582600,2025-10-27T16:30:00,1761582900,1,1,1,1,0,,0,,0,,0,,0,
2025-10-27,NEW_YORK_0930,NY_CLOSE_BROKER_CONVENTION,US30,1761582600,2025-10-27T16:30:00,1761582900,1,1,1,1,0,,0,,0,,0,,0,
2025-10-28,LONDON_0800,ORIGINAL_DIRECT_UTC,US100,1761638400,2025-10-28T08:00:00,1761638700,1,1,1,1,0,,0,,0,,0,,0,
2025-10-28,LONDON_0800,ORIGINAL_DIRECT_UTC,US30,1761638400,2025-10-28T08:00:00,1761638700,1,1,1,1,0,,0,,0,,0,,0,
2025-10-28,LONDON_0800,NY_CLOSE_BROKER_CONVENTION,US100,1761649200,2025-10-28T11:00:00,1761649500,1,1,1,1,0,,0,,0,,0,,0,
2025-10-28,LONDON_0800,NY_CLOSE_BROKER_CONVENTION,US30,1761649200,2025-10-28T11:00:00,1761649500,1,1,1,1,0,,0,,0,,0,,0,
2025-10-28,NEW_YORK_0930,ORIGINAL_DIRECT_UTC,US100,1761658200,2025-10-28T13:30:00,1761658500,1,1,1,1,0,,0,,0,,0,,0,
2025-10-28,NEW_YORK_0930,ORIGINAL_DIRECT_UTC,US30,1761658200,2025-10-28T13:30:00,1761658500,1,1,1,1,0,,0,,0,,0,,0,
2025-10-28,NEW_YORK_0930,NY_CLOSE_BROKER_CONVENTION,US100,1761669000,2025-10-28T16:30:00,1761669300,1,1,1,1,0,,0,,0,,0,,0,
2025-10-28,NEW_YORK_0930,NY_CLOSE_BROKER_CONVENTION,US30,1761669000,2025-10-28T16:30:00,1761669300,1,1,1,1,0,,0,,0,,0,,0,
2025-10-29,LONDON_0800,ORIGINAL_DIRECT_UTC,US100,1761724800,2025-10-29T08:00:00,1761725100,1,1,1,1,0,,0,,0,,0,,0,
2025-10-29,LONDON_0800,ORIGINAL_DIRECT_UTC,US30,1761724800,2025-10-29T08:00:00,1761725100,1,1,1,1,0,,0,,0,,0,,0,
2025-10-29,LONDON_0800,NY_CLOSE_BROKER_CONVENTION,US100,1761735600,2025-10-29T11:00:00,1761735900,1,1,1,1,0,,0,,0,,0,,0,
2025-10-29,LONDON_0800,NY_CLOSE_BROKER_CONVENTION,US30,1761735600,2025-10-29T11:00:00,1761735900,1,1,1,1,0,,0,,0,,0,,0,
2025-10-29,NEW_YORK_0930,ORIGINAL_DIRECT_UTC,US100,1761744600,2025-10-29T13:30:00,1761744900,1,1,1,1,0,,0,,0,,0,,0,
2025-10-29,NEW_YORK_0930,ORIGINAL_DIRECT_UTC,US30,1761744600,2025-10-29T13:30:00,1761744900,1,1,1,1,0,,0,,0,,0,,0,
2025-10-29,NEW_YORK_0930,NY_CLOSE_BROKER_CONVENTION,US100,1761755400,2025-10-29T16:30:00,1761755700,1,1,1,1,0,,0,,0,,0,,0,
2025-10-29,NEW_YORK_0930,NY_CLOSE_BROKER_CONVENTION,US30,1761755400,2025-10-29T16:30:00,1761755700,1,1,1,1,0,,0,,0,,0,,0,
2025-10-30,LONDON_0800,ORIGINAL_DIRECT_UTC,US100,1761811200,2025-10-30T08:00:00,1761811500,1,1,1,1,0,,0,,0,,0,,0,
2025-10-30,LONDON_0800,ORIGINAL_DIRECT_UTC,US30,1761811200,2025-10-30T08:00:00,1761811500,1,1,1,1,0,,0,,0,,0,,0,
2025-10-30,LONDON_0800,NY_CLOSE_BROKER_CONVENTION,US100,1761822000,2025-10-30T11:00:00,1761822300,1,1,1,1,0,,0,,0,,0,,0,
2025-10-30,LONDON_0800,NY_CLOSE_BROKER_CONVENTION,US30,1761822000,2025-10-30T11:00:00,1761822300,1,1,1,1,0,,0,,0,,0,,0,
2025-10-30,NEW_YORK_0930,ORIGINAL_DIRECT_UTC,US100,1761831000,2025-10-30T13:30:00,1761831300,1,1,1,1,0,,0,,0,,0,,0,
2025-10-30,NEW_YORK_0930,ORIGINAL_DIRECT_UTC,US30,1761831000,2025-10-30T13:30:00,1761831300,1,1,1,1,0,,0,,0,,0,,0,
2025-10-30,NEW_YORK_0930,NY_CLOSE_BROKER_CONVENTION,US100,1761841800,2025-10-30T16:30:00,1761842100,1,1,1,1,0,,0,,0,,0,,0,
2025-10-30,NEW_YORK_0930,NY_CLOSE_BROKER_CONVENTION,US30,1761841800,2025-10-30T16:30:00,1761842100,1,1,1,1,0,,0,,0,,0,,0,
2025-10-31,LONDON_0800,ORIGINAL_DIRECT_UTC,US100,1761897600,2025-10-31T08:00:00,1761897900,1,1,1,1,0,,0,,0,,0,,0,
2025-10-31,LONDON_0800,ORIGINAL_DIRECT_UTC,US30,1761897600,2025-10-31T08:00:00,1761897900,1,1,1,1,0,,0,,0,,0,,0,
2025-10-31,LONDON_0800,NY_CLOSE_BROKER_CONVENTION,US100,1761908400,2025-10-31T11:00:00,1761908700,1,1,1,1,0,,0,,0,,0,,0,
2025-10-31,LONDON_0800,NY_CLOSE_BROKER_CONVENTION,US30,1761908400,2025-10-31T11:00:00,1761908700,1,1,1,1,0,,0,,0,,0,,0,
2025-10-31,NEW_YORK_0930,ORIGINAL_DIRECT_UTC,US100,1761917400,2025-10-31T13:30:00,1761917700,1,1,1,1,0,,0,,0,,0,,0,
2025-10-31,NEW_YORK_0930,ORIGINAL_DIRECT_UTC,US30,1761917400,2025-10-31T13:30:00,1761917700,1,1,1,1,0,,0,,0,,0,,0,
2025-10-31,NEW_YORK_0930,NY_CLOSE_BROKER_CONVENTION,US100,1761928200,2025-10-31T16:30:00,1761928500,1,1,1,1,0,,0,,0,,0,,0,
2025-10-31,NEW_YORK_0930,NY_CLOSE_BROKER_CONVENTION,US30,1761928200,2025-10-31T16:30:00,1761928500,1,1,1,1,0,,0,,0,,0,,0,
2025-11-03,LONDON_0800,ORIGINAL_DIRECT_UTC,US100,1762156800,2025-11-03T08:00:00,1762157100,1,1,1,1,0,,0,,0,,0,,0,
2025-11-03,LONDON_0800,ORIGINAL_DIRECT_UTC,US30,1762156800,2025-11-03T08:00:00,1762157100,1,1,1,1,0,,0,,0,,0,,0,
2025-11-03,LONDON_0800,NY_CLOSE_BROKER_CONVENTION,US100,1762164000,2025-11-03T10:00:00,1762164300,1,1,1,1,0,,0,,0,,0,,0,
2025-11-03,LONDON_0800,NY_CLOSE_BROKER_CONVENTION,US30,1762164000,2025-11-03T10:00:00,1762164300,1,1,1,1,0,,0,,0,,0,,0,
2025-11-03,NEW_YORK_0930,ORIGINAL_DIRECT_UTC,US100,1762180200,2025-11-03T14:30:00,1762180500,1,1,1,1,0,,0,,0,,0,,0,
2025-11-03,NEW_YORK_0930,ORIGINAL_DIRECT_UTC,US30,1762180200,2025-11-03T14:30:00,1762180500,1,1,1,1,0,,0,,0,,0,,0,
2025-11-03,NEW_YORK_0930,NY_CLOSE_BROKER_CONVENTION,US100,1762187400,2025-11-03T16:30:00,1762187700,1,1,1,1,0,,0,,0,,0,,0,
2025-11-03,NEW_YORK_0930,NY_CLOSE_BROKER_CONVENTION,US30,1762187400,2025-11-03T16:30:00,1762187700,1,1,1,1,0,,0,,0,,0,,0,
2025-11-04,LONDON_0800,ORIGINAL_DIRECT_UTC,US100,1762243200,2025-11-04T08:00:00,1762243500,1,1,1,1,0,,0,,0,,0,,0,
2025-11-04,LONDON_0800,ORIGINAL_DIRECT_UTC,US30,1762243200,2025-11-04T08:00:00,1762243500,1,1,1,1,0,,0,,0,,0,,0,
2025-11-04,LONDON_0800,NY_CLOSE_BROKER_CONVENTION,US100,1762250400,2025-11-04T10:00:00,1762250700,1,1,1,1,0,,0,,0,,0,,0,
2025-11-04,LONDON_0800,NY_CLOSE_BROKER_CONVENTION,US30,1762250400,2025-11-04T10:00:00,1762250700,1,1,1,1,0,,0,,0,,0,,0,
2025-11-04,NEW_YORK_0930,ORIGINAL_DIRECT_UTC,US100,1762266600,2025-11-04T14:30:00,1762266900,1,1,1,1,0,,0,,0,,0,,0,
2025-11-04,NEW_YORK_0930,ORIGINAL_DIRECT_UTC,US30,1762266600,2025-11-04T14:30:00,1762266900,1,1,1,1,0,,0,,0,,0,,0,
2025-11-04,NEW_YORK_0930,NY_CLOSE_BROKER_CONVENTION,US100,1762273800,2025-11-04T16:30:00,1762274100,1,1,1,1,0,,0,,0,,0,,0,
2025-11-04,NEW_YORK_0930,NY_CLOSE_BROKER_CONVENTION,US30,1762273800,2025-11-04T16:30:00,1762274100,1,1,1,1,0,,0,,0,,0,,0,
2025-11-05,LONDON_0800,ORIGINAL_DIRECT_UTC,US100,1762329600,2025-11-05T08:00:00,1762329900,1,1,1,1,0,,0,,0,,0,,0,
2025-11-05,LONDON_0800,ORIGINAL_DIRECT_UTC,US30,1762329600,2025-11-05T08:00:00,1762329900,1,1,1,1,0,,0,,0,,0,,0,
2025-11-05,LONDON_0800,NY_CLOSE_BROKER_CONVENTION,US100,1762336800,2025-11-05T10:00:00,1762337100,1,1,1,1,0,,0,,0,,0,,0,
2025-11-05,LONDON_0800,NY_CLOSE_BROKER_CONVENTION,US30,1762336800,2025-11-05T10:00:00,1762337100,1,1,1,1,0,,0,,0,,0,,0,
2025-11-05,NEW_YORK_0930,ORIGINAL_DIRECT_UTC,US100,1762353000,2025-11-05T14:30:00,1762353300,1,1,1,1,0,,0,,0,,0,,0,
2025-11-05,NEW_YORK_0930,ORIGINAL_DIRECT_UTC,US30,1762353000,2025-11-05T14:30:00,1762353300,1,1,1,1,0,,0,,0,,0,,0,
2025-11-05,NEW_YORK_0930,NY_CLOSE_BROKER_CONVENTION,US100,1762360200,2025-11-05T16:30:00,1762360500,1,1,1,1,0,,0,,0,,0,,0,
2025-11-05,NEW_YORK_0930,NY_CLOSE_BROKER_CONVENTION,US30,1762360200,2025-11-05T16:30:00,1762360500,1,1,1,1,0,,0,,0,,0,,0,
2025-11-06,LONDON_0800,ORIGINAL_DIRECT_UTC,US100,1762416000,2025-11-06T08:00:00,1762416300,1,1,1,1,0,,0,,0,,0,,0,
2025-11-06,LONDON_0800,ORIGINAL_DIRECT_UTC,US30,1762416000,2025-11-06T08:00:00,1762416300,1,1,1,1,0,,0,,0,,0,,0,
2025-11-06,LONDON_0800,NY_CLOSE_BROKER_CONVENTION,US100,1762423200,2025-11-06T10:00:00,1762423500,1,1,1,1,0,,0,,0,,0,,0,
2025-11-06,LONDON_0800,NY_CLOSE_BROKER_CONVENTION,US30,1762423200,2025-11-06T10:00:00,1762423500,1,1,1,1,0,,0,,0,,0,,0,
2025-11-06,NEW_YORK_0930,ORIGINAL_DIRECT_UTC,US100,1762439400,2025-11-06T14:30:00,1762439700,1,1,1,1,0,,0,,0,,0,,0,
2025-11-06,NEW_YORK_0930,ORIGINAL_DIRECT_UTC,US30,1762439400,2025-11-06T14:30:00,1762439700,1,1,1,1,0,,0,,0,,0,,0,
2025-11-06,NEW_YORK_0930,NY_CLOSE_BROKER_CONVENTION,US100,1762446600,2025-11-06T16:30:00,1762446900,1,1,1,1,0,,0,,0,,0,,0,
2025-11-06,NEW_YORK_0930,NY_CLOSE_BROKER_CONVENTION,US30,1762446600,2025-11-06T16:30:00,1762446900,1,1,1,1,0,,0,,0,,0,,0,
2025-11-07,LONDON_0800,ORIGINAL_DIRECT_UTC,US100,1762502400,2025-11-07T08:00:00,1762502700,1,1,1,1,0,,0,,0,,0,,0,
2025-11-07,LONDON_0800,ORIGINAL_DIRECT_UTC,US30,1762502400,2025-11-07T08:00:00,1762502700,1,1,1,1,0,,0,,0,,0,,0,
2025-11-07,LONDON_0800,NY_CLOSE_BROKER_CONVENTION,US100,1762509600,2025-11-07T10:00:00,1762509900,1,1,1,1,0,,0,,0,,0,,0,
2025-11-07,LONDON_0800,NY_CLOSE_BROKER_CONVENTION,US30,1762509600,2025-11-07T10:00:00,1762509900,1,1,1,1,0,,0,,0,,0,,0,
2025-11-07,NEW_YORK_0930,ORIGINAL_DIRECT_UTC,US100,1762525800,2025-11-07T14:30:00,1762526100,1,1,1,1,0,,0,,0,,0,,0,
2025-11-07,NEW_YORK_0930,ORIGINAL_DIRECT_UTC,US30,1762525800,2025-11-07T14:30:00,1762526100,1,1,1,1,0,,0,,0,,0,,0,
2025-11-07,NEW_YORK_0930,NY_CLOSE_BROKER_CONVENTION,US100,1762533000,2025-11-07T16:30:00,1762533300,1,1,1,1,0,,0,,0,,0,,0,
2025-11-07,NEW_YORK_0930,NY_CLOSE_BROKER_CONVENTION,US30,1762533000,2025-11-07T16:30:00,1762533300,1,1,1,1,0,,0,,0,,0,,0,
2025-11-10,LONDON_0800,ORIGINAL_DIRECT_UTC,US100,1762761600,2025-11-10T08:00:00,1762761900,1,1,1,1,0,,0,,0,,0,,0,
2025-11-10,LONDON_0800,ORIGINAL_DIRECT_UTC,US30,1762761600,2025-11-10T08:00:00,1762761900,1,1,1,1,0,,0,,0,,0,,0,
2025-11-10,LONDON_0800,NY_CLOSE_BROKER_CONVENTION,US100,1762768800,2025-11-10T10:00:00,1762769100,1,1,1,1,0,,0,,0,,0,,0,
2025-11-10,LONDON_0800,NY_CLOSE_BROKER_CONVENTION,US30,1762768800,2025-11-10T10:00:00,1762769100,1,1,1,1,0,,0,,0,,0,,0,
2025-11-10,NEW_YORK_0930,ORIGINAL_DIRECT_UTC,US100,1762785000,2025-11-10T14:30:00,1762785300,1,1,1,1,0,,0,,0,,0,,0,
2025-11-10,NEW_YORK_0930,ORIGINAL_DIRECT_UTC,US30,1762785000,2025-11-10T14:30:00,1762785300,1,1,1,1,0,,0,,0,,0,,0,
2025-11-10,NEW_YORK_0930,NY_CLOSE_BROKER_CONVENTION,US100,1762792200,2025-11-10T16:30:00,1762792500,1,1,1,1,0,,0,,0,,0,,0,
2025-11-10,NEW_YORK_0930,NY_CLOSE_BROKER_CONVENTION,US30,1762792200,2025-11-10T16:30:00,1762792500,1,1,1,1,0,,0,,0,,0,,0,
2025-11-11,LONDON_0800,ORIGINAL_DIRECT_UTC,US100,1762848000,2025-11-11T08:00:00,1762848300,1,1,1,1,0,,0,,0,,0,,0,
2025-11-11,LONDON_0800,ORIGINAL_DIRECT_UTC,US30,1762848000,2025-11-11T08:00:00,1762848300,1,1,1,1,0,,0,,0,,0,,0,
2025-11-11,LONDON_0800,NY_CLOSE_BROKER_CONVENTION,US100,1762855200,2025-11-11T10:00:00,1762855500,1,1,1,1,0,,0,,0,,0,,0,
2025-11-11,LONDON_0800,NY_CLOSE_BROKER_CONVENTION,US30,1762855200,2025-11-11T10:00:00,1762855500,1,1,1,1,0,,0,,0,,0,,0,
2025-11-11,NEW_YORK_0930,ORIGINAL_DIRECT_UTC,US100,1762871400,2025-11-11T14:30:00,1762871700,1,1,1,1,0,,0,,0,,0,,0,
2025-11-11,NEW_YORK_0930,ORIGINAL_DIRECT_UTC,US30,1762871400,2025-11-11T14:30:00,1762871700,1,1,1,1,0,,0,,0,,0,,0,
2025-11-11,NEW_YORK_0930,NY_CLOSE_BROKER_CONVENTION,US100,1762878600,2025-11-11T16:30:00,1762878900,1,1,1,1,0,,0,,0,,0,,0,
2025-11-11,NEW_YORK_0930,NY_CLOSE_BROKER_CONVENTION,US30,1762878600,2025-11-11T16:30:00,1762878900,1,1,1,1,0,,0,,0,,0,,0,
2025-11-12,LONDON_0800,ORIGINAL_DIRECT_UTC,US100,1762934400,2025-11-12T08:00:00,1762934700,1,1,1,1,0,,0,,0,,0,,0,
2025-11-12,LONDON_0800,ORIGINAL_DIRECT_UTC,US30,1762934400,2025-11-12T08:00:00,1762934700,1,1,1,1,0,,0,,0,,0,,0,
2025-11-12,LONDON_0800,NY_CLOSE_BROKER_CONVENTION,US100,1762941600,2025-11-12T10:00:00,1762941900,1,1,1,1,0,,0,,0,,0,,0,
2025-11-12,LONDON_0800,NY_CLOSE_BROKER_CONVENTION,US30,1762941600,2025-11-12T10:00:00,1762941900,1,1,1,1,0,,0,,0,,0,,0,
2025-11-12,NEW_YORK_0930,ORIGINAL_DIRECT_UTC,US100,1762957800,2025-11-12T14:30:00,1762958100,1,1,1,1,0,,0,,0,,0,,0,
2025-11-12,NEW_YORK_0930,ORIGINAL_DIRECT_UTC,US30,1762957800,2025-11-12T14:30:00,1762958100,1,1,1,1,0,,0,,0,,0,,0,
2025-11-12,NEW_YORK_0930,NY_CLOSE_BROKER_CONVENTION,US100,1762965000,2025-11-12T16:30:00,1762965300,1,1,1,1,0,,0,,0,,0,,0,
2025-11-12,NEW_YORK_0930,NY_CLOSE_BROKER_CONVENTION,US30,1762965000,2025-11-12T16:30:00,1762965300,1,1,1,1,0,,0,,0,,0,,0,
2025-11-13,LONDON_0800,ORIGINAL_DIRECT_UTC,US100,1763020800,2025-11-13T08:00:00,1763021100,1,1,1,1,0,,0,,0,,0,,0,
2025-11-13,LONDON_0800,ORIGINAL_DIRECT_UTC,US30,1763020800,2025-11-13T08:00:00,1763021100,1,1,1,1,0,,0,,0,,0,,0,
2025-11-13,LONDON_0800,NY_CLOSE_BROKER_CONVENTION,US100,1763028000,2025-11-13T10:00:00,1763028300,1,1,1,1,0,,0,,0,,0,,0,
2025-11-13,LONDON_0800,NY_CLOSE_BROKER_CONVENTION,US30,1763028000,2025-11-13T10:00:00,1763028300,1,1,1,1,0,,0,,0,,0,,0,
2025-11-13,NEW_YORK_0930,ORIGINAL_DIRECT_UTC,US100,1763044200,2025-11-13T14:30:00,1763044500,1,1,1,1,0,,0,,0,,0,,0,
2025-11-13,NEW_YORK_0930,ORIGINAL_DIRECT_UTC,US30,1763044200,2025-11-13T14:30:00,1763044500,1,1,1,1,0,,0,,0,,0,,0,
2025-11-13,NEW_YORK_0930,NY_CLOSE_BROKER_CONVENTION,US100,1763051400,2025-11-13T16:30:00,1763051700,1,1,1,1,0,,0,,0,,0,,0,
2025-11-13,NEW_YORK_0930,NY_CLOSE_BROKER_CONVENTION,US30,1763051400,2025-11-13T16:30:00,1763051700,1,1,1,1,0,,0,,0,,0,,0,
2025-11-14,LONDON_0800,ORIGINAL_DIRECT_UTC,US100,1763107200,2025-11-14T08:00:00,1763107500,1,1,1,1,0,,0,,0,,0,,0,
2025-11-14,LONDON_0800,ORIGINAL_DIRECT_UTC,US30,1763107200,2025-11-14T08:00:00,1763107500,1,1,1,1,0,,0,,0,,0,,0,
2025-11-14,LONDON_0800,NY_CLOSE_BROKER_CONVENTION,US100,1763114400,2025-11-14T10:00:00,1763114700,1,1,1,1,0,,0,,0,,0,,0,
2025-11-14,LONDON_0800,NY_CLOSE_BROKER_CONVENTION,US30,1763114400,2025-11-14T10:00:00,1763114700,1,1,1,1,0,,0,,0,,0,,0,
2025-11-14,NEW_YORK_0930,ORIGINAL_DIRECT_UTC,US100,1763130600,2025-11-14T14:30:00,1763130900,1,1,1,1,0,,0,,0,,0,,0,
2025-11-14,NEW_YORK_0930,ORIGINAL_DIRECT_UTC,US30,1763130600,2025-11-14T14:30:00,1763130900,1,1,1,1,0,,0,,0,,0,,0,
2025-11-14,NEW_YORK_0930,NY_CLOSE_BROKER_CONVENTION,US100,1763137800,2025-11-14T16:30:00,1763138100,1,1,1,1,0,,0,,0,,0,,0,
2025-11-14,NEW_YORK_0930,NY_CLOSE_BROKER_CONVENTION,US30,1763137800,2025-11-14T16:30:00,1763138100,1,1,1,1,0,,0,,0,,0,,0,
2025-11-17,LONDON_0800,ORIGINAL_DIRECT_UTC,US100,1763366400,2025-11-17T08:00:00,1763366700,1,1,1,1,0,,0,,0,,0,,0,
2025-11-17,LONDON_0800,ORIGINAL_DIRECT_UTC,US30,1763366400,2025-11-17T08:00:00,1763366700,1,1,1,1,0,,0,,0,,0,,0,
2025-11-17,LONDON_0800,NY_CLOSE_BROKER_CONVENTION,US100,1763373600,2025-11-17T10:00:00,1763373900,1,1,1,1,0,,0,,0,,0,,0,
2025-11-17,LONDON_0800,NY_CLOSE_BROKER_CONVENTION,US30,1763373600,2025-11-17T10:00:00,1763373900,1,1,1,1,0,,0,,0,,0,,0,
2025-11-17,NEW_YORK_0930,ORIGINAL_DIRECT_UTC,US100,1763389800,2025-11-17T14:30:00,1763390100,1,1,1,1,0,,0,,0,,0,,0,
2025-11-17,NEW_YORK_0930,ORIGINAL_DIRECT_UTC,US30,1763389800,2025-11-17T14:30:00,1763390100,1,1,1,1,0,,0,,0,,0,,0,
2025-11-17,NEW_YORK_0930,NY_CLOSE_BROKER_CONVENTION,US100,1763397000,2025-11-17T16:30:00,1763397300,1,1,1,1,0,,0,,0,,0,,0,
2025-11-17,NEW_YORK_0930,NY_CLOSE_BROKER_CONVENTION,US30,1763397000,2025-11-17T16:30:00,1763397300,1,1,1,1,0,,0,,0,,0,,0,
2025-11-18,LONDON_0800,ORIGINAL_DIRECT_UTC,US100,1763452800,2025-11-18T08:00:00,1763453100,1,1,1,1,0,,0,,0,,0,,0,
2025-11-18,LONDON_0800,ORIGINAL_DIRECT_UTC,US30,1763452800,2025-11-18T08:00:00,1763453100,1,1,1,1,0,,0,,0,,0,,0,
2025-11-18,LONDON_0800,NY_CLOSE_BROKER_CONVENTION,US100,1763460000,2025-11-18T10:00:00,1763460300,1,1,1,1,0,,0,,0,,0,,0,
2025-11-18,LONDON_0800,NY_CLOSE_BROKER_CONVENTION,US30,1763460000,2025-11-18T10:00:00,1763460300,1,1,1,1,0,,0,,0,,0,,0,
2025-11-18,NEW_YORK_0930,ORIGINAL_DIRECT_UTC,US100,1763476200,2025-11-18T14:30:00,1763476500,1,1,1,1,0,,0,,0,,0,,0,
2025-11-18,NEW_YORK_0930,ORIGINAL_DIRECT_UTC,US30,1763476200,2025-11-18T14:30:00,1763476500,1,1,1,1,0,,0,,0,,0,,0,
2025-11-18,NEW_YORK_0930,NY_CLOSE_BROKER_CONVENTION,US100,1763483400,2025-11-18T16:30:00,1763483700,1,1,1,1,0,,0,,0,,0,,0,
2025-11-18,NEW_YORK_0930,NY_CLOSE_BROKER_CONVENTION,US30,1763483400,2025-11-18T16:30:00,1763483700,1,1,1,1,0,,0,,0,,0,,0,
2025-11-19,LONDON_0800,ORIGINAL_DIRECT_UTC,US100,1763539200,2025-11-19T08:00:00,1763539500,1,1,1,1,0,,0,,0,,0,,0,
2025-11-19,LONDON_0800,ORIGINAL_DIRECT_UTC,US30,1763539200,2025-11-19T08:00:00,1763539500,1,1,1,1,0,,0,,0,,0,,0,
2025-11-19,LONDON_0800,NY_CLOSE_BROKER_CONVENTION,US100,1763546400,2025-11-19T10:00:00,1763546700,1,1,1,1,0,,0,,0,,0,,0,
2025-11-19,LONDON_0800,NY_CLOSE_BROKER_CONVENTION,US30,1763546400,2025-11-19T10:00:00,1763546700,1,1,1,1,0,,0,,0,,0,,0,
2025-11-19,NEW_YORK_0930,ORIGINAL_DIRECT_UTC,US100,1763562600,2025-11-19T14:30:00,1763562900,1,1,1,1,0,,0,,0,,0,,0,
2025-11-19,NEW_YORK_0930,ORIGINAL_DIRECT_UTC,US30,1763562600,2025-11-19T14:30:00,1763562900,1,1,1,1,0,,0,,0,,0,,0,
2025-11-19,NEW_YORK_0930,NY_CLOSE_BROKER_CONVENTION,US100,1763569800,2025-11-19T16:30:00,1763570100,1,1,1,1,0,,0,,0,,0,,0,
2025-11-19,NEW_YORK_0930,NY_CLOSE_BROKER_CONVENTION,US30,1763569800,2025-11-19T16:30:00,1763570100,1,1,1,1,0,,0,,0,,0,,0,
2025-11-20,LONDON_0800,ORIGINAL_DIRECT_UTC,US100,1763625600,2025-11-20T08:00:00,1763625900,1,1,1,1,0,,0,,0,,0,,0,
2025-11-20,LONDON_0800,ORIGINAL_DIRECT_UTC,US30,1763625600,2025-11-20T08:00:00,1763625900,1,1,1,1,0,,0,,0,,0,,0,
2025-11-20,LONDON_0800,NY_CLOSE_BROKER_CONVENTION,US100,1763632800,2025-11-20T10:00:00,1763633100,1,1,1,1,0,,0,,0,,0,,0,
2025-11-20,LONDON_0800,NY_CLOSE_BROKER_CONVENTION,US30,1763632800,2025-11-20T10:00:00,1763633100,1,1,1,1,0,,0,,0,,0,,0,
2025-11-20,NEW_YORK_0930,ORIGINAL_DIRECT_UTC,US100,1763649000,2025-11-20T14:30:00,1763649300,1,1,1,1,0,,0,,0,,0,,0,
2025-11-20,NEW_YORK_0930,ORIGINAL_DIRECT_UTC,US30,1763649000,2025-11-20T14:30:00,1763649300,1,1,1,1,0,,0,,0,,0,,0,
2025-11-20,NEW_YORK_0930,NY_CLOSE_BROKER_CONVENTION,US100,1763656200,2025-11-20T16:30:00,1763656500,1,1,1,1,0,,0,,0,,0,,0,
2025-11-20,NEW_YORK_0930,NY_CLOSE_BROKER_CONVENTION,US30,1763656200,2025-11-20T16:30:00,1763656500,1,1,1,1,0,,0,,0,,0,,0,
2025-11-21,LONDON_0800,ORIGINAL_DIRECT_UTC,US100,1763712000,2025-11-21T08:00:00,1763712300,1,1,1,1,0,,0,,0,,0,,0,
2025-11-21,LONDON_0800,ORIGINAL_DIRECT_UTC,US30,1763712000,2025-11-21T08:00:00,1763712300,1,1,1,1,0,,0,,0,,0,,0,
2025-11-21,LONDON_0800,NY_CLOSE_BROKER_CONVENTION,US100,1763719200,2025-11-21T10:00:00,1763719500,1,1,1,1,0,,0,,0,,0,,0,
2025-11-21,LONDON_0800,NY_CLOSE_BROKER_CONVENTION,US30,1763719200,2025-11-21T10:00:00,1763719500,1,1,1,1,0,,0,,0,,0,,0,
2025-11-21,NEW_YORK_0930,ORIGINAL_DIRECT_UTC,US100,1763735400,2025-11-21T14:30:00,1763735700,1,1,1,1,0,,0,,0,,0,,0,
2025-11-21,NEW_YORK_0930,ORIGINAL_DIRECT_UTC,US30,1763735400,2025-11-21T14:30:00,1763735700,1,1,1,1,0,,0,,0,,0,,0,
2025-11-21,NEW_YORK_0930,NY_CLOSE_BROKER_CONVENTION,US100,1763742600,2025-11-21T16:30:00,1763742900,1,1,1,1,0,,0,,0,,0,,0,
2025-11-21,NEW_YORK_0930,NY_CLOSE_BROKER_CONVENTION,US30,1763742600,2025-11-21T16:30:00,1763742900,1,1,1,1,0,,0,,0,,0,,0,
2025-11-24,LONDON_0800,ORIGINAL_DIRECT_UTC,US100,1763971200,2025-11-24T08:00:00,1763971500,1,1,1,1,0,,0,,0,,0,,0,
2025-11-24,LONDON_0800,ORIGINAL_DIRECT_UTC,US30,1763971200,2025-11-24T08:00:00,1763971500,1,1,1,1,0,,0,,0,,0,,0,
2025-11-24,LONDON_0800,NY_CLOSE_BROKER_CONVENTION,US100,1763978400,2025-11-24T10:00:00,1763978700,1,1,1,1,0,,0,,0,,0,,0,
2025-11-24,LONDON_0800,NY_CLOSE_BROKER_CONVENTION,US30,1763978400,2025-11-24T10:00:00,1763978700,1,1,1,1,0,,0,,0,,0,,0,
2025-11-24,NEW_YORK_0930,ORIGINAL_DIRECT_UTC,US100,1763994600,2025-11-24T14:30:00,1763994900,1,1,0,0,0,,0,,0,,12,21 22 23 24 25 26 27 28 29 30 31 32,0,
2025-11-24,NEW_YORK_0930,ORIGINAL_DIRECT_UTC,US30,1763994600,2025-11-24T14:30:00,1763994900,1,1,0,0,0,,0,,0,,12,21 22 23 24 25 26 27 28 29 30 31 32,0,
2025-11-24,NEW_YORK_0930,NY_CLOSE_BROKER_CONVENTION,US100,1764001800,2025-11-24T16:30:00,1764002100,1,1,1,1,0,,0,,0,,0,,0,
2025-11-24,NEW_YORK_0930,NY_CLOSE_BROKER_CONVENTION,US30,1764001800,2025-11-24T16:30:00,1764002100,1,1,1,1,0,,0,,0,,0,,0,
2025-11-25,LONDON_0800,ORIGINAL_DIRECT_UTC,US100,1764057600,2025-11-25T08:00:00,1764057900,1,1,1,1,0,,0,,0,,0,,0,
2025-11-25,LONDON_0800,ORIGINAL_DIRECT_UTC,US30,1764057600,2025-11-25T08:00:00,1764057900,1,1,1,1,0,,0,,0,,0,,0,
2025-11-25,LONDON_0800,NY_CLOSE_BROKER_CONVENTION,US100,1764064800,2025-11-25T10:00:00,1764065100,1,1,1,1,0,,0,,0,,0,,0,
2025-11-25,LONDON_0800,NY_CLOSE_BROKER_CONVENTION,US30,1764064800,2025-11-25T10:00:00,1764065100,1,1,1,1,0,,0,,0,,0,,0,
2025-11-25,NEW_YORK_0930,ORIGINAL_DIRECT_UTC,US100,1764081000,2025-11-25T14:30:00,1764081300,1,1,1,1,0,,0,,0,,0,,0,
2025-11-25,NEW_YORK_0930,ORIGINAL_DIRECT_UTC,US30,1764081000,2025-11-25T14:30:00,1764081300,1,1,1,1,0,,0,,0,,0,,0,
2025-11-25,NEW_YORK_0930,NY_CLOSE_BROKER_CONVENTION,US100,1764088200,2025-11-25T16:30:00,1764088500,1,1,1,1,0,,0,,0,,0,,0,
2025-11-25,NEW_YORK_0930,NY_CLOSE_BROKER_CONVENTION,US30,1764088200,2025-11-25T16:30:00,1764088500,1,1,1,1,0,,0,,0,,0,,0,
2025-11-26,LONDON_0800,ORIGINAL_DIRECT_UTC,US100,1764144000,2025-11-26T08:00:00,1764144300,1,1,1,1,0,,0,,0,,0,,0,
2025-11-26,LONDON_0800,ORIGINAL_DIRECT_UTC,US30,1764144000,2025-11-26T08:00:00,1764144300,1,1,1,1,0,,0,,0,,0,,0,
2025-11-26,LONDON_0800,NY_CLOSE_BROKER_CONVENTION,US100,1764151200,2025-11-26T10:00:00,1764151500,1,1,1,1,0,,0,,0,,0,,0,
2025-11-26,LONDON_0800,NY_CLOSE_BROKER_CONVENTION,US30,1764151200,2025-11-26T10:00:00,1764151500,1,1,1,1,0,,0,,0,,0,,0,
2025-11-26,NEW_YORK_0930,ORIGINAL_DIRECT_UTC,US100,1764167400,2025-11-26T14:30:00,1764167700,1,1,1,1,0,,0,,0,,0,,0,
2025-11-26,NEW_YORK_0930,ORIGINAL_DIRECT_UTC,US30,1764167400,2025-11-26T14:30:00,1764167700,1,1,1,1,0,,0,,0,,0,,0,
2025-11-26,NEW_YORK_0930,NY_CLOSE_BROKER_CONVENTION,US100,1764174600,2025-11-26T16:30:00,1764174900,1,1,1,1,0,,0,,0,,0,,0,
2025-11-26,NEW_YORK_0930,NY_CLOSE_BROKER_CONVENTION,US30,1764174600,2025-11-26T16:30:00,1764174900,1,1,1,1,0,,0,,0,,0,,0,
2025-11-27,LONDON_0800,ORIGINAL_DIRECT_UTC,US100,1764230400,2025-11-27T08:00:00,1764230700,1,1,1,1,0,,0,,0,,0,,0,
2025-11-27,LONDON_0800,ORIGINAL_DIRECT_UTC,US30,1764230400,2025-11-27T08:00:00,1764230700,1,1,1,1,0,,0,,0,,0,,0,
2025-11-27,LONDON_0800,NY_CLOSE_BROKER_CONVENTION,US100,1764237600,2025-11-27T10:00:00,1764237900,1,1,1,1,0,,0,,0,,0,,0,
2025-11-27,LONDON_0800,NY_CLOSE_BROKER_CONVENTION,US30,1764237600,2025-11-27T10:00:00,1764237900,1,1,1,1,0,,0,,0,,0,,0,
2025-11-27,NEW_YORK_0930,ORIGINAL_DIRECT_UTC,US100,1764253800,2025-11-27T14:30:00,1764254100,1,1,1,1,0,,0,,0,,0,,0,
2025-11-27,NEW_YORK_0930,ORIGINAL_DIRECT_UTC,US30,1764253800,2025-11-27T14:30:00,1764254100,1,1,1,1,0,,0,,0,,0,,0,
2025-11-27,NEW_YORK_0930,NY_CLOSE_BROKER_CONVENTION,US100,1764261000,2025-11-27T16:30:00,1764261300,1,1,1,1,0,,0,,0,,0,,0,
2025-11-27,NEW_YORK_0930,NY_CLOSE_BROKER_CONVENTION,US30,1764261000,2025-11-27T16:30:00,1764261300,1,1,1,1,0,,0,,0,,0,,0,
2025-11-28,LONDON_0800,ORIGINAL_DIRECT_UTC,US100,1764316800,2025-11-28T08:00:00,1764317100,0,0,0,0,30,-30 -29 -28 -27 -26 -25 -24 -23 -22 -21 -20 -19 -18 -17 -16 -15 -14 -13 -12 -11 -10 -9 -8 -7 -6 -5 -4 -3 -2 -1,5,0 1 2 3 4,1,5,59,6 7 8 9 10 11 12 13 14 15 16 17 18 19 20 21 22 23 24 25 26 27 28 29 30 31 32 33 34 35 36 37 38 39 40 41 42 43 44 45 46 47 48 49 50 51 52 53 54 55 56 57 58 59 60 61 62 63 64,10,65 66 67 68 69 70 71 72 73 74
2025-11-28,LONDON_0800,ORIGINAL_DIRECT_UTC,US30,1764316800,2025-11-28T08:00:00,1764317100,0,0,0,0,30,-30 -29 -28 -27 -26 -25 -24 -23 -22 -21 -20 -19 -18 -17 -16 -15 -14 -13 -12 -11 -10 -9 -8 -7 -6 -5 -4 -3 -2 -1,5,0 1 2 3 4,1,5,59,6 7 8 9 10 11 12 13 14 15 16 17 18 19 20 21 22 23 24 25 26 27 28 29 30 31 32 33 34 35 36 37 38 39 40 41 42 43 44 45 46 47 48 49 50 51 52 53 54 55 56 57 58 59 60 61 62 63 64,10,65 66 67 68 69 70 71 72 73 74
2025-11-28,LONDON_0800,NY_CLOSE_BROKER_CONVENTION,US100,1764324000,2025-11-28T10:00:00,1764324300,0,0,0,0,30,-30 -29 -28 -27 -26 -25 -24 -23 -22 -21 -20 -19 -18 -17 -16 -15 -14 -13 -12 -11 -10 -9 -8 -7 -6 -5 -4 -3 -2 -1,5,0 1 2 3 4,1,5,59,6 7 8 9 10 11 12 13 14 15 16 17 18 19 20 21 22 23 24 25 26 27 28 29 30 31 32 33 34 35 36 37 38 39 40 41 42 43 44 45 46 47 48 49 50 51 52 53 54 55 56 57 58 59 60 61 62 63 64,10,65 66 67 68 69 70 71 72 73 74
2025-11-28,LONDON_0800,NY_CLOSE_BROKER_CONVENTION,US30,1764324000,2025-11-28T10:00:00,1764324300,0,0,0,0,30,-30 -29 -28 -27 -26 -25 -24 -23 -22 -21 -20 -19 -18 -17 -16 -15 -14 -13 -12 -11 -10 -9 -8 -7 -6 -5 -4 -3 -2 -1,5,0 1 2 3 4,1,5,59,6 7 8 9 10 11 12 13 14 15 16 17 18 19 20 21 22 23 24 25 26 27 28 29 30 31 32 33 34 35 36 37 38 39 40 41 42 43 44 45 46 47 48 49 50 51 52 53 54 55 56 57 58 59 60 61 62 63 64,10,65 66 67 68 69 70 71 72 73 74
2025-11-28,NEW_YORK_0930,ORIGINAL_DIRECT_UTC,US100,1764340200,2025-11-28T14:30:00,1764340500,0,0,0,0,30,-30 -29 -28 -27 -26 -25 -24 -23 -22 -21 -20 -19 -18 -17 -16 -15 -14 -13 -12 -11 -10 -9 -8 -7 -6 -5 -4 -3 -2 -1,5,0 1 2 3 4,1,5,56,6 7 8 9 10 11 12 13 14 15 16 17 18 19 20 21 22 23 24 25 26 27 28 29 30 31 32 33 34 35 36 37 38 39 40 41 42 43 44 45 46 47 48 49 50 51 52 53 54 55 56 57 58 59 60 61,0,
2025-11-28,NEW_YORK_0930,ORIGINAL_DIRECT_UTC,US30,1764340200,2025-11-28T14:30:00,1764340500,0,0,0,0,30,-30 -29 -28 -27 -26 -25 -24 -23 -22 -21 -20 -19 -18 -17 -16 -15 -14 -13 -12 -11 -10 -9 -8 -7 -6 -5 -4 -3 -2 -1,5,0 1 2 3 4,1,5,55,6 7 8 9 10 11 12 13 14 15 16 17 18 19 20 21 22 23 24 25 26 27 28 29 30 31 32 33 34 35 36 37 38 39 40 41 42 43 44 45 46 47 48 49 50 51 52 53 54 55 56 57 58 59 60,0,
2025-11-28,NEW_YORK_0930,NY_CLOSE_BROKER_CONVENTION,US100,1764347400,2025-11-28T16:30:00,1764347700,1,1,1,1,0,,0,,0,,0,,0,
2025-11-28,NEW_YORK_0930,NY_CLOSE_BROKER_CONVENTION,US30,1764347400,2025-11-28T16:30:00,1764347700,1,1,1,1,0,,0,,0,,0,,0,
2025-12-01,LONDON_0800,ORIGINAL_DIRECT_UTC,US100,1764576000,2025-12-01T08:00:00,1764576300,1,1,1,1,0,,0,,0,,0,,0,
2025-12-01,LONDON_0800,ORIGINAL_DIRECT_UTC,US30,1764576000,2025-12-01T08:00:00,1764576300,1,1,1,1,0,,0,,0,,0,,0,
2025-12-01,LONDON_0800,NY_CLOSE_BROKER_CONVENTION,US100,1764583200,2025-12-01T10:00:00,1764583500,1,1,1,1,0,,0,,0,,0,,0,
2025-12-01,LONDON_0800,NY_CLOSE_BROKER_CONVENTION,US30,1764583200,2025-12-01T10:00:00,1764583500,1,1,1,1,0,,0,,0,,0,,0,
2025-12-01,NEW_YORK_0930,ORIGINAL_DIRECT_UTC,US100,1764599400,2025-12-01T14:30:00,1764599700,1,1,1,1,0,,0,,0,,0,,0,
2025-12-01,NEW_YORK_0930,ORIGINAL_DIRECT_UTC,US30,1764599400,2025-12-01T14:30:00,1764599700,1,1,1,1,0,,0,,0,,0,,0,
2025-12-01,NEW_YORK_0930,NY_CLOSE_BROKER_CONVENTION,US100,1764606600,2025-12-01T16:30:00,1764606900,1,1,1,1,0,,0,,0,,0,,0,
2025-12-01,NEW_YORK_0930,NY_CLOSE_BROKER_CONVENTION,US30,1764606600,2025-12-01T16:30:00,1764606900,1,1,1,1,0,,0,,0,,0,,0,
2025-12-02,LONDON_0800,ORIGINAL_DIRECT_UTC,US100,1764662400,2025-12-02T08:00:00,1764662700,1,1,1,1,0,,0,,0,,0,,0,
2025-12-02,LONDON_0800,ORIGINAL_DIRECT_UTC,US30,1764662400,2025-12-02T08:00:00,1764662700,1,1,1,1,0,,0,,0,,0,,0,
2025-12-02,LONDON_0800,NY_CLOSE_BROKER_CONVENTION,US100,1764669600,2025-12-02T10:00:00,1764669900,1,1,1,1,0,,0,,0,,0,,0,
2025-12-02,LONDON_0800,NY_CLOSE_BROKER_CONVENTION,US30,1764669600,2025-12-02T10:00:00,1764669900,1,1,1,1,0,,0,,0,,0,,0,
2025-12-02,NEW_YORK_0930,ORIGINAL_DIRECT_UTC,US100,1764685800,2025-12-02T14:30:00,1764686100,1,1,1,1,0,,0,,0,,0,,0,
2025-12-02,NEW_YORK_0930,ORIGINAL_DIRECT_UTC,US30,1764685800,2025-12-02T14:30:00,1764686100,1,1,1,1,0,,0,,0,,0,,0,
2025-12-02,NEW_YORK_0930,NY_CLOSE_BROKER_CONVENTION,US100,1764693000,2025-12-02T16:30:00,1764693300,1,1,1,1,0,,0,,0,,0,,0,
2025-12-02,NEW_YORK_0930,NY_CLOSE_BROKER_CONVENTION,US30,1764693000,2025-12-02T16:30:00,1764693300,1,1,1,1,0,,0,,0,,0,,0,
2025-12-03,LONDON_0800,ORIGINAL_DIRECT_UTC,US100,1764748800,2025-12-03T08:00:00,1764749100,1,1,1,1,0,,0,,0,,0,,0,
2025-12-03,LONDON_0800,ORIGINAL_DIRECT_UTC,US30,1764748800,2025-12-03T08:00:00,1764749100,1,1,1,1,0,,0,,0,,0,,0,
2025-12-03,LONDON_0800,NY_CLOSE_BROKER_CONVENTION,US100,1764756000,2025-12-03T10:00:00,1764756300,1,1,1,1,0,,0,,0,,0,,0,
2025-12-03,LONDON_0800,NY_CLOSE_BROKER_CONVENTION,US30,1764756000,2025-12-03T10:00:00,1764756300,1,1,1,1,0,,0,,0,,0,,0,
2025-12-03,NEW_YORK_0930,ORIGINAL_DIRECT_UTC,US100,1764772200,2025-12-03T14:30:00,1764772500,1,1,1,1,0,,0,,0,,0,,0,
2025-12-03,NEW_YORK_0930,ORIGINAL_DIRECT_UTC,US30,1764772200,2025-12-03T14:30:00,1764772500,1,1,1,1,0,,0,,0,,0,,0,
2025-12-03,NEW_YORK_0930,NY_CLOSE_BROKER_CONVENTION,US100,1764779400,2025-12-03T16:30:00,1764779700,1,1,1,1,0,,0,,0,,0,,0,
2025-12-03,NEW_YORK_0930,NY_CLOSE_BROKER_CONVENTION,US30,1764779400,2025-12-03T16:30:00,1764779700,1,1,1,1,0,,0,,0,,0,,0,
2025-12-04,LONDON_0800,ORIGINAL_DIRECT_UTC,US100,1764835200,2025-12-04T08:00:00,1764835500,1,1,1,1,0,,0,,0,,0,,0,
2025-12-04,LONDON_0800,ORIGINAL_DIRECT_UTC,US30,1764835200,2025-12-04T08:00:00,1764835500,1,1,1,1,0,,0,,0,,0,,0,
2025-12-04,LONDON_0800,NY_CLOSE_BROKER_CONVENTION,US100,1764842400,2025-12-04T10:00:00,1764842700,1,1,1,1,0,,0,,0,,0,,0,
2025-12-04,LONDON_0800,NY_CLOSE_BROKER_CONVENTION,US30,1764842400,2025-12-04T10:00:00,1764842700,1,1,1,1,0,,0,,0,,0,,0,
2025-12-04,NEW_YORK_0930,ORIGINAL_DIRECT_UTC,US100,1764858600,2025-12-04T14:30:00,1764858900,1,1,1,1,0,,0,,0,,0,,0,
2025-12-04,NEW_YORK_0930,ORIGINAL_DIRECT_UTC,US30,1764858600,2025-12-04T14:30:00,1764858900,1,1,1,1,0,,0,,0,,0,,0,
2025-12-04,NEW_YORK_0930,NY_CLOSE_BROKER_CONVENTION,US100,1764865800,2025-12-04T16:30:00,1764866100,1,1,1,1,0,,0,,0,,0,,0,
2025-12-04,NEW_YORK_0930,NY_CLOSE_BROKER_CONVENTION,US30,1764865800,2025-12-04T16:30:00,1764866100,1,1,1,1,0,,0,,0,,0,,0,
2025-12-05,LONDON_0800,ORIGINAL_DIRECT_UTC,US100,1764921600,2025-12-05T08:00:00,1764921900,1,1,1,1,0,,0,,0,,0,,0,
2025-12-05,LONDON_0800,ORIGINAL_DIRECT_UTC,US30,1764921600,2025-12-05T08:00:00,1764921900,1,1,1,1,0,,0,,0,,0,,0,
2025-12-05,LONDON_0800,NY_CLOSE_BROKER_CONVENTION,US100,1764928800,2025-12-05T10:00:00,1764929100,1,1,1,1,0,,0,,0,,0,,0,
2025-12-05,LONDON_0800,NY_CLOSE_BROKER_CONVENTION,US30,1764928800,2025-12-05T10:00:00,1764929100,1,1,1,1,0,,0,,0,,0,,0,
2025-12-05,NEW_YORK_0930,ORIGINAL_DIRECT_UTC,US100,1764945000,2025-12-05T14:30:00,1764945300,1,1,1,1,0,,0,,0,,0,,0,
2025-12-05,NEW_YORK_0930,ORIGINAL_DIRECT_UTC,US30,1764945000,2025-12-05T14:30:00,1764945300,1,1,1,1,0,,0,,0,,0,,0,
2025-12-05,NEW_YORK_0930,NY_CLOSE_BROKER_CONVENTION,US100,1764952200,2025-12-05T16:30:00,1764952500,1,1,1,1,0,,0,,0,,0,,0,
2025-12-05,NEW_YORK_0930,NY_CLOSE_BROKER_CONVENTION,US30,1764952200,2025-12-05T16:30:00,1764952500,1,1,1,1,0,,0,,0,,0,,0,
2025-12-08,LONDON_0800,ORIGINAL_DIRECT_UTC,US100,1765180800,2025-12-08T08:00:00,1765181100,1,1,1,1,0,,0,,0,,0,,0,
2025-12-08,LONDON_0800,ORIGINAL_DIRECT_UTC,US30,1765180800,2025-12-08T08:00:00,1765181100,1,1,1,1,0,,0,,0,,0,,0,
2025-12-08,LONDON_0800,NY_CLOSE_BROKER_CONVENTION,US100,1765188000,2025-12-08T10:00:00,1765188300,1,1,1,1,0,,0,,0,,0,,0,
2025-12-08,LONDON_0800,NY_CLOSE_BROKER_CONVENTION,US30,1765188000,2025-12-08T10:00:00,1765188300,1,1,1,1,0,,0,,0,,0,,0,
2025-12-08,NEW_YORK_0930,ORIGINAL_DIRECT_UTC,US100,1765204200,2025-12-08T14:30:00,1765204500,1,1,1,1,0,,0,,0,,0,,0,
2025-12-08,NEW_YORK_0930,ORIGINAL_DIRECT_UTC,US30,1765204200,2025-12-08T14:30:00,1765204500,1,1,1,1,0,,0,,0,,0,,0,
2025-12-08,NEW_YORK_0930,NY_CLOSE_BROKER_CONVENTION,US100,1765211400,2025-12-08T16:30:00,1765211700,1,1,1,1,0,,0,,0,,0,,0,
2025-12-08,NEW_YORK_0930,NY_CLOSE_BROKER_CONVENTION,US30,1765211400,2025-12-08T16:30:00,1765211700,1,1,1,1,0,,0,,0,,0,,0,
2025-12-09,LONDON_0800,ORIGINAL_DIRECT_UTC,US100,1765267200,2025-12-09T08:00:00,1765267500,1,1,1,1,0,,0,,0,,0,,0,
2025-12-09,LONDON_0800,ORIGINAL_DIRECT_UTC,US30,1765267200,2025-12-09T08:00:00,1765267500,1,1,1,1,0,,0,,0,,0,,0,
2025-12-09,LONDON_0800,NY_CLOSE_BROKER_CONVENTION,US100,1765274400,2025-12-09T10:00:00,1765274700,1,1,1,1,0,,0,,0,,0,,0,
2025-12-09,LONDON_0800,NY_CLOSE_BROKER_CONVENTION,US30,1765274400,2025-12-09T10:00:00,1765274700,1,1,1,1,0,,0,,0,,0,,0,
2025-12-09,NEW_YORK_0930,ORIGINAL_DIRECT_UTC,US100,1765290600,2025-12-09T14:30:00,1765290900,1,1,1,1,0,,0,,0,,0,,0,
2025-12-09,NEW_YORK_0930,ORIGINAL_DIRECT_UTC,US30,1765290600,2025-12-09T14:30:00,1765290900,1,1,1,1,0,,0,,0,,0,,0,
2025-12-09,NEW_YORK_0930,NY_CLOSE_BROKER_CONVENTION,US100,1765297800,2025-12-09T16:30:00,1765298100,1,1,1,1,0,,0,,0,,0,,0,
2025-12-09,NEW_YORK_0930,NY_CLOSE_BROKER_CONVENTION,US30,1765297800,2025-12-09T16:30:00,1765298100,1,1,1,1,0,,0,,0,,0,,0,
2025-12-10,LONDON_0800,ORIGINAL_DIRECT_UTC,US100,1765353600,2025-12-10T08:00:00,1765353900,1,1,1,1,0,,0,,0,,0,,0,
2025-12-10,LONDON_0800,ORIGINAL_DIRECT_UTC,US30,1765353600,2025-12-10T08:00:00,1765353900,1,1,1,1,0,,0,,0,,0,,0,
2025-12-10,LONDON_0800,NY_CLOSE_BROKER_CONVENTION,US100,1765360800,2025-12-10T10:00:00,1765361100,1,1,1,1,0,,0,,0,,0,,0,
2025-12-10,LONDON_0800,NY_CLOSE_BROKER_CONVENTION,US30,1765360800,2025-12-10T10:00:00,1765361100,1,1,1,1,0,,0,,0,,0,,0,
2025-12-10,NEW_YORK_0930,ORIGINAL_DIRECT_UTC,US100,1765377000,2025-12-10T14:30:00,1765377300,1,1,1,1,0,,0,,0,,0,,0,
2025-12-10,NEW_YORK_0930,ORIGINAL_DIRECT_UTC,US30,1765377000,2025-12-10T14:30:00,1765377300,1,1,1,1,0,,0,,0,,0,,0,
2025-12-10,NEW_YORK_0930,NY_CLOSE_BROKER_CONVENTION,US100,1765384200,2025-12-10T16:30:00,1765384500,1,1,1,1,0,,0,,0,,0,,0,
2025-12-10,NEW_YORK_0930,NY_CLOSE_BROKER_CONVENTION,US30,1765384200,2025-12-10T16:30:00,1765384500,1,1,1,1,0,,0,,0,,0,,0,
2025-12-11,LONDON_0800,ORIGINAL_DIRECT_UTC,US100,1765440000,2025-12-11T08:00:00,1765440300,1,1,1,1,0,,0,,0,,0,,0,
2025-12-11,LONDON_0800,ORIGINAL_DIRECT_UTC,US30,1765440000,2025-12-11T08:00:00,1765440300,1,1,1,1,0,,0,,0,,0,,0,
2025-12-11,LONDON_0800,NY_CLOSE_BROKER_CONVENTION,US100,1765447200,2025-12-11T10:00:00,1765447500,1,1,1,1,0,,0,,0,,0,,0,
2025-12-11,LONDON_0800,NY_CLOSE_BROKER_CONVENTION,US30,1765447200,2025-12-11T10:00:00,1765447500,1,1,1,1,0,,0,,0,,0,,0,
2025-12-11,NEW_YORK_0930,ORIGINAL_DIRECT_UTC,US100,1765463400,2025-12-11T14:30:00,1765463700,1,1,1,1,0,,0,,0,,0,,0,
2025-12-11,NEW_YORK_0930,ORIGINAL_DIRECT_UTC,US30,1765463400,2025-12-11T14:30:00,1765463700,1,1,1,1,0,,0,,0,,0,,0,
2025-12-11,NEW_YORK_0930,NY_CLOSE_BROKER_CONVENTION,US100,1765470600,2025-12-11T16:30:00,1765470900,1,1,1,1,0,,0,,0,,0,,0,
2025-12-11,NEW_YORK_0930,NY_CLOSE_BROKER_CONVENTION,US30,1765470600,2025-12-11T16:30:00,1765470900,1,1,1,1,0,,0,,0,,0,,0,
2025-12-12,LONDON_0800,ORIGINAL_DIRECT_UTC,US100,1765526400,2025-12-12T08:00:00,1765526700,1,1,1,1,0,,0,,0,,0,,0,
2025-12-12,LONDON_0800,ORIGINAL_DIRECT_UTC,US30,1765526400,2025-12-12T08:00:00,1765526700,1,1,1,1,0,,0,,0,,0,,0,
2025-12-12,LONDON_0800,NY_CLOSE_BROKER_CONVENTION,US100,1765533600,2025-12-12T10:00:00,1765533900,1,1,1,1,0,,0,,0,,0,,0,
2025-12-12,LONDON_0800,NY_CLOSE_BROKER_CONVENTION,US30,1765533600,2025-12-12T10:00:00,1765533900,1,1,1,1,0,,0,,0,,0,,0,
2025-12-12,NEW_YORK_0930,ORIGINAL_DIRECT_UTC,US100,1765549800,2025-12-12T14:30:00,1765550100,1,1,1,1,0,,0,,0,,0,,0,
2025-12-12,NEW_YORK_0930,ORIGINAL_DIRECT_UTC,US30,1765549800,2025-12-12T14:30:00,1765550100,1,1,1,1,0,,0,,0,,0,,0,
2025-12-12,NEW_YORK_0930,NY_CLOSE_BROKER_CONVENTION,US100,1765557000,2025-12-12T16:30:00,1765557300,1,1,1,1,0,,0,,0,,0,,0,
2025-12-12,NEW_YORK_0930,NY_CLOSE_BROKER_CONVENTION,US30,1765557000,2025-12-12T16:30:00,1765557300,1,1,1,1,0,,0,,0,,0,,0,
2025-12-15,LONDON_0800,ORIGINAL_DIRECT_UTC,US100,1765785600,2025-12-15T08:00:00,1765785900,1,1,1,1,0,,0,,0,,0,,0,
2025-12-15,LONDON_0800,ORIGINAL_DIRECT_UTC,US30,1765785600,2025-12-15T08:00:00,1765785900,1,1,1,1,0,,0,,0,,0,,0,
2025-12-15,LONDON_0800,NY_CLOSE_BROKER_CONVENTION,US100,1765792800,2025-12-15T10:00:00,1765793100,1,1,1,1,0,,0,,0,,0,,0,
2025-12-15,LONDON_0800,NY_CLOSE_BROKER_CONVENTION,US30,1765792800,2025-12-15T10:00:00,1765793100,1,1,1,1,0,,0,,0,,0,,0,
2025-12-15,NEW_YORK_0930,ORIGINAL_DIRECT_UTC,US100,1765809000,2025-12-15T14:30:00,1765809300,1,1,1,1,0,,0,,0,,0,,0,
2025-12-15,NEW_YORK_0930,ORIGINAL_DIRECT_UTC,US30,1765809000,2025-12-15T14:30:00,1765809300,1,1,1,1,0,,0,,0,,0,,0,
2025-12-15,NEW_YORK_0930,NY_CLOSE_BROKER_CONVENTION,US100,1765816200,2025-12-15T16:30:00,1765816500,1,1,1,1,0,,0,,0,,0,,0,
2025-12-15,NEW_YORK_0930,NY_CLOSE_BROKER_CONVENTION,US30,1765816200,2025-12-15T16:30:00,1765816500,1,1,1,1,0,,0,,0,,0,,0,
2025-12-16,LONDON_0800,ORIGINAL_DIRECT_UTC,US100,1765872000,2025-12-16T08:00:00,1765872300,1,1,1,1,0,,0,,0,,0,,0,
2025-12-16,LONDON_0800,ORIGINAL_DIRECT_UTC,US30,1765872000,2025-12-16T08:00:00,1765872300,1,1,1,1,0,,0,,0,,0,,0,
2025-12-16,LONDON_0800,NY_CLOSE_BROKER_CONVENTION,US100,1765879200,2025-12-16T10:00:00,1765879500,1,1,1,1,0,,0,,0,,0,,0,
2025-12-16,LONDON_0800,NY_CLOSE_BROKER_CONVENTION,US30,1765879200,2025-12-16T10:00:00,1765879500,1,1,1,1,0,,0,,0,,0,,0,
2025-12-16,NEW_YORK_0930,ORIGINAL_DIRECT_UTC,US100,1765895400,2025-12-16T14:30:00,1765895700,1,1,1,1,0,,0,,0,,0,,0,
2025-12-16,NEW_YORK_0930,ORIGINAL_DIRECT_UTC,US30,1765895400,2025-12-16T14:30:00,1765895700,1,1,1,1,0,,0,,0,,0,,0,
2025-12-16,NEW_YORK_0930,NY_CLOSE_BROKER_CONVENTION,US100,1765902600,2025-12-16T16:30:00,1765902900,1,1,1,1,0,,0,,0,,0,,0,
2025-12-16,NEW_YORK_0930,NY_CLOSE_BROKER_CONVENTION,US30,1765902600,2025-12-16T16:30:00,1765902900,1,1,1,1,0,,0,,0,,0,,0,
2025-12-17,LONDON_0800,ORIGINAL_DIRECT_UTC,US100,1765958400,2025-12-17T08:00:00,1765958700,1,1,1,1,0,,0,,0,,0,,0,
2025-12-17,LONDON_0800,ORIGINAL_DIRECT_UTC,US30,1765958400,2025-12-17T08:00:00,1765958700,1,1,1,1,0,,0,,0,,0,,0,
2025-12-17,LONDON_0800,NY_CLOSE_BROKER_CONVENTION,US100,1765965600,2025-12-17T10:00:00,1765965900,1,1,1,1,0,,0,,0,,0,,0,
2025-12-17,LONDON_0800,NY_CLOSE_BROKER_CONVENTION,US30,1765965600,2025-12-17T10:00:00,1765965900,1,1,1,1,0,,0,,0,,0,,0,
2025-12-17,NEW_YORK_0930,ORIGINAL_DIRECT_UTC,US100,1765981800,2025-12-17T14:30:00,1765982100,1,1,1,1,0,,0,,0,,0,,0,
2025-12-17,NEW_YORK_0930,ORIGINAL_DIRECT_UTC,US30,1765981800,2025-12-17T14:30:00,1765982100,1,1,1,1,0,,0,,0,,0,,0,
2025-12-17,NEW_YORK_0930,NY_CLOSE_BROKER_CONVENTION,US100,1765989000,2025-12-17T16:30:00,1765989300,1,1,1,1,0,,0,,0,,0,,0,
2025-12-17,NEW_YORK_0930,NY_CLOSE_BROKER_CONVENTION,US30,1765989000,2025-12-17T16:30:00,1765989300,1,1,1,1,0,,0,,0,,0,,0,
2025-12-18,LONDON_0800,ORIGINAL_DIRECT_UTC,US100,1766044800,2025-12-18T08:00:00,1766045100,1,1,1,1,0,,0,,0,,0,,0,
2025-12-18,LONDON_0800,ORIGINAL_DIRECT_UTC,US30,1766044800,2025-12-18T08:00:00,1766045100,1,1,1,1,0,,0,,0,,0,,0,
2025-12-18,LONDON_0800,NY_CLOSE_BROKER_CONVENTION,US100,1766052000,2025-12-18T10:00:00,1766052300,1,1,1,1,0,,0,,0,,0,,0,
2025-12-18,LONDON_0800,NY_CLOSE_BROKER_CONVENTION,US30,1766052000,2025-12-18T10:00:00,1766052300,1,1,1,1,0,,0,,0,,0,,0,
2025-12-18,NEW_YORK_0930,ORIGINAL_DIRECT_UTC,US100,1766068200,2025-12-18T14:30:00,1766068500,1,1,1,1,0,,0,,0,,0,,0,
2025-12-18,NEW_YORK_0930,ORIGINAL_DIRECT_UTC,US30,1766068200,2025-12-18T14:30:00,1766068500,1,1,1,1,0,,0,,0,,0,,0,
2025-12-18,NEW_YORK_0930,NY_CLOSE_BROKER_CONVENTION,US100,1766075400,2025-12-18T16:30:00,1766075700,1,1,1,1,0,,0,,0,,0,,0,
2025-12-18,NEW_YORK_0930,NY_CLOSE_BROKER_CONVENTION,US30,1766075400,2025-12-18T16:30:00,1766075700,1,1,1,1,0,,0,,0,,0,,0,
2025-12-19,LONDON_0800,ORIGINAL_DIRECT_UTC,US100,1766131200,2025-12-19T08:00:00,1766131500,1,1,1,1,0,,0,,0,,0,,0,
2025-12-19,LONDON_0800,ORIGINAL_DIRECT_UTC,US30,1766131200,2025-12-19T08:00:00,1766131500,1,1,1,1,0,,0,,0,,0,,0,
2025-12-19,LONDON_0800,NY_CLOSE_BROKER_CONVENTION,US100,1766138400,2025-12-19T10:00:00,1766138700,1,1,1,1,0,,0,,0,,0,,0,
2025-12-19,LONDON_0800,NY_CLOSE_BROKER_CONVENTION,US30,1766138400,2025-12-19T10:00:00,1766138700,1,1,1,1,0,,0,,0,,0,,0,
2025-12-19,NEW_YORK_0930,ORIGINAL_DIRECT_UTC,US100,1766154600,2025-12-19T14:30:00,1766154900,1,1,1,1,0,,0,,0,,0,,0,
2025-12-19,NEW_YORK_0930,ORIGINAL_DIRECT_UTC,US30,1766154600,2025-12-19T14:30:00,1766154900,1,1,1,1,0,,0,,0,,0,,0,
2025-12-19,NEW_YORK_0930,NY_CLOSE_BROKER_CONVENTION,US100,1766161800,2025-12-19T16:30:00,1766162100,1,1,1,1,0,,0,,0,,0,,0,
2025-12-19,NEW_YORK_0930,NY_CLOSE_BROKER_CONVENTION,US30,1766161800,2025-12-19T16:30:00,1766162100,1,1,1,1,0,,0,,0,,0,,0,
2025-12-22,LONDON_0800,ORIGINAL_DIRECT_UTC,US100,1766390400,2025-12-22T08:00:00,1766390700,1,1,1,1,0,,0,,0,,0,,0,
2025-12-22,LONDON_0800,ORIGINAL_DIRECT_UTC,US30,1766390400,2025-12-22T08:00:00,1766390700,1,1,1,1,0,,0,,0,,0,,0,
2025-12-22,LONDON_0800,NY_CLOSE_BROKER_CONVENTION,US100,1766397600,2025-12-22T10:00:00,1766397900,1,1,1,1,0,,0,,0,,0,,0,
2025-12-22,LONDON_0800,NY_CLOSE_BROKER_CONVENTION,US30,1766397600,2025-12-22T10:00:00,1766397900,1,1,1,1,0,,0,,0,,0,,0,
2025-12-22,NEW_YORK_0930,ORIGINAL_DIRECT_UTC,US100,1766413800,2025-12-22T14:30:00,1766414100,1,1,1,1,0,,0,,0,,0,,0,
2025-12-22,NEW_YORK_0930,ORIGINAL_DIRECT_UTC,US30,1766413800,2025-12-22T14:30:00,1766414100,1,1,1,1,0,,0,,0,,0,,0,
2025-12-22,NEW_YORK_0930,NY_CLOSE_BROKER_CONVENTION,US100,1766421000,2025-12-22T16:30:00,1766421300,1,1,1,1,0,,0,,0,,0,,0,
2025-12-22,NEW_YORK_0930,NY_CLOSE_BROKER_CONVENTION,US30,1766421000,2025-12-22T16:30:00,1766421300,1,1,1,1,0,,0,,0,,0,,0,
2025-12-23,LONDON_0800,ORIGINAL_DIRECT_UTC,US100,1766476800,2025-12-23T08:00:00,1766477100,1,1,1,1,0,,0,,0,,0,,0,
2025-12-23,LONDON_0800,ORIGINAL_DIRECT_UTC,US30,1766476800,2025-12-23T08:00:00,1766477100,1,1,1,1,0,,0,,0,,0,,0,
2025-12-23,LONDON_0800,NY_CLOSE_BROKER_CONVENTION,US100,1766484000,2025-12-23T10:00:00,1766484300,1,1,1,1,0,,0,,0,,0,,0,
2025-12-23,LONDON_0800,NY_CLOSE_BROKER_CONVENTION,US30,1766484000,2025-12-23T10:00:00,1766484300,1,1,1,1,0,,0,,0,,0,,0,
2025-12-23,NEW_YORK_0930,ORIGINAL_DIRECT_UTC,US100,1766500200,2025-12-23T14:30:00,1766500500,1,1,1,1,0,,0,,0,,0,,0,
2025-12-23,NEW_YORK_0930,ORIGINAL_DIRECT_UTC,US30,1766500200,2025-12-23T14:30:00,1766500500,1,1,1,1,0,,0,,0,,0,,0,
2025-12-23,NEW_YORK_0930,NY_CLOSE_BROKER_CONVENTION,US100,1766507400,2025-12-23T16:30:00,1766507700,1,1,1,1,0,,0,,0,,0,,0,
2025-12-23,NEW_YORK_0930,NY_CLOSE_BROKER_CONVENTION,US30,1766507400,2025-12-23T16:30:00,1766507700,1,1,1,1,0,,0,,0,,0,,0,
2025-12-24,LONDON_0800,ORIGINAL_DIRECT_UTC,US100,1766563200,2025-12-24T08:00:00,1766563500,1,1,1,1,0,,0,,0,,0,,0,
2025-12-24,LONDON_0800,ORIGINAL_DIRECT_UTC,US30,1766563200,2025-12-24T08:00:00,1766563500,1,1,1,1,0,,0,,0,,0,,0,
2025-12-24,LONDON_0800,NY_CLOSE_BROKER_CONVENTION,US100,1766570400,2025-12-24T10:00:00,1766570700,1,1,1,1,0,,0,,0,,0,,0,
2025-12-24,LONDON_0800,NY_CLOSE_BROKER_CONVENTION,US30,1766570400,2025-12-24T10:00:00,1766570700,1,1,1,1,0,,0,,0,,0,,0,
2025-12-24,NEW_YORK_0930,ORIGINAL_DIRECT_UTC,US100,1766586600,2025-12-24T14:30:00,1766586900,1,1,1,1,0,,0,,0,,0,,0,
2025-12-24,NEW_YORK_0930,ORIGINAL_DIRECT_UTC,US30,1766586600,2025-12-24T14:30:00,1766586900,1,1,1,1,0,,0,,0,,0,,0,
2025-12-24,NEW_YORK_0930,NY_CLOSE_BROKER_CONVENTION,US100,1766593800,2025-12-24T16:30:00,1766594100,1,1,1,1,0,,0,,0,,0,,0,
2025-12-24,NEW_YORK_0930,NY_CLOSE_BROKER_CONVENTION,US30,1766593800,2025-12-24T16:30:00,1766594100,1,1,1,1,0,,0,,0,,0,,0,
2025-12-26,LONDON_0800,ORIGINAL_DIRECT_UTC,US100,1766736000,2025-12-26T08:00:00,1766736300,1,1,1,1,0,,0,,0,,0,,0,
2025-12-26,LONDON_0800,ORIGINAL_DIRECT_UTC,US30,1766736000,2025-12-26T08:00:00,1766736300,1,1,1,1,0,,0,,0,,0,,0,
2025-12-26,LONDON_0800,NY_CLOSE_BROKER_CONVENTION,US100,1766743200,2025-12-26T10:00:00,1766743500,1,1,1,1,0,,0,,0,,0,,0,
2025-12-26,LONDON_0800,NY_CLOSE_BROKER_CONVENTION,US30,1766743200,2025-12-26T10:00:00,1766743500,1,1,1,1,0,,0,,0,,0,,0,
2025-12-26,NEW_YORK_0930,ORIGINAL_DIRECT_UTC,US100,1766759400,2025-12-26T14:30:00,1766759700,1,1,1,1,0,,0,,0,,0,,0,
2025-12-26,NEW_YORK_0930,ORIGINAL_DIRECT_UTC,US30,1766759400,2025-12-26T14:30:00,1766759700,1,1,1,1,0,,0,,0,,0,,0,
2025-12-26,NEW_YORK_0930,NY_CLOSE_BROKER_CONVENTION,US100,1766766600,2025-12-26T16:30:00,1766766900,1,1,1,1,0,,0,,0,,0,,0,
2025-12-26,NEW_YORK_0930,NY_CLOSE_BROKER_CONVENTION,US30,1766766600,2025-12-26T16:30:00,1766766900,1,1,1,1,0,,0,,0,,0,,0,
2025-12-29,LONDON_0800,ORIGINAL_DIRECT_UTC,US100,1766995200,2025-12-29T08:00:00,1766995500,1,1,1,1,0,,0,,0,,0,,0,
2025-12-29,LONDON_0800,ORIGINAL_DIRECT_UTC,US30,1766995200,2025-12-29T08:00:00,1766995500,1,1,1,1,0,,0,,0,,0,,0,
2025-12-29,LONDON_0800,NY_CLOSE_BROKER_CONVENTION,US100,1767002400,2025-12-29T10:00:00,1767002700,1,1,1,1,0,,0,,0,,0,,0,
2025-12-29,LONDON_0800,NY_CLOSE_BROKER_CONVENTION,US30,1767002400,2025-12-29T10:00:00,1767002700,1,1,1,1,0,,0,,0,,0,,0,
2025-12-29,NEW_YORK_0930,ORIGINAL_DIRECT_UTC,US100,1767018600,2025-12-29T14:30:00,1767018900,1,1,1,1,0,,0,,0,,0,,0,
2025-12-29,NEW_YORK_0930,ORIGINAL_DIRECT_UTC,US30,1767018600,2025-12-29T14:30:00,1767018900,1,1,1,1,0,,0,,0,,0,,0,
2025-12-29,NEW_YORK_0930,NY_CLOSE_BROKER_CONVENTION,US100,1767025800,2025-12-29T16:30:00,1767026100,1,1,1,1,0,,0,,0,,0,,0,
2025-12-29,NEW_YORK_0930,NY_CLOSE_BROKER_CONVENTION,US30,1767025800,2025-12-29T16:30:00,1767026100,1,1,1,1,0,,0,,0,,0,,0,
2025-12-30,LONDON_0800,ORIGINAL_DIRECT_UTC,US100,1767081600,2025-12-30T08:00:00,1767081900,1,1,1,1,0,,0,,0,,0,,0,
2025-12-30,LONDON_0800,ORIGINAL_DIRECT_UTC,US30,1767081600,2025-12-30T08:00:00,1767081900,1,1,1,1,0,,0,,0,,0,,0,
2025-12-30,LONDON_0800,NY_CLOSE_BROKER_CONVENTION,US100,1767088800,2025-12-30T10:00:00,1767089100,1,1,1,1,0,,0,,0,,0,,0,
2025-12-30,LONDON_0800,NY_CLOSE_BROKER_CONVENTION,US30,1767088800,2025-12-30T10:00:00,1767089100,1,1,1,1,0,,0,,0,,0,,0,
2025-12-30,NEW_YORK_0930,ORIGINAL_DIRECT_UTC,US100,1767105000,2025-12-30T14:30:00,1767105300,1,1,1,1,0,,0,,0,,0,,0,
2025-12-30,NEW_YORK_0930,ORIGINAL_DIRECT_UTC,US30,1767105000,2025-12-30T14:30:00,1767105300,1,1,1,1,0,,0,,0,,0,,0,
2025-12-30,NEW_YORK_0930,NY_CLOSE_BROKER_CONVENTION,US100,1767112200,2025-12-30T16:30:00,1767112500,1,1,1,1,0,,0,,0,,0,,0,
2025-12-30,NEW_YORK_0930,NY_CLOSE_BROKER_CONVENTION,US30,1767112200,2025-12-30T16:30:00,1767112500,1,1,1,1,0,,0,,0,,0,,0,
2025-12-31,LONDON_0800,ORIGINAL_DIRECT_UTC,US100,1767168000,2025-12-31T08:00:00,1767168300,1,1,1,1,0,,0,,0,,0,,0,
2025-12-31,LONDON_0800,ORIGINAL_DIRECT_UTC,US30,1767168000,2025-12-31T08:00:00,1767168300,1,1,1,1,0,,0,,0,,0,,0,
2025-12-31,LONDON_0800,NY_CLOSE_BROKER_CONVENTION,US100,1767175200,2025-12-31T10:00:00,1767175500,1,1,1,1,0,,0,,0,,0,,0,
2025-12-31,LONDON_0800,NY_CLOSE_BROKER_CONVENTION,US30,1767175200,2025-12-31T10:00:00,1767175500,1,1,1,1,0,,0,,0,,0,,0,
2025-12-31,NEW_YORK_0930,ORIGINAL_DIRECT_UTC,US100,1767191400,2025-12-31T14:30:00,1767191700,1,1,1,1,0,,0,,0,,0,,0,
2025-12-31,NEW_YORK_0930,ORIGINAL_DIRECT_UTC,US30,1767191400,2025-12-31T14:30:00,1767191700,1,1,1,1,0,,0,,0,,0,,0,
2025-12-31,NEW_YORK_0930,NY_CLOSE_BROKER_CONVENTION,US100,1767198600,2025-12-31T16:30:00,1767198900,1,1,1,1,0,,0,,0,,0,,0,
2025-12-31,NEW_YORK_0930,NY_CLOSE_BROKER_CONVENTION,US30,1767198600,2025-12-31T16:30:00,1767198900,1,1,1,1,0,,0,,0,,0,,0,
