period,component,book,lifecycle_ordinal,birth_time,birth_date,final_time,final_event,planned_risk,stressed_net_usd,stressed_r,stop,gold_yen_state,xauusd_return,usdjpy_return,centered_stressed_r,centered_stop
P1_2022H2_2023,Cross,US100_BOOK,1,2022.08.01 17:00:00,2022-08-01,2022.08.01 21:00:00,CLOSE,4.0,-0.605,-0.15125,0,RISK_OFF,0.0001132913401310762,-0.007055353702390221,-0.15995377220802234,-0.006993006993006993
P1_2022H2_2023,Return,US30_BOOK,1,2022.08.01 16:00:00,2022-08-01,2022.08.01 22:00:00,CLOSE,4.0,1.2490000000000145,0.31225000000000364,0,RISK_OFF,0.0001132913401310762,-0.007055353702390221,0.2402711329487352,-0.09523809523809523
P1_2022H2_2023,Cross,US100_BOOK,2,2022.08.02 17:00:00,2022-08-02,2022.08.02 21:00:00,CLOSE,4.0258,0.175,0.043469620944905356,0,RISK_OFF,0.0009365145421100551,-0.006010920000322267,0.034765848736883015,-0.006993006993006993
P1_2022H2_2023,Passive,US100_BOOK,1,2022.08.03 14:05:16,2022-08-03,2022.08.03 15:30:00,CLOSE,4.0328,-0.185,-0.04587383455663559,0,MIXED,0.0020529928720670445,0.0006834371898121103,-0.05252674865190108,-0.009389671361502348
P1_2022H2_2023,RC16,US30_BOOK,1,2022.08.03 13:30:00,2022-08-03,2022.08.03 17:30:00,CLOSE,4.0328,0.8390000000000145,0.20804403888117798,0,MIXED,0.0020529928720670445,0.0006834371898121103,0.1314332203740103,-0.02631578947368421
P1_2022H2_2023,Cross,US100_BOOK,3,2022.08.03 17:00:00,2022-08-03,2022.08.03 21:00:00,CLOSE,4.0254,1.4520000000000073,0.3607094947086022,0,MIXED,0.0020529928720670445,0.0006834371898121103,0.3520057225005799,-0.006993006993006993
P1_2022H2_2023,Passive,US100_BOOK,2,2022.08.04 13:01:44,2022-08-04,2022.08.04 15:30:00,CLOSE,4.117,0.035,0.008501335924216664,0,MIXED,0.006268373811581272,0.0034236774164303546,0.0018484218289511693,-0.009389671361502348
P1_2022H2_2023,RC16,US30_BOOK,2,2022.08.04 13:30:01,2022-08-04,2022.08.04 17:30:00,CLOSE,4.1076,-1.6809999999999856,-0.409241406173918,0,MIXED,0.006268373811581272,0.0034236774164303546,-0.4858522246810857,-0.02631578947368421
P1_2022H2_2023,Cross,US100_BOOK,4,2022.08.04 17:00:00,2022-08-04,2022.08.04 21:00:00,CLOSE,4.0748,-0.105,-0.025768135859428686,0,MIXED,0.006268373811581272,0.0034236774164303546,-0.034471908067451026,-0.006993006993006993
P1_2022H2_2023,Passive,US100_BOOK,3,2022.08.05 15:45:06,2022-08-05,2022.08.05 17:15:00,CLOSE,4.047,0.945,0.2335063009636768,0,RISK_ON,-0.0021126650342644074,0.001451340864847067,0.2268533868684113,-0.009389671361502348
P1_2022H2_2023,Cross,US100_BOOK,5,2022.08.05 17:00:00,2022-08-05,2022.08.05 21:00:00,CLOSE,4.047,-0.125,-0.0308870768470472,0,RISK_ON,-0.0021126650342644074,0.001451340864847067,-0.039590849055069544,-0.006993006993006993
P1_2022H2_2023,Return,US30_BOOK,2,2022.08.05 16:00:00,2022-08-05,2022.08.05 22:00:00,CLOSE,4.0348,2.0090000000000146,0.49791811242193285,0,RISK_ON,-0.0021126650342644074,0.001451340864847067,0.4259392453706644,-0.09523809523809523
P1_2022H2_2023,Cross,US100_BOOK,6,2022.08.08 17:00:00,2022-08-08,2022.08.08 19:17:31,EXTERNAL_CLOSE,4.1601,-2.095,-0.5035936636138555,1,RISK_ON,-0.0001352836731580135,0.0006736923405758738,-0.5122974358218778,0.993006993006993
P1_2022H2_2023,Passive,US100_BOOK,4,2022.08.09 14:30:03,2022-08-09,2022.08.09 16:30:00,CLOSE,4.0763,-0.075,-0.018399038343595908,0,RISK_OFF,0.0009332555366412123,-0.0002668406087939795,-0.0250519524388614,-0.009389671361502348
P1_2022H2_2023,Cross,US100_BOOK,7,2022.08.09 17:00:00,2022-08-09,2022.08.09 21:00:00,CLOSE,4.0668,-0.265,-0.06516179797383694,0,RISK_OFF,0.0009332555366412123,-0.0002668406087939795,-0.07386557018185928,-0.006993006993006993
P1_2022H2_2023,Return,US30_BOOK,3,2022.08.09 16:00:00,2022-08-09,2022.08.09 22:00:00,CLOSE,4.0763,-0.6509999999999855,-0.15970365282240892,0,RISK_OFF,0.0009332555366412123,-0.0002668406087939795,-0.23168251987367736,-0.09523809523809523
P1_2022H2_2023,Passive,US100_BOOK,5,2022.08.10 15:45:48,2022-08-10,2022.08.10 18:45:00,CLOSE,4.0367,-0.245,-0.06069314043649516,0,MIXED,-0.0010650608119283577,-0.0005111168013134986,-0.06734605453176065,-0.009389671361502348
P1_2022H2_2023,Cross,US100_BOOK,8,2022.08.10 17:00:00,2022-08-10,2022.08.10 21:00:00,CLOSE,4.0367,-0.5650000000000001,-0.13996581365967253,0,MIXED,-0.0010650608119283577,-0.0005111168013134986,-0.14866958586769488,-0.006993006993006993
P1_2022H2_2023,RC4,US30_BOOK,1,2022.08.12 13:00:00,2022-08-12,2022.08.12 19:00:00,CLOSE,4.0043,0.3290000000000145,0.08216167619809069,0,RISK_ON,-0.0010960314696381826,0.0018932854147581406,-0.02130471890517366,-0.1509433962264151
P1_2022H2_2023,Cross,US100_BOOK,9,2022.08.12 17:00:00,2022-08-12,2022.08.12 21:00:00,CLOSE,4.0043,0.765,0.19104462702594713,0,RISK_ON,-0.0010960314696381826,0.0018932854147581406,0.18234085481792478,-0.006993006993006993
P1_2022H2_2023,Passive,US100_BOOK,6,2022.08.15 12:34:25,2022-08-15,2022.08.15 13:15:00,CLOSE,4.048,0.185,0.045701581027667984,0,MIXED,-0.010469489246597399,-0.00039732965014195744,0.03904866693240249,-0.009389671361502348
P1_2022H2_2023,Cross,US100_BOOK,10,2022.08.15 17:00:00,2022-08-15,2022.08.15 21:00:00,CLOSE,4.0554,0.39499999999999996,0.09740099620259407,0,MIXED,-0.010469489246597399,-0.00039732965014195744,0.08869722399457172,-0.006993006993006993
P1_2022H2_2023,Return,US30_BOOK,4,2022.08.15 16:00:00,2022-08-15,2022.08.15 22:00:00,CLOSE,4.0554,4.019000000000014,0.9910243132613342,0,MIXED,-0.010469489246597399,-0.00039732965014195744,0.9190454462100658,-0.09523809523809523
P1_2022H2_2023,Cross,US100_BOOK,11,2022.08.16 17:00:00,2022-08-16,2022.08.16 21:00:00,CLOSE,4.232,-0.905,-0.2138468809073724,0,RISK_ON,-0.002368449548401664,0.0048499821883644266,-0.22255065311539474,-0.006993006993006993
P1_2022H2_2023,Return,US30_BOOK,5,2022.08.16 16:00:00,2022-08-16,2022.08.16 22:00:00,CLOSE,4.232,2.7290000000000147,0.644848771266544,0,RISK_ON,-0.002368449548401664,0.0048499821883644266,0.5728699042152756,-0.09523809523809523
P1_2022H2_2023,Passive,US100_BOOK,7,2022.08.17 12:18:20,2022-08-17,2022.08.17 16:15:00,CLOSE,4.305,-0.655,-0.15214866434378632,0,RISK_ON,-0.0003548426197582369,0.004706800821061674,-0.15880157843905182,-0.009389671361502348
P1_2022H2_2023,Pressure,US30_BOOK,1,2022.08.17 15:00:00,2022-08-17,2022.08.17 19:00:00,CLOSE,4.2984,0.7890000000000146,0.18355667225014297,0,RISK_ON,-0.0003548426197582369,0.004706800821061674,0.15504689945724373,-0.05714285714285714
P1_2022H2_2023,Return,US30_BOOK,6,2022.08.17 16:00:00,2022-08-17,2022.08.17 22:00:00,CLOSE,4.3048,1.3190000000000146,0.3064021557331385,0,RISK_ON,-0.0003548426197582369,0.004706800821061674,0.23442328868187007,-0.09523809523809523
P1_2022H2_2023,Passive,US100_BOOK,8,2022.08.18 12:48:18,2022-08-18,2022.08.18 15:45:00,CLOSE,4.3631,-0.075,-0.01718961288991772,0,MIXED,0.0022277468449251156,0.001280452552111697,-0.023842526985183216,-0.009389671361502348
P1_2022H2_2023,Cross,US100_BOOK,12,2022.08.18 17:00:00,2022-08-18,2022.08.18 21:00:00,CLOSE,4.3601,-0.935,-0.21444462282975163,0,MIXED,0.0022277468449251156,0.001280452552111697,-0.22314839503777398,-0.006993006993006993
P1_2022H2_2023,Passive,US100_BOOK,9,2022.08.19 12:58:22,2022-08-19,2022.08.19 14:45:00,CLOSE,4.3227,-0.175,-0.04048395678626784,0,RISK_ON,-0.002812284812447487,0.004523997345945694,-0.04713687088153333,-0.009389671361502348
P1_2022H2_2023,Cross,US100_BOOK,13,2022.08.19 17:00:00,2022-08-19,2022.08.19 21:00:00,CLOSE,4.3157,0.315,0.07298931807122831,0,RISK_ON,-0.002812284812447487,0.004523997345945694,0.06428554586320596,-0.006993006993006993
P1_2022H2_2023,Passive,US100_BOOK,10,2022.08.22 12:30:54,2022-08-22,2022.08.22 14:15:00,CLOSE,4.3283,0.14500000000000002,0.03350045052330015,0,RISK_ON,-0.006761071333283409,0.000540576091941824,0.026847536428034655,-0.009389671361502348
P1_2022H2_2023,Return,US30_BOOK,7,2022.08.22 16:00:00,2022-08-22,2022.08.22 20:24:17,EXTERNAL_CLOSE,4.3341,-2.190999999999985,-0.5055259454096548,1,RISK_ON,-0.006761071333283409,0.000540576091941824,-0.5775048124609232,0.9047619047619048
P1_2022H2_2023,Cross,US100_BOOK,14,2022.08.22 17:00:00,2022-08-22,2022.08.22 21:00:00,CLOSE,4.3328,1.0050000000000001,0.23195162481536194,0,RISK_ON,-0.006761071333283409,0.000540576091941824,0.2232478526073396,-0.006993006993006993
P1_2022H2_2023,Passive,US100_BOOK,11,2022.08.23 12:15:26,2022-08-23,2022.08.23 13:30:00,CLOSE,4.2866,0.285,0.06648625950636868,0,RISK_OFF,0.0025195015743880358,-0.0016530915477067842,0.05983334541110318,-0.009389671361502348
P1_2022H2_2023,Passive,US100_BOOK,12,2022.08.23 16:01:11,2022-08-23,2022.08.23 16:30:00,CLOSE,4.298,0.015,0.003489995346672871,0,RISK_OFF,0.0025195015743880358,-0.0016530915477067842,-0.0031629187485926235,-0.009389671361502348
P1_2022H2_2023,Cross,US100_BOOK,15,2022.08.23 17:00:00,2022-08-23,2022.08.23 21:00:00,CLOSE,4.2986,-0.3180000000000109,-0.07397757409389356,0,RISK_OFF,0.0025195015743880358,-0.0016530915477067842,-0.08268134630191591,-0.006993006993006993
P1_2022H2_2023,Return,US30_BOOK,8,2022.08.23 16:00:00,2022-08-23,2022.08.23 22:00:00,CLOSE,4.298,-1.2509999999999855,-0.29106561191251407,0,RISK_OFF,0.0025195015743880358,-0.0016530915477067842,-0.3630444789637825,-0.09523809523809523
P1_2022H2_2023,RC16,US30_BOOK,3,2022.08.24 13:30:00,2022-08-24,2022.08.24 17:30:00,CLOSE,4.2359,0.37900000000001455,0.0894733114568367,0,RISK_OFF,0.0021713053499491093,-0.002108408055061873,0.012862492949669027,-0.02631578947368421
P1_2022H2_2023,Cross,US100_BOOK,16,2022.08.24 17:00:00,2022-08-24,2022.08.24 21:00:00,CLOSE,4.2359,0.325,0.07672513515427655,0,RISK_OFF,0.0021713053499491093,-0.002108408055061873,0.0680213629462542,-0.006993006993006993
P1_2022H2_2023,Passive,US100_BOOK,13,2022.08.25 14:02:21,2022-08-25,2022.08.25 14:30:00,CLOSE,4.264,0.22499999999999998,0.05276735459662288,0,RISK_OFF,0.0064665825633073775,-0.004080563777158483,0.046114440501357386,-0.009389671361502348
P1_2022H2_2023,Cross,US100_BOOK,17,2022.08.25 17:00:00,2022-08-25,2022.08.25 21:00:00,CLOSE,4.273,0.33499999999999996,0.07839925111163117,0,RISK_OFF,0.0064665825633073775,-0.004080563777158483,0.06969547890360882,-0.006993006993006993
P1_2022H2_2023,Return,US30_BOOK,9,2022.08.25 16:00:00,2022-08-25,2022.08.25 22:00:00,CLOSE,4.273,0.6790000000000145,0.15890475076059316,0,RISK_OFF,0.0064665825633073775,-0.004080563777158483,0.08692588370932472,-0.09523809523809523
P1_2022H2_2023,RC4,US30_BOOK,2,2022.08.26 13:00:00,2022-08-26,2022.08.26 16:07:03,EXTERNAL_CLOSE,4.3136,-2.1809999999999854,-0.5056101632047444,1,RISK_ON,-0.003407100084788412,0.0029406407204330158,-0.6090765583080088,0.8490566037735849
P1_2022H2_2023,Passive,US100_BOOK,14,2022.08.26 16:00:43,2022-08-26,2022.08.26 17:30:00,CLOSE,4.2928,1.695,0.3948471859858368,0,RISK_ON,-0.003407100084788412,0.0029406407204330158,0.3881942718905713,-0.009389671361502348
P1_2022H2_2023,Cross,US100_BOOK,18,2022.08.26 17:00:00,2022-08-26,2022.08.26 21:00:00,CLOSE,4.2264,3.8320000000000074,0.9066818095778931,0,RISK_ON,-0.003407100084788412,0.0029406407204330158,0.8979780373698708,-0.006993006993006993
P1_2022H2_2023,Cross,US100_BOOK,19,2022.08.29 17:00:00,2022-08-29,2022.08.29 21:00:00,CLOSE,4.4474,0.385,0.08656743265728291,0,RISK_ON,-0.007866086425452007,0.008057291311986499,0.07786366044926056,-0.006993006993006993
P1_2022H2_2023,Passive,US100_BOOK,15,2022.08.30 12:25:58,2022-08-30,2022.08.30 14:15:00,CLOSE,4.4628,-0.015,-0.003361118580263512,0,MIXED,-0.001584261417586372,-0.0025135985844919537,-0.010014032675529007,-0.009389671361502348
P1_2022H2_2023,Return,US30_BOOK,10,2022.08.30 16:00:00,2022-08-30,2022.08.30 17:07:02,EXTERNAL_CLOSE,4.4622,-2.2509999999999852,-0.5044596835641578,1,MIXED,-0.001584261417586372,-0.0025135985844919537,-0.5764385506154263,0.9047619047619048
P1_2022H2_2023,Passive,US100_BOOK,16,2022.08.30 16:06:44,2022-08-30,2022.08.30 17:34:53,EXTERNAL_CLOSE,4.4622,-2.245,-0.5031150553538614,1,MIXED,-0.001584261417586372,-0.0025135985844919537,-0.5097679694491268,0.9906103286384976
P1_2022H2_2023,Passive,US100_BOOK,17,2022.08.31 15:15:05,2022-08-31,2022.08.31 17:00:00,CLOSE,4.2824,-0.15799999999999273,-0.03689519895385595,0,MIXED,-0.005492601143129053,-0.0010025569646519579,-0.04354811304912144,-0.009389671361502348
P1_2022H2_2023,Cross,US100_BOOK,20,2022.08.31 17:00:00,2022-08-31,2022.08.31 21:00:00,CLOSE,4.2761,-1.4549999999999998,-0.3402633240569678,0,MIXED,-0.005492601143129053,-0.0010025569646519579,-0.3489670962649901,-0.006993006993006993
P1_2022H2_2023,Passive,US100_BOOK,18,2022.09.01 14:45:51,2022-09-01,2022.09.01 16:30:00,CLOSE,4.2179,0.595,0.14106545911472532,0,RISK_ON,-0.0053087513787693,0.002452506416574834,0.13441254501945982,-0.009389671361502348
P1_2022H2_2023,RC16,US30_BOOK,4,2022.09.02 13:30:00,2022-09-02,2022.09.02 17:30:00,CLOSE,4.2417,2.7090000000000147,0.638659028219821,0,MIXED,0.004728113390934375,0.0013763351016500855,0.5620482097126533,-0.02631578947368421
P1_2022H2_2023,Cross,US100_BOOK,21,2022.09.02 17:00:01,2022-09-02,2022.09.02 21:00:00,CLOSE,4.2417,2.185,0.5151236532522339,0,MIXED,0.004728113390934375,0.0013763351016500855,0.5064198810442115,-0.006993006993006993
P1_2022H2_2023,RC16,US30_BOOK,5,2022.09.05 13:30:00,2022-09-05,2022.09.05 17:30:00,CLOSE,4.4374,-0.17099999999998544,-0.038536079686299504,0,RISK_ON,-0.0009400664577694584,0.0025007939334661766,-0.11514689819346717,-0.02631578947368421
P1_2022H2_2023,Cross,US100_BOOK,22,2022.09.06 17:00:00,2022-09-06,2022.09.06 21:00:00,CLOSE,4.4306,0.355,0.08012458809190628,0,MIXED,0.0024191156903425846,0.007929379032198768,0.07142081588388394,-0.006993006993006993
P1_2022H2_2023,Return,US30_BOOK,11,2022.09.07 16:00:00,2022-09-07,2022.09.07 22:00:00,CLOSE,4.4448,5.0090000000000146,1.1269348452123864,0,MIXED,0.0011686120393279774,0.009114841668701924,1.054955978161118,-0.09523809523809523
P1_2022H2_2023,RC4,US30_BOOK,3,2022.09.08 13:00:00,2022-09-08,2022.09.08 16:30:42,EXTERNAL_CLOSE,4.6452,-2.360999999999985,-0.5082665977783486,1,RISK_ON,-2.9103185345674774e-05,0.0020711423703160784,-0.611732992881613,0.8490566037735849
P1_2022H2_2023,Passive,US100_BOOK,19,2022.09.08 16:04:52,2022-09-08,2022.09.08 17:30:00,CLOSE,4.6452,0.715,0.1539223284250409,0,RISK_ON,-2.9103185345674774e-05,0.0020711423703160784,0.1472694143297754,-0.009389671361502348
P1_2022H2_2023,Return,US30_BOOK,12,2022.09.08 16:00:00,2022-09-08,2022.09.08 22:00:00,CLOSE,4.6452,1.4990000000000145,0.3226986997330609,0,RISK_ON,-2.9103185345674774e-05,0.0020711423703160784,0.2507198326817925,-0.09523809523809523
P1_2022H2_2023,Cross,US100_BOOK,23,2022.09.09 17:00:00,2022-09-09,2022.09.09 21:00:00,CLOSE,4.6393,0.815,0.17567305412454462,0,RISK_OFF,0.011568087851156487,-0.014907699029501642,0.16696928191652227,-0.006993006993006993
P1_2022H2_2023,Passive,US100_BOOK,20,2022.09.12 12:19:25,2022-09-12,2022.09.12 13:30:05,CLOSE,4.6719,0.315,0.06742438836447698,0,MIXED,0.005345120790087556,0.003981816739353887,0.060771474269211485,-0.009389671361502348
P1_2022H2_2023,Cross,US100_BOOK,24,2022.09.12 17:00:00,2022-09-12,2022.09.12 21:00:00,CLOSE,4.6845,0.025,0.005336748852598997,0,MIXED,0.005345120790087556,0.003981816739353887,-0.0033670233554233455,-0.006993006993006993
P1_2022H2_2023,Return,US30_BOOK,13,2022.09.12 16:00:00,2022-09-12,2022.09.12 22:00:00,CLOSE,4.6845,1.2190000000000145,0.26021987405273017,0,MIXED,0.005345120790087556,0.003981816739353887,0.18824100700146174,-0.09523809523809523
P1_2022H2_2023,Passive,US100_BOOK,21,2022.09.13 15:30:00,2022-09-13,2022.09.13 15:45:00,CLOSE,4.7304,3.915,0.8276255707762556,0,RISK_OFF,0.00026085671288761115,-0.004055149907489716,0.8209726566809902,-0.009389671361502348
P1_2022H2_2023,Return,US30_BOOK,14,2022.09.13 16:00:00,2022-09-13,2022.09.13 17:32:22,EXTERNAL_CLOSE,4.8908,-2.471000000000022,-0.505234317494075,1,RISK_OFF,0.00026085671288761115,-0.004055149907489716,-0.5772131845453434,0.9047619047619048
P1_2022H2_2023,RC4,US30_BOOK,4,2022.09.13 13:00:00,2022-09-13,2022.09.13 19:00:00,CLOSE,4.7342,10.229000000000015,2.1606607240927747,0,RISK_OFF,0.00026085671288761115,-0.004055149907489716,2.0571943289895103,-0.1509433962264151
P1_2022H2_2023,Cross,US100_BOOK,25,2022.09.13 17:00:00,2022-09-13,2022.09.13 21:00:00,CLOSE,4.8908,0.945,0.1932199231209618,0,RISK_OFF,0.00026085671288761115,-0.004055149907489716,0.18451615091293946,-0.006993006993006993
P1_2022H2_2023,Pressure,US30_BOOK,2,2022.09.14 15:00:01,2022-09-14,2022.09.14 19:00:00,CLOSE,5.239,-1.4509999999999854,-0.27696125214735356,0,RISK_OFF,0.0018263987153610422,-0.00852405184857423,-0.3054710249402528,-0.05714285714285714
P1_2022H2_2023,Return,US30_BOOK,15,2022.09.14 16:00:00,2022-09-14,2022.09.14 22:00:00,CLOSE,5.239,-1.6109999999999853,-0.3075014315709077,0,RISK_OFF,0.0018263987153610422,-0.00852405184857423,-0.37948029862217614,-0.09523809523809523
P1_2022H2_2023,RC4,US30_BOOK,5,2022.09.16 13:00:00,2022-09-16,2022.09.16 19:00:00,CLOSE,5.1165,-0.18099999999998545,-0.03537574513827527,0,MIXED,-0.0027689176783120893,-0.0010737020741601788,-0.13884214024153962,-0.1509433962264151
P1_2022H2_2023,Cross,US100_BOOK,26,2022.09.16 17:00:00,2022-09-16,2022.09.16 21:00:00,CLOSE,5.1165,-0.24300000000001093,-0.04749340369393353,0,MIXED,-0.0027689176783120893,-0.0010737020741601788,-0.05619717590195587,-0.006993006993006993
P1_2022H2_2023,Return,US30_BOOK,16,2022.09.16 16:00:00,2022-09-16,2022.09.16 22:00:00,CLOSE,5.1088,2.0090000000000146,0.3932430316316972,0,MIXED,-0.0027689176783120893,-0.0010737020741601788,0.3212641645804288,-0.09523809523809523
P1_2022H2_2023,Pressure,US30_BOOK,3,2022.09.19 15:00:00,2022-09-19,2022.09.19 17:11:12,EXTERNAL_CLOSE,5.1799,-2.610999999999985,-0.5040637850151518,1,RISK_ON,-0.007938285147997869,0.003981035995575902,-0.532573557808051,0.9428571428571428
P1_2022H2_2023,Cross,US100_BOOK,27,2022.09.19 17:00:00,2022-09-19,2022.09.19 21:00:00,CLOSE,5.1488,-0.025,-0.004855500310752021,0,RISK_ON,-0.007938285147997869,0.003981035995575902,-0.013559272518774364,-0.006993006993006993
P1_2022H2_2023,Passive,US100_BOOK,22,2022.09.20 12:19:00,2022-09-20,2022.09.20 16:15:00,CLOSE,5.0744,-0.375,-0.07390036260444585,0,RISK_ON,-0.004197666954444931,0.003256298440199407,-0.08055327669971135,-0.009389671361502348
P1_2022H2_2023,Return,US30_BOOK,17,2022.09.20 16:00:00,2022-09-20,2022.09.20 17:37:02,EXTERNAL_CLOSE,5.0744,-2.590999999999985,-0.5106022386883149,1,RISK_ON,-0.004197666954444931,0.003256298440199407,-0.5825811057395833,0.9047619047619048
P1_2022H2_2023,Cross,US100_BOOK,28,2022.09.20 17:00:00,2022-09-20,2022.09.20 21:00:00,CLOSE,5.0432,-0.875,-0.17350095177664976,0,RISK_ON,-0.004197666954444931,0.003256298440199407,-0.1822047239846721,-0.006993006993006993
P1_2022H2_2023,Cross,US100_BOOK,29,2022.09.21 17:00:00,2022-09-21,2022.09.21 21:00:00,CLOSE,4.9208,-0.6380000000000109,-0.12965371484311716,0,MIXED,0.0037891323746364752,0.00012523307282674085,-0.1383574870511395,-0.006993006993006993
P1_2022H2_2023,Cross,US100_BOOK,30,2022.09.22 17:00:00,2022-09-22,2022.09.22 21:00:00,CLOSE,4.8953,-0.035,-0.007149715032786551,0,MIXED,-0.0016386289421868579,-0.013388765536994085,-0.015853487240808893,-0.006993006993006993
P1_2022H2_2023,Passive,US100_BOOK,23,2022.09.23 12:29:57,2022-09-23,2022.09.23 16:15:00,CLOSE,4.8939,0.15500000000000003,0.03167208157093525,0,RISK_ON,-0.0058267914467056686,0.0036043403255069492,0.025019167475669755,-0.009389671361502348
P1_2022H2_2023,Pressure,US30_BOOK,4,2022.09.23 15:00:00,2022-09-23,2022.09.23 19:00:00,CLOSE,4.8939,2.1290000000000147,0.43503136557755867,0,RISK_ON,-0.0058267914467056686,0.0036043403255069492,0.40652159278465944,-0.05714285714285714
P1_2022H2_2023,Return,US30_BOOK,18,2022.09.23 16:00:00,2022-09-23,2022.09.23 19:23:00,EXTERNAL_CLOSE,4.8939,-2.4709999999999854,-0.5049142810437454,1,RISK_ON,-0.0058267914467056686,0.0036043403255069492,-0.5768931480950138,0.9047619047619048
P1_2022H2_2023,Cross,US100_BOOK,31,2022.09.23 17:00:00,2022-09-23,2022.09.23 21:00:00,CLOSE,4.9001,0.20500000000000002,0.04183588090038979,0,RISK_ON,-0.0058267914467056686,0.0036043403255069492,0.03313210869236745,-0.006993006993006993
P1_2022H2_2023,Passive,US100_BOOK,24,2022.09.26 14:54:00,2022-09-26,2022.09.26 15:30:00,CLOSE,4.8946,0.255,0.05209823070322397,0,MIXED,0.0016229871991225362,0.0015934484126688883,0.045445316607958475,-0.009389671361502348
P1_2022H2_2023,Cross,US100_BOOK,32,2022.09.26 17:00:00,2022-09-26,2022.09.26 21:00:00,CLOSE,4.9048,-1.945,-0.3965503180557821,0,MIXED,0.0016229871991225362,0.0015934484126688883,-0.40525409026380443,-0.006993006993006993
P1_2022H2_2023,Pressure,US30_BOOK,5,2022.09.27 15:00:00,2022-09-27,2022.09.27 17:08:49,EXTERNAL_CLOSE,4.827,-2.431000000000022,-0.5036254402320327,1,RISK_OFF,0.008706705949854447,-0.00235903824712123,-0.5321352130249319,0.9428571428571428
P1_2022H2_2023,Cross,US100_BOOK,33,2022.09.27 17:00:00,2022-09-27,2022.09.27 19:18:20,EXTERNAL_CLOSE,4.827,-2.4879999999999924,-0.5154340169877756,1,RISK_OFF,0.008706705949854447,-0.00235903824712123,-0.5241377891957979,0.993006993006993
P1_2022H2_2023,Passive,US100_BOOK,25,2022.09.28 12:30:22,2022-09-28,2022.09.28 13:15:00,CLOSE,4.6302,0.815,0.1760183145436482,0,MIXED,-0.005674978915514519,-0.00022802889846844433,0.1693654004483827,-0.009389671361502348
P1_2022H2_2023,Passive,US100_BOOK,26,2022.09.28 15:32:52,2022-09-28,2022.09.28 19:30:00,CLOSE,4.6628,-1.865,-0.399974264390495,0,MIXED,-0.005674978915514519,-0.00022802889846844433,-0.40662717848576047,-0.009389671361502348
P1_2022H2_2023,Passive,US100_BOOK,27,2022.09.29 15:46:40,2022-09-29,2022.09.29 16:15:00,CLOSE,4.5882,0.125,0.027243799311276757,0,RISK_ON,-0.009274684783103157,0.0039039026261411727,0.02059088521601126,-0.009389671361502348
P1_2022H2_2023,Cross,US100_BOOK,34,2022.09.29 17:00:00,2022-09-29,2022.09.29 21:00:00,CLOSE,4.5932,1.3250000000000002,0.288469912043891,0,RISK_ON,-0.009274684783103157,0.0039039026261411727,0.2797661398358687,-0.006993006993006993
P1_2022H2_2023,Passive,US100_BOOK,28,2022.09.30 15:30:05,2022-09-30,2022.09.30 15:45:00,CLOSE,4.6462,0.36200000000000726,0.07791313331324679,0,RISK_OFF,0.0069208167021350695,-0.001184616748797428,0.07126021921798129,-0.009389671361502348
P1_2022H2_2023,Return,US30_BOOK,19,2022.09.30 16:00:00,2022-09-30,2022.09.30 16:38:43,EXTERNAL_CLOSE,4.6607,-2.360999999999985,-0.5065762653678599,1,RISK_OFF,0.0069208167021350695,-0.001184616748797428,-0.5785551324191284,0.9047619047619048
P1_2022H2_2023,RC16,US30_BOOK,6,2022.10.03 13:30:00,2022-10-03,2022.10.03 17:30:00,CLOSE,4.5663,4.549000000000015,0.9962113746359229,0,MIXED,0.0009565665407728402,0.002430000643469832,0.9196005561287552,-0.02631578947368421
P1_2022H2_2023,Pressure,US30_BOOK,6,2022.10.03 15:00:00,2022-10-03,2022.10.03 19:00:00,CLOSE,4.5663,3.4890000000000145,0.7640759477038334,0,MIXED,0.0009565665407728402,0.002430000643469832,0.7355661749109341,-0.05714285714285714
P1_2022H2_2023,Passive,US100_BOOK,29,2022.10.03 15:02:00,2022-10-03,2022.10.03 19:00:00,CLOSE,4.5663,-0.955,-0.20914087992466548,0,MIXED,0.0009565665407728402,0.002430000643469832,-0.21579379401993098,-0.009389671361502348
P1_2022H2_2023,Passive,US100_BOOK,30,2022.10.04 12:52:35,2022-10-04,2022.10.04 15:30:00,CLOSE,4.8496,-0.004999999999999999,-0.0010310128670405806,0,MIXED,0.00581623902080848,0.001562694790497307,-0.007683926962306075,-0.009389671361502348
P1_2022H2_2023,RC4,US30_BOOK,6,2022.10.04 13:00:00,2022-10-04,2022.10.04 19:00:00,CLOSE,4.8496,3.7990000000000146,0.7833635763774363,0,MIXED,0.00581623902080848,0.001562694790497307,0.6798971812741719,-0.1509433962264151
P1_2022H2_2023,Pressure,US30_BOOK,7,2022.10.04 15:00:00,2022-10-04,2022.10.04 19:00:00,CLOSE,4.8496,3.5189999999999784,0.7256268558231562,0,MIXED,0.00581623902080848,0.001562694790497307,0.697117083030257,-0.05714285714285714
P1_2022H2_2023,Cross,US100_BOOK,35,2022.10.04 17:00:00,2022-10-04,2022.10.04 21:00:00,CLOSE,4.8494,0.05500000000000001,0.011341609271250053,0,MIXED,0.00581623902080848,0.001562694790497307,0.00263783706322771,-0.006993006993006993
P1_2022H2_2023,Cross,US100_BOOK,36,2022.10.05 17:00:00,2022-10-05,2022.10.05 21:00:00,CLOSE,5.1443,-0.8879999999999927,-0.1726182376610992,0,RISK_ON,-0.006168462826531654,0.001990091805755454,-0.18132200986912156,-0.006993006993006993
P1_2022H2_2023,Passive,US100_BOOK,31,2022.10.06 12:16:34,2022-10-06,2022.10.06 14:45:01,CLOSE,5.1088,0.035,0.0068509238960225505,0,RISK_ON,-0.001288520973894039,0.0008714898877763655,0.000198009800757056,-0.009389671361502348
P1_2022H2_2023,Passive,US100_BOOK,32,2022.10.06 16:33:12,2022-10-06,2022.10.06 17:15:00,CLOSE,5.1102,0.945,0.18492426910884113,0,RISK_ON,-0.001288520973894039,0.0008714898877763655,0.17827135501357563,-0.009389671361502348
P1_2022H2_2023,Cross,US100_BOOK,37,2022.10.06 17:00:00,2022-10-06,2022.10.06 21:00:00,CLOSE,5.1102,-0.135,-0.026417752729834452,0,RISK_ON,-0.001288520973894039,0.0008714898877763655,-0.03512152493785679,-0.006993006993006993
P1_2022H2_2023,Return,US30_BOOK,20,2022.10.07 16:00:00,2022-10-07,2022.10.07 16:59:08,EXTERNAL_CLOSE,5.1426,-2.6009999999999853,-0.5057752887644353,1,MIXED,-1.1680605522721713e-05,-0.0020212130706180375,-0.5777541558157038,0.9047619047619048
P1_2022H2_2023,Passive,US100_BOOK,33,2022.10.07 15:46:58,2022-10-07,2022.10.07 19:45:00,CLOSE,5.1426,-2.2350000000000003,-0.43460506358651274,0,MIXED,-1.1680605522721713e-05,-0.0020212130706180375,-0.4412579776817782,-0.009389671361502348
P1_2022H2_2023,Cross,US100_BOOK,38,2022.10.07 17:00:00,2022-10-07,2022.10.07 21:00:00,CLOSE,5.0386,1.0550000000000002,0.20938355892509827,0,MIXED,-1.1680605522721713e-05,-0.0020212130706180375,0.20067978671707593,-0.006993006993006993
P1_2022H2_2023,RC16,US30_BOOK,7,2022.10.10 13:30:00,2022-10-10,2022.10.10 17:30:00,CLOSE,4.9914,1.2790000000000146,0.25624073406259057,0,RISK_ON,-0.009996530006411711,0.0016301828107614966,0.1796299155554229,-0.02631578947368421
P1_2022H2_2023,Cross,US100_BOOK,39,2022.10.10 17:00:00,2022-10-10,2022.10.10 21:00:00,CLOSE,4.9914,-0.22499999999999998,-0.04507753335737468,0,RISK_ON,-0.009996530006411711,0.0016301828107614966,-0.05378130556539702,-0.006993006993006993
P1_2022H2_2023,Passive,US100_BOOK,34,2022.10.11 15:34:16,2022-10-11,2022.10.11 16:45:00,CLOSE,5.0335,1.0050000000000001,0.19966226283897887,0,RISK_ON,-0.0014937866663158326,0.00028147838122947674,0.19300934874371337,-0.009389671361502348
P1_2022H2_2023,Cross,US100_BOOK,40,2022.10.11 17:00:00,2022-10-11,2022.10.11 21:00:00,CLOSE,5.0737,-1.4949999999999999,-0.2946567593669314,0,RISK_ON,-0.0014937866663158326,0.00028147838122947674,-0.30336053157495374,-0.006993006993006993
P1_2022H2_2023,Cross,US100_BOOK,41,2022.10.12 17:00:00,2022-10-12,2022.10.12 21:00:00,CLOSE,5.0139,0.40200000000000724,0.08017710764076014,0,MIXED,0.0024100875579917995,0.00306048282265386,0.07147333543273779,-0.006993006993006993
P1_2022H2_2023,Return,US30_BOOK,21,2022.10.12 16:00:00,2022-10-12,2022.10.12 22:00:00,CLOSE,5.0139,0.36900000000001454,0.07359540477472917,0,MIXED,0.0024100875579917995,0.00306048282265386,0.001616537723460737,-0.09523809523809523
P1_2022H2_2023,Passive,US100_BOOK,35,2022.10.13 14:55:49,2022-10-13,2022.10.13 15:45:00,CLOSE,5.0448,3.855,0.7641531874405327,0,RISK_OFF,0.0010214719042596473,-0.0004630543967356327,0.7575002733452673,-0.009389671361502348
P1_2022H2_2023,Cross,US100_BOOK,42,2022.10.13 17:00:00,2022-10-13,2022.10.13 21:00:00,CLOSE,5.199,4.525,0.8703596845547221,0,RISK_OFF,0.0010214719042596473,-0.0004630543967356327,0.8616559123466998,-0.006993006993006993
P1_2022H2_2023,Return,US30_BOOK,22,2022.10.13 16:00:00,2022-10-13,2022.10.13 22:00:00,CLOSE,5.199,13.719000000000015,2.638776687824585,0,RISK_OFF,0.0010214719042596473,-0.0004630543967356327,2.566797820773316,-0.09523809523809523
P1_2022H2_2023,Cross,US100_BOOK,43,2022.10.14 17:00:00,2022-10-14,2022.10.14 21:00:00,CLOSE,5.9287,1.951999999999989,0.3292458717762729,0,RISK_ON,-0.0030303417891312744,0.004037229366355821,0.3205420995682506,-0.006993006993006993
P1_2022H2_2023,RC16,US30_BOOK,8,2022.10.17 13:30:00,2022-10-17,2022.10.17 17:30:00,CLOSE,6.0068,2.0890000000000146,0.3477725244722672,0,MIXED,0.006971668816127471,0.0010092176056752018,0.27116170596509953,-0.02631578947368421
P1_2022H2_2023,RC4,US30_BOOK,7,2022.10.17 13:00:00,2022-10-17,2022.10.17 19:00:00,CLOSE,6.0068,2.2090000000000147,0.3677498834654083,0,MIXED,0.006971668816127471,0.0010092176056752018,0.264283488362144,-0.1509433962264151
P1_2022H2_2023,Cross,US100_BOOK,44,2022.10.17 17:00:00,2022-10-17,2022.10.17 21:00:00,CLOSE,6.0068,0.525,0.08740094559499234,0,MIXED,0.006971668816127471,0.0010092176056752018,0.07869717338696999,-0.006993006993006993
P1_2022H2_2023,Passive,US100_BOOK,36,2022.10.18 15:03:48,2022-10-18,2022.10.18 17:15:00,CLOSE,6.1997,0.16499999999999998,0.02661419100924238,0,RISK_ON,-0.00023029465696975383,0.0016762439976222498,0.019961276913976887,-0.009389671361502348
P1_2022H2_2023,Cross,US100_BOOK,45,2022.10.18 17:00:00,2022-10-18,2022.10.18 21:00:00,CLOSE,6.1997,0.645,0.10403729212703841,0,RISK_ON,-0.00023029465696975383,0.0016762439976222498,0.09533351991901606,-0.006993006993006993
P1_2022H2_2023,Passive,US100_BOOK,37,2022.10.20 13:50:48,2022-10-20,2022.10.20 16:00:00,CLOSE,6.2321,0.525,0.08424126698865551,0,RISK_ON,-0.00013502814129730001,0.0005336926990762486,0.07758835289339001,-0.009389671361502348
P1_2022H2_2023,RC4,US30_BOOK,8,2022.10.20 13:00:00,2022-10-20,2022.10.20 19:00:00,CLOSE,6.2321,2.139000000000015,0.3432229906452103,0,RISK_ON,-0.00013502814129730001,0.0005336926990762486,0.23975659554194595,-0.1509433962264151
P1_2022H2_2023,Cross,US100_BOOK,46,2022.10.20 17:00:00,2022-10-20,2022.10.20 21:00:00,CLOSE,6.2531,-1.115,-0.17831155746749613,0,RISK_ON,-0.00013502814129730001,0.0005336926990762486,-0.18701532967551848,-0.006993006993006993
P1_2022H2_2023,RC4,US30_BOOK,9,2022.10.21 13:00:00,2022-10-21,2022.10.21 19:00:00,CLOSE,6.2941,5.539000000000015,0.8800305047584269,0,RISK_ON,-0.004242473521021474,0.005381214654330019,0.7765641096551625,-0.1509433962264151
P1_2022H2_2023,Passive,US100_BOOK,38,2022.10.24 14:31:29,2022-10-24,2022.10.24 16:30:00,CLOSE,6.5156,0.45499999999999996,0.06983240223463687,0,RISK_ON,-0.0061652961344797795,0.011348871928793901,0.06317948813937137,-0.009389671361502348
P1_2022H2_2023,Cross,US100_BOOK,47,2022.10.24 17:00:00,2022-10-24,2022.10.24 21:00:00,CLOSE,6.5338,-0.365,-0.05586335669901129,0,RISK_ON,-0.0061652961344797795,0.011348871928793901,-0.06456712890703363,-0.006993006993006993
P1_2022H2_2023,Cross,US100_BOOK,48,2022.10.25 17:00:00,2022-10-25,2022.10.25 21:00:00,CLOSE,6.5192,-0.10799999999999274,-0.016566449871148723,0,RISK_ON,-0.0037402969048106133,2.0152825594762032e-05,-0.025270222079171067,-0.006993006993006993
P1_2022H2_2023,RC16,US30_BOOK,9,2022.10.26 13:30:00,2022-10-26,2022.10.26 17:30:00,CLOSE,6.5149,2.3590000000000146,0.36209304824326,0,RISK_OFF,0.011930101088326815,-0.006158415025250219,0.28548222973609233,-0.02631578947368421
P1_2022H2_2023,Cross,US100_BOOK,49,2022.10.26 17:00:05,2022-10-26,2022.10.26 21:00:00,CLOSE,6.5149,-0.1480000000000109,-0.02271715605765413,0,RISK_OFF,0.011930101088326815,-0.006158415025250219,-0.031420928265676475,-0.006993006993006993
P1_2022H2_2023,Return,US30_BOOK,23,2022.10.26 16:00:00,2022-10-26,2022.10.26 22:00:00,CLOSE,6.5149,0.8890000000000146,0.13645643064360383,0,RISK_OFF,0.011930101088326815,-0.006158415025250219,0.06447756359233539,-0.09523809523809523
P1_2022H2_2023,Passive,US100_BOOK,39,2022.10.27 12:56:10,2022-10-27,2022.10.27 15:45:00,CLOSE,6.6389,0.105,0.015815873111509438,0,MIXED,-0.00048682420297404877,-0.0024978541717764705,0.009162959016243944,-0.009389671361502348
P1_2022H2_2023,Cross,US100_BOOK,50,2022.10.27 17:00:00,2022-10-27,2022.10.27 21:00:00,CLOSE,6.6431,0.265,0.03989101473709564,0,MIXED,-0.00048682420297404877,-0.0024978541717764705,0.031187242529073296,-0.006993006993006993
P1_2022H2_2023,Cross,US100_BOOK,51,2022.10.28 17:00:00,2022-10-28,2022.10.28 21:00:00,CLOSE,6.6537,2.025,0.3043419450831868,0,RISK_ON,-0.007219768528503016,0.008159085247425446,0.2956381728751645,-0.006993006993006993
P1_2022H2_2023,Cross,US100_BOOK,52,2022.10.31 17:00:00,2022-10-31,2022.10.31 21:00:00,CLOSE,6.7347,-0.525,-0.07795447458684128,0,RISK_ON,-0.004212175190065002,0.0032091911674015107,-0.08665824679486363,-0.006993006993006993
P1_2022H2_2023,Passive,US100_BOOK,40,2022.11.01 13:34:30,2022-11-01,2022.11.01 14:15:00,CLOSE,6.7137,0.075,0.011171187273783457,0,RISK_OFF,0.008908188110651945,-0.006842610128078019,0.004518273178517962,-0.009389671361502348
P1_2022H2_2023,RC16,US30_BOOK,10,2022.11.01 13:30:00,2022-11-01,2022.11.01 17:19:59,EXTERNAL_CLOSE,6.7137,-3.3909999999999854,-0.5050866139386605,1,RISK_OFF,0.008908188110651945,-0.006842610128078019,-0.5816974324458282,0.9736842105263158
P1_2022H2_2023,Cross,US100_BOOK,53,2022.11.01 17:00:00,2022-11-01,2022.11.01 21:00:00,CLOSE,6.7167,1.575,0.2344901514136406,0,RISK_OFF,0.008908188110651945,-0.006842610128078019,0.22578637920561825,-0.006993006993006993
P1_2022H2_2023,Cross,US100_BOOK,54,2022.11.02 17:00:00,2022-11-02,2022.11.02 21:00:00,CLOSE,6.6441,0.2520000000000073,0.03792838759200001,0,RISK_OFF,0.0025390644558583803,-0.007299104787325017,0.02922461538397767,-0.006993006993006993
P1_2022H2_2023,Return,US30_BOOK,24,2022.11.02 16:00:00,2022-11-02,2022.11.02 22:00:00,CLOSE,6.6441,-0.9909999999999854,-0.14915488930027926,0,RISK_OFF,0.0025390644558583803,-0.007299104787325017,-0.2211337563515477,-0.09523809523809523
P1_2022H2_2023,Passive,US100_BOOK,41,2022.11.03 14:37:54,2022-11-03,2022.11.03 17:30:00,CLOSE,6.6145,0.035,0.005291405246050345,0,RISK_ON,-0.00533246335655399,0.0026974329913551933,-0.0013615088492151496,-0.009389671361502348
P1_2022H2_2023,Cross,US100_BOOK,55,2022.11.03 17:00:00,2022-11-03,2022.11.03 21:00:00,CLOSE,6.6145,-0.375,-0.056693627636253685,0,RISK_ON,-0.00533246335655399,0.0026974329913551933,-0.06539739984427603,-0.006993006993006993
P1_2022H2_2023,Return,US30_BOOK,25,2022.11.03 16:00:00,2022-11-03,2022.11.03 22:00:00,CLOSE,6.6145,2.579000000000015,0.3899009751303976,0,RISK_ON,-0.00533246335655399,0.0026974329913551933,0.3179221080791292,-0.09523809523809523
P1_2022H2_2023,Cross,US100_BOOK,56,2022.11.04 17:00:00,2022-11-04,2022.11.04 21:00:00,CLOSE,6.7041,1.555,0.231947614146567,0,RISK_OFF,0.011596809653125007,-0.002069511968764141,0.22324384193854466,-0.006993006993006993
P1_2022H2_2023,Passive,US100_BOOK,42,2022.11.07 13:03:47,2022-11-07,2022.11.07 14:00:00,CLOSE,6.7663,0.115,0.016995994856864167,0,RISK_OFF,0.0025112677197987225,-0.003069585294066962,0.010343080761598672,-0.009389671361502348
P1_2022H2_2023,Pressure,US30_BOOK,8,2022.11.07 15:00:00,2022-11-07,2022.11.07 19:00:00,CLOSE,6.7709,-0.23099999999998544,-0.034116587159755046,0,RISK_OFF,0.0025112677197987225,-0.003069585294066962,-0.06262635995265428,-0.05714285714285714
P1_2022H2_2023,Cross,US100_BOOK,57,2022.11.07 17:00:00,2022-11-07,2022.11.07 21:00:00,CLOSE,6.7709,-0.555,-0.08196842369552054,0,RISK_OFF,0.0025112677197987225,-0.003069585294066962,-0.09067219590354289,-0.006993006993006993
P1_2022H2_2023,Passive,US100_BOOK,43,2022.11.08 13:32:08,2022-11-08,2022.11.08 14:45:00,CLOSE,6.7394,0.045,0.00667715226874796,0,MIXED,-0.001763326268697617,-0.0029912538438083397,2.4238173482465583e-05,-0.009389671361502348
P1_2022H2_2023,RC16,US30_BOOK,11,2022.11.08 13:30:00,2022-11-08,2022.11.08 17:30:00,CLOSE,6.7394,2.369000000000015,0.35151497165920037,0,MIXED,-0.001763326268697617,-0.0029912538438083397,0.2749041531520327,-0.02631578947368421
P1_2022H2_2023,Cross,US100_BOOK,58,2022.11.08 17:00:00,2022-11-08,2022.11.08 21:00:00,CLOSE,6.7412,0.185,0.02744318518958049,0,MIXED,-0.001763326268697617,-0.0029912538438083397,0.018739412981558144,-0.006993006993006993
P1_2022H2_2023,Cross,US100_BOOK,59,2022.11.09 17:00:00,2022-11-09,2022.11.09 21:00:00,CLOSE,6.8434,0.9349999999999999,0.13662799193383404,0,RISK_ON,-0.002199062775755004,0.0007274674161503748,0.1279242197258117,-0.006993006993006993
P1_2022H2_2023,RC16,US30_BOOK,12,2022.11.10 13:30:00,2022-11-10,2022.11.10 17:30:00,CLOSE,6.8808,8.079000000000015,1.1741367282874107,0,RISK_OFF,0.00036913017530954917,-0.0007578421661482608,1.097525909780243,-0.02631578947368421
P1_2022H2_2023,Passive,US100_BOOK,44,2022.11.10 15:45:09,2022-11-10,2022.11.10 19:45:00,CLOSE,6.8808,-1.9649999999999999,-0.2855772584583188,0,RISK_OFF,0.00036913017530954917,-0.0007578421661482608,-0.29223017255358424,-0.009389671361502348
P1_2022H2_2023,Cross,US100_BOOK,60,2022.11.10 17:00:00,2022-11-10,2022.11.10 21:00:00,CLOSE,6.8808,0.46499999999999997,0.06757935123822811,0,RISK_OFF,0.00036913017530954917,-0.0007578421661482608,0.05887557903020577,-0.006993006993006993
P1_2022H2_2023,Cross,US100_BOOK,61,2022.11.14 17:00:00,2022-11-14,2022.11.14 21:00:00,CLOSE,7.144,-1.515,-0.21206606942889136,0,RISK_ON,-0.005635384376670061,0.008937095951859007,-0.2207698416369137,-0.006993006993006993
P1_2022H2_2023,Passive,US100_BOOK,45,2022.11.15 14:34:31,2022-11-15,2022.11.15 18:30:00,CLOSE,7.0834,-0.735,-0.10376372928254793,0,RISK_OFF,0.00320862825997488,-0.0036313799382398284,-0.11041664337781343,-0.009389671361502348
P1_2022H2_2023,Cross,US100_BOOK,62,2022.11.15 17:00:00,2022-11-15,2022.11.15 21:00:00,CLOSE,7.0834,1.8550000000000002,0.26187988818928765,0,RISK_OFF,0.00320862825997488,-0.0036313799382398284,0.2531761159812653,-0.006993006993006993
P1_2022H2_2023,Cross,US100_BOOK,63,2022.11.16 17:00:00,2022-11-16,2022.11.16 21:00:00,CLOSE,7.1282,0.355,0.049802194102297914,0,MIXED,0.0025666312891704387,0.0011198209456885855,0.04109842189427557,-0.006993006993006993
P1_2022H2_2023,Return,US30_BOOK,26,2022.11.16 16:00:00,2022-11-16,2022.11.16 22:00:00,CLOSE,7.1282,0.8990000000000146,0.12611879576891988,0,MIXED,0.0025666312891704387,0.0011198209456885855,0.05413992871765144,-0.09523809523809523
P1_2022H2_2023,Passive,US100_BOOK,46,2022.11.17 12:36:09,2022-11-17,2022.11.17 16:30:00,CLOSE,7.1783,-1.8349999999999997,-0.255631556218046,0,RISK_ON,-0.00381631298951832,0.001376156869680262,-0.2622844703133115,-0.009389671361502348
P1_2022H2_2023,Pressure,US30_BOOK,9,2022.11.17 15:00:00,2022-11-17,2022.11.17 19:00:00,CLOSE,7.1783,-2.2009999999999854,-0.30661855871167065,0,RISK_ON,-0.00381631298951832,0.001376156869680262,-0.3351283315045699,-0.05714285714285714
P1_2022H2_2023,Return,US30_BOOK,27,2022.11.17 16:00:00,2022-11-17,2022.11.17 22:00:00,CLOSE,7.1783,3.079000000000015,0.4289316411963856,0,RISK_ON,-0.00381631298951832,0.001376156869680262,0.35695277414511717,-0.09523809523809523
P1_2022H2_2023,Passive,US100_BOOK,47,2022.11.18 12:45:44,2022-11-18,2022.11.18 16:45:00,CLOSE,7.14,0.325,0.04551820728291317,0,RISK_OFF,0.002105198231965058,-0.0017278066870661433,0.03886529318764768,-0.009389671361502348
P1_2022H2_2023,Cross,US100_BOOK,64,2022.11.18 17:00:00,2022-11-18,2022.11.18 21:00:00,CLOSE,7.153,1.0850000000000002,0.15168460785684332,0,RISK_OFF,0.002105198231965058,-0.0017278066870661433,0.14298083564882097,-0.006993006993006993
P1_2022H2_2023,Passive,US100_BOOK,48,2022.11.21 13:57:04,2022-11-21,2022.11.21 14:30:00,CLOSE,7.1964,0.005000000000000001,0.0006947918403646269,0,RISK_ON,-0.006810586132488865,0.010995938616709978,-0.0059581222549008675,-0.009389671361502348
P1_2022H2_2023,RC4,US30_BOOK,10,2022.11.21 13:00:00,2022-11-21,2022.11.21 19:00:00,CLOSE,7.1964,-0.7609999999999855,-0.10574731810349418,0,RISK_ON,-0.006810586132488865,0.010995938616709978,-0.20921371320675852,-0.1509433962264151
P1_2022H2_2023,RC16,US30_BOOK,13,2022.11.22 13:30:00,2022-11-22,2022.11.22 17:30:00,CLOSE,7.1662,2.309000000000015,0.32220702743434665,0,RISK_OFF,0.004963786104715283,-0.005808655889512481,0.24559620892717898,-0.02631578947368421
P1_2022H2_2023,Cross,US100_BOOK,65,2022.11.22 17:00:00,2022-11-22,2022.11.22 21:00:00,CLOSE,7.1662,-1.545,-0.21559543412129162,0,RISK_OFF,0.004963786104715283,-0.005808655889512481,-0.22429920632931397,-0.006993006993006993
P1_2022H2_2023,RC16,US30_BOOK,14,2022.11.23 13:30:00,2022-11-23,2022.11.23 17:30:00,CLOSE,7.1968,0.7190000000000145,0.09990551356158495,0,RISK_ON,-0.00023566536776593148,0.000743176085533943,0.02329469505441728,-0.02631578947368421
P1_2022H2_2023,Cross,US100_BOOK,66,2022.11.23 17:00:00,2022-11-23,2022.11.23 21:00:00,CLOSE,7.1968,-0.3079999999999927,-0.04279679857714439,0,RISK_ON,-0.00023566536776593148,0.000743176085533943,-0.05150057078516673,-0.006993006993006993
P1_2022H2_2023,Return,US30_BOOK,28,2022.11.23 16:00:00,2022-11-23,2022.11.23 22:00:00,CLOSE,7.1968,1.3790000000000144,0.19161293908403937,0,RISK_ON,-0.00023566536776593148,0.000743176085533943,0.11963407203277093,-0.09523809523809523
P1_2022H2_2023,RC16,US30_BOOK,15,2022.11.24 13:30:00,2022-11-24,2022.11.24 17:30:00,CLOSE,7.2684,-0.050999999999985446,-0.007016674921576337,0,RISK_OFF,0.004187926196667254,-0.007348533169460462,-0.08362749342874401,-0.02631578947368421
P1_2022H2_2023,RC4,US30_BOOK,11,2022.11.24 13:00:00,2022-11-24,2022.11.24 19:00:00,CLOSE,7.2684,-0.3409999999999854,-0.046915414671727676,0,RISK_OFF,0.004187926196667254,-0.007348533169460462,-0.15038180977499202,-0.1509433962264151
P1_2022H2_2023,Passive,US100_BOOK,49,2022.11.25 13:35:31,2022-11-25,2022.11.25 17:30:00,CLOSE,7.2527,-0.5750000000000001,-0.0792808195568547,0,RISK_ON,-0.0023902507451094277,0.007395253093847178,-0.0859337336521202,-0.009389671361502348
P1_2022H2_2023,Passive,US100_BOOK,50,2022.11.28 13:38:30,2022-11-28,2022.11.28 14:00:00,CLOSE,7.2297,0.15500000000000003,0.021439340498222614,0,RISK_OFF,0.003555675611678176,-0.010506156576169923,0.01478642640295712,-0.009389671361502348
P1_2022H2_2023,Passive,US100_BOOK,51,2022.11.28 15:34:22,2022-11-28,2022.11.28 17:30:00,CLOSE,7.2359,0.05500000000000001,0.007600989510634476,0,RISK_OFF,0.003555675611678176,-0.010506156576169923,0.0009480754153689819,-0.009389671361502348
P1_2022H2_2023,Cross,US100_BOOK,67,2022.11.28 17:00:00,2022-11-28,2022.11.28 21:00:00,CLOSE,7.2359,-1.305,-0.18035075111596346,0,RISK_OFF,0.003555675611678176,-0.010506156576169923,-0.1890545233239858,-0.006993006993006993
P1_2022H2_2023,Cross,US100_BOOK,68,2022.11.29 17:00:00,2022-11-29,2022.11.29 21:00:00,CLOSE,7.1859,0.535,0.07445135612797284,0,RISK_OFF,0.007668924795567301,-0.0058259110273069315,0.06574758391995049,-0.006993006993006993
P1_2022H2_2023,Return,US30_BOOK,29,2022.11.29 16:00:00,2022-11-29,2022.11.29 22:00:00,CLOSE,7.1859,-0.19099999999998546,-0.026579829944750895,0,RISK_OFF,0.007668924795567301,-0.0058259110273069315,-0.09855869699601932,-0.09523809523809523
P1_2022H2_2023,Cross,US100_BOOK,69,2022.11.30 17:00:00,2022-11-30,2022.11.30 21:00:00,CLOSE,7.1996,1.8350000000000002,0.25487527084838046,0,MIXED,0.0070855226094569835,0.002178838718920159,0.24617149864035812,-0.006993006993006993
P1_2022H2_2023,Return,US30_BOOK,30,2022.11.30 16:00:00,2022-11-30,2022.11.30 22:00:00,CLOSE,7.1996,4.779000000000014,0.6637868770487269,0,MIXED,0.0070855226094569835,0.002178838718920159,0.5918080099974584,-0.09523809523809523
P1_2022H2_2023,Cross,US100_BOOK,70,2022.12.01 17:00:00,2022-12-01,2022.12.01 21:00:00,CLOSE,7.4642,-0.8730000000000109,-0.11695828086064292,0,RISK_OFF,0.005594293988095244,-0.01233467554295723,-0.12566205306866526,-0.006993006993006993
P1_2022H2_2023,Cross,US100_BOOK,71,2022.12.02 17:00:00,2022-12-02,2022.12.02 21:00:00,CLOSE,7.4293,0.595,0.0800882990322103,0,MIXED,-0.0006325075806620836,-0.009330726636388134,0.07138452682418796,-0.006993006993006993
P1_2022H2_2023,Return,US30_BOOK,31,2022.12.02 16:00:00,2022-12-02,2022.12.02 22:00:00,CLOSE,7.4293,4.019000000000014,0.5409661744713519,0,MIXED,-0.0006325075806620836,-0.009330726636388134,0.46898730742008343,-0.09523809523809523
P1_2022H2_2023,Cross,US100_BOOK,72,2022.12.05 17:00:00,2022-12-05,2022.12.05 21:00:00,CLOSE,7.6138,-1.4885000000000037,-0.19550027581496804,0,RISK_ON,-5.0088350294964936e-05,0.005591288027156668,-0.2042040480229904,-0.006993006993006993
P1_2022H2_2023,Return,US30_BOOK,32,2022.12.05 16:00:00,2022-12-05,2022.12.05 22:00:00,CLOSE,7.6138,-2.860999999999985,-0.3757650581838221,0,RISK_ON,-5.0088350294964936e-05,0.005591288027156668,-0.44774392523509055,-0.09523809523809523
P1_2022H2_2023,Cross,US100_BOOK,73,2022.12.06 17:00:00,2022-12-06,2022.12.06 21:00:00,CLOSE,7.4399,0.875,0.11760910764929637,0,MIXED,0.0014068871980130403,0.0007460830985225052,0.10890533544127402,-0.006993006993006993
P1_2022H2_2023,Passive,US100_BOOK,52,2022.12.07 14:10:07,2022-12-07,2022.12.07 16:30:00,CLOSE,7.4749,0.16499999999999998,0.022073873897978567,0,MIXED,0.0009708848232135178,0.005085139506716877,0.015420959802713073,-0.009389671361502348
P1_2022H2_2023,Cross,US100_BOOK,74,2022.12.07 17:00:00,2022-12-07,2022.12.07 21:00:00,CLOSE,7.4815,-0.385,-0.051460268662701335,0,MIXED,0.0009708848232135178,0.005085139506716877,-0.060164040870723676,-0.006993006993006993
P1_2022H2_2023,Passive,US100_BOOK,53,2022.12.09 16:32:05,2022-12-09,2022.12.09 18:45:00,CLOSE,7.4661,1.2550000000000001,0.16809311420956055,0,RISK_OFF,0.001563198174503422,-0.003144875679106616,0.16144020011429505,-0.009389671361502348
P1_2022H2_2023,Return,US30_BOOK,33,2022.12.09 16:00:00,2022-12-09,2022.12.09 22:00:00,CLOSE,7.4661,-0.24099999999998545,-0.03227923547769056,0,RISK_OFF,0.001563198174503422,-0.003144875679106616,-0.10425810252895899,-0.09523809523809523
P1_2022H2_2023,RC16,US30_BOOK,16,2022.12.12 13:30:00,2022-12-12,2022.12.12 17:30:00,CLOSE,7.5066,1.1890000000000145,0.15839394666027423,0,RISK_ON,-0.002663532926897064,0.0004172293833927527,0.08178312815310657,-0.02631578947368421
P1_2022H2_2023,Cross,US100_BOOK,75,2022.12.12 17:00:00,2022-12-12,2022.12.12 21:00:00,CLOSE,7.5066,-0.115,-0.015319851863693284,0,RISK_ON,-0.002663532926897064,0.0004172293833927527,-0.024023624071715627,-0.006993006993006993
P1_2022H2_2023,Passive,US100_BOOK,54,2022.12.13 13:00:02,2022-12-13,2022.12.13 15:30:14,EXTERNAL_CLOSE,7.5496,-4.13050000000001,-0.5471150789445812,1,MIXED,0.001777937780633574,0.00020340411382291002,-0.5537679930398467,0.9906103286384976
P1_2022H2_2023,Passive,US100_BOOK,55,2022.12.13 15:45:05,2022-12-13,2022.12.13 18:30:00,CLOSE,7.3844,1.8150000000000002,0.24578841882888253,0,MIXED,0.001777937780633574,0.00020340411382291002,0.23913550473361703,-0.009389671361502348
P1_2022H2_2023,Pressure,US30_BOOK,10,2022.12.13 15:00:00,2022-12-13,2022.12.13 19:00:00,CLOSE,7.5496,-1.1609999999999856,-0.15378298187983278,0,MIXED,0.001777937780633574,0.00020340411382291002,-0.182292754672732,-0.05714285714285714
P1_2022H2_2023,Passive,US100_BOOK,56,2022.12.15 12:21:20,2022-12-15,2022.12.15 13:30:00,CLOSE,7.4105,0.15500000000000003,0.02091626745833615,0,RISK_ON,-0.0167909917551282,0.0081392421157735,0.014263353363070655,-0.009389671361502348
P1_2022H2_2023,Pressure,US30_BOOK,11,2022.12.15 15:00:00,2022-12-15,2022.12.15 19:00:00,CLOSE,7.4167,6.019000000000014,0.8115469143958923,0,RISK_ON,-0.0167909917551282,0.0081392421157735,0.7830371416029931,-0.05714285714285714
P1_2022H2_2023,Cross,US100_BOOK,76,2022.12.15 17:00:00,2022-12-15,2022.12.15 21:00:00,CLOSE,7.4167,1.3750000000000002,0.1853924252025834,0,RISK_ON,-0.0167909917551282,0.0081392421157735,0.17668865299456105,-0.006993006993006993
P1_2022H2_2023,Passive,US100_BOOK,57,2022.12.16 12:18:45,2022-12-16,2022.12.16 13:30:00,CLOSE,7.7125,0.365,0.0473257698541329,0,RISK_OFF,0.0008889789706152325,-0.0039287635657343075,0.04067285575886741,-0.009389671361502348
P1_2022H2_2023,Passive,US100_BOOK,58,2022.12.16 14:45:51,2022-12-16,2022.12.16 16:15:00,CLOSE,7.7271,0.15500000000000003,0.020059271913136886,0,RISK_OFF,0.0008889789706152325,-0.0039287635657343075,0.013406357817871391,-0.009389671361502348
P1_2022H2_2023,RC16,US30_BOOK,17,2022.12.19 13:30:00,2022-12-19,2022.12.19 17:30:00,CLOSE,7.7333,0.20900000000001456,0.027025978560254297,0,MIXED,0.0016333178092194796,0.001691152003768804,-0.04958483994691337,-0.02631578947368421
P1_2022H2_2023,RC4,US30_BOOK,12,2022.12.19 13:00:00,2022-12-19,2022.12.19 19:00:00,CLOSE,7.7333,-1.8609999999999853,-0.24064758899822655,0,MIXED,0.0016333178092194796,0.001691152003768804,-0.3441139841014909,-0.1509433962264151
P1_2022H2_2023,Cross,US100_BOOK,77,2022.12.19 17:00:00,2022-12-19,2022.12.19 21:00:00,CLOSE,7.7333,0.735,0.09504351311859102,0,MIXED,0.0016333178092194796,0.001691152003768804,0.08633974091056867,-0.006993006993006993
P1_2022H2_2023,Passive,US100_BOOK,59,2022.12.20 13:03:13,2022-12-20,2022.12.20 14:00:00,CLOSE,7.6966,0.065,0.008445287529558506,0,RISK_OFF,0.011016697503560472,-0.03593049468151328,0.0017923734342930112,-0.009389671361502348
P1_2022H2_2023,RC4,US30_BOOK,13,2022.12.20 13:00:00,2022-12-20,2022.12.20 17:21:38,EXTERNAL_CLOSE,7.6966,-1.0109999999999855,-0.13135670295974658,1,RISK_OFF,0.011016697503560472,-0.03593049468151328,-0.23482309806301094,0.8490566037735849
P1_2022H2_2023,Cross,US100_BOOK,78,2022.12.20 17:00:00,2022-12-20,2022.12.20 21:00:00,CLOSE,7.6992,0.125,0.016235453034081464,0,RISK_OFF,0.011016697503560472,-0.03593049468151328,0.007531680826059121,-0.006993006993006993
P1_2022H2_2023,RC16,US30_BOOK,18,2022.12.21 13:30:00,2022-12-21,2022.12.21 17:30:00,CLOSE,7.6638,2.039000000000015,0.2660560035491551,0,RISK_ON,-0.0026603157945030136,0.0013909106625303494,0.18944518504198743,-0.02631578947368421
P1_2022H2_2023,RC4,US30_BOOK,14,2022.12.21 13:00:00,2022-12-21,2022.12.21 19:00:00,CLOSE,7.6638,-2.820999999999985,-0.3680941569456386,0,RISK_ON,-0.0026603157945030136,0.0013909106625303494,-0.4715605520489029,-0.1509433962264151
P1_2022H2_2023,Cross,US100_BOOK,79,2022.12.21 17:00:00,2022-12-21,2022.12.21 21:00:00,CLOSE,7.6638,1.175,0.1533181972389676,0,RISK_ON,-0.0026603157945030136,0.0013909106625303494,0.14461442503094527,-0.006993006993006993
P1_2022H2_2023,Passive,US100_BOOK,60,2022.12.22 13:17:29,2022-12-22,2022.12.22 17:15:00,CLOSE,7.6795,-2.7150000000000003,-0.3535386418386614,0,RISK_OFF,0.0016524923339150727,-0.003532142734159234,-0.3601915559339269,-0.009389671361502348
P1_2022H2_2023,Return,US30_BOOK,34,2022.12.22 16:00:00,2022-12-22,2022.12.22 19:24:25,EXTERNAL_CLOSE,7.6795,-3.880999999999985,-0.505371443453348,1,RISK_OFF,0.0016524923339150727,-0.003532142734159234,-0.5773503105046164,0.9047619047619048
P1_2022H2_2023,Cross,US100_BOOK,80,2022.12.22 17:00:00,2022-12-22,2022.12.22 21:00:00,CLOSE,7.6795,2.175,0.28322156390389996,0,RISK_OFF,0.0016524923339150727,-0.003532142734159234,0.27451779169587764,-0.006993006993006993
P1_2022H2_2023,RC16,US30_BOOK,19,2022.12.23 13:30:00,2022-12-23,2022.12.23 17:30:00,CLOSE,7.5026,-0.5609999999999855,-0.07477407831951396,0,MIXED,0.0031685510492670617,0.0014416021637484074,-0.15138489682668163,-0.02631578947368421
P1_2022H2_2023,Cross,US100_BOOK,81,2022.12.23 17:00:00,2022-12-23,2022.12.23 21:00:00,CLOSE,7.5026,-1.0510000000000037,-0.1400847706128547,0,MIXED,0.0031685510492670617,0.0014416021637484074,-0.14878854282087706,-0.006993006993006993
P1_2022H2_2023,RC16,US30_BOOK,20,2022.12.27 13:30:00,2022-12-27,2022.12.27 17:30:00,CLOSE,7.4382,-1.2309999999999854,-0.16549702885106415,0,MIXED,0.0045888673220073,0.002729581542483908,-0.24210784735823182,-0.02631578947368421
P1_2022H2_2023,Passive,US100_BOOK,61,2022.12.27 15:47:31,2022-12-27,2022.12.27 19:45:00,CLOSE,7.4382,-0.965,-0.12973568874189992,0,MIXED,0.0045888673220073,0.002729581542483908,-0.13638860283716542,-0.009389671361502348
P1_2022H2_2023,Return,US30_BOOK,35,2022.12.27 16:00:00,2022-12-27,2022.12.27 22:00:00,CLOSE,7.4382,-0.050999999999985446,-0.006856497539725397,0,MIXED,0.0045888673220073,0.002729581542483908,-0.07883536459099383,-0.09523809523809523
P1_2022H2_2023,Cross,US100_BOOK,82,2022.12.28 17:00:00,2022-12-28,2022.12.28 21:00:00,CLOSE,7.3483,-1.2449999999999999,-0.16942694228597088,0,RISK_ON,-0.00763140700300335,0.005484057272516825,-0.17813071449399323,-0.006993006993006993
P1_2022H2_2023,RC4,US30_BOOK,15,2022.12.29 13:00:00,2022-12-29,2022.12.29 19:00:00,CLOSE,7.2985,3.2090000000000147,0.43967938617524355,0,RISK_OFF,0.0024189966598696694,-0.006237755539720703,0.3362129910719792,-0.1509433962264151
P1_2022H2_2023,Passive,US100_BOOK,62,2022.12.29 15:58:44,2022-12-29,2022.12.29 19:45:00,CLOSE,7.2985,-1.275,-0.17469343015688155,0,RISK_OFF,0.0024189966598696694,-0.006237755539720703,-0.18134634425214705,-0.009389671361502348
P1_2022H2_2023,Cross,US100_BOOK,83,2022.12.29 17:00:00,2022-12-29,2022.12.29 21:00:00,CLOSE,7.2985,0.8049999999999999,0.11029663629512913,0,RISK_OFF,0.0024189966598696694,-0.006237755539720703,0.10159286408710679,-0.006993006993006993
P1_2022H2_2023,Passive,US100_BOOK,63,2022.12.30 15:00:37,2022-12-30,2022.12.30 17:45:00,CLOSE,7.408,0.035,0.004724622030237581,0,RISK_OFF,0.00015979590240155134,-0.006390569472326855,-0.0019282920650279135,-0.009389671361502348
P1_2022H2_2023,Cross,US100_BOOK,84,2022.12.30 17:00:00,2022-12-30,2022.12.30 21:00:00,CLOSE,7.408,-0.105,-0.014173866090712741,0,RISK_OFF,0.00015979590240155134,-0.006390569472326855,-0.022877638298735084,-0.006993006993006993
P1_2022H2_2023,Passive,US100_BOOK,64,2023.01.03 12:15:48,2023-01-03,2023.01.03 13:45:00,CLOSE,7.4052,0.725,0.0979041754442824,0,RISK_OFF,0.007346833694298243,-0.002924941404300975,0.0912512613490169,-0.009389671361502348
P1_2022H2_2023,Passive,US100_BOOK,65,2023.01.03 15:09:12,2023-01-03,2023.01.03 16:15:00,CLOSE,7.4342,0.655,0.08810631944257621,0,RISK_OFF,0.007346833694298243,-0.002924941404300975,0.08145340534731071,-0.009389671361502348
P1_2022H2_2023,Return,US30_BOOK,36,2023.01.03 16:00:00,2023-01-03,2023.01.03 18:32:07,EXTERNAL_CLOSE,7.4342,-3.740999999999985,-0.5032148718086661,1,RISK_OFF,0.007346833694298243,-0.002924941404300975,-0.5751937388599345,0.9047619047619048
P1_2022H2_2023,Cross,US100_BOOK,85,2023.01.03 17:00:00,2023-01-03,2023.01.03 21:00:00,CLOSE,7.4604,0.765,0.10254141869068682,0,RISK_OFF,0.007346833694298243,-0.002924941404300975,0.09383764648266447,-0.006993006993006993
P1_2022H2_2023,RC4,US30_BOOK,16,2023.01.04 13:00:00,2023-01-04,2023.01.04 17:02:10,EXTERNAL_CLOSE,7.3414,-0.9409999999999855,-0.128177186912576,1,RISK_OFF,0.011590571965990873,-0.004467981849049951,-0.23164358201584034,0.8490566037735849
P1_2022H2_2023,RC16,US30_BOOK,21,2023.01.04 13:30:00,2023-01-04,2023.01.04 17:30:00,CLOSE,7.3414,-0.9909999999999854,-0.1349878769716928,0,RISK_OFF,0.011590571965990873,-0.004467981849049951,-0.21159869547886045,-0.02631578947368421
P1_2022H2_2023,Cross,US100_BOOK,86,2023.01.04 17:00:00,2023-01-04,2023.01.04 21:00:00,CLOSE,7.3414,-0.5160000000000037,-0.07028632141008577,0,RISK_OFF,0.011590571965990873,-0.004467981849049951,-0.07899009361810812,-0.006993006993006993
P1_2022H2_2023,RC16,US30_BOOK,22,2023.01.05 13:30:00,2023-01-05,2023.01.05 16:38:28,EXTERNAL_CLOSE,7.2435,-3.670999999999985,-0.5067991992821129,1,MIXED,-0.0033376750453056273,-0.0003847532157383886,-0.5834100177892806,0.9736842105263158
P1_2022H2_2023,Cross,US100_BOOK,87,2023.01.05 17:00:00,2023-01-05,2023.01.05 21:00:00,CLOSE,7.0966,-0.095,-0.013386692218809008,0,MIXED,-0.0033376750453056273,-0.0003847532157383886,-0.022090464426831352,-0.006993006993006993
P1_2022H2_2023,Return,US30_BOOK,37,2023.01.05 16:00:00,2023-01-05,2023.01.05 22:00:00,CLOSE,7.2435,-0.8009999999999855,-0.11058190101470083,0,MIXED,-0.0033376750453056273,-0.0003847532157383886,-0.18256076806596927,-0.09523809523809523
P1_2022H2_2023,Passive,US100_BOOK,66,2023.01.06 15:45:01,2023-01-06,2023.01.06 16:45:00,CLOSE,7.0608,0.885,0.12533990482664853,0,MIXED,0.0020179110022592204,0.00747556756665724,0.11868699073138303,-0.009389671361502348
P1_2022H2_2023,Cross,US100_BOOK,88,2023.01.06 17:00:00,2023-01-06,2023.01.06 21:00:00,CLOSE,7.0962,-2.515,-0.3544150390349765,0,MIXED,0.0020179110022592204,0.00747556756665724,-0.36311881124299883,-0.006993006993006993
P1_2022H2_2023,RC16,US30_BOOK,23,2023.01.09 13:30:00,2023-01-09,2023.01.09 17:30:00,CLOSE,6.9956,0.27900000000001457,0.03988221167591266,0,MIXED,0.003180842797921687,0.003721891565624215,-0.036728606831255006,-0.02631578947368421
P1_2022H2_2023,Cross,US100_BOOK,89,2023.01.09 17:00:00,2023-01-09,2023.01.09 21:00:00,CLOSE,6.9956,-0.315,-0.045028303505060326,0,MIXED,0.003180842797921687,0.003721891565624215,-0.053732075713082667,-0.006993006993006993
P1_2022H2_2023,Passive,US100_BOOK,67,2023.01.10 14:32:56,2023-01-10,2023.01.10 16:15:00,CLOSE,6.9942,0.625,0.08935975522575848,0,MIXED,0.0030737729119052304,0.0008880017888174501,0.08270684113049298,-0.009389671361502348
P1_2022H2_2023,Cross,US100_BOOK,90,2023.01.10 17:00:00,2023-01-10,2023.01.10 21:00:00,CLOSE,7.0192,0.315,0.04487690904946433,0,MIXED,0.0030737729119052304,0.0008880017888174501,0.03617313684144199,-0.006993006993006993
P1_2022H2_2023,RC16,US30_BOOK,24,2023.01.11 13:30:00,2023-01-11,2023.01.11 17:30:00,CLOSE,7.0318,0.3190000000000146,0.04536534031115996,0,MIXED,0.004115363429601,0.001911620283151167,-0.031245478196007703,-0.02631578947368421
P1_2022H2_2023,Cross,US100_BOOK,91,2023.01.11 17:00:00,2023-01-11,2023.01.11 21:00:00,CLOSE,7.0318,0.695,0.09883671321709946,0,MIXED,0.004115363429601,0.001911620283151167,0.09013294100907711,-0.006993006993006993
P1_2022H2_2023,Passive,US100_BOOK,68,2023.01.12 15:18:14,2023-01-12,2023.01.12 15:30:00,CLOSE,7.0723,0.6020000000000072,0.08512082349447947,0,RISK_OFF,0.004718282088625528,-0.010430253137497066,0.07846790939921397,-0.009389671361502348
P1_2022H2_2023,Passive,US100_BOOK,69,2023.01.12 16:00:00,2023-01-12,2023.01.12 16:45:00,CLOSE,7.0964,1.885,0.26562764218476975,0,RISK_OFF,0.004718282088625528,-0.010430253137497066,0.2589747280895043,-0.009389671361502348
P1_2022H2_2023,RC16,US30_BOOK,25,2023.01.12 13:30:00,2023-01-12,2023.01.12 17:30:00,CLOSE,7.0723,0.6590000000000146,0.09318043635027,0,RISK_OFF,0.004718282088625528,-0.010430253137497066,0.016569617843102333,-0.02631578947368421
P1_2022H2_2023,RC4,US30_BOOK,17,2023.01.12 13:00:00,2023-01-12,2023.01.12 19:00:00,CLOSE,7.0723,1.5390000000000146,0.21760954710631825,0,RISK_OFF,0.004718282088625528,-0.010430253137497066,0.1141431520030539,-0.1509433962264151
P1_2022H2_2023,Cross,US100_BOOK,92,2023.01.12 17:00:00,2023-01-12,2023.01.12 21:00:00,CLOSE,7.1718,-2.095,-0.2921163445717951,0,RISK_OFF,0.004718282088625528,-0.010430253137497066,-0.3008201167798174,-0.006993006993006993
P1_2022H2_2023,Passive,US100_BOOK,70,2023.01.13 15:04:22,2023-01-13,2023.01.13 17:00:00,CLOSE,7.1759,0.3564999999999964,0.04968017948968023,0,RISK_OFF,0.004426031829037789,-0.005021645494397258,0.04302726539441474,-0.009389671361502348
P1_2022H2_2023,Pressure,US30_BOOK,12,2023.01.13 15:00:00,2023-01-13,2023.01.13 19:00:00,CLOSE,7.1759,-2.5509999999999855,-0.355495477919144,0,RISK_OFF,0.004426031829037789,-0.005021645494397258,-0.3840052507120432,-0.05714285714285714
P1_2022H2_2023,Return,US30_BOOK,38,2023.01.13 16:00:00,2023-01-13,2023.01.13 22:00:00,CLOSE,7.1759,3.039000000000015,0.4235008849064249,0,RISK_OFF,0.004426031829037789,-0.005021645494397258,0.35152201785515647,-0.09523809523809523
P1_2022H2_2023,Passive,US100_BOOK,71,2023.01.16 14:48:06,2023-01-16,2023.01.16 18:45:00,CLOSE,7.2097,-0.065,-0.009015631718379406,0,RISK_ON,-0.001511227664799607,0.004888610549579379,-0.0156685458136449,-0.009389671361502348
P1_2022H2_2023,Cross,US100_BOOK,93,2023.01.17 17:00:00,2023-01-17,2023.01.17 21:00:00,CLOSE,7.2071,0.245,0.03399425566455301,0,RISK_ON,-0.004693775640323752,0.0022466591381076224,0.02529048345653067,-0.006993006993006993
P1_2022H2_2023,Return,US30_BOOK,39,2023.01.17 16:00:00,2023-01-17,2023.01.17 22:00:00,CLOSE,7.2071,-2.2909999999999853,-0.3178809784795529,0,RISK_ON,-0.004693775640323752,0.0022466591381076224,-0.3898598455308213,-0.09523809523809523
P1_2022H2_2023,Cross,US100_BOOK,94,2023.01.18 17:00:00,2023-01-18,2023.01.18 21:00:00,CLOSE,7.1253,-2.005,-0.2813916607020055,0,MIXED,0.0034371036638804965,0.010723213386131258,-0.2900954329100278,-0.006993006993006993
P1_2022H2_2023,Passive,US100_BOOK,72,2023.01.19 13:18:38,2023-01-19,2023.01.19 16:30:00,CLOSE,7.0451,0.105,0.014903975812976394,0,RISK_OFF,0.0028621772071175415,-0.003966592535728387,0.0082510617177109,-0.009389671361502348
P1_2022H2_2023,Pressure,US30_BOOK,13,2023.01.19 15:00:00,2023-01-19,2023.01.19 19:00:00,CLOSE,7.0451,-0.12099999999998545,-0.017175057841618352,0,RISK_OFF,0.0028621772071175415,-0.003966592535728387,-0.04568483063451759,-0.05714285714285714
P1_2022H2_2023,Return,US30_BOOK,40,2023.01.19 16:00:00,2023-01-19,2023.01.19 22:00:00,CLOSE,7.0451,1.2990000000000146,0.18438347220053863,0,RISK_OFF,0.0028621772071175415,-0.003966592535728387,0.1124046051492702,-0.09523809523809523
P1_2022H2_2023,Passive,US100_BOOK,73,2023.01.20 14:47:02,2023-01-20,2023.01.20 16:00:00,CLOSE,7.0964,0.295,0.04157037371061383,0,RISK_ON,-0.0014605877058570728,0.00828380484537499,0.03491745961534834,-0.009389671361502348
P1_2022H2_2023,Cross,US100_BOOK,95,2023.01.20 17:00:00,2023-01-20,2023.01.20 21:00:00,CLOSE,7.1082,1.485,0.20891364902506965,0,RISK_ON,-0.0014605877058570728,0.00828380484537499,0.2002098768170473,-0.006993006993006993
P1_2022H2_2023,RC16,US30_BOOK,26,2023.01.23 13:30:00,2023-01-23,2023.01.23 17:30:00,CLOSE,7.1676,1.9590000000000145,0.2733132429265046,0,RISK_ON,-0.0005294823136455482,0.0032866595955375784,0.19670242441933694,-0.02631578947368421
P1_2022H2_2023,RC4,US30_BOOK,18,2023.01.23 13:00:00,2023-01-23,2023.01.23 18:07:12,EXTERNAL_CLOSE,7.1676,-3.610999999999985,-0.5037948546235819,1,RISK_ON,-0.0005294823136455482,0.0032866595955375784,-0.6072612497268463,0.8490566037735849
P1_2022H2_2023,Passive,US100_BOOK,74,2023.01.23 15:15:17,2023-01-23,2023.01.23 19:15:00,CLOSE,7.1676,-2.045,-0.28531168033930465,0,RISK_ON,-0.0005294823136455482,0.0032866595955375784,-0.2919645944345701,-0.009389671361502348
P1_2022H2_2023,Passive,US100_BOOK,75,2023.01.24 15:53:26,2023-01-24,2023.01.24 16:45:00,CLOSE,7.0197,0.46499999999999997,0.06624214710030342,0,RISK_OFF,0.002730927884672665,-0.004118877850443238,0.05958923300503793,-0.009389671361502348
P1_2022H2_2023,Cross,US100_BOOK,96,2023.01.24 17:00:00,2023-01-24,2023.01.24 21:00:00,CLOSE,7.0383,0.305,0.04333432789167839,0,RISK_OFF,0.002730927884672665,-0.004118877850443238,0.03463055568365605,-0.006993006993006993
P1_2022H2_2023,Return,US30_BOOK,41,2023.01.24 16:00:00,2023-01-24,2023.01.24 22:00:00,CLOSE,7.0197,2.9190000000000147,0.41582973631351977,0,RISK_OFF,0.002730927884672665,-0.004118877850443238,0.34385086926225134,-0.09523809523809523
P1_2022H2_2023,Passive,US100_BOOK,76,2023.01.25 12:16:04,2023-01-25,2023.01.25 15:15:00,CLOSE,7.1673,-0.075,-0.010464191536561885,0,MIXED,-0.0049051918392409195,-0.002323167320490429,-0.01711710563182738,-0.009389671361502348
P1_2022H2_2023,Cross,US100_BOOK,97,2023.01.25 17:00:00,2023-01-25,2023.01.25 21:00:00,CLOSE,7.1643,-2.005,-0.279859860698184,0,MIXED,-0.0049051918392409195,-0.002323167320490429,-0.28856363290620635,-0.006993006993006993
P1_2022H2_2023,Return,US30_BOOK,42,2023.01.25 16:00:00,2023-01-25,2023.01.25 22:00:00,CLOSE,7.1643,2.4790000000000147,0.3460212442248391,0,MIXED,-0.0049051918392409195,-0.002323167320490429,0.27404237717357066,-0.09523809523809523
P1_2022H2_2023,Passive,US100_BOOK,77,2023.01.26 15:02:28,2023-01-26,2023.01.26 17:45:00,CLOSE,7.1832,0.175,0.024362401158258155,0,RISK_ON,-0.005273279740166977,0.002851266120556716,0.017709487062992663,-0.009389671361502348
P1_2022H2_2023,Cross,US100_BOOK,98,2023.01.26 17:00:00,2023-01-26,2023.01.26 21:00:00,CLOSE,7.1832,0.46200000000000724,0.06431673905780254,0,RISK_ON,-0.005273279740166977,0.002851266120556716,0.0556129668497802,-0.006993006993006993
P1_2022H2_2023,RC16,US30_BOOK,27,2023.01.27 13:30:00,2023-01-27,2023.01.27 17:30:00,CLOSE,7.2087,0.5790000000000145,0.08031961379999368,0,MIXED,-0.0018833325497097657,-0.002722638794321371,0.0037087952928260143,-0.02631578947368421
P1_2022H2_2023,RC4,US30_BOOK,19,2023.01.27 13:00:00,2023-01-27,2023.01.27 19:00:00,CLOSE,7.2087,0.5990000000000145,0.08309403914714365,0,MIXED,-0.0018833325497097657,-0.002722638794321371,-0.02037235595612069,-0.1509433962264151
P1_2022H2_2023,Cross,US100_BOOK,99,2023.01.27 17:00:00,2023-01-27,2023.01.27 21:00:00,CLOSE,7.2087,1.2170000000000072,0.16882378237407675,0,MIXED,-0.0018833325497097657,-0.002722638794321371,0.1601200101660544,-0.006993006993006993
P1_2022H2_2023,Passive,US100_BOOK,78,2023.01.30 12:17:39,2023-01-30,2023.01.30 14:30:00,CLOSE,7.3045,0.115,0.01574371962488877,0,RISK_ON,-0.0023509213408956396,0.0024652755488615286,0.009090805529623274,-0.009389671361502348
P1_2022H2_2023,Cross,US100_BOOK,100,2023.01.30 17:00:00,2023-01-30,2023.01.30 21:00:00,CLOSE,7.3091,0.9249999999999999,0.1265545689619789,0,RISK_ON,-0.0023509213408956396,0.0024652755488615286,0.11785079675395654,-0.006993006993006993
P1_2022H2_2023,Passive,US100_BOOK,79,2023.01.31 12:57:18,2023-01-31,2023.01.31 14:00:00,CLOSE,7.3461,0.235,0.03198976327575176,0,RISK_ON,-0.00984230589643746,0.0008823789507480513,0.025336849180486266,-0.009389671361502348
P1_2022H2_2023,Passive,US100_BOOK,80,2023.01.31 15:45:43,2023-01-31,2023.01.31 19:45:00,CLOSE,7.3555,-0.985,-0.13391339813744815,0,RISK_ON,-0.00984230589643746,0.0008823789507480513,-0.14056631223271365,-0.009389671361502348
P1_2022H2_2023,Cross,US100_BOOK,101,2023.01.31 17:00:00,2023-01-31,2023.01.31 21:00:00,CLOSE,7.3555,0.9369999999999891,0.1273876690911548,0,RISK_ON,-0.00984230589643746,0.0008823789507480513,0.11868389688313244,-0.006993006993006993
P1_2022H2_2023,RC4,US30_BOOK,20,2023.02.01 13:00:00,2023-02-01,2023.02.01 19:00:00,CLOSE,7.3536,1.6590000000000147,0.22560378590078528,0,MIXED,-0.00163498381974061,-0.001154352421112488,0.12213739079752094,-0.1509433962264151
P1_2022H2_2023,Cross,US100_BOOK,102,2023.02.01 17:00:00,2023-02-01,2023.02.01 21:00:00,CLOSE,7.3536,0.003999999999996368,0.0005439512619664338,0,MIXED,-0.00163498381974061,-0.001154352421112488,-0.008159820946055909,-0.006993006993006993
P1_2022H2_2023,Cross,US100_BOOK,103,2023.02.02 17:00:00,2023-02-02,2023.02.02 21:00:00,CLOSE,7.4201,2.515,0.3389442190806054,0,MIXED,0.0027742676482105924,3.1028678258390494e-05,0.3302404468725831,-0.006993006993006993
P1_2022H2_2023,RC4,US30_BOOK,21,2023.02.03 13:00:00,2023-02-03,2023.02.03 19:00:00,CLOSE,7.5207,0.9790000000000145,0.130174052947201,0,RISK_OFF,0.0005750912462314098,-0.0001322324336972505,0.026707657843936652,-0.1509433962264151
P1_2022H2_2023,Cross,US100_BOOK,104,2023.02.03 17:00:00,2023-02-03,2023.02.03 21:00:00,CLOSE,7.5207,-0.5385000000000036,-0.07160237743827086,0,RISK_OFF,0.0005750912462314098,-0.0001322324336972505,-0.0803061496462932,-0.006993006993006993
P1_2022H2_2023,Return,US30_BOOK,43,2023.02.03 16:00:00,2023-02-03,2023.02.03 22:00:00,CLOSE,7.5207,0.029000000000014556,0.003856024040317332,0,RISK_OFF,0.0005750912462314098,-0.0001322324336972505,-0.0681228430109511,-0.09523809523809523
P1_2022H2_2023,Passive,US100_BOOK,81,2023.02.06 13:30:00,2023-02-06,2023.02.06 14:15:00,CLOSE,7.5395,0.385,0.05106439419059619,0,RISK_OFF,0.004231706618474811,-0.0035182132007805294,0.0444114800953307,-0.009389671361502348
P1_2022H2_2023,Cross,US100_BOOK,105,2023.02.06 17:00:00,2023-02-06,2023.02.06 21:00:00,CLOSE,7.5549,-0.245,-0.03242928430555004,0,RISK_OFF,0.004231706618474811,-0.0035182132007805294,-0.04113305651357238,-0.006993006993006993
P1_2022H2_2023,RC4,US30_BOOK,22,2023.02.07 13:00:00,2023-02-07,2023.02.07 19:00:00,CLOSE,7.5451,0.4690000000000145,0.06215954725583684,0,RISK_OFF,0.0030794588239636575,-0.00605890547011905,-0.041306847847427504,-0.1509433962264151
P1_2022H2_2023,Return,US30_BOOK,44,2023.02.07 16:00:00,2023-02-07,2023.02.07 22:00:00,CLOSE,7.5451,2.4190000000000147,0.3206054260380929,0,RISK_OFF,0.0030794588239636575,-0.00605890547011905,0.24862655898682445,-0.09523809523809523
P1_2022H2_2023,RC4,US30_BOOK,23,2023.02.08 13:00:00,2023-02-08,2023.02.08 19:00:00,CLOSE,7.6606,1.2190000000000145,0.15912591702999956,0,RISK_OFF,0.006980979718287062,-0.0025376262366013876,0.05565952192673522,-0.1509433962264151
P1_2022H2_2023,Cross,US100_BOOK,106,2023.02.08 17:00:00,2023-02-08,2023.02.08 21:00:00,CLOSE,7.6606,1.2550000000000001,0.1638252878364619,0,RISK_OFF,0.006980979718287062,-0.0025376262366013876,0.15512151562843957,-0.006993006993006993
P1_2022H2_2023,Passive,US100_BOOK,82,2023.02.09 12:37:06,2023-02-09,2023.02.09 14:15:00,CLOSE,7.7596,0.135,0.017397804010516008,0,RISK_OFF,0.004124112178100076,-0.003532561573559739,0.010744889915250513,-0.009389671361502348
P1_2022H2_2023,Cross,US100_BOOK,107,2023.02.09 17:00:00,2023-02-09,2023.02.09 21:00:00,CLOSE,7.765,1.685,0.2169993560849968,0,RISK_OFF,0.004124112178100076,-0.003532561573559739,0.20829558387697444,-0.006993006993006993
P1_2022H2_2023,Passive,US100_BOOK,83,2023.02.10 12:16:20,2023-02-10,2023.02.10 15:15:00,CLOSE,7.8324,0.065,0.008298861140901895,0,RISK_OFF,0.0013044355335511658,-0.00446558588852452,0.001645947045636401,-0.009389671361502348
P1_2022H2_2023,Cross,US100_BOOK,108,2023.02.10 17:00:00,2023-02-10,2023.02.10 21:00:00,CLOSE,7.835,0.2239999999999964,0.02858966177409016,0,RISK_OFF,0.0013044355335511658,-0.00446558588852452,0.019885889566067814,-0.006993006993006993
P1_2022H2_2023,Passive,US100_BOOK,84,2023.02.13 12:32:59,2023-02-13,2023.02.13 16:00:00,CLOSE,7.8439,-0.085,-0.010836446155611369,0,RISK_ON,-0.004443341369163556,0.01115661749041053,-0.017489360250876863,-0.009389671361502348
P1_2022H2_2023,RC16,US30_BOOK,28,2023.02.13 13:30:00,2023-02-13,2023.02.13 17:30:00,CLOSE,7.8439,2.789000000000015,0.3555629215058855,0,RISK_ON,-0.004443341369163556,0.01115661749041053,0.2789521029987178,-0.02631578947368421
P1_2022H2_2023,Cross,US100_BOOK,109,2023.02.13 17:00:00,2023-02-13,2023.02.13 21:00:00,CLOSE,7.8405,0.965,0.12307888527517379,0,RISK_ON,-0.004443341369163556,0.01115661749041053,0.11437511306715144,-0.006993006993006993
P1_2022H2_2023,Passive,US100_BOOK,85,2023.02.14 14:22:42,2023-02-14,2023.02.14 15:30:00,CLOSE,7.9907,0.054499999999989085,0.006820428748418672,0,RISK_OFF,0.0047899255767214575,-0.002458853295389148,0.00016751465315317793,-0.009389671361502348
P1_2022H2_2023,Passive,US100_BOOK,86,2023.02.14 16:03:16,2023-02-14,2023.02.14 17:00:00,CLOSE,7.9929,0.705,0.08820328041136509,0,RISK_OFF,0.0047899255767214575,-0.002458853295389148,0.08155036631609959,-0.009389671361502348
P1_2022H2_2023,Cross,US100_BOOK,110,2023.02.14 17:00:00,2023-02-14,2023.02.14 21:00:00,CLOSE,8.0211,-0.075,-0.009350338482253057,0,RISK_OFF,0.0047899255767214575,-0.002458853295389148,-0.018054110690275398,-0.006993006993006993
P1_2022H2_2023,RC16,US30_BOOK,29,2023.02.15 13:30:01,2023-02-15,2023.02.15 17:30:00,CLOSE,8.0181,-0.7209999999999854,-0.08992155248749521,0,RISK_ON,-0.009919371914049731,0.00195905562646059,-0.1665323709946629,-0.02631578947368421
P1_2022H2_2023,RC4,US30_BOOK,24,2023.02.15 13:00:00,2023-02-15,2023.02.15 19:00:00,CLOSE,8.0181,0.019000000000014554,0.002369638692460128,0,RISK_ON,-0.009919371914049731,0.00195905562646059,-0.10109675641080422,-0.1509433962264151
P1_2022H2_2023,Return,US30_BOOK,45,2023.02.15 16:00:00,2023-02-15,2023.02.15 22:00:00,CLOSE,8.0181,0.5190000000000146,0.06472855165188941,0,RISK_ON,-0.009919371914049731,0.00195905562646059,-0.007250315399379023,-0.09523809523809523
P1_2022H2_2023,Passive,US100_BOOK,87,2023.02.16 14:17:23,2023-02-16,2023.02.16 18:15:00,CLOSE,8.0107,-0.535,-0.06678567416080992,0,MIXED,-0.00022335716810588054,-0.0017315892400347297,-0.07343858825607542,-0.009389671361502348
P1_2022H2_2023,Cross,US100_BOOK,111,2023.02.16 17:00:00,2023-02-16,2023.02.16 21:00:00,CLOSE,8.0107,0.965,0.12046387956108705,0,MIXED,-0.00022335716810588054,-0.0017315892400347297,0.1117601073530647,-0.006993006993006993
P1_2022H2_2023,Return,US30_BOOK,46,2023.02.16 16:00:00,2023-02-16,2023.02.16 22:00:00,CLOSE,8.0107,1.1490000000000145,0.14343315815097488,0,MIXED,-0.00022335716810588054,-0.0017315892400347297,0.07145429109970644,-0.09523809523809523
P1_2022H2_2023,Cross,US100_BOOK,112,2023.02.17 17:00:00,2023-02-17,2023.02.17 21:00:00,CLOSE,8.0739,0.175,0.021674779226891587,0,RISK_ON,-0.005750547620931531,0.006667882060235333,0.012971007018869244,-0.006993006993006993
P1_2022H2_2023,Passive,US100_BOOK,88,2023.02.21 12:15:10,2023-02-21,2023.02.21 13:45:00,CLOSE,8.0809,0.005000000000000001,0.0006187429617988097,0,RISK_ON,-0.0033667593188193576,0.003207671385527438,-0.006034171133466685,-0.009389671361502348
P1_2022H2_2023,Passive,US100_BOOK,89,2023.02.21 15:44:42,2023-02-21,2023.02.21 16:45:00,CLOSE,8.0811,0.27499999999999997,0.03403002066550346,0,RISK_ON,-0.0033667593188193576,0.003207671385527438,0.027377106570237966,-0.009389671361502348
P1_2022H2_2023,Pressure,US30_BOOK,14,2023.02.21 15:00:00,2023-02-21,2023.02.21 19:00:00,CLOSE,8.0811,2.679000000000015,0.3315142740468519,0,RISK_ON,-0.0033667593188193576,0.003207671385527438,0.3030045012539527,-0.05714285714285714
P1_2022H2_2023,Cross,US100_BOOK,113,2023.02.21 17:00:00,2023-02-21,2023.02.21 21:00:00,CLOSE,8.0921,-0.9450000000000001,-0.11678056375971627,0,RISK_ON,-0.0033667593188193576,0.003207671385527438,-0.1254843359677386,-0.006993006993006993
P1_2022H2_2023,Return,US30_BOOK,47,2023.02.21 16:00:00,2023-02-21,2023.02.21 22:00:00,CLOSE,8.0811,-3.110999999999985,-0.38497234287411186,0,RISK_ON,-0.0033667593188193576,0.003207671385527438,-0.4569512099253803,-0.09523809523809523
P1_2022H2_2023,Passive,US100_BOOK,90,2023.02.22 14:58:50,2023-02-22,2023.02.22 17:15:00,CLOSE,8.037,0.875,0.10887146945377628,0,MIXED,-0.0004906263215855619,-0.0006744612903676531,0.10221855535851078,-0.009389671361502348
P1_2022H2_2023,Cross,US100_BOOK,114,2023.02.22 17:00:00,2023-02-22,2023.02.22 21:00:00,CLOSE,8.037,-0.34299999999999276,-0.0426776160258794,0,MIXED,-0.0004906263215855619,-0.0006744612903676531,-0.05138138823390174,-0.006993006993006993
P1_2022H2_2023,Cross,US100_BOOK,115,2023.02.23 17:00:00,2023-02-23,2023.02.23 21:00:00,CLOSE,8.0583,1.165,0.14457143566260877,0,RISK_OFF,0.00042172486090580466,-0.00034844885012289115,0.13586766345458642,-0.006993006993006993
P1_2022H2_2023,Passive,US100_BOOK,91,2023.02.24 13:47:48,2023-02-24,2023.02.24 17:45:00,CLOSE,8.1049,-1.3749999999999998,-0.16965045836469292,0,RISK_ON,-0.0002854351258277451,0.003454260472892074,-0.17630337245995842,-0.009389671361502348
P1_2022H2_2023,Pressure,US30_BOOK,15,2023.02.24 15:00:00,2023-02-24,2023.02.24 19:00:00,CLOSE,8.1049,1.5890000000000144,0.19605423879381784,0,RISK_ON,-0.0002854351258277451,0.003454260472892074,0.1675444660009186,-0.05714285714285714
P1_2022H2_2023,Return,US30_BOOK,48,2023.02.24 16:00:00,2023-02-24,2023.02.24 22:00:00,CLOSE,8.1049,0.7090000000000145,0.08747794544041437,0,RISK_ON,-0.0002854351258277451,0.003454260472892074,0.015499078389145937,-0.09523809523809523
P1_2022H2_2023,Passive,US100_BOOK,92,2023.02.27 15:45:12,2023-02-27,2023.02.27 18:45:00,CLOSE,8.1418,0.375,0.04605861111793461,0,RISK_ON,-0.001580241785317755,0.00017599307805996062,0.03940569702266912,-0.009389671361502348
P1_2022H2_2023,Passive,US100_BOOK,93,2023.02.28 13:04:27,2023-02-28,2023.02.28 15:45:00,CLOSE,8.1568,0.14500000000000002,0.017776579050608084,0,RISK_ON,-0.0038041936063900592,0.004588845302667296,0.01112366495534259,-0.009389671361502348
P1_2022H2_2023,Cross,US100_BOOK,116,2023.02.28 17:00:00,2023-02-28,2023.02.28 21:00:00,CLOSE,8.1626,0.6749999999999999,0.08269423958052581,0,RISK_ON,-0.0038041936063900592,0.004588845302667296,0.07399046737250346,-0.006993006993006993
P1_2022H2_2023,RC16,US30_BOOK,30,2023.03.01 13:30:00,2023-03-01,2023.03.01 17:30:00,CLOSE,8.1896,-1.2209999999999854,-0.14909153072188938,0,RISK_OFF,0.002771788593024473,-0.0017946723656613965,-0.22570234922905705,-0.02631578947368421
P1_2022H2_2023,Passive,US100_BOOK,94,2023.03.01 15:45:08,2023-03-01,2023.03.01 19:45:00,CLOSE,8.1896,-0.22499999999999998,-0.02747386929764579,0,RISK_OFF,0.002771788593024473,-0.0017946723656613965,-0.03412678339291129,-0.009389671361502348
P1_2022H2_2023,Return,US30_BOOK,49,2023.03.01 16:00:00,2023-03-01,2023.03.01 22:00:00,CLOSE,8.1896,0.03900000000001455,0.0047621373449270475,0,RISK_OFF,0.002771788593024473,-0.0017946723656613965,-0.06721672970634139,-0.09523809523809523
P1_2022H2_2023,RC16,US30_BOOK,31,2023.03.02 13:30:00,2023-03-02,2023.03.02 17:30:00,CLOSE,8.1333,0.7790000000000146,0.09577908106180942,0,RISK_ON,-0.0027419903956852998,0.0024800253376265832,0.019168262554641755,-0.02631578947368421
P1_2022H2_2023,Cross,US100_BOOK,117,2023.03.02 17:00:00,2023-03-02,2023.03.02 21:00:00,CLOSE,8.1333,0.975,0.11987754048172328,0,RISK_ON,-0.0027419903956852998,0.0024800253376265832,0.11117376827370093,-0.006993006993006993
P1_2022H2_2023,Passive,US100_BOOK,95,2023.03.03 12:17:01,2023-03-03,2023.03.03 15:00:00,CLOSE,8.2035,0.015,0.0018284878405558603,0,RISK_OFF,0.005318164598762657,-0.004397254408548221,-0.004824426254709634,-0.009389671361502348
P1_2022H2_2023,RC16,US30_BOOK,32,2023.03.03 13:30:00,2023-03-03,2023.03.03 17:30:00,CLOSE,8.2035,0.8090000000000145,0.09861644420064783,0,RISK_OFF,0.005318164598762657,-0.004397254408548221,0.022005625693480163,-0.02631578947368421
P1_2022H2_2023,RC4,US30_BOOK,25,2023.03.03 13:00:00,2023-03-03,2023.03.03 19:00:00,CLOSE,8.2035,1.8990000000000145,0.23148656061437367,0,RISK_OFF,0.005318164598762657,-0.004397254408548221,0.12802016551110934,-0.1509433962264151
P1_2022H2_2023,Passive,US100_BOOK,96,2023.03.03 16:00:26,2023-03-03,2023.03.03 20:00:00,CLOSE,8.2041,-1.265,-0.1541911970843846,0,RISK_OFF,0.005318164598762657,-0.004397254408548221,-0.1608441111796501,-0.009389671361502348
P1_2022H2_2023,RC4,US30_BOOK,26,2023.03.06 13:00:00,2023-03-06,2023.03.06 19:00:00,CLOSE,8.2618,1.0990000000000146,0.1330218596431788,0,RISK_ON,-0.001694604656073216,0.0012352397788438652,0.029555464539914464,-0.1509433962264151
P1_2022H2_2023,Passive,US100_BOOK,97,2023.03.06 16:30:43,2023-03-06,2023.03.06 20:15:00,CLOSE,8.2618,-0.16499999999999998,-0.019971434796291366,0,RISK_ON,-0.001694604656073216,0.0012352397788438652,-0.026624348891556862,-0.009389671361502348
P1_2022H2_2023,RC16,US30_BOOK,33,2023.03.09 13:30:00,2023-03-09,2023.03.09 17:30:00,CLOSE,8.2992,0.6890000000000145,0.08302005012531502,0,RISK_OFF,0.0018674964730939307,-0.00815399765112429,0.006409231618147354,-0.02631578947368421
P1_2022H2_2023,Passive,US100_BOOK,98,2023.03.09 15:45:03,2023-03-09,2023.03.09 19:15:00,CLOSE,8.2992,-0.465,-0.0560294968189705,0,RISK_OFF,0.0018674964730939307,-0.00815399765112429,-0.062682410914236,-0.009389671361502348
P1_2022H2_2023,Cross,US100_BOOK,118,2023.03.09 17:00:00,2023-03-09,2023.03.09 21:00:00,CLOSE,8.2992,-2.115,-0.25484384037015617,0,RISK_OFF,0.0018674964730939307,-0.00815399765112429,-0.2635476125781785,-0.006993006993006993
P1_2022H2_2023,Passive,US100_BOOK,99,2023.03.10 12:19:39,2023-03-10,2023.03.10 14:30:00,CLOSE,8.2235,-0.065,-0.007904177053566,0,MIXED,0.00025118082421074934,0.004903174159750059,-0.014557091148831495,-0.009389671361502348
P1_2022H2_2023,Passive,US100_BOOK,100,2023.03.10 15:45:02,2023-03-10,2023.03.10 16:30:00,CLOSE,8.2209,0.6290000000000145,0.07651230400564592,0,MIXED,0.00025118082421074934,0.004903174159750059,0.06985938991038042,-0.009389671361502348
P1_2022H2_2023,Cross,US100_BOOK,119,2023.03.10 17:00:00,2023-03-10,2023.03.10 21:00:00,CLOSE,8.2461,0.995,0.12066310134487818,0,MIXED,0.00025118082421074934,0.004903174159750059,0.11195932913685583,-0.006993006993006993
P1_2022H2_2023,Passive,US100_BOOK,101,2023.03.13 12:17:23,2023-03-13,2023.03.13 15:00:00,CLOSE,8.2859,-0.05299999999999272,-0.006396408356363548,0,RISK_OFF,0.006518286188035611,-0.005158531570107153,-0.013049322451629042,-0.009389671361502348
P1_2022H2_2023,Passive,US100_BOOK,102,2023.03.13 15:45:46,2023-03-13,2023.03.13 17:45:00,CLOSE,8.2838,1.1620000000000072,0.14027378739226048,0,RISK_OFF,0.006518286188035611,-0.005158531570107153,0.13362087329699499,-0.009389671361502348
P1_2022H2_2023,Pressure,US30_BOOK,16,2023.03.13 15:00:00,2023-03-13,2023.03.13 19:00:00,CLOSE,8.2838,-3.0009999999999852,-0.3622733528090955,0,RISK_OFF,0.006518286188035611,-0.005158531570107153,-0.39078312560199474,-0.05714285714285714
P1_2022H2_2023,Return,US30_BOOK,50,2023.03.13 16:00:00,2023-03-13,2023.03.13 22:00:00,CLOSE,8.2838,3.539000000000015,0.42721939206644477,0,RISK_OFF,0.006518286188035611,-0.005158531570107153,0.35524052501517633,-0.09523809523809523
P1_2022H2_2023,RC16,US30_BOOK,34,2023.03.14 13:30:00,2023-03-14,2023.03.14 17:30:00,CLOSE,8.3518,2.3390000000000146,0.2800593883953177,0,RISK_ON,-0.004976203114423544,0.006930076155693727,0.20344856988815002,-0.02631578947368421
P1_2022H2_2023,RC4,US30_BOOK,27,2023.03.14 13:00:00,2023-03-14,2023.03.14 19:00:00,CLOSE,8.3518,-2.630999999999985,-0.31502191144423775,0,RISK_ON,-0.004976203114423544,0.006930076155693727,-0.4184883065475021,-0.1509433962264151
P1_2022H2_2023,Cross,US100_BOOK,120,2023.03.14 17:00:00,2023-03-14,2023.03.14 21:00:00,CLOSE,8.3518,-0.20500000000000002,-0.02454560693503197,0,RISK_ON,-0.004976203114423544,0.006930076155693727,-0.033249379143054314,-0.006993006993006993
P1_2022H2_2023,Passive,US100_BOOK,103,2023.03.15 12:30:44,2023-03-15,2023.03.15 16:30:00,CLOSE,8.3319,-0.715,-0.08581476013874387,0,RISK_ON,-0.008551547042407804,0.0037198825750742416,-0.09246767423400937,-0.009389671361502348
P1_2022H2_2023,Pressure,US30_BOOK,17,2023.03.15 15:00:00,2023-03-15,2023.03.15 19:00:00,CLOSE,8.3319,0.7190000000000145,0.08629484271294838,0,RISK_ON,-0.008551547042407804,0.0037198825750742416,0.05778506992004914,-0.05714285714285714
P1_2022H2_2023,Return,US30_BOOK,51,2023.03.15 16:00:00,2023-03-15,2023.03.15 22:00:00,CLOSE,8.3319,2.789000000000015,0.33473757486287825,0,RISK_ON,-0.008551547042407804,0.0037198825750742416,0.2627587078116098,-0.09523809523809523
P1_2022H2_2023,Cross,US100_BOOK,121,2023.03.16 17:00:00,2023-03-16,2023.03.16 21:00:00,CLOSE,8.4436,2.395,0.2836467857312047,0,RISK_OFF,0.0003804768515312837,-0.0034478259916015776,0.2749430135231824,-0.006993006993006993
P1_2022H2_2023,Return,US30_BOOK,52,2023.03.16 16:00:00,2023-03-16,2023.03.16 22:00:00,CLOSE,8.4436,4.4290000000000145,0.5245392960348684,0,RISK_OFF,0.0003804768515312837,-0.0034478259916015776,0.45256042898359994,-0.09523809523809523
P1_2022H2_2023,RC4,US30_BOOK,28,2023.03.17 13:00:00,2023-03-17,2023.03.17 19:00:00,CLOSE,8.7166,4.489000000000014,0.5149943785420937,0,RISK_OFF,0.003865140663084438,-0.0034241861686161376,0.4115279834388294,-0.1509433962264151
P1_2022H2_2023,Cross,US100_BOOK,122,2023.03.17 17:00:00,2023-03-17,2023.03.17 21:00:00,CLOSE,8.7166,-0.9985000000000037,-0.11455154532730695,0,RISK_OFF,0.003865140663084438,-0.0034241861686161376,-0.1232553175353293,-0.006993006993006993
P1_2022H2_2023,Return,US30_BOOK,53,2023.03.17 16:00:00,2023-03-17,2023.03.17 22:00:00,CLOSE,8.7166,-1.5809999999999855,-0.18137806025284922,0,RISK_OFF,0.003865140663084438,-0.0034241861686161376,-0.25335692730411763,-0.09523809523809523
P1_2022H2_2023,Passive,US100_BOOK,104,2023.03.20 12:46:44,2023-03-20,2023.03.20 15:15:00,CLOSE,8.793,0.195,0.02217673149095872,0,RISK_OFF,0.005827727258266233,-0.0065187491908174555,0.015523817395693225,-0.009389671361502348
P1_2022H2_2023,Cross,US100_BOOK,123,2023.03.20 17:00:00,2023-03-20,2023.03.20 21:00:00,CLOSE,8.8008,-1.015,-0.115330424506863,0,RISK_OFF,0.005827727258266233,-0.0065187491908174555,-0.12403419671488534,-0.006993006993006993
P1_2022H2_2023,RC16,US30_BOOK,35,2023.03.21 13:30:00,2023-03-21,2023.03.21 17:30:00,CLOSE,8.7602,-0.08099999999998544,-0.00924636423825774,0,RISK_ON,-0.006326792777651187,0.006619021903643185,-0.0858571827454254,-0.02631578947368421
P1_2022H2_2023,Passive,US100_BOOK,105,2023.03.21 14:53:18,2023-03-21,2023.03.21 17:30:00,CLOSE,8.7602,0.305,0.03481655669961873,0,RISK_ON,-0.006326792777651187,0.006619021903643185,0.028163642604353237,-0.009389671361502348
P1_2022H2_2023,Pressure,US30_BOOK,18,2023.03.21 15:00:00,2023-03-21,2023.03.21 19:00:00,CLOSE,8.7602,-1.3009999999999855,-0.14851259103673267,0,RISK_ON,-0.006326792777651187,0.006619021903643185,-0.1770223638296319,-0.05714285714285714
P1_2022H2_2023,RC16,US30_BOOK,36,2023.03.22 13:30:00,2023-03-22,2023.03.22 17:30:00,CLOSE,8.7171,0.5690000000000145,0.0652740016748706,0,MIXED,0.0010665733352735573,0.0003774667496614391,-0.011336816832297064,-0.02631578947368421
P1_2022H2_2023,Cross,US100_BOOK,124,2023.03.22 17:00:00,2023-03-22,2023.03.22 21:00:00,CLOSE,8.7171,0.3514999999999963,0.04032304321391246,0,MIXED,0.0010665733352735573,0.0003774667496614391,0.03161927100589012,-0.006993006993006993
P1_2022H2_2023,Cross,US100_BOOK,125,2023.03.23 17:00:00,2023-03-23,2023.03.23 21:00:00,CLOSE,8.7539,-0.065,-0.007425261883274884,0,RISK_OFF,0.0032078028231545684,-0.0017288063740206446,-0.016129034091297227,-0.006993006993006993
P1_2022H2_2023,Return,US30_BOOK,54,2023.03.23 16:00:00,2023-03-23,2023.03.23 22:00:00,CLOSE,8.7539,-1.2309999999999854,-0.1406230365894042,0,RISK_OFF,0.0032078028231545684,-0.0017288063740206446,-0.21260190364067263,-0.09523809523809523
P1_2022H2_2023,Passive,US100_BOOK,106,2023.03.24 13:03:52,2023-03-24,2023.03.24 15:45:00,CLOSE,8.7021,-0.015,-0.0017237218602406317,0,MIXED,-0.004201940278530641,-0.0052219439811517126,-0.008376635955506126,-0.009389671361502348
P1_2022H2_2023,Pressure,US30_BOOK,19,2023.03.24 15:00:00,2023-03-24,2023.03.24 19:00:00,CLOSE,8.7021,-2.9509999999999854,-0.3391135473046719,0,MIXED,-0.004201940278530641,-0.0052219439811517126,-0.36762332009757115,-0.05714285714285714
P1_2022H2_2023,Return,US30_BOOK,55,2023.03.24 16:00:00,2023-03-24,2023.03.24 22:00:00,CLOSE,8.7015,2.7790000000000146,0.31937022352468136,0,MIXED,-0.004201940278530641,-0.0052219439811517126,0.24739135647341293,-0.09523809523809523
P1_2022H2_2023,Cross,US100_BOOK,126,2023.03.27 17:00:00,2023-03-27,2023.03.27 21:00:00,CLOSE,8.6946,-1.305,-0.150093161272514,0,RISK_ON,-0.006204263604284085,0.004289341729476793,-0.15879693348053633,-0.006993006993006993
P1_2022H2_2023,Passive,US100_BOOK,107,2023.03.28 12:44:07,2023-03-28,2023.03.28 14:00:00,CLOSE,8.6424,-0.025,-0.0028927149865778023,0,MIXED,-0.003025829355208872,-0.0036942430929811226,-0.009545629081843296,-0.009389671361502348
P1_2022H2_2023,Cross,US100_BOOK,127,2023.03.28 17:00:00,2023-03-28,2023.03.28 21:00:00,CLOSE,8.6414,0.495,0.05728238479875945,0,MIXED,-0.003025829355208872,-0.0036942430929811226,0.04857861259073711,-0.006993006993006993
P1_2022H2_2023,Return,US30_BOOK,56,2023.03.28 16:00:00,2023-03-28,2023.03.28 22:00:00,CLOSE,8.6414,-0.3209999999999854,-0.037146758627072625,0,MIXED,-0.003025829355208872,-0.0036942430929811226,-0.10912562567834105,-0.09523809523809523
P1_2022H2_2023,Cross,US100_BOOK,128,2023.03.29 17:00:00,2023-03-29,2023.03.29 21:00:00,CLOSE,8.6483,-0.115,-0.013297411051883028,0,RISK_ON,-0.004703166286123253,0.008766912563020063,-0.02200118325990537,-0.006993006993006993
P1_2022H2_2023,Passive,US100_BOOK,108,2023.03.30 14:02:11,2023-03-30,2023.03.30 17:15:00,CLOSE,8.6437,-0.115,-0.013304487661533833,0,RISK_OFF,0.0020193960375724635,-0.0021632060050959193,-0.019957401756799328,-0.009389671361502348
P1_2022H2_2023,Cross,US100_BOOK,129,2023.03.30 17:00:00,2023-03-30,2023.03.30 21:00:00,CLOSE,8.6437,-0.495,-0.057267142543123886,0,RISK_OFF,0.0020193960375724635,-0.0021632060050959193,-0.06597091475114623,-0.006993006993006993
P1_2022H2_2023,Cross,US100_BOOK,130,2023.03.31 17:00:00,2023-03-31,2023.03.31 21:00:00,CLOSE,8.6193,0.835,0.0968756163493555,0,RISK_ON,-0.002841442451337615,0.006312915051749968,0.08817184414133315,-0.006993006993006993
P1_2022H2_2023,Cross,US100_BOOK,131,2023.04.03 17:00:00,2023-04-03,2023.04.03 21:00:00,CLOSE,8.6527,0.565,0.06529753718492494,0,RISK_ON,-0.003265711187763854,0.0008622079804788055,0.0565937649769026,-0.006993006993006993
P1_2022H2_2023,Passive,US100_BOOK,109,2023.04.04 12:30:46,2023-04-04,2023.04.04 15:45:00,CLOSE,8.6753,-0.004999999999999999,-0.0005763489447050821,0,RISK_ON,-0.001836140183543963,0.0038977586374021166,-0.007229263039970577,-0.009389671361502348
P1_2022H2_2023,RC16,US30_BOOK,37,2023.04.04 13:30:00,2023-04-04,2023.04.04 17:30:00,CLOSE,8.6753,-1.5209999999999855,-0.17532534897928434,0,RISK_ON,-0.001836140183543963,0.0038977586374021166,-0.251936167486452,-0.02631578947368421
P1_2022H2_2023,Cross,US100_BOOK,132,2023.04.05 17:00:00,2023-04-05,2023.04.05 21:00:00,CLOSE,8.6143,0.7964999999999963,0.09246253322962937,0,RISK_OFF,0.0018841943475099785,-0.0016645072456451299,0.08375876102160702,-0.006993006993006993
P1_2022H2_2023,Passive,US100_BOOK,110,2023.04.06 13:00:21,2023-04-06,2023.04.06 14:30:00,CLOSE,8.6462,0.435,0.05031111933566191,0,RISK_ON,-0.0016196260570627424,0.0008145957733656743,0.04365820524039642,-0.009389671361502348
P1_2022H2_2023,Return,US30_BOOK,57,2023.04.06 16:00:00,2023-04-06,2023.04.06 22:00:00,CLOSE,8.6636,0.15900000000001455,0.01835264786001368,0,RISK_ON,-0.0016196260570627424,0.0008145957733656743,-0.05362621919125475,-0.09523809523809523
P1_2022H2_2023,Passive,US100_BOOK,111,2023.04.10 12:30:19,2023-04-10,2023.04.10 14:15:00,CLOSE,8.7099,0.125,0.014351485091677288,0,MIXED,0.0015483175790637327,0.00015901561794042914,0.007698570996411793,-0.009389671361502348
P1_2022H2_2023,RC16,US30_BOOK,39,2023.04.10 13:30:00,2023-04-10,2023.04.10 17:30:00,CLOSE,8.7099,-0.7809999999999855,-0.08966807885279802,0,MIXED,0.0015483175790637327,0.00015901561794042914,-0.1662788973599657,-0.02631578947368421
P1_2022H2_2023,Passive,US100_BOOK,112,2023.04.10 14:46:08,2023-04-10,2023.04.10 18:30:00,CLOSE,8.7149,-0.375,-0.04302975364031716,0,MIXED,0.0015483175790637327,0.00015901561794042914,-0.04968266773558265,-0.009389671361502348
P1_2022H2_2023,Return,US30_BOOK,58,2023.04.10 16:00:00,2023-04-10,2023.04.10 22:00:00,CLOSE,8.7149,1.8290000000000146,0.2098704517550419,0,MIXED,0.0015483175790637327,0.00015901561794042914,0.13789158470377347,-0.09523809523809523
P1_2022H2_2023,Cross,US100_BOOK,133,2023.04.11 17:00:00,2023-04-11,2023.04.11 21:00:00,CLOSE,8.7418,-0.20500000000000002,-0.02345054794207143,0,RISK_OFF,0.006521430395079174,-0.0036224179287504,-0.03215432015009377,-0.006993006993006993
P1_2022H2_2023,Passive,US100_BOOK,113,2023.04.12 15:56:35,2023-04-12,2023.04.12 16:45:00,CLOSE,8.7336,1.0350000000000001,0.11850783182192913,0,MIXED,0.0027264610549840606,0.0014208903145130451,0.11185491772666363,-0.009389671361502348
P1_2022H2_2023,Cross,US100_BOOK,134,2023.04.12 17:00:00,2023-04-12,2023.04.12 21:00:00,CLOSE,8.775,-0.065,-0.007407407407407408,0,MIXED,0.0027264610549840606,0.0014208903145130451,-0.016111179615429752,-0.006993006993006993
P1_2022H2_2023,Cross,US100_BOOK,135,2023.04.13 17:00:00,2023-04-13,2023.04.13 21:00:00,CLOSE,8.7724,1.205,0.13736263736263737,0,MIXED,0.005834758258390389,0.0008940747486040297,0.12865886515461503,-0.006993006993006993
P1_2022H2_2023,Passive,US100_BOOK,114,2023.04.14 13:17:12,2023-04-14,2023.04.14 15:15:00,CLOSE,8.8206,0.105,0.011903952112101216,0,MIXED,-0.002261972608846347,-0.0005282022382755879,0.005251038016835722,-0.009389671361502348
P1_2022H2_2023,Passive,US100_BOOK,115,2023.04.14 15:45:19,2023-04-14,2023.04.14 16:45:00,CLOSE,8.8248,0.955,0.10821774997733659,0,MIXED,-0.002261972608846347,-0.0005282022382755879,0.10156483588207109,-0.009389671361502348
P1_2022H2_2023,RC16,US30_BOOK,40,2023.04.14 13:30:00,2023-04-14,2023.04.14 17:30:00,CLOSE,8.8206,-1.1509999999999854,-0.13048998934312692,0,MIXED,-0.002261972608846347,-0.0005282022382755879,-0.20710080785029458,-0.02631578947368421
P1_2022H2_2023,Cross,US100_BOOK,136,2023.04.14 17:00:00,2023-04-14,2023.04.14 21:00:00,CLOSE,8.863,-1.3084999999999853,-0.14763624055060198,0,MIXED,-0.002261972608846347,-0.0005282022382755879,-0.15634001275862433,-0.006993006993006993
P1_2022H2_2023,RC4,US30_BOOK,29,2023.04.17 13:00:00,2023-04-17,2023.04.17 19:00:00,CLOSE,8.7646,-0.3009999999999855,-0.034342696757408836,0,MIXED,0.0039033048144933627,0.0014417135728705408,-0.1378090918606732,-0.1509433962264151
P1_2022H2_2023,Cross,US100_BOOK,137,2023.04.17 17:00:00,2023-04-17,2023.04.17 21:00:00,CLOSE,8.7646,0.635,0.07245053967094905,0,MIXED,0.0039033048144933627,0.0014417135728705408,0.0637467674629267,-0.006993006993006993
P1_2022H2_2023,Passive,US100_BOOK,116,2023.04.18 12:16:17,2023-04-18,2023.04.18 16:15:00,CLOSE,8.778,-0.365,-0.04158122579175211,0,RISK_OFF,0.004021754881833865,-0.0019884497765786987,-0.0482341398870176,-0.009389671361502348
P1_2022H2_2023,Passive,US100_BOOK,117,2023.04.19 12:46:35,2023-04-19,2023.04.19 15:30:00,CLOSE,8.7634,0.085,0.009699431727411735,0,RISK_ON,-0.012582191309175894,0.005948680579984389,0.00304651763214624,-0.009389671361502348
P1_2022H2_2023,Cross,US100_BOOK,138,2023.04.19 17:00:00,2023-04-19,2023.04.19 21:00:00,CLOSE,8.7668,1.135,0.12946571154811334,0,RISK_ON,-0.012582191309175894,0.005948680579984389,0.120761939340091,-0.006993006993006993
P1_2022H2_2023,Passive,US100_BOOK,118,2023.04.20 12:16:32,2023-04-20,2023.04.20 14:00:00,CLOSE,8.8122,0.305,0.03461110732847643,0,RISK_OFF,0.0008467931349560383,-0.00015592805065834818,0.027958193233210936,-0.009389671361502348
P1_2022H2_2023,Cross,US100_BOOK,139,2023.04.20 17:00:00,2023-04-20,2023.04.20 21:00:00,CLOSE,8.8244,0.505,0.057227686868228995,0,RISK_OFF,0.0008467931349560383,-0.00015592805065834818,0.048523914660206655,-0.006993006993006993
P1_2022H2_2023,Passive,US100_BOOK,119,2023.04.21 15:02:04,2023-04-21,2023.04.21 16:15:00,CLOSE,8.8446,0.435,0.049182552065667184,0,MIXED,-0.00829942631226077,-0.0033584878085433857,0.04252963797040169,-0.009389671361502348
P1_2022H2_2023,Cross,US100_BOOK,140,2023.04.21 17:00:00,2023-04-21,2023.04.21 21:00:00,CLOSE,8.862,-1.095,-0.12356127285037237,0,MIXED,-0.00829942631226077,-0.0033584878085433857,-0.1322650450583947,-0.006993006993006993
P1_2022H2_2023,Passive,US100_BOOK,120,2023.04.24 14:30:43,2023-04-24,2023.04.24 15:30:00,CLOSE,8.8182,0.05500000000000001,0.00623710054206074,0,MIXED,0.0018959837058181736,0.002370923757419338,-0.0004158135532047547,-0.009389671361502348
P1_2022H2_2023,RC16,US30_BOOK,41,2023.04.24 13:30:00,2023-04-24,2023.04.24 17:30:00,CLOSE,8.8182,1.2990000000000146,0.14730897462067255,0,MIXED,0.0018959837058181736,0.002370923757419338,0.07069815611350488,-0.02631578947368421
P1_2022H2_2023,Cross,US100_BOOK,141,2023.04.24 17:00:00,2023-04-24,2023.04.24 21:00:00,CLOSE,8.8204,0.525,0.059521110153734534,0,MIXED,0.0018959837058181736,0.002370923757419338,0.05081733794571219,-0.006993006993006993
P1_2022H2_2023,Cross,US100_BOOK,142,2023.04.25 17:00:00,2023-04-25,2023.04.25 21:00:00,CLOSE,8.8933,1.136999999999989,0.1278490549065014,0,MIXED,-0.0003318567414972843,-0.0007528577268209322,0.11914528269847904,-0.006993006993006993
P1_2022H2_2023,Passive,US100_BOOK,121,2023.04.26 14:54:02,2023-04-26,2023.04.26 16:15:00,CLOSE,8.9388,0.605,0.06768246297042108,0,RISK_OFF,0.0003554896907874829,-0.0012872807974527607,0.06102954887515558,-0.009389671361502348
P1_2022H2_2023,Cross,US100_BOOK,143,2023.04.26 17:00:00,2023-04-26,2023.04.26 21:00:00,CLOSE,8.963,-0.35500000000000004,-0.039607274350106,0,RISK_OFF,0.0003554896907874829,-0.0012872807974527607,-0.04831104655812834,-0.006993006993006993
P1_2022H2_2023,RC16,US30_BOOK,42,2023.04.27 13:30:00,2023-04-27,2023.04.27 17:30:00,CLOSE,8.9488,1.0390000000000146,0.11610495261934724,0,MIXED,0.00429819129872447,0.0016971522575944507,0.03949413411217957,-0.02631578947368421
P1_2022H2_2023,RC4,US30_BOOK,30,2023.04.27 13:00:00,2023-04-27,2023.04.27 19:00:00,CLOSE,8.9488,-2.030999999999985,-0.22695780439835342,0,MIXED,0.00429819129872447,0.0016971522575944507,-0.3304241995016178,-0.1509433962264151
P1_2022H2_2023,Cross,US100_BOOK,144,2023.04.27 17:00:00,2023-04-27,2023.04.27 21:00:00,CLOSE,8.9488,-1.825,-0.20393795816198818,0,MIXED,0.00429819129872447,0.0016971522575944507,-0.21264173037001052,-0.006993006993006993
P1_2022H2_2023,Cross,US100_BOOK,145,2023.04.28 17:00:00,2023-04-28,2023.04.28 21:00:00,CLOSE,8.8361,-0.7180000000000109,-0.08125756838424314,0,RISK_ON,-0.002220952900579359,0.012957028883088278,-0.08996134059226549,-0.006993006993006993
P1_2022H2_2023,RC4,US30_BOOK,31,2023.05.01 13:00:00,2023-05-01,2023.05.01 19:00:00,CLOSE,8.8074,0.35900000000001453,0.040761178100235544,0,RISK_ON,-0.007015379892349203,0.004917868481129965,-0.06270521700302881,-0.1509433962264151
P1_2022H2_2023,Cross,US100_BOOK,146,2023.05.01 17:00:00,2023-05-01,2023.05.01 21:00:00,CLOSE,8.8074,-0.465,-0.05279651202397984,0,RISK_ON,-0.007015379892349203,0.004917868481129965,-0.061500284232002184,-0.006993006993006993
P1_2022H2_2023,RC4,US30_BOOK,32,2023.05.02 13:00:00,2023-05-02,2023.05.02 19:00:00,CLOSE,8.8032,4.939000000000014,0.5610459832788093,0,RISK_ON,-5.551756249053091e-05,0.00032731438838936347,0.45757958817554495,-0.1509433962264151
P1_2022H2_2023,Cross,US100_BOOK,147,2023.05.02 17:00:00,2023-05-02,2023.05.02 21:00:00,CLOSE,8.8032,-0.855,-0.09712377317339149,0,RISK_ON,-5.551756249053091e-05,0.00032731438838936347,-0.10582754538141384,-0.006993006993006993
P1_2022H2_2023,Cross,US100_BOOK,148,2023.05.03 17:00:00,2023-05-03,2023.05.03 21:00:00,CLOSE,8.9665,-0.175,-0.01951709139575085,0,MIXED,-0.0006794742024035806,-0.006319275650887816,-0.02822086360377319,-0.006993006993006993
P1_2022H2_2023,Cross,US100_BOOK,149,2023.05.04 17:00:00,2023-05-04,2023.05.04 21:00:00,CLOSE,8.9595,0.665,0.07422289190244992,0,MIXED,-0.004311313435573695,-0.0004902470646226063,0.06551911969442757,-0.006993006993006993
P1_2022H2_2023,Return,US30_BOOK,59,2023.05.04 16:00:00,2023-05-04,2023.05.04 22:00:00,CLOSE,8.9595,-2.4309999999999854,-0.2713321055862476,0,MIXED,-0.004311313435573695,-0.0004902470646226063,-0.34331097263751603,-0.09523809523809523
P1_2022H2_2023,RC16,US30_BOOK,43,2023.05.05 13:30:01,2023-05-05,2023.05.05 17:30:00,CLOSE,8.8889,2.8390000000000146,0.3193871007661257,0,MIXED,-0.004870830187219103,-0.000819684392903774,0.24277628225895803,-0.02631578947368421
P1_2022H2_2023,RC4,US30_BOOK,33,2023.05.08 13:00:02,2023-05-08,2023.05.08 17:08:00,EXTERNAL_CLOSE,9.0025,-1.1709999999999854,-0.13007497917245048,1,MIXED,0.0032786265093457502,0.0014088269028494779,-0.2335413742757148,0.8490566037735849
P1_2022H2_2023,RC16,US30_BOOK,44,2023.05.08 13:30:01,2023-05-08,2023.05.08 17:30:00,CLOSE,9.0025,-1.5509999999999855,-0.1722854762565938,0,MIXED,0.0032786265093457502,0.0014088269028494779,-0.24889629476376146,-0.02631578947368421
P1_2022H2_2023,Cross,US100_BOOK,150,2023.05.08 17:00:00,2023-05-08,2023.05.08 21:00:00,CLOSE,9.0025,0.715,0.07942238267148015,0,MIXED,0.0032786265093457502,0.0014088269028494779,0.0707186104634578,-0.006993006993006993
P1_2022H2_2023,Passive,US100_BOOK,122,2023.05.09 12:22:10,2023-05-09,2023.05.09 15:15:00,CLOSE,8.9222,-0.055,-0.006164398915065791,0,MIXED,0.0022342622391513427,0.00014811852471417243,-0.012817313010331285,-0.009389671361502348
P1_2022H2_2023,Passive,US100_BOOK,123,2023.05.10 12:22:55,2023-05-10,2023.05.10 13:45:00,CLOSE,8.92,0.095,0.010650224215246636,0,RISK_ON,-0.0028896703388769382,0.0009320009846705506,0.003997310119981142,-0.009389671361502348
P1_2022H2_2023,Passive,US100_BOOK,124,2023.05.10 14:15:10,2023-05-10,2023.05.10 18:15:00,CLOSE,8.9238,-0.765,-0.0857258118738654,0,RISK_ON,-0.0028896703388769382,0.0009320009846705506,-0.0923787259691309,-0.009389671361502348
P1_2022H2_2023,Cross,US100_BOOK,151,2023.05.10 17:00:00,2023-05-10,2023.05.10 21:00:00,CLOSE,8.9238,-0.705,-0.07900221878571909,0,RISK_ON,-0.0028896703388769382,0.0009320009846705506,-0.08770599099374143,-0.006993006993006993
P1_2022H2_2023,Cross,US100_BOOK,152,2023.05.11 17:00:00,2023-05-11,2023.05.11 21:00:00,CLOSE,8.865,0.385,0.04342921601804851,0,RISK_ON,-0.0036719022600805932,0.003924809355466081,0.034725443810026166,-0.006993006993006993
P1_2022H2_2023,Return,US30_BOOK,60,2023.05.11 16:00:00,2023-05-11,2023.05.11 22:00:00,CLOSE,8.865,-1.1009999999999855,-0.12419627749576825,0,RISK_ON,-0.0036719022600805932,0.003924809355466081,-0.1961751445470367,-0.09523809523809523
P1_2022H2_2023,Cross,US100_BOOK,153,2023.05.12 17:00:00,2023-05-12,2023.05.12 21:00:00,CLOSE,8.8363,-1.3760000000000037,-0.15572128605864488,0,RISK_ON,-0.0040483871712553585,0.002905650223085676,-0.16442505826666723,-0.006993006993006993
P1_2022H2_2023,Cross,US100_BOOK,154,2023.05.15 17:00:00,2023-05-15,2023.05.15 21:00:00,CLOSE,8.7813,0.735,0.08370059102866319,0,MIXED,0.004491308139051833,0.003525652934592789,0.07499681882064084,-0.006993006993006993
P1_2022H2_2023,Cross,US100_BOOK,155,2023.05.16 17:00:00,2023-05-16,2023.05.16 21:00:00,CLOSE,8.8107,0.5549999999999999,0.06299158977152779,0,MIXED,-0.0028317371995125675,-0.0018974779540270616,0.054287817563505446,-0.006993006993006993
P1_2022H2_2023,Return,US30_BOOK,61,2023.05.16 16:00:00,2023-05-16,2023.05.16 22:00:00,CLOSE,8.8107,-1.4109999999999856,-0.16014618588761229,0,MIXED,-0.0028317371995125675,-0.0018974779540270616,-0.23212505293888072,-0.09523809523809523
P1_2022H2_2023,Cross,US100_BOOK,156,2023.05.18 17:00:00,2023-05-18,2023.05.18 21:00:00,CLOSE,8.7765,0.515,0.05867942801800262,0,RISK_ON,-0.003275112097804998,0.0008133092693560147,0.04997565580998028,-0.006993006993006993
P1_2022H2_2023,Return,US30_BOOK,62,2023.05.18 16:00:00,2023-05-18,2023.05.18 22:00:00,CLOSE,8.7765,0.5490000000000145,0.06255340967356172,0,RISK_ON,-0.003275112097804998,0.0008133092693560147,-0.009425457377706711,-0.09523809523809523
P1_2022H2_2023,Passive,US100_BOOK,125,2023.05.22 13:48:26,2023-05-22,2023.05.22 15:00:00,CLOSE,8.819,0.175,0.01984351967343236,0,RISK_OFF,0.0018040102420250816,-0.0009572570966087308,0.013190605578166864,-0.009389671361502348
P1_2022H2_2023,RC16,US30_BOOK,45,2023.05.22 13:30:00,2023-05-22,2023.05.22 17:30:00,CLOSE,8.819,-0.9709999999999854,-0.11010318630230019,0,RISK_OFF,0.0018040102420250816,-0.0009572570966087308,-0.18671400480946787,-0.02631578947368421
P1_2022H2_2023,Cross,US100_BOOK,157,2023.05.22 17:00:00,2023-05-22,2023.05.22 21:00:00,CLOSE,8.826,-0.28500000000000003,-0.03229095853161115,0,RISK_OFF,0.0018040102420250816,-0.0009572570966087308,-0.04099473073963349,-0.006993006993006993
P1_2022H2_2023,Passive,US100_BOOK,126,2023.05.23 12:49:26,2023-05-23,2023.05.23 13:45:03,CLOSE,8.7758,0.075,0.008546229403587137,0,MIXED,-0.006068902751197278,-0.0018778805697638463,0.001893315308321642,-0.009389671361502348
P1_2022H2_2023,Passive,US100_BOOK,127,2023.05.23 15:49:47,2023-05-23,2023.05.23 18:00:00,CLOSE,8.7788,-0.065,-0.007404201029753497,0,MIXED,-0.006068902751197278,-0.0018778805697638463,-0.014057115125018992,-0.009389671361502348
P1_2022H2_2023,Pressure,US30_BOOK,20,2023.05.23 15:00:00,2023-05-23,2023.05.23 19:00:00,CLOSE,8.7788,-0.8409999999999854,-0.09579897024650127,0,MIXED,-0.006068902751197278,-0.0018778805697638463,-0.12430874303940051,-0.05714285714285714
P1_2022H2_2023,Cross,US100_BOOK,158,2023.05.23 17:00:00,2023-05-23,2023.05.23 21:00:00,CLOSE,8.7788,-0.885,-0.1008110447897207,0,MIXED,-0.006068902751197278,-0.0018778805697638463,-0.10951481699774304,-0.006993006993006993
P1_2022H2_2023,Passive,US100_BOOK,128,2023.05.24 14:50:05,2023-05-24,2023.05.24 18:45:00,CLOSE,8.7071,-0.785,-0.0901563092189133,0,MIXED,0.0004706966143605497,6.495216996658769e-05,-0.0968092233141788,-0.009389671361502348
P1_2022H2_2023,Cross,US100_BOOK,159,2023.05.24 17:00:00,2023-05-24,2023.05.24 21:00:00,CLOSE,8.7071,-0.095,-0.010910636147511801,0,MIXED,0.0004706966143605497,6.495216996658769e-05,-0.019614408355534144,-0.006993006993006993
P1_2022H2_2023,Return,US30_BOOK,63,2023.05.24 16:00:00,2023-05-24,2023.05.24 22:00:00,CLOSE,8.7071,-1.7509999999999855,-0.20110025151887373,0,MIXED,0.0004706966143605497,6.495216996658769e-05,-0.27307911857014217,-0.09523809523809523
P1_2022H2_2023,Passive,US100_BOOK,129,2023.05.25 14:19:55,2023-05-25,2023.05.25 16:45:00,CLOSE,8.6019,0.05500000000000001,0.006393936223392507,0,MIXED,0.0024954530916906368,0.0007530525878977286,-0.0002589778718729875,-0.009389671361502348
P1_2022H2_2023,Cross,US100_BOOK,160,2023.05.25 17:00:00,2023-05-25,2023.05.25 21:00:00,CLOSE,8.6041,-1.1649999999999998,-0.1354005648469915,0,MIXED,0.0024954530916906368,0.0007530525878977286,-0.14410433705501385,-0.006993006993006993
P1_2022H2_2023,Passive,US100_BOOK,130,2023.05.26 13:46:18,2023-05-26,2023.05.26 17:45:00,CLOSE,8.5575,-2.165,-0.25299444931346776,0,RISK_OFF,0.0058762361987055225,-0.0023738713813421654,-0.25964736340873323,-0.009389671361502348
P1_2022H2_2023,Cross,US100_BOOK,161,2023.05.26 17:00:00,2023-05-26,2023.05.26 21:00:00,CLOSE,8.5575,1.9949999999999999,0.23312883435582823,0,RISK_OFF,0.0058762361987055225,-0.0023738713813421654,0.2244250621478059,-0.006993006993006993
P1_2022H2_2023,RC4,US30_BOOK,34,2023.05.29 13:00:00,2023-05-29,2023.05.29 19:00:00,CLOSE,8.5507,-0.5509999999999855,-0.06443916872302682,0,RISK_OFF,0.0008485756011444294,-0.0015524525454068266,-0.16790556382629118,-0.1509433962264151
P1_2022H2_2023,Passive,US100_BOOK,131,2023.05.30 12:18:37,2023-05-30,2023.05.30 16:15:00,CLOSE,8.5287,-0.315,-0.03693411657110696,0,RISK_OFF,0.0004165477508797176,-0.0011266481985249752,-0.043587030666372456,-0.009389671361502348
P1_2022H2_2023,Cross,US100_BOOK,162,2023.05.30 17:00:00,2023-05-30,2023.05.30 21:00:00,CLOSE,8.5161,0.8290000000000146,0.0973450288277515,0,RISK_OFF,0.0004165477508797176,-0.0011266481985249752,0.08864125661972916,-0.006993006993006993
P1_2022H2_2023,Return,US30_BOOK,64,2023.05.30 16:00:00,2023-05-30,2023.05.30 22:00:00,CLOSE,8.5287,-1.0109999999999855,-0.11854092651869398,0,RISK_OFF,0.0004165477508797176,-0.0011266481985249752,-0.1905197935699624,-0.09523809523809523
P1_2022H2_2023,Passive,US100_BOOK,132,2023.05.31 15:47:29,2023-05-31,2023.05.31 16:45:00,CLOSE,8.5088,0.595,0.0699276043625423,0,RISK_ON,-0.0017985892058672238,0.0011725677714815115,0.0632746902672768,-0.009389671361502348
P1_2022H2_2023,Cross,US100_BOOK,163,2023.05.31 17:00:00,2023-05-31,2023.05.31 21:00:00,CLOSE,8.5326,-0.29500000000000004,-0.03457328364156295,0,RISK_ON,-0.0017985892058672238,0.0011725677714815115,-0.04327705584958529,-0.006993006993006993
P1_2022H2_2023,Return,US30_BOOK,65,2023.05.31 16:00:00,2023-05-31,2023.05.31 22:00:00,CLOSE,8.5088,-0.10099999999998545,-0.011870063933807991,0,RISK_ON,-0.0017985892058672238,0.0011725677714815115,-0.08384893098507643,-0.09523809523809523
P1_2022H2_2023,Cross,US100_BOOK,164,2023.06.01 17:00:00,2023-06-01,2023.06.01 21:00:00,CLOSE,8.5167,1.655,0.19432409266499936,0,RISK_ON,-0.0034554161098243165,0.0033033245975702687,0.18562032045697702,-0.006993006993006993
P1_2022H2_2023,Return,US30_BOOK,66,2023.06.01 16:00:00,2023-06-01,2023.06.01 22:00:00,CLOSE,8.5167,2.929000000000015,0.34391254828748397,0,RISK_ON,-0.0034554161098243165,0.0033033245975702687,0.27193368123621553,-0.09523809523809523
P1_2022H2_2023,Passive,US100_BOOK,133,2023.06.02 12:18:21,2023-06-02,2023.06.02 15:15:00,CLOSE,8.7001,0.05500000000000001,0.006321766416477971,0,MIXED,0.001097070628411176,0.00041789152720651514,-0.0003311476787875231,-0.009389671361502348
P1_2022H2_2023,RC4,US30_BOOK,35,2023.06.02 13:00:00,2023-06-02,2023.06.02 19:00:00,CLOSE,8.7001,4.549000000000015,0.522867553246516,0,MIXED,0.001097070628411176,0.00041789152720651514,0.4194011581432517,-0.1509433962264151
P1_2022H2_2023,Cross,US100_BOOK,165,2023.06.02 17:00:00,2023-06-02,2023.06.02 21:00:00,CLOSE,8.7023,-1.075,-0.1235305608862025,0,MIXED,0.001097070628411176,0.00041789152720651514,-0.13223433309422483,-0.006993006993006993
P1_2022H2_2023,RC4,US30_BOOK,36,2023.06.05 13:00:01,2023-06-05,2023.06.05 19:00:00,CLOSE,8.8413,1.2390000000000145,0.14013776254623353,0,RISK_ON,-0.0029098631921816356,0.002355612798788464,0.036671367442969185,-0.1509433962264151
P1_2022H2_2023,Cross,US100_BOOK,166,2023.06.05 17:00:00,2023-06-05,2023.06.05 21:00:00,CLOSE,8.8413,0.20500000000000002,0.023186635449537963,0,RISK_ON,-0.0029098631921816356,0.002355612798788464,0.01448286324151562,-0.006993006993006993
P1_2022H2_2023,Return,US30_BOOK,67,2023.06.05 16:00:00,2023-06-05,2023.06.05 22:00:00,CLOSE,8.8413,-1.1009999999999855,-0.12452919819483396,0,RISK_ON,-0.0029098631921816356,0.002355612798788464,-0.1965080652461024,-0.09523809523809523
P1_2022H2_2023,Cross,US100_BOOK,167,2023.06.06 17:00:00,2023-06-06,2023.06.06 21:00:00,CLOSE,8.855,-0.085,-0.009599096555618296,0,MIXED,-0.0007037513294552434,-0.002432296920375778,-0.018302868763640637,-0.006993006993006993
P1_2022H2_2023,Passive,US100_BOOK,134,2023.06.07 14:35:24,2023-06-07,2023.06.07 17:15:00,CLOSE,8.8516,-0.105,-0.011862262189886574,0,MIXED,-0.0008764733720830341,-0.001892595786123772,-0.01851517628515207,-0.009389671361502348
P1_2022H2_2023,Cross,US100_BOOK,168,2023.06.07 17:00:00,2023-06-07,2023.06.07 21:00:00,CLOSE,8.8516,-2.565,-0.28977811921008634,0,MIXED,-0.0008764733720830341,-0.001892595786123772,-0.29848189141810866,-0.006993006993006993
P1_2022H2_2023,Passive,US100_BOOK,135,2023.06.08 12:38:42,2023-06-08,2023.06.08 14:30:00,CLOSE,8.7448,-0.004999999999999999,-0.0005717683651998901,0,RISK_OFF,0.003857017602307512,-0.002358963722224963,-0.007224682460465384,-0.009389671361502348
P1_2022H2_2023,Cross,US100_BOOK,169,2023.06.08 17:00:00,2023-06-08,2023.06.08 21:00:01,CLOSE,8.7446,0.615,0.07032911739816572,0,RISK_OFF,0.003857017602307512,-0.002358963722224963,0.06162534519014338,-0.006993006993006993
P1_2022H2_2023,Return,US30_BOOK,68,2023.06.08 16:00:00,2023-06-08,2023.06.08 22:00:00,CLOSE,8.7446,1.9390000000000145,0.22173684330901522,0,RISK_OFF,0.003857017602307512,-0.002358963722224963,0.14975797625774678,-0.09523809523809523
P1_2022H2_2023,Passive,US100_BOOK,136,2023.06.09 15:53:42,2023-06-09,2023.06.09 19:00:00,CLOSE,8.8467,0.21500000000000002,0.024302847389422046,0,RISK_ON,-0.0016906519146107138,0.005701826526575904,0.017649933294156553,-0.009389671361502348
P1_2022H2_2023,Cross,US100_BOOK,170,2023.06.09 17:00:00,2023-06-09,2023.06.09 21:00:00,CLOSE,8.8467,-0.505,-0.05708343224027038,0,RISK_ON,-0.0016906519146107138,0.005701826526575904,-0.06578720444829272,-0.006993006993006993
P1_2022H2_2023,Cross,US100_BOOK,171,2023.06.12 17:00:00,2023-06-12,2023.06.12 21:00:00,CLOSE,8.8351,-1.005,-0.11375083473871261,0,RISK_OFF,0.002042984894012157,-0.0009191243116339618,-0.12245460694673496,-0.006993006993006993
P1_2022H2_2023,Return,US30_BOOK,69,2023.06.12 16:00:00,2023-06-12,2023.06.12 22:00:00,CLOSE,8.8351,0.6790000000000145,0.07685255401750002,0,RISK_OFF,0.002042984894012157,-0.0009191243116339618,0.004873686966231583,-0.09523809523809523
P1_2022H2_2023,Passive,US100_BOOK,137,2023.06.13 13:47:19,2023-06-13,2023.06.13 15:45:00,CLOSE,8.8221,0.725,0.08217997982339804,0,RISK_OFF,0.003422119594723982,-0.00041565441084625464,0.07552706572813254,-0.009389671361502348
P1_2022H2_2023,Cross,US100_BOOK,172,2023.06.13 17:00:00,2023-06-13,2023.06.13 21:00:00,CLOSE,8.8511,-0.685,-0.07739151065969202,0,RISK_OFF,0.003422119594723982,-0.00041565441084625464,-0.08609528286771437,-0.006993006993006993
P1_2022H2_2023,RC16,US30_BOOK,46,2023.06.14 13:30:00,2023-06-14,2023.06.14 17:30:00,CLOSE,8.8237,-1.0809999999999855,-0.12251096478801245,0,RISK_OFF,0.00335984534053827,-0.0013779171360512024,-0.1991217832951801,-0.02631578947368421
P1_2022H2_2023,Cross,US100_BOOK,173,2023.06.14 17:00:00,2023-06-14,2023.06.14 21:00:01,CLOSE,8.8237,0.09149999999999636,0.01036979951720892,0,RISK_OFF,0.00335984534053827,-0.0013779171360512024,0.0016660273091865779,-0.006993006993006993
P1_2022H2_2023,Return,US30_BOOK,70,2023.06.14 16:00:00,2023-06-14,2023.06.14 22:00:00,CLOSE,8.8237,-1.9909999999999854,-0.22564230424878287,0,RISK_OFF,0.00335984534053827,-0.0013779171360512024,-0.2976211713000513,-0.09523809523809523
P1_2022H2_2023,Passive,US100_BOOK,138,2023.06.15 13:34:38,2023-06-15,2023.06.15 15:30:01,CLOSE,8.7045,-0.14550000000001093,-0.01671549198690458,0,RISK_ON,-0.005488037440405571,0.008773919558256696,-0.023368406082170078,-0.009389671361502348
P1_2022H2_2023,Cross,US100_BOOK,174,2023.06.15 17:00:00,2023-06-15,2023.06.15 21:00:00,CLOSE,8.6987,-1.545,-0.17761274673227032,0,RISK_ON,-0.005488037440405571,0.008773919558256696,-0.18631651894029266,-0.006993006993006993
P1_2022H2_2023,Cross,US100_BOOK,175,2023.06.16 17:00:00,2023-06-16,2023.06.16 21:00:00,CLOSE,8.6369,-0.042999999999992725,-0.004978638168786569,0,MIXED,0.0028515990052453513,0.0054319751905120735,-0.013682410376808913,-0.006993006993006993
P1_2022H2_2023,RC16,US30_BOOK,47,2023.06.19 13:30:03,2023-06-19,2023.06.19 17:30:00,CLOSE,8.6351,-0.8909999999999855,-0.10318351843058975,0,RISK_ON,-0.0008021725509793767,0.0013543637972181519,-0.17979433693775743,-0.02631578947368421
P1_2022H2_2023,Passive,US100_BOOK,139,2023.06.20 12:28:08,2023-06-20,2023.06.20 14:30:00,CLOSE,8.5995,0.325,0.037792894935752074,0,RISK_OFF,0.0005018563669536728,-0.0028010135821631894,0.03113998084048658,-0.009389671361502348
P1_2022H2_2023,Passive,US100_BOOK,140,2023.06.20 15:02:15,2023-06-20,2023.06.20 17:15:00,CLOSE,8.6125,0.135,0.015674891146589258,0,RISK_OFF,0.0005018563669536728,-0.0028010135821631894,0.009021977051323763,-0.009389671361502348
P1_2022H2_2023,Cross,US100_BOOK,176,2023.06.20 17:00:00,2023-06-20,2023.06.20 21:00:00,CLOSE,8.6125,0.095,0.011030478955007255,0,RISK_OFF,0.0005018563669536728,-0.0028010135821631894,0.0023267067469849127,-0.006993006993006993
P1_2022H2_2023,Cross,US100_BOOK,177,2023.06.21 17:00:00,2023-06-21,2023.06.21 21:00:00,CLOSE,8.6217,0.315,0.03653571801384878,0,RISK_ON,-0.0007544167321593095,0.004001430891010849,0.027831945805826437,-0.006993006993006993
P1_2022H2_2023,Return,US30_BOOK,71,2023.06.21 16:00:00,2023-06-21,2023.06.21 22:00:00,CLOSE,8.6217,0.8690000000000145,0.10079218715566704,0,RISK_ON,-0.0007544167321593095,0.004001430891010849,0.028813320104398604,-0.09523809523809523
P1_2022H2_2023,Cross,US100_BOOK,178,2023.06.22 17:00:00,2023-06-22,2023.06.22 21:00:00,CLOSE,8.6691,0.6849999999999999,0.07901627619937478,0,RISK_ON,-0.0025495280085387623,0.0012616252673400869,0.07031250399135243,-0.006993006993006993
P1_2022H2_2023,Passive,US100_BOOK,141,2023.06.23 15:45:57,2023-06-23,2023.06.23 18:45:00,CLOSE,8.6965,0.095,0.010923934916345655,0,RISK_OFF,0.0021194854349992293,-0.00024463292951106496,0.004271020821080161,-0.009389671361502348
P1_2022H2_2023,Cross,US100_BOOK,179,2023.06.23 17:00:00,2023-06-23,2023.06.23 21:00:00,CLOSE,8.6965,-1.105,-0.12706261139538894,0,RISK_OFF,0.0021194854349992293,-0.00024463292951106496,-0.13576638360341128,-0.006993006993006993
P1_2022H2_2023,Return,US30_BOOK,72,2023.06.23 16:00:00,2023-06-23,2023.06.23 22:00:00,CLOSE,8.6965,-0.6709999999999855,-0.0771574771459766,0,RISK_OFF,0.0021194854349992293,-0.00024463292951106496,-0.14913634419724503,-0.09523809523809523
P1_2022H2_2023,Cross,US100_BOOK,180,2023.06.26 17:00:00,2023-06-26,2023.06.26 21:00:00,CLOSE,8.6292,-2.4050000000000002,-0.2787048625596811,0,RISK_OFF,0.002866928364538654,-0.0022330160565622466,-0.2874086347677034,-0.006993006993006993
P1_2022H2_2023,Pressure,US30_BOOK,21,2023.06.27 15:00:00,2023-06-27,2023.06.27 19:00:00,CLOSE,8.533,-1.9909999999999854,-0.2333294269307378,0,MIXED,0.0012887939090315441,0.0018457836062149868,-0.26183919972363706,-0.05714285714285714
P1_2022H2_2023,Cross,US100_BOOK,181,2023.06.27 17:00:00,2023-06-27,2023.06.27 21:00:00,CLOSE,8.533,1.4964999999999964,0.1753779444509547,0,MIXED,0.0012887939090315441,0.0018457836062149868,0.16667417224293235,-0.006993006993006993
P1_2022H2_2023,RC16,US30_BOOK,48,2023.06.28 13:30:00,2023-06-28,2023.06.28 17:30:00,CLOSE,8.5132,-1.9209999999999854,-0.22564957947657585,0,RISK_ON,-0.0020503493298625734,0.00039573303116811816,-0.3022603979837435,-0.02631578947368421
P1_2022H2_2023,Cross,US100_BOOK,182,2023.06.28 17:00:00,2023-06-28,2023.06.28 21:00:00,CLOSE,8.5132,0.095,0.011159141098529344,0,RISK_ON,-0.0020503493298625734,0.00039573303116811816,0.002455368890507001,-0.006993006993006993
P1_2022H2_2023,Passive,US100_BOOK,142,2023.06.29 13:31:07,2023-06-29,2023.06.29 15:45:00,CLOSE,8.4402,0.27499999999999997,0.03258216629937678,0,MIXED,-0.000812865342490004,-0.0011916970620192292,0.02592925220411129,-0.009389671361502348
P1_2022H2_2023,RC16,US30_BOOK,49,2023.06.29 13:30:00,2023-06-29,2023.06.29 17:30:00,CLOSE,8.4402,0.8090000000000145,0.09585080922253197,0,MIXED,-0.000812865342490004,-0.0011916970620192292,0.019239990715364308,-0.02631578947368421
P1_2022H2_2023,Cross,US100_BOOK,183,2023.06.29 17:00:00,2023-06-29,2023.06.29 21:00:00,CLOSE,8.4512,0.365,0.043189132904202954,0,MIXED,-0.000812865342490004,-0.0011916970620192292,0.03448536069618061,-0.006993006993006993
P1_2022H2_2023,Passive,US100_BOOK,143,2023.06.30 13:48:48,2023-06-30,2023.06.30 14:45:00,CLOSE,8.4982,0.095,0.011178837871549269,0,MIXED,-0.00323383627578072,-0.000518437372282096,0.0045259237762837745,-0.009389671361502348
P1_2022H2_2023,Passive,US100_BOOK,144,2023.06.30 15:45:02,2023-06-30,2023.06.30 19:45:00,CLOSE,8.502,-0.955,-0.1123265114090802,0,MIXED,-0.00323383627578072,-0.000518437372282096,-0.1189794255043457,-0.009389671361502348
P1_2022H2_2023,Cross,US100_BOOK,184,2023.06.30 17:00:00,2023-06-30,2023.06.30 21:00:00,CLOSE,8.502,0.28649999999999637,0.03369795342272364,0,MIXED,-0.00323383627578072,-0.000518437372282096,0.024994181214701296,-0.006993006993006993
P1_2022H2_2023,Passive,US100_BOOK,145,2023.07.05 12:19:01,2023-07-05,2023.07.05 15:30:00,CLOSE,8.4752,-0.195,-0.02300830658863508,0,RISK_OFF,0.00045160905958208726,-0.00020087762810287613,-0.029661220683900577,-0.009389671361502348
P1_2022H2_2023,Pressure,US30_BOOK,22,2023.07.05 15:00:00,2023-07-05,2023.07.05 19:00:00,CLOSE,8.4752,-0.9209999999999855,-0.10867000188785936,0,RISK_OFF,0.00045160905958208726,-0.00020087762810287613,-0.1371797746807586,-0.05714285714285714
P1_2022H2_2023,Cross,US100_BOOK,185,2023.07.05 17:00:00,2023-07-05,2023.07.05 21:00:00,CLOSE,8.4674,-0.085,-0.010038500602310037,0,RISK_OFF,0.00045160905958208726,-0.00020087762810287613,-0.018742272810332382,-0.006993006993006993
P1_2022H2_2023,Return,US30_BOOK,73,2023.07.05 16:00:00,2023-07-05,2023.07.05 22:00:00,CLOSE,8.4674,0.7090000000000145,0.08373290502397601,0,RISK_OFF,0.00045160905958208726,-0.00020087762810287613,0.011754037972707576,-0.09523809523809523
P1_2022H2_2023,Pressure,US30_BOOK,23,2023.07.06 15:00:00,2023-07-06,2023.07.06 19:00:00,CLOSE,8.4555,2.9990000000000148,0.35468038554786996,0,RISK_OFF,0.0016645841470999824,-0.003999048885828351,0.3261706127549707,-0.05714285714285714
P1_2022H2_2023,Passive,US100_BOOK,146,2023.07.06 15:46:44,2023-07-06,2023.07.06 19:30:00,CLOSE,8.4555,-0.015,-0.0017739932588256163,0,RISK_OFF,0.0016645841470999824,-0.003999048885828351,-0.008426907354091111,-0.009389671361502348
P1_2022H2_2023,Return,US30_BOOK,74,2023.07.06 16:00:00,2023-07-06,2023.07.06 22:00:00,CLOSE,8.4555,-0.9309999999999855,-0.11010584826444154,0,RISK_OFF,0.0016645841470999824,-0.003999048885828351,-0.18208471531570997,-0.09523809523809523
P1_2022H2_2023,RC16,US30_BOOK,50,2023.07.07 13:30:00,2023-07-07,2023.07.07 17:30:00,CLOSE,8.5377,-0.5809999999999855,-0.06805111446876624,0,RISK_OFF,0.002519446009462157,-0.00729724208709859,-0.1446619329759339,-0.02631578947368421
P1_2022H2_2023,Cross,US100_BOOK,186,2023.07.07 17:00:00,2023-07-07,2023.07.07 21:00:00,CLOSE,8.5377,0.525,0.061491970905513206,0,RISK_OFF,0.002519446009462157,-0.00729724208709859,0.052788198697490865,-0.006993006993006993
P1_2022H2_2023,Pressure,US30_BOOK,24,2023.07.10 15:00:00,2023-07-10,2023.07.10 19:00:00,CLOSE,8.5354,0.8190000000000145,0.09595332380439284,0,MIXED,2.5972744203568658e-05,0.0013500497771864524,0.0674435510114936,-0.05714285714285714
P1_2022H2_2023,Cross,US100_BOOK,187,2023.07.10 17:00:00,2023-07-10,2023.07.10 21:00:00,CLOSE,8.5354,-0.405,-0.047449445837336277,0,MIXED,2.5972744203568658e-05,0.0013500497771864524,-0.05615321804535862,-0.006993006993006993
P1_2022H2_2023,Cross,US100_BOOK,188,2023.07.11 17:00:00,2023-07-11,2023.07.11 21:00:00,CLOSE,8.552,-0.395,-0.046188026192703464,0,RISK_OFF,0.006013085274234033,-0.005272638202955303,-0.054891798400725805,-0.006993006993006993
P1_2022H2_2023,RC16,US30_BOOK,51,2023.07.12 13:30:00,2023-07-12,2023.07.12 17:30:00,CLOSE,8.5362,2.4190000000000147,0.28338136407300846,0,RISK_OFF,0.001163617688991536,-0.005457897118484214,0.2067705455658408,-0.02631578947368421
P1_2022H2_2023,Passive,US100_BOOK,147,2023.07.12 15:45:01,2023-07-12,2023.07.12 18:45:00,CLOSE,8.5362,0.22499999999999998,0.026358332747592604,0,RISK_OFF,0.001163617688991536,-0.005457897118484214,0.01970541865232711,-0.009389671361502348
P1_2022H2_2023,RC4,US30_BOOK,37,2023.07.12 13:00:00,2023-07-12,2023.07.12 19:00:00,CLOSE,8.5362,0.9490000000000145,0.11117359012207008,0,RISK_OFF,0.001163617688991536,-0.005457897118484214,0.007707195018805735,-0.1509433962264151
P1_2022H2_2023,Cross,US100_BOOK,189,2023.07.13 17:00:00,2023-07-13,2023.07.13 21:00:00,CLOSE,8.6799,0.505,0.058180393783338516,0,RISK_OFF,0.001970433928669467,-0.00023845567547183913,0.049476621575316175,-0.006993006993006993
P1_2022H2_2023,Pressure,US30_BOOK,25,2023.07.14 15:00:00,2023-07-14,2023.07.14 19:00:00,CLOSE,8.7001,-0.38099999999998546,-0.04379260008505482,0,RISK_ON,-0.0021703558454208697,0.002758462658254179,-0.07230237287795406,-0.05714285714285714
P1_2022H2_2023,Cross,US100_BOOK,190,2023.07.14 17:00:00,2023-07-14,2023.07.14 21:00:00,CLOSE,8.7001,-0.6610000000000036,-0.0759761382053084,0,RISK_ON,-0.0021703558454208697,0.002758462658254179,-0.08467991041333074,-0.006993006993006993
P1_2022H2_2023,RC16,US30_BOOK,52,2023.07.18 13:30:00,2023-07-18,2023.07.18 17:30:00,CLOSE,8.6584,2.192999999999956,0.2532800517416562,0,RISK_OFF,0.0037027526913113147,-0.003199032187420906,0.17666923323448852,-0.02631578947368421
P1_2022H2_2023,Passive,US100_BOOK,148,2023.07.18 16:30:50,2023-07-18,2023.07.18 18:45:00,CLOSE,8.6584,0.355,0.04100064677076596,0,RISK_OFF,0.0037027526913113147,-0.003199032187420906,0.03434773267550047,-0.009389671361502348
P1_2022H2_2023,Cross,US100_BOOK,191,2023.07.18 17:00:00,2023-07-18,2023.07.18 21:00:00,CLOSE,8.6584,-1.755,-0.20269333826111058,0,RISK_OFF,0.0037027526913113147,-0.003199032187420906,-0.21139711046913293,-0.006993006993006993
P1_2022H2_2023,Cross,US100_BOOK,192,2023.07.19 17:00:00,2023-07-19,2023.07.19 21:00:00,CLOSE,8.6901,0.545,0.06271504355531007,0,RISK_ON,-0.0006723572947496942,0.006829543560098205,0.05401127134728773,-0.006993006993006993
P1_2022H2_2023,Return,US30_BOOK,75,2023.07.19 16:00:00,2023-07-19,2023.07.19 22:00:00,CLOSE,8.6901,1.4720000000000437,0.16938815433654894,0,RISK_ON,-0.0006723572947496942,0.006829543560098205,0.0974092872852805,-0.09523809523809523
P1_2022H2_2023,Passive,US100_BOOK,149,2023.07.20 12:42:03,2023-07-20,2023.07.20 13:15:02,CLOSE,8.7708,0.33499999999999996,0.03819491950563232,0,RISK_OFF,0.002308973937081508,-0.0006021807727867951,0.03154200541036683,-0.009389671361502348
P1_2022H2_2023,Cross,US100_BOOK,193,2023.07.20 17:00:00,2023-07-20,2023.07.20 21:00:00,CLOSE,8.7842,1.685,0.19182167983424786,0,RISK_OFF,0.002308973937081508,-0.0006021807727867951,0.1831179076262255,-0.006993006993006993
P1_2022H2_2023,Return,US30_BOOK,76,2023.07.20 16:00:00,2023-07-20,2023.07.20 22:00:00,CLOSE,8.7842,1.8720000000000439,0.21310990186927026,0,RISK_OFF,0.002308973937081508,-0.0006021807727867951,0.14113103481800182,-0.09523809523809523
P1_2022H2_2023,RC4,US30_BOOK,38,2023.07.21 13:00:00,2023-07-21,2023.07.21 19:00:00,CLOSE,8.9265,0.47299999999995634,0.052988293284037,0,RISK_ON,-0.004105946153433751,0.013229441999892816,-0.05047810181922734,-0.1509433962264151
P1_2022H2_2023,Cross,US100_BOOK,194,2023.07.21 17:00:00,2023-07-21,2023.07.21 21:00:00,CLOSE,8.9265,-0.275,-0.030807147258163893,0,RISK_ON,-0.004105946153433751,0.013229441999892816,-0.039510919466186234,-0.006993006993006993
P1_2022H2_2023,Cross,US100_BOOK,195,2023.07.24 17:00:00,2023-07-24,2023.07.24 21:00:00,CLOSE,8.9344,-0.835,-0.0934589899713467,0,MIXED,-0.001249499725240174,-0.0006714421769504778,-0.10216276217936905,-0.006993006993006993
P1_2022H2_2023,Cross,US100_BOOK,196,2023.07.25 17:00:00,2023-07-25,2023.07.25 21:00:00,CLOSE,8.901,0.22499999999999998,0.025278058645096056,0,RISK_OFF,0.004053383534875401,-0.0005234269019460417,0.01657428643707371,-0.006993006993006993
P1_2022H2_2023,Passive,US100_BOOK,150,2023.07.27 12:18:02,2023-07-27,2023.07.27 14:15:00,CLOSE,8.91,-0.035,-0.003928170594837262,0,RISK_OFF,0.002082304966410842,-0.001691896790998403,-0.010581084690102757,-0.009389671361502348
P1_2022H2_2023,RC4,US30_BOOK,39,2023.07.27 13:00:00,2023-07-27,2023.07.27 19:00:00,CLOSE,8.91,0.40299999999995634,0.045230078563406995,0,RISK_OFF,0.002082304966410842,-0.001691896790998403,-0.05823631653985735,-0.1509433962264151
P1_2022H2_2023,Cross,US100_BOOK,197,2023.07.27 17:00:00,2023-07-27,2023.07.27 21:00:00,CLOSE,8.9086,-1.525,-0.17118290191500346,0,RISK_OFF,0.002082304966410842,-0.001691896790998403,-0.1798866741230258,-0.006993006993006993
P1_2022H2_2023,Cross,US100_BOOK,198,2023.07.28 17:00:00,2023-07-28,2023.07.28 21:00:00,CLOSE,8.8637,0.3539999999999964,0.039938174802847164,0,MIXED,0.0016633813593756469,0.0021284456413424163,0.031234402594824823,-0.006993006993006993
P1_2022H2_2023,Passive,US100_BOOK,151,2023.07.31 15:48:31,2023-07-31,2023.07.31 17:00:00,CLOSE,8.8779,0.605,0.06814674641525585,0,RISK_ON,-0.0030156838295002887,0.010752222418795842,0.06149383231999036,-0.009389671361502348
P1_2022H2_2023,RC16,US30_BOOK,53,2023.07.31 13:30:00,2023-07-31,2023.07.31 17:30:00,CLOSE,8.8779,0.10299999999995633,0.01160184277812955,0,RISK_ON,-0.0030156838295002887,0.010752222418795842,-0.06500897572903812,-0.02631578947368421
P1_2022H2_2023,RC4,US30_BOOK,40,2023.07.31 13:00:00,2023-07-31,2023.07.31 19:00:00,CLOSE,8.8779,-0.32700000000004364,-0.03683303483932503,0,RISK_ON,-0.0030156838295002887,0.010752222418795842,-0.14029942994258937,-0.1509433962264151
P1_2022H2_2023,Cross,US100_BOOK,199,2023.07.31 17:00:00,2023-07-31,2023.07.31 21:00:00,CLOSE,8.9021,-0.14500000000000002,-0.016288291526718415,0,RISK_ON,-0.0030156838295002887,0.010752222418795842,-0.024992063734740756,-0.006993006993006993
P1_2022H2_2023,Passive,US100_BOOK,152,2023.08.01 12:23:45,2023-08-01,2023.08.01 14:00:00,CLOSE,8.8873,0.245,0.02756742767769739,0,RISK_ON,-0.0049931378107656585,0.0030393346692478233,0.020914513582431897,-0.009389671361502348
P1_2022H2_2023,Cross,US100_BOOK,200,2023.08.01 17:00:00,2023-08-01,2023.08.01 21:00:00,CLOSE,8.8971,-0.485,-0.054512144406604394,0,RISK_ON,-0.0049931378107656585,0.0030393346692478233,-0.06321591661462674,-0.006993006993006993
P1_2022H2_2023,Passive,US100_BOOK,153,2023.08.02 12:27:57,2023-08-02,2023.08.02 13:45:00,CLOSE,8.8777,0.425,0.047872759836444116,0,MIXED,-0.0002717872076749263,-0.006708050977729679,0.04121984574117862,-0.009389671361502348
P1_2022H2_2023,Passive,US100_BOOK,154,2023.08.02 14:22:05,2023-08-02,2023.08.02 16:15:00,CLOSE,8.8947,0.40499999999999997,0.04553273297581705,0,MIXED,-0.0002717872076749263,-0.006708050977729679,0.03887981888055156,-0.009389671361502348
P1_2022H2_2023,Cross,US100_BOOK,201,2023.08.02 17:00:00,2023-08-02,2023.08.02 21:00:00,CLOSE,8.9109,1.2950000000000002,0.14532763245014535,0,MIXED,-0.0002717872076749263,-0.006708050977729679,0.136623860242123,-0.006993006993006993
P1_2022H2_2023,Passive,US100_BOOK,155,2023.08.03 14:01:38,2023-08-03,2023.08.03 15:00:00,CLOSE,8.9627,0.20500000000000002,0.022872571881241147,0,RISK_OFF,0.0018233711582075248,-0.00327108321194487,0.01621965778597565,-0.009389671361502348
P1_2022H2_2023,Cross,US100_BOOK,202,2023.08.03 17:00:00,2023-08-03,2023.08.03 21:00:00,CLOSE,8.9709,0.14500000000000002,0.016163372682785452,0,RISK_OFF,0.0018233711582075248,-0.00327108321194487,0.007459600474763109,-0.006993006993006993
P1_2022H2_2023,Passive,US100_BOOK,156,2023.08.04 14:17:57,2023-08-04,2023.08.04 16:00:00,CLOSE,8.9767,0.39499999999999996,0.04400280726770417,0,RISK_ON,-0.0008534961528857024,0.0011011633464446241,0.037349893172438677,-0.009389671361502348
P1_2022H2_2023,Cross,US100_BOOK,203,2023.08.04 17:00:00,2023-08-04,2023.08.04 21:00:00,CLOSE,8.9925,-0.775,-0.08618293021962747,0,RISK_ON,-0.0008534961528857024,0.0011011633464446241,-0.09488670242764982,-0.006993006993006993
P1_2022H2_2023,Cross,US100_BOOK,204,2023.08.07 17:00:00,2023-08-07,2023.08.07 21:00:00,CLOSE,8.9615,-0.595,-0.06639513474306757,0,RISK_ON,-0.003372214933457268,0.004733603271192458,-0.07509890695108992,-0.006993006993006993
P1_2022H2_2023,Passive,US100_BOOK,157,2023.08.08 14:16:25,2023-08-08,2023.08.08 18:15:00,CLOSE,8.9377,-1.305,-0.14601071864126117,0,RISK_ON,-0.0007748654704735266,0.004433727350420843,-0.15266363273652667,-0.009389671361502348
P1_2022H2_2023,Pressure,US30_BOOK,26,2023.08.08 15:00:00,2023-08-08,2023.08.08 19:00:00,CLOSE,8.9377,1.3929999999999563,0.15585665215882794,0,RISK_ON,-0.0007748654704735266,0.004433727350420843,0.1273468793659287,-0.05714285714285714
P1_2022H2_2023,Return,US30_BOOK,77,2023.08.08 16:00:00,2023-08-08,2023.08.08 22:00:00,CLOSE,8.9377,0.4920000000000437,0.055047719211882666,0,RISK_ON,-0.0007748654704735266,0.004433727350420843,-0.01693114783938577,-0.09523809523809523
P1_2022H2_2023,Cross,US100_BOOK,205,2023.08.09 17:00:00,2023-08-09,2023.08.09 21:00:00,CLOSE,8.9609,0.305,0.03403675970047651,0,RISK_OFF,0.0015572446151803265,-0.0005093692653455456,0.02533298749245417,-0.006993006993006993
P1_2022H2_2023,Return,US30_BOOK,78,2023.08.09 16:00:00,2023-08-09,2023.08.09 22:00:00,CLOSE,8.9609,-0.23799999999995636,-0.02655983215971123,0,RISK_OFF,0.0015572446151803265,-0.0005093692653455456,-0.09853869921097966,-0.09523809523809523
P1_2022H2_2023,RC16,US30_BOOK,54,2023.08.10 13:30:00,2023-08-10,2023.08.10 17:30:00,CLOSE,8.9636,2.342999999999956,0.2613905127404119,0,MIXED,0.0023055426670658477,0.0009670743278874724,0.18477969423324425,-0.02631578947368421
P1_2022H2_2023,RC4,US30_BOOK,41,2023.08.10 13:00:00,2023-08-10,2023.08.10 19:00:00,CLOSE,8.9636,0.052999999999956346,0.0059128028916904316,0,MIXED,0.0023055426670658477,0.0009670743278874724,-0.09755359221157392,-0.1509433962264151
P1_2022H2_2023,Cross,US100_BOOK,206,2023.08.10 17:00:00,2023-08-10,2023.08.10 21:00:00,CLOSE,8.9636,-2.7950000000000004,-0.31181668079789376,0,MIXED,0.0023055426670658477,0.0009670743278874724,-0.3205204530059161,-0.006993006993006993
P1_2022H2_2023,Cross,US100_BOOK,207,2023.08.11 17:00:00,2023-08-11,2023.08.11 21:00:00,CLOSE,8.9477,-0.04349999999998545,-0.004861584541277139,0,RISK_OFF,0.0036126942872496525,-0.0005669953547650653,-0.01356535674929948,-0.006993006993006993
P1_2022H2_2023,Return,US30_BOOK,79,2023.08.11 16:00:00,2023-08-11,2023.08.11 22:00:00,CLOSE,8.9477,2.082000000000044,0.23268549459638163,0,RISK_OFF,0.0036126942872496525,-0.0005669953547650653,0.1607066275451132,-0.09523809523809523
P1_2022H2_2023,Passive,US100_BOOK,158,2023.08.14 13:07:31,2023-08-14,2023.08.14 14:00:00,CLOSE,9.0292,0.045,0.004983830239666859,0,MIXED,0.0005695847149954183,4.139815364827097e-05,-0.0016690838555986354,-0.009389671361502348
P1_2022H2_2023,Cross,US100_BOOK,208,2023.08.14 17:00:00,2023-08-14,2023.08.14 21:00:00,CLOSE,9.031,1.0650000000000002,0.1179271398516222,0,MIXED,0.0005695847149954183,4.139815364827097e-05,0.10922336764359986,-0.006993006993006993
P1_2022H2_2023,Return,US30_BOOK,80,2023.08.14 16:00:00,2023-08-14,2023.08.14 22:00:00,CLOSE,9.031,-0.33799999999995634,-0.03742664156792784,0,MIXED,0.0005695847149954183,4.139815364827097e-05,-0.10940550861919628,-0.09523809523809523
P1_2022H2_2023,Passive,US100_BOOK,159,2023.08.15 13:05:16,2023-08-15,2023.08.15 14:30:00,CLOSE,9.0601,-0.085,-0.009381794902926018,0,RISK_ON,-0.0014745820973014975,0.0008861381787548157,-0.01603470899819151,-0.009389671361502348
P1_2022H2_2023,Passive,US100_BOOK,160,2023.08.15 15:02:00,2023-08-15,2023.08.15 16:15:00,CLOSE,9.0567,0.495,0.05465566928351387,0,RISK_ON,-0.0014745820973014975,0.0008861381787548157,0.048002755188248376,-0.009389671361502348
P1_2022H2_2023,Pressure,US30_BOOK,27,2023.08.15 15:00:00,2023-08-15,2023.08.15 19:00:00,CLOSE,9.0567,-0.07700000000004366,-0.008501992999662533,0,RISK_ON,-0.0014745820973014975,0.0008861381787548157,-0.03701176579256177,-0.05714285714285714
P1_2022H2_2023,Cross,US100_BOOK,209,2023.08.15 17:00:00,2023-08-15,2023.08.15 21:00:00,CLOSE,9.0765,0.21500000000000002,0.023687544758442137,0,RISK_ON,-0.0014745820973014975,0.0008861381787548157,0.014983772550419794,-0.006993006993006993
P1_2022H2_2023,Return,US30_BOOK,81,2023.08.15 16:00:00,2023-08-15,2023.08.15 22:00:00,CLOSE,9.0567,-0.09799999999995634,-0.010820718363195906,0,RISK_ON,-0.0014745820973014975,0.0008861381787548157,-0.08279958541446435,-0.09523809523809523
P1_2022H2_2023,Passive,US100_BOOK,161,2023.08.16 16:31:34,2023-08-16,2023.08.16 17:00:00,CLOSE,9.0781,0.375,0.041308203258391074,0,MIXED,0.0021436685944301232,2.0616643817231424e-05,0.03465528916312558,-0.009389671361502348
P1_2022H2_2023,Cross,US100_BOOK,210,2023.08.16 17:00:00,2023-08-16,2023.08.16 21:00:00,CLOSE,9.0931,0.4920000000000073,0.05410696022258717,0,MIXED,0.0021436685944301232,2.0616643817231424e-05,0.045403188014564826,-0.006993006993006993
P1_2022H2_2023,Return,US30_BOOK,82,2023.08.16 16:00:00,2023-08-16,2023.08.16 22:00:00,CLOSE,9.0781,0.07200000000004365,0.007931175025615895,0,MIXED,0.0021436685944301232,2.0616643817231424e-05,-0.06404769202565254,-0.09523809523809523
P1_2022H2_2023,RC4,US30_BOOK,42,2023.08.17 13:00:00,2023-08-17,2023.08.17 19:00:00,CLOSE,9.1156,-0.9470000000000437,-0.10388784062486765,0,RISK_OFF,0.0010089991954656036,-0.0005537609740031604,-0.207354235728132,-0.1509433962264151
P1_2022H2_2023,Cross,US100_BOOK,211,2023.08.17 17:00:00,2023-08-17,2023.08.17 21:00:00,CLOSE,9.1156,0.475,0.05210847338628285,0,RISK_OFF,0.0010089991954656036,-0.0005537609740031604,0.04340470117826051,-0.006993006993006993
P1_2022H2_2023,Passive,US100_BOOK,162,2023.08.18 14:17:04,2023-08-18,2023.08.18 17:45:00,CLOSE,9.0968,0.045,0.004946794477178788,0,RISK_OFF,0.0013116767540072936,-0.0016747318509861935,-0.0017061196180867067,-0.009389671361502348
P1_2022H2_2023,Pressure,US30_BOOK,28,2023.08.18 15:00:00,2023-08-18,2023.08.18 19:00:00,CLOSE,9.0968,-2.1470000000000438,-0.23601706094451277,0,RISK_OFF,0.0013116767540072936,-0.0016747318509861935,-0.26452683373741204,-0.05714285714285714
P1_2022H2_2023,Return,US30_BOOK,83,2023.08.18 16:00:00,2023-08-18,2023.08.18 22:00:00,CLOSE,9.0968,1.6120000000000436,0.17720517104916494,0,RISK_OFF,0.0013116767540072936,-0.0016747318509861935,0.10522630399789651,-0.09523809523809523
P1_2022H2_2023,Passive,US100_BOOK,163,2023.08.21 13:09:27,2023-08-21,2023.08.21 14:00:00,CLOSE,9.0772,0.185,0.020380734147093817,0,RISK_ON,-0.00047113255312150013,0.0027221937330543515,0.013727820051828323,-0.009389671361502348
P1_2022H2_2023,Cross,US100_BOOK,212,2023.08.21 17:00:00,2023-08-21,2023.08.21 21:00:00,CLOSE,9.0846,0.27499999999999997,0.030271008079607243,0,RISK_ON,-0.00047113255312150013,0.0027221937330543515,0.0215672358715849,-0.006993006993006993
P1_2022H2_2023,Passive,US100_BOOK,164,2023.08.22 12:31:48,2023-08-22,2023.08.22 14:15:00,CLOSE,9.0956,-0.105,-0.011544043273670786,0,RISK_OFF,0.0026457412173093806,-0.003434744999876066,-0.01819695736893628,-0.009389671361502348
P1_2022H2_2023,Passive,US100_BOOK,165,2023.08.22 15:30:23,2023-08-22,2023.08.22 16:45:00,CLOSE,9.0914,0.615,0.06764634709725674,0,RISK_OFF,0.0026457412173093806,-0.003434744999876066,0.06099343300199125,-0.009389671361502348
P1_2022H2_2023,RC4,US30_BOOK,43,2023.08.22 13:00:00,2023-08-22,2023.08.22 17:00:08,EXTERNAL_CLOSE,9.0956,-1.1679999999999562,-0.12841373851092355,1,RISK_OFF,0.0026457412173093806,-0.003434744999876066,-0.2318801336141879,0.8490566037735849
P1_2022H2_2023,Cross,US100_BOOK,213,2023.08.22 17:00:00,2023-08-22,2023.08.22 21:00:00,CLOSE,9.116,0.425,0.046621325142606404,0,RISK_OFF,0.0026457412173093806,-0.003434744999876066,0.03791755293458406,-0.006993006993006993
P1_2022H2_2023,RC16,US30_BOOK,55,2023.08.23 13:30:00,2023-08-23,2023.08.23 17:30:00,CLOSE,9.0862,-0.32700000000004364,-0.035988642116621214,0,RISK_OFF,0.0031197990334395674,-0.0030018397633702976,-0.11259946062378888,-0.02631578947368421
P1_2022H2_2023,Cross,US100_BOOK,214,2023.08.23 17:00:00,2023-08-23,2023.08.23 21:00:00,CLOSE,9.0862,1.345,0.1480266778191103,0,RISK_OFF,0.0031197990334395674,-0.0030018397633702976,0.13932290561108795,-0.006993006993006993
P1_2022H2_2023,Return,US30_BOOK,84,2023.08.23 16:00:00,2023-08-23,2023.08.23 22:00:00,CLOSE,9.0862,1.3120000000000438,0.1443947965045942,0,RISK_OFF,0.0031197990334395674,-0.0030018397633702976,0.07241592945332576,-0.09523809523809523
P1_2022H2_2023,Cross,US100_BOOK,215,2023.08.24 17:00:00,2023-08-24,2023.08.24 21:00:00,CLOSE,9.1794,2.4549999999999996,0.26744667407455824,0,MIXED,0.0025498046711784094,0.0036059181581466863,0.2587429018665359,-0.006993006993006993
P1_2022H2_2023,Return,US30_BOOK,85,2023.08.24 16:00:00,2023-08-24,2023.08.24 22:00:00,CLOSE,9.1794,-2.2179999999999565,-0.24162799311501368,0,MIXED,0.0025498046711784094,0.0036059181581466863,-0.31360686016628214,-0.09523809523809523
P1_2022H2_2023,RC16,US30_BOOK,56,2023.08.25 13:30:00,2023-08-25,2023.08.25 17:30:00,CLOSE,9.1889,-0.8370000000000436,-0.09108816071565079,0,RISK_ON,-0.0008245873616473809,0.0014392140264980196,-0.16769897922281846,-0.02631578947368421
P1_2022H2_2023,RC4,US30_BOOK,44,2023.08.25 13:00:00,2023-08-25,2023.08.25 19:00:00,CLOSE,9.1889,-0.24700000000004366,-0.026880257702232437,0,RISK_ON,-0.0008245873616473809,0.0014392140264980196,-0.1303466528054968,-0.1509433962264151
P1_2022H2_2023,Cross,US100_BOOK,216,2023.08.25 17:00:00,2023-08-25,2023.08.25 21:00:00,CLOSE,9.1889,-0.7384999999999854,-0.0803687057210314,0,RISK_ON,-0.0008245873616473809,0.0014392140264980196,-0.08907247792905375,-0.006993006993006993
P1_2022H2_2023,RC4,US30_BOOK,45,2023.08.28 13:00:00,2023-08-28,2023.08.28 19:00:00,CLOSE,9.116,1.0029999999999564,0.11002632733654634,0,RISK_ON,-0.0004751697776999169,0.0010856615236626106,0.006559932233281995,-0.1509433962264151
P1_2022H2_2023,Cross,US100_BOOK,217,2023.08.28 17:00:00,2023-08-28,2023.08.28 21:00:00,CLOSE,9.116,0.375,0.0411364633611233,0,RISK_ON,-0.0004751697776999169,0.0010856615236626106,0.03243269115310096,-0.006993006993006993
P1_2022H2_2023,Cross,US100_BOOK,218,2023.08.29 17:00:00,2023-08-29,2023.08.29 21:00:00,CLOSE,9.1711,2.1149999999999998,0.2306157385700734,0,MIXED,0.0014572709979784038,8.191182196942335e-05,0.22191196636205104,-0.006993006993006993
P1_2022H2_2023,Passive,US100_BOOK,166,2023.08.30 15:45:55,2023-08-30,2023.08.30 17:30:00,CLOSE,9.2557,0.195,0.021068098577093037,0,RISK_ON,-0.0006401189600860102,0.00392747682403369,0.014415184481827542,-0.009389671361502348
P1_2022H2_2023,Cross,US100_BOOK,219,2023.08.30 17:00:00,2023-08-30,2023.08.30 21:00:00,CLOSE,9.2557,-0.235,-0.025389759823676222,0,RISK_ON,-0.0006401189600860102,0.00392747682403369,-0.03409353203169856,-0.006993006993006993
P1_2022H2_2023,RC16,US30_BOOK,57,2023.08.31 13:30:00,2023-08-31,2023.08.31 17:30:00,CLOSE,9.2541,-0.20700000000004365,-0.022368463707982802,0,RISK_OFF,0.0008747196309681443,-0.001465292019566415,-0.09897928221515047,-0.02631578947368421
P1_2022H2_2023,Cross,US100_BOOK,220,2023.08.31 17:00:00,2023-08-31,2023.08.31 21:00:00,CLOSE,9.2541,-0.135,-0.0145881285052031,0,RISK_OFF,0.0008747196309681443,-0.001465292019566415,-0.02329190071322544,-0.006993006993006993
P1_2022H2_2023,Passive,US100_BOOK,167,2023.09.01 12:46:41,2023-09-01,2023.09.01 13:45:00,CLOSE,9.2405,-0.075,-0.008116443915372544,0,MIXED,0.0016019824735490442,4.1249871100022306e-05,-0.014769358010638039,-0.009389671361502348
P1_2022H2_2023,Passive,US100_BOOK,168,2023.09.01 15:46:03,2023-09-01,2023.09.01 16:45:00,CLOSE,9.2375,0.735,0.07956698240866035,0,MIXED,0.0016019824735490442,4.1249871100022306e-05,0.07291406831339485,-0.009389671361502348
P1_2022H2_2023,Cross,US100_BOOK,221,2023.09.01 17:00:00,2023-09-01,2023.09.01 21:00:00,CLOSE,9.2669,0.4169999999999891,0.04499886693500406,0,MIXED,0.0016019824735490442,4.1249871100022306e-05,0.03629509472698172,-0.006993006993006993
P1_2022H2_2023,RC16,US30_BOOK,58,2023.09.04 13:30:00,2023-09-04,2023.09.04 17:30:00,CLOSE,9.2835,-1.3570000000000437,-0.14617331825281885,0,MIXED,0.0018228166011094273,0.0022630863511999225,-0.2227841367599865,-0.02631578947368421
P1_2022H2_2023,RC4,US30_BOOK,46,2023.09.04 13:00:00,2023-09-04,2023.09.04 19:00:00,CLOSE,9.2835,1.0929999999999565,0.11773576775999961,0,MIXED,0.0018228166011094273,0.0022630863511999225,0.014269372656735266,-0.1509433962264151
P1_2022H2_2023,Cross,US100_BOOK,222,2023.09.05 17:00:00,2023-09-05,2023.09.05 21:00:00,CLOSE,9.273,0.875,0.09435996980480967,0,RISK_ON,-0.0023815131532516983,0.004540875612844651,0.08565619759678732,-0.006993006993006993
P1_2022H2_2023,Passive,US100_BOOK,169,2023.09.07 15:46:42,2023-09-07,2023.09.07 18:45:00,CLOSE,9.308,0.255,0.02739578856897293,0,RISK_OFF,0.001089816064542913,-0.0012538931631574156,0.020742874473707436,-0.009389671361502348
P1_2022H2_2023,Cross,US100_BOOK,223,2023.09.07 17:00:00,2023-09-07,2023.09.07 21:00:00,CLOSE,9.308,-0.895,-0.09615384615384616,0,RISK_OFF,0.001089816064542913,-0.0012538931631574156,-0.10485761836186851,-0.006993006993006993
P1_2022H2_2023,Return,US30_BOOK,86,2023.09.07 16:00:00,2023-09-07,2023.09.07 22:00:00,CLOSE,9.308,1.3820000000000436,0.1484744305973403,0,RISK_OFF,0.001089816064542913,-0.0012538931631574156,0.07649556354607187,-0.09523809523809523
P1_2022H2_2023,Passive,US100_BOOK,170,2023.09.08 12:15:33,2023-09-08,2023.09.08 15:15:00,CLOSE,9.3377,0.15500000000000003,0.016599376720177347,0,MIXED,0.002700250594294002,0.0012015193535812897,0.009946462624911853,-0.009389671361502348
P1_2022H2_2023,Cross,US100_BOOK,224,2023.09.08 17:00:00,2023-09-08,2023.09.08 21:00:00,CLOSE,9.3439,-0.095,-0.010167060863236979,0,MIXED,0.002700250594294002,0.0012015193535812897,-0.01887083307125932,-0.006993006993006993
P1_2022H2_2023,Cross,US100_BOOK,225,2023.09.11 17:00:00,2023-09-11,2023.09.11 21:00:00,CLOSE,9.3401,-1.065,-0.11402447511268615,0,RISK_OFF,0.004210707641012428,-0.0042755652510521255,-0.1227282473207085,-0.006993006993006993
P1_2022H2_2023,Passive,US100_BOOK,171,2023.09.12 12:19:53,2023-09-12,2023.09.12 13:15:01,CLOSE,9.2975,0.135,0.014520032266738373,0,RISK_ON,-0.0012650354777661555,0.0020322715234174804,0.007867118171472879,-0.009389671361502348
P1_2022H2_2023,Cross,US100_BOOK,226,2023.09.12 17:00:00,2023-09-12,2023.09.12 21:00:00,CLOSE,9.3029,-1.115,-0.11985509894763999,0,RISK_ON,-0.0012650354777661555,0.0020322715234174804,-0.12855887115566234,-0.006993006993006993
P1_2022H2_2023,Cross,US100_BOOK,227,2023.09.13 17:00:00,2023-09-13,2023.09.13 21:00:00,CLOSE,9.2583,0.545,0.058866098527807484,0,RISK_ON,-8.367150571744931e-05,0.0013863877989412072,0.05016232631978514,-0.006993006993006993
P1_2022H2_2023,RC16,US30_BOOK,59,2023.09.14 13:30:00,2023-09-14,2023.09.14 17:30:00,CLOSE,9.2801,0.5529999999999563,0.05958987510909972,0,MIXED,-0.0008385612876935482,-0.0003869272930439587,-0.017020943398067943,-0.02631578947368421
P1_2022H2_2023,Cross,US100_BOOK,228,2023.09.14 17:00:00,2023-09-14,2023.09.14 21:00:00,CLOSE,9.2801,-1.005,-0.10829624680768526,0,MIXED,-0.0008385612876935482,-0.0003869272930439587,-0.11700001901570761,-0.006993006993006993
P1_2022H2_2023,RC16,US30_BOOK,60,2023.09.15 13:30:00,2023-09-15,2023.09.15 17:30:00,CLOSE,9.262,-2.407000000000044,-0.25987907579356984,0,MIXED,0.0037610525122273235,0.0021474572410426778,-0.3364898943007375,-0.02631578947368421
P1_2022H2_2023,Cross,US100_BOOK,229,2023.09.15 17:00:00,2023-09-15,2023.09.15 21:00:00,CLOSE,9.262,1.115,0.12038436622759663,0,MIXED,0.0037610525122273235,0.0021474572410426778,0.11168059401957428,-0.006993006993006993
P1_2022H2_2023,Return,US30_BOOK,87,2023.09.15 16:00:00,2023-09-15,2023.09.15 22:00:00,CLOSE,9.262,-2.3879999999999564,-0.25782768300582554,0,MIXED,0.0037610525122273235,0.0021474572410426778,-0.329806550057094,-0.09523809523809523
P1_2022H2_2023,Passive,US100_BOOK,172,2023.09.18 14:47:24,2023-09-18,2023.09.18 16:45:00,CLOSE,9.1148,0.535,0.05869574757537192,0,RISK_OFF,0.0010077347082384659,-0.0003860310972280562,0.05204283348010643,-0.009389671361502348
P1_2022H2_2023,Cross,US100_BOOK,230,2023.09.18 17:00:00,2023-09-18,2023.09.18 21:00:00,CLOSE,9.1362,0.265,0.02900549462577439,0,RISK_OFF,0.0010077347082384659,-0.0003860310972280562,0.02030172241775205,-0.006993006993006993
P1_2022H2_2023,Passive,US100_BOOK,173,2023.09.19 16:01:27,2023-09-19,2023.09.19 20:00:00,CLOSE,9.1468,-0.805,-0.08800892115275287,0,RISK_ON,-2.0685625042743487e-05,0.0007450000683213419,-0.09466183524801837,-0.009389671361502348
P1_2022H2_2023,Cross,US100_BOOK,231,2023.09.19 17:00:00,2023-09-19,2023.09.19 21:00:00,CLOSE,9.1468,-0.715,-0.07816941444002273,0,RISK_ON,-2.0685625042743487e-05,0.0007450000683213419,-0.08687318664804508,-0.006993006993006993
P1_2022H2_2023,Return,US30_BOOK,88,2023.09.19 16:00:00,2023-09-19,2023.09.19 22:00:00,CLOSE,9.1468,-1.2079999999999562,-0.13206804565530636,0,RISK_ON,-2.0685625042743487e-05,0.0007450000683213419,-0.2040469127065748,-0.09523809523809523
P1_2022H2_2023,Cross,US100_BOOK,232,2023.09.20 17:00:00,2023-09-20,2023.09.20 21:00:00,CLOSE,9.0377,0.36899999999999633,0.04082897197295732,0,RISK_ON,-0.0015642889561368518,0.0019332037033125686,0.03212519976493498,-0.006993006993006993
P1_2022H2_2023,Passive,US100_BOOK,174,2023.09.21 13:01:40,2023-09-21,2023.09.21 17:00:00,CLOSE,9.0524,-1.095,-0.12096239671247404,0,MIXED,-0.00429128418743751,-0.000715080814361441,-0.12761531080773952,-0.009389671361502348
P1_2022H2_2023,Pressure,US30_BOOK,29,2023.09.21 15:00:00,2023-09-21,2023.09.21 19:00:00,CLOSE,9.0524,-0.04700000000004366,-0.005191993283553937,0,MIXED,-0.00429128418743751,-0.000715080814361441,-0.03370176607645318,-0.05714285714285714
P1_2022H2_2023,Return,US30_BOOK,89,2023.09.21 16:00:00,2023-09-21,2023.09.21 22:00:00,CLOSE,9.0524,-0.7279999999999563,-0.08042066192390486,0,MIXED,-0.00429128418743751,-0.000715080814361441,-0.15239952897517328,-0.09523809523809523
P1_2022H2_2023,Passive,US100_BOOK,175,2023.09.22 15:31:21,2023-09-22,2023.09.22 16:45:00,CLOSE,8.9776,0.6040000000000145,0.0672785599714862,0,MIXED,0.0035252313866927887,0.005545313216631717,0.060625645876220706,-0.009389671361502348
P1_2022H2_2023,Cross,US100_BOOK,233,2023.09.22 17:00:00,2023-09-22,2023.09.22 21:00:00,CLOSE,9.0018,-0.395,-0.04388011286631563,0,MIXED,0.0035252313866927887,0.005545313216631717,-0.05258388507433797,-0.006993006993006993
P1_2022H2_2023,Passive,US100_BOOK,176,2023.09.25 12:16:21,2023-09-25,2023.09.25 14:45:00,CLOSE,8.986,-0.22499999999999998,-0.02503894947696416,0,RISK_ON,-0.0016274750436702369,0.002190108999371813,-0.03169186357222965,-0.009389671361502348
P1_2022H2_2023,Pressure,US30_BOOK,30,2023.09.25 15:00:00,2023-09-25,2023.09.25 19:00:00,CLOSE,8.977,-0.6270000000000436,-0.06984515985296241,0,RISK_ON,-0.0016274750436702369,0.002190108999371813,-0.09835493264586165,-0.05714285714285714
P1_2022H2_2023,Cross,US100_BOOK,234,2023.09.25 17:00:00,2023-09-25,2023.09.25 21:00:00,CLOSE,8.977,0.245,0.027291968363595855,0,RISK_ON,-0.0016274750436702369,0.002190108999371813,0.018588196155573514,-0.006993006993006993
P1_2022H2_2023,Cross,US100_BOOK,235,2023.09.26 17:00:00,2023-09-26,2023.09.26 21:00:00,CLOSE,8.9617,0.2719999999999891,0.030351384223974143,0,RISK_ON,-0.001081067071380003,0.0004836467055161927,0.0216476120159518,-0.006993006993006993
P1_2022H2_2023,Return,US30_BOOK,90,2023.09.26 16:00:00,2023-09-26,2023.09.26 22:00:00,CLOSE,8.9617,-2.380999999999985,-0.2656861979311944,0,RISK_ON,-0.001081067071380003,0.0004836467055161927,-0.33766506498246285,-0.09523809523809523
P1_2022H2_2023,Cross,US100_BOOK,236,2023.09.27 17:00:00,2023-09-27,2023.09.27 21:00:00,CLOSE,8.8773,-1.4549999999999998,-0.16390118617147104,0,RISK_ON,-0.0020489813621544276,0.0001744451307394355,-0.17260495837949338,-0.006993006993006993
P1_2022H2_2023,Cross,US100_BOOK,237,2023.09.28 17:00:00,2023-09-28,2023.09.28 21:00:00,CLOSE,8.8191,1.0250000000000001,0.11622501162250116,0,MIXED,-0.000896014396175816,-0.0005956504310530105,0.10752123941447882,-0.006993006993006993
P1_2022H2_2023,RC4,US30_BOOK,47,2023.09.29 13:00:00,2023-09-29,2023.09.29 17:17:13,EXTERNAL_CLOSE,8.8601,-1.1370000000000438,-0.1283281227074236,1,RISK_OFF,0.0032646362169531287,-0.0009119316146888974,-0.23179451781068794,0.8490566037735849
P1_2022H2_2023,Cross,US100_BOOK,238,2023.09.29 17:00:00,2023-09-29,2023.09.29 21:00:00,CLOSE,8.8601,-2.125,-0.23983927946637174,0,RISK_OFF,0.0032646362169531287,-0.0009119316146888974,-0.24854305167439408,-0.006993006993006993
P1_2022H2_2023,Passive,US100_BOOK,177,2023.10.02 13:11:41,2023-10-02,2023.10.02 16:45:00,CLOSE,8.7297,0.585,0.06701261211725489,0,RISK_ON,-0.004675059902496779,0.0010023723649931512,0.06035969802198939,-0.009389671361502348
P1_2022H2_2023,Pressure,US30_BOOK,31,2023.10.02 15:00:00,2023-10-02,2023.10.02 19:00:00,CLOSE,8.7297,1.3629999999999562,0.15613365865951365,0,RISK_ON,-0.004675059902496779,0.0010023723649931512,0.1276238858666144,-0.05714285714285714
P1_2022H2_2023,Cross,US100_BOOK,239,2023.10.02 17:00:00,2023-10-02,2023.10.02 21:00:00,CLOSE,8.7531,-0.10100000000000364,-0.011538769121797266,0,RISK_ON,-0.004675059902496779,0.0010023723649931512,-0.02024254132981961,-0.006993006993006993
P1_2022H2_2023,Return,US30_BOOK,91,2023.10.02 16:00:00,2023-10-02,2023.10.02 22:00:00,CLOSE,8.7297,-1.3170000000000437,-0.15086429086910705,0,RISK_ON,-0.004675059902496779,0.0010023723649931512,-0.22284315792037548,-0.09523809523809523
P1_2022H2_2023,Passive,US100_BOOK,178,2023.10.03 14:18:29,2023-10-03,2023.10.03 17:00:00,CLOSE,8.7509,0.185,0.021140682672639386,0,MIXED,-0.0015430159715861056,0.0,0.014487768577373892,-0.009389671361502348
P1_2022H2_2023,RC16,US30_BOOK,61,2023.10.03 13:30:00,2023-10-03,2023.10.03 17:30:00,CLOSE,8.7509,-3.477000000000044,-0.39733056028523284,0,MIXED,-0.0015430159715861056,0.0,-0.4739413787924005,-0.02631578947368421
P1_2022H2_2023,Pressure,US30_BOOK,32,2023.10.03 15:00:00,2023-10-03,2023.10.03 19:00:00,CLOSE,8.7509,2.772999999999956,0.3168816921688005,0,MIXED,-0.0015430159715861056,0.0,0.2883719193759013,-0.05714285714285714
P1_2022H2_2023,Cross,US100_BOOK,240,2023.10.03 17:00:00,2023-10-03,2023.10.03 21:00:00,CLOSE,8.7583,-2.5450000000000004,-0.29058150554331325,0,MIXED,-0.0015430159715861056,0.0,-0.29928527775133557,-0.006993006993006993
P1_2022H2_2023,Passive,US100_BOOK,179,2023.10.04 12:31:03,2023-10-04,2023.10.04 16:30:00,CLOSE,8.6283,-0.645,-0.07475400716247697,0,MIXED,0.0002139606594859772,0.00021481556152802835,-0.08140692125774247,-0.009389671361502348
P1_2022H2_2023,Pressure,US30_BOOK,33,2023.10.04 15:00:00,2023-10-04,2023.10.04 19:00:00,CLOSE,8.6283,0.5229999999999564,0.060614489528639064,0,MIXED,0.0002139606594859772,0.00021481556152802835,0.03210471673573982,-0.05714285714285714
P1_2022H2_2023,Cross,US100_BOOK,241,2023.10.04 17:00:00,2023-10-04,2023.10.04 21:00:00,CLOSE,8.6025,0.20500000000000002,0.02383028189479803,0,MIXED,0.0002139606594859772,0.00021481556152802835,0.015126509686775686,-0.006993006993006993
P1_2022H2_2023,Passive,US100_BOOK,180,2023.10.05 15:01:42,2023-10-05,2023.10.05 15:45:00,CLOSE,8.6316,0.785,0.09094490013438991,0,RISK_ON,-0.001372811953691021,0.0006780639855372666,0.08429198603912441,-0.009389671361502348
P1_2022H2_2023,Cross,US100_BOOK,242,2023.10.05 17:00:00,2023-10-05,2023.10.05 21:00:00,CLOSE,8.663,-0.235,-0.027126861364423407,0,RISK_ON,-0.001372811953691021,0.0006780639855372666,-0.03583063357244575,-0.006993006993006993
P1_2022H2_2023,Passive,US100_BOOK,181,2023.10.06 15:45:34,2023-10-06,2023.10.06 17:45:00,CLOSE,8.6536,1.715,0.1981834149949154,0,MIXED,0.0009225650156547223,0.0036870369901133206,0.1915305008996499,-0.009389671361502348
P1_2022H2_2023,RC4,US30_BOOK,48,2023.10.06 13:00:00,2023-10-06,2023.10.06 19:00:00,CLOSE,8.6536,2.9329999999999563,0.33893408523619717,0,MIXED,0.0009225650156547223,0.0036870369901133206,0.23546769013293284,-0.1509433962264151
P1_2022H2_2023,Return,US30_BOOK,92,2023.10.06 16:00:00,2023-10-06,2023.10.06 22:00:00,CLOSE,8.6536,6.282999999999956,0.7260562078210173,0,MIXED,0.0009225650156547223,0.0036870369901133206,0.6540773407697489,-0.09523809523809523
P1_2022H2_2023,Cross,US100_BOOK,243,2023.10.09 17:00:00,2023-10-09,2023.10.09 21:00:00,CLOSE,9.0909,-1.4149999999999998,-0.15565015565015564,0,MIXED,0.0019095072729462524,0.0005902475186456426,-0.16435392785817798,-0.006993006993006993
P1_2022H2_2023,Passive,US100_BOOK,182,2023.10.10 14:58:52,2023-10-10,2023.10.10 17:00:00,CLOSE,9.0343,0.615,0.06807389615133436,0,RISK_ON,-0.001629028239207698,0.002455590390305259,0.061420982056068864,-0.009389671361502348
P1_2022H2_2023,RC16,US30_BOOK,62,2023.10.10 13:30:00,2023-10-10,2023.10.10 17:30:00,CLOSE,9.0343,0.8029999999999563,0.08888347741385125,0,RISK_ON,-0.001629028239207698,0.002455590390305259,0.012272658906683581,-0.02631578947368421
P1_2022H2_2023,Cross,US100_BOOK,244,2023.10.10 17:00:00,2023-10-10,2023.10.10 21:00:00,CLOSE,9.0589,0.475,0.05243462230513639,0,RISK_ON,-0.001629028239207698,0.002455590390305259,0.04373085009711405,-0.006993006993006993
P1_2022H2_2023,Passive,US100_BOOK,183,2023.10.11 14:33:51,2023-10-11,2023.10.11 17:00:01,CLOSE,9.11,0.115,0.012623490669593854,0,MIXED,0.005110629465401216,0.000174913384683336,0.005970576574328359,-0.009389671361502348
P1_2022H2_2023,RC16,US30_BOOK,63,2023.10.11 13:30:00,2023-10-11,2023.10.11 17:30:00,CLOSE,9.11,-0.04700000000004366,-0.005159165751925759,0,MIXED,0.005110629465401216,0.000174913384683336,-0.08176998425909343,-0.02631578947368421
P1_2022H2_2023,Cross,US100_BOOK,245,2023.10.11 17:00:01,2023-10-11,2023.10.11 21:00:00,CLOSE,9.1146,-0.5260000000000036,-0.05770960875957295,0,MIXED,0.005110629465401216,0.000174913384683336,-0.06641338096759529,-0.006993006993006993
P1_2022H2_2023,Passive,US100_BOOK,184,2023.10.12 16:08:40,2023-10-12,2023.10.12 17:15:00,CLOSE,9.0917,0.615,0.0676441149619983,0,RISK_OFF,0.002876044547893481,-0.00022804558327601342,0.06099120086673281,-0.009389671361502348
P1_2022H2_2023,RC16,US30_BOOK,64,2023.10.12 13:30:00,2023-10-12,2023.10.12 17:30:00,CLOSE,9.0917,-2.467000000000044,-0.2713463928638257,0,RISK_OFF,0.002876044547893481,-0.00022804558327601342,-0.3479572113709934,-0.02631578947368421
P1_2022H2_2023,Cross,US100_BOOK,246,2023.10.12 17:00:00,2023-10-12,2023.10.12 21:00:00,CLOSE,9.0917,-1.095,-0.12043952176160674,0,RISK_OFF,0.002876044547893481,-0.00022804558327601342,-0.1291432939696291,-0.006993006993006993
P1_2022H2_2023,Passive,US100_BOOK,185,2023.10.13 12:49:06,2023-10-13,2023.10.13 15:30:00,CLOSE,8.9738,0.255,0.028416055628607724,0,RISK_OFF,0.007994584972206216,-0.00035399057953232273,0.02176314153334223,-0.009389671361502348
P1_2022H2_2023,Passive,US100_BOOK,186,2023.10.13 16:01:26,2023-10-13,2023.10.13 17:30:00,CLOSE,8.984,0.535,0.05955031166518255,0,RISK_OFF,0.007994584972206216,-0.00035399057953232273,0.05289739756991706,-0.009389671361502348
P1_2022H2_2023,Cross,US100_BOOK,247,2023.10.13 17:00:00,2023-10-13,2023.10.13 21:00:00,CLOSE,8.984,2.2114999999999965,0.2461598397150486,0,RISK_OFF,0.007994584972206216,-0.00035399057953232273,0.23745606750702625,-0.006993006993006993
P1_2022H2_2023,RC16,US30_BOOK,65,2023.10.16 13:30:00,2023-10-16,2023.10.16 17:30:00,CLOSE,9.0938,1.7629999999999564,0.19386834986473822,0,RISK_ON,-0.009144277763607836,0.0010240107980899991,0.11725753135757055,-0.02631578947368421
P1_2022H2_2023,Cross,US100_BOOK,248,2023.10.16 17:00:00,2023-10-16,2023.10.16 21:00:00,CLOSE,9.0938,0.795,0.08742219974048253,0,RISK_ON,-0.009144277763607836,0.0010240107980899991,0.07871842753246018,-0.006993006993006993
P1_2022H2_2023,Passive,US100_BOOK,187,2023.10.17 14:26:29,2023-10-17,2023.10.17 15:00:00,CLOSE,9.1962,0.15500000000000003,0.016854787847154263,0,RISK_ON,-0.0004792515432986608,0.0010629657743178068,0.010201873751888768,-0.009389671361502348
P1_2022H2_2023,Passive,US100_BOOK,188,2023.10.17 15:45:05,2023-10-17,2023.10.17 18:15:00,CLOSE,9.2024,0.185,0.0201034512735808,0,RISK_ON,-0.0004792515432986608,0.0010629657743178068,0.013450537178315307,-0.009389671361502348
P1_2022H2_2023,Cross,US100_BOOK,249,2023.10.17 17:00:00,2023-10-17,2023.10.17 21:00:00,CLOSE,9.2024,-1.285,-0.13963748587325042,0,RISK_ON,-0.0004792515432986608,0.0010629657743178068,-0.14834125808127277,-0.006993006993006993
P1_2022H2_2023,Cross,US100_BOOK,250,2023.10.18 17:00:00,2023-10-18,2023.10.18 21:00:00,CLOSE,9.1584,-0.535,-0.05841631726065689,0,RISK_OFF,0.007534659963126649,-3.338463439119924e-05,-0.06712008946867923,-0.006993006993006993
P1_2022H2_2023,Return,US30_BOOK,93,2023.10.18 16:00:00,2023-10-18,2023.10.18 22:00:00,CLOSE,9.1584,-1.5270000000000437,-0.1667321802935058,0,RISK_OFF,0.007534659963126649,-3.338463439119924e-05,-0.23871104734477425,-0.09523809523809523
P1_2022H2_2023,Cross,US100_BOOK,251,2023.10.19 17:00:00,2023-10-19,2023.10.19 21:00:00,CLOSE,9.0759,0.645,0.07106733216540508,0,RISK_OFF,0.0009955355674174159,-0.00022690264639138924,0.062363559957382735,-0.006993006993006993
P1_2022H2_2023,Return,US30_BOOK,94,2023.10.20 16:00:00,2023-10-20,2023.10.20 22:00:00,CLOSE,9.1017,-1.0770000000000437,-0.11832954283266245,0,MIXED,0.0043499087209318285,0.0012345721774018811,-0.19030840988393088,-0.09523809523809523
P1_2022H2_2023,Passive,US100_BOOK,189,2023.10.23 12:29:51,2023-10-23,2023.10.23 15:15:00,CLOSE,9.0586,-0.085,-0.009383348420285697,0,MIXED,0.003047865948573595,0.00102763958916135,-0.01603626251555119,-0.009389671361502348
P1_2022H2_2023,Passive,US100_BOOK,190,2023.10.23 15:45:36,2023-10-23,2023.10.23 16:45:00,CLOSE,9.0552,0.965,0.10656860146656065,0,MIXED,0.003047865948573595,0.00102763958916135,0.09991568737129515,-0.009389671361502348
P1_2022H2_2023,Cross,US100_BOOK,252,2023.10.23 17:00:00,2023-10-23,2023.10.23 21:00:00,CLOSE,9.0938,-1.6249999999999998,-0.17869317557016867,0,MIXED,0.003047865948573595,0.00102763958916135,-0.18739694777819102,-0.006993006993006993
P1_2022H2_2023,Return,US30_BOOK,95,2023.10.23 16:00:00,2023-10-23,2023.10.23 22:00:00,CLOSE,9.0552,1.3529999999999565,0.14941690962098647,0,MIXED,0.003047865948573595,0.00102763958916135,0.07743804256971804,-0.09523809523809523
P1_2022H2_2023,RC16,US30_BOOK,66,2023.10.24 13:30:00,2023-10-24,2023.10.24 17:30:00,CLOSE,9.0829,2.062999999999956,0.22713010161952196,0,MIXED,-0.0002129353140983022,-0.0008490752610226627,0.1505192831123543,-0.02631578947368421
P1_2022H2_2023,Cross,US100_BOOK,253,2023.10.25 17:00:00,2023-10-25,2023.10.25 21:00:00,CLOSE,9.1654,1.5650000000000002,0.1707508673925852,0,RISK_ON,-1.014538334337978e-05,0.0002735457889337947,0.16204709518456284,-0.006993006993006993
P1_2022H2_2023,Passive,US100_BOOK,191,2023.10.26 13:32:33,2023-10-26,2023.10.26 14:15:00,CLOSE,9.228,0.39499999999999996,0.04280450801907239,0,MIXED,0.005486692209552524,0.001750235863440943,0.036151593923806895,-0.009389671361502348
P1_2022H2_2023,Cross,US100_BOOK,254,2023.10.26 17:00:00,2023-10-26,2023.10.26 21:00:00,CLOSE,9.2438,0.995,0.10763971526861248,0,MIXED,0.005486692209552524,0.001750235863440943,0.09893594306059013,-0.006993006993006993
P1_2022H2_2023,Pressure,US30_BOOK,34,2023.10.27 15:00:00,2023-10-27,2023.10.27 19:00:00,CLOSE,9.2836,0.4529999999999927,0.04879572579602662,0,RISK_OFF,0.0012187323671794294,-0.0019571562252612197,0.02028595300312738,-0.05714285714285714
P1_2022H2_2023,Cross,US100_BOOK,255,2023.10.27 17:00:00,2023-10-27,2023.10.27 21:00:00,CLOSE,9.2836,-0.8979999999999927,-0.0967297169201595,0,RISK_OFF,0.0012187323671794294,-0.0019571562252612197,-0.10543348912818185,-0.006993006993006993
P1_2022H2_2023,Return,US30_BOOK,96,2023.10.27 16:00:00,2023-10-27,2023.10.27 21:58:30,EXTERNAL_CLOSE,9.2836,-4.677000000000044,-0.5037916325563406,1,RISK_OFF,0.0012187323671794294,-0.0019571562252612197,-0.5757704996076091,0.9047619047619048
P1_2022H2_2023,RC16,US30_BOOK,67,2023.10.30 13:30:00,2023-10-30,2023.10.30 17:30:00,CLOSE,9.0788,0.8029999999999927,0.08844781248623086,0,RISK_ON,-0.005133065437854772,0.00047479095044298695,0.011836993979063196,-0.02631578947368421
P1_2022H2_2023,Cross,US100_BOOK,256,2023.10.30 17:00:00,2023-10-30,2023.10.30 21:00:00,CLOSE,9.0788,-0.365,-0.040203551130105306,0,RISK_ON,-0.005133065437854772,0.00047479095044298695,-0.048907323338127646,-0.006993006993006993
P1_2022H2_2023,Passive,US100_BOOK,192,2023.10.31 12:34:47,2023-10-31,2023.10.31 15:00:00,CLOSE,9.0963,-0.235,-0.0258346800347394,0,MIXED,0.000631167681124604,0.009224535304224039,-0.0324875941300049,-0.009389671361502348
P1_2022H2_2023,Cross,US100_BOOK,257,2023.10.31 17:00:00,2023-10-31,2023.10.31 21:00:00,CLOSE,9.0869,-1.4249999999999998,-0.1568191572483465,0,MIXED,0.000631167681124604,0.009224535304224039,-0.16552292945636884,-0.006993006993006993
P1_2022H2_2023,Return,US30_BOOK,97,2023.10.31 16:00:00,2023-10-31,2023.10.31 22:00:00,CLOSE,9.0869,1.1629999999999563,0.12798644202092643,0,MIXED,0.000631167681124604,0.009224535304224039,0.056007574969658,-0.09523809523809523
P1_2022H2_2023,Passive,US100_BOOK,193,2023.11.01 13:01:19,2023-11-01,2023.11.01 15:15:00,CLOSE,9.0764,0.075,0.008263188048124807,0,MIXED,-0.0008269380570265098,-0.0023119412099896763,0.001610273952859313,-0.009389671361502348
P1_2022H2_2023,Passive,US100_BOOK,194,2023.11.01 15:46:09,2023-11-01,2023.11.01 19:45:00,CLOSE,9.0794,-0.8250000000000001,-0.09086503513448026,0,MIXED,-0.0008269380570265098,-0.0023119412099896763,-0.09751794922974576,-0.009389671361502348
P1_2022H2_2023,Cross,US100_BOOK,258,2023.11.01 17:00:00,2023-11-01,2023.11.01 21:00:00,CLOSE,9.0794,0.5114999999999964,0.056336321783377365,0,MIXED,-0.0008269380570265098,-0.0023119412099896763,0.047632549575355024,-0.006993006993006993
P1_2022H2_2023,Passive,US100_BOOK,195,2023.11.02 12:32:47,2023-11-02,2023.11.02 16:30:00,CLOSE,9.0669,-0.625,-0.06893204954284264,0,RISK_OFF,0.002040575394363658,-0.0035641670077419503,-0.07558496363810814,-0.009389671361502348
P1_2022H2_2023,RC16,US30_BOOK,68,2023.11.02 13:30:00,2023-11-02,2023.11.02 17:30:00,CLOSE,9.0669,2.242999999999956,0.2473833393993488,0,RISK_OFF,0.002040575394363658,-0.0035641670077419503,0.17077252089218115,-0.02631578947368421
P1_2022H2_2023,Cross,US100_BOOK,259,2023.11.02 17:00:00,2023-11-02,2023.11.02 21:00:00,CLOSE,9.0419,-0.785,-0.08681803603224986,0,RISK_OFF,0.002040575394363658,-0.0035641670077419503,-0.0955218082402722,-0.006993006993006993
P1_2022H2_2023,RC4,US30_BOOK,49,2023.11.03 13:00:00,2023-11-03,2023.11.03 19:00:00,CLOSE,9.1002,2.252999999999956,0.24757697633018574,0,RISK_OFF,0.0014846019339211458,-2.65962751931182e-05,0.14411058122692139,-0.1509433962264151
P1_2022H2_2023,Passive,US100_BOOK,196,2023.11.03 15:46:49,2023-11-03,2023.11.03 19:45:00,CLOSE,9.1002,-1.315,-0.14450231863035978,0,RISK_OFF,0.0014846019339211458,-2.65962751931182e-05,-0.15115523272562528,-0.009389671361502348
P1_2022H2_2023,Cross,US100_BOOK,260,2023.11.03 17:00:00,2023-11-03,2023.11.03 21:00:00,CLOSE,9.1002,0.30899999999999633,0.033955297685764746,0,RISK_OFF,0.0014846019339211458,-2.65962751931182e-05,0.025251525477742405,-0.006993006993006993
P1_2022H2_2023,RC16,US30_BOOK,69,2023.11.07 13:30:00,2023-11-07,2023.11.07 17:30:00,CLOSE,9.1501,1.2529999999999564,0.13693839411590653,0,RISK_ON,-0.00576075265664255,0.0026893726143595548,0.06032757560873886,-0.02631578947368421
P1_2022H2_2023,Passive,US100_BOOK,197,2023.11.07 16:15:10,2023-11-07,2023.11.07 20:15:00,CLOSE,9.1501,-1.335,-0.14590004480825344,0,RISK_ON,-0.00576075265664255,0.0026893726143595548,-0.15255295890351894,-0.009389671361502348
P1_2022H2_2023,Cross,US100_BOOK,261,2023.11.07 17:00:00,2023-11-07,2023.11.07 21:00:00,CLOSE,9.1501,1.0250000000000001,0.11202063365427702,0,RISK_ON,-0.00576075265664255,0.0026893726143595548,0.10331686144625467,-0.006993006993006993
P1_2022H2_2023,Cross,US100_BOOK,262,2023.11.09 17:00:00,2023-11-09,2023.11.09 21:00:00,CLOSE,9.1878,-0.805,-0.08761618668233964,0,RISK_ON,-0.00168851771361117,0.0007153407777702185,-0.09631995889036199,-0.006993006993006993
P1_2022H2_2023,Passive,US100_BOOK,198,2023.11.10 15:17:50,2023-11-10,2023.11.10 19:15:00,CLOSE,9.1556,-1.865,-0.20370046747345888,0,RISK_ON,-0.0021625941142577893,0.0011297905803823336,-0.21035338156872438,-0.009389671361502348
P1_2022H2_2023,Cross,US100_BOOK,263,2023.11.10 17:00:00,2023-11-10,2023.11.10 21:00:00,CLOSE,9.1556,1.8439999999999965,0.20140678928743028,0,RISK_ON,-0.0021625941142577893,0.0011297905803823336,0.19270301707940793,-0.006993006993006993
P1_2022H2_2023,Cross,US100_BOOK,264,2023.11.13 17:00:00,2023-11-13,2023.11.13 21:00:00,CLOSE,9.1547,-0.735,-0.08028662872622806,0,RISK_ON,-0.0002527890643498561,0.002388084467159838,-0.08899040093425041,-0.006993006993006993
P1_2022H2_2023,Return,US30_BOOK,98,2023.11.13 16:00:00,2023-11-13,2023.11.13 22:00:00,CLOSE,9.1547,1.1929999999999563,0.13031557560596813,0,RISK_ON,-0.0002527890643498561,0.002388084467159838,0.05833670855469969,-0.09523809523809523
P1_2022H2_2023,RC16,US30_BOOK,70,2023.11.14 13:30:00,2023-11-14,2023.11.14 17:30:00,CLOSE,9.1731,5.152999999999956,0.5617512073344841,0,MIXED,0.00046232798370081466,1.3184089441054758e-05,0.48514038882731647,-0.02631578947368421
P1_2022H2_2023,Passive,US100_BOOK,199,2023.11.14 16:21:37,2023-11-14,2023.11.14 19:45:00,CLOSE,9.1731,-0.405,-0.04415083232495013,0,MIXED,0.00046232798370081466,1.3184089441054758e-05,-0.05080374642021562,-0.009389671361502348
P1_2022H2_2023,RC16,US30_BOOK,71,2023.11.15 13:30:00,2023-11-15,2023.11.15 17:30:00,CLOSE,9.363,0.30299999999995636,0.03236142262095016,0,MIXED,0.00432596324782809,0.000924678673545996,-0.044249395886217506,-0.02631578947368421
P1_2022H2_2023,Cross,US100_BOOK,265,2023.11.15 17:00:00,2023-11-15,2023.11.15 21:00:00,CLOSE,9.363,0.075,0.008010253123998718,0,MIXED,0.00432596324782809,0.000924678673545996,-0.0006935190840236249,-0.006993006993006993
P1_2022H2_2023,Cross,US100_BOOK,266,2023.11.16 17:00:00,2023-11-16,2023.11.16 21:00:00,CLOSE,9.3781,0.40499999999999997,0.04318571992194581,0,RISK_OFF,0.003081776420223787,-0.00012559201780089227,0.03448194771392347,-0.006993006993006993
P1_2022H2_2023,Cross,US100_BOOK,267,2023.11.17 17:00:00,2023-11-17,2023.11.17 21:00:00,CLOSE,9.3943,0.33499999999999996,0.0356599214417253,0,RISK_OFF,0.005332513448070112,-0.006382943690135626,0.02695614923370296,-0.006993006993006993
P1_2022H2_2023,Passive,US100_BOOK,200,2023.11.20 13:50:34,2023-11-20,2023.11.20 14:30:00,CLOSE,9.4077,0.005000000000000001,0.0005314795327231949,0,RISK_OFF,0.00083903647149001,-0.009509426555200862,-0.0061214345625422995,-0.009389671361502348
P1_2022H2_2023,RC16,US30_BOOK,72,2023.11.20 13:30:00,2023-11-20,2023.11.20 17:30:00,CLOSE,9.4077,0.7029999999999563,0.07472602230087655,0,RISK_OFF,0.00083903647149001,-0.009509426555200862,-0.0018847962062911172,-0.02631578947368421
P1_2022H2_2023,Cross,US100_BOOK,268,2023.11.20 17:00:00,2023-11-20,2023.11.20 21:00:00,CLOSE,9.4079,0.715,0.07599995748254126,0,RISK_OFF,0.00083903647149001,-0.009509426555200862,0.06729618527451892,-0.006993006993006993
P1_2022H2_2023,Passive,US100_BOOK,201,2023.11.21 15:30:06,2023-11-21,2023.11.21 19:30:00,CLOSE,9.4646,-0.635,-0.0670921116581789,0,RISK_OFF,0.003633193179723629,-0.003748851873189591,-0.0737450257534444,-0.009389671361502348
P1_2022H2_2023,Cross,US100_BOOK,269,2023.11.21 17:00:00,2023-11-21,2023.11.21 21:00:02,CLOSE,9.4646,0.075,0.007924265156477822,0,RISK_OFF,0.003633193179723629,-0.003748851873189591,-0.0007795070515445209,-0.006993006993006993
P1_2022H2_2023,Passive,US100_BOOK,202,2023.11.22 12:34:36,2023-11-22,2023.11.22 16:30:00,CLOSE,9.4422,-0.635,-0.0672512761856347,0,MIXED,0.0017696907660572454,0.00541361582269037,-0.0739041902809002,-0.009389671361502348
P1_2022H2_2023,Cross,US100_BOOK,270,2023.11.22 17:00:00,2023-11-22,2023.11.22 21:00:01,CLOSE,9.4168,-0.305,-0.032388921926769176,0,MIXED,0.0017696907660572454,0.00541361582269037,-0.04109269413479152,-0.006993006993006993
P1_2022H2_2023,Passive,US100_BOOK,203,2023.11.28 12:56:14,2023-11-28,2023.11.28 14:30:01,CLOSE,9.4046,0.115,0.01222805860961657,0,RISK_OFF,0.0012260043477908657,-0.00045097650638299593,0.005575144514351076,-0.009389671361502348
P1_2022H2_2023,Cross,US100_BOOK,271,2023.11.28 17:00:00,2023-11-28,2023.11.28 21:00:00,CLOSE,9.4092,-0.385,-0.04091739999149768,0,RISK_OFF,0.0012260043477908657,-0.00045097650638299593,-0.049621172199520024,-0.006993006993006993
P1_2022H2_2023,Return,US30_BOOK,99,2023.11.28 16:00:00,2023-11-28,2023.11.28 22:00:00,CLOSE,9.4092,1.0329999999999564,0.1097861667304294,0,RISK_OFF,0.0012260043477908657,-0.00045097650638299593,0.037807299679160966,-0.09523809523809523
P1_2022H2_2023,Passive,US100_BOOK,204,2023.11.29 12:21:40,2023-11-29,2023.11.29 16:15:00,CLOSE,9.4351,-0.265,-0.02808661275450181,0,RISK_ON,-0.0012257246792279676,0.0008813798910862237,-0.034739526849767305,-0.009389671361502348
P1_2022H2_2023,RC4,US30_BOOK,50,2023.11.29 13:00:00,2023-11-29,2023.11.29 19:00:00,CLOSE,9.4351,0.21299999999995636,0.022575277421538337,0,RISK_ON,-0.0012257246792279676,0.0008813798910862237,-0.08089111768172601,-0.1509433962264151
P1_2022H2_2023,Cross,US100_BOOK,272,2023.11.29 17:00:00,2023-11-29,2023.11.29 21:00:00,CLOSE,9.4245,-1.2249999999999999,-0.12998037031142234,0,RISK_ON,-0.0012257246792279676,0.0008813798910862237,-0.1386841425194447,-0.006993006993006993
P1_2022H2_2023,Pressure,US30_BOOK,35,2023.11.30 15:00:00,2023-11-30,2023.11.30 19:00:00,CLOSE,9.3841,0.7329999999999564,0.078110847071105,0,RISK_ON,-0.0023600968703299547,0.0016226770937262966,0.04960107427820576,-0.05714285714285714
P1_2022H2_2023,Cross,US100_BOOK,273,2023.11.30 17:00:00,2023-11-30,2023.11.30 21:00:00,CLOSE,9.3841,0.975,0.10389914855979795,0,RISK_ON,-0.0023600968703299547,0.0016226770937262966,0.0951953763517756,-0.006993006993006993
P1_2022H2_2023,RC16,US30_BOOK,73,2023.12.01 13:30:00,2023-12-01,2023.12.01 17:30:00,CLOSE,9.4524,0.052999999999956346,0.005607041597896443,0,RISK_OFF,0.004726890553283545,-0.001905496106751598,-0.07100377690927122,-0.02631578947368421
P1_2022H2_2023,Passive,US100_BOOK,205,2023.12.01 14:17:40,2023-12-01,2023.12.01 18:00:00,CLOSE,9.4524,-0.265,-0.02803520798950531,0,RISK_OFF,0.004726890553283545,-0.001905496106751598,-0.0346881220847708,-0.009389671361502348
P1_2022H2_2023,Return,US30_BOOK,100,2023.12.01 16:00:00,2023-12-01,2023.12.01 22:00:00,CLOSE,9.4524,3.2029999999999563,0.33885574034107274,0,RISK_OFF,0.004726890553283545,-0.001905496106751598,0.2668768732898043,-0.09523809523809523
P1_2022H2_2023,Passive,US100_BOOK,206,2023.12.04 16:01:41,2023-12-04,2023.12.04 19:45:00,CLOSE,9.572,-0.49449999999998906,-0.051661094860007216,0,MIXED,-0.0006902360833080728,-0.0002864352471333393,-0.05831400895527271,-0.009389671361502348
P1_2022H2_2023,Cross,US100_BOOK,274,2023.12.04 17:00:00,2023-12-04,2023.12.04 21:00:00,CLOSE,9.572,0.18549999999999273,0.019379440033430083,0,MIXED,-0.0006902360833080728,-0.0002864352471333393,0.01067566782540774,-0.006993006993006993
P1_2022H2_2023,Return,US30_BOOK,101,2023.12.04 16:00:00,2023-12-04,2023.12.04 22:00:00,CLOSE,9.572,0.8570000000000436,0.08953196824070661,0,MIXED,-0.0006902360833080728,-0.0002864352471333393,0.017553101189438175,-0.09523809523809523
P1_2022H2_2023,Cross,US100_BOOK,275,2023.12.05 17:00:00,2023-12-05,2023.12.05 21:00:00,CLOSE,9.5939,0.26,0.027100553476688313,0,MIXED,-0.0004927589178198209,-0.0003399510503230529,0.018396781268665972,-0.006993006993006993
P1_2022H2_2023,Return,US30_BOOK,102,2023.12.05 16:00:00,2023-12-05,2023.12.05 22:00:00,CLOSE,9.5939,0.39700000000004365,0.04138046050094786,0,MIXED,-0.0004927589178198209,-0.0003399510503230529,-0.030598406550320575,-0.09523809523809523
P1_2022H2_2023,RC16,US30_BOOK,74,2023.12.06 13:30:03,2023-12-06,2023.12.06 17:30:00,CLOSE,9.6202,0.3069999999999709,0.03191201846115163,0,MIXED,0.0007226256371393582,0.001406149928895677,-0.044698800046016035,-0.02631578947368421
P1_2022H2_2023,Cross,US100_BOOK,276,2023.12.06 17:00:00,2023-12-06,2023.12.06 21:00:00,CLOSE,9.6202,0.6254999999999927,0.06501943826531598,0,MIXED,0.0007226256371393582,0.001406149928895677,0.056315666057293635,-0.006993006993006993
P1_2022H2_2023,RC4,US30_BOOK,51,2023.12.07 13:00:00,2023-12-07,2023.12.07 19:00:00,CLOSE,9.6575,-1.0730000000000293,-0.1111053585296432,0,RISK_OFF,0.004152971052962538,-0.01573972755235896,-0.21457175363290754,-0.1509433962264151
P1_2022H2_2023,Passive,US100_BOOK,207,2023.12.07 16:00:18,2023-12-07,2023.12.07 20:00:00,CLOSE,9.6575,-1.2145000000000072,-0.12575718353611257,0,RISK_OFF,0.004152971052962538,-0.01573972755235896,-0.13241009763137807,-0.009389671361502348
P1_2022H2_2023,Passive,US100_BOOK,208,2023.12.08 15:11:05,2023-12-08,2023.12.08 16:45:00,CLOSE,9.566,0.5,0.052268450763119374,0,RISK_ON,-2.4647479426806888e-05,0.001512093566228524,0.04561553666785388,-0.009389671361502348
P1_2022H2_2023,Return,US30_BOOK,103,2023.12.08 16:00:00,2023-12-08,2023.12.08 22:00:00,CLOSE,9.566,1.8269999999999706,0.19098891908843513,0,RISK_ON,-2.4647479426806888e-05,0.001512093566228524,0.11901005203716669,-0.09523809523809523
P1_2022H2_2023,Cross,US100_BOOK,277,2023.12.11 17:00:00,2023-12-11,2023.12.11 21:00:01,CLOSE,9.6591,0.6775,0.07014111045542545,0,RISK_ON,-0.005842441225037113,0.009084724383498744,0.06143733824740311,-0.006993006993006993
P1_2022H2_2023,Passive,US100_BOOK,209,2023.12.12 15:30:15,2023-12-12,2023.12.12 16:00:00,CLOSE,9.6862,0.6955000000000109,0.07180318391113243,0,RISK_OFF,0.002001144898896113,-0.004453463935941886,0.06515026981586693,-0.009389671361502348
P1_2022H2_2023,Cross,US100_BOOK,278,2023.12.12 17:00:00,2023-12-12,2023.12.12 21:00:00,CLOSE,9.714,0.665500000000011,0.06850936792258709,0,RISK_OFF,0.002001144898896113,-0.004453463935941886,0.05980559571456475,-0.006993006993006993
P1_2022H2_2023,Return,US30_BOOK,104,2023.12.12 16:00:00,2023-12-12,2023.12.12 22:00:00,CLOSE,9.714,1.1469999999999707,0.11807700226476947,0,RISK_OFF,0.002001144898896113,-0.004453463935941886,0.046098135213501035,-0.09523809523809523
P1_2022H2_2023,RC16,US30_BOOK,75,2023.12.13 13:30:00,2023-12-13,2023.12.13 17:30:00,CLOSE,9.7865,-0.6730000000000291,-0.06876820109334585,0,MIXED,0.000973977715882099,0.0020661518935507963,-0.14537901960051353,-0.02631578947368421
P1_2022H2_2023,Cross,US100_BOOK,279,2023.12.13 17:00:00,2023-12-13,2023.12.13 21:00:00,CLOSE,9.7865,-0.17850000000000366,-0.0182394114341188,0,MIXED,0.000973977715882099,0.0020661518935507963,-0.02694318364214114,-0.006993006993006993
P1_2022H2_2023,Cross,US100_BOOK,280,2023.12.14 17:00:00,2023-12-14,2023.12.14 21:00:00,CLOSE,9.7525,-1.8445000000000074,-0.18913099205332043,0,RISK_OFF,0.00562810310329737,-0.009650900713098383,-0.19783476426134278,-0.006993006993006993
P1_2022H2_2023,Cross,US100_BOOK,281,2023.12.15 17:00:00,2023-12-15,2023.12.15 21:00:00,CLOSE,9.6787,-0.4445000000000073,-0.045925589180365885,0,RISK_OFF,0.0031283429618080417,-0.00033852165098692126,-0.054629361388388226,-0.006993006993006993
P1_2022H2_2023,Return,US30_BOOK,105,2023.12.15 16:00:00,2023-12-15,2023.12.15 22:00:00,CLOSE,9.6787,-0.4430000000000291,-0.04577060968932079,0,RISK_OFF,0.0031283429618080417,-0.00033852165098692126,-0.11774947674058922,-0.09523809523809523
P1_2022H2_2023,Cross,US100_BOOK,282,2023.12.18 17:00:00,2023-12-18,2023.12.18 21:00:00,CLOSE,9.6432,0.6920000000000073,0.07176041148166659,0,MIXED,0.0012910535750225466,0.0033039987315412658,0.06305663927364424,-0.006993006993006993
P1_2022H2_2023,RC16,US30_BOOK,76,2023.12.19 13:30:00,2023-12-19,2023.12.19 17:30:00,CLOSE,9.6709,1.4570000000000436,0.1506581600471563,0,RISK_ON,-0.0006413767123841434,0.012728381398672921,0.07404734153998863,-0.02631578947368421
P1_2022H2_2023,RC4,US30_BOOK,52,2023.12.19 13:00:01,2023-12-19,2023.12.19 19:00:00,CLOSE,9.6709,1.6670000000000438,0.17237278846850282,0,RISK_ON,-0.0006413767123841434,0.012728381398672921,0.06890639336523847,-0.1509433962264151
P1_2022H2_2023,Passive,US100_BOOK,210,2023.12.20 12:17:06,2023-12-20,2023.12.20 14:15:01,CLOSE,9.7958,-0.08450000000000728,-0.008626145899263693,0,RISK_OFF,6.86324975145645e-05,-0.00236806841545775,-0.015279059994529188,-0.009389671361502348
P1_2022H2_2023,Cross,US100_BOOK,283,2023.12.20 17:00:00,2023-12-20,2023.12.20 21:00:00,CLOSE,9.7924,0.17549999999999272,0.0179220620072702,0,RISK_OFF,6.86324975145645e-05,-0.00236806841545775,0.009218289799247858,-0.006993006993006993
P1_2022H2_2023,Passive,US100_BOOK,211,2023.12.21 15:55:44,2023-12-21,2023.12.21 17:15:00,CLOSE,9.7995,0.6555000000000292,0.06689116791673343,0,RISK_OFF,0.0015980374587933161,-0.0025549395407766275,0.060238253821467934,-0.009389671361502348
P1_2022H2_2023,Cross,US100_BOOK,284,2023.12.21 17:00:00,2023-12-21,2023.12.21 21:00:00,CLOSE,9.7995,0.09549999999999273,0.009745395173222381,0,RISK_OFF,0.0015980374587933161,-0.0025549395407766275,0.0010416229652000387,-0.006993006993006993
P1_2022H2_2023,RC16,US30_BOOK,77,2023.12.22 13:30:00,2023-12-22,2023.12.22 17:30:00,CLOSE,9.8295,2.086999999999971,0.21232005697135878,0,RISK_OFF,0.0025843713641478037,-0.00011958230618171942,0.1357092384641911,-0.02631578947368421
P1_2022H2_2023,Passive,US100_BOOK,212,2023.12.22 15:53:58,2023-12-22,2023.12.22 18:45:00,CLOSE,9.8295,0.08549999999999273,0.008698306119333917,0,RISK_OFF,0.0025843713641478037,-0.00011958230618171942,0.0020453920240684226,-0.009389671361502348
P1_2022H2_2023,Cross,US100_BOOK,285,2023.12.22 17:00:00,2023-12-22,2023.12.22 21:00:00,CLOSE,9.8295,0.18549999999999273,0.018871763568848135,0,RISK_OFF,0.0025843713641478037,-0.00011958230618171942,0.010167991360825792,-0.006993006993006993
P1_2022H2_2023,RC4,US30_BOOK,53,2023.12.27 13:00:04,2023-12-27,2023.12.27 19:00:00,CLOSE,9.9238,0.5769999999999709,0.058143050041311886,0,RISK_ON,-1.933964772886267e-05,0.0018182269929649644,-0.04532334506195246,-0.1509433962264151
P1_2022H2_2023,Cross,US100_BOOK,286,2023.12.28 17:00:00,2023-12-28,2023.12.28 21:00:00,CLOSE,9.9469,0.04549999999999272,0.004574289477122794,0,MIXED,-0.0004861694516602876,-0.0068549198056671755,-0.004129482730899549,-0.006993006993006993
P1_2022H2_2023,Passive,US100_BOOK,213,2023.12.29 15:03:34,2023-12-29,2023.12.29 17:15:00,CLOSE,9.9487,0.15549999999999273,0.015630182837957998,0,RISK_ON,-0.00046950289219490916,0.0037210330484816656,0.008977268742692503,-0.009389671361502348
P2_2024,Passive,US100_BOOK,1,2024.01.02 13:00:47,2024-01-02,2024.01.02 16:42:54,EXTERNAL_CLOSE,4.0,-2.0140000000000144,-0.5035000000000036,1,MIXED,0.0063028919323165145,0.005291298722971566,-0.5191112591653212,0.949685534591195
P2_2024,Pressure,US30_BOOK,1,2024.01.02 15:00:00,2024-01-02,2024.01.02 17:12:54,EXTERNAL_CLOSE,3.942,-1.9830000000000292,-0.5030441400304487,1,MIXED,0.0063028919323165145,0.005291298722971566,-0.49354817470192436,0.782608695652174
P2_2024,Cross,US100_BOOK,1,2024.01.02 17:00:00,2024-01-02,2024.01.02 21:00:00,CLOSE,3.8516,0.6654999999999928,0.1727853359642727,0,MIXED,0.0063028919323165145,0.005291298722971566,0.1340390115652376,-0.04568527918781726
P2_2024,Passive,US100_BOOK,2,2024.01.03 13:22:43,2024-01-03,2024.01.03 15:30:00,CLOSE,3.8667,-0.1845000000000073,-0.04771510590426133,0,RISK_ON,-0.0010496443835845118,0.0056739835198383395,-0.06332636506957895,-0.050314465408805034
P2_2024,Cross,US100_BOOK,2,2024.01.03 17:00:00,2024-01-03,2024.01.03 21:00:00,CLOSE,3.8328,-0.2944999999999709,-0.0768367772907459,0,RISK_ON,-0.0010496443835845118,0.0056739835198383395,-0.115583101689781,-0.04568527918781726
P2_2024,Return,US30_BOOK,1,2024.01.03 16:00:00,2024-01-03,2024.01.03 22:00:00,CLOSE,3.8594,-0.3630000000000291,-0.09405607089185601,0,RISK_ON,-0.0010496443835845118,0.0056739835198383395,-0.03896326642578487,-0.38
P2_2024,Passive,US100_BOOK,3,2024.01.04 15:00:05,2024-01-04,2024.01.04 17:15:00,CLOSE,3.8331,0.04549999999999272,0.011870287756644157,0,MIXED,0.0028556359499868683,0.005066301190030897,-0.0037409714086734606,-0.050314465408805034
P2_2024,RC16,US30_BOOK,1,2024.01.04 13:30:00,2024-01-04,2024.01.04 17:30:00,CLOSE,3.8331,0.8969999999999709,0.23401424434530038,0,MIXED,0.0028556359499868683,0.005066301190030897,0.2065982776877944,-0.1527777777777778
P2_2024,RC4,US30_BOOK,1,2024.01.04 13:00:02,2024-01-04,2024.01.04 19:00:00,CLOSE,3.8331,1.4569999999999708,0.3801100936578672,0,MIXED,0.0028556359499868683,0.005066301190030897,0.3271871208053132,-0.2641509433962264
P2_2024,Passive,US100_BOOK,4,2024.01.05 13:35:16,2024-01-05,2024.01.05 14:45:01,CLOSE,3.929,0.2660000000000037,0.0677017052685171,0,RISK_ON,-0.002312388962859356,0.004570316140432259,0.05209044610319948,-0.050314465408805034
P2_2024,Cross,US100_BOOK,3,2024.01.05 17:00:00,2024-01-05,2024.01.05 21:00:00,CLOSE,3.9397,0.003500000000003639,0.0008883925171976645,0,RISK_ON,-0.002312388962859356,0.004570316140432259,-0.037857931881837455,-0.04568527918781726
P2_2024,Passive,US100_BOOK,5,2024.01.08 14:57:55,2024-01-08,2024.01.08 18:45:01,CLOSE,3.9398,-1.7545000000000073,-0.4453271739682236,0,MIXED,-0.007776371448929698,-0.002001766932785705,-0.4609384331335412,-0.050314465408805034
P2_2024,Cross,US100_BOOK,4,2024.01.08 17:00:00,2024-01-08,2024.01.08 21:00:00,CLOSE,3.8856,1.0954999999999928,0.2819384393658618,0,MIXED,-0.007776371448929698,-0.002001766932785705,0.24319211496682672,-0.04568527918781726
P2_2024,Passive,US100_BOOK,6,2024.01.09 14:02:56,2024-01-09,2024.01.09 17:00:00,CLOSE,3.9135,0.12550000000002912,0.03206848089945806,0,RISK_OFF,0.003607757877161398,-0.001763069028956735,0.016457221734140444,-0.050314465408805034
P2_2024,RC4,US30_BOOK,2,2024.01.09 13:00:01,2024-01-09,2024.01.09 19:00:00,CLOSE,3.9135,0.4369999999999709,0.1116647502235776,0,RISK_OFF,0.003607757877161398,-0.001763069028956735,0.05874177737102364,-0.2641509433962264
P2_2024,Cross,US100_BOOK,5,2024.01.09 17:00:00,2024-01-09,2024.01.09 21:00:00,CLOSE,3.9185,1.2954999999999928,0.33061120326655424,0,RISK_OFF,0.003607757877161398,-0.001763069028956735,0.2918648788675191,-0.04568527918781726
P2_2024,Return,US30_BOOK,2,2024.01.09 16:00:00,2024-01-09,2024.01.09 22:00:00,CLOSE,3.9135,0.006999999999970896,0.0017886802095236733,0,RISK_OFF,0.003607757877161398,-0.001763069028956735,0.05688148467559481,-0.38
P2_2024,Passive,US100_BOOK,7,2024.01.10 15:00:12,2024-01-10,2024.01.10 16:45:00,CLOSE,3.9881,0.15550000000002911,0.038990998219710915,0,MIXED,0.002488774752132525,0.003657145353057904,0.0233797390543933,-0.050314465408805034
P2_2024,RC16,US30_BOOK,2,2024.01.10 13:30:00,2024-01-10,2024.01.10 17:30:00,CLOSE,3.9881,0.7769999999999709,0.19482961811388153,0,MIXED,0.002488774752132525,0.003657145353057904,0.16741365145637555,-0.1527777777777778
P2_2024,Cross,US100_BOOK,6,2024.01.10 17:00:00,2024-01-10,2024.01.10 21:00:00,CLOSE,3.9943,-0.9145000000000073,-0.2289512555391451,0,MIXED,0.002488774752132525,0.003657145353057904,-0.2676975799381802,-0.04568527918781726
P2_2024,Return,US30_BOOK,3,2024.01.11 16:00:00,2024-01-11,2024.01.11 17:14:24,EXTERNAL_CLOSE,3.9888,-2.036000000000058,-0.5104292017649564,1,RISK_OFF,0.0034965156804530983,-0.0005426662907295325,-0.4553363972988853,0.62
P2_2024,Cross,US100_BOOK,7,2024.01.11 17:00:00,2024-01-11,2024.01.11 18:45:44,EXTERNAL_CLOSE,3.9888,-2.02,-0.5064179703168873,1,RISK_OFF,0.0034965156804530983,-0.0005426662907295325,-0.5451642947159224,0.9543147208121827
P2_2024,Passive,US100_BOOK,8,2024.01.11 15:53:51,2024-01-11,2024.01.11 19:45:00,CLOSE,3.9888,-1.0545000000000073,-0.2643652226233472,0,RISK_OFF,0.0034965156804530983,-0.0005426662907295325,-0.27997648178866485,-0.050314465408805034
P2_2024,Pressure,US30_BOOK,2,2024.01.12 15:00:00,2024-01-12,2024.01.12 16:27:51,EXTERNAL_CLOSE,3.7844,-1.9230000000000294,-0.5081386745587224,1,RISK_OFF,0.004514436134506796,-0.0011844426241481324,-0.49864270923019804,0.782608695652174
P2_2024,Return,US30_BOOK,4,2024.01.12 16:00:00,2024-01-12,2024.01.12 22:00:00,CLOSE,3.7676,-0.7530000000000291,-0.19986198110203554,0,RISK_OFF,0.004514436134506796,-0.0011844426241481324,-0.1447691766359644,-0.38
P2_2024,Passive,US100_BOOK,9,2024.01.15 12:16:04,2024-01-15,2024.01.15 14:00:00,CLOSE,3.6773,0.04599999999998544,0.012509177929455155,0,MIXED,0.0037687414950439944,0.005327985840178445,-0.003102081235862463,-0.050314465408805034
P2_2024,Passive,US100_BOOK,10,2024.01.16 12:30:25,2024-01-16,2024.01.16 13:15:00,CLOSE,3.6792,0.2254999999999927,0.06129049793433157,0,RISK_ON,-0.006684480965902948,0.00603743388700071,0.045679238769013954,-0.050314465408805034
P2_2024,Passive,US100_BOOK,11,2024.01.16 14:00:37,2024-01-16,2024.01.16 18:00:00,CLOSE,3.6882,-1.3440000000000145,-0.364405401008626,0,RISK_ON,-0.006684480965902948,0.00603743388700071,-0.38001666017394364,-0.050314465408805034
P2_2024,Cross,US100_BOOK,8,2024.01.16 17:00:00,2024-01-16,2024.01.16 21:00:00,CLOSE,3.6882,-0.08450000000000728,-0.022910905048535133,0,RISK_ON,-0.006684480965902948,0.00603743388700071,-0.06165722944757025,-0.04568527918781726
P2_2024,Passive,US100_BOOK,12,2024.01.17 14:15:55,2024-01-17,2024.01.17 15:15:00,CLOSE,3.631,0.06549999999999273,0.018039107683831653,0,RISK_ON,-0.0020434965698282897,0.003662312161329505,0.0024278485185140353,-0.050314465408805034
P2_2024,Cross,US100_BOOK,9,2024.01.17 17:00:00,2024-01-17,2024.01.17 21:00:02,CLOSE,3.6337,-0.5745000000000073,-0.1581033106750715,0,RISK_ON,-0.0020434965698282897,0.003662312161329505,-0.1968496350741066,-0.04568527918781726
P2_2024,Return,US30_BOOK,5,2024.01.17 16:00:00,2024-01-17,2024.01.17 22:00:00,CLOSE,3.6337,0.3869999999999709,0.10650301345734951,0,RISK_ON,-0.0020434965698282897,0.003662312161329505,0.16159581792342065,-0.38
P2_2024,RC16,US30_BOOK,3,2024.01.18 13:30:01,2024-01-18,2024.01.18 16:30:18,EXTERNAL_CLOSE,3.6262,-1.853000000000029,-0.5110032540952041,1,RISK_OFF,0.0018374165821325448,-0.0019866347951169637,-0.5384192207527101,0.8472222222222222
P2_2024,Passive,US100_BOOK,13,2024.01.18 13:58:56,2024-01-18,2024.01.18 17:45:00,CLOSE,3.6252,-0.7645000000000073,-0.21088491669425335,0,RISK_OFF,0.0018374165821325448,-0.0019866347951169637,-0.22649617585957096,-0.050314465408805034
P2_2024,Cross,US100_BOOK,10,2024.01.18 17:00:00,2024-01-18,2024.01.18 21:00:00,CLOSE,3.552,-0.1545000000000073,-0.043496621621623675,0,RISK_OFF,0.0018374165821325448,-0.0019866347951169637,-0.08224294602065879,-0.04568527918781726
P2_2024,Passive,US100_BOOK,14,2024.01.19 12:35:25,2024-01-19,2024.01.19 14:15:03,CLOSE,3.5153,-0.12450000000000727,-0.03541660740193078,0,RISK_OFF,0.002945597428687706,-0.0011819414255070722,-0.0510278665672484,-0.050314465408805034
P2_2024,Pressure,US30_BOOK,3,2024.01.19 15:00:00,2024-01-19,2024.01.19 16:43:08,EXTERNAL_CLOSE,3.5103,-1.7730000000000292,-0.5050850354670624,1,RISK_OFF,0.002945597428687706,-0.0011819414255070722,-0.49558907013853803,0.782608695652174
P2_2024,Cross,US100_BOOK,11,2024.01.19 17:00:00,2024-01-19,2024.01.19 21:00:00,CLOSE,3.4394,1.715,0.4986334825841717,0,RISK_OFF,0.002945597428687706,-0.0011819414255070722,0.45988715818513654,-0.04568527918781726
P2_2024,RC4,US30_BOOK,3,2024.01.22 13:00:00,2024-01-22,2024.01.22 16:46:06,EXTERNAL_CLOSE,3.508,-1.7730000000000292,-0.505416191562152,1,MIXED,-0.003609336833613994,-0.0006614694311583957,-0.558339164414706,0.7358490566037736
P2_2024,RC16,US30_BOOK,4,2024.01.22 13:30:04,2024-01-22,2024.01.22 17:30:00,CLOSE,3.508,1.7569999999999708,0.5008551881413827,0,MIXED,-0.003609336833613994,-0.0006614694311583957,0.4734392214838768,-0.1527777777777778
P2_2024,Cross,US100_BOOK,12,2024.01.22 17:00:00,2024-01-22,2024.01.22 21:00:00,CLOSE,3.4371,0.5854999999999927,0.17034709493468117,0,MIXED,-0.003609336833613994,-0.0006614694311583957,0.13160077053564606,-0.04568527918781726
P2_2024,Passive,US100_BOOK,15,2024.01.23 15:36:11,2024-01-23,2024.01.23 16:45:00,CLOSE,3.5308,0.5154999999999927,0.1460009063101826,0,RISK_OFF,0.0036049065715420404,-0.0025828975250957445,0.13038964714486498,-0.050314465408805034
P2_2024,RC4,US30_BOOK,4,2024.01.23 13:00:00,2024-01-23,2024.01.23 19:00:00,CLOSE,3.5308,1.606999999999971,0.45513764585928707,0,RISK_OFF,0.0036049065715420404,-0.0025828975250957445,0.4022146730067331,-0.2641509433962264
P2_2024,Passive,US100_BOOK,16,2024.01.24 15:32:52,2024-01-24,2024.01.24 18:15:00,CLOSE,3.6157,-0.05450000000000728,-0.015073153193021346,0,RISK_OFF,0.0009409400734136011,-0.005266568190244329,-0.030684412358338964,-0.050314465408805034
P2_2024,Cross,US100_BOOK,13,2024.01.24 17:00:00,2024-01-24,2024.01.24 21:00:00,CLOSE,3.6157,0.38549999999999274,0.10661835882401548,0,RISK_OFF,0.0009409400734136011,-0.005266568190244329,0.06787203442498035,-0.04568527918781726
P2_2024,Passive,US100_BOOK,17,2024.01.25 15:48:10,2024-01-25,2024.01.25 19:15:00,CLOSE,3.6289,0.07549999999999273,0.020805202678495612,0,MIXED,0.0013638000055735768,0.0009758610714658057,0.005193943513177994,-0.050314465408805034
P2_2024,Cross,US100_BOOK,14,2024.01.25 17:00:00,2024-01-25,2024.01.25 21:00:00,CLOSE,3.6289,0.9154999999999928,0.25228030532668105,0,MIXED,0.0013638000055735768,0.0009758610714658057,0.21353398092764594,-0.04568527918781726
P2_2024,Passive,US100_BOOK,18,2024.01.26 13:32:02,2024-01-26,2024.01.26 17:00:00,CLOSE,3.6685,-0.014500000000007276,-0.003952569169962458,0,MIXED,0.0005643033725797376,0.0012454650443007869,-0.019563828335280076,-0.050314465408805034
P2_2024,Cross,US100_BOOK,15,2024.01.26 17:00:00,2024-01-26,2024.01.26 21:00:00,CLOSE,3.668,0.23549999999999272,0.06420392584514523,0,MIXED,0.0005643033725797376,0.0012454650443007869,0.02545760144611011,-0.04568527918781726
P2_2024,RC16,US30_BOOK,5,2024.01.29 13:30:05,2024-01-29,2024.01.29 17:30:00,CLOSE,3.6774,0.0969999999999709,0.02637733181051039,0,RISK_OFF,0.0011494112383411792,-0.002177177021952144,-0.0010386348469955849,-0.1527777777777778
P2_2024,Cross,US100_BOOK,16,2024.01.29 17:00:00,2024-01-29,2024.01.29 21:00:00,CLOSE,3.6774,-0.3445000000000073,-0.09368031761570873,0,RISK_OFF,0.0011494112383411792,-0.002177177021952144,-0.13242664201474386,-0.04568527918781726
P2_2024,RC16,US30_BOOK,6,2024.01.30 13:30:00,2024-01-30,2024.01.30 17:30:00,CLOSE,3.6675,-0.0730000000000291,-0.01990456714383888,0,RISK_OFF,0.0013567322535348915,-0.0007392863171976062,-0.04732053380134485,-0.1527777777777778
P2_2024,RC4,US30_BOOK,5,2024.01.30 13:00:00,2024-01-30,2024.01.30 18:17:26,EXTERNAL_CLOSE,3.6675,-0.4730000000000291,-0.12897068847989887,1,RISK_OFF,0.0013567322535348915,-0.0007392863171976062,-0.18189366133245283,0.7358490566037736
P2_2024,Passive,US100_BOOK,19,2024.01.30 15:17:56,2024-01-30,2024.01.30 19:15:00,CLOSE,3.6675,-0.3245000000000073,-0.08847989093388064,0,RISK_OFF,0.0013567322535348915,-0.0007392863171976062,-0.10409115009919827,-0.050314465408805034
P2_2024,Passive,US100_BOOK,20,2024.01.31 12:16:42,2024-01-31,2024.01.31 14:30:01,CLOSE,3.6327,0.3054999999999927,0.08409722795716484,0,MIXED,0.0005987583305678476,0.0011376103286759073,0.06848596879184722,-0.050314465408805034
P2_2024,Passive,US100_BOOK,21,2024.01.31 15:00:27,2024-01-31,2024.01.31 16:45:00,CLOSE,3.6449,0.7254999999999927,0.19904524129605553,0,MIXED,0.0005987583305678476,0.0011376103286759073,0.18343398213073792,-0.050314465408805034
P2_2024,RC4,US30_BOOK,6,2024.01.31 13:00:02,2024-01-31,2024.01.31 17:00:43,EXTERNAL_CLOSE,3.6327,-0.4630000000000291,-0.12745340930988772,1,MIXED,0.0005987583305678476,0.0011376103286759073,-0.18037638216244167,0.7358490566037736
P2_2024,Cross,US100_BOOK,17,2024.01.31 17:00:00,2024-01-31,2024.01.31 21:00:00,CLOSE,3.6739,-0.19450000000000728,-0.05294101635863994,0,MIXED,0.0005987583305678476,0.0011376103286759073,-0.09168734075767505,-0.04568527918781726
P2_2024,RC16,US30_BOOK,7,2024.02.01 13:30:03,2024-02-01,2024.02.01 17:30:00,CLOSE,3.6476,1.1669999999999707,0.3199363965346997,0,RISK_OFF,0.0006861736288441643,-0.0006606032160309935,0.29252042987719373,-0.1527777777777778
P2_2024,RC4,US30_BOOK,7,2024.02.01 13:00:00,2024-02-01,2024.02.01 19:00:00,CLOSE,3.6476,0.4269999999999709,0.1170632744818431,0,RISK_OFF,0.0006861736288441643,-0.0006606032160309935,0.06414030162928915,-0.2641509433962264
P2_2024,Cross,US100_BOOK,18,2024.02.01 17:00:05,2024-02-01,2024.02.01 21:00:00,CLOSE,3.6444,-0.9774999999999999,-0.2682197343870047,0,RISK_OFF,0.0006861736288441643,-0.0006606032160309935,-0.30696605878603983,-0.04568527918781726
P2_2024,RC16,US30_BOOK,8,2024.02.02 13:30:00,2024-02-02,2024.02.02 16:04:08,EXTERNAL_CLOSE,3.6723,-1.853000000000029,-0.5045884050867383,1,RISK_ON,-0.0009591019257561577,0.0026075456077501134,-0.5320043717442443,0.8472222222222222
P2_2024,RC4,US30_BOOK,8,2024.02.02 13:00:00,2024-02-02,2024.02.02 16:37:04,EXTERNAL_CLOSE,3.6723,-1.853000000000029,-0.5045884050867383,1,RISK_ON,-0.0009591019257561577,0.0026075456077501134,-0.5575113779392923,0.7358490566037736
P2_2024,Cross,US100_BOOK,19,2024.02.02 17:00:00,2024-02-02,2024.02.02 21:00:00,CLOSE,3.524,1.3454999999999926,0.381810442678772,0,RISK_ON,-0.0009591019257561577,0.0026075456077501134,0.3430641182797369,-0.04568527918781726
P2_2024,Cross,US100_BOOK,20,2024.02.05 17:00:00,2024-02-05,2024.02.05 21:00:00,CLOSE,3.5778,0.005500000000029103,0.001537257532570044,0,RISK_ON,-0.008384482529143549,0.0009027825176920615,-0.03720906686646507,-0.04568527918781726
P2_2024,Passive,US100_BOOK,22,2024.02.06 14:23:35,2024-02-06,2024.02.06 15:15:00,CLOSE,3.5781,0.5054999999999927,0.14127609625219886,0,RISK_ON,-0.0005928385281528617,6.053614850686647e-05,0.12566483708688125,-0.050314465408805034
P2_2024,Cross,US100_BOOK,21,2024.02.06 17:00:00,2024-02-06,2024.02.06 21:00:00,CLOSE,3.5983,0.2,0.055581802517855654,0,RISK_ON,-0.0005928385281528617,6.053614850686647e-05,0.016835478118820538,-0.04568527918781726
P2_2024,Passive,US100_BOOK,23,2024.02.07 16:01:24,2024-02-07,2024.02.07 20:00:00,CLOSE,3.6063,-0.7645000000000073,-0.21199012838643685,0,MIXED,-0.0006093605833987531,-0.00014872602665270802,-0.22760138755175446,-0.050314465408805034
P2_2024,RC4,US30_BOOK,9,2024.02.08 13:00:00,2024-02-08,2024.02.08 19:00:00,CLOSE,3.5757,0.7569999999999709,0.211706798668784,0,MIXED,0.0002899241549239852,0.0038932570629769893,0.15878382581623005,-0.2641509433962264
P2_2024,Cross,US100_BOOK,22,2024.02.08 17:00:00,2024-02-08,2024.02.08 21:00:00,CLOSE,3.5757,0.10500000000000001,0.029364879603993626,0,MIXED,0.0002899241549239852,0.0038932570629769893,-0.00938144479504149,-0.04568527918781726
P2_2024,Passive,US100_BOOK,24,2024.02.09 12:16:46,2024-02-09,2024.02.09 13:15:00,CLOSE,3.6102,0.04549999999999272,0.012603179879229051,0,RISK_ON,-0.0016083223061841322,0.0007163731740080237,-0.0030080792860885663,-0.050314465408805034
P2_2024,Passive,US100_BOOK,25,2024.02.09 14:21:02,2024-02-09,2024.02.09 15:15:05,CLOSE,3.612,0.1654999999999927,0.045819490586930425,0,RISK_ON,-0.0016083223061841322,0.0007163731740080237,0.03020823142161281,-0.050314465408805034
P2_2024,RC16,US30_BOOK,9,2024.02.09 13:30:03,2024-02-09,2024.02.09 17:30:00,CLOSE,3.612,-0.9430000000000291,-0.26107419712071683,0,RISK_ON,-0.0016083223061841322,0.0007163731740080237,-0.2884901637782228,-0.1527777777777778
P2_2024,RC4,US30_BOOK,10,2024.02.09 13:00:00,2024-02-09,2024.02.09 19:00:00,CLOSE,3.6102,-1.7330000000000292,-0.4800288072683035,0,RISK_ON,-0.0016083223061841322,0.0007163731740080237,-0.5329517801208574,-0.2641509433962264
P2_2024,Cross,US100_BOOK,23,2024.02.09 17:00:00,2024-02-09,2024.02.09 21:00:00,CLOSE,3.6104,0.9220000000000073,0.2553733658320428,0,RISK_ON,-0.0016083223061841322,0.0007163731740080237,0.21662704143300768,-0.04568527918781726
P2_2024,Cross,US100_BOOK,24,2024.02.12 17:00:00,2024-02-12,2024.02.12 21:00:00,CLOSE,3.5485,0.185,0.052134704804847116,0,MIXED,-0.002179980151053822,-0.001025472695336442,0.013388380405812,-0.04568527918781726
P2_2024,Passive,US100_BOOK,26,2024.02.13 12:15:48,2024-02-13,2024.02.13 15:30:01,CLOSE,3.5559,0.04250000000000001,0.011951967153182039,0,MIXED,0.00331139222777507,0.0016929252498386728,-0.0036592920121355788,-0.050314465408805034
P2_2024,Return,US30_BOOK,6,2024.02.13 16:00:00,2024-02-13,2024.02.13 16:57:42,EXTERNAL_CLOSE,3.5576,-1.7930000000000292,-0.503991454913433,1,MIXED,0.00331139222777507,0.0016929252498386728,-0.4488986504473619,0.62
P2_2024,Passive,US100_BOOK,27,2024.02.13 16:00:04,2024-02-13,2024.02.13 18:45:00,CLOSE,3.5576,1.0355000000000292,0.2910670114684139,0,MIXED,0.00331139222777507,0.0016929252498386728,0.27545575230309627,-0.050314465408805034
P2_2024,Cross,US100_BOOK,25,2024.02.13 17:00:00,2024-02-13,2024.02.13 21:00:00,CLOSE,3.4858,-0.19450000000000728,-0.05579780825061888,0,MIXED,0.00331139222777507,0.0016929252498386728,-0.094544132649654,-0.04568527918781726
P2_2024,Cross,US100_BOOK,26,2024.02.14 17:00:00,2024-02-14,2024.02.14 21:00:00,CLOSE,3.5195,-0.06450000000000727,-0.018326466827676455,0,MIXED,-0.0009888640666056577,-0.0008957868759094955,-0.05707279122671157,-0.04568527918781726
P2_2024,RC4,US30_BOOK,11,2024.02.15 13:00:00,2024-02-15,2024.02.15 17:18:14,EXTERNAL_CLOSE,3.5169,-1.7729999999999564,-0.5041371662543593,1,RISK_OFF,0.0017396758163336905,-0.0034336168523750963,-0.5570601391069133,0.7358490566037736
P2_2024,Cross,US100_BOOK,27,2024.02.15 17:00:00,2024-02-15,2024.02.15 21:00:00,CLOSE,3.5152,-0.9924999999999999,-0.2823452435138825,0,RISK_OFF,0.0017396758163336905,-0.0034336168523750963,-0.32109156791291765,-0.04568527918781726
P2_2024,Passive,US100_BOOK,28,2024.02.16 12:42:14,2024-02-16,2024.02.16 13:45:03,CLOSE,3.4063,0.015499999999992723,0.004550391920850402,0,MIXED,0.00033920118447060445,0.002498477229387442,-0.011060867244467216,-0.050314465408805034
P2_2024,Passive,US100_BOOK,29,2024.02.16 16:05:21,2024-02-16,2024.02.16 16:55:02,EXTERNAL_CLOSE,3.4068,-1.7245000000000072,-0.5061934953622189,1,MIXED,0.00033920118447060445,0.002498477229387442,-0.5218047545275365,0.949685534591195
P2_2024,RC16,US30_BOOK,10,2024.02.16 13:30:02,2024-02-16,2024.02.16 17:30:00,CLOSE,3.4063,-0.5770000000000437,-0.16939200892465248,0,MIXED,0.00033920118447060445,0.002498477229387442,-0.19680797558215846,-0.1527777777777778
P2_2024,RC4,US30_BOOK,12,2024.02.16 13:00:00,2024-02-16,2024.02.16 19:00:00,CLOSE,3.4063,0.2869999999999709,0.08425564395384168,0,MIXED,0.00033920118447060445,0.002498477229387442,0.03133267110128772,-0.2641509433962264
P2_2024,RC16,US30_BOOK,11,2024.02.19 13:30:00,2024-02-19,2024.02.19 17:30:00,CLOSE,3.3263,-0.3030000000000291,-0.09109220455161263,0,RISK_OFF,0.0028652746569039576,-0.0009399844028064532,-0.1185081712091186,-0.1527777777777778
P2_2024,Passive,US100_BOOK,30,2024.02.20 12:16:01,2024-02-20,2024.02.20 14:30:02,CLOSE,3.3142,0.4654999999999927,0.1404562186953089,0,MIXED,0.003256332429856148,0.0011919071590414004,0.12484495952999126,-0.050314465408805034
P2_2024,Passive,US100_BOOK,31,2024.02.20 15:40:36,2024-02-20,2024.02.20 16:45:00,CLOSE,3.3328,1.0154999999999927,0.3046987518002858,0,MIXED,0.003256332429856148,0.0011919071590414004,0.2890874926349682,-0.050314465408805034
P2_2024,Cross,US100_BOOK,28,2024.02.20 17:00:00,2024-02-20,2024.02.20 21:00:00,CLOSE,3.3734,0.2759999999999854,0.08181656489001761,0,MIXED,0.003256332429856148,0.0011919071590414004,0.04307024049098249,-0.04568527918781726
P2_2024,Return,US30_BOOK,7,2024.02.20 16:00:00,2024-02-20,2024.02.20 22:00:00,CLOSE,3.3328,0.9769999999999709,0.29314690350455197,0,MIXED,0.003256332429856148,0.0011919071590414004,0.3482397079706231,-0.38
P2_2024,Cross,US100_BOOK,29,2024.02.21 17:00:00,2024-02-21,2024.02.21 21:00:00,CLOSE,3.4236,0.18599999999998545,0.05432877672624882,0,MIXED,0.0018112594188352763,0.0006131739273291003,0.015582452327213704,-0.04568527918781726
P2_2024,Cross,US100_BOOK,30,2024.02.22 17:00:00,2024-02-22,2024.02.22 21:00:00,CLOSE,3.431,-1.2945000000000073,-0.37729524919848656,0,RISK_OFF,0.00212018046711368,-0.0008786176980994465,-0.4160415735975217,-0.04568527918781726
P2_2024,RC16,US30_BOOK,12,2024.02.23 13:30:00,2024-02-23,2024.02.23 17:30:00,CLOSE,3.3792,1.6569999999999707,0.49035274621211256,0,RISK_ON,-0.003682333927392653,0.0014273150648123321,0.4629367795546066,-0.1527777777777778
P2_2024,Passive,US100_BOOK,32,2024.02.23 15:32:35,2024-02-23,2024.02.23 17:30:00,CLOSE,3.3792,0.09900000000001455,0.029296875000004306,0,RISK_ON,-0.003682333927392653,0.0014273150648123321,0.013685615834686688,-0.050314465408805034
P2_2024,RC4,US30_BOOK,13,2024.02.23 13:00:00,2024-02-23,2024.02.23 19:00:00,CLOSE,3.3792,1.2569999999999708,0.37198153409090046,0,RISK_ON,-0.003682333927392653,0.0014273150648123321,0.3190585612383465,-0.2641509433962264
P2_2024,RC16,US30_BOOK,13,2024.02.26 13:30:00,2024-02-26,2024.02.26 17:30:00,CLOSE,3.4997,0.7669999999999709,0.2191616424264854,0,MIXED,8.362129396523093e-05,0.0012555096260825267,0.1917456757689794,-0.1527777777777778
P2_2024,RC4,US30_BOOK,14,2024.02.26 13:00:01,2024-02-26,2024.02.26 19:00:00,CLOSE,3.4997,0.5769999999999709,0.1648712746806786,0,MIXED,8.362129396523093e-05,0.0012555096260825267,0.11194830182812465,-0.2641509433962264
P2_2024,Cross,US100_BOOK,31,2024.02.26 17:00:00,2024-02-26,2024.02.26 21:00:00,CLOSE,3.4997,-0.31,-0.08857902105894791,0,MIXED,8.362129396523093e-05,0.0012555096260825267,-0.12732534545798302,-0.04568527918781726
P2_2024,Passive,US100_BOOK,33,2024.02.27 12:18:47,2024-02-27,2024.02.27 15:15:00,CLOSE,3.5411,0.005499999999992724,0.0015531896868184248,0,RISK_OFF,0.0025860896632733527,-0.0028575815081826757,-0.014058069478499193,-0.050314465408805034
P2_2024,Cross,US100_BOOK,32,2024.02.28 17:00:00,2024-02-28,2024.02.28 21:00:00,CLOSE,3.5413,-0.5445000000000073,-0.15375709485217498,0,RISK_ON,-0.002663327575283782,0.0016200034084002202,-0.1925034192512101,-0.04568527918781726
P2_2024,Passive,US100_BOOK,34,2024.02.29 15:46:20,2024-02-29,2024.02.29 18:45:00,CLOSE,3.5195,0.7554999999999927,0.21466117346213745,0,RISK_OFF,0.00017695983058028936,-0.00585731174072117,0.19904991429681984,-0.050314465408805034
P2_2024,Cross,US100_BOOK,33,2024.02.29 17:00:00,2024-02-29,2024.02.29 21:00:00,CLOSE,3.5195,-0.19450000000000728,-0.05526353175167134,0,RISK_OFF,0.00017695983058028936,-0.00585731174072117,-0.09400985615070645,-0.04568527918781726
P2_2024,Cross,US100_BOOK,34,2024.03.01 17:00:00,2024-03-01,2024.03.01 21:00:00,CLOSE,3.542,1.895,0.5350084697910785,0,MIXED,0.0012713440795480155,0.00433817066907572,0.4962621453920434,-0.04568527918781726
P2_2024,RC4,US30_BOOK,15,2024.03.04 13:00:00,2024-03-04,2024.03.04 19:00:00,CLOSE,3.6178,0.006999999999970896,0.001934877549884155,0,MIXED,0.0010748458343271413,0.0018387501683060248,-0.0509880953026698,-0.2641509433962264
P2_2024,Cross,US100_BOOK,35,2024.03.04 17:00:00,2024-03-04,2024.03.04 21:00:00,CLOSE,3.6178,-0.07450000000000727,-0.020592625352426133,0,MIXED,0.0010748458343271413,0.0018387501683060248,-0.05933894975146125,-0.04568527918781726
P2_2024,Return,US30_BOOK,8,2024.03.04 16:00:00,2024-03-04,2024.03.04 22:00:00,CLOSE,3.6178,1.5669999999999709,0.43313616009728867,0,MIXED,0.0010748458343271413,0.0018387501683060248,0.4882289645633598,-0.38
P2_2024,RC16,US30_BOOK,14,2024.03.05 13:30:01,2024-03-05,2024.03.05 16:52:45,EXTERNAL_CLOSE,3.6778,-1.8629999999999565,-0.5065528304964806,1,RISK_OFF,0.00478433691384486,-0.0007576513172720292,-0.5339687971539866,0.8472222222222222
P2_2024,Return,US30_BOOK,9,2024.03.05 16:00:00,2024-03-05,2024.03.05 18:43:11,EXTERNAL_CLOSE,3.6778,-1.853000000000029,-0.5038338136929765,1,RISK_OFF,0.00478433691384486,-0.0007576513172720292,-0.4487410092269054,0.62
P2_2024,Cross,US100_BOOK,36,2024.03.05 17:00:00,2024-03-05,2024.03.05 21:00:00,CLOSE,3.6032,1.68,0.4662522202486678,0,RISK_OFF,0.00478433691384486,-0.0007576513172720292,0.42750589584963267,-0.04568527918781726
P2_2024,Passive,US100_BOOK,35,2024.03.06 12:16:42,2024-03-06,2024.03.06 14:30:00,CLOSE,3.5963,0.05,0.013903178266551736,0,RISK_OFF,0.0004981062667013047,-0.002642873459143599,-0.0017080808987658819,-0.050314465408805034
P2_2024,Cross,US100_BOOK,37,2024.03.06 17:00:00,2024-03-06,2024.03.06 21:00:00,CLOSE,3.5983,-0.30450000000000726,-0.08462329433343725,0,RISK_OFF,0.0004981062667013047,-0.002642873459143599,-0.12336961873247237,-0.04568527918781726
P2_2024,Passive,US100_BOOK,36,2024.03.07 12:19:14,2024-03-07,2024.03.07 16:15:00,CLOSE,3.5861,-0.6644999999999709,-0.18529879256015472,0,RISK_OFF,0.00439401895122657,-0.009041312296264334,-0.20091005172547233,-0.050314465408805034
P2_2024,Pressure,US30_BOOK,4,2024.03.07 15:00:00,2024-03-07,2024.03.07 19:00:00,CLOSE,3.5861,1.1770000000000436,0.3282117063104887,0,RISK_OFF,0.00439401895122657,-0.009041312296264334,0.33770767163901305,-0.21739130434782608
P2_2024,Passive,US100_BOOK,37,2024.03.08 14:37:54,2024-03-08,2024.03.08 15:45:00,CLOSE,3.6066,0.7254999999999927,0.20115898630288714,0,RISK_OFF,0.0046811653901597,-0.006186306229560675,0.18554772713756953,-0.050314465408805034
P2_2024,Cross,US100_BOOK,38,2024.03.08 17:00:00,2024-03-08,2024.03.08 21:00:00,CLOSE,3.6357,3.395499999999993,0.9339329427620522,0,RISK_OFF,0.0046811653901597,-0.006186306229560675,0.895186618363017,-0.04568527918781726
P2_2024,Passive,US100_BOOK,38,2024.03.11 15:16:24,2024-03-11,2024.03.11 18:00:00,CLOSE,3.7715,0.6354999999999927,0.1685005965796083,0,MIXED,-0.0016290647037272854,-0.00196789468202415,0.1528893374142907,-0.050314465408805034
P2_2024,Cross,US100_BOOK,39,2024.03.11 17:00:00,2024-03-11,2024.03.11 21:00:00,CLOSE,3.7715,-0.7745000000000073,-0.20535595916744195,0,MIXED,-0.0016290647037272854,-0.00196789468202415,-0.24410228356647706,-0.04568527918781726
P2_2024,Passive,US100_BOOK,39,2024.03.12 15:45:00,2024-03-12,2024.03.12 16:15:00,CLOSE,3.7659,0.6954999999999927,0.18468360816803225,0,RISK_ON,-0.0019496000321873538,0.002684820829248601,0.16907234900271464,-0.050314465408805034
P2_2024,Cross,US100_BOOK,40,2024.03.12 17:00:00,2024-03-12,2024.03.12 21:00:00,CLOSE,3.7937,-1.1500000000000001,-0.3031341434483486,0,RISK_ON,-0.0019496000321873538,0.002684820829248601,-0.34188046784738374,-0.04568527918781726
P2_2024,RC16,US30_BOOK,15,2024.03.13 13:30:05,2024-03-13,2024.03.13 17:30:00,CLOSE,3.7477,1.1770000000000436,0.31405928969769287,0,RISK_ON,-0.00015752774142436962,0.0014821585374109097,0.2866433230401869,-0.1527777777777778
P2_2024,RC4,US30_BOOK,16,2024.03.13 13:00:00,2024-03-13,2024.03.13 19:00:00,CLOSE,3.7477,1.3369999999999709,0.35675214131333105,0,RISK_ON,-0.00015752774142436962,0.0014821585374109097,0.3038291684607771,-0.2641509433962264
P2_2024,Cross,US100_BOOK,41,2024.03.13 17:00:00,2024-03-13,2024.03.13 21:00:00,CLOSE,3.7477,-0.525,-0.14008591936387652,0,RISK_ON,-0.00015752774142436962,0.0014821585374109097,-0.17883224376291162,-0.04568527918781726
P2_2024,RC16,US30_BOOK,16,2024.03.15 13:30:00,2024-03-15,2024.03.15 16:30:00,EXTERNAL_CLOSE,3.8273,-1.978000000000029,-0.5168134193818172,1,MIXED,0.003190855902677222,0.0026058427337152684,-0.5442293860393232,0.8472222222222222
P2_2024,Cross,US100_BOOK,42,2024.03.15 17:00:00,2024-03-15,2024.03.15 21:00:00,CLOSE,3.7482,0.07549999999999273,0.020143001974279047,0,MIXED,0.003190855902677222,0.0026058427337152684,-0.01860332242475607,-0.04568527918781726
P2_2024,Passive,US100_BOOK,40,2024.03.18 14:30:24,2024-03-18,2024.03.18 18:30:00,CLOSE,3.7512,-0.7340000000000145,-0.19567071870335215,0,MIXED,0.0003529745105456243,0.001268248008435683,-0.21128197786866976,-0.050314465408805034
P2_2024,Passive,US100_BOOK,41,2024.03.19 14:32:00,2024-03-19,2024.03.19 17:45:00,CLOSE,3.7218,0.015499999999992723,0.004164651512706949,0,RISK_ON,-0.003361659419030546,0.0079205425496675,-0.011446607652610668,-0.050314465408805034
P2_2024,Cross,US100_BOOK,43,2024.03.19 17:00:00,2024-03-19,2024.03.19 20:01:52,EXTERNAL_CLOSE,3.7218,-1.8840000000000146,-0.506206674189912,1,RISK_ON,-0.003361659419030546,0.0079205425496675,-0.5449529985889472,0.9543147208121827
P2_2024,Passive,US100_BOOK,42,2024.03.20 14:38:05,2024-03-20,2024.03.20 16:45:00,CLOSE,3.6471,0.6455000000000292,0.17698993721039433,0,RISK_ON,-0.0007742396496093251,0.00398961774372868,0.16137867804507672,-0.050314465408805034
P2_2024,RC4,US30_BOOK,17,2024.03.20 13:00:00,2024-03-20,2024.03.20 17:24:12,EXTERNAL_CLOSE,3.6471,-0.4730000000000291,-0.12969208412163888,1,RISK_ON,-0.0007742396496093251,0.00398961774372868,-0.18261505697419284,0.7358490566037736
P2_2024,Cross,US100_BOOK,44,2024.03.20 17:00:00,2024-03-20,2024.03.20 21:00:00,CLOSE,3.6729,-0.16450000000000728,-0.04478749761768828,0,RISK_ON,-0.0007742396496093251,0.00398961774372868,-0.0835338220167234,-0.04568527918781726
P2_2024,Return,US30_BOOK,10,2024.03.20 16:00:00,2024-03-20,2024.03.20 22:00:00,CLOSE,3.6471,3.6969999999999708,1.013682103589145,0,RISK_ON,-0.0007742396496093251,0.00398961774372868,1.0687749080552162,-0.38
P2_2024,Passive,US100_BOOK,43,2024.03.21 15:30:09,2024-03-21,2024.03.21 17:45:00,CLOSE,3.7953,0.2255000000000291,0.05941559297026035,0,RISK_OFF,0.0063201801584179965,-0.0005356948122723969,0.04380433380494273,-0.050314465408805034
P2_2024,Cross,US100_BOOK,45,2024.03.21 17:00:00,2024-03-21,2024.03.21 21:00:00,CLOSE,3.7953,0.20099999999998544,0.05296024029720587,0,RISK_OFF,0.0063201801584179965,-0.0005356948122723969,0.014213915898170754,-0.04568527918781726
P2_2024,RC16,US30_BOOK,17,2024.03.22 13:30:01,2024-03-22,2024.03.22 17:27:43,EXTERNAL_CLOSE,3.8124,-1.9230000000000294,-0.5044066729619214,1,MIXED,-0.006042842419767115,-0.0008578820080568762,-0.5318226396194274,0.8472222222222222
P2_2024,Passive,US100_BOOK,44,2024.03.22 14:45:22,2024-03-22,2024.03.22 18:00:00,CLOSE,3.8124,-0.22450000000000728,-0.05888679047319465,0,MIXED,-0.006042842419767115,-0.0008578820080568762,-0.07449804963851227,-0.050314465408805034
P2_2024,Cross,US100_BOOK,46,2024.03.22 17:00:00,2024-03-22,2024.03.22 21:00:00,CLOSE,3.8124,0.8475,0.22230091281082784,0,MIXED,-0.006042842419767115,-0.0008578820080568762,0.18355458841179273,-0.04568527918781726
P2_2024,Passive,US100_BOOK,45,2024.03.25 14:00:41,2024-03-25,2024.03.25 17:15:00,CLOSE,3.7604,0.12099999999998545,0.032177427933194724,0,MIXED,0.00012929860144653816,0.0005221052193640899,0.01656616876787711,-0.050314465408805034
P2_2024,Passive,US100_BOOK,46,2024.03.26 12:16:25,2024-03-26,2024.03.26 13:15:01,CLOSE,3.7652,-0.12450000000000727,-0.03306597259109935,0,RISK_OFF,0.0030160803733702336,-0.0010308598018549634,-0.048677231756416965,-0.050314465408805034
P2_2024,Cross,US100_BOOK,47,2024.03.26 17:00:00,2024-03-26,2024.03.26 21:00:00,CLOSE,3.7602,-0.6045000000000073,-0.1607627253869494,0,RISK_OFF,0.0030160803733702336,-0.0010308598018549634,-0.19950904978598452,-0.04568527918781726
P2_2024,Passive,US100_BOOK,47,2024.03.27 13:49:07,2024-03-27,2024.03.27 15:15:05,CLOSE,3.736,0.0875,0.023420770877944322,0,RISK_ON,-0.00036735331536189063,0.0015165404690813252,0.007809511712626704,-0.050314465408805034
P2_2024,RC16,US30_BOOK,18,2024.03.27 13:30:02,2024-03-27,2024.03.27 17:30:00,CLOSE,3.736,0.34599999999998543,0.09261241970021022,0,RISK_ON,-0.00036735331536189063,0.0015165404690813252,0.06519645304270424,-0.1527777777777778
P2_2024,Cross,US100_BOOK,48,2024.03.27 17:00:00,2024-03-27,2024.03.27 21:00:00,CLOSE,3.7395,0.1954999999999927,0.05227971653964238,0,RISK_ON,-0.00036735331536189063,0.0015165404690813252,0.013533392140607267,-0.04568527918781726
P2_2024,RC16,US30_BOOK,19,2024.03.28 13:30:00,2024-03-28,2024.03.28 17:30:00,CLOSE,3.7612,-0.4380000000000291,-0.11645219610763295,0,MIXED,0.0015686349255474947,0.0007201065276014049,-0.14386816276513892,-0.1527777777777778
P2_2024,Cross,US100_BOOK,49,2024.03.28 17:00:00,2024-03-28,2024.03.28 21:00:00,CLOSE,3.7612,-0.49450000000000727,-0.1314739976603231,0,MIXED,0.0015686349255474947,0.0007201065276014049,-0.17022032205935822,-0.04568527918781726
P2_2024,Passive,US100_BOOK,48,2024.04.01 15:15:13,2024-04-01,2024.04.01 16:45:00,CLOSE,3.7239,0.7954999999999928,0.2136201294341934,0,MIXED,0.007479579515706615,0.0009718334368167044,0.1980088702688758,-0.050314465408805034
P2_2024,Return,US30_BOOK,11,2024.04.01 16:00:00,2024-04-01,2024.04.01 16:49:41,EXTERNAL_CLOSE,3.7239,-1.873000000000029,-0.5029673192083647,1,MIXED,0.007479579515706615,0.0009718334368167044,-0.44787451474229356,0.62
P2_2024,RC4,US30_BOOK,18,2024.04.01 13:00:00,2024-04-01,2024.04.01 19:00:00,CLOSE,3.7239,4.356999999999971,1.1700099358199658,0,MIXED,0.007479579515706615,0.0009718334368167044,1.1170869629674118,-0.2641509433962264
P2_2024,Cross,US100_BOOK,50,2024.04.01 17:00:00,2024-04-01,2024.04.01 21:00:00,CLOSE,3.6808,-1.1549999999999998,-0.3137904803303629,0,MIXED,0.007479579515706615,0.0009718334368167044,-0.352536804729398,-0.04568527918781726
P2_2024,Passive,US100_BOOK,49,2024.04.02 14:46:41,2024-04-02,2024.04.02 16:40:22,EXTERNAL_CLOSE,3.8089,-1.9145000000000072,-0.5026385570637211,1,RISK_OFF,0.00442372686198647,-1.3189393090379534e-05,-0.5182498162290387,0.949685534591195
P2_2024,Return,US30_BOOK,12,2024.04.02 16:00:00,2024-04-02,2024.04.02 16:51:01,EXTERNAL_CLOSE,3.8089,-1.9460000000000583,-0.5109086612933021,1,RISK_OFF,0.00442372686198647,-1.3189393090379534e-05,-0.455815856827231,0.62
P2_2024,Cross,US100_BOOK,51,2024.04.02 17:00:00,2024-04-02,2024.04.02 21:00:00,CLOSE,3.6545,-0.2845000000000073,-0.07784922698043707,0,RISK_OFF,0.00442372686198647,-1.3189393090379534e-05,-0.1165955513794722,-0.04568527918781726
P2_2024,RC16,US30_BOOK,20,2024.04.03 13:30:00,2024-04-03,2024.04.03 17:30:00,CLOSE,3.6431,0.9269999999999708,0.25445362466030874,0,RISK_ON,-0.0033640343885866023,0.0011606743765228142,0.22703765800280276,-0.1527777777777778
P2_2024,Cross,US100_BOOK,52,2024.04.03 17:00:00,2024-04-03,2024.04.03 21:00:00,CLOSE,3.6431,-1.4284999999999854,-0.39211111416101274,0,RISK_ON,-0.0033640343885866023,0.0011606743765228142,-0.4308574385600479,-0.04568527918781726
P2_2024,RC16,US30_BOOK,21,2024.04.04 13:30:00,2024-04-04,2024.04.04 17:30:00,CLOSE,3.623,0.3569999999999709,0.09853712393043634,0,RISK_ON,-0.0036414837889157978,0.00015162052707297876,0.07112115727293036,-0.1527777777777778
P2_2024,RC4,US30_BOOK,19,2024.04.04 13:00:00,2024-04-04,2024.04.04 19:00:00,CLOSE,3.623,0.6469999999999709,0.17858128622687577,0,RISK_ON,-0.0036414837889157978,0.00015162052707297876,0.12565831337432182,-0.2641509433962264
P2_2024,Passive,US100_BOOK,50,2024.04.04 16:00:03,2024-04-04,2024.04.04 19:00:00,CLOSE,3.623,0.015499999999992723,0.004278222467566305,0,RISK_ON,-0.0036414837889157978,0.00015162052707297876,-0.011333036697751313,-0.050314465408805034
P2_2024,RC16,US30_BOOK,22,2024.04.05 13:30:02,2024-04-05,2024.04.05 17:30:00,CLOSE,3.6638,0.4369999999999709,0.11927506959986105,0,RISK_ON,-0.0012753822415301323,0.0004624460837258905,0.09185910294235508,-0.1527777777777778
P2_2024,RC4,US30_BOOK,20,2024.04.05 13:00:00,2024-04-05,2024.04.05 19:00:00,CLOSE,3.6638,3.126999999999971,0.8534854522626701,0,RISK_ON,-0.0012753822415301323,0.0004624460837258905,0.8005624794101162,-0.2641509433962264
P2_2024,Cross,US100_BOOK,53,2024.04.05 17:00:00,2024-04-05,2024.04.05 21:00:00,CLOSE,3.6638,0.7854999999999928,0.21439489055079228,0,RISK_ON,-0.0012753822415301323,0.0004624460837258905,0.17564856615175717,-0.04568527918781726
P2_2024,Cross,US100_BOOK,54,2024.04.08 17:00:00,2024-04-08,2024.04.08 21:00:00,CLOSE,3.8378,-0.09799999999999273,-0.025535463025689906,0,MIXED,0.005795276126258215,0.0026367672708245216,-0.06428178742472503,-0.04568527918781726
P2_2024,Passive,US100_BOOK,51,2024.04.09 15:15:25,2024-04-09,2024.04.09 17:30:00,CLOSE,3.8339,0.8254999999999927,0.2153159967656936,0,MIXED,0.008335813043573673,0.0005334545257744166,0.199704737600376,-0.050314465408805034
P2_2024,Cross,US100_BOOK,55,2024.04.09 17:00:00,2024-04-09,2024.04.09 21:00:00,CLOSE,3.8339,-0.9,-0.23474790683116412,0,MIXED,0.008335813043573673,0.0005334545257744166,-0.2734942312301992,-0.04568527918781726
P2_2024,RC16,US30_BOOK,23,2024.04.10 13:30:00,2024-04-10,2024.04.10 15:30:21,EXTERNAL_CLOSE,3.8309,-2.036000000000058,-0.5314678012999708,1,MIXED,0.0005692849679840011,0.0008433203601635857,-0.5588837679574769,0.8472222222222222
P2_2024,Passive,US100_BOOK,52,2024.04.10 16:08:20,2024-04-10,2024.04.10 18:45:00,CLOSE,3.7494,0.605,0.1613591507974609,0,MIXED,0.0005692849679840011,0.0008433203601635857,0.1457478916321433,-0.050314465408805034
P2_2024,Cross,US100_BOOK,56,2024.04.10 17:00:00,2024-04-10,2024.04.10 21:00:00,CLOSE,3.7494,-0.1745000000000073,-0.04654077985811257,0,MIXED,0.0005692849679840011,0.0008433203601635857,-0.0852871042571477,-0.04568527918781726
P2_2024,Return,US30_BOOK,13,2024.04.10 16:00:00,2024-04-10,2024.04.10 22:00:00,CLOSE,3.7494,-1.6530000000000293,-0.4408705392862936,0,MIXED,0.0005692849679840011,0.0008433203601635857,-0.3857777348202225,-0.38
P2_2024,Cross,US100_BOOK,57,2024.04.11 17:00:00,2024-04-11,2024.04.11 21:00:00,CLOSE,3.7005,1.7255000000000291,0.46628833941360065,0,RISK_ON,-0.002094043899057464,0.0005809759907003546,0.4275420150145655,-0.04568527918781726
P2_2024,Passive,US100_BOOK,53,2024.04.12 12:45:18,2024-04-12,2024.04.12 16:45:00,CLOSE,3.7696,-1.015,-0.26925933786078093,0,MIXED,0.010532528320026964,0.0002413827984073037,-0.28487059702609857,-0.050314465408805034
P2_2024,Return,US30_BOOK,14,2024.04.12 16:00:00,2024-04-12,2024.04.12 19:38:01,EXTERNAL_CLOSE,3.7696,-1.9340000000000144,-0.5130517826825165,1,MIXED,0.010532528320026964,0.0002413827984073037,-0.4579589782164454,0.62
P2_2024,Cross,US100_BOOK,58,2024.04.12 17:00:00,2024-04-12,2024.04.12 21:00:00,CLOSE,3.729,1.7254999999999927,0.46272459104317315,0,MIXED,0.010532528320026964,0.0002413827984073037,0.423978266644138,-0.04568527918781726
P2_2024,Passive,US100_BOOK,54,2024.04.15 16:00:05,2024-04-15,2024.04.15 17:15:00,CLOSE,3.7206,1.0254999999999928,0.2756275869483397,0,RISK_ON,-0.004615986779397088,0.00565735496597919,0.2600163277830221,-0.050314465408805034
P2_2024,Pressure,US30_BOOK,5,2024.04.15 15:00:00,2024-04-15,2024.04.15 19:00:00,CLOSE,3.7206,-0.6030000000000291,-0.16207063376875477,0,RISK_ON,-0.004615986779397088,0.00565735496597919,-0.1525746684402304,-0.21739130434782608
P2_2024,Cross,US100_BOOK,59,2024.04.15 17:00:00,2024-04-15,2024.04.15 21:00:00,CLOSE,3.7206,3.815499999999993,1.025506638714184,0,RISK_ON,-0.004615986779397088,0.00565735496597919,0.9867603143151489,-0.04568527918781726
P2_2024,Pressure,US30_BOOK,6,2024.04.16 15:00:00,2024-04-16,2024.04.16 16:47:26,EXTERNAL_CLOSE,3.8901,-2.036000000000058,-0.5233798617002283,1,RISK_ON,-0.004875409098921887,0.001515711216901744,-0.513883896371704,0.782608695652174
P2_2024,Cross,US100_BOOK,60,2024.04.16 17:00:00,2024-04-16,2024.04.16 21:00:00,CLOSE,3.8087,-0.1745000000000073,-0.04581615774411408,0,RISK_ON,-0.004875409098921887,0.001515711216901744,-0.0845624821431492,-0.04568527918781726
P2_2024,Passive,US100_BOOK,55,2024.04.17 12:26:02,2024-04-17,2024.04.17 14:45:00,CLOSE,3.8017,-0.22450000000000728,-0.05905252913170615,0,RISK_OFF,0.004112268041870064,-0.000821365906461094,-0.07466378829702378,-0.050314465408805034
P2_2024,Return,US30_BOOK,15,2024.04.17 16:00:00,2024-04-17,2024.04.17 18:30:46,EXTERNAL_CLOSE,3.7927,-1.968000000000029,-0.5188915548290213,1,RISK_OFF,0.004112268041870064,-0.000821365906461094,-0.46379875036295015,0.62
P2_2024,Cross,US100_BOOK,61,2024.04.17 17:00:00,2024-04-17,2024.04.17 21:00:00,CLOSE,3.7927,1.475,0.3889050017138187,0,RISK_OFF,0.004112268041870064,-0.000821365906461094,0.35015867731478356,-0.04568527918781726
P2_2024,Passive,US100_BOOK,56,2024.04.18 12:30:31,2024-04-18,2024.04.18 14:45:00,CLOSE,3.773,0.325,0.08613835144447389,0,RISK_OFF,0.00696129421038647,-0.00016195748327559655,0.07052709227915627,-0.050314465408805034
P2_2024,Cross,US100_BOOK,62,2024.04.18 17:00:00,2024-04-18,2024.04.18 21:00:00,CLOSE,3.786,0.45749999999999996,0.12083993660855784,0,RISK_OFF,0.00696129421038647,-0.00016195748327559655,0.08209361220952271,-0.04568527918781726
P2_2024,Passive,US100_BOOK,57,2024.04.19 15:13:53,2024-04-19,2024.04.19 17:00:00,CLOSE,3.8043,0.5355000000000292,0.1407617695765395,0,RISK_OFF,0.0023598781464298463,-0.0014755660630779782,0.12515051041122188,-0.050314465408805034
P2_2024,Pressure,US30_BOOK,7,2024.04.19 15:00:00,2024-04-19,2024.04.19 19:00:00,CLOSE,3.8043,1.9569999999999708,0.5144178955392505,0,RISK_OFF,0.0023598781464298463,-0.0014755660630779782,0.5239138608677749,-0.21739130434782608
P2_2024,Cross,US100_BOOK,63,2024.04.19 17:00:00,2024-04-19,2024.04.19 21:00:00,CLOSE,3.8257,1.6354999999999926,0.42750346341845746,0,RISK_OFF,0.0023598781464298463,-0.0014755660630779782,0.3887571390194223,-0.04568527918781726
P2_2024,RC16,US30_BOOK,24,2024.04.22 13:30:00,2024-04-22,2024.04.22 17:30:00,CLOSE,3.9694,-1.0230000000000292,-0.2577215700105883,0,RISK_ON,-0.01128974580439528,0.0015783280764632428,-0.28513753666809427,-0.1527777777777778
P2_2024,Cross,US100_BOOK,64,2024.04.22 17:00:00,2024-04-22,2024.04.22 21:00:00,CLOSE,3.9694,1.0775000000000001,0.27145160477654057,0,RISK_ON,-0.01128974580439528,0.0015783280764632428,0.23270528037750546,-0.04568527918781726
P2_2024,Passive,US100_BOOK,58,2024.04.23 12:17:45,2024-04-23,2024.04.23 14:30:00,CLOSE,3.9716,-0.08450000000000728,-0.021276060026187753,0,RISK_ON,-0.011113336263619917,1.9375276501837143e-05,-0.03688731919150537,-0.050314465408805034
P2_2024,RC16,US30_BOOK,25,2024.04.23 13:30:00,2024-04-23,2024.04.23 17:30:00,CLOSE,3.9716,0.7669999999999709,0.19312116023768025,0,RISK_ON,-0.011113336263619917,1.9375276501837143e-05,0.16570519358017427,-0.1527777777777778
P2_2024,Cross,US100_BOOK,65,2024.04.23 17:00:00,2024-04-23,2024.04.23 21:00:00,CLOSE,3.9682,1.3254999999999928,0.33403054281538047,0,RISK_ON,-0.011113336263619917,1.9375276501837143e-05,0.29528421841634533,-0.04568527918781726
P2_2024,Passive,US100_BOOK,59,2024.04.24 13:01:02,2024-04-24,2024.04.24 14:30:00,CLOSE,4.0519,0.37549999999999273,0.09267257336064383,0,RISK_ON,-0.0013228854617127076,0.0004713980914953227,0.0770613141953262,-0.050314465408805034
P2_2024,Passive,US100_BOOK,60,2024.04.24 15:30:23,2024-04-24,2024.04.24 16:15:00,CLOSE,4.067,0.44599999999998546,0.1096631423653763,0,RISK_ON,-0.0013228854617127076,0.0004713980914953227,0.09405188320005868,-0.050314465408805034
P2_2024,Cross,US100_BOOK,66,2024.04.24 17:00:00,2024-04-24,2024.04.24 21:00:00,CLOSE,4.0848,-0.4,-0.09792401096748922,0,RISK_ON,-0.0013228854617127076,0.0004713980914953227,-0.13667033536652434,-0.04568527918781726
P2_2024,Passive,US100_BOOK,61,2024.04.25 12:18:55,2024-04-25,2024.04.25 14:15:00,CLOSE,4.0688,0.26549999999999274,0.06525265434525972,0,MIXED,0.004622009903943206,0.0021285976339654763,0.0496413951799421,-0.050314465408805034
P2_2024,Return,US30_BOOK,16,2024.04.25 16:00:00,2024-04-25,2024.04.25 16:51:40,EXTERNAL_CLOSE,4.0794,-2.0530000000000292,-0.5032602833750134,1,MIXED,0.004622009903943206,0.0021285976339654763,-0.44816747890894226,0.62
P2_2024,Passive,US100_BOOK,62,2024.04.25 15:45:37,2024-04-25,2024.04.25 19:00:00,CLOSE,4.0794,0.06,0.014708045300779527,0,MIXED,0.004622009903943206,0.0021285976339654763,-0.0009032138645380904,-0.050314465408805034
P2_2024,Cross,US100_BOOK,67,2024.04.25 17:00:00,2024-04-25,2024.04.25 21:00:00,CLOSE,3.9973,2.065,0.5165987041252845,0,MIXED,0.004622009903943206,0.0021285976339654763,0.4778523797262494,-0.04568527918781726
P2_2024,Cross,US100_BOOK,68,2024.04.26 17:00:00,2024-04-26,2024.04.26 21:00:00,CLOSE,4.0823,0.8554999999999927,0.20956323641084504,0,MIXED,0.006437405216330922,0.005829724961062212,0.17081691201180993,-0.04568527918781726
P2_2024,Passive,US100_BOOK,63,2024.04.29 16:06:40,2024-04-29,2024.04.29 16:45:00,CLOSE,4.1165,0.7554999999999927,0.18352969755860382,0,RISK_OFF,0.0009842015069657663,-0.012344576268187829,0.1679184383932862,-0.050314465408805034
P2_2024,Cross,US100_BOOK,69,2024.04.29 17:00:00,2024-04-29,2024.04.29 21:00:00,CLOSE,4.1467,-0.5144999999999709,-0.12407456531699203,0,RISK_OFF,0.0009842015069657663,-0.012344576268187829,-0.16282088971602715,-0.04568527918781726
P2_2024,Passive,US100_BOOK,64,2024.04.30 15:45:31,2024-04-30,2024.04.30 16:45:00,CLOSE,4.1262,0.6759999999999854,0.16383112791430018,0,RISK_ON,-0.009227206344938723,0.003875491281641668,0.14821986874898258,-0.050314465408805034
P2_2024,RC16,US30_BOOK,26,2024.04.30 13:30:00,2024-04-30,2024.04.30 16:54:05,EXTERNAL_CLOSE,4.1262,-2.0730000000000293,-0.5023993020212373,1,RISK_ON,-0.009227206344938723,0.003875491281641668,-0.5298152686787433,0.8472222222222222
P2_2024,Return,US30_BOOK,17,2024.04.30 16:00:00,2024-04-30,2024.04.30 19:32:34,EXTERNAL_CLOSE,4.1262,-2.14,-0.5186370025689497,1,RISK_ON,-0.009227206344938723,0.003875491281641668,-0.4635441981028786,0.62
P2_2024,Cross,US100_BOOK,70,2024.04.30 17:00:00,2024-04-30,2024.04.30 21:00:00,CLOSE,4.0703,-1.4440000000000144,-0.3547650050364874,0,RISK_ON,-0.009227206344938723,0.003875491281641668,-0.3935113294355225,-0.04568527918781726
P2_2024,Cross,US100_BOOK,71,2024.05.01 17:00:00,2024-05-01,2024.05.01 21:00:00,CLOSE,3.9269,0.06549999999999273,0.016679823779569822,0,RISK_ON,-0.00018806158853747565,0.000981829892926927,-0.022066500619465294,-0.04568527918781726
P2_2024,Cross,US100_BOOK,72,2024.05.02 17:00:00,2024-05-02,2024.05.02 21:00:00,CLOSE,3.9295,-0.9840000000000145,-0.2504135386181485,0,RISK_ON,-0.0067779567980870365,0.003661387473302789,-0.28915986301718366,-0.04568527918781726
P2_2024,RC16,US30_BOOK,27,2024.05.03 13:30:00,2024-05-03,2024.05.03 17:30:00,CLOSE,3.8902,0.3569999999999709,0.09176906071666519,0,MIXED,-0.001120467760463716,-0.00237330019530249,0.0643530940591592,-0.1527777777777778
P2_2024,Passive,US100_BOOK,65,2024.05.03 15:45:05,2024-05-03,2024.05.03 19:45:00,CLOSE,3.8902,-0.7745000000000073,-0.19909002107860965,0,MIXED,-0.001120467760463716,-0.00237330019530249,-0.21470128024392726,-0.050314465408805034
P2_2024,Cross,US100_BOOK,73,2024.05.03 17:00:00,2024-05-03,2024.05.03 21:00:00,CLOSE,3.8902,-0.375,-0.09639607218137884,0,MIXED,-0.001120467760463716,-0.00237330019530249,-0.13514239658041396,-0.04568527918781726
P2_2024,RC16,US30_BOOK,28,2024.05.06 13:30:00,2024-05-06,2024.05.06 17:30:00,CLOSE,3.8585,0.2169999999999709,0.056239471297128654,0,MIXED,0.006543636618323189,0.005963389260961206,0.02882350463962268,-0.1527777777777778
P2_2024,Cross,US100_BOOK,74,2024.05.06 17:00:00,2024-05-06,2024.05.06 21:00:00,CLOSE,3.8585,0.1375,0.03563560969288584,0,MIXED,0.006543636618323189,0.005963389260961206,-0.0031107147061492785,-0.04568527918781726
P2_2024,RC16,US30_BOOK,29,2024.05.08 13:30:04,2024-05-08,2024.05.08 17:30:00,CLOSE,3.8727,-0.0830000000000291,-0.021432075812747982,0,RISK_ON,-0.0029428715080959747,0.004785469587994222,-0.048848042470253955,-0.1527777777777778
P2_2024,Passive,US100_BOOK,66,2024.05.08 14:30:23,2024-05-08,2024.05.08 17:30:00,CLOSE,3.8727,0.44549999999999274,0.11503602138043038,0,RISK_ON,-0.0029428715080959747,0.004785469587994222,0.09942476221511276,-0.050314465408805034
P2_2024,Cross,US100_BOOK,75,2024.05.08 17:00:00,2024-05-08,2024.05.08 21:00:00,CLOSE,3.8727,0.10549999999999272,0.027241975882457387,0,RISK_ON,-0.0029428715080959747,0.004785469587994222,-0.01150434851657773,-0.04568527918781726
P2_2024,Passive,US100_BOOK,67,2024.05.09 15:56:02,2024-05-09,2024.05.09 16:45:00,CLOSE,3.8914,0.5755000000000291,0.14789021945830014,0,MIXED,0.0008616975974811416,0.002396318655564124,0.13227896029298253,-0.050314465408805034
P2_2024,Cross,US100_BOOK,76,2024.05.09 17:00:00,2024-05-09,2024.05.09 21:00:00,CLOSE,3.9144,-0.53,-0.13539750664214184,0,MIXED,0.0008616975974811416,0.002396318655564124,-0.17414383104117695,-0.04568527918781726
P2_2024,Passive,US100_BOOK,68,2024.05.10 12:15:54,2024-05-10,2024.05.10 15:00:00,CLOSE,3.8932,0.11549999999999273,0.029667111887391535,0,MIXED,0.010009456753349279,0.0018512928979466064,0.014055852722073917,-0.050314465408805034
P2_2024,Passive,US100_BOOK,69,2024.05.10 16:00:32,2024-05-10,2024.05.10 16:45:00,CLOSE,3.8978,0.6875,0.17638154856585767,0,MIXED,0.010009456753349279,0.0018512928979466064,0.16077028940054006,-0.050314465408805034
P2_2024,Cross,US100_BOOK,77,2024.05.10 17:00:00,2024-05-10,2024.05.10 21:00:00,CLOSE,3.9253,-0.7374999999999999,-0.18788372863220643,0,MIXED,0.010009456753349279,0.0018512928979466064,-0.22663005303124154,-0.04568527918781726
P2_2024,RC16,US30_BOOK,30,2024.05.13 13:30:01,2024-05-13,2024.05.13 17:30:00,CLOSE,3.8958,0.3569999999999709,0.09163714769751294,0,RISK_ON,-0.0074447464495794894,0.0018108618098445256,0.06422118104000696,-0.1527777777777778
P2_2024,Cross,US100_BOOK,78,2024.05.13 17:00:00,2024-05-13,2024.05.13 21:00:00,CLOSE,3.8958,-0.004500000000007276,-0.0011550900970294358,0,RISK_ON,-0.0074447464495794894,0.0018108618098445256,-0.039901414496064554,-0.04568527918781726
P2_2024,Passive,US100_BOOK,70,2024.05.14 16:00:19,2024-05-14,2024.05.14 16:45:00,CLOSE,3.9099,0.5154999999999927,0.13184480421493971,0,MIXED,0.0031066608751647035,0.001765711125307327,0.11623354504962209,-0.050314465408805034
P2_2024,RC16,US30_BOOK,31,2024.05.14 13:30:00,2024-05-14,2024.05.14 17:30:00,CLOSE,3.9099,0.546999999999971,0.13990127624746693,0,MIXED,0.0031066608751647035,0.001765711125307327,0.11248530958996095,-0.1527777777777778
P2_2024,RC4,US30_BOOK,21,2024.05.14 13:00:01,2024-05-14,2024.05.14 19:00:00,CLOSE,3.9099,-0.4030000000000291,-0.10307168981304614,0,MIXED,0.0031066608751647035,0.001765711125307327,-0.15599466266560008,-0.2641509433962264
P2_2024,Cross,US100_BOOK,79,2024.05.14 17:00:00,2024-05-14,2024.05.14 21:00:00,CLOSE,3.9305,0.3625,0.09222745197811984,0,MIXED,0.0031066608751647035,0.001765711125307327,0.05348112757908472,-0.04568527918781726
P2_2024,RC16,US30_BOOK,32,2024.05.15 13:30:00,2024-05-15,2024.05.15 17:30:00,CLOSE,3.9508,1.3070000000000437,0.33081907461780996,0,RISK_OFF,0.006769309958464933,-0.004928659917973918,0.303403107960304,-0.1527777777777778
P2_2024,Passive,US100_BOOK,71,2024.05.15 15:45:06,2024-05-15,2024.05.15 19:45:00,CLOSE,3.9508,-1.2245000000000072,-0.3099372279032113,0,RISK_OFF,0.006769309958464933,-0.004928659917973918,-0.32554848706852896,-0.050314465408805034
P2_2024,Cross,US100_BOOK,80,2024.05.15 17:00:00,2024-05-15,2024.05.15 20:54:57,EXTERNAL_CLOSE,3.9508,-2.0,-0.5062265870203503,1,RISK_OFF,0.006769309958464933,-0.004928659917973918,-0.5449729114193854,0.9543147208121827
P2_2024,Passive,US100_BOOK,72,2024.05.17 14:34:14,2024-05-17,2024.05.17 16:30:00,CLOSE,3.8741,0.14599999999998545,0.037686172272265936,0,MIXED,0.0028099285765564217,0.0031745038386786213,0.02207491310694832,-0.050314465408805034
P2_2024,Cross,US100_BOOK,81,2024.05.17 17:00:00,2024-05-17,2024.05.17 21:00:00,CLOSE,3.8799,0.20549999999999272,0.05296528261037468,0,MIXED,0.0028099285765564217,0.0031745038386786213,0.01421895821133956,-0.04568527918781726
P2_2024,Cross,US100_BOOK,82,2024.05.20 17:00:00,2024-05-20,2024.05.20 21:00:00,CLOSE,3.8882,-0.08450000000000728,-0.021732421171752298,0,MIXED,0.008412229983943623,0.0005204468249745557,-0.06047874557078742,-0.04568527918781726
P2_2024,Cross,US100_BOOK,83,2024.05.21 17:00:00,2024-05-21,2024.05.21 21:00:00,CLOSE,3.8848,-0.745,-0.19177306425041188,0,RISK_ON,-0.003635834891663523,0.00012160505892025138,-0.230519388649447,-0.04568527918781726
P2_2024,Passive,US100_BOOK,73,2024.05.22 12:52:35,2024-05-22,2024.05.22 14:30:00,CLOSE,3.855,0.2754999999999927,0.0714656290531758,0,RISK_ON,-0.001695013759222405,0.0022457326140825004,0.055854369887858184,-0.050314465408805034
P2_2024,Return,US30_BOOK,18,2024.05.22 16:00:00,2024-05-22,2024.05.22 21:21:19,EXTERNAL_CLOSE,3.866,-1.9770000000000436,-0.5113812726332239,1,RISK_ON,-0.001695013759222405,0.0022457326140825004,-0.45628846816715274,0.62
P2_2024,Passive,US100_BOOK,74,2024.05.23 15:01:04,2024-05-23,2024.05.23 16:45:01,CLOSE,3.7869,0.8854999999999927,0.23383242229791987,0,RISK_ON,-0.007382225517597705,6.3795242789128955e-06,0.21822116313260226,-0.050314465408805034
P2_2024,Cross,US100_BOOK,84,2024.05.23 17:00:00,2024-05-23,2024.05.23 21:00:00,CLOSE,3.8223,1.3254999999999928,0.3467807341129668,0,RISK_ON,-0.007382225517597705,6.3795242789128955e-06,0.30803440971393165,-0.04568527918781726
P2_2024,RC16,US30_BOOK,33,2024.05.24 13:30:02,2024-05-24,2024.05.24 17:30:00,CLOSE,3.8754,-0.05300000000002911,-0.013676007637928757,0,MIXED,0.0049779479909427,0.0008027779093801823,-0.04109197429543473,-0.1527777777777778
P2_2024,RC4,US30_BOOK,22,2024.05.24 13:00:00,2024-05-24,2024.05.24 19:00:00,CLOSE,3.8754,-0.5430000000000291,-0.1401145688187101,0,MIXED,0.0049779479909427,0.0008027779093801823,-0.19303754167126405,-0.2641509433962264
P2_2024,Cross,US100_BOOK,85,2024.05.24 17:00:00,2024-05-24,2024.05.24 21:00:00,CLOSE,3.8754,1.5,0.38705681994116736,0,MIXED,0.0049779479909427,0.0008027779093801823,0.3483104955421322,-0.04568527918781726
P2_2024,RC4,US30_BOOK,23,2024.05.27 13:00:00,2024-05-27,2024.05.27 19:00:00,CLOSE,3.9115,0.5090000000000146,0.1301291064808934,0,MIXED,0.0037139572355944406,0.0005226258882501604,0.07720613362833945,-0.2641509433962264
P2_2024,RC4,US30_BOOK,24,2024.05.28 13:00:00,2024-05-28,2024.05.28 19:00:00,CLOSE,3.9319,1.6290000000000147,0.414303517383457,0,RISK_ON,-0.003172138955372225,0.00021039544858374973,0.36138054453090307,-0.2641509433962264
P2_2024,Return,US30_BOOK,19,2024.05.28 16:00:00,2024-05-28,2024.05.28 20:01:56,EXTERNAL_CLOSE,3.9319,-1.9909999999999854,-0.5063709656908836,1,RISK_ON,-0.003172138955372225,0.00021039544858374973,-0.45127816122481246,0.62
P2_2024,Cross,US100_BOOK,86,2024.05.28 17:00:00,2024-05-28,2024.05.28 21:00:00,CLOSE,3.9319,-0.41250000000000003,-0.10491111167628882,0,RISK_ON,-0.003172138955372225,0.00021039544858374973,-0.14365743607532394,-0.04568527918781726
P2_2024,Passive,US100_BOOK,75,2024.05.29 12:22:11,2024-05-29,2024.05.29 14:45:00,CLOSE,3.9009,0.13749999999999998,0.035248276038862825,0,MIXED,-0.007086382901549296,-0.0004009533834038323,0.01963701687354521,-0.050314465408805034
P2_2024,Pressure,US30_BOOK,8,2024.05.29 15:00:00,2024-05-29,2024.05.29 19:00:00,CLOSE,3.9064,1.3890000000000144,0.3555703460987135,0,MIXED,-0.007086382901549296,-0.0004009533834038323,0.3650663114272379,-0.21739130434782608
P2_2024,Cross,US100_BOOK,87,2024.05.29 17:00:00,2024-05-29,2024.05.29 21:00:00,CLOSE,3.9064,0.2675,0.068477370468974,0,MIXED,-0.007086382901549296,-0.0004009533834038323,0.029731046069938878,-0.04568527918781726
P2_2024,Return,US30_BOOK,20,2024.05.29 16:00:00,2024-05-29,2024.05.29 22:00:00,CLOSE,3.9064,-1.5609999999999855,-0.3996006553348314,0,MIXED,-0.007086382901549296,-0.0004009533834038323,-0.3445078508687603,-0.38
P2_2024,Passive,US100_BOOK,76,2024.05.30 13:45:08,2024-05-30,2024.05.30 15:00:00,CLOSE,3.9102,0.0675,0.017262544115390518,0,MIXED,-0.0014379439882188272,-0.004317161833509187,0.0016512849500729,-0.050314465408805034
P2_2024,Passive,US100_BOOK,77,2024.05.30 15:45:50,2024-05-30,2024.05.30 16:45:00,CLOSE,3.9129,0.4875,0.12458790155639039,0,MIXED,-0.0014379439882188272,-0.004317161833509187,0.10897664239107277,-0.050314465408805034
P2_2024,Cross,US100_BOOK,88,2024.05.30 17:00:00,2024-05-30,2024.05.30 21:00:00,CLOSE,3.9324,0.3275,0.08328247380734412,0,MIXED,-0.0014379439882188272,-0.004317161833509187,0.044536149408309,-0.04568527918781726
P2_2024,Passive,US100_BOOK,78,2024.05.31 15:47:12,2024-05-31,2024.05.31 17:15:00,CLOSE,3.9455,1.7275,0.4378405778735268,0,RISK_ON,-0.0005290508780207775,0.00327955793884828,0.4222293187082092,-0.050314465408805034
P2_2024,Cross,US100_BOOK,89,2024.05.31 17:00:00,2024-05-31,2024.05.31 21:00:00,CLOSE,3.9455,1.9974999999999998,0.5062729692054239,0,RISK_ON,-0.0005290508780207775,0.00327955793884828,0.4675266448063887,-0.04568527918781726
P2_2024,Cross,US100_BOOK,90,2024.06.03 17:00:00,2024-06-03,2024.06.03 19:31:45,EXTERNAL_CLOSE,4.0945,-2.0625,-0.5037245084869948,1,MIXED,-0.0014566957931813772,-0.00040743051963515556,-0.5424708328860299,0.9543147208121827
P2_2024,Passive,US100_BOOK,79,2024.06.04 12:15:27,2024-06-04,2024.06.04 14:30:00,CLOSE,4.012,0.2675,0.06667497507477568,0,MIXED,-0.007935617912959722,-0.004676838302146274,0.05106371590945807,-0.050314465408805034
P2_2024,Passive,US100_BOOK,80,2024.06.05 13:10:00,2024-06-05,2024.06.05 17:00:00,CLOSE,4.0227,-0.6625,-0.1646903820816864,0,MIXED,0.0021716001118052748,0.009013761596298669,-0.180301641247004,-0.050314465408805034
P2_2024,RC4,US30_BOOK,25,2024.06.05 13:00:00,2024-06-05,2024.06.05 17:09:47,EXTERNAL_CLOSE,4.0227,-2.0309999999999855,-0.5048847788798532,1,MIXED,0.0021716001118052748,0.009013761596298669,-0.5578077517324072,0.7358490566037736
P2_2024,Cross,US100_BOOK,91,2024.06.05 17:00:00,2024-06-05,2024.06.05 21:00:00,CLOSE,3.9962,1.6575,0.41476903057905007,0,MIXED,0.0021716001118052748,0.009013761596298669,0.37602270618001493,-0.04568527918781726
P2_2024,RC4,US30_BOOK,26,2024.06.06 13:00:00,2024-06-06,2024.06.06 19:00:00,CLOSE,3.9813,0.4989999999999418,0.12533594554541025,0,MIXED,0.0025085715576069994,0.0005252571959290665,0.07241297269285629,-0.2641509433962264
P2_2024,Cross,US100_BOOK,92,2024.06.06 17:00:00,2024-06-06,2024.06.06 21:00:00,CLOSE,3.9813,-0.4025,-0.10109763142692085,0,MIXED,0.0025085715576069994,0.0005252571959290665,-0.13984395582595596,-0.04568527918781726
P2_2024,Passive,US100_BOOK,81,2024.06.07 15:45:00,2024-06-07,2024.06.07 17:45:00,CLOSE,3.9851,1.3775000000000002,0.34566259315951925,0,MIXED,-0.012497781265239797,-0.0015436965585863929,0.3300513339942016,-0.050314465408805034
P2_2024,Return,US30_BOOK,21,2024.06.07 16:00:00,2024-06-07,2024.06.07 22:00:00,CLOSE,3.9851,1.8090000000000144,0.45394092996411994,0,MIXED,-0.012497781265239797,-0.0015436965585863929,0.5090337344301911,-0.38
P2_2024,Cross,US100_BOOK,93,2024.06.10 17:00:00,2024-06-10,2024.06.10 21:00:00,CLOSE,4.1126,-1.1125,-0.2705101395710743,0,RISK_ON,-0.0008240483035947025,0.0017472711311930342,-0.3092564639701094,-0.04568527918781726
P2_2024,Passive,US100_BOOK,82,2024.06.11 12:49:34,2024-06-11,2024.06.11 15:15:00,CLOSE,4.0681,0.0975,0.023966962464049557,0,RISK_ON,-0.0026028654861097187,0.001476785459802079,0.00835570329873194,-0.050314465408805034
P2_2024,Return,US30_BOOK,22,2024.06.11 16:00:00,2024-06-11,2024.06.11 16:43:50,EXTERNAL_CLOSE,4.072,-2.0509999999999855,-0.5036836935166958,1,RISK_ON,-0.0026028654861097187,0.001476785459802079,-0.4485908890506247,0.62
P2_2024,Cross,US100_BOOK,94,2024.06.11 17:00:00,2024-06-11,2024.06.11 21:00:00,CLOSE,3.99,1.3175000000000001,0.3302005012531328,0,RISK_ON,-0.0026028654861097187,0.001476785459802079,0.2914541768540977,-0.04568527918781726
P2_2024,RC4,US30_BOOK,27,2024.06.12 13:00:00,2024-06-12,2024.06.12 15:30:06,EXTERNAL_CLOSE,4.0427,-2.1109999999999856,-0.5221757736166388,1,RISK_ON,-0.001633034306691611,0.0013677673492880956,-0.5750987464691928,0.7358490566037736
P2_2024,Passive,US100_BOOK,83,2024.06.12 15:45:02,2024-06-12,2024.06.12 19:45:00,CLOSE,3.9582,-1.1125,-0.2810620989338588,0,RISK_ON,-0.001633034306691611,0.0013677673492880956,-0.29667335809917644,-0.050314465408805034
P2_2024,Cross,US100_BOOK,95,2024.06.12 17:00:00,2024-06-12,2024.06.12 21:00:00,CLOSE,3.9582,0.2375,0.06000202112071143,0,RISK_ON,-0.001633034306691611,0.0013677673492880956,0.021255696721676313,-0.04568527918781726
P2_2024,Cross,US100_BOOK,96,2024.06.13 17:00:00,2024-06-13,2024.06.13 21:00:00,CLOSE,3.9232,-0.6625,-0.16886725122349103,0,RISK_ON,-0.0038404805772980456,0.00360583439467185,-0.20761357562252614,-0.04568527918781726
P2_2024,Passive,US100_BOOK,84,2024.06.14 12:30:55,2024-06-14,2024.06.14 15:45:00,CLOSE,3.8967,-0.35250000000000004,-0.09046115944260529,0,MIXED,0.006129172922969878,0.003562208771730621,-0.10607241860792291,-0.050314465408805034
P2_2024,Pressure,US30_BOOK,9,2024.06.14 15:00:00,2024-06-14,2024.06.14 19:00:00,CLOSE,3.8967,-1.8809999999999856,-0.4827161444298985,0,MIXED,0.006129172922969878,0.003562208771730621,-0.47322017910137415,-0.21739130434782608
P2_2024,Return,US30_BOOK,23,2024.06.14 16:00:00,2024-06-14,2024.06.14 22:00:00,CLOSE,3.8826,1.7090000000000145,0.44016895894504054,0,MIXED,0.006129172922969878,0.003562208771730621,0.49526176341111167,-0.38
P2_2024,Cross,US100_BOOK,97,2024.06.18 17:00:00,2024-06-18,2024.06.18 21:00:00,CLOSE,3.8757,-0.2625,-0.06772970044121061,0,RISK_ON,-0.0038130982568188943,0.002868570247521305,-0.10647602484024574,-0.04568527918781726
P2_2024,RC4,US30_BOOK,28,2024.06.19 13:00:00,2024-06-19,2024.06.19 17:32:12,EXTERNAL_CLOSE,3.8652,-0.5010000000000582,-0.1296181310152277,1,RISK_OFF,0.0012097190809155932,-0.00020911156177969072,-0.18254110386778166,0.7358490566037736
P2_2024,Cross,US100_BOOK,98,2024.06.20 17:00:00,2024-06-20,2024.06.20 21:00:00,CLOSE,3.8452,1.9875,0.5168781857900759,0,MIXED,0.001359485406219242,0.002319153000784039,0.4781318613910408,-0.04568527918781726
P2_2024,Return,US30_BOOK,24,2024.06.20 16:00:00,2024-06-20,2024.06.20 22:00:00,CLOSE,3.8452,4.089000000000015,1.0634037241235863,0,MIXED,0.001359485406219242,0.002319153000784039,1.1184965285896575,-0.38
P2_2024,Passive,US100_BOOK,85,2024.06.21 12:16:38,2024-06-21,2024.06.21 14:00:00,CLOSE,4.0883,0.4775,0.11679671257001686,0,RISK_OFF,0.0020737412632032565,-0.0007175181732924597,0.10118545340469924,-0.050314465408805034
P2_2024,Cross,US100_BOOK,99,2024.06.21 17:00:00,2024-06-21,2024.06.21 21:00:00,CLOSE,4.1074,-0.1025,-0.024954959341675995,0,RISK_OFF,0.0020737412632032565,-0.0007175181732924597,-0.06370128374071111,-0.04568527918781726
P2_2024,Passive,US100_BOOK,86,2024.06.24 14:33:07,2024-06-24,2024.06.24 17:15:00,CLOSE,4.1033,0.1275,0.031072551361099605,0,MIXED,0.0049251754006473,0.00047576122692280965,0.015461292195781988,-0.050314465408805034
P2_2024,Cross,US100_BOOK,100,2024.06.24 17:00:00,2024-06-24,2024.06.24 21:00:00,CLOSE,4.1033,1.3375000000000001,0.3259571564350645,0,MIXED,0.0049251754006473,0.00047576122692280965,0.2872108320360294,-0.04568527918781726
P2_2024,Passive,US100_BOOK,87,2024.06.25 13:16:02,2024-06-25,2024.06.25 14:45:00,CLOSE,4.1619,0.2475,0.05946803142795357,0,MIXED,-0.0018740932539247034,-0.0005391376436119522,0.04385677226263596,-0.050314465408805034
P2_2024,Cross,US100_BOOK,101,2024.06.25 17:00:00,2024-06-25,2024.06.25 21:00:00,CLOSE,4.1718,0.8975000000000001,0.21513495373699604,0,MIXED,-0.0018740932539247034,-0.0005391376436119522,0.17638862933796093,-0.04568527918781726
P2_2024,Passive,US100_BOOK,88,2024.06.26 14:09:25,2024-06-26,2024.06.26 17:15:00,CLOSE,4.2077,0.11750000000000001,0.0279249946526606,0,RISK_ON,-0.0016094968080654325,0.0021592265217999507,0.012313735487342983,-0.050314465408805034
P2_2024,Cross,US100_BOOK,102,2024.06.26 17:00:00,2024-06-26,2024.06.26 21:00:00,CLOSE,4.2077,0.11750000000000001,0.0279249946526606,0,RISK_ON,-0.0016094968080654325,0.0021592265217999507,-0.010821329746374515,-0.04568527918781726
P2_2024,Return,US30_BOOK,25,2024.06.26 16:00:00,2024-06-26,2024.06.26 22:00:00,CLOSE,4.2077,1.4390000000000145,0.3419920621717362,0,RISK_ON,-0.0016094968080654325,0.0021592265217999507,0.39708486663780734,-0.38
P2_2024,Cross,US100_BOOK,103,2024.06.27 17:00:00,2024-06-27,2024.06.27 21:00:00,CLOSE,4.2746,-0.2725,-0.06374865484489776,0,RISK_OFF,0.0038947808435478874,-0.0014688860271202175,-0.10249497924393289,-0.04568527918781726
P2_2024,RC16,US30_BOOK,34,2024.06.28 13:30:00,2024-06-28,2024.06.28 17:30:00,CLOSE,4.2637,1.4890000000000145,0.3492271970354421,0,MIXED,0.0004209242355585235,0.001125499520305789,0.32181123037793613,-0.1527777777777778
P2_2024,Cross,US100_BOOK,104,2024.06.28 17:00:00,2024-06-28,2024.06.28 21:00:00,CLOSE,4.2637,-1.1025,-0.258578230175669,0,MIXED,0.0004209242355585235,0.001125499520305789,-0.29732455457470414,-0.04568527918781726
P2_2024,Cross,US100_BOOK,105,2024.07.01 17:00:00,2024-07-01,2024.07.01 21:00:00,CLOSE,4.2792,-1.1624999999999999,-0.271662927650028,0,RISK_ON,-9.02858838634402e-05,0.0017343793685845798,-0.3104092520490631,-0.04568527918781726
P2_2024,Cross,US100_BOOK,106,2024.07.02 17:00:00,2024-07-02,2024.07.02 21:00:00,CLOSE,4.2327,1.4475,0.3419802962647955,0,RISK_ON,-0.0006603943737697987,0.0009535073071333333,0.30323397186576034,-0.04568527918781726
P2_2024,Cross,US100_BOOK,107,2024.07.05 17:00:00,2024-07-05,2024.07.05 21:00:00,CLOSE,4.2906,1.0775000000000001,0.251130378035706,0,RISK_OFF,0.0040013687663401215,-0.0029756657407042724,0.21238405363667087,-0.04568527918781726
P2_2024,Cross,US100_BOOK,108,2024.07.08 17:00:00,2024-07-08,2024.07.08 21:00:00,CLOSE,4.3337,-0.1925,-0.04441931836536908,0,RISK_ON,-0.006083847880144041,0.0024488945602512274,-0.08316564276440419,-0.04568527918781726
P2_2024,RC4,US30_BOOK,29,2024.07.09 13:00:00,2024-07-09,2024.07.09 19:00:00,CLOSE,4.326,0.6790000000000145,0.15695792880259235,0,MIXED,0.0010464351201359802,0.0015100157909901627,0.1040349559500384,-0.2641509433962264
P2_2024,Cross,US100_BOOK,109,2024.07.09 17:00:00,2024-07-09,2024.07.09 21:00:00,CLOSE,4.326,-0.9225,-0.21324549237170598,0,MIXED,0.0010464351201359802,0.0015100157909901627,-0.2519918167707411,-0.04568527918781726
P2_2024,Return,US30_BOOK,26,2024.07.09 16:00:00,2024-07-09,2024.07.09 22:00:00,CLOSE,4.326,-0.6609999999999855,-0.15279704114655238,0,MIXED,0.0010464351201359802,0.0015100157909901627,-0.09770423668048123,-0.38
P2_2024,RC16,US30_BOOK,35,2024.07.10 13:30:00,2024-07-10,2024.07.10 17:30:00,CLOSE,4.2898,-0.2709999999999855,-0.06317310830341402,0,MIXED,0.0037959523099459903,0.0016607490819236903,-0.09058907496092,-0.1527777777777778
P2_2024,Passive,US100_BOOK,89,2024.07.10 16:08:41,2024-07-10,2024.07.10 17:45:00,CLOSE,4.2898,0.1475,0.03438388736071612,0,MIXED,0.0037959523099459903,0.0016607490819236903,0.018772628195398502,-0.050314465408805034
P2_2024,Passive,US100_BOOK,90,2024.07.11 15:45:00,2024-07-11,2024.07.11 16:00:00,CLOSE,4.2849,0.5775,0.13477560736539942,0,RISK_OFF,0.004001494852752988,-0.0006250986590631565,0.1191643482000818,-0.050314465408805034
P2_2024,Cross,US100_BOOK,110,2024.07.11 17:00:00,2024-07-11,2024.07.11 21:00:00,CLOSE,4.308,4.7675,1.106662024141133,0,RISK_OFF,0.004001494852752988,-0.0006250986590631565,1.0679156997420978,-0.04568527918781726
P2_2024,RC16,US30_BOOK,36,2024.07.12 13:30:00,2024-07-12,2024.07.12 17:30:00,CLOSE,4.4987,1.1090000000000146,0.24651566007958178,0,RISK_ON,-0.0030193710467160363,0.001988172292004355,0.2190996934220758,-0.1527777777777778
P2_2024,Cross,US100_BOOK,111,2024.07.12 17:00:00,2024-07-12,2024.07.12 21:00:00,CLOSE,4.4987,1.6475000000000002,0.36621690710649746,0,RISK_ON,-0.0030193710467160363,0.001988172292004355,0.3274705827074623,-0.04568527918781726
P2_2024,Cross,US100_BOOK,112,2024.07.15 17:00:00,2024-07-15,2024.07.15 21:00:00,CLOSE,4.6089,-0.6024999999999999,-0.13072533576341425,0,MIXED,-0.0003399048299210454,-0.0014057397011089298,-0.16947166016244936,-0.04568527918781726
P2_2024,Passive,US100_BOOK,91,2024.07.16 14:16:16,2024-07-16,2024.07.16 16:45:00,CLOSE,4.5848,-0.0025000000000000005,-0.0005452800558366778,0,MIXED,0.006022440714908489,0.002698255355068865,-0.016156539221154297,-0.050314465408805034
P2_2024,Cross,US100_BOOK,113,2024.07.16 17:00:00,2024-07-16,2024.07.16 21:00:00,CLOSE,4.5847,0.5375000000000001,0.11723776910157702,0,MIXED,0.006022440714908489,0.002698255355068865,0.07849144470254191,-0.04568527918781726
P2_2024,Passive,US100_BOOK,92,2024.07.17 12:15:44,2024-07-17,2024.07.17 16:15:00,CLOSE,4.6062,-0.5525,-0.11994702791889192,0,RISK_OFF,0.002637851439147106,-0.013288344921439616,-0.13555828708420953,-0.050314465408805034
P2_2024,RC4,US30_BOOK,30,2024.07.17 13:00:00,2024-07-17,2024.07.17 19:00:00,CLOSE,4.6062,2.7890000000000144,0.6054882549607082,0,RISK_OFF,0.002637851439147106,-0.013288344921439616,0.5525652821081543,-0.2641509433962264
P2_2024,Return,US30_BOOK,27,2024.07.17 16:00:00,2024-07-17,2024.07.17 22:00:00,CLOSE,4.6062,3.4990000000000143,0.7596283270374743,0,RISK_OFF,0.002637851439147106,-0.013288344921439616,0.8147211315035454,-0.38
P2_2024,Passive,US100_BOOK,93,2024.07.18 13:00:32,2024-07-18,2024.07.18 13:45:00,CLOSE,4.8356,0.1875,0.038774919348167756,0,MIXED,0.002834554197011505,0.001868071248445684,0.02316366018285014,-0.050314465408805034
P2_2024,Passive,US100_BOOK,94,2024.07.18 16:02:10,2024-07-18,2024.07.18 16:45:00,CLOSE,4.8431,1.0975000000000001,0.22661105490285152,0,MIXED,0.002834554197011505,0.001868071248445684,0.2109997957375339,-0.050314465408805034
P2_2024,RC4,US30_BOOK,31,2024.07.18 13:00:00,2024-07-18,2024.07.18 19:00:00,CLOSE,4.8356,2.0790000000000144,0.42993630573248703,0,MIXED,0.002834554197011505,0.001868071248445684,0.3770133328799331,-0.2641509433962264
P2_2024,Return,US30_BOOK,28,2024.07.18 16:00:00,2024-07-18,2024.07.18 19:17:51,EXTERNAL_CLOSE,4.8431,-2.4409999999999856,-0.5040160227953141,1,MIXED,0.002834554197011505,0.001868071248445684,-0.448923218329243,0.62
P2_2024,Cross,US100_BOOK,114,2024.07.18 17:00:00,2024-07-18,2024.07.18 21:00:00,CLOSE,4.887,1.9275,0.394413750767342,0,MIXED,0.002834554197011505,0.001868071248445684,0.35566742636830684,-0.04568527918781726
P2_2024,Passive,US100_BOOK,95,2024.07.19 12:19:52,2024-07-19,2024.07.19 13:15:00,CLOSE,4.9497,0.4175,0.08434854637654807,0,MIXED,-0.01018571473704399,-0.0006420627598508897,0.06873728721123044,-0.050314465408805034
P2_2024,RC16,US30_BOOK,37,2024.07.22 13:30:00,2024-07-22,2024.07.22 17:30:00,CLOSE,4.9664,0.22900000000001455,0.04610985824742561,0,MIXED,-0.0009825146502284658,-0.003501693939540638,0.018693891589919638,-0.1527777777777778
P2_2024,Passive,US100_BOOK,96,2024.07.22 15:41:38,2024-07-22,2024.07.22 18:15:00,CLOSE,4.9664,0.0275,0.005537210051546392,0,MIXED,-0.0009825146502284658,-0.003501693939540638,-0.010074049113771227,-0.050314465408805034
P2_2024,RC4,US30_BOOK,32,2024.07.22 13:00:00,2024-07-22,2024.07.22 19:00:00,CLOSE,4.9664,0.6390000000000146,0.1286646262886627,0,MIXED,-0.0009825146502284658,-0.003501693939540638,0.07574165343610875,-0.2641509433962264
P2_2024,Passive,US100_BOOK,97,2024.07.23 13:30:58,2024-07-23,2024.07.23 15:30:00,CLOSE,5.0022,0.33749999999999997,0.0674703130622526,0,RISK_OFF,0.002857632777053379,-0.006313160349105257,0.05185905389693498,-0.050314465408805034
P2_2024,Cross,US100_BOOK,115,2024.07.23 17:00:00,2024-07-23,2024.07.23 21:00:00,CLOSE,5.0157,-0.3025,-0.06031062463863469,0,RISK_OFF,0.002857632777053379,-0.006313160349105257,-0.0990569490376698,-0.04568527918781726
P2_2024,Passive,US100_BOOK,98,2024.07.24 15:47:32,2024-07-24,2024.07.24 18:58:52,EXTERNAL_CLOSE,5.0036,-2.5425000000000004,-0.5081341434167401,1,RISK_OFF,0.0012322195822466557,-0.0043816197012758636,-0.5237454025820577,0.949685534591195
P2_2024,Cross,US100_BOOK,116,2024.07.24 17:00:00,2024-07-24,2024.07.24 21:00:00,CLOSE,5.0036,1.8775000000000002,0.37522983451914627,0,RISK_OFF,0.0012322195822466557,-0.0043816197012758636,0.33648351012011113,-0.04568527918781726
P2_2024,Passive,US100_BOOK,99,2024.07.25 13:04:42,2024-07-25,2024.07.25 14:15:00,CLOSE,4.977,0.5275000000000001,0.10598754269640347,0,MIXED,-0.00980180205317342,-0.007424840007769483,0.09037628353108584,-0.050314465408805034
P2_2024,Cross,US100_BOOK,117,2024.07.25 17:00:00,2024-07-25,2024.07.25 19:14:36,EXTERNAL_CLOSE,4.9981,-2.5125,-0.5026910225885837,1,MIXED,-0.00980180205317342,-0.007424840007769483,-0.5414373469876188,0.9543147208121827
P2_2024,Return,US30_BOOK,29,2024.07.25 16:00:00,2024-07-25,2024.07.25 22:00:00,CLOSE,4.9981,1.2989999999999418,0.2598987615293695,0,MIXED,-0.00980180205317342,-0.007424840007769483,0.31499156599544065,-0.38
P2_2024,RC4,US30_BOOK,33,2024.07.26 13:00:00,2024-07-26,2024.07.26 16:38:20,EXTERNAL_CLOSE,4.9495,-2.4909999999999854,-0.50328315991514,1,MIXED,0.003804204407567004,0.0023618584002354785,-0.556206132767694,0.7358490566037736
P2_2024,RC16,US30_BOOK,38,2024.07.26 13:30:00,2024-07-26,2024.07.26 17:30:00,CLOSE,4.9495,3.9090000000000145,0.7897767451257732,0,MIXED,0.003804204407567004,0.0023618584002354785,0.7623607784682672,-0.1527777777777778
P2_2024,Pressure,US30_BOOK,10,2024.07.26 15:00:00,2024-07-26,2024.07.26 19:00:00,CLOSE,4.9495,4.159000000000015,0.840286897666434,0,MIXED,0.003804204407567004,0.0023618584002354785,0.8497828629949584,-0.21739130434782608
P2_2024,RC16,US30_BOOK,39,2024.07.29 13:30:00,2024-07-29,2024.07.29 16:33:42,EXTERNAL_CLOSE,5.1726,-2.6009999999999853,-0.5028418976916803,1,MIXED,0.0007784446567419892,0.00015617679244614522,-0.5302578643491863,0.8472222222222222
P2_2024,Cross,US100_BOOK,118,2024.07.29 17:00:00,2024-07-29,2024.07.29 21:00:00,CLOSE,5.0686,-1.0625,-0.2096239592786963,0,MIXED,0.0007784446567419892,0.00015617679244614522,-0.2483702836777314,-0.04568527918781726
P2_2024,RC4,US30_BOOK,34,2024.07.30 13:00:00,2024-07-30,2024.07.30 19:00:00,CLOSE,5.0261,-0.31099999999998545,-0.06187700204929975,0,MIXED,0.0027744151504709427,0.004620771846629805,-0.1147999749018537,-0.2641509433962264
P2_2024,Cross,US100_BOOK,119,2024.07.30 17:00:00,2024-07-30,2024.07.30 21:00:00,CLOSE,5.0261,2.8674999999999997,0.5705218758082807,0,MIXED,0.0027744151504709427,0.004620771846629805,0.5317755514092456,-0.04568527918781726
P2_2024,Return,US30_BOOK,30,2024.07.30 16:00:00,2024-07-30,2024.07.30 22:00:00,CLOSE,5.0261,1.5990000000000144,0.31813931278725344,0,MIXED,0.0027744151504709427,0.004620771846629805,0.37323211725332456,-0.38
P2_2024,Passive,US100_BOOK,100,2024.07.31 16:00:17,2024-07-31,2024.07.31 20:00:00,CLOSE,5.1923,-0.7625,-0.14685206941047318,0,RISK_OFF,0.004926607796937995,-0.011817696556276461,-0.1624633285757908,-0.050314465408805034
P2_2024,Cross,US100_BOOK,120,2024.07.31 17:00:00,2024-07-31,2024.07.31 21:00:00,CLOSE,5.1923,0.3675,0.0707778826339002,0,RISK_OFF,0.004926607796937995,-0.011817696556276461,0.03203155823486508,-0.04568527918781726
P2_2024,Return,US30_BOOK,31,2024.07.31 16:00:00,2024-07-31,2024.07.31 22:00:00,CLOSE,5.1923,3.4890000000000145,0.671956551046745,0,RISK_OFF,0.004926607796937995,-0.011817696556276461,0.7270493555128161,-0.38
P2_2024,Cross,US100_BOOK,121,2024.08.01 17:00:00,2024-08-01,2024.08.01 17:45:31,EXTERNAL_CLOSE,5.3161,-2.6725000000000003,-0.5027181580481933,1,MIXED,-0.005870573743617551,-0.0017887540227508377,-0.5414644824472284,0.9543147208121827
P2_2024,Return,US30_BOOK,32,2024.08.02 16:00:00,2024-08-02,2024.08.02 17:25:09,EXTERNAL_CLOSE,5.2092,-2.6310000000000584,-0.5050679566920176,1,RISK_OFF,0.006376909973362392,-0.001735966091986419,-0.44997515222594653,0.62
P2_2024,Passive,US100_BOOK,101,2024.08.02 15:45:50,2024-08-02,2024.08.02 18:45:00,CLOSE,5.2092,0.7775000000000001,0.14925516394072028,0,RISK_OFF,0.006376909973362392,-0.001735966091986419,0.13364390477540267,-0.050314465408805034
P2_2024,Passive,US100_BOOK,102,2024.08.05 12:30:50,2024-08-05,2024.08.05 13:30:00,CLOSE,5.135,0.9275,0.18062317429406038,0,MIXED,-0.007980540859720685,-0.028101034060531827,0.16501191512874278,-0.050314465408805034
P2_2024,Passive,US100_BOOK,103,2024.08.05 14:33:29,2024-08-05,2024.08.05 15:24:41,EXTERNAL_CLOSE,5.1721,-2.5925000000000002,-0.5012470756559232,1,MIXED,-0.007980540859720685,-0.028101034060531827,-0.5168583348212408,0.949685534591195
P2_2024,Passive,US100_BOOK,104,2024.08.05 15:31:12,2024-08-05,2024.08.05 16:45:00,CLOSE,5.0684,3.1875,0.6288966932365244,0,MIXED,-0.007980540859720685,-0.028101034060531827,0.6132854340712068,-0.050314465408805034
P2_2024,Pressure,US30_BOOK,11,2024.08.05 15:00:00,2024-08-05,2024.08.05 19:00:00,CLOSE,5.1721,-0.9309999999999855,-0.18000425359138172,0,MIXED,-0.007980540859720685,-0.028101034060531827,-0.17050828826285735,-0.21739130434782608
P2_2024,Cross,US100_BOOK,122,2024.08.05 17:00:01,2024-08-05,2024.08.05 21:00:00,CLOSE,5.1959,1.7275,0.33247368117169307,0,MIXED,-0.007980540859720685,-0.028101034060531827,0.29372735677265793,-0.04568527918781726
P2_2024,Passive,US100_BOOK,105,2024.08.06 12:16:27,2024-08-06,2024.08.06 14:15:00,CLOSE,5.2278,1.2475,0.2386281035999847,0,MIXED,0.00020739573253929062,0.005348549859822429,0.2230168444346671,-0.050314465408805034
P2_2024,Passive,US100_BOOK,106,2024.08.07 13:38:04,2024-08-07,2024.08.07 15:00:00,CLOSE,5.2777,0.3275,0.06205354605225761,0,MIXED,0.0013965256382952823,0.020043968961320383,0.04644228688693999,-0.050314465408805034
P2_2024,RC16,US30_BOOK,40,2024.08.07 13:30:00,2024-08-07,2024.08.07 17:30:00,CLOSE,5.2777,-0.2809999999999855,-0.053242889895216756,0,MIXED,0.0013965256382952823,0.020043968961320383,-0.08065885655272273,-0.1527777777777778
P2_2024,RC4,US30_BOOK,35,2024.08.07 13:00:00,2024-08-07,2024.08.07 19:00:00,CLOSE,5.2777,-0.49099999999998545,-0.0930329499592598,0,MIXED,0.0013965256382952823,0.020043968961320383,-0.14595592281181374,-0.2641509433962264
P2_2024,Pressure,US30_BOOK,12,2024.08.07 15:00:00,2024-08-07,2024.08.07 19:00:00,CLOSE,5.2908,-0.5309999999999855,-0.10036289408028758,0,MIXED,0.0013965256382952823,0.020043968961320383,-0.0908669287517632,-0.21739130434782608
P2_2024,Passive,US100_BOOK,107,2024.08.08 15:52:36,2024-08-08,2024.08.08 19:05:08,EXTERNAL_CLOSE,5.2387,-2.6325000000000003,-0.5025101647355261,1,RISK_OFF,0.005116364231201548,-0.0032098152208673717,-0.5181214239008437,0.949685534591195
P2_2024,Cross,US100_BOOK,123,2024.08.08 17:00:00,2024-08-08,2024.08.08 20:26:53,EXTERNAL_CLOSE,5.2387,-2.6325000000000003,-0.5025101647355261,1,RISK_OFF,0.005116364231201548,-0.0032098152208673717,-0.5412564891345613,0.9543147208121827
P2_2024,RC16,US30_BOOK,41,2024.08.09 13:30:00,2024-08-09,2024.08.09 16:51:12,EXTERNAL_CLOSE,5.0281,-2.5309999999999855,-0.5033710546727362,1,MIXED,-0.0008616656240018008,-0.00019019930227040646,-0.5307870213302422,0.8472222222222222
P2_2024,Passive,US100_BOOK,108,2024.08.09 15:05:17,2024-08-09,2024.08.09 18:00:00,CLOSE,5.0281,0.4175,0.08303335255862054,0,MIXED,-0.0008616656240018008,-0.00019019930227040646,0.06742209339330292,-0.050314465408805034
P2_2024,Return,US30_BOOK,33,2024.08.09 16:00:00,2024-08-09,2024.08.09 22:00:00,CLOSE,5.0281,0.7490000000000145,0.14896282890157606,0,MIXED,-0.0008616656240018008,-0.00019019930227040646,0.2040556333676472,-0.38
P2_2024,RC16,US30_BOOK,42,2024.08.12 13:30:00,2024-08-12,2024.08.12 16:53:01,EXTERNAL_CLOSE,4.9735,-2.5209999999999853,-0.5068864984417383,1,MIXED,0.00490566324444287,0.005477974264127552,-0.5343024650992443,0.8472222222222222
P2_2024,Passive,US100_BOOK,109,2024.08.13 13:30:10,2024-08-13,2024.08.13 15:15:00,CLOSE,4.8726,0.7275,0.1493042728727989,0,RISK_ON,-0.004023432154188812,0.004780107619364752,0.1336930137074813,-0.050314465408805034
P2_2024,Cross,US100_BOOK,124,2024.08.13 17:00:00,2024-08-13,2024.08.13 21:00:00,CLOSE,4.9017,1.5574999999999999,0.3177469041353,0,RISK_ON,-0.004023432154188812,0.004780107619364752,0.27900057973626485,-0.04568527918781726
P2_2024,RC4,US30_BOOK,36,2024.08.14 13:00:00,2024-08-14,2024.08.14 17:13:11,EXTERNAL_CLOSE,4.964,-0.6309999999999855,-0.1271152296535023,1,MIXED,0.0030761907047306015,0.0019869088340067303,-0.18003820250605626,0.7358490566037736
P2_2024,Cross,US100_BOOK,125,2024.08.14 17:00:00,2024-08-14,2024.08.14 21:00:00,CLOSE,4.964,-0.4425,-0.08914182111200644,0,MIXED,0.0030761907047306015,0.0019869088340067303,-0.12788814551104155,-0.04568527918781726
P2_2024,Passive,US100_BOOK,110,2024.08.15 14:00:46,2024-08-15,2024.08.15 14:30:00,CLOSE,4.9211,0.6175,0.12548007559285526,0,MIXED,0.0033777338496207014,0.0008148188836934101,0.10986881642753764,-0.050314465408805034
P2_2024,RC16,US30_BOOK,43,2024.08.15 13:30:00,2024-08-15,2024.08.15 17:30:00,CLOSE,4.9211,2.7790000000000146,0.5647111418178892,0,MIXED,0.0033777338496207014,0.0008148188836934101,0.5372951751603832,-0.1527777777777778
P2_2024,Passive,US100_BOOK,111,2024.08.15 15:45:29,2024-08-15,2024.08.15 18:56:27,EXTERNAL_CLOSE,4.9458,-2.4825,-0.5019410408831736,1,MIXED,0.0033777338496207014,0.0008148188836934101,-0.5175523000484912,0.949685534591195
P2_2024,RC4,US30_BOOK,37,2024.08.15 13:00:00,2024-08-15,2024.08.15 19:00:00,CLOSE,4.9211,3.6190000000000144,0.7354046859442024,0,MIXED,0.0033777338496207014,0.0008148188836934101,0.6824817130916484,-0.2641509433962264
P2_2024,Passive,US100_BOOK,112,2024.08.16 15:15:24,2024-08-16,2024.08.16 17:30:00,CLOSE,5.1024,0.3775,0.07398479147068046,0,RISK_OFF,0.002545554991815145,-0.0036381250776879284,0.058373532305362845,-0.050314465408805034
P2_2024,Cross,US100_BOOK,126,2024.08.16 17:00:00,2024-08-16,2024.08.16 21:00:00,CLOSE,5.1024,-1.3525,-0.26507133897773594,0,RISK_OFF,0.002545554991815145,-0.0036381250776879284,-0.3038176633767711,-0.04568527918781726
P2_2024,Return,US30_BOOK,34,2024.08.16 16:00:00,2024-08-16,2024.08.16 22:00:00,CLOSE,5.1024,2.688999999999942,0.527006898714319,0,RISK_OFF,0.002545554991815145,-0.0036381250776879284,0.5820997031803902,-0.38
P2_2024,Passive,US100_BOOK,113,2024.08.19 15:14:06,2024-08-19,2024.08.19 16:30:00,CLOSE,5.171,0.1575,0.03045832527557532,0,MIXED,-0.0023901452847069427,-0.010121530109797936,0.014847066110257703,-0.050314465408805034
P2_2024,RC16,US30_BOOK,44,2024.08.19 13:30:00,2024-08-19,2024.08.19 17:30:00,CLOSE,5.171,1.3290000000000146,0.2570102494681908,0,MIXED,-0.0023901452847069427,-0.010121530109797936,0.2295942828106848,-0.1527777777777778
P2_2024,Cross,US100_BOOK,127,2024.08.19 17:00:00,2024-08-19,2024.08.19 21:00:00,CLOSE,5.1773,-1.3724999999999998,-0.26509956927355954,0,MIXED,-0.0023901452847069427,-0.010121530109797936,-0.3038458936725947,-0.04568527918781726
P2_2024,Cross,US100_BOOK,128,2024.08.20 17:00:00,2024-08-20,2024.08.20 21:00:00,CLOSE,5.1755,-1.1125,-0.2149550768041735,0,MIXED,0.006569541066811304,0.0001365150441699913,-0.2537014012032086,-0.04568527918781726
P2_2024,Cross,US100_BOOK,129,2024.08.21 17:00:00,2024-08-21,2024.08.21 21:00:00,CLOSE,5.131,0.1275,0.024848957318261547,0,RISK_ON,-0.002481682443366951,0.005534854093265432,-0.01389736708077357,-0.04568527918781726
P2_2024,RC16,US30_BOOK,45,2024.08.23 13:30:00,2024-08-23,2024.08.23 17:30:00,CLOSE,5.1361,2.6490000000000147,0.5157609859621142,0,RISK_OFF,0.005734791372515779,-0.0016433294807122092,0.4883450193046082,-0.1527777777777778
P2_2024,RC16,US30_BOOK,46,2024.08.26 13:30:03,2024-08-26,2024.08.26 17:30:00,CLOSE,5.2421,1.9190000000000147,0.36607466473360195,0,RISK_OFF,0.004836989693581158,-0.0025756301445556086,0.338658698076096,-0.1527777777777778
P2_2024,Cross,US100_BOOK,130,2024.08.26 17:00:00,2024-08-26,2024.08.26 21:00:00,CLOSE,5.2421,1.8275,0.34861982793155416,0,RISK_OFF,0.004836989693581158,-0.0025756301445556086,0.309873503532519,-0.04568527918781726
P2_2024,Passive,US100_BOOK,114,2024.08.27 15:31:03,2024-08-27,2024.08.27 17:15:00,CLOSE,5.392,0.0975,0.01808234421364985,0,RISK_ON,-0.0028037345792887793,0.004082639280295824,0.0024710850483322336,-0.050314465408805034
P2_2024,Return,US30_BOOK,35,2024.08.27 16:00:00,2024-08-27,2024.08.27 22:00:00,CLOSE,5.392,1.0390000000000146,0.19269287833828164,0,RISK_ON,-0.0028037345792887793,0.004082639280295824,0.24778568280435279,-0.38
P2_2024,Passive,US100_BOOK,115,2024.08.28 15:03:48,2024-08-28,2024.08.28 18:15:36,EXTERNAL_CLOSE,5.4374,-2.7425,-0.5043770919924965,1,RISK_ON,-0.00672726233589998,0.0029974003360879963,-0.519988351157814,0.949685534591195
P2_2024,RC4,US30_BOOK,38,2024.08.28 13:00:00,2024-08-28,2024.08.28 19:00:00,CLOSE,5.4374,-1.5010000000000583,-0.2760510538124946,0,RISK_ON,-0.00672726233589998,0.0029974003360879963,-0.3289740266650486,-0.2641509433962264
P2_2024,Cross,US100_BOOK,131,2024.08.28 17:00:00,2024-08-28,2024.08.28 21:00:00,CLOSE,5.4374,2.5875,0.47587082061279284,0,RISK_ON,-0.00672726233589998,0.0029974003360879963,0.4371244962137577,-0.04568527918781726
P2_2024,Passive,US100_BOOK,116,2024.08.29 12:15:47,2024-08-29,2024.08.29 15:30:00,CLOSE,5.3712,-0.4225,-0.07866026213881441,0,MIXED,0.004794739760881534,0.0007882455032161462,-0.09427152130413204,-0.050314465408805034
P2_2024,Pressure,US30_BOOK,13,2024.08.29 15:00:00,2024-08-29,2024.08.29 16:52:11,EXTERNAL_CLOSE,5.3712,-2.7009999999999854,-0.5028671432826902,1,MIXED,0.004794739760881534,0.0007882455032161462,-0.49337117795416585,0.782608695652174
P2_2024,Cross,US100_BOOK,132,2024.08.29 17:00:00,2024-08-29,2024.08.29 21:00:00,CLOSE,5.2462,-0.1325,-0.02525637604361252,0,MIXED,0.004794739760881534,0.0007882455032161462,-0.06400270044264764,-0.04568527918781726
P2_2024,RC16,US30_BOOK,47,2024.08.30 13:30:00,2024-08-30,2024.08.30 17:30:00,CLOSE,5.2409,0.009000000000014552,0.0017172623022791032,0,MIXED,0.0009120687142376038,0.0012618733250559688,-0.02569870435522687,-0.1527777777777778
P2_2024,RC4,US30_BOOK,39,2024.08.30 13:00:00,2024-08-30,2024.08.30 19:00:00,CLOSE,5.2409,-1.7409999999999854,-0.3321948520292288,0,MIXED,0.0009120687142376038,0.0012618733250559688,-0.3851178248817828,-0.2641509433962264
P2_2024,Cross,US100_BOOK,133,2024.08.30 17:00:00,2024-08-30,2024.08.30 21:00:00,CLOSE,5.2409,-1.4825,-0.28287126256940603,0,MIXED,0.0009120687142376038,0.0012618733250559688,-0.32161758696844117,-0.04568527918781726
P2_2024,Passive,US100_BOOK,117,2024.09.02 14:00:04,2024-09-02,2024.09.02 15:45:00,CLOSE,5.1124,-0.052500000000000005,-0.010269149518816995,0,MIXED,0.0015852704967690406,0.004892758788600782,-0.02588040868413461,-0.050314465408805034
P2_2024,Passive,US100_BOOK,118,2024.09.03 12:15:00,2024-09-03,2024.09.03 15:00:00,CLOSE,5.1103,0.3475,0.06799992172670881,0,RISK_OFF,0.0018147809655968158,-0.007318680870047801,0.05238866256139119,-0.050314465408805034
P2_2024,Return,US30_BOOK,36,2024.09.03 16:00:00,2024-09-03,2024.09.03 17:14:24,EXTERNAL_CLOSE,5.1242,-2.5809999999999853,-0.5036883806252654,1,RISK_OFF,0.0018147809655968158,-0.007318680870047801,-0.4485955761591943,0.62
P2_2024,Cross,US100_BOOK,134,2024.09.03 17:00:00,2024-09-03,2024.09.03 21:00:00,CLOSE,5.1242,2.5875,0.5049568713164981,0,RISK_OFF,0.0018147809655968158,-0.007318680870047801,0.466210546917463,-0.04568527918781726
P2_2024,RC4,US30_BOOK,40,2024.09.05 13:00:00,2024-09-05,2024.09.05 19:00:00,CLOSE,5.1244,4.069000000000015,0.7940441807821433,0,RISK_OFF,0.008037174571030438,-0.0007310985254572995,0.7411212079295894,-0.2641509433962264
P2_2024,Cross,US100_BOOK,135,2024.09.05 17:00:00,2024-09-05,2024.09.05 21:00:00,CLOSE,5.1244,-0.4225,-0.08244867691827336,0,RISK_OFF,0.008037174571030438,-0.0007310985254572995,-0.12119500131730848,-0.04568527918781726
P2_2024,Passive,US100_BOOK,119,2024.09.06 12:16:16,2024-09-06,2024.09.06 13:15:00,CLOSE,5.2703,0.4375,0.08301235223801302,0,RISK_OFF,0.00046479201394500444,-0.005782403951250694,0.0674010930726954,-0.050314465408805034
P2_2024,Passive,US100_BOOK,120,2024.09.06 15:45:21,2024-09-06,2024.09.06 17:00:00,CLOSE,5.2878,1.1575,0.21890010968644805,0,RISK_OFF,0.00046479201394500444,-0.005782403951250694,0.20328885052113044,-0.050314465408805034
P2_2024,Cross,US100_BOOK,136,2024.09.06 17:00:00,2024-09-06,2024.09.06 21:00:00,CLOSE,5.3341,2.6574999999999998,0.49820963236534743,0,RISK_OFF,0.00046479201394500444,-0.005782403951250694,0.4594633079663123,-0.04568527918781726
P2_2024,Pressure,US30_BOOK,14,2024.09.09 15:00:00,2024-09-09,2024.09.09 19:00:00,CLOSE,5.4404,2.6390000000000144,0.48507462686567426,0,RISK_ON,-0.0016678163495246494,0.008208018740716638,0.49457059219419863,-0.21739130434782608
P2_2024,Cross,US100_BOOK,137,2024.09.09 17:00:00,2024-09-09,2024.09.09 21:00:00,CLOSE,5.4404,-0.5025,-0.09236453201970442,0,RISK_ON,-0.0016678163495246494,0.008208018740716638,-0.13111085641873954,-0.04568527918781726
P2_2024,RC16,US30_BOOK,48,2024.09.10 13:30:00,2024-09-10,2024.09.10 17:30:00,CLOSE,5.5258,-1.9909999999999854,-0.3603098193926645,0,RISK_ON,-0.0015892794886062061,0.0027283433003558433,-0.38772578605017044,-0.1527777777777778
P2_2024,Passive,US100_BOOK,121,2024.09.10 15:15:40,2024-09-10,2024.09.10 18:15:00,CLOSE,5.5258,-0.0925,-0.016739657606138478,0,RISK_ON,-0.0015892794886062061,0.0027283433003558433,-0.032350916771456094,-0.050314465408805034
P2_2024,Cross,US100_BOOK,138,2024.09.10 17:00:00,2024-09-10,2024.09.10 21:00:00,CLOSE,5.5258,0.22749999999999998,0.04117050924752976,0,RISK_ON,-0.0015892794886062061,0.0027283433003558433,0.0024241848484946454,-0.04568527918781726
P2_2024,Cross,US100_BOOK,139,2024.09.11 17:00:00,2024-09-11,2024.09.11 21:00:00,CLOSE,5.4516,2.4574999999999996,0.450785090615599,0,RISK_OFF,0.003150446207265225,-0.0060160938885478995,0.4120387662165639,-0.04568527918781726
P2_2024,RC16,US30_BOOK,49,2024.09.12 13:30:00,2024-09-12,2024.09.12 17:30:00,CLOSE,5.5499,-1.1109999999999856,-0.20018378709526038,0,MIXED,0.002322595031596498,0.0020501306064301937,-0.22759975375276637,-0.1527777777777778
P2_2024,Cross,US100_BOOK,140,2024.09.12 17:00:00,2024-09-12,2024.09.12 21:00:00,CLOSE,5.5499,2.0675,0.37252923476098665,0,MIXED,0.002322595031596498,0.0020501306064301937,0.3337829103619515,-0.04568527918781726
P2_2024,RC16,US30_BOOK,50,2024.09.13 13:30:00,2024-09-13,2024.09.13 17:30:00,CLOSE,5.5882,1.6390000000000144,0.2932965892416189,0,RISK_OFF,0.004625557189941537,-0.007844454620409983,0.26588062258411294,-0.1527777777777778
P2_2024,Cross,US100_BOOK,141,2024.09.13 17:00:00,2024-09-13,2024.09.13 21:00:00,CLOSE,5.5882,-0.9824999999999999,-0.17581689989620988,0,RISK_OFF,0.004625557189941537,-0.007844454620409983,-0.214563224295245,-0.04568527918781726
P2_2024,Passive,US100_BOOK,122,2024.09.16 14:56:26,2024-09-16,2024.09.16 18:45:00,CLOSE,5.6144,-1.0325,-0.1839021088629239,0,RISK_OFF,0.0031594134908727797,-0.006393760621774883,-0.19951336802824152,-0.050314465408805034
P2_2024,Cross,US100_BOOK,142,2024.09.16 17:00:00,2024-09-16,2024.09.16 21:00:00,CLOSE,5.6144,-0.0225,-0.004007552009119407,0,RISK_OFF,0.0031594134908727797,-0.006393760621774883,-0.04275387640815452,-0.04568527918781726
P2_2024,Passive,US100_BOOK,123,2024.09.17 12:26:46,2024-09-17,2024.09.17 14:15:01,CLOSE,5.5722,0.11750000000000001,0.0210868238756685,0,MIXED,-0.0006974041352018514,-0.00015649897596244362,0.005475564710350883,-0.050314465408805034
P2_2024,Cross,US100_BOOK,143,2024.09.18 17:00:00,2024-09-18,2024.09.18 21:00:00,CLOSE,5.5769,-0.2625,-0.047069160286180495,0,RISK_OFF,8.172271487400967e-05,-0.004709932989027315,-0.0858154846852156,-0.04568527918781726
P2_2024,Passive,US100_BOOK,124,2024.09.19 13:39:19,2024-09-19,2024.09.19 15:45:00,CLOSE,5.5664,-0.0325,-0.005838603046852544,0,MIXED,0.010590052321591185,0.0037116728631742335,-0.021449862212170163,-0.050314465408805034
P2_2024,Pressure,US30_BOOK,15,2024.09.19 15:00:00,2024-09-19,2024.09.19 19:00:00,CLOSE,5.5664,-0.8309999999999854,-0.14928858867490397,0,MIXED,0.010590052321591185,0.0037116728631742335,-0.1397926233463796,-0.21739130434782608
P2_2024,Passive,US100_BOOK,125,2024.09.20 14:12:23,2024-09-20,2024.09.20 15:00:00,CLOSE,5.5319,0.3060000000000218,0.055315533541825015,0,MIXED,0.009045446411219337,0.008449829953098453,0.0397042743765074,-0.050314465408805034
P2_2024,RC16,US30_BOOK,51,2024.09.20 13:30:00,2024-09-20,2024.09.20 17:30:00,CLOSE,5.5319,-1.4840000000000144,-0.2682622607060891,0,MIXED,0.009045446411219337,0.008449829953098453,-0.29567822736359506,-0.1527777777777778
P2_2024,RC4,US30_BOOK,41,2024.09.20 13:00:00,2024-09-20,2024.09.20 19:00:00,CLOSE,5.5319,-1.0540000000000145,-0.19053128219960852,0,MIXED,0.009045446411219337,0.008449829953098453,-0.24345425505216248,-0.2641509433962264
P2_2024,Passive,US100_BOOK,126,2024.09.23 13:35:40,2024-09-23,2024.09.23 14:00:00,CLOSE,5.4426,0.09599999999998544,0.017638628596623938,0,MIXED,-0.000901454994028065,-0.002017700784713455,0.00202736943130632,-0.050314465408805034
P2_2024,RC4,US30_BOOK,42,2024.09.25 13:00:00,2024-09-25,2024.09.25 19:00:00,CLOSE,5.4464,-2.2240000000000144,-0.40834312573443277,0,RISK_ON,-0.0010198571955025556,0.005266213052503033,-0.46126609858698675,-0.2641509433962264
P2_2024,Cross,US100_BOOK,144,2024.09.25 17:00:00,2024-09-25,2024.09.25 21:00:00,CLOSE,5.4464,-0.3420000000000073,-0.06279377203290382,0,RISK_ON,-0.0010198571955025556,0.005266213052503033,-0.10154009643193893,-0.04568527918781726
P2_2024,RC4,US30_BOOK,43,2024.09.26 13:00:00,2024-09-26,2024.09.26 17:00:14,EXTERNAL_CLOSE,5.3438,-0.7040000000000145,-0.13174145738987508,1,MIXED,0.004573968693905111,0.0006285680942724104,-0.18466443024242904,0.7358490566037736
P2_2024,Cross,US100_BOOK,145,2024.09.26 17:00:00,2024-09-26,2024.09.26 21:00:00,CLOSE,5.3438,1.5179999999999927,0.28406751749691095,0,MIXED,0.004573968693905111,0.0006285680942724104,0.24532119309787584,-0.04568527918781726
P2_2024,RC16,US30_BOOK,52,2024.09.27 13:30:00,2024-09-27,2024.09.27 17:30:00,CLOSE,5.3764,3.3559999999999857,0.6242095082211118,0,MIXED,-0.003460606753381829,-0.011385823144516622,0.5967935415636058,-0.1527777777777778
P2_2024,Passive,US100_BOOK,127,2024.09.27 15:45:21,2024-09-27,2024.09.27 17:30:00,CLOSE,5.3764,0.6759999999999854,0.12573469235919674,0,MIXED,-0.003460606753381829,-0.011385823144516622,0.11012343319387911,-0.050314465408805034
P2_2024,Cross,US100_BOOK,146,2024.09.27 17:00:00,2024-09-27,2024.09.27 21:00:00,CLOSE,5.3764,0.4579999999999927,0.08518711405401247,0,MIXED,-0.003460606753381829,-0.011385823144516622,0.04644078965497735,-0.04568527918781726
P2_2024,RC16,US30_BOOK,53,2024.09.30 13:30:00,2024-09-30,2024.09.30 17:30:00,CLOSE,5.556,-0.7940000000000146,-0.14290856731461746,0,RISK_ON,-0.0016643262004333102,0.0019242930300556586,-0.17032453397212344,-0.1527777777777778
P2_2024,Cross,US100_BOOK,147,2024.09.30 17:00:00,2024-09-30,2024.09.30 21:00:00,CLOSE,5.556,-0.012000000000007276,-0.0021598272138242036,0,RISK_ON,-0.0016643262004333102,0.0019242930300556586,-0.04090615161285932,-0.04568527918781726
P2_2024,Return,US30_BOOK,37,2024.09.30 16:00:00,2024-09-30,2024.09.30 21:22:24,EXTERNAL_CLOSE,5.556,-2.7940000000000147,-0.5028797696184332,1,RISK_ON,-0.0016643262004333102,0.0019242930300556586,-0.44778696515236205,0.62
P2_2024,Cross,US100_BOOK,148,2024.10.01 17:00:00,2024-10-01,2024.10.01 21:00:00,CLOSE,5.412,0.38799999999999274,0.07169253510716792,0,MIXED,0.005038156619228875,0.0016494590800900063,0.0329462107081328,-0.04568527918781726
P2_2024,Cross,US100_BOOK,149,2024.10.02 17:00:00,2024-10-02,2024.10.02 21:00:00,CLOSE,5.4275,-1.3320000000000074,-0.24541685859051263,0,RISK_ON,-0.0035789793150285795,0.005349575413674342,-0.28416318298954774,-0.04568527918781726
P2_2024,Cross,US100_BOOK,150,2024.10.03 17:00:00,2024-10-03,2024.10.03 21:00:00,CLOSE,5.3742,-0.6320000000000072,-0.1175988984406995,0,RISK_ON,-0.004695738531509756,0.002012340757735092,-0.15634522283973462,-0.04568527918781726
P2_2024,Passive,US100_BOOK,128,2024.10.04 15:45:06,2024-10-04,2024.10.04 17:15:00,CLOSE,5.3489,1.2359999999999856,0.23107554824356139,0,RISK_OFF,0.0008013770569113571,-0.0038399545194287977,0.21546428907824378,-0.050314465408805034
P2_2024,RC16,US30_BOOK,54,2024.10.04 13:30:00,2024-10-04,2024.10.04 17:30:00,CLOSE,5.3489,0.19599999999998544,0.03664304810334563,0,RISK_OFF,0.0008013770569113571,-0.0038399545194287977,0.009227081445839655,-0.1527777777777778
P2_2024,Cross,US100_BOOK,151,2024.10.04 17:00:00,2024-10-04,2024.10.04 21:00:00,CLOSE,5.3489,-0.3220000000000073,-0.06019929331264508,0,RISK_OFF,0.0008013770569113571,-0.0038399545194287977,-0.0989456177116802,-0.04568527918781726
P2_2024,Passive,US100_BOOK,129,2024.10.07 12:23:20,2024-10-07,2024.10.07 15:00:00,CLOSE,5.3933,0.30599999999998545,0.05673706265180603,0,RISK_OFF,0.0005506317318079488,-0.0024310676677938687,0.041125803486488414,-0.050314465408805034
P2_2024,Cross,US100_BOOK,152,2024.10.07 17:00:00,2024-10-07,2024.10.07 21:00:00,CLOSE,5.4056,-0.40199999999997094,-0.07436732277637467,0,RISK_OFF,0.0005506317318079488,-0.0024310676677938687,-0.11311364717540978,-0.04568527918781726
P2_2024,Passive,US100_BOOK,130,2024.10.08 12:16:17,2024-10-08,2024.10.08 15:30:00,CLOSE,5.3895,-0.23400000000001456,-0.04341775674923733,0,MIXED,-0.0016741984236843988,-0.0023107649992201978,-0.05902901591455494,-0.050314465408805034
P2_2024,Cross,US100_BOOK,153,2024.10.08 17:00:00,2024-10-08,2024.10.08 21:00:00,CLOSE,5.3801,0.7279999999999928,0.13531347000984978,0,MIXED,-0.0016741984236843988,-0.0023107649992201978,0.09656714561081467,-0.04568527918781726
P2_2024,Passive,US100_BOOK,131,2024.10.09 13:16:30,2024-10-09,2024.10.09 15:45:00,CLOSE,5.4092,0.14599999999998545,0.026991052281295835,0,RISK_ON,-0.0020924663599790326,0.004191352555430808,0.011379793115978218,-0.050314465408805034
P2_2024,RC16,US30_BOOK,55,2024.10.09 13:30:00,2024-10-09,2024.10.09 17:30:00,CLOSE,5.4092,1.0659999999999856,0.19707165569769755,0,RISK_ON,-0.0020924663599790326,0.004191352555430808,0.16965568904019157,-0.1527777777777778
P2_2024,Cross,US100_BOOK,154,2024.10.09 17:00:00,2024-10-09,2024.10.09 21:00:00,CLOSE,5.4151,-1.3520000000000074,-0.24967221288619,0,RISK_ON,-0.0020924663599790326,0.004191352555430808,-0.2884185372852251,-0.04568527918781726
P2_2024,Passive,US100_BOOK,132,2024.10.10 16:31:00,2024-10-10,2024.10.10 17:15:00,CLOSE,5.4036,0.5559999999999854,0.10289436671848128,0,RISK_OFF,0.002921510004911468,-0.0014078183156069441,0.08728310755316365,-0.050314465408805034
P2_2024,RC4,US30_BOOK,44,2024.10.10 13:00:00,2024-10-10,2024.10.10 19:00:00,CLOSE,5.4036,-0.46400000000001457,-0.08586868013916918,0,RISK_OFF,0.002921510004911468,-0.0014078183156069441,-0.13879165299172314,-0.2641509433962264
P2_2024,Cross,US100_BOOK,155,2024.10.11 17:00:00,2024-10-11,2024.10.11 21:00:00,CLOSE,5.4073,-0.8020000000000073,-0.1483180145359065,0,MIXED,0.003841822071945605,0.001884355031575482,-0.18706433893494162,-0.04568527918781726
P2_2024,Passive,US100_BOOK,133,2024.10.14 12:34:55,2024-10-14,2024.10.14 16:30:00,CLOSE,5.3752,-0.6539999999999782,-0.12166989135287581,0,MIXED,0.0028543689689086126,0.0030833810214301047,-0.13728115051819342,-0.050314465408805034
P2_2024,Cross,US100_BOOK,156,2024.10.14 17:00:00,2024-10-14,2024.10.14 21:00:00,CLOSE,5.3491,-0.6520000000000072,-0.12188966368174221,0,MIXED,0.0028543689689086126,0.0030833810214301047,-0.16063598808077734,-0.04568527918781726
P2_2024,Return,US30_BOOK,38,2024.10.15 16:00:00,2024-10-15,2024.10.15 16:44:46,EXTERNAL_CLOSE,5.323,-2.6739999999999418,-0.5023482998309114,1,RISK_OFF,0.002244492036915756,-0.003968113128620569,-0.4472554953648403,0.62
P2_2024,Cross,US100_BOOK,157,2024.10.15 17:00:00,2024-10-15,2024.10.15 17:38:00,EXTERNAL_CLOSE,5.216,-2.622000000000007,-0.502684049079756,1,RISK_OFF,0.002244492036915756,-0.003968113128620569,-0.5414303734787911,0.9543147208121827
P2_2024,RC16,US30_BOOK,56,2024.10.16 13:30:00,2024-10-16,2024.10.16 17:30:00,CLOSE,5.1112,1.7360000000000582,0.33964626702145445,0,MIXED,0.0065262431792457885,0.0022103453117570645,0.3122303003639485,-0.1527777777777778
P2_2024,RC4,US30_BOOK,45,2024.10.16 13:00:00,2024-10-16,2024.10.16 19:00:00,CLOSE,5.1112,2.0960000000000583,0.4100798246987123,0,MIXED,0.0065262431792457885,0.0022103453117570645,0.3571568518461583,-0.2641509433962264
P2_2024,Cross,US100_BOOK,158,2024.10.16 17:00:00,2024-10-16,2024.10.16 21:00:00,CLOSE,5.1112,-1.1520000000000075,-0.22538738456722637,0,MIXED,0.0065262431792457885,0.0022103453117570645,-0.2641337089662615,-0.04568527918781726
P2_2024,Passive,US100_BOOK,134,2024.10.17 12:16:11,2024-10-17,2024.10.17 16:15:00,CLOSE,5.2184,-0.9139999999999782,-0.17514947110224938,0,MIXED,0.0030809645188880084,0.0013892230601126596,-0.19076073026756699,-0.050314465408805034
P2_2024,Cross,US100_BOOK,159,2024.10.17 17:00:00,2024-10-17,2024.10.17 21:00:00,CLOSE,5.1818,-0.4620000000000073,-0.08915820757265956,0,MIXED,0.0030809645188880084,0.0013892230601126596,-0.12790453197169468,-0.04568527918781726
P2_2024,RC16,US30_BOOK,57,2024.10.18 13:30:00,2024-10-18,2024.10.18 17:30:00,CLOSE,5.1633,-1.6540000000000146,-0.3203377684814004,0,RISK_OFF,0.005298094339141534,-0.0018526792501167004,-0.34775373513890634,-0.1527777777777778
P2_2024,RC4,US30_BOOK,46,2024.10.18 13:00:00,2024-10-18,2024.10.18 19:00:00,CLOSE,5.1633,0.7859999999999855,0.15222822613444612,0,RISK_OFF,0.005298094339141534,-0.0018526792501167004,0.09930525328189216,-0.2641509433962264
P2_2024,Return,US30_BOOK,39,2024.10.18 16:00:00,2024-10-18,2024.10.18 22:00:00,CLOSE,5.1633,1.0959999999999857,0.21226734840121353,0,RISK_OFF,0.005298094339141534,-0.0018526792501167004,0.26736015286728465,-0.38
P2_2024,Passive,US100_BOOK,135,2024.10.21 13:45:05,2024-10-21,2024.10.21 16:30:00,CLOSE,5.1724,0.32599999999998547,0.06302683473822317,0,MIXED,0.003932550180432056,0.003159560290368518,0.04741557557290555,-0.050314465408805034
P2_2024,Return,US30_BOOK,40,2024.10.21 16:00:00,2024-10-21,2024.10.21 18:05:19,EXTERNAL_CLOSE,5.1724,-2.6240000000000143,-0.5073080194880548,1,MIXED,0.003932550180432056,0.003159560290368518,-0.4522152150219837,0.62
P2_2024,Cross,US100_BOOK,160,2024.10.21 17:00:00,2024-10-21,2024.10.21 21:00:00,CLOSE,5.1855,-0.03200000000000727,-0.006171053900300313,0,MIXED,0.003932550180432056,0.003159560290368518,-0.044917378299335425,-0.04568527918781726
P2_2024,Passive,US100_BOOK,136,2024.10.22 13:05:07,2024-10-22,2024.10.22 15:15:00,CLOSE,5.0792,0.5359999999999855,0.10552842967396155,0,MIXED,0.005830706483867634,0.0011067189566723282,0.08991717050864392,-0.050314465408805034
P2_2024,Cross,US100_BOOK,161,2024.10.22 17:00:00,2024-10-22,2024.10.22 21:00:00,CLOSE,5.1007,1.1179999999999926,0.2191856019761979,0,MIXED,0.005830706483867634,0.0011067189566723282,0.1804392775771628,-0.04568527918781726
P2_2024,Passive,US100_BOOK,137,2024.10.23 13:48:52,2024-10-23,2024.10.23 17:45:00,CLOSE,5.1454,-0.24400000000001457,-0.04742099739573494,0,MIXED,0.0035064869533710267,0.009095765319508033,-0.06303225656105256,-0.050314465408805034
P2_2024,Return,US30_BOOK,41,2024.10.23 16:00:00,2024-10-23,2024.10.23 20:33:23,EXTERNAL_CLOSE,5.1454,-2.5939999999999417,-0.5041396198546161,1,MIXED,0.0035064869533710267,0.009095765319508033,-0.44904681538854496,0.62
P2_2024,Cross,US100_BOOK,162,2024.10.23 17:00:00,2024-10-23,2024.10.23 21:00:00,CLOSE,5.1454,3.0579999999999927,0.5943172542465099,0,MIXED,0.0035064869533710267,0.009095765319508033,0.5555709298474748,-0.04568527918781726
P2_2024,RC16,US30_BOOK,58,2024.10.24 13:30:00,2024-10-24,2024.10.24 17:30:00,CLOSE,5.1542,-0.44400000000001455,-0.08614333941252077,0,RISK_OFF,0.008030580477168788,-0.004836903710898818,-0.11355930607002673,-0.1527777777777778
P2_2024,Cross,US100_BOOK,163,2024.10.25 17:00:00,2024-10-25,2024.10.25 21:00:00,CLOSE,5.1364,-1.4119999999999708,-0.27490070866754357,0,RISK_ON,-0.005851786529087781,0.0009349056228835412,-0.3136470330665787,-0.04568527918781726
P2_2024,RC16,US30_BOOK,59,2024.10.28 13:30:01,2024-10-28,2024.10.28 17:30:00,CLOSE,5.08,1.3159999999999856,0.2590551181102334,0,RISK_ON,-3.6603556036262162e-06,3.917216165551713e-05,0.23163915145272743,-0.1527777777777778
P2_2024,Cross,US100_BOOK,164,2024.10.28 17:00:00,2024-10-28,2024.10.28 21:00:00,CLOSE,5.08,-0.03200000000000727,-0.006299212598426629,0,RISK_ON,-3.6603556036262162e-06,3.917216165551713e-05,-0.04504553699746174,-0.04568527918781726
P2_2024,Return,US30_BOOK,42,2024.10.29 16:00:00,2024-10-29,2024.10.29 22:00:00,CLOSE,5.1313,0.9859999999999854,0.1921540350398506,0,MIXED,0.004792559432192871,0.0008152644027764973,0.24724683950592174,-0.38
P2_2024,RC16,US30_BOOK,60,2024.10.30 13:30:00,2024-10-30,2024.10.30 17:30:00,CLOSE,5.1708,0.8359999999999854,0.16167710992496043,0,RISK_OFF,0.003060110103765105,-0.003252885065627546,0.13426114326745445,-0.1527777777777778
P2_2024,Cross,US100_BOOK,165,2024.10.30 17:00:00,2024-10-30,2024.10.30 21:00:00,CLOSE,5.1708,0.5180000000000291,0.10017792217839196,0,RISK_OFF,0.003060110103765105,-0.003252885065627546,0.06143159777935684,-0.04568527918781726
P2_2024,Return,US30_BOOK,43,2024.10.30 16:00:00,2024-10-30,2024.10.30 22:00:00,CLOSE,5.1708,0.9559999999999854,0.18488435058404606,0,RISK_OFF,0.003060110103765105,-0.003252885065627546,0.2399771550501172,-0.38
P2_2024,Passive,US100_BOOK,138,2024.10.31 15:23:02,2024-10-31,2024.10.31 16:45:00,CLOSE,5.2632,1.3659999999999854,0.25953792369660766,0,MIXED,-0.0027991847106771154,-0.005692726740145493,0.24392666453129005,-0.050314465408805034
P2_2024,Cross,US100_BOOK,166,2024.10.31 17:00:00,2024-10-31,2024.10.31 21:00:00,CLOSE,5.3178,1.2779999999999927,0.24032494640640728,0,MIXED,-0.0027991847106771154,-0.005692726740145493,0.20157862200737217,-0.04568527918781726
P2_2024,RC16,US30_BOOK,61,2024.11.01 13:30:00,2024-11-01,2024.11.01 17:30:00,CLOSE,5.3689,3.8359999999999856,0.7144852763135812,0,MIXED,0.003452638838436091,0.004642847892888712,0.6870693096560752,-0.1527777777777778
P2_2024,Pressure,US30_BOOK,16,2024.11.01 15:00:00,2024-11-01,2024.11.01 19:00:00,CLOSE,5.3689,2.3559999999999857,0.4388235951498418,0,MIXED,0.003452638838436091,0.004642847892888712,0.4483195604783662,-0.21739130434782608
P2_2024,Cross,US100_BOOK,167,2024.11.01 17:00:00,2024-11-01,2024.11.01 21:00:00,CLOSE,5.3689,-0.13200000000000728,-0.02458604183352405,0,MIXED,0.003452638838436091,0.004642847892888712,-0.06333236623255917,-0.04568527918781726
P2_2024,RC16,US30_BOOK,62,2024.11.05 13:30:00,2024-11-05,2024.11.05 17:30:00,CLOSE,5.6113,2.0260000000000584,0.36105715253150933,0,MIXED,0.0007886694897965887,0.0004469361941538465,0.3336411858740034,-0.1527777777777778
P2_2024,Cross,US100_BOOK,168,2024.11.05 17:00:00,2024-11-05,2024.11.05 21:00:00,CLOSE,5.6113,0.15799999999999273,0.028157467966423596,0,MIXED,0.0007886694897965887,0.0004469361941538465,-0.01058885643261152,-0.04568527918781726
P2_2024,Pressure,US30_BOOK,17,2024.11.06 15:00:00,2024-11-06,2024.11.06 19:00:00,CLOSE,5.6987,0.14600000000005822,0.025619878217849376,0,RISK_ON,-0.00649711635668414,0.015570042905479557,0.03511584354637375,-0.21739130434782608
P2_2024,Cross,US100_BOOK,169,2024.11.06 17:00:00,2024-11-06,2024.11.06 21:00:00,CLOSE,5.6987,1.8279999999999925,0.3207749135767794,0,RISK_ON,-0.00649711635668414,0.015570042905479557,0.28202858917774426,-0.04568527918781726
P2_2024,RC16,US30_BOOK,63,2024.11.07 13:30:00,2024-11-07,2024.11.07 17:30:00,CLOSE,5.7776,-0.5340000000000146,-0.09242592079756554,0,RISK_OFF,0.0007103300702511126,-0.0042393270205996,-0.11984188745507152,-0.1527777777777778
P2_2024,RC4,US30_BOOK,47,2024.11.07 13:00:00,2024-11-07,2024.11.07 19:00:00,CLOSE,5.7776,-1.1240000000000145,-0.19454444752146474,0,RISK_OFF,0.0007103300702511126,-0.0042393270205996,-0.2474674203740187,-0.2641509433962264
P2_2024,Cross,US100_BOOK,170,2024.11.07 17:00:00,2024-11-07,2024.11.07 21:00:01,CLOSE,5.7776,0.6000000000000001,0.10384934921074497,0,RISK_OFF,0.0007103300702511126,-0.0042393270205996,0.06510302481170985,-0.04568527918781726
P2_2024,Passive,US100_BOOK,139,2024.11.08 12:45:34,2024-11-08,2024.11.08 15:45:00,CLOSE,5.7353,0.15600000000002184,0.027199972102596524,0,MIXED,-0.005525203729475969,-0.00413522967649767,0.011588712937278907,-0.050314465408805034
P2_2024,Cross,US100_BOOK,171,2024.11.11 17:00:00,2024-11-11,2024.11.11 21:00:00,CLOSE,5.7416,-0.10199999999997089,-0.017765082903715146,0,RISK_ON,-0.0066226150133684575,0.00626244818602045,-0.05651140730275026,-0.04568527918781726
P2_2024,Passive,US100_BOOK,140,2024.11.12 12:22:03,2024-11-12,2024.11.12 13:15:00,CLOSE,5.7375,0.26599999999998547,0.04636165577341795,0,RISK_ON,-0.010201175326349054,0.0027226637826396833,0.030750396608100333,-0.050314465408805034
P2_2024,Passive,US100_BOOK,141,2024.11.12 15:33:56,2024-11-12,2024.11.12 16:15:00,CLOSE,5.7481,0.06599999999998545,0.01148205493989065,0,RISK_ON,-0.010201175326349054,0.0027226637826396833,-0.004129204225426968,-0.050314465408805034
P2_2024,RC16,US30_BOOK,64,2024.11.12 13:30:00,2024-11-12,2024.11.12 17:30:00,CLOSE,5.7481,-1.0840000000000145,-0.1885840538612784,0,RISK_ON,-0.010201175326349054,0.0027226637826396833,-0.2160000205187844,-0.1527777777777778
P2_2024,Cross,US100_BOOK,172,2024.11.12 17:00:00,2024-11-12,2024.11.12 21:00:00,CLOSE,5.7508,-0.5620000000000073,-0.09772553383877153,0,RISK_ON,-0.010201175326349054,0.0027226637826396833,-0.13647185823780664,-0.04568527918781726
P2_2024,Passive,US100_BOOK,142,2024.11.13 14:01:03,2024-11-13,2024.11.13 15:45:00,CLOSE,5.6849,1.0759999999999856,0.18927333814138958,0,MIXED,0.004118014424239449,0.002016364249026119,0.17366207897607197,-0.050314465408805034
P2_2024,Cross,US100_BOOK,173,2024.11.13 17:00:00,2024-11-13,2024.11.13 21:00:00,CLOSE,5.728,-1.1920000000000073,-0.20810055865921914,0,MIXED,0.004118014424239449,0.002016364249026119,-0.24684688305825425,-0.04568527918781726
P2_2024,RC4,US30_BOOK,48,2024.11.14 13:00:00,2024-11-14,2024.11.14 19:00:00,CLOSE,5.6803,1.2159999999999855,0.2140732003591334,0,RISK_ON,-0.011064827785781196,0.004378453737687275,0.16115022750657945,-0.2641509433962264
P2_2024,RC4,US30_BOOK,49,2024.11.15 13:00:00,2024-11-15,2024.11.15 17:00:08,EXTERNAL_CLOSE,5.7289,-0.7340000000000145,-0.1281223271483207,1,MIXED,-0.0003470590678669332,-0.005597041511828284,-0.18104530000087465,0.7358490566037736
P2_2024,Cross,US100_BOOK,174,2024.11.15 17:00:00,2024-11-15,2024.11.15 21:00:00,CLOSE,5.7289,2.5779999999999927,0.4499991272321026,0,MIXED,-0.0003470590678669332,-0.005597041511828284,0.4112528028330675,-0.04568527918781726
P2_2024,Passive,US100_BOOK,143,2024.11.18 14:33:07,2024-11-18,2024.11.18 14:45:00,CLOSE,5.8027,0.14599999999998545,0.0251607010529556,0,MIXED,0.0110794584927659,0.003229326881073996,0.009549441887637981,-0.050314465408805034
P2_2024,Passive,US100_BOOK,144,2024.11.19 13:30:19,2024-11-19,2024.11.19 13:45:00,CLOSE,5.8085,0.31599999999998546,0.05440303004217706,0,RISK_OFF,0.007345608989268279,-0.005706963698776317,0.03879177087685944,-0.050314465408805034
P2_2024,Passive,US100_BOOK,145,2024.11.19 14:58:47,2024-11-19,2024.11.19 15:30:00,CLOSE,5.8212,0.4559999999999854,0.07833436404864726,0,RISK_OFF,0.007345608989268279,-0.005706963698776317,0.06272310488332963,-0.050314465408805034
P2_2024,Passive,US100_BOOK,146,2024.11.19 16:00:55,2024-11-19,2024.11.19 16:45:00,CLOSE,5.8394,1.6159999999999854,0.27674076103709033,0,RISK_OFF,0.007345608989268279,-0.005706963698776317,0.2611295018717727,-0.050314465408805034
P2_2024,Cross,US100_BOOK,175,2024.11.19 17:00:00,2024-11-19,2024.11.19 21:00:00,CLOSE,5.904,2.277999999999993,0.3858401084010828,0,RISK_OFF,0.007345608989268279,-0.005706963698776317,0.34709378400204766,-0.04568527918781726
P2_2024,Return,US30_BOOK,44,2024.11.19 16:00:00,2024-11-19,2024.11.19 22:00:00,CLOSE,5.8394,3.3159999999999856,0.5678665616330419,0,RISK_OFF,0.007345608989268279,-0.005706963698776317,0.6229593660991131,-0.38
P2_2024,Cross,US100_BOOK,176,2024.11.20 17:00:00,2024-11-20,2024.11.20 21:00:00,CLOSE,6.1278,0.2279999999999927,0.03720748066190031,0,RISK_ON,-0.003909474307913237,0.0071846101558781135,-0.0015388437371348027,-0.04568527918781726
P2_2024,Passive,US100_BOOK,147,2024.11.21 14:15:23,2024-11-21,2024.11.21 16:45:00,CLOSE,6.1369,0.9360000000000218,0.1525200019553882,0,RISK_OFF,0.006940869037745428,-0.006365993891469018,0.1369087427900706,-0.050314465408805034
P2_2024,RC16,US30_BOOK,65,2024.11.21 13:30:00,2024-11-21,2024.11.21 17:30:00,CLOSE,6.1369,-0.6139999999999418,-0.10005051410320225,0,RISK_OFF,0.006940869037745428,-0.006365993891469018,-0.1274664807607082,-0.1527777777777778
P2_2024,Pressure,US30_BOOK,18,2024.11.21 15:00:00,2024-11-21,2024.11.21 19:00:00,CLOSE,6.1369,2.3960000000000585,0.3904251332105882,0,RISK_OFF,0.006940869037745428,-0.006365993891469018,0.39992109853911256,-0.21739130434782608
P2_2024,Cross,US100_BOOK,177,2024.11.21 17:00:00,2024-11-21,2024.11.21 21:00:00,CLOSE,6.1744,-1.9120000000000072,-0.3096657165068682,0,RISK_OFF,0.006940869037745428,-0.006365993891469018,-0.34841204090590333,-0.04568527918781726
P2_2024,Cross,US100_BOOK,178,2024.11.22 17:00:00,2024-11-22,2024.11.22 21:00:00,CLOSE,6.1692,0.04799999999999272,0.0077805874343501134,0,RISK_OFF,0.012469592855279188,-0.0001812203903786416,-0.030965736964685003,-0.04568527918781726
P2_2024,RC16,US30_BOOK,66,2024.11.25 13:30:00,2024-11-25,2024.11.25 17:30:00,CLOSE,6.1711,1.926000000000058,0.3120999497658534,0,RISK_ON,-0.011970403158139568,0.002093942919128725,0.28468398310834747,-0.1527777777777778
P2_2024,RC4,US30_BOOK,50,2024.11.25 13:00:00,2024-11-25,2024.11.25 19:00:00,CLOSE,6.1711,0.026000000000058206,0.004213187276183858,0,RISK_ON,-0.011970403158139568,0.002093942919128725,-0.048709785576370096,-0.2641509433962264
P2_2024,Cross,US100_BOOK,179,2024.11.25 17:00:00,2024-11-25,2024.11.25 21:00:00,CLOSE,6.1711,0.8979999999999928,0.14551700669248477,0,RISK_ON,-0.011970403158139568,0.002093942919128725,0.10677068229344966,-0.04568527918781726
P2_2024,RC4,US30_BOOK,51,2024.11.26 13:00:00,2024-11-26,2024.11.26 19:00:00,CLOSE,6.2851,-1.3040000000000145,-0.20747482140300305,0,MIXED,-7.615914218014388e-05,-0.0016942610163214063,-0.260397794255557,-0.2641509433962264
P2_2024,Cross,US100_BOOK,180,2024.11.26 17:00:00,2024-11-26,2024.11.26 21:00:00,CLOSE,6.2851,-0.1520000000000073,-0.024184181635933763,0,MIXED,-7.615914218014388e-05,-0.0016942610163214063,-0.06293050603496889,-0.04568527918781726
P2_2024,Return,US30_BOOK,45,2024.11.26 16:00:00,2024-11-26,2024.11.26 22:00:00,CLOSE,6.2851,2.1359999999999855,0.3398513945681032,0,MIXED,-7.615914218014388e-05,-0.0016942610163214063,0.3949441990341743,-0.38
P2_2024,Cross,US100_BOOK,181,2024.11.27 17:00:00,2024-11-27,2024.11.27 21:00:00,CLOSE,6.3123,0.4679999999999927,0.07414096288199115,0,RISK_OFF,0.006682931557967735,-0.010043799884429574,0.035394638482956035,-0.04568527918781726
P2_2024,RC16,US30_BOOK,67,2024.11.28 13:30:00,2024-11-28,2024.11.28 17:30:00,CLOSE,6.331,0.37599999999998546,0.05939030169009405,0,MIXED,0.0037900417745834036,0.005539156222949913,0.03197433503258808,-0.1527777777777778
P2_2024,Cross,US100_BOOK,182,2024.12.02 17:00:00,2024-12-02,2024.12.02 21:00:00,CLOSE,6.346,0.5379999999999928,0.08477781279546058,0,RISK_ON,-0.006249417069986798,0.0051082442994282015,0.046031488396425464,-0.04568527918781726
P2_2024,Cross,US100_BOOK,183,2024.12.03 17:00:00,2024-12-03,2024.12.03 21:00:00,CLOSE,6.3676,0.26799999999999274,0.04208807085872114,0,MIXED,0.0019648640287076727,0.0015431534825522796,0.003341746459686025,-0.04568527918781726
P2_2024,Passive,US100_BOOK,148,2024.12.04 12:50:43,2024-12-04,2024.12.04 16:30:00,CLOSE,6.3783,-0.13399999999997816,-0.021008732734424246,0,RISK_ON,-0.0007305251968090599,0.006935519730815313,-0.03661999189974186,-0.050314465408805034
P2_2024,Cross,US100_BOOK,184,2024.12.04 17:00:00,2024-12-04,2024.12.04 21:00:00,CLOSE,6.3729,-0.6420000000000072,-0.10073906698677325,0,RISK_ON,-0.0007305251968090599,0.006935519730815313,-0.13948539138580837,-0.04568527918781726
P2_2024,Cross,US100_BOOK,185,2024.12.05 17:00:00,2024-12-05,2024.12.05 21:00:00,CLOSE,6.3472,0.1379999999999927,0.021741870431055067,0,MIXED,-0.0014584091570591148,-0.0010905416550532647,-0.01700445396798005,-0.04568527918781726
P2_2024,Return,US30_BOOK,46,2024.12.05 16:00:00,2024-12-05,2024.12.05 22:00:00,CLOSE,6.3472,-1.3140000000000145,-0.20702041845223318,0,MIXED,-0.0014584091570591148,-0.0010905416550532647,-0.15192761398616203,-0.38
P2_2024,Cross,US100_BOOK,186,2024.12.06 17:00:00,2024-12-06,2024.12.06 21:00:00,CLOSE,6.3002,0.4779999999999927,0.07587060728230734,0,MIXED,0.0033455630466218468,0.0035728699779541302,0.03712428288327222,-0.04568527918781726
P2_2024,Passive,US100_BOOK,149,2024.12.09 12:45:40,2024-12-09,2024.12.09 15:00:00,CLOSE,6.3193,0.09599999999998544,0.015191556026772813,0,MIXED,0.0033192797469748367,0.0030762903719319928,-0.00041970313854480454,-0.050314465408805034
P2_2024,RC16,US30_BOOK,68,2024.12.09 13:30:00,2024-12-09,2024.12.09 17:30:00,CLOSE,6.3193,-0.02400000000001455,-0.003797889006696082,0,MIXED,0.0033192797469748367,0.0030762903719319928,-0.031213855664202057,-0.1527777777777778
P2_2024,Cross,US100_BOOK,187,2024.12.09 17:00:00,2024-12-09,2024.12.09 21:00:00,CLOSE,6.3232,-0.9619999999999709,-0.15213815789473223,0,MIXED,0.0033192797469748367,0.0030762903719319928,-0.19088448229376734,-0.04568527918781726
P2_2024,Passive,US100_BOOK,150,2024.12.10 13:30:59,2024-12-10,2024.12.10 16:00:00,CLOSE,6.2837,0.02600000000002183,0.004137689577799995,0,MIXED,0.0015659416591581423,0.002873707571451448,-0.011473569587517623,-0.050314465408805034
P2_2024,Cross,US100_BOOK,188,2024.12.10 17:00:00,2024-12-10,2024.12.10 21:00:00,CLOSE,6.2848,-0.9620000000000072,-0.153067718940938,0,MIXED,0.0015659416591581423,0.002873707571451448,-0.19181404333997312,-0.04568527918781726
P2_2024,Return,US30_BOOK,47,2024.12.10 16:00:00,2024-12-10,2024.12.10 22:00:00,CLOSE,6.2848,0.9459999999999854,0.15052189409368405,0,MIXED,0.0015659416591581423,0.002873707571451448,0.2056146985597552,-0.38
P2_2024,Passive,US100_BOOK,151,2024.12.11 15:46:09,2024-12-11,2024.12.11 19:45:00,CLOSE,6.2841,-2.593999999999978,-0.4127878296016897,0,MIXED,0.0008981092066076682,0.005016721948966825,-0.42839908876700733,-0.050314465408805034
P2_2024,Cross,US100_BOOK,189,2024.12.11 17:00:00,2024-12-11,2024.12.11 21:00:00,CLOSE,6.2841,0.9379999999999927,0.14926560684903054,0,MIXED,0.0008981092066076682,0.005016721948966825,0.11051928244999543,-0.04568527918781726
P2_2024,RC16,US30_BOOK,69,2024.12.12 13:30:00,2024-12-12,2024.12.12 17:30:00,CLOSE,6.2179,0.36599999999998545,0.05886231685938748,0,RISK_ON,-0.0006775866391700504,0.0013975233964865898,0.03144635020188151,-0.1527777777777778
P2_2024,Passive,US100_BOOK,152,2024.12.12 15:48:06,2024-12-12,2024.12.12 17:45:00,CLOSE,6.2179,0.14599999999998545,0.023480596342814367,0,RISK_ON,-0.0006775866391700504,0.0013975233964865898,0.007869337177496749,-0.050314465408805034
P2_2024,Cross,US100_BOOK,190,2024.12.13 17:00:00,2024-12-13,2024.12.13 21:00:00,CLOSE,6.2384,-1.0920000000000074,-0.1750448833034123,0,RISK_ON,-0.0043405101410090375,0.0054776749050083826,-0.21379120770244742,-0.04568527918781726
P2_2024,Return,US30_BOOK,48,2024.12.13 16:00:00,2024-12-13,2024.12.13 22:00:00,CLOSE,6.2384,-1.1939999999999418,-0.1913952295460281,0,RISK_ON,-0.0043405101410090375,0.0054776749050083826,-0.13630242507995696,-0.38
P2_2024,Passive,US100_BOOK,153,2024.12.16 12:54:18,2024-12-16,2024.12.16 16:45:00,CLOSE,6.1469,-0.5239999999999781,-0.08524622167270952,0,MIXED,0.0029953284003806286,0.0012621992567069288,-0.10085748083802715,-0.050314465408805034
P2_2024,RC16,US30_BOOK,70,2024.12.16 13:30:00,2024-12-16,2024.12.16 17:30:00,CLOSE,6.1469,-0.004000000000014553,-0.0006507345165879635,0,MIXED,0.0029953284003806286,0.0012621992567069288,-0.028066701174093937,-0.1527777777777778
P2_2024,Cross,US100_BOOK,191,2024.12.16 17:00:00,2024-12-16,2024.12.16 21:00:00,CLOSE,6.126,1.4379999999999926,0.23473718576558808,0,MIXED,0.0029953284003806286,0.0012621992567069288,0.19599086136655297,-0.04568527918781726
P2_2024,Passive,US100_BOOK,154,2024.12.17 13:18:57,2024-12-17,2024.12.17 14:15:00,CLOSE,6.1833,0.44599999999998546,0.0721297688936305,0,MIXED,-0.0047239778259877815,-0.0018450189735692395,0.056518509728312884,-0.050314465408805034
P2_2024,Passive,US100_BOOK,155,2024.12.17 15:43:00,2024-12-17,2024.12.17 18:15:00,CLOSE,6.2012,0.21599999999998545,0.034831968006190005,0,MIXED,-0.0047239778259877815,-0.0018450189735692395,0.01922070884087239,-0.050314465408805034
P2_2024,Pressure,US30_BOOK,19,2024.12.17 15:00:00,2024-12-17,2024.12.17 19:00:00,CLOSE,6.2012,0.21599999999998545,0.034831968006190005,0,MIXED,-0.0047239778259877815,-0.0018450189735692395,0.04432793333471438,-0.21739130434782608
P2_2024,Return,US30_BOOK,49,2024.12.17 16:00:00,2024-12-17,2024.12.17 22:00:00,CLOSE,6.2012,-1.6940000000000146,-0.27317293427078865,0,MIXED,-0.0047239778259877815,-0.0018450189735692395,-0.2180801298047175,-0.38
P2_2024,RC16,US30_BOOK,71,2024.12.18 13:30:00,2024-12-18,2024.12.18 17:30:00,CLOSE,6.1507,0.4659999999999854,0.07576373420911205,0,MIXED,0.00013224789320046904,0.0012114581965445878,0.04834776755160607,-0.1527777777777778
P2_2024,Pressure,US30_BOOK,20,2024.12.18 15:00:00,2024-12-18,2024.12.18 19:00:00,CLOSE,6.1507,0.07599999999998544,0.01235631716714934,0,MIXED,0.00013224789320046904,0.0012114581965445878,0.021852282495673715,-0.21739130434782608
P2_2024,Passive,US100_BOOK,156,2024.12.18 16:00:05,2024-12-18,2024.12.18 19:00:00,CLOSE,6.1507,0.21599999999998545,0.03511795405400775,0,MIXED,0.00013224789320046904,0.0012114581965445878,0.019506694888690133,-0.050314465408805034
P2_2024,Pressure,US30_BOOK,21,2024.12.19 15:00:00,2024-12-19,2024.12.19 19:00:00,CLOSE,6.181,-0.9940000000000145,-0.16081540203850744,0,MIXED,0.014108585084099644,0.015362507511944488,-0.15131943670998307,-0.21739130434782608
P2_2024,Cross,US100_BOOK,192,2024.12.19 17:00:00,2024-12-19,2024.12.19 21:00:00,CLOSE,6.181,-0.20200000000000728,-0.03268079598770543,0,MIXED,0.014108585084099644,0.015362507511944488,-0.07142712038674054,-0.04568527918781726
P2_2024,Passive,US100_BOOK,157,2024.12.20 12:20:09,2024-12-20,2024.12.20 15:00:00,CLOSE,6.1332,-0.003999999999978172,-0.0006521880910418985,0,RISK_OFF,0.0038924623168435516,-0.003916666101067744,-0.016263447256359517,-0.050314465408805034
P2_2024,Cross,US100_BOOK,193,2024.12.20 17:00:00,2024-12-20,2024.12.20 17:32:55,EXTERNAL_CLOSE,6.133,-3.082000000000007,-0.5025273112669179,1,RISK_OFF,0.0038924623168435516,-0.003916666101067744,-0.541273635665953,0.9543147208121827
P2_2024,Pressure,US30_BOOK,22,2024.12.23 15:00:00,2024-12-23,2024.12.23 19:00:00,CLOSE,6.0097,0.28599999999998543,0.04758972993660007,0,MIXED,0.0009638187776465169,0.0026008315590175827,0.05708569526512445,-0.21739130434782608
P2_2024,Cross,US100_BOOK,194,2024.12.23 17:00:02,2024-12-23,2024.12.23 21:00:00,CLOSE,6.0097,1.0979999999999928,0.18270462751884334,0,MIXED,0.0009638187776465169,0.0026008315590175827,0.14395830311980823,-0.04568527918781726
P2_2024,Return,US30_BOOK,50,2024.12.23 16:00:00,2024-12-23,2024.12.23 22:00:00,CLOSE,6.0097,1.0059999999999856,0.16739604306371128,0,MIXED,0.0009638187776465169,0.0026008315590175827,0.22248884752978243,-0.38
P2_2024,RC4,US30_BOOK,52,2024.12.24 13:00:00,2024-12-24,2024.12.24 17:08:25,EXTERNAL_CLOSE,6.1053,-0.7740000000000146,-0.12677509704683057,1,MIXED,0.0003788596370377704,0.00021646813227956568,-0.17969806989938453,0.7358490566037736
P2_2024,Cross,US100_BOOK,195,2024.12.26 17:00:00,2024-12-26,2024.12.26 21:00:00,CLOSE,6.0744,-0.6219999999999709,-0.10239694455418986,0,MIXED,0.00447470710267197,0.0019393344307581015,-0.141143268953225,-0.04568527918781726
P2_2024,RC4,US30_BOOK,53,2024.12.27 13:00:00,2024-12-27,2024.12.27 19:00:00,CLOSE,6.0495,4.196000000000058,0.6936110422349051,0,RISK_ON,-0.0032416912562219687,0.00017737235571637603,0.6406880693823511,-0.2641509433962264
P2_2024,Cross,US100_BOOK,196,2024.12.27 17:00:00,2024-12-27,2024.12.27 21:00:00,CLOSE,6.0495,0.32799999999999274,0.05421935697164935,0,RISK_ON,-0.0032416912562219687,0.00017737235571637603,0.015473032572614231,-0.04568527918781726
P2_2024,RC16,US30_BOOK,72,2024.12.30 13:30:00,2024-12-30,2024.12.30 14:49:19,EXTERNAL_CLOSE,6.2304,-3.1339999999999417,-0.5030174627632161,1,RISK_ON,-0.0027710960114891393,0.000937925858548684,-0.5304334294207221,0.8472222222222222
P2_2024,Passive,US100_BOOK,158,2024.12.30 14:45:04,2024-12-30,2024.12.30 18:45:00,CLOSE,6.2304,-0.45400000000001456,-0.07286851566512817,0,RISK_ON,-0.0027710960114891393,0.000937925858548684,-0.08847977483044579,-0.050314465408805034
P2_2024,Pressure,US30_BOOK,23,2024.12.30 15:00:00,2024-12-30,2024.12.30 19:00:00,CLOSE,6.1051,0.5260000000000582,0.0861574748980456,0,RISK_ON,-0.0027710960114891393,0.000937925858548684,0.09565344022656996,-0.21739130434782608
P2_2024,Passive,US100_BOOK,159,2024.12.31 13:00:14,2024-12-31,2024.12.31 14:30:00,CLOSE,6.108,-0.12400000000001456,-0.02030124426981247,0,RISK_OFF,0.003451165271900559,-0.0011485086603036008,-0.03591250343513009,-0.050314465408805034
P2_2024,Cross,US100_BOOK,197,2024.12.31 17:00:00,2024-12-31,2024.12.31 21:00:00,CLOSE,6.103,2.087999999999993,0.34212682287399526,0,RISK_OFF,0.003451165271900559,-0.0011485086603036008,0.3033804984749601,-0.04568527918781726
P3_2025,Pressure,US30_BOOK,1,2025.01.02 15:00:00,2025-01-02,2025.01.02 16:40:04,EXTERNAL_CLOSE,4.0,-2.0340000000000145,-0.5085000000000036,1,RISK_OFF,0.004254152687813414,-0.002567052072310246,-0.4926149648631587,0.65625
P3_2025,RC16,US30_BOOK,1,2025.01.02 13:30:00,2025-01-02,2025.01.02 17:30:00,CLOSE,4.0,-1.3340000000000145,-0.3335000000000036,0,RISK_OFF,0.004254152687813414,-0.002567052072310246,-0.3918614189874323,-0.08860759493670886
P3_2025,RC4,US30_BOOK,1,2025.01.02 13:00:00,2025-01-02,2025.01.02 17:31:09,EXTERNAL_CLOSE,4.0,-2.0140000000000144,-0.5035000000000036,1,RISK_OFF,0.004254152687813414,-0.002567052072310246,-0.5653834015987103,0.7058823529411764
P3_2025,RC16,US30_BOOK,2,2025.01.03 13:30:00,2025-01-03,2025.01.03 17:30:00,CLOSE,3.7847,1.0259999999999856,0.2710914999867851,0,MIXED,-0.0014723966004555294,-0.0008327215536288086,0.21273008099935642,-0.08860759493670886
P3_2025,Cross,US100_BOOK,1,2025.01.03 17:00:00,2025-01-03,2025.01.03 21:00:00,CLOSE,3.7847,1.2179999999999926,0.32182207308372995,0,MIXED,-0.0014723966004555294,-0.0008327215536288086,0.2919064377461896,-0.03626943005181347
P3_2025,Passive,US100_BOOK,1,2025.01.06 12:18:09,2025-01-06,2025.01.06 16:15:00,CLOSE,3.8745,-0.6039999999999781,-0.15589108272034538,0,RISK_ON,-0.003287724062589831,0.0037730141180671597,-0.15769244465944052,-0.07692307692307693
P3_2025,Pressure,US30_BOOK,2,2025.01.06 15:00:00,2025-01-06,2025.01.06 19:00:00,CLOSE,3.856,2.1559999999999855,0.5591286307053904,0,RISK_ON,-0.003287724062589831,0.0037730141180671597,0.5750136658422353,-0.34375
P3_2025,Cross,US100_BOOK,2,2025.01.06 17:00:00,2025-01-06,2025.01.06 21:00:00,CLOSE,3.8503,-1.1520000000000075,-0.29919746513258905,0,RISK_ON,-0.003287724062589831,0.0037730141180671597,-0.3291131004701294,-0.03626943005181347
P3_2025,RC16,US30_BOOK,3,2025.01.07 13:30:00,2025-01-07,2025.01.07 17:30:00,CLOSE,3.8905,0.18599999999998545,0.04780876494023531,0,MIXED,0.001997192468175833,0.0013079533033290129,-0.01055265404719339,-0.08860759493670886
P3_2025,Cross,US100_BOOK,3,2025.01.07 17:00:00,2025-01-07,2025.01.07 21:00:00,CLOSE,3.8905,2.5779999999999927,0.6626397635265372,0,MIXED,0.001997192468175833,0.0013079533033290129,0.6327241281889968,-0.03626943005181347
P3_2025,RC16,US30_BOOK,4,2025.01.08 13:30:00,2025-01-08,2025.01.08 14:31:43,EXTERNAL_CLOSE,4.001,-2.0140000000000144,-0.5033741564608883,1,MIXED,0.0019502044087383484,0.0012590515754787167,-0.5617355754483171,0.9113924050632911
P3_2025,Passive,US100_BOOK,2,2025.01.08 14:15:37,2025-01-08,2025.01.08 16:45:00,CLOSE,3.9576,0.5259999999999855,0.13290883363654374,0,MIXED,0.0019502044087383484,0.0012590515754787167,0.1311074716974486,-0.07692307692307693
P3_2025,Pressure,US30_BOOK,3,2025.01.08 15:00:00,2025-01-08,2025.01.08 19:00:00,CLOSE,3.9084,-1.2540000000000144,-0.3208474055879681,0,MIXED,0.0019502044087383484,0.0012590515754787167,-0.3049623704511232,-0.34375
P3_2025,Cross,US100_BOOK,4,2025.01.08 17:00:00,2025-01-08,2025.01.08 21:00:00,CLOSE,3.9415,-0.2120000000000073,-0.053786629455792795,0,MIXED,0.0019502044087383484,0.0012590515754787167,-0.08370226479333315,-0.03626943005181347
P3_2025,RC4,US30_BOOK,2,2025.01.09 13:00:00,2025-01-09,2025.01.10 03:00:00,CLOSE,3.8829,-1.836000000000058,-0.4728424631074862,0,RISK_OFF,0.0012466394921712767,-0.0016560481131030903,-0.5347258647061929,-0.29411764705882354
P3_2025,Return,US30_BOOK,1,2025.01.10 16:00:00,2025-01-10,2025.01.10 17:00:17,EXTERNAL_CLOSE,3.8094,-1.943999999999942,-0.5103165852890067,1,RISK_OFF,0.0028826275408062037,-0.0002469190529588911,-0.6368941406531782,0.6730769230769231
P3_2025,Passive,US100_BOOK,3,2025.01.10 15:47:16,2025-01-10,2025.01.10 17:06:21,EXTERNAL_CLOSE,3.8094,-1.9240000000000146,-0.5050664146584802,1,RISK_OFF,0.0028826275408062037,-0.0002469190529588911,-0.5068677765975754,0.9230769230769231
P3_2025,Passive,US100_BOOK,4,2025.01.13 12:18:02,2025-01-13,2025.01.13 14:15:00,CLOSE,3.6547,0.12599999999998546,0.03447615399348386,0,MIXED,-0.0016264008959294537,-0.0036152387531150285,0.03267479205438872,-0.07692307692307693
P3_2025,Cross,US100_BOOK,5,2025.01.13 17:00:00,2025-01-13,2025.01.13 21:00:00,CLOSE,3.6598,-0.9320000000000073,-0.25465872452046756,0,MIXED,-0.0016264008959294537,-0.0036152387531150285,-0.28457435985800794,-0.03626943005181347
P3_2025,RC16,US30_BOOK,5,2025.01.14 13:30:00,2025-01-14,2025.01.14 17:30:00,CLOSE,3.6225,0.21600000000005823,0.05962732919256266,0,MIXED,0.001380702651703208,0.002993064923874455,0.0012659102051339605,-0.08860759493670886
P3_2025,RC4,US30_BOOK,3,2025.01.14 13:00:00,2025-01-14,2025.01.14 18:36:08,EXTERNAL_CLOSE,3.6225,-1.823999999999942,-0.503519668737044,1,MIXED,0.001380702651703208,0.002993064923874455,-0.5654030703357507,0.7058823529411764
P3_2025,RC16,US30_BOOK,6,2025.01.15 13:30:00,2025-01-15,2025.01.15 17:30:00,CLOSE,3.5582,5.995999999999985,1.6851216907425062,0,RISK_OFF,0.0028598240584804327,-0.006291527219480163,1.6267602717550775,-0.08860759493670886
P3_2025,Passive,US100_BOOK,5,2025.01.15 15:45:00,2025-01-15,2025.01.15 18:45:00,CLOSE,3.5582,0.23599999999998544,0.06632567028272314,0,RISK_OFF,0.0028598240584804327,-0.006291527219480163,0.06452430834362799,-0.07692307692307693
P3_2025,RC4,US30_BOOK,4,2025.01.15 13:00:00,2025-01-15,2025.01.15 19:00:00,CLOSE,3.5582,4.815999999999986,1.3534933393288702,0,RISK_OFF,0.0028598240584804327,-0.006291527219480163,1.2916099377301635,-0.29411764705882354
P3_2025,Cross,US100_BOOK,6,2025.01.16 17:00:00,2025-01-16,2025.01.16 21:00:00,CLOSE,4.0001,0.8479999999999928,0.21199470013249488,0,RISK_OFF,0.003910913308128556,-0.00502342969248171,0.18207906479495453,-0.03626943005181347
P3_2025,Return,US30_BOOK,2,2025.01.16 16:00:00,2025-01-16,2025.01.16 22:00:00,CLOSE,4.0001,0.9259999999999854,0.23149421264468023,0,RISK_OFF,0.003910913308128556,-0.00502342969248171,0.10491665728050872,-0.3269230769230769
P3_2025,Passive,US100_BOOK,6,2025.01.17 15:30:02,2025-01-17,2025.01.17 16:27:56,EXTERNAL_CLOSE,4.071,-2.053999999999978,-0.5045443380004859,1,RISK_ON,-0.0032369236545953355,0.004272905766228667,-0.5063456999395811,0.9230769230769231
P3_2025,RC4,US30_BOOK,5,2025.01.17 13:00:00,2025-01-17,2025.01.17 19:00:00,CLOSE,4.071,2.9360000000000586,0.7211987226725765,0,RISK_ON,-0.0032369236545953355,0.004272905766228667,0.6593153210738698,-0.29411764705882354
P3_2025,Cross,US100_BOOK,7,2025.01.17 17:00:00,2025-01-17,2025.01.17 21:00:00,CLOSE,3.9889,-1.2820000000000074,-0.3213918624182124,0,RISK_ON,-0.0032369236545953355,0.004272905766228667,-0.35130749775575276,-0.03626943005181347
P3_2025,RC4,US30_BOOK,6,2025.01.20 13:00:00,2025-01-20,2025.01.20 16:26:52,EXTERNAL_CLOSE,4.055,-2.0540000000000145,-0.5065351418002502,1,MIXED,0.0011129826307115676,0.0005376516275064213,-0.5684185433989568,0.7058823529411764
P3_2025,RC16,US30_BOOK,7,2025.01.20 13:30:00,2025-01-20,2025.01.20 17:30:00,CLOSE,4.055,0.9459999999999854,0.23329223181257347,0,MIXED,0.0011129826307115676,0.0005376516275064213,0.17493081282514478,-0.08860759493670886
P3_2025,RC16,US30_BOOK,8,2025.01.21 13:30:00,2025-01-21,2025.01.21 17:30:00,CLOSE,4.0107,1.6859999999999855,0.42037549554940173,0,MIXED,0.00523939505012012,0.0020162203353812818,0.36201407656197304,-0.08860759493670886
P3_2025,Pressure,US30_BOOK,4,2025.01.21 15:00:00,2025-01-21,2025.01.21 19:00:00,CLOSE,4.0107,2.3859999999999855,0.5949086194429863,0,MIXED,0.00523939505012012,0.0020162203353812818,0.6107936545798313,-0.34375
P3_2025,Cross,US100_BOOK,8,2025.01.21 17:00:00,2025-01-21,2025.01.21 21:00:00,CLOSE,4.0107,-1.2420000000000073,-0.30967162839404777,0,MIXED,0.00523939505012012,0.0020162203353812818,-0.33958726373158815,-0.03626943005181347
P3_2025,RC16,US30_BOOK,9,2025.01.22 13:30:00,2025-01-22,2025.01.22 17:30:00,CLOSE,4.1239,0.4559999999999854,0.11057494119643672,0,MIXED,0.004895405669391093,0.00184540453537708,0.052213522209008024,-0.08860759493670886
P3_2025,RC4,US30_BOOK,7,2025.01.22 13:00:00,2025-01-22,2025.01.22 19:00:00,CLOSE,4.1239,-0.49400000000001454,-0.11978951962948048,0,MIXED,0.004895405669391093,0.00184540453537708,-0.18167292122818718,-0.29411764705882354
P3_2025,Cross,US100_BOOK,9,2025.01.22 17:00:00,2025-01-22,2025.01.22 21:00:00,CLOSE,4.1239,0.10799999999999271,0.02618880186231303,0,MIXED,0.004895405669391093,0.00184540453537708,-0.003726833475227325,-0.03626943005181347
P3_2025,RC16,US30_BOOK,10,2025.01.23 13:30:00,2025-01-23,2025.01.23 17:30:00,CLOSE,4.1267,0.3060000000000582,0.07415125887514437,0,MIXED,-0.0037041185647315802,-0.0005689900580250869,0.015789839887715672,-0.08860759493670886
P3_2025,Cross,US100_BOOK,10,2025.01.23 17:00:00,2025-01-23,2025.01.23 21:00:00,CLOSE,4.1267,-0.5920000000000072,-0.1434560302420838,0,MIXED,-0.0037041185647315802,-0.0005689900580250869,-0.17337166557962416,-0.03626943005181347
P3_2025,Cross,US100_BOOK,11,2025.01.24 17:00:00,2025-01-24,2025.01.24 21:00:00,CLOSE,4.1153,-1.9220000000000075,-0.4670376400262453,0,RISK_OFF,0.0064728892044708065,-0.002990766799637408,-0.4969532753637857,-0.03626943005181347
P3_2025,Passive,US100_BOOK,7,2025.01.27 12:15:56,2025-01-27,2025.01.27 12:50:18,EXTERNAL_CLOSE,4.0384,-2.0240000000000142,-0.5011885895404156,1,MIXED,-0.0017608025418663204,-0.008579099648951528,-0.5029899514795108,0.9230769230769231
P3_2025,Passive,US100_BOOK,8,2025.01.27 13:00:20,2025-01-27,2025.01.27 15:15:00,CLOSE,3.9574,2.5859999999999856,0.6534593419922136,0,MIXED,-0.0017608025418663204,-0.008579099648951528,0.6516579800531184,-0.07692307692307693
P3_2025,Passive,US100_BOOK,9,2025.01.27 15:47:02,2025-01-27,2025.01.27 17:28:44,EXTERNAL_CLOSE,4.0609,-2.053999999999978,-0.5057992070723184,1,MIXED,-0.0017608025418663204,-0.008579099648951528,-0.5076005690114136,0.9230769230769231
P3_2025,Cross,US100_BOOK,12,2025.01.27 17:00:00,2025-01-27,2025.01.27 21:00:00,CLOSE,4.01,-1.8320000000000072,-0.45685785536159784,0,MIXED,-0.0017608025418663204,-0.008579099648951528,-0.4867734906991382,-0.03626943005181347
P3_2025,RC4,US30_BOOK,8,2025.01.28 13:00:00,2025-01-28,2025.01.28 17:49:01,EXTERNAL_CLOSE,3.9054,-1.9740000000000144,-0.5054539867875286,1,MIXED,0.0009372328250731026,0.006201600278720849,-0.5673373883862354,0.7058823529411764
P3_2025,Return,US30_BOOK,3,2025.01.28 16:00:00,2025-01-28,2025.01.28 22:00:00,CLOSE,3.9054,1.9959999999999853,0.511087212577453,0,MIXED,0.0009372328250731026,0.006201600278720849,0.38450965721328156,-0.3269230769230769
P3_2025,RC16,US30_BOOK,11,2025.01.29 13:30:00,2025-01-29,2025.01.29 17:30:00,CLOSE,3.9063,0.5459999999999855,0.1397742108900969,0,MIXED,-3.6196081416281943e-05,-0.0008365347360157485,0.0814127919026682,-0.08860759493670886
P3_2025,Cross,US100_BOOK,13,2025.01.29 17:00:00,2025-01-29,2025.01.29 21:00:00,CLOSE,3.9063,0.5079999999999928,0.13004633540690494,0,MIXED,-3.6196081416281943e-05,-0.0008365347360157485,0.10013070006936459,-0.03626943005181347
P3_2025,RC16,US30_BOOK,12,2025.01.30 13:30:00,2025-01-30,2025.01.30 14:01:01,EXTERNAL_CLOSE,3.9485,-1.9940000000000144,-0.5050018994554931,1,RISK_OFF,0.005428863588319147,-0.005011959080338137,-0.5633633184429219,0.9113924050632911
P3_2025,RC4,US30_BOOK,9,2025.01.30 13:00:00,2025-01-30,2025.01.30 14:01:28,EXTERNAL_CLOSE,3.9485,-2.0040000000000147,-0.5075345067747282,1,RISK_OFF,0.005428863588319147,-0.005011959080338137,-0.569417908373435,0.7058823529411764
P3_2025,Cross,US100_BOOK,14,2025.01.30 17:00:00,2025-01-30,2025.01.30 21:00:00,CLOSE,3.7886,0.6379999999999928,0.16839993665205955,0,RISK_OFF,0.005428863588319147,-0.005011959080338137,0.1384843013145192,-0.03626943005181347
P3_2025,Return,US30_BOOK,4,2025.01.30 16:00:00,2025-01-30,2025.01.30 22:00:00,CLOSE,3.7886,3.0159999999999854,0.7960724278097411,0,RISK_OFF,0.005428863588319147,-0.005011959080338137,0.6694948724455696,-0.3269230769230769
P3_2025,RC16,US30_BOOK,13,2025.01.31 13:30:00,2025-01-31,2025.01.31 17:30:00,CLOSE,3.9347,-1.1040000000000145,-0.2805804762751962,0,RISK_ON,-0.00028990020120244983,0.002750855308371673,-0.3389418952626249,-0.08860759493670886
P3_2025,RC4,US30_BOOK,10,2025.01.31 13:00:00,2025-01-31,2025.01.31 18:52:17,EXTERNAL_CLOSE,3.9347,-1.9840000000000144,-0.5042315805525236,1,RISK_ON,-0.00028990020120244983,0.002750855308371673,-0.5661149821512304,0.7058823529411764
P3_2025,Cross,US100_BOOK,15,2025.02.03 17:00:00,2025-02-03,2025.02.03 21:00:00,CLOSE,3.8112,2.458000000000029,0.644941225860629,0,RISK_ON,-0.0023788359213581037,0.0016077641019074714,0.6150255905230886,-0.03626943005181347
P3_2025,RC4,US30_BOOK,11,2025.02.04 13:00:00,2025-02-04,2025.02.04 19:00:00,CLOSE,3.9095,1.4859999999999856,0.3800997570021705,0,MIXED,0.0021295860680998714,0.004083441953466631,0.3182163554034638,-0.29411764705882354
P3_2025,Cross,US100_BOOK,16,2025.02.04 17:00:00,2025-02-04,2025.02.04 21:00:00,CLOSE,3.9095,0.6079999999999928,0.1555186085177114,0,MIXED,0.0021295860680998714,0.004083441953466631,0.12560297318017105,-0.03626943005181347
P3_2025,RC16,US30_BOOK,14,2025.02.05 13:30:00,2025-02-05,2025.02.05 17:30:00,CLOSE,3.9933,0.5559999999999854,0.13923321563618696,0,RISK_OFF,0.010059837597863497,-0.009591696981943816,0.08087179664875827,-0.08860759493670886
P3_2025,Cross,US100_BOOK,17,2025.02.05 17:00:00,2025-02-05,2025.02.05 21:00:00,CLOSE,3.9933,1.4379999999999926,0.36010317281446236,0,RISK_OFF,0.010059837597863497,-0.009591696981943816,0.330187537476922,-0.03626943005181347
P3_2025,Passive,US100_BOOK,10,2025.02.06 13:46:56,2025-02-06,2025.02.06 16:00:00,CLOSE,4.073,0.36599999999998545,0.08986005401423654,0,RISK_ON,-0.0029160495822054718,0.0005176373574548794,0.08805869207514139,-0.07692307692307693
P3_2025,Cross,US100_BOOK,18,2025.02.06 17:00:00,2025-02-06,2025.02.06 21:00:00,CLOSE,4.0877,0.23799999999999272,0.05822345084032408,0,RISK_ON,-0.0029160495822054718,0.0005176373574548794,0.02830781550278372,-0.03626943005181347
P3_2025,RC16,US30_BOOK,15,2025.02.07 13:30:00,2025-02-07,2025.02.07 17:30:00,CLOSE,4.0972,-1.4840000000000144,-0.36219857463634053,0,MIXED,0.00458370237125245,0.0031534737405473287,-0.4205599936237692,-0.08860759493670886
P3_2025,RC4,US30_BOOK,12,2025.02.07 13:00:00,2025-02-07,2025.02.07 19:00:00,CLOSE,4.0972,3.2559999999999856,0.7946890559406389,0,MIXED,0.00458370237125245,0.0031534737405473287,0.7328056543419321,-0.29411764705882354
P3_2025,RC16,US30_BOOK,16,2025.02.10 13:30:00,2025-02-10,2025.02.10 17:30:00,CLOSE,4.1681,-0.2940000000000146,-0.07053573570692032,0,MIXED,0.016039512906293435,0.006400707404802737,-0.128897154694349,-0.08860759493670886
P3_2025,Pressure,US30_BOOK,5,2025.02.10 15:00:00,2025-02-10,2025.02.10 18:33:36,EXTERNAL_CLOSE,4.1681,-2.1040000000000143,-0.5047863534944014,1,MIXED,0.016039512906293435,0.006400707404802737,-0.48890131835755646,0.65625
P3_2025,Passive,US100_BOOK,11,2025.02.11 16:00:04,2025-02-11,2025.02.11 16:45:00,CLOSE,4.0722,1.1659999999999855,0.28633171258778684,0,MIXED,-0.0016898319868216276,-0.0003027072580728905,0.2845303506486917,-0.07692307692307693
P3_2025,Cross,US100_BOOK,19,2025.02.11 17:00:00,2025-02-11,2025.02.11 21:00:00,CLOSE,4.1188,0.21799999999999273,0.0529280372924135,0,MIXED,-0.0016898319868216276,-0.0003027072580728905,0.023012401954873144,-0.03626943005181347
P3_2025,Passive,US100_BOOK,12,2025.02.12 15:45:00,2025-02-12,2025.02.12 18:45:00,CLOSE,4.1275,1.8260000000000216,0.4423985463355594,0,RISK_ON,-0.0037480810781338587,0.006935552263229214,0.4405971843964643,-0.07692307692307693
P3_2025,Cross,US100_BOOK,20,2025.02.12 17:00:00,2025-02-12,2025.02.12 21:00:00,CLOSE,4.1275,1.1479999999999926,0.2781344639612338,0,RISK_ON,-0.0037480810781338587,0.006935552263229214,0.24821882862369346,-0.03626943005181347
P3_2025,Return,US30_BOOK,5,2025.02.12 16:00:00,2025-02-12,2025.02.12 22:00:00,CLOSE,4.1275,1.8959999999999857,0.4593579648697724,0,RISK_ON,-0.0037480810781338587,0.006935552263229214,0.33278040950560084,-0.3269230769230769
P3_2025,Cross,US100_BOOK,21,2025.02.13 17:00:00,2025-02-13,2025.02.13 21:00:00,CLOSE,4.3223,0.7479999999999928,0.1730560118455435,0,RISK_OFF,0.0035153648553268397,-0.0026656910419041416,0.14314037650800315,-0.03626943005181347
P3_2025,Passive,US100_BOOK,13,2025.02.14 13:45:49,2025-02-14,2025.02.14 15:45:00,CLOSE,4.3522,0.49599999999998545,0.11396535085703448,0,RISK_OFF,0.002394516271862398,-0.0018670104767821135,0.11216398891793933,-0.07692307692307693
P3_2025,RC16,US30_BOOK,17,2025.02.17 13:30:00,2025-02-17,2025.02.17 17:30:00,CLOSE,4.3721,0.05599999999998545,0.01280849019921444,0,RISK_OFF,0.005569312774311218,-0.004049786281406418,-0.04555292878821426,-0.08860759493670886
P3_2025,RC4,US30_BOOK,13,2025.02.17 13:00:00,2025-02-17,2025.02.17 19:00:00,CLOSE,4.3721,-0.42400000000001453,-0.09697856865122356,0,RISK_OFF,0.005569312774311218,-0.004049786281406418,-0.15886197024993026,-0.29411764705882354
P3_2025,Passive,US100_BOOK,14,2025.02.18 12:22:20,2025-02-18,2025.02.18 13:15:00,CLOSE,4.3574,0.07599999999998544,0.017441593610865523,0,MIXED,0.004583533485109292,0.0024794436594594797,0.015640231671770376,-0.07692307692307693
P3_2025,Cross,US100_BOOK,22,2025.02.18 17:00:00,2025-02-18,2025.02.18 21:00:00,CLOSE,4.3604,0.4179999999999927,0.09586276488395393,0,MIXED,0.004583533485109292,0.0024794436594594797,0.06594712954641357,-0.03626943005181347
P3_2025,Passive,US100_BOOK,15,2025.02.19 13:45:10,2025-02-19,2025.02.19 14:15:01,CLOSE,4.3771,0.4660000000000218,0.10646318338626527,0,RISK_OFF,0.0036835836656645728,-0.002607855332797522,0.10466182144717012,-0.07692307692307693
P3_2025,Cross,US100_BOOK,23,2025.02.19 17:00:00,2025-02-19,2025.02.19 21:00:00,CLOSE,4.3958,-0.6720000000000073,-0.1528731971427288,0,RISK_OFF,0.0036835836656645728,-0.002607855332797522,-0.18278883248026914,-0.03626943005181347
P3_2025,Return,US30_BOOK,6,2025.02.19 16:00:00,2025-02-19,2025.02.19 22:00:00,CLOSE,4.3958,1.2159999999999855,0.27662769006778865,0,RISK_OFF,0.0036835836656645728,-0.002607855332797522,0.15005013470361714,-0.3269230769230769
P3_2025,Return,US30_BOOK,7,2025.02.20 16:00:00,2025-02-20,2025.02.20 17:00:35,EXTERNAL_CLOSE,4.4175,-2.2240000000000144,-0.5034521788341855,1,RISK_OFF,0.00614451698209269,-0.007509936368099216,-0.630029734198357,0.6730769230769231
P3_2025,RC4,US30_BOOK,14,2025.02.20 13:00:00,2025-02-20,2025.02.20 19:00:00,CLOSE,4.4175,5.955999999999985,1.3482739105829054,0,RISK_OFF,0.00614451698209269,-0.007509936368099216,1.2863905089841987,-0.29411764705882354
P3_2025,Cross,US100_BOOK,24,2025.02.20 17:00:00,2025-02-20,2025.02.20 21:00:00,CLOSE,4.4175,-0.6020000000000072,-0.1362761743067362,0,RISK_OFF,0.00614451698209269,-0.007509936368099216,-0.16619180964427654,-0.03626943005181347
P3_2025,RC16,US30_BOOK,18,2025.02.21 13:30:00,2025-02-21,2025.02.21 14:37:56,EXTERNAL_CLOSE,4.5427,-2.2940000000000147,-0.5049860215290498,1,RISK_ON,-0.0031255830521102488,0.006026001956811843,-0.5633474405164786,0.9113924050632911
P3_2025,Pressure,US30_BOOK,6,2025.02.21 15:00:00,2025-02-21,2025.02.21 19:00:00,CLOSE,4.451,1.9459999999999855,0.4372051224443913,0,RISK_ON,-0.0031255830521102488,0.006026001956811843,0.4530901575812362,-0.34375
P3_2025,Return,US30_BOOK,8,2025.02.21 16:00:00,2025-02-21,2025.02.21 19:20:27,EXTERNAL_CLOSE,4.451,-2.2440000000000144,-0.5041563693552044,1,RISK_ON,-0.0031255830521102488,0.006026001956811843,-0.6307339247193758,0.6730769230769231
P3_2025,Cross,US100_BOOK,25,2025.02.21 17:00:00,2025-02-21,2025.02.21 21:00:00,CLOSE,4.451,3.187999999999993,0.7162435407773519,0,RISK_ON,-0.0031255830521102488,0.006026001956811843,0.6863279054398115,-0.03626943005181347
P3_2025,Cross,US100_BOOK,26,2025.02.24 17:00:00,2025-02-24,2025.02.24 21:00:00,CLOSE,4.5666,-0.4420000000000073,-0.09678973415670461,0,MIXED,0.003371525567060021,0.0012845990405861527,-0.12670536949424496,-0.03626943005181347
P3_2025,Passive,US100_BOOK,16,2025.02.25 15:21:46,2025-02-25,2025.02.25 16:45:00,CLOSE,4.5489,1.2160000000000217,0.26731737343094414,0,MIXED,-0.004718543089681153,-0.0007083431082369372,0.265516011491849,-0.07692307692307693
P3_2025,Cross,US100_BOOK,27,2025.02.25 17:00:00,2025-02-25,2025.02.25 21:00:00,CLOSE,4.5975,0.5979999999999928,0.13007069059271184,0,MIXED,-0.004718543089681153,-0.0007083431082369372,0.10015505525517149,-0.03626943005181347
P3_2025,RC16,US30_BOOK,19,2025.02.26 13:30:01,2025-02-26,2025.02.26 17:30:00,CLOSE,4.6214,0.5460000000000582,0.11814601635869178,0,RISK_ON,-0.0007617871482255876,0.0024401047140119527,0.05978459737126308,-0.08860759493670886
P3_2025,RC4,US30_BOOK,15,2025.02.26 13:00:00,2025-02-26,2025.02.26 19:00:00,CLOSE,4.6214,-0.6639999999999419,-0.14367940450944341,0,RISK_ON,-0.0007617871482255876,0.0024401047140119527,-0.20556280610815011,-0.29411764705882354
P3_2025,RC16,US30_BOOK,20,2025.02.27 13:30:00,2025-02-27,2025.02.27 17:30:00,CLOSE,4.6167,2.4459999999999855,0.5298156692009413,0,RISK_ON,-0.01013778306596079,0.005239450302165914,0.47145425021351256,-0.08860759493670886
P3_2025,Cross,US100_BOOK,28,2025.02.27 17:00:00,2025-02-27,2025.02.27 21:00:00,CLOSE,4.6167,-0.46199999999997093,-0.10007147962829964,0,RISK_ON,-0.01013778306596079,0.005239450302165914,-0.12998711496584,-0.03626943005181347
P3_2025,Return,US30_BOOK,9,2025.02.27 16:00:00,2025-02-27,2025.02.27 22:00:00,CLOSE,4.5944,-0.06400000000001456,-0.013930001741253386,0,RISK_ON,-0.01013778306596079,0.005239450302165914,-0.1405075571054249,-0.3269230769230769
P3_2025,RC4,US30_BOOK,16,2025.02.28 13:00:00,2025-02-28,2025.02.28 19:00:00,CLOSE,4.6935,0.9159999999999855,0.19516352402258133,0,RISK_ON,-0.005209406811696588,0.0029595483631192584,0.13328012242387463,-0.29411764705882354
P3_2025,Pressure,US30_BOOK,7,2025.02.28 15:00:00,2025-02-28,2025.02.28 19:00:00,CLOSE,4.6935,0.41599999999998544,0.08863321614999156,0,RISK_ON,-0.005209406811696588,0.0029595483631192584,0.10451825128683645,-0.34375
P3_2025,RC16,US30_BOOK,21,2025.03.03 13:30:00,2025-03-03,2025.03.03 17:30:00,CLOSE,4.7468,-0.33400000000001456,-0.07036319204517033,0,RISK_OFF,0.0024581962104226226,-0.00222580361978502,-0.12872461103259902,-0.08860759493670886
P3_2025,Cross,US100_BOOK,29,2025.03.03 17:00:00,2025-03-03,2025.03.03 21:00:00,CLOSE,4.7468,0.8979999999999928,0.18918007921125657,0,RISK_OFF,0.0024581962104226226,-0.00222580361978502,0.15926444387371622,-0.03626943005181347
P3_2025,Return,US30_BOOK,10,2025.03.04 16:00:00,2025-03-04,2025.03.04 16:32:48,EXTERNAL_CLOSE,4.7694,-2.4040000000000146,-0.5040466306034332,1,RISK_OFF,0.008967218944518662,-0.0029611785949546906,-0.6306241859676047,0.6730769230769231
P3_2025,Passive,US100_BOOK,17,2025.03.04 15:04:36,2025-03-04,2025.03.04 19:00:00,CLOSE,4.7694,-0.003999999999978172,-0.0008386799178047914,0,RISK_OFF,0.008967218944518662,-0.0029611785949546906,-0.0026400418568999365,-0.07692307692307693
P3_2025,Cross,US100_BOOK,30,2025.03.04 17:00:00,2025-03-04,2025.03.04 21:00:00,CLOSE,4.6732,2.667999999999993,0.5709150047076935,0,RISK_OFF,0.008967218944518662,-0.0029611785949546906,0.5409993693701531,-0.03626943005181347
P3_2025,RC16,US30_BOOK,22,2025.03.05 13:30:00,2025-03-05,2025.03.05 15:19:35,EXTERNAL_CLOSE,4.7798,-2.4040000000000146,-0.5029499142223555,1,RISK_OFF,0.00035978803733113503,-0.0023070683395046976,-0.5613113332097842,0.9113924050632911
P3_2025,Pressure,US30_BOOK,8,2025.03.05 15:00:00,2025-03-05,2025.03.05 19:00:00,CLOSE,4.7624,-0.044000000000014555,-0.009239039139932502,0,RISK_OFF,0.00035978803733113503,-0.0023070683395046976,0.006645995996912393,-0.34375
P3_2025,Return,US30_BOOK,11,2025.03.05 16:00:00,2025-03-05,2025.03.05 22:00:00,CLOSE,4.6836,5.105999999999986,1.0901870356136274,0,RISK_OFF,0.00035978803733113503,-0.0023070683395046976,0.9636094802494559,-0.3269230769230769
P3_2025,Passive,US100_BOOK,18,2025.03.06 12:40:11,2025-03-06,2025.03.06 14:00:00,CLOSE,4.8861,0.30599999999998545,0.0626266347393597,0,MIXED,-0.008714089967058207,-0.006511124228401227,0.060825272800264556,-0.07692307692307693
P3_2025,Pressure,US30_BOOK,9,2025.03.06 15:00:00,2025-03-06,2025.03.06 17:39:20,EXTERNAL_CLOSE,4.8983,-2.463999999999942,-0.5030316640466982,1,MIXED,-0.008714089967058207,-0.006511124228401227,-0.4871466289098533,0.65625
P3_2025,Cross,US100_BOOK,31,2025.03.06 17:00:00,2025-03-06,2025.03.06 21:00:00,CLOSE,4.8983,-1.6220000000000072,-0.3311352918359446,0,MIXED,-0.008714089967058207,-0.006511124228401227,-0.36105092717348497,-0.03626943005181347
P3_2025,RC16,US30_BOOK,23,2025.03.07 13:30:00,2025-03-07,2025.03.07 16:09:14,EXTERNAL_CLOSE,4.7349,-2.3840000000000146,-0.5034953219709001,1,RISK_OFF,0.0033393706119254607,-0.0034396404688936716,-0.5618567409583288,0.9113924050632911
P3_2025,Return,US30_BOOK,12,2025.03.07 16:00:00,2025-03-07,2025.03.07 18:41:11,EXTERNAL_CLOSE,4.7349,-2.4240000000000146,-0.5119432300576601,1,RISK_OFF,0.0033393706119254607,-0.0034396404688936716,-0.6385207854218315,0.6730769230769231
P3_2025,RC4,US30_BOOK,17,2025.03.07 13:00:00,2025-03-07,2025.03.07 19:00:00,CLOSE,4.7349,3.8359999999999856,0.8101543855202825,0,RISK_OFF,0.0033393706119254607,-0.0034396404688936716,0.7482709839215758,-0.29411764705882354
P3_2025,Passive,US100_BOOK,19,2025.03.10 14:49:17,2025-03-10,2025.03.10 15:30:00,CLOSE,4.696,0.6059999999999854,0.12904599659284188,0,MIXED,-0.0012988130401422897,-0.0022338360854113433,0.12724463465374675,-0.07692307692307693
P3_2025,Cross,US100_BOOK,32,2025.03.10 17:00:00,2025-03-10,2025.03.10 21:00:00,CLOSE,4.7202,3.6759999999999855,0.7787805601457535,0,MIXED,-0.0012988130401422897,-0.0022338360854113433,0.7488649248082131,-0.03626943005181347
P3_2025,Return,US30_BOOK,13,2025.03.10 16:00:00,2025-03-10,2025.03.10 21:29:35,EXTERNAL_CLOSE,4.7202,-2.3740000000000143,-0.5029447904749829,1,MIXED,-0.0012988130401422897,-0.0022338360854113433,-0.6295223458391543,0.6730769230769231
P3_2025,RC4,US30_BOOK,18,2025.03.11 13:00:00,2025-03-11,2025.03.11 17:29:01,EXTERNAL_CLOSE,4.7723,-2.4039999999999417,-0.5037403348490124,1,RISK_OFF,0.005371153917344818,-0.002413103979348078,-0.565623736447719,0.7058823529411764
P3_2025,Pressure,US30_BOOK,10,2025.03.11 15:00:00,2025-03-11,2025.03.11 17:29:51,EXTERNAL_CLOSE,4.7723,-2.4039999999999417,-0.5037403348490124,1,RISK_OFF,0.005371153917344818,-0.002413103979348078,-0.48785529971216746,0.65625
P3_2025,RC16,US30_BOOK,24,2025.03.12 13:30:00,2025-03-12,2025.03.12 17:30:00,CLOSE,4.58,0.20600000000005822,0.04497816593887734,0,RISK_ON,-0.0012995275183898588,0.005628722620344713,-0.013383253048551362,-0.08860759493670886
P3_2025,Cross,US100_BOOK,33,2025.03.12 17:00:00,2025-03-12,2025.03.12 18:58:24,EXTERNAL_CLOSE,4.58,-2.3340000000000143,-0.5096069868995664,1,RISK_ON,-0.0012995275183898588,0.005628722620344713,-0.5395226222371068,0.9637305699481865
P3_2025,Passive,US100_BOOK,20,2025.03.13 13:47:59,2025-03-13,2025.03.13 16:15:00,CLOSE,4.4949,1.0860000000000218,0.24160715477541697,0,RISK_OFF,0.0013022610725776675,-0.003822701750259165,0.23980579283632183,-0.07692307692307693
P3_2025,RC16,US30_BOOK,25,2025.03.14 13:30:00,2025-03-14,2025.03.14 17:30:00,CLOSE,4.5383,-0.36400000000001453,-0.08020624462904932,0,MIXED,0.0013534975230860247,0.007084093854608529,-0.13856766361647802,-0.08860759493670886
P3_2025,RC16,US30_BOOK,26,2025.03.17 13:30:00,2025-03-17,2025.03.17 17:30:00,CLOSE,4.5238,3.3159999999999856,0.7330120694990906,0,MIXED,0.001198695641391328,0.001337199539390049,0.6746506505116618,-0.08860759493670886
P3_2025,Passive,US100_BOOK,21,2025.03.17 13:46:06,2025-03-17,2025.03.17 17:30:00,CLOSE,4.5238,-0.5639999999999782,-0.12467394668198821,0,MIXED,0.001198695641391328,0.001337199539390049,-0.12647530862108336,-0.07692307692307693
P3_2025,Cross,US100_BOOK,34,2025.03.17 17:00:00,2025-03-17,2025.03.17 21:00:00,CLOSE,4.5238,-0.2720000000000073,-0.06012644237145924,0,MIXED,0.001198695641391328,0.001337199539390049,-0.0900420777089996,-0.03626943005181347
P3_2025,Return,US30_BOOK,14,2025.03.18 16:00:00,2025-03-18,2025.03.18 18:22:55,EXTERNAL_CLOSE,4.623,-2.3340000000000143,-0.5048669695003275,1,MIXED,0.008234649781329189,0.0038138361183477063,-0.631444524864499,0.6730769230769231
P3_2025,Cross,US100_BOOK,35,2025.03.18 17:00:00,2025-03-18,2025.03.18 21:00:00,CLOSE,4.623,-0.4120000000000073,-0.08911961929483177,0,MIXED,0.008234649781329189,0.0038138361183477063,-0.11903525463237212,-0.03626943005181347
P3_2025,RC16,US30_BOOK,27,2025.03.19 13:30:00,2025-03-19,2025.03.19 17:30:00,CLOSE,4.5131,1.866000000000058,0.4134630298464599,0,RISK_ON,-0.0028750211663975027,0.002496094876077718,0.3551016108590312,-0.08860759493670886
P3_2025,Cross,US100_BOOK,36,2025.03.19 17:00:00,2025-03-19,2025.03.19 21:00:00,CLOSE,4.5131,-0.037500000000000006,-0.00830914449048326,0,RISK_ON,-0.0028750211663975027,0.002496094876077718,-0.038224779828023615,-0.03626943005181347
P3_2025,Passive,US100_BOOK,22,2025.03.20 13:15:04,2025-03-20,2025.03.20 16:30:00,CLOSE,4.5863,-0.7540000000000145,-0.16440267753963209,0,MIXED,-0.002436254759236596,-0.0008075424903347738,-0.16620403947872722,-0.07692307692307693
P3_2025,Cross,US100_BOOK,37,2025.03.20 17:00:00,2025-03-20,2025.03.20 21:00:00,CLOSE,4.5561,-0.8720000000000072,-0.1913917604969178,0,MIXED,-0.002436254759236596,-0.0008075424903347738,-0.22130739583445816,-0.03626943005181347
P3_2025,Return,US30_BOOK,15,2025.03.20 16:00:00,2025-03-20,2025.03.20 22:00:00,CLOSE,4.5863,0.9259999999999854,0.2019056755990636,0,MIXED,-0.002436254759236596,-0.0008075424903347738,0.0753281202348921,-0.3269230769230769
P3_2025,Passive,US100_BOOK,23,2025.03.21 15:54:27,2025-03-21,2025.03.21 18:00:00,CLOSE,4.5583,1.0560000000000218,0.2316653138231406,0,RISK_ON,-0.004014629152704937,0.004902545926092123,0.22986395188404546,-0.07692307692307693
P3_2025,Cross,US100_BOOK,38,2025.03.21 17:00:00,2025-03-21,2025.03.21 21:00:00,CLOSE,4.5583,1.3579999999999928,0.2979180834960386,0,RISK_ON,-0.004014629152704937,0.004902545926092123,0.2680024481584982,-0.03626943005181347
P3_2025,Return,US30_BOOK,16,2025.03.21 16:00:00,2025-03-21,2025.03.21 22:00:00,CLOSE,4.5583,2.3659999999999854,0.5190531557817576,0,RISK_ON,-0.004014629152704937,0.004902545926092123,0.3924756004175861,-0.3269230769230769
P3_2025,RC16,US30_BOOK,28,2025.03.24 13:30:00,2025-03-24,2025.03.24 17:30:00,CLOSE,4.7495,1.7659999999999856,0.37182861353826413,0,MIXED,0.0017612590447303358,0.002442526584806606,0.31346719455083544,-0.08860759493670886
P3_2025,RC16,US30_BOOK,29,2025.03.25 13:30:00,2025-03-25,2025.03.25 17:30:00,CLOSE,4.8201,0.41599999999998544,0.08630526337627548,0,MIXED,0.0032025276263275924,0.0005379218416396696,0.027943844388846777,-0.08860759493670886
P3_2025,Passive,US100_BOOK,24,2025.03.25 14:17:00,2025-03-25,2025.03.25 18:15:00,CLOSE,4.8201,-1.0440000000000145,-0.21659301674239423,0,MIXED,0.0032025276263275924,0.0005379218416396696,-0.21839437868148937,-0.07692307692307693
P3_2025,RC4,US30_BOOK,19,2025.03.25 13:00:00,2025-03-25,2025.03.25 19:00:00,CLOSE,4.8201,0.10599999999998544,0.021991244994914096,0,MIXED,0.0032025276263275924,0.0005379218416396696,-0.039892156603792604,-0.29411764705882354
P3_2025,Passive,US100_BOOK,25,2025.03.26 16:07:56,2025-03-26,2025.03.26 16:30:00,CLOSE,4.7992,0.42599999999998545,0.08876479413235236,0,MIXED,0.001389886484721029,0.0016801236042584475,0.08696343219325721,-0.07692307692307693
P3_2025,RC16,US30_BOOK,30,2025.03.26 13:30:00,2025-03-26,2025.03.26 17:30:00,CLOSE,4.7992,1.7860000000000582,0.3721453575596054,0,MIXED,0.001389886484721029,0.0016801236042584475,0.31378393857217673,-0.08860759493670886
P3_2025,Cross,US100_BOOK,39,2025.03.26 17:00:00,2025-03-26,2025.03.26 21:00:00,CLOSE,4.8163,2.277999999999993,0.47297718165396524,0,MIXED,0.001389886484721029,0.0016801236042584475,0.44306154631642486,-0.03626943005181347
P3_2025,Cross,US100_BOOK,40,2025.03.27 17:00:00,2025-03-27,2025.03.27 21:00:00,CLOSE,4.9788,-0.6420000000000072,-0.12894673415280936,0,MIXED,0.005111739376993206,0.0005910656288112741,-0.1588623694903497,-0.03626943005181347
P3_2025,Return,US30_BOOK,17,2025.03.28 16:00:00,2025-03-28,2025.03.28 17:12:50,EXTERNAL_CLOSE,4.9531,-2.4940000000000144,-0.5035230461731066,1,RISK_OFF,0.0055050890471752935,-0.003283073249714982,-0.6301006015372781,0.6730769230769231
P3_2025,Cross,US100_BOOK,41,2025.03.28 17:00:00,2025-03-28,2025.03.28 17:33:09,EXTERNAL_CLOSE,4.9531,-2.492000000000007,-0.5031192586461019,1,RISK_OFF,0.0055050890471752935,-0.003283073249714982,-0.5330348939836422,0.9637305699481865
P3_2025,Cross,US100_BOOK,42,2025.03.31 17:00:00,2025-03-31,2025.03.31 21:00:00,CLOSE,4.7537,-1.3620000000000074,-0.2865136630414219,0,RISK_OFF,0.01098820142632568,-0.004424889652482427,-0.3164292983789623,-0.03626943005181347
P3_2025,Passive,US100_BOOK,26,2025.04.01 16:30:15,2025-04-01,2025.04.01 16:45:00,CLOSE,4.6992,0.43599999999998545,0.09278175008511777,0,RISK_OFF,0.0019406028351135083,-0.001695719050557511,0.09098038814602262,-0.07692307692307693
P3_2025,Return,US30_BOOK,18,2025.04.01 16:00:00,2025-04-01,2025.04.01 17:10:40,EXTERNAL_CLOSE,4.6992,-2.3639999999999417,-0.5030643513789457,1,RISK_OFF,0.0019406028351135083,-0.001695719050557511,-0.6296419067431172,0.6730769230769231
P3_2025,Cross,US100_BOOK,43,2025.04.01 17:00:01,2025-04-01,2025.04.01 21:00:00,CLOSE,4.7167,1.0880000000000292,0.23066974791698203,0,RISK_OFF,0.0019406028351135083,-0.001695719050557511,0.20075411257944167,-0.03626943005181347
P3_2025,Passive,US100_BOOK,27,2025.04.02 15:16:55,2025-04-02,2025.04.02 16:45:00,CLOSE,4.6656,1.4259999999999855,0.3056412894375826,0,MIXED,0.0054310889654658415,0.0005480917188208931,0.3038399274984875,-0.07692307692307693
P3_2025,RC4,US30_BOOK,20,2025.04.02 13:00:00,2025-04-02,2025.04.02 17:02:08,EXTERNAL_CLOSE,4.6656,-0.6039999999999418,-0.12945816186555678,1,MIXED,0.0054310889654658415,0.0005480917188208931,-0.19134156346426348,0.7058823529411764
P3_2025,Cross,US100_BOOK,44,2025.04.02 17:00:00,2025-04-02,2025.04.02 21:00:00,CLOSE,4.7227,2.1179999999999928,0.4484722722171624,0,MIXED,0.0054310889654658415,0.0005480917188208931,0.418556636879622,-0.03626943005181347
P3_2025,Return,US30_BOOK,19,2025.04.02 16:00:00,2025-04-02,2025.04.02 22:00:00,CLOSE,4.6656,2.9660000000000584,0.6357167352537847,0,MIXED,0.0054310889654658415,0.0005480917188208931,0.5091391798896132,-0.3269230769230769
P3_2025,Return,US30_BOOK,20,2025.04.03 16:00:00,2025-04-03,2025.04.03 17:09:04,EXTERNAL_CLOSE,4.9019,-2.4940000000000144,-0.5087823089006333,1,MIXED,-0.0015647706333510138,-0.016121535075630168,-0.6353598642648047,0.6730769230769231
P3_2025,Pressure,US30_BOOK,11,2025.04.03 15:00:00,2025-04-03,2025.04.03 19:00:00,CLOSE,4.9019,1.3159999999999856,0.2684673289948766,0,MIXED,-0.0015647706333510138,-0.016121535075630168,0.2843523641317215,-0.34375
P3_2025,Cross,US100_BOOK,45,2025.04.03 17:00:00,2025-04-03,2025.04.03 21:00:00,CLOSE,4.9019,-1.511999999999971,-0.3084518248026216,0,MIXED,-0.0015647706333510138,-0.016121535075630168,-0.338367460140162,-0.03626943005181347
P3_2025,Passive,US100_BOOK,28,2025.04.04 13:15:23,2025-04-04,2025.04.04 13:23:15,EXTERNAL_CLOSE,4.7943,-2.423999999999978,-0.5056004004755602,1,RISK_ON,-0.009657452724367079,0.0025989140231018524,-0.5074017624146554,0.9230769230769231
P3_2025,Passive,US100_BOOK,29,2025.04.04 13:51:40,2025-04-04,2025.04.04 14:30:26,EXTERNAL_CLOSE,4.6973,-2.2740000000000142,-0.4841078917676142,1,RISK_ON,-0.009657452724367079,0.0025989140231018524,-0.48590925370670934,0.9230769230769231
P3_2025,Pressure,US30_BOOK,12,2025.04.04 15:00:00,2025-04-04,2025.04.04 16:04:25,EXTERNAL_CLOSE,4.6063,-2.3140000000000143,-0.5023554696828287,1,RISK_ON,-0.009657452724367079,0.0025989140231018524,-0.4864704345459838,0.65625
P3_2025,Passive,US100_BOOK,30,2025.04.04 16:13:21,2025-04-04,2025.04.04 16:30:00,CLOSE,4.6063,-0.4439999999999782,-0.09638972711286242,0,RISK_ON,-0.009657452724367079,0.0025989140231018524,-0.09819108905195757,-0.07692307692307693
P3_2025,Return,US30_BOOK,21,2025.04.04 16:00:00,2025-04-04,2025.04.04 16:42:31,EXTERNAL_CLOSE,4.6063,-2.3140000000000143,-0.5023554696828287,1,RISK_ON,-0.009657452724367079,0.0025989140231018524,-0.6289330250470002,0.6730769230769231
P3_2025,Pressure,US30_BOOK,13,2025.04.07 15:00:00,2025-04-07,2025.04.07 15:47:34,EXTERNAL_CLOSE,4.4035,-2.2240000000000144,-0.5050527989099612,1,MIXED,0.0005147954296897856,0.004661661546351898,-0.4891677637731163,0.65625
P3_2025,Passive,US100_BOOK,31,2025.04.07 13:18:18,2025-04-07,2025.04.07 16:15:00,CLOSE,4.4035,0.14600000000002183,0.03315544453276299,0,MIXED,0.0005147954296897856,0.004661661546351898,0.03135408259366785,-0.07692307692307693
P3_2025,Cross,US100_BOOK,46,2025.04.07 17:00:00,2025-04-07,2025.04.07 21:00:00,CLOSE,4.3203,5.047999999999992,1.1684373770340006,0,MIXED,0.0005147954296897856,0.004661661546351898,1.1385217416964604,-0.03626943005181347
P3_2025,RC4,US30_BOOK,21,2025.04.08 13:00:00,2025-04-08,2025.04.08 14:34:18,EXTERNAL_CLOSE,4.5223,-2.2740000000000142,-0.5028414744709582,1,RISK_OFF,0.008227091479058684,-0.0023578205158760503,-0.5647248760696648,0.7058823529411764
P3_2025,RC16,US30_BOOK,31,2025.04.08 13:30:00,2025-04-08,2025.04.08 17:30:00,CLOSE,4.5223,7.145999999999986,1.580169382836164,0,RISK_OFF,0.008227091479058684,-0.0023578205158760503,1.5218079638487354,-0.08860759493670886
P3_2025,Pressure,US30_BOOK,14,2025.04.08 15:00:00,2025-04-08,2025.04.08 18:08:30,EXTERNAL_CLOSE,4.4313,-2.2440000000000144,-0.5063976711123179,1,RISK_OFF,0.008227091479058684,-0.0023578205158760503,-0.490512635975473,0.65625
P3_2025,Pressure,US30_BOOK,15,2025.04.09 15:00:00,2025-04-09,2025.04.09 15:55:07,EXTERNAL_CLOSE,4.6274,-2.3340000000000143,-0.5043869127371773,1,RISK_OFF,0.01974375854076772,-0.006407947446598344,-0.48850187760033237,0.65625
P3_2025,Passive,US100_BOOK,32,2025.04.09 14:45:08,2025-04-09,2025.04.09 16:15:00,CLOSE,4.6274,3.2159999999999855,0.6949907075247408,0,RISK_OFF,0.01974375854076772,-0.006407947446598344,0.6931893455856456,-0.07692307692307693
P3_2025,Return,US30_BOOK,22,2025.04.09 16:00:00,2025-04-09,2025.04.09 22:00:00,CLOSE,4.534,27.627999999999954,6.093515659461834,0,RISK_OFF,0.01974375854076772,-0.006407947446598344,5.966938104097662,-0.3269230769230769
P3_2025,RC4,US30_BOOK,22,2025.04.10 13:00:00,2025-04-10,2025.04.10 16:41:53,EXTERNAL_CLOSE,5.7678,-2.9540000000000144,-0.5121536807795024,1,RISK_OFF,0.007882941909423128,-0.009733545764344669,-0.574037082378209,0.7058823529411764
P3_2025,Pressure,US30_BOOK,16,2025.04.10 15:00:00,2025-04-10,2025.04.10 19:00:00,CLOSE,5.7678,10.965999999999985,1.9012448420541601,0,RISK_OFF,0.007882941909423128,-0.009733545764344669,1.917129877191005,-0.34375
P3_2025,Cross,US100_BOOK,47,2025.04.11 17:00:05,2025-04-11,2025.04.11 21:00:00,CLOSE,6.0883,3.007999999999993,0.49406238194569796,0,RISK_OFF,0.011870810082162812,-0.013869983273249885,0.4641467466081576,-0.03626943005181347
P3_2025,RC4,US30_BOOK,23,2025.04.14 13:00:00,2025-04-14,2025.04.14 19:00:00,CLOSE,6.2086,2.6059999999999857,0.4197403601456022,0,RISK_OFF,0.0022709796064822956,-0.006688148455253495,0.3578569585468955,-0.29411764705882354
P3_2025,Cross,US100_BOOK,48,2025.04.14 17:00:00,2025-04-14,2025.04.14 21:00:00,CLOSE,6.2086,1.0479999999999927,0.16879811873852282,0,RISK_OFF,0.0022709796064822956,-0.006688148455253495,0.13888248340098247,-0.03626943005181347
P3_2025,RC16,US30_BOOK,32,2025.04.15 13:30:00,2025-04-15,2025.04.15 17:30:00,CLOSE,6.3547,-0.21400000000001457,-0.03367586196044102,0,RISK_OFF,0.004969494487854401,-0.0003008581476538951,-0.09203728094786973,-0.08860759493670886
P3_2025,RC4,US30_BOOK,24,2025.04.15 13:00:00,2025-04-15,2025.04.15 19:00:00,CLOSE,6.3547,-1.0740000000000145,-0.16900876516594243,0,RISK_OFF,0.004969494487854401,-0.0003008581476538951,-0.23089216676464913,-0.29411764705882354
P3_2025,Passive,US100_BOOK,33,2025.04.16 12:16:12,2025-04-16,2025.04.16 14:45:00,CLOSE,6.3032,0.12599999999998546,0.019989846427209267,0,RISK_OFF,0.023330791870811864,-0.003541709740575166,0.01818848448811412,-0.07692307692307693
P3_2025,Pressure,US30_BOOK,17,2025.04.17 15:00:00,2025-04-17,2025.04.17 19:00:00,CLOSE,6.3083,-0.7240000000000145,-0.11476943074996664,0,RISK_ON,-0.005821948120098285,0.006356147256181429,-0.09888439561312173,-0.34375
P3_2025,Cross,US100_BOOK,49,2025.04.17 17:00:00,2025-04-17,2025.04.17 21:00:00,CLOSE,6.3083,0.11799999999999272,0.018705514956484745,0,RISK_ON,-0.005821948120098285,0.006356147256181429,-0.011210120381055611,-0.03626943005181347
P3_2025,Return,US30_BOOK,23,2025.04.17 16:00:00,2025-04-17,2025.04.17 22:00:00,CLOSE,6.3083,0.9059999999999855,0.14362030975064366,0,RISK_ON,-0.005821948120098285,0.006356147256181429,0.017042754386472153,-0.3269230769230769
P3_2025,RC4,US30_BOOK,25,2025.04.21 13:00:00,2025-04-21,2025.04.21 19:00:00,CLOSE,6.3203,7.575999999999985,1.198677277977309,0,RISK_OFF,0.018026329819121133,-0.01053695348726775,1.1367938763786023,-0.29411764705882354
P3_2025,RC4,US30_BOOK,26,2025.04.22 13:00:00,2025-04-22,2025.04.22 17:07:04,EXTERNAL_CLOSE,6.6233,-3.3239999999999417,-0.5018646294143314,1,RISK_OFF,0.005934649109912069,-0.0018273806355806335,-0.563748031013038,0.7058823529411764
P3_2025,Cross,US100_BOOK,50,2025.04.22 17:00:00,2025-04-22,2025.04.22 21:00:00,CLOSE,6.6233,-0.3220000000000073,-0.04861624869778015,0,RISK_OFF,0.005934649109912069,-0.0018273806355806335,-0.0785318840353205,-0.03626943005181347
P3_2025,RC16,US30_BOOK,33,2025.04.23 13:30:00,2025-04-23,2025.04.23 17:30:00,CLOSE,6.4775,3.8859999999999855,0.5999228097259722,0,RISK_ON,-0.0001294480847254735,0.002083547444621452,0.5415613907385435,-0.08860759493670886
P3_2025,Cross,US100_BOOK,51,2025.04.23 17:00:00,2025-04-23,2025.04.23 21:00:00,CLOSE,6.4775,1.0975,0.16943265148591277,0,RISK_ON,-0.0001294480847254735,0.002083547444621452,0.13951701614837242,-0.03626943005181347
P3_2025,Passive,US100_BOOK,34,2025.04.24 15:17:05,2025-04-24,2025.04.24 17:32:13,EXTERNAL_CLOSE,6.6768,-3.3440000000000145,-0.5008387251377927,1,RISK_OFF,0.013544429487889269,-0.005593285876678025,-0.5026400870768879,0.9230769230769231
P3_2025,Cross,US100_BOOK,52,2025.04.24 17:00:00,2025-04-24,2025.04.24 21:00:00,CLOSE,6.6768,2.107999999999993,0.31572010543973056,0,RISK_OFF,0.013544429487889269,-0.005593285876678025,0.2858044701021902,-0.03626943005181347
P3_2025,Passive,US100_BOOK,35,2025.04.25 13:47:45,2025-04-25,2025.04.25 16:30:00,CLOSE,6.6274,0.5759999999999854,0.08691191115671085,0,RISK_ON,-0.01524490743891665,0.005839442860879854,0.0851105492176157,-0.07692307692307693
P3_2025,RC4,US30_BOOK,27,2025.04.25 13:00:00,2025-04-25,2025.04.25 19:00:00,CLOSE,6.6274,1.6659999999999857,0.25138063192201854,0,RISK_ON,-0.01524490743891665,0.005839442860879854,0.18949723032331184,-0.29411764705882354
P3_2025,Cross,US100_BOOK,53,2025.04.25 17:00:00,2025-04-25,2025.04.25 21:00:00,CLOSE,6.6504,1.6579999999999926,0.24930831228196687,0,RISK_ON,-0.01524490743891665,0.005839442860879854,0.21939267694442652,-0.03626943005181347
P3_2025,Return,US30_BOOK,24,2025.04.25 16:00:00,2025-04-25,2025.04.25 22:00:00,CLOSE,6.6274,1.3059999999999856,0.1970606874490729,0,RISK_ON,-0.01524490743891665,0.005839442860879854,0.0704831320849014,-0.3269230769230769
P3_2025,RC16,US30_BOOK,34,2025.04.28 13:30:00,2025-04-28,2025.04.28 17:30:00,CLOSE,6.8356,2.265999999999986,0.33149979518988615,0,RISK_ON,-0.014477293575035586,0.0002577921164724984,0.27313837620245746,-0.08860759493670886
P3_2025,Cross,US100_BOOK,54,2025.04.28 17:00:00,2025-04-28,2025.04.28 21:00:00,CLOSE,6.8356,0.9279999999999927,0.13575984551465747,0,RISK_ON,-0.014477293575035586,0.0002577921164724984,0.10584421017711712,-0.03626943005181347
P3_2025,Passive,US100_BOOK,36,2025.04.29 16:00:05,2025-04-29,2025.04.29 17:00:00,CLOSE,6.9634,0.41250000000000003,0.05923830312778241,0,RISK_ON,-0.010142214922896723,0.004498591235659221,0.057436941188687266,-0.07692307692307693
P3_2025,RC16,US30_BOOK,35,2025.04.29 13:30:00,2025-04-29,2025.04.29 17:30:00,CLOSE,6.9634,-1.8740000000000143,-0.2691214062096123,0,RISK_ON,-0.010142214922896723,0.004498591235659221,-0.32748282519704097,-0.08860759493670886
P3_2025,RC4,US30_BOOK,28,2025.04.30 13:00:00,2025-04-30,2025.04.30 15:43:00,EXTERNAL_CLOSE,6.9049,-3.4740000000000144,-0.5031209720633195,1,RISK_ON,-0.00967769036636913,0.0046292482299906765,-0.5650043736620263,0.7058823529411764
P3_2025,Return,US30_BOOK,25,2025.04.30 16:00:00,2025-04-30,2025.04.30 16:43:02,EXTERNAL_CLOSE,6.7659,-3.3940000000000143,-0.5016331899673383,1,RISK_ON,-0.00967769036636913,0.0046292482299906765,-0.6282107453315098,0.6730769230769231
P3_2025,Passive,US100_BOOK,37,2025.04.30 15:30:13,2025-04-30,2025.04.30 18:30:00,CLOSE,6.9049,-0.16400000000001455,-0.023751249112950883,0,RISK_ON,-0.00967769036636913,0.0046292482299906765,-0.02555261105204603,-0.07692307692307693
P3_2025,Cross,US100_BOOK,55,2025.04.30 17:00:00,2025-04-30,2025.04.30 21:00:00,CLOSE,6.6302,3.5379999999999927,0.533618895357605,0,RISK_ON,-0.00967769036636913,0.0046292482299906765,0.5037032600200646,-0.03626943005181347
P3_2025,Cross,US100_BOOK,56,2025.05.01 17:00:00,2025-05-01,2025.05.01 21:00:00,CLOSE,6.7651,-1.1120000000000074,-0.1643730321798654,0,RISK_ON,-0.016329070810524714,0.008670544358735162,-0.19428866751740576,-0.03626943005181347
P3_2025,Passive,US100_BOOK,38,2025.05.02 15:46:17,2025-05-02,2025.05.02 19:45:00,CLOSE,6.7207,-2.143999999999978,-0.3190143883821593,0,RISK_OFF,0.005311778697708039,-0.004120534746189737,-0.3208157503212544,-0.07692307692307693
P3_2025,Cross,US100_BOOK,57,2025.05.02 17:00:00,2025-05-02,2025.05.02 21:00:00,CLOSE,6.7207,1.4779999999999927,0.2199175681104636,0,RISK_OFF,0.005311778697708039,-0.004120534746189737,0.19000193277292324,-0.03626943005181347
P3_2025,Cross,US100_BOOK,58,2025.05.05 17:00:00,2025-05-05,2025.05.05 21:00:00,CLOSE,6.694,0.735,0.10979982073498655,0,RISK_OFF,0.012510106580805702,-0.004211961807385676,0.0798841853974462,-0.03626943005181347
P3_2025,Passive,US100_BOOK,39,2025.05.06 12:16:22,2025-05-06,2025.05.06 14:00:00,CLOSE,6.7234,0.5159999999999855,0.07674688401701305,0,RISK_OFF,0.01217881463214122,-0.003710113606377279,0.0749455220779179,-0.07692307692307693
P3_2025,Cross,US100_BOOK,59,2025.05.06 17:00:00,2025-05-06,2025.05.06 21:00:00,CLOSE,6.7441,-0.9220000000000073,-0.1367120890852756,0,RISK_OFF,0.01217881463214122,-0.003710113606377279,-0.16662772442281595,-0.03626943005181347
P3_2025,RC16,US30_BOOK,36,2025.05.07 13:30:00,2025-05-07,2025.05.07 17:30:00,CLOSE,6.7072,-0.1539999999999418,-0.0229604007633501,0,RISK_ON,-0.012719117998344714,0.006805414564400222,-0.0813218197507788,-0.08860759493670886
P3_2025,RC4,US30_BOOK,29,2025.05.07 13:00:00,2025-05-07,2025.05.07 19:00:00,CLOSE,6.7072,-0.5539999999999419,-0.08259780534350278,0,RISK_ON,-0.012719117998344714,0.006805414564400222,-0.14448120694220948,-0.29411764705882354
P3_2025,Cross,US100_BOOK,60,2025.05.07 17:00:00,2025-05-07,2025.05.07 21:00:00,CLOSE,6.7072,1.1275,0.16810293416030533,0,RISK_ON,-0.012719117998344714,0.006805414564400222,0.13818729882276498,-0.03626943005181347
P3_2025,RC16,US30_BOOK,37,2025.05.08 13:30:00,2025-05-08,2025.05.08 17:30:00,CLOSE,6.724,-1.4439999999999418,-0.21475312314097883,0,RISK_ON,-0.008320334289070901,0.0070549718798474555,-0.2731145421284075,-0.08860759493670886
P3_2025,Cross,US100_BOOK,61,2025.05.08 17:00:00,2025-05-08,2025.05.08 21:00:00,CLOSE,6.724,-1.6320000000000074,-0.24271267102915042,0,RISK_ON,-0.008320334289070901,0.0070549718798474555,-0.2726283063666908,-0.03626943005181347
P3_2025,RC16,US30_BOOK,38,2025.05.09 13:30:00,2025-05-09,2025.05.09 17:30:00,CLOSE,6.6009,-1.103999999999942,-0.16724992046538228,0,RISK_OFF,0.006063181544680488,-0.00476206101067691,-0.22561133945281098,-0.08860759493670886
P3_2025,RC4,US30_BOOK,30,2025.05.09 13:00:00,2025-05-09,2025.05.09 19:00:00,CLOSE,6.6009,-0.3239999999999418,-0.049084215788747255,0,RISK_OFF,0.006063181544680488,-0.00476206101067691,-0.11096761738745395,-0.29411764705882354
P3_2025,Cross,US100_BOOK,62,2025.05.09 17:00:00,2025-05-09,2025.05.09 21:00:00,CLOSE,6.6009,-1.0020000000000073,-0.15179748216152453,0,RISK_OFF,0.006063181544680488,-0.00476206101067691,-0.18171311749906488,-0.03626943005181347
P3_2025,Passive,US100_BOOK,40,2025.05.12 12:17:24,2025-05-12,2025.05.12 13:15:00,CLOSE,6.5037,-0.06400000000001456,-0.009840552301000132,0,RISK_ON,-0.01732797877352425,0.010525660961123819,-0.011641914240095277,-0.07692307692307693
P3_2025,Pressure,US30_BOOK,18,2025.05.12 15:00:00,2025-05-12,2025.05.12 19:00:00,CLOSE,6.5012,-1.2539999999999418,-0.19288746692917336,0,RISK_ON,-0.01732797877352425,0.010525660961123819,-0.17700243179232847,-0.34375
P3_2025,Cross,US100_BOOK,63,2025.05.12 17:00:00,2025-05-12,2025.05.12 21:00:00,CLOSE,6.5012,-1.2420000000000073,-0.1910416538485214,0,RISK_ON,-0.01732797877352425,0.010525660961123819,-0.22095728918606175,-0.03626943005181347
P3_2025,RC16,US30_BOOK,39,2025.05.13 13:30:00,2025-05-13,2025.05.13 17:30:00,CLOSE,6.4013,-0.8140000000000146,-0.1271616702857255,0,RISK_OFF,0.004917585856061455,-0.003576710678277473,-0.1855230892731542,-0.08860759493670886
P3_2025,Passive,US100_BOOK,41,2025.05.13 15:18:49,2025-05-13,2025.05.13 18:26:08,EXTERNAL_CLOSE,6.4013,-3.213999999999978,-0.5020855138799897,1,RISK_OFF,0.004917585856061455,-0.003576710678277473,-0.5038868758190849,0.9230769230769231
P3_2025,RC4,US30_BOOK,31,2025.05.13 13:00:00,2025-05-13,2025.05.13 19:00:00,CLOSE,6.4013,-1.2840000000000145,-0.20058425632293667,0,RISK_OFF,0.004917585856061455,-0.003576710678277473,-0.2624676579216434,-0.29411764705882354
P3_2025,Passive,US100_BOOK,42,2025.05.14 14:30:24,2025-05-14,2025.05.14 17:15:00,CLOSE,6.1888,0.3359999999999854,0.054291623578074176,0,MIXED,-0.006140485149160182,-0.008137960447949089,0.05249026163897903,-0.07692307692307693
P3_2025,Cross,US100_BOOK,64,2025.05.14 17:00:00,2025-05-14,2025.05.14 21:00:00,CLOSE,6.1888,0.31799999999999273,0.05138314374353554,0,MIXED,-0.006140485149160182,-0.008137960447949089,0.02146750840599518,-0.03626943005181347
P3_2025,Passive,US100_BOOK,43,2025.05.15 13:39:06,2025-05-15,2025.05.15 14:15:00,CLOSE,6.215,0.3359999999999854,0.054062751407881804,0,MIXED,-0.005169257806847231,-0.006606191149098699,0.05226138946878666,-0.07692307692307693
P3_2025,Passive,US100_BOOK,44,2025.05.15 16:32:13,2025-05-15,2025.05.15 17:30:00,CLOSE,6.2284,0.3560000000000218,0.05715753644596073,0,MIXED,-0.005169257806847231,-0.006606191149098699,0.055356174506865585,-0.07692307692307693
P3_2025,Passive,US100_BOOK,45,2025.05.19 13:11:19,2025-05-19,2025.05.19 13:45:00,CLOSE,6.2427,0.5759999999999854,0.09226776875390222,0,RISK_OFF,0.010011761853035955,-0.0021580931667049574,0.09046640681480707,-0.07692307692307693
P3_2025,Cross,US100_BOOK,65,2025.05.19 17:00:00,2025-05-19,2025.05.19 21:00:00,CLOSE,6.2657,1.4079999999999926,0.22471551462725517,0,RISK_OFF,0.010011761853035955,-0.0021580931667049574,0.19479987928971482,-0.03626943005181347
P3_2025,RC16,US30_BOOK,40,2025.05.20 13:30:00,2025-05-20,2025.05.20 17:30:00,CLOSE,6.322,-0.9339999999999419,-0.14773805757670702,0,RISK_OFF,0.0020262929960254295,-0.002315992089265379,-0.20609947656413571,-0.08860759493670886
P3_2025,RC4,US30_BOOK,32,2025.05.20 13:00:00,2025-05-20,2025.05.20 19:00:00,CLOSE,6.322,0.20600000000005822,0.03258462511864255,0,RISK_OFF,0.0020262929960254295,-0.002315992089265379,-0.029298776480064147,-0.29411764705882354
P3_2025,Cross,US100_BOOK,66,2025.05.20 17:00:00,2025-05-20,2025.05.20 21:00:00,CLOSE,6.322,-0.3920000000000073,-0.06200569440050732,0,RISK_OFF,0.0020262929960254295,-0.002315992089265379,-0.09192132973804767,-0.03626943005181347
P3_2025,Return,US30_BOOK,26,2025.05.21 16:00:00,2025-05-21,2025.05.21 20:20:59,EXTERNAL_CLOSE,6.2772,-3.1840000000000144,-0.5072325240553136,1,RISK_OFF,0.005100065146127674,-0.002446471684116411,-0.6338100794194851,0.6730769230769231
P3_2025,Cross,US100_BOOK,67,2025.05.21 17:00:00,2025-05-21,2025.05.21 21:00:00,CLOSE,6.2772,-1.0520000000000074,-0.16759064551073846,0,RISK_OFF,0.005100065146127674,-0.002446471684116411,-0.19750628084827881,-0.03626943005181347
P3_2025,RC4,US30_BOOK,33,2025.05.22 13:00:00,2025-05-22,2025.05.22 17:01:12,EXTERNAL_CLOSE,6.1078,-0.7740000000000146,-0.1267232063918292,1,MIXED,-0.00255769271596833,-0.0025374001094294876,-0.1886066079905359,0.7058823529411764
P3_2025,Cross,US100_BOOK,68,2025.05.22 17:00:00,2025-05-22,2025.05.22 21:00:00,CLOSE,6.1078,0.03799999999999273,0.006221552768589791,0,MIXED,-0.00255769271596833,-0.0025374001094294876,-0.023694082568950565,-0.03626943005181347
P3_2025,Return,US30_BOOK,27,2025.05.22 16:00:00,2025-05-22,2025.05.22 22:00:00,CLOSE,6.1078,2.765999999999986,0.4528635515242781,0,MIXED,-0.00255769271596833,-0.0025374001094294876,0.32628599616010656,-0.3269230769230769
P3_2025,Passive,US100_BOOK,46,2025.05.23 14:36:35,2025-05-23,2025.05.23 15:06:08,EXTERNAL_CLOSE,6.189,-3.1440000000000143,-0.5079980610761051,1,RISK_OFF,0.009181247900355922,-0.004643545507820076,-0.5097994230152003,0.9230769230769231
P3_2025,Passive,US100_BOOK,47,2025.05.23 15:20:08,2025-05-23,2025.05.23 17:45:00,CLOSE,6.0632,1.9059999999999855,0.31435545586488745,0,RISK_OFF,0.009181247900355922,-0.004643545507820076,0.3125540939257923,-0.07692307692307693
P3_2025,Pressure,US30_BOOK,19,2025.05.23 15:00:00,2025-05-23,2025.05.23 17:47:22,EXTERNAL_CLOSE,6.189,-3.1139999999999417,-0.5031507513330008,1,RISK_OFF,0.009181247900355922,-0.004643545507820076,-0.4872657161961559,0.65625
P3_2025,RC16,US30_BOOK,41,2025.05.26 13:30:01,2025-05-26,2025.05.26 17:30:00,CLOSE,6.0149,-0.29500000000000004,-0.049044871901444756,0,RISK_ON,-0.0056849684272605484,0.0032735777441986673,-0.10740629088887346,-0.08860759493670886
P3_2025,RC4,US30_BOOK,34,2025.05.26 13:00:00,2025-05-26,2025.05.26 19:00:00,CLOSE,6.0149,0.2759999999999854,0.04588604964338317,0,RISK_ON,-0.0056849684272605484,0.0032735777441986673,-0.01599735195532353,-0.29411764705882354
P3_2025,Pressure,US30_BOOK,20,2025.05.26 15:00:00,2025-05-26,2025.05.26 19:00:00,CLOSE,6.0149,0.07599999999998544,0.012635289032234192,0,RISK_ON,-0.0056849684272605484,0.0032735777441986673,0.028520324169079087,-0.34375
P3_2025,Passive,US100_BOOK,48,2025.05.27 13:30:23,2025-05-27,2025.05.27 13:45:00,CLOSE,6.0172,0.18599999999998545,0.030911387356243013,0,RISK_ON,-0.013529121288816112,0.007213296988358564,0.029110025417147866,-0.07692307692307693
P3_2025,Passive,US100_BOOK,49,2025.05.27 15:17:28,2025-05-27,2025.05.27 17:00:00,CLOSE,6.0246,0.15599999999998546,0.025893835275368562,0,RISK_ON,-0.013529121288816112,0.007213296988358564,0.024092473336273415,-0.07692307692307693
P3_2025,Cross,US100_BOOK,69,2025.05.27 17:00:00,2025-05-27,2025.05.27 21:00:00,CLOSE,6.0309,1.7979999999999927,0.298131290520485,0,RISK_ON,-0.013529121288816112,0.007213296988358564,0.2682156551829446,-0.03626943005181347
P3_2025,Passive,US100_BOOK,50,2025.05.28 14:01:07,2025-05-28,2025.05.28 17:00:00,CLOSE,6.1028,0.5160000000000219,0.08455135347709607,0,RISK_OFF,0.00592432389366592,-0.0018034770366900036,0.08274999153800092,-0.07692307692307693
P3_2025,Cross,US100_BOOK,70,2025.05.28 17:00:00,2025-05-28,2025.05.28 21:00:00,CLOSE,6.1234,-0.052000000000007277,-0.008492014240455837,0,RISK_OFF,0.00592432389366592,-0.0018034770366900036,-0.038407649577996195,-0.03626943005181347
P3_2025,Passive,US100_BOOK,51,2025.05.29 14:01:12,2025-05-29,2025.05.29 17:07:14,EXTERNAL_CLOSE,6.1214,-3.093999999999978,-0.5054399320416862,1,RISK_ON,-0.0015528568067881905,0.0034203627481049154,-0.5072412939807814,0.9230769230769231
P3_2025,Return,US30_BOOK,28,2025.05.29 16:00:00,2025-05-29,2025.05.29 18:58:13,EXTERNAL_CLOSE,6.1214,-3.085999999999985,-0.5041330414611013,1,RISK_ON,-0.0015528568067881905,0.0034203627481049154,-0.6307105968252728,0.6730769230769231
P3_2025,Pressure,US30_BOOK,21,2025.05.29 15:00:00,2025-05-29,2025.05.29 19:00:00,CLOSE,6.1214,3.5440000000000147,0.5789525271996626,0,RISK_ON,-0.0015528568067881905,0.0034203627481049154,0.5948375623365075,-0.34375
P3_2025,RC4,US30_BOOK,35,2025.05.30 13:00:00,2025-05-30,2025.05.30 17:06:07,EXTERNAL_CLOSE,6.0159,-0.775,-0.1288252796755265,1,MIXED,-0.007252882370093758,-0.0007356207304855638,-0.1907086812742332,0.7058823529411764
P3_2025,RC16,US30_BOOK,42,2025.05.30 13:30:00,2025-05-30,2025.05.30 17:30:00,CLOSE,6.0159,0.665,0.11054040126996792,0,MIXED,-0.007252882370093758,-0.0007356207304855638,0.05217898228253922,-0.08860759493670886
P3_2025,Cross,US100_BOOK,71,2025.05.30 17:00:00,2025-05-30,2025.05.30 21:00:00,CLOSE,6.0159,0.8880000000000291,0.14760883658305973,0,MIXED,-0.007252882370093758,-0.0007356207304855638,0.11769320124551938,-0.03626943005181347
P3_2025,RC16,US30_BOOK,43,2025.06.02 13:30:00,2025-06-02,2025.06.02 17:30:00,CLOSE,6.047,0.003999999999941793,0.0006614850338914822,0,RISK_OFF,0.01602882756382944,-0.005644351984810143,-0.057699933953537216,-0.08860759493670886
P3_2025,Cross,US100_BOOK,72,2025.06.02 17:00:00,2025-06-02,2025.06.02 21:00:00,CLOSE,6.047,1.4879999999999927,0.24607243261121098,0,RISK_OFF,0.01602882756382944,-0.005644351984810143,0.21615679727367063,-0.03626943005181347
P3_2025,RC16,US30_BOOK,44,2025.06.03 13:30:01,2025-06-03,2025.06.03 17:30:00,CLOSE,6.1067,1.6450000000000002,0.26937625886321587,0,RISK_ON,-0.00675463871468615,0.0011772374123373362,0.21101483987578717,-0.08860759493670886
P3_2025,Passive,US100_BOOK,52,2025.06.03 14:37:29,2025-06-03,2025.06.03 18:30:00,CLOSE,6.1067,-1.5440000000000145,-0.2528370478327107,0,RISK_ON,-0.00675463871468615,0.0011772374123373362,-0.25463840977180585,-0.07692307692307693
P3_2025,Cross,US100_BOOK,73,2025.06.03 17:00:00,2025-06-03,2025.06.03 21:00:00,CLOSE,6.1067,1.238000000000029,0.2027281510472152,0,RISK_ON,-0.00675463871468615,0.0011772374123373362,0.17281251570967485,-0.03626943005181347
P3_2025,Passive,US100_BOOK,53,2025.06.04 13:08:31,2025-06-04,2025.06.04 14:15:01,CLOSE,6.1603,0.14599999999998545,0.02370014447348107,0,RISK_OFF,0.0021255448383140337,-1.3900182787500423e-05,0.021898782534385923,-0.07692307692307693
P3_2025,RC16,US30_BOOK,45,2025.06.04 13:30:01,2025-06-04,2025.06.04 17:30:00,CLOSE,6.1603,-0.085,-0.013798029316754055,0,RISK_OFF,0.0021255448383140337,-1.3900182787500423e-05,-0.07215944830418275,-0.08860759493670886
P3_2025,RC4,US30_BOOK,36,2025.06.04 13:00:02,2025-06-04,2025.06.04 19:00:00,CLOSE,6.1603,-0.45400000000001456,-0.07369770952713578,0,RISK_OFF,0.0021255448383140337,-1.3900182787500423e-05,-0.13558111112584248,-0.29411764705882354
P3_2025,Passive,US100_BOOK,54,2025.06.05 14:14:40,2025-06-05,2025.06.05 15:15:02,CLOSE,6.1446,0.26599999999998547,0.04329004329004093,0,MIXED,0.0004208118173898857,0.003797194082854502,0.041488681350945786,-0.07692307692307693
P3_2025,Cross,US100_BOOK,74,2025.06.05 17:00:00,2025-06-05,2025.06.05 21:00:00,CLOSE,6.1552,0.03799999999999273,0.0061736417988030815,0,MIXED,0.0004208118173898857,0.003797194082854502,-0.023741993538737273,-0.03626943005181347
P3_2025,RC4,US30_BOOK,37,2025.06.06 13:00:00,2025-06-06,2025.06.06 16:32:53,EXTERNAL_CLOSE,6.1567,-3.1039999999999415,-0.5041661929280201,1,MIXED,0.0031964978867861102,0.00505273024024332,-0.5660495945267268,0.7058823529411764
P3_2025,Passive,US100_BOOK,55,2025.06.06 15:45:00,2025-06-06,2025.06.06 19:30:00,CLOSE,6.1567,-0.13400000000001455,-0.02176490652460158,0,MIXED,0.0031964978867861102,0.00505273024024332,-0.023566268463696728,-0.07692307692307693
P3_2025,Cross,US100_BOOK,75,2025.06.06 17:00:00,2025-06-06,2025.06.06 21:00:00,CLOSE,6.0326,0.15799999999999273,0.02619102874382401,0,MIXED,0.0031964978867861102,0.00505273024024332,-0.0037246065937163453,-0.03626943005181347
P3_2025,RC16,US30_BOOK,46,2025.06.09 13:30:00,2025-06-09,2025.06.09 17:30:00,CLOSE,6.0335,-1.335,-0.22126460595011185,0,RISK_OFF,0.0012810409228349153,-0.004354017725372587,-0.2796260249375406,-0.08860759493670886
P3_2025,RC4,US30_BOOK,38,2025.06.09 13:00:00,2025-06-09,2025.06.09 19:00:00,CLOSE,6.0335,0.5959999999999854,0.09878180160768799,0,RISK_OFF,0.0012810409228349153,-0.004354017725372587,0.036898400008981286,-0.29411764705882354
P3_2025,Cross,US100_BOOK,76,2025.06.09 17:00:00,2025-06-09,2025.06.09 21:00:00,CLOSE,6.0335,0.7479999999999928,0.12397447584320755,0,RISK_OFF,0.0012810409228349153,-0.004354017725372587,0.0940588405056672,-0.03626943005181347
P3_2025,Passive,US100_BOOK,56,2025.06.10 14:00:10,2025-06-10,2025.06.10 16:15:01,CLOSE,6.0339,-0.12400000000001456,-0.020550556025127124,0,MIXED,0.0006730445905721274,0.0008369040573412641,-0.02235191796422227,-0.07692307692307693
P3_2025,RC16,US30_BOOK,47,2025.06.11 13:30:00,2025-06-11,2025.06.11 17:30:00,CLOSE,6.0289,2.1159999999999854,0.3509761316326337,0,MIXED,0.006909894681891101,0.0018008885108146088,0.292614712645205,-0.08860759493670886
P3_2025,Passive,US100_BOOK,57,2025.06.11 15:45:32,2025-06-11,2025.06.11 18:45:00,CLOSE,6.0289,0.5259999999999855,0.08724642969695723,0,MIXED,0.006909894681891101,0.0018008885108146088,0.08544506775786208,-0.07692307692307693
P3_2025,RC4,US30_BOOK,39,2025.06.11 13:00:01,2025-06-11,2025.06.11 19:00:00,CLOSE,6.0289,-2.2640000000000144,-0.37552455671847507,0,MIXED,0.006909894681891101,0.0018008885108146088,-0.43740795831718177,-0.29411764705882354
P3_2025,Pressure,US30_BOOK,22,2025.06.12 15:00:00,2025-06-12,2025.06.12 17:36:53,EXTERNAL_CLOSE,6.044,-3.045999999999985,-0.5039708802117778,1,MIXED,-0.000497375387194032,-0.004634938183823561,-0.4880858450749329,0.65625
P3_2025,Cross,US100_BOOK,77,2025.06.12 17:00:00,2025-06-12,2025.06.12 21:00:00,CLOSE,6.044,0.7679999999999928,0.12706816677696772,0,MIXED,-0.000497375387194032,-0.004634938183823561,0.09715253143942737,-0.03626943005181347
P3_2025,Cross,US100_BOOK,78,2025.06.13 17:00:00,2025-06-13,2025.06.13 21:00:00,CLOSE,5.9529,0.2979999999999927,0.05005963479984423,0,MIXED,0.01111804505071996,0.0022907762794969672,0.020143999462303875,-0.03626943005181347
P3_2025,RC4,US30_BOOK,40,2025.06.16 13:00:00,2025-06-16,2025.06.16 16:56:01,EXTERNAL_CLOSE,5.9648,-3.015,-0.5054653969957081,1,RISK_ON,-0.008586697958756861,0.0022693450501961856,-0.5673487985944148,0.7058823529411764
P3_2025,RC16,US30_BOOK,48,2025.06.16 13:30:01,2025-06-16,2025.06.16 17:30:00,CLOSE,5.9648,3.2059999999999858,0.5374865879828302,0,RISK_ON,-0.008586697958756861,0.0022693450501961856,0.47912516899540153,-0.08860759493670886
P3_2025,Pressure,US30_BOOK,23,2025.06.16 15:00:00,2025-06-16,2025.06.16 19:00:00,CLOSE,5.9648,1.415,0.23722505364806867,0,RISK_ON,-0.008586697958756861,0.0022693450501961856,0.2531100887849136,-0.34375
P3_2025,Passive,US100_BOOK,58,2025.06.17 12:33:21,2025-06-17,2025.06.17 13:15:01,CLOSE,6.0291,0.08599999999998545,0.014264152195184265,0,RISK_ON,-0.0023707761351105835,0.0016853742549234468,0.01246279025608912,-0.07692307692307693
P3_2025,Cross,US100_BOOK,79,2025.06.17 17:00:00,2025-06-17,2025.06.17 21:00:00,CLOSE,6.0325,1.3579999999999928,0.22511396601740452,0,RISK_ON,-0.0023707761351105835,0.0016853742549234468,0.19519833067986417,-0.03626943005181347
P3_2025,Cross,US100_BOOK,80,2025.06.18 17:00:00,2025-06-18,2025.06.18 21:00:00,CLOSE,6.0868,-0.4075,-0.06694815009528816,0,MIXED,-0.0027537047031935685,-0.001358082348576983,-0.09686378543282852,-0.03626943005181347
P3_2025,Passive,US100_BOOK,59,2025.06.20 15:00:19,2025-06-20,2025.06.20 17:45:00,CLOSE,6.0705,0.9159999999999855,0.15089366609010552,0,MIXED,-0.005520461250480475,-0.00047470151454363893,0.14909230415101038,-0.07692307692307693
P3_2025,Passive,US100_BOOK,60,2025.06.23 14:45:42,2025-06-23,2025.06.23 16:00:00,CLOSE,6.1072,0.9459999999999854,0.1548991354466835,0,RISK_ON,-0.009202518931161894,0.006423022540627808,0.15309777350758835,-0.07692307692307693
P3_2025,Cross,US100_BOOK,81,2025.06.23 17:00:00,2025-06-23,2025.06.23 21:00:00,CLOSE,6.145,-1.2720000000000073,-0.20699755899105085,0,RISK_ON,-0.009202518931161894,0.006423022540627808,-0.2369131943285912,-0.03626943005181347
P3_2025,Cross,US100_BOOK,82,2025.06.24 17:00:00,2025-06-24,2025.06.24 21:00:00,CLOSE,6.0941,1.2679999999999927,0.20807010058909317,0,MIXED,-0.01233602663803749,-0.006601726955029965,0.17815446525155282,-0.03626943005181347
P3_2025,Passive,US100_BOOK,61,2025.06.25 14:48:53,2025-06-25,2025.06.25 18:00:00,CLOSE,6.1449,-0.21399999999997818,-0.03482562775634725,0,MIXED,0.0008479010448274485,0.004077870833381247,-0.03662698969544239,-0.07692307692307693
P3_2025,RC4,US30_BOOK,41,2025.06.25 13:00:00,2025-06-25,2025.06.25 19:00:00,CLOSE,6.1449,0.8860000000000582,0.14418460837443378,0,MIXED,0.0008479010448274485,0.004077870833381247,0.08230120677572708,-0.29411764705882354
P3_2025,Cross,US100_BOOK,83,2025.06.25 17:00:00,2025-06-25,2025.06.25 21:00:00,CLOSE,6.1449,-1.1620000000000072,-0.18909990398541998,0,MIXED,0.0008479010448274485,0.004077870833381247,-0.21901553932296033,-0.03626943005181347
P3_2025,Cross,US100_BOOK,84,2025.06.26 17:00:00,2025-06-26,2025.06.26 21:00:00,CLOSE,6.1253,-0.9820000000000072,-0.16031867826882065,0,RISK_OFF,0.003890228773601614,-0.00861337726864773,-0.190234313606361,-0.03626943005181347
P3_2025,Cross,US100_BOOK,85,2025.06.27 17:00:00,2025-06-27,2025.06.27 21:00:00,CLOSE,6.086,0.2779999999999927,0.0456786066381848,0,RISK_ON,-0.011501032789553913,0.0005333278049069648,0.015762971300644444,-0.03626943005181347
P3_2025,Cross,US100_BOOK,86,2025.06.30 17:00:00,2025-06-30,2025.06.30 21:00:00,CLOSE,6.0971,0.027999999999992725,0.004592347181445724,0,RISK_OFF,0.0026180734984911623,-0.0013384237033506794,-0.025323288156094633,-0.03626943005181347
P3_2025,RC16,US30_BOOK,49,2025.07.01 13:30:06,2025-07-01,2025.07.01 17:30:00,CLOSE,6.0982,2.6159999999999854,0.4289790429962916,0,RISK_OFF,0.010923344877337392,-0.006487895453238073,0.3706176240088629,-0.08860759493670886
P3_2025,Cross,US100_BOOK,87,2025.07.01 17:00:00,2025-07-01,2025.07.01 21:00:00,CLOSE,6.0982,0.5579999999999927,0.09150241054737344,0,RISK_OFF,0.010923344877337392,-0.006487895453238073,0.06158677520983309,-0.03626943005181347
P3_2025,Cross,US100_BOOK,88,2025.07.02 17:00:00,2025-07-02,2025.07.02 21:00:00,CLOSE,6.2252,1.1779999999999926,0.18923086808455833,0,RISK_ON,-0.0013280552839987593,0.004078825720448355,0.15931523274701798,-0.03626943005181347
P3_2025,Return,US30_BOOK,29,2025.07.02 16:00:00,2025-07-02,2025.07.02 22:00:00,CLOSE,6.2252,-0.14399999999994179,-0.023131786930531032,0,RISK_ON,-0.0013280552839987593,0.004078825720448355,-0.14970934229470254,-0.3269230769230769
P3_2025,RC4,US30_BOOK,42,2025.07.03 13:00:00,2025-07-03,2025.07.03 19:00:00,CLOSE,6.2665,3.3560000000000585,0.5355461581425132,0,RISK_ON,-0.000863717373907744,0.0020525815801518735,0.47366275654380646,-0.29411764705882354
P3_2025,Passive,US100_BOOK,62,2025.07.04 12:17:06,2025-07-04,2025.07.04 15:00:00,CLOSE,6.4008,-0.03400000000001455,-0.005311836020499712,0,RISK_OFF,0.004939214640461789,-0.003803363988447911,-0.007113197959594857,-0.07692307692307693
P3_2025,Passive,US100_BOOK,63,2025.07.07 14:49:30,2025-07-07,2025.07.07 16:00:00,CLOSE,6.3994,0.26600000000002183,0.04156639684970807,0,RISK_ON,-0.008174657890167903,0.00666224982541625,0.03976503491061293,-0.07692307692307693
P3_2025,Cross,US100_BOOK,89,2025.07.08 17:00:00,2025-07-08,2025.07.08 21:00:00,CLOSE,6.4101,-0.5220000000000072,-0.08143398698928367,0,RISK_ON,-0.004745554891340918,0.0012937099445248005,-0.11134962232682402,-0.03626943005181347
P3_2025,Passive,US100_BOOK,64,2025.07.09 12:16:46,2025-07-09,2025.07.09 15:30:00,CLOSE,6.3892,-0.31400000000001455,-0.049145432918051485,0,RISK_ON,-0.00549480288305575,0.0010573601773702565,-0.05094679485714663,-0.07692307692307693
P3_2025,Cross,US100_BOOK,90,2025.07.09 17:00:00,2025-07-09,2025.07.09 21:00:00,CLOSE,6.3766,-1.061999999999971,-0.16654643540444297,0,RISK_ON,-0.00549480288305575,0.0010573601773702565,-0.19646207074198332,-0.03626943005181347
P3_2025,RC16,US30_BOOK,50,2025.07.10 13:30:00,2025-07-10,2025.07.10 17:30:00,CLOSE,6.3341,1.8759999999999857,0.29617467359214183,0,MIXED,0.00434450147354876,0.00030753354920824515,0.23781325460471314,-0.08860759493670886
P3_2025,Cross,US100_BOOK,91,2025.07.10 17:00:00,2025-07-10,2025.07.10 21:00:00,CLOSE,6.3341,-0.7820000000000072,-0.12345873920525524,0,MIXED,0.00434450147354876,0.00030753354920824515,-0.1533743745427956,-0.03626943005181347
P3_2025,Passive,US100_BOOK,65,2025.07.11 12:30:07,2025-07-11,2025.07.11 14:15:00,CLOSE,6.3779,0.10600000000002183,0.016619890559592,0,MIXED,0.0023639927323325623,0.005143293352333534,0.014818528620496855,-0.07692307692307693
P3_2025,Cross,US100_BOOK,92,2025.07.11 17:00:00,2025-07-11,2025.07.11 21:00:00,CLOSE,6.3821,0.3079999999999927,0.04825997712351619,0,MIXED,0.0023639927323325623,0.005143293352333534,0.018344341785975837,-0.03626943005181347
P3_2025,RC16,US30_BOOK,51,2025.07.14 13:30:02,2025-07-14,2025.07.14 17:30:00,CLOSE,6.3945,0.7959999999999855,0.1244819766987232,0,MIXED,0.0005943695548703926,0.0013382017790521431,0.06612055771129449,-0.08860759493670886
P3_2025,Cross,US100_BOOK,93,2025.07.14 17:00:00,2025-07-14,2025.07.14 21:00:00,CLOSE,6.3945,-1.3520000000000074,-0.21143169911642934,0,MIXED,0.0005943695548703926,0.0013382017790521431,-0.2413473344539697,-0.03626943005181347
P3_2025,Passive,US100_BOOK,66,2025.07.16 15:45:15,2025-07-16,2025.07.16 16:45:00,CLOSE,6.3722,0.5660000000000218,0.08882332632372207,0,MIXED,0.005352435619668713,6.047350758275463e-05,0.08702196438462692,-0.07692307692307693
P3_2025,Cross,US100_BOOK,94,2025.07.16 17:00:00,2025-07-16,2025.07.16 21:00:00,CLOSE,6.3949,-0.6320000000000072,-0.09882875416347515,0,MIXED,0.005352435619668713,6.047350758275463e-05,-0.12874438950101552,-0.03626943005181347
P3_2025,Cross,US100_BOOK,95,2025.07.17 17:00:00,2025-07-17,2025.07.17 21:00:00,CLOSE,6.3696,-1.2720000000000073,-0.19969856819894613,0,RISK_ON,-0.006348581218007134,0.005392158349114303,-0.22961420353648648,-0.03626943005181347
P3_2025,RC4,US30_BOOK,43,2025.07.18 13:00:03,2025-07-18,2025.07.18 19:00:00,CLOSE,6.3187,2.2559999999999856,0.35703546615601084,0,MIXED,0.002296871523709142,0.0007338659239937515,0.29515206455730414,-0.29411764705882354
P3_2025,Cross,US100_BOOK,96,2025.07.18 17:00:00,2025-07-18,2025.07.18 21:00:00,CLOSE,6.3187,-0.5920000000000072,-0.0936901577856216,0,MIXED,0.002296871523709142,0.0007338659239937515,-0.12360579312316196,-0.03626943005181347
P3_2025,Passive,US100_BOOK,67,2025.07.21 16:01:10,2025-07-21,2025.07.21 16:45:00,CLOSE,6.3853,1.0260000000000218,0.1606815654706939,0,MIXED,0.005066318106248996,0.00033815771998125084,0.15888020353159876,-0.07692307692307693
P3_2025,RC4,US30_BOOK,44,2025.07.21 13:00:00,2025-07-21,2025.07.21 17:03:17,EXTERNAL_CLOSE,6.3853,-0.8139999999999419,-0.1274803063285894,1,MIXED,0.005066318106248996,0.00033815771998125084,-0.1893637079272961,0.7058823529411764
P3_2025,Cross,US100_BOOK,97,2025.07.21 17:00:00,2025-07-21,2025.07.21 21:00:04,CLOSE,6.4263,0.3079999999999927,0.047928045687252806,0,MIXED,0.005066318106248996,0.00033815771998125084,0.01801241034971245,-0.03626943005181347
P3_2025,Return,US30_BOOK,30,2025.07.21 16:00:00,2025-07-21,2025.07.21 22:00:00,CLOSE,6.3853,0.7460000000000582,0.11683084584906867,0,MIXED,0.005066318106248996,0.00033815771998125084,-0.009746709515102842,-0.3269230769230769
P3_2025,Passive,US100_BOOK,68,2025.07.22 13:36:28,2025-07-22,2025.07.22 14:00:00,CLOSE,6.4359,0.10600000000002183,0.016470112960117748,0,RISK_ON,-0.0028404840846292614,0.002292490050259763,0.014668751021022603,-0.07692307692307693
P3_2025,Passive,US100_BOOK,69,2025.07.22 15:04:15,2025-07-22,2025.07.22 16:45:00,CLOSE,6.4401,0.5360000000000219,0.08322852129625656,0,RISK_ON,-0.0028404840846292614,0.002292490050259763,0.08142715935716141,-0.07692307692307693
P3_2025,Cross,US100_BOOK,98,2025.07.22 17:00:00,2025-07-22,2025.07.22 21:00:00,CLOSE,6.4616,-0.7720000000000072,-0.11947505261854761,0,RISK_ON,-0.0028404840846292614,0.002292490050259763,-0.14939068795608798,-0.03626943005181347
P3_2025,Cross,US100_BOOK,99,2025.07.23 17:00:01,2025-07-23,2025.07.23 21:00:00,CLOSE,6.4307,-1.0320000000000074,-0.16048019655714113,0,RISK_ON,-0.0009096263579173326,0.0014043988618810588,-0.19039583189468148,-0.03626943005181347
P3_2025,Cross,US100_BOOK,100,2025.07.24 17:00:00,2025-07-24,2025.07.24 21:00:00,CLOSE,6.3894,-0.23200000000000728,-0.03631013866716863,0,RISK_ON,-0.0059944554907637995,0.0008124170535560154,-0.06622577400470898,-0.03626943005181347
P3_2025,Return,US30_BOOK,31,2025.07.24 16:00:00,2025-07-24,2025.07.24 22:00:00,CLOSE,6.3894,0.8049999999999999,0.12598992080633548,0,RISK_ON,-0.0059944554907637995,0.0008124170535560154,-0.0005876345578360309,-0.3269230769230769
P3_2025,Passive,US100_BOOK,70,2025.07.25 12:20:16,2025-07-25,2025.07.25 13:15:00,CLOSE,6.4123,0.12599999999998546,0.01964973566426796,0,RISK_ON,-0.006869316877601544,0.005211632080713547,0.017848373725172815,-0.07692307692307693
P3_2025,Cross,US100_BOOK,101,2025.07.25 17:00:00,2025-07-25,2025.07.25 21:00:00,CLOSE,6.4174,0.4579999999999927,0.07136846698039591,0,RISK_ON,-0.006869316877601544,0.005211632080713547,0.041452831642855556,-0.03626943005181347
P3_2025,Passive,US100_BOOK,71,2025.07.28 12:24:18,2025-07-28,2025.07.28 16:15:00,CLOSE,6.4357,-0.5840000000000145,-0.09074381963112242,0,MIXED,0.00319150963767868,0.003824742472055928,-0.09254518157021757,-0.07692307692307693
P3_2025,Cross,US100_BOOK,102,2025.07.28 17:00:00,2025-07-28,2025.07.28 21:00:00,CLOSE,6.4123,-0.6220000000000072,-0.09700107605695417,0,MIXED,0.00319150963767868,0.003824742472055928,-0.12691671139449454,-0.03626943005181347
P3_2025,Passive,US100_BOOK,72,2025.07.29 12:50:37,2025-07-29,2025.07.29 14:45:01,CLOSE,6.3875,0.016000000000021827,0.0025048923679094836,0,MIXED,0.0035386753506194235,0.0008822648511593867,0.0007035304288143384,-0.07692307692307693
P3_2025,Cross,US100_BOOK,103,2025.07.29 17:00:00,2025-07-29,2025.07.29 21:00:00,CLOSE,6.3881,-0.9620000000000072,-0.15059250794446036,0,MIXED,0.0035386753506194235,0.0008822648511593867,-0.1805081432820007,-0.03626943005181347
P3_2025,Cross,US100_BOOK,104,2025.07.31 17:00:00,2025-07-31,2025.07.31 21:00:00,CLOSE,6.3496,2.8580000000000294,0.4501070933602163,0,MIXED,0.010407981717310952,0.0010431504085413115,0.42019145802267593,-0.03626943005181347
P3_2025,Return,US30_BOOK,32,2025.07.31 16:00:00,2025-07-31,2025.07.31 21:06:57,EXTERNAL_CLOSE,6.3496,-3.2340000000000146,-0.5093234219478415,1,MIXED,0.010407981717310952,0.0010431504085413115,-0.635900977312013,0.6730769230769231
P3_2025,Passive,US100_BOOK,73,2025.08.01 12:20:55,2025-08-01,2025.08.01 14:30:00,CLOSE,6.3346,-0.02399999999997817,-0.003788715941018876,0,RISK_OFF,0.0013456519708573349,-0.000504514083988589,-0.005590077880114021,-0.07692307692307693
P3_2025,Pressure,US30_BOOK,24,2025.08.01 15:00:00,2025-08-01,2025.08.01 19:00:00,CLOSE,6.3336,1.3250000000000002,0.2092017178224075,0,RISK_OFF,0.0013456519708573349,-0.000504514083988589,0.2250867529592524,-0.34375
P3_2025,Cross,US100_BOOK,105,2025.08.01 17:00:00,2025-08-01,2025.08.01 21:00:00,CLOSE,6.3336,0.24799999999999273,0.039156246052796634,0,RISK_OFF,0.0013456519708573349,-0.000504514083988589,0.009240610715256278,-0.03626943005181347
P3_2025,RC16,US30_BOOK,52,2025.08.04 13:30:00,2025-08-04,2025.08.04 17:30:00,CLOSE,6.3965,1.688000000000029,0.2638943172047259,0,RISK_ON,-0.002269297804123272,0.004697024031246092,0.2055328982172972,-0.08860759493670886
P3_2025,Cross,US100_BOOK,106,2025.08.04 17:00:00,2025-08-04,2025.08.04 21:00:00,CLOSE,6.3965,0.18799999999999273,0.029391073243178727,0,RISK_ON,-0.002269297804123272,0.004697024031246092,-0.0005245620943616289,-0.03626943005181347
P3_2025,Return,US30_BOOK,33,2025.08.04 16:00:00,2025-08-04,2025.08.04 22:00:00,CLOSE,6.3965,3.2080000000000295,0.5015242710857547,0,RISK_ON,-0.002269297804123272,0.004697024031246092,0.3749467157215832,-0.3269230769230769
P3_2025,Passive,US100_BOOK,74,2025.08.05 14:46:04,2025-08-05,2025.08.05 16:00:00,CLOSE,6.5999,0.2860000000000218,0.043333989908941314,0,RISK_ON,-0.0025101338268671953,0.0035298786261665385,0.04153262796984617,-0.07692307692307693
P3_2025,RC4,US30_BOOK,45,2025.08.05 13:00:00,2025-08-05,2025.08.05 17:00:00,EXTERNAL_CLOSE,6.5999,-1.7600000000000002,-0.26667070713192625,1,RISK_ON,-0.0025101338268671953,0.0035298786261665385,-0.32855410873063295,0.7058823529411764
P3_2025,Cross,US100_BOOK,107,2025.08.05 17:00:00,2025-08-05,2025.08.05 21:00:00,CLOSE,6.6113,-1.3820000000000074,-0.20903604434831385,0,RISK_ON,-0.0025101338268671953,0.0035298786261665385,-0.2389516796858542,-0.03626943005181347
P3_2025,Passive,US100_BOOK,75,2025.08.06 13:48:29,2025-08-06,2025.08.06 14:30:00,CLOSE,6.4857,0.5759999999999854,0.08881076830565482,0,RISK_ON,-0.004725688148002028,0.001503158947521513,0.08700940636655967,-0.07692307692307693
P3_2025,Cross,US100_BOOK,108,2025.08.06 17:00:00,2025-08-06,2025.08.06 21:00:00,CLOSE,6.5087,1.6679999999999928,0.2562723738995487,0,RISK_ON,-0.004725688148002028,0.001503158947521513,0.22635673856200836,-0.03626943005181347
P3_2025,Passive,US100_BOOK,76,2025.08.07 12:24:28,2025-08-07,2025.08.07 15:45:00,CLOSE,6.5754,-0.3039999999999782,-0.046232928795203056,0,RISK_OFF,0.0019972033947669525,-0.000727018272026801,-0.0480342907342982,-0.07692307692307693
P3_2025,Cross,US100_BOOK,109,2025.08.07 17:00:00,2025-08-07,2025.08.07 21:00:00,CLOSE,6.5633,-2.372000000000007,-0.36140356223241465,0,RISK_OFF,0.0019972033947669525,-0.000727018272026801,-0.39131919756995504,-0.03626943005181347
P3_2025,RC16,US30_BOOK,53,2025.08.08 13:30:00,2025-08-08,2025.08.08 17:30:00,CLOSE,6.4684,1.3280000000000292,0.2053057943231756,0,RISK_ON,-0.0017690653736905106,0.003915838339873495,0.14694437533574692,-0.08860759493670886
P3_2025,RC4,US30_BOOK,46,2025.08.08 13:00:00,2025-08-08,2025.08.08 19:00:00,CLOSE,6.4684,0.678000000000029,0.10481726547523793,0,RISK_ON,-0.0017690653736905106,0.003915838339873495,0.042933863876531225,-0.29411764705882354
P3_2025,Cross,US100_BOOK,110,2025.08.08 17:00:00,2025-08-08,2025.08.08 21:00:00,CLOSE,6.4684,0.5379999999999928,0.08317358233875345,0,RISK_ON,-0.0017690653736905106,0.003915838339873495,0.0532579470012131,-0.03626943005181347
P3_2025,RC16,US30_BOOK,54,2025.08.11 13:30:00,2025-08-11,2025.08.11 17:30:00,CLOSE,6.5701,-2.0919999999999708,-0.31841220072753396,0,RISK_ON,-0.012412531535232191,0.0003865232284161262,-0.37677361971496265,-0.08860759493670886
P3_2025,Cross,US100_BOOK,111,2025.08.11 17:00:00,2025-08-11,2025.08.11 21:00:00,CLOSE,6.5701,-0.48200000000000726,-0.07336265810261751,0,RISK_ON,-0.012412531535232191,0.0003865232284161262,-0.10327829344015786,-0.03626943005181347
P3_2025,RC4,US30_BOOK,47,2025.08.12 13:00:00,2025-08-12,2025.08.12 17:04:41,EXTERNAL_CLOSE,6.4672,-3.2619999999999707,-0.5043913904007872,1,MIXED,0.0014228027424814766,0.00210442614036124,-0.5662747919994939,0.7058823529411764
P3_2025,Passive,US100_BOOK,77,2025.08.12 15:45:07,2025-08-12,2025.08.12 19:45:00,CLOSE,6.4672,-0.9139999999999782,-0.14132855022265867,0,MIXED,0.0014228027424814766,0.00210442614036124,-0.1431299121617538,-0.07692307692307693
P3_2025,Cross,US100_BOOK,112,2025.08.12 17:00:00,2025-08-12,2025.08.12 21:00:00,CLOSE,6.4672,-2.6320000000000072,-0.4069767441860476,0,MIXED,0.0014228027424814766,0.00210442614036124,-0.436892379523588,-0.03626943005181347
P3_2025,Cross,US100_BOOK,113,2025.08.13 17:00:00,2025-08-13,2025.08.13 21:00:00,CLOSE,6.1949,0.7579999999999928,0.12235871442638184,0,RISK_OFF,0.0030371560536618354,-0.002611029516331254,0.09244307908884149,-0.03626943005181347
P3_2025,Passive,US100_BOOK,78,2025.08.14 15:45:09,2025-08-14,2025.08.14 16:45:00,CLOSE,6.2252,0.7760000000000219,0.12465462957013781,0,MIXED,-0.0032729835270727046,-0.00555284784636504,0.12285326763104266,-0.07692307692307693
P3_2025,RC16,US30_BOOK,55,2025.08.14 13:30:01,2025-08-14,2025.08.14 17:30:00,CLOSE,6.2252,-1.341999999999971,-0.21557540319989252,0,MIXED,-0.0032729835270727046,-0.00555284784636504,-0.27393682218732124,-0.08860759493670886
P3_2025,Cross,US100_BOOK,114,2025.08.14 17:00:00,2025-08-14,2025.08.14 21:00:00,CLOSE,6.2562,0.24799999999999273,0.039640676448961465,0,MIXED,-0.0032729835270727046,-0.00555284784636504,0.009725041111421109,-0.03626943005181347
P3_2025,Return,US30_BOOK,34,2025.08.14 16:00:00,2025-08-14,2025.08.14 22:00:00,CLOSE,6.2252,0.7680000000000291,0.12336953029622005,0,MIXED,-0.0032729835270727046,-0.00555284784636504,-0.0032080250679514533,-0.3269230769230769
P3_2025,Cross,US100_BOOK,115,2025.08.15 17:00:00,2025-08-15,2025.08.15 21:00:00,CLOSE,6.2432,-0.3820000000000073,-0.06118657098923746,0,RISK_OFF,0.0012338286184320128,-0.005561662729922034,-0.09110220632677782,-0.03626943005181347
P3_2025,Pressure,US30_BOOK,25,2025.08.19 15:00:00,2025-08-19,2025.08.19 19:00:00,CLOSE,6.2279,-0.7419999999999709,-0.11914128357872973,0,RISK_OFF,0.001247039940976651,-0.00047396253874910525,-0.10325624844188483,-0.34375
P3_2025,Passive,US100_BOOK,79,2025.08.19 16:06:57,2025-08-19,2025.08.19 20:00:00,CLOSE,6.2279,-2.5840000000000143,-0.41490711154643045,0,RISK_OFF,0.001247039940976651,-0.00047396253874910525,-0.4167084734855256,-0.07692307692307693
P3_2025,Cross,US100_BOOK,116,2025.08.19 17:00:00,2025-08-19,2025.08.19 21:00:00,CLOSE,6.2279,1.6979999999999926,0.27264406942950153,0,RISK_OFF,0.001247039940976651,-0.00047396253874910525,0.24272843409196118,-0.03626943005181347
P3_2025,Passive,US100_BOOK,80,2025.08.20 12:19:22,2025-08-20,2025.08.20 13:30:00,CLOSE,6.1628,0.0059999999999854475,0.0009735834360981125,0,RISK_OFF,0.002405884886151329,-0.0004335749678381334,-0.0008277785029970327,-0.07692307692307693
P3_2025,Cross,US100_BOOK,117,2025.08.20 17:00:00,2025-08-20,2025.08.20 21:00:00,CLOSE,6.163,-0.9320000000000073,-0.15122505273405926,0,RISK_OFF,0.002405884886151329,-0.0004335749678381334,-0.1811406880715996,-0.03626943005181347
P3_2025,Cross,US100_BOOK,118,2025.08.21 17:00:00,2025-08-21,2025.08.21 21:00:00,CLOSE,6.1257,-0.31200000000000727,-0.050932954601108,0,RISK_ON,-0.0032137690460328173,0.002503486851435841,-0.08084858993864835,-0.03626943005181347
P3_2025,Return,US30_BOOK,35,2025.08.21 16:00:00,2025-08-21,2025.08.21 22:00:00,CLOSE,6.1257,0.69,0.11264018806014005,0,RISK_ON,-0.0032137690460328173,0.002503486851435841,-0.013937367304031459,-0.3269230769230769
P3_2025,Passive,US100_BOOK,81,2025.08.22 12:49:02,2025-08-22,2025.08.22 14:30:00,CLOSE,6.1409,-0.10400000000001455,-0.0169356283280976,0,RISK_ON,-0.003095411248496443,0.0030389937441261594,-0.018736990267192746,-0.07692307692307693
P3_2025,Cross,US100_BOOK,119,2025.08.22 17:00:00,2025-08-22,2025.08.22 17:09:02,EXTERNAL_CLOSE,6.1367,-3.082000000000007,-0.5022243225186186,1,RISK_ON,-0.003095411248496443,0.0030389937441261594,-0.532139957856159,0.9637305699481865
P3_2025,RC4,US30_BOOK,48,2025.08.25 13:00:00,2025-08-25,2025.08.25 19:00:00,CLOSE,6.0134,1.498000000000029,0.24911032028470234,0,RISK_ON,-0.0021855335935447853,0.003087387695517401,0.18722691868599564,-0.29411764705882354
P3_2025,Cross,US100_BOOK,120,2025.08.25 17:00:00,2025-08-25,2025.08.25 21:00:00,CLOSE,6.0134,0.5779999999999927,0.0961186683074455,0,RISK_ON,-0.0021855335935447853,0.003087387695517401,0.06620303296990515,-0.03626943005181347
P3_2025,Passive,US100_BOOK,82,2025.08.26 13:28:06,2025-08-26,2025.08.26 14:30:00,CLOSE,6.0965,0.23600000000002183,0.03871073566800982,0,RISK_OFF,0.0032421766093071536,-0.0010904498677812727,0.036909373728914674,-0.07692307692307693
P3_2025,RC16,US30_BOOK,56,2025.08.27 13:30:00,2025-08-27,2025.08.27 17:30:00,CLOSE,6.1059,0.5380000000000291,0.08811149871436301,0,RISK_ON,-0.002823564610190886,0.004574123900239342,0.02975007972693431,-0.08860759493670886
P3_2025,Cross,US100_BOOK,121,2025.08.27 17:00:00,2025-08-27,2025.08.27 21:00:00,CLOSE,6.1059,-0.8820000000000072,-0.14445044956517586,0,RISK_ON,-0.002823564610190886,0.004574123900239342,-0.1743660849027162,-0.03626943005181347
P3_2025,Passive,US100_BOOK,83,2025.08.28 12:37:43,2025-08-28,2025.08.28 13:00:00,CLOSE,6.0921,0.10599999999998544,0.01739958306659205,0,RISK_OFF,0.0005176836127567911,-0.0008217903946269917,0.015598221127496906,-0.07692307692307693
P3_2025,Passive,US100_BOOK,84,2025.08.28 14:19:40,2025-08-28,2025.08.28 15:00:00,CLOSE,6.0964,0.30599999999998545,0.050193556853222465,0,RISK_OFF,0.0005176836127567911,-0.0008217903946269917,0.04839219491412732,-0.07692307692307693
P3_2025,Cross,US100_BOOK,122,2025.08.28 17:00:00,2025-08-28,2025.08.28 21:00:00,CLOSE,6.1086,1.5479999999999927,0.25341322070523403,0,RISK_OFF,0.0005176836127567911,-0.0008217903946269917,0.22349758536769368,-0.03626943005181347
P3_2025,Passive,US100_BOOK,85,2025.08.29 12:55:02,2025-08-29,2025.08.29 14:15:01,CLOSE,6.1705,0.0059999999999854475,0.0009723685276696294,0,RISK_ON,-0.0021645885995797047,0.00036074177066177813,-0.0008289934114255158,-0.07692307692307693
P3_2025,Cross,US100_BOOK,123,2025.08.29 17:00:00,2025-08-29,2025.08.29 21:00:00,CLOSE,6.1708,0.5679999999999927,0.09204641213456809,0,RISK_ON,-0.0021645885995797047,0.00036074177066177813,0.062130776797027734,-0.03626943005181347
P3_2025,Passive,US100_BOOK,86,2025.09.01 12:20:07,2025-09-01,2025.09.01 13:30:00,CLOSE,6.1935,-0.044000000000014555,-0.007104222168404707,0,RISK_OFF,0.009135781830092749,-0.0003673319497651575,-0.008905584107499852,-0.07692307692307693
P3_2025,RC16,US30_BOOK,57,2025.09.01 13:30:00,2025-09-01,2025.09.01 17:30:00,CLOSE,6.1917,0.0680000000000291,0.010982444239874203,0,RISK_OFF,0.009135781830092749,-0.0003673319497651575,-0.047378974747554495,-0.08860759493670886
P3_2025,Passive,US100_BOOK,87,2025.09.02 12:47:58,2025-09-02,2025.09.02 16:45:00,CLOSE,6.1945,-1.5740000000000145,-0.2540963758172596,0,MIXED,0.0006270764922364448,0.00919120385043781,-0.2558977377563547,-0.07692307692307693
P3_2025,Pressure,US30_BOOK,26,2025.09.02 15:00:00,2025-09-02,2025.09.02 19:00:00,CLOSE,6.1945,2.7580000000000293,0.4452336750343094,0,MIXED,0.0006270764922364448,0.00919120385043781,0.4611187101711543,-0.34375
P3_2025,Return,US30_BOOK,36,2025.09.02 16:00:00,2025-09-02,2025.09.02 22:00:00,CLOSE,6.1945,0.3680000000000291,0.059407538945843746,0,MIXED,0.0006270764922364448,0.00919120385043781,-0.06717001641832776,-0.3269230769230769
P3_2025,Passive,US100_BOOK,88,2025.09.03 13:30:18,2025-09-03,2025.09.03 14:30:00,CLOSE,6.2565,0.16599999999998544,0.026532406297448324,0,MIXED,0.0023077390167363736,0.002493380359512584,0.024731044358353178,-0.07692307692307693
P3_2025,Cross,US100_BOOK,124,2025.09.03 17:00:01,2025-09-03,2025.09.03 21:00:00,CLOSE,6.2632,0.14799999999999272,0.023630093243069472,0,MIXED,0.0023077390167363736,0.002493380359512584,-0.006285542094470884,-0.03626943005181347
P3_2025,Return,US30_BOOK,37,2025.09.03 16:00:00,2025-09-03,2025.09.03 22:00:00,CLOSE,6.2632,-1.2019999999999709,-0.1919146762038528,0,MIXED,0.0023077390167363736,0.002493380359512584,-0.3184922315680243,-0.3269230769230769
P3_2025,RC16,US30_BOOK,58,2025.09.04 13:30:00,2025-09-04,2025.09.04 17:30:00,CLOSE,6.221,0.8780000000000291,0.1411348657772109,0,RISK_ON,-0.005426905866892633,0.0016747255474184241,0.08277344678978221,-0.08860759493670886
P3_2025,RC4,US30_BOOK,49,2025.09.04 13:00:00,2025-09-04,2025.09.04 19:00:00,CLOSE,6.221,2.248000000000029,0.36135669506510676,0,RISK_ON,-0.005426905866892633,0.0016747255474184241,0.29947329346640006,-0.29411764705882354
P3_2025,Cross,US100_BOOK,125,2025.09.04 17:00:00,2025-09-04,2025.09.04 21:00:00,CLOSE,6.221,-1.185,-0.1904838450409902,0,RISK_ON,-0.005426905866892633,0.0016747255474184241,-0.22039948037853055,-0.03626943005181347
P3_2025,Passive,US100_BOOK,89,2025.09.05 16:00:06,2025-09-05,2025.09.05 17:15:00,CLOSE,6.2987,1.1860000000000217,0.18829282232842043,0,RISK_OFF,0.0004456768014376032,-0.0021508502124127503,0.1864914603893253,-0.07692307692307693
P3_2025,Cross,US100_BOOK,126,2025.09.05 17:00:00,2025-09-05,2025.09.05 21:00:00,CLOSE,6.2987,2.3679999999999928,0.37595059297950256,0,RISK_OFF,0.0004456768014376032,-0.0021508502124127503,0.3460349576419622,-0.03626943005181347
P3_2025,RC16,US30_BOOK,59,2025.09.08 13:30:00,2025-09-08,2025.09.08 17:30:00,CLOSE,6.4408,-1.03,-0.15991802260588747,0,RISK_OFF,0.007337483378159478,-0.0024077329580806136,-0.21827944159331616,-0.08860759493670886
P3_2025,Cross,US100_BOOK,127,2025.09.08 17:00:00,2025-09-08,2025.09.08 21:00:00,CLOSE,6.4408,-0.6520000000000072,-0.10122966091168911,0,RISK_OFF,0.007337483378159478,-0.0024077329580806136,-0.13114529624922946,-0.03626943005181347
P3_2025,Passive,US100_BOOK,90,2025.09.10 15:03:41,2025-09-10,2025.09.10 16:45:00,CLOSE,6.3735,0.24600000000002184,0.03859731701577184,0,MIXED,0.005572485423037986,0.0007392060992188144,0.0367959550766767,-0.07692307692307693
P3_2025,Cross,US100_BOOK,128,2025.09.10 17:00:00,2025-09-10,2025.09.10 21:00:00,CLOSE,6.3834,0.3079999999999927,0.04825014882350984,0,MIXED,0.005572485423037986,0.0007392060992188144,0.018334513485969487,-0.03626943005181347
P3_2025,RC4,US30_BOOK,50,2025.09.11 13:00:00,2025-09-11,2025.09.11 19:00:00,CLOSE,6.3957,4.888000000000029,0.7642634895320339,0,RISK_ON,-0.004701890377964223,0.002641454741487583,0.7023800879333273,-0.29411764705882354
P3_2025,Cross,US100_BOOK,129,2025.09.11 17:00:00,2025-09-11,2025.09.11 21:00:00,CLOSE,6.3957,-0.561999999999971,-0.08787153869005285,0,RISK_ON,-0.004701890377964223,0.002641454741487583,-0.1177871740275932,-0.03626943005181347
P3_2025,Passive,US100_BOOK,91,2025.09.15 12:16:30,2025-09-15,2025.09.15 14:15:00,CLOSE,6.5687,0.5160000000000219,0.0785543562653222,0,RISK_OFF,6.858080261422124e-05,-0.0006103929763733499,0.07675299432622705,-0.07692307692307693
P3_2025,Passive,US100_BOOK,92,2025.09.15 14:48:28,2025-09-15,2025.09.15 18:45:00,CLOSE,6.5894,-1.1839999999999782,-0.17968252041156677,0,RISK_OFF,6.858080261422124e-05,-0.0006103929763733499,-0.1814838823506619,-0.07692307692307693
P3_2025,Cross,US100_BOOK,130,2025.09.15 17:00:00,2025-09-15,2025.09.15 21:00:00,CLOSE,6.5894,0.23799999999999272,0.036118614744892204,0,RISK_OFF,6.858080261422124e-05,-0.0006103929763733499,0.0062029794073518475,-0.03626943005181347
P3_2025,Passive,US100_BOOK,93,2025.09.16 15:24:44,2025-09-16,2025.09.16 19:15:00,CLOSE,6.5515,-0.7439999999999781,-0.11356177974509321,0,RISK_OFF,0.0035333665670866194,-0.00245974167641663,-0.11536314168418836,-0.07692307692307693
P3_2025,Cross,US100_BOOK,131,2025.09.16 17:00:00,2025-09-16,2025.09.16 21:00:00,CLOSE,6.5515,-0.022000000000007278,-0.003358009616119557,0,RISK_OFF,0.0035333665670866194,-0.00245974167641663,-0.03327364495365991,-0.03626943005181347
P3_2025,Return,US30_BOOK,38,2025.09.16 16:00:00,2025-09-16,2025.09.16 22:00:00,CLOSE,6.5515,-0.46199999999997093,-0.07051820193848293,0,RISK_OFF,0.0035333665670866194,-0.00245974167641663,-0.19709575730265444,-0.3269230769230769
P3_2025,Passive,US100_BOOK,94,2025.09.17 13:31:39,2025-09-17,2025.09.17 14:45:00,CLOSE,6.5024,-0.09400000000001456,-0.014456200787403815,0,RISK_ON,-0.006784959940548401,4.097157256291472e-05,-0.01625756272649896,-0.07692307692307693
P3_2025,Cross,US100_BOOK,132,2025.09.17 17:00:00,2025-09-17,2025.09.17 21:00:00,CLOSE,6.4987,0.1679999999999927,0.02585132411097492,0,RISK_ON,-0.006784959940548401,4.097157256291472e-05,-0.0040643112265654376,-0.03626943005181347
P3_2025,Passive,US100_BOOK,95,2025.09.18 12:15:10,2025-09-18,2025.09.18 14:45:00,CLOSE,6.5054,-0.10400000000001455,-0.01598671872598373,0,MIXED,0.0011355696538239758,0.003805696821489219,-0.017788080665078875,-0.07692307692307693
P3_2025,Cross,US100_BOOK,133,2025.09.18 17:00:00,2025-09-18,2025.09.18 21:00:00,CLOSE,6.5012,0.3579999999999927,0.05506675690641616,0,MIXED,0.0011355696538239758,0.003805696821489219,0.025151121568875803,-0.03626943005181347
P3_2025,Return,US30_BOOK,39,2025.09.18 16:00:00,2025-09-18,2025.09.18 22:00:00,CLOSE,6.5012,0.8680000000000291,0.1335138128345581,0,MIXED,0.0011355696538239758,0.003805696821489219,0.006936257470386592,-0.3269230769230769
P3_2025,RC4,US30_BOOK,51,2025.09.19 13:00:00,2025-09-19,2025.09.19 19:00:00,CLOSE,6.5503,-0.18,-0.027479657420270826,0,RISK_OFF,0.0032139171250819263,-0.000872137298583281,-0.08936305901897752,-0.29411764705882354
P3_2025,Cross,US100_BOOK,134,2025.09.19 17:00:00,2025-09-19,2025.09.19 21:00:00,CLOSE,6.5503,0.2279999999999927,0.03480756606567527,0,RISK_OFF,0.0032139171250819263,-0.000872137298583281,0.004891930728134913,-0.03626943005181347
P3_2025,RC4,US30_BOOK,52,2025.09.22 13:00:00,2025-09-22,2025.09.22 17:10:41,EXTERNAL_CLOSE,6.5522,-0.8419999999999709,-0.12850645584688666,1,RISK_OFF,0.009487678269803658,-2.0291041167752874e-05,-0.19038985744559336,0.7058823529411764
P3_2025,Cross,US100_BOOK,135,2025.09.22 17:00:00,2025-09-22,2025.09.22 21:00:00,CLOSE,6.5522,1.1279999999999928,0.17215591709654662,0,RISK_OFF,0.009487678269803658,-2.0291041167752874e-05,0.14224028175900627,-0.03626943005181347
P3_2025,Return,US30_BOOK,40,2025.09.22 16:00:00,2025-09-22,2025.09.22 22:00:00,CLOSE,6.5522,2.9680000000000293,0.4529776258356017,0,RISK_OFF,0.009487678269803658,-2.0291041167752874e-05,0.32640007047143016,-0.3269230769230769
P3_2025,RC16,US30_BOOK,60,2025.09.23 13:30:00,2025-09-23,2025.09.23 17:30:00,CLOSE,6.6823,1.618000000000029,0.2421321999910254,0,RISK_OFF,0.007689102841001805,-0.0008941696672940221,0.1837707810035967,-0.08860759493670886
P3_2025,Cross,US100_BOOK,136,2025.09.23 17:00:00,2025-09-23,2025.09.23 21:00:00,CLOSE,6.6823,1.0279999999999927,0.15383924696586396,0,RISK_OFF,0.007689102841001805,-0.0008941696672940221,0.1239236116283236,-0.03626943005181347
P3_2025,Passive,US100_BOOK,96,2025.09.24 13:16:02,2025-09-24,2025.09.24 14:00:00,CLOSE,6.7882,0.0059999999999854475,0.0008838867446429757,0,MIXED,0.0009951899975455016,0.0047462345785793765,-0.0009174751944521695,-0.07692307692307693
P3_2025,Cross,US100_BOOK,137,2025.09.24 17:00:00,2025-09-24,2025.09.24 21:00:00,CLOSE,6.7884,1.0779999999999927,0.15880030640504283,0,MIXED,0.0009951899975455016,0.0047462345785793765,0.12888467106750248,-0.03626943005181347
P3_2025,Passive,US100_BOOK,97,2025.09.25 13:45:35,2025-09-25,2025.09.25 17:30:00,CLOSE,6.8315,-0.6039999999999781,-0.08841396472223935,0,RISK_OFF,0.004525111911030788,-0.0007661805603656813,-0.0902153266613345,-0.07692307692307693
P3_2025,Cross,US100_BOOK,138,2025.09.25 17:00:00,2025-09-25,2025.09.25 21:00:00,CLOSE,6.8315,-0.7020000000000072,-0.10275927687916375,0,RISK_OFF,0.004525111911030788,-0.0007661805603656813,-0.1326749122167041,-0.03626943005181347
P3_2025,Return,US30_BOOK,41,2025.09.25 16:00:00,2025-09-25,2025.09.25 22:00:00,CLOSE,6.8315,-0.47199999999997094,-0.06909170753128463,0,RISK_OFF,0.004525111911030788,-0.0007661805603656813,-0.19566926289545614,-0.3269230769230769
P3_2025,Cross,US100_BOOK,139,2025.09.26 17:00:01,2025-09-26,2025.09.26 21:00:00,CLOSE,6.7604,0.1379999999999927,0.02041299331400401,0,MIXED,0.0010877361499682214,0.00014024823961359146,-0.009502642023536345,-0.03626943005181347
P3_2025,RC16,US30_BOOK,61,2025.09.29 13:30:00,2025-09-29,2025.09.29 17:30:00,CLOSE,6.7659,-2.7319999999999705,-0.4037895919242038,0,RISK_OFF,0.015105529202022858,-0.005780343512145002,-0.46215101091163246,-0.08860759493670886
P3_2025,Cross,US100_BOOK,140,2025.09.29 17:00:00,2025-09-29,2025.09.29 21:00:00,CLOSE,6.7659,-1.0320000000000074,-0.15252959694940915,0,RISK_OFF,0.015105529202022858,-0.005780343512145002,-0.1824452322869495,-0.03626943005181347
P3_2025,RC4,US30_BOOK,53,2025.09.30 13:00:00,2025-09-30,2025.09.30 19:00:00,CLOSE,6.6154,0.09,0.01360461952414064,0,MIXED,-0.003805413503687574,-0.004851315960084038,-0.04827878207456606,-0.29411764705882354
P3_2025,Cross,US100_BOOK,141,2025.09.30 17:00:00,2025-09-30,2025.09.30 21:00:00,CLOSE,6.6154,0.14799999999999272,0.022372040995252397,0,MIXED,-0.003805413503687574,-0.004851315960084038,-0.007543594342287959,-0.03626943005181347
P3_2025,Passive,US100_BOOK,98,2025.10.01 13:01:06,2025-10-01,2025.10.01 17:00:00,CLOSE,6.6249,-0.46749999999999997,-0.0705671028996664,0,RISK_OFF,0.008979407834223874,-0.004854213910065413,-0.07236846483876155,-0.07692307692307693
P3_2025,Passive,US100_BOOK,99,2025.10.02 15:32:20,2025-10-02,2025.10.02 16:45:00,CLOSE,6.6062,1.0959999999999857,0.16590475613817104,0,RISK_OFF,0.0013171693614434119,-0.0016540686704004399,0.1641033941990759,-0.07692307692307693
P3_2025,Cross,US100_BOOK,142,2025.10.02 17:00:00,2025-10-02,2025.10.02 21:00:00,CLOSE,6.65,-0.2520000000000073,-0.037894736842106355,0,RISK_OFF,0.0013171693614434119,-0.0016540686704004399,-0.06781037217964671,-0.03626943005181347
P3_2025,RC16,US30_BOOK,62,2025.10.03 13:30:00,2025-10-03,2025.10.03 17:30:00,CLOSE,6.64,2.578000000000029,0.3882530120481972,0,MIXED,0.0019061585551814458,0.001127418806044347,0.3298915930607685,-0.08860759493670886
P3_2025,Passive,US100_BOOK,100,2025.10.03 15:46:07,2025-10-03,2025.10.03 18:30:00,CLOSE,6.64,0.21599999999998545,0.03253012048192552,0,MIXED,0.0019061585551814458,0.001127418806044347,0.030728758542830376,-0.07692307692307693
P3_2025,Cross,US100_BOOK,143,2025.10.03 17:00:00,2025-10-03,2025.10.03 21:00:00,CLOSE,6.64,1.2779999999999927,0.1924698795180712,0,MIXED,0.0019061585551814458,0.001127418806044347,0.16255424418053085,-0.03626943005181347
P3_2025,Passive,US100_BOOK,101,2025.10.06 13:48:22,2025-10-06,2025.10.06 16:45:00,CLOSE,6.8028,0.04599999999998544,0.006761921561707743,0,MIXED,0.01424964398253443,0.006338213832983812,0.004960559622612598,-0.07692307692307693
P3_2025,Cross,US100_BOOK,144,2025.10.06 17:00:00,2025-10-06,2025.10.06 21:00:00,CLOSE,6.8047,0.6979999999999927,0.10257616059488188,0,MIXED,0.01424964398253443,0.006338213832983812,0.07266052525734153,-0.03626943005181347
P3_2025,Passive,US100_BOOK,102,2025.10.07 16:00:22,2025-10-07,2025.10.07 18:00:00,CLOSE,6.8326,0.6959999999999854,0.10186459034627893,0,RISK_ON,-0.0019645154762836085,0.004060359314313808,0.10006322840718378,-0.07692307692307693
P3_2025,Cross,US100_BOOK,145,2025.10.07 17:00:00,2025-10-07,2025.10.07 21:00:00,CLOSE,6.8326,-2.2920000000000074,-0.3354506337265473,0,RISK_ON,-0.0019645154762836085,0.004060359314313808,-0.3653662690640877,-0.03626943005181347
P3_2025,Passive,US100_BOOK,103,2025.10.08 12:45:39,2025-10-08,2025.10.08 13:30:01,CLOSE,6.7688,0.09600000000002183,0.014182720718594409,0,MIXED,0.012801092361553575,0.005738689419478282,0.012381358779499264,-0.07692307692307693
P3_2025,RC16,US30_BOOK,63,2025.10.08 13:30:01,2025-10-08,2025.10.08 17:30:00,CLOSE,6.7726,0.27800000000002906,0.04104775123291337,0,MIXED,0.012801092361553575,0.005738689419478282,-0.01731366775451533,-0.08860759493670886
P3_2025,Cross,US100_BOOK,146,2025.10.08 17:00:00,2025-10-08,2025.10.08 21:00:00,CLOSE,6.7726,0.9679999999999928,0.14292886040811398,0,MIXED,0.012801092361553575,0.005738689419478282,0.11301322507057363,-0.03626943005181347
P3_2025,RC16,US30_BOOK,64,2025.10.09 13:30:00,2025-10-09,2025.10.09 17:30:00,CLOSE,6.8224,-1.9519999999999709,-0.2861163227016843,0,RISK_ON,-0.0005892066428973275,0.0009494469366754322,-0.344477741689113,-0.08860759493670886
P3_2025,Cross,US100_BOOK,147,2025.10.09 17:00:00,2025-10-09,2025.10.09 21:00:00,CLOSE,6.8224,-0.6620000000000072,-0.09703330206379093,0,RISK_ON,-0.0005892066428973275,0.0009494469366754322,-0.12694893740133129,-0.03626943005181347
P3_2025,Cross,US100_BOOK,148,2025.10.10 17:00:00,2025-10-10,2025.10.10 18:02:26,EXTERNAL_CLOSE,6.7179,-3.372000000000007,-0.5019425713392588,1,RISK_OFF,0.0030005341180526653,-0.002440709344151747,-0.5318582066767992,0.9637305699481865
P3_2025,Cross,US100_BOOK,149,2025.10.13 17:00:00,2025-10-13,2025.10.13 21:00:00,CLOSE,6.583,0.3679999999999927,0.055901564636183,0,MIXED,0.01594129005856116,0.003531399886676652,0.025985929298642647,-0.03626943005181347
P3_2025,Passive,US100_BOOK,104,2025.10.14 13:30:11,2025-10-14,2025.10.14 15:30:00,CLOSE,6.5977,0.8360000000000218,0.1267108234687879,0,RISK_OFF,0.007915234643448045,-0.0017554072021799647,0.12490946152969275,-0.07692307692307693
P3_2025,Pressure,US30_BOOK,27,2025.10.14 15:00:00,2025-10-14,2025.10.14 18:45:59,EXTERNAL_CLOSE,6.5977,-3.32,-0.5032056625793837,1,RISK_OFF,0.007915234643448045,-0.0017554072021799647,-0.4873206274425388,0.65625
P3_2025,Cross,US100_BOOK,150,2025.10.14 17:00:00,2025-10-14,2025.10.14 19:37:34,EXTERNAL_CLOSE,6.6312,-3.332000000000007,-0.5024731571962853,1,RISK_OFF,0.007915234643448045,-0.0017554072021799647,-0.5323887925338256,0.9637305699481865
P3_2025,Return,US30_BOOK,42,2025.10.14 16:00:00,2025-10-14,2025.10.14 22:00:00,CLOSE,6.6312,7.788000000000029,1.1744480636988823,0,RISK_OFF,0.007915234643448045,-0.0017554072021799647,1.0478705083347108,-0.3269230769230769
P3_2025,RC16,US30_BOOK,65,2025.10.15 13:30:00,2025-10-15,2025.10.15 17:30:00,CLOSE,6.6766,1.508000000000029,0.22586346343947955,0,RISK_OFF,0.015426735850126067,-0.0032550414161724097,0.16750204445205086,-0.08860759493670886
P3_2025,RC4,US30_BOOK,54,2025.10.15 13:00:01,2025-10-15,2025.10.15 19:00:00,CLOSE,6.6766,-1.091999999999971,-0.16355630111133976,0,RISK_OFF,0.015426735850126067,-0.0032550414161724097,-0.22543970271004646,-0.29411764705882354
P3_2025,Pressure,US30_BOOK,28,2025.10.15 15:00:00,2025-10-15,2025.10.15 19:00:00,CLOSE,6.6766,-1.4319999999999709,-0.21448042416798535,0,RISK_OFF,0.015426735850126067,-0.0032550414161724097,-0.19859538903114046,-0.34375
P3_2025,RC16,US30_BOOK,66,2025.10.16 13:30:00,2025-10-16,2025.10.16 17:30:00,CLOSE,6.636,-1.401999999999971,-0.21127185051235248,0,MIXED,0.005227534681570687,0.0019260240849372887,-0.26963326949978117,-0.08860759493670886
P3_2025,Cross,US100_BOOK,151,2025.10.16 17:00:00,2025-10-16,2025.10.16 21:00:00,CLOSE,6.636,-1.9920000000000073,-0.30018083182640254,0,MIXED,0.005227534681570687,0.0019260240849372887,-0.3300964671639429,-0.03626943005181347
P3_2025,Passive,US100_BOOK,105,2025.10.17 12:32:27,2025-10-17,2025.10.17 13:15:00,CLOSE,6.5002,-0.06400000000001456,-0.009845850896897719,0,RISK_OFF,0.002618589324364375,-0.004284002860866705,-0.011647212835992864,-0.07692307692307693
P3_2025,Passive,US100_BOOK,106,2025.10.17 14:15:15,2025-10-17,2025.10.17 18:00:00,CLOSE,6.4976,-0.40400000000001457,-0.062176803742922705,0,RISK_OFF,0.002618589324364375,-0.004284002860866705,-0.06397816568201785,-0.07692307692307693
P3_2025,Pressure,US30_BOOK,29,2025.10.17 15:00:00,2025-10-17,2025.10.17 19:00:00,CLOSE,6.4976,1.868000000000029,0.28749076582123073,0,RISK_OFF,0.002618589324364375,-0.004284002860866705,0.30337580095807565,-0.34375
P3_2025,Cross,US100_BOOK,152,2025.10.17 17:00:00,2025-10-17,2025.10.17 21:00:00,CLOSE,6.4976,1.1279999999999928,0.1736025609455788,0,RISK_OFF,0.002618589324364375,-0.004284002860866705,0.14368692560803845,-0.03626943005181347
P3_2025,RC4,US30_BOOK,55,2025.10.20 13:00:00,2025-10-20,2025.10.20 19:00:00,CLOSE,6.6013,2.4780000000000295,0.37538060685017033,0,MIXED,0.003252823213903626,0.0013557161452835067,0.31349720525146363,-0.29411764705882354
P3_2025,Cross,US100_BOOK,153,2025.10.20 17:00:00,2025-10-20,2025.10.20 21:00:00,CLOSE,6.6013,1.0679999999999927,0.1617863148167774,0,MIXED,0.003252823213903626,0.0013557161452835067,0.13187067947923706,-0.03626943005181347
P3_2025,RC16,US30_BOOK,67,2025.10.21 13:30:00,2025-10-21,2025.10.21 17:30:00,CLOSE,6.7432,1.7780000000000291,0.26367303357456834,0,RISK_ON,-0.019722704818188025,0.005828220107811184,0.20531161458713965,-0.08860759493670886
P3_2025,RC4,US30_BOOK,56,2025.10.21 13:00:00,2025-10-21,2025.10.21 19:00:00,CLOSE,6.7432,3.4780000000000295,0.5157788587021043,0,RISK_ON,-0.019722704818188025,0.005828220107811184,0.45389545710339757,-0.29411764705882354
P3_2025,Cross,US100_BOOK,154,2025.10.21 17:00:00,2025-10-21,2025.10.21 21:00:00,CLOSE,6.7432,-0.8020000000000073,-0.11893463044252095,0,RISK_ON,-0.019722704818188025,0.005828220107811184,-0.1488502657800613,-0.03626943005181347
P3_2025,Passive,US100_BOOK,107,2025.10.22 12:15:29,2025-10-22,2025.10.22 13:15:01,CLOSE,6.9213,0.2760000000000218,0.03987690173811593,0,MIXED,-0.013438284440689435,-0.001113560179774312,0.038075539799020786,-0.07692307692307693
P3_2025,Cross,US100_BOOK,155,2025.10.22 17:00:00,2025-10-22,2025.10.22 19:31:04,EXTERNAL_CLOSE,6.9324,-3.482000000000007,-0.5022791529628998,1,MIXED,-0.013438284440689435,-0.001113560179774312,-0.5321947883004402,0.9637305699481865
P3_2025,Passive,US100_BOOK,108,2025.10.23 14:46:41,2025-10-23,2025.10.23 16:45:00,CLOSE,6.7931,1.0859999999999856,0.15986810145588695,0,MIXED,0.0026344771523759795,0.004268515392430189,0.15806673951679182,-0.07692307692307693
P3_2025,Cross,US100_BOOK,156,2025.10.23 17:00:00,2025-10-23,2025.10.23 21:00:00,CLOSE,6.8365,1.1779999999999926,0.1723103927448245,0,MIXED,0.0026344771523759795,0.004268515392430189,0.14239475740728413,-0.03626943005181347
P3_2025,Passive,US100_BOOK,109,2025.10.24 15:45:14,2025-10-24,2025.10.24 19:45:00,CLOSE,6.8836,-0.5439999999999782,-0.07902841536405052,0,RISK_ON,-0.015872148290256634,0.0027040403553155643,-0.08082977730314567,-0.07692307692307693
P3_2025,Cross,US100_BOOK,157,2025.10.24 17:00:00,2025-10-24,2025.10.24 21:00:00,CLOSE,6.8836,-0.4120000000000073,-0.0598524028124829,0,RISK_ON,-0.015872148290256634,0.0027040403553155643,-0.08976803815002325,-0.03626943005181347
P3_2025,Passive,US100_BOOK,110,2025.10.28 14:16:02,2025-10-28,2025.10.28 18:15:00,CLOSE,6.8454,-0.5320000000000072,-0.07771642270722051,0,MIXED,-0.021397122679821884,-0.0059973145991815925,-0.07951778464631566,-0.07692307692307693
P3_2025,Cross,US100_BOOK,158,2025.10.28 17:00:00,2025-10-28,2025.10.28 21:00:00,CLOSE,6.8454,0.8679999999999928,0.12680047915388332,0,MIXED,-0.021397122679821884,-0.0059973145991815925,0.09688484381634296,-0.03626943005181347
P3_2025,Passive,US100_BOOK,111,2025.10.29 12:33:29,2025-10-29,2025.10.29 14:30:00,CLOSE,6.8588,0.5379999999999928,0.07843937715052092,0,MIXED,0.015443508765247851,0.0015965365781945614,0.07663801521142577,-0.07692307692307693
P3_2025,Cross,US100_BOOK,159,2025.10.30 17:00:00,2025-10-30,2025.10.30 21:00:00,CLOSE,6.8804,0.5879999999999928,0.08546014766583233,0,MIXED,0.013632143859090505,0.00729213079895032,0.05554451232829198,-0.03626943005181347
P3_2025,Return,US30_BOOK,43,2025.10.30 16:00:00,2025-10-30,2025.10.30 22:00:00,CLOSE,6.8804,2.0149999999999997,0.2928608801813848,0,MIXED,0.013632143859090505,0.00729213079895032,0.16628332481721328,-0.3269230769230769
P3_2025,RC4,US30_BOOK,57,2025.10.31 13:00:00,2025-10-31,2025.10.31 19:00:00,CLOSE,6.9845,0.245,0.03507767198797337,0,RISK_ON,-0.002756431235319598,0.0008951216471165088,-0.026805729610733332,-0.29411764705882354
P3_2025,Cross,US100_BOOK,160,2025.10.31 17:00:00,2025-10-31,2025.10.31 21:00:00,CLOSE,6.9845,1.5379999999999927,0.22020187558164403,0,RISK_ON,-0.002756431235319598,0.0008951216471165088,0.19028624024410368,-0.03626943005181347
P3_2025,Passive,US100_BOOK,112,2025.11.03 12:21:42,2025-11-03,2025.11.03 14:30:00,CLOSE,7.0558,-0.16399999999997816,-0.02324328920887471,0,MIXED,0.0027108325935800647,0.0014411188690543711,-0.025044651147969856,-0.07692307692307693
P3_2025,RC16,US30_BOOK,68,2025.11.03 13:30:00,2025-11-03,2025.11.03 17:24:39,EXTERNAL_CLOSE,7.0558,-3.5450000000000004,-0.5024235380821452,1,MIXED,0.0027108325935800647,0.0014411188690543711,-0.560784957069574,0.9113924050632911
P3_2025,RC4,US30_BOOK,58,2025.11.03 13:00:00,2025-11-03,2025.11.03 19:00:00,CLOSE,7.0558,2.1149999999999998,0.29975339437058873,0,MIXED,0.0027108325935800647,0.0014411188690543711,0.23786999277188203,-0.29411764705882354
P3_2025,Cross,US100_BOOK,161,2025.11.04 17:00:00,2025-11-04,2025.11.04 21:00:00,CLOSE,6.992,-2.142000000000007,-0.30635011441647697,0,MIXED,-0.002519898385492703,-0.004719228202224035,-0.33626574975401735,-0.03626943005181347
P3_2025,Cross,US100_BOOK,162,2025.11.05 17:00:00,2025-11-05,2025.11.05 21:00:00,CLOSE,6.9064,1.8180000000000291,0.26323410170277267,0,MIXED,0.009567707968658764,0.0002928591205872134,0.23331846636523232,-0.03626943005181347
P3_2025,Passive,US100_BOOK,113,2025.11.06 13:02:02,2025-11-06,2025.11.06 16:00:00,CLOSE,6.9791,-0.08400000000001456,-0.012035935865658117,0,RISK_OFF,0.008075299457127191,-0.002391226382432845,-0.013837297804753262,-0.07692307692307693
P3_2025,RC16,US30_BOOK,69,2025.11.06 13:30:00,2025-11-06,2025.11.06 17:04:31,EXTERNAL_CLOSE,6.9791,-3.5050000000000003,-0.5022137524895761,1,RISK_OFF,0.008075299457127191,-0.002391226382432845,-0.5605751714770049,0.9113924050632911
P3_2025,Cross,US100_BOOK,163,2025.11.06 17:00:00,2025-11-06,2025.11.06 21:00:00,CLOSE,6.9757,1.7379999999999927,0.24915062287655615,0,RISK_OFF,0.008075299457127191,-0.002391226382432845,0.2192349875390158,-0.03626943005181347
P3_2025,Passive,US100_BOOK,114,2025.11.07 13:15:14,2025-11-07,2025.11.07 16:15:00,CLOSE,6.905,-0.09400000000001456,-0.013613323678495952,0,MIXED,0.007415160835249079,0.003583309155930429,-0.015414685617591097,-0.07692307692307693
P3_2025,Cross,US100_BOOK,164,2025.11.07 17:00:00,2025-11-07,2025.11.07 21:00:00,CLOSE,6.9013,0.9179999999999928,0.1330184168200184,0,MIXED,0.007415160835249079,0.003583309155930429,0.10310278148247803,-0.03626943005181347
P3_2025,Return,US30_BOOK,44,2025.11.07 16:00:00,2025-11-07,2025.11.07 22:00:00,CLOSE,6.905,1.465,0.21216509775524983,0,MIXED,0.007415160835249079,0.003583309155930429,0.08558754239107833,-0.3269230769230769
P3_2025,RC16,US30_BOOK,70,2025.11.10 13:30:00,2025-11-10,2025.11.10 17:30:00,CLOSE,6.9966,-0.14500000000000002,-0.02072435182803076,0,MIXED,0.01909654926530957,0.003359491113902286,-0.07908577081545946,-0.08860759493670886
P3_2025,RC4,US30_BOOK,59,2025.11.10 13:00:00,2025-11-10,2025.11.10 19:00:00,CLOSE,6.9966,1.415,0.20224108852871395,0,MIXED,0.01909654926530957,0.003359491113902286,0.14035768693000725,-0.29411764705882354
P3_2025,Cross,US100_BOOK,165,2025.11.10 17:00:00,2025-11-10,2025.11.10 21:00:00,CLOSE,6.9966,0.06799999999999273,0.00971900637452373,0,MIXED,0.01909654926530957,0.003359491113902286,-0.020196628963016626,-0.03626943005181347
P3_2025,RC4,US30_BOOK,60,2025.11.11 13:00:00,2025-11-11,2025.11.11 19:00:00,CLOSE,7.0501,3.085,0.43758244563906895,0,MIXED,0.006280242544527993,0.0023095147960543656,0.37569904404036225,-0.29411764705882354
P3_2025,Cross,US100_BOOK,166,2025.11.12 17:00:00,2025-11-12,2025.11.12 21:00:00,CLOSE,7.1735,-0.22200000000000727,-0.030947236356033636,0,RISK_ON,-0.000758568160276096,0.004790707439200767,-0.06086287169357399,-0.03626943005181347
P3_2025,Return,US30_BOOK,45,2025.11.13 16:00:00,2025-11-13,2025.11.13 18:39:46,EXTERNAL_CLOSE,7.1646,-3.595,-0.501772604192837,1,RISK_OFF,0.008018931591421308,-0.0014098172159852775,-0.6283501595570085,0.6730769230769231
P3_2025,Cross,US100_BOOK,167,2025.11.13 17:00:00,2025-11-13,2025.11.13 21:00:00,CLOSE,7.1646,3.078000000000029,0.4296122602797126,0,RISK_OFF,0.008018931591421308,-0.0014098172159852775,0.39969662494217223,-0.03626943005181347
P3_2025,Passive,US100_BOOK,115,2025.11.14 14:00:53,2025-11-14,2025.11.14 16:45:00,CLOSE,7.144,0.13600000000002183,0.01903695408734908,0,RISK_ON,-0.00043162259590893385,0.0011449086779188706,0.017235592148253934,-0.07692307692307693
P3_2025,Pressure,US30_BOOK,30,2025.11.14 15:00:00,2025-11-14,2025.11.14 19:00:00,CLOSE,7.144,-1.2449999999999999,-0.17427211646136617,0,RISK_ON,-0.00043162259590893385,0.0011449086779188706,-0.15838708132452128,-0.34375
P3_2025,Cross,US100_BOOK,168,2025.11.14 17:00:00,2025-11-14,2025.11.14 21:00:00,CLOSE,7.1494,2.157999999999993,0.30184351134360826,0,RISK_ON,-0.00043162259590893385,0.0011449086779188706,0.2719278760060679,-0.03626943005181347
P3_2025,Return,US30_BOOK,46,2025.11.14 16:00:00,2025-11-14,2025.11.14 22:00:00,CLOSE,7.144,1.5250000000000001,0.21346584546472566,0,RISK_ON,-0.00043162259590893385,0.0011449086779188706,0.08688829010055416,-0.3269230769230769
P3_2025,Passive,US100_BOOK,116,2025.11.17 14:00:19,2025-11-17,2025.11.17 17:00:00,CLOSE,7.2469,0.05599999999998545,0.007727442078679912,0,RISK_ON,-0.00023024599681885095,0.0019405424082294012,0.005926080139584767,-0.07692307692307693
P3_2025,Cross,US100_BOOK,169,2025.11.17 17:00:00,2025-11-17,2025.11.17 21:00:00,CLOSE,7.2492,-3.072000000000007,-0.423770898857806,0,RISK_ON,-0.00023024599681885095,0.0019405424082294012,-0.4536865341953464,-0.03626943005181347
P3_2025,Return,US30_BOOK,47,2025.11.17 16:00:00,2025-11-17,2025.11.17 21:04:06,EXTERNAL_CLOSE,7.2469,-3.6750000000000003,-0.507113386413501,1,RISK_ON,-0.00023024599681885095,0.0019405424082294012,-0.6336909417776725,0.6730769230769231
P3_2025,Passive,US100_BOOK,117,2025.11.18 12:18:08,2025-11-18,2025.11.18 13:30:00,CLOSE,6.9793,0.11599999999998545,0.01662057799492577,0,RISK_ON,-0.0024967444068565423,0.000541292930012007,0.014819216055830626,-0.07692307692307693
P3_2025,RC4,US30_BOOK,61,2025.11.18 13:00:00,2025-11-18,2025.11.18 19:00:00,CLOSE,6.9793,2.8249999999999997,0.40476838651440683,0,RISK_ON,-0.0024967444068565423,0.000541292930012007,0.34288498491570013,-0.29411764705882354
P3_2025,Pressure,US30_BOOK,31,2025.11.18 15:00:00,2025-11-18,2025.11.18 19:00:00,CLOSE,6.9839,0.745,0.1066739214479016,0,RISK_ON,-0.0024967444068565423,0.000541292930012007,0.1225589565847465,-0.34375
P3_2025,Return,US30_BOOK,48,2025.11.18 16:00:00,2025-11-18,2025.11.18 22:00:00,CLOSE,6.9839,0.845,0.12099256862211658,0,RISK_ON,-0.0024967444068565423,0.000541292930012007,-0.0055849867420549315,-0.3269230769230769
P3_2025,RC16,US30_BOOK,71,2025.11.19 13:30:00,2025-11-19,2025.11.19 17:30:00,CLOSE,7.1605,-0.15500000000000003,-0.02164653306333357,0,MIXED,0.011044676772229225,0.0031599255580619136,-0.08000795205076228,-0.08860759493670886
P3_2025,Cross,US100_BOOK,170,2025.11.19 17:00:00,2025-11-19,2025.11.19 19:36:15,EXTERNAL_CLOSE,7.1605,-3.592000000000007,-0.5016409468612537,1,MIXED,0.011044676772229225,0.0031599255580619136,-0.5315565821987941,0.9637305699481865
P3_2025,Cross,US100_BOOK,171,2025.11.20 17:00:00,2025-11-20,2025.11.20 21:00:00,CLOSE,7.0106,9.957999999999993,1.4204205060907757,0,RISK_ON,-0.003782069171717064,0.00025452902722783736,1.3905048707532355,-0.03626943005181347
P3_2025,Passive,US100_BOOK,118,2025.11.21 12:16:11,2025-11-21,2025.11.21 13:00:00,CLOSE,7.409,1.3660000000000216,0.18437036037252283,0,MIXED,-0.006192305517900822,-0.00421428513079359,0.1825689984334277,-0.07692307692307693
P3_2025,Passive,US100_BOOK,119,2025.11.21 15:15:45,2025-11-21,2025.11.21 17:45:00,CLOSE,7.4636,2.056000000000022,0.2754702824374326,0,MIXED,-0.006192305517900822,-0.00421428513079359,0.27366892049833746,-0.07692307692307693
P3_2025,Pressure,US30_BOOK,32,2025.11.21 15:00:00,2025-11-21,2025.11.21 19:00:00,CLOSE,7.4636,3.425,0.45889383139503725,0,MIXED,-0.006192305517900822,-0.00421428513079359,0.47477886653188217,-0.34375
P3_2025,Cross,US100_BOOK,172,2025.11.24 17:00:00,2025-11-24,2025.11.24 21:00:00,CLOSE,7.6828,2.377999999999993,0.30952256989639104,0,MIXED,0.0004347778095997937,0.0031502931925298816,0.27960693455885066,-0.03626943005181347
P3_2025,Passive,US100_BOOK,120,2025.11.25 14:43:37,2025-11-25,2025.11.25 15:45:00,CLOSE,7.778,0.5959999999999854,0.0766263821033666,0,MIXED,-0.001621593195160752,-0.0033215618869439426,0.07482502016427145,-0.07692307692307693
P3_2025,RC4,US30_BOOK,62,2025.11.25 13:00:00,2025-11-25,2025.11.25 19:00:00,CLOSE,7.778,4.715000000000001,0.6061969658009773,0,MIXED,-0.001621593195160752,-0.0033215618869439426,0.5443135642022705,-0.29411764705882354
P3_2025,Cross,US100_BOOK,173,2025.11.25 17:00:00,2025-11-25,2025.11.25 21:00:00,CLOSE,7.8018,-2.112000000000007,-0.27070675997846744,0,MIXED,-0.001621593195160752,-0.0033215618869439426,-0.3006223953160078,-0.03626943005181347
P3_2025,RC4,US30_BOOK,63,2025.11.26 13:00:00,2025-11-26,2025.11.26 19:00:00,CLOSE,7.9059,3.165,0.400333927826054,0,MIXED,0.006879688502889959,0.0033229535047348707,0.3384505262273473,-0.29411764705882354
P3_2025,Cross,US100_BOOK,174,2025.11.26 17:00:00,2025-11-26,2025.11.26 21:00:00,CLOSE,7.9059,-1.5220000000000073,-0.19251445123262467,0,MIXED,0.006879688502889959,0.0033229535047348707,-0.22243008657016503,-0.03626943005181347
P3_2025,Passive,US100_BOOK,121,2025.12.02 12:46:01,2025-12-02,2025.12.02 16:00:00,CLOSE,7.9716,-0.26600000000002183,-0.033368458025995015,0,RISK_ON,-0.009473027803782435,0.00359078345564426,-0.03516981996509016,-0.07692307692307693
P3_2025,RC16,US30_BOOK,72,2025.12.02 13:30:00,2025-12-02,2025.12.02 17:30:00,CLOSE,7.9716,-0.095,-0.011917306437854384,0,RISK_ON,-0.009473027803782435,0.00359078345564426,-0.07027872542528309,-0.08860759493670886
P3_2025,Cross,US100_BOOK,175,2025.12.02 17:00:00,2025-12-02,2025.12.02 21:00:00,CLOSE,7.961,-0.21400000000001454,-0.026881045094839157,0,RISK_ON,-0.009473027803782435,0.00359078345564426,-0.05679668043237951,-0.03626943005181347
P3_2025,Cross,US100_BOOK,176,2025.12.03 17:00:00,2025-12-03,2025.12.03 21:00:00,CLOSE,7.9486,-1.3240000000000147,-0.16657021362252658,0,MIXED,-0.0010441530168889114,-0.0009570331420717681,-0.19648584896006693,-0.03626943005181347
P3_2025,Cross,US100_BOOK,177,2025.12.04 17:00:00,2025-12-04,2025.12.04 21:00:00,CLOSE,7.8957,-0.5140000000000146,-0.0650987246222646,0,MIXED,-0.0010685274496595601,-0.002606318568681293,-0.09501435995980495,-0.03626943005181347
P3_2025,Passive,US100_BOOK,122,2025.12.05 15:45:37,2025-12-05,2025.12.05 16:45:00,CLOSE,7.8751,1.0040000000000147,0.12749044456578515,0,RISK_OFF,0.0035319172025292294,-0.0008195055678474134,0.12568908262669,-0.07692307692307693
P3_2025,RC4,US30_BOOK,64,2025.12.05 13:00:00,2025-12-05,2025.12.05 19:00:00,CLOSE,7.8751,0.855,0.1085700499041282,0,RISK_OFF,0.0035319172025292294,-0.0008195055678474134,0.046686648305421505,-0.29411764705882354
P3_2025,Cross,US100_BOOK,178,2025.12.05 17:00:00,2025-12-05,2025.12.05 21:00:00,CLOSE,7.9153,-0.6340000000000146,-0.0800980379770842,0,RISK_OFF,0.0035319172025292294,-0.0008195055678474134,-0.11001367331462455,-0.03626943005181347
P3_2025,Cross,US100_BOOK,179,2025.12.08 17:00:00,2025-12-08,2025.12.08 21:00:00,CLOSE,7.9241,1.5440000000000147,0.19484862634242558,0,MIXED,0.0024030923406825394,0.0020539639374855248,0.16493299100488523,-0.03626943005181347
P3_2025,Cross,US100_BOOK,180,2025.12.09 17:00:00,2025-12-09,2025.12.09 21:00:00,CLOSE,7.9859,-0.9310000000000219,-0.11658047308381296,0,MIXED,0.0030145447694629518,0.0014618760778420956,-0.14649610842135333,-0.03626943005181347
P3_2025,Return,US30_BOOK,49,2025.12.09 16:00:00,2025-12-09,2025.12.09 22:00:00,CLOSE,7.9859,-0.921999999999971,-0.11545348677042926,0,MIXED,0.0030145447694629518,0.0014618760778420956,-0.24203104213460075,-0.3269230769230769
P3_2025,Passive,US100_BOOK,123,2025.12.10 12:30:03,2025-12-10,2025.12.10 15:30:00,CLOSE,7.9118,0.7540000000000145,0.09530069010844745,0,RISK_ON,-0.0032442869668313553,0.0002933898023444742,0.0934993281693523,-0.07692307692307693
P3_2025,Cross,US100_BOOK,181,2025.12.10 17:00:00,2025-12-10,2025.12.10 21:00:02,CLOSE,7.9419,-0.059000000000014555,-0.0074289527694902414,0,RISK_ON,-0.0032442869668313553,0.0002933898023444742,-0.0373445881070306,-0.03626943005181347
P3_2025,Passive,US100_BOOK,124,2025.12.11 13:46:48,2025-12-11,2025.12.11 16:45:00,CLOSE,7.9396,0.27400000000001457,0.03451055468789543,0,RISK_ON,-0.0020295006746989534,0.00017325072953006194,0.032709192748800284,-0.07692307692307693
P3_2025,RC16,US30_BOOK,73,2025.12.11 13:30:00,2025-12-11,2025.12.11 17:30:00,CLOSE,7.9396,4.796000000000059,0.6040606579676632,0,RISK_ON,-0.0020295006746989534,0.00017325072953006194,0.5456992389802344,-0.08860759493670886
P3_2025,Cross,US100_BOOK,182,2025.12.11 17:00:00,2025-12-11,2025.12.11 21:00:00,CLOSE,7.9505,-2.2660000000000218,-0.2850135211621938,0,RISK_ON,-0.0020295006746989534,0.00017325072953006194,-0.3149291564997342,-0.03626943005181347
P3_2025,RC16,US30_BOOK,74,2025.12.12 13:30:00,2025-12-12,2025.12.12 17:30:00,CLOSE,8.0517,-1.5639999999999419,-0.19424469366716865,0,MIXED,0.00870794306006711,0.002138543715933294,-0.25260611265459737,-0.08860759493670886
P3_2025,Cross,US100_BOOK,183,2025.12.12 17:00:00,2025-12-12,2025.12.12 21:00:00,CLOSE,8.0517,2.763999999999978,0.34328154302817765,0,MIXED,0.00870794306006711,0.002138543715933294,0.31336590769063727,-0.03626943005181347
P3_2025,RC16,US30_BOOK,75,2025.12.15 13:30:00,2025-12-15,2025.12.15 17:30:00,CLOSE,8.0997,-3.3539999999999415,-0.41408941071890826,0,RISK_OFF,0.010372742171586789,-0.0050723300451630815,-0.47245082970633695,-0.08860759493670886
P3_2025,Cross,US100_BOOK,184,2025.12.15 17:00:00,2025-12-15,2025.12.15 21:00:00,CLOSE,8.0997,0.7539999999999781,0.09308986752595505,0,RISK_OFF,0.010372742171586789,-0.0050723300451630815,0.0631742321884147,-0.03626943005181347
P3_2025,RC16,US30_BOOK,76,2025.12.16 13:30:00,2025-12-16,2025.12.16 17:30:00,CLOSE,7.9957,-2.0939999999999417,-0.2618907662868719,0,MIXED,-0.00596986105368637,-0.0016714156389990489,-0.3202521852743006,-0.08860759493670886
P3_2025,Cross,US100_BOOK,185,2025.12.16 17:00:00,2025-12-16,2025.12.16 21:00:00,CLOSE,7.9957,-0.7959999999999855,-0.09955351001162943,0,MIXED,-0.00596986105368637,-0.0016714156389990489,-0.12946914534916978,-0.03626943005181347
P3_2025,Cross,US100_BOOK,186,2025.12.17 17:00:00,2025-12-17,2025.12.17 21:00:00,CLOSE,7.8801,3.7339999999999782,0.4738518546718923,0,MIXED,0.003313420283012948,0.005467453980924306,0.4439362193343519,-0.03626943005181347
P3_2025,Passive,US100_BOOK,125,2025.12.18 15:47:18,2025-12-18,2025.12.18 19:15:00,CLOSE,8.0295,0.23399999999997817,0.029142536895196233,0,RISK_ON,-0.003331962531070413,0.0020736439672815613,0.027341174956101087,-0.07692307692307693
P3_2025,Cross,US100_BOOK,187,2025.12.19 17:00:00,2025-12-19,2025.12.19 21:00:00,CLOSE,8.0388,-0.15600000000002184,-0.019405881474849708,0,RISK_ON,-0.0007457767564037592,0.01111812019464527,-0.04932151681239007,-0.03626943005181347
P3_2025,Return,US30_BOOK,50,2025.12.19 16:00:00,2025-12-19,2025.12.19 22:00:00,CLOSE,8.0388,2.496000000000058,0.3104941035975591,0,RISK_ON,-0.0007457767564037592,0.01111812019464527,0.18391654823338757,-0.3269230769230769
P3_2025,Cross,US100_BOOK,188,2025.12.22 17:00:00,2025-12-22,2025.12.22 21:00:00,CLOSE,8.1324,0.5839999999999781,0.07181151935467735,0,RISK_OFF,0.01582360305228808,-0.00137092393804054,0.041895884017136995,-0.03626943005181347
P3_2025,Passive,US100_BOOK,126,2025.12.23 15:49:07,2025-12-23,2025.12.23 16:45:00,CLOSE,8.1558,0.9240000000000146,0.11329360700360659,0,RISK_OFF,0.007653464373209499,-0.0054608255304643945,0.11149224506451144,-0.07692307692307693
P3_2025,RC16,US30_BOOK,77,2025.12.23 13:30:00,2025-12-23,2025.12.23 17:30:00,CLOSE,8.1558,0.05600000000005821,0.006866279212346823,0,RISK_OFF,0.007653464373209499,-0.0054608255304643945,-0.051495139775081876,-0.08860759493670886
P3_2025,Cross,US100_BOOK,189,2025.12.23 17:00:00,2025-12-23,2025.12.23 21:00:00,CLOSE,8.1928,0.8190000000000145,0.09996582365003595,0,RISK_OFF,0.007653464373209499,-0.0054608255304643945,0.0700501883124956,-0.03626943005181347
P3_2025,Return,US30_BOOK,51,2025.12.23 16:00:00,2025-12-23,2025.12.23 22:00:00,CLOSE,8.1558,1.738000000000029,0.21309987984011736,0,RISK_OFF,0.007653464373209499,-0.0054608255304643945,0.08652232447594585,-0.3269230769230769
P3_2025,RC16,US30_BOOK,78,2025.12.24 13:30:00,2025-12-24,2025.12.24 17:30:00,CLOSE,8.2973,1.9860000000000582,0.2393549708941533,0,RISK_OFF,0.001607652950785444,-0.0019810175057399545,0.18099355190672461,-0.08860759493670886
P3_2025,RC4,US30_BOOK,65,2025.12.24 13:00:00,2025-12-24,2025.12.24 19:00:00,CLOSE,8.2973,2.8860000000000583,0.3478239909368178,0,RISK_OFF,0.001607652950785444,-0.0019810175057399545,0.2859405893381111,-0.29411764705882354
P3_2025,Passive,US100_BOOK,127,2025.12.26 15:12:37,2025-12-26,2025.12.26 15:15:04,CLOSE,8.4922,0.044000000000014555,0.005181225124233362,0,MIXED,0.0030427303717967653,0.0038231658411469385,0.0033798631851382167,-0.07692307692307693
P3_2025,RC4,US30_BOOK,66,2025.12.26 13:00:00,2025-12-26,2025.12.26 19:00:00,CLOSE,8.4922,0.2880000000000291,0.03391347354042876,0,MIXED,0.0030427303717967653,0.0038231658411469385,-0.027969928058277943,-0.29411764705882354
P3_2025,Cross,US100_BOOK,190,2025.12.26 17:00:00,2025-12-26,2025.12.26 21:00:00,CLOSE,8.4939,-0.12599999999998546,-0.014834175113903562,0,MIXED,0.0030427303717967653,0.0038231658411469385,-0.04474981045144392,-0.03626943005181347
P3_2025,Passive,US100_BOOK,128,2025.12.29 13:00:12,2025-12-29,2025.12.29 13:45:01,CLOSE,8.5004,0.27400000000001457,0.03223377723401423,0,MIXED,-0.014238426547047761,-0.00015991556492276994,0.030432415294919083,-0.07692307692307693
P3_2025,Passive,US100_BOOK,129,2025.12.29 16:00:23,2025-12-29,2025.12.29 16:45:00,CLOSE,8.5114,1.0240000000000147,0.12030923232370876,0,MIXED,-0.014238426547047761,-0.00015991556492276994,0.1185078703846136,-0.07692307692307693
P3_2025,Cross,US100_BOOK,191,2025.12.29 17:00:00,2025-12-29,2025.12.29 21:00:00,CLOSE,8.5523,-0.30599999999998545,-0.0357798486956708,0,MIXED,-0.014238426547047761,-0.00015991556492276994,-0.06569548403321115,-0.03626943005181347
P3_2025,Return,US30_BOOK,52,2025.12.29 16:00:00,2025-12-29,2025.12.29 22:00:00,CLOSE,8.5114,-0.9839999999999418,-0.11560965293605538,0,MIXED,-0.014238426547047761,-0.00015991556492276994,-0.24218720830022689,-0.3269230769230769
P3_2025,RC16,US30_BOOK,79,2025.12.30 13:30:00,2025-12-30,2025.12.30 17:30:00,CLOSE,8.5007,-0.8139999999999419,-0.0957568200265792,0,RISK_OFF,0.008021602245159134,-0.0003462803751344434,-0.1541182390140079,-0.08860759493670886
P3_2025,RC4,US30_BOOK,67,2025.12.30 13:00:00,2025-12-30,2025.12.30 19:00:00,CLOSE,8.5007,1.0860000000000583,0.1277541849494816,0,RISK_OFF,0.008021602245159134,-0.0003462803751344434,0.0658707833507749,-0.29411764705882354
P3_2025,Cross,US100_BOOK,192,2025.12.30 17:00:00,2025-12-30,2025.12.30 21:00:00,CLOSE,8.5007,-0.2460000000000218,-0.028938793275850437,0,RISK_OFF,0.008021602245159134,-0.0003462803751344434,-0.0588544286133908,-0.03626943005181347
P3_2025,Passive,US100_BOOK,130,2025.12.31 14:00:49,2025-12-31,2025.12.31 17:00:00,CLOSE,8.5018,0.07399999999997817,0.008704039144649154,0,RISK_ON,-0.003841725815998646,0.0021795900646307846,0.006902677205554009,-0.07692307692307693
P3_2025,RC4,US30_BOOK,68,2025.12.31 13:00:00,2025-12-31,2025.12.31 19:00:00,CLOSE,8.5018,0.5260000000000582,0.06186925121739611,0,RISK_ON,-0.003841725815998646,0.0021795900646307846,-1.4150381310591709e-05,-0.29411764705882354
P3_2025,Cross,US100_BOOK,193,2025.12.31 17:00:00,2025-12-31,2025.12.31 21:00:00,CLOSE,8.5047,-0.10600000000002183,-0.012463696544266326,0,RISK_ON,-0.003841725815998646,0.0021795900646307846,-0.04237933188180668,-0.03626943005181347
P4_2026_YTD,Passive,US100_BOOK,1,2026.01.02 12:15:45,2026-01-02,2026.01.02 14:15:00,CLOSE,4.0,0.33400000000001456,0.08350000000000364,0,MIXED,0.012311306886559003,0.0024119922105306766,0.07433226878414137,-0.06521739130434782
P4_2026_YTD,Cross,US100_BOOK,1,2026.01.02 17:00:00,2026-01-02,2026.01.02 17:20:41,EXTERNAL_CLOSE,4.0134,-2.0160000000000218,-0.5023172372552005,1,MIXED,0.012311306886559003,0.0024119922105306766,-0.5093291534107964,0.9147286821705426
P4_2026_YTD,RC16,US30_BOOK,1,2026.01.05 13:30:00,2026-01-05,2026.01.05 17:30:00,CLOSE,3.9327,6.726000000000059,1.7102753833244484,0,MIXED,0.018302663685977924,0.0014157443311575155,1.5337616120962059,-0.06818181818181818
P4_2026_YTD,Cross,US100_BOOK,2,2026.01.05 17:00:00,2026-01-05,2026.01.05 21:00:00,CLOSE,3.9327,-0.38650000000001455,-0.09827853637450468,0,MIXED,0.018302663685977924,0.0014157443311575155,-0.10529045253010062,-0.08527131782945736
P4_2026_YTD,Passive,US100_BOOK,2,2026.01.06 12:22:20,2026-01-06,2026.01.06 13:15:00,CLOSE,4.1863,0.23399999999997817,0.05589661514941074,0,RISK_ON,-0.0006924522979228967,0.0006653104814303002,0.04672888393354846,-0.06521739130434782
P4_2026_YTD,Cross,US100_BOOK,3,2026.01.06 17:00:00,2026-01-06,2026.01.06 21:00:00,CLOSE,4.1957,0.48399999999997817,0.11535619801224542,0,RISK_ON,-0.0006924522979228967,0.0006653104814303002,0.10834428185664947,-0.08527131782945736
P4_2026_YTD,Passive,US100_BOOK,3,2026.01.07 16:30:01,2026-01-07,2026.01.07 20:30:00,CLOSE,4.215,-1.3459999999999854,-0.3193357058125707,0,MIXED,-0.0075486711980832484,-0.0007475346082848777,-0.328503437028433,-0.06521739130434782
P4_2026_YTD,Cross,US100_BOOK,4,2026.01.07 17:00:00,2026-01-07,2026.01.07 21:00:00,CLOSE,4.1948,0.7659999999999855,0.18260703728425323,0,MIXED,-0.0075486711980832484,-0.0007475346082848777,0.17559512112865727,-0.08527131782945736
P4_2026_YTD,Cross,US100_BOOK,5,2026.01.08 17:00:00,2026-01-08,2026.01.08 21:00:00,CLOSE,4.1918,-0.3760000000000218,-0.089698936017945,0,RISK_ON,-0.006234164952425164,0.00012123029623734274,-0.09671085217354095,-0.08527131782945736
P4_2026_YTD,RC16,US30_BOOK,2,2026.01.09 13:30:00,2026-01-09,2026.01.09 17:30:00,CLOSE,4.1768,1.656000000000058,0.39647577092512404,0,RISK_ON,-0.0020130778615666113,0.006552686499499492,0.21996199969688146,-0.06818181818181818
P4_2026_YTD,Cross,US100_BOOK,6,2026.01.09 17:00:00,2026-01-09,2026.01.09 20:36:00,EXTERNAL_CLOSE,4.1768,-2.1060000000000216,-0.5042137521547648,1,RISK_ON,-0.0020130778615666113,0.006552686499499492,-0.5112256683103608,0.9147286821705426
P4_2026_YTD,Cross,US100_BOOK,7,2026.01.12 17:00:00,2026-01-12,2026.01.12 21:00:00,CLOSE,4.1588,0.7340000000000145,0.17649321919784902,0,RISK_OFF,0.015351320718660114,-0.001133080041341992,0.16948130304225306,-0.08527131782945736
P4_2026_YTD,Passive,US100_BOOK,4,2026.01.13 16:25:00,2026-01-13,2026.01.13 17:15:00,CLOSE,4.176,0.8340000000000145,0.19971264367816438,0,RISK_ON,-0.004179995881010014,0.005092152258132727,0.1905449124623021,-0.06521739130434782
P4_2026_YTD,RC4,US30_BOOK,1,2026.01.13 13:00:00,2026-01-13,2026.01.13 19:00:00,CLOSE,4.1881,2.3460000000000583,0.5601585444473767,0,RISK_ON,-0.004179995881010014,0.005092152258132727,0.5254172213716457,-0.3548387096774194
P4_2026_YTD,Cross,US100_BOOK,8,2026.01.13 17:00:00,2026-01-13,2026.01.13 21:00:00,CLOSE,4.1881,-1.0659999999999854,-0.25453069410949725,0,RISK_ON,-0.004179995881010014,0.005092152258132727,-0.2615426102650932,-0.08527131782945736
P4_2026_YTD,Passive,US100_BOOK,5,2026.01.14 12:30:03,2026-01-14,2026.01.14 15:30:00,CLOSE,4.2727,0.24849999999998548,0.058159945701777675,0,RISK_OFF,0.008946217851665939,-0.001567245525435546,0.0489922144859154,-0.06521739130434782
P4_2026_YTD,Cross,US100_BOOK,9,2026.01.14 17:00:00,2026-01-14,2026.01.14 21:00:00,CLOSE,4.2826,0.7240000000000145,0.169056180824736,0,RISK_OFF,0.008946217851665939,-0.001567245525435546,0.16204426466914004,-0.08527131782945736
P4_2026_YTD,Return,US30_BOOK,1,2026.01.14 16:00:00,2026-01-14,2026.01.14 22:00:00,CLOSE,4.2826,-0.0319999999999709,-0.007472096390036636,0,RISK_OFF,0.008946217851665939,-0.001567245525435546,-0.0707845067148535,-0.25806451612903225
P4_2026_YTD,Passive,US100_BOOK,6,2026.01.15 13:02:13,2026-01-15,2026.01.15 14:45:00,CLOSE,4.3103,-0.06600000000002182,-0.015312159246461225,0,RISK_ON,-0.003942251840099559,0.00010733509078533277,-0.024479890462323503,-0.06521739130434782
P4_2026_YTD,RC16,US30_BOOK,3,2026.01.15 13:30:00,2026-01-15,2026.01.15 17:30:00,CLOSE,4.3103,2.4660000000000584,0.5721179500266939,0,RISK_ON,-0.003942251840099559,0.00010733509078533277,0.3956041787984513,-0.06818181818181818
P4_2026_YTD,Cross,US100_BOOK,10,2026.01.15 17:00:00,2026-01-15,2026.01.15 21:00:00,CLOSE,4.3077,-0.19600000000002182,-0.04549991875015016,0,RISK_ON,-0.003942251840099559,0.00010733509078533277,-0.05251183490574611,-0.08527131782945736
P4_2026_YTD,Return,US30_BOOK,2,2026.01.15 16:00:00,2026-01-15,2026.01.15 22:00:00,CLOSE,4.2888,3.498000000000029,0.8156127588136609,0,RISK_ON,-0.003942251840099559,0.00010733509078533277,0.7523003484888441,-0.25806451612903225
P4_2026_YTD,RC4,US30_BOOK,2,2026.01.16 13:00:00,2026-01-16,2026.01.16 17:35:15,EXTERNAL_CLOSE,4.5384,-2.2839999999999416,-0.5032610611669182,1,MIXED,-0.0039783564223938375,-0.0022858163114990904,-0.5380023842426491,0.6451612903225806
P4_2026_YTD,Cross,US100_BOOK,11,2026.01.16 17:00:00,2026-01-16,2026.01.16 21:00:00,CLOSE,4.4916,0.09400000000001456,0.02092795440377918,0,MIXED,-0.0039783564223938375,-0.0022858163114990904,0.013916038248183228,-0.08527131782945736
P4_2026_YTD,Cross,US100_BOOK,12,2026.01.20 17:00:00,2026-01-20,2026.01.20 21:00:00,CLOSE,4.4508,-1.2210000000000218,-0.2743327042329518,0,RISK_OFF,0.013057012152539823,-0.0017167168688341655,-0.28134462038854774,-0.08527131782945736
P4_2026_YTD,Passive,US100_BOOK,7,2026.01.21 13:47:25,2026-01-21,2026.01.21 16:15:00,CLOSE,4.402,0.9040000000000146,0.20536119945479658,0,RISK_OFF,0.0196866362947954,-0.0006833237638632776,0.1961934682389343,-0.06521739130434782
P4_2026_YTD,Cross,US100_BOOK,13,2026.01.21 17:00:00,2026-01-21,2026.01.21 21:00:00,CLOSE,4.4381,-0.4659999999999855,-0.1049998873391734,0,RISK_OFF,0.0196866362947954,-0.0006833237638632776,-0.11201180349476934,-0.08527131782945736
P4_2026_YTD,Return,US30_BOOK,3,2026.01.21 16:00:00,2026-01-21,2026.01.21 22:00:00,CLOSE,4.402,9.04800000000003,2.055429350295327,0,RISK_OFF,0.0196866362947954,-0.0006833237638632776,1.9921169399705103,-0.25806451612903225
P4_2026_YTD,Passive,US100_BOOK,8,2026.01.22 12:21:10,2026-01-22,2026.01.22 13:30:00,CLOSE,4.7814,0.11399999999997817,0.023842389258371646,0,RISK_ON,-0.002000854033552793,0.0029535407134728955,0.014674658042509368,-0.06521739130434782
P4_2026_YTD,RC16,US30_BOOK,4,2026.01.22 13:30:00,2026-01-22,2026.01.22 17:30:00,CLOSE,4.7814,1.4760000000000582,0.30869619776635676,0,RISK_ON,-0.002000854033552793,0.0029535407134728955,0.13218242653811418,-0.06818181818181818
P4_2026_YTD,RC4,US30_BOOK,3,2026.01.22 13:00:00,2026-01-22,2026.01.22 19:00:00,CLOSE,4.7814,1.926000000000058,0.4028108922073155,0,RISK_ON,-0.002000854033552793,0.0029535407134728955,0.3680695691315845,-0.3548387096774194
P4_2026_YTD,Cross,US100_BOOK,14,2026.01.22 17:00:00,2026-01-22,2026.01.22 21:00:00,CLOSE,4.786,-0.9939999999999781,-0.20768909318846182,0,RISK_ON,-0.002000854033552793,0.0029535407134728955,-0.21470100934405778,-0.08527131782945736
P4_2026_YTD,Cross,US100_BOOK,15,2026.01.23 17:00:00,2026-01-23,2026.01.23 21:00:00,CLOSE,4.8823,0.5240000000000146,0.1073264649857679,0,MIXED,-0.004703581175971948,-0.002143325376115947,0.10031454883017195,-0.08527131782945736
P4_2026_YTD,Return,US30_BOOK,4,2026.01.23 16:00:00,2026-01-23,2026.01.23 22:00:00,CLOSE,4.8823,-0.6839999999999419,-0.1400979046760629,0,MIXED,-0.004703581175971948,-0.002143325376115947,-0.20341031500087975,-0.25806451612903225
P4_2026_YTD,RC16,US30_BOOK,5,2026.01.26 13:30:00,2026-01-26,2026.01.26 17:30:00,CLOSE,4.8759,1.826000000000058,0.37449496503210855,0,RISK_OFF,0.015089465854167393,-0.006260339430446196,0.19798119380386597,-0.06818181818181818
P4_2026_YTD,Pressure,US30_BOOK,1,2026.01.26 15:00:00,2026-01-26,2026.01.26 19:00:00,CLOSE,4.8759,1.2660000000000582,0.25964437334647106,0,RISK_OFF,0.015089465854167393,-0.006260339430446196,0.09461474310809653,-0.10714285714285714
P4_2026_YTD,Cross,US100_BOOK,16,2026.01.26 17:00:00,2026-01-26,2026.01.26 21:00:00,CLOSE,4.8759,0.5939999999999781,0.1218236633236896,0,RISK_OFF,0.015089465854167393,-0.006260339430446196,0.11481174716809366,-0.08527131782945736
P4_2026_YTD,Passive,US100_BOOK,9,2026.01.27 13:50:31,2026-01-27,2026.01.27 15:30:00,CLOSE,5.0233,0.32400000000001455,0.06449943264388242,0,RISK_OFF,0.016366951572359907,-0.002871008058339973,0.05533170142802014,-0.06521739130434782
P4_2026_YTD,Cross,US100_BOOK,17,2026.01.27 17:00:00,2026-01-27,2026.01.27 21:00:00,CLOSE,5.0352,0.33400000000001456,0.06633301557038739,0,RISK_OFF,0.016366951572359907,-0.002871008058339973,0.05932109941479143,-0.08527131782945736
P4_2026_YTD,Return,US30_BOOK,5,2026.01.27 16:00:00,2026-01-27,2026.01.27 22:00:00,CLOSE,5.0363,-0.9939999999999418,-0.1973671147469257,0,RISK_OFF,0.016366951572359907,-0.002871008058339973,-0.2606795250717426,-0.25806451612903225
P4_2026_YTD,RC16,US30_BOOK,6,2026.01.28 13:30:00,2026-01-28,2026.01.28 17:30:00,CLOSE,5.0099,-0.3439999999999418,-0.06866404519051114,0,MIXED,0.018924944753379816,0.004212991676316838,-0.24517781641875372,-0.06818181818181818
P4_2026_YTD,Cross,US100_BOOK,18,2026.01.28 17:00:00,2026-01-28,2026.01.28 21:00:00,CLOSE,5.0099,0.7785000000000218,0.15539232320006824,0,MIXED,0.018924944753379816,0.004212991676316838,0.14838040704447228,-0.08527131782945736
P4_2026_YTD,Passive,US100_BOOK,10,2026.01.29 15:17:58,2026-01-29,2026.01.29 15:45:00,CLOSE,5.0273,0.4339999999999782,0.08632864559504667,0,RISK_OFF,0.016377218308298844,-0.00015001353411096816,0.0771609143791844,-0.06521739130434782
P4_2026_YTD,Cross,US100_BOOK,19,2026.01.29 17:00:00,2026-01-29,2026.01.29 21:00:00,CLOSE,5.0446,0.23400000000001453,0.04638623478571433,0,RISK_OFF,0.016377218308298844,-0.00015001353411096816,0.03937431863011838,-0.08527131782945736
P4_2026_YTD,Passive,US100_BOOK,11,2026.01.30 14:21:52,2026-01-30,2026.01.30 16:15:00,CLOSE,5.054,0.48399999999997817,0.09576573011475627,0,RISK_ON,-0.0709905039235207,0.008907062734902191,0.086597998898894,-0.06521739130434782
P4_2026_YTD,Cross,US100_BOOK,20,2026.01.30 17:00:00,2026-01-30,2026.01.30 21:00:00,CLOSE,5.0733,0.8439999999999781,0.16636114560542017,0,RISK_ON,-0.0709905039235207,0.008907062734902191,0.15934922944982421,-0.08527131782945736
P4_2026_YTD,Passive,US100_BOOK,12,2026.02.02 12:21:04,2026-02-02,2026.02.02 15:00:00,CLOSE,5.1071,-0.27600000000002184,-0.05404241154471654,0,MIXED,-0.014730303296185361,-0.00040698069341492117,-0.06321014276057882,-0.06521739130434782
P4_2026_YTD,RC4,US30_BOOK,4,2026.02.02 13:00:00,2026-02-02,2026.02.02 19:00:00,CLOSE,5.1071,5.846000000000059,1.144680934385475,0,MIXED,-0.014730303296185361,-0.00040698069341492117,1.109939611309744,-0.3548387096774194
P4_2026_YTD,Pressure,US30_BOOK,2,2026.02.02 15:00:00,2026-02-02,2026.02.02 19:00:00,CLOSE,5.0961,4.966000000000059,0.9744706736524125,0,MIXED,-0.014730303296185361,-0.00040698069341492117,0.809441043414038,-0.10714285714285714
P4_2026_YTD,RC4,US30_BOOK,5,2026.02.03 13:00:00,2026-02-03,2026.02.03 17:00:09,EXTERNAL_CLOSE,5.5285,-0.7219999999999709,-0.1305960025323272,1,MIXED,0.051548876795342806,0.0018623294769202611,-0.1653373256080582,0.6451612903225806
P4_2026_YTD,Cross,US100_BOOK,21,2026.02.03 17:00:00,2026-02-03,2026.02.03 21:00:00,CLOSE,5.5285,3.7689999999999784,0.6817400741611609,0,MIXED,0.051548876795342806,0.0018623294769202611,0.674728158005565,-0.08527131782945736
P4_2026_YTD,RC16,US30_BOOK,7,2026.02.04 13:30:00,2026-02-04,2026.02.04 17:30:00,CLOSE,5.6504,2.2360000000000584,0.395724196517071,0,MIXED,0.022178882399974318,0.006295431162321979,0.21921042528882845,-0.06818181818181818
P4_2026_YTD,Cross,US100_BOOK,22,2026.02.04 17:00:00,2026-02-04,2026.02.04 21:00:00,CLOSE,5.6504,2.5540000000000145,0.4520033979895254,0,MIXED,0.022178882399974318,0.006295431162321979,0.44499148183392945,-0.08527131782945736
P4_2026_YTD,RC16,US30_BOOK,8,2026.02.05 13:30:00,2026-02-05,2026.02.05 16:30:29,EXTERNAL_CLOSE,5.842,-2.9339999999999415,-0.5022252653200859,1,RISK_ON,-0.02469070363920398,0.003897696889449959,-0.6787390365483286,0.9318181818181819
P4_2026_YTD,Passive,US100_BOOK,13,2026.02.05 14:30:04,2026-02-05,2026.02.05 17:13:07,EXTERNAL_CLOSE,5.842,-2.9259999999999855,-0.5008558712769575,1,RISK_ON,-0.02469070363920398,0.003897696889449959,-0.5100236024928197,0.9347826086956522
P4_2026_YTD,Cross,US100_BOOK,23,2026.02.05 17:00:00,2026-02-05,2026.02.05 21:00:00,CLOSE,5.7136,-0.7059999999999854,-0.12356482777933098,0,RISK_ON,-0.02469070363920398,0.003897696889449959,-0.13057674393492694,-0.08527131782945736
P4_2026_YTD,Passive,US100_BOOK,14,2026.02.06 12:20:40,2026-02-06,2026.02.06 14:45:00,CLOSE,5.5794,-0.4460000000000218,-0.07993691077894072,0,MIXED,0.016754461816864588,0.0012361019765002289,-0.089104641994803,-0.06521739130434782
P4_2026_YTD,Pressure,US30_BOOK,3,2026.02.06 15:00:00,2026-02-06,2026.02.06 19:00:00,CLOSE,5.5615,7.408000000000029,1.3320147442236858,0,MIXED,0.016754461816864588,0.0012361019765002289,1.1669851139853114,-0.10714285714285714
P4_2026_YTD,Cross,US100_BOOK,24,2026.02.06 17:00:00,2026-02-06,2026.02.06 21:00:00,CLOSE,5.5615,-2.381499999999978,-0.4282118133597012,0,MIXED,0.016754461816864588,0.0012361019765002289,-0.43522372951529714,-0.08527131782945736
P4_2026_YTD,Cross,US100_BOOK,25,2026.02.09 17:00:00,2026-02-09,2026.02.09 21:00:00,CLOSE,5.7626,2.543999999999978,0.4414673931905699,0,RISK_OFF,0.004358674405023005,-0.0058246844139420075,0.43445547703497395,-0.08527131782945736
P4_2026_YTD,RC4,US30_BOOK,6,2026.02.10 13:00:00,2026-02-10,2026.02.10 16:51:49,EXTERNAL_CLOSE,5.8644,-2.961999999999971,-0.5050815087647451,1,MIXED,-0.003485164889456433,-0.0031635625435354102,-0.5398228318404761,0.6451612903225806
P4_2026_YTD,RC16,US30_BOOK,9,2026.02.10 13:30:00,2026-02-10,2026.02.10 17:30:00,CLOSE,5.8644,2.5060000000000584,0.4273241934383839,0,MIXED,-0.003485164889456433,-0.0031635625435354102,0.2508104222101413,-0.06818181818181818
P4_2026_YTD,Cross,US100_BOOK,26,2026.02.10 17:00:00,2026-02-10,2026.02.10 21:00:00,CLOSE,5.7459,0.7840000000000146,0.13644511738805315,0,MIXED,-0.003485164889456433,-0.0031635625435354102,0.1294332012324572,-0.08527131782945736
P4_2026_YTD,Passive,US100_BOOK,15,2026.02.11 15:18:40,2026-02-11,2026.02.11 17:15:00,CLOSE,5.8775,0.6839999999999781,0.11637601020841822,0,RISK_OFF,0.007177967732226624,-0.006622971615697713,0.10720827899255594,-0.06521739130434782
P4_2026_YTD,Cross,US100_BOOK,27,2026.02.11 17:00:00,2026-02-11,2026.02.11 21:00:00,CLOSE,5.8775,0.003999999999978172,0.000680561463203432,0,RISK_OFF,0.007177967732226624,-0.006622971615697713,-0.006331354692392519,-0.08527131782945736
P4_2026_YTD,RC16,US30_BOOK,10,2026.02.12 13:30:00,2026-02-12,2026.02.12 17:30:00,CLOSE,5.905,0.006000000000058207,0.0010160880609751408,0,MIXED,-0.004034821748045514,-0.0009347841688954968,-0.17549768316726744,-0.06818181818181818
P4_2026_YTD,Cross,US100_BOOK,28,2026.02.12 17:00:00,2026-02-12,2026.02.12 21:00:00,CLOSE,5.905,2.958999999999978,0.5011007620660419,0,MIXED,-0.004034821748045514,-0.0009347841688954968,0.494088845910446,-0.08527131782945736
P4_2026_YTD,RC16,US30_BOOK,11,2026.02.16 13:30:00,2026-02-16,2026.02.16 17:30:00,CLOSE,6.0236,-1.581999999999971,-0.2626336410120146,0,RISK_ON,-0.0072064004566455,0.006579164523367152,-0.43914741224025716,-0.06818181818181818
P4_2026_YTD,RC4,US30_BOOK,7,2026.02.16 13:00:00,2026-02-16,2026.02.16 19:00:00,CLOSE,6.0236,1.576000000000058,0.26163755893486584,0,RISK_ON,-0.0072064004566455,0.006579164523367152,0.22689623585913485,-0.3548387096774194
P4_2026_YTD,Passive,US100_BOOK,16,2026.02.17 13:16:13,2026-02-17,2026.02.17 14:00:00,CLOSE,6.0234,0.29399999999997817,0.0488096423946572,0,MIXED,-0.014012181045218139,-0.0028867776983516748,0.039641911178794925,-0.06521739130434782
P4_2026_YTD,Passive,US100_BOOK,17,2026.02.17 15:02:50,2026-02-17,2026.02.17 15:45:00,CLOSE,6.0351,0.23399999999997817,0.03877317691504336,0,MIXED,-0.014012181045218139,-0.0028867776983516748,0.029605445699181082,-0.06521739130434782
P4_2026_YTD,Cross,US100_BOOK,29,2026.02.17 17:00:00,2026-02-17,2026.02.17 18:13:26,EXTERNAL_CLOSE,6.0445,-3.036000000000022,-0.5022747952684294,1,MIXED,-0.014012181045218139,-0.0028867776983516748,-0.5092867114240254,0.9147286821705426
P4_2026_YTD,Return,US30_BOOK,6,2026.02.17 16:00:00,2026-02-17,2026.02.17 22:00:00,CLOSE,6.0445,1.748000000000029,0.28918851848788635,0,MIXED,-0.014012181045218139,-0.0028867776983516748,0.22587610816306947,-0.25806451612903225
P4_2026_YTD,Cross,US100_BOOK,30,2026.02.18 17:00:00,2026-02-18,2026.02.18 21:00:00,CLOSE,5.993,0.7585000000000218,0.1265643250458905,0,MIXED,0.007940025319521172,0.003989236972188676,0.11955240889029455,-0.08527131782945736
P4_2026_YTD,Return,US30_BOOK,7,2026.02.18 16:00:00,2026-02-18,2026.02.18 22:00:00,CLOSE,5.993,-0.003999999999941793,-0.0006674453529020178,0,MIXED,0.007940025319521172,0.003989236972188676,-0.06397985567771888,-0.25806451612903225
P4_2026_YTD,Passive,US100_BOOK,18,2026.02.19 12:30:38,2026-02-19,2026.02.19 14:45:00,CLOSE,6.0231,0.5940000000000145,0.09862031179957405,0,MIXED,0.0036115709666972554,0.00030365974835738427,0.08945258058371178,-0.06521739130434782
P4_2026_YTD,Passive,US100_BOOK,19,2026.02.20 14:00:46,2026-02-20,2026.02.20 16:45:00,CLOSE,6.0469,0.9760000000000219,0.1614050174469599,0,MIXED,0.005734812770208,0.003080951472528598,0.1522372862310976,-0.06521739130434782
P4_2026_YTD,Cross,US100_BOOK,31,2026.02.20 17:00:00,2026-02-20,2026.02.20 21:00:00,CLOSE,6.0859,1.8785000000000218,0.30866428958741055,0,MIXED,0.005734812770208,0.003080951472528598,0.3016523734318146,-0.08527131782945736
P4_2026_YTD,Return,US30_BOOK,8,2026.02.20 16:00:00,2026-02-20,2026.02.20 22:00:00,CLOSE,6.0469,2.0260000000000584,0.3350477103970726,0,MIXED,0.005734812770208,0.003080951472528598,0.2717353000722557,-0.25806451612903225
P4_2026_YTD,Cross,US100_BOOK,32,2026.02.23 17:00:00,2026-02-23,2026.02.23 21:00:00,CLOSE,6.2421,-2.0240000000000147,-0.3242498518126936,0,RISK_OFF,0.008387342838076104,-0.0002389848966461873,-0.33126176796828954,-0.08527131782945736
P4_2026_YTD,RC16,US30_BOOK,12,2026.02.24 13:30:00,2026-02-24,2026.02.24 17:30:00,CLOSE,6.1612,3.2260000000000586,0.5235992988378982,0,RISK_ON,-0.01065198528182251,0.008214590768713604,0.34708552760965566,-0.06818181818181818
P4_2026_YTD,Cross,US100_BOOK,33,2026.02.24 17:00:00,2026-02-24,2026.02.24 21:00:00,CLOSE,6.1612,-1.5559999999999854,-0.2525482048951479,0,RISK_ON,-0.01065198528182251,0.008214590768713604,-0.25956012105074383,-0.08527131782945736
P4_2026_YTD,RC4,US30_BOOK,8,2026.02.25 13:00:00,2026-02-25,2026.02.25 19:00:00,CLOSE,6.228,-1.7739999999999418,-0.2848426461143131,0,MIXED,0.009806788877170737,0.004898564881781066,-0.31958396919004406,-0.3548387096774194
P4_2026_YTD,Cross,US100_BOOK,34,2026.02.25 17:00:00,2026-02-25,2026.02.25 21:00:00,CLOSE,6.228,0.044000000000014555,0.0070648683365469745,0,MIXED,0.009806788877170737,0.004898564881781066,5.295218095102347e-05,-0.08527131782945736
P4_2026_YTD,RC16,US30_BOOK,13,2026.02.26 13:30:00,2026-02-26,2026.02.26 17:30:00,CLOSE,6.1588,-1.7839999999999419,-0.2896668182113304,0,RISK_OFF,0.004963710235542897,-0.0012039167165579104,-0.46618058943957297,-0.06818181818181818
P4_2026_YTD,Cross,US100_BOOK,35,2026.02.26 17:00:00,2026-02-26,2026.02.26 21:00:00,CLOSE,6.1588,1.9240000000000148,0.3123985191920528,0,RISK_OFF,0.004963710235542897,-0.0012039167165579104,0.30538660303645687,-0.08527131782945736
P4_2026_YTD,Return,US30_BOOK,9,2026.02.27 16:00:00,2026-02-27,2026.02.27 16:50:44,EXTERNAL_CLOSE,6.1644,-3.0939999999999417,-0.5019142171176338,1,RISK_ON,-0.0019629440417418056,0.00023069824771648902,-0.5652266274424507,0.7419354838709677
P4_2026_YTD,Passive,US100_BOOK,20,2026.02.27 14:01:23,2026-02-27,2026.02.27 17:15:00,CLOSE,6.1644,0.24399999999997818,0.03958211666990757,0,RISK_ON,-0.0019629440417418056,0.00023069824771648902,0.03041438545404529,-0.06521739130434782
P4_2026_YTD,Cross,US100_BOOK,36,2026.02.27 17:00:00,2026-02-27,2026.02.27 21:00:00,CLOSE,6.0406,0.24399999999997818,0.040393338410088096,0,RISK_ON,-0.0019629440417418056,0.00023069824771648902,0.033381422254492144,-0.08527131782945736
P4_2026_YTD,Passive,US100_BOOK,21,2026.03.02 13:25:23,2026-03-02,2026.03.02 14:30:00,CLOSE,6.0601,0.3440000000000145,0.05676473985578035,0,MIXED,0.015661987752405404,0.006421767825280011,0.04759700863991807,-0.06521739130434782
P4_2026_YTD,Cross,US100_BOOK,37,2026.03.02 17:00:00,2026-03-02,2026.03.02 21:00:00,CLOSE,6.0739,1.1309999999999854,0.18620655591958796,0,MIXED,0.015661987752405404,0.006421767825280011,0.179194639763992,-0.08527131782945736
P4_2026_YTD,Passive,US100_BOOK,22,2026.03.03 12:29:33,2026-03-03,2026.03.03 14:00:00,CLOSE,6.1191,0.4690000000000145,0.07664525828962013,0,RISK_ON,-0.009392202894686891,0.0022096369440501393,0.06747752707375784,-0.06521739130434782
P4_2026_YTD,Pressure,US30_BOOK,4,2026.03.03 15:00:00,2026-03-03,2026.03.03 19:00:00,CLOSE,6.1379,0.0960000000000582,0.015640528519535703,0,RISK_ON,-0.009392202894686891,0.0022096369440501393,-0.14938910171883882,-0.10714285714285714
P4_2026_YTD,Cross,US100_BOOK,38,2026.03.03 17:00:00,2026-03-03,2026.03.03 21:00:00,CLOSE,6.1379,3.1040000000000143,0.5057104221313502,0,RISK_ON,-0.009392202894686891,0.0022096369440501393,0.49869850597575427,-0.08527131782945736
P4_2026_YTD,Passive,US100_BOOK,23,2026.03.04 13:01:30,2026-03-04,2026.03.04 14:30:00,CLOSE,6.2659,1.3089999999999782,0.20890853668267578,0,RISK_OFF,0.015128693334986188,-0.00229390690490291,0.1997408054668135,-0.06521739130434782
P4_2026_YTD,Cross,US100_BOOK,39,2026.03.04 17:00:00,2026-03-04,2026.03.04 21:00:00,CLOSE,6.3182,2.6710000000000216,0.4227469849007663,0,RISK_OFF,0.015128693334986188,-0.00229390690490291,0.41573506874517036,-0.08527131782945736
P4_2026_YTD,Passive,US100_BOOK,24,2026.03.05 13:30:45,2026-03-05,2026.03.05 14:15:00,CLOSE,6.4251,0.45399999999997814,0.07066037882678529,0,MIXED,0.002794094639873774,0.0007957349031322484,0.06149264761092301,-0.06521739130434782
P4_2026_YTD,Return,US30_BOOK,10,2026.03.05 16:00:00,2026-03-05,2026.03.05 17:31:24,EXTERNAL_CLOSE,6.4432,-3.251999999999971,-0.5047181524708174,1,MIXED,0.002794094639873774,0.0007957349031322484,-0.5680305627956342,0.7419354838709677
P4_2026_YTD,Cross,US100_BOOK,40,2026.03.05 17:00:00,2026-03-05,2026.03.05 19:36:36,EXTERNAL_CLOSE,6.4432,-3.236000000000022,-0.5022349143282875,1,MIXED,0.002794094639873774,0.0007957349031322484,-0.5092468304838834,0.9147286821705426
P4_2026_YTD,Passive,US100_BOOK,25,2026.03.06 12:45:34,2026-03-06,2026.03.06 15:56:21,EXTERNAL_CLOSE,6.1837,-3.096000000000022,-0.5006711192328253,1,RISK_ON,-0.0009885336803241531,0.002524501039451035,-0.5098388504486875,0.9347826086956522
P4_2026_YTD,Passive,US100_BOOK,26,2026.03.06 16:00:33,2026-03-06,2026.03.06 17:30:00,CLOSE,6.0599,1.9139999999999782,0.3158467961517481,0,RISK_ON,-0.0009885336803241531,0.002524501039451035,0.3066790649358858,-0.06521739130434782
P4_2026_YTD,Pressure,US30_BOOK,5,2026.03.06 15:00:00,2026-03-06,2026.03.06 19:00:00,CLOSE,6.1837,2.2060000000000586,0.35674434400117383,0,RISK_ON,-0.0009885336803241531,0.002524501039451035,0.1917147137627993,-0.10714285714285714
P4_2026_YTD,Passive,US100_BOOK,27,2026.03.09 12:45:35,2026-03-09,2026.03.09 15:30:00,CLOSE,6.2247,0.23400000000001453,0.037592173116779044,0,RISK_ON,-0.016323747641446083,0.0037516860254259623,0.028424441900916766,-0.06521739130434782
P4_2026_YTD,Pressure,US30_BOOK,6,2026.03.09 15:00:00,2026-03-09,2026.03.09 19:00:00,CLOSE,6.2247,2.0280000000000293,0.3257988336787362,0,RISK_ON,-0.016323747641446083,0.0037516860254259623,0.16076920344036166,-0.10714285714285714
P4_2026_YTD,Cross,US100_BOOK,41,2026.03.09 17:00:00,2026-03-09,2026.03.09 21:00:00,CLOSE,6.234,2.413999999999978,0.3872313121591238,0,RISK_ON,-0.016323747641446083,0.0037516860254259623,0.3802193960035279,-0.08527131782945736
P4_2026_YTD,RC4,US30_BOOK,9,2026.03.10 13:00:00,2026-03-10,2026.03.10 15:06:19,EXTERNAL_CLOSE,6.4117,-3.2419999999999707,-0.5056381302930535,1,MIXED,0.0074127199378189144,0.0005772372065956409,-0.5403794533687845,0.6451612903225806
P4_2026_YTD,RC16,US30_BOOK,14,2026.03.10 13:30:00,2026-03-10,2026.03.10 15:07:51,EXTERNAL_CLOSE,6.4117,-3.2419999999999707,-0.5056381302930535,1,MIXED,0.0074127199378189144,0.0005772372065956409,-0.682151901521296,0.9318181818181819
P4_2026_YTD,Passive,US100_BOOK,28,2026.03.10 15:17:01,2026-03-10,2026.03.10 16:45:00,CLOSE,6.1524,1.0940000000000147,0.17781678694493444,0,MIXED,0.0074127199378189144,0.0005772372065956409,0.16864905572907216,-0.06521739130434782
P4_2026_YTD,Cross,US100_BOOK,42,2026.03.10 17:00:00,2026-03-10,2026.03.10 21:00:00,CLOSE,6.1961,2.004000000000014,0.3234292538855109,0,MIXED,0.0074127199378189144,0.0005772372065956409,0.316417337729915,-0.08527131782945736
P4_2026_YTD,Return,US30_BOOK,11,2026.03.10 16:00:00,2026-03-10,2026.03.10 22:00:00,CLOSE,6.1524,2.1660000000000585,0.35205773356739783,0,MIXED,0.0074127199378189144,0.0005772372065956409,0.28874532324258095,-0.25806451612903225
P4_2026_YTD,Passive,US100_BOOK,29,2026.03.11 12:50:37,2026-03-11,2026.03.11 13:30:00,CLOSE,6.3629,0.6190000000000145,0.09728268556790372,0,RISK_ON,-0.0007919449405239076,0.0022943255553867833,0.08811495435204145,-0.06521739130434782
P4_2026_YTD,Cross,US100_BOOK,43,2026.03.11 17:00:00,2026-03-11,2026.03.11 21:00:00,CLOSE,6.3877,-1.5259999999999854,-0.23889662945974066,0,RISK_ON,-0.0007919449405239076,0.0022943255553867833,-0.24590854561533662,-0.08527131782945736
P4_2026_YTD,Passive,US100_BOOK,30,2026.03.12 12:51:59,2026-03-12,2026.03.12 14:00:00,CLOSE,6.3266,0.2840000000000145,0.04488983024057385,0,RISK_OFF,0.00040949883324218364,-0.00020139212373135453,0.03572209902471157,-0.06521739130434782
P4_2026_YTD,Cross,US100_BOOK,44,2026.03.12 17:00:00,2026-03-12,2026.03.12 21:00:00,CLOSE,6.338,0.2940000000000145,0.0463868728305482,0,RISK_OFF,0.00040949883324218364,-0.00020139212373135453,0.03937495667495225,-0.08527131782945736
P4_2026_YTD,Passive,US100_BOOK,31,2026.03.13 13:19:48,2026-03-13,2026.03.13 17:15:00,CLOSE,6.3498,-0.6560000000000219,-0.10331034048316827,0,MIXED,0.0012804313124281652,0.00010670449455730625,-0.11247807169903054,-0.06521739130434782
P4_2026_YTD,Cross,US100_BOOK,45,2026.03.13 17:00:00,2026-03-13,2026.03.13 18:43:21,EXTERNAL_CLOSE,6.3498,-3.196000000000022,-0.5033229393051785,1,MIXED,0.0012804313124281652,0.00010670449455730625,-0.5103348554607744,0.9147286821705426
P4_2026_YTD,Pressure,US30_BOOK,7,2026.03.13 15:00:00,2026-03-13,2026.03.13 19:00:00,CLOSE,6.3498,-2.491000000000058,-0.39229582034080723,0,MIXED,0.0012804313124281652,0.00010670449455730625,-0.5573254505791818,-0.10714285714285714
P4_2026_YTD,Passive,US100_BOOK,32,2026.03.16 15:09:30,2026-03-16,2026.03.16 17:45:00,CLOSE,6.096,-0.035999999999985446,-0.005905511811021235,0,MIXED,-0.0019355471059231267,-0.001053773925032541,-0.015073243026883513,-0.06521739130434782
P4_2026_YTD,Pressure,US30_BOOK,8,2026.03.16 15:00:00,2026-03-16,2026.03.16 19:00:00,CLOSE,6.096,0.9290000000000145,0.15239501312336196,0,MIXED,-0.0019355471059231267,-0.001053773925032541,-0.01263461711501257,-0.10714285714285714
P4_2026_YTD,Cross,US100_BOOK,46,2026.03.16 17:00:00,2026-03-16,2026.03.16 21:00:00,CLOSE,6.096,0.5240000000000146,0.08595800524934621,0,MIXED,-0.0019355471059231267,-0.001053773925032541,0.07894608909375027,-0.08527131782945736
P4_2026_YTD,Passive,US100_BOOK,33,2026.03.17 14:38:45,2026-03-17,2026.03.17 18:30:00,CLOSE,6.1527,-1.5509999999999855,-0.2520844507289459,0,MIXED,0.003630455521179243,0.0013207964434656,-0.2612521819448082,-0.06521739130434782
P4_2026_YTD,Cross,US100_BOOK,47,2026.03.17 17:00:00,2026-03-17,2026.03.17 21:00:00,CLOSE,6.144,-0.6009999999999854,-0.0978190104166643,0,MIXED,0.003630455521179243,0.0013207964434656,-0.10483092657226024,-0.08527131782945736
P4_2026_YTD,RC4,US30_BOOK,10,2026.03.18 13:00:00,2026-03-18,2026.03.18 19:00:00,CLOSE,6.0666,6.949000000000014,1.1454521478258026,0,MIXED,-0.0035485977460489758,-0.00010695220819318653,1.1107108247500717,-0.3548387096774194
P4_2026_YTD,Passive,US100_BOOK,34,2026.03.18 15:15:24,2026-03-18,2026.03.18 19:00:00,CLOSE,6.0666,-1.4259999999999853,-0.235057528104702,0,MIXED,-0.0035485977460489758,-0.00010695220819318653,-0.2442252593205643,-0.06521739130434782
P4_2026_YTD,Return,US30_BOOK,12,2026.03.18 16:00:00,2026-03-18,2026.03.18 21:34:12,EXTERNAL_CLOSE,6.0666,-3.0809999999999853,-0.5078627237661928,1,MIXED,-0.0035485977460489758,-0.00010695220819318653,-0.5711751340910096,0.7419354838709677
P4_2026_YTD,Passive,US100_BOOK,35,2026.03.19 16:01:34,2026-03-19,2026.03.19 18:15:00,CLOSE,6.1643,1.1940000000000146,0.19369595898966868,0,MIXED,-0.025642484371648323,-0.004062701512847178,0.1845282277738064,-0.06521739130434782
P4_2026_YTD,Return,US30_BOOK,13,2026.03.19 16:00:00,2026-03-19,2026.03.19 22:00:00,CLOSE,6.1643,0.27900000000001457,0.04526061353276359,0,MIXED,-0.025642484371648323,-0.004062701512847178,-0.01805179679205328,-0.25806451612903225
P4_2026_YTD,Passive,US100_BOOK,36,2026.03.20 13:20:13,2026-03-20,2026.03.20 15:30:00,CLOSE,6.2232,1.5240000000000147,0.24489008870034942,0,MIXED,0.00797401561362117,0.005067017416858788,0.23572235748448714,-0.06521739130434782
P4_2026_YTD,Cross,US100_BOOK,48,2026.03.20 17:00:00,2026-03-20,2026.03.20 21:00:00,CLOSE,6.2842,0.7040000000000145,0.11202698831991574,0,MIXED,0.00797401561362117,0.005067017416858788,0.1050150721643198,-0.08527131782945736
P4_2026_YTD,Return,US30_BOOK,14,2026.03.20 16:00:00,2026-03-20,2026.03.20 21:22:14,EXTERNAL_CLOSE,6.2842,-3.190999999999985,-0.507781420069378,1,MIXED,0.00797401561362117,0.005067017416858788,-0.5710938303941948,0.7419354838709677
P4_2026_YTD,Passive,US100_BOOK,37,2026.03.23 14:15:06,2026-03-23,2026.03.23 17:15:00,CLOSE,6.1847,1.321000000000022,0.21359160508998365,0,RISK_ON,-0.05252622921565335,0.0012301128108402816,0.20442387387412136,-0.06521739130434782
P4_2026_YTD,Pressure,US30_BOOK,9,2026.03.23 15:00:20,2026-03-23,2026.03.23 19:00:00,CLOSE,6.1847,0.4790000000000145,0.07744918912801178,0,RISK_ON,-0.05252622921565335,0.0012301128108402816,-0.08758044111036274,-0.10714285714285714
P4_2026_YTD,Cross,US100_BOOK,49,2026.03.23 17:00:00,2026-03-23,2026.03.23 21:00:00,CLOSE,6.1847,-1.4160000000000217,-0.22895209145148862,0,RISK_ON,-0.05252622921565335,0.0012301128108402816,-0.23596400760708458,-0.08527131782945736
P4_2026_YTD,Cross,US100_BOOK,50,2026.03.24 17:00:00,2026-03-24,2026.03.24 21:00:00,CLOSE,6.2001,-0.27100000000002183,-0.04370897243593198,0,RISK_ON,-9.745517353042146e-05,0.0015455027378532332,-0.05072088859152793,-0.08527131782945736
P4_2026_YTD,Return,US30_BOOK,15,2026.03.24 16:00:00,2026-03-24,2026.03.24 22:00:00,CLOSE,6.2001,2.929000000000015,0.47241173529459446,0,RISK_ON,-9.745517353042146e-05,0.0015455027378532332,0.4090993249697776,-0.25806451612903225
P4_2026_YTD,RC16,US30_BOOK,15,2026.03.25 13:30:00,2026-03-25,2026.03.25 17:30:00,CLOSE,6.3064,-0.4209999999999855,-0.0667575796016722,0,MIXED,0.0181876348076227,0.0005922416518976694,-0.24327135082991477,-0.06818181818181818
P4_2026_YTD,Passive,US100_BOOK,38,2026.03.26 12:30:07,2026-03-26,2026.03.26 15:30:00,CLOSE,6.2896,-0.14600000000002183,-0.023212922920379967,0,MIXED,-0.01866218769330627,0.0,-0.03238065413624225,-0.06521739130434782
P4_2026_YTD,Pressure,US30_BOOK,10,2026.03.26 15:00:00,2026-03-26,2026.03.26 16:44:33,EXTERNAL_CLOSE,6.2896,-3.170999999999985,-0.504165606715846,1,MIXED,-0.01866218769330627,0.0,-0.6691952369542205,0.8928571428571429
P4_2026_YTD,Cross,US100_BOOK,51,2026.03.26 17:00:00,2026-03-26,2026.03.26 21:00:00,CLOSE,6.1569,3.5239999999999783,0.5723659633906638,0,MIXED,-0.01866218769330627,0.0,0.5653540472350679,-0.08527131782945736
P4_2026_YTD,Return,US30_BOOK,16,2026.03.27 16:00:00,2026-03-27,2026.03.27 16:58:37,EXTERNAL_CLOSE,6.2978,-3.170999999999985,-0.5035091619295604,1,MIXED,0.007938044474008931,0.0009263954492990436,-0.5668215722543772,0.7419354838709677
P4_2026_YTD,Passive,US100_BOOK,39,2026.03.27 13:00:11,2026-03-27,2026.03.27 17:00:00,CLOSE,6.2978,-2.5559999999999854,-0.40585601321096026,0,MIXED,0.007938044474008931,0.0009263954492990436,-0.41502374442682255,-0.06521739130434782
P4_2026_YTD,RC4,US30_BOOK,11,2026.03.30 13:00:00,2026-03-30,2026.03.30 14:26:49,EXTERNAL_CLOSE,6.0688,-3.1009999999999853,-0.5109741629317138,1,RISK_OFF,0.009665355409164515,-0.002914086595641068,-0.5457154860074448,0.6451612903225806
P4_2026_YTD,Passive,US100_BOOK,40,2026.03.30 16:00:24,2026-03-30,2026.03.30 16:45:00,CLOSE,5.9447,1.2039999999999782,0.20253334903358927,0,RISK_OFF,0.009665355409164515,-0.002914086595641068,0.193365617817727,-0.06521739130434782
P4_2026_YTD,Pressure,US30_BOOK,11,2026.03.30 15:00:00,2026-03-30,2026.03.30 19:00:00,CLOSE,5.9447,1.1390000000000144,0.19159923965885822,0,RISK_OFF,0.009665355409164515,-0.002914086595641068,0.026569609420483697,-0.10714285714285714
P4_2026_YTD,Cross,US100_BOOK,52,2026.03.30 17:00:00,2026-03-30,2026.03.30 21:00:00,CLOSE,5.9929,0.8940000000000146,0.1491765255552428,0,RISK_OFF,0.009665355409164515,-0.002914086595641068,0.14216460939964684,-0.08527131782945736
P4_2026_YTD,RC16,US30_BOOK,16,2026.03.31 13:30:00,2026-03-31,2026.03.31 17:30:00,CLOSE,6.0742,1.7090000000000145,0.2813539231503761,0,RISK_OFF,0.01223804395397744,-0.0006703315886335521,0.10484015192213353,-0.06818181818181818
P4_2026_YTD,Pressure,US30_BOOK,12,2026.03.31 15:00:00,2026-03-31,2026.03.31 19:00:00,CLOSE,6.0742,-0.7609999999999855,-0.12528398801488022,0,RISK_OFF,0.01223804395397744,-0.0006703315886335521,-0.29031361825325475,-0.10714285714285714
P4_2026_YTD,Cross,US100_BOOK,53,2026.03.31 17:00:00,2026-03-31,2026.03.31 21:00:00,CLOSE,6.0742,1.9090000000000145,0.31428006980343326,0,RISK_OFF,0.01223804395397744,-0.0006703315886335521,0.3072681536478373,-0.08527131782945736
P4_2026_YTD,Pressure,US30_BOOK,13,2026.04.01 15:00:00,2026-04-01,2026.04.01 19:00:00,CLOSE,6.1885,0.6089999999999418,0.09840833804636694,0,RISK_OFF,0.012093172613104672,-0.0006619322990411035,-0.06662129219200759,-0.10714285714285714
P4_2026_YTD,Passive,US100_BOOK,41,2026.04.02 14:58:46,2026-04-02,2026.04.02 16:30:00,CLOSE,6.2128,0.6240000000000145,0.10043780582024443,0,RISK_ON,-0.029490095575174343,0.005614675672190376,0.09127007460438216,-0.06521739130434782
P4_2026_YTD,RC4,US30_BOOK,12,2026.04.02 13:00:00,2026-04-02,2026.04.02 17:28:52,EXTERNAL_CLOSE,6.2128,-0.8310000000000582,-0.133756116404851,1,RISK_ON,-0.029490095575174343,0.005614675672190376,-0.168497439480582,0.6451612903225806
P4_2026_YTD,RC16,US30_BOOK,17,2026.04.02 13:30:00,2026-04-02,2026.04.02 17:30:00,CLOSE,6.2128,1.4989999999999417,0.24127607519957858,0,RISK_ON,-0.029490095575174343,0.005614675672190376,0.064762303971336,-0.06818181818181818
P4_2026_YTD,Cross,US100_BOOK,54,2026.04.02 17:00:00,2026-04-02,2026.04.02 21:00:00,CLOSE,6.2378,1.9240000000000148,0.3084420789380895,0,RISK_ON,-0.029490095575174343,0.005614675672190376,0.30143016278249357,-0.08527131782945736
P4_2026_YTD,Passive,US100_BOOK,42,2026.04.06 12:19:26,2026-04-06,2026.04.06 14:00:00,CLOSE,6.3028,0.6990000000000145,0.11090309068985442,0,RISK_OFF,0.004343160810573867,-0.00100340539094742,0.10173535947399215,-0.06521739130434782
P4_2026_YTD,Cross,US100_BOOK,55,2026.04.06 17:00:00,2026-04-06,2026.04.06 21:00:00,CLOSE,6.3308,-1.5259999999999854,-0.2410437859354245,0,RISK_OFF,0.004343160810573867,-0.00100340539094742,-0.24805570209102046,-0.08527131782945736
P4_2026_YTD,Passive,US100_BOOK,43,2026.04.07 12:17:10,2026-04-07,2026.04.07 14:00:00,CLOSE,6.2698,1.7539999999999782,0.2797537401511975,0,RISK_OFF,0.006826476969834889,-0.001140529655202312,0.27058600893533524,-0.06521739130434782
P4_2026_YTD,Return,US30_BOOK,17,2026.04.07 16:00:00,2026-04-07,2026.04.07 18:05:57,EXTERNAL_CLOSE,6.3399,-3.191000000000058,-0.5033202416441991,1,RISK_OFF,0.006826476969834889,-0.001140529655202312,-0.5666326519690159,0.7419354838709677
P4_2026_YTD,Passive,US100_BOOK,44,2026.04.07 14:32:16,2026-04-07,2026.04.07 18:30:00,CLOSE,6.3399,-1.4910000000000219,-0.23517721099702232,0,RISK_OFF,0.006826476969834889,-0.001140529655202312,-0.2443449422128846,-0.06521739130434782
P4_2026_YTD,RC16,US30_BOOK,18,2026.04.08 13:30:00,2026-04-08,2026.04.08 17:30:00,CLOSE,6.1526,-0.010999999999985447,-0.0017878620420611526,0,RISK_OFF,0.015020021128321404,-0.007342079884031578,-0.17830163327030374,-0.06818181818181818
P4_2026_YTD,Pressure,US30_BOOK,14,2026.04.08 15:00:00,2026-04-08,2026.04.08 19:00:00,CLOSE,6.1526,-0.47099999999998543,-0.07655300198289917,0,RISK_OFF,0.015020021128321404,-0.007342079884031578,-0.24158263222127369,-0.10714285714285714
P4_2026_YTD,Cross,US100_BOOK,56,2026.04.08 17:00:00,2026-04-08,2026.04.08 21:00:00,CLOSE,6.1526,-0.12599999999998546,-0.02047914702727066,0,RISK_OFF,0.015020021128321404,-0.007342079884031578,-0.027491063182866614,-0.08527131782945736
P4_2026_YTD,RC4,US30_BOOK,14,2026.04.09 13:00:00,2026-04-09,2026.04.09 19:00:00,CLOSE,6.1283,3.219000000000015,0.5252680188633088,0,MIXED,0.0012618431780691908,0.0032002043186886695,0.4905266957875778,-0.3548387096774194
P4_2026_YTD,Cross,US100_BOOK,57,2026.04.09 17:00:00,2026-04-09,2026.04.09 21:00:00,CLOSE,6.1283,-1.916000000000022,-0.3126478795098187,0,MIXED,0.0012618431780691908,0.0032002043186886695,-0.31965979566541464,-0.08527131782945736
P4_2026_YTD,RC16,US30_BOOK,19,2026.04.10 13:30:00,2026-04-10,2026.04.10 17:30:00,CLOSE,6.1804,-0.5809999999999855,-0.09400686039738294,0,RISK_ON,-0.004495250314927429,0.0025265394211835142,-0.2705206316256255,-0.06818181818181818
P4_2026_YTD,Passive,US100_BOOK,45,2026.04.10 15:45:09,2026-04-10,2026.04.10 18:45:00,CLOSE,6.1804,0.12400000000001456,0.020063426315451195,0,RISK_ON,-0.004495250314927429,0.0025265394211835142,0.010895695099588917,-0.06521739130434782
P4_2026_YTD,Cross,US100_BOOK,58,2026.04.10 17:00:00,2026-04-10,2026.04.10 21:00:00,CLOSE,6.1804,-0.3959999999999855,-0.06407352274933427,0,RISK_ON,-0.004495250314927429,0.0025265394211835142,-0.07108543890493021,-0.08527131782945736
P4_2026_YTD,RC16,US30_BOOK,20,2026.04.13 13:30:00,2026-04-13,2026.04.13 17:30:00,CLOSE,6.1463,0.21900000000001454,0.03563119275011219,0,MIXED,0.01784426659899354,0.00043214265137549765,-0.1408825784781304,-0.06818181818181818
P4_2026_YTD,Return,US30_BOOK,18,2026.04.13 16:00:00,2026-04-13,2026.04.13 22:00:00,CLOSE,6.1463,5.339000000000015,0.8686526853554194,0,MIXED,0.01784426659899354,0.00043214265137549765,0.8053402750306026,-0.25806451612903225
P4_2026_YTD,RC16,US30_BOOK,21,2026.04.14 13:30:00,2026-04-14,2026.04.14 17:30:00,CLOSE,6.3686,1.7690000000000146,0.27776905442326644,0,RISK_OFF,0.008875835162496242,-0.0022920882786365755,0.10125528319502386,-0.06818181818181818
P4_2026_YTD,Cross,US100_BOOK,59,2026.04.14 17:00:00,2026-04-14,2026.04.14 21:00:00,CLOSE,6.3686,-2.3759999999999857,-0.3730804258392717,0,RISK_OFF,0.008875835162496242,-0.0022920882786365755,-0.38009234199486763,-0.08527131782945736
P4_2026_YTD,Cross,US100_BOOK,60,2026.04.15 17:00:00,2026-04-15,2026.04.15 21:00:00,CLOSE,6.3444,1.1940000000000146,0.1881974654813717,0,RISK_ON,-0.004346765982084748,0.00019527251601403822,0.18118554932577574,-0.08527131782945736
P4_2026_YTD,Passive,US100_BOOK,46,2026.04.16 13:45:27,2026-04-16,2026.04.16 16:30:00,CLOSE,6.3921,0.5940000000000145,0.09292720702116902,0,MIXED,0.004912582128846656,7.548451627437863e-05,0.08375947580530674,-0.06521739130434782
P4_2026_YTD,RC4,US30_BOOK,15,2026.04.16 13:00:00,2026-04-16,2026.04.16 19:00:00,CLOSE,6.3921,-0.7909999999999855,-0.12374649958542348,0,MIXED,0.004912582128846656,7.548451627437863e-05,-0.15848782266115446,-0.3548387096774194
P4_2026_YTD,Cross,US100_BOOK,61,2026.04.16 17:00:00,2026-04-16,2026.04.16 21:00:00,CLOSE,6.4159,-1.3959999999999855,-0.2175844386602013,0,MIXED,0.004912582128846656,7.548451627437863e-05,-0.22459635481579726,-0.08527131782945736
P4_2026_YTD,Passive,US100_BOOK,47,2026.04.17 13:07:24,2026-04-17,2026.04.17 17:00:00,CLOSE,6.3284,-1.8860000000000217,-0.2980216168383828,0,MIXED,0.0008823760057263388,0.00028281876219609124,-0.3071893480542451,-0.06521739130434782
P4_2026_YTD,RC16,US30_BOOK,22,2026.04.17 13:30:00,2026-04-17,2026.04.17 17:30:00,CLOSE,6.3284,7.789000000000015,1.2308008343341152,0,MIXED,0.0008823760057263388,0.00028281876219609124,1.0542870631058727,-0.06818181818181818
P4_2026_YTD,RC4,US30_BOOK,16,2026.04.17 13:00:00,2026-04-17,2026.04.17 19:00:00,CLOSE,6.3284,9.129000000000016,1.4425447190443106,0,MIXED,0.0008823760057263388,0.00028281876219609124,1.4078033959685796,-0.3548387096774194
P4_2026_YTD,RC16,US30_BOOK,23,2026.04.20 13:30:00,2026-04-20,2026.04.20 17:30:00,CLOSE,6.9297,2.2090000000000147,0.31877281844813116,0,MIXED,0.004254125242753026,0.0013029399815858004,0.14225904721988858,-0.06818181818181818
P4_2026_YTD,Cross,US100_BOOK,62,2026.04.20 17:00:00,2026-04-20,2026.04.20 21:00:00,CLOSE,6.9297,0.7440000000000145,0.10736395514957567,0,MIXED,0.004254125242753026,0.0013029399815858004,0.10035203899397972,-0.08527131782945736
P4_2026_YTD,Cross,US100_BOOK,63,2026.04.21 17:00:00,2026-04-21,2026.04.21 21:00:00,CLOSE,7.0478,1.3739999999999781,0.1949544538721272,0,RISK_ON,-0.007338302161037293,0.0027997212276952843,0.18794253771653124,-0.08527131782945736
P4_2026_YTD,Cross,US100_BOOK,64,2026.04.22 17:00:00,2026-04-22,2026.04.22 21:00:00,CLOSE,7.1028,-1.6659999999999855,-0.23455538660809616,0,MIXED,0.007750954385323499,0.00018828018657692682,-0.24156730276369212,-0.08527131782945736
P4_2026_YTD,Passive,US100_BOOK,48,2026.04.23 15:00:48,2026-04-23,2026.04.23 17:15:00,CLOSE,7.0361,0.4939999999999782,0.07020934892909114,0,RISK_ON,-0.008940877441775638,0.0016232498009846321,0.061041617713228864,-0.06521739130434782
P4_2026_YTD,Cross,US100_BOOK,65,2026.04.23 17:00:00,2026-04-23,2026.04.23 21:00:00,CLOSE,7.0361,1.3339999999999783,0.1895936669461745,0,RISK_ON,-0.008940877441775638,0.0016232498009846321,0.18258175079057853,-0.08527131782945736
P4_2026_YTD,Passive,US100_BOOK,49,2026.04.24 14:15:49,2026-04-24,2026.04.24 16:30:00,CLOSE,7.1092,0.7740000000000146,0.10887300962133778,0,RISK_ON,-0.003324404637472718,0.0008456183382944891,0.0997052784054755,-0.06521739130434782
P4_2026_YTD,Passive,US100_BOOK,50,2026.04.27 14:22:26,2026-04-27,2026.04.27 15:15:00,CLOSE,7.1402,0.24400000000001454,0.034172712248958646,0,RISK_OFF,0.0019139738652205124,-0.002516592946864475,0.02500498103309637,-0.06521739130434782
P4_2026_YTD,RC4,US30_BOOK,17,2026.04.27 13:00:00,2026-04-27,2026.04.27 19:00:00,CLOSE,7.1402,0.24600000000005823,0.03445281644772671,0,RISK_OFF,0.0019139738652205124,-0.002516592946864475,-0.00028850662800428833,-0.3548387096774194
P4_2026_YTD,Cross,US100_BOOK,66,2026.04.27 17:00:00,2026-04-27,2026.04.27 21:00:00,CLOSE,7.15,-0.2759999999999855,-0.03860139860139657,0,RISK_OFF,0.0019139738652205124,-0.002516592946864475,-0.04561331475699252,-0.08527131782945736
P4_2026_YTD,Passive,US100_BOOK,51,2026.04.28 13:17:20,2026-04-28,2026.04.28 17:15:00,CLOSE,7.1488,-0.5559999999999855,-0.07777529095792099,0,RISK_ON,-0.01163723994088989,0.001091716864399787,-0.08694302217378327,-0.06521739130434782
P4_2026_YTD,Cross,US100_BOOK,67,2026.04.28 17:00:00,2026-04-28,2026.04.28 21:00:00,CLOSE,7.1488,-0.6759999999999855,-0.0945613249776166,0,RISK_ON,-0.01163723994088989,0.001091716864399787,-0.10157324113321255,-0.08527131782945736
P4_2026_YTD,Cross,US100_BOOK,68,2026.04.29 17:00:00,2026-04-29,2026.04.29 21:00:00,CLOSE,7.0995,0.25900000000001455,0.03648144235509748,0,RISK_ON,-0.004498792348480288,0.0014718918343003106,0.02946952619950153,-0.08527131782945736
P4_2026_YTD,Pressure,US30_BOOK,15,2026.04.30 15:00:00,2026-04-30,2026.04.30 19:00:00,CLOSE,7.1098,4.568000000000029,0.6424934597316421,0,RISK_OFF,0.015388159923364604,-0.004245866039994027,0.47746382949326754,-0.10714285714285714
P4_2026_YTD,Cross,US100_BOOK,69,2026.04.30 17:00:00,2026-04-30,2026.04.30 21:00:00,CLOSE,7.1098,-2.9559999999999858,-0.41576415651635573,0,RISK_OFF,0.015388159923364604,-0.004245866039994027,-0.42277607267195166,-0.08527131782945736
P4_2026_YTD,RC16,US30_BOOK,24,2026.05.01 13:30:00,2026-05-01,2026.05.01 17:30:00,CLOSE,7.1743,0.9160000000000582,0.12767796161298778,0,MIXED,-0.012400282003179415,-0.00043451312849375343,-0.0488358096152548,-0.06818181818181818
P4_2026_YTD,RC4,US30_BOOK,18,2026.05.01 13:00:00,2026-05-01,2026.05.01 19:00:00,CLOSE,7.1743,-1.3139999999999419,-0.1831537571609693,0,MIXED,-0.012400282003179415,-0.00043451312849375343,-0.2178950802367003,-0.3548387096774194
P4_2026_YTD,Cross,US100_BOOK,70,2026.05.01 17:00:00,2026-05-01,2026.05.01 21:00:00,CLOSE,7.1743,0.08900000000001455,0.012405391466765336,0,MIXED,-0.012400282003179415,-0.00043451312849375343,0.005393475311169385,-0.08527131782945736
P4_2026_YTD,Passive,US100_BOOK,52,2026.05.04 13:15:12,2026-05-04,2026.05.04 16:15:00,CLOSE,7.162,1.5740000000000147,0.21977101368333074,0,RISK_ON,-0.012111041865048947,0.0017792747933285562,0.21060328246746846,-0.06521739130434782
P4_2026_YTD,RC4,US30_BOOK,19,2026.05.04 13:00:00,2026-05-04,2026.05.04 18:47:40,EXTERNAL_CLOSE,7.162,-3.611999999999971,-0.5043283998882953,1,RISK_ON,-0.012111041865048947,0.0017792747933285562,-0.5390697229640262,0.6451612903225806
P4_2026_YTD,Cross,US100_BOOK,71,2026.05.04 17:00:00,2026-05-04,2026.05.04 21:00:00,CLOSE,7.2249,-1.0459999999999854,-0.14477709034034872,0,RISK_ON,-0.012111041865048947,0.0017792747933285562,-0.15178900649594468,-0.08527131782945736
P4_2026_YTD,RC16,US30_BOOK,25,2026.05.05 13:30:00,2026-05-05,2026.05.05 17:30:00,CLOSE,7.0386,1.386000000000058,0.19691415906573156,0,MIXED,0.007612687814763435,0.0006423976280476938,0.020400387837488987,-0.06818181818181818
P4_2026_YTD,RC4,US30_BOOK,20,2026.05.05 13:00:00,2026-05-05,2026.05.05 19:00:00,CLOSE,7.0386,0.7880000000000291,0.11195408177763037,0,MIXED,0.007612687814763435,0.0006423976280476938,0.07721275870189938,-0.3548387096774194
P4_2026_YTD,Cross,US100_BOOK,72,2026.05.05 17:00:00,2026-05-05,2026.05.05 21:00:00,CLOSE,7.0386,0.7289999999999781,0.10357173301508513,0,MIXED,0.007612687814763435,0.0006423976280476938,0.09655981685948918,-0.08527131782945736
P4_2026_YTD,Passive,US100_BOOK,53,2026.05.06 12:15:28,2026-05-06,2026.05.06 15:15:00,CLOSE,7.1547,0.004000000000014551,0.0005590730568737405,0,RISK_OFF,0.03023412771811464,-0.01155043151242597,-0.008608658158988538,-0.06521739130434782
P4_2026_YTD,Pressure,US30_BOOK,16,2026.05.06 15:00:00,2026-05-06,2026.05.06 19:00:00,CLOSE,7.1547,0.3280000000000291,0.04584399066348402,0,RISK_OFF,0.03023412771811464,-0.01155043151242597,-0.1191856395748905,-0.10714285714285714
P4_2026_YTD,Cross,US100_BOOK,73,2026.05.06 17:00:00,2026-05-06,2026.05.06 21:00:00,CLOSE,7.1549,-1.3159999999999854,-0.1839298941983795,0,RISK_OFF,0.03023412771811464,-0.01155043151242597,-0.19094181035397545,-0.08527131782945736
P4_2026_YTD,Cross,US100_BOOK,74,2026.05.07 17:00:00,2026-05-07,2026.05.07 21:00:00,CLOSE,7.1154,-0.8659999999999854,-0.12170784495600885,0,MIXED,0.00754481968380811,7.037050071504564e-05,-0.1287197611116048,-0.08527131782945736
P4_2026_YTD,RC16,US30_BOOK,26,2026.05.08 13:30:00,2026-05-08,2026.05.08 17:30:00,CLOSE,7.0807,-0.16199999999997092,-0.022879093874895267,0,RISK_OFF,0.005940428320929936,-0.00019781320754809617,-0.19939286510313783,-0.06818181818181818
P4_2026_YTD,Passive,US100_BOOK,54,2026.05.08 16:34:52,2026-05-08,2026.05.08 20:30:00,CLOSE,7.0807,-3.3459999999999854,-0.4725521487988455,0,RISK_OFF,0.005940428320929936,-0.00019781320754809617,-0.4817198800147078,-0.06521739130434782
P4_2026_YTD,Cross,US100_BOOK,75,2026.05.08 17:00:00,2026-05-08,2026.05.08 21:00:00,CLOSE,7.0807,1.5390000000000146,0.2173513918115461,0,RISK_OFF,0.005940428320929936,-0.00019781320754809617,0.21033947565595015,-0.08527131782945736
P4_2026_YTD,Passive,US100_BOOK,55,2026.05.11 14:30:49,2026-05-11,2026.05.11 15:15:00,CLOSE,7.002,0.7740000000000146,0.11053984575835683,0,RISK_ON,-0.0032448289322770138,0.004536602016962619,0.10137211454249456,-0.06521739130434782
P4_2026_YTD,RC16,US30_BOOK,27,2026.05.11 13:30:00,2026-05-11,2026.05.11 17:30:00,CLOSE,7.002,1.136000000000058,0.1622393601828132,0,RISK_ON,-0.0032448289322770138,0.004536602016962619,-0.01427441104542937,-0.06818181818181818
P4_2026_YTD,Cross,US100_BOOK,76,2026.05.11 17:00:00,2026-05-11,2026.05.11 21:00:00,CLOSE,7.0329,-1.3209999999999855,-0.18783147776877043,0,RISK_ON,-0.0032448289322770138,0.004536602016962619,-0.1948433939243664,-0.08527131782945736
P4_2026_YTD,Cross,US100_BOOK,77,2026.05.12 17:00:00,2026-05-12,2026.05.12 19:41:54,EXTERNAL_CLOSE,7.0255,-3.5159999999999854,-0.5004626005266508,1,RISK_ON,-0.006734189145659873,0.0034638507489914185,-0.5074745166822467,0.9147286821705426
P4_2026_YTD,Passive,US100_BOOK,56,2026.05.13 15:46:57,2026-05-13,2026.05.13 18:45:00,CLOSE,6.8849,1.4039999999999782,0.2039245304942669,0,RISK_ON,-0.0023395104075783464,0.001604571787335284,0.1947567992784046,-0.06521739130434782
P4_2026_YTD,Cross,US100_BOOK,78,2026.05.13 17:00:00,2026-05-13,2026.05.13 21:00:00,CLOSE,6.8849,-2.756000000000022,-0.40029630059986665,0,RISK_ON,-0.0023395104075783464,0.001604571787335284,-0.4073082167554626,-0.08527131782945736
P4_2026_YTD,Return,US30_BOOK,19,2026.05.13 16:00:00,2026-05-13,2026.05.13 22:00:00,CLOSE,6.8849,1.698000000000029,0.24662667576871544,0,RISK_ON,-0.0023395104075783464,0.001604571787335284,0.18331426544389856,-0.25806451612903225
P4_2026_YTD,Cross,US100_BOOK,79,2026.05.14 17:00:00,2026-05-14,2026.05.14 21:00:00,CLOSE,6.8987,1.8540000000000145,0.26874628553205887,0,MIXED,0.0002386675542789964,0.0008173377421929912,0.26173436937646294,-0.08527131782945736
P4_2026_YTD,Passive,US100_BOOK,57,2026.05.15 12:45:33,2026-05-15,2026.05.15 14:15:00,CLOSE,6.9729,1.1739999999999782,0.16836610305611413,0,RISK_ON,-0.021273769895980517,0.0015527267354538108,0.15919837184025185,-0.06521739130434782
P4_2026_YTD,Pressure,US30_BOOK,17,2026.05.15 15:00:00,2026-05-15,2026.05.15 19:00:00,CLOSE,7.0198,1.4660000000000581,0.20883785862845924,0,RISK_ON,-0.021273769895980517,0.0015527267354538108,0.04380822839008472,-0.10714285714285714
P4_2026_YTD,Cross,US100_BOOK,80,2026.05.15 17:00:00,2026-05-15,2026.05.15 21:00:00,CLOSE,7.0198,-3.066000000000022,-0.4367645801874729,0,RISK_ON,-0.021273769895980517,0.0015527267354538108,-0.4437764963430688,-0.08527131782945736
P4_2026_YTD,Return,US30_BOOK,20,2026.05.15 16:00:00,2026-05-15,2026.05.15 22:00:00,CLOSE,7.0198,-0.2019999999999709,-0.028775748596821974,0,RISK_ON,-0.021273769895980517,0.0015527267354538108,-0.09208815892163884,-0.25806451612903225
P4_2026_YTD,RC4,US30_BOOK,21,2026.05.18 13:00:00,2026-05-18,2026.05.18 15:45:24,EXTERNAL_CLOSE,6.9478,-3.501999999999971,-0.504044445723822,1,MIXED,0.0042111074965643525,0.001840251600170503,-0.538785768799553,0.6451612903225806
P4_2026_YTD,RC16,US30_BOOK,28,2026.05.18 13:30:00,2026-05-18,2026.05.18 17:30:00,CLOSE,6.9478,4.928000000000029,0.7092892714240521,0,MIXED,0.0042111074965643525,0.001840251600170503,0.5327755001958094,-0.06818181818181818
P4_2026_YTD,Cross,US100_BOOK,81,2026.05.18 17:00:00,2026-05-18,2026.05.18 21:00:00,CLOSE,6.8077,2.269000000000015,0.3332990584191452,0,MIXED,0.0042111074965643525,0.001840251600170503,0.32628714226354927,-0.08527131782945736
P4_2026_YTD,Cross,US100_BOOK,82,2026.05.19 17:00:00,2026-05-19,2026.05.19 21:00:00,CLOSE,7.0956,1.2920000000000074,0.18208467219121813,0,RISK_ON,-0.005534160200915405,0.0022396285037028785,0.17507275603562217,-0.08527131782945736
P4_2026_YTD,Cross,US100_BOOK,83,2026.05.20 17:00:00,2026-05-20,2026.05.20 21:00:00,CLOSE,7.1472,2.0290000000000146,0.2838873964629526,0,MIXED,0.0003836485469527025,0.00017607626663180352,0.27687548030735665,-0.08527131782945736
P4_2026_YTD,Passive,US100_BOOK,58,2026.05.21 14:34:47,2026-05-21,2026.05.21 17:00:00,CLOSE,7.2284,0.22900000000001455,0.0316805932156514,0,RISK_ON,-0.003013669526209112,0.000799192040548893,0.02251286199978912,-0.06521739130434782
P4_2026_YTD,Return,US30_BOOK,21,2026.05.21 16:00:00,2026-05-21,2026.05.21 22:00:00,CLOSE,7.2284,3.558000000000029,0.4922251120579975,0,RISK_ON,-0.003013669526209112,0.000799192040548893,0.42891270173318063,-0.25806451612903225
P4_2026_YTD,Passive,US100_BOOK,59,2026.05.22 13:32:34,2026-05-22,2026.05.22 15:15:00,CLOSE,7.3799,1.1790000000000145,0.1597582623070793,0,RISK_ON,-0.0045738497029566335,0.0012139320619601855,0.150590531091217,-0.06521739130434782
P4_2026_YTD,Cross,US100_BOOK,84,2026.05.22 17:00:00,2026-05-22,2026.05.22 21:00:00,CLOSE,7.427,0.34400000000001457,0.04631749023832161,0,RISK_ON,-0.0045738497029566335,0.0012139320619601855,0.039305574082725656,-0.08527131782945736
P4_2026_YTD,RC16,US30_BOOK,29,2026.05.25 13:30:00,2026-05-25,2026.05.25 17:30:00,CLOSE,7.4408,0.4060000000000582,0.05456402537362356,0,MIXED,0.001994964914872592,0.0008435897129068998,-0.12194974585461901,-0.06818181818181818
P4_2026_YTD,RC4,US30_BOOK,22,2026.05.25 13:00:00,2026-05-25,2026.05.25 19:00:00,CLOSE,7.4408,0.25800000000002915,0.034673691000971556,0,MIXED,0.001994964914872592,0.0008435897129068998,-6.763207475943972e-05,-0.3548387096774194
P4_2026_YTD,Passive,US100_BOOK,60,2026.05.26 13:19:27,2026-05-26,2026.05.26 16:30:00,CLOSE,7.4674,-0.29599999999998544,-0.039638964030316505,0,RISK_ON,-0.010379833348053489,0.0022386145036465597,-0.04880669524617878,-0.06521739130434782
P4_2026_YTD,Cross,US100_BOOK,85,2026.05.26 17:00:00,2026-05-26,2026.05.26 21:00:00,CLOSE,7.4555,-0.12599999999998546,-0.016900274964789144,0,RISK_ON,-0.010379833348053489,0.0022386145036465597,-0.023912191120385097,-0.08527131782945736
P4_2026_YTD,Passive,US100_BOOK,61,2026.05.27 12:27:40,2026-05-27,2026.05.27 16:15:00,CLOSE,7.4505,-0.22600000000002182,-0.030333534662106143,0,RISK_ON,-0.00881644146053514,0.0008285160622318844,-0.03950126587796842,-0.06521739130434782
P4_2026_YTD,Cross,US100_BOOK,86,2026.05.27 17:00:00,2026-05-27,2026.05.27 21:00:00,CLOSE,7.4414,0.8439999999999781,0.11341951783266295,0,RISK_ON,-0.00881644146053514,0.0008285160622318844,0.106407601677067,-0.08527131782945736
P4_2026_YTD,Return,US30_BOOK,22,2026.05.27 16:00:00,2026-05-27,2026.05.27 22:00:00,CLOSE,7.4505,1.5360000000000582,0.20616066035837302,0,RISK_ON,-0.00881644146053514,0.0008285160622318844,0.14284825003355617,-0.25806451612903225
P4_2026_YTD,Cross,US100_BOOK,87,2026.05.28 17:00:00,2026-05-28,2026.05.28 21:00:00,CLOSE,7.5366,-3.3659999999999854,-0.44662049199904275,0,MIXED,-0.016727485212189055,-6.89851964313494e-05,-0.4536324081546387,-0.08527131782945736
P4_2026_YTD,RC16,US30_BOOK,30,2026.05.29 13:30:00,2026-05-29,2026.05.29 17:30:00,CLOSE,7.402,1.218000000000029,0.16455012158876373,0,MIXED,0.004219382764304969,0.0007033762347868494,-0.011963649639478852,-0.06818181818181818
P4_2026_YTD,Cross,US100_BOOK,88,2026.05.29 17:00:00,2026-05-29,2026.05.29 21:00:00,CLOSE,7.402,-2.1659999999999857,-0.2926236152391226,0,MIXED,0.004219382764304969,0.0007033762347868494,-0.29963553139471855,-0.08527131782945736
P4_2026_YTD,Cross,US100_BOOK,89,2026.06.01 17:00:00,2026-06-01,2026.06.01 20:43:29,EXTERNAL_CLOSE,7.3641,-3.766999999999971,-0.5115356934316442,1,RISK_ON,-0.004899084208385028,0.0006587512197692015,-0.5185476095872401,0.9147286821705426
P4_2026_YTD,Cross,US100_BOOK,90,2026.06.02 17:00:00,2026-06-02,2026.06.02 21:00:00,CLOSE,7.2134,0.20400000000001453,0.028280699808691398,0,MIXED,0.008846738529081518,0.0007703219762973288,0.021268783653095445,-0.08527131782945736
P4_2026_YTD,Return,US30_BOOK,23,2026.06.02 16:00:00,2026-06-02,2026.06.02 22:00:00,CLOSE,7.2134,5.156000000000058,0.7147808245764907,0,MIXED,0.008846738529081518,0.0007703219762973288,0.6514684142516739,-0.25806451612903225
P4_2026_YTD,Cross,US100_BOOK,91,2026.06.03 17:00:00,2026-06-03,2026.06.03 21:00:00,CLOSE,7.4278,-0.8759999999999855,-0.11793532405288044,0,MIXED,-0.010522654784526547,-0.0006007622351316144,-0.12494724020847639,-0.08527131782945736
P4_2026_YTD,Return,US30_BOOK,24,2026.06.03 16:00:00,2026-06-03,2026.06.03 22:00:00,CLOSE,7.4278,-2.6739999999999418,-0.3599989229650693,0,MIXED,-0.010522654784526547,-0.0006007622351316144,-0.4233113332898862,-0.25806451612903225
P4_2026_YTD,Passive,US100_BOOK,62,2026.06.04 12:18:50,2026-06-04,2026.06.04 15:15:00,CLOSE,7.2858,-0.11799999999999272,-0.016195887891514004,0,RISK_OFF,0.005659729021613006,-0.0008503348705726933,-0.025363619107376282,-0.06521739130434782
P4_2026_YTD,Pressure,US30_BOOK,18,2026.06.04 15:00:00,2026-06-04,2026.06.04 19:00:00,CLOSE,7.2858,4.148000000000029,0.5693266353729212,0,RISK_OFF,0.005659729021613006,-0.0008503348705726933,0.40429700513454664,-0.10714285714285714
P4_2026_YTD,Cross,US100_BOOK,92,2026.06.04 17:00:00,2026-06-04,2026.06.04 21:00:00,CLOSE,7.2811,-3.1159999999999854,-0.42795731414209187,0,RISK_OFF,0.005659729021613006,-0.0008503348705726933,-0.4349692302976878,-0.08527131782945736
P4_2026_YTD,Passive,US100_BOOK,63,2026.06.05 13:22:42,2026-06-05,2026.06.05 14:30:00,CLOSE,7.3224,0.33199999999997093,0.045340325576309806,0,RISK_ON,-0.0025356271243540144,0.00012505314775081866,0.03617259436044753,-0.06521739130434782
P4_2026_YTD,Passive,US100_BOOK,64,2026.06.05 16:06:03,2026-06-05,2026.06.05 18:37:55,EXTERNAL_CLOSE,7.3356,-3.6359999999999855,-0.4956649762800569,1,RISK_ON,-0.0025356271243540144,0.00012505314775081866,-0.5048327074959191,0.9347826086956522
P4_2026_YTD,Cross,US100_BOOK,93,2026.06.05 17:00:00,2026-06-05,2026.06.05 21:00:00,CLOSE,7.3356,3.0140000000000144,0.41087300289001777,0,RISK_ON,-0.0025356271243540144,0.00012505314775081866,0.40386108673442184,-0.08527131782945736
P4_2026_YTD,RC16,US30_BOOK,31,2026.06.08 13:30:00,2026-06-08,2026.06.08 17:30:00,CLOSE,7.3108,2.058000000000029,0.2815013404825777,0,MIXED,-0.010779050171188272,-0.0004123659868995855,0.10498756925433511,-0.06818181818181818
P4_2026_YTD,Pressure,US30_BOOK,19,2026.06.08 15:00:00,2026-06-08,2026.06.08 19:00:00,CLOSE,7.3108,-0.4539999999999418,-0.06209990698691549,0,MIXED,-0.010779050171188272,-0.0004123659868995855,-0.22712953722529,-0.10714285714285714
P4_2026_YTD,Passive,US100_BOOK,65,2026.06.08 15:21:01,2026-06-08,2026.06.08 19:15:00,CLOSE,7.3108,-2.0459999999999856,-0.2798599332494372,0,MIXED,-0.010779050171188272,-0.0004123659868995855,-0.2890276644652995,-0.06521739130434782
P4_2026_YTD,RC16,US30_BOOK,32,2026.06.09 13:30:00,2026-06-09,2026.06.09 17:30:00,CLOSE,7.2931,1.366000000000058,0.18730032496470062,0,RISK_ON,-0.0013304201562339601,0.0002435224599061458,0.010786553736458038,-0.06818181818181818
P4_2026_YTD,Cross,US100_BOOK,94,2026.06.09 17:00:00,2026-06-09,2026.06.09 21:00:00,CLOSE,7.2931,8.369000000000016,1.1475230011929105,0,RISK_ON,-0.0013304201562339601,0.0002435224599061458,1.1405110850373146,-0.08527131782945736
P4_2026_YTD,Passive,US100_BOOK,66,2026.06.10 12:15:52,2026-06-10,2026.06.10 15:15:00,CLOSE,7.6825,-0.020999999999985447,-0.0027334851936199737,0,RISK_ON,-0.02021921029606771,0.0006547584019605092,-0.011901216409482251,-0.06521739130434782
P4_2026_YTD,Cross,US100_BOOK,95,2026.06.10 17:00:00,2026-06-10,2026.06.10 18:51:43,EXTERNAL_CLOSE,7.6816,-3.924499999999971,-0.5108961674651076,1,RISK_ON,-0.02021921029606771,0.0006547584019605092,-0.5179080836207035,0.9147286821705426
P4_2026_YTD,RC4,US30_BOOK,23,2026.06.11 13:00:00,2026-06-11,2026.06.11 19:00:00,CLOSE,7.5247,-0.9539999999999418,-0.1267824630882217,0,MIXED,0.0032640378189077003,0.0003738364384525744,-0.1615237861639527,-0.3548387096774194
P4_2026_YTD,Pressure,US30_BOOK,20,2026.06.11 15:00:00,2026-06-11,2026.06.11 19:00:00,CLOSE,7.5247,-1.061999999999971,-0.14113519475859115,0,MIXED,0.0032640378189077003,0.0003738364384525744,-0.3061648249969657,-0.10714285714285714
P4_2026_YTD,Cross,US100_BOOK,96,2026.06.11 17:00:00,2026-06-11,2026.06.11 21:00:00,CLOSE,7.5247,3.1290000000000147,0.41583053144976073,0,MIXED,0.0032640378189077003,0.0003738364384525744,0.4088186152941648,-0.08527131782945736
P4_2026_YTD,Passive,US100_BOOK,67,2026.06.12 12:56:04,2026-06-12,2026.06.12 15:15:00,CLOSE,7.5692,0.5940000000000145,0.07847592876393998,0,MIXED,0.0013446264996412685,0.0012813662991278123,0.06930819754807771,-0.06521739130434782
P4_2026_YTD,Cross,US100_BOOK,97,2026.06.15 17:00:00,2026-06-15,2026.06.15 21:00:00,CLOSE,7.5929,1.5289999999999782,0.20137233468108076,0,MIXED,0.013750862793195127,0.00013115122692019995,0.1943604185254848,-0.08527131782945736
P4_2026_YTD,Passive,US100_BOOK,68,2026.06.16 13:50:28,2026-06-16,2026.06.16 15:00:00,CLOSE,7.6541,-0.08599999999998545,-0.01123580825962366,0,MIXED,0.008736141882693803,0.0001684347116729814,-0.020403539475485937,-0.06521739130434782
P4_2026_YTD,RC16,US30_BOOK,33,2026.06.16 13:30:00,2026-06-16,2026.06.16 17:30:00,CLOSE,7.6541,2.308000000000029,0.3015377379443735,0,MIXED,0.008736141882693803,0.0001684347116729814,0.12502396671613092,-0.06818181818181818
P4_2026_YTD,Cross,US100_BOOK,98,2026.06.16 17:00:00,2026-06-16,2026.06.16 21:00:00,CLOSE,7.6507,3.2940000000000142,0.430548838668359,0,MIXED,0.008736141882693803,0.0001684347116729814,0.4235369225127631,-0.08527131782945736
P4_2026_YTD,Passive,US100_BOOK,69,2026.06.17 13:19:48,2026-06-17,2026.06.17 15:45:00,CLOSE,7.8747,0.6420000000000073,0.0815269153110604,0,MIXED,-0.0018804466864970225,-0.0010605976525584926,0.07235918409519812,-0.06521739130434782
P4_2026_YTD,Cross,US100_BOOK,99,2026.06.17 17:00:00,2026-06-17,2026.06.17 21:00:00,CLOSE,7.9004,-1.2945000000000073,-0.16385246316642288,0,MIXED,-0.0018804466864970225,-0.0010605976525584926,-0.17086437932201884,-0.08527131782945736
P4_2026_YTD,RC16,US30_BOOK,34,2026.06.18 13:30:00,2026-06-18,2026.06.18 17:30:00,CLOSE,7.8486,-1.103999999999942,-0.1406620288968659,0,MIXED,0.0021585611722379373,0.0010268442868450597,-0.3171758001251085,-0.06818181818181818
P4_2026_YTD,RC4,US30_BOOK,24,2026.06.19 13:00:00,2026-06-19,2026.06.19 19:00:00,CLOSE,7.8045,0.2680000000000291,0.03433916330322623,0,MIXED,-0.010004665700607861,-0.00029757661267430693,-0.00040215977250476764,-0.3548387096774194
P4_2026_YTD,Passive,US100_BOOK,70,2026.06.23 12:18:08,2026-06-23,2026.06.23 14:15:00,CLOSE,7.8152,-0.41100000000002185,-0.05258982495649783,0,MIXED,-0.02112962574358829,-0.000414957039321181,-0.06175755617236011,-0.06521739130434782
P4_2026_YTD,Cross,US100_BOOK,100,2026.06.23 17:00:00,2026-06-23,2026.06.23 21:00:00,CLOSE,7.7988,-1.9260000000000217,-0.24696107093399264,0,MIXED,-0.02112962574358829,-0.000414957039321181,-0.2539729870895886,-0.08527131782945736
P4_2026_YTD,RC16,US30_BOOK,35,2026.06.24 13:30:00,2026-06-24,2026.06.24 17:30:00,CLOSE,7.7217,2.5760000000000582,0.3336052941709802,0,RISK_ON,-0.008714992679170018,0.0016706580708214986,0.15709152294273765,-0.06818181818181818
P4_2026_YTD,RC4,US30_BOOK,25,2026.06.24 13:00:00,2026-06-24,2026.06.24 17:46:13,EXTERNAL_CLOSE,7.7217,-3.891999999999971,-0.5040340857583137,1,RISK_ON,-0.008714992679170018,0.0016706580708214986,-0.5387754088340446,0.6451612903225806
P4_2026_YTD,Cross,US100_BOOK,101,2026.06.24 17:00:00,2026-06-24,2026.06.24 21:00:00,CLOSE,7.7217,2.948999999999978,0.38191071914215496,0,RISK_ON,-0.008714992679170018,0.0016706580708214986,0.37489880298655903,-0.08527131782945736
P4_2026_YTD,Cross,US100_BOOK,102,2026.06.25 17:00:00,2026-06-25,2026.06.25 17:33:16,EXTERNAL_CLOSE,7.787,-4.0170000000000075,-0.5158597662771295,1,RISK_ON,-0.003760630452383203,0.0003709130066077667,-0.5228716824327254,0.9147286821705426
P4_2026_YTD,RC4,US30_BOOK,26,2026.06.25 13:00:00,2026-06-25,2026.06.25 19:00:00,CLOSE,7.787,3.248000000000029,0.4171054321304776,0,RISK_ON,-0.003760630452383203,0.0003709130066077667,0.3823641090547466,-0.3548387096774194
P4_2026_YTD,Cross,US100_BOOK,103,2026.06.26 17:00:00,2026-06-26,2026.06.26 21:00:00,CLOSE,7.7563,0.9540000000000145,0.12299678970643406,0,RISK_OFF,0.0006923824560365079,-0.0010206323238760272,0.11598487355083811,-0.08527131782945736
P4_2026_YTD,RC16,US30_BOOK,36,2026.06.29 13:30:00,2026-06-29,2026.06.29 17:30:00,CLOSE,7.7944,1.5860000000000583,0.2034794211228649,0,RISK_ON,-0.008427074909509594,0.0008344691869726658,0.02696564989462233,-0.06818181818181818
P4_2026_YTD,Cross,US100_BOOK,104,2026.06.29 17:00:00,2026-06-29,2026.06.29 20:28:49,EXTERNAL_CLOSE,7.7944,-3.9609999999999856,-0.508185363850968,1,RISK_ON,-0.008427074909509594,0.0008344691869726658,-0.515197280006564,0.9147286821705426
P4_2026_YTD,RC16,US30_BOOK,37,2026.06.30 13:30:00,2026-06-30,2026.06.30 17:30:00,CLOSE,7.6994,0.0760000000000582,0.009870899031100892,0,RISK_ON,-0.000609914742870861,0.002720704001973753,-0.1666428721971417,-0.06818181818181818
P4_2026_YTD,Cross,US100_BOOK,105,2026.06.30 17:00:00,2026-06-30,2026.06.30 21:00:00,CLOSE,7.6994,1.578999999999978,0.20508091539600204,0,RISK_ON,-0.000609914742870861,0.002720704001973753,0.19806899924040608,-0.08527131782945736
P4_2026_YTD,Passive,US100_BOOK,71,2026.07.02 14:38:06,2026-07-02,2026.07.02 15:00:00,CLOSE,7.7656,-0.15799999999999273,-0.0203461419594098,0,RISK_OFF,0.009822346227045442,-0.009235685219739472,-0.029513873175272078,-0.06521739130434782
P4_2026_YTD,Passive,US100_BOOK,72,2026.07.02 15:30:03,2026-07-02,2026.07.02 17:30:00,CLOSE,7.7593,2.523999999999978,0.32528707486499786,0,RISK_OFF,0.009822346227045442,-0.009235685219739472,0.3161193436491356,-0.06521739130434782
P4_2026_YTD,Passive,US100_BOOK,73,2026.07.06 12:15:10,2026-07-06,2026.07.06 12:45:00,CLOSE,7.8603,0.08899999999997818,0.011322723051280254,0,RISK_ON,-0.007037083416783316,0.0060773172435815166,0.0021549918354179763,-0.06521739130434782
P4_2026_YTD,Return,US30_BOOK,25,2026.07.06 16:00:00,2026-07-06,2026.07.06 22:00:00,CLOSE,7.8638,1.906000000000058,0.24237645921819706,0,RISK_ON,-0.007037083416783316,0.0060773172435815166,0.17906404889338018,-0.25806451612903225
P4_2026_YTD,Cross,US100_BOOK,106,2026.07.07 17:00:00,2026-07-07,2026.07.07 21:00:00,CLOSE,7.9401,-1.0010000000000219,-0.1260689411972169,0,MIXED,-0.009333450943629827,-0.000926103209384757,-0.13308085735281286,-0.08527131782945736
P4_2026_YTD,Passive,US100_BOOK,74,2026.07.08 13:30:31,2026-07-08,2026.07.08 14:45:00,CLOSE,7.9,0.8140000000000145,0.10303797468354613,0,RISK_ON,-0.010241106545490672,0.0032918897663368946,0.09387024346768386,-0.06521739130434782
P4_2026_YTD,Passive,US100_BOOK,75,2026.07.08 15:29:27,2026-07-08,2026.07.08 18:15:00,CLOSE,7.9326,0.2620000000000073,0.03302826311675961,0,RISK_ON,-0.010241106545490672,0.0032918897663368946,0.023860531900897333,-0.06521739130434782
P4_2026_YTD,Pressure,US30_BOOK,21,2026.07.08 15:00:00,2026-07-08,2026.07.08 19:00:00,CLOSE,7.9326,3.018000000000029,0.3804553362075523,0,RISK_ON,-0.010241106545490672,0.0032918897663368946,0.21542570596917776,-0.10714285714285714
P4_2026_YTD,Cross,US100_BOOK,107,2026.07.08 17:00:00,2026-07-08,2026.07.08 21:00:00,CLOSE,7.9326,-0.17099999999998544,-0.021556614476966624,0,RISK_ON,-0.010241106545490672,0.0032918897663368946,-0.028568530632562573,-0.08527131782945736
P4_2026_YTD,Cross,US100_BOOK,108,2026.07.09 17:00:00,2026-07-09,2026.07.09 21:00:00,CLOSE,8.057,0.6190000000000145,0.07682760332630191,0,RISK_OFF,0.008094439706254519,-0.0007756137586273063,0.06981568717070596,-0.08527131782945736
P4_2026_YTD,Cross,US100_BOOK,109,2026.07.10 17:00:00,2026-07-10,2026.07.10 21:00:00,CLOSE,8.0817,1.1540000000000146,0.14279173936176975,0,MIXED,-0.006729397389017715,-0.004061458200368322,0.1357798232061738,-0.08527131782945736
P4_2026_YTD,Cross,US100_BOOK,110,2026.07.13 17:00:00,2026-07-13,2026.07.13 21:00:00,CLOSE,8.1279,1.4939999999999782,0.18381131657623473,0,RISK_ON,-0.0034178350987689584,0.002520542509461636,0.17679940042063877,-0.08527131782945736
P4_2026_YTD,Passive,US100_BOOK,76,2026.07.14 15:46:28,2026-07-14,2026.07.14 18:45:00,CLOSE,8.1876,-0.0009999999999854483,-0.0001221359128420353,0,RISK_OFF,0.0024707222162373846,-0.000529843770096519,-0.009289867128704313,-0.06521739130434782
P4_2026_YTD,Cross,US100_BOOK,111,2026.07.14 17:00:00,2026-07-14,2026.07.14 21:00:00,CLOSE,8.1876,-0.838000000000029,-0.10234989496311851,0,RISK_OFF,0.0024707222162373846,-0.000529843770096519,-0.10936181111871446,-0.08527131782945736
P4_2026_YTD,Cross,US100_BOOK,112,2026.07.15 17:00:00,2026-07-15,2026.07.15 21:00:00,CLOSE,8.1541,1.331999999999971,0.16335340503550005,0,RISK_ON,-0.005526543386041499,0.0009678603337938071,0.1563414888799041,-0.08527131782945736
P4_2026_YTD,Passive,US100_BOOK,77,2026.07.16 13:01:08,2026-07-16,2026.07.16 14:00:00,CLOSE,8.2074,0.09900000000001455,0.012062285254771859,0,RISK_ON,-0.00727171777736161,0.0005552333973628025,0.002894554038909581,-0.06521739130434782
P4_2026_YTD,Passive,US100_BOOK,78,2026.07.16 15:03:55,2026-07-16,2026.07.16 17:15:00,CLOSE,8.2113,0.3419999999999709,0.041649921449706,0,RISK_ON,-0.00727171777736161,0.0005552333973628025,0.03248219023384372,-0.06521739130434782
P4_2026_YTD,Cross,US100_BOOK,113,2026.07.16 17:00:00,2026-07-16,2026.07.16 21:00:00,CLOSE,8.2113,0.9590000000000145,0.116790276813661,0,RISK_ON,-0.00727171777736161,0.0005552333973628025,0.10977836065806505,-0.08527131782945736
P4_2026_YTD,Cross,US100_BOOK,114,2026.07.17 17:00:00,2026-07-17,2026.07.17 21:00:00,CLOSE,8.2634,-2.1809999999999854,-0.26393494203354373,0,RISK_OFF,0.004177277952003591,-2.4632817071687477e-05,-0.27094685818913966,-0.08527131782945736
P4_2026_YTD,Pressure,US30_BOOK,22,2026.07.20 15:00:00,2026-07-20,2026.07.20 17:59:18,EXTERNAL_CLOSE,8.1761,-4.111999999999971,-0.5029292694560941,1,RISK_OFF,0.0039415918348241884,-0.0002771200470981044,-0.6679588996944685,0.8928571428571429
P4_2026_YTD,RC4,US30_BOOK,27,2026.07.20 13:00:00,2026-07-20,2026.07.20 19:00:00,CLOSE,8.1761,-2.891999999999971,-0.3537138733626021,0,RISK_OFF,0.0039415918348241884,-0.0002771200470981044,-0.38845519643833315,-0.3548387096774194
P4_2026_YTD,RC4,US30_BOOK,28,2026.07.21 13:00:00,2026-07-21,2026.07.21 17:03:44,EXTERNAL_CLOSE,7.896,-1.0039999999999418,-0.12715298885510914,1,MIXED,0.013081149764731318,0.001427130480156942,-0.16189431193084014,0.6451612903225806
P4_2026_YTD,Passive,US100_BOOK,79,2026.07.22 15:48:31,2026-07-22,2026.07.22 16:45:00,CLOSE,7.8558,1.6320000000000074,0.20774459634919518,0,RISK_OFF,0.009537393865977586,-0.0013062878450140827,0.1985768651333329,-0.06521739130434782
P4_2026_YTD,Cross,US100_BOOK,115,2026.07.22 17:00:00,2026-07-22,2026.07.22 21:00:00,CLOSE,7.9211,-0.32599999999998547,-0.04115590006438316,0,RISK_OFF,0.009537393865977586,-0.0013062878450140827,-0.048167816219979114,-0.08527131782945736
P4_2026_YTD,Passive,US100_BOOK,80,2026.07.23 15:00:34,2026-07-23,2026.07.23 18:04:25,EXTERNAL_CLOSE,7.908,-3.9609999999999856,-0.5008851795649957,1,RISK_ON,-0.003927869849505465,0.001568589326793979,-0.5100529107808579,0.9347826086956522
P4_2026_YTD,Pressure,US30_BOOK,23,2026.07.23 15:00:00,2026-07-23,2026.07.23 19:00:00,CLOSE,7.908,2.5560000000000582,0.3232169954476553,0,RISK_ON,-0.003927869849505465,0.001568589326793979,0.15818736520928078,-0.10714285714285714
P4_2026_YTD,Return,US30_BOOK,26,2026.07.23 16:00:00,2026-07-23,2026.07.23 22:00:00,CLOSE,7.908,-0.4219999999999709,-0.053363682346986706,0,RISK_ON,-0.003927869849505465,0.001568589326793979,-0.11667609267180357,-0.25806451612903225
P4_2026_YTD,Cross,US100_BOOK,116,2026.07.24 17:00:00,2026-07-24,2026.07.24 21:00:00,CLOSE,7.835,-1.4660000000000217,-0.18710912571793512,0,RISK_OFF,0.0021168519620246816,-0.00022596454895603042,-0.19412104187353107,-0.08527131782945736
P4_2026_YTD,Return,US30_BOOK,27,2026.07.24 16:00:00,2026-07-24,2026.07.24 22:00:00,CLOSE,7.835,0.5380000000000291,0.06866624122527494,0,RISK_OFF,0.0021168519620246816,-0.00022596454895603042,0.005353830900458073,-0.25806451612903225
P4_2026_YTD,Pressure,US30_BOOK,24,2026.07.27 15:00:00,2026-07-27,2026.07.27 17:41:41,EXTERNAL_CLOSE,7.7978,-3.921999999999971,-0.5029623740029202,1,RISK_OFF,0.0020166151421789273,-3.057814091255939e-05,-0.6679920042412948,0.8928571428571429
P4_2026_YTD,Cross,US100_BOOK,117,2026.07.27 17:00:00,2026-07-27,2026.07.27 21:00:00,CLOSE,7.7978,2.412000000000007,0.30931801277283427,0,RISK_OFF,0.0020166151421789273,-3.057814091255939e-05,0.30230609661723834,-0.08527131782945736
P4_2026_YTD,Cross,US100_BOOK,118,2026.07.28 17:00:00,2026-07-28,2026.07.28 18:46:52,EXTERNAL_CLOSE,7.7374,-3.8959999999999857,-0.5035283170057107,1,RISK_ON,-0.008349730843197838,0.0014722280030527162,-0.5105402331613066,0.9147286821705426
P4_2026_YTD,Pressure,US30_BOOK,25,2026.07.28 15:00:00,2026-07-28,2026.07.28 19:00:00,CLOSE,7.7374,2.956000000000058,0.3820404787137873,0,RISK_ON,-0.008349730843197838,0.0014722280030527162,0.2170108484754128,-0.10714285714285714
P4_2026_YTD,Passive,US100_BOOK,81,2026.07.29 12:38:52,2026-07-29,2026.07.29 13:45:03,CLOSE,7.6998,0.2619999999999709,0.03402685784045961,0,RISK_OFF,0.002623866274654444,-0.0007944074138784696,0.024859126624597334,-0.06521739130434782
P4_2026_YTD,Return,US30_BOOK,28,2026.07.29 16:00:00,2026-07-29,2026.07.29 17:12:19,EXTERNAL_CLOSE,7.7103,-3.8739999999999415,-0.5024447816556997,1,RISK_OFF,0.002623866274654444,-0.0007944074138784696,-0.5657571919805165,0.7419354838709677
P4_2026_YTD,Cross,US100_BOOK,119,2026.07.29 17:00:00,2026-07-29,2026.07.29 21:00:00,CLOSE,7.7103,0.025500000000029097,0.003307264308785533,0,RISK_OFF,0.002623866274654444,-0.0007944074138784696,-0.003704651846810418,-0.08527131782945736
P4_2026_YTD,Passive,US100_BOOK,82,2026.07.30 15:03:37,2026-07-30,2026.07.30 16:51:11,EXTERNAL_CLOSE,7.5564,-3.7780000000000293,-0.4999735323699155,1,RISK_ON,-0.0018646257948510883,0.0019267534059174561,-0.5091412635857777,0.9347826086956522
P4_2026_YTD,RC16,US30_BOOK,38,2026.07.30 13:30:00,2026-07-30,2026.07.30 17:30:00,CLOSE,7.5564,1.5880000000000292,0.2101529829019148,0,RISK_ON,-0.0018646257948510883,0.0019267534059174561,0.03363921167367223,-0.06818181818181818
P4_2026_YTD,Cross,US100_BOOK,120,2026.07.30 17:00:00,2026-07-30,2026.07.30 21:00:00,CLOSE,7.4053,0.27400000000001457,0.037000526649833845,0,RISK_ON,-0.0018646257948510883,0.0019267534059174561,0.029988610494237893,-0.08527131782945736
P4_2026_YTD,RC16,US30_BOOK,39,2026.07.31 13:30:00,2026-07-31,2026.07.31 17:02:13,EXTERNAL_CLOSE,7.4797,-3.761999999999971,-0.5029613487171907,1,MIXED,-0.011407456568491948,-0.002915380687156846,-0.6794751199454332,0.9318181818181819
P4_2026_YTD,Return,US30_BOOK,29,2026.07.31 16:00:00,2026-07-31,2026.07.31 17:08:23,EXTERNAL_CLOSE,7.4797,-3.771999999999971,-0.5042983007339827,1,MIXED,-0.011407456568491948,-0.002915380687156846,-0.5676107110587996,0.7419354838709677
P4_2026_YTD,RC4,US30_BOOK,29,2026.07.31 13:00:00,2026-07-31,2026.07.31 19:00:00,CLOSE,7.4797,1.0060000000000582,0.13449737288929478,0,MIXED,-0.011407456568491948,-0.002915380687156846,0.09975604981356379,-0.3548387096774194
P4_2026_YTD,RC4,US30_BOOK,30,2026.08.03 13:00:00,2026-08-03,2026.08.03 17:02:15,EXTERNAL_CLOSE,7.2186,-3.631999999999971,-0.5031446540880462,1,MIXED,-0.002755222517328925,-0.0009487274075614155,-0.5378859771637772,0.6451612903225806
P4_2026_YTD,RC16,US30_BOOK,40,2026.08.03 13:30:00,2026-08-03,2026.08.03 17:30:00,CLOSE,7.2186,2.1460000000000585,0.2972875626852933,0,MIXED,-0.002755222517328925,-0.0009487274075614155,0.12077379145705075,-0.06818181818181818
P4_2026_YTD,Pressure,US30_BOOK,26,2026.08.03 15:00:00,2026-08-03,2026.08.03 19:00:00,CLOSE,7.2186,0.006000000000058207,0.0008311861025764285,0,MIXED,-0.002755222517328925,-0.0009487274075614155,-0.1641984441357981,-0.10714285714285714
P4_2026_YTD,Passive,US100_BOOK,83,2026.08.04 14:49:37,2026-08-04,2026.08.04 18:02:15,EXTERNAL_CLOSE,7.1594,-3.5922999999999954,-0.5017599240159784,1,MIXED,0.001831506864236021,0.004076817351172625,-0.5109276552318406,0.9347826086956522
P4_2026_YTD,Pressure,US30_BOOK,27,2026.08.04 15:00:00,2026-08-04,2026.08.04 19:00:00,CLOSE,7.1594,2.818000000000029,0.3936084029387978,0,MIXED,0.001831506864236021,0.004076817351172625,0.22857877270042326,-0.10714285714285714
P4_2026_YTD,Cross,US100_BOOK,121,2026.08.04 17:00:00,2026-08-04,2026.08.04 21:00:00,CLOSE,7.1594,3.6590000000000145,0.5110763471799333,0,MIXED,0.001831506864236021,0.004076817351172625,0.5040644310243374,-0.08527131782945736
P4_2026_YTD,Passive,US100_BOOK,84,2026.08.05 12:15:57,2026-08-05,2026.08.05 14:15:00,CLOSE,7.2748,0.7990000000000146,0.10983119810854107,0,MIXED,0.020085476639539114,0.0006592166969836391,0.1006634668926788,-0.06521739130434782
P4_2026_YTD,RC16,US30_BOOK,41,2026.08.05 13:30:00,2026-08-05,2026.08.05 17:30:00,CLOSE,7.2748,3.7760000000000584,0.5190520701600124,0,MIXED,0.020085476639539114,0.0006592166969836391,0.34253829893176985,-0.06818181818181818
P4_2026_YTD,RC4,US30_BOOK,31,2026.08.05 13:00:00,2026-08-05,2026.08.05 19:00:00,CLOSE,7.2748,2.378000000000029,0.3268818386759813,0,MIXED,0.020085476639539114,0.0006592166969836391,0.29214051560025034,-0.3548387096774194
P4_2026_YTD,Passive,US100_BOOK,85,2026.08.06 16:00:17,2026-08-06,2026.08.06 16:45:00,CLOSE,7.5529,0.6920000000000073,0.09162043718306971,0,MIXED,0.0068675918207546675,0.0007605864487899437,0.08245270596720744,-0.06521739130434782
P4_2026_YTD,RC16,US30_BOOK,42,2026.08.06 13:30:00,2026-08-06,2026.08.06 17:30:00,CLOSE,7.5529,-2.6139999999999417,-0.34609222947476354,0,MIXED,0.0068675918207546675,0.0007605864487899437,-0.5226060007030061,-0.06818181818181818
P4_2026_YTD,Cross,US100_BOOK,122,2026.08.06 17:00:00,2026-08-06,2026.08.06 21:00:00,CLOSE,7.5806,0.004000000000014552,0.00052766271799258,0,MIXED,0.0068675918207546675,0.0007605864487899437,-0.006484253437603371,-0.08527131782945736
P4_2026_YTD,Passive,US100_BOOK,86,2026.08.07 15:45:12,2026-08-07,2026.08.07 17:15:00,CLOSE,7.4762,2.2640000000000144,0.30282763971001503,0,RISK_OFF,0.01576918438309303,-0.000202038059606453,0.29365990849415274,-0.06521739130434782
P4_2026_YTD,Cross,US100_BOOK,123,2026.08.07 17:00:00,2026-08-07,2026.08.07 21:00:00,CLOSE,7.4762,-0.6709999999999855,-0.08975147802359293,0,RISK_OFF,0.01576918438309303,-0.000202038059606453,-0.09676339417918887,-0.08527131782945736
P4_2026_YTD,Passive,US100_BOOK,87,2026.08.10 15:30:21,2026-08-10,2026.08.10 17:15:00,CLOSE,7.5399,0.6740000000000146,0.0893911059828399,0,MIXED,0.0009920807000040222,0.006227713447404449,0.08022337476697763,-0.06521739130434782
P4_2026_YTD,RC16,US30_BOOK,43,2026.08.10 13:30:00,2026-08-10,2026.08.10 17:30:00,CLOSE,7.5399,-0.42399999999994176,-0.056234167561896274,0,MIXED,0.0009920807000040222,0.006227713447404449,-0.23274793879013886,-0.06818181818181818
P4_2026_YTD,RC4,US30_BOOK,32,2026.08.10 13:00:00,2026-08-10,2026.08.10 19:00:00,CLOSE,7.5399,0.03600000000005821,0.004774599132622211,0,MIXED,0.0009920807000040222,0.006227713447404449,-0.029966723943108786,-0.3548387096774194
P4_2026_YTD,Cross,US100_BOOK,124,2026.08.11 17:00:00,2026-08-11,2026.08.11 21:00:00,CLOSE,7.5514,1.0290000000000146,0.13626612283815115,0,RISK_ON,-0.005184463735168136,0.0009606178829712371,0.1292542066825552,-0.08527131782945736
P4_2026_YTD,Passive,US100_BOOK,88,2026.08.12 12:22:55,2026-08-12,2026.08.12 16:15:00,CLOSE,7.5925,-1.2460000000000218,-0.1641093184063249,0,MIXED,0.006847952208671845,0.0003327379656463275,-0.17327704962218718,-0.06521739130434782
P4_2026_YTD,Cross,US100_BOOK,125,2026.08.12 17:00:00,2026-08-12,2026.08.12 21:00:00,CLOSE,7.5427,0.02399999999997817,0.003181884471075102,0,MIXED,0.006847952208671845,0.0003327379656463275,-0.003830031684520849,-0.08527131782945736
P4_2026_YTD,Cross,US100_BOOK,126,2026.08.13 17:00:00,2026-08-13,2026.08.13 21:00:00,CLOSE,7.5436,0.26400000000001456,0.03499655336974582,0,RISK_ON,-0.007964397115132709,3.136831737457236e-05,0.027984637214149864,-0.08527131782945736
P4_2026_YTD,Cross,US100_BOOK,127,2026.08.14 17:00:00,2026-08-14,2026.08.14 21:00:00,CLOSE,7.5542,1.4440000000000146,0.19115194196606056,0,MIXED,-0.001169793718837546,-0.0017701119415516316,0.1841400258104646,-0.08527131782945736
P4_2026_YTD,RC16,US30_BOOK,44,2026.08.17 13:30:00,2026-08-17,2026.08.17 17:30:00,CLOSE,7.612,-1.731999999999971,-0.22753547031003296,0,RISK_OFF,0.0019860391664625852,-0.0008292082792888431,-0.40404924153827554,-0.06818181818181818
P4_2026_YTD,Passive,US100_BOOK,89,2026.08.17 15:49:11,2026-08-17,2026.08.17 18:30:00,CLOSE,7.612,0.8539999999999781,0.11219127693115845,0,RISK_OFF,0.0019860391664625852,-0.0008292082792888431,0.10302354571529618,-0.06521739130434782
P4_2026_YTD,Return,US30_BOOK,30,2026.08.17 16:00:00,2026-08-17,2026.08.17 22:00:00,CLOSE,7.612,-0.8739999999999418,-0.1148187073042488,0,RISK_OFF,0.0019860391664625852,-0.0008292082792888431,-0.17813111762906567,-0.25806451612903225
P4_2026_YTD,Passive,US100_BOOK,90,2026.08.18 12:31:19,2026-08-18,2026.08.18 14:15:00,CLOSE,7.5419,0.38400000000001455,0.05091555178403513,0,RISK_ON,-0.005794262590238305,0.0016924614303777865,0.041747820568172854,-0.06521739130434782
P4_2026_YTD,Cross,US100_BOOK,128,2026.08.18 17:00:00,2026-08-18,2026.08.18 21:00:00,CLOSE,7.5572,0.7790000000000146,0.10308050600751795,0,RISK_ON,-0.005794262590238305,0.0016924614303777865,0.096068589851922,-0.08527131782945736
P4_2026_YTD,Cross,US100_BOOK,129,2026.08.19 17:00:00,2026-08-19,2026.08.19 21:00:00,CLOSE,7.5884,-0.5409999999999855,-0.07129302619787907,0,RISK_OFF,0.004332472313231783,-0.0025100099773156595,-0.07830494235347502,-0.08527131782945736
P4_2026_YTD,Passive,US100_BOOK,91,2026.08.20 12:35:08,2026-08-20,2026.08.20 14:00:00,CLOSE,7.5668,0.5140000000000146,0.06792831844372979,0,RISK_ON,-0.006427920320704624,0.002368913398044767,0.05876058722786751,-0.06521739130434782
P4_2026_YTD,Passive,US100_BOOK,92,2026.08.20 15:30:29,2026-08-20,2026.08.20 17:45:00,CLOSE,7.5873,1.5940000000000147,0.21008791006023417,0,RISK_ON,-0.006427920320704624,0.002368913398044767,0.20092017884437188,-0.06521739130434782
P4_2026_YTD,Pressure,US30_BOOK,28,2026.08.20 15:00:00,2026-08-20,2026.08.20 19:00:00,CLOSE,7.5873,1.498000000000029,0.19743518774795107,0,RISK_ON,-0.006427920320704624,0.002368913398044767,0.03240555750957655,-0.10714285714285714
P4_2026_YTD,Return,US30_BOOK,31,2026.08.20 16:00:00,2026-08-20,2026.08.20 22:00:00,CLOSE,7.5873,-2.301999999999971,-0.30340173711333035,0,RISK_ON,-0.006427920320704624,0.002368913398044767,-0.36671414743814723,-0.25806451612903225
