period,open_time,close_time,direction,feature,volume,planned_risk,stressed_net,stressed_r,us100_entry_open,us100_exit_open,us30_entry_open,us30_exit_open,us500_entry_open,us500_exit_open,signed_us100_total_log_return,signed_peer_common_log_return,signed_relative_log_return,identity_error,reference_us100_lot,reference_us30_ideal_lot,reference_us30_selected_lot,reference_us30_realized_weight,reference_us30_absolute_weight_error,reference_us500_ideal_lot,reference_us500_selected_lot,reference_us500_realized_weight,reference_us500_absolute_weight_error,minimum_feasible_step_index,minimum_feasible_us100_lot,minimum_staircase_capital,minimum_us30_selected_lot,minimum_us30_realized_weight,minimum_us30_absolute_weight_error,minimum_us500_selected_lot,minimum_us500_realized_weight,minimum_us500_absolute_weight_error
P1_2022H2_2023,2022-08-01 17:00:00,2022-08-01 21:00:00,BUY,2.2067927300000001,0.01,4,-0.60499999999999998,-0.15125,12972.700000000001,12915.07,32813.050000000003,32771.050000000003,4124.3400000000001,4112.1599999999999,-0.0044523027823507163,-0.0021191837504595788,-0.0023331190318911376,0,0.01,0.0019767592467021503,0.01,2.5293924934670504,2.0293924934670504,0.015727001168671834,0.02,0.63584912932542959,0.13584912932542959,5,0.050000000000000003,700,0.01,0.50587849869340995,0.0058784986934099503,0.080000000000000002,0.50867930346034362,0.0086793034603436237
P1_2022H2_2023,2022-08-02 17:00:00,2022-08-02 21:00:00,BUY,3.7351305099999998,0.01,4.0258000000000003,0.17499999999999999,0.043469620944905356,12894.549999999999,12914.299999999999,32524.599999999999,32550.049999999999,4098.0600000000004,4106.8100000000004,0.0015304830595060002,0.0014575295442595727,7.2953515246427505e-05,0,0.01,0.0019822764922550929,0.01,2.5223524667398243,2.0223524667398243,0.015732505136576817,0.02,0.63562667948862128,0.13562667948862128,5,0.050000000000000003,700,0.01,0.50447049334796479,0.0044704933479647879,0.080000000000000002,0.50850134359089694,0.008501343590896937
P1_2022H2_2023,2022-08-03 17:00:00,2022-08-03 21:00:00,BUY,4.3063942600000003,0.01,4.0254000000000003,1.4520000000000073,0.3607094947086022,13098,13251.27,32641.049999999999,32847.050000000003,4127.1099999999997,4158.1599999999999,0.011633850099745846,0.0068932523231072466,0.0047405977766385998,0,0.01,0.0020063692803999871,0.01,2.4920636738433353,1.9920636738433353,0.015868246787703745,0.02,0.63018934188425713,0.13018934188425713,5,0.050000000000000003,700,0.01,0.49841273476866693,0.0015872652313330682,0.080000000000000002,0.50415147350740563,0.0041514735074056341
P1_2022H2_2023,2022-08-04 17:00:00,2022-08-04 21:00:00,BUY,0.71724860999999995,0.01,4.0747999999999998,-0.105,-0.025768135859428686,13287.700000000001,13280.950000000001,32773.050000000003,32743.049999999999,4155.5100000000002,4152.5100000000002,-0.00050811766086939609,-0.00081899962953335833,0.00031088196866396224,0,0.01,0.0020272296902485425,0.01,2.4664200726988121,1.9664200726988121,0.015988049601613281,0.02,0.62546716135975378,0.12546716135975378,5,0.050000000000000003,700,0.01,0.49328401453976234,0.0067159854602376612,0.080000000000000002,0.50037372908780298,0.00037372908780297642
P1_2022H2_2023,2022-08-05 17:00:00,2022-08-05 21:00:00,SELL,-0.83112072000000004,0.01,4.0469999999999997,-0.125,-0.030887076847047199,13164.700000000001,13173.52,32649.049999999999,32743.049999999999,4131.8599999999997,4136.79,-0.00066974915766472804,-0.0020337114912475614,0.0013639623335828335,1.0842021724855044e-19,0.01,0.0020160923518448472,0.01,2.4800451206635925,1.9800451206635925,0.015930718853010513,0.02,0.62771806421718668,0.12771806421718668,5,0.050000000000000003,700,0.01,0.49600902413271847,0.0039909758672815321,0.080000000000000002,0.50217445137374939,0.0021744513737493865
P1_2022H2_2023,2022-08-09 17:00:00,2022-08-09 21:00:00,SELL,-3.9199902400000002,0.01,4.0667999999999997,-0.26500000000000001,-0.065161797973836935,12984.200000000001,13006.950000000001,32795.050000000003,32800.5,4121.8199999999997,4123.3199999999997,-0.0017505963229750808,-0.00026501025897513315,-0.0014855860639999476,0,0.01,0.0019795975307249111,0.01,2.5257659309006333,2.0257659309006333,0.015750566497324002,0.02,0.63489779886323361,0.13489779886323361,5,0.050000000000000003,700,0.01,0.50515318618012661,0.0051531861801266121,0.080000000000000002,0.50791823909058698,0.0079182390905869759
P1_2022H2_2023,2022-08-10 17:00:00,2022-08-10 21:00:00,SELL,-1.53001816,0.01,4.0366999999999997,-0.56500000000000006,-0.13996581365967253,13299.9,13354.1,33284.050000000003,33282.050000000003,4193.2700000000004,4205.5200000000004,-0.0040669373981807901,-0.0014284991439410422,-0.0026384382542397481,0,0.01,0.0019979389527416281,0.01,2.5025789667591489,2.0025789667591489,0.015858625845700369,0.02,0.63057165843352214,0.13057165843352214,5,0.050000000000000003,700,0.01,0.50051579335182972,0.00051579335182971864,0.080000000000000002,0.50445732674681765,0.004457326746817647
P1_2022H2_2023,2022-08-12 17:00:00,2022-08-12 21:00:00,BUY,1.1593550399999999,0.01,4.0042999999999997,0.76500000000000001,0.19104462702594713,13406.75,13486.35,33496,33637.050000000003,4235.0699999999997,4257.5699999999997,0.0059197513454967397,0.0047504137102388506,0.0011693376352578892,0,0.01,0.0020012464174826846,0.01,2.4984429485147408,1.9984429485147408,0.015828250772714502,0.02,0.63178175172953921,0.13178175172953921,5,0.050000000000000003,700,0.01,0.49968858970294805,0.00031141029705195056,0.080000000000000002,0.50542540138363123,0.0054254013836312343
P1_2022H2_2023,2022-08-15 17:00:00,2022-08-15 21:00:00,BUY,0.91098752999999999,0.01,4.0553999999999997,0.39499999999999996,0.09740099620259407,13602,13645.25,33775.050000000003,33927.050000000003,4278.6700000000001,4295.4200000000001,0.0031746349685853664,0.0041986961107601962,-0.0010240611421748298,0,0.01,0.0020136165601531307,0.01,2.4830943978826645,1.9830943978826645,0.015895126289244089,0.02,0.62912365828554628,0.12912365828554628,5,0.050000000000000003,700,0.01,0.49661887957653289,0.0033811204234671099,0.080000000000000002,0.503298926628437,0.0032989266284370045
P1_2022H2_2023,2022-08-16 17:00:00,2022-08-16 21:00:00,SELL,-3.92731567,0.01,4.2320000000000002,-0.90500000000000003,-0.21384688090737239,13595.65,13682.65,33984.5,34247.050000000003,4292.9700000000003,4318.9700000000003,-0.0063787182477014742,-0.0068670190494434773,0.00048830080174200319,0,0.01,0.0020002721829069136,0.01,2.4996598176622671,1.9996598176622671,0.015834783378407023,0.02,0.63152111153199741,0.13152111153199741,5,0.050000000000000003,700,0.01,0.49993196353245339,6.8036467546606083e-05,0.080000000000000002,0.50521688922559793,0.0052168892255979316
P1_2022H2_2023,2022-08-18 17:00:00,2022-08-18 21:00:00,SELL,-1.24911449,0.01,4.3601000000000001,-0.93500000000000005,-0.21444462282975163,13433.15,13522.9,33901.050000000003,33894.050000000003,4268.1199999999999,4277.6199999999999,-0.0066590121063189759,-0.0010084131509382453,-0.0056505989553807309,0,0.01,0.0019812291949659376,0.01,2.5236858071264003,2.0236858071264003,0.015736612372660563,0.02,0.63546078172282738,0.13546078172282738,5,0.050000000000000003,700,0.01,0.50473716142528002,0.0047371614252800232,0.080000000000000002,0.50836862537826188,0.0083686253782618847
P1_2022H2_2023,2022-08-19 17:00:00,2022-08-19 21:00:00,SELL,-3.34996304,0.01,4.3156999999999996,0.315,0.072989318071228312,13291.07,13256.450000000001,33752.050000000003,33778.050000000003,4238.9700000000003,4235.9700000000003,0.0026081547071158564,-3.1028694951509698e-05,0.0026391834020673662,0,0.01,0.001968927813273564,0.01,2.5394531817227661,2.0394531817227661,0.015677239989903207,0.02,0.63786738012816135,0.13786738012816135,5,0.050000000000000003,700,0.01,0.50789063634455323,0.0078906363445532257,0.080000000000000002,0.51029390410252906,0.010293904102529061
P1_2022H2_2023,2022-08-22 17:00:00,2022-08-22 21:00:00,SELL,-0.64760302999999997,0.01,4.3327999999999998,1.0050000000000001,0.23195162481536194,13012.4,12908.4,33313.050000000003,33074.5,4168.7200000000003,4140.4200000000001,0.0080244867493874314,0.0069992108335435758,0.0010252759158438556,0,0.01,0.0019530484299696363,0.01,2.5601003658049248,2.0601003658049248,0.015607188777370511,0.02,0.64073038025268214,0.14073038025268214,5,0.050000000000000003,700,0.01,0.51202007316098497,0.012020073160984968,0.080000000000000002,0.51258430420214574,0.012584304202145735
P1_2022H2_2023,2022-08-23 17:00:00,2022-08-23 21:00:00,BUY,2.33112063,0.01,4.2986000000000004,-0.31800000000001089,-0.073977574093893564,12933.049999999999,12905.200000000001,33053.5,32910.050000000003,4145.25,4130.8699999999999,-0.0021557195851270921,-0.0039122202252889196,0.0017565006401618274,0,0.01,0.0019563813211914017,0.01,2.5557389788178351,2.0557389788178351,0.015599843194017249,0.02,0.64103208446576798,0.14103208446576798,5,0.050000000000000003,700,0.01,0.51114779576356695,0.011147795763566948,0.080000000000000002,0.51282566757261439,0.012825667572614385
P1_2022H2_2023,2022-08-24 17:00:00,2022-08-24 21:00:00,BUY,0.68584239999999996,0.01,4.2359,0.32500000000000001,0.07672513515427655,12890.049999999999,12925.549999999999,32878.050000000003,32936.050000000003,4128.6199999999999,4136.6199999999999,0.0027502767610977376,0.0018491796312110581,0.00090109712988667955,0,0.01,0.0019602820118589754,0.01,2.5506534109642711,2.0506534109642711,0.015610603543072503,0.02,0.64059022269114552,0.14059022269114552,5,0.050000000000000003,700,0.01,0.51013068219285418,0.010130682192854179,0.080000000000000002,0.51247217815291635,0.012472178152916347
P1_2022H2_2023,2022-08-25 17:00:00,2022-08-25 21:00:00,BUY,1.06462298,0.01,4.2729999999999997,0.33499999999999996,0.078399251111631166,13030.870000000001,13068.120000000001,33057.5,33096.050000000003,4169.8199999999997,4173.3199999999997,0.0028545185306866902,0.0010022415824234221,0.0018522769482632682,0,0.01,0.0019709400287378056,0.01,2.5368605473003716,2.0368605473003716,0.01562521883438614,0.02,0.63999103666907886,0.13999103666907886,5,0.050000000000000003,700,0.01,0.50737210946007427,0.007372109460074272,0.080000000000000002,0.51199282933526302,0.011992829335263022
P1_2022H2_2023,2022-08-26 17:00:00,2022-08-26 21:00:00,SELL,-1.5372498000000001,0.01,4.2263999999999999,3.8320000000000074,0.90668180957789313,13122.5,12732.450000000001,33343.5,32577.049999999999,4197.3999999999996,4095.77,0.030174461333976232,0.023882675127193657,0.0062917862067825743,0,0.01,0.0019677748286772534,0.01,2.5409411316441228,2.0409411316441228,0.015631700576547388,0.02,0.63972566203086301,0.13972566203086301,5,0.050000000000000003,700,0.01,0.50818822632882454,0.0081882263288245438,0.080000000000000002,0.51178052962469034,0.011780529624690339
P1_2022H2_2023,2022-08-29 17:00:00,2022-08-29 21:00:00,BUY,1.8599343699999999,0.01,4.4474,0.38500000000000001,0.086567432657282908,12522.5,12563.27,32071.049999999999,32267.049999999999,4033.8200000000002,4056.3200000000002,0.0032504512236262856,0.0058275862441970003,-0.0025771350205707148,0,0.01,0.0019523058958156969,0.01,2.5610740666799763,2.0610740666799763,0.015521887441680591,0.02,0.64425154721501299,0.14425154721501299,5,0.050000000000000003,700,0.01,0.51221481333599528,0.012214813335995278,0.080000000000000002,0.51540123777201041,0.015401237772010412
P1_2022H2_2023,2022-08-31 17:00:00,2022-08-31 21:00:00,BUY,0.81959397,0.01,4.2760999999999996,-1.4549999999999998,-0.3402633240569678,12447.25,12305.120000000001,31827.049999999999,31646.599999999999,4000.1700000000001,3971.4200000000001,-0.011484279049472695,-0.0064494930646051473,-0.0050347859848675477,0,0.01,0.001955451416326678,0.01,2.5569543473457994,2.0569543473457994,0.015558401267946111,0.02,0.6427395609471972,0.1427395609471972,5,0.050000000000000003,700,0.01,0.51139086946915979,0.011390869469159792,0.080000000000000002,0.51419164875775769,0.014191648757757691
P1_2022H2_2023,2022-09-06 17:00:00,2022-09-06 21:00:00,SELL,-0.72041902999999996,0.01,4.4306000000000001,0.35499999999999998,0.080124588091906285,12042.700000000001,12003.700000000001,31277.049999999999,31165.049999999999,3919.4200000000001,3906.6700000000001,0.0032437316351576523,0.0034228310461626573,-0.00017909941100500504,0,0.01,0.0019251655766768286,0.01,2.5971792039991031,2.0971792039991031,0.015362859810890387,0.02,0.6509204746443904,0.1509204746443904,5,0.050000000000000003,700,0.01,0.51943584079982064,0.019435840799820636,0.080000000000000002,0.52073637971551223,0.020736379715512232
P1_2022H2_2023,2022-09-09 17:00:00,2022-09-09 21:00:00,BUY,1.03977415,0.01,4.6393000000000004,0.81499999999999995,0.17567305412454462,12500.82,12585.57,31991.049999999999,32169.049999999999,4044.8200000000002,4069.02,0.0067566774192601266,0.0057568840490533155,0.00099979337020681108,0,0.01,0.0019537995783195615,0.01,2.5591161219823979,2.0591161219823979,0.015452875529689825,0.02,0.64712874835410794,0.14712874835410794,5,0.050000000000000003,700,0.01,0.51182322439647954,0.011823224396479537,0.080000000000000002,0.51770299868328629,0.017702998683286286
P1_2022H2_2023,2022-09-12 17:00:00,2022-09-12 21:00:00,BUY,0.71535106000000004,0.01,4.6844999999999999,0.025000000000000001,0.0053367488525989971,12740.9,12746.65,32462.049999999999,32415.5,4114.8199999999997,4114.5699999999997,0.00045120069191044633,-0.00074788456167210779,0.0011990852535825542,5.4210108624275222e-20,0.01,0.0019624299759257351,0.01,2.5478616110321877,2.0478616110321877,0.015481722165246598,0.02,0.64592297247447183,0.14592297247447183,5,0.050000000000000003,700,0.01,0.50957232220643744,0.0095723222064374447,0.080000000000000002,0.51673837797957745,0.016738377979577446
P1_2022H2_2023,2022-09-13 17:00:00,2022-09-13 21:00:00,SELL,-1.66864652,0.01,4.8907999999999996,0.94499999999999995,0.19321992312096181,12314.35,12216.950000000001,31756.799999999999,31526.049999999999,4013.4200000000001,3989.0700000000002,0.0079409172625652877,0.0066891560382038619,0.0012517612243614258,0,0.01,0.0019388524662434503,0.01,2.5788450060295509,2.0788450060295509,0.015341466878622223,0.02,0.65182815170918484,0.15182815170918484,5,0.050000000000000003,700,0.01,0.51576900120591007,0.015769001205910071,0.080000000000000002,0.52146252136734772,0.02146252136734772
P1_2022H2_2023,2022-09-16 17:00:00,2022-09-16 21:00:00,SELL,-2.1581478199999999,0.01,5.1165000000000003,-0.24300000000001093,-0.047493403693933532,11721.049999999999,11745.700000000001,30604.5,30630.049999999999,3842.5500000000002,3844.6700000000001,-0.0021008455850232942,-0.00069303053953510059,-0.0014078150454881937,0,0.01,0.0019149226420951168,0.01,2.6110715336936541,2.1110715336936541,0.015251655801485992,0.02,0.65566651451875047,0.15566651451875047,5,0.050000000000000003,700,0.01,0.52221430673873082,0.022214306738730816,0.080000000000000002,0.52453321161500033,0.024533211615000328
P1_2022H2_2023,2022-09-19 17:00:00,2022-09-19 21:00:00,BUY,0.56671336999999999,0.01,5.1487999999999996,-0.025000000000000001,-0.0048555003107520209,11842.6,11843.6,30770.049999999999,30820.049999999999,3865.6199999999999,3871.6199999999999,8.4437351757163739e-05,0.0015872894391020446,-0.0015028520873448809,5.4210108624275222e-20,0.01,0.0019243712636151063,0.01,2.5982512286153376,2.0982512286153376,0.015317853280974333,0.02,0.65283299275496931,0.15283299275496931,5,0.050000000000000003,700,0.01,0.51965024572306751,0.019650245723067505,0.080000000000000002,0.52226639420397547,0.02226639420397547
P1_2022H2_2023,2022-09-20 17:00:00,2022-09-20 21:00:00,BUY,2.78009503,0.01,5.0431999999999997,-0.875,-0.17350095177664976,11848.4,11764.4,30666.049999999999,30496.049999999999,3855.9699999999998,3830.9699999999998,-0.0071148152141101081,-0.00603178712706047,-0.0010830280870496381,0,0.01,0.0019318431946729363,0.01,2.588201782519159,2.088201782519159,0.01536370874254727,0.02,0.65088450761284222,0.15088450761284222,5,0.050000000000000003,700,0.01,0.51764035650383178,0.017640356503831778,0.080000000000000002,0.52070760609027378,0.020707606090273778
P1_2022H2_2023,2022-09-21 17:00:00,2022-09-21 21:00:00,SELL,-0.89695647999999994,0.01,4.9207999999999998,-0.63800000000001089,-0.12965371484311716,11898.950000000001,11958.049999999999,30896.049999999999,30893,3879.7199999999998,3887.0999999999999,-0.0049545308207884818,-0.00090083462207265835,-0.0040536961987158232,0,0.01,0.0019256425983256761,0.01,2.596535828791616,2.096535828791616,0.015334805089027044,0.02,0.65211132074678846,0.15211132074678846,5,0.050000000000000003,700,0.01,0.51930716575832314,0.019307165758323142,0.080000000000000002,0.5216890565974307,0.0216890565974307
P1_2022H2_2023,2022-09-22 17:00:00,2022-09-22 21:00:00,SELL,-1.44867279,0.01,4.8952999999999998,-0.035000000000000003,-0.0071497150327865513,11521.299999999999,11521.6,30051.049999999999,30179.049999999999,3764.8200000000002,3769.3200000000002,-2.6038389266873442e-05,-0.0027224677020644501,0.0026964293127975767,3.3881317890172014e-21,0.01,0.0019169546488392252,0.01,2.6083037504448283,2.1083037504448283,0.015301262742973103,0.02,0.6535408330657132,0.1535408330657132,5,0.050000000000000003,700,0.01,0.52166075008896562,0.021660750088965619,0.080000000000000002,0.52283266645257054,0.022832666452570538
P1_2022H2_2023,2022-09-23 17:00:00,2022-09-23 21:00:00,SELL,-2.41152313,0.01,4.9001000000000001,0.20500000000000002,0.041835880900389789,11285.9,11261.65,29677.049999999999,29469.049999999999,3692.4499999999998,3675.3200000000002,0.002151010584306104,0.0058417252185303439,-0.0036907146342242399,0,0.01,0.0019014524691638825,0.01,2.6295687539318977,2.1295687539318977,0.015282400574144539,0.02,0.65434746010508693,0.15434746010508693,5,0.050000000000000003,700,0.01,0.52591375078637959,0.025913750786379586,0.080000000000000002,0.52347796808406954,0.023477968084069545
P1_2022H2_2023,2022-09-26 17:00:00,2022-09-26 21:00:00,BUY,6.0880106500000002,0.01,4.9047999999999998,-1.9450000000000001,-0.39655031805578211,11426.35,11234.75,29532.049999999999,29201.049999999999,3699.4699999999998,3647.4699999999998,-0.016910438226995016,-0.012713618159758884,-0.004196820067236132,0,0.01,0.0019345676984835122,0.01,2.5845567482179344,2.0845567482179344,0.015443225651241937,0.02,0.64753311424908211,0.14753311424908211,5,0.050000000000000003,700,0.01,0.51691134964358698,0.016911349643586981,0.080000000000000002,0.51802649139926571,0.018026491399265709
P1_2022H2_2023,2022-09-29 17:00:00,2022-09-29 21:00:00,SELL,-2.30017593,0.01,4.5932000000000004,1.3250000000000002,0.288469912043891,11197.049999999999,11064.75,29223.049999999999,29058.049999999999,3644.52,3617.52,0.011885971266266148,0.0065490947251934904,0.005336876541072658,0,0.01,0.001915790788435841,0.01,2.6098883187982551,2.1098883187982551,0.015361487932567253,0.02,0.65097860597210866,0.15097860597210866,5,0.050000000000000003,700,0.01,0.52197766375965104,0.021977663759651045,0.080000000000000002,0.52078288477768697,0.020782884777686972
P1_2022H2_2023,2022-10-04 17:00:00,2022-10-04 21:00:00,SELL,-0.73842386000000004,0.01,4.8494000000000002,0.055000000000000007,0.011341609271250053,11558.700000000001,11550.450000000001,30200.5,30208.5,3774.5500000000002,3777.6700000000001,0.00071400292529046581,-0.00054555418073745816,0.001259557106027924,0,0.01,0.0019136603698614262,0.01,2.6127938262953445,2.1127938262953445,0.015311361619265872,0.02,0.65310977878135079,0.15310977878135079,5,0.050000000000000003,700,0.01,0.52255876525906886,0.022558765259068858,0.080000000000000002,0.52248782302508057,0.022487823025080567
P1_2022H2_2023,2022-10-05 17:00:00,2022-10-05 21:00:00,SELL,-2.4764644200000001,0.01,5.1443000000000003,-0.88799999999999268,-0.17261823766109921,11440.35,11506.25,30073,30216.049999999999,3751.8200000000002,3771.8200000000002,-0.0057437861100038817,-0.0050310344690019226,-0.00071275164100195916,0,0.01,0.0019020965650251057,0.01,2.6286783184080909,2.1286783184080909,0.0152464004136659,0.02,0.65589252077078053,0.15589252077078053,5,0.050000000000000003,700,0.01,0.52573566368161817,0.025735663681618171,0.080000000000000002,0.52471401661662442,0.024714016616624424
P1_2022H2_2023,2022-10-06 17:00:00,2022-10-06 21:00:00,BUY,1.9975080300000001,0.01,5.1101999999999999,-0.13500000000000001,-0.026417752729834452,11580.1,11568.85,30154.049999999999,30065.049999999999,3774.0700000000002,3766.2199999999998,-0.00097196640760587949,-0.0025190118714876384,0.0015470454638817589,0,0.01,0.0019201566622062377,0.01,2.6039541972867246,2.1039541972867246,0.015341660329564634,0.02,0.65181993247035874,0.15181993247035874,5,0.050000000000000003,700,0.01,0.52079083945734495,0.020790839457344945,0.080000000000000002,0.52145594597628697,0.021455945976286972
P1_2022H2_2023,2022-10-07 17:00:00,2022-10-07 21:00:00,SELL,-2.10292967,0.01,5.0385999999999997,1.0550000000000002,0.20938355892509827,11168.15,11059.35,29447.049999999999,29326.5,3666.52,3645.27,0.0097897531383461366,0.0049573688566783578,0.0048323842816677788,0,0.01,0.0018963104962975918,0.01,2.636699005654473,2.136699005654473,0.015229904650731483,0.02,0.6566029288646732,0.1566029288646732,5,0.050000000000000003,700,0.01,0.52733980113089451,0.027339801130894514,0.080000000000000002,0.52528234309173849,0.025282343091738491
P1_2022H2_2023,2022-10-10 17:00:00,2022-10-10 21:00:00,SELL,-4.8072354300000004,0.01,4.9913999999999996,-0.22499999999999998,-0.045077533357374681,10961.700000000001,10981.32,29321.049999999999,29311.049999999999,3628.52,3627.3699999999999,-0.0017882684542575235,0.00032904696886487569,-0.0021173154231223994,2.1684043449710089e-19,0.01,0.0018692543411644536,0.01,2.6748633879781423,2.1748633879781423,0.015104918809872896,0.02,0.66203599806599345,0.16203599806599345,5,0.050000000000000003,700,0.01,0.53497267759562839,0.034972677595628388,0.080000000000000002,0.52962879845279476,0.029628798452794758
P1_2022H2_2023,2022-10-11 17:00:00,2022-10-11 21:00:00,SELL,-5.5965585300000003,0.01,5.0736999999999997,-1.4949999999999999,-0.29465675936693142,10771.25,10917.799999999999,29140.049999999999,29580.049999999999,3577.8699999999999,3631.77,-0.013513937246614333,-0.014969556227838403,0.0014556189812240695,0,0.01,0.0018481866022879165,0.01,2.7053545317395846,2.2053545317395846,0.015052601128604451,0.02,0.66433700823952646,0.16433700823952646,5,0.050000000000000003,700,0.01,0.54107090634791699,0.041070906347916991,0.080000000000000002,0.53146960659162124,0.031469606591621235
P1_2022H2_2023,2022-10-12 17:00:00,2022-10-12 21:00:00,SELL,-1.41976769,0.01,5.0138999999999996,0.40200000000000724,0.080177107640760137,10842,10800.35,29380.049999999999,29301,3600.8699999999999,3588.3699999999999,0.0038489398256736449,0.003085824992403844,0.00076311483326980088,0,0.01,0.0018451296032511858,0.01,2.709836745987825,2.209836745987825,0.015054695115347126,0.02,0.66424460431654675,0.16424460431654675,5,0.050000000000000003,700,0.01,0.54196734919756495,0.041967349197564952,0.080000000000000002,0.5313956834532374,0.0313956834532374
P1_2022H2_2023,2022-10-13 17:00:00,2022-10-13 21:00:00,BUY,0.65619490000000003,0.01,5.1989999999999998,4.5250000000000004,0.87035968455472212,10568.549999999999,11024.299999999999,28954.049999999999,30050.049999999999,3530.52,3668.02,0.042219317481792522,0.037680536164861472,0.0045387813169310495,0,0.01,0.0018250555621752396,0.01,2.7396426189023098,2.2396426189023098,0.014967412732402024,0.01,0.33405907149041264,0.16594092850958736,5,0.050000000000000003,700,0.01,0.54792852378046186,0.047928523780461862,0.070000000000000007,0.46768270008657764,0.032317299913422359
P1_2022H2_2023,2022-10-14 17:00:00,2022-10-14 21:00:00,SELL,-4.6433675399999998,0.01,5.9287000000000001,1.9519999999999891,0.3292458717762729,11002.9,10804.85,30193,29818.049999999999,3678.5999999999999,3612.9699999999998,0.018163767015383633,0.015249145411299176,0.002914621604084457,0,0.01,0.0018220945252210776,0.01,2.744094738659808,2.244094738659808,0.014955281900723101,0.01,0.33433004026211272,0.16566995973788728,5,0.050000000000000003,700,0.01,0.5488189477319616,0.048818947731961604,0.070000000000000007,0.46806205636695786,0.031937943633042143
P1_2022H2_2023,2022-10-17 17:00:00,2022-10-17 21:00:00,BUY,2.5660070899999998,0.01,6.0068000000000001,0.52500000000000002,0.087400945594992341,11027.92,11083.799999999999,30158.049999999999,30276.049999999999,3672.02,3687.77,0.005054343937150492,0.0040925524997519275,0.00096179143739856445,0,0.01,0.0018283542868322057,0.01,2.7346997439226977,2.2346997439226977,0.015016149149514437,0.02,0.66594969858323239,0.16594969858323239,5,0.050000000000000003,700,0.01,0.54693994878453944,0.046939948784539443,0.080000000000000002,0.53275975886658578,0.032759758866585775
P1_2022H2_2023,2022-10-18 17:00:00,2022-10-18 21:00:00,SELL,-1.30748928,0.01,6.1997,0.64500000000000002,0.10403729212703841,11262.35,11194.85,30722.049999999999,30621.049999999999,3744.9699999999998,3733.9699999999998,0.0060114531886170733,0.0031172761589470088,0.0028941770296700645,0,0.01,0.0018329424631494319,0.01,2.727854311045208,2.227854311045208,0.015036635807496456,0.02,0.66504237570311697,0.16504237570311697,5,0.050000000000000003,700,0.01,0.54557086220904161,0.045570862209041607,0.080000000000000002,0.53203390056249356,0.032033900562493556
P1_2022H2_2023,2022-10-20 17:00:00,2022-10-20 21:00:00,BUY,3.0031116500000001,0.01,6.2530999999999999,-1.115,-0.17831155746749613,11164.4,11054.85,30582.75,30378.049999999999,3703.3000000000002,3672.52,-0.0098608987877003736,-0.0075310277414750507,-0.0023298710462253229,0,0.01,0.0018252773213658026,0.01,2.7393097703414422,2.2393097703414422,0.015073583020549239,0.02,0.66341227473039299,0.16341227473039299,5,0.050000000000000003,700,0.01,0.54786195406828841,0.047861954068288415,0.080000000000000002,0.53072981978431444,0.030729819784314438
P1_2022H2_2023,2022-10-24 17:00:00,2022-10-24 21:00:00,SELL,-4.5753711800000003,0.01,6.5338000000000003,-0.36499999999999999,-0.055863356699011289,11326.200000000001,11359.4,31515.049999999999,31442.049999999999,3790.02,3784.77,-0.0029269689761290832,0.0018526088883545561,-0.0047795778644836393,0,0.01,0.001796950980563255,0.01,2.7824910384771591,2.2824910384771591,0.014942137508509193,0.01,0.33462414578587696,0.16537585421412304,6,0.059999999999999998,850,0.01,0.46374850641285986,0.036251493587140138,0.089999999999999997,0.50193621867881544,0.0019362186788154379
P1_2022H2_2023,2022-10-25 17:00:00,2022-10-25 21:00:00,BUY,2.48186464,0.01,6.5191999999999997,-0.10799999999999274,-0.016566449871148723,11616.75,11613.9,31721.049999999999,31746.049999999999,3837.3200000000002,3843.5700000000002,-0.00024536549896789098,0.0012076128599799315,-0.0014529783589478226,1.0842021724855044e-19,0.01,0.0018310790468789653,0.01,2.7306303398110487,2.2306303398110487,0.015136540606464929,0.02,0.66065293649256462,0.16065293649256462,5,0.050000000000000003,700,0.01,0.54612606796220975,0.046126067962209749,0.080000000000000002,0.52852234919405172,0.028522349194051722
P1_2022H2_2023,2022-10-27 17:00:00,2022-10-27 21:00:00,SELL,-5.0326787900000003,0.01,6.6430999999999996,0.26500000000000001,0.039891014737095637,11256.35,11226.85,32167.599999999999,32146.599999999999,3824.9699999999998,3820.5700000000002,0.002624183117075015,0.0009020209746114636,0.0017221621424635515,0,0.01,0.0017496409430607196,0.01,2.8577291928555879,2.3577291928555879,0.01471429841279801,0.01,0.33980553198861085,0.16019446801138915,6,0.059999999999999998,850,0.01,0.47628819880926471,0.023711801190735293,0.089999999999999997,0.50970829798291628,0.0097082979829162808
P1_2022H2_2023,2022-10-28 17:00:00,2022-10-28 21:00:00,BUY,2.18246742,0.01,6.6536999999999997,2.0249999999999999,0.30434194508318679,11283.700000000001,11491.32,32459,32808.5,3838.8200000000002,3888.5700000000002,0.018232761299283213,0.011793163388055887,0.0064395979112273263,0,0.01,0.0017381465849225176,0.01,2.8766273474126396,2.3766273474126396,0.014696833922924231,0.01,0.34020932850040325,0.15979067149959675,6,0.059999999999999998,850,0.01,0.47943789123543995,0.02056210876456005,0.089999999999999997,0.51031399275060485,0.01031399275060485
P1_2022H2_2023,2022-10-31 17:00:00,2022-10-31 21:00:00,SELL,-1.6604205599999999,0.01,6.7347000000000001,-0.52500000000000002,-0.07795447458684128,11389.299999999999,11437.5,32634.599999999999,32831.599999999999,3867.4699999999998,3883.4699999999998,-0.0042231124499218405,-0.0050734641885019135,0.00085035173858007303,0,0.01,0.0017449731266814977,0.01,2.8653736401710379,2.3653736401710379,0.014724483964969347,0.01,0.33957047404142487,0.16042952595857513,6,0.059999999999999998,850,0.01,0.47756227336183965,0.022437726638160349,0.089999999999999997,0.50935571106213728,0.0093557110621372841
P1_2022H2_2023,2022-11-01 17:00:00,2022-11-01 21:00:00,SELL,-1.32317478,0.01,6.7167000000000003,1.575,0.2344901514136406,11480.200000000001,11319.450000000001,32881.5,32703.049999999999,3893.9000000000001,3864.02,0.014101327320220517,0.0065724888131305191,0.007528838507089998,0,0.01,0.0017456928668096042,0.01,2.8641922614588595,2.3641922614588595,0.014741261973856546,0.01,0.33918398634170133,0.16081601365829867,6,0.059999999999999998,850,0.01,0.4773653769098099,0.022634623090190098,0.089999999999999997,0.50877597951255205,0.0087759795125520457
P1_2022H2_2023,2022-11-02 17:00:00,2022-11-02 21:00:00,SELL,-0.64965108999999999,0.01,6.6440999999999999,0.25200000000000727,0.037928387592000012,11248.1,11218.700000000001,32546.049999999999,32710,3837.0700000000002,3845.5,0.0026171966440976979,-0.0036097055115879304,0.0062269021556856288,4.3368086899420177e-19,0.01,0.0017280284397031285,0.01,2.8934708973071008,2.3934708973071008,0.014657147250375938,0.01,0.34113050204034456,0.15886949795965544,6,0.059999999999999998,850,0.01,0.48224514955118353,0.017754850448816473,0.089999999999999997,0.51169575306051696,0.011695753060516956
P1_2022H2_2023,2022-11-03 17:00:00,2022-11-03 21:00:00,SELL,-1.32092363,0.01,6.6144999999999996,-0.375,-0.056693627636253685,10695.049999999999,10748.42,31809.5,32058.049999999999,3701.5,3732.3200000000002,-0.0049777494220910514,-0.0080376079413549129,0.0030598585192638614,0,0.01,0.0016811094169980666,0.01,2.9742263944535092,2.4742263944535092,0.014446913413481021,0.01,0.34609468866438214,0.15390531133561786,6,0.059999999999999998,850,0.01,0.49570439907558489,0.0042956009244151105,0.089999999999999997,0.51914203299657313,0.019142032996573133
P1_2022H2_2023,2022-11-04 17:00:00,2022-11-04 21:00:00,SELL,-1.0906680099999999,0.01,6.7041000000000004,1.5549999999999999,0.231947614146567,10813.950000000001,10657.049999999999,32313.049999999999,32003.049999999999,3760.75,3716.3699999999999,0.014615322333383756,0.010755491407010563,0.0038598309263731933,0,0.01,0.0016733100094234374,0.01,2.988089458523481,2.488089458523481,0.014377384830153562,0.01,0.34776839175324464,0.15223160824675536,6,0.059999999999999998,850,0.01,0.49801490975391355,0.0019850902460864517,0.089999999999999997,0.52165258762986699,0.021652587629866993
P1_2022H2_2023,2022-11-07 17:00:00,2022-11-07 21:00:00,SELL,-0.73845839000000002,0.01,6.7709000000000001,-0.55500000000000005,-0.081968423695520543,10855.049999999999,10907.42,32478.049999999999,32744.049999999999,3772.1700000000001,3790.1700000000001,-0.0048128820938793749,-0.0064586149629687296,0.0016457328690893547,0,0.01,0.001671136352090104,0.01,2.9919760848637273,2.4919760848637273,0.014388336156641932,0.01,0.34750369643622092,0.15249630356377908,6,0.059999999999999998,850,0.01,0.49866268081062126,0.0013373191893787384,0.089999999999999997,0.52125554465433144,0.021255544654331437
P1_2022H2_2023,2022-11-08 17:00:00,2022-11-08 21:00:00,SELL,-1.4365910099999999,0.01,6.7412000000000001,0.185,0.027443185189580489,11039.4,11017.85,33026.050000000003,33074.050000000003,3815.2199999999998,3818.1199999999999,0.0019540066741543668,-0.0011060838452406027,0.0030600905193949694,0,0.01,0.0016713170360972626,0.01,2.9916526260485172,2.4916526260485172,0.014467579851227454,0.01,0.34560030436436762,0.15439969563563238,6,0.059999999999999998,850,0.01,0.49860877100808632,0.0013912289919136844,0.089999999999999997,0.51840045654655142,0.018400456546551425
P1_2022H2_2023,2022-11-09 17:00:00,2022-11-09 21:00:00,SELL,-0.65868861000000001,0.01,6.8433999999999999,0.93499999999999994,0.13662799193383404,10950.4,10852.85,32895.550000000003,32684.549999999999,3795.3699999999999,3770.2199999999998,0.0089482669706168264,0.0065417243421077853,0.002406542628509041,0,0.01,0.0016644196555461149,0.01,3.0040500803623615,2.5040500803623615,0.014425997992290608,0.01,0.34659647136177668,0.15340352863822332,6,0.059999999999999998,850,0.01,0.50067501339372689,0.00067501339372688651,0.089999999999999997,0.51989470704266505,0.01989470704266505
P1_2022H2_2023,2022-11-10 17:00:00,2022-11-10 21:00:00,BUY,3.6653041399999999,0.01,6.8807999999999998,0.46499999999999997,0.067579351238228114,11427.1,11476.1,33429.550000000003,33522.550000000003,3907.5700000000002,3922.8200000000002,0.0042788845891515489,0.0033365964147731085,0.0009422881743784404,0,0.01,0.0017091315916606714,0.01,2.9254622782683275,2.4254622782683275,0.014621747019247256,0.01,0.34195640188674298,0.15804359811325702,6,0.059999999999999998,850,0.01,0.4875770463780546,0.012422953621945398,0.089999999999999997,0.51293460283011438,0.012934602830114383
P1_2022H2_2023,2022-11-14 17:00:00,2022-11-14 21:00:00,SELL,-1.99066269,0.01,7.1440000000000001,-1.5149999999999999,-0.21206606942889136,11719,11867.950000000001,33802.550000000003,33981.550000000003,3982.1700000000001,4012.4200000000001,-0.012630033133461281,-0.0064245702791776872,-0.0062054628542835936,0,0.01,0.001733449103691881,0.01,2.884422732315044,2.384422732315044,0.014714339166836172,0.01,0.33980459083539549,0.16019540916460451,6,0.059999999999999998,850,0.01,0.48073712205250735,0.019262877947492651,0.089999999999999997,0.50970688625309335,0.0097068862530933497
P1_2022H2_2023,2022-11-15 17:00:00,2022-11-15 21:00:00,SELL,-0.89598507999999999,0.01,7.0834000000000001,1.8550000000000002,0.26187988818928765,12008.6,11820.200000000001,33909.550000000003,33474.550000000003,4027.9000000000001,3975.1500000000001,0.015813127463165648,0.013046951048502311,0.0027661764146633371,0,0.01,0.001770681120805201,0.01,2.823772129973519,2.323772129973519,0.014906775242682292,0.01,0.33541795046883066,0.16458204953116934,6,0.059999999999999998,850,0.01,0.47062868832891985,0.029371311671080147,0.089999999999999997,0.50312692570324602,0.0031269257032460196
P1_2022H2_2023,2022-11-16 17:00:00,2022-11-16 21:00:00,SELL,-2.14800784,0.01,7.1281999999999996,0.35499999999999998,0.049802194102297914,11756.25,11717.299999999999,33619.550000000003,33574.550000000003,3973.1500000000001,3962.02,0.0033186318854529938,0.0020723191283614113,0.0012463127570915824,0,0.01,0.0017484246517279378,0.01,2.8597171717171719,2.3597171717171719,0.014794621396121465,0.01,0.33796065922381713,0.16203934077618287,6,0.059999999999999998,850,0.01,0.47661952861952867,0.023380471380471335,0.089999999999999997,0.50694098883572569,0.0069409888357256921
P1_2022H2_2023,2022-11-18 17:00:00,2022-11-18 21:00:00,SELL,-1.43728188,0.01,7.1529999999999996,1.0850000000000002,0.15168460785684332,11730.25,11619.200000000001,33675.550000000003,33612.550000000003,3966.27,3946.5700000000002,0.0095120730733637155,0.0034259024113898646,0.0060861706619738509,0,0.01,0.0017416567806613403,0.01,2.8708296924617978,2.3708296924617978,0.014787508162580966,0.01,0.33812322840519171,0.16187677159480829,6,0.059999999999999998,850,0.01,0.4784716154102997,0.0215283845897003,0.089999999999999997,0.50718484260778762,0.0071848426077876226
P1_2022H2_2023,2022-11-22 17:00:00,2022-11-22 21:00:00,SELL,-5.1786561100000004,0.01,7.1661999999999999,-1.5449999999999999,-0.21559543412129162,11528.200000000001,11679.02,33933.550000000003,34046.550000000003,3966.9699999999998,3993.52,-0.012997862160467003,-0.0049974868833284076,-0.0080003752771385956,0,0.01,0.0016986433780137946,0.01,2.9435254419597161,2.4435254419597161,0.014530233402319657,0.01,0.34411009524470426,0.15588990475529574,6,0.059999999999999998,850,0.01,0.4905875736599527,0.0094124263400472974,0.089999999999999997,0.51616514286705639,0.016165142867056392
P1_2022H2_2023,2022-11-23 17:00:00,2022-11-23 21:00:00,BUY,1.2058383699999999,0.01,7.1967999999999996,-0.30799999999999272,-0.042796798577144392,11811,11790.049999999999,34215.5,34138,4020.75,4016.8200000000002,-0.0017753452073196463,-0.0016227660044961551,-0.0001525792028234912,0,0.01,0.0017259721471263023,0.01,2.8969181271695881,2.3969181271695881,0.014687558291363551,0.01,0.34042418084836173,0.15957581915163827,6,0.059999999999999998,850,0.01,0.48281968786159801,0.017180312138401987,0.089999999999999997,0.51063627127254263,0.01063627127254263
P1_2022H2_2023,2022-11-28 17:00:00,2022-11-28 21:00:00,BUY,1.75967428,0.01,7.2359,-1.3049999999999999,-0.18035075111596346,11741.32,11613.200000000001,34222.550000000003,33930.550000000003,4006.9699999999998,3973.7199999999998,-0.010971862001299938,-0.0084508280312822273,-0.0025210339700177109,0,0.01,0.0017154361670886592,0.01,2.9147106117540447,2.4147106117540447,0.01465112042266351,0.01,0.34127082815220089,0.15872917184779911,6,0.059999999999999998,850,0.01,0.48578510195900748,0.014214898040992519,0.089999999999999997,0.51190624222830139,0.011906242228301389
P1_2022H2_2023,2022-11-29 17:00:00,2022-11-29 21:00:00,SELL,-2.9794277600000001,0.01,7.1859000000000002,0.53500000000000003,0.074451356127972837,11565.299999999999,11509.92,33830,33867.550000000003,3964.1199999999999,3957.9200000000001,0.0047999634523908912,0.00022795384661489779,0.0045720096057759937,0,0.01,0.0017093260419745787,0.01,2.9251294821578346,2.4251294821578346,0.014587474647588871,0.01,0.34275980735475953,0.15724019264524047,6,0.059999999999999998,850,0.01,0.48752158035963911,0.012478419640360894,0.089999999999999997,0.51413971103213929,0.01413971103213929
P1_2022H2_2023,2022-11-30 17:00:00,2022-11-30 21:00:00,BUY,3.6249881799999999,0.01,7.1996000000000002,1.8350000000000002,0.25487527084838046,11553.799999999999,11742.200000000001,33791.5,34051.550000000003,3958.9699999999998,4003.2199999999998,0.016174803183631715,0.0093907040679408367,0.0067840991156908788,0,0.01,0.0017095719337703269,0.01,2.924708753829909,2.424708753829909,0.014591926688002183,0.01,0.34265523031383616,0.15734476968616384,6,0.059999999999999998,850,0.01,0.48745145897165154,0.012548541028348459,0.089999999999999997,0.51398284547075412,0.013982845470754124
P1_2022H2_2023,2022-12-01 17:00:00,2022-12-01 21:00:00,BUY,3.2003875800000001,0.01,7.4641999999999999,-0.87300000000001088,-0.11695828086064292,12099.049999999999,12039.450000000001,34545.550000000003,34366.550000000003,4097,4077.02,-0.0049381793496009992,-0.0050418523306464524,0.00010367298104545317,0,0.01,0.0017511734507049386,0.01,2.8552283030485865,2.3552283030485865,0.014765743226751281,0.01,0.33862162731784728,0.16137837268215272,6,0.059999999999999998,850,0.01,0.47587138384143113,0.024128616158568872,0.089999999999999997,0.50793244097677082,0.0079324409767708159
P1_2022H2_2023,2022-12-02 17:00:00,2022-12-02 21:00:00,BUY,1.3632593200000001,0.01,7.4292999999999996,0.59499999999999997,0.080088299032210306,11860.1,11922.219999999999,34125.050000000003,34306.050000000003,4035.7199999999998,4057.5700000000002,0.0052240606698891901,0.0053447762734869855,-0.00012071560359779542,0,0.01,0.0017377410436028664,0.01,2.8772986737042694,2.3772986737042694,0.014693908398005809,0.01,0.34027706343116837,0.15972293656883163,6,0.059999999999999998,850,0.01,0.47954977895071155,0.020450221049288453,0.089999999999999997,0.5104155951467525,0.010415595146752499
P1_2022H2_2023,2022-12-05 17:00:00,2022-12-05 21:00:00,BUY,1.24934064,0.01,7.6138000000000003,-1.4885000000000037,-0.19550027581496804,11923.9,11771.82,34152.5,33938.050000000003,4038.8699999999999,3997.5700000000002,-0.01283624959871028,-0.0082886296583766332,-0.004547619940333647,0,0.01,0.0017456847961349828,0.01,2.8642055032330029,2.3642055032330029,0.014761430796237563,0.01,0.33872055283925562,0.16127944716074438,6,0.059999999999999998,850,0.01,0.47736758387216716,0.022632416127832844,0.089999999999999997,0.50808082925888343,0.0080808292588834263
P1_2022H2_2023,2022-12-06 17:00:00,2022-12-06 21:00:00,SELL,-6.3335926300000001,0.01,7.4398999999999997,0.875,0.11760910764929637,11656,11566.049999999999,33890.599999999999,33548.050000000003,3976.8699999999999,3937.8699999999999,0.0077469861504857072,0.010007030010750559,-0.0022600438602648513,0,0.01,0.0017196508766442614,0.01,2.9075669183253261,2.4075669183253261,0.014654741040064171,0.01,0.34118651338366507,0.15881348661633493,6,0.059999999999999998,850,0.01,0.48459448638755431,0.015405513612445687,0.089999999999999997,0.51177977007549758,0.011779770075497575
P1_2022H2_2023,2022-12-07 17:00:00,2022-12-07 21:00:00,SELL,-1.58633164,0.01,7.4814999999999996,-0.38500000000000001,-0.051460268662701335,11466.200000000001,11501.200000000001,33581.050000000003,33610.050000000003,3932.5700000000002,3934.7199999999998,-0.0030478005427841044,-0.00070488824510155285,-0.0023429122976825513,4.3368086899420177e-19,0.01,0.0017072426264217468,0.01,2.9286991331042547,2.4286991331042547,0.014578507184868928,0.01,0.34297064415412259,0.15702935584587741,6,0.059999999999999998,850,0.01,0.48811652218404245,0.011883477815957555,0.089999999999999997,0.51445596623118384,0.014455966231183837
P1_2022H2_2023,2022-12-12 17:00:00,2022-12-12 21:00:00,SELL,-1.2727556099999999,0.01,7.5065999999999997,-0.115,-0.015319851863693284,11598.549999999999,11606.42,33668.050000000003,33830.050000000003,3951.1700000000001,3964.6700000000001,-0.00067830299300082554,-0.0041055150611717653,0.0034272120681709396,1.0842021724855044e-19,0.01,0.0017224861552718378,0.01,2.9027809510671596,2.4027809510671596,0.014677361389158148,0.01,0.34066068603403016,0.15933931396596984,6,0.059999999999999998,850,0.01,0.48379682517786005,0.016203174822139954,0.089999999999999997,0.51099102905104521,0.010991029051045209
P1_2022H2_2023,2022-12-15 17:00:00,2022-12-15 21:00:00,SELL,-0.67398672000000004,0.01,7.4166999999999996,1.3750000000000002,0.18539242520258339,11459.35,11319.35,33361.599999999999,33106.599999999999,3917.0700000000002,3887.27,0.012292340023603779,0.0076548466349824831,0.0046374933886212961,0,0.01,0.0017174461057023645,0.01,2.9112995065165124,2.4112995065165124,0.014627451130564427,0.01,0.34182305279095238,0.15817694720904762,6,0.059999999999999998,850,0.01,0.48521658441941873,0.014783415580581272,0.089999999999999997,0.51273457918642851,0.012734579186428507
P1_2022H2_2023,2022-12-19 17:00:00,2022-12-19 21:00:00,SELL,-4.4800988100000003,0.01,7.7332999999999998,0.73499999999999999,0.095043513118591022,11159.549999999999,11082.65,32948.050000000003,32718.049999999999,3841.9499999999998,3816.3200000000002,0.0069148111618217581,0.0068493039665076839,6.5507195314074181e-05,0,0.01,0.0016935068994978458,0.01,2.9524532799261625,2.4524532799261625,0.014523288954827627,0.01,0.344274634729895,0.155725365270105,6,0.059999999999999998,850,0.01,0.49207554665436043,0.0079244533456395705,0.089999999999999997,0.51641195209484247,0.016411952094842475
P1_2022H2_2023,2022-12-20 17:00:00,2022-12-20 21:00:00,BUY,0.59396497000000004,0.01,7.6992000000000003,0.125,0.016235453034081464,11061.75,11077.549999999999,32804.5,32934.5,3817.8699999999999,3829.8699999999999,0.0014273263095393428,0.0035466120160663433,-0.0021192857065270004,2.1684043449710089e-19,0.01,0.0016860110655550307,0.01,2.9655795873166544,2.4655795873166544,0.014486808089327296,0.01,0.34514159152032903,0.15485840847967097,6,0.059999999999999998,850,0.01,0.49426326455277581,0.0057367354472241949,0.089999999999999997,0.51771238728049362,0.017712387280493624
P1_2022H2_2023,2022-12-21 17:00:00,2022-12-21 21:00:00,BUY,0.63106757999999996,0.01,7.6638000000000002,1.175,0.15331819723896761,11124.5,11244.799999999999,33153.050000000003,33369.050000000003,3848.9000000000001,3882.2199999999998,0.010755916348510895,0.0075569335053211652,0.0031989828431897294,0,0.01,0.0016777491060400173,0.01,2.9801833790282708,2.4801833790282708,0.014451531606433006,0.01,0.34598408917254708,0.15401591082745292,6,0.059999999999999998,850,0.01,0.49669722983804515,0.0033027701619548488,0.089999999999999997,0.51897613375882057,0.018976133758820568
P1_2022H2_2023,2022-12-22 17:00:00,2022-12-22 21:00:00,SELL,-2.5742860599999999,0.01,7.6795,2.1749999999999998,0.28322156390389996,11020.4,10799.15,33056.050000000003,32629.049999999999,3830.9200000000001,3769.6700000000001,0.020280673377507049,0.014559564201753958,0.0057211091757530912,0,0.01,0.001666926326648223,0.01,2.9995326848390262,2.4995326848390262,0.014383490127697783,0.01,0.34762077601538971,0.15237922398461029,6,0.059999999999999998,850,0.01,0.49992211413983778,7.7885860162218989e-05,0.089999999999999997,0.52143116402308454,0.021431164023084537
P1_2022H2_2023,2022-12-23 17:00:00,2022-12-23 21:00:00,SELL,-3.2960837299999999,0.01,7.5026000000000002,-1.0510000000000037,-0.14008477061285471,10837.200000000001,10937.42,32849.5,33109.050000000003,3805.5999999999999,3832.2199999999998,-0.0092052773086525111,-0.0074203691965504127,-0.0017849081121020984,0,0.01,0.0016495228237872724,0.01,3.0311796404975451,2.5311796404975451,0.014238490645364728,0.01,0.35116081644705266,0.14883918355294734,6,0.059999999999999998,850,0.01,0.50519660674959099,0.0051966067495909929,0.089999999999999997,0.52674122467057904,0.026741224670579045
P1_2022H2_2023,2022-12-28 17:00:00,2022-12-28 21:00:00,BUY,2.0579374700000002,0.01,7.3483000000000001,-1.2449999999999999,-0.16942694228597088,10856.75,10735.120000000001,33297.050000000003,33053.050000000003,3839.9499999999998,3804.4699999999998,-0.01126639670911136,-0.0083188062466794249,-0.0029475904624319347,0,0.01,0.0016302870674729441,0.01,3.0669445275980385,2.5669445275980385,0.014136577299183583,0.01,0.35369240334354202,0.14630759665645798,6,0.059999999999999998,850,0.01,0.51115742126633967,0.011157421266339673,0.080000000000000002,0.47158987112472267,0.02841012887527733
P1_2022H2_2023,2022-12-29 17:00:00,2022-12-29 21:00:00,BUY,1.94117998,0.01,7.2984999999999998,0.80499999999999994,0.11029663629512913,10873.9,10957.07,33148.050000000003,33277.050000000003,3832.4699999999998,3855.4699999999998,0.0076194875793578745,0.0049337470244956768,0.0026857405548621977,0,0.01,0.0016402020631681199,0.01,3.0484048961274248,2.5484048961274248,0.014186542882266529,0.01,0.35244668426231618,0.14755331573768382,6,0.059999999999999998,850,0.01,0.50806748268790414,0.0080674826879041373,0.089999999999999997,0.52867002639347427,0.028670026393474268
P1_2022H2_2023,2022-12-30 17:00:00,2022-12-30 21:00:00,BUY,0.81673766000000003,0.01,7.4080000000000004,-0.105,-0.014173866090712741,10828.700000000001,10821.07,33010.050000000003,32918.050000000003,3819.02,3807.52,-0.00070485740180130884,-0.0029033538243502304,0.0021984964225489215,1.0842021724855044e-19,0.01,0.0016402126019197183,0.01,3.0483853094092548,2.5483853094092548,0.014177328215091831,0.01,0.35267575978649324,0.14732424021350676,6,0.059999999999999998,850,0.01,0.50806421823487591,0.0080642182348759084,0.089999999999999997,0.52901363967973991,0.029013639679739911
P1_2022H2_2023,2023-01-03 17:00:00,2023-01-03 21:00:00,SELL,-2.3420356199999999,0.01,7.4603999999999999,0.76500000000000001,0.10254141869068682,10912.049999999999,10832.469999999999,33047.050000000003,33009.050000000003,3832.4200000000001,3813.8699999999999,0.0073195780177562801,0.0030012865587886461,0.004318291458967634,0,0.01,0.0016509870018655219,0.01,3.0284914383640107,2.5284914383640107,0.014236500696687731,0.01,0.35120990098102561,0.14879009901897439,6,0.059999999999999998,850,0.01,0.50474857306066845,0.0047485730606684484,0.089999999999999997,0.52681485147153839,0.026814851471538392
P1_2022H2_2023,2023-01-04 17:00:00,2023-01-04 21:00:00,SELL,-3.3675384099999999,0.01,7.3414000000000001,-0.51600000000000368,-0.07028632141008577,10899.6,10930.9,33276.5,33304.5,3849.25,3859.3000000000002,-0.0028675496619781199,-0.0017242882958014979,-0.001143261366176622,0,0.01,0.0016377323336288373,0.01,3.053001945025505,2.553001945025505,0.014158082743391571,0.01,0.35315516165730848,0.14684483834269152,6,0.059999999999999998,850,0.01,0.50883365750425091,0.0088336575042509136,0.080000000000000002,0.47087354887641136,0.029126451123588637
P1_2022H2_2023,2023-01-05 17:00:00,2023-01-05 21:00:00,SELL,-0.61029270000000002,0.01,7.0965999999999996,-0.095000000000000001,-0.013386692218809008,10786.75,10793.549999999999,32928.050000000003,32982.050000000003,3816.0700000000002,3821.0700000000002,-0.00063020442024025892,-0.0014739934220218752,0.00084378900178161626,0,0.01,0.0016379272383272012,0.01,3.0526386539040953,2.5526386539040953,0.014133323026045121,0.01,0.35377384290912467,0.14622615709087533,6,0.059999999999999998,850,0.01,0.50877310898401595,0.0087731089840159537,0.080000000000000002,0.4716984572121663,0.0283015427878337
P1_2022H2_2023,2023-01-06 17:00:00,2023-01-06 21:00:00,SELL,-3.8233900200000002,0.01,7.0961999999999996,-2.5150000000000001,-0.35441503903497651,10743,10991.5,33118.050000000003,33529.050000000003,3822.4000000000001,3884.4699999999998,-0.02286786713362941,-0.014220915527883033,-0.0086469516057463766,0,0.01,0.0016219252039295791,0.01,3.0827562133482269,2.5827562133482269,0.014052689409794894,0.01,0.35580377920506379,0.14419622079493621,6,0.059999999999999998,850,0.01,0.51379270222470463,0.013792702224704634,0.080000000000000002,0.47440503894008512,0.025594961059914878
P1_2022H2_2023,2023-01-09 17:00:00,2023-01-09 21:00:00,BUY,6.8091360999999999,0.01,6.9955999999999996,-0.315,-0.045028303505060326,11231.15,11202.85,33787.5,33680.050000000003,3934.2199999999998,3922.1199999999999,-0.0025229575654392251,-0.0031327774283631919,0.00060981986292396682,0,0.01,0.0016620273769885313,0.01,3.0083740311544234,2.5083740311544234,0.014273667969762748,0.01,0.35029538382089098,0.14970461617910902,6,0.059999999999999998,850,0.01,0.50139567185907064,0.0013956718590706352,0.089999999999999997,0.52544307573133653,0.025443075731336529
P1_2022H2_2023,2023-01-10 17:00:00,2023-01-10 21:00:00,BUY,1.9702562800000001,0.01,7.0191999999999997,0.315,0.044876909049464328,11134.200000000001,11168.57,33583.050000000003,33642.050000000003,3899.3200000000002,3911.1700000000001,0.0030821308033245893,0.0023948401105561286,0.00068729069276846078,0,0.01,0.0016577112561247415,0.01,3.0162068222234195,2.5162068222234195,0.014277104725952219,0.01,0.35021106141438091,0.14978893858561909,6,0.059999999999999998,850,0.01,0.50270113703723662,0.0027011370372366228,0.089999999999999997,0.52531659212157134,0.025316592121571335
P1_2022H2_2023,2023-01-11 17:00:00,2023-01-11 21:00:00,BUY,1.1108035599999999,0.01,7.0317999999999996,0.69499999999999995,0.098836713217099456,11262.1,11334.35,33802.050000000003,33882.050000000003,3939.0700000000002,3952.5700000000002,0.0063948315965573913,0.0028926347529921099,0.0035021968435652814,0,0.01,0.0016658900865480053,0.01,3.0013984958400299,2.5013984958400299,0.014295379366195574,0.01,0.34976336562452826,0.15023663437547174,6,0.059999999999999998,850,0.01,0.50023308264000499,0.00023308264000498902,0.089999999999999997,0.52464504843679238,0.024645048436792383
P1_2022H2_2023,2023-01-12 17:00:00,2023-01-12 21:00:00,SELL,-5.0819542100000001,0.01,7.1718000000000002,-2.0950000000000002,-0.29211634457179508,11284.9,11491.4,33921.599999999999,34284.050000000003,3951.7199999999998,3996.8699999999999,-0.018133380610935217,-0.01099443972651392,-0.0071389408844212965,0,0.01,0.0016633796754870055,0.01,3.0059282758376238,2.5059282758376238,0.014278466085653843,0.01,0.35017767104715147,0.14982232895284853,6,0.059999999999999998,850,0.01,0.50098804597293733,0.00098804597293733476,0.089999999999999997,0.52526650657072727,0.025266506570727265
P1_2022H2_2023,2023-01-17 17:00:00,2023-01-17 21:00:00,BUY,1.27023639,0.01,7.2070999999999996,0.245,0.033994255664553011,11549.299999999999,11578.049999999999,34125.050000000003,33994.050000000003,4001.3699999999999,4001.52,0.0024862351120660039,-0.0019043614728097304,0.0043905965848757347,4.3368086899420177e-19,0.01,0.0016922026487873275,0.01,2.9547288580260282,2.4547288580260282,0.014431682148864014,0.01,0.34645995861221029,0.15354004138778971,6,0.059999999999999998,850,0.01,0.49245480967100469,0.0075451903289953104,0.089999999999999997,0.51968993791831541,0.019689937918315414
P1_2022H2_2023,2023-01-18 17:00:00,2023-01-18 21:00:00,BUY,0.66274264999999999,0.01,7.1253000000000002,-2.0049999999999999,-0.2813916607020055,11653.549999999999,11456.15,33971.050000000003,33489.050000000003,4011.1500000000001,3950.9699999999998,-0.017084150915740146,-0.014703518227132405,-0.0023806326886077409,0,0.01,0.0017152178104591998,0.01,2.9150816703922842,2.4150816703922842,0.014526445034466425,0.01,0.3441998361014455,0.1558001638985545,6,0.059999999999999998,850,0.01,0.48584694506538073,0.014153054934619269,0.089999999999999997,0.51629975415216822,0.016299754152168222
P1_2022H2_2023,2023-01-20 17:00:00,2023-01-20 21:00:00,BUY,1.9161641599999999,0.01,7.1082000000000001,1.4850000000000001,0.20891364902506965,11386.950000000001,11538.57,32979.050000000003,33197.050000000003,3909.4200000000001,3948.3200000000002,0.013227373743872738,0.0082448258796275972,0.0049825478642451411,0,0.01,0.0017263914515427219,0.01,2.896214526277888,2.396214526277888,0.014563477446782389,0.01,0.3433245952603638,0.1566754047396362,6,0.059999999999999998,850,0.01,0.48270242104631472,0.017297578953685278,0.089999999999999997,0.51498689289054578,0.014986892890545778
P1_2022H2_2023,2023-01-24 17:00:00,2023-01-24 21:00:00,BUY,3.6522457500000001,0.01,7.0382999999999996,0.30499999999999999,0.04333432789167839,11828.27,11863.65,33445.050000000003,33755.050000000003,3998.0700000000002,4022.8699999999999,0.0029866744695905712,0.0077050378832898498,-0.0047183634136992786,0,0.01,0.0017683139956436004,0.01,2.8275521272341604,2.3275521272341604,0.014792474869124352,0.01,0.33800970048874435,0.16199029951125565,6,0.059999999999999998,850,0.01,0.47125868787236008,0.028741312127639917,0.089999999999999997,0.50701455073311652,0.0070145507331165202
P1_2022H2_2023,2023-01-25 17:00:00,2023-01-25 21:00:00,SELL,-3.13320065,0.01,7.1642999999999999,-2.0049999999999999,-0.27985986069818403,11566.6,11761.799999999999,33431.050000000003,33671.050000000003,3957.6999999999998,4004.7199999999998,-0.016735357402963672,-0.0094819629404362983,-0.0072533944625273739,0,0.01,0.0017299187432042967,0.01,2.8903091660470666,2.3903091660470666,0.014612780150087174,0.01,0.342166237269379,0.157833762730621,6,0.059999999999999998,850,0.01,0.48171819434117785,0.018281805658822148,0.089999999999999997,0.51324935590406862,0.013249355904068616
P1_2022H2_2023,2023-01-26 17:00:00,2023-01-26 21:00:00,BUY,0.96379121999999995,0.01,7.1832000000000003,0.46200000000000724,0.064316739057802538,11922.1,11972.1,33718.050000000003,33857.050000000003,4030.3000000000002,4043.0700000000002,0.0041851221618782871,0.003638718344664095,0.00054640381721419214,0,0.01,0.0017679106591276777,0.01,2.8281972135781452,2.3281972135781452,0.014790586308711511,0.01,0.33805285981496552,0.16194714018503448,6,0.059999999999999998,850,0.01,0.47136620226302417,0.02863379773697583,0.089999999999999997,0.5070792897224482,0.007079289722448201
P1_2022H2_2023,2023-01-27 17:00:00,2023-01-27 21:00:00,BUY,2.07224451,0.01,7.2087000000000003,1.2170000000000072,0.16882378237407675,12074.700000000001,12200.85,34021.5,34028.050000000003,4064.52,4078.4699999999998,0.010393266933863955,0.0018093850117055087,0.0085838819221584466,0,0.01,0.0017745690225298711,0.01,2.8175855300752812,2.3175855300752812,0.014853783472587171,0.01,0.33661457427513725,0.16338542572486275,6,0.059999999999999998,850,0.01,0.46959758834588028,0.030402411654119721,0.089999999999999997,0.5049218614127059,0.0049218614127058968
P1_2022H2_2023,2023-01-30 17:00:00,2023-01-30 21:00:00,SELL,-1.0061017699999999,0.01,7.3090999999999999,0.92499999999999993,0.12655456896197889,12065.65,11970.27,33987.050000000003,33882.050000000003,4056.8699999999999,4035.6199999999999,0.0079364967639217725,0.0041729944891843998,0.0037635022747373728,0,0.01,0.0017750363741483887,0.01,2.8168436843435711,2.3168436843435711,0.014870639187353797,0.01,0.33623302515819703,0.16376697484180297,6,0.059999999999999998,850,0.01,0.46947394739059517,0.03052605260940483,0.089999999999999997,0.50434953773729552,0.0043495377372955168
P1_2022H2_2023,2023-01-31 17:00:00,2023-01-31 21:00:00,BUY,0.99939487999999999,0.01,7.3555000000000001,0.93699999999998906,0.12738766909115479,11946.549999999999,12045.799999999999,33718.5,33954.050000000003,4026.9200000000001,4056.6199999999999,0.0082735176960116365,0.0071548953050769581,0.0011186223909346784,0,0.01,0.0017715126710856057,0.01,2.8224466477769736,2.3224466477769736,0.014833358993970577,0.01,0.33707806856372768,0.16292193143627232,6,0.059999999999999998,850,0.01,0.47040777462949562,0.029592225370504377,0.089999999999999997,0.50561710284559147,0.0056171028455914707
P1_2022H2_2023,2023-02-01 17:00:00,2023-02-01 21:00:00,SELL,-0.74705648000000002,0.01,7.3536000000000001,0.0039999999999963676,0.00054395126196643377,12098.15,12084.9,33983.5,33785.5,4075.6999999999998,4060.9499999999998,0.0010958089509702674,0.0047344855174752017,-0.0036386765665049345,2.1684043449710089e-19,0.01,0.0017800035311253991,0.01,2.8089831916450034,2.3089831916450034,0.01484180631547955,0.01,0.33688621814079012,0.16311378185920988,6,0.059999999999999998,850,0.01,0.46816386527416731,0.031836134725832688,0.089999999999999997,0.50532932721118529,0.0053293272111852863
P1_2022H2_2023,2023-02-02 17:00:00,2023-02-02 21:00:00,BUY,3.7876168400000001,0.01,7.4200999999999997,2.5150000000000001,0.3389442190806054,12626.549999999999,12880.799999999999,33902.5,34082.5,4148.7200000000003,4194.2200000000003,0.019936090645839823,0.008101416079658216,0.011834674566181607,0,0.01,0.001862185679522159,0.01,2.6850168890156065,2.1850168890156065,0.015217404404249983,0.02,0.65714229144144687,0.15714229144144687,5,0.050000000000000003,700,0.01,0.53700337780312124,0.03700337780312124,0.080000000000000002,0.52571383315315745,0.02571383315315745
P1_2022H2_2023,2023-02-03 17:00:00,2023-02-03 21:00:00,BUY,3.6344013899999998,0.01,7.5206999999999997,-0.53850000000000364,-0.071602377438270859,12674.6,12631.4,33895.5,33922.050000000003,4148.6000000000004,4142.4200000000001,-0.0034142133853365887,-0.00035389330079948356,-0.0030603200845371052,0,0.01,0.0018696582142172266,0.01,2.6742855790320794,2.1742855790320794,0.015275755676613796,0.02,0.65463209884335605,0.15463209884335605,5,0.050000000000000003,700,0.01,0.53485711580641593,0.034857115806415928,0.080000000000000002,0.52370567907468479,0.023705679074684793
P1_2022H2_2023,2023-02-06 17:00:00,2023-02-06 21:00:00,BUY,0.86444021000000004,0.01,7.5548999999999999,-0.245,-0.032429284305550039,12507.9,12487.9,33798.050000000003,33896.050000000003,4116.3999999999996,4113.0200000000004,-0.0016002691866715429,0.0010369683969047954,-0.002637237583576338,2.1684043449710089e-19,0.01,0.0018503878182321166,0.01,2.7021362498900703,2.2021362498900703,0.015192765523272762,0.02,0.65820801253607719,0.15820801253607719,5,0.050000000000000003,700,0.01,0.54042724997801406,0.040427249978014057,0.080000000000000002,0.52656641002886173,0.026566410028861731
P1_2022H2_2023,2023-02-08 17:00:00,2023-02-08 21:00:00,SELL,-1.6155170700000001,0.01,7.6605999999999996,1.2550000000000001,0.16382528783646191,12657.1,12528.1,34161.050000000003,34043.050000000003,4153.4200000000001,4127.0699999999997,0.01024420120883332,0.0049122925694533824,0.0053319086393799377,0,0.01,0.0018525630798819123,0.01,2.6989634276414032,2.1989634276414032,0.015236961347516025,0.02,0.65629883622630769,0.15629883622630769,5,0.050000000000000003,700,0.01,0.53979268552828064,0.039792685528280636,0.080000000000000002,0.52503906898104613,0.025039068981046131
P1_2022H2_2023,2023-02-09 17:00:00,2023-02-09 21:00:00,SELL,-0.57242327000000004,0.01,7.7649999999999997,1.6850000000000001,0.21699935608499679,12633.6,12464.85,34173.050000000003,33851.050000000003,4145.3199999999997,4104.8199999999997,0.013447248168144478,0.0096426988626281789,0.0038045493055162988,0,0.01,0.0018484741631197685,0.01,2.7049336689463019,2.2049336689463019,0.015238389316144473,0.02,0.65623733535967566,0.15623733535967566,5,0.050000000000000003,700,0.01,0.54098673378926043,0.040986733789260432,0.080000000000000002,0.52498986828774052,0.024989868287740524
P1_2022H2_2023,2023-02-10 17:00:00,2023-02-10 21:00:00,SELL,-0.93573649999999997,0.01,7.835,0.2239999999999964,0.028589661774090159,12295.049999999999,12265.35,33676.5,33799.050000000003,4074.9000000000001,4078.2199999999998,0.0024185285644343383,-0.0022234215236477698,0.0046419500880821082,0,0.01,0.0018254643445726247,0.01,2.7390291214757161,2.2390291214757161,0.015086321136715011,0.02,0.66285212341552102,0.16285212341552102,5,0.050000000000000003,700,0.01,0.54780582429514313,0.047805824295143129,0.080000000000000002,0.53028169873241671,0.030281698732416706
P1_2022H2_2023,2023-02-13 17:00:00,2023-02-13 21:00:00,BUY,0.77841112999999995,0.01,7.8404999999999996,0.96499999999999997,0.12307888527517379,12425.1,12524.1,34052.050000000003,34252.050000000003,4114.3199999999997,4138.8199999999997,0.0079361678616730567,0.005896666119358079,0.0020395017423149777,0,0.01,0.0018244276042117874,0.01,2.7405855888483797,2.2405855888483797,0.015099822084815962,0.02,0.66225945867638891,0.16225945867638891,5,0.050000000000000003,700,0.01,0.54811711776967587,0.048117117769675866,0.080000000000000002,0.52980756694111109,0.029807566941111086
P1_2022H2_2023,2023-02-14 17:00:00,2023-02-14 21:00:00,BUY,3.4679516600000002,0.01,8.0211000000000006,-0.074999999999999997,-0.0093503384822530566,12548.799999999999,12546.549999999999,34236.050000000003,34141.050000000003,4143.8199999999997,4135.3199999999997,-0.0001793160889191917,-0.0024160319766192238,0.0022367158877000322,1.3552527156068805e-19,0.01,0.0018326880583478524,0.01,2.7282329784521235,2.2282329784521235,0.015141584335226917,0.02,0.66043287007522622,0.16043287007522622,5,0.050000000000000003,700,0.01,0.54564659569042462,0.045646595690424618,0.080000000000000002,0.52834629606018091,0.028346296060180909
P1_2022H2_2023,2023-02-16 17:00:00,2023-02-16 21:00:00,BUY,2.9938794400000002,0.01,8.0106999999999999,0.96499999999999997,0.12046387956108705,12529.15,12629.9,33736.050000000003,33981.050000000003,4096.0200000000004,4129.3199999999997,0.0080090892584928075,0.0076664958626421302,0.0003425933958506773,0,0.01,0.0018569379047043146,0.01,2.692604845500294,2.192604845500294,0.015294297879404884,0.02,0.65383844873754415,0.15383844873754415,5,0.050000000000000003,700,0.01,0.53852096910005876,0.038520969100058755,0.080000000000000002,0.5230707589900353,0.023070758990035301
P1_2022H2_2023,2023-02-17 17:00:00,2023-02-17 21:00:00,SELL,-1.98507338,0.01,8.0739000000000001,0.17499999999999999,0.021674779226891587,12296.9,12275.77,33561.050000000003,33670.050000000003,4054.27,4058.3200000000002,0.001719797255082235,-0.0021204989955982069,0.0038402962506804417,2.1684043449710089e-19,0.01,0.0018320195583868798,0.01,2.729228504745099,2.229228504745099,0.015165368858018828,0.02,0.65939708381787288,0.15939708381787288,5,0.050000000000000003,700,0.01,0.54584570094901974,0.045845700949019741,0.080000000000000002,0.52751766705429826,0.027517667054298256
P1_2022H2_2023,2023-02-21 17:00:00,2023-02-21 21:00:00,BUY,1.2630522399999999,0.01,8.0921000000000003,-0.94500000000000006,-0.11678056375971627,12202.35,12110.469999999999,33409,33204.050000000003,4033.2199999999998,4004.6199999999999,-0.007558188428652057,-0.0066349190368776515,-0.00092326939177440545,0,0.01,0.0018262070100871024,0.01,2.7379152376386515,2.2379152376386515,0.015127305230064319,0.02,0.66105627194761662,0.16105627194761662,5,0.050000000000000003,700,0.01,0.54758304752773035,0.047583047527730349,0.080000000000000002,0.52884501755809321,0.028845017558093211
P1_2022H2_2023,2023-02-22 17:00:00,2023-02-22 21:00:00,SELL,-0.51660388000000002,0.01,8.0370000000000008,-0.34299999999999276,-0.042677616025879397,12091.4,12120.75,33193.050000000003,33220.5,4005.6700000000001,4011.8499999999999,-0.0024244038118017052,-0.0011841313680249028,-0.0012402724437768024,0,0.01,0.0018213752577723348,0.01,2.7451783912532877,2.2451783912532877,0.015092855876794644,0.02,0.66256512893461461,0.16256512893461461,5,0.050000000000000003,700,0.01,0.54903567825065758,0.049035678250657577,0.080000000000000002,0.53005210314769169,0.030052103147691689
P1_2022H2_2023,2023-02-23 17:00:00,2023-02-23 21:00:00,SELL,-2.5342182100000001,0.01,8.0582999999999991,1.165,0.14457143566260877,12207,12088.950000000001,33262.050000000003,32950.050000000003,4026.1199999999999,3988.6199999999999,0.0097177454677580353,0.0093910778416149889,0.00032666762614304637,0,0.01,0.001834974092095947,0.01,2.7248341115753258,2.2248341115753258,0.01515975678817323,0.02,0.65964118948144512,0.15964118948144512,5,0.050000000000000003,700,0.01,0.54496682231506521,0.044966822315065214,0.080000000000000002,0.52771295158515608,0.027712951585156076
P1_2022H2_2023,2023-02-28 17:00:00,2023-02-28 21:00:00,BUY,4.4828439700000002,0.01,8.1625999999999994,0.67499999999999993,0.082694239580525811,12072.85,12143.15,32765.5,32815.050000000003,3979.7199999999998,3995.9699999999998,0.0058060949362925352,0.0027930036223130002,0.0030130913139795349,0,0.01,0.0018423112725275063,0.01,2.7139821997291445,2.2139821997291445,0.015167964077874827,0.02,0.65928426179402533,0.15928426179402533,5,0.050000000000000003,700,0.01,0.54279643994582882,0.042796439945828824,0.080000000000000002,0.52742740943522026,0.027427409435220262
P1_2022H2_2023,2023-03-02 17:00:00,2023-03-02 21:00:00,BUY,3.30280635,0.01,8.1333000000000002,0.97499999999999998,0.11987754048172328,11877.6,11977.969999999999,32729.049999999999,32920.050000000003,3936.2199999999998,3965.9200000000001,0.0084148559237336371,0.0066679092041263335,0.0017469467196073035,0,0.01,0.0018145347940132697,0.01,2.7555272108843534,2.2555272108843534,0.015087571324773516,0.02,0.66279719808715565,0.16279719808715565,6,0.059999999999999998,850,0.01,0.45925453514739234,0.04074546485260766,0.089999999999999997,0.49709789856536674,0.0029021014346332641
P1_2022H2_2023,2023-03-09 17:00:00,2023-03-09 21:00:00,BUY,2.6588279400000001,0.01,8.2992000000000008,-2.1150000000000002,-0.25484384037015617,12320.9,12111.950000000001,32938.050000000003,32543.049999999999,4012.0700000000002,3955.9699999999998,-0.017104438836074192,-0.01307309177673616,-0.0040313470593380321,0,0.01,0.001870314119991924,0.01,2.6733477262212992,2.1733477262212992,0.015354791915395294,0.02,0.65126248894155458,0.15126248894155458,5,0.050000000000000003,700,0.01,0.5346695452442598,0.034669545244259803,0.080000000000000002,0.52100999115324365,0.021009991153243646
P1_2022H2_2023,2023-03-10 17:00:00,2023-03-10 21:00:00,SELL,-6.5882923,0.01,8.2461000000000002,0.995,0.12066310134487818,11905.950000000001,11803.700000000001,32192.049999999999,31826.049999999999,3895.6199999999999,3851.8699999999999,0.0086252335149320375,0.011364245626166558,-0.0027390121112345206,0,0.01,0.001849206558762179,0.01,2.7038623545370171,2.2038623545370171,0.015281200425092799,0.02,0.65439885099467066,0.15439885099467066,5,0.050000000000000003,700,0.01,0.54077247090740344,0.040772470907403435,0.080000000000000002,0.52351908079573661,0.023519080795736613
P1_2022H2_2023,2023-03-14 17:00:00,2023-03-14 21:00:00,BUY,2.58288903,0.01,8.3518000000000008,-0.20500000000000002,-0.02454560693503197,12128.25,12111.25,32148.049999999999,31952.049999999999,3914,3893.77,-0.0014026694269489938,-0.0056487415666578106,0.0042460721397088166,2.1684043449710089e-19,0.01,0.0018863119224960768,0.01,2.6506750767835427,2.1506750767835427,0.015493421052631578,0.02,0.64543524416135878,0.14543524416135878,5,0.050000000000000003,700,0.01,0.53013501535670848,0.030135015356708483,0.080000000000000002,0.51634819532908705,0.016348195329087045
P1_2022H2_2023,2023-03-16 17:00:00,2023-03-16 21:00:00,BUY,2.1208444700000002,0.01,8.4436,2.395,0.28364678573120472,12290.5,12532.9,31699.049999999999,32202.049999999999,3887.0700000000002,3953.9200000000001,0.019530580429044153,0.016397617276576251,0.0031329631524679019,0,0.01,0.0019386227662974128,0.01,2.5791505634433096,2.0791505634433096,0.015809465741548262,0.02,0.63253244375737361,0.13253244375737361,5,0.050000000000000003,700,0.01,0.51583011268866186,0.015830112688661857,0.080000000000000002,0.50602595500589875,0.0060259550058987532
P1_2022H2_2023,2023-03-17 17:00:00,2023-03-17 21:00:00,BUY,1.8339430699999999,0.01,8.7165999999999997,-0.99850000000000372,-0.11455154532730695,12626,12548.42,32037.049999999999,31915.049999999999,3948.3000000000002,3926.1700000000001,-0.0061634187076023833,-0.004718035361581217,-0.0014453833460211663,0,0.01,0.0019705309945828348,0.01,2.537387137652463,2.037387137652463,0.015989159891598916,0.02,0.62542372881355934,0.12542372881355934,5,0.050000000000000003,700,0.01,0.50747742753049252,0.0074774275304925197,0.080000000000000002,0.50033898305084745,0.00033898305084745228
P1_2022H2_2023,2023-03-20 17:00:00,2023-03-20 21:00:00,SELL,-8.3748610499999998,0.01,8.8008000000000006,-1.0149999999999999,-0.115330424506863,12438.25,12534,32203.049999999999,32193.049999999999,3933.0700000000002,3947.77,-0.0076685496282976892,-0.0017099966509773992,-0.0059585529773202896,8.6736173798840355e-19,0.01,0.0019312223531622007,0.01,2.589033827105903,2.089033827105903,0.015812393372098641,0.02,0.63241533173878961,0.13241533173878961,5,0.050000000000000003,700,0.01,0.51780676542118065,0.017806765421180648,0.080000000000000002,0.50593226539103164,0.0059322653910316436
P1_2022H2_2023,2023-03-22 17:00:00,2023-03-22 21:00:00,BUY,1.6023866200000001,0.01,8.7171000000000003,0.35149999999999632,0.04032304321391246,12758.65,12800.1,32563.049999999999,32501.5,4003.9699999999998,4003.9499999999998,0.0032435104485995119,-0.00094848145202837983,0.0041919919006278917,0,0.01,0.0019590686376122629,0.01,2.5522331908156426,2.0522331908156426,0.015932499494251955,0.02,0.62764790945750526,0.12764790945750526,5,0.050000000000000003,700,0.01,0.51044663816312852,0.010446638163128519,0.080000000000000002,0.50211832756600416,0.0021183275660041634
P1_2022H2_2023,2023-03-23 17:00:00,2023-03-23 21:00:00,BUY,0.58367986999999999,0.01,8.7538999999999998,-0.065000000000000002,-0.0074252618832748836,12764.799999999999,12763.07,32244,32179.049999999999,3974.52,3963.5700000000002,-0.00013553813950386637,-0.0023876057677324177,0.0022520676282285512,1.3552527156068805e-19,0.01,0.0019794070214613573,0.01,2.5260090248182503,2.0260090248182503,0.016058291315680887,0.02,0.62273126096766118,0.12273126096766118,5,0.050000000000000003,700,0.01,0.50520180496365008,0.0052018049636500807,0.080000000000000002,0.49818500877412891,0.0018149912258710876
P1_2022H2_2023,2023-03-27 17:00:00,2023-03-27 21:00:00,BUY,0.81275951000000002,0.01,8.6945999999999994,-1.3049999999999999,-0.15009316127251399,12812.4,12687.4,32472.049999999999,32465.049999999999,3996.2199999999998,3984.0700000000002,-0.0098040769925742486,-0.0016302988604551582,-0.0081737781321190896,1.7347234759768071e-18,0.01,0.0019728350997242241,0.01,2.5344236833067968,2.0344236833067968,0.016030648963270291,0.02,0.62380506384440071,0.12380506384440071,5,0.050000000000000003,700,0.01,0.50688473666135936,0.0068847366613593586,0.080000000000000002,0.49904405107552052,0.00095594892447947721
P1_2022H2_2023,2023-03-28 17:00:00,2023-03-28 21:00:00,SELL,-5.6507136400000002,0.01,8.6414000000000009,0.495,0.057282384798759453,12575.200000000001,12522.450000000001,32485.049999999999,32318.049999999999,3970.6700000000001,3953.7199999999998,0.004203587003164388,0.004716012078000693,-0.00051242507483630507,0,0.01,0.0019355365006364469,0.01,2.5832630892550417,2.0832630892550417,0.015835110951048566,0.02,0.63150804758572432,0.13150804758572432,5,0.050000000000000003,700,0.01,0.51665261785100824,0.016652617851008245,0.080000000000000002,0.50520643806857946,0.0052064380685794553
P1_2022H2_2023,2023-03-29 17:00:00,2023-03-29 21:00:00,BUY,2.5165334700000002,0.01,8.6483000000000008,-0.115,-0.013297411051883028,12798.9,12792.15,32657.049999999999,32607.049999999999,4014.6199999999999,4011.8200000000002,-0.00052752819103049349,-0.0011149651974780915,0.000587437006447598,0,0.01,0.0019595921860670207,0.01,2.5515513051902894,2.0515513051902894,0.01594036297333247,0.02,0.62733828688402904,0.12733828688402904,5,0.050000000000000003,700,0.01,0.51031026103805788,0.010310261038057877,0.080000000000000002,0.50187062950722328,0.0018706295072232759
P1_2022H2_2023,2023-03-30 17:00:00,2023-03-30 21:00:00,BUY,2.2099397299999999,0.01,8.6437000000000008,-0.495,-0.057267142543123886,12962.82,12916.450000000001,32860.050000000003,32763.049999999999,4056.77,4038.4699999999998,-0.0035835670498769478,-0.0037387306643669538,0.00015516361449000602,0,0.01,0.0019724285264325525,0.01,2.5349460996912709,2.0349460996912709,0.015976774626118809,0.02,0.62590856002011919,0.12590856002011919,5,0.050000000000000003,700,0.01,0.50698921993825419,0.0069892199382541875,0.080000000000000002,0.50072684801609524,0.00072684801609523841
P1_2022H2_2023,2023-03-31 17:00:00,2023-03-31 21:00:00,BUY,1.20681408,0.01,8.6193000000000008,0.83499999999999996,0.096875616349355501,13026.049999999999,13113.32,33050.050000000003,33130.050000000003,4071.4200000000001,4088.1700000000001,0.0066773089217338211,0.0032616252855089851,0.0034156836362248359,0,0.01,0.0019706551124733548,0.01,2.5372273252444142,2.0372273252444142,0.01599693718653443,0.02,0.62511966405779185,0.12511966405779185,5,0.050000000000000003,700,0.01,0.50744546504888288,0.0074454650488828822,0.080000000000000002,0.50009573124623352,9.5731246233521361e-05
P1_2022H2_2023,2023-04-03 17:00:00,2023-04-03 21:00:00,SELL,-2.01883488,0.01,8.6526999999999994,0.56499999999999995,0.065297537184924939,13125.25,13065.799999999999,33593.5,33548.050000000003,4118.5500000000002,4109.8199999999997,0.0045397265173381706,0.0017378920450978144,0.0028018344722403562,0,0.01,0.00195354011936833,0.01,2.5594560103617074,2.0594560103617074,0.015934309405009044,0.02,0.62757661758823646,0.12757661758823646,5,0.050000000000000003,700,0.01,0.5118912020723414,0.0118912020723414,0.080000000000000002,0.50206129407058919,0.0020612940705891925
P1_2022H2_2023,2023-04-05 17:00:00,2023-04-05 21:00:00,SELL,-7.2028635899999998,0.01,8.6143000000000001,0.79649999999999632,0.092462533229629371,13028.450000000001,12947.450000000001,33531.050000000003,33467.050000000003,4098.1199999999999,4085.1199999999999,0.0062365702470202899,0.002543865420034598,0.0036927048269856919,0,0.01,0.0019427441132920083,0.01,2.5736791406498858,2.0736791406498858,0.015895642392121268,0.02,0.62910323177354177,0.12910323177354177,5,0.050000000000000003,700,0.01,0.51473582812997709,0.014735828129977091,0.080000000000000002,0.50328258541883331,0.0032825854188333059
P1_2022H2_2023,2023-04-11 17:00:00,2023-04-11 21:00:00,SELL,-1.6155927400000001,0.01,8.7417999999999996,-0.20500000000000002,-0.02345054794207143,13004.870000000001,13022,33638.050000000003,33779.599999999999,4110.8699999999999,4124.1199999999999,-0.0013163321193421654,-0.0037085910100334461,0.0023922588906912807,0,0.01,0.0019330594371552452,0.01,2.5865733375266347,2.0865733375266347,0.015817661468253679,0.02,0.63220470485287439,0.13220470485287439,5,0.050000000000000003,700,0.01,0.51731466750532684,0.017314667505326842,0.080000000000000002,0.50576376388229938,0.0057637638822993775
P1_2022H2_2023,2023-04-12 17:00:00,2023-04-12 21:00:00,SELL,-4.2686588399999996,0.01,8.7750000000000004,-0.065000000000000002,-0.0074074074074074077,12968.450000000001,12972.200000000001,33853.050000000003,33873.050000000003,4122.2700000000004,4122.8199999999997,-0.00028912151593125604,-0.00036201350253977369,7.2891986608517652e-05,0,0.01,0.0019154034865396176,0.01,2.6104160481784637,2.1104160481784637,0.015729743563619072,0.02,0.63573827249979753,0.13573827249979753,5,0.050000000000000003,700,0.01,0.52208320963569266,0.022083209635692658,0.080000000000000002,0.50859061799983796,0.0085906179998379573
P1_2022H2_2023,2023-04-13 17:00:00,2023-04-13 21:00:00,BUY,3.50830895,0.01,8.7723999999999993,1.2050000000000001,0.13736263736263737,12965.450000000001,13088.450000000001,33672.050000000003,33984.050000000003,4104.9200000000001,4140.8699999999999,0.0094420346901490908,0.0089714184601042413,0.00047061623004484958,0,0.01,0.0019252540311623439,0.01,2.5970598783690497,2.0970598783690497,0.015792573302281166,0.02,0.63320902861065365,0.13320902861065365,5,0.050000000000000003,700,0.01,0.51941197567381003,0.019411975673810034,0.080000000000000002,0.50656722288852296,0.0065672228885229611
P1_2022H2_2023,2023-04-14 17:00:00,2023-04-14 21:00:00,BUY,4.7185493799999998,0.01,8.8629999999999995,-1.3084999999999853,-0.14763624055060198,13137.75,13007.549999999999,34055.5,33815.050000000003,4160.1199999999999,4124.4200000000001,-0.0099598074066051187,-0.0078520466143447726,-0.0021077607922603461,0,0.01,0.0019288734565635506,0.01,2.5921866377423837,2.0921866377423837,0.015790109419920581,0.02,0.63330783429430459,0.13330783429430459,5,0.050000000000000003,700,0.01,0.51843732754847671,0.018437327548476712,0.080000000000000002,0.50664626743544361,0.0066462674354436091
P1_2022H2_2023,2023-04-17 17:00:00,2023-04-17 21:00:00,SELL,-0.65717998,0.01,8.7645999999999997,0.63500000000000001,0.072450539670949055,13072.35,13006.6,33955.050000000003,33852.050000000003,4140.8199999999997,4127.4200000000001,0.005042391607918321,0.0031396768515241057,0.0019027147563942153,0,0.01,0.0019249493079821704,0.01,2.5974709979460466,2.0974709979460466,0.015784735873570935,0.02,0.63352342922274874,0.13352342922274874,5,0.050000000000000003,700,0.01,0.51949419958920928,0.019494199589209282,0.080000000000000002,0.50681874337819899,0.0068187433781989881
P1_2022H2_2023,2023-04-19 17:00:00,2023-04-19 21:00:00,BUY,0.52998478000000004,0.01,8.7667999999999999,1.135,0.12946571154811334,13007.6,13123.969999999999,33883.050000000003,33957.050000000003,4137.7700000000004,4160.1700000000001,0.0089065271826424455,0.0037902724371132184,0.0051162547455292275,0,0.01,0.0019194848161543897,0.01,2.604865617023894,2.104865617023894,0.015718128363828823,0.02,0.63620806297856647,0.13620806297856647,5,0.050000000000000003,700,0.01,0.52097312340477875,0.020973123404778748,0.080000000000000002,0.50896645038285304,0.0089664503828530417
P1_2022H2_2023,2023-04-20 17:00:00,2023-04-20 21:00:00,BUY,3.3310466600000002,0.01,8.8244000000000007,0.505,0.057227686868228995,13032.15,13086.15,33720.050000000003,33871.050000000003,4128.7200000000003,4145.1199999999999,0.0041350376512552973,0.0042161792195435938,-8.1141568288296481e-05,0,0.01,0.0019324037182625764,0.01,2.5874510345568464,2.0874510345568464,0.015782312678021274,0.02,0.63362069957758327,0.13362069957758327,5,0.050000000000000003,700,0.01,0.51749020691136915,0.017490206911369155,0.080000000000000002,0.50689655966206648,0.0068965596620664815
P1_2022H2_2023,2023-04-21 17:00:00,2023-04-21 21:00:00,SELL,-2.0653786699999999,0.01,8.8620000000000001,-1.095,-0.12356127285037237,12909.5,13016.77,33789.050000000003,33820.050000000003,4122.4700000000003,4135.2700000000004,-0.0082750516847947281,-0.002008580344181176,-0.0062664713406135521,0,0.01,0.0019103082211544863,0.01,2.6173786746194665,2.1173786746194665,0.015657482043532154,0.02,0.63867229559626637,0.13867229559626637,5,0.050000000000000003,700,0.01,0.52347573492389332,0.023475734923893321,0.080000000000000002,0.51093783647701307,0.010937836477013074
P1_2022H2_2023,2023-04-24 17:00:00,2023-04-24 21:00:00,SELL,-0.72209089000000004,0.01,8.8203999999999994,0.52500000000000002,0.059521110153734534,13018.620000000001,12965.120000000001,33867.050000000003,33858.050000000003,4141.6700000000001,4136.4200000000001,0.0041179657434070958,0.0007670945219656794,0.0033508712214414165,0,0.01,0.0019220185991989265,0.01,2.6014316417561925,2.1014316417561925,0.015716631213978902,0.02,0.63626866749317512,0.13626866749317512,5,0.050000000000000003,700,0.01,0.52028632835123856,0.020286328351238558,0.080000000000000002,0.50901493399454012,0.0090149339945401197
P1_2022H2_2023,2023-04-25 17:00:00,2023-04-25 21:00:00,SELL,-1.04780549,0.01,8.8933,1.1369999999999889,0.12784905490650139,12901.549999999999,12783.57,33856.050000000003,33583.599999999999,4115.1199999999999,4081.8200000000002,0.0091867065248681622,0.0081024442138645115,0.0010842623110036507,0,0.01,0.0019053536960159261,0.01,2.6241846909867421,2.1241846909867421,0.015675788312369994,0.02,0.63792645069778442,0.13792645069778442,5,0.050000000000000003,700,0.01,0.52483693819734845,0.024836938197348446,0.080000000000000002,0.51034116055822754,0.010341160558227536
P1_2022H2_2023,2023-04-26 17:00:00,2023-04-26 21:00:00,BUY,1.7215677,0.01,8.9629999999999992,-0.35500000000000004,-0.039607274350105998,12878.950000000001,12848,33582.050000000003,33396.050000000003,4081.7199999999998,4065.02,-0.0024060384095937241,-0.0048269368423328992,0.0024208984327391751,0,0.01,0.0019175348139854474,0.01,2.6075145877575427,2.1075145877575427,0.015776376135550701,0.02,0.63385912671452249,0.13385912671452249,5,0.050000000000000003,700,0.01,0.52150291755150846,0.02150291755150846,0.080000000000000002,0.50708730137161795,0.0070873013716179489
P1_2022H2_2023,2023-04-27 17:00:00,2023-04-27 21:00:00,SELL,-0.82301221000000002,0.01,8.9488000000000003,-1.825,-0.20393795816198818,12945.450000000001,13126.32,33543.050000000003,33737.050000000003,4087.3699999999999,4119.8199999999997,-0.013874999793444098,-0.0068373465879544813,-0.0070376532054896163,0,0.01,0.0019296769375474201,0.01,2.5911073002483502,2.0911073002483502,0.015835916493980237,0.02,0.63147592397328789,0.13147592397328789,5,0.050000000000000003,700,0.01,0.51822146004966996,0.018221460049669957,0.080000000000000002,0.50518073917863027,0.005180739178630267
P1_2022H2_2023,2023-04-28 17:00:00,2023-04-28 21:00:00,SELL,-2.4774808099999999,0.01,8.8361000000000001,-0.71800000000001085,-0.08125756838424314,13134.299999999999,13200.950000000001,33858.5,34034.050000000003,4135.9499999999998,4159.5699999999997,-0.0050616677115544384,-0.0054330368952110863,0.00037136918365664792,0,0.01,0.0019395868098114209,0.01,2.5778686340345507,2.0778686340345507,0.015878214195045877,0.02,0.62979374614558825,0.12979374614558825,5,0.050000000000000003,700,0.01,0.51557372680691005,0.015573726806910049,0.080000000000000002,0.5038349969164706,0.003834996916470601
P1_2022H2_2023,2023-05-01 17:00:00,2023-05-01 21:00:00,SELL,-0.96850844000000003,0.01,8.8073999999999995,-0.46500000000000002,-0.052796512023979843,13241.549999999999,13281.370000000001,34189.5,34194.050000000003,4176.8000000000002,4183.2200000000003,-0.0030026882348206667,-0.00083447736727415675,-0.0021682108675465097,4.3368086899420177e-19,0.01,0.0019364936603343133,0.01,2.5819862478335236,2.0819862478335236,0.015851309615016282,0.02,0.6308627011188267,0.1308627011188267,5,0.050000000000000003,700,0.01,0.51639724956670474,0.016397249566704741,0.080000000000000002,0.50469016089506136,0.0046901608950613571
P1_2022H2_2023,2023-05-02 17:00:00,2023-05-02 21:00:00,BUY,1.2020851100000001,0.01,8.8032000000000004,-0.85499999999999998,-0.097123773173391492,13223,13141,33914.5,33664.050000000003,4150.5699999999997,4120.1700000000001,-0.0062206239131848131,-0.0073816993661993506,0.0011610754530145375,0,0.01,0.0019494611449380058,0.01,2.5648113136202073,2.0648113136202073,0.015929137443772782,0.02,0.62778038266656588,0.12778038266656588,5,0.050000000000000003,700,0.01,0.51296226272404133,0.012962262724041329,0.080000000000000002,0.50222430613325253,0.0022243061332525293
P1_2022H2_2023,2023-05-03 17:00:00,2023-05-03 21:00:00,BUY,0.78853602,0.01,8.9664999999999999,-0.17499999999999999,-0.019517091395750849,13172.200000000001,13156.700000000001,33730.050000000003,33738.5,4135.8699999999999,4136,-0.0011774135486587282,0.00014095945435092054,-0.0013183730030096488,0,0.01,0.001952591235411747,0.01,2.5606998071696454,2.0606998071696454,0.015924339981672541,0.02,0.62796951154704594,0.12796951154704594,5,0.050000000000000003,700,0.01,0.51213996143392904,0.012139961433929036,0.080000000000000002,0.50237560923763669,0.0023756092376366889
P1_2022H2_2023,2023-05-04 17:00:00,2023-05-04 21:00:00,BUY,1.17639749,0.01,8.9595000000000002,0.66500000000000004,0.07422289190244992,12976.370000000001,13044.25,33187.050000000003,33128.050000000003,4067.5700000000002,4072.5700000000002,0.0052174124968794779,-0.00027545189722399726,0.0054928643941034756,0,0.01,0.0019550351718516708,0.01,2.5574987457971687,2.0574987457971687,0.015951010062518898,0.02,0.62691954683782902,0.12691954683782902,5,0.050000000000000003,700,0.01,0.51149974915943364,0.011499749159433637,0.080000000000000002,0.5015356374702632,0.0015356374702631959
P1_2022H2_2023,2023-05-08 17:00:00,2023-05-08 21:00:00,BUY,1.33537924,0.01,9.0024999999999995,0.71499999999999997,0.079422382671480149,13212.65,13287.870000000001,33652.050000000003,33629.050000000003,4132.0699999999997,4137.8199999999997,0.0056768849826052056,0.00035344416099121316,0.0053234408216139926,0,0.01,0.0019631270606099774,0.01,2.5469568935830438,2.0469568935830438,0.015987930988584413,0.02,0.62547180164463601,0.12547180164463601,5,0.050000000000000003,700,0.01,0.50939137871660867,0.0093913787166086671,0.080000000000000002,0.50037744131570872,0.00037744131570871531
P1_2022H2_2023,2023-05-10 17:00:00,2023-05-10 21:00:00,BUY,4.23390077,0.01,8.9238,-0.70499999999999996,-0.079002218785719086,13319.25,13251.42,33569.050000000003,33330.050000000003,4134.3199999999997,4111.3699999999999,-0.0051056407193991581,-0.0063558389409190076,0.0012501982215198494,0,0.01,0.0019838586436017698,0.01,2.5203408600334107,2.0203408600334107,0.016108150796261538,0.02,0.62080372393340466,0.12080372393340466,5,0.050000000000000003,700,0.01,0.50406817200668208,0.0040681720066820803,0.080000000000000002,0.49664297914672362,0.0033570208532763823
P1_2022H2_2023,2023-05-11 17:00:00,2023-05-11 21:00:00,BUY,3.0531111499999999,0.01,8.8650000000000002,0.38500000000000001,0.043429216018048507,13332.549999999999,13374.67,33160.050000000003,33248.050000000003,4111.6999999999998,4121.8199999999997,0.0031542058605153805,0.0025542628792070538,0.00059994298130832671,0,0.01,0.0020103332172297689,0.01,2.4871498700548655,1.9871498700548655,0.016212941119245084,0.02,0.61679123648514345,0.11679123648514345,5,0.050000000000000003,700,0.01,0.49742997401097311,0.0025700259890268917,0.080000000000000002,0.49343298918811473,0.0065670108118852655
P1_2022H2_2023,2023-05-12 17:00:00,2023-05-12 21:00:00,BUY,0.76709024000000003,0.01,8.8362999999999996,-1.3760000000000037,-0.15572128605864488,13393.5,13267.049999999999,33336.5,33149.050000000003,4134.5500000000002,4099.9700000000003,-0.0094859969660368894,-0.0070188365304048985,-0.0024671604356319909,0,0.01,0.0020088341607547282,0.01,2.4890058610520027,1.9890058610520027,0.016197046837019748,0.02,0.61739649830141485,0.11739649830141485,5,0.050000000000000003,700,0.01,0.49780117221040054,0.0021988277895994557,0.080000000000000002,0.49391719864113187,0.0060828013588681284
P1_2022H2_2023,2023-05-15 17:00:00,2023-05-15 21:00:00,BUY,0.56654709999999997,0.01,8.7812999999999999,0.73499999999999999,0.083700591028663188,13329.07,13405.32,33215.050000000003,33304.050000000003,4116.2700000000004,4131.2700000000004,0.0057042787777707394,0.0031566885102863374,0.002547590267484402,0,0.01,0.0020064804960401982,0.01,2.4919255431924361,1.9919255431924361,0.016190713923041975,0.02,0.61763798974722184,0.11763798974722184,5,0.050000000000000003,700,0.01,0.49838510863848712,0.0016148913615128824,0.080000000000000002,0.49411039179777738,0.0058896082022226182
P1_2022H2_2023,2023-05-16 17:00:00,2023-05-16 21:00:00,BUY,5.8646771600000003,0.01,8.8107000000000006,0.55499999999999994,0.062991589771527787,13442.25,13501.969999999999,33191.050000000003,33143.050000000003,4123.5699999999997,4127.6199999999999,0.0044328689264780787,-0.0002327715227984895,0.0046656404492765677,8.6736173798840355e-19,0.01,0.0020249811319617791,0.01,2.4691588089791514,1.9691588089791514,0.016299286783054492,0.02,0.61352377764139188,0.11352377764139188,5,0.050000000000000003,700,0.01,0.49383176179583027,0.0061682382041697292,0.080000000000000002,0.49081902211311346,0.0091809778868865433
P1_2022H2_2023,2023-05-18 17:00:00,2023-05-18 21:00:00,BUY,4.5650658100000001,0.01,8.7765000000000004,0.51500000000000001,0.058679428018002619,13666.35,13721.469999999999,33312.050000000003,33244.050000000003,4157.5200000000004,4162.1700000000001,0.0040251523794506694,-0.00046277972186935799,0.0044879321013200271,0,0.01,0.0020512622309344516,0.01,2.4375235523749943,1.9375235523749943,0.016435699647866994,0.02,0.60843165878233763,0.10843165878233763,5,0.050000000000000003,700,0.01,0.48750471047499883,0.012495289525001174,0.080000000000000002,0.48674532702587009,0.013254672974129911
P1_2022H2_2023,2023-05-22 17:00:00,2023-05-22 21:00:00,BUY,5.9242480999999998,0.01,8.8260000000000005,-0.28500000000000003,-0.032290958531611152,13889.219999999999,13862.85,33342.050000000003,33342.050000000003,4198.9200000000001,4200.1700000000001,-0.001900399353007484,0.00014882564768671212,-0.002049225000694196,2.1684043449710089e-19,0.01,0.0020828383377746716,0.01,2.4005703704023702,1.9005703704023702,0.016539038609928267,0.02,0.60463006561923571,0.10463006561923571,5,0.050000000000000003,700,0.01,0.48011407408047402,0.019885925919525982,0.080000000000000002,0.48370405249538856,0.016295947504611441
P1_2022H2_2023,2023-05-23 17:00:00,2023-05-23 21:00:00,BUY,1.0150682499999999,0.01,8.7788000000000004,-0.88500000000000001,-0.10081104478972069,13825.5,13740.25,33271.050000000003,33214.050000000003,4184.9200000000001,4164.7700000000004,-0.0061852314400700206,-0.0032706030935294394,-0.0029146283465405812,0,0.01,0.0020777071958955305,0.01,2.4064988608006948,1.9064988608006948,0.016518236907754509,0.02,0.60539148674550658,0.10539148674550658,5,0.050000000000000003,700,0.01,0.48129977216013886,0.018700227839861139,0.080000000000000002,0.48431318939640516,0.015686810603594836
P1_2022H2_2023,2023-05-24 17:00:00,2023-05-24 21:00:00,BUY,2.1627841800000001,0.01,8.7071000000000005,-0.095000000000000001,-0.010910636147511801,13609.6,13603.1,32873.050000000003,32867.050000000003,4119.0699999999997,4118.6199999999999,-0.00047771813334330539,-0.00014589546008609585,-0.00033182267325720954,0,0.01,0.0020700239253735203,0.01,2.4154310192805082,1.9154310192805082,0.016520233936301157,0.02,0.60531830472607573,0.10531830472607573,5,0.050000000000000003,700,0.01,0.48308620385610168,0.016913796143898319,0.080000000000000002,0.48425464378086053,0.015745356219139472
P1_2022H2_2023,2023-05-25 17:00:00,2023-05-25 21:00:00,SELL,-2.0059495200000002,0.01,8.6041000000000007,-1.1649999999999998,-0.13540056484699151,13843.799999999999,13956.17,32753.049999999999,32785.050000000003,4136.4200000000001,4155.1199999999999,-0.0080842254140304631,-0.0027435803018189689,-0.0053406451122114942,0,0.01,0.0021133604351350485,0.01,2.3659002585995177,1.8659002585995177,0.016734035712040844,0.02,0.59758447825019156,0.097584478250191564,5,0.050000000000000003,700,0.01,0.47318005171990346,0.026819948280096539,0.080000000000000002,0.47806758260015314,0.02193241739984686
P1_2022H2_2023,2023-05-26 17:00:00,2023-05-26 21:00:00,BUY,1.4976594299999999,0.01,8.5574999999999992,1.9949999999999999,0.23312883435582823,14082.9,14285.4,32978.050000000003,33072.050000000003,4175.9200000000001,4202.0699999999997,0.014276741259853157,0.0045444469302766593,0.009732294329576497,1.7347234759768071e-18,0.01,0.0021351929541012886,0.01,2.3417087389671161,1.8417087389671161,0.016862032797563171,0.02,0.5930483068118072,0.093048306811807202,5,0.050000000000000003,700,0.01,0.46834174779342325,0.031658252206576754,0.080000000000000002,0.47443864544944581,0.025561354550554194
P1_2022H2_2023,2023-05-30 17:00:00,2023-05-30 21:00:00,SELL,-2.1859194,0.01,8.5160999999999998,0.82900000000001461,0.097345028827751506,14415.950000000001,14326.620000000001,33087.050000000003,32955.050000000003,4219.4499999999998,4196.6199999999999,0.0062158872795284783,0.0047114019225523128,0.0015044853569761655,0,0.01,0.002178488260512799,0.01,2.2951695864649921,1.7951695864649921,0.017082735901598551,0.02,0.58538632556300485,0.08538632556300485,5,0.050000000000000003,700,0.01,0.45903391729299836,0.040966082707001639,0.089999999999999997,0.52684769300670431,0.02684769300670431
P1_2022H2_2023,2023-05-31 17:00:00,2023-05-31 21:00:00,BUY,2.7301666500000001,0.01,8.5326000000000004,-0.29500000000000004,-0.034573283641562952,14349,14322.120000000001,32850.050000000003,32916.050000000003,4186.7200000000003,4188.3199999999997,-0.0018750580985665384,0.0011946007464667386,-0.0030696588450332771,2.1684043449710089e-19,0.01,0.0021840149406165289,0.01,2.2893616279880131,1.7893616279880131,0.017136326288837087,0.02,0.58355564847724584,0.083555648477245836,5,0.050000000000000003,700,0.01,0.45787232559760266,0.042127674402397342,0.089999999999999997,0.5252000836295212,0.025200083629521197
P1_2022H2_2023,2023-06-01 17:00:00,2023-06-01 21:00:00,BUY,2.1452253300000002,0.01,8.5167000000000002,1.655,0.19432409266499936,14284.25,14461.92,32728.5,33128.050000000003,4176.2700000000004,4224.4700000000003,0.0123614563198171,0.011804701540724882,0.00055675477909221741,0,0.01,0.0021822341384420308,0.01,2.2912298510597338,1.7912298510597338,0.01710168403862777,0.02,0.58473773561790088,0.084737735617900878,5,0.050000000000000003,700,0.01,0.45824597021194668,0.041754029788053315,0.089999999999999997,0.5262639620561107,0.026263962056110701
P1_2022H2_2023,2023-06-02 17:00:00,2023-06-02 21:00:00,SELL,-3.2657873099999999,0.01,8.7022999999999993,-1.075,-0.1235305608862025,14456.65,14562.299999999999,33430.050000000003,33770.050000000003,4246.6199999999999,4285.6199999999999,-0.0072814810181762212,-0.009630489433649532,0.0023490084154733108,0,0.01,0.002162223807622184,0.01,2.3124340701338144,1.8124340701338144,0.017021360517305528,0.02,0.58749710340915773,0.087497103409157728,5,0.050000000000000003,700,0.01,0.46248681402676284,0.037513185973237162,0.089999999999999997,0.52874739306824192,0.028747393068241922
P1_2022H2_2023,2023-06-05 17:00:00,2023-06-05 21:00:00,BUY,1.6981385499999999,0.01,8.8413000000000004,0.20500000000000002,0.023186635449537963,14577.200000000001,14614.370000000001,33737.050000000003,33684.050000000003,4287.9700000000003,4290.3699999999999,0.0025466269945907038,-0.00050632979953758937,0.0030529567941282934,0,0.01,0.0021604141440938079,0.01,2.3143710726339766,1.8143710726339766,0.016997786831531005,0.02,0.58831188431248804,0.088311884312488043,5,0.050000000000000003,700,0.01,0.46287421452679528,0.03712578547320472,0.080000000000000002,0.4706495074499904,0.029350492550009599
P1_2022H2_2023,2023-06-06 17:00:00,2023-06-06 21:00:00,SELL,-0.53398405000000004,0.01,8.8550000000000004,-0.085000000000000006,-0.0095990965556182958,14529.200000000001,14535.07,33525.050000000003,33504.050000000003,4271.2700000000004,4274.1700000000001,-0.00040393239395403511,-2.6065520390221775e-05,-0.00037786687356381333,0,0.01,0.0021669169770067455,0.01,2.3074257357597117,1.8074257357597117,0.017008056151917344,0.02,0.58795666657489754,0.087956666574897535,5,0.050000000000000003,700,0.01,0.46148514715194233,0.038514852848057668,0.089999999999999997,0.52916099991740773,0.029160999917407726
P1_2022H2_2023,2023-06-07 17:00:00,2023-06-07 21:00:00,BUY,0.65132252999999996,0.01,8.8515999999999995,-2.5649999999999999,-0.28977811921008634,14613.6,14360.4,33637.050000000003,33663.050000000003,4298.2200000000003,4272.6700000000001,-0.017478183595003135,-0.0025947001596583483,-0.014883483435344787,0,0.01,0.0021722475662996604,0.01,2.3017634258498938,1.8017634258498938,0.016999595181261078,0.02,0.58824930202003622,0.088249302020036224,5,0.050000000000000003,700,0.01,0.46035268516997868,0.039647314830021319,0.080000000000000002,0.4705994416160289,0.029400558383971098
P1_2022H2_2023,2023-06-09 17:00:00,2023-06-09 21:00:00,BUY,2.5874486999999999,0.01,8.8467000000000002,-0.505,-0.057083432240270383,14644.299999999999,14599.049999999999,33890.050000000003,33913.050000000003,4314.2700000000004,4310.7700000000004,-0.0030947231500111994,-6.657770036132282e-05,-0.0030281454496498767,0,0.01,0.0021605604004715246,0.01,2.3142144042391926,1.8142144042391926,0.016971932679224987,0.02,0.58920808778842293,0.08920808778842293,5,0.050000000000000003,700,0.01,0.46284288084783842,0.037157119152161577,0.080000000000000002,0.4713664702307383,0.028633529769261701
P1_2022H2_2023,2023-06-12 17:00:00,2023-06-12 21:00:00,SELL,-1.0844508399999999,0.01,8.8351000000000006,-1.0049999999999999,-0.11375083473871261,14616.4,14713.4,34007.050000000003,34000.050000000003,4316.6700000000001,4325.1700000000001,-0.0066144572178477622,-0.0008806567162328101,-0.0057338005016149517,8.6736173798840355e-19,0.01,0.0021490249815847005,0.01,2.3266365178840211,1.8266365178840211,0.016930179976694996,0.02,0.59066117511836025,0.090661175118360249,5,0.050000000000000003,700,0.01,0.46532730357680419,0.034672696423195815,0.080000000000000002,0.4725289400946881,0.027471059905311901
P1_2022H2_2023,2023-06-13 17:00:00,2023-06-13 21:00:00,SELL,-3.8342615000000002,0.01,8.8511000000000006,-0.68500000000000005,-0.07739151065969202,14845.77,14911.02,34266.050000000003,34287.050000000003,4365.0200000000004,4375.2200000000003,-0.0043855607127099355,-0.001473348428051492,-0.0029122122846584435,0,0.01,0.0021662505599565752,0.01,2.3081355834018713,1.8081355834018713,0.017005386000522333,0.02,0.58804898634425828,0.088048986344258284,5,0.050000000000000003,700,0.01,0.46162711668037421,0.038372883319625795,0.089999999999999997,0.52924408770983244,0.029244087709832445
P1_2022H2_2023,2023-06-15 17:00:00,2023-06-15 21:00:00,SELL,-0.90944639000000005,0.01,8.6987000000000005,-1.5449999999999999,-0.17761274673227032,15024.799999999999,15175.799999999999,34188.050000000003,34423.050000000003,4392.7700000000004,4423.4700000000003,-0.0099998846580670181,-0.0069073393411208514,-0.0030925453169461667,0,0.01,0.0021973759837136072,0.01,2.2754412704328848,1.7754412704328848,0.017101737627965949,0.02,0.58473590330653336,0.084735903306533356,5,0.050000000000000003,700,0.01,0.45508825408657688,0.044911745913423118,0.089999999999999997,0.52626231297587989,0.026262312975879887
P1_2022H2_2023,2023-06-16 17:00:00,2023-06-16 21:00:00,SELL,-2.6146368799999999,0.01,8.6369000000000007,-0.042999999999992725,-0.0049786381687865694,15185.1,15199.25,34489.5,34456.050000000003,4437.3500000000004,4435.7200000000003,-0.00093140060741360019,0.00066886742819568861,-0.0016002680356092887,1.0842021724855044e-19,0.01,0.002201409124516157,0.01,2.2712724973823022,1.7712724973823022,0.01711055021578194,0.02,0.58443474195099154,0.084434741950991543,5,0.050000000000000003,700,0.01,0.4542544994764604,0.045745500523539595,0.089999999999999997,0.52599126775589222,0.025991267755892222
P1_2022H2_2023,2023-06-20 17:00:00,2023-06-20 21:00:00,BUY,0.65129148000000003,0.01,8.6125000000000007,0.095000000000000001,0.011030478955007255,15059.120000000001,15072.5,34150.050000000003,34129.050000000003,4396.2200000000003,4398.2200000000003,0.00088810365187332778,-8.0144764400075203e-05,0.00096824841627340301,0,0.01,0.0022048459665505614,0.01,2.2677321118365481,1.7677321118365481,0.017127350314588442,0.02,0.58386147397723109,0.083861473977231094,5,0.050000000000000003,700,0.01,0.45354642236730963,0.046453577632690368,0.089999999999999997,0.52547532657950791,0.025475326579507906
P1_2022H2_2023,2023-06-21 17:00:00,2023-06-21 21:00:00,SELL,-3.2097992199999998,0.01,8.6217000000000006,0.315,0.036535718013848778,14962.950000000001,14928.35,33966.050000000003,34073.050000000003,4376.0699999999997,4381.5200000000004,0.0023150559161480315,-0.00219494385611399,0.0045099997722620215,0,0.01,0.0022026332175804956,0.01,2.2700102586722539,1.7700102586722539,0.017096333011126424,0.02,0.5849207542630297,0.084920754263029696,5,0.050000000000000003,700,0.01,0.45400205173445074,0.04599794826554926,0.089999999999999997,0.52642867883672662,0.026428678836726616
P1_2022H2_2023,2023-06-22 17:00:00,2023-06-22 21:00:00,BUY,4.1703716499999999,0.01,8.6691000000000003,0.68499999999999994,0.079016276199374777,14922.85,14994.469999999999,33939.050000000003,33949.050000000003,4368.5500000000002,4377.7700000000004,0.0047878711606715715,0.0012014592465243046,0.0035864119141472669,0,0.01,0.0021984778595747372,0.01,2.274300820553715,1.774300820553715,0.017079866317199068,0.02,0.58548467618450906,0.085484676184509056,5,0.050000000000000003,700,0.01,0.45486016411074293,0.045139835889257074,0.089999999999999997,0.52693620856605805,0.026936208566058051
P1_2022H2_2023,2023-06-23 17:00:00,2023-06-23 21:00:00,SELL,-1.5447055000000001,0.01,8.6965000000000003,-1.105,-0.12706261139538894,14861.35,14967.1,33782.050000000003,33814.050000000003,4354.5200000000004,4366.6700000000001,-0.0070905758133069201,-0.0018665595317488878,-0.0052240162815580318,0,0.01,0.0021995926830964967,0.01,2.2731481325720746,1.7731481325720746,0.017064280333997778,0.02,0.58601943968751158,0.086019439687511579,5,0.050000000000000003,700,0.01,0.45462962651441491,0.045370373485585092,0.089999999999999997,0.5274174957187604,0.027417495718760398
P1_2022H2_2023,2023-06-26 17:00:00,2023-06-26 21:00:00,BUY,2.4866765000000002,0.01,8.6292000000000009,-2.4050000000000002,-0.27870486255968108,14984.450000000001,14747.200000000001,33767.050000000003,33764.050000000003,4365.3199999999997,4344.0699999999997,-0.015959762467741868,-0.0024843241495540293,-0.01347543831818784,0,0.01,0.0022187976148345797,0.01,2.2534727667682168,1.7534727667682168,0.017163060210935284,0.02,0.58264667705521389,0.082646677055213891,5,0.050000000000000003,700,0.01,0.45069455335364333,0.049305446646356665,0.089999999999999997,0.52438200934969237,0.024382009349692368
P1_2022H2_2023,2023-06-27 17:00:00,2023-06-27 21:00:00,BUY,0.82223268000000005,0.01,8.5329999999999995,1.4964999999999964,0.1753779444509547,14811.4,14966.65,33797.050000000003,33977.050000000003,4350.0699999999997,4386.2700000000004,0.010427237959287709,0.0067995234054776454,0.0036277145538100635,0,0.01,0.0021912267490801713,0.01,2.2818268360857177,1.7818268360857177,0.017024323746514424,0.02,0.5873948445116598,0.087394844511659797,5,0.050000000000000003,700,0.01,0.45636536721714355,0.043634632782856453,0.089999999999999997,0.52865536006049385,0.028655360060493851
P1_2022H2_2023,2023-06-28 17:00:00,2023-06-28 21:00:00,BUY,3.08520175,0.01,8.5131999999999994,0.095000000000000001,0.011159141098529344,14945.6,14958.35,33842.5,33840.050000000003,4375.2200000000003,4376.3699999999999,0.00085273020939336886,9.5206294323899314e-05,0.0007575239150694696,0,0.01,0.0022081111029031548,0.01,2.2643788138314953,1.7643788138314953,0.017079826842993039,0.02,0.58548602933304783,0.08548602933304783,5,0.050000000000000003,700,0.01,0.45287576276629909,0.047124237233700905,0.089999999999999997,0.52693742639974306,0.026937426399743059
P1_2022H2_2023,2023-06-29 17:00:00,2023-06-29 21:00:00,SELL,-2.3559055099999999,0.01,8.4512,0.36499999999999999,0.043189132904202954,14953.75,14913.799999999999,34016.050000000003,34097.050000000003,4388.9700000000003,4393.2200000000003,0.0026751456898781809,-0.0016731331137483461,0.004348278803626527,0,0.01,0.0021980432766297085,0.01,2.2747504806486667,1.7747504806486667,0.017035602886326402,0.02,0.58700593496614573,0.087005934966145726,5,0.050000000000000003,700,0.01,0.45495009612973336,0.045049903870266639,0.089999999999999997,0.52830534146953101,0.028305341469531009
P1_2022H2_2023,2023-06-30 17:00:00,2023-06-30 21:00:00,BUY,2.1602841399999999,0.01,8.5020000000000007,0.28649999999999637,0.033697953422723637,15171.25,15210.92,34340.5,34454.050000000003,4445.3999999999996,4460.1199999999999,0.0026114015255563382,0.0033034772108157355,-0.0006920756852593973,0,0.01,0.0022089442495013176,0.01,2.2635247590014007,1.7635247590014007,0.017063987492689073,0.02,0.58602949658070358,0.086029496580703579,5,0.050000000000000003,700,0.01,0.4527049518002802,0.047295048199719802,0.089999999999999997,0.52742654692263324,0.027426546922633244
P1_2022H2_2023,2023-07-05 17:00:00,2023-07-05 21:00:00,BUY,2.4628931399999998,0.01,8.4673999999999996,-0.085000000000000006,-0.010038500602310037,15235.25,15230,34330.050000000003,34326.050000000003,4454.1700000000001,4452.7200000000003,-0.00034465497916274596,-0.00022105671328461989,-0.00012359826587812607,0,0.01,0.0022189379275590914,0.01,2.2533302702614009,1.7533302702614009,0.017102232290190988,0.02,0.58471899049900722,0.084718990499007218,5,0.050000000000000003,700,0.01,0.45066605405228011,0.049333945947719893,0.089999999999999997,0.52624709144910642,0.026247091449106419
P1_2022H2_2023,2023-07-07 17:00:00,2023-07-07 21:00:00,BUY,1.7983828799999999,0.01,8.5376999999999992,0.52500000000000002,0.061491970905513206,15137.700000000001,15192.950000000001,33918.050000000003,33993.050000000003,4416.7700000000004,4433.7700000000004,0.0036431834537080246,0.0030251745628963878,0.00061800889081163688,0,0.01,0.002231510950659015,0.01,2.2406343103641904,1.7406343103641904,0.017136617935731315,0.02,0.58354571698474667,0.083545716984746665,9,0.089999999999999997,1300,0.02,0.49791873563648675,0.0020812643635132466,0.14999999999999999,0.48628809748728896,0.013711902512711038
P1_2022H2_2023,2023-07-10 17:00:00,2023-07-10 21:00:00,SELL,-6.69552675,0.01,8.5353999999999992,-0.40500000000000003,-0.047449445837336277,14985.450000000001,15021.82,33944.050000000003,33942.050000000003,4407.9700000000003,4407.2200000000003,-0.0024240804184904167,0.00011454152461611438,-0.0025386219431065313,0,0.01,0.002207375077517267,0.01,2.2651338464977697,1.7651338464977697,0.016998130658783975,0.02,0.58829998431812192,0.088299984318121916,5,0.050000000000000003,700,0.01,0.45302676929955393,0.046973230700446067,0.080000000000000002,0.47063998745449753,0.029360012545502467
P1_2022H2_2023,2023-07-11 17:00:00,2023-07-11 21:00:00,SELL,-3.2720467200000001,0.01,8.5519999999999996,-0.39500000000000002,-0.046188026192703464,15039.950000000001,15076.700000000001,34102.050000000003,34202.050000000003,4420.8699999999999,4427.3699999999999,-0.0024405116930698743,-0.0021986515048144735,-0.00024186018825540084,0,0.01,0.0022051386940081315,0.01,2.2674310752362872,1.7674310752362872,0.017010169943925069,0.02,0.58788360333644718,0.08788360333644718,5,0.050000000000000003,700,0.01,0.45348621504725745,0.046513784952742554,0.089999999999999997,0.52909524300280242,0.029095243002802418
P1_2022H2_2023,2023-07-13 17:00:00,2023-07-13 21:00:00,BUY,1.5553635100000001,0.01,8.6798999999999999,0.505,0.058180393783338516,15478.9,15532.52,34487.050000000003,34423.050000000003,4499.5200000000004,4503.0699999999997,0.0034580843723940277,-0.00053441557592621188,0.0039924999483202392,4.3368086899420177e-19,0.01,0.0022441612141369002,0.01,2.2280039279276957,1.7280039279276957,0.017200612509778817,0.02,0.58137464548514439,0.081374645485144392,9,0.089999999999999997,1300,0.02,0.49511198398393236,0.0048880160160676422,0.14999999999999999,0.48447887123762029,0.01552112876237971
P1_2022H2_2023,2023-07-14 17:00:00,2023-07-14 21:00:00,BUY,4.9633059599999996,0.01,8.7001000000000008,-0.66100000000000358,-0.075976138205308394,15670.6,15616.35,34575.050000000003,34560.25,4522.0200000000004,4514.3199999999997,-0.0034679030310797083,-0.0010661880988621089,-0.0024017149322175992,4.3368086899420177e-19,0.01,0.0022661717047408464,0.01,2.2063641468737636,1.7063641468737636,0.017326991034979942,0.02,0.57713425140071217,0.077134251400712173,9,0.089999999999999997,1300,0.02,0.49030314374972528,0.0096968562502747213,0.16,0.5130082234672998,0.013008223467299795
P1_2022H2_2023,2023-07-18 17:00:00,2023-07-18 21:00:00,SELL,-4.76270566,0.01,8.6584000000000003,-1.7549999999999999,-0.20269333826111058,15663.65,15835.450000000001,34821.25,34954.25,4532.5200000000004,4552.0699999999997,-0.010908356338360669,-0.0040581146600914692,-0.0068502416782691995,0,0.01,0.0022491510212872888,0.01,2.2230610362208041,1.7230610362208041,0.017279184647833876,0.02,0.57873101097126145,0.07873101097126145,9,0.089999999999999997,1300,0.02,0.49401356360462323,0.0059864363953767707,0.16,0.51442756530778799,0.014427565307787993
P1_2022H2_2023,2023-07-19 17:00:00,2023-07-19 21:00:00,SELL,-3.16207686,0.01,8.6900999999999993,0.54500000000000004,0.062715043555310074,15888.75,15834.120000000001,35187.25,35120.25,4577.3699999999999,4568.1199999999999,0.0034442062779488801,0.0019643847785459634,0.0014798214994029167,0,0.01,0.0022577425061634545,0.01,2.214601526237117,1.714601526237117,0.01735576324395887,0.02,0.57617748406891656,0.076177484068916557,9,0.089999999999999997,1300,0.02,0.49213367249713724,0.0078663275028627577,0.16,0.51215776361681487,0.012157763616814865
P1_2022H2_2023,2023-07-20 17:00:00,2023-07-20 21:00:00,SELL,-1.3174223300000001,0.01,8.7842000000000002,1.6850000000000001,0.19182167983424786,15748.450000000001,15577.200000000001,35307.050000000003,35300.25,4563.8699999999999,4549.0200000000004,0.010933641025570011,0.0017258686521928644,0.0092077723733771464,0,0.01,0.002230213229369205,0.01,2.2419380954951125,1.7419380954951125,0.017253394597129192,0.02,0.57959608723398182,0.079596087233981816,9,0.089999999999999997,1300,0.02,0.49820846566558052,0.0017915343344194756,0.16,0.5151965219857616,0.015196521985761602
P1_2022H2_2023,2023-07-21 17:00:00,2023-07-21 21:00:00,SELL,-1.04877811,0.01,8.9265000000000008,-0.27500000000000002,-0.030807147258163893,15512.6,15536.469999999999,35271.25,35359.25,4543.9200000000001,4556.4200000000001,-0.0015375664844460566,-0.0026194972334395964,0.0010819307489935398,0,0.01,0.0021990431300279974,0.01,2.2737162048915076,1.7737162048915076,0.01706962270462508,0.02,0.58583603006588192,0.085836030065881919,5,0.050000000000000003,700,0.01,0.45474324097830149,0.045256759021698512,0.089999999999999997,0.52725242705929365,0.027252427059293649
P1_2022H2_2023,2023-07-24 17:00:00,2023-07-24 21:00:00,SELL,-3.4321746499999999,0.01,8.9344000000000001,-0.83499999999999996,-0.093458989971346704,15401.469999999999,15480.6,35383.25,35489.25,4548.9200000000001,4565.1700000000001,-0.0051246676908233649,-0.0032786002363313187,-0.0018460674544920463,0,0.01,0.0021763786537415302,0.01,2.2973943396312166,1.7973943396312166,0.016928710551075862,0.02,0.59071244498090125,0.090712444980901252,5,0.050000000000000003,700,0.01,0.45947886792624337,0.040521132073756627,0.080000000000000002,0.47256995598472101,0.027430044015278987
P1_2022H2_2023,2023-07-25 17:00:00,2023-07-25 21:00:00,BUY,2.1663788799999999,0.01,8.9009999999999998,0.22499999999999998,0.025278058645096056,15564.5,15590.700000000001,35425.050000000003,35520.75,4565.6700000000001,4575.6700000000001,0.0016819026150501567,0.0024428498394100102,-0.00076094722435985349,0,0.01,0.0021968211759757572,0.01,2.2760159336952683,1.7760159336952683,0.017045143429113362,0.02,0.58667737479520699,0.086677374795206985,5,0.050000000000000003,700,0.01,0.45520318673905363,0.044796813260946367,0.089999999999999997,0.52800963731568629,0.028009637315686287
P1_2022H2_2023,2023-07-27 17:00:00,2023-07-27 21:00:00,BUY,2.2829185999999999,0.01,8.9085999999999999,-1.5249999999999999,-0.17118290191500346,15776.15,15628.52,35640.5,35513.25,4605.5699999999997,4576.0699999999997,-0.0094018556779315431,-0.0050013273945487087,-0.0044005282833828345,0,0.01,0.0022132335404946623,0.01,2.2591380026178758,1.7591380026178758,0.017127250264353817,0.02,0.58386488465183195,0.08386488465183195,5,0.050000000000000003,700,0.01,0.45182760052357518,0.048172399476424821,0.089999999999999997,0.52547839618664882,0.025478396186648822
P1_2022H2_2023,2023-07-28 17:00:00,2023-07-28 21:00:00,BUY,2.01233306,0.01,8.8636999999999997,0.35399999999999637,0.039938174802847164,15695.15,15737.200000000001,35456.5,35453.25,4576.25,4577.1199999999999,0.0026755890084925816,4.9214053777917544e-05,0.002626374954714664,0,0.01,0.0022132965746760117,0.01,2.2590736628831198,1.7590736628831198,0.017148484020759358,0.02,0.58314192600899006,0.083141926008990064,5,0.050000000000000003,700,0.01,0.45181473257662397,0.048185267423376033,0.089999999999999997,0.52482773340809097,0.024827733408090968
P1_2022H2_2023,2023-07-31 17:00:00,2023-07-31 21:00:00,SELL,-1.3615828800000001,0.01,8.9021000000000008,-0.14500000000000002,-0.016288291526718415,15739.02,15750.4,35510.25,35526.800000000003,4585.1700000000001,4584.2700000000004,-0.00072278247712556881,-0.00013482489811975006,-0.00058795757900581872,0,0.01,0.002216123513633388,0.01,2.2561919357113718,1.7561919357113718,0.017162962332912413,0.02,0.58264999980939081,0.082649999809390806,5,0.050000000000000003,700,0.01,0.45123838714227443,0.048761612857725567,0.089999999999999997,0.52438499982845177,0.02438499982845177
P1_2022H2_2023,2023-08-01 17:00:00,2023-08-01 21:00:00,SELL,-2.2320848199999999,0.01,8.8971,-0.48499999999999999,-0.054512144406604394,15698.4,15743.17,35688.5,35625.25,4584.5500000000002,4580.9200000000001,-0.002847824091318259,0.0012829776891364617,-0.0041308017804547207,0,0.01,0.0021993639407652328,0.01,2.2733845487438207,1.7733845487438207,0.017120982430118552,0.02,0.58407863221729606,0.084078632217296057,5,0.050000000000000003,700,0.01,0.45467690974876412,0.045323090251235876,0.089999999999999997,0.52567076899556642,0.025670768995566418
P1_2022H2_2023,2023-08-02 17:00:00,2023-08-02 21:00:00,SELL,-3.3025685899999999,0.01,8.9108999999999998,1.2950000000000002,0.14532763245014535,15518.75,15386.5,35499.25,35370.25,4546.2200000000003,4521.5699999999997,0.008558468690352046,0.0045386689769719053,0.0040197997133801407,0,0.01,0.0021857856151890533,0.01,2.2875070479258963,1.7875070479258963,0.017067750790766834,0.02,0.58590028191703591,0.085900281917035914,5,0.050000000000000003,700,0.01,0.45750140958517921,0.042498590414820792,0.089999999999999997,0.52731025372533225,0.027310253725332245
P1_2022H2_2023,2023-08-03 17:00:00,2023-08-03 21:00:00,BUY,3.6854595200000002,0.01,8.9709000000000003,0.14500000000000002,0.016163372682785452,15357.049999999999,15374.799999999999,35200.050000000003,35275.25,4499.1700000000001,4507.8699999999999,0.001155153495397765,0.0020329523241224925,-0.00087779882872472746,0,0.01,0.0021813960491533393,0.01,2.2921101383403717,1.7921101383403717,0.017066536716772204,0.02,0.5859419615095347,0.085941961509534703,5,0.050000000000000003,700,0.01,0.45842202766807433,0.041577972331925672,0.089999999999999997,0.5273477653585813,0.0273477653585813
P1_2022H2_2023,2023-08-04 17:00:00,2023-08-04 21:00:00,SELL,-3.9331125,0.01,8.9924999999999997,-0.77500000000000002,-0.086182930219627474,15373.5,15448,35357.050000000003,35392.25,4514.5200000000004,4519.6199999999999,-0.0048342971686229606,-0.0010620567596388597,-0.003772240408984101,0,0.01,0.0021740360126198312,0.01,2.29986990600709,1.79986990600709,0.017026727093910315,0.02,0.58731193287149963,0.087311932871499631,5,0.050000000000000003,700,0.01,0.45997398120141803,0.040026018798581975,0.089999999999999997,0.5285807395843497,0.028580739584349701
P1_2022H2_2023,2023-08-07 17:00:00,2023-08-07 21:00:00,SELL,-4.0877945699999998,0.01,8.9614999999999991,-0.59499999999999997,-0.066395134743067574,15319.299999999999,15376.5,35340.25,35503.25,4498.3199999999997,4515.2700000000004,-0.0037268985468957151,-0.0041813462959949463,0.00045444774909923118,0,0.01,0.002167401192691053,0.01,2.3069102374129371,1.8069102374129371,0.017027801490334168,0.02,0.58727487548386681,0.087274875483866809,5,0.050000000000000003,700,0.01,0.46138204748258732,0.038617952517412679,0.089999999999999997,0.52854738793548006,0.028547387935480062
P1_2022H2_2023,2023-08-09 17:00:00,2023-08-09 21:00:00,SELL,-3.8103110400000002,0.01,8.9609000000000005,0.30499999999999999,0.03403675970047651,15212.299999999999,15180.049999999999,35341.25,35266.25,4496.7200000000003,4488.0200000000004,0.0021222453745300433,0.002030519294790712,9.1726079739331331e-05,0,0.01,0.0021522017472500265,0.01,2.3232022771047118,1.8232022771047118,0.016914884627017023,0.02,0.59119528276460509,0.09119528276460509,5,0.050000000000000003,700,0.01,0.46464045542094229,0.035359544579057711,0.080000000000000002,0.47295622621168404,0.027043773788315961
P1_2022H2_2023,2023-08-10 17:00:00,2023-08-10 21:00:00,BUY,0.50225660999999999,0.01,8.9635999999999996,-2.7950000000000004,-0.31181668079789376,15353.5,15078.200000000001,35559.25,35125.25,4523.7200000000003,4459.3699999999999,-0.01809346901129457,-0.013303619000954796,-0.0047898500103397742,0,0.01,0.0021588616182849751,0.01,2.3160354316605338,1.8160354316605338,0.016969993721981023,0.02,0.58927540951574564,0.089275409515745641,5,0.050000000000000003,700,0.01,0.46320708633210667,0.036792913667893334,0.080000000000000002,0.47142032761259645,0.028579672387403554
P1_2022H2_2023,2023-08-11 17:00:00,2023-08-11 21:00:00,SELL,-2.0417909399999998,0.01,8.9476999999999993,-0.043499999999985453,-0.004861584541277139,15001.700000000001,15015.25,35186.5,35229.25,4455.6999999999998,4460.0699999999997,-0.00090282329952725497,-0.0010972513558086174,0.00019442805628136245,0,0.01,0.0021317408665255146,0.01,2.3455008432377662,1.8455008432377662,0.016834279686693453,0.02,0.59402601038548952,0.094026010385489522,5,0.050000000000000003,700,0.01,0.46910016864755327,0.030899831352446727,0.080000000000000002,0.4752208083083917,0.024779191691608304
P1_2022H2_2023,2023-08-14 17:00:00,2023-08-14 21:00:00,BUY,2.4029761999999999,0.01,9.0310000000000006,1.0650000000000002,0.1179271398516222,15055.07,15163.950000000001,35228.25,35274.25,4462.5200000000004,4483.0699999999997,0.0072060888246588718,0.0029496845786382694,0.0042564042460206024,0,0.01,0.0021367893664885427,0.01,2.3399592296814298,1.8399592296814298,0.016868350169859183,0.02,0.59282620406281739,0.092826204062817386,5,0.050000000000000003,700,0.01,0.46799184593628596,0.032008154063714045,0.080000000000000002,0.47426096325025396,0.025739036749746036
P1_2022H2_2023,2023-08-15 17:00:00,2023-08-15 21:00:00,SELL,-0.99163332999999998,0.01,9.0764999999999993,0.21500000000000002,0.023687544758442137,15124.9,15100.4,35109.25,35017.699999999997,4463.2700000000004,4451.4200000000001,0.001621158788552467,0.00263475770631318,-0.001013598917760713,0,0.01,0.0021539765161602709,0.01,2.3212880746318985,1.8212880746318985,0.016943743040416553,0.02,0.59018836488175141,0.090188364881751415,5,0.050000000000000003,700,0.01,0.46425761492637974,0.035742385073620264,0.080000000000000002,0.4721506919054011,0.027849308094598901
P1_2022H2_2023,2023-08-16 17:00:00,2023-08-16 21:00:00,SELL,-1.4865180099999999,0.01,9.0930999999999997,0.49200000000000732,0.054106960222587167,15043.77,14988.25,35083.25,34948.050000000003,4445.3699999999999,4433.1199999999999,0.0036973912011090512,0.0033103077292277348,0.00038708347188131645,0,0.01,0.0021440103183142955,0.01,2.3320783287699824,1.8320783287699824,0.016920717510578422,0.02,0.5909914868413968,0.090991486841396796,5,0.050000000000000003,700,0.01,0.4664156657539964,0.0335843342460036,0.080000000000000002,0.47279318947311738,0.027206810526882619
P1_2022H2_2023,2023-08-17 17:00:00,2023-08-17 21:00:00,SELL,-4.4277733599999998,0.01,9.1156000000000006,0.47499999999999998,0.052108473386282848,14872.700000000001,14821.700000000001,34841.25,34672.25,4410.7700000000004,4395.1700000000001,0.0034349944869426622,0.0042027205643498412,-0.00076772607740717902,0,0.01,0.0021343522405194992,0.01,2.3426311295191864,1.8426311295191864,0.016859527928230218,0.02,0.59313641773181747,0.093136417731817467,5,0.050000000000000003,700,0.01,0.46852622590383719,0.03147377409616281,0.080000000000000002,0.47450913418545393,0.025490865814546071
P1_2022H2_2023,2023-08-21 17:00:00,2023-08-21 21:00:00,BUY,5.4206412799999999,0.01,9.0846,0.27499999999999997,0.030271008079607243,14865.25,14897.25,34528.25,34420.25,4395.2200000000003,4389.3199999999997,0.0021503578214712412,-0.0022380223730695827,0.0043883801945408234,4.3368086899420177e-19,0.01,0.0021526214042124929,0.01,2.3227493651300852,1.8227493651300852,0.016910700715777594,0.02,0.59134155160525392,0.091341551605253923,5,0.050000000000000003,700,0.01,0.46454987302601708,0.035450126973982921,0.080000000000000002,0.47307324128420314,0.026926758715796861
P1_2022H2_2023,2023-08-22 17:00:00,2023-08-22 21:00:00,SELL,-2.4976923599999998,0.01,9.1159999999999997,0.42499999999999999,0.046621325142606404,14959.450000000001,14913.57,34454.050000000003,34304.25,4404.9200000000001,4389.5699999999997,0.0030716704286178134,0.0039240623354901277,-0.00085239190687231431,0,0.01,0.0021709276558198529,0.01,2.3031628836621665,1.8031628836621665,0.016980387839052695,0.02,0.58891469940405561,0.088914699404055608,5,0.050000000000000003,700,0.01,0.4606325767324333,0.039367423267566704,0.080000000000000002,0.47113175952324443,0.028868240476755569
P1_2022H2_2023,2023-08-23 17:00:00,2023-08-23 21:00:00,BUY,3.6538119199999999,0.01,9.0861999999999998,1.345,0.1480266778191103,15051.75,15193.25,34376.25,34530.25,4411.6999999999998,4444.0500000000002,0.0093569867678400202,0.0058879263140771375,0.0034690604537628827,0,0.01,0.0021892658448783684,0.01,2.2838706462703668,1.7838706462703668,0.017058900197202895,0.02,0.58620426196289455,0.086204261962894546,5,0.050000000000000003,700,0.01,0.4567741292540734,0.043225870745926598,0.089999999999999997,0.52758383576660517,0.027583835766605169
P1_2022H2_2023,2023-08-24 17:00:00,2023-08-24 21:00:00,SELL,-8.1515137600000003,0.01,9.1793999999999993,2.4549999999999996,0.26744667407455824,15182.450000000001,14933.700000000001,34686.25,34228.25,4456.5699999999997,4399.5200000000004,0.016519751496073626,0.013087998062595651,0.0034317534334779749,0,0.01,0.0021885401275721647,0.01,2.2846279750633132,1.7846279750633132,0.017033783829267801,0.02,0.58706862199447385,0.087068621994473849,5,0.050000000000000003,700,0.01,0.45692559501266261,0.043074404987337389,0.089999999999999997,0.52836175979502642,0.02836175979502642
P1_2022H2_2023,2023-08-25 17:00:00,2023-08-25 21:00:00,BUY,1.78478363,0.01,9.1889000000000003,-0.73849999999998539,-0.0803687057210314,14907.200000000001,14842.75,34248.699999999997,34295.25,4395.3199999999997,4390.9700000000003,-0.0043327871695154879,0.00018403686757533541,-0.0045168240370908235,0,0.01,0.0021763161813441096,0.01,2.297460287646238,1.797460287646238,0.01695803718500587,0.02,0.58969088762477184,0.089690887624771842,5,0.050000000000000003,700,0.01,0.45949205752924749,0.040507942470752512,0.080000000000000002,0.4717527100998174,0.028247289900182604
P1_2022H2_2023,2023-08-28 17:00:00,2023-08-28 21:00:00,SELL,-2.5048535599999999,0.01,9.1159999999999997,0.375,0.041136463361123303,15021.35,14980.950000000001,34623.25,34491.25,4433.6199999999999,4418.3699999999999,0.0026931284880313119,0.0036326546812555085,-0.00093952619322419662,0,0.01,0.002169257652011293,0.01,2.3049359744630142,1.8049359744630142,0.016940276794132111,0.02,0.59030912667636393,0.090309126676363927,5,0.050000000000000003,700,0.01,0.46098719489260281,0.039012805107397186,0.080000000000000002,0.47224730134109111,0.027752698658908892
P1_2022H2_2023,2023-08-29 17:00:00,2023-08-29 21:00:00,BUY,1.6266307799999999,0.01,9.1710999999999991,2.1149999999999998,0.23061573857007339,15132.950000000001,15348.700000000001,34641.050000000003,34809.25,4445.25,4489.0200000000004,0.014156294231115777,0.0073210329082138061,0.0068352613229019712,0,0.01,0.0021842510547457426,0.01,2.2891141515699185,1.7891141515699185,0.017021483606096399,0.02,0.58749285499522552,0.087492854995225522,5,0.050000000000000003,700,0.01,0.45782283031398374,0.042177169686016258,0.089999999999999997,0.528743569495703,0.028743569495703003
P1_2022H2_2023,2023-08-30 17:00:00,2023-08-30 21:00:00,SELL,-0.83726761999999999,0.01,9.2556999999999992,-0.23499999999999999,-0.025389759823676222,15441.85,15462.65,35042.5,34900.25,4520.8699999999999,4515.7700000000004,-0.0013460824890027623,0.0025981781417294893,-0.0039442606307322518,2.1684043449710089e-19,0.01,0.0022033031319112504,0.01,2.2693200620391987,1.7693200620391987,0.01707840526270386,0.02,0.58553476429313844,0.085534764293138443,5,0.050000000000000003,700,0.01,0.45386401240783969,0.04613598759216031,0.089999999999999997,0.52698128786382448,0.026981287863824477
P1_2022H2_2023,2023-08-31 17:00:00,2023-08-31 21:00:00,BUY,2.4384731400000001,0.01,9.2540999999999993,-0.13500000000000001,-0.0145881285052031,15542.32,15533.200000000001,35022.25,34853.25,4529.3699999999999,4520.5200000000004,-0.00058695721016632481,-0.0033965048109902227,0.0028095476008238979,0,0.01,0.0022189208289016271,0.01,2.2533476340726479,1.7533476340726479,0.017157264696856297,0.02,0.5828434879734814,0.0828434879734814,5,0.050000000000000003,700,0.01,0.45066952681452965,0.049330473185470347,0.089999999999999997,0.52455913917613328,0.024559139176133282
P1_2022H2_2023,2023-09-01 17:00:00,2023-09-01 21:00:00,SELL,-3.42179156,0.01,9.2668999999999997,0.4169999999999891,0.044998866935004059,15527.549999999999,15482.07,34928,34803.25,4529.5200000000004,4510.9700000000003,0.002933285387552173,0.0038408961025159206,-0.00090761071496374759,0,0.01,0.0022227940334402199,0.01,2.2494211900782806,1.7494211900782806,0.017140392359455303,0.02,0.58341721649584144,0.08341721649584144,9,0.089999999999999997,1300,0.02,0.49987137557295125,0.00012862442704875132,0.14999999999999999,0.48618101374653439,0.013818986253465615
P1_2022H2_2023,2023-09-05 17:00:00,2023-09-05 21:00:00,BUY,0.87730068999999999,0.01,9.2729999999999997,0.875,0.094359969804809665,15450.549999999999,15540.299999999999,34803.25,34756.25,4504.0200000000004,4508.6199999999999,0.0057920483568297404,-0.00016528630031519248,0.005957334657144933,0,0.01,0.0022196993096909052,0.01,2.2525573523272637,1.7525573523272637,0.017151955364318981,0.02,0.58302390529786974,0.083023905297869738,5,0.050000000000000003,700,0.01,0.4505114704654527,0.049488529534547299,0.089999999999999997,0.52472151476808271,0.024721514768082709
P1_2022H2_2023,2023-09-07 17:00:00,2023-09-07 21:00:00,SELL,-2.22226174,0.01,9.3079999999999998,-0.89500000000000002,-0.096153846153846159,15188.42,15275.549999999999,34471.050000000003,34543.25,4439.7700000000004,4456.1199999999999,-0.0057202155582890095,-0.0028840898523079749,-0.0028361257059810346,0,0.01,0.0022030689520626725,0.01,2.2695612841888759,1.7695612841888759,0.017104962644461309,0.02,0.58462565559814661,0.08462565559814661,5,0.050000000000000003,700,0.01,0.45391225683777509,0.046087743162224915,0.089999999999999997,0.52616309003833184,0.026163090038331838
P1_2022H2_2023,2023-09-08 17:00:00,2023-09-08 21:00:00,BUY,2.1152549700000001,0.01,9.3438999999999997,-0.095000000000000001,-0.010167060863236979,15329.85,15324.719999999999,34538.25,34610.75,4462.4200000000001,4464.0200000000004,-0.00033469724402534687,0.0012277037455904261,-0.001562400989615773,5.4210108624275222e-20,0.01,0.0022192569108162694,0.01,2.2530063894950043,1.7530063894950043,0.017176610449038864,0.02,0.5821870403167676,0.082187040316767601,5,0.050000000000000003,700,0.01,0.4506012778990009,0.049398722100999104,0.089999999999999997,0.52396833628509076,0.023968336285090763
P1_2022H2_2023,2023-09-11 17:00:00,2023-09-11 21:00:00,SELL,-2.5502019800000002,0.01,9.3400999999999996,-1.0649999999999999,-0.11402447511268615,15373.799999999999,15477.25,34697.25,34709.25,4477.8199999999997,4492.7700000000004,-0.0067064419352628017,-0.0018394530633708173,-0.0048669888718919849,0,0.01,0.0022154205304454962,0.01,2.256907856222925,1.756907856222925,0.01716661232474731,0.02,0.58252611585944913,0.082526115859449134,5,0.050000000000000003,700,0.01,0.45138157124458494,0.048618428755415055,0.089999999999999997,0.52427350427350417,0.024273504273504165
P1_2022H2_2023,2023-09-12 17:00:00,2023-09-12 21:00:00,BUY,1.49265881,0.01,9.3028999999999993,-1.115,-0.11985509894763999,15461.35,15353.6,34635.25,34775.25,4485.4700000000003,4478.9700000000003,-0.0069933872453418556,0.0012919013888265094,-0.0082852886341683654,8.6736173798840355e-19,0.01,0.0022320251766625044,0.01,2.2401181009420261,1.7401181009420261,0.017234927443500903,0.02,0.5802171220494976,0.080217122049497602,9,0.089999999999999997,1300,0.02,0.49780402243156141,0.0021959775684385896,0.16,0.51574855293288679,0.015748552932886795
P1_2022H2_2023,2023-09-13 17:00:00,2023-09-13 21:00:00,BUY,1.4942877400000001,0.01,9.2583000000000002,0.54500000000000004,0.058866098527807484,15362.15,15419.27,34757.699999999997,34700.25,4477.2700000000004,4481.4700000000003,0.0037113340167040207,-0.00035830336890076381,0.0040696373856047843,4.3368086899420177e-19,0.01,0.0022098916211371871,0.01,2.2625543950553797,1.7625543950553797,0.017155710957793474,0.02,0.58289627428452406,0.082896274284524063,5,0.050000000000000003,700,0.01,0.45251087901107589,0.047489120988924105,0.089999999999999997,0.52460664685607161,0.024606646856071612
P1_2022H2_2023,2023-09-14 17:00:00,2023-09-14 21:00:00,SELL,-3.1277967800000002,0.01,9.2800999999999991,-1.0049999999999999,-0.10829624680768526,15396.57,15494.950000000001,34830.25,34933.25,4494.4200000000001,4506.6700000000001,-0.0063694070476816491,-0.0028373649492808546,-0.0035320420984007945,0,0.01,0.0022102296136260863,0.01,2.2622084009620327,1.7622084009620327,0.017128539388842165,0.02,0.58382094193706779,0.083820941937067794,5,0.050000000000000003,700,0.01,0.45244168019240644,0.047558319807593563,0.089999999999999997,0.52543884774336092,0.025438847743360915
P1_2022H2_2023,2023-09-15 17:00:00,2023-09-15 21:00:00,SELL,-3.58150104,0.01,9.2620000000000005,1.115,0.12038436622759663,15329.700000000001,15215.57,34875.050000000003,34673.25,4483.4700000000003,4459.0500000000002,0.0074728775434966636,0.0056323694349060911,0.0018405081085905725,0,0.01,0.0021978033006404291,0.01,2.2749988584251488,1.7749988584251488,0.01709579856673514,0.02,0.58493903990293361,0.084939039902933611,5,0.050000000000000003,700,0.01,0.4549997716850297,0.045000228314970303,0.089999999999999997,0.52644513591264008,0.026445135912640083
P1_2022H2_2023,2023-09-18 17:00:00,2023-09-18 21:00:00,BUY,3.1763260999999998,0.01,9.1362000000000005,0.26500000000000001,0.02900549462577439,15234.299999999999,15263.299999999999,34601.25,34704.25,4449.5,4462.2700000000004,0.0019017895664319537,0.0029191120534227035,-0.0010173224869907498,0,0.01,0.0022014089086376935,0.01,2.271272720111853,1.771272720111853,0.017119114507248005,0.02,0.58414236295727406,0.084142362957274064,5,0.050000000000000003,700,0.01,0.45425454402237053,0.045745455977629468,0.089999999999999997,0.52572812666154656,0.025728126661546558
P1_2022H2_2023,2023-09-19 17:00:00,2023-09-19 21:00:00,SELL,-3.09312801,0.01,9.1468000000000007,-0.71499999999999997,-0.078169414440022733,15132,15201.75,34564.25,34470.25,4442.1700000000001,4440.6499999999996,-0.0045988460332636611,0.0015327556947744008,-0.0061316017280380617,0,0.01,0.0021889669239170528,0.01,2.2841825270948983,1.7841825270948983,0.017032216236659108,0.02,0.58712265397832408,0.087122653978324083,5,0.050000000000000003,700,0.01,0.45683650541897963,0.043163494581020367,0.089999999999999997,0.52841038858049161,0.028410388580491608
P1_2022H2_2023,2023-09-20 17:00:00,2023-09-20 21:00:00,SELL,-1.2788132800000001,0.01,9.0376999999999992,0.36899999999999633,0.040828971972957318,15242.65,15198.85,34677.25,34745.050000000003,4460.7200000000003,4455.3500000000004,0.0028776525614849701,-0.00037434837293608104,0.0032520009344210511,0,0.01,0.0021977881752445767,0.01,2.2750145151925678,1.7750145151925678,0.017085414462239278,0.02,0.58529455180037593,0.085294551800375928,5,0.050000000000000003,700,0.01,0.4550029030385136,0.044997096961486405,0.089999999999999997,0.52676509662033832,0.026765096620338324
P1_2022H2_2023,2023-09-22 17:00:00,2023-09-22 21:00:00,BUY,0.76230785000000001,0.01,9.0017999999999994,-0.39500000000000002,-0.043880112866315629,14783.5,14747.1,34076.25,34039.25,4339.0200000000004,4330.3199999999997,-0.0024652406950629508,-0.0015467320060607195,-0.00091850868900223131,0,0.01,0.002169179413814607,0.01,2.3050191091419485,1.8050191091419485,0.017035528759950402,0.02,0.58700848919403392,0.087008489194033922,5,0.050000000000000003,700,0.01,0.46100382182838973,0.038996178171610274,0.089999999999999997,0.52830764027463051,0.028307640274630508
P1_2022H2_2023,2023-09-25 17:00:00,2023-09-25 21:00:00,BUY,1.3466310100000001,0.01,8.9770000000000003,0.245,0.027291968363595855,14715,14742.370000000001,33939.25,33992.25,4321.9200000000001,4331.1700000000001,0.0018582791251340915,0.00184918055882726,9.0985663068314255e-06,0,0.01,0.0021678440154098868,0.01,2.3064390078151544,1.8064390078151544,0.017023683918258554,0.02,0.58741692150866465,0.087416921508664647,5,0.050000000000000003,700,0.01,0.4612878015630309,0.038712198436969103,0.089999999999999997,0.5286752293577982,0.028675229357798204
P1_2022H2_2023,2023-09-26 17:00:00,2023-09-26 21:00:00,SELL,-4.1859270400000002,0.01,8.9617000000000004,0.27199999999998908,0.030351384223974143,14613.799999999999,14583.200000000001,33860.050000000003,33665.25,4303.6000000000004,4283.4200000000001,0.0020961065317557865,0.0052349155494085652,-0.0031388090176527788,0,0.01,0.0021579708240241817,0.01,2.3169914738124238,1.8169914738124238,0.016978576075843479,0.02,0.58897754177558204,0.088977541775582036,5,0.050000000000000003,700,0.01,0.46339829476248473,0.03660170523751527,0.080000000000000002,0.47118203342046555,0.028817966579534449
P1_2022H2_2023,2023-09-27 17:00:00,2023-09-27 21:00:00,BUY,2.4863781199999999,0.01,8.8773,-1.4549999999999998,-0.16390118617147104,14611.950000000001,14469.700000000001,33645.25,33390.25,4285.7200000000003,4249.6199999999999,-0.0097828792037561382,-0.0080334723516177296,-0.0017494068521384087,0,0.01,0.002171472941945743,0.01,2.3025845284168094,1.8025845284168094,0.017047252270330306,0.02,0.58660479949630273,0.086604799496302731,5,0.050000000000000003,700,0.01,0.46051690568336184,0.039483094316638156,0.089999999999999997,0.52794431954667242,0.027944319546672425
P1_2022H2_2023,2023-09-28 17:00:00,2023-09-28 21:00:00,BUY,1.2500843500000001,0.01,8.8191000000000006,1.0250000000000001,0.11622501162250116,14592.950000000001,14699.049999999999,33602.050000000003,33627.050000000003,4283.2700000000004,4298.1199999999999,0.0072443304665520966,0.0021023534076749719,0.0051419770588771244,8.6736173798840355e-19,0.01,0.0021714374569408714,0.01,2.3026221565893117,1.8026221565893117,0.017034823861208845,0.02,0.58703277952710042,0.087032779527100423,5,0.050000000000000003,700,0.01,0.46052443131786241,0.039475568682137585,0.089999999999999997,0.5283295015743904,0.028329501574390403
P1_2022H2_2023,2023-09-29 17:00:00,2023-09-29 21:00:00,BUY,4.35084012,0.01,8.8600999999999992,-2.125,-0.23983927946637174,14879.15,14671.049999999999,33759.5,33429.050000000003,4330.4700000000003,4278.2200000000003,-0.014084739881738972,-0.010987811336433083,-0.0030969285453058895,0,0.01,0.0022036982182792992,0.01,2.2689132107680883,1.7689132107680883,0.017179601752234746,0.02,0.58208567021637658,0.082085670216376583,5,0.050000000000000003,700,0.01,0.45378264215361769,0.046217357846382312,0.089999999999999997,0.52387710319473901,0.023877103194739013
P1_2022H2_2023,2023-10-02 17:00:00,2023-10-02 21:00:00,BUY,5.0749408799999998,0.01,8.7530999999999999,-0.10100000000000364,-0.011538769121797266,14768.4,14766.07,33385.699999999997,33338.050000000003,4285.25,4272.0200000000004,-0.00015778173807306494,-0.0022601936953724013,0.0021024119572993364,2.7105054312137611e-20,0.01,0.0022117852853167676,0.01,2.2606172638877604,1.7606172638877604,0.017231666763899423,0.02,0.58032691422225835,0.08032691422225835,5,0.050000000000000003,700,0.01,0.452123452777552,0.047876547222447996,0.089999999999999997,0.52229422280003246,0.022294222800032459
P1_2022H2_2023,2023-10-03 17:00:00,2023-10-03 21:00:00,BUY,2.4354058599999999,0.01,8.7583000000000002,-2.5450000000000004,-0.29058150554331325,14805.799999999999,14554.75,33379.050000000003,32970.050000000003,4280.5200000000004,4225.6199999999999,-0.017101595070416899,-0.012618692997949399,-0.0044829020724674994,0,0.01,0.0022178282485571035,0.01,2.2544577125180676,1.7544577125180676,0.017294394139029834,0.02,0.57822204811627886,0.078222048116278864,5,0.050000000000000003,700,0.01,0.45089154250361346,0.049108457496386537,0.089999999999999997,0.52039984330465094,0.020399843304650944
P1_2022H2_2023,2023-10-04 17:00:00,2023-10-04 21:00:00,BUY,2.5697363599999998,0.01,8.6024999999999991,0.20500000000000002,0.023830281894798029,14665.1,14682.67,33003.050000000003,32960.050000000003,4242.5500000000002,4239.4200000000001,0.0011973653943146883,-0.0010208977670832615,0.0022182631613979495,2.1684043449710089e-19,0.01,0.0022217795021975241,0.01,2.2504483433457665,1.7504483433457665,0.017283355529103959,0.02,0.57859134953051794,0.07859134953051794,5,0.050000000000000003,700,0.01,0.45008966866915323,0.049910331330846769,0.089999999999999997,0.5207322145774661,0.020732214577466102
P1_2022H2_2023,2023-10-05 17:00:00,2023-10-05 21:00:00,SELL,-4.7435152599999997,0.01,8.6630000000000003,-0.23499999999999999,-0.027126861364423407,14698.219999999999,14717.6,33108.25,33098.050000000003,4255.9200000000001,4255.6700000000001,-0.0013176585119165155,0.00018343560491505223,-0.0015010941168315678,0,0.01,0.0022197216705805954,0.01,2.25253466065959,1.75253466065959,0.017267970262598922,0.02,0.5791068578372075,0.0791068578372075,5,0.050000000000000003,700,0.01,0.45050693213191795,0.049493067868082052,0.089999999999999997,0.52119617205348667,0.021196172053486673
P1_2022H2_2023,2023-10-09 17:00:00,2023-10-09 21:00:00,SELL,-0.93401078999999998,0.01,9.0908999999999995,-1.4149999999999998,-0.15565015565015564,14923,15061.25,33392.25,33602.050000000003,4305.3199999999997,4338.3199999999997,-0.0092215733060181659,-0.0069494744952475112,-0.0022720988107706548,0,0.01,0.0022345005203303161,0.01,2.2376365342089395,1.7376365342089395,0.017330883650924903,0.02,0.57700462373517392,0.077004623735173916,9,0.089999999999999997,1300,0.02,0.49725256315754207,0.0027474368424579287,0.16,0.51289299887571016,0.01289299887571016
P1_2022H2_2023,2023-10-10 17:00:00,2023-10-10 21:00:00,BUY,2.08617461,0.01,9.0588999999999995,0.47499999999999998,0.052434622305136389,15111.77,15161.950000000001,33658.25,33811.050000000003,4353.6199999999999,4371.8199999999997,0.0033150895202670853,0.0043505953313246817,-0.0010355058110575965,0,0.01,0.0022448834981022487,0.01,2.2272870749091598,1.7272870749091598,0.017355407683720677,0.02,0.57618928821706517,0.076189288217065165,9,0.089999999999999997,1300,0.02,0.49495268331314674,0.0050473166868532648,0.16,0.51216825619294692,0.012168256192946925
P1_2022H2_2023,2023-10-12 17:00:00,2023-10-12 21:00:00,BUY,3.76558189,0.01,9.0916999999999994,-1.095,-0.12043952176160674,15263,15156.5,33693.25,33500.25,4369.2200000000003,4339.2200000000003,-0.0070021160859059317,-0.0063172570432960626,-0.00068485904260986909,0,0.01,0.0022649937301981852,0.01,2.2075116294306492,1.7075116294306492,0.01746650431884867,0.02,0.57252440542488381,0.072524405424883809,9,0.089999999999999997,1300,0.02,0.49055813987347768,0.0094418601265223168,0.16,0.50891058259989674,0.0089105825998967436
P1_2022H2_2023,2023-10-13 17:00:00,2023-10-13 21:00:00,SELL,-1.9542507200000001,0.01,8.984,2.2114999999999965,0.2461598397150486,15222.25,14995.950000000001,33859.699999999997,33659.25,4373.3699999999999,4327.4200000000001,0.014978008662111042,0.0082499836325714802,0.0067280250295395621,0,0.01,0.0022478418296677173,0.01,2.224355794971177,1.724355794971177,0.01740334113052406,0.02,0.57460230911987387,0.074602309119873866,9,0.089999999999999997,1300,0.02,0.49430128777137261,0.0056987122286273895,0.16,0.51075760810655446,0.010757608106554462
P1_2022H2_2023,2023-10-16 17:00:00,2023-10-16 21:00:00,BUY,2.8195399000000001,0.01,9.0937999999999999,0.79500000000000004,0.087422199740482529,15112.15,15194.52,33917.25,34032.25,4358.1700000000001,4380.4200000000001,0.005435780494544881,0.0042386178275967985,0.0011971626669480826,0,0.01,0.0022277970649153453,0.01,2.244369596649054,1.744369596649054,0.017337724320070122,0.02,0.57677696423076807,0.076776964230768074,9,0.089999999999999997,1300,0.02,0.49874879925534538,0.0012512007446546236,0.16,0.51269063487179378,0.012690634871793782
P1_2022H2_2023,2023-10-17 17:00:00,2023-10-17 21:00:00,SELL,-5.1596140899999998,0.01,9.2024000000000008,-1.2849999999999999,-0.13963748587325042,14966.57,15092.200000000001,33899.25,33911.25,4342,4365.9200000000001,-0.0083590068064113548,-0.002923895294211395,-0.0054351115121999598,0,0.01,0.002207507540727302,0.01,2.2649979253763557,1.7649979253763557,0.017234649930907415,0.02,0.58022646471436012,0.080226464714360124,5,0.050000000000000003,700,0.01,0.45299958507527105,0.04700041492472895,0.089999999999999997,0.52220381824292395,0.022203818242923945
P1_2022H2_2023,2023-10-18 17:00:00,2023-10-18 21:00:00,BUY,2.3772591699999999,0.01,9.1584000000000003,-0.53500000000000003,-0.058416317260656887,15055.4,15004.52,33882.25,33827.25,4356.7700000000004,4341.3699999999999,-0.0033852417830655861,-0.0025827891863001804,-0.00080245259676540569,0,0.01,0.0022217237639176857,0.01,2.2505048022636394,1.7505048022636394,0.017278167082494598,0.02,0.57876509425189637,0.078765094251896373,5,0.050000000000000003,700,0.01,0.45010096045272791,0.049899039547272095,0.089999999999999997,0.52088858482670675,0.020888584826706746
P1_2022H2_2023,2023-10-19 17:00:00,2023-10-19 21:00:00,SELL,-1.01806664,0.01,9.0759000000000007,0.64500000000000002,0.071067332165405075,14950.85,14883.6,33677.25,33632.25,4322.4700000000003,4309.4200000000001,0.0045082187805874857,0.0021803904870883934,0.0023278282934990923,0,0.01,0.0022197254823359985,0.01,2.2525307925636335,1.7525307925636335,0.017294336340101839,0.02,0.57822398057635527,0.078223980576355268,5,0.050000000000000003,700,0.01,0.45050615851272668,0.049493841487273316,0.089999999999999997,0.52040158251871971,0.020401582518719708
P1_2022H2_2023,2023-10-23 17:00:00,2023-10-23 21:00:00,SELL,-0.87256151000000004,0.01,9.0937999999999999,-1.6249999999999998,-0.17869317557016867,14541.5,14701.32,33076.25,33109.25,4222.1700000000001,4245.4200000000001,-0.010930655200897204,-0.0032443691298616657,-0.0076862860710355391,0,0.01,0.0021981784513056949,0.01,2.274610597256129,1.774610597256129,0.017220410357707053,0.02,0.58070625451294566,0.080706254512945663,5,0.050000000000000003,700,0.01,0.45492211945122574,0.045077880548774263,0.089999999999999997,0.52263562906165106,0.022635629061651064
P1_2022H2_2023,2023-10-25 17:00:00,2023-10-25 21:00:00,SELL,-2.50987933,0.01,9.1654,1.5650000000000002,0.17075086739258519,14559.200000000001,14396.549999999999,33085.25,33050.25,4217.1000000000004,4192.8199999999997,0.011234501660110191,0.00341629130573291,0.0078182103543772818,0,0.01,0.0022002554008206075,0.01,2.2724634595307434,1.7724634595307434,0.017262099547082119,0.02,0.57930380790153313,0.07930380790153313,5,0.050000000000000003,700,0.01,0.45449269190614872,0.045507308093851284,0.089999999999999997,0.52137342711137979,0.021373427111379795
P1_2022H2_2023,2023-10-26 17:00:00,2023-10-26 21:00:00,SELL,-2.5228822800000001,0.01,9.2438000000000002,0.995,0.10763971526861248,14246.700000000001,14141.4,33019.25,32857.25,4168.2700000000004,4150.3699999999999,0.0074186354804862079,0.0046109493618230078,0.0028076861186632001,0,0.01,0.0021573324651529033,0.01,2.3176770760948147,1.8176770760948147,0.017089463974262704,0.02,0.58515586065545,0.08515586065545,5,0.050000000000000003,700,0.01,0.46353541521896297,0.036464584781037035,0.089999999999999997,0.52664027458990503,0.026640274589905033
P1_2022H2_2023,2023-10-27 17:00:00,2023-10-27 21:00:00,BUY,2.25720666,0.01,9.2835999999999999,-0.89799999999999269,-0.096729716920159498,14243.25,14160.950000000001,32714.200000000001,32441.25,4146.8199999999997,4117.5699999999997,-0.0057949338697330655,-0.007728532573260654,0.0019335987035275885,0,0.01,0.0021769216425894565,0.01,2.2968213013181682,1.7968213013181682,0.017173701776300877,0.02,0.58228564407701888,0.082285644077018882,5,0.050000000000000003,700,0.01,0.45936426026363364,0.040635739736366361,0.089999999999999997,0.52405707966931692,0.024057079669316916
P1_2022H2_2023,2023-10-30 17:00:00,2023-10-30 21:00:00,BUY,2.0777558699999998,0.01,9.0787999999999993,-0.36499999999999999,-0.040203551130105306,14372.75,14345.9,32711.25,32936.25,4164.3199999999997,4172.4700000000003,-0.0018698655976648459,0.0044050045471797136,-0.0062748701448445592,2.1684043449710089e-19,0.01,0.0021969123772402461,0.01,2.2759214485745596,1.7759214485745596,0.017257019153187076,0.02,0.57947435250734902,0.079474352507349022,5,0.050000000000000003,700,0.01,0.45518428971491187,0.044815710285088128,0.089999999999999997,0.52152691725661404,0.021526917256614042
P1_2022H2_2023,2023-10-31 17:00:00,2023-10-31 21:00:00,SELL,-1.73644445,0.01,9.0869,-1.4249999999999998,-0.1568191572483465,14263.85,14398.469999999999,32839.25,33039.25,4162.75,4194.7700000000004,-0.0093935864157739767,-0.00686719999703592,-0.0025263864187380566,0,0.01,0.0021717685391718748,0.01,2.3022711259582791,1.8022711259582791,0.017132724761275597,0.02,0.58367831966825223,0.083678319668252232,5,0.050000000000000003,700,0.01,0.46045422519165574,0.039545774808344258,0.089999999999999997,0.52531048770142696,0.025310487701426965
P1_2022H2_2023,2023-11-01 17:00:00,2023-11-01 21:00:00,BUY,0.76791750000000003,0.01,9.0793999999999997,0.5114999999999964,0.056336321783377365,14472.299999999999,14528.65,33135.699999999997,33131.699999999997,4210.8000000000002,4217.0699999999997,0.0038860844844618805,0.00068359884983410293,0.0032024856346277776,0,0.01,0.0021837927069595633,0.01,2.2895946048658473,1.7895946048658473,0.017184739241949271,0.02,0.58191165191434679,0.081911651914346795,5,0.050000000000000003,700,0.01,0.45791892097316939,0.042081079026830615,0.089999999999999997,0.52372048672291205,0.023720486722912049
P1_2022H2_2023,2023-11-02 17:00:00,2023-11-02 21:00:00,SELL,-2.4669505300000001,0.01,9.0419,-0.78500000000000003,-0.086818036032249857,14844.549999999999,14919.25,33543.25,33790.25,4290.6000000000004,4318.8199999999997,-0.0050195308961294652,-0.0069461409539446611,0.0019266100578151958,0,0.01,0.002212747721225582,0.01,2.2596340070935121,1.7596340070935121,0.017298920896844264,0.02,0.5780707397664463,0.078070739766446295,5,0.050000000000000003,700,0.01,0.45192680141870251,0.048073198581297494,0.089999999999999997,0.52026366578980165,0.020263665789801655
P1_2022H2_2023,2023-11-03 17:00:00,2023-11-03 21:00:00,BUY,2.68489881,0.01,9.1001999999999992,0.30899999999999633,0.033955297685764746,15068.1,15121.120000000001,34031.699999999997,34138.25,4363.3000000000002,4373.0699999999997,0.0035125156935061084,0.0026813205808674948,0.00083119511263861356,0,0.01,0.0022138329851285718,0.01,2.2585262906404915,1.7585262906404915,0.01726686223729746,0.02,0.57914401948487204,0.079144019484872041,5,0.050000000000000003,700,0.01,0.45170525812809831,0.048294741871901692,0.089999999999999997,0.52122961753638475,0.021229617536384748
P1_2022H2_2023,2023-11-07 17:00:00,2023-11-07 21:00:00,BUY,2.6385440400000002,0.01,9.1501000000000001,1.0250000000000001,0.11202063365427702,15230.799999999999,15336.049999999999,34105.25,34189.25,4373.1700000000001,4390.1700000000001,0.006886572607606601,0.0031698699550585466,0.0037167026525480543,0,0.01,0.0022329113552898745,0.01,2.2392290621635111,1.7392290621635111,0.017413912562283192,0.02,0.57425348635659335,0.074253486356593346,9,0.089999999999999997,1300,0.02,0.49760645825855798,0.0023935417414420179,0.16,0.51044754342808296,0.010447543428082962
P1_2022H2_2023,2023-11-09 17:00:00,2023-11-09 21:00:00,BUY,5.2698926899999998,0.01,9.1877999999999993,-0.80500000000000005,-0.087616186682339642,15363.25,15285.700000000001,34128.25,34001.25,4394.2200000000003,4369.7200000000003,-0.0050605430527774446,-0.004659652787525617,-0.00040089026525182755,0,0.01,0.0022508112780467793,0.01,2.2214212487592144,1.7214212487592144,0.01748120257975249,0.02,0.57204302475062252,0.07204302475062252,9,0.089999999999999997,1300,0.02,0.49364916639093659,0.006350833609063411,0.16,0.50848268866722002,0.0084826886672200175
P1_2022H2_2023,2023-11-10 17:00:00,2023-11-10 21:00:00,BUY,5.5649629100000002,0.01,9.1555999999999997,1.8439999999999965,0.20140678928743028,15299.9,15496.799999999999,33968.699999999997,34216.25,4372.8000000000002,4410.4200000000001,0.012787258568911811,0.0079137759346842498,0.0048734826342275613,0,0.01,0.0022520585126896233,0.01,2.2201909816404028,1.7201909816404028,0.017494397182583242,0.02,0.5716115791606482,0.071611579160648198,9,0.089999999999999997,1300,0.02,0.49337577369786723,0.0066242263021327741,0.16,0.50809918147613164,0.008099181476131645
P1_2022H2_2023,2023-11-13 17:00:00,2023-11-13 21:00:00,SELL,-3.5628903900000002,0.01,9.1547000000000001,-0.73499999999999999,-0.080286628726228063,15435.870000000001,15504.370000000001,34278.25,34366.25,4404.5699999999997,4421.3199999999997,-0.0044278979037748363,-0.003179795819497567,-0.0012481020842772693,0,0.01,0.0022515545571900547,0.01,2.2206879171695539,1.7206879171695539,0.017522561793773286,0.02,0.57069280837426073,0.070692808374260729,9,0.089999999999999997,1300,0.02,0.49348620381545644,0.0065137961845435632,0.16,0.50728249633267619,0.0072824963326761916
P1_2022H2_2023,2023-11-15 17:00:00,2023-11-15 21:00:00,SELL,-2.8177281600000001,0.01,9.3629999999999995,0.074999999999999997,0.0080102531239987177,15864.35,15853.870000000001,34958.25,35037.25,4514.3199999999997,4517.7200000000003,0.00066081894768173157,-0.0015050821409831184,0.0021659010886648502,2.1684043449710089e-19,0.01,0.0022690423576695062,0.01,2.2035727905650084,1.7035727905650084,0.017571140282478869,0.02,0.56911502834972749,0.069115028349727492,9,0.089999999999999997,1300,0.02,0.48968284234777976,0.010317157652220244,0.16,0.50588002519975783,0.0058800251997578323
P1_2022H2_2023,2023-11-16 17:00:00,2023-11-16 21:00:00,SELL,-0.53904971000000002,0.01,9.3780999999999999,0.40499999999999997,0.043185719921945809,15837.299999999999,15796.65,35041.25,34876.25,4516.5699999999997,4501.8199999999997,0.0025700250758778271,0.0039954769571041897,-0.0014254518812263626,0,0.01,0.0022598080833303607,0.01,2.2125772701154873,1.7125772701154873,0.01753244165373281,0.02,0.57037121226471688,0.070371212264716876,9,0.089999999999999997,1300,0.02,0.49168383780344155,0.008316162196558452,0.16,0.50699663312419274,0.0069966331241927415
P1_2022H2_2023,2023-11-17 17:00:00,2023-11-17 21:00:00,BUY,1.8912062999999999,0.01,9.3942999999999994,0.33499999999999996,0.035659921441725299,15823.799999999999,15860.42,34971.25,35008.25,4513.6199999999999,4522.6199999999999,0.0023115617999133124,0.0015247161307949803,0.00078684566911833213,0,0.01,0.002262401258176359,0.01,2.2100412037563673,1.7100412037563673,0.01752894572427453,0.02,0.57048496568460172,0.070484965684601719,9,0.089999999999999997,1300,0.02,0.49112026750141502,0.0088797324985849801,0.16,0.50709774727520163,0.0070977472752016268
P1_2022H2_2023,2023-11-20 17:00:00,2023-11-20 21:00:00,BUY,3.44985103,0.01,9.4078999999999997,0.71499999999999997,0.075999957482541264,15953.35,16027.67,35051.25,35180.25,4534.6199999999999,4553.1199999999999,0.0046477650673182724,0.0038724971663613925,0.0007752679009568799,0,0.01,0.0022757176990834851,0.01,2.1971090711355292,1.6971090711355292,0.017590613987500607,0.02,0.56848498904618783,0.068484989046187827,4,0.040000000000000001,550,0.01,0.54927726778388231,0.049277267783882306,0.070000000000000007,0.49742436541541435,0.002575634584585651
P1_2022H2_2023,2023-11-28 17:00:00,2023-11-28 21:00:00,SELL,-0.84780042,0.01,9.4092000000000002,-0.38500000000000001,-0.040917399991497683,15942.950000000001,15978.25,35369.25,35429.25,4548.7200000000003,4556.9200000000001,-0.0022116972037059786,-0.0017480167921846033,-0.0004636804115213753,0,0.01,0.0022537868346091594,0.01,2.2184884227824835,1.7184884227824835,0.017524655287641359,0.02,0.57062463345867609,0.070624633458676089,9,0.089999999999999997,1300,0.02,0.49299742728499635,0.0070025727150036521,0.16,0.50722189640771209,0.0072218964077120917
P1_2022H2_2023,2023-11-29 17:00:00,2023-11-29 21:00:00,BUY,1.78686894,0.01,9.4245000000000001,-1.2249999999999999,-0.12998037031142234,16170.35,16053.1,35554.25,35588.25,4593.3199999999997,4572.4200000000001,-0.0072773410333078874,-0.0018023203804312005,-0.0054750206528766873,0,0.01,0.0022740389686183794,0.01,2.1987310107697109,1.6987310107697109,0.017602028598051087,0.02,0.56811633638109249,0.06811633638109249,4,0.040000000000000001,550,0.01,0.54968275269242772,0.049682752692427723,0.070000000000000007,0.49710179433345592,0.0028982056665440847
P1_2022H2_2023,2023-11-30 17:00:00,2023-11-30 21:00:00,SELL,-6.4351871100000002,0.01,9.3841000000000001,0.97499999999999998,0.10389914855979795,15952.950000000001,15851.4,35734.25,35760.25,4561.2200000000003,4548.6199999999999,0.0063859406089120533,0.0010194563194784523,0.0053664842894336007,0,0.01,0.0022321652196422201,0.01,2.2399775590094624,1.7399775590094624,0.017487591039239501,0.02,0.57183404950181627,0.071834049501816266,9,0.089999999999999997,1300,0.02,0.49777279089099163,0.0022272091090083657,0.16,0.50829693289050337,0.0082969328905033723
P1_2022H2_2023,2023-12-04 17:00:00,2023-12-04 21:00:00,SELL,-4.4852479399999998,0.01,9.5719999999999992,0.18549999999999273,0.019379440033430083,15813.35,15792.200000000001,36139.800000000003,36165.5,4569.6199999999999,4568.9200000000001,0.0013383727324512492,-0.0002788386374797799,0.0016172113699310291,0,0.01,0.0021878026441762267,0.01,2.2853980971773851,1.7853980971773851,0.017302696941977669,0.02,0.57794458479702271,0.077944584797022709,5,0.050000000000000003,700,0.01,0.45707961943547698,0.04292038056452302,0.089999999999999997,0.52015012631732038,0.020150126317320383
P1_2022H2_2023,2023-12-05 17:00:00,2023-12-05 21:00:00,BUY,3.2476832299999998,0.01,9.5938999999999997,0.26000000000000001,0.027100553476688313,15819,15848.549999999999,36027.699999999997,36113.599999999999,4564.5699999999997,4572.0699999999997,0.0018662642722119989,0.0020115902091542553,-0.00014532593694225639,0,0.01,0.0021953940995400761,0.01,2.2774954169037231,1.7774954169037231,0.01732802870807108,0.02,0.57709969024590679,0.077099690245906793,5,0.050000000000000003,700,0.01,0.45549908338074463,0.044500916619255371,0.089999999999999997,0.5193897212213161,0.019389721221316103
P1_2022H2_2023,2023-12-06 17:00:00,2023-12-06 21:00:00,SELL,-3.0353721,0.01,9.6202000000000005,0.62549999999999273,0.065019438265315976,15913.450000000001,15848.4,36242.099999999999,36173.5,4590.1700000000001,4574.4200000000001,0.004096114738377175,0.0026658828236650919,0.0014302319147120831,0,0.01,0.0021954370745624566,0.01,2.2774508356138989,1.7774508356138989,0.017334270843999241,0.02,0.57689187448353429,0.076891874483534295,5,0.050000000000000003,700,0.01,0.45549016712277968,0.044509832877220323,0.089999999999999997,0.5192026870351808,0.019202687035180799
P1_2022H2_2023,2023-12-12 17:00:00,2023-12-12 21:00:00,BUY,1.8431025999999999,0.01,9.7140000000000004,0.66550000000001097,0.068509367922587092,16232.200000000001,16302.75,36375.699999999997,36521.699999999997,4624.6700000000001,4641.6700000000001,0.0043368814507788542,0.0038374166983713744,0.00049946475240747988,0,0.01,0.0022311873036120269,0.01,2.2409593277559421,1.7409593277559421,0.017549576510323978,0.02,0.56981431968556329,0.069814319685563286,9,0.089999999999999997,1300,0.02,0.49799096172354268,0.00200903827645732,0.16,0.50650161749827849,0.0065016174982784891
P1_2022H2_2023,2023-12-13 17:00:00,2023-12-13 21:00:00,BUY,0.74418960000000001,0.01,9.7865000000000002,-0.17850000000000366,-0.0182394114341188,16377.049999999999,16360.15,36560.199999999997,36582.900000000001,4654.2700000000004,4653.3999999999996,-0.0010324646885659337,0.00021687924332878763,-0.0012493439318947213,0,0.01,0.0022397374740838398,0.01,2.2324044928726479,1.7324044928726479,0.017593575361979429,0.02,0.56838930088141637,0.068389300881416371,9,0.089999999999999997,1300,0.02,0.49608988730503289,0.003910112694967105,0.16,0.50523493411681464,0.0052349341168146379
P1_2022H2_2023,2023-12-14 17:00:00,2023-12-14 21:00:00,BUY,1.5727962200000001,0.01,9.7524999999999995,-1.8445000000000074,-0.18913099205332043,16618.75,16437.75,37178.900000000001,37092,4739.3500000000004,4709.7700000000004,-0.01095105706139185,-0.0043005020283063879,-0.0066505550330854622,0,0.01,0.0022349706419501382,0.01,2.2371658518239941,1.7371658518239941,0.017532731281715844,0.02,0.57036179014667177,0.070361790146671765,9,0.089999999999999997,1300,0.02,0.49714796707199871,0.0028520329280012913,0.16,0.50698825790815261,0.0069882579081526064
P1_2022H2_2023,2023-12-15 17:00:00,2023-12-15 21:00:00,BUY,4.2741996100000001,0.01,9.6786999999999992,-0.44450000000000728,-0.045925589180365885,16596.049999999999,16554.450000000001,37152,37191.699999999997,4719.0200000000004,4714.4200000000001,-0.0025097673842805158,4.6379261051977328e-05,-0.0025561466453324932,0,0.01,0.0022335338608957794,0.01,2.2386049692547321,1.7386049692547321,0.017584212400032207,0.02,0.56869194778275556,0.068691947782755558,9,0.089999999999999997,1300,0.02,0.4974677709454961,0.0025322290545038983,0.16,0.50550395358467171,0.0055039535846717058
P1_2022H2_2023,2023-12-18 17:00:00,2023-12-18 21:00:00,BUY,1.4135403200000001,0.01,9.6432000000000002,0.69200000000000728,0.071760411481666592,16652.400000000001,16727.049999999999,37321.099999999999,37309.400000000001,4741.3699999999999,4752.5200000000004,0.0044728193217473747,0.0010176677341033255,0.0034551515876440489,0,0.01,0.0022309631816854279,0.01,2.2411844538925316,1.7411844538925316,0.017560747210194527,0.02,0.56945185078427119,0.069451850784271185,9,0.089999999999999997,1300,0.02,0.49804098975389599,0.0019590102461040093,0.16,0.50617942291935225,0.006179422919352251
P1_2022H2_2023,2023-12-20 17:00:00,2023-12-20 21:00:00,BUY,1.6538754200000001,0.01,9.7924000000000007,0.17549999999999272,0.017922062007270201,16793.849999999999,16815.099999999999,37483.599999999999,37577,4773.1199999999999,4777.6199999999999,0.0012645442854768863,0.001715496272616584,-0.00045095198713969767,0,0.01,0.0022401596965072722,0.01,2.2319837321400398,1.7319837321400398,0.017592109563555912,0.02,0.56843665984869474,0.068436659848694736,9,0.089999999999999997,1300,0.02,0.49599638492000886,0.0040036150799911407,0.16,0.50527703097661747,0.0052770309766174694
P1_2022H2_2023,2023-12-21 17:00:00,2023-12-21 21:00:00,SELL,-2.54524485,0.01,9.7995000000000001,0.09549999999999273,0.0097453951732223813,16670.849999999999,16658.549999999999,37297.5,37220,4738.3199999999997,4729.6700000000001,0.00073808712778452895,0.0019536294672937373,-0.0012155423395092083,0,0.01,0.0022348481801729336,0.01,2.2372884406014095,1.7372884406014095,0.017591519779162235,0.02,0.56845571761487868,0.068455717614878675,9,0.089999999999999997,1300,0.02,0.49717520902253542,0.0028247909774645752,0.16,0.5052939712132255,0.0052939712132255012
P1_2022H2_2023,2023-12-22 17:00:00,2023-12-22 21:00:00,SELL,-1.7002440400000001,0.01,9.8294999999999995,0.18549999999999273,0.018871763568848135,16809.5,16788.349999999999,37505.400000000001,37427.800000000003,4773.0699999999997,4765.7700000000004,0.0012590092993300624,0.001800881766729816,-0.00054187246739975355,0,0.01,0.0022409439707348809,0.01,2.2312025937713793,1.7312025937713793,0.017608687909458694,0.02,0.56790148427972276,0.067901484279722757,9,0.089999999999999997,1300,0.02,0.49582279861586209,0.0041772013841379074,0.16,0.50480131935975359,0.0048013193597535864
P1_2022H2_2023,2023-12-28 17:00:00,2023-12-28 21:00:00,SELL,-3.64332316,0.01,9.9468999999999994,0.04549999999999272,0.004574289477122794,16916.5,16909.400000000001,37661.900000000001,37695.400000000001,4791.8699999999999,4790.8699999999999,0.00041979667085086754,-0.000340194577939158,0.00075999124879002548,5.4210108624275222e-20,0.01,0.0022458373050748899,0.01,2.2263411462181897,1.7263411462181897,0.01765125097300219,0.02,0.56653208405994149,0.066532084059941488,9,0.089999999999999997,1300,0.02,0.4947424769373755,0.0052575230626245029,0.16,0.50358407471994804,0.0035840747199480383
P2_2024,2024-01-02 17:00:00,2024-01-02 21:00:00,SELL,-10.36957003,0.01,3.8515999999999999,0.66549999999999276,0.1727853359642727,16570.700000000001,16501.75,37635.699999999997,37672.099999999999,4743.5699999999997,4742.5699999999997,0.0041696396787312484,-0.00037793274786868271,0.0045475724265999313,0,0.01,0.0022014603156045994,0.01,2.2712196829343356,1.7712196829343356,0.017466486211861535,0.02,0.57252499894391895,0.07252499894391895,5,0.050000000000000003,700,0.01,0.45424393658686713,0.045756063413132875,0.089999999999999997,0.5152724990495271,0.0152724990495271
P2_2024,2024-01-03 17:00:00,2024-01-03 21:00:00,BUY,1.3110602600000001,0.01,3.8328000000000002,-0.2944999999999709,-0.076836777290745895,16423.150000000001,16391.700000000001,37508.099999999999,37527.699999999997,4718.8999999999996,4720.2200000000003,-0.0019168156873744541,0.00040105220132748858,-0.0023178678887019427,0,0.01,0.0021892804487564023,0.01,2.283855411416202,1.783855411416202,0.017401460086037001,0.02,0.574664421867912,0.074664421867912001,5,0.050000000000000003,700,0.01,0.45677108228324037,0.043228917716759629,0.089999999999999997,0.51719797968112069,0.01719797968112069
P2_2024,2024-01-05 17:00:00,2024-01-05 21:00:00,BUY,1.26665257,0.01,3.9397000000000002,0.0035000000000036391,0.00088839251719766447,16306.15,16309.950000000001,37454.400000000001,37453.599999999999,4699.0200000000004,4701.6199999999999,0.00023301375806390306,0.00026589715378290911,-3.2883395719006056e-05,0,0.01,0.0021768003225255241,0.01,2.2969493105362089,1.7969493105362089,0.017350585866840317,0.02,0.57634941417808627,0.076349414178086272,5,0.050000000000000003,700,0.01,0.45938986210724181,0.040610137892758191,0.089999999999999997,0.5187144727602776,0.018714472760277601
P2_2024,2024-01-08 17:00:00,2024-01-08 21:00:00,BUY,6.5151020900000001,0.01,3.8856000000000002,1.0954999999999928,0.28193843936586183,16453.299999999999,16565.849999999999,37298.199999999997,37485.800000000003,4716.4700000000003,4739.7200000000003,0.006817282449706915,0.0049672751390747935,0.0018500073106321215,0,0.01,0.0022056426315479032,0.01,2.2669130204882912,1.7669130204882912,0.017442388057169873,0.02,0.57331599132089017,0.073315991320890173,5,0.050000000000000003,700,0.01,0.45338260409765818,0.046617395902341818,0.089999999999999997,0.5159843921888011,0.0159843921888011
P2_2024,2024-01-09 17:00:00,2024-01-09 21:00:00,BUY,2.5388817499999998,0.01,3.9184999999999999,1.2954999999999928,0.33061120326655424,16535.400000000001,16668.049999999999,37399.199999999997,37523,4740.0699999999997,4762.3699999999999,0.0079901760648038288,0.0039991522211043559,0.0039910238436994729,0,0.01,0.0022106622601552979,0.01,2.2617656663884751,1.7617656663884751,0.017442147478834703,0.02,0.57332389902875036,0.073323899028750361,5,0.050000000000000003,700,0.01,0.45235313327769505,0.047646866722304948,0.089999999999999997,0.51599150912587533,0.015991509125875325
P2_2024,2024-01-10 17:00:00,2024-01-10 21:00:00,SELL,-0.79080956999999996,0.01,3.9943,-0.91450000000000731,-0.22895125553914511,16669.299999999999,16756.650000000001,37576.599999999999,37601.599999999999,4766.1199999999999,4776.5200000000004,-0.0052264901275252042,-0.0014223888125689502,-0.0038041013149562541,0,0.01,0.0022180426116253198,0.01,2.2542398301068434,1.7542398301068434,0.017487285255092192,0.02,0.57184404864031491,0.071844048640314906,5,0.050000000000000003,700,0.01,0.45084796602136862,0.049152033978631382,0.089999999999999997,0.51465964377628326,0.01465964377628326
P2_2024,2024-01-16 17:00:00,2024-01-16 21:00:00,BUY,2.5609994600000001,0.01,3.6882000000000001,-0.084500000000007278,-0.022910905048535133,16772.650000000001,16767.349999999999,37376.800000000003,37266.400000000001,4762.0200000000004,4757.6700000000001,-0.00031604055122942898,-0.001935985031541634,0.0016199444803122051,5.4210108624275222e-20,0.01,0.0022437247169367095,0.01,2.2284373667846165,1.7284373667846165,0.017610856317277122,0.02,0.56783155911558403,0.067831559115584028,9,0.089999999999999997,1300,0.02,0.49520830372991481,0.0047916962700851884,0.16,0.50473916365829685,0.0047391636582968522
P2_2024,2024-01-18 17:00:00,2024-01-18 21:00:00,BUY,2.1320788799999999,0.01,3.552,-0.1545000000000073,-0.043496621621623675,16897.049999999999,16885,37164.5,37266.5,4753.3699999999999,4754.8199999999997,-0.0007133966417701413,0.0015228977101399981,-0.0022362943519101393,1.0842021724855044e-19,0.01,0.0022732782628583728,0.01,2.1994667708268603,1.6994667708268603,0.01777375840719321,0.02,0.56262720415693868,0.062627204156938676,4,0.040000000000000001,550,0.01,0.54986669270671507,0.049866692706715066,0.070000000000000007,0.49229880363732137,0.0077011963626786306
P2_2024,2024-01-19 17:00:00,2024-01-19 21:00:00,BUY,1.35594364,0.01,3.4394,1.7150000000000001,0.49863348258417167,17085.75,17262.25,37534.699999999997,37828.699999999997,4793.5500000000002,4832.9200000000001,0.010277253611272312,0.0079909054642981429,0.0022863481469741695,0,0.01,0.0022759939469344371,0.01,2.1968423979046863,1.6968423979046863,0.017821604030415873,0.02,0.56111672007374569,0.061116720073745689,4,0.040000000000000001,550,0.01,0.54921059947617157,0.049210599476171568,0.070000000000000007,0.49097713006452748,0.0090228699354725217
P2_2024,2024-01-22 17:00:00,2024-01-22 21:00:00,SELL,-1.2771935699999999,0.01,3.4371,0.58549999999999269,0.17034709493468117,17414.25,17354.349999999999,38064.800000000003,37972.599999999999,4868.0699999999997,4856.0699999999997,0.003445641139606818,0.0024466046983280553,0.00099903644127876268,0,0.01,0.0022874479834387677,0.01,2.1858420546391604,1.6858420546391604,0.017886195145098573,0.02,0.55909040010336364,0.059090400103363638,4,0.040000000000000001,550,0.01,0.54646051365979009,0.046460513659790093,0.070000000000000007,0.48920410009044313,0.010795899909556872
P2_2024,2024-01-24 17:00:00,2024-01-24 21:00:00,BUY,1.4971387700000001,0.01,3.6156999999999999,0.38549999999999274,0.10661835882401548,17547.400000000001,17589.900000000001,37970.5,37931.5,4889.2700000000004,4891.5200000000004,0.0024190828962781215,-0.00028377772634277838,0.0027028606226208998,0,0.01,0.0023106622246217459,0.01,2.1638818286469785,1.6638818286469785,0.017944805666285559,0.02,0.55726432405940485,0.057264324059404847,4,0.040000000000000001,550,0.01,0.54097045716174463,0.040970457161744633,0.070000000000000007,0.48760628355197921,0.012393716448020786
P2_2024,2024-01-25 17:00:00,2024-01-25 21:00:00,SELL,-3.19759101,0.01,3.6288999999999998,0.91549999999999276,0.25228030532668105,17543.75,17450.75,37970.699999999997,37840,4889.8199999999997,4875.8199999999997,0.0053151334605372131,0.0031576315286852641,0.0021575019318519489,0,0.01,0.0023101694201055024,0.01,2.1643434271464197,1.6643434271464197,0.017939055016340071,0.02,0.55744296401852511,0.057442964018525111,4,0.040000000000000001,550,0.01,0.54108585678660492,0.041085856786604924,0.070000000000000007,0.48776259351620949,0.012237406483790514
P2_2024,2024-01-26 17:00:00,2024-01-26 21:00:00,SELL,-2.1514397299999999,0.01,3.6680000000000001,0.23549999999999272,0.064203925845145227,17428.349999999999,17402.5,38077.400000000001,38052.099999999999,4893.2700000000004,4886.2700000000004,0.0014843166185177863,0.0010481086889175893,0.00043620792960019704,0,0.01,0.0022885425475478887,0.01,2.1847966101208667,1.6847966101208667,0.017808490028140687,0.02,0.56152992107686628,0.061529921076866279,4,0.040000000000000001,550,0.01,0.54619915253021667,0.046199152530216669,0.070000000000000007,0.49133868094225808,0.008661319057741923
P2_2024,2024-01-29 17:00:00,2024-01-29 21:00:00,SELL,-0.51592400000000005,0.01,3.6774,-0.3445000000000073,-0.093680317615708733,17446.950000000001,17477.549999999999,38143.199999999997,38099.099999999999,4897.9700000000003,4899.6000000000004,-0.0017523519495127214,0.000412051346521236,-0.0021644032960339574,0,0.01,0.0022870328131881965,0.01,2.1862388555019643,1.6862388555019643,0.017810388793724749,0.02,0.56147005637088432,0.061470056370884318,4,0.040000000000000001,550,0.01,0.54655971387549107,0.046559713875491071,0.070000000000000007,0.49128629932452378,0.0087137006754762214
P2_2024,2024-01-31 17:00:00,2024-01-31 21:00:00,SELL,-0.85463557000000001,0.01,3.6739000000000002,-0.19450000000000728,-0.052941016358639938,17258.650000000001,17274.849999999999,38485.400000000001,38457.599999999999,4894.2200000000003,4890.7200000000003,-0.00093821947896061272,0.00071899898828583142,-0.001657218467246444,1.0842021724855044e-19,0.01,0.002242233418387233,0.01,2.2299194896472203,1.7299194896472203,0.017631665515649073,0.02,0.56716139443119828,0.067161394431198285,9,0.089999999999999997,1300,0.02,0.49553766436604901,0.0044623356339509868,0.16,0.50414346171662072,0.0041434617166207222
P2_2024,2024-02-02 17:00:00,2024-02-02 21:00:00,BUY,3.1844821900000002,0.01,3.524,1.3454999999999926,0.38181044267877201,17494.450000000001,17632.049999999999,38371.800000000003,38646.300000000003,4919.3999999999996,4958.2700000000004,0.0078345809477648916,0.0074992712244389918,0.00033530972332589982,0,0.01,0.0022795972563184421,0.01,2.1933698973102898,1.6933698973102898,0.017781081026141402,0.02,0.56239550257367332,0.062395502573673323,4,0.040000000000000001,550,0.01,0.54834247432757244,0.048342474327572438,0.070000000000000007,0.49209606475196421,0.0079039352480357872
P2_2024,2024-02-05 17:00:00,2024-02-05 21:00:00,BUY,0.55663487,0.01,3.5777999999999999,0.0055000000000291031,0.001537257532570044,17599,17602.150000000001,38465.400000000001,38407.800000000003,4947.3999999999996,4947.4200000000001,0.00017897142612731019,-0.00074726471755176343,0.00092623614367907362,0,0.01,0.0022876403209117803,0.01,2.1856582760384113,1.6856582760384113,0.01778610987589441,0.02,0.56223649070969939,0.062236490709699388,4,0.040000000000000001,550,0.01,0.54641456900960284,0.046414569009602835,0.070000000000000007,0.49195692937098695,0.0080430706290130494
P2_2024,2024-02-06 17:00:00,2024-02-06 21:00:00,SELL,-4.0339612300000001,0.01,3.5983000000000001,0.20000000000000001,0.055581802517855654,17560.25,17536.950000000001,38456.199999999997,38497.199999999997,4946.8699999999999,4952.0699999999997,0.0013277414393716956,-0.0010580988433592296,0.0023858402827309252,0,0.01,0.002283149401136878,0.01,2.1899574322689026,1.6899574322689026,0.017748849272368184,0.02,0.56341680784726866,0.063416807847268664,4,0.040000000000000001,550,0.01,0.54748935806722565,0.047489358067225651,0.070000000000000007,0.49298970686636018,0.0070102931336398222
P2_2024,2024-02-08 17:00:00,2024-02-08 21:00:00,BUY,1.25624936,0.01,3.5756999999999999,0.10500000000000001,0.029364879603993626,17759.75,17776.5,38661.699999999997,38653.599999999999,4991.1400000000003,4992.4899999999998,0.00094269942610451297,3.0455548189437304e-05,0.00091224387791507568,0,0.01,0.0022968144184037434,0.01,2.176928166218556,1.676928166218556,0.017791276141322421,0.02,0.56207322738214227,0.062073227382142271,4,0.040000000000000001,550,0.01,0.544232041554639,0.044232041554639001,0.070000000000000007,0.49181407395937449,0.008185926040625513
P2_2024,2024-02-09 17:00:00,2024-02-09 21:00:00,BUY,2.3042580300000002,0.01,3.6103999999999998,0.92200000000000726,0.25537336583204279,17854.900000000001,17953.549999999999,38680.099999999999,38648.400000000001,5006.9399999999996,5019.1400000000003,0.0055098866091617699,0.00080688767973692479,0.0047029989294248451,0,0.01,0.0023080214373799447,0.01,2.1663576945264325,1.6663576945264325,0.017830151749371873,0.02,0.56084772247394266,0.060847722473942656,4,0.040000000000000001,550,0.01,0.54158942363160811,0.041589423631608113,0.070000000000000007,0.49074175716469987,0.0092582428353001345
P2_2024,2024-02-12 17:00:00,2024-02-12 21:00:00,SELL,-0.74987515999999999,0.01,3.5485000000000002,0.185,0.052134704804847116,17957.75,17935.299999999999,38688.599999999999,38861.099999999999,5026.6400000000003,5032.9399999999996,0.0012509387152983709,-0.0028506524199297771,0.004101591135228148,0,0.01,0.0023208063874112792,0.01,2.1544235775640042,1.6544235775640042,0.01786257818343864,0.02,0.55982960003341176,0.059829600033411756,4,0.040000000000000001,550,0.01,0.53860589439100104,0.038605894391001039,0.070000000000000007,0.48985090002923531,0.010149099970764686
P2_2024,2024-02-13 17:00:00,2024-02-13 21:00:00,BUY,4.1669521200000004,0.01,3.4857999999999998,-0.19450000000000728,-0.055797808250618877,17598.549999999999,17580.5,38256.199999999997,38180.900000000001,4948.8900000000003,4946.6899999999996,-0.0010261790232511568,-0.0012074455193451304,0.00018126649609397365,0,0.01,0.0023000912270429372,0.01,2.1738268209596812,1.6738268209596812,0.017780300228940227,0.02,0.56242019939142718,0.062420199391427178,4,0.040000000000000001,550,0.01,0.54345670523992029,0.04345670523992029,0.070000000000000007,0.49211767446749882,0.0078823255325011776
P2_2024,2024-02-14 17:00:00,2024-02-14 21:00:00,BUY,0.76722139,0.01,3.5194999999999999,-0.064500000000007274,-0.018326466827676455,17714.099999999999,17710.700000000001,38324.300000000003,38312.800000000003,4980.3400000000001,4977.2399999999998,-0.00019195591847732821,-0.00046137850340676801,0.0002694225849294398,0,0.01,0.0023110793934918573,0.01,2.1634912301499938,1.6634912301499938,0.017784026793351455,0.02,0.56230234671815116,0.062302346718151158,4,0.040000000000000001,550,0.01,0.54087280753749845,0.040872807537498446,0.070000000000000007,0.49201455337838224,0.0079854466216177644
P2_2024,2024-02-15 17:00:00,2024-02-15 21:00:00,SELL,-6.25791056,0.01,3.5152000000000001,-0.99249999999999994,-0.28234524351388252,17739.75,17833.650000000001,38567.300000000003,38669.900000000001,5004.6400000000003,5021.8400000000001,-0.0052792377498578512,-0.0030438353787437407,-0.0022354023711141104,0,0.01,0.0022998433906444059,0.01,2.1740610775236409,1.6740610775236409,0.017723302775024777,0.02,0.56422892092616872,0.06422892092616872,4,0.040000000000000001,550,0.01,0.54351526938091022,0.043515269380910215,0.070000000000000007,0.49370030581039759,0.0062996941896024117
P2_2024,2024-02-20 17:00:00,2024-02-20 21:00:00,SELL,-5.5515846900000003,0.01,3.3734000000000002,0.27599999999998542,0.08181656489001761,17498.25,17467.900000000001,38603.400000000001,38559,4975.4399999999996,4967.54,0.0017359650760424554,0.0013699404281837186,0.00036602464785873688,0,0.01,0.0022664130620618909,0.01,2.2061291843470063,1.7061291843470063,0.017584625681346777,0.02,0.56867858214392863,0.068678582143928635,9,0.089999999999999997,1300,0.02,0.49025092985489033,0.0097490701451096728,0.16,0.50549207301682542,0.0054920730168254162
P2_2024,2024-02-21 17:00:00,2024-02-21 21:00:00,SELL,-0.82966516999999995,0.01,3.4236,0.18599999999998545,0.05432877672624882,17409.200000000001,17388.25,38443.099999999999,38491.699999999997,4961.3900000000003,4962.1400000000003,0.0012041113662786863,-0.0007072817570646598,0.0019113931233433461,0,0.01,0.002264281496549446,0.01,2.2082060060198052,1.7082060060198052,0.017544680019107549,0.02,0.5699733474254991,0.069973347425499099,9,0.089999999999999997,1300,0.02,0.49071244578217904,0.0092875542178209591,0.16,0.50664297548933257,0.0066429754893325699
P2_2024,2024-02-22 17:00:00,2024-02-22 21:00:00,SELL,-0.80412216000000003,0.01,3.431,-1.2945000000000073,-0.37729524919848656,17861.950000000001,17988.450000000001,38954.400000000001,39020.699999999997,5057.4399999999996,5079.9399999999996,-0.0070571332541648985,-0.0030697836760000844,-0.003987349578164814,0,0.01,0.00229267425502639,0.01,2.1808593126730282,1.6808593126730282,0.017659082460691578,0.02,0.5662808371986261,0.066280837198626097,4,0.040000000000000001,550,0.01,0.54521482816825706,0.04521482816825706,0.070000000000000007,0.49549573254879781,0.004504267451202193
P2_2024,2024-02-26 17:00:00,2024-02-26 21:00:00,SELL,-1.7953160699999999,0.01,3.4996999999999998,-0.31,-0.08857902105894791,17934.549999999999,17961.950000000001,39217.199999999997,39074.900000000001,5090.3900000000003,5077.04,-0.0015266115259932667,0.0031305713996098231,-0.00465718292560309,2.1684043449710089e-19,0.01,0.0022865668635190682,0.01,2.1866843606335258,1.6866843606335258,0.017616086390237286,0.02,0.56766297453797288,0.067662974537972875,4,0.040000000000000001,550,0.01,0.54667109015838145,0.046671090158381445,0.070000000000000007,0.49670510272072627,0.0032948972792737341
P2_2024,2024-02-28 17:00:00,2024-02-28 21:00:00,SELL,-0.98049039000000004,0.01,3.5413000000000001,-0.54450000000000731,-0.15375709485217498,17848.099999999999,17899.200000000001,38777.699999999997,38913.400000000001,5061.1899999999996,5074.6400000000003,-0.0028589591273250402,-0.0030736390587743911,0.00021467993144935098,0,0.01,0.0023013355614180317,0.01,2.1726514306844988,1.6726514306844988,0.017632315720215997,0.02,0.56714047993904115,0.067140479939041153,4,0.040000000000000001,550,0.01,0.54316285767112471,0.04316285767112471,0.070000000000000007,0.49624791994666101,0.0037520800533389909
P2_2024,2024-02-29 17:00:00,2024-02-29 21:00:00,BUY,2.1536339400000002,0.01,3.5194999999999999,-0.19450000000000728,-0.055263531751671341,18005.299999999999,17988.950000000001,38980.400000000001,38900.900000000001,5090.3400000000001,5083.54,-0.0009084785000112003,-0.0016891628866395132,0.00078068438662831294,0,0.01,0.0023095324829914519,0.01,2.1649403231270794,1.6649403231270794,0.017685753800335536,0.02,0.56542684653963005,0.065426846539630046,4,0.040000000000000001,550,0.01,0.54123508078176985,0.041235080781769851,0.070000000000000007,0.49474849072217636,0.0052515092778236405
P2_2024,2024-03-01 17:00:00,2024-03-01 21:00:00,BUY,3.44999177,0.01,3.5419999999999998,1.895,0.53500846979107852,18104.5,18298.75,38883.699999999997,39069.800000000003,5097.04,5132.8900000000003,0.010672225347702544,0.0058917623340828743,0.00478046301361967,0,0.01,0.0023280320545627092,0.01,2.1477367505316356,1.6477367505316356,0.017759817462684225,0.02,0.56306885028584042,0.063068850285840417,4,0.040000000000000001,550,0.01,0.5369341876329089,0.036934187632908899,0.070000000000000007,0.49268524400011049,0.0073147559998895106
P2_2024,2024-03-04 17:00:00,2024-03-04 21:00:00,SELL,-4.45945532,0.01,3.6177999999999999,-0.074500000000007269,-0.020592625352426133,18255.25,18259.650000000001,39005.400000000001,38982.300000000003,5131.54,5133.8900000000003,-0.00024099751177182404,6.7276880572412389e-05,-0.0003082743923442364,2.7105054312137611e-20,0.01,0.0023400926538376739,0.01,2.1366675339970693,1.6366675339970693,0.017787301667725477,0.02,0.56219881951767303,0.062198819517673032,4,0.040000000000000001,550,0.01,0.53416688349926733,0.034166883499267331,0.070000000000000007,0.49192396707796388,0.0080760329220361249
P2_2024,2024-03-05 17:00:00,2024-03-05 21:00:00,SELL,-3.77045867,0.01,3.6032000000000002,1.6799999999999999,0.4662522202486678,18003.700000000001,17843.549999999999,38787.099999999999,38606.5,5103.6400000000003,5073.8900000000003,0.0089351939409074883,0.0052566449450795862,0.0036785489958279021,0,0.01,0.0023208360511613401,0.01,2.1543960408138325,1.6543960408138325,0.017638097514714988,0.02,0.56695457044940767,0.066954570449407669,4,0.040000000000000001,550,0.01,0.53859901020345813,0.038599010203458128,0.070000000000000007,0.49608524914323171,0.0039147508567682898
P2_2024,2024-03-06 17:00:00,2024-03-06 21:00:00,SELL,-1.8465043800000001,0.01,3.5983000000000001,-0.30450000000000726,-0.084623294333437252,18015.5,18043.150000000001,38723.800000000003,38681,5105.3400000000001,5107.7399999999998,-0.0015336129011668583,0.00031794456359701369,-0.0018515574647638721,0,0.01,0.0023261534250254364,0.01,2.1494712886125837,1.6494712886125837,0.017643780825566956,0.02,0.56677194637950656,0.066771946379506564,4,0.040000000000000001,550,0.01,0.53736782215314594,0.037367822153145935,0.070000000000000007,0.49592545308206826,0.0040745469179317428
P2_2024,2024-03-08 17:00:00,2024-03-08 21:00:00,SELL,-1.2800831500000001,0.01,3.6356999999999999,3.3954999999999931,0.93393294276205219,18362.450000000001,18020.5,38938.5,38726.900000000001,5182.8900000000003,5122.3900000000003,0.01879781981242433,0.0085953590656260483,0.010202460746798281,0,0.01,0.0023578784493496156,0.01,2.1205503622882564,1.6205503622882564,0.017714489406489429,0.02,0.56450963787512021,0.064509637875120207,4,0.040000000000000001,550,0.01,0.53013759057206411,0.03013759057206411,0.070000000000000007,0.49394593314073015,0.0060540668592698466
P2_2024,2024-03-11 17:00:00,2024-03-11 21:00:00,SELL,-2.0860979199999998,0.01,3.7715000000000001,-0.77450000000000729,-0.20535595916744195,17869.700000000001,17944.849999999999,38598.599999999999,38741.099999999999,5097.5900000000001,5113.79,-0.0041966245725814444,-0.0034289894361008697,-0.00076763513648057469,0,0.01,0.0023148119361842139,0.01,2.1600026861111266,1.6600026861111266,0.0175275963739728,0.02,0.57052888408870883,0.070528884088708832,4,0.040000000000000001,550,0.01,0.54000067152778164,0.040000671527781639,0.070000000000000007,0.49921277357762028,0.00078722642237971652
P2_2024,2024-03-12 17:00:00,2024-03-12 21:00:00,SELL,-1.13239932,0.01,3.7936999999999999,-1.1500000000000001,-0.3031341434483486,18024.75,18134.200000000001,38867.699999999997,39000.300000000003,5139.29,5162.2399999999998,-0.0060538447200233067,-0.003930711542254826,-0.0021231331777684806,0,0.01,0.0023187312344182961,0.01,2.1563516831024008,1.6563516831024008,0.017536225821076452,0.02,0.57024813104203942,0.070248131042039419,4,0.040000000000000001,550,0.01,0.53908792077560019,0.039087920775600193,0.070000000000000007,0.49896711466178456,0.001032885338215439
P2_2024,2024-03-13 17:00:00,2024-03-13 21:00:00,SELL,-3.4443842199999999,0.01,3.7477,-0.52500000000000002,-0.14008591936387652,18074,18122.200000000001,39084.199999999997,39150.900000000001,5165.8900000000003,5176.3900000000003,-0.0026632645686634625,-0.0018678090839668962,-0.00079545548469656634,0,0.01,0.0023121875335813452,0.01,2.1624543543211239,1.6624543543211239,0.017493597424645124,0.02,0.57163771162996568,0.071637711629965684,4,0.040000000000000001,550,0.01,0.54061358858028097,0.040613588580280968,0.070000000000000007,0.5001829976762201,0.00018299767622009799
P2_2024,2024-03-15 17:00:00,2024-03-15 21:00:00,SELL,-2.03916151,0.01,3.7482000000000002,0.075499999999992726,0.020143001974279047,17842.599999999999,17829.75,38756.699999999997,38721,5115.3400000000001,5117.8900000000003,0.00072044597879342284,0.00021158958983839691,0.00050885638895502598,1.0842021724855044e-19,0.01,0.0023018729664806342,0.01,2.1721441942317825,1.6721441942317825,0.017440287449123616,0.02,0.57338504478046926,0.073385044780469255,4,0.040000000000000001,550,0.01,0.54303604855794563,0.043036048557945628,0.070000000000000007,0.50171191418291072,0.0017119141829107232
P2_2024,2024-03-20 17:00:00,2024-03-20 21:00:00,SELL,-2.42194675,0.01,3.6728999999999998,-0.16450000000000728,-0.044787497617688278,18009.75,18023.549999999999,39063.699999999997,39094.099999999999,5173.7399999999998,5173.3400000000001,-0.00076595819282140832,-0.00035029847053730977,-0.00041565972228409855,0,0.01,0.0023051771849568782,0.01,2.169030663945918,1.669030663945918,0.017404962367648935,0.02,0.57454878607420978,0.074548786074209783,4,0.040000000000000001,550,0.01,0.54225766598647951,0.042257665986479509,0.070000000000000007,0.50273018781493362,0.0027301878149336156
P2_2024,2024-03-21 17:00:00,2024-03-21 21:00:00,SELL,-2.6522692999999999,0.01,3.7953000000000001,0.20099999999998544,0.05296024029720587,18396,18365.5,39781.400000000001,39824.599999999999,5251.29,5246.1899999999996,0.0016593450755975857,-5.6841792785253915e-05,0.0017161868683828396,0,0.01,0.0023121358222686983,0.01,2.1625027179821701,1.6625027179821701,0.017515696143233377,0.02,0.57091650358773649,0.07091650358773649,4,0.040000000000000001,550,0.01,0.54062567949554252,0.040625679495542522,0.070000000000000007,0.49955194063926939,0.0004480593607306127
P2_2024,2024-03-22 17:00:00,2024-03-22 21:00:00,BUY,0.76300842999999996,0.01,3.8123999999999998,0.84750000000000003,0.22230091281082784,18283.5,18373.25,39725.5,39593.599999999999,5235.6899999999996,5243.29,0.0048967886863631694,-0.00093764336395065514,0.0058344320503138248,0,0.01,0.0023012296887389714,0.01,2.1727513878633737,1.6727513878633737,0.017460449339055599,0.02,0.57272294691935344,0.072722946919353437,4,0.040000000000000001,550,0.01,0.54318784696584343,0.043187846965843435,0.070000000000000007,0.50113257855443438,0.0011325785544343825
P2_2024,2024-03-26 17:00:00,2024-03-26 21:00:00,BUY,1.5525098900000001,0.01,3.7602000000000002,-0.60450000000000725,-0.16076272538694941,18358.700000000001,18303.150000000001,39323.800000000003,39377.300000000003,5231.2399999999998,5225.4399999999996,-0.0030304004032061646,0.00012511788298970978,-0.0031555182861958742,0,0.01,0.0023342988215787897,0.01,2.1419708367150179,1.6419708367150179,0.017547178106911556,0.02,0.56989220369634008,0.069892203696340083,4,0.040000000000000001,550,0.01,0.53549270917875447,0.035492709178754467,0.070000000000000007,0.49865567823429757,0.0013443217657024276
P2_2024,2024-03-27 17:00:00,2024-03-27 21:00:00,SELL,-6.7639079600000001,0.01,3.7395,0.19549999999999271,0.052279716539642383,18216.25,18194.5,39587.800000000003,39525.599999999999,5224.79,5218.3900000000003,0.0011947022561747012,0.001399053596815233,-0.00020435134064053181,0,0.01,0.0023007403796119004,0.01,2.1732134769779732,1.6732134769779732,0.017432518818938179,0.02,0.57364056817402043,0.073640568174020427,4,0.040000000000000001,550,0.01,0.54330336924449329,0.043303369244493295,0.070000000000000007,0.50193549715226793,0.0019354971522679287
P2_2024,2024-03-28 17:00:00,2024-03-28 21:00:00,BUY,1.0274182599999999,0.01,3.7612000000000001,-0.49450000000000727,-0.13147399766032311,18284,18237.650000000001,39771.699999999997,39777.400000000001,5251.4399999999996,5250.0900000000001,-0.002538221842902629,-5.6898838129291213e-05,-0.0024813230047733377,0,0.01,0.0022986193700545868,0.01,2.1752187705097352,1.6752187705097352,0.017408558414453941,0.02,0.57443010282213947,0.074430102822139466,4,0.040000000000000001,550,0.01,0.54380469262743381,0.043804692627433806,0.070000000000000007,0.50262633996937212,0.0026263399693721157
P2_2024,2024-04-01 17:00:00,2024-04-01 21:00:00,BUY,5.6035915699999999,0.01,3.6808000000000001,-1.1549999999999998,-0.31379048033036289,18351,18239.700000000001,39651.199999999997,39507.099999999999,5254.8900000000003,5233.8900000000003,-0.0060835317860326059,-0.0038225470292519645,-0.0022609847567806414,0,0.01,0.0023140535469292228,0.01,2.1607105879788571,1.6607105879788571,0.017460879295284962,0.02,0.5727088442046756,0.072708844204675604,4,0.040000000000000001,550,0.01,0.54017764699471427,0.040177646994714267,0.070000000000000007,0.50112023867909117,0.0011202386790911678
P2_2024,2024-04-02 17:00:00,2024-04-02 21:00:00,SELL,-1.3498802999999999,0.01,3.6545000000000001,-0.2845000000000073,-0.077849226980437072,18032.049999999999,18057.5,39085.900000000001,39064.099999999999,5192.4899999999998,5194.6899999999996,-0.0014103808010189009,6.715119462430755e-05,-0.0014775319956432083,2.1684043449710089e-19,0.01,0.0023067205821024972,0.01,2.1675793933579377,1.6675793933579377,0.017363586641476442,0.02,0.57591787955335083,0.075917879553350831,4,0.040000000000000001,550,0.01,0.54189484833948443,0.041894848339484425,0.070000000000000007,0.503928144609182,0.0039281446091820049
P2_2024,2024-04-03 17:00:00,2024-04-03 21:00:00,SELL,-0.81647888000000002,0.01,3.6431,-1.4284999999999854,-0.39211111416101274,18055.549999999999,18200.650000000001,39171.800000000003,39221.5,5204.3900000000003,5223.4899999999998,-0.0080041909895064694,-0.0024656131730872765,-0.0055385778164191929,0,0.01,0.0023046617719890325,0.01,2.1695157444663833,1.6695157444663833,0.017346461352819444,0.02,0.57648645430352452,0.07648645430352452,4,0.040000000000000001,550,0.01,0.54237893611659582,0.042378936116595822,0.070000000000000007,0.50442564751558394,0.0044256475155839414
P2_2024,2024-04-05 17:00:00,2024-04-05 21:00:00,BUY,1.2352076999999999,0.01,3.6638000000000002,0.78549999999999276,0.21439489055079228,18006.5,18089.200000000001,38689.699999999997,38871.5,5174.79,5194.29,0.0045822712791674831,0.0042245531346853061,0.00035771814448217702,0,0.01,0.0023270405301669436,0.01,2.1486518757115487,1.6486518757115487,0.017398290558650688,0.02,0.5747691111543054,0.074769111154305401,4,0.040000000000000001,550,0.01,0.53716296892788717,0.037162968927887174,0.070000000000000007,0.50292297226001725,0.0029229722600172536
P2_2024,2024-04-08 17:00:00,2024-04-08 21:00:00,SELL,-1.4946931999999999,0.01,3.8378000000000001,-0.097999999999992732,-0.025535463025689906,18099.900000000001,18105.5,38920.800000000003,38951,5205.1400000000003,5210.3900000000003,-0.00030934612210638105,-0.0008918719636705801,0.00058252584156419905,0,0.01,0.0023252219892705185,0.01,2.1503323222780235,1.6503323222780235,0.017386564050150429,0.02,0.57515676882192712,0.075156768821927122,4,0.040000000000000001,550,0.01,0.53758308056950588,0.037583080569505878,0.070000000000000007,0.50326217271918627,0.0032621727191862737
P2_2024,2024-04-09 17:00:00,2024-04-09 21:00:00,BUY,1.3731267899999999,0.01,3.8338999999999999,-0.90000000000000002,-0.23474790683116412,18144.75,18059.400000000001,38825.699999999997,38721.699999999997,5205.4399999999996,5183.04,-0.0047149378242746631,-0.0034973539845532388,-0.0012175838397214243,0,0.01,0.0023366932212426305,0.01,2.1397759682552806,1.6397759682552806,0.017428641959181163,0.02,0.57376816985629453,0.07376816985629453,4,0.040000000000000001,550,0.01,0.53494399206382015,0.034943992063820151,0.070000000000000007,0.50204714862425781,0.0020471486242578107
P2_2024,2024-04-10 17:00:00,2024-04-10 21:00:00,BUY,3.88432756,0.01,3.7494000000000001,-0.17450000000000729,-0.046540779858112571,17983.099999999999,17967.25,38390.099999999999,38382.699999999997,5154.9399999999996,5152.54,-0.00088177172277734551,-0.00032922892541450022,-0.00055254279736284529,0,0.01,0.0023421533155683367,0.01,2.1347876617490869,1.6347876617490869,0.017442589050503013,0.02,0.5733093849225106,0.073309384922510601,4,0.040000000000000001,550,0.01,0.53369691543727171,0.033696915437271713,0.070000000000000007,0.50164571180719675,0.001645711807196748
P2_2024,2024-04-11 17:00:00,2024-04-11 21:00:00,BUY,2.5253223600000001,0.01,3.7004999999999999,1.7255000000000291,0.46628833941360065,18075.049999999999,18250.400000000001,38383.699999999997,38485.300000000003,5160.54,5195.3900000000003,0.0096544633037968924,0.0046869643140328293,0.0049674989897640631,0,0.01,0.0023545215807751728,0.01,2.1235736553979105,1.6235736553979105,0.017512750603618999,0.02,0.57101252831942384,0.07101252831942384,4,0.040000000000000001,550,0.01,0.53089341384947764,0.030893413849477636,0.070000000000000007,0.49963596227949586,0.00036403772050414007
P2_2024,2024-04-12 17:00:00,2024-04-12 21:00:00,SELL,-0.86046979000000001,0.01,3.7290000000000001,1.7254999999999927,0.46272459104317315,18149.549999999999,17974.700000000001,38243.099999999999,37933,5167.9899999999998,5118.8900000000003,0.0096805533942451848,0.0088439595125505317,0.00083659388169465311,0,0.01,0.002372918251919954,0.01,2.1071100936386853,1.6071100936386853,0.017559583126128341,0.02,0.56948960167056484,0.069489601670564838,4,0.040000000000000001,550,0.01,0.52677752340967132,0.026777523409671322,0.070000000000000007,0.49830340146174423,0.0016965985382557669
P2_2024,2024-04-15 17:00:00,2024-04-15 21:00:00,SELL,-2.5975394999999999,0.01,3.7206000000000001,3.815499999999993,1.025506638714184,18129.25,17744.799999999999,38319.5,37821.300000000003,5165.8400000000001,5079.1400000000003,0.021434140758131388,0.015006117774574749,0.0064280229835566392,0,0.01,0.0023655384334346739,0.01,2.1136836879628227,1.6136836879628227,0.017547243042757808,0.02,0.56989009473640662,0.069890094736406616,4,0.040000000000000001,550,0.01,0.52842092199070567,0.028420921990705672,0.070000000000000007,0.49865383289435589,0.0013461671056441138
P2_2024,2024-04-16 17:00:00,2024-04-16 21:00:00,BUY,2.76300788,0.01,3.8087,-0.17450000000000729,-0.045816157744114079,17731.150000000001,17717.099999999999,37861,37804,5059.9899999999998,5053.79,-0.00079270490000107462,-0.0013663457785467556,0.00057364087854568102,0,0.01,0.002341611420723172,0.01,2.1352816935167769,1.6352816935167769,0.017520933835837624,0.02,0.57074583430854731,0.070745834308547306,4,0.040000000000000001,550,0.01,0.53382042337919422,0.03382042337919422,0.070000000000000007,0.49940260501997891,0.00059739498002109315
P2_2024,2024-04-17 17:00:00,2024-04-17 21:00:00,SELL,-3.6615214599999999,0.01,3.7927,1.4750000000000001,0.3889050017138187,17727.450000000001,17577.799999999999,37956.400000000001,37832.800000000003,5067.6400000000003,5037.9399999999996,0.0084775434963385628,0.0045698194811994511,0.0039077240151391118,0,0.01,0.0023352385895395772,0.01,2.1411088453218032,1.6411088453218032,0.017490833997679395,0.02,0.5717280263094805,0.071728026309480497,4,0.040000000000000001,550,0.01,0.53527721133045081,0.035277211330450808,0.070000000000000007,0.50026202302079548,0.00026202302079547657
P2_2024,2024-04-18 17:00:00,2024-04-18 21:00:00,SELL,-4.8222799600000004,0.01,3.786,0.45749999999999996,0.12083993660855784,17446.299999999999,17396.849999999999,37934.699999999997,37719.300000000003,5023.8900000000003,5008.2399999999998,0.0028384364330092324,0.0044071693726965983,-0.0015687329396873659,0,0.01,0.0022995173284618043,0.01,2.1743693505213137,1.6743693505213137,0.017363337971173731,0.02,0.57592612760298745,0.075926127602987448,4,0.040000000000000001,550,0.01,0.54359233763032844,0.043592337630328437,0.070000000000000007,0.5039353616526141,0.0039353616526141
P2_2024,2024-04-19 17:00:00,2024-04-19 21:00:00,SELL,-5.6502781300000002,0.01,3.8256999999999999,1.6354999999999926,0.42750346341845746,17299.049999999999,17132.299999999999,37932.699999999997,38037.400000000001,5009.2399999999998,4985.5900000000001,0.0096860160109810359,0.00098805309957293824,0.0086979629114080984,0,0.01,0.0022802291953907842,0.01,2.1927620302849,1.6927620302849,0.017267140324679991,0.02,0.57913469236749993,0.079134692367499926,4,0.040000000000000001,550,0.01,0.54819050757122501,0.048190507571225005,0.070000000000000007,0.50674285582156253,0.0067428558215625323
P2_2024,2024-04-22 17:00:00,2024-04-22 21:00:00,BUY,0.87275888999999995,0.01,3.9693999999999998,1.0775000000000001,0.27145160477654057,17136.849999999999,17249.549999999999,38058.800000000003,38403.199999999997,4989.54,5028.79,0.006554940530777072,0.0084220673081385755,-0.0018671267773615035,0,0.01,0.0022513649931159151,0.01,2.2208748982455937,1.7208748982455937,0.01717277544623352,0.02,0.58231705360086605,0.082317053600866052,9,0.089999999999999997,1300,0.02,0.49352775516568753,0.0064722448343124683,0.14999999999999999,0.48526421133405495,0.014735788665945049
P2_2024,2024-04-23 17:00:00,2024-04-23 21:00:00,BUY,1.6232717999999999,0.01,3.9681999999999999,1.3254999999999928,0.33403054281538047,17354.799999999999,17489.900000000001,38405.300000000003,38534.900000000001,5045.1400000000003,5074.3900000000003,0.0077544462703988386,0.0045748851355339529,0.0031795611348648858,0,0.01,0.0022594277352344597,0.01,2.2129497314863902,1.7129497314863902,0.017199522708983297,0.02,0.58141148270219201,0.081411482702192006,9,0.089999999999999997,1300,0.02,0.49176660699697566,0.0082333930030243363,0.14999999999999999,0.48450956891849334,0.015490431081506661
P2_2024,2024-04-24 17:00:00,2024-04-24 21:00:00,BUY,0.85020874999999996,0.01,4.0848000000000004,-0.40000000000000002,-0.09792401096748922,17586.599999999999,17551.200000000001,38462.699999999997,38531.699999999997,5076.3400000000001,5078.29,-0.0020149247805364041,0.0010881999446698087,-0.0031031247252062129,0,0.01,0.0022861889570934958,0.01,2.1870458189758111,1.6870458189758111,0.017322125783536955,0.02,0.57729635063059381,0.077296350630593813,4,0.040000000000000001,550,0.01,0.54676145474395277,0.046761454743952768,0.070000000000000007,0.50513430680176963,0.0051343068017696281
P2_2024,2024-04-25 17:00:00,2024-04-25 21:00:00,BUY,2.6078929099999999,0.01,3.9973000000000001,2.0649999999999999,0.51659870412528452,17211.5,17423.299999999999,37763.199999999997,38104,4991.9899999999998,5045.7399999999998,0.01223062585753653,0.009846937559737784,0.0023836882977987459,0,0.01,0.0022788720235573262,0.01,2.1940679197048483,1.6940679197048483,0.017239117065538996,0.02,0.58007611190192598,0.080076111901925984,4,0.040000000000000001,550,0.01,0.54851697992621207,0.048516979926212067,0.070000000000000007,0.50756659791418524,0.0075665979141852358
P2_2024,2024-04-26 17:00:00,2024-04-26 21:00:00,BUY,1.0732698000000001,0.01,4.0823,0.85549999999999271,0.20956323641084504,17649.599999999999,17741.200000000001,38209.900000000001,38306.699999999997,5091.9399999999996,5107.1899999999996,0.0051764981036723024,0.0027603123243088784,0.002416185779363424,0,0.01,0.002309558517556968,0.01,2.1649159187743638,1.6649159187743638,0.017330919060318858,0.02,0.57700344483727684,0.077003444837276835,4,0.040000000000000001,550,0.01,0.54122897969359096,0.041228979693590961,0.070000000000000007,0.50487801423261724,0.0048780142326172449
P2_2024,2024-04-29 17:00:00,2024-04-29 21:00:00,SELL,-1.9184236699999999,0.01,4.1467000000000001,-0.51449999999997087,-0.12407456531699203,17737,17786.5,38299.5,38393,5114.5200000000004,5120.7700000000004,-0.0027868893570650094,-0.0018297875248463194,-0.00095710183221868993,0,0.01,0.0023155654773561012,0.01,2.1592997688447877,1.6592997688447877,0.017339848118689535,0.02,0.57670632012177936,0.076706320121779359,4,0.040000000000000001,550,0.01,0.53982494221119692,0.039824942211196923,0.070000000000000007,0.50461803010655704,0.0046180301065570362
P2_2024,2024-04-30 17:00:00,2024-04-30 21:00:00,BUY,1.79504744,0.01,4.0702999999999996,-1.4440000000000144,-0.35476500503648739,17739.799999999999,17597.900000000001,38148.800000000003,38039.199999999997,5109.75,5078.4200000000001,-0.0080311261174154346,-0.0045136926197308583,-0.0035174334976845762,0,0.01,0.0023250796879587298,0.01,2.1504639285674023,1.6504639285674023,0.017358774891139489,0.02,0.57607752060338902,0.076077520603389015,4,0.040000000000000001,550,0.01,0.53761598214185058,0.037615982141850579,0.070000000000000007,0.50406783052796544,0.0040678305279654436
P2_2024,2024-05-01 17:00:00,2024-05-01 21:00:00,SELL,-1.5308080100000001,0.01,3.9268999999999998,0.065499999999992731,0.016679823779569822,17346.5,17339.200000000001,37831.400000000001,37938.199999999997,5025.3000000000002,5026.5500000000002,0.00042092274959312326,-0.0015338924307229775,0.001954815180316101,2.1684043449710089e-19,0.01,0.0022926061419878724,0.01,2.1809241057273803,1.6809241057273803,0.017259168606849343,0.02,0.57940218487879402,0.079402184878794024,4,0.040000000000000001,550,0.01,0.54523102643184507,0.045231026431845067,0.070000000000000007,0.50697691176894488,0.0069769117689448823
P2_2024,2024-05-02 17:00:00,2024-05-02 21:00:00,SELL,-1.14744191,0.01,3.9295,-0.98400000000001453,-0.25041353861814852,17370.5,17466.549999999999,38006.400000000001,38147.599999999999,5035.3999999999996,5053.8699999999999,-0.0055142581465948198,-0.0036847995567307343,-0.0018294585898640855,0,0.01,0.0022852072282562937,0.01,2.1879853775078439,1.6879853775078439,0.017248381459268384,0.02,0.57976454333496441,0.079764543334964411,4,0.040000000000000001,550,0.01,0.54699634437696099,0.046996344376960986,0.070000000000000007,0.50729397541809385,0.0072939754180938454
P2_2024,2024-05-03 17:00:00,2024-05-03 21:00:00,BUY,2.6238127000000002,0.01,3.8902000000000001,-0.375,-0.096396072181378842,17892,17860.25,38772.699999999997,38688,5131.5,5128.8699999999999,-0.0017761124598580861,-0.0013497841950223296,-0.00042632826483575653,0,0.01,0.0023072935338524273,0.01,2.1670411357031072,1.6670411357031072,0.017433498976907338,0.02,0.57360831656606293,0.073608316566062926,4,0.040000000000000001,550,0.01,0.5417602839257768,0.041760283925776798,0.070000000000000007,0.50190727699530513,0.0019072769953051294
P2_2024,2024-05-06 17:00:00,2024-05-06 21:00:00,BUY,2.3887563599999999,0.01,3.8584999999999998,0.13750000000000001,0.035635609692885838,17997,18016.400000000001,38781.400000000001,38790.5,5159.5699999999997,5166.5699999999997,0.0010773768584211518,0.00079520187994743538,0.00028217497847371638,0,0.01,0.0023203133460885888,0.01,2.1548813691170752,1.6548813691170752,0.017440406855610061,0.02,0.57338111907540146,0.073381119075401458,4,0.040000000000000001,550,0.01,0.53872034227926879,0.038720342279268793,0.070000000000000007,0.50170847919097639,0.0017084791909763863
P2_2024,2024-05-08 17:00:00,2024-05-08 21:00:00,BUY,1.97665516,0.01,3.8727,0.10549999999999272,0.027241975882457387,18061.349999999999,18074.25,38880.199999999997,38992.900000000001,5182.4700000000003,5187.7700000000004,0.00071397738230436023,0.0019583052292078658,-0.0012443278469035056,0,0.01,0.0023226925273018141,0.01,2.1526740802874644,1.6526740802874644,0.017425426485826255,0.02,0.57387404596001967,0.073874045960019674,4,0.040000000000000001,550,0.01,0.53816852007186611,0.038168520071866108,0.070000000000000007,0.5021397902150172,0.002139790215017201
P2_2024,2024-05-09 17:00:00,2024-05-09 21:00:00,SELL,-4.3798261399999996,0.01,3.9144000000000001,-0.53000000000000003,-0.13539750664214184,18054.400000000001,18103.349999999999,39102.099999999999,39287.900000000001,5190.3199999999997,5206.7700000000004,-0.0027075816335007624,-0.0039523795128844057,0.0012447978793836433,0,0.01,0.0023086228105395875,0.01,2.1657933800070897,1.6657933800070897,0.017392376577937393,0.02,0.57496455157745474,0.074964551577454741,4,0.040000000000000001,550,0.01,0.54144834500177241,0.041448345001772413,0.070000000000000007,0.50309398263027294,0.0030939826302729401
P2_2024,2024-05-10 17:00:00,2024-05-10 21:00:00,BUY,2.47495391,0.01,3.9253,-0.73749999999999993,-0.18788372863220643,18223.25,18152.650000000001,39546.599999999999,39480.599999999999,5239.0200000000004,5222.0200000000004,-0.0038816957737110051,-0.0024602345456423928,-0.0014214612280686123,0,0.01,0.0023040223432608622,0.01,2.1701178439630691,1.6701178439630691,0.01739185000248138,0.02,0.57498195985897138,0.074981959858971381,4,0.040000000000000001,550,0.01,0.54252946099076726,0.042529460990767265,0.070000000000000007,0.50310921487659999,0.0031092148765999861
P2_2024,2024-05-13 17:00:00,2024-05-13 21:00:00,SELL,-2.300799,0.01,3.8957999999999999,-0.004500000000007276,-0.0011550900970294358,18182.650000000001,18180.75,39622.599999999999,39434.099999999999,5232.3199999999997,5222.2700000000004,0.00010450067934954678,0.0033456697060604383,-0.0032411690267108917,1.2197274440461925e-19,0.01,0.0022944796656453642,0.01,2.1791433041938331,1.6791433041938331,0.017375322992477526,0.02,0.57552886955421789,0.075528869554217892,4,0.040000000000000001,550,0.01,0.54478582604845827,0.044785826048458266,0.070000000000000007,0.50358776085994061,0.0035877608599406141
P2_2024,2024-05-14 17:00:00,2024-05-14 21:00:00,BUY,1.0204888400000001,0.01,3.9304999999999999,0.36249999999999999,0.092227451978119837,18189.75,18230.150000000001,39493.199999999997,39406.300000000003,5227.7700000000004,5227.7700000000004,0.0022185682317022006,-0.0011014015949281323,0.0033199698266303326,0,0.01,0.0023028964479961112,0.01,2.1711788232383618,1.6711788232383618,0.01739723629769481,0.02,0.57480394178039829,0.074803941780398286,4,0.040000000000000001,550,0.01,0.54279470580959044,0.042794705809590439,0.070000000000000007,0.50295344905784856,0.0029534490578485562
P2_2024,2024-05-17 17:00:00,2024-05-17 21:00:00,SELL,-2.9874952499999998,0.01,3.8799000000000001,0.20549999999999272,0.052965282610374677,18538.299999999999,18515.349999999999,39904.599999999999,39924.699999999997,5299.25,5299.25,0.0012387445196200041,-0.00025178725636778031,0.0014905317759877845,0,0.01,0.0023228274434526348,0.01,2.1525490471078794,1.6525490471078794,0.017491437467566165,0.02,0.57170830119266591,0.071708301192665913,4,0.040000000000000001,550,0.01,0.53813726177696986,0.038137261776969855,0.070000000000000007,0.50024476354358283,0.00024476354358282659
P2_2024,2024-05-20 17:00:00,2024-05-20 21:00:00,BUY,6.3506108599999997,0.01,3.8881999999999999,-0.084500000000007278,-0.021732421171752298,18657.099999999999,18652.849999999999,39992.199999999997,39871,5325.6000000000004,5316.2200000000003,-0.00022782126582222134,-0.0023990246576809818,0.0021712033918587603,1.0842021724855044e-19,0.01,0.0023325923555093243,0.01,2.1435378488618273,1.6435378488618273,0.017516430073606728,0.02,0.57089258244850494,0.070892582448504937,4,0.040000000000000001,550,0.01,0.53588446221545682,0.035884462215456825,0.070000000000000007,0.49953100964244185,0.00046899035755815222
P2_2024,2024-05-21 17:00:00,2024-05-21 21:00:00,SELL,-0.74959376,0.01,3.8847999999999998,-0.745,-0.19177306425041188,18617.950000000001,18687.549999999999,39827.400000000001,39843,5309.0200000000004,5321.5200000000004,-0.0037313576150193998,-0.0013716647504443526,-0.002359692864575047,4.3368086899420177e-19,0.01,0.002337329326041871,0.01,2.1391936276550316,1.6391936276550316,0.017534262443916204,0.02,0.57031198386503346,0.070311983865033456,4,0.040000000000000001,550,0.01,0.53479840691375791,0.034798406913757907,0.070000000000000007,0.4990229858819043,0.00097701411809569816
P2_2024,2024-05-23 17:00:00,2024-05-23 21:00:00,SELL,-0.89281328999999998,0.01,3.8222999999999998,1.3254999999999928,0.34678073411296678,18769.049999999999,18634.25,39414.699999999997,39099.400000000001,5310.7200000000003,5278.3699999999999,0.0072079513637789425,0.0070709014545365899,0.00013704990924235261,0,0.01,0.0023809708053086792,0.01,2.0999837498434926,1.5999837498434926,0.017670909029284164,0.02,0.56590184372677366,0.065901843726773657,4,0.040000000000000001,550,0.01,0.52499593746087314,0.024995937460873141,0.070000000000000007,0.49516411326092702,0.0048358867390729809
P2_2024,2024-05-24 17:00:00,2024-05-24 21:00:00,BUY,0.54202022000000005,0.01,3.8754,1.5,0.38705681994116736,18680,18834,39078.699999999997,39122.599999999999,5282.6499999999996,5307.1199999999999,0.0082103142871748913,0.002872096542966262,0.0053382177442086298,0,0.01,0.0023900487989620949,0.01,2.0920074946466807,1.5920074946466807,0.017680520193463511,0.02,0.56559421841541746,0.06559421841541746,4,0.040000000000000001,550,0.01,0.52300187366167017,0.023001873661670169,0.070000000000000007,0.49489494111349036,0.0051050588865096391
P2_2024,2024-05-28 17:00:00,2024-05-28 21:00:00,SELL,-0.65019643999999999,0.01,3.9319000000000002,-0.41250000000000003,-0.10491111167628882,18808.959999999999,18847.209999999999,38951.669999999998,38807.669999999998,5305.8299999999999,5300.0799999999999,-0.0020315402843842207,0.0023940202956061942,-0.0044255605799904153,4.3368086899420177e-19,0.01,0.0024143971234095998,0.01,2.0709103533635034,1.5709103533635034,0.017724804601730548,0.02,0.56418111368198987,0.064181113681989865,4,0.040000000000000001,550,0.01,0.51772758834087584,0.017727588340875844,0.070000000000000007,0.49365847447174122,0.0063415255282587846
P2_2024,2024-05-29 17:00:00,2024-05-29 21:00:00,BUY,4.31598886,0.01,3.9064000000000001,0.26750000000000002,0.068477370468973994,18779.200000000001,18807.200000000001,38525.529999999999,38514.529999999999,5273.8599999999997,5282.3599999999997,0.0014899008779529173,0.00066242978625861548,0.00082747109169430187,0,0.01,0.0024372409672235528,0.01,2.0515000639004857,1.5515000639004857,0.017804037270613936,0.02,0.56167035869472604,0.061670358694726035,4,0.040000000000000001,550,0.01,0.51287501597512142,0.012875015975121418,0.070000000000000007,0.49146156385788536,0.008538436142114636
P2_2024,2024-05-30 17:00:00,2024-05-30 21:00:00,SELL,-1.28210026,0.01,3.9323999999999999,0.32750000000000001,0.083282473807344118,18687.91,18652.279999999999,38092.309999999998,38195.059999999998,5257.4099999999999,5259.9099999999999,0.0019084000811821367,-0.0015845848395313036,0.0034929849207134406,2.1684043449710089e-19,0.01,0.0024529767294238654,0.01,2.0383397608400298,1.5383397608400298,0.017772924310639648,0.02,0.56265360866999037,0.062653608669990368,4,0.040000000000000001,550,0.01,0.50958494021000744,0.0095849402100074421,0.070000000000000007,0.49232190758624161,0.0076780924137583861
P2_2024,2024-05-31 17:00:00,2024-05-31 21:00:00,SELL,-1.9289173399999999,0.01,3.9455,1.9974999999999998,0.50627296920542386,18494.779999999999,18292.400000000001,38149.830000000002,38333.830000000002,5241.0200000000004,5218.5200000000004,0.011002857067112636,-0.00025459770896765072,0.011257454776080287,0,0.01,0.00242396624047866,0.01,2.0627349987401851,1.5627349987401851,0.017644256270725925,0.02,0.56675667404532526,0.066756674045325259,4,0.040000000000000001,550,0.01,0.51568374968504627,0.015683749685046267,0.070000000000000007,0.49591208978965962,0.0040879102103403842
P2_2024,2024-06-05 17:00:00,2024-06-05 21:00:00,BUY,2.6540574499999998,0.01,3.9962,1.6575,0.41476903057905007,18820.34,18988.709999999999,38672.980000000003,38784.980000000003,5311.3800000000001,5343.5100000000002,0.00890639214568161,0.0044614726130423358,0.0044449195326392741,0,0.01,0.0024332673613463459,0.01,2.0548502311860468,1.5548502311860468,0.017716996336168755,0.02,0.56442976056755612,0.064429760567556116,4,0.040000000000000001,550,0.01,0.5137125577965117,0.013712557796511704,0.070000000000000007,0.49387604049661171,0.0061239595033882877
P2_2024,2024-06-06 17:00:00,2024-06-06 21:00:00,SELL,-3.7510026299999999,0.01,3.9813000000000001,-0.40250000000000002,-0.10109763142692085,19000.41,19039.029999999999,39010.379999999997,38861.379999999997,5354.29,5352.29,-0.0020305248063213922,0.0021002055909763312,-0.0041307303972977234,0,0.01,0.002435301835050056,0.01,2.0531335902751571,1.5531335902751571,0.017743164826709051,0.02,0.56359731184748119,0.063597311847481186,4,0.040000000000000001,550,0.01,0.51328339756878927,0.013283397568789268,0.070000000000000007,0.49314764786654613,0.0068523521334538651
P2_2024,2024-06-10 17:00:00,2024-06-10 21:00:00,SELL,-1.18928677,0.01,4.1125999999999996,-1.1125,-0.27051013957107428,18968.529999999999,19076.279999999999,38843.010000000002,38850.510000000002,5340.0100000000002,5362.0100000000002,-0.0056643882883922166,-0.00215222272659465,-0.0035121655617975666,0,0.01,0.0024416915681869139,0.01,2.0477606857252515,1.5477606857252515,0.017760762620294718,0.02,0.56303888598642071,0.063038885986420712,4,0.040000000000000001,550,0.01,0.51194017143131287,0.011940171431312874,0.070000000000000007,0.49265902523811822,0.00734097476188178
P2_2024,2024-06-11 17:00:00,2024-06-11 21:00:00,BUY,2.3107578000000002,0.01,3.9900000000000002,1.3175000000000001,0.33020050125313283,19009.549999999999,19141.669999999998,38539.68,38668.68,5336.3299999999999,5361.0799999999999,0.0069261495787721443,0.0039844533511733792,0.0029416962275987651,0,0.01,0.0024662309079888571,0.01,2.0273851827107956,1.5273851827107956,0.017811445319161297,0.02,0.5614367515275217,0.061436751527521705,4,0.040000000000000001,550,0.01,0.5068462956776989,0.0068462956776988992,0.070000000000000007,0.49125715758658156,0.008742842413418439
P2_2024,2024-06-12 17:00:00,2024-06-12 21:00:00,BUY,3.0170623000000001,0.01,3.9582000000000002,0.23749999999999999,0.06000202112071143,19471,19496.869999999999,39042.360000000001,38796.860000000001,5435.79,5434.4099999999999,0.0013277607321426608,-0.0032809000957232191,0.0046086608278658797,2.1684043449710089e-19,0.01,0.0024935736466750475,0.01,2.0051543320836114,1.5051543320836114,0.01791000020236249,0.02,0.5583472857069488,0.058347285706948804,4,0.040000000000000001,550,0.01,0.50128858302090284,0.0012885830209028448,0.070000000000000007,0.48855387499358022,0.011446125006419783
P2_2024,2024-06-13 17:00:00,2024-06-13 21:00:00,BUY,2.8014049499999998,0.01,3.9232,-0.66249999999999998,-0.16886725122349103,19614.07,19550.450000000001,38479.029999999999,38599.779999999999,5428.5200000000004,5425.2700000000004,-0.0032488617738517453,0.0012671451122150171,-0.0045160068860667629,4.3368086899420177e-19,0.01,0.0025486700158501917,0.01,1.9618075187862589,1.4618075187862589,0.018065761938797314,0.02,0.55353325444438606,0.053533254444386058,4,0.040000000000000001,550,0.01,0.49045187969656473,0.0095481203034352702,0.070000000000000007,0.48434159763883788,0.015658402361162116
P2_2024,2024-06-18 17:00:00,2024-06-18 21:00:00,SELL,-2.73306928,0.01,3.8757000000000001,-0.26250000000000001,-0.067729700441210614,19899.540000000001,19923.040000000001,38846.550000000003,38837.050000000003,5482.1599999999999,5487.4099999999999,-0.0011802350690421511,-0.00035630580171768476,-0.00082392926732446632,0,0.01,0.0025613008104966853,0.01,1.9521330643823926,1.4521330643823926,0.018149360835874914,0.02,0.55098359057546042,0.050983590575460425,4,0.040000000000000001,550,0.01,0.48803326609559816,0.011966733904401838,0.070000000000000007,0.48211064175352797,0.017889358246472031
P2_2024,2024-06-20 17:00:00,2024-06-20 21:00:00,SELL,-3.4131275099999998,0.01,3.8452000000000002,1.9875,0.51687818579007594,19961.880000000001,19760.259999999998,38944.239999999998,39144.239999999998,5503.2399999999998,5476.4899999999998,0.010151604696730621,-0.00012489039463165451,0.010276495091362275,0,0.01,0.0025628796453596222,0.01,1.9509304734824571,1.4509304734824571,0.018136479601107713,0.02,0.55137492059866089,0.051374920598660889,4,0.040000000000000001,550,0.01,0.48773261837061427,0.012267381629385732,0.070000000000000007,0.48245305552382839,0.017546944476171611
P2_2024,2024-06-21 17:00:00,2024-06-21 21:00:00,SELL,-3.0499410199999999,0.01,4.1074000000000002,-0.10249999999999999,-0.024954959341675995,19684,19691.880000000001,39182.839999999997,39150.339999999997,5460.5100000000002,5461.2600000000002,-0.00040024502843862247,0.00034622426477942534,-0.00074646929321804775,5.4210108624275222e-20,0.01,0.0025118138450403293,0.01,1.9905933753302174,1.4905933753302174,0.018023957469174123,0.02,0.55481711034342618,0.054817110343426179,4,0.040000000000000001,550,0.01,0.49764834383255435,0.0023516561674456482,0.070000000000000007,0.48546497155049795,0.014535028449502052
P2_2024,2024-06-24 17:00:00,2024-06-24 21:00:00,SELL,-2.6310919799999999,0.01,4.1032999999999999,1.3375000000000001,0.32595715643506451,19684.32,19548.07,39463.75,39416.25,5480.6000000000004,5463.3500000000004,0.0069458193994604922,0.0021783952471314569,0.0047674241523290358,8.6736173798840355e-19,0.01,0.0024939748503373348,0.01,2.0048317645720046,1.5048317645720046,0.017958179761339999,0.02,0.55684930950116651,0.056849309501166512,4,0.040000000000000001,550,0.01,0.50120794114300116,0.0012079411430011566,0.070000000000000007,0.48724314581352068,0.012756854186479316
P2_2024,2024-06-25 17:00:00,2024-06-25 21:00:00,BUY,1.63386692,0.01,4.1718000000000002,0.89750000000000008,0.21513495373699604,19572.939999999999,19665.310000000001,39283.370000000003,39114.370000000003,5454.9099999999999,5463.29,0.004708169738933992,-0.0013881517912580569,0.0060963215301920491,0,0.01,0.0024912501142340892,0.01,2.0070244940208268,1.5070244940208268,0.017940662632380738,0.02,0.55739301300673283,0.057393013006732829,4,0.040000000000000001,550,0.01,0.50175612350520671,0.0017561235052067081,0.070000000000000007,0.48771888638089117,0.01228111361910883
P2_2024,2024-06-26 17:00:00,2024-06-26 21:00:00,BUY,1.7013063100000001,0.01,4.2077,0.11750000000000001,0.027924994652660601,19715.560000000001,19728.93,38981.980000000003,39178.230000000003,5464.2200000000003,5471.9700000000003,0.00067791473597634112,0.0032195300823042901,-0.0025416153463279491,1.0842021724855044e-19,0.01,0.0025288043347208122,0.01,1.9772190087423336,1.4772190087423336,0.018040598658179943,0.02,0.55430533040907792,0.054305330409077923,4,0.040000000000000001,550,0.01,0.4943047521855834,0.0056952478144166041,0.070000000000000007,0.48501716410794321,0.014982835892056789
P2_2024,2024-06-27 17:00:00,2024-06-27 21:00:00,BUY,1.1102524300000001,0.01,4.2746000000000004,-0.27250000000000002,-0.063748654844897765,19807.779999999999,19782.16,39156.059999999998,39200.559999999998,5484.3299999999999,5479.8299999999999,-0.0012942683710257144,0.00015748815752082121,-0.0014517565285465355,0,0.01,0.0025293377321415895,0.01,1.9768020444492012,1.4768020444492012,0.018058523101272171,0.02,0.55375514065685305,0.053755140656853051,4,0.040000000000000001,550,0.01,0.49420051111230029,0.0057994888876997108,0.070000000000000007,0.48453574807474648,0.015464251925253525
P2_2024,2024-06-28 17:00:00,2024-06-28 21:00:00,BUY,1.6816380799999999,0.01,4.2637,-1.1025,-0.258578230175669,19898.75,19790.630000000001,39241.410000000003,39088.160000000003,5499.96,5479.5900000000001,-0.0054483223197063831,-0.0038117488902138673,-0.0016365734294925159,0,0.01,0.0025354274986551196,0.01,1.9720540234939381,1.4720540234939381,0.018089904290213021,0.02,0.55279452226898673,0.052794522268986732,4,0.040000000000000001,550,0.01,0.49301350587348453,0.0069864941265154745,0.070000000000000007,0.48369520698536339,0.016304793014636609
P2_2024,2024-07-01 17:00:00,2024-07-01 21:00:00,SELL,-5.0104287699999999,0.01,4.2792000000000003,-1.1624999999999999,-0.27166292765002797,19646.029999999999,19759.529999999999,39372.059999999998,39175.809999999998,5468.8500000000004,5470.7299999999996,-0.0057606243318280882,0.0023266285712031372,-0.0080872529030312258,0,0.01,0.0024949202556330554,0.01,2.0040720695224432,1.5040720695224432,0.017961756127887946,0.02,0.55673843519530419,0.056738435195304193,4,0.040000000000000001,550,0.01,0.5010180173806108,0.0010180173806108028,0.070000000000000007,0.4871461307958912,0.012853869204108803
P2_2024,2024-07-02 17:00:00,2024-07-02 21:00:00,BUY,2.2787632000000002,0.01,4.2327000000000004,1.4475,0.34198029626479548,19826.150000000001,19972.400000000001,39145.440000000002,39226.190000000002,5472.1499999999996,5493.6499999999996,0.0073495470723172335,0.0029909914770046894,0.0043585555953125441,0,0.01,0.0025323703092876206,0.01,1.9744347742753887,1.4744347742753887,0.018115503047248342,0.02,0.5520133762732552,0.052013376273255196,4,0.040000000000000001,550,0.01,0.49360869356884718,0.0063913064311528212,0.070000000000000007,0.48301170423909834,0.016988295760901662
P2_2024,2024-07-05 17:00:00,2024-07-05 21:00:00,BUY,3.2869869199999999,0.01,4.2906000000000004,1.0775000000000001,0.25113037803570598,20283.759999999998,20393.880000000001,39281.230000000003,39319.730000000003,5543.6599999999999,5561.6599999999999,0.0054142899641963921,0.00211066214333749,0.0033036278208589021,0,0.01,0.0025818641626038693,0.01,1.9365852287741527,1.4365852287741527,0.018294556303958032,0.02,0.54661068756483022,0.046610687564830222,4,0.040000000000000001,550,0.01,0.48414630719353818,0.015853692806461817,0.070000000000000007,0.4782843516192265,0.0217156483807735
P2_2024,2024-07-08 17:00:00,2024-07-08 21:00:00,SELL,-2.0133822299999999,0.01,4.3337000000000003,-0.1925,-0.044419318365369082,20414.400000000001,20433.150000000001,39612.75,39344.25,5581.3100000000004,5572.8100000000004,-0.00091804778092656318,0.004162648640186211,-0.005080696421112774,2.1684043449710089e-19,0.01,0.0025767461234072362,0.01,1.9404317540559604,1.4404317540559604,0.018288179656747252,0.02,0.54680127752958696,0.04680127752958696,4,0.040000000000000001,550,0.01,0.48510793851399009,0.014892061486009911,0.070000000000000007,0.47845111783838867,0.021548882161611327
P2_2024,2024-07-09 17:00:00,2024-07-09 21:00:00,BUY,2.8399692999999999,0.01,4.3259999999999996,-0.92249999999999999,-0.21324549237170598,20532.279999999999,20443.529999999999,39197.75,39370.25,5587.1199999999999,5581.6199999999999,-0.0043318308426841031,0.0017031079591344953,-0.0060349388018185986,0,0.01,0.0026190635942114023,0.01,1.9090792644557741,1.4090792644557741,0.018374654562636924,0.02,0.54422791818541338,0.044227918185413384,4,0.040000000000000001,550,0.01,0.47726981611394353,0.022730183886056465,0.070000000000000007,0.47619942841223678,0.02380057158776322
P2_2024,2024-07-11 17:00:00,2024-07-11 21:00:00,SELL,-2.5208162700000001,0.01,4.3079999999999998,4.7675000000000001,1.1066620241411329,20658.93,20180.18,39763.339999999997,39788.589999999997,5639.9700000000003,5579.1000000000004,0.023446736841827201,0.0051082338987729859,0.018338502943054214,0,0.01,0.0025977357535860923,0.01,1.9247531212894375,1.4247531212894375,0.018314751674211031,0.02,0.54600794910481809,0.046007949104818091,4,0.040000000000000001,550,0.01,0.48118828032235939,0.018811719677640615,0.070000000000000007,0.47775695546671593,0.022243044533284073
P2_2024,2024-07-12 17:00:00,2024-07-12 21:00:00,BUY,2.53577984,0.01,4.4987000000000004,1.6475000000000002,0.36621690710649746,20334.98,20502.349999999999,39857.209999999999,40212.709999999999,5607.6499999999996,5650.5299999999997,0.0081969578879484417,0.0082487032907336069,-5.1745402785165207e-05,0,0.01,0.0025509788567739688,0.01,1.960031925283428,1.460031925283428,0.01813146326892727,0.02,0.55152746646419126,0.051527466464191263,4,0.040000000000000001,550,0.01,0.49000798132085699,0.009992018679143011,0.070000000000000007,0.4825865331561674,0.017413466843832603
P2_2024,2024-07-15 17:00:00,2024-07-15 21:00:00,BUY,1.21475508,0.01,4.6089000000000002,-0.60249999999999992,-0.13072533576341425,20430.880000000001,20372.380000000001,40172.129999999997,40194.129999999997,5640.0200000000004,5631.7700000000004,-0.0028674199111892889,-0.0004581690987326885,-0.0024092508124566002,4.3368086899420177e-19,0.01,0.0025429171915952679,0.01,1.96624570258354,1.46624570258354,0.018112418041070777,0.02,0.55210739821290122,0.052107398212901224,4,0.040000000000000001,550,0.01,0.49156142564588501,0.0084385743541149916,0.070000000000000007,0.48309397343628863,0.016906026563711374
P2_2024,2024-07-16 17:00:00,2024-07-16 21:00:00,SELL,-4.5617566500000004,0.01,4.5846999999999998,0.53750000000000009,0.11723776910157702,20387.25,20331.75,40671.25,40883.25,5652.21,5653.46,0.0027260018354462886,-0.0027100585325078516,0.0054360603679541406,4.3368086899420177e-19,0.01,0.0025063466207702,0.01,1.9949355602153307,1.4949355602153307,0.01803475985499477,0.02,0.55448478828679693,0.054484788286796926,4,0.040000000000000001,550,0.01,0.49873389005383267,0.0012661099461673264,0.070000000000000007,0.48517418975094734,0.014825810249052662
P2_2024,2024-07-18 17:00:00,2024-07-18 21:00:00,SELL,-3.5083151400000001,0.01,4.8869999999999996,1.9275,0.39441375076734198,19880.740000000002,19685.990000000002,41345.470000000001,40892.970000000001,5608.4899999999998,5556.7399999999998,0.0098442086440171678,0.010137306479771617,-0.00029309783575444913,0,0.01,0.002404222276346115,0.01,2.0796745996376389,1.5796745996376389,0.017723790182384212,0.02,0.5642134045312196,0.064213404531219598,4,0.040000000000000001,550,0.01,0.51991864990940972,0.019918649909409725,0.070000000000000007,0.49368672896481719,0.0063132710351828103
P2_2024,2024-07-23 17:00:00,2024-07-23 21:00:00,BUY,0.96149092999999997,0.01,5.0156999999999998,-0.30249999999999999,-0.060310624638634687,19836.169999999998,19809.419999999998,40399.809999999998,40469.809999999998,5575.3699999999999,5572.3699999999999,-0.0013494567269341114,0.00059647817856258562,-0.001945934905496697,0,0.01,0.0024549830803659721,0.01,2.0366739143695582,1.5366739143695582,0.01778910637320931,0.02,0.56214178442713492,0.062141784427134916,4,0.040000000000000001,550,0.01,0.50916847859238956,0.0091684785923895618,0.070000000000000007,0.49187406137374312,0.0081259386262568789
P2_2024,2024-07-24 17:00:00,2024-07-24 21:00:00,SELL,-1.8800043200000001,0.01,5.0035999999999996,1.8775000000000002,0.37522983451914627,19345.16,19154.41,40058.699999999997,40020.949999999997,5485.9799999999996,5456.4799999999996,0.0099092826684061604,0.0031673325187963211,0.0067419501496098393,0,0.01,0.0024146015721928072,0.01,2.0707350055517759,1.5707350055517759,0.017631453268148994,0.02,0.56716822192217586,0.067168221922175864,4,0.040000000000000001,550,0.01,0.51768375138794398,0.01768375138794398,0.070000000000000007,0.49627219418190388,0.0037278058180961193
P2_2024,2024-07-29 17:00:00,2024-07-29 21:00:00,BUY,2.7786373700000002,0.01,5.0686,-1.0625,-0.20962395927869629,19207.650000000001,19103.779999999999,40598.610000000001,40612.110000000001,5483.9300000000003,5472.4300000000003,-0.005422415947608175,-0.00088338484145378498,-0.0045390311061543898,0,0.01,0.0023655551261484078,0.01,2.1136687725984178,1.6136687725984178,0.017512668834211962,0.02,0.57101519446678795,0.071015194466787945,4,0.040000000000000001,550,0.01,0.52841719314960445,0.028417193149604447,0.070000000000000007,0.49963829515843949,0.0003617048415605062
P2_2024,2024-07-30 17:00:00,2024-07-30 21:00:00,SELL,-3.1493263699999998,0.01,5.0260999999999996,2.8674999999999997,0.57052187580828073,19078.779999999999,18789.41,40794.230000000003,40684.230000000003,5480.7200000000003,5430.3500000000004,0.015283309424305528,0.0059664961826411834,0.009316813241664345,0,0.01,0.0023384164868413986,0.01,2.1381990882016568,1.6381990882016568,0.017405359149892715,0.02,0.57453568834065916,0.074535688340659156,4,0.040000000000000001,550,0.01,0.53454977205041421,0.034549772050414207,0.070000000000000007,0.50271872729807676,0.0027187272980767618
P2_2024,2024-07-31 17:00:00,2024-07-31 21:00:00,BUY,1.8881742800000001,0.01,5.1923000000000004,0.36749999999999999,0.070777882633900197,19244.73,19284.349999999999,40728.889999999999,41042.389999999999,5505.1199999999999,5520.4899999999998,0.0020566291209203548,0.0052279112738969581,-0.0031712821529766033,0,0.01,0.0023625404473335758,0.01,2.1163658830235601,1.6163658830235601,0.017478937788822042,0.02,0.57211714583680828,0.072117145836808283,4,0.040000000000000001,550,0.01,0.52909147075589003,0.029091470755890025,0.070000000000000007,0.50060250260720729,0.00060250260720728921
P2_2024,2024-08-13 17:00:00,2024-08-13 21:00:00,BUY,1.71154275,0.01,4.9016999999999999,1.5574999999999999,0.31774690413529999,18792.68,18950.93,39516.059999999998,39690.059999999998,5390.6400000000003,5420.3900000000003,0.0083855745285462795,0.0049486296310802327,0.0034369448974660467,0,0.01,0.0023778534600868611,0.01,2.1027368102899637,1.6027368102899637,0.017430843090987341,0.02,0.57369571556584797,0.073695715565847975,4,0.040000000000000001,550,0.01,0.52568420257249093,0.025684202572490933,0.070000000000000007,0.50198375112011706,0.001983751120117061
P2_2024,2024-08-14 17:00:00,2024-08-14 21:00:00,SELL,-2.7491393999999998,0.01,4.9640000000000004,-0.4425,-0.089141821112006442,18925.689999999999,18968.439999999999,39816.690000000002,40030.690000000002,5427.9099999999999,5446.1599999999999,-0.0022562870891130369,-0.0043584254219371345,0.0021021383328240976,0,0.01,0.0023766026256828478,0.01,2.1038435058378324,1.6038435058378324,0.017433680735310646,0.02,0.57360233629526847,0.073602336295268467,4,0.040000000000000001,550,0.01,0.5259608764594581,0.025960876459458104,0.070000000000000007,0.50190204425835994,0.0019020442583599362
P2_2024,2024-08-16 17:00:00,2024-08-16 21:00:00,SELL,-1.19977376,0.01,5.1024000000000003,-1.3525,-0.26507133897773594,19391.889999999999,19524.77,40533.809999999998,40693.809999999998,5532.5200000000004,5556.3999999999996,-0.0068289784582700472,-0.0041232801844561474,-0.0027056982738138998,0,0.01,0.0023920635637261832,0.01,2.0902454582817867,1.5902454582817867,0.017525368186649123,0.02,0.57060142152208992,0.070601421522089924,4,0.040000000000000001,550,0.01,0.52256136457044666,0.022561364570446663,0.070000000000000007,0.49927624383182873,0.00072375616817127453
P2_2024,2024-08-19 17:00:00,2024-08-19 21:00:00,SELL,-2.2209156700000001,0.01,5.1772999999999998,-1.3724999999999998,-0.26509956927355954,19493.330000000002,19627.580000000002,40769.07,40849.57,5561.6300000000001,5587.6300000000001,-0.006863364221096728,-0.0033182921884727743,-0.0035450720326239537,0,0.01,0.002390700842575021,0.01,2.0914369171403755,1.5914369171403755,0.017524835345033744,0.02,0.5706187706256447,0.0706187706256447,4,0.040000000000000001,550,0.01,0.52285922928509387,0.022859229285093874,0.070000000000000007,0.49929142429743917,0.00070857570256083191
P2_2024,2024-08-20 17:00:00,2024-08-20 21:00:00,BUY,2.0324185699999999,0.01,5.1755000000000004,-1.1125,-0.2149550768041735,19827.650000000001,19718.900000000001,40872.230000000003,40837.730000000003,5620.1599999999999,5595.6599999999999,-0.0054998615113925542,-0.0026066431625936192,-0.002893218348798935,0,0.01,0.002425564986299989,0.01,2.0613754025313136,1.5613754025313136,0.017639755807663842,0.02,0.56690127170895177,0.066901271708951771,4,0.040000000000000001,550,0.01,0.51534385063282839,0.015343850632828393,0.070000000000000007,0.49603861274533284,0.0039613872546671591
P2_2024,2024-08-21 17:00:00,2024-08-21 21:00:00,BUY,0.99126424000000002,0.01,5.1310000000000002,0.1275,0.024848957318261547,19791.529999999999,19806.529999999999,40916.120000000003,40862.370000000003,5615.6000000000004,5615.9700000000003,0.0007576129091915601,-0.00062432053550025269,0.0013819334446918128,0,0.01,0.0024185492172767113,0.01,2.0673550756308381,1.5673550756308381,0.01762191929624617,0.02,0.56747507645947537,0.067475076459475369,4,0.040000000000000001,550,0.01,0.51683876890770952,0.016838768907709523,0.070000000000000007,0.49654069190204098,0.0034593080979590241
P2_2024,2024-08-26 17:00:00,2024-08-26 21:00:00,SELL,-3.3702472600000002,0.01,5.2420999999999998,1.8274999999999999,0.34861982793155416,19650.66,19465.41,41390.360000000001,41189.610000000001,5642.7600000000002,5607.5100000000002,0.0094718812496719911,0.0055642500837259322,0.0039076311659460589,0,0.01,0.0023738208607028302,0.01,2.1063088975128572,1.6063088975128572,0.017412276970844055,0.02,0.57430742784211841,0.074307427842118412,4,0.040000000000000001,550,0.01,0.5265772243782143,0.026577224378214304,0.070000000000000007,0.50251899936185362,0.0025189993618536244
P2_2024,2024-08-28 17:00:00,2024-08-28 21:00:00,SELL,-4.0381582800000002,0.01,5.4374000000000002,2.5874999999999999,0.47587082061279284,19493.439999999999,19232.32,41323.199999999997,40883.199999999997,5622.9099999999999,5564.9099999999999,0.013485801565186896,0.01053668813616865,0.002949113429018246,0,0.01,0.0023586556704224262,0.01,2.1198516013592266,1.6198516013592266,0.017333942744948788,0.02,0.57690279396555977,0.076902793965559768,4,0.040000000000000001,550,0.01,0.52996290033980664,0.029962900339806642,0.070000000000000007,0.50478994471986482,0.0047899447198648248
P2_2024,2024-08-29 17:00:00,2024-08-29 21:00:00,BUY,6.62230293,0.01,5.2462,-0.13250000000000001,-0.02525637604361252,19582.939999999999,19572.439999999999,41213.040000000001,41590.540000000001,5623.0600000000004,5640.3100000000004,-0.00053632477844366166,0.0060905276264349509,-0.0066268524048786123,2.1684043449710089e-19,0.01,0.0023758184302832305,0.01,2.1045379294426683,1.6045379294426683,0.017413063349848656,0.02,0.57428149195166822,0.074281491951668221,4,0.040000000000000001,550,0.01,0.52613448236066707,0.026134482360667066,0.070000000000000007,0.50249630545770974,0.0024963054577097354
P2_2024,2024-08-30 17:00:00,2024-08-30 21:00:00,BUY,1.19232761,0.01,5.2408999999999999,-1.4824999999999999,-0.28287126256940603,19532.110000000001,19386.610000000001,41394.120000000003,41246.370000000003,5625.3299999999999,5596.71,-0.0074771563855266674,-0.0043382103956002109,-0.0031389459899264565,0,0.01,0.0023592855700278201,0.01,2.1192856276152452,1.6192856276152452,0.017360857051941844,0.02,0.57600842919684558,0.076008429196845584,4,0.040000000000000001,550,0.01,0.5298214069038113,0.029821406903811298,0.070000000000000007,0.50400737554723996,0.0040073755472399553
P2_2024,2024-09-03 17:00:00,2024-09-03 21:00:00,SELL,-2.3492842199999999,0.01,5.1242000000000001,2.5874999999999999,0.50495687131649813,19322.82,19061.700000000001,41310.230000000003,41063.730000000003,5601.0699999999997,5553.1999999999998,0.013605694591900374,0.007284115828786953,0.006321578763113421,0,0.01,0.0023387451485987853,0.01,2.1378986090022054,1.6378986090022054,0.017249222023649056,0.02,0.5797362910796664,0.079736291079666399,4,0.040000000000000001,550,0.01,0.53447465225055135,0.034474652250551352,0.070000000000000007,0.50726925469470807,0.0072692546947080716
P2_2024,2024-09-05 17:00:00,2024-09-05 21:00:00,BUY,5.1524173600000003,0.01,5.1243999999999996,-0.42249999999999999,-0.082448676918273359,19009.849999999999,18969.98,40888.730000000003,40833.480000000003,5528.6400000000003,5516.1400000000003,-0.0020995362351938942,-0.0018078277466449875,-0.00029170848854890674,0,0.01,0.0023245830819396932,0.01,2.1509233371120762,1.6509233371120762,0.017192157564970771,0.02,0.5816605601832735,0.081660560183273501,4,0.040000000000000001,550,0.01,0.53773083427801904,0.037730834278019043,0.070000000000000007,0.50895299016036433,0.0089529901603643269
P2_2024,2024-09-06 17:00:00,2024-09-06 21:00:00,SELL,-6.58855564,0.01,5.3341000000000003,2.6574999999999998,0.49820963236534743,18704.099999999999,18436.349999999999,40894.860000000001,40384.610000000001,5485.6700000000001,5412.1700000000001,0.014418491891963993,0.013022363539547856,0.0013961283524161362,0,0.01,0.0022868521863138791,0.01,2.1864115354387539,1.6864115354387539,0.017048145440757462,0.02,0.58657406664848888,0.086574066648488879,4,0.040000000000000001,550,0.01,0.54660288385968847,0.046602883859688471,0.070000000000000007,0.51325230831742774,0.013252308317427741
P2_2024,2024-09-09 17:00:00,2024-09-09 21:00:00,BUY,1.7351367,0.01,5.4404000000000003,-0.50249999999999995,-0.092364532019704418,18656.130000000001,18608,40669.889999999999,40821.889999999999,5461.0500000000002,5465.8000000000002,-0.0025831826350765602,0.0022999299858455246,-0.0048831126209220848,0,0.01,0.0022936046790389651,0.01,2.1799746249624117,1.6799746249624117,0.017081083308155026,0.02,0.58544296164317033,0.085442961643170334,4,0.040000000000000001,550,0.01,0.54499365624060292,0.044993656240602919,0.070000000000000007,0.51226259143777408,0.012262591437774084
P2_2024,2024-09-10 17:00:00,2024-09-10 21:00:00,BUY,1.14661068,0.01,5.5258000000000003,0.22749999999999998,0.041170509247529762,18734.150000000001,18759.029999999999,40745.599999999999,40651.599999999999,5486.8500000000004,5477.6000000000004,0.0013271748969787178,-0.0019984671598978986,0.0033256420568766164,0,0.01,0.0022989169382706359,0.01,2.1749372135912224,1.6749372135912224,0.017071862726336606,0.02,0.5857591617447282,0.085759161744728196,4,0.040000000000000001,550,0.01,0.5437343033978056,0.043734303397805596,0.070000000000000007,0.51253926652663717,0.012539266526637172
P2_2024,2024-09-11 17:00:00,2024-09-11 21:00:00,BUY,2.09365742,0.01,5.4516,2.4574999999999996,0.45078509061559902,18767.459999999999,19016.09,40237.209999999999,40624.209999999999,5454.25,5507.5,0.01316094378456458,0.0096438416597968719,0.0035171021247677077,0,0.01,0.0023321025488596252,0.01,2.1439880516596279,1.6439880516596279,0.017204436906999129,0.02,0.58124541093999937,0.081245410939999374,4,0.040000000000000001,550,0.01,0.53599701291490698,0.035997012914906978,0.070000000000000007,0.50858973457249945,0.0085897345724994523
P2_2024,2024-09-12 17:00:00,2024-09-12 21:00:00,BUY,1.88128677,0.01,5.5499000000000001,2.0674999999999999,0.37252923476098665,19236.18,19444.68,40709.82,41070.32,5545.6099999999997,5599.3599999999997,0.010780629973223784,0.0092310301266037252,0.0015495998466200592,0,0.01,0.0023625970343273445,0.01,2.1163151935571407,1.6163151935571407,0.017343610531573624,0.02,0.57658121310987931,0.076581213109879309,4,0.040000000000000001,550,0.01,0.52907879838928518,0.029078798389285176,0.070000000000000007,0.50450856147114442,0.0045085614711444233
P2_2024,2024-09-13 17:00:00,2024-09-13 21:00:00,SELL,-0.78381164999999997,0.01,5.5881999999999996,-0.98249999999999993,-0.17581689989620988,19444.610000000001,19540.740000000002,41333.25,41431.75,5614.9899999999998,5631.6199999999999,-0.004931606094561369,-0.0026687860288652741,-0.0022628200656960949,0,0.01,0.0023521753068050542,0.01,2.1256919012518121,1.6256919012518121,0.017314910623171191,0.02,0.57753691125715556,0.077536911257155561,4,0.040000000000000001,550,0.01,0.53142297531295302,0.031422975312953016,0.070000000000000007,0.50534479735001114,0.0053447973500111434
P2_2024,2024-09-16 17:00:00,2024-09-16 21:00:00,SELL,-2.68524472,0.01,5.6143999999999998,-0.022499999999999999,-0.0040075520091194068,19418.84,19418.84,41737.610000000001,41600.860000000001,5631.75,5631.8699999999999,-0,0.0016302465592258121,-0.0016302465592258121,0,0.01,0.0023262999486554211,0.01,2.1493359026594794,1.6493359026594794,0.017240502508101389,0.02,0.58002949712753182,0.080029497127531823,4,0.040000000000000001,550,0.01,0.53733397566486985,0.037333975664869845,0.070000000000000007,0.50752580998659036,0.0075258099865903594
P2_2024,2024-09-18 17:00:00,2024-09-18 21:00:00,BUY,1.49436276,0.01,5.5769000000000002,-0.26250000000000001,-0.047069160286180495,19468.16,19444.16,41517.970000000001,41617.470000000001,5636.4799999999996,5637.7299999999996,-0.0012335426437310388,0.001307715250407701,-0.0025412578941387395,2.1684043449710089e-19,0.01,0.0023445462290184226,0.01,2.132608834116835,1.632608834116835,0.017269785397978882,0.02,0.57904599099247178,0.079045990992471782,4,0.040000000000000001,550,0.01,0.53315220852920875,0.033152208529208749,0.070000000000000007,0.5066652421184128,0.0066652421184127952
P2_2024,2024-09-25 17:00:00,2024-09-25 21:00:00,BUY,4.2197819499999998,0.01,5.4463999999999997,-0.3420000000000073,-0.062793772032903816,20010.290000000001,19978.790000000001,42117.330000000002,41973.080000000002,5737.4099999999999,5724.9099999999999,-0.0015754304182641595,-0.0028059473674574712,0.0012305169491933117,0,0.01,0.0023755411371043701,0.01,2.10478358884354,1.60478358884354,0.017438434764118306,0.02,0.57344596205252396,0.073445962052523961,4,0.040000000000000001,550,0.01,0.526195897210885,0.026195897210885,0.070000000000000007,0.50176521679595854,0.0017652167959585352
P2_2024,2024-09-26 17:00:00,2024-09-26 21:00:00,SELL,-3.4405878099999998,0.01,5.3437999999999999,1.5179999999999927,0.28406751749691095,20209.16,20055.529999999999,42135.760000000002,42178.510000000002,5759.0600000000004,5738.6899999999996,0.0076310407716778557,0.0012646211760930569,0.0063664195955847984,0,0.01,0.0023981008055865135,0.01,2.084983245221474,1.584983245221474,0.017545536945265373,0.02,0.56994550985790604,0.069945509857906041,4,0.040000000000000001,550,0.01,0.52124581130536851,0.021245811305368512,0.070000000000000007,0.49870232112566787,0.001297678874332131
P2_2024,2024-09-27 17:00:00,2024-09-27 21:00:00,SELL,-2.1303004300000001,0.01,5.3764000000000003,0.45799999999999269,0.085187114054012469,20111.610000000001,20064.360000000001,42366.949999999997,42395.199999999997,5753.2600000000002,5746.3900000000003,0.0023521533784852671,0.00026412399253405815,0.0020880293859512089,0,0.01,0.0023735022228411535,0.01,2.1065916652122825,1.6065916652122825,0.017478447002221349,0.02,0.57213321061814537,0.072133210618145371,4,0.040000000000000001,550,0.01,0.52664791630307062,0.026647916303070618,0.070000000000000007,0.50061655929087734,0.00061655929087733874
P2_2024,2024-09-30 17:00:00,2024-09-30 21:00:00,BUY,1.76890993,0.01,5.556,-0.012000000000007276,-0.0021598272138242036,19996.799999999999,19998.43,42129.360000000001,42186.360000000001,5729.0299999999997,5738.5299999999997,8.1509720079319815e-05,0.0015044546441704205,-0.0014229449240911007,6.7762635780344027e-20,0.01,0.0023732617822819998,0.01,2.1068050888142107,1.6068050888142107,0.017452169040832393,0.02,0.57299467914866387,0.072994679148663866,4,0.040000000000000001,550,0.01,0.52670127220355267,0.026701272203552673,0.070000000000000007,0.50137034425508087,0.0013703442550808687
P2_2024,2024-10-01 17:00:00,2024-10-01 21:00:00,SELL,-4.2710922399999998,0.01,5.4119999999999999,0.38799999999999274,0.071692535107167915,19836.919999999998,19794.290000000001,42097.040000000001,42205.290000000001,5716.2399999999998,5714.4899999999998,0.0021513355984758404,-0.001130973518780162,0.0032823091172560024,0,0.01,0.0023560943952353891,0.01,2.1221560605174599,1.6221560605174599,0.017351370831175737,0.02,0.57632334051858858,0.076323340518588578,4,0.040000000000000001,550,0.01,0.53053901512936497,0.030539015129364966,0.070000000000000007,0.50428292295376509,0.0042829229537650892
P2_2024,2024-10-02 17:00:00,2024-10-02 21:00:00,SELL,-1.6202201199999999,0.01,5.4275000000000002,-1.3320000000000074,-0.24541685859051263,19708.389999999999,19839.509999999998,42130.959999999999,42196.459999999999,5690.75,5710.8699999999999,-0.0066309705669668189,-0.0025413978063599176,-0.0040895727606069018,0,0.01,0.0023389438550652539,0.01,2.1377169824627988,1.6377169824627988,0.017316162193032551,0.02,0.57749516830141878,0.077495168301418782,4,0.040000000000000001,550,0.01,0.53442924561569971,0.034429245615699711,0.070000000000000007,0.50530827226374153,0.0053082722637415314
P2_2024,2024-10-03 17:00:00,2024-10-03 21:00:00,BUY,3.7029423600000002,0.01,5.3742000000000001,-0.63200000000000722,-0.1175988984406995,19820.959999999999,19760.209999999999,41915.040000000001,41940.790000000001,5698.1000000000004,5690.3500000000004,-0.0030696438585559125,-0.00037343947076061131,-0.0026962043877953013,0,0.01,0.0023644209811084517,0.01,2.1146826389841866,1.6146826389841866,0.017392604552394657,0.02,0.57495701520007103,0.074957015200071031,4,0.040000000000000001,550,0.01,0.52867065974604666,0.028670659746046656,0.070000000000000007,0.50308738830006228,0.003087388300062277
P2_2024,2024-10-04 17:00:00,2024-10-04 21:00:00,SELL,-2.83988591,0.01,5.3489000000000004,-0.32200000000000728,-0.060199293312645077,19886.400000000001,19916.52,42166.57,42127.57,5719.5299999999997,5720.5299999999997,-0.0015134570905493442,0.00037525351736162265,-0.0018887106079109668,0,0.01,0.0023580765521122541,0.01,2.1203722141765224,1.6203722141765224,0.017384645241829314,0.02,0.57522025102582652,0.075220251025826523,4,0.040000000000000001,550,0.01,0.53009305354413061,0.03009305354413061,0.070000000000000007,0.50331771964759831,0.0033177196475983051
P2_2024,2024-10-07 17:00:00,2024-10-07 21:00:00,SELL,-0.68866514999999995,0.01,5.4055999999999997,-0.40199999999997094,-0.074367322776374672,19919.619999999999,19958.240000000002,42223.199999999997,42043.949999999997,5726.8900000000003,5723.6400000000003,-0.0019369149735731519,0.0024109963047840265,-0.0043479112783571788,4.3368086899420177e-19,0.01,0.0023588477424733322,0.01,2.1196789898602479,1.6196789898602479,0.017391306625411,0.02,0.57499992469735872,0.074999924697358722,4,0.040000000000000001,550,0.01,0.52991974746506199,0.029919747465061985,0.070000000000000007,0.50312493411018888,0.0031249341101888817
P2_2024,2024-10-08 17:00:00,2024-10-08 21:00:00,BUY,2.8159148100000002,0.01,5.3800999999999997,0.72799999999999276,0.13531347000984978,19968.389999999999,20044.139999999999,41970.160000000003,42007.660000000003,5727.9899999999998,5738.2399999999998,0.0037863184606065988,0.0013404761396764592,0.0024458423209301394,4.3368086899420177e-19,0.01,0.0023788794229042728,0.01,2.1018299422236848,1.6018299422236848,0.017430538461135583,0.02,0.57370574192511259,0.073705741925112589,4,0.040000000000000001,550,0.01,0.5254574855559212,0.0254574855559212,0.070000000000000007,0.5019925241844736,0.0019925241844735986
P2_2024,2024-10-09 17:00:00,2024-10-09 21:00:00,SELL,-2.09468677,0.01,5.4150999999999998,-1.3520000000000074,-0.24967221288618999,20081.880000000001,20214.759999999998,42236.610000000001,42436.110000000001,5756.4499999999998,5778.5699999999997,-0.0065951147113127873,-0.0042737761034005867,-0.0023213386079122007,0,0.01,0.0023773072696885475,0.01,2.1032199176571118,1.6032199176571118,0.01744293792180945,0.02,0.57329791832238819,0.073297918322388189,4,0.040000000000000001,550,0.01,0.52580497941427795,0.025804979414277951,0.070000000000000007,0.50163567853208957,0.0016356785320895684
P2_2024,2024-10-11 17:00:00,2024-10-11 21:00:00,SELL,-3.1989362099999998,0.01,5.4073000000000002,-0.80200000000000726,-0.14831801453590651,20179.93,20257.93,42637.540000000001,42793.540000000001,5791.6499999999996,5809.2799999999997,-0.0038577756951427306,-0.0033457422831085779,-0.00051203341203415274,0,0.01,0.0023664510194537493,0.01,2.1128685778394671,1.6128685778394671,0.017421572436179675,0.02,0.57400100000346876,0.074001000003468764,4,0.040000000000000001,550,0.01,0.52821714445986678,0.028217144459866783,0.070000000000000007,0.50225087500303511,0.0022508750030351132
P2_2024,2024-10-14 17:00:00,2024-10-14 21:00:00,BUY,3.9066397300000002,0.01,5.3491,-0.65200000000000724,-0.12188966368174221,20500.98,20437.98,42825.970000000001,43029.970000000001,5854.4300000000003,5857.4300000000003,-0.0030777552595875821,0.0026322283022523307,-0.0057099835618399132,4.3368086899420177e-19,0.01,0.0023935219680955274,0.01,2.0889718442728102,1.5889718442728102,0.017508946216796512,0.02,0.57113659932354455,0.071136599323544547,4,0.040000000000000001,550,0.01,0.52224296106820256,0.02224296106820256,0.070000000000000007,0.49974452440810146,0.00025547559189853519
P2_2024,2024-10-16 17:00:00,2024-10-16 21:00:00,SELL,-4.4878173400000003,0.01,5.1112000000000002,-1.1520000000000075,-0.22538738456722637,20060.48,20172.73,42877.870000000003,43021.870000000003,5812.3699999999999,5837.6199999999999,-0.0055799818733344685,-0.0038437617424256034,-0.001736220130908865,0,0.01,0.0023392579901940092,0.01,2.1374299119462745,1.6374299119462745,0.017256712838308642,0.02,0.5794846384533171,0.079484638453317102,4,0.040000000000000001,550,0.01,0.53435747798656863,0.03435747798656863,0.070000000000000007,0.50704905864665251,0.0070490586466525063
P2_2024,2024-10-17 17:00:00,2024-10-17 21:00:00,SELL,-3.3372027200000001,0.01,5.1818,-0.46200000000000729,-0.089158207572659562,20272.84,20315.959999999999,43242.75,43301.25,5861.6800000000003,5864.6800000000003,-0.0021247248611411169,-0.00093179071220163365,-0.0011929341489394832,0,0.01,0.0023440738620924893,0.01,2.133038587588123,1.633038587588123,0.017292687420671204,0.02,0.57827911629549689,0.078279116295496887,4,0.040000000000000001,550,0.01,0.53325964689703076,0.033259646897030759,0.070000000000000007,0.50599422675855987,0.005994226758559873
P2_2024,2024-10-21 17:00:00,2024-10-21 21:00:00,BUY,2.5839340000000002,0.01,5.1855000000000002,-0.032000000000007273,-0.0061710539003003127,20343.869999999999,20343.619999999999,43184.260000000002,42958.260000000002,5861.1400000000003,5853.1400000000003,-1.2288789502809315e-05,-0.0033064924780218585,0.0032942036885190494,2.1006417091906648e-19,0.01,0.0023554728042115341,0.01,2.1227160810602901,1.6227160810602901,0.017354874648959073,0.02,0.57620698519996449,0.076206985199964494,4,0.040000000000000001,550,0.01,0.53067902026507252,0.030679020265072521,0.070000000000000007,0.50418111204996896,0.0041811120499689602
P2_2024,2024-10-22 17:00:00,2024-10-22 21:00:00,BUY,2.0138040199999998,0.01,5.1006999999999998,1.1179999999999926,0.21918560197619791,20314.5,20428.5,42762.720000000001,43024.720000000001,5833,5860.5,0.0055960679135860242,0.0054058078283624389,0.00019026008522358539,0,0.01,0.0023752581687974945,0.01,2.1050343350808536,1.6050343350808536,0.0174134236242071,0.02,0.57426961037682434,0.074269610376824335,4,0.040000000000000001,550,0.01,0.5262585837702134,0.026258583770213395,0.070000000000000007,0.50248590907972146,0.00248590907972146
P2_2024,2024-10-23 17:00:00,2024-10-23 21:00:00,SELL,-0.86867006000000002,0.01,5.1454000000000004,3.0579999999999927,0.59431725424650994,20290.52,19982.77,42723.190000000002,42418.190000000002,5832.6599999999999,5779.04,0.01528337964809235,0.0082000812891132226,0.0070832983589791277,0,0.01,0.0023746494585259199,0.01,2.1055739330485372,1.6055739330485372,0.017393882036669375,0.02,0.57491478779252569,0.074914787792525694,4,0.040000000000000001,550,0.01,0.52639348326213431,0.02639348326213431,0.070000000000000007,0.50305043931846005,0.003050439318460052
P2_2024,2024-10-25 17:00:00,2024-10-25 21:00:00,BUY,6.04122834,0.01,5.1364000000000001,-1.4119999999999708,-0.27490070866754357,20512.720000000001,20373.220000000001,42526.080000000002,42100.580000000002,5852.6099999999997,5810.4899999999998,-0.0068238881788181358,-0.0086394142025810333,0.0018155260237628975,0,0.01,0.0024117811940343433,0.01,2.0731565584671365,1.5731565584671365,0.017524420728529666,0.02,0.57063227109812831,0.070632271098128308,4,0.040000000000000001,550,0.01,0.51828913961678413,0.018289139616784134,0.070000000000000007,0.49930323721086228,0.00069676278913771705
P2_2024,2024-10-28 17:00:00,2024-10-28 21:00:00,SELL,-4.6826310800000002,0.01,5.0800000000000001,-0.032000000000007273,-0.0062992125984266288,20427.77,20427.02,42414.540000000001,42465.540000000001,5836.0699999999997,5838.0699999999997,3.6715401062327402e-05,-0.00077216659352165665,0.00080888199458398408,3.3881317890172014e-20,0.01,0.0024081093417493153,0.01,2.0763176793159506,1.5763176793159506,0.017501306529907969,0.02,0.57138591241236802,0.071385912412368024,4,0.040000000000000001,550,0.01,0.51907941982898764,0.019079419828987643,0.070000000000000007,0.49996267336082206,3.7326639177936993e-05
P2_2024,2024-10-30 17:00:00,2024-10-30 21:00:00,SELL,-4.4110644399999996,0.01,5.1707999999999998,0.5180000000000291,0.10017792217839196,20509.830000000002,20454.080000000002,42379.699999999997,42268.449999999997,5839.5500000000002,5827.3000000000002,0.0027219098186678282,0.0023642484513043197,0.00035766136736350854,0,0.01,0.0024197705505230103,0.01,2.0663116174049221,1.5663116174049221,0.017561139128871233,0.02,0.56943914210893021,0.069439142108930207,4,0.040000000000000001,550,0.01,0.51657790435123052,0.016577904351230521,0.070000000000000007,0.49825924934531396,0.0017407506546860407
P2_2024,2024-10-31 17:00:00,2024-10-31 21:00:00,SELL,-7.2811264600000003,0.01,5.3178000000000001,1.2779999999999927,0.24032494640640728,20045.360000000001,19914.98,41986.910000000003,41884.660000000003,5757.1199999999999,5722.75,0.0065254931591555319,0.004213071753176356,0.0023124214059791759,0,0.01,0.0023870963593177019,0.01,2.0945949586338184,1.5945949586338184,0.017409190706464347,0.02,0.57440923984403369,0.074409239844033692,4,0.040000000000000001,550,0.01,0.5236487396584546,0.023648739658454598,0.070000000000000007,0.50260808486352948,0.0026080848635294807
P2_2024,2024-11-01 17:00:00,2024-11-01 21:00:00,BUY,0.57693011000000005,0.01,5.3689,-0.13200000000000728,-0.024586041833524051,20049.959999999999,20038.959999999999,42075.379999999997,42045.379999999997,5748.7600000000002,5732.6400000000003,-0.00054878007569492875,-0.0017606410604443668,0.0012118609847494382,1.0842021724855044e-19,0.01,0.0023826237576463957,0.01,2.0985268798541243,1.5985268798541243,0.017438508478350111,0.02,0.57344353804197123,0.073443538041971235,4,0.040000000000000001,550,0.01,0.52463171996353108,0.024631719963531085,0.070000000000000007,0.50176309578672484,0.0017630957867248442
P2_2024,2024-11-05 17:00:00,2024-11-05 21:00:00,BUY,2.4660407100000001,0.01,5.6113,0.15799999999999273,0.028157467966423596,20182.84,20201.740000000002,42021.900000000001,42176.050000000003,5758.6700000000001,5771.5500000000002,0.00093600088845071944,0.0029478717280392681,-0.0020118708395885487,0,0.01,0.0024014668541879353,0.01,2.0820608001648928,1.5820608001648928,0.017523872699772691,0.02,0.57065011663373433,0.070650116633734328,4,0.040000000000000001,550,0.01,0.5205152000412232,0.020515200041223203,0.070000000000000007,0.49931885205451765,0.00068114794548235214
P2_2024,2024-11-06 17:00:00,2024-11-06 21:00:00,BUY,1.4858802,0.01,5.6986999999999997,1.8279999999999925,0.3207749135767794,20571.900000000001,20757.27,43446.050000000003,43712.050000000003,5881.9200000000001,5924.1700000000001,0.0089704798354800566,0.0066306114536660646,0.002339868381813992,0,0.01,0.0023675224790285884,0.01,2.1119123658971701,1.6119123658971701,0.017487402072792559,0.02,0.57184022866142648,0.071840228661426475,4,0.040000000000000001,550,0.01,0.52797809147429253,0.027978091474292532,0.070000000000000007,0.50036020007874815,0.00036020007874815185
P2_2024,2024-11-11 17:00:00,2024-11-11 21:00:00,SELL,-7.5741415200000004,0.01,5.7416,-0.10199999999997089,-0.017765082903715146,21079.720000000001,21087.220000000001,44526.5,44353.5,6011.9200000000001,6002.9200000000001,-0.00035572892313697141,0.0026955208882966731,-0.0030512498114336445,0,0.01,0.0023670982448654172,0.01,2.1122908653435624,1.6122908653435624,0.017531603880291156,0.02,0.57039846829085017,0.070398468290850169,4,0.040000000000000001,550,0.01,0.52807271633589059,0.028072716335890591,0.070000000000000007,0.49909865975449397,0.00090134024550603264
P2_2024,2024-11-12 17:00:00,2024-11-12 21:00:00,BUY,0.82530020999999998,0.01,5.7507999999999999,-0.56200000000000727,-0.097725533838771528,21145.349999999999,21092.220000000001,44332.830000000002,44140.830000000002,6009.6999999999998,5994.6999999999998,-0.0025157710551105533,-0.0034196833089186365,0.00090391225380808326,0,0.01,0.0023848409857886357,0.01,2.0965758429158186,1.5965758429158186,0.01759268349501639,0.02,0.56841811556677946,0.068418115566779458,4,0.040000000000000001,550,0.01,0.52414396072895464,0.024143960728954639,0.070000000000000007,0.49736585112093207,0.0026341488790679324
P2_2024,2024-11-13 17:00:00,2024-11-13 21:00:00,SELL,-1.5915422699999999,0.01,5.7279999999999998,-1.1920000000000073,-0.20810055865921914,21053.889999999999,21170.889999999999,44027.82,44082.82,5991.1099999999997,6009.8599999999997,-0.0055417837315279248,-0.0021865902517227385,-0.0033551934798051863,0,0.01,0.0023909757512409202,0.01,2.0911964487322772,1.5911964487322772,0.017570942613305381,0.02,0.56912143076647592,0.069121430766475922,4,0.040000000000000001,550,0.01,0.52279911218306929,0.022799112183069292,0.070000000000000007,0.49798125192066645,0.0020187480793335544
P2_2024,2024-11-15 17:00:00,2024-11-15 21:00:00,SELL,-3.0581081600000002,0.01,5.7289000000000003,2.5779999999999927,0.44999912723210261,20605.52,20345.150000000001,43556.129999999997,43427.129999999997,5904.1300000000001,5861.3800000000001,0.012716446820054465,0.0051165627066102606,0.007599884113444204,0,0.01,0.0023653983951283093,0.01,2.1138088240432658,1.6138088240432658,0.017450090021730553,0.02,0.57306294623964837,0.073062946239648374,4,0.040000000000000001,550,0.01,0.52845220601081644,0.028452206010816439,0.070000000000000007,0.5014300779596923,0.0014300779596922997
P2_2024,2024-11-19 17:00:00,2024-11-19 21:00:00,BUY,2.5032578000000001,0.01,5.9039999999999999,2.2779999999999929,0.38584010840108279,20480.419999999998,20710.790000000001,43060.349999999999,43416.349999999999,5869.0100000000002,5926.2600000000002,0.011185512729708469,0.0089704176871501125,0.0022150950425583564,0,0.01,0.0023781065411683832,0.01,2.102513034400662,1.602513034400662,0.017447934149030241,0.02,0.57313375409293366,0.073133754092933656,4,0.040000000000000001,550,0.01,0.52562825860016549,0.025628258600165488,0.070000000000000007,0.50149203483131699,0.0014920348313169907
P2_2024,2024-11-20 17:00:00,2024-11-20 21:00:00,SELL,-3.4795292600000001,0.01,6.1277999999999997,0.22799999999999271,0.037207480661900313,20543.540000000001,20518.540000000001,43234.57,43177.07,5889.8299999999999,5883.21,0.0012176686173225669,0.001227721435426184,-1.0052818103617163e-05,0,0.01,0.0023758233284152013,0.01,2.1045335906080451,1.6045335906080451,0.017439841217828021,0.02,0.57339971592043038,0.073399715920430375,4,0.040000000000000001,550,0.01,0.52613339765201128,0.026133397652011281,0.070000000000000007,0.50172475143037665,0.0017247514303766476
P2_2024,2024-11-21 17:00:00,2024-11-21 21:00:00,SELL,-3.9436747900000002,0.01,6.1744000000000003,-1.9120000000000072,-0.30966571650686819,20596.110000000001,20784.73,43482.690000000002,43964.440000000002,5911.9399999999996,5959.6899999999996,-0.0091163594705953345,-0.0095313145187948776,0.00041495504819954315,0,0.01,0.0023683113901186888,0.01,2.1112088641981424,1.6112088641981424,0.017419079016363498,0.02,0.57408316424800598,0.074083164248005984,4,0.040000000000000001,550,0.01,0.52780221604953559,0.027802216049535589,0.070000000000000007,0.50232276871700532,0.0023227687170053191
P2_2024,2024-11-22 17:00:00,2024-11-22 21:00:00,SELL,-1.52430391,0.01,6.1692,0.047999999999992722,0.0077805874343501134,20785.169999999998,20777.669999999998,44204.419999999998,44241.919999999998,5972.71,5967.5900000000001,0.00036089930723719443,4.8140593345970348e-06,0.00035608524790259739,0,0.01,0.0023510284718134523,0.01,2.1267288167477099,1.6267288167477099,0.01740011653001736,0.02,0.57470879478012449,0.074708794780124488,4,0.040000000000000001,550,0.01,0.53168220418692747,0.031682204186927465,0.070000000000000007,0.50287019543260902,0.002870195432609024
P2_2024,2024-11-25 17:00:00,2024-11-25 21:00:00,SELL,-2.9887639300000002,0.01,6.1711,0.8979999999999928,0.14551700669248477,20884.509999999998,20791.880000000001,44800.440000000002,44748.190000000002,6007.9700000000003,5988.2200000000003,0.0044452099872299561,0.0022298394517533135,0.0022153705354766426,0,0.01,0.0023308375989164391,0.01,2.1451515980025389,1.6451515980025389,0.017380671008676806,0.02,0.57535177985981001,0.075351779859810009,4,0.040000000000000001,550,0.01,0.53628789950063471,0.036287899500634713,0.070000000000000007,0.50343280737733376,0.0034328073773337575
P2_2024,2024-11-26 17:00:00,2024-11-26 21:00:00,BUY,1.2877840899999999,0.01,6.2850999999999999,-0.1520000000000073,-0.024184181635933763,20913.5,20912.25,44605.040000000001,44779.790000000001,6005.4499999999998,6016.9499999999998,-5.9771791318593558e-05,0.0029115802893472024,-0.0029713520806657961,1.2197274440461925e-19,0.01,0.0023442978640978687,0.01,2.1328347717981209,1.6328347717981209,0.017412100675220008,0.02,0.57431324264231243,0.074313242642312427,4,0.040000000000000001,550,0.01,0.53320869294953022,0.033208692949530216,0.070000000000000007,0.50252408731202336,0.0025240873120233598
P2_2024,2024-11-27 17:00:00,2024-11-27 21:00:00,SELL,-4.1579095500000003,0.01,6.3122999999999996,0.4679999999999927,0.074140962881991151,20803.950000000001,20754.700000000001,44955.919999999998,44785.669999999998,6017.5900000000001,6002.4700000000003,0.0023701454717861528,0.0031550138562347002,-0.00078486838444854741,0,0.01,0.0023138165118186883,0.01,2.1609319384059273,1.6609319384059273,0.0172859483613872,0.02,0.57850456283542318,0.078504562835423175,4,0.040000000000000001,550,0.01,0.54023298460148184,0.040232984601481836,0.070000000000000007,0.50619149248099526,0.0061914924809952643
P2_2024,2024-12-02 17:00:00,2024-12-02 21:00:00,BUY,7.39562162,0.01,6.3460000000000001,0.53799999999999282,0.08477781279546058,21115.119999999999,21171.25,44806.510000000002,44860.260000000002,6042.25,6051.6300000000001,0.0026547576898084133,0.0013750408136515057,0.0012797168761569076,0,0.01,0.0023562558208617451,0.01,2.1220106729206374,1.6220106729206374,0.017472895030824609,0.02,0.5723150046033364,0.072315004603336397,4,0.040000000000000001,550,0.01,0.53050266823015935,0.030502668230159347,0.070000000000000007,0.50077562902791939,0.00077562902791938892
P2_2024,2024-12-03 17:00:00,2024-12-03 21:00:00,BUY,1.0430957300000001,0.01,6.3676000000000004,0.26799999999999274,0.042088070858721141,21163.360000000001,21192.73,44749.959999999999,44732.459999999999,6047.0100000000002,6047.8900000000003,0.0013868137831966776,-0.000122811203911713,0.0015096249871083907,0,0.01,0.0023646233426800828,0.01,2.1145016670320782,1.6145016670320782,0.017499028445463128,0.02,0.5714602974196914,0.071460297419691399,4,0.040000000000000001,550,0.01,0.52862541675801955,0.028625416758019551,0.070000000000000007,0.50002776024223006,2.7760242230057131e-05
P2_2024,2024-12-04 17:00:00,2024-12-04 21:00:00,SELL,-1.71097575,0.01,6.3728999999999996,-0.64200000000000723,-0.10073906698677325,21380.869999999999,21435.369999999999,44976.610000000001,44904.860000000001,6072.3900000000003,6073.1400000000003,-0.0025457643844559855,0.00073652260459874019,-0.0032822869890547259,0,0.01,0.0023768876756162811,0.01,2.1035912009193267,1.6035912009193267,0.017604987492568822,0.02,0.5680208522852439,0.068020852285243905,4,0.040000000000000001,550,0.01,0.52589780022983168,0.02589780022983168,0.070000000000000007,0.49701824574958836,0.002981754250411639
P2_2024,2024-12-05 17:00:00,2024-12-05 21:00:00,SELL,-1.8989466500000001,0.01,6.3472,0.13799999999999271,0.021741870431055067,21475.150000000001,21458.650000000001,45063.019999999997,44901.769999999997,6090.6499999999996,6086.6499999999996,0.00076862522359205448,0.0021208498527381186,-0.0013522246291460642,1.0842021724855044e-19,0.01,0.0023827908116233671,0.01,2.0983797552054351,1.5983797552054351,0.017629604393619731,0.02,0.56722770271686096,0.06722770271686096,4,0.040000000000000001,550,0.01,0.52459493880135877,0.024594938801358768,0.070000000000000007,0.49632423987725344,0.0036757601227465631
P2_2024,2024-12-06 17:00:00,2024-12-06 21:00:00,BUY,3.9942007099999999,0.01,6.3002000000000002,0.47799999999999271,0.075870607282307337,21573.459999999999,21624.080000000002,44856.300000000003,44683.050000000003,6100.7200000000003,6091.1000000000004,0.0023436530492283894,-0.0027239597035738205,0.0050676127528022103,4.3368086899420177e-19,0.01,0.0024047302162683946,0.01,2.0792353196937352,1.5792353196937352,0.017681076987634246,0.02,0.56557640730786818,0.065576407307868179,4,0.040000000000000001,550,0.01,0.5198088299234338,0.019808829923433802,0.070000000000000007,0.49487935639438468,0.005120643605615316
P2_2024,2024-12-09 17:00:00,2024-12-09 21:00:00,BUY,0.76975930000000004,0.01,6.3231999999999999,-0.96199999999997088,-0.15213815789473223,21596.150000000001,21502.150000000001,44665.110000000001,44569.110000000001,6085.9499999999998,6071.4499999999998,-0.0043621279286595515,-0.0022685106712913056,-0.0020936172573682459,0,0.01,0.0024175637315121358,0.01,2.06819780377521,1.56819780377521,0.017742628513214866,0.02,0.56361434792775555,0.063614347927755555,4,0.040000000000000001,550,0.01,0.5170494509438025,0.017049450943802502,0.070000000000000007,0.49316255443678614,0.006837445563213862
P2_2024,2024-12-10 17:00:00,2024-12-10 21:00:00,BUY,1.9753728500000001,0.01,6.2847999999999997,-0.96200000000000718,-0.15306771894093801,21521.709999999999,21428.209999999999,44348.839999999997,44408.839999999997,6061.96,6052.21,-0.0043539148712391047,-0.00012884482382730339,-0.0042250700474118011,0,0.01,0.0024264118294864082,0.01,2.0606559608878663,1.5606559608878663,0.017751445077169758,0.02,0.56333441905870862,0.063334419058708624,4,0.040000000000000001,550,0.01,0.51516399022196657,0.015163990221966572,0.070000000000000007,0.49291761667637013,0.0070823833236298706
P2_2024,2024-12-11 17:00:00,2024-12-11 21:00:00,BUY,8.5580505799999997,0.01,6.2840999999999996,0.93799999999999273,0.14926560684903054,21673.549999999999,21771.049999999999,44208.010000000002,44252.010000000002,6077.7399999999998,6090.2399999999998,0.0044884825129040493,0.0015246866143511346,0.0029637958985529148,0,0.01,0.0024513148182874552,0.01,2.0397216884174489,1.5397216884174489,0.017830270791445505,0.02,0.5608439780285186,0.060843978028518597,4,0.040000000000000001,550,0.01,0.50993042210436224,0.0099304221043622354,0.070000000000000007,0.4907384807749538,0.0092615192250461997
P2_2024,2024-12-13 17:00:00,2024-12-13 21:00:00,BUY,3.2535316399999998,0.01,6.2384000000000004,-1.0920000000000074,-0.17504488330341231,21862.25,21755.5,43878.910000000003,43853.160000000003,6070.2399999999998,6049.4899999999998,-0.0048948060427834294,-0.0020055932923128171,-0.0028892127504706122,0,0.01,0.0024912024934074248,0.01,2.0070628594952487,1.5070628594952487,0.018007731160547196,0.02,0.55531704193301235,0.055317041933012345,4,0.040000000000000001,550,0.01,0.50176571487381216,0.0017657148738121631,0.070000000000000007,0.48590241169138587,0.014097588308614128
P2_2024,2024-12-16 17:00:00,2024-12-16 21:00:00,BUY,2.3204026,0.01,6.1260000000000003,1.4379999999999926,0.23473718576558808,21960.990000000002,22106.869999999999,43867.629999999997,43833.879999999997,6072.2200000000003,6085.9700000000003,0.0066207223529576751,0.00074609734104586932,0.0058746250119118062,8.6736173798840355e-19,0.01,0.0025030973863871837,0.01,1.9975251571081265,1.4975251571081265,0.018083163982859647,0.02,0.55300057055715612,0.053000570557156124,4,0.040000000000000001,550,0.01,0.49938128927703163,0.00061871072296837415,0.070000000000000007,0.48387549923751166,0.016124500762488336
P2_2024,2024-12-19 17:00:00,2024-12-19 21:00:00,SELL,-1.63585124,0.01,6.181,-0.20200000000000728,-0.03268079598770543,21280.27,21297.900000000001,42568,42643.75,5906.5799999999999,5912.0799999999999,-0.00082812394274056958,-0.0013543279633272882,0.00052620402058671859,0,0.01,0.0024995618774666419,0.01,2.0003505594618862,1.5003505594618862,0.018014036887674424,0.02,0.55512265586855802,0.055122655868558024,4,0.040000000000000001,550,0.01,0.50008763986547156,8.7639865471556e-05,0.070000000000000007,0.48573232388498833,0.014267676115011674
P2_2024,2024-12-26 17:00:00,2024-12-26 21:00:00,SELL,-1.1050177699999999,0.01,6.0743999999999998,-0.62199999999997091,-0.10239694455418986,21679.360000000001,21738.740000000002,43139.220000000001,43241.220000000001,6014.0100000000002,6028.0100000000002,-0.0027352664912494488,-0.0023434195976118517,-0.00039184689363759703,0,0.01,0.0025127204432532622,0.01,1.9898751623664168,1.4898751623664168,0.018024047183160651,0.02,0.55481434876306313,0.054814348763063125,4,0.040000000000000001,550,0.01,0.4974687905916042,0.0025312094083957959,0.070000000000000007,0.48546255516768033,0.014537444832319668
P2_2024,2024-12-27 17:00:00,2024-12-27 21:00:00,SELL,-7.7194658499999997,0.01,6.0495000000000001,0.32799999999999274,0.054219356971649348,21420.889999999999,21393.759999999998,43114.440000000002,42840.940000000002,5977.4899999999998,5948.2399999999998,0.0012673233872585482,0.0056345791396753397,-0.0043672557524167916,2.1684043449710089e-19,0.01,0.0024841897517397884,0.01,2.012728696146612,1.512728696146612,0.017917963894544368,0.02,0.55809912660024863,0.05809912660024863,4,0.040000000000000001,550,0.01,0.503182174036653,0.003182174036652996,0.070000000000000007,0.48833673577521758,0.011663264224782421
P2_2024,2024-12-31 17:00:00,2024-12-31 21:00:00,SELL,-1.7900939,0.01,6.1029999999999998,2.087999999999993,0.34212682287399526,21173.599999999999,20959.599999999999,42649.540000000001,42388.540000000001,5909.7200000000003,5862.7200000000003,0.010158347348624882,0.0070616194894025982,0.0030967278592222841,0,0.01,0.0024822776517636532,0.01,2.0142791022783091,1.5142791022783091,0.017914215901937824,0.02,0.55821589148751283,0.058215891487512827,4,0.040000000000000001,550,0.01,0.50356977556957727,0.0035697755695772715,0.070000000000000007,0.48843890505157378,0.01156109494842622
P3_2025,2025-01-03 17:00:00,2025-01-03 21:00:00,BUY,5.3316508200000001,0.01,3.7847,1.2179999999999926,0.32182207308372995,21132.540000000001,21256.91,42390.25,42611.75,5888.4700000000003,5922.3500000000004,0.0058679863443323824,0.0054743909263275728,0.00039359541800480964,0,0.01,0.0024926179958834876,0.01,2.0059230930120089,1.5059230930120089,0.017943999035403085,0.02,0.5572893745853551,0.057289374585355102,4,0.040000000000000001,550,0.01,0.50148077325300222,0.0014807732530022211,0.070000000000000007,0.48762820276218577,0.01237179723781423
P3_2025,2025-01-06 17:00:00,2025-01-06 21:00:00,BUY,1.9511333399999999,0.01,3.8502999999999998,-1.1520000000000075,-0.29919746513258905,21577.5,21464.869999999999,42879.809999999998,42692.559999999998,5990.2700000000004,5967.2700000000004,-0.0052334598243278293,-0.004111684728463085,-0.0011217750958647443,0,0.01,0.0025160442641886708,0.01,1.9872464372610357,1.4872464372610357,0.018010456957699737,0.02,0.55523299733518716,0.055232997335187162,4,0.040000000000000001,550,0.01,0.49681160931525892,0.0031883906847410826,0.070000000000000007,0.48582887266828884,0.014171127331711164
P3_2025,2025-01-07 17:00:00,2025-01-07 21:00:00,SELL,-2.8329198400000002,0.01,3.8904999999999998,2.5779999999999927,0.6626397635265372,21474.509999999998,21202.009999999998,42805.260000000002,42559.010000000002,5973.75,5919.25,0.012770661876253359,0.0074672639886921594,0.0053033978875611995,0,0.01,0.0025083961643966183,0.01,1.9933055515585691,1.4933055515585691,0.017974061519146264,0.02,0.55635728126043393,0.056357281260433933,4,0.040000000000000001,550,0.01,0.49832638788964229,0.001673612110357714,0.070000000000000007,0.48681262110287971,0.013187378897120294
P3_2025,2025-01-08 17:00:00,2025-01-08 21:00:00,BUY,2.22723117,0.01,3.9415,-0.21200000000000729,-0.053786629455792795,21108.91,21089.66,42241.389999999999,42360.389999999999,5882.6400000000003,5887.0100000000002,-0.00091235325440122597,0.0017778846988460778,-0.0026902379532473038,1.0842021724855044e-19,0.01,0.0024986050411693367,0.01,2.0011165901034209,1.5011165901034209,0.017941697945140278,0.02,0.5573608490443136,0.0573608490443136,4,0.040000000000000001,550,0.01,0.50027914752585523,0.00027914752585522784,0.070000000000000007,0.4876907429137744,0.0123092570862256
P3_2025,2025-01-13 17:00:00,2025-01-13 21:00:00,SELL,-3.7405572500000002,0.01,3.6598000000000002,-0.93200000000000727,-0.25465872452046756,20584.330000000002,20675.200000000001,42034.57,42116.07,5785.3599999999997,5808.1099999999997,-0.0044048076613620313,-0.0029308156138402176,-0.0014739920475218137,0,0.01,0.0024485001273951419,0.01,2.0420664651217697,1.5420664651217697,0.017790016524468662,0.02,0.56211302481062042,0.062113024810620421,4,0.040000000000000001,550,0.01,0.51051661628044243,0.010516616280442426,0.070000000000000007,0.49184889670929294,0.0081511032907070624
P3_2025,2025-01-16 17:00:00,2025-01-16 21:00:00,SELL,-3.4814352,0.01,4.0000999999999998,0.84799999999999276,0.21199470013249488,21171.82,21084.32,43055.360000000001,43020.110000000001,5931.2200000000003,5922.9700000000003,0.0041414159012968634,0.0011054809256114077,0.0030359349756854557,0,0.01,0.0024586741348812317,0.01,2.0336163825311191,1.5336163825311191,0.017847778366002272,0.02,0.56029382452713095,0.060293824527130946,4,0.040000000000000001,550,0.01,0.50840409563277977,0.0084040956327797733,0.070000000000000007,0.49025709646123961,0.0097429035387603946
P3_2025,2025-01-17 17:00:00,2025-01-17 21:00:00,SELL,-1.8462216300000001,0.01,3.9889000000000001,-1.2820000000000074,-0.32139186241821238,21303.41,21429.279999999999,43390.440000000002,43475.440000000002,5970.6300000000001,5994.1300000000001,-0.0058910573624860697,-0.0029426240716043384,-0.0029484332908817313,0,0.01,0.0024548506537384733,0.01,2.0367837825024258,1.5367837825024258,0.01784016929536749,0.02,0.56053279733150707,0.060532797331507071,4,0.040000000000000001,550,0.01,0.50919594562560644,0.0091959456256064387,0.070000000000000007,0.49046619766506871,0.009533802334931285
P3_2025,2025-01-21 17:00:00,2025-01-21 21:00:00,SELL,-4.4327937000000004,0.01,4.0106999999999999,-1.2420000000000073,-0.30967162839404777,21443.599999999999,21565.470000000001,43712.309999999998,43895.059999999998,6016.8400000000001,6037.8400000000001,-0.0056671918818692931,-0.0038280785055236177,-0.0018391133763456754,0,0.01,0.0024528102038075773,0.01,2.0384781473260087,1.5384781473260087,0.017819652841026185,0.02,0.56117816038351775,0.061178160383517755,4,0.040000000000000001,550,0.01,0.50961953683150218,0.0096195368315021845,0.070000000000000007,0.49103089033557806,0.008969109664421937
P3_2025,2025-01-22 17:00:00,2025-01-22 21:00:00,BUY,3.04921665,0.01,4.1238999999999999,0.10799999999999271,0.026188801862313031,21830.169999999998,21843.669999999998,44083.639999999999,44069.639999999999,6077.25,6082.5,0.00061821907256020929,0.0002729380395470905,0.00034528103301311879,0,0.01,0.0024759944959173059,0.01,2.0193905956756182,1.5193905956756182,0.017960566045497551,0.02,0.55677532515779771,0.056775325157797707,4,0.040000000000000001,550,0.01,0.50484764891890455,0.0048476489189045457,0.070000000000000007,0.48717840951307301,0.012821590486926993
P3_2025,2025-01-23 17:00:00,2025-01-23 21:00:00,SELL,-0.65247575999999996,0.01,4.1266999999999996,-0.59200000000000719,-0.14345603024208381,21717.630000000001,21774.630000000001,44198.980000000003,44436.980000000003,6074.4300000000003,6089.6800000000003,-0.0026211575408917527,-0.0039388356467374994,0.0013176781058457467,0,0.01,0.0024568021705478273,0.01,2.0351658997781987,1.5351658997781987,0.017876269872234927,0.02,0.55940081859760937,0.059400818597609373,4,0.040000000000000001,550,0.01,0.50879147494454968,0.008791474944549682,0.070000000000000007,0.48947571627290826,0.010524283727091743
P3_2025,2025-01-24 17:00:00,2025-01-24 21:00:00,BUY,1.1623579900000001,0.01,4.1153000000000004,-1.9220000000000075,-0.46703764002624532,21881.080000000002,21691.330000000002,44365.610000000001,44349.860000000001,6113.4899999999998,6084.8699999999999,-0.0087096949429943341,-0.0025237552013405544,-0.0061859397416537797,0,0.01,0.0024659956213833197,0.01,2.0275786204337263,1.5275786204337263,0.017895735496418579,0.02,0.55879234480199325,0.058792344801993246,4,0.040000000000000001,550,0.01,0.50689465510843157,0.0068946551084315688,0.070000000000000007,0.4889433017017441,0.011056698298255896
P3_2025,2025-01-27 17:00:00,2025-01-27 21:00:00,BUY,1.8454231000000001,0.01,4.0099999999999998,-1.8320000000000072,-0.45685785536159784,21166.869999999999,20986.119999999999,44267.919999999998,44488.169999999998,5996.5100000000002,5977.1400000000003,-0.0085759566664582298,0.00086380463438579989,-0.0094397613008440299,0,0.01,0.0023907685294452508,0.01,2.0913777048755908,1.5913777048755908,0.017649324357000989,0.02,0.56659392720794344,0.066593927207943437,4,0.040000000000000001,550,0.01,0.52284442621889771,0.022844426218897707,0.070000000000000007,0.49576968630695051,0.0042303136930494922
P3_2025,2025-01-29 17:00:00,2025-01-29 21:00:00,SELL,-2.64203995,0.01,3.9062999999999999,0.50799999999999279,0.13004633540690494,21360.919999999998,21308.169999999998,44829.849999999999,44718.099999999999,6044.6499999999996,6026.7700000000004,0.0024725170784389238,0.0027291209803730161,-0.0002566039019340923,0,0.01,0.0023824438404322118,0.01,2.0986853562487009,1.5986853562487009,0.01766927779110453,0.02,0.56595408811980008,0.065954088119800081,4,0.040000000000000001,550,0.01,0.52467133906217522,0.024671339062175224,0.070000000000000007,0.49520982710482508,0.0047901728951749156
P3_2025,2025-01-30 17:00:00,2025-01-30 21:00:00,SELL,-1.02783227,0.01,3.7886000000000002,0.6379999999999928,0.16839993665205955,21518.75,21452.5,44761.669999999998,44930.169999999998,6061.5799999999999,6062.3299999999999,0.0030834594055579407,-0.0019405181774977897,0.0050239775830557302,0,0.01,0.0024037027662283379,0.01,2.0801240778390939,1.5801240778390939,0.017750116306309575,0.02,0.56337659018297992,0.063376590182979919,4,0.040000000000000001,550,0.01,0.52003101945977348,0.02003101945977348,0.070000000000000007,0.49295451641010751,0.0070454835898924872
P3_2025,2025-02-03 17:00:00,2025-02-03 21:00:00,BUY,0.56333180000000005,0.01,3.8111999999999999,2.4580000000000291,0.64494122586062896,21076.990000000002,21324.990000000002,43887.75,44452,5931.4499999999998,6000.1999999999998,0.01169770034048139,0.012149408477782501,-0.00045170813730111177,0,0.01,0.0024012383865657273,0.01,2.0822588993969253,1.5822588993969253,0.017767147999224474,0.02,0.56283653405918022,0.062836534059180216,4,0.040000000000000001,550,0.01,0.52056472484923133,0.020564724849231331,0.070000000000000007,0.49248196730178267,0.0075180326982173251
P3_2025,2025-02-04 17:00:00,2025-02-04 21:00:00,BUY,2.9911741200000002,0.01,3.9095,0.60799999999999277,0.1555186085177114,21422.18,21485.18,44310.059999999998,44419.059999999998,6002.0500000000002,6019.4300000000003,0.0029365612460332895,0.0026742051046939152,0.00026235614133937428,0,0.01,0.0024173043322441904,0.01,2.0684197406613145,1.5684197406613145,0.017845719379212102,0.02,0.56035846958619528,0.060358469586195285,4,0.040000000000000001,550,0.01,0.51710493516532863,0.017104935165328627,0.070000000000000007,0.49031366088792094,0.0096863391120790565
P3_2025,2025-02-05 17:00:00,2025-02-05 21:00:00,BUY,1.4521090400000001,0.01,3.9933000000000001,1.4379999999999926,0.36010317281446236,21430.279999999999,21576.779999999999,44416.18,44720.43,6012.7700000000004,6041.8999999999996,0.0068128612674436921,0.0058298089317231844,0.0009830523357205077,0,0.01,0.0024124406916578595,0.01,2.0725898121723096,1.5725898121723096,0.017820638407921804,0.02,0.56114712453593707,0.06114712453593707,4,0.040000000000000001,550,0.01,0.51814745304307741,0.018147453043077411,0.070000000000000007,0.49100373396894498,0.0089962660310550224
P3_2025,2025-02-06 17:00:00,2025-02-06 21:00:00,BUY,1.1306401800000001,0.01,4.0876999999999999,0.23799999999999272,0.058223450840324077,21659.509999999998,21685.259999999998,44839.050000000003,44631.300000000003,6065.1800000000003,6064.1800000000003,0.0011881480985717935,-0.0024044470473966479,0.0035925951459684414,0,0.01,0.0024152507691398454,0.01,2.070178411238297,1.570178411238297,0.01785562011350034,0.02,0.56004775731306944,0.060047757313069439,4,0.040000000000000001,550,0.01,0.51754460280957426,0.017544602809574261,0.070000000000000007,0.49004178764893586,0.009958212351064144
P3_2025,2025-02-11 17:00:00,2025-02-11 21:00:00,BUY,3.1855833200000001,0.01,4.1188000000000002,0.21799999999999273,0.0529280372924135,21661.57,21687.07,44329.040000000001,44450.290000000001,6045.1499999999996,6058.3999999999996,0.0011765076339815726,0.0024604672635121861,-0.0012839596295306135,0,0.01,0.002443270822016448,0.01,2.0464370772755625,1.5464370772755625,0.017916486770386177,0.02,0.55814513906425056,0.058145139064250562,4,0.040000000000000001,550,0.01,0.51160926931889061,0.011609269318890614,0.070000000000000007,0.48837699668121931,0.011623003318780689
P3_2025,2025-02-12 17:00:00,2025-02-12 21:00:00,BUY,4.0479150800000001,0.01,4.1275000000000004,1.1479999999999926,0.27813446396123381,21564.43,21681.18,44204.629999999997,44337.629999999997,6025.5200000000004,6044.2700000000004,0.0053994051021528542,0.003055575265257353,0.0023438298368955012,0,0.01,0.0024391596536380922,0.01,2.0498863174217909,1.5498863174217909,0.017894248131281616,0.02,0.55883879147280957,0.058838791472809571,4,0.040000000000000001,550,0.01,0.51247157935544774,0.012471579355447737,0.070000000000000007,0.48898394253870847,0.011016057461291529
P3_2025,2025-02-13 17:00:00,2025-02-13 21:00:00,BUY,2.4138870799999999,0.01,4.3223000000000003,0.74799999999999278,0.17305601184554351,21811.009999999998,21887.889999999999,44375.980000000003,44539.980000000003,6060.2399999999998,6084.2399999999998,0.0035186276688550086,0.0038206494145698175,-0.00030202174571480889,0,0.01,0.0024575243183361808,0.01,2.03456786274455,1.53456786274455,0.017995170158277559,0.02,0.5557046647541769,0.055704664754176902,4,0.040000000000000001,550,0.01,0.50864196568613751,0.0086419656861375094,0.070000000000000007,0.48624158165990483,0.013758418340095169
P3_2025,2025-02-18 17:00:00,2025-02-18 21:00:00,SELL,-0.81125285000000003,0.01,4.3604000000000003,0.41799999999999271,0.095862764883953927,22109.810000000001,22065.93,44366.540000000001,44402.040000000001,6112.3000000000002,6107.8000000000002,0.0019866114039738827,-3.1670522320851582e-05,0.0020182819262947343,0,0.01,0.002491721238573033,0.01,2.0066450141362591,1.5066450141362591,0.018086325932954863,0.02,0.55290389198278955,0.052903891982789553,4,0.040000000000000001,550,0.01,0.50166125353406477,0.0016612535340647661,0.070000000000000007,0.48379090548494086,0.016209094515059141
P3_2025,2025-02-19 17:00:00,2025-02-19 21:00:00,SELL,-1.1910718,0.01,4.3958000000000004,-0.67200000000000726,-0.15287319714272879,22078.369999999999,22143.5,44375.110000000001,44381.860000000001,6110.4700000000003,6126.7200000000003,-0.0029456034804556971,-0.0014039703824421327,-0.0015416330980135644,0,0.01,0.0024876974952850817,0.01,2.0098906758062305,1.5098906758062305,0.018066016198426633,0.02,0.55352546406279091,0.053525464062790906,4,0.040000000000000001,550,0.01,0.50247266895155762,0.0024726689515576217,0.070000000000000007,0.48433478105494215,0.015665218945057846
P3_2025,2025-02-20 17:00:00,2025-02-20 21:00:00,SELL,-5.0451294100000004,0.01,4.4175000000000004,-0.6020000000000072,-0.13627617430673619,21920.509999999998,21978.509999999998,44258.279999999999,43986.279999999999,6094.6599999999999,6096.4099999999999,-0.0026424295461915451,0.0029388050450823624,-0.0055812345912739075,0,0.01,0.0024764303990123431,0.01,2.0190351410619556,1.5190351410619556,0.017983373969999966,0.02,0.55606917904738529,0.056069179047385287,4,0.040000000000000001,550,0.01,0.5047587852654889,0.0047587852654888962,0.070000000000000007,0.48656053166646224,0.013439468333537763
P3_2025,2025-02-21 17:00:00,2025-02-21 21:00:00,SELL,-2.5232472700000002,0.01,4.4509999999999996,3.1879999999999931,0.71624354077735186,22007.91,21685.529999999999,43768.879999999997,43419.629999999997,6093.5900000000001,6025.9700000000003,0.014756716345490974,0.0095851781589742623,0.0051715381865167116,0,0.01,0.00251410477032997,0.01,1.9887794888292434,1.4887794888292434,0.018058246452419675,0.02,0.55376362407879709,0.05376362407879709,4,0.040000000000000001,550,0.01,0.49719487220731085,0.0028051277926891549,0.070000000000000007,0.48454317106894751,0.015456828931052491
P3_2025,2025-02-24 17:00:00,2025-02-24 21:00:00,SELL,-4.7043469,0.01,4.5666000000000002,-0.44200000000000728,-0.09678973415670461,21490.779999999999,21532.41,43429.209999999999,43626.209999999999,5998.6499999999996,6017.6499999999996,-0.0019352359967966084,-0.0038441170427478653,0.001908881045951257,0,0.01,0.0024742310532473418,0.01,2.0208298628528145,1.5208298628528145,0.017913013761429654,0.02,0.55825335329848436,0.058253353298484356,4,0.040000000000000001,550,0.01,0.50520746571320363,0.0052074657132036295,0.070000000000000007,0.48847168413617381,0.011528315863826188
P3_2025,2025-02-25 17:00:00,2025-02-25 21:00:00,SELL,-4.0993106299999997,0.01,4.5975000000000001,0.59799999999999276,0.13007069059271184,21188.48,21126.599999999999,43540.760000000002,43575.510000000002,5963.6899999999996,5958.3199999999997,0.0029247277382100467,5.153521890932601e-05,0.0028731925193007206,0,0.01,0.0024331775559269064,0.01,2.0549260730359138,1.5549260730359138,0.017764571934490225,0.02,0.56291815175038507,0.062918151750385065,4,0.040000000000000001,550,0.01,0.51373151825897845,0.013731518258978448,0.070000000000000007,0.49255338278158695,0.0074466172184130541
P3_2025,2025-02-27 17:00:00,2025-02-27 21:00:00,SELL,-9.3378741400000003,0.01,4.6166999999999998,-0.46199999999997093,-0.10007147962829964,20942.330000000002,20986.330000000002,43540.110000000001,43665.110000000001,5935.4399999999996,5947.9399999999996,-0.0020988038325852974,-0.0024852910787251572,0.00038648724613985982,0,0.01,0.0024049468409703145,0.01,2.0790480333372647,1.5790480333372647,0.017641767080452335,0.02,0.56683664138613032,0.066836641386130324,4,0.040000000000000001,550,0.01,0.51976200833431618,0.019762008334316183,0.070000000000000007,0.49598206121286403,0.0040179387871359662
P3_2025,2025-03-03 17:00:00,2025-03-03 21:00:00,SELL,-4.09532264,0.01,4.7468000000000004,0.8979999999999928,0.18918007921125657,20786.049999999999,20694.299999999999,43895.779999999999,43459.279999999999,5934.9300000000003,5901.8100000000004,0.0044237885952353997,0.0077949650959426948,-0.0033711765007072951,0,0.01,0.0023676592601840087,0.01,2.1117903593996936,1.6117903593996936,0.017511621872541041,0.02,0.57104933356746479,0.07104933356746479,4,0.040000000000000001,550,0.01,0.5279475898499234,0.027947589849923404,0.070000000000000007,0.4996681668715317,0.00033183312846829516
P3_2025,2025-03-04 17:00:00,2025-03-04 21:00:00,BUY,1.9658722099999999,0.01,4.6731999999999996,2.667999999999993,0.57091500470769352,20181.18,20450.560000000001,42594.260000000002,42773.260000000002,5766.8999999999996,5812.3999999999996,0.013259779024647011,0.0060262652958016777,0.0072335137288453335,0,0.01,0.002369002302188135,0.01,2.1105931367739648,1.6105931367739648,0.017497424959683715,0.02,0.57151266675189449,0.071512666751894494,4,0.040000000000000001,550,0.01,0.52764828419349119,0.02764828419349119,0.070000000000000007,0.50007358340790775,7.3583407907751308e-05
P3_2025,2025-03-06 17:00:00,2025-03-06 21:00:00,BUY,0.52521653999999995,0.01,4.8982999999999999,-1.6220000000000072,-0.33113529183594459,20237.580000000002,20074.450000000001,42459.120000000003,42479.620000000003,5753.1499999999996,5729.8999999999996,-0.0080934098561434836,-0.0017833757455161386,-0.0063100341106273449,0,0.01,0.0023831841074426416,0.01,2.0980334605224535,1.5980334605224535,0.017588260344333109,0.02,0.56856106313106591,0.068561063131065914,4,0.040000000000000001,550,0.01,0.52450836513061339,0.024508365130613385,0.070000000000000007,0.49749093023968277,0.0025090697603172285
P3_2025,2025-03-10 17:00:00,2025-03-10 21:00:00,SELL,-0.93299200000000004,0.01,4.7202000000000002,3.6759999999999855,0.77878056014575348,19879.07,19509.049999999999,42348,42248.5,5693.5799999999999,5638.3800000000001,0.018788958978554812,0.0060473891698410364,0.012741569808713774,0,0.01,0.0023471084821006898,0.01,2.130280742509584,1.630280742509584,0.01745744329578227,0.02,0.57282156559637842,0.072821565596378424,4,0.040000000000000001,550,0.01,0.532570185627396,0.032570185627395998,0.070000000000000007,0.50121886989683118,0.0012188698968311762
P3_2025,2025-03-17 17:00:00,2025-03-17 21:00:00,SELL,-1.90401865,0.01,4.5237999999999996,-0.27200000000000729,-0.060126442371459241,19779.209999999999,19804.09,41684.959999999999,41899.709999999999,5665.1800000000003,5679.4300000000003,-0.0012570959609971982,-0.0038253604685781961,0.0025682645075809979,0,0.01,0.002372463593583873,0.01,2.1075138996956904,1.6075138996956904,0.017456823966758336,0.02,0.57284188802282798,0.072841888022827983,4,0.040000000000000001,550,0.01,0.52687847492392259,0.026878474923922591,0.070000000000000007,0.50123665201997458,0.0012366520199745823
P3_2025,2025-03-18 17:00:00,2025-03-18 21:00:00,SELL,-4.5467504400000003,0.01,4.6230000000000002,-0.4120000000000073,-0.089119619294831767,19457.549999999999,19496.299999999999,41619.379999999997,41569.379999999997,5614.9499999999998,5614.9499999999998,-0.0019895344250614941,0.00060104280939965676,-0.0025905772344611507,0,0.01,0.0023375588487863108,0.01,2.1389835822084486,1.6389835822084486,0.017326556781449523,0.02,0.57714871605109574,0.077148716051095745,4,0.040000000000000001,550,0.01,0.53474589555211216,0.03474589555211216,0.070000000000000007,0.50500512654470886,0.00500512654470886
P3_2025,2025-03-19 17:00:00,2025-03-19 21:00:00,SELL,-0.50608496000000003,0.01,4.5130999999999997,-0.037500000000000006,-0.0083091444904832609,19611.150000000001,19596.869999999999,41803.050000000003,41684.400000000001,5646.9200000000001,5639.04,0.00072842243150329289,0.0021193854018499089,-0.0013909629703466159,1.0842021724855044e-19,0.01,0.002345660185082189,0.01,2.1315960563251006,1.6315960563251006,0.017364465938954333,0.02,0.57588871636798455,0.075888716367984554,4,0.040000000000000001,550,0.01,0.53289901408127516,0.032899014081275157,0.070000000000000007,0.5039026268219865,0.003902626821986499
P3_2025,2025-03-20 17:00:00,2025-03-20 21:00:00,BUY,1.30641235,0.01,4.5560999999999998,-0.87200000000000721,-0.19139176049691781,19721.279999999999,19636.16,41943.489999999998,41928.239999999998,5672.6400000000003,5657.0200000000004,-0.0043254913284674649,-0.0015605082954182705,-0.0027649830330491944,0,0.01,0.0023509345550406036,0.01,2.1268137767933926,1.6268137767933926,0.017382805889321371,0.02,0.57528111765564927,0.075281117655649266,4,0.040000000000000001,550,0.01,0.53170344419834814,0.031703444198348141,0.070000000000000007,0.50337097794869312,0.0033709779486931213
P3_2025,2025-03-21 17:00:00,2025-03-21 21:00:00,BUY,2.0820907000000002,0.01,4.5583,1.3579999999999928,0.2979180834960386,19509.369999999999,19647.740000000002,41547.019999999997,41937.019999999997,5618.8900000000003,5649.8900000000003,0.0070674559972562613,0.0074225557963212199,-0.00035509979906495851,0,0.01,0.0023478663451674754,0.01,2.1295931134629154,1.6295931134629154,0.01736051960440585,0.02,0.57601962544151875,0.076019625441518746,4,0.040000000000000001,550,0.01,0.53239827836572884,0.032398278365728839,0.070000000000000007,0.50401717226132892,0.0040171722613289162
P3_2025,2025-03-26 17:00:00,2025-03-26 21:00:00,SELL,-8.2928997599999992,0.01,4.8163,2.2779999999999929,0.47297718165396524,20120.380000000001,19887.630000000001,42752.980000000003,42385.980000000003,5760.2399999999998,5703.2399999999998,0.011635301321239645,0.0092829797393208218,0.0023523215819188231,0,0.01,0.0023530967899781487,0.01,2.1248594708449842,1.6248594708449842,0.017464879935558241,0.02,0.57257765509398928,0.07257765509398928,4,0.040000000000000001,550,0.01,0.53121486771124604,0.031214867711246042,0.070000000000000007,0.50100544820724069,0.001005448207240689
P3_2025,2025-03-27 17:00:00,2025-03-27 21:00:00,BUY,1.21705281,0.01,4.9787999999999997,-0.64200000000000723,-0.12894673415280936,19883.57,19821.689999999999,42402.650000000001,42242.650000000001,5706.3699999999999,5689.5,-0.0031169698976707687,-0.0033706050051195069,0.00025363510744873816,0,0.01,0.0023446140748278705,0.01,2.1325471230769928,1.6325471230769928,0.017422257932801413,0.02,0.57397841534493044,0.073978415344930437,4,0.040000000000000001,550,0.01,0.5331367807692482,0.033136780769248197,0.070000000000000007,0.50223111342681426,0.0022311134268142574
P3_2025,2025-03-31 17:00:00,2025-03-31 21:00:00,SELL,-5.7423989300000002,0.01,4.7537000000000003,-1.3620000000000074,-0.2865136630414219,18905.73,19039.099999999999,41394.400000000001,41640.400000000001,5517.3299999999999,5551.4499999999998,-0.0070297086178081813,-0.0060451755727401173,-0.00098453304506806397,0,0.01,0.0022836096186923836,0.01,2.1895160885086162,1.6895160885086162,0.017133042613003028,0.02,0.58366749128438833,0.083667491284388329,4,0.040000000000000001,550,0.01,0.54737902212715406,0.047379022127154058,0.070000000000000007,0.51070905487383988,0.010709054873839885
P3_2025,2025-04-02 17:00:00,2025-04-02 21:00:00,BUY,2.8080735400000001,0.01,4.7226999999999997,2.1179999999999928,0.4484722722171624,19351.439999999999,19565.189999999999,41789.480000000003,42162.730000000003,5607.0600000000004,5661.5600000000004,0.010985131522720655,0.0092824884316119981,0.0017026430911086573,0,0.01,0.0023153482646828816,0.01,2.1595023419445791,1.6595023419445791,0.017256316144289519,0.02,0.57949795984174823,0.079497959841748234,4,0.040000000000000001,550,0.01,0.53987558548614478,0.039875585486144782,0.070000000000000007,0.50706071486152982,0.0070607148615298154
P3_2025,2025-04-03 17:00:00,2025-04-03 21:00:00,BUY,3.7295052100000001,0.01,4.9019000000000004,-1.5119999999999709,-0.30845182480262162,18783.84,18634.220000000001,40844.279999999999,40849.93,5458.0799999999999,5434.8299999999999,-0.0079972503878633361,-0.0020652587654328069,-0.0059319916224305292,0,0.01,0.0022994456016852301,0.01,2.1744371757851426,1.6744371757851426,0.017207369624483337,0.02,0.58114634707280299,0.081146347072802993,4,0.040000000000000001,550,0.01,0.54360929394628565,0.043609293946285654,0.070000000000000007,0.50850305368870263,0.0085030536887026331
P3_2025,2025-04-07 17:00:00,2025-04-07 21:00:00,BUY,3.9034964099999998,0.01,4.3202999999999996,5.047999999999992,1.1684373770340006,17105.209999999999,17612.709999999999,37323.879999999997,38200.980000000003,4966.2700000000004,5101.8999999999996,0.029237705037449054,0.025085898752641469,0.0041518062848075847,0,0.01,0.0022914565688240346,0.01,2.1820182271951061,1.6820182271951061,0.017221385466356036,0.02,0.58067337378494632,0.080673373784946323,4,0.040000000000000001,550,0.01,0.54550455679877652,0.045504556798776519,0.070000000000000007,0.50808920206182806,0.0080892020618280602
P3_2025,2025-04-14 17:00:00,2025-04-14 21:00:00,SELL,-1.4705197299999999,0.01,6.2085999999999997,1.0479999999999927,0.16879811873852282,18896.040000000001,18790.040000000001,40536.019999999997,40505.019999999997,5420.8000000000002,5405.3000000000002,0.005625434087874262,0.0018142484177020716,0.0038111856701721902,0,0.01,0.0023307714965603438,0.01,2.1452124360448006,1.6452124360448006,0.017429198642266826,0.02,0.57374984388263361,0.073749843882633614,4,0.040000000000000001,550,0.01,0.53630310901120015,0.036303109011200152,0.070000000000000007,0.50203111339730444,0.0020311133973044404
P3_2025,2025-04-17 17:00:00,2025-04-17 21:00:00,SELL,-2.4004664999999998,0.01,6.3083,0.11799999999999272,0.018705514956484745,18325.029999999999,18311.16,39221.639999999999,39325.389999999999,5298.7799999999997,5307.5299999999997,0.000757174840650977,-0.0021458462664641484,0.0029030211071151254,0,0.01,0.0023360866603232295,0.01,2.1403315574381057,1.6403315574381057,0.017291744514775099,0.02,0.57831064942322064,0.078310649423220635,4,0.040000000000000001,550,0.01,0.53508288935952641,0.035082889359526415,0.070000000000000007,0.50602181824531811,0.0060218182453181113
P3_2025,2025-04-22 17:00:00,2025-04-22 21:00:00,BUY,0.86804713,0.01,6.6233000000000004,-0.32200000000000728,-0.048616248697780147,18124.52,18094.77,38714.660000000003,38777.410000000003,5231.8599999999997,5231.1099999999997,-0.0016427713900808941,0.00073807908526427946,-0.0023808504753451737,0,0.01,0.0023407825356079582,0.01,2.1360378095530255,1.6360378095530255,0.017321296823691767,0.02,0.57732397878674846,0.07732397878674846,4,0.040000000000000001,550,0.01,0.53400945238825637,0.034009452388256367,0.070000000000000007,0.50515848143840503,0.005158481438405027
P3_2025,2025-04-23 17:00:00,2025-04-23 21:00:00,SELL,-0.72900706999999998,0.01,6.4775,1.0974999999999999,0.16943265148591277,18922.689999999999,18801.470000000001,40224.709999999999,39762.360000000001,5450.2700000000004,5398.2700000000004,0.0064266728388383673,0.010573682052014147,-0.0041470092131757801,0,0.01,0.0023521226131897532,0.01,2.1257395222349467,1.6257395222349467,0.017359406047773779,0.02,0.5760565754657504,0.076056575465750398,4,0.040000000000000001,550,0.01,0.53143488055873667,0.031434880558736666,0.070000000000000007,0.50404950353253164,0.0040495035325316397
P3_2025,2025-04-24 17:00:00,2025-04-24 21:00:00,BUY,3.9691698500000001,0.01,6.6768000000000001,2.107999999999993,0.31572010543973056,18928.810000000001,19141.939999999999,39609.839999999997,39984.839999999997,5409.0500000000002,5468.3000000000002,0.011196639234972949,0.010158557679027319,0.0010380815559456295,0,0.01,0.0023894075310579395,0.01,2.0925689464895041,1.5925689464895041,0.017497351660642813,0.02,0.57151506090451543,0.071515060904515426,4,0.040000000000000001,550,0.01,0.52314223662237602,0.023142236622376022,0.070000000000000007,0.50007567829145094,7.5678291450942403e-05
P3_2025,2025-04-25 17:00:00,2025-04-25 21:00:00,BUY,1.6559398000000001,0.01,6.6504000000000003,1.6579999999999926,0.24930831228196687,19139.549999999999,19307.669999999998,39810.169999999998,39904.07,5462.6700000000001,5493.3000000000002,0.0087455515144594029,0.003973701516979955,0.0047718499974794479,0,0.01,0.0024038518298213751,0.01,2.0799950887037575,1.5799950887037575,0.017518493703628447,0.02,0.57082533288400195,0.070825332884001946,4,0.040000000000000001,550,0.01,0.51999877217593937,0.019998772175939372,0.070000000000000007,0.49947216627350177,0.00052783372649822802
P3_2025,2025-04-28 17:00:00,2025-04-28 21:00:00,SELL,-3.1429021700000002,0.01,6.8356000000000003,0.92799999999999272,0.13575984551465747,19351.82,19258.700000000001,40183.260000000002,40030.010000000002,5517.7799999999997,5492.2799999999997,0.004823565212286789,0.0042266018996397455,0.0005969633126470435,0,0.01,0.0024079454977022768,0.01,2.0764589583822088,1.5764589583822088,0.017535874935209451,0.02,0.57025954147981939,0.070259541479819387,4,0.040000000000000001,550,0.01,0.51911473959555221,0.01911473959555221,0.070000000000000007,0.49897709879484198,0.0010229012051580222
P3_2025,2025-04-30 17:00:00,2025-04-30 21:00:00,BUY,1.45928298,0.01,6.6302000000000003,3.5379999999999927,0.53361889535760498,19012.66,19368.91,39738.190000000002,40371.589999999997,5433.3699999999999,5519.6199999999999,0.018564130182960433,0.015781539743086041,0.0027825904398743918,0,0.01,0.0023922403108948844,0.01,2.0900910235600914,1.5900910235600914,0.017496194810955264,0.02,0.57155284952237084,0.071552849522370843,4,0.040000000000000001,550,0.01,0.52252275589002284,0.022522755890022839,0.070000000000000007,0.50010874333207456,0.00010874333207455678
P3_2025,2025-05-01 17:00:00,2025-05-01 21:00:00,SELL,-2.1445823100000001,0.01,6.7651000000000003,-1.1120000000000074,-0.1643730321798654,19766.869999999999,19875.369999999999,40859.400000000001,40834.300000000003,5603.75,5621.0699999999997,-0.0054739727587432242,-0.0012357651335036289,-0.0042382076252395953,0,0.01,0.0024188889215211186,0.01,2.0670647401434827,1.5670647401434827,0.017637180459513718,0.02,0.56698404957385773,0.066984049573857729,4,0.040000000000000001,550,0.01,0.51676618503587068,0.016766185035870684,0.070000000000000007,0.49611104337712553,0.0038889566228744732
P3_2025,2025-05-02 17:00:00,2025-05-02 21:00:00,BUY,1.14513255,0.01,6.7206999999999999,1.4779999999999927,0.21991756811046359,19966.889999999999,20120.77,41071.199999999997,41286.949999999997,5650.5299999999997,5687.9099999999999,0.0076772131773928665,0.0059164234890707653,0.0017607896883221012,0,0.01,0.0024307653538245782,0.01,2.056965306064189,1.556965306064189,0.01766815679237169,0.02,0.56598999643910486,0.065989996439104859,4,0.040000000000000001,550,0.01,0.51424132651604726,0.014241326516047259,0.070000000000000007,0.49524124688421683,0.0047587531157831653
P3_2025,2025-05-05 17:00:00,2025-05-05 21:00:00,BUY,0.88934590000000002,0.01,6.694,0.73499999999999999,0.10979982073498655,19954.41,20047.310000000001,41153.32,41395.970000000001,5645.6099999999997,5672.6099999999997,0.0046448086242577716,0.0053250030422586142,-0.00068019441800084256,0,0.01,0.0024243985661424159,0.01,2.062367165954794,1.562367165954794,0.01767250128861186,0.02,0.56585085702859661,0.06585085702859661,4,0.040000000000000001,550,0.01,0.51559179148869849,0.015591791488698492,0.070000000000000007,0.49511949990002208,0.0048805000999779247
P3_2025,2025-05-06 17:00:00,2025-05-06 21:00:00,SELL,-1.0171699599999999,0.01,6.7441000000000004,-0.92200000000000726,-0.1367120890852756,19662.98,19752.610000000001,40817.959999999999,40777.209999999999,5588.9499999999998,5599.4499999999998,-0.0045479544764581228,-0.00043905540686722735,-0.0041088990695908956,0,0.01,0.0024086186570813437,0.01,2.0758786308077415,1.5758786308077415,0.017590942842573291,0.02,0.56847436146504748,0.068474361465047484,4,0.040000000000000001,550,0.01,0.51896965770193537,0.018969657701935372,0.070000000000000007,0.49741506628191667,0.0025849337180833265
P3_2025,2025-05-07 17:00:00,2025-05-07 21:00:00,SELL,-0.91401268999999996,0.01,6.7072000000000003,1.1274999999999999,0.16810293416030533,19845.700000000001,19724.799999999999,41058.940000000002,41013.290000000001,5629.1899999999996,5607.6199999999999,0.0061106317179946378,0.0024758037249533156,0.0036348279930413221,0,0.01,0.0024167331158573505,0.01,2.0689086300810753,1.5689086300810753,0.017627491699516273,0.02,0.56729568621918092,0.067295686219180917,4,0.040000000000000001,550,0.01,0.51722715752026882,0.017227157520268821,0.070000000000000007,0.49638372544178327,0.0036162745582167255
P3_2025,2025-05-08 17:00:00,2025-05-08 21:00:00,SELL,-2.4475351500000002,0.01,6.7240000000000002,-1.6320000000000074,-0.24271267102915042,20001.16,20161.66,41282.910000000003,41555.160000000003,5656.71,5693.21,-0.0079925092110967773,-0.0065024370048552358,-0.0014900722062415415,0,0.01,0.0024224503553649684,0.01,2.064025786504383,1.564025786504383,0.017679145651801138,0.02,0.56563819298480689,0.065638192984806887,4,0.040000000000000001,550,0.01,0.51600644662609574,0.016006446626095738,0.070000000000000007,0.49493341886170605,0.0050665811382939463
P3_2025,2025-05-09 17:00:00,2025-05-09 21:00:00,BUY,1.4019160399999999,0.01,6.6009000000000002,-1.0020000000000073,-0.15179748216152453,20167.599999999999,20068.970000000001,41436.620000000003,41284.620000000003,5683.7399999999998,5665.9899999999998,-0.0049025151768529816,-0.0034014138315546401,-0.0015011013452983415,0,0.01,0.0024335479100370634,0.01,2.0546133402090487,1.5546133402090487,0.017741487119396736,0.02,0.56365060790574983,0.063650607905749834,4,0.040000000000000001,550,0.01,0.51365333505226218,0.013653335052262183,0.070000000000000007,0.49319428191753112,0.0068057180824688812
P3_2025,2025-05-12 17:00:00,2025-05-12 21:00:00,SELL,-3.6924856400000001,0.01,6.5011999999999999,-1.2420000000000073,-0.1910416538485214,20705.349999999999,20827.220000000001,42238.300000000003,42310.550000000003,5803.9200000000001,5831.6700000000001,-0.0058686640282105346,-0.0032394644881416686,-0.002629199540068866,0,0.01,0.0024510160210046328,0.01,2.0399703458284941,1.5399703458284941,0.017837384043887579,0.02,0.56062032276682117,0.060620322766821166,4,0.040000000000000001,550,0.01,0.50999258645712353,0.0099925864571235312,0.070000000000000007,0.4905427824209686,0.0094572175790313961
P3_2025,2025-05-14 17:00:00,2025-05-14 21:00:00,BUY,0.63269660999999999,0.01,6.1887999999999996,0.31799999999999273,0.051383143743535538,21254.529999999999,21288.779999999999,42188.089999999997,42049.589999999997,5892.0500000000002,5890.0500000000002,0.0016101242427741652,-0.0018139078506877065,0.0034240320934618715,2.1684043449710089e-19,0.01,0.0025190201784437267,0.01,1.9848987486432303,1.4848987486432303,0.018036617136650231,0.02,0.55442769141448911,0.05442769141448911,4,0.040000000000000001,550,0.01,0.49622468716080759,0.0037753128391924129,0.070000000000000007,0.48512422998767796,0.014875770012322043
P3_2025,2025-05-19 17:00:00,2025-05-19 21:00:00,BUY,1.9540872499999999,0.01,6.2656999999999998,1.4079999999999926,0.22471551462725517,21284.959999999999,21427.580000000002,42587.589999999997,42750.589999999997,5926.0600000000004,5957.8100000000004,0.0066781572832840625,0.0045817450446100768,0.0020964122386739857,0,0.01,0.0024989627259960007,0.01,2.0008301636460675,1.5008301636460675,0.017958778682632306,0.02,0.55683073870000221,0.056830738700002215,4,0.040000000000000001,550,0.01,0.50020754091151687,0.00020754091151686804,0.070000000000000007,0.48722689636250205,0.012773103637497951
P3_2025,2025-05-20 17:00:00,2025-05-20 21:00:00,SELL,-0.57039213,0.01,6.3220000000000001,-0.39200000000000729,-0.062005694400507322,21325.529999999999,21362.150000000001,42716.050000000003,42698.800000000003,5941.9700000000003,5943.9700000000003,-0.001715717930004949,3.3689480586300297e-05,-0.0017494074105912493,0,0.01,0.0024961963945636357,0.01,2.0030475209760321,1.5030475209760321,0.017944831427960758,0.02,0.55726352404840584,0.057263524048405845,4,0.040000000000000001,550,0.01,0.50076188024400803,0.00076188024400802856,0.070000000000000007,0.48760558354235517,0.01239441645764483
P3_2025,2025-05-21 17:00:00,2025-05-21 21:00:00,BUY,2.34526016,0.01,6.2771999999999997,-1.0520000000000074,-0.16759064551073846,21307.490000000002,21204.610000000001,42331.010000000002,42009.010000000002,5912.0600000000004,5874.6800000000003,-0.004840043227174717,-0.0069892686456120142,0.0021492254184372972,0,0.01,0.002516770802303087,0.01,1.9866727615500466,1.4866727615500466,0.018020360077536424,0.02,0.55492786808770056,0.05492786808770056,4,0.040000000000000001,550,0.01,0.49666819038751164,0.0033318096124883567,0.070000000000000007,0.4855618845767381,0.014438115423261899
P3_2025,2025-05-22 17:00:00,2025-05-22 21:00:00,BUY,2.10107694,0.01,6.1078000000000001,0.037999999999992727,0.0062215527685897908,21222.25,21228.130000000001,41873.989999999998,42027.489999999998,5854.96,5867.21,0.0002770293240062335,0.0028745574997970295,-0.002597528175790796,5.4210108624275222e-20,0.01,0.002534061120041343,0.01,1.9731173650296268,1.4731173650296268,0.018123309125937667,0.02,0.55177561285914545,0.051775612859145448,4,0.040000000000000001,550,0.01,0.49327934125740669,0.0067206587425933106,0.070000000000000007,0.48280366125175234,0.017196338748247664
P3_2025,2025-05-27 17:00:00,2025-05-27 21:00:00,BUY,2.8688192300000002,0.01,6.0308999999999999,1.7979999999999927,0.29813129052048498,21241.950000000001,21425.580000000002,41966.75,42321.550000000003,5873.2799999999997,5923.0299999999997,0.0086075352267011643,0.0084268327897266959,0.00018070243697446836,0,0.01,0.002530807127070836,0.01,1.9756543066902992,1.4756543066902992,0.018083549566851913,0.02,0.55298877927873846,0.052988779278738463,4,0.040000000000000001,550,0.01,0.49391357667257479,0.0060864233274252055,0.070000000000000007,0.48386518186889627,0.016134818131103734
P3_2025,2025-05-28 17:00:00,2025-05-28 21:00:00,SELL,-1.86709635,0.01,6.1234000000000002,-0.052000000000007277,-0.0084920142404558367,21418.34,21421.720000000001,42350.25,42199.75,5920.4799999999996,5909.6000000000004,-0.00015779623123849548,0.0026997034361350329,-0.0028574996673735283,1.3552527156068805e-19,0.01,0.002528714706524755,0.01,1.9772890896306623,1.4772890896306623,0.018088347566413535,0.02,0.55284209700658404,0.052842097006584043,4,0.040000000000000001,550,0.01,0.49432227240766557,0.005677727592334425,0.070000000000000007,0.48373683488076108,0.01626316511923892
P3_2025,2025-05-30 17:00:00,2025-05-30 21:00:00,SELL,-3.6465249900000001,0.01,6.0159000000000002,0.8880000000000291,0.14760883658305973,21213.650000000001,21130.029999999999,42157.650000000001,42066.550000000003,5880.9799999999996,5868.6099999999997,0.0039495909992178719,0.0021344403735440642,0.0018151506256738077,0,0.01,0.0025159905734783604,0.01,1.987288844682551,1.487288844682551,0.018035812058534464,0.02,0.55445243982058712,0.054452439820587117,4,0.040000000000000001,550,0.01,0.49682221117063774,0.0031777888293622603,0.070000000000000007,0.4851458848430138,0.014854115156986203
P3_2025,2025-06-02 17:00:00,2025-06-02 21:00:00,BUY,3.6575775300000002,0.01,6.0469999999999997,1.4879999999999927,0.24607243261121098,21276.669999999998,21408.169999999998,41894.050000000003,42096.050000000003,5877.9200000000001,5910.9899999999998,0.0061614576049519804,0.0052102361171861428,0.00095122148776583763,0,0.01,0.0025393426990228921,0.01,1.9690134781429616,1.4690134781429616,0.018098808762283255,0.02,0.55252255169629461,0.052522551696294606,4,0.040000000000000001,550,0.01,0.49225336953574039,0.0077466304642596073,0.070000000000000007,0.48345723273425784,0.016542767265742164
P3_2025,2025-06-03 17:00:00,2025-06-03 21:00:00,BUY,1.9509393900000001,0.01,6.1067,1.2380000000000291,0.2027281510472152,21557.220000000001,21682.720000000001,42221.949999999997,42514.449999999997,5935.5500000000002,5972.6800000000003,0.0058048347155389779,0.0065699168395662068,-0.00076508212402722885,0,0.01,0.0025528451433436878,0.01,1.9585990215807045,1.4585990215807045,0.018159412354373225,0.02,0.55067861254837125,0.050678612548371249,4,0.040000000000000001,550,0.01,0.48964975539517613,0.010350244604823866,0.070000000000000007,0.48184378597982491,0.018156214020175088
P3_2025,2025-06-05 17:00:00,2025-06-05 21:00:00,BUY,1.9319451599999999,0.01,6.1551999999999998,0.037999999999992727,0.0061736417988030815,21691.279999999999,21696.900000000001,42250.75,42484.349999999999,5953.5,5968.75,0.00025905673072403387,0.0040359555169412475,-0.0037768987862172136,5.4210108624275222e-20,0.01,0.0025669698171038383,0.01,1.9478218897178958,1.4478218897178958,0.018217250356932897,0.02,0.54893026137692202,0.048930261376922024,4,0.040000000000000001,550,0.01,0.48695547242947396,0.013044527570526043,0.070000000000000007,0.4803139787048068,0.019686021295193201
P3_2025,2025-06-06 17:00:00,2025-06-06 21:00:00,SELL,-1.34664216,0.01,6.0326000000000004,0.15799999999999273,0.026191028743824011,21807.240000000002,21789.360000000001,42881.050000000003,42685.650000000001,6011.8299999999999,5997.8299999999999,0.00082024749647824054,0.0034493313959294398,-0.0026290838994511992,0,0.01,0.0025427595639565728,0.01,1.9663675916805612,1.4663675916805612,0.018136939999966732,0.02,0.55136092417013793,0.051360924170137934,4,0.040000000000000001,550,0.01,0.4915918979201403,0.0084081020798597028,0.070000000000000007,0.48244080864887079,0.017559191351129211
P3_2025,2025-06-09 17:00:00,2025-06-09 21:00:00,BUY,2.2344881600000002,0.01,6.0335000000000001,0.74799999999999278,0.12397447584320755,21761.630000000001,21842.130000000001,42639.449999999997,42861.449999999997,5998.54,6019.04,0.0036923463232305443,0.004302305672382668,-0.00060995934915212364,0,0.01,0.0025518187969122497,0.01,1.9593867738767727,1.4593867738767727,0.018139105515675484,0.02,0.55129510059678422,0.051295100596784216,4,0.040000000000000001,550,0.01,0.48984669346919318,0.010153306530806816,0.070000000000000007,0.48238321302218629,0.017616786977813714
P3_2025,2025-06-12 17:00:00,2025-06-12 21:00:00,BUY,0.56750584000000004,0.01,6.0439999999999996,0.7679999999999928,0.12706816677696772,21840.560000000001,21919.560000000001,42715.150000000001,42931.25,6017.4700000000003,6041.1000000000004,0.0036105973120289111,0.0044827750512117749,-0.00087217773918286381,0,0.01,0.0025565355617386339,0.01,1.9557717384535926,1.4557717384535926,0.018147626826556677,0.02,0.55103623716607997,0.051036237166079967,4,0.040000000000000001,550,0.01,0.48894293461339816,0.011057065386601839,0.070000000000000007,0.48215670752031997,0.017843292479680029
P3_2025,2025-06-13 17:00:00,2025-06-13 21:00:00,BUY,6.7267321500000001,0.01,5.9528999999999996,0.29799999999999272,0.050059634799844231,21707.700000000001,21771.599999999999,42367.449999999997,42355.550000000003,5992.3900000000003,6004.8900000000003,0.0029393318662555954,0.00090144548045610639,0.0020378863857994887,4.3368086899420177e-19,0.01,0.0025618369762636178,0.01,1.951724503286852,1.451724503286852,0.018112722970300664,0.02,0.55209810343795063,0.052098103437950627,4,0.040000000000000001,550,0.01,0.487931125821713,0.012068874178287003,0.070000000000000007,0.48308584050820685,0.016914159491793146
P3_2025,2025-06-17 17:00:00,2025-06-17 21:00:00,SELL,-0.72223008,0.01,6.0324999999999998,1.3579999999999928,0.22511396601740452,21863.650000000001,21731.650000000001,42412.25,42237.050000000003,6016,5987.6199999999999,0.0060557171708220513,0.0044340100090053654,0.0016217071618166859,0,0.01,0.002577515929949484,0.01,1.9398522204663904,1.4398522204663904,0.018171251662234045,0.02,0.55031982308534944,0.050319823085349435,4,0.040000000000000001,550,0.01,0.4849630551165976,0.015036944883402403,0.070000000000000007,0.48152984519968078,0.018470154800319216
P3_2025,2025-06-18 17:00:00,2025-06-18 21:00:00,SELL,-1.7145056999999999,0.01,6.0868000000000002,-0.40749999999999997,-0.066948150095288164,21772.689999999999,21797.060000000001,42316.949999999997,42332.949999999997,5997.8199999999997,6003.1899999999996,-0.0011186661636303464,-0.00063647617934148803,-0.00048218998428885837,0,0.01,0.0025725731651265039,0.01,1.9435793188622994,1.4435793188622994,0.018150503016095849,0.02,0.55094891811714586,0.050948918117145858,4,0.040000000000000001,550,0.01,0.48589482971557485,0.01410517028442515,0.070000000000000007,0.48208030335250263,0.017919696647497374
P3_2025,2025-06-23 17:00:00,2025-06-23 21:00:00,SELL,-0.76247617000000001,0.01,6.1449999999999996,-1.2720000000000073,-0.20699755899105085,21708.529999999999,21835.400000000001,42343.349999999999,42486.75,5990.3699999999999,6010.6199999999999,-0.0058272351166595762,-0.0033778017145366492,-0.002449433402122927,0,0.01,0.0025633930711670191,0.01,1.9505397187188631,1.4505397187188631,0.018119523501887193,0.02,0.5518908926583237,0.051890892658323695,4,0.040000000000000001,550,0.01,0.48763492967971578,0.012365070320284222,0.070000000000000007,0.48290453107603332,0.017095468923966683
P3_2025,2025-06-24 17:00:00,2025-06-24 21:00:00,BUY,0.66804332,0.01,6.0941000000000001,1.2679999999999927,0.20807010058909317,22077.669999999998,22203.790000000001,42845.25,43091.650000000001,6065.7799999999997,6098.2799999999997,0.0056963045494478554,0.0055390395350140313,0.00015726501443382411,0,0.01,0.0025764431296351402,0.01,1.940659951888039,1.440659951888039,0.018198541654989134,0.02,0.54949457981752614,0.049494579817526141,4,0.040000000000000001,550,0.01,0.48516498797200974,0.014835012027990258,0.070000000000000007,0.48080775734033532,0.019192242659664682
P3_2025,2025-06-25 17:00:00,2025-06-25 21:00:00,BUY,1.4026729899999999,0.01,6.1448999999999998,-1.1620000000000072,-0.18909990398541998,22311.34,22201.59,43054.650000000001,42905.449999999997,6107.5200000000004,6088.7700000000004,-0.0049311614577259065,-0.0032730447063969654,-0.0016581167513289412,0,0.01,0.0025910488181880471,0.01,1.9297204919112882,1.4297204919112882,0.018265466179398511,0.02,0.54748123599927212,0.04748123599927212,4,0.040000000000000001,550,0.01,0.48243012297782206,0.017569877022177938,0.070000000000000007,0.47904608149936317,0.020953918500636826
P3_2025,2025-06-26 17:00:00,2025-06-26 21:00:00,SELL,-1.2776657,0.01,6.1253000000000002,-0.9820000000000072,-0.16031867826882065,22335.48,22431.98,43157.650000000001,43351.650000000001,6118.4899999999998,6140.2399999999998,-0.0043111737616622053,-0.0040167848650741172,-0.00029438889658808809,0,0.01,0.002587661747106249,0.01,1.9322463631853892,1.4322463631853892,0.018252444639118477,0.02,0.54787181650002592,0.047871816500025921,4,0.040000000000000001,550,0.01,0.48306159079634731,0.016938409203652693,0.070000000000000007,0.47938783943752272,0.020612160562477277
P3_2025,2025-06-27 17:00:00,2025-06-27 21:00:00,SELL,-0.52129026999999994,0.01,6.0860000000000003,0.2779999999999927,0.0456786066381848,22558.669999999998,22530.419999999998,43653.150000000001,43746.050000000003,6169.8299999999999,6167.8299999999999,0.0012530749099839767,-0.00090083389622607401,0.0021539088062100505,2.1684043449710089e-19,0.01,0.002583853627974155,0.01,1.9350941345389603,1.4350941345389603,0.018281435631127597,0.02,0.54700299264096697,0.047002992640966967,4,0.040000000000000001,550,0.01,0.48377353363474007,0.016226466365259928,0.070000000000000007,0.47862761856084607,0.021372381439153931
P3_2025,2025-06-30 17:00:00,2025-06-30 21:00:00,SELL,-1.2383159500000001,0.01,6.0971000000000002,0.027999999999992725,0.004592347181445724,22628.860000000001,22623.23,43999.449999999997,43931.349999999999,6191.9200000000001,6185.9200000000001,0.000248828287447,0.0012592100864070473,-0.0010103817989600473,0,0.01,0.002571493507305205,0.01,1.9443953429381771,1.4443953429381771,0.018272894352640214,0.02,0.54725867763555036,0.047258677635550361,4,0.040000000000000001,550,0.01,0.48609883573454427,0.013901164265455734,0.070000000000000007,0.47885134293110659,0.021148657068893406
P3_2025,2025-07-01 17:00:00,2025-07-01 21:00:00,SELL,-2.7073980500000001,0.01,6.0982000000000003,0.55799999999999272,0.091502410547373444,22617.630000000001,22547.630000000001,44165.949999999997,44564.849999999999,6198.4399999999996,6212.8199999999997,0.0030997300158820936,-0.0056542765790300372,0.0087540065949121317,8.6736173798840355e-19,0.01,0.002560527963283933,0.01,1.952722279036309,1.452722279036309,0.018244614774039922,0.02,0.54810694135504023,0.048106941355040234,4,0.040000000000000001,550,0.01,0.48818056975907725,0.011819430240922746,0.070000000000000007,0.47959357368566019,0.020406426314339809
P3_2025,2025-07-02 17:00:00,2025-07-02 21:00:00,BUY,4.6347850199999998,0.01,6.2252000000000001,1.1779999999999926,0.18923086808455833,22513.110000000001,22631.740000000002,44399.550000000003,44440.449999999997,6199.6999999999998,6220.9499999999998,0.0052555395821881857,0.0021712404525225195,0.0030842991296656662,0,0.01,0.0025352858305996342,0.01,1.9721642189817401,1.4721642189817401,0.018156612416729844,0.02,0.55076353289261237,0.050763532892612373,4,0.040000000000000001,550,0.01,0.49304105474543503,0.0069589452545649744,0.070000000000000007,0.48191809128103585,0.018081908718964146
P3_2025,2025-07-08 17:00:00,2025-07-08 21:00:00,SELL,-1.6487200900000001,0.01,6.4100999999999999,-0.52200000000000724,-0.081433986989283669,22702.740000000002,22755.360000000001,44342.949999999997,44285.75,6232.3500000000004,6237.3500000000004,-0.0023150999932784826,0.00024441724676759445,-0.0025595172400460771,0,0.01,0.0025599041110255412,0.01,1.9531981602220696,1.4531981602220696,0.018213627283448459,0.02,0.5490394551494665,0.049039455149466504,4,0.040000000000000001,550,0.01,0.4882995400555174,0.0117004599444826,0.070000000000000007,0.48040952325578323,0.019590476744216767
P3_2025,2025-07-09 17:00:00,2025-07-09 21:00:00,BUY,5.0312011200000004,0.01,6.3765999999999998,-1.061999999999971,-0.16654643540444297,22910.27,22806.650000000001,44470.349999999999,44365.449999999997,6269.0799999999999,6250.5799999999999,-0.0045331215419674364,-0.0026585077865447304,-0.001874613755422706,0,0.01,0.0025759039449880653,0.01,1.9410661681420605,1.4410661681420605,0.01827243391374811,0.02,0.54727246776227434,0.047272467762274339,4,0.040000000000000001,550,0.01,0.48526654203551511,0.014733457964484886,0.070000000000000007,0.47886340929199006,0.021136590708009939
P3_2025,2025-07-10 17:00:00,2025-07-10 21:00:00,SELL,-6.71965565,0.01,6.3341000000000003,-0.78200000000000724,-0.12345873920525524,22787.029999999999,22863.529999999999,44489.150000000001,44749.449999999997,6258.7399999999998,6291.4899999999998,-0.0033515501938925925,-0.0055264273144924863,0.0021748771205998938,0,0.01,0.002560964864466954,0.01,1.9523891441754369,1.4523891441754369,0.018204167292458225,0.02,0.54932476939732822,0.049324769397328216,4,0.040000000000000001,550,0.01,0.48809728604385921,0.011902713956140787,0.070000000000000007,0.48065917322266222,0.019340826777337783
P3_2025,2025-07-11 17:00:00,2025-07-11 21:00:00,BUY,2.2817657100000002,0.01,6.3821000000000003,0.30799999999999272,0.048259977123516193,22793.5,22827.75,44381.150000000001,44378.75,6255.5299999999997,6268.7799999999997,0.0015014935555105434,0.0010309036707783763,0.00047058988473216708,0,0.01,0.002567925797326117,0.01,1.9470967600412399,1.4470967600412399,0.018218680111837048,0.02,0.54888718274946802,0.048887182749468017,4,0.040000000000000001,550,0.01,0.48677419001030997,0.013225809989690029,0.070000000000000007,0.48027628490578456,0.019723715094215444
P3_2025,2025-07-14 17:00:00,2025-07-14 21:00:00,SELL,-1.41176971,0.01,6.3944999999999999,-1.3520000000000074,-0.21143169911642934,22749.849999999999,22882.849999999999,44342.849999999999,44421.849999999999,6251.1599999999999,6271.9099999999999,-0.0058291697227121908,-0.0025469371313558108,-0.00328223259135638,0,0.01,0.0025652219016143525,0.01,1.949149115268892,1.449149115268892,0.01819650272909348,0.02,0.54955615091967647,0.049556150919676467,4,0.040000000000000001,550,0.01,0.487287278817223,0.012712721182776998,0.070000000000000007,0.48086163205471694,0.019138367945283064
P3_2025,2025-07-16 17:00:00,2025-07-16 21:00:00,SELL,-2.1851850800000001,0.01,6.3948999999999998,-0.63200000000000722,-0.098828754163475155,22812.139999999999,22872.52,44067.75,44141.849999999999,6244.9099999999999,6255.4099999999999,-0.0026433395874012333,-0.0016800235126965945,-0.00096331607470463883,0,0.01,0.0025883032376284244,0.01,1.9317674711798192,1.4317674711798192,0.018264586679391695,0.02,0.54750759902402846,0.047507599024028457,4,0.040000000000000001,550,0.01,0.48294186779495479,0.017058132205045207,0.070000000000000007,0.47906914914602494,0.020930850853975058
P3_2025,2025-07-17 17:00:00,2025-07-17 21:00:00,SELL,-1.80708326,0.01,6.3696000000000002,-1.2720000000000073,-0.19969856819894613,22997.259999999998,23122.509999999998,44385.25,44447.550000000003,6282.3900000000003,6299.1400000000003,-0.0054315235275981949,-0.0020326350533615206,-0.0033988884742366743,0,0.01,0.0025906421615288864,0.01,1.9300234027879843,1.4300234027879843,0.018302954767214386,0.02,0.54635987069763969,0.046359870697639693,4,0.040000000000000001,550,0.01,0.48250585069699609,0.017494149303003914,0.070000000000000007,0.4780648868604348,0.021935113139565199
P3_2025,2025-07-18 17:00:00,2025-07-18 21:00:00,BUY,2.1627623900000001,0.01,6.3186999999999998,-0.59200000000000719,-0.093690157785621606,23108.560000000001,23048.68,44395.849999999999,44269.349999999999,6309.1700000000001,6293.8000000000002,-0.0025946106653127153,-0.0026462707053680704,5.1660040055355114e-05,0,0.01,0.0026025585724791848,0.01,1.9211863482622888,1.4211863482622888,0.018313470710093406,0.02,0.54604614047781419,0.04604614047781419,4,0.040000000000000001,550,0.01,0.48029658706557221,0.019703412934427789,0.070000000000000007,0.47779037291808746,0.022209627081912542
P3_2025,2025-07-22 17:00:00,2025-07-22 21:00:00,SELL,-9.5398971299999999,0.01,6.4615999999999998,-0.77200000000000724,-0.11947505261854761,23002.68,23078.299999999999,44406.550000000003,44404.050000000003,6292.96,6307.96,-0.0032820512011966685,-0.001162240042498208,-0.0021198111586984607,4.3368086899420177e-19,0.01,0.0025900098071117887,0.01,1.9304946206268141,1.4304946206268141,0.018276518522285221,0.02,0.54715015815548451,0.047150158155484512,4,0.040000000000000001,550,0.01,0.48262365515670352,0.017376344843296476,0.070000000000000007,0.478756388386049,0.021243611613950997
P3_2025,2025-07-24 17:00:00,2025-07-24 21:00:00,SELL,-1.38167226,0.01,6.3894000000000002,-0.23200000000000728,-0.036310138667168632,23229.740000000002,23251.110000000001,44788.75,44820.550000000003,6375.4300000000003,6377.6800000000003,-0.00091951853314736743,-0.00053130145075536899,-0.00038821708239199844,0,0.01,0.0025932561190030981,0.01,1.9280779724611639,1.4280779724611639,0.018218175087798001,0.02,0.54890239839102806,0.048902398391028057,4,0.040000000000000001,550,0.01,0.48201949311529096,0.017980506884709035,0.070000000000000007,0.48028959859214959,0.019710401407850409
P3_2025,2025-07-25 17:00:00,2025-07-25 21:00:00,BUY,1.14316343,0.01,6.4173999999999998,0.45799999999999269,0.071368466980395909,23259.869999999999,23309.240000000002,44723.75,44891.150000000001,6375.6400000000003,6395.3900000000003,0.0021202904026199625,0.0034144651837058719,-0.0012941747810859094,0,0.01,0.0026003935269292046,0.01,1.9227858969117195,1.4227858969117195,0.018241204020302274,0.02,0.54820942679387297,0.048209426793872967,4,0.040000000000000001,550,0.01,0.48069647422792988,0.019303525772070118,0.070000000000000007,0.47968324844463883,0.020316751555361168
P3_2025,2025-07-28 17:00:00,2025-07-28 21:00:00,BUY,2.3882935600000001,0.01,6.4123000000000001,-0.62200000000000721,-0.097001076056954169,23398.549999999999,23339.669999999998,44819.550000000003,44781.550000000003,6399.2700000000004,6386.0200000000004,-0.0025195666907545998,-0.0014604495723724985,-0.0010591171183821013,0,0.01,0.0026103062168183304,0.01,1.9154840791416563,1.4154840791416563,0.018282202501222793,0.02,0.54698004790895172,0.046980047908951716,4,0.040000000000000001,550,0.01,0.47887101978541408,0.021128980214585924,0.070000000000000007,0.47860754192033278,0.02139245807966722
P3_2025,2025-07-29 17:00:00,2025-07-29 21:00:00,BUY,1.0616973300000001,0.01,6.3880999999999997,-0.96200000000000718,-0.15059250794446036,23467.130000000001,23372.5,44798.25,44630.150000000001,6405.1499999999996,6381.2799999999997,-0.0040406010358187009,-0.0037465433198305238,-0.00029405771598817708,0,0.01,0.0026192016429213193,0.01,1.9089786437455283,1.4089786437455283,0.018318954278978637,0.02,0.54588268782761251,0.045882687827612512,4,0.040000000000000001,550,0.01,0.47724466093638207,0.02275533906361793,0.070000000000000007,0.47764735184916091,0.022352648150839094
P3_2025,2025-07-31 17:00:00,2025-07-31 21:00:00,SELL,-6.7329041299999997,0.01,6.3495999999999997,2.8580000000000294,0.45010709336021631,23556.68,23274.18,44590.25,44278.25,6418.5900000000001,6359.5900000000001,0.012064840437502495,0.0081280984890332551,0.0039367419484692395,0,0.01,0.0026414608574744478,0.01,1.8928919525162291,1.3928919525162291,0.018350354205518657,0.02,0.54494860905696396,0.044948609056963962,4,0.040000000000000001,550,0.01,0.47322298812905728,0.026777011870942724,0.070000000000000007,0.47683003292484344,0.023169967075156561
P3_2025,2025-08-01 17:00:00,2025-08-01 21:00:00,SELL,-1.32202939,0.01,6.3335999999999997,0.24799999999999273,0.039156246052796634,22767.220000000001,22732.25,43442.050000000003,43466.050000000003,6236.25,6226.6300000000001,0.0015371610652071459,0.00049573858116225191,0.001041422484044894,0,0.01,0.002620412710726128,0.01,1.9080963771597941,1.4080963771597941,0.018253934656243736,0.02,0.54782709527118378,0.047827095271183784,4,0.040000000000000001,550,0.01,0.47702409428994852,0.022975905710051481,0.070000000000000007,0.47934870836228577,0.020651291637714231
P3_2025,2025-08-04 17:00:00,2025-08-04 21:00:00,BUY,1.97531334,0.01,6.3964999999999996,0.18799999999999273,0.029391073243178727,23142.110000000001,23163.73,44019.550000000003,44080.550000000003,6312.75,6320.25,0.00093379157233698662,0.0012860776107923623,-0.00035228603845537565,0,0.01,0.0026286172848200401,0.01,1.9021407296050359,1.4021407296050359,0.018329658231357175,0.02,0.54556390925460119,0.045563909254601187,4,0.040000000000000001,550,0.01,0.47553518240125897,0.024464817598741029,0.070000000000000007,0.47736842059777607,0.022631579402223934
P3_2025,2025-08-05 17:00:00,2025-08-05 21:00:00,BUY,0.85769748999999995,0.01,6.6113,-1.3820000000000074,-0.20903604434831385,23275,23139.619999999999,44176,44216.550000000003,6341.2200000000003,6323.4700000000003,-0.0058335233129059279,-0.0009427863193337382,-0.0048907369935721895,0,0.01,0.0026343489677653023,0.01,1.8980021482277121,1.3980021482277121,0.018352146747786704,0.02,0.54489538131041892,0.044895381310418925,4,0.040000000000000001,550,0.01,0.47450053705692802,0.025499462943071982,0.070000000000000007,0.47678345864661659,0.023216541353383413
P3_2025,2025-08-06 17:00:00,2025-08-06 21:00:00,BUY,3.3325054399999998,0.01,6.5087000000000002,1.6679999999999928,0.25627237389954871,23102.169999999998,23274.540000000001,44100.550000000003,44256.550000000003,6310.7600000000002,6344.7600000000002,0.0074335067632160844,0.0044521457097989135,0.0029813610534171709,0,0.01,0.0026192609842734384,0.01,1.9089353943807013,1.4089353943807013,0.018303793837826186,0.02,0.54633482482381535,0.046334824823815346,4,0.040000000000000001,550,0.01,0.47723384859517531,0.022766151404824686,0.070000000000000007,0.47804297172083843,0.021957028279161572
P3_2025,2025-08-07 17:00:00,2025-08-07 21:00:00,BUY,2.7116728999999999,0.01,6.5632999999999999,-2.372000000000007,-0.36140356223241465,23558.32,23323.32,44379.550000000003,43896.900000000001,6387.2200000000003,6329.2200000000003,-0.01002533052443233,-0.01002859416736328,3.2636429309496756e-06,0,0.01,0.0026541864439815184,0.01,1.8838164181486627,1.3838164181486627,0.018441763396281952,0.02,0.54224749472797729,0.042247494727977286,4,0.040000000000000001,550,0.01,0.47095410453716569,0.029045895462834315,0.070000000000000007,0.47446655788698017,0.025533442113019833
P3_2025,2025-08-08 17:00:00,2025-08-08 21:00:00,BUY,1.8166593799999999,0.01,6.4683999999999999,0.53799999999999282,0.083173582338753452,23549.419999999998,23606.040000000001,44152.550000000003,44208.550000000003,6379.1800000000003,6392.6800000000003,0.0024014197808595239,0.0016907747990431155,0.00071064498181640842,0,0.01,0.0026668244529477908,0.01,1.8748890630852058,1.3748890630852058,0.018458030655977724,0.02,0.54176960621535486,0.04176960621535486,4,0.040000000000000001,550,0.01,0.46872226577130144,0.031277734228698562,0.070000000000000007,0.47404840543843552,0.025951594561564484
P3_2025,2025-08-11 17:00:00,2025-08-11 21:00:00,BUY,1.8287072,0.01,6.5701000000000001,-0.48200000000000726,-0.073362658102617509,23656.389999999999,23609.889999999999,44189.550000000003,44015.550000000003,6398.4499999999998,6389.1999999999998,-0.0019675766741750131,-0.0026960319081777997,0.00072845523400278658,0,0.01,0.0026766950557315016,0.01,1.867975206698909,1.367975206698909,0.018486031773320102,0.02,0.54094897826760546,0.040948978267605463,4,0.040000000000000001,550,0.01,0.46699380167472726,0.03300619832527274,0.070000000000000007,0.47333035598415485,0.026669644015845151
P3_2025,2025-08-12 17:00:00,2025-08-12 21:00:00,SELL,-4.0344619799999997,0.01,6.4672000000000001,-2.6320000000000072,-0.40697674418604762,23568.549999999999,23829.18,44232.550000000003,44473.550000000003,6394.8000000000002,6442.3000000000002,-0.010997683935805419,-0.0064170730721222723,-0.0045806108636831464,0,0.01,0.002664163608021694,0.01,1.8767616166459118,1.3767616166459118,0.01842790235816601,0.02,0.54265536063949626,0.042655360639496265,4,0.040000000000000001,550,0.01,0.46919040416147795,0.030809595838522053,0.070000000000000007,0.47482344055955933,0.025176559440440671
P3_2025,2025-08-13 17:00:00,2025-08-13 21:00:00,SELL,-4.0493065799999997,0.01,6.1948999999999996,0.75799999999999279,0.12235871442638184,23935.099999999999,23856.720000000001,44861.550000000003,44788.550000000003,6477.8900000000003,6456.8900000000003,0.0032800621643172653,0.0024378081841379962,0.00084225398017926919,0,0.01,0.0026676630655873457,0.01,1.8742996686874092,1.3742996686874092,0.018474456960522637,0.02,0.54128789936118926,0.041287899361189262,4,0.040000000000000001,550,0.01,0.46857491717185229,0.03142508282814771,0.070000000000000007,0.47362691194104067,0.026373088058959326
P3_2025,2025-08-14 17:00:00,2025-08-14 21:00:00,BUY,2.75265519,0.01,6.2561999999999998,0.24799999999999273,0.039640676448961465,23855.880000000001,23883,44830.199999999997,44839.550000000003,6461.4499999999998,6468.4499999999998,0.0011361809459060038,0.00064565239114020251,0.00049052855476580128,0,0.01,0.0026606930149765118,0.01,1.8792096539721022,1.3792096539721022,0.018460159871236333,0.02,0.54170711790971438,0.041707117909714375,4,0.040000000000000001,550,0.01,0.46980241349302554,0.030197586506974461,0.070000000000000007,0.47399372817100016,0.026006271828999838
P3_2025,2025-08-15 17:00:00,2025-08-15 21:00:00,SELL,-1.30723017,0.01,6.2431999999999999,-0.38200000000000728,-0.061186570989237458,23725.689999999999,23761.060000000001,45056.5,45091.550000000003,6458.4099999999999,6465.54,-0.0014896789753321665,-0.0009404938546472522,-0.00054918512068491431,0,0.01,0.0026328820480951694,0.01,1.8990596269276045,1.3990596269276045,0.018368058082407282,0.02,0.54442336555859916,0.044423365558599159,4,0.040000000000000001,550,0.01,0.47476490673190114,0.025235093268098863,0.070000000000000007,0.47637044486377428,0.023629555136225722
P3_2025,2025-08-19 17:00:00,2025-08-19 21:00:00,SELL,-3.8193587899999999,0.01,6.2279,1.6979999999999926,0.27264406942950153,23610.009999999998,23438.009999999998,45070.550000000003,44924.550000000003,6447.21,6416.21,0.0073117111527911697,0.0040322511642664066,0.0032794599885247631,0,0.01,0.0026192280768705949,0.01,1.9089593778232201,1.4089593778232201,0.018310253582557418,0.02,0.54614208126129549,0.046142081261295487,4,0.040000000000000001,550,0.01,0.47723984445580503,0.022760155544194971,0.070000000000000007,0.47787432110363359,0.022125678896366407
P3_2025,2025-08-20 17:00:00,2025-08-20 21:00:00,SELL,-7.23496527,0.01,6.1630000000000003,-0.93200000000000727,-0.15122505273405926,23108.32,23198.689999999999,44889.550000000003,44956,6371.3500000000004,6389.7200000000003,-0.0039030857196469216,-0.0021791381618499524,-0.0017239475577969692,0,0.01,0.0025739086268407678,0.01,1.942570900870336,1.442570900870336,0.01813455547097554,0.02,0.55143342311340682,0.051433423113406818,4,0.040000000000000001,550,0.01,0.485642725217584,0.014357274782415996,0.070000000000000007,0.48250424522423102,0.017495754775768979
P3_2025,2025-08-21 17:00:00,2025-08-21 21:00:00,SELL,-0.71995264000000003,0.01,6.1257000000000001,-0.31200000000000727,-0.050932954601107999,23119.450000000001,23148.07,44724,44810.550000000003,6367.8500000000004,6375.6000000000004,-0.0012371531324937165,-0.0015748218790335785,0.000337668746539862,0,0.01,0.0025846804847509167,0.01,1.9344750848311703,1.4344750848311703,0.018153262090030386,0.02,0.55086518061632095,0.050865180616320949,4,0.040000000000000001,550,0.01,0.48361877120779256,0.016381228792207436,0.070000000000000007,0.48200703303928083,0.01799296696071917
P3_2025,2025-08-25 17:00:00,2025-08-25 21:00:00,BUY,0.61425680000000005,0.01,6.0133999999999999,0.57799999999999274,0.096118668307445504,23462.02,23521.139999999999,45553.550000000003,45407.199999999997,6459.9899999999998,6461.4899999999998,0.002516647718166197,-0.0014928513366371026,0.0040094990548032996,0,0.01,0.0025752131282852819,0.01,1.9415868710366797,1.4415868710366797,0.018159486314994297,0.02,0.55067636972434597,0.050676369724345971,4,0.040000000000000001,550,0.01,0.48539671775916993,0.014603282240830073,0.070000000000000007,0.48184182350880278,0.01815817649119722
P3_2025,2025-08-27 17:00:00,2025-08-27 21:00:00,SELL,-2.8520973199999999,0.01,6.1059000000000001,-0.88200000000000722,-0.14445044956517586,23483.619999999999,23569.869999999999,45539.550000000003,45603.550000000003,6469.9499999999998,6484.1999999999998,-0.0036660446057937592,-0.0018022266254119964,-0.0018638179803817628,0,0.01,0.0025783763783348759,0.01,1.9392048585354389,1.4392048585354389,0.018148223711156965,0.02,0.5510181139023711,0.051018113902371098,4,0.040000000000000001,550,0.01,0.48480121463385972,0.015198785366140277,0.070000000000000007,0.48214084966457471,0.017859150335425289
P3_2025,2025-08-28 17:00:00,2025-08-28 21:00:00,BUY,1.29204926,0.01,6.1086,1.5479999999999927,0.25341322070523403,23561.029999999999,23718.029999999999,45548.550000000003,45619.550000000003,6475.6099999999997,6500.3599999999997,0.0066414424097751513,0.0026861555024175238,0.0039552869073576271,8.6736173798840355e-19,0.01,0.0025863644397022515,0.01,1.9332155682497754,1.4332155682497754,0.018192131706511048,0.02,0.549688192748789,0.049688192748788995,4,0.040000000000000001,550,0.01,0.48330389206244384,0.016696107937556159,0.070000000000000007,0.48097716865519041,0.019022831344809588
P3_2025,2025-08-29 17:00:00,2025-08-29 21:00:00,SELL,-4.7363941199999999,0.01,6.1707999999999998,0.56799999999999273,0.092046412134568087,23470.689999999999,23411.689999999999,45541.5,45553.550000000003,6468.3599999999997,6459.6099999999997,0.00251693839548998,0.00054454775239477283,0.0019723906430952074,0,0.01,0.0025768463928504768,0.01,1.9403562485806767,1.4403562485806767,0.018142689955413738,0.02,0.55118618157369892,0.051186181573698919,4,0.040000000000000001,550,0.01,0.48508906214516917,0.01491093785483083,0.070000000000000007,0.48228790887698664,0.017712091123013363
P3_2025,2025-09-04 17:00:00,2025-09-04 21:00:00,SELL,-1.64698557,0.01,6.2210000000000001,-1.1850000000000001,-0.1904838450409902,23446.48,23550.130000000001,45338.900000000001,45617.199999999997,6462.1499999999996,6484.7799999999997,-0.0044109636016866184,-0.0048076338638867212,0.00039667026220010278,0,0.01,0.0025856913158457747,0.01,1.9337188354072765,1.4337188354072765,0.018141392570584093,0.02,0.55122559974887486,0.051225599748874862,4,0.040000000000000001,550,0.01,0.48342970885181913,0.016570291148180871,0.070000000000000007,0.48232239978026553,0.017677600219734468
P3_2025,2025-09-05 17:00:00,2025-09-05 21:00:00,SELL,-1.2743863900000001,0.01,6.2987000000000002,2.3679999999999928,0.37595059297950256,23819.41,23580.529999999999,45730.900000000001,45318.900000000001,6521.6800000000003,6462.1800000000003,0.010079422987022961,0.0091076717411216826,0.00097175124590127837,0,0.01,0.0026043014679352472,0.01,1.9199006188650349,1.4199006188650349,0.018261713239533371,0.02,0.54759374812390404,0.047593748123904045,4,0.040000000000000001,550,0.01,0.47997515471625873,0.020024845283741266,0.070000000000000007,0.47914452960841608,0.020855470391583919
P3_2025,2025-09-08 17:00:00,2025-09-08 21:00:00,BUY,5.9146895199999996,0.01,6.4408000000000003,-0.65200000000000724,-0.10122966091168911,23819.110000000001,23755.98,45367.550000000003,45380.199999999997,6495.4700000000003,6487.7200000000003,-0.0026539114084003952,-0.00045752839149172024,-0.0021963830169086751,0,0.01,0.0026251263292816122,0.01,1.9046702416673,1.4046702416673,0.018335170511140839,0.02,0.54539989109584697,0.045399891095846967,4,0.040000000000000001,550,0.01,0.47616756041682501,0.023832439583174991,0.070000000000000007,0.47722490470886619,0.022775095291133807
P3_2025,2025-09-10 17:00:00,2025-09-10 21:00:00,SELL,-2.29035133,0.01,6.3834,0.30799999999999272,0.048250148823509843,23909,23876.25,45667.550000000003,45504.550000000003,6547.7200000000003,6534.9700000000003,0.0013707160735888008,0.0027624000637782868,-0.0013916839901894861,0,0.01,0.002617723087838082,0.01,1.9100568823455604,1.4100568823455604,0.018257500320722327,0.02,0.54772010539964033,0.047720105399640333,4,0.040000000000000001,550,0.01,0.47751422058639009,0.022485779413609908,0.070000000000000007,0.47925509222468532,0.02074490777531468
P3_2025,2025-09-11 17:00:00,2025-09-11 21:00:00,SELL,-3.9219907699999998,0.01,6.3956999999999997,-0.56199999999997097,-0.087871538690052847,23960.080000000002,24013.580000000002,45967.199999999997,46159.199999999997,6567.6999999999998,6587.9499999999998,-0.0022303915181218926,-0.0036233599902272809,0.0013929684721053883,0,0.01,0.0026062148662524586,0.01,1.9184910901799992,1.4184910901799992,0.018240845349209011,0.02,0.54822020627643975,0.048220206276439748,4,0.040000000000000001,550,0.01,0.4796227725449998,0.020377227455000202,0.070000000000000007,0.47969268049188485,0.020307319508115151
P3_2025,2025-09-15 17:00:00,2025-09-15 21:00:00,BUY,3.2660005700000001,0.01,6.5894000000000004,0.23799999999999272,0.036118614744892204,24249.189999999999,24275.07,45969.550000000003,45914.550000000003,6616.4700000000003,6615.9700000000003,0.0010666830345845218,-0.00063636616545272929,0.001703049200037251,2.1684043449710089e-19,0.01,0.0026375274502360799,0.01,1.895714867177007,1.395714867177007,0.018324869605696088,0.02,0.5457064751441183,0.045706475144118297,4,0.040000000000000001,550,0.01,0.47392871679425175,0.026071283205748252,0.070000000000000007,0.47749316575110351,0.02250683424889649
P3_2025,2025-09-16 17:00:00,2025-09-16 21:00:00,SELL,-0.72813380999999999,0.01,6.5514999999999999,-0.022000000000007278,-0.0033580096161195572,24285.59,24285.59,45801,45811.550000000003,6612.7700000000004,6611.7700000000004,-0,-3.9541898193658101e-05,3.9541898193658101e-05,0,0.01,0.0026512073972184014,0.01,1.8859331809521611,1.3859331809521611,0.018362645305976165,0.02,0.54458384581144625,0.044583845811446254,4,0.040000000000000001,550,0.01,0.47148329523804028,0.028516704761959721,0.070000000000000007,0.4765108650850155,0.0234891349149845
P3_2025,2025-09-17 17:00:00,2025-09-17 21:00:00,SELL,-4.9407240300000002,0.01,6.4987000000000004,0.16799999999999271,0.025851324110974919,24232.189999999999,24213.439999999999,46068.550000000003,46072.900000000001,6608.9399999999996,6606.5600000000004,0.00077406366420291128,0.00013288153778095958,0.0006411821264219517,0,0.01,0.0026300144024502614,0.01,1.9011302734090483,1.4011302734090483,0.018332886968258147,0.02,0.54546782606111954,0.045467826061119543,4,0.040000000000000001,550,0.01,0.47528256835226207,0.024717431647737931,0.070000000000000007,0.47728434780347961,0.022715652196520386
P3_2025,2025-09-18 17:00:00,2025-09-18 21:00:00,BUY,1.09380918,0.01,6.5011999999999999,0.35799999999999271,0.055066756906416159,24454.860000000001,24492.610000000001,46110.550000000003,46209.199999999997,6630.6999999999998,6638.1999999999998,0.001542470223062043,0.0016338006995789093,-9.1330476516866257e-05,0,0.01,0.0026517640756833307,0.01,1.8855372715280316,1.3855372715280316,0.018440632210777144,0.02,0.54228075728096581,0.042280757280965808,4,0.040000000000000001,550,0.01,0.47138431788200791,0.028615682117992092,0.070000000000000007,0.47449566262084514,0.025504337379154862
P3_2025,2025-09-19 17:00:00,2025-09-19 21:00:00,BUY,2.7753954799999998,0.01,6.5503,0.22799999999999271,0.034807566065675269,24551.950000000001,24577.450000000001,46229.550000000003,46347.550000000003,6648.5299999999997,6654.7799999999997,0.0010380750544438527,0.001744421883036328,-0.00070634682859247529,0,0.01,0.0026554389995143801,0.01,1.8829278326161467,1.3829278326161467,0.018464194340703888,0.02,0.54158875364278591,0.041588753642785914,4,0.040000000000000001,550,0.01,0.47073195815403668,0.029268041845963322,0.070000000000000007,0.47389015943743773,0.02610984056256227
P3_2025,2025-09-22 17:00:00,2025-09-22 21:00:00,BUY,1.06847906,0.01,6.5522,1.1279999999999928,0.17215591709654662,24640.130000000001,24756.509999999998,46255.199999999997,46425.199999999997,6662.8900000000003,6692.6400000000003,0.0047120701058969939,0.0040618079754617207,0.00065026213043527323,0,0.01,0.0026634983742368432,0.01,1.877230355521663,1.377230355521663,0.018490572409269851,0.02,0.54081614017458512,0.040816140174585125,4,0.040000000000000001,550,0.01,0.46930758888041574,0.030692411119584262,0.070000000000000007,0.47321412265276203,0.026785877347237974
P3_2025,2025-09-23 17:00:00,2025-09-23 21:00:00,SELL,-7.7643485800000001,0.01,6.6822999999999997,1.0279999999999927,0.15383924696586396,24711.209999999999,24606.209999999999,46735.900000000001,46315.550000000003,6697.7299999999996,6659.9799999999996,0.0042581367254238573,0.0073435148006399135,-0.0030853780752160562,0,0.01,0.0026437075139239853,0.01,1.8912833487312035,1.3912833487312035,0.018447451599273187,0.02,0.54208029473263353,0.042080294732633527,4,0.040000000000000001,550,0.01,0.47282083718280088,0.027179162817199121,0.070000000000000007,0.47432025789105436,0.025679742108945636
P3_2025,2025-09-24 17:00:00,2025-09-24 21:00:00,SELL,-1.19032808,0.01,6.7884000000000002,1.0779999999999927,0.15880030640504283,24594.740000000002,24482.990000000002,46402.550000000003,46174.550000000003,6659.0299999999997,6634.0299999999997,0.0045540082286522629,0.0043434998701251219,0.00021050835852714101,0,0.01,0.0026501496146224724,0.01,1.8866859336589856,1.3866859336589856,0.018467209188125,0.02,0.54150033706394129,0.041500337063941295,4,0.040000000000000001,550,0.01,0.47167148341474641,0.028328516585253594,0.070000000000000007,0.47381279493094863,0.026187205069051367
P3_2025,2025-09-25 17:00:00,2025-09-25 21:00:00,SELL,-3.08462112,0.01,6.8315000000000001,-0.70200000000000717,-0.10275927687916375,24229.209999999999,24293.959999999999,45976.550000000003,45884.550000000003,6584.1599999999999,6583.79,-0.0026688296923979638,0.0010296109274597304,-0.0036984406198576941,0,0.01,0.0026349530358410972,0.01,1.897567027567139,1.397567027567139,0.018399621212121214,0.02,0.54348944930519816,0.043489449305198158,4,0.040000000000000001,550,0.01,0.47439175689178475,0.025608243108215245,0.070000000000000007,0.4755532681420484,0.024446731857951598
P3_2025,2025-09-29 17:00:00,2025-09-29 21:00:00,BUY,5.4584082299999999,0.01,6.7659000000000002,-1.0320000000000074,-0.15252959694940915,24730.169999999998,24633.290000000001,46268,46265.550000000003,6674.5100000000002,6657.8900000000003,-0.0039251756009744789,-0.0012730647900881962,-0.0026521108108862827,0,0.01,0.0026724917869802023,0.01,1.8709131396994039,1.3709131396994039,0.0185258318588181,0.02,0.53978682718315329,0.039786827183153295,4,0.040000000000000001,550,0.01,0.46772828492485097,0.032271715075149032,0.070000000000000007,0.47231347378525917,0.027686526214740825
P3_2025,2025-09-30 17:00:00,2025-09-30 21:00:00,SELL,-2.8544876700000001,0.01,6.6154000000000002,0.14799999999999272,0.022372040995252397,24577.029999999999,24559.529999999999,46411,46224.550000000003,6658.6800000000003,6652.5600000000004,0.00071230060630692233,0.0024724907914416934,-0.001760190185134771,0,0.01,0.0026477591519251903,0.01,1.8883892805599376,1.3883892805599376,0.018454881447974671,0.02,0.54186205574880297,0.041862055748802973,4,0.040000000000000001,550,0.01,0.4720973201399844,0.0279026798600156,0.070000000000000007,0.47412929878020255,0.025870701219797454
P3_2025,2025-10-02 17:00:00,2025-10-02 21:00:00,SELL,-4.5865974500000002,0.01,6.6500000000000004,-0.25200000000000727,-0.037894736842106355,24858.439999999999,24881.060000000001,46589,46554.550000000003,6720.3199999999997,6714.8199999999997,-0.00090953875931156273,0.00077923347478991599,-0.0016887722341014787,0,0.01,0.0026678443409388483,0.01,1.8741723133068688,1.3741723133068688,0.018494982381791342,0.02,0.54068718712839581,0.040687187128395808,4,0.040000000000000001,550,0.01,0.46854307832671721,0.031456921673282789,0.070000000000000007,0.47310128873734641,0.026898711262653585
P3_2025,2025-10-03 17:00:00,2025-10-03 21:00:00,SELL,-2.96815754,0.01,6.6399999999999997,1.2779999999999927,0.19246987951807121,24903.110000000001,24769.860000000001,46759.900000000001,46867.550000000003,6732.5900000000001,6716.7200000000003,0.0053651037828396182,3.0216580621929669e-05,0.0053348872022176887,0,0.01,0.0026628703226482522,0.01,1.877673109904747,1.377673109904747,0.018494450129890577,0.02,0.54070274756847636,0.040702747568476361,4,0.040000000000000001,550,0.01,0.46941827747618675,0.030581722523813248,0.070000000000000007,0.47311490412241686,0.026885095877583143
P3_2025,2025-10-06 17:00:00,2025-10-06 21:00:00,BUY,2.44951534,0.01,6.8047000000000004,0.69799999999999274,0.10257616059488188,24961,25033,46581.199999999997,46779.199999999997,6726.5100000000002,6749.2600000000002,0.0028803476328523353,0.0038090335379297735,-0.00092868590507743818,0,0.01,0.0026792998033541432,0.01,1.8661592083650491,1.3661592083650491,0.018554198239503102,0.02,0.53896158006490125,0.038961580064901247,4,0.040000000000000001,550,0.01,0.46653980209126228,0.033460197908737721,0.070000000000000007,0.47159138255678862,0.028408617443211381
P3_2025,2025-10-07 17:00:00,2025-10-07 21:00:00,BUY,0.72970268000000005,0.01,6.8326000000000002,-2.2920000000000074,-0.33545063372654732,25050.099999999999,24824.099999999999,46732.550000000003,46553.550000000003,6748.8100000000004,6708.8100000000004,-0.00906286404125662,-0.0048911330786411376,-0.0041717309626154823,0,0.01,0.0026801554804948583,0.01,1.8655634109245074,1.3655634109245074,0.018558901495226564,0.02,0.53882499471059997,0.038824994710599969,4,0.040000000000000001,550,0.01,0.46639085273112685,0.033609147268873152,0.070000000000000007,0.47147187037177501,0.028528129628224985
P3_2025,2025-10-08 17:00:00,2025-10-08 21:00:00,BUY,6.8703043499999996,0.01,6.7725999999999997,0.96799999999999276,0.14292886040811398,24985.34,25084.959999999999,46565.199999999997,46720.099999999999,6729.1499999999996,6753.3999999999996,0.0039792104880344899,0.0034591220666696874,0.00052008842136480257,0,0.01,0.0026828339618427495,0.01,1.8637008741926266,1.3637008741926266,0.01856500449536717,0.02,0.53864786310692592,0.038647863106925917,4,0.040000000000000001,550,0.01,0.46592521854815666,0.034074781451843339,0.070000000000000007,0.47131688021856016,0.028683119781439836
P3_2025,2025-10-09 17:00:00,2025-10-09 21:00:00,BUY,0.67610035000000002,0.01,6.8224,-0.66200000000000725,-0.097033302063790933,25093.369999999999,25029.369999999999,46500.550000000003,46386.550000000003,6745.2700000000004,6727.0200000000004,-0.002553732488750432,-0.0025819301680097685,2.8197679259336483e-05,0,0.01,0.002698179914001017,0.01,1.8531010382423727,1.3531010382423727,0.018600715760822027,0.02,0.53761372027750765,0.037613720277507645,4,0.040000000000000001,550,0.01,0.46327525956059318,0.036724740439406822,0.070000000000000007,0.47041200524281923,0.029587994757180769
P3_2025,2025-10-13 17:00:00,2025-10-13 21:00:00,BUY,0.70106935000000004,0.01,6.5830000000000002,0.36799999999999272,0.055901564636183003,24714.049999999999,24752.919999999998,46038.550000000003,46099.550000000003,6652.29,6656.04,0.0015715540288816657,0.0009438281932547172,0.00062772583562694848,0,0.01,0.0026840604232757112,0.01,1.8628492699496846,1.3628492699496846,0.018575595772282929,0.02,0.53834074140013477,0.03834074140013477,4,0.040000000000000001,550,0.01,0.46571231748742115,0.034287682512578854,0.070000000000000007,0.47104814872511797,0.028951851274882034
P3_2025,2025-10-16 17:00:00,2025-10-16 21:00:00,BUY,0.57457005000000005,0.01,6.6360000000000001,-1.9920000000000073,-0.30018083182640254,24897.529999999999,24701.150000000001,46372,46115.550000000003,6690.4300000000003,6640.9300000000003,-0.0079188005086244483,-0.0064858793383933654,-0.0014329211702310829,0,0.01,0.0026845434745104806,0.01,1.8625140726811054,1.3625140726811054,0.01860682347771369,0.02,0.5374372477912468,0.037437247791246797,4,0.040000000000000001,550,0.01,0.46562851817027634,0.03437148182972366,0.070000000000000007,0.470257591817341,0.029742408182658997
P3_2025,2025-10-17 17:00:00,2025-10-17 21:00:00,BUY,1.58090559,0.01,6.4976000000000003,1.1279999999999928,0.1736025609455788,24661.299999999999,24774.299999999999,46094.550000000003,46180.550000000003,6627.8699999999999,6650.1199999999999,0.0045716122310586575,0.0026077030114659183,0.0019639092195927392,0,0.01,0.0026750776393304628,0.01,1.8691046295207472,1.3691046295207472,0.018604242388580345,0.02,0.53751181000190584,0.037511810001905843,4,0.040000000000000001,550,0.01,0.4672761573801868,0.032723842619813204,0.070000000000000007,0.47032283375166767,0.029677166248332332
P3_2025,2025-10-20 17:00:00,2025-10-20 21:00:00,BUY,2.5440891200000002,0.01,6.6013000000000002,1.0679999999999927,0.16178631481677741,25069.919999999998,25184.419999999998,46418.550000000003,46764.550000000003,6715,6746.6000000000004,0.0045568282512364229,0.006060558870495213,-0.0015037306192587901,0,0.01,0.0027004204138216291,0.01,1.8515635470715506,1.3515635470715506,0.018667103499627698,0.02,0.5357017493474252,0.035701749347425205,4,0.040000000000000001,550,0.01,0.46289088676788764,0.037109113232112356,0.070000000000000007,0.46873903067899708,0.031260969321002918
P3_2025,2025-10-21 17:00:00,2025-10-21 21:00:00,SELL,-2.7531551400000001,0.01,6.7431999999999999,-0.80200000000000726,-0.11893463044252095,25085.599999999999,25164.48,46818.550000000003,47070.550000000003,6733.5500000000002,6750.6000000000004,-0.003139500068051357,-0.0039484722706648826,0.0008089722026135256,0,0.01,0.0026790235921445664,0.01,1.8663516120802375,1.3663516120802375,0.018627321398073823,0.02,0.53684583984437284,0.036845839844372841,4,0.040000000000000001,550,0.01,0.46658790302005937,0.033412096979940631,0.070000000000000007,0.46974010986382631,0.030259890136173695
P3_2025,2025-10-23 17:00:00,2025-10-23 21:00:00,BUY,3.5708917100000002,0.01,6.8365,1.1779999999999926,0.17231039274482449,25017.290000000001,25136.290000000001,46679.5,46817.550000000003,6727.8000000000002,6752.6999999999998,0.0047454328610102414,0.0033236328430305156,0.0014218000179797258,0,0.01,0.0026796870146424023,0.01,1.8658895507866757,1.3658895507866757,0.01859247450875472,0.02,0.53785202154190159,0.037852021541901593,4,0.040000000000000001,550,0.01,0.46647238769666893,0.033527612303331067,0.070000000000000007,0.47062051884916395,0.029379481150836051
P3_2025,2025-10-24 17:00:00,2025-10-24 21:00:00,SELL,-1.5311056000000001,0.01,6.8836000000000004,-0.4120000000000073,-0.059852402812482899,25370.369999999999,25409.619999999999,47176.5,47309.900000000001,6800.8299999999999,6807.6999999999998,-0.0015458848186659544,-0.0019166748047427639,0.00037078998607680946,0,0.01,0.0026888779371085181,0.01,1.8595117059782731,1.3595117059782731,0.018652407132658807,0.02,0.53612383264414354,0.036123832644143539,4,0.040000000000000001,550,0.01,0.46487792649456827,0.035122073505431728,0.070000000000000007,0.46910835356362562,0.030891646436374376
P3_2025,2025-10-28 17:00:00,2025-10-28 21:00:00,BUY,3.02501672,0.01,6.8453999999999997,0.86799999999999278,0.12680047915388332,25936.349999999999,26025.849999999999,47764.239999999998,47899.739999999998,6881.3400000000001,6901.7200000000003,0.0034448152120646427,0.0028950447715358541,0.00054977044052878857,0,0.01,0.002715038489045361,0.01,1.8415945188895124,1.3415945188895124,0.018845421095309924,0.02,0.53063287625282662,0.030632876252826624,4,0.040000000000000001,550,0.01,0.46039862972237811,0.039601370277621895,0.080000000000000002,0.53063287625282662,0.030632876252826624
P3_2025,2025-10-30 17:00:00,2025-10-30 21:00:00,SELL,-3.9827316499999998,0.01,6.8803999999999998,0.58799999999999275,0.085460147665832334,26003.16,25944.91,47866.82,47823.32,6876.3199999999997,6869.5699999999997,0.0022426251606030905,0.00094564823408521399,0.0012969769265178766,0,0.01,0.0027161988199759252,0.01,1.8408078095123821,1.3408078095123821,0.018907758801219258,0.02,0.52888341263138783,0.028883412631387828,4,0.040000000000000001,550,0.01,0.46020195237809552,0.039798047621904475,0.080000000000000002,0.52888341263138783,0.028883412631387828
P3_2025,2025-10-31 17:00:00,2025-10-31 21:00:00,SELL,-2.1325580099999999,0.01,6.9844999999999997,1.5379999999999927,0.22020187558164403,25981.110000000001,25825.73,47609.220000000001,47459.220000000001,6858.4300000000003,6832.4300000000003,0.0059984537138142403,0.0034768914672795156,0.0025215622465347247,0,0.01,0.0027285796742731764,0.01,1.8324551953323012,1.3324551953323012,0.018941003990709245,0.02,0.52795511816084839,0.027955118160848391,4,0.040000000000000001,550,0.01,0.45811379883307529,0.041886201166924708,0.080000000000000002,0.52795511816084839,0.027955118160848391
P3_2025,2025-11-04 17:00:00,2025-11-04 21:00:00,BUY,2.5930574399999999,0.01,6.992,-2.142000000000007,-0.30635011441647697,25766.540000000001,25558.41,47171.050000000003,47068.300000000003,6811.3900000000003,6785.1400000000003,-0.0081103299994974131,-0.003020951365041994,-0.0050893786344554191,0,0.01,0.0027311815191733068,0.01,1.8307095170713645,1.3307095170713645,0.018914303835193699,0.02,0.52870039982085293,0.028700399820852929,4,0.040000000000000001,550,0.01,0.45767737926784113,0.042322620732158867,0.080000000000000002,0.52870039982085293,0.028700399820852929
P3_2025,2025-11-05 17:00:00,2025-11-05 21:00:00,BUY,1.20382181,0.01,6.9063999999999997,1.8180000000000291,0.26323410170277267,25564.91,25759.060000000001,47251.5,47397.75,6793.71,6830.96,0.0075657017994551828,0.0042791978606586912,0.0032865039387964916,0,0.01,0.0027051956022560129,0.01,1.8482951827328944,1.3482951827328944,0.018815131938219324,0.02,0.5314871047854266,0.031487104785426601,4,0.040000000000000001,550,0.01,0.4620737956832236,0.037926204316776402,0.080000000000000002,0.5314871047854266,0.031487104785426601
P3_2025,2025-11-06 17:00:00,2025-11-06 21:00:00,SELL,-2.74428341,0.01,6.9756999999999998,1.7379999999999927,0.24915062287655615,25405.240000000002,25229.119999999999,47062.260000000002,47008.510000000002,6764.7799999999997,6738.7799999999997,0.0069565690278250956,0.0024967989632237145,0.0044597700646013816,0,0.01,0.0026991096475179901,0.01,1.8524627202892001,1.3524627202892001,0.018777580349989213,0.02,0.53254997787857938,0.032549977878579384,4,0.040000000000000001,550,0.01,0.46311568007230003,0.036884319927699971,0.080000000000000002,0.53254997787857938,0.032549977878579384
P3_2025,2025-11-07 17:00:00,2025-11-07 21:00:00,SELL,-2.3079511199999998,0.01,6.9013,0.91799999999999282,0.13301841682001839,24915.509999999998,24823.009999999998,46803.32,46742.220000000001,6683.3199999999997,6676.6999999999998,0.003719455530230965,0.0011486661832478269,0.0025707893469831379,0,0.01,0.0026617246383376218,0.01,1.8784813154537077,1.3784813154537077,0.018640069606123903,0.02,0.53647868335827775,0.036478683358277753,4,0.040000000000000001,550,0.01,0.46962032886342692,0.030379671136573083,0.070000000000000007,0.46941884793849298,0.030581152061507022
P3_2025,2025-11-10 17:00:00,2025-11-10 21:00:00,BUY,2.3556317099999999,0.01,6.9965999999999999,0.067999999999992733,0.0097190063745237303,25544.290000000001,25553.41,47144.540000000001,47311.290000000001,6807.4399999999996,6820.6899999999996,0.00035696323305502625,0.0027376312678684036,-0.0023806680348133773,5.4210108624275222e-20,0.01,0.0027091461704791264,0.01,1.845599936424148,1.345599936424148,0.018762038299272563,0.02,0.53299113030739942,0.032991130307399419,4,0.040000000000000001,550,0.01,0.461399984106037,0.038600015893963002,0.080000000000000002,0.53299113030739942,0.032991130307399419
P3_2025,2025-11-12 17:00:00,2025-11-12 21:00:00,SELL,-8.5832417700000008,0.01,7.1734999999999998,-0.22200000000000727,-0.030947236356033636,25506.720000000001,25525.470000000001,48446.139999999999,48353.389999999999,6860.0900000000001,6858.8400000000001,-0.00073483034311144346,0.001049281080379084,-0.0017841114234905275,0,0.01,0.0026324821750504791,0.01,1.8993480933651994,1.3993480933651994,0.018590659889301746,0.02,0.53790452084783935,0.037904520847839351,4,0.040000000000000001,550,0.01,0.47483702334129985,0.025162976658700154,0.070000000000000007,0.47066645574185945,0.029333544258140554
P3_2025,2025-11-13 17:00:00,2025-11-13 21:00:00,SELL,-1.61467406,0.01,7.1646000000000001,3.0780000000000292,0.42961226027971261,25295.900000000001,24985.900000000001,48165.169999999998,47653.169999999998,6809.9700000000003,6748.4700000000003,0.012330661504748059,0.0098794467163068785,0.0024512147884411806,0,0.01,0.0026259535676921731,0.01,1.9040702248190415,1.4040702248190415,0.018572695621272929,0.02,0.53842480401962367,0.038424804019623671,4,0.040000000000000001,550,0.01,0.47601755620476038,0.023982443795239616,0.070000000000000007,0.47112170351717075,0.028878296482829247
P3_2025,2025-11-14 17:00:00,2025-11-14 21:00:00,BUY,5.7184862499999998,0.01,7.1494,2.1579999999999928,0.30184351134360826,24868.5,25087.119999999999,47005.980000000003,47264.730000000003,6705.1599999999999,6751.1599999999999,0.0087526246566966403,0.0061632432316558322,0.0025893814250408081,0,0.01,0.0026452485407175851,0.01,1.8901815549791907,1.3901815549791907,0.018544300210584088,0.02,0.53924925106057864,0.039249251060578638,4,0.040000000000000001,550,0.01,0.47254538874479768,0.027454611255202321,0.070000000000000007,0.47184309467800634,0.028156905321993664
P3_2025,2025-11-17 17:00:00,2025-11-17 21:00:00,BUY,1.92641442,0.01,7.2492000000000001,-3.0720000000000072,-0.423770898857806,25122.52,24819.889999999999,47129.269999999997,46785.269999999997,6746.79,6684.6599999999999,-0.012119307182884155,-0.008288664520914089,-0.003830642661970066,0,0.01,0.0026652778623560266,0.01,1.875977011860275,1.375977011860275,0.018618128028291974,0.02,0.53711092677008521,0.037110926770085206,4,0.040000000000000001,550,0.01,0.46899425296506875,0.031005747034931253,0.070000000000000007,0.46997206092382454,0.030027939076175458
P3_2025,2025-11-20 17:00:00,2025-11-20 21:00:00,SELL,-0.96620824999999999,0.01,7.0106000000000002,9.9579999999999931,1.4204205060907757,25202.27,24206.639999999999,46810.230000000003,45797.230000000003,6767.29,6566.9200000000001,0.040307094132978165,0.025966973094930575,0.01434012103804759,0,0.01,0.002691961778440311,0.01,1.8573814977777794,1.3573814977777794,0.018620651693661717,0.02,0.53703813188256455,0.037038131882564551,4,0.040000000000000001,550,0.01,0.46434537444444485,0.035654625555555153,0.070000000000000007,0.46990836539724395,0.030091634602756046
P3_2025,2025-11-24 17:00:00,2025-11-24 21:00:00,BUY,3.7375020700000001,0.01,7.6828000000000003,2.377999999999993,0.30952256989639104,24621.630000000001,24864.880000000001,46307.650000000001,46568.400000000001,6656.8599999999997,6709.4899999999998,0.009831041193251757,0.0067450327634451957,0.0030860084298065613,0,0.01,0.0026584840733658477,0.01,1.8807710943589031,1.3807710943589031,0.018493426330131627,0.02,0.54073268098009752,0.040732680980097524,4,0.040000000000000001,550,0.01,0.47019277358972578,0.029807226410274223,0.070000000000000007,0.47314109585758535,0.026858904142414652
P3_2025,2025-11-25 17:00:00,2025-11-25 21:00:00,SELL,-2.1268799700000001,0.01,7.8018000000000001,-2.1120000000000072,-0.27070675997846744,24759.220000000001,24964.09,46604.529999999999,47017.779999999999,6704.4200000000001,6754.9200000000001,-0.0082404473598533534,-0.0081660996095672123,-7.4347750286141157e-05,0,0.01,0.0026563104487911369,0.01,1.8823101050840856,1.3823101050840856,0.018464848562590053,0.02,0.54156956479242879,0.041569564792428793,4,0.040000000000000001,550,0.01,0.4705775262710214,0.029422473728978604,0.070000000000000007,0.47387336919337525,0.026126630806624751
P3_2025,2025-11-26 17:00:00,2025-11-26 21:00:00,SELL,-1.14623118,0.01,7.9058999999999999,-1.5220000000000073,-0.19251445123262467,25110.880000000001,25260.009999999998,47278.800000000003,47501.050000000003,6788.6400000000003,6819.8900000000003,-0.0059212944511945823,-0.0046412698646123296,-0.0012800245865822527,0,0.01,0.0026556173168523736,0.01,1.8828013992341168,1.3828013992341168,0.018494779514011642,0.02,0.54069311788356289,0.04069311788356289,4,0.040000000000000001,550,0.01,0.47070034980852921,0.029299650191470794,0.070000000000000007,0.47310647814811757,0.026893521851882429
P3_2025,2025-12-02 17:00:00,2025-12-02 21:00:00,BUY,2.8556704399999999,0.01,7.9610000000000003,-0.21400000000001454,-0.026881045094839157,25558.240000000002,25538.240000000002,47427.760000000002,47414.510000000002,6838.6300000000001,6825.8800000000001,-0.00078283283002578412,-0.0010727799842941905,0.00028994715426840635,0,0.01,0.002694438868713176,0.01,1.8556739431197138,1.3556739431197138,0.018686666773900622,0.02,0.53514091737146219,0.035140917371462188,4,0.040000000000000001,550,0.01,0.46391848577992845,0.036081514220071553,0.070000000000000007,0.46824830270002937,0.031751697299970627
P3_2025,2025-12-03 17:00:00,2025-12-03 21:00:00,SELL,-3.3548530699999999,0.01,7.9485999999999999,-1.3240000000000147,-0.16657021362252658,25459.779999999999,25591.400000000001,47547.32,47894.32,6823.7600000000002,6853.7600000000002,-0.0051564054594466172,-0.0058291292695283065,0.0006727238100816893,0,0.01,0.0026773096780218107,0.01,1.8675463809977935,1.3675463809977935,0.01865524285731034,0.02,0.53604233815060454,0.036042338150604536,4,0.040000000000000001,550,0.01,0.46688659524944837,0.033113404750551634,0.070000000000000007,0.46903704588177908,0.03096295411822092
P3_2025,2025-12-04 17:00:00,2025-12-04 21:00:00,SELL,-1.28268575,0.01,7.8956999999999997,-0.51400000000001456,-0.065098724622264598,25519.389999999999,25568.389999999999,47845.050000000003,47894.050000000003,6845.1499999999996,6855.6499999999996,-0.0019182675397383406,-0.0012781864108330882,-0.00064008112890525238,0,0.01,0.002666878809824632,0.01,1.8748508487075906,1.3748508487075906,0.018640489981958032,0.02,0.5364665848204051,0.036466584820405101,4,0.040000000000000001,550,0.01,0.46871271217689764,0.031287287823102361,0.070000000000000007,0.46940826171785455,0.030591738282145453
P3_2025,2025-12-05 17:00:00,2025-12-05 21:00:00,BUY,2.4854670900000002,0.01,7.9153000000000002,-0.63400000000001455,-0.080098037977084202,25755.009999999998,25693.009999999998,48031.690000000002,48026.940000000002,6880.8299999999999,6874.46,-0.0024102008206929649,-0.00051254356205009339,-0.0018976572586428715,0,0.01,0.002681043494409628,0.01,1.8649454999240926,1.3649454999240926,0.018715046004624442,0.02,0.53432943726288595,0.034329437262885953,4,0.040000000000000001,550,0.01,0.46623637498102316,0.033763625018976839,0.070000000000000007,0.46753825760502526,0.032461742394974735
P3_2025,2025-12-08 17:00:00,2025-12-08 21:00:00,SELL,-0.95917894000000004,0.01,7.9241000000000001,1.5440000000000147,0.19484862634242558,25746.700000000001,25594.700000000001,47962.449999999997,47697.449999999997,6875.6499999999996,6842.75,0.0059211647557529494,0.0051684813323606511,0.0007526834233922983,0,0.01,0.0026840476247564503,0.01,1.8628581526952968,1.3628581526952968,0.018723102543032295,0.02,0.53409951566608538,0.034099515666085378,4,0.040000000000000001,550,0.01,0.46571453817382419,0.034285461826175812,0.070000000000000007,0.46733707620782472,0.03266292379217528
P3_2025,2025-12-09 17:00:00,2025-12-09 21:00:00,SELL,-2.9066502999999999,0.01,7.9859,-0.93100000000002192,-0.11658047308381296,25636.799999999999,25727.549999999999,47938.800000000003,47678.449999999997,6866.8000000000002,6863.0500000000002,-0.0035335829004719608,0.0029959693177051268,-0.0065295522181770876,0,0.01,0.0026739092342736989,0.01,1.8699213630406293,1.3699213630406293,0.018667210345430185,0.02,0.53569868314298197,0.035698683142981968,4,0.040000000000000001,550,0.01,0.46748034076015732,0.03251965923984268,0.070000000000000007,0.46873634775010925,0.03126365224989075
P3_2025,2025-12-11 17:00:00,2025-12-11 21:00:00,SELL,-11.01096216,0.01,7.9504999999999999,-2.2660000000000218,-0.28501352116219381,25433.25,25655.299999999999,48332.449999999997,48730.449999999997,6848.4499999999998,6901.9499999999998,-0.0086928048755715321,-0.0079912723612101701,-0.00070153251436136203,0,0.01,0.0026310739472135184,0.01,1.9003646800939713,1.4003646800939713,0.018568617716417584,0.02,0.53854304896149718,0.038543048961497184,4,0.040000000000000001,550,0.01,0.47509117002349283,0.024908829976507174,0.070000000000000007,0.47122516784131008,0.028774832158689923
P3_2025,2025-12-12 17:00:00,2025-12-12 21:00:00,SELL,-0.69475165000000005,0.01,8.0517000000000003,2.763999999999978,0.34328154302817765,25589.049999999999,25307.549999999999,48883.449999999997,48591.449999999997,6896.25,6847.25,0.011061755418353483,0.0065609888372857739,0.0045007665810677094,0,0.01,0.0026173531123519314,0.01,1.910326878098249,1.410326878098249,0.018552872938191047,0.02,0.53900008011239187,0.039000080112391866,4,0.040000000000000001,550,0.01,0.47758171952456224,0.022418280475437757,0.070000000000000007,0.47162507009834292,0.028374929901657076
P3_2025,2025-12-15 17:00:00,2025-12-15 21:00:00,SELL,-1.2617463900000001,0.01,8.0997000000000003,0.75399999999997813,0.09308986752595505,25256.099999999999,25180.450000000001,48559.449999999997,48436.449999999997,6846.5,6831,0.0029998109200703653,0.0024013440369445548,0.00059846688312581052,0,0.01,0.0026005339846312098,0.01,1.9226820451296915,1.4226820451296915,0.018444533703352077,0.02,0.5421660509738242,0.042166050973824198,4,0.040000000000000001,550,0.01,0.48067051128242289,0.019329488717577115,0.070000000000000007,0.47439529460209623,0.025604705397903771
P3_2025,2025-12-16 17:00:00,2025-12-16 21:00:00,BUY,3.7707421700000001,0.01,7.9957000000000003,-0.7959999999999855,-0.099553510011629431,25177.900000000001,25099.900000000001,48440.449999999997,48170.449999999997,6827.75,6796.25,-0.0031027635487794083,-0.0051068234068012072,0.0020040598580217989,0,0.01,0.002598850753863765,0.01,1.9239273330976767,1.4239273330976767,0.018437918787301822,0.02,0.54236056223910645,0.042360562239106447,4,0.040000000000000001,550,0.01,0.48098183327441918,0.019018166725580821,0.070000000000000007,0.47456549195921821,0.025434508040781789
P3_2025,2025-12-17 17:00:00,2025-12-17 21:00:00,SELL,-3.5815235200000002,0.01,7.8800999999999997,3.7339999999999782,0.47385185467189228,25116.799999999999,24744.049999999999,48398.449999999997,47960.449999999997,6807.7299999999996,6738.75,0.014951888877745746,0.0096376794792619302,0.0053142093984838157,0,0.01,0.002594793841538314,0.01,1.9269353580073894,1.4269353580073894,0.018447265094238462,0.02,0.54208577525799462,0.042085775257994618,4,0.040000000000000001,550,0.01,0.48173383950184734,0.018266160498152662,0.070000000000000007,0.47432505335074532,0.025674946649254682
P3_2025,2025-12-19 17:00:00,2025-12-19 21:00:00,BUY,2.6388504199999998,0.01,8.0388000000000002,-0.15600000000002184,-0.019405881474849708,25338.599999999999,25333.549999999999,48245.800000000003,48266.449999999997,6832.3500000000004,6836.6000000000004,-0.00019932053472054105,0.00052488615230432813,-0.0007242066870248692,2.7105054312137611e-20,0.01,0.0026259902416376139,0.01,1.9040436330341852,1.4040436330341852,0.018543107422775471,0.02,0.53928393833913479,0.039283938339134794,4,0.040000000000000001,550,0.01,0.47601090825854631,0.023989091741453694,0.070000000000000007,0.47187344604674297,0.028126553953257027
P3_2025,2025-12-22 17:00:00,2025-12-22 21:00:00,SELL,-0.81328347999999995,0.01,8.1324000000000005,0.58399999999997809,0.071811519354677347,25542.799999999999,25484.799999999999,48298.449999999997,48413.449999999997,6875.8299999999999,6880.9499999999998,0.0022732805375020372,-0.0015612794515631407,0.0038345599890651778,0,0.01,0.0026442670520482542,0.01,1.8908831451524499,1.3908831451524499,0.018574339388844691,0.02,0.5383771552061638,0.038377155206163804,4,0.040000000000000001,550,0.01,0.47272078628811248,0.027279213711887518,0.070000000000000007,0.47108001080539336,0.028919989194606643
P3_2025,2025-12-23 17:00:00,2025-12-23 21:00:00,BUY,0.55384946000000002,0.01,8.1928000000000001,0.81900000000001449,0.099965823650035951,25486.25,25571,48387.800000000003,48534.449999999997,6889.5699999999997,6911.6999999999998,0.0033198058194117757,0.0031165466157573067,0.00020325920365446906,0,0.01,0.0026335408925390285,0.01,1.8985845308744913,1.3985845308744913,0.018496255934695491,0.02,0.54064995831085394,0.04064995831085394,4,0.040000000000000001,550,0.01,0.47464613271862283,0.025353867281377174,0.070000000000000007,0.47306871352199714,0.026931286478002858
P3_2025,2025-12-26 17:00:00,2025-12-26 21:00:00,SELL,-1.4570616300000001,0.01,8.4939,-0.12599999999998546,-0.014834175113903562,25688.900000000001,25699.650000000001,48767.449999999997,48673.449999999997,6940.8299999999999,6935.5500000000002,-0.00041838114353523427,0.0013451903265922335,-0.0017635714701274678,0,0.01,0.0026338162032257173,0.01,1.8983860733624247,1.3983860733624247,0.018505639815411125,0.02,0.54037580433572474,0.040375804335724741,4,0.040000000000000001,550,0.01,0.47459651834060618,0.025403481659393823,0.070000000000000007,0.4728288287937592,0.027171171206240796
P3_2025,2025-12-29 17:00:00,2025-12-29 21:00:00,BUY,2.3866848799999998,0.01,8.5523000000000007,-0.30599999999998545,-0.035779848695670802,25539.900000000001,25509.900000000001,48601.900000000001,48513.449999999997,6910.3000000000002,6906.8000000000002,-0.0011753230552699618,-0.0011640821642446692,-1.1240891025292646e-05,0,0.01,0.0026274590088041826,0.01,1.9029792599031317,1.4029792599031317,0.018479588440443978,0.02,0.54113759255126292,0.041137592551262925,4,0.040000000000000001,550,0.01,0.47574481497578291,0.024255185024217085,0.070000000000000007,0.47349539348235509,0.026504606517644913
P3_2025,2025-12-30 17:00:00,2025-12-30 21:00:00,BUY,2.6948402800000002,0.01,8.5007000000000001,-0.24600000000002181,-0.028938793275850437,25574.599999999999,25551.950000000001,48464.449999999997,48464.449999999997,6915.75,6912,-0.0008860367649216321,-0.00027119380173439418,-0.00061484296318723786,0,0.01,0.0026384906875039334,0.01,1.8950227960554613,1.3950227960554613,0.018490113147525574,0.02,0.54082957309205226,0.040829573092052263,4,0.040000000000000001,550,0.01,0.47375569901386533,0.026244300986134672,0.070000000000000007,0.47322587645554581,0.026774123544454187
P3_2025,2025-12-31 17:00:00,2025-12-31 21:00:00,SELL,-2.7994045000000001,0.01,8.5046999999999997,-0.10600000000002183,-0.012463696544266326,25427.549999999999,25436.950000000001,48336.449999999997,48320.449999999997,6891.8000000000002,6891.3999999999996,-0.0003696094567729571,0.00019455480449903946,-0.00056416426127199658,5.4210108624275222e-20,0.01,0.0026302666000502725,0.01,1.900947987517476,1.400947987517476,0.018447684204416843,0.02,0.54207345969234166,0.042073459692341664,4,0.040000000000000001,550,0.01,0.47523699687936899,0.024763003120631011,0.070000000000000007,0.47431427723079894,0.025685722769201058
P4_2026_YTD,2026-01-05 17:00:00,2026-01-05 21:00:00,SELL,-4.5897342700000001,0.01,3.9327000000000001,-0.38650000000001455,-0.098278536374504677,25427.25,25449.900000000001,48928.800000000003,49238.449999999997,6902.0699999999997,6916.9499999999998,-0.0008903801213851687,-0.0042310982959593967,0.0033407181745742278,2.1684043449710089e-19,0.01,0.0025983929710109385,0.01,1.924266289118957,1.424266289118957,0.018420017473018965,0.02,0.54288765006046669,0.042887650060466687,4,0.040000000000000001,550,0.01,0.48106657227973926,0.018933427720260743,0.070000000000000007,0.4750266938029083,0.024973306197091705
P4_2026_YTD,2026-01-06 17:00:00,2026-01-06 21:00:00,BUY,1.47598743,0.01,4.1957000000000004,0.48399999999997817,0.11535619801224542,25587.349999999999,25638.799999999999,49109.449999999997,49493.449999999997,6932.1199999999999,6948.25,0.002008740352348336,0.0050565017654426144,-0.0030477614130942784,0,0.01,0.0026051350605637001,0.01,1.9192862879508821,1.4192862879508821,0.018455645603365205,0.02,0.54183961996846108,0.041839619968461084,4,0.040000000000000001,550,0.01,0.47982157198772052,0.020178428012279481,0.070000000000000007,0.47410966747240346,0.025890332527596538
P4_2026_YTD,2026-01-07 17:00:00,2026-01-07 21:00:00,BUY,2.9478433100000001,0.01,4.1947999999999999,0.76599999999998547,0.18260703728425323,25693.700000000001,25794.450000000001,49402.800000000003,49266.449999999997,6956.8299999999999,6958.9499999999998,0.0039135268440589586,-0.001229545337261301,0.0051430721813202594,0,0.01,0.0026004295303100229,0.01,1.9227592756200935,1.4227592756200935,0.018466528576952433,0.02,0.54152029485827269,0.041520294858272688,4,0.040000000000000001,550,0.01,0.48068981890502338,0.019310181094976619,0.070000000000000007,0.4738302580009886,0.026169741999011398
P4_2026_YTD,2026-01-08 17:00:00,2026-01-08 21:00:00,SELL,-6.6408397199999998,0.01,4.1917999999999997,-0.37600000000002182,-0.089698936017945,25444.299999999999,25475.299999999999,49078.449999999997,49282.449999999997,6912,6918.4499999999998,-0.0012176059446639565,-0.0025403601229988595,0.001322754178334903,0,0.01,0.0025922069666014314,0.01,1.9288583297634438,1.4288583297634438,0.018405888310185185,0.02,0.54330439430442179,0.043304394304421789,4,0.040000000000000001,550,0.01,0.48221458244086096,0.017785417559139038,0.070000000000000007,0.47539134501636909,0.024608654983630907
P4_2026_YTD,2026-01-12 17:00:00,2026-01-12 21:00:00,BUY,1.78006939,0.01,4.1588000000000003,0.73400000000001453,0.17649321919784902,25757.25,25834.5,49358.449999999997,49564.449999999997,6965.1999999999998,6980.9499999999998,0.0029946670826902682,0.0032117772830347622,-0.00021711020034449399,0,0.01,0.0026092036925794873,0.01,1.9162934707703656,1.4162934707703656,0.018489957215873199,0.02,0.54083413407875458,0.04083413407875458,4,0.040000000000000001,550,0.01,0.4790733676925914,0.020926632307408599,0.070000000000000007,0.47322986731891026,0.026770132681089742
P4_2026_YTD,2026-01-13 17:00:00,2026-01-13 21:00:00,BUY,2.0864601700000001,0.01,4.1881000000000004,-1.0659999999999854,-0.25453069410949725,25803.650000000001,25697.900000000001,49332.900000000001,49277.449999999997,6970.9300000000003,6956.5500000000002,-0.0041066782891414138,-0.0015948057867881929,-0.0025118725023532207,0,0.01,0.002615257769156081,0.01,1.9118574310223551,1.4118574310223551,0.018508039816781983,0.02,0.54030573194102371,0.040305731941023715,4,0.040000000000000001,550,0.01,0.47796435775558876,0.022035642244411235,0.070000000000000007,0.47276751544839585,0.027232484551604152
P4_2026_YTD,2026-01-14 17:00:00,2026-01-14 21:00:00,SELL,-3.6141256500000001,0.01,4.2826000000000004,0.72400000000001452,0.169056180824736,25441.450000000001,25366.700000000001,49038.900000000001,49058.449999999997,6915.1499999999996,6909.6999999999998,0.0029424434438944168,0.00019492585063813887,0.002747517593256278,0,0.01,0.0025940070026040552,0.01,1.9275198544108139,1.4275198544108139,0.018395443338177771,0.02,0.5436128836996319,0.043612883699631899,4,0.040000000000000001,550,0.01,0.48187996360270346,0.018120036397296535,0.070000000000000007,0.47566127323717794,0.02433872676282206
P4_2026_YTD,2026-01-15 17:00:00,2026-01-15 21:00:00,SELL,-2.3104709400000001,0.01,4.3076999999999996,-0.19600000000002182,-0.045499918750150158,25721.349999999999,25739.599999999999,49361.449999999997,49585.449999999997,6966.0500000000002,6976.25,-0.00070927570381382795,-0.0029954311127878726,0.0022861554089740445,1.0842021724855044e-19,0.01,0.0026054086741779266,0.01,1.9190847292229993,1.4190847292229993,0.018461933233324481,0.02,0.54165508420047936,0.041655084200479364,4,0.040000000000000001,550,0.01,0.47977118230574983,0.020228817694250167,0.070000000000000007,0.47394819867541949,0.026051801324580515
P4_2026_YTD,2026-01-16 17:00:00,2026-01-16 21:00:00,SELL,-1.4778108599999999,0.01,4.4916,0.094000000000014558,0.020927954403779179,25592.150000000001,25579.5,49353.449999999997,49472.449999999997,6946.3500000000004,6954.1000000000004,0.00049441439772561642,-0.0017616743285546303,0.0022560887262802467,0,0.01,0.0025927417434850049,0.01,1.9284604849533937,1.4284604849533937,0.018421293197146704,0.02,0.54285005362972638,0.042850053629726381,4,0.040000000000000001,550,0.01,0.48211512123834843,0.017884878761651568,0.070000000000000007,0.47499379692601057,0.02500620307398943
P4_2026_YTD,2026-01-20 17:00:00,2026-01-20 21:00:00,BUY,1.569555,0.01,4.4508000000000001,-1.2210000000000218,-0.27433270423295181,25193.799999999999,25074.049999999999,48705.449999999997,48545.449999999997,6848.3500000000004,6813.8000000000002,-0.0047644857112541291,-0.0041741204115610777,-0.00059036529969305144,0,0.01,0.002586343006788768,0.01,1.93323158872421,1.43323158872421,0.01839406572386049,0.02,0.54365359731362484,0.043653597313624837,4,0.040000000000000001,550,0.01,0.48330789718105249,0.016692102818947507,0.070000000000000007,0.47569689764942175,0.024303102350578254
P4_2026_YTD,2026-01-21 17:00:00,2026-01-21 21:00:00,BUY,0.50508854999999997,0.01,4.4381000000000004,-0.46599999999998548,-0.1049998873391734,25201.5,25159.25,48840.449999999997,48851.449999999997,6851.4300000000003,6836.5500000000002,-0.0016778943884793751,-0.0009744866978816882,-0.00070340769059768686,0,0.01,0.0025799823711697991,0.01,1.937997738229867,1.437997738229867,0.018391416098537092,0.02,0.54373192071900478,0.04373192071900478,4,0.040000000000000001,550,0.01,0.48449943455746675,0.015500565442533254,0.070000000000000007,0.47576543062912924,0.024234569370870762
P4_2026_YTD,2026-01-22 17:00:00,2026-01-22 21:00:00,SELL,-2.63496716,0.01,4.7859999999999996,-0.99399999999997812,-0.20768909318846182,25457.200000000001,25551.099999999999,49379.900000000001,49541.449999999997,6907.1199999999999,6928.25,-0.0036817579127521702,-0.003160363265625416,-0.0005213946471267542,0,0.01,0.0025776884926862953,0.01,1.9397223575255724,1.4397223575255724,0.018428230579460036,0.02,0.54264569552032438,0.042645695520324378,4,0.040000000000000001,550,0.01,0.48493058938139311,0.015069410618606893,0.070000000000000007,0.47481498358028384,0.025185016419716155
P4_2026_YTD,2026-01-23 17:00:00,2026-01-23 21:00:00,BUY,1.83229424,0.01,4.8822999999999999,0.52400000000001457,0.10732646498576789,25546.650000000001,25603.900000000001,49157.900000000001,49070.449999999997,6913.1000000000004,6915.1000000000004,0.0022384910389386093,-0.00074564076325648481,0.0029841318021950943,4.3368086899420177e-19,0.01,0.0025984277196544198,0.01,1.9242405560024503,1.4242405560024503,0.018476985722758243,0.02,0.54121381864158313,0.041213818641583133,4,0.040000000000000001,550,0.01,0.48106013900061256,0.018939860999387437,0.070000000000000007,0.47356209131138527,0.026437908688614731
P4_2026_YTD,2026-01-26 17:00:00,2026-01-26 21:00:00,BUY,1.57145,0.01,4.8758999999999997,0.5939999999999781,0.1218236633236896,25728.099999999999,25788.849999999999,49278.449999999997,49402.449999999997,6949.1999999999998,6963.6000000000004,0.0023584481674100654,0.0022915946310322855,6.685353637777983e-05,0,0.01,0.0026104818637761539,0.01,1.9153551952923067,1.4153551952923067,0.018511555286939506,0.02,0.54020312421049366,0.040203124210493657,4,0.040000000000000001,550,0.01,0.47883879882307667,0.021161201176923328,0.070000000000000007,0.47267773368418187,0.027322266315818133
P4_2026_YTD,2026-01-27 17:00:00,2026-01-27 21:00:00,BUY,1.9624389200000001,0.01,5.0351999999999997,0.33400000000001456,0.066333015570387385,25945.400000000001,25981.150000000001,49039.400000000001,48999.449999999997,6979.5,6986.8999999999996,0.0013769451522751299,0.00012235155897955956,0.0012545935932955703,0,0.01,0.0026453627083528755,0.01,1.8900999791870621,1.3900999791870621,0.018586861523031736,0.02,0.53801444572062873,0.038014445720628731,4,0.040000000000000001,550,0.01,0.47252499479676552,0.027475005203234482,0.070000000000000007,0.47076264000555018,0.029237359994449819
P4_2026_YTD,2026-01-28 17:00:00,2026-01-28 21:00:00,SELL,-0.87811707000000006,0.01,5.0099,0.77850000000002184,0.15539232320006824,26143.549999999999,26059.900000000001,49026.449999999997,48986.800000000003,6998.3500000000004,6977.7200000000003,0.0032047717763620141,0.0018806327316022145,0.0013241390447597996,0,0.01,0.0026662699420414897,0.01,1.8752789885076817,1.3752789885076817,0.018678367043660288,0.02,0.53537870717633995,0.035378707176339952,4,0.040000000000000001,550,0.01,0.46881974712692043,0.031180252873079572,0.070000000000000007,0.46845636877929747,0.031543631220702528
P4_2026_YTD,2026-01-29 17:00:00,2026-01-29 21:00:00,SELL,-6.7879410599999996,0.01,5.0446,0.23400000000001453,0.046386234785714332,25754.400000000001,25728.900000000001,48981.800000000003,48878.449999999997,6941.5,6931.8000000000002,0.00099061257088376483,0.0017552831253791761,-0.00076467055449541124,0,0.01,0.0026289764769771634,0.01,1.9018808436616654,1.4018808436616654,0.018551033638262625,0.02,0.53905352095175962,0.039053520951759624,4,0.040000000000000001,550,0.01,0.47547021091541636,0.024529789084583642,0.070000000000000007,0.47167183083278968,0.028328169167210315
P4_2026_YTD,2026-01-30 17:00:00,2026-01-30 21:00:00,SELL,-0.91290660999999995,0.01,5.0732999999999997,0.8439999999999781,0.16636114560542017,25722.849999999999,25637.349999999999,48877.449999999997,48801.449999999997,6941.3000000000002,6938.0500000000002,0.0033294293628654942,0.0010122205229210182,0.0023172088399444762,4.3368086899420177e-19,0.01,0.0026313617015617631,0.01,1.9001568644220994,1.4001568644220994,0.018528841859594025,0.02,0.53969913909228562,0.039699139092285618,4,0.040000000000000001,550,0.01,0.47503921610552485,0.024960783894475147,0.070000000000000007,0.47223674670575,0.027763253294250001
P4_2026_YTD,2026-02-03 17:00:00,2026-02-03 21:00:00,SELL,-7.41409523,0.01,5.5285000000000002,3.7689999999999784,0.68174007416116089,25534.299999999999,25153.299999999999,49459.900000000001,48912.449999999997,6961.25,6874.5,0.015033545707864899,0.011835208619780675,0.0031983370880842247,0,0.01,0.0025813133467718291,0.01,1.9369984687263802,1.4369984687263802,0.018340312443885797,0.02,0.54524698151114381,0.045246981511143813,4,0.040000000000000001,550,0.01,0.48424961718159504,0.015750382818404962,0.070000000000000007,0.47709110882225092,0.02290889117774908
P4_2026_YTD,2026-02-04 17:00:00,2026-02-04 21:00:00,SELL,-2.9712006099999999,0.01,5.6504000000000003,2.5540000000000145,0.45200339798952538,25106.400000000001,24835.400000000001,49370.900000000001,49318.449999999997,6908.6300000000001,6872.6499999999996,0.01085273898432452,0.0031422596040068993,0.0077104793803176204,0,0.01,0.0025426313881253939,0.01,1.9664667176496828,1.4664667176496828,0.01817031741459595,0.02,0.55034811840805531,0.050348118408055309,4,0.040000000000000001,550,0.01,0.49161667941242071,0.0083833205875792904,0.070000000000000007,0.48155460360704844,0.018445396392951563
P4_2026_YTD,2026-02-05 17:00:00,2026-02-05 21:00:00,BUY,0.76728202000000001,0.01,5.7135999999999996,-0.70599999999998542,-0.12356482777933098,24683.450000000001,24615.950000000001,49232.900000000001,48972.449999999997,6831.3999999999996,6808.6999999999998,-0.0027383717521945205,-0.0043163142652626902,0.0015779425130681697,0,0.01,0.0025068043929973656,0.01,1.9945712613107163,1.4945712613107163,0.018066172380478383,0.02,0.55352067883541389,0.053520678835413893,4,0.040000000000000001,550,0.01,0.49864281532767907,0.0013571846723209324,0.070000000000000007,0.48433059398098727,0.015669406019012733
P4_2026_YTD,2026-02-06 17:00:00,2026-02-06 21:00:00,SELL,-2.5822351600000002,0.01,5.5614999999999997,-2.3814999999999782,-0.42821181335970121,24776.049999999999,25006.049999999999,49666.400000000001,49977.449999999997,6872.5200000000004,6915.9499999999998,-0.0092403348400438012,-0.0062713712709408839,-0.0029689635691029174,0,0.01,0.0024942466134046356,0.01,2.0046133261758836,1.5046133261758836,0.018025447725143032,0.02,0.55477124077486117,0.054771240774861174,4,0.040000000000000001,550,0.01,0.5011533315439709,0.0011533315439709035,0.070000000000000007,0.48542483567800365,0.014575164321996348
P4_2026_YTD,2026-02-09 17:00:00,2026-02-09 21:00:00,BUY,1.052902,0.01,5.7625999999999999,2.5439999999999778,0.44146739319056988,25040.549999999999,25296.549999999999,49966.449999999997,50152.449999999997,6928.3000000000002,6971.3000000000002,0.010171511951841038,0.0049514172975959206,0.0052200946542451171,0,0.01,0.0025057363490902395,0.01,1.9954214264463042,1.4954214264463042,0.018071207944228743,0.02,0.55336643963491217,0.053366439634912166,4,0.040000000000000001,550,0.01,0.49885535661157604,0.0011446433884239604,0.070000000000000007,0.48419563468054821,0.015804365319451785
P4_2026_YTD,2026-02-10 17:00:00,2026-02-10 21:00:00,SELL,-2.21046415,0.01,5.7458999999999998,0.78400000000001457,0.13644511738805315,25320,25240.25,50543.449999999997,50219.449999999997,6981.9499999999998,6960.4499999999998,0.0031546547391795498,0.004757540245826977,-0.0016028855066474272,0,0.01,0.0025047755940680746,0.01,1.9961868088467611,1.4961868088467611,0.018132470155185872,0.02,0.55149684044233804,0.051496840442338043,4,0.040000000000000001,550,0.01,0.49904670221169029,0.0009532977883097149,0.070000000000000007,0.48255973538704583,0.017440264612954171
P4_2026_YTD,2026-02-11 17:00:00,2026-02-11 21:00:00,SELL,-1.4083110700000001,0.01,5.8775000000000004,0.0039999999999781721,0.00068056146320343198,25235.919999999998,25229.669999999998,50345.449999999997,50094.449999999997,6965.1999999999998,6950.1499999999996,0.0002476935286777858,0.0035805519436728347,-0.0033328584149950489,0,0.01,0.0025062761381614428,0.01,1.9949916626776436,1.4949916626776436,0.018115718141618331,0.02,0.5520068220219434,0.0520068220219434,4,0.040000000000000001,550,0.01,0.4987479156694109,0.0012520843305890983,0.070000000000000007,0.48300596926920047,0.016994030730799525
P4_2026_YTD,2026-02-12 17:00:00,2026-02-12 21:00:00,SELL,-4.1154216000000003,0.01,5.9050000000000002,2.9589999999999779,0.50110076206604193,25138.299999999999,24837.799999999999,50356.900000000001,49641.449999999997,6950.4799999999996,6869.3999999999996,0.01202589323976452,0.013021718015323449,-0.0009958247755589289,0,0.01,0.0024960134559514186,0.01,2.0031943289721261,1.5031943289721261,0.018083858956503725,0.02,0.55297931841055281,0.052979318410552811,4,0.040000000000000001,550,0.01,0.50079858224303153,0.00079858224303153147,0.070000000000000007,0.48385690360923372,0.016143096390766276
P4_2026_YTD,2026-02-18 17:00:00,2026-02-18 21:00:00,BUY,0.99442989000000004,0.01,5.9930000000000003,0.75850000000002182,0.12656432504589049,24886.650000000001,24966.150000000001,49775.449999999997,49714.800000000003,6884.5,6891.9499999999998,0.0031893922664710268,-6.8829575155130406e-05,0.0032582218416261572,0,0.01,0.002499892015039543,0.01,2.0000863916999676,1.5000863916999676,0.018074406274965503,0.02,0.55326851946726452,0.053268519467264519,4,0.040000000000000001,550,0.01,0.5000215979249919,2.1597924991900719e-05,0.070000000000000007,0.48410995453385647,0.015890045466143532
P4_2026_YTD,2026-02-20 17:00:00,2026-02-20 21:00:00,BUY,3.8550738899999999,0.01,6.0858999999999996,1.8785000000000218,0.30866428958741055,24847.599999999999,25045.099999999999,49370.800000000003,49618.449999999997,6868.2799999999997,6912.3000000000002,0.0079170312128670362,0.0056961532050591041,0.0022208780078079322,0,0.01,0.0025164267137660315,0.01,1.9869444131425169,1.4869444131425169,0.018088662663723668,0.02,0.55283246671710751,0.052832466717107507,4,0.040000000000000001,550,0.01,0.49673610328562923,0.0032638967143707731,0.070000000000000007,0.48372840837746905,0.016271591622530945
P4_2026_YTD,2026-02-23 17:00:00,2026-02-23 21:00:00,BUY,1.55646773,0.01,6.2420999999999998,-2.0240000000000147,-0.32424985181269361,24866.700000000001,24687.450000000001,49254.900000000001,48911.449999999997,6884.9499999999998,6840.75,-0.0072345416804467386,-0.0067189149489015332,-0.00051562673154520542,0,0.01,0.0025242869237375367,0.01,1.9807573984485276,1.4807573984485276,0.018058736809998619,0.02,0.5537485874683814,0.053748587468381404,4,0.040000000000000001,550,0.01,0.4951893496121319,0.0048106503878680984,0.070000000000000007,0.48453001403483376,0.015469985965166244
P4_2026_YTD,2026-02-24 17:00:00,2026-02-24 21:00:00,SELL,-0.90329815999999996,0.01,6.1612,-1.5559999999999854,-0.2525482048951479,24836.950000000001,24991.200000000001,49083.900000000001,49290.449999999997,6852.3299999999999,6894.8999999999996,-0.0061912992044853375,-0.005196269490955311,-0.00099502971353002644,0,0.01,0.0025300505868523079,0.01,1.9762450703488148,1.4762450703488148,0.01812299611956809,0.02,0.5517851427006939,0.051785142700693898,4,0.040000000000000001,550,0.01,0.4940612675872037,0.0059387324127962993,0.070000000000000007,0.48281199986310719,0.017188000136892811
P4_2026_YTD,2026-02-25 17:00:00,2026-02-25 21:00:00,BUY,8.0847884400000005,0.01,6.2279999999999998,0.044000000000014555,0.0070648683365469745,25307.200000000001,25314.200000000001,49327.099999999999,49485.449999999997,6933.6499999999996,6945.9499999999998,0.00027656287833276459,0.0024887235228574505,-0.0022121606445246857,1.6263032587282567e-19,0.01,0.0025652430408436744,0.01,1.949133053044193,1.449133053044193,0.018249551102233311,0.02,0.54795868369475875,0.047958683694758752,4,0.040000000000000001,550,0.01,0.48728326326104826,0.012716736738951739,0.070000000000000007,0.47946384823291394,0.020536151767086064
P4_2026_YTD,2026-02-26 17:00:00,2026-02-26 21:00:00,SELL,-4.9229504100000003,0.01,6.1588000000000003,1.9240000000000148,0.3123985191920528,25159.75,24966.25,49659.449999999997,49464.449999999997,6926.1499999999996,6892.8999999999996,0.0077205825786336143,0.0043733409536821106,0.0033472416249515037,0,0.01,0.0025332288215032589,0.01,1.9737656375758901,1.4737656375758901,0.018162868260144526,0.02,0.55057383320581488,0.050573833205814878,4,0.040000000000000001,550,0.01,0.49344140939397252,0.0065585906060274812,0.070000000000000007,0.481752104055088,0.018247895944911996
P4_2026_YTD,2026-02-27 17:00:00,2026-02-27 21:00:00,BUY,3.4841190499999999,0.01,6.0406000000000004,0.24399999999997818,0.040393338410088096,24846.599999999999,24871.849999999999,48699.449999999997,48909.449999999997,6844.6499999999996,6855.4499999999998,0.0010157196039231838,0.0029397620538648334,-0.0019240424499416496,0,0.01,0.0025510144365080097,0.01,1.9600045881529062,1.4600045881529062,0.018150380223970544,0.02,0.5509526454323731,0.0509526454323731,4,0.040000000000000001,550,0.01,0.49000114703822656,0.0099988529617734412,0.070000000000000007,0.48208356475332648,0.017916435246673523
P4_2026_YTD,2026-03-02 17:00:00,2026-03-02 21:00:00,BUY,2.7053702199999998,0.01,6.0739000000000001,1.1309999999999854,0.18620655591958796,24823.549999999999,24949.950000000001,48712.800000000003,48858.449999999997,6843.3800000000001,6869.1499999999996,0.005079018824165657,0.0033720617053682829,0.0017069571187973741,0,0.01,0.002547949409600762,0.01,1.9623623534909391,1.4623623534909391,0.018136907493080903,0.02,0.55136191237756083,0.051361912377560826,4,0.040000000000000001,550,0.01,0.49059058837273478,0.0094094116272652184,0.070000000000000007,0.48244167333036581,0.017558326669634194
P4_2026_YTD,2026-03-03 17:00:00,2026-03-03 21:00:00,BUY,2.7723431999999999,0.01,6.1379000000000001,3.1040000000000143,0.5057104221313502,24470.950000000001,24782.700000000001,47834.449999999997,48587.449999999997,6738.4499999999998,6827.8999999999996,0.012659129353569621,0.014403203498535853,-0.0017440741449662317,0,0.01,0.0025578793108314199,0.01,1.9547442988523125,1.4547442988523125,0.018157699470946583,0.02,0.55073056011311372,0.050730560113113721,4,0.040000000000000001,550,0.01,0.48868607471307812,0.011313925286921878,0.070000000000000007,0.48188924009897449,0.018110759901025508
P4_2026_YTD,2026-03-04 17:00:00,2026-03-04 21:00:00,BUY,2.31265067,0.01,6.3182,2.6710000000000216,0.42274698490076629,24902.950000000001,25177.599999999999,48529.800000000003,48802.449999999997,6831.6800000000003,6882.75,0.0109684399837268,0.0065250693368586604,0.0044433706468681392,0,0.01,0.0025657379589448131,0.01,1.9487570749650143,1.4487570749650143,0.018226080554124315,0.02,0.54866431487032663,0.04866431487032663,4,0.040000000000000001,550,0.01,0.48718926874125357,0.012810731258746433,0.070000000000000007,0.48008127551153584,0.019918724488464157
P4_2026_YTD,2026-03-09 17:00:00,2026-03-09 21:00:00,BUY,1.21405359,0.01,6.234,2.4139999999999779,0.38723131215912382,24362.450000000001,24605.049999999999,46823.449999999997,47060.449999999997,6651.8000000000002,6704.1499999999996,0.0099086939261294003,0.006444021302794832,0.0034646726233345682,0,0.01,0.0026015223141396034,0.01,1.9219516099571263,1.4219516099571263,0.01831267476472534,0.02,0.54606987392483097,0.046069873924830973,4,0.040000000000000001,550,0.01,0.48048790248928158,0.019512097510718418,0.070000000000000007,0.47781113968422717,0.022188860315772829
P4_2026_YTD,2026-03-10 17:00:00,2026-03-10 21:00:00,BUY,1.35124939,0.01,6.1961000000000004,2.0040000000000142,0.32342925388551091,24959.650000000001,25165.299999999999,47519.400000000001,48146.449999999997,6773.8199999999997,6836.6499999999996,0.0082055405095434221,0.011171011301876909,-0.0029654707923334866,0,0.01,0.002626258959498647,0.01,1.9038488119825396,1.4038488119825396,0.018423614740279488,0.02,0.54278164958242592,0.042781649582425918,4,0.040000000000000001,550,0.01,0.47596220299563491,0.024037797004365091,0.070000000000000007,0.4749339433846228,0.025066056615377197
P4_2026_YTD,2026-03-11 17:00:00,2026-03-11 21:00:00,BUY,3.7113423499999998,0.01,6.3876999999999997,-1.5259999999999854,-0.23889662945974066,25097.450000000001,24948.200000000001,47506.800000000003,47338.800000000003,6794.1499999999996,6764.3500000000004,-0.0059645720448321072,-0.0039691885193398752,-0.0019953835254922321,0,0.01,0.0026414586964392463,0.01,1.8928935011325854,1.3928935011325854,0.018469896896594867,0.02,0.54142153884159538,0.041421538841595384,4,0.040000000000000001,550,0.01,0.47322337528314634,0.026776624716853659,0.070000000000000007,0.47374384648639606,0.026256153513603941
P4_2026_YTD,2026-03-12 17:00:00,2026-03-12 21:00:00,SELL,-1.80094475,0.01,6.3380000000000001,0.29400000000001453,0.046386872830548202,24657.400000000001,24625.400000000001,46823.040000000001,46823.540000000001,6702.5,6696.5500000000002,0.0012986276955513026,0.00043872213861490195,0.00085990555693640064,0,0.01,0.0026330413403315976,0.01,1.8989447386991329,1.3989447386991329,0.018394181275643417,0.02,0.54365018209543592,0.043650182095435919,4,0.040000000000000001,550,0.01,0.47473618467478323,0.025263815325216765,0.070000000000000007,0.47569390933350642,0.024306090666493585
P4_2026_YTD,2026-03-16 17:00:00,2026-03-16 21:00:00,SELL,-1.81325716,0.01,6.0960000000000001,0.52400000000001457,0.085958005249346214,24745.75,24693.25,47160.029999999999,46919.279999999999,6722.25,6701.5,0.002123830163802388,0.0041047856946600184,-0.0019809555308576304,0,0.01,0.0026235935388505905,0.01,1.9057830132446985,1.4057830132446985,0.018405853694819445,0.02,0.54330541608154925,0.043305416081549253,4,0.040000000000000001,550,0.01,0.47644575331117461,0.023554246688825387,0.070000000000000007,0.47539223907135575,0.024607760928644251
P4_2026_YTD,2026-03-17 17:00:00,2026-03-17 21:00:00,BUY,1.969814,0.01,6.1440000000000001,-0.60099999999998543,-0.097819010416664298,24891.150000000001,24833.400000000001,47355.419999999998,47098.919999999998,6752.5500000000002,6730.8000000000002,-0.0023227973290980103,-0.0043287064985834331,0.0020059091694854228,0,0.01,0.0026281204981393894,0.01,1.9025002862463163,1.4025002862463163,0.018430926094586492,0.02,0.54256633381744113,0.042566333817441127,4,0.040000000000000001,550,0.01,0.47562507156157907,0.024374928438420929,0.070000000000000007,0.47474554209026099,0.025254457909739014
P4_2026_YTD,2026-03-20 17:00:00,2026-03-20 21:00:00,SELL,-7.5104995199999998,0.01,6.2842000000000002,0.7040000000000145,0.11202698831991574,24094.400000000001,24018.900000000001,45866.360000000001,45773.610000000001,6561.25,6543.4499999999998,0.0031384279179023371,0.0023704054269036504,0.00076802249099868674,0,0.01,0.0026265873289269088,0.01,1.9036107975297165,1.4036107975297165,0.018361135454372263,0.02,0.54462862739889761,0.044628627398897613,4,0.040000000000000001,550,0.01,0.47590269938242913,0.024097300617570871,0.070000000000000007,0.47655004897403547,0.023449951025964533
P4_2026_YTD,2026-03-23 17:00:00,2026-03-23 21:00:00,BUY,1.1641154,0.01,6.1847000000000003,-1.4160000000000217,-0.22895209145148862,24409.299999999999,24277.799999999999,46525.599999999999,46432.849999999999,6636.1199999999999,6614.3000000000002,-0.0054018546910530648,-0.0026444996741918471,-0.0027573550168612177,0,0.01,0.0026232117371941467,0.01,1.9060603950133761,1.4060603950133761,0.018391243678535046,0.02,0.54373701826762755,0.043737018267627548,4,0.040000000000000001,550,0.01,0.47651509875334402,0.023484901246655976,0.070000000000000007,0.4757698909841741,0.024230109015825896
P4_2026_YTD,2026-03-24 17:00:00,2026-03-24 21:00:00,SELL,-1.5496772599999999,0.01,6.2000999999999999,-0.27100000000002183,-0.043708972435931977,24031.049999999999,24056.299999999999,45914.730000000003,46242.980000000003,6545.75,6573.6999999999998,-0.0010501723351610454,-0.0056922719166307527,0.0046420995814697077,4.3368086899420177e-19,0.01,0.0026169216284185923,0.01,1.9106418570973804,1.4106418570973804,0.018356223503800177,0.02,0.54477436483216501,0.044774364832165015,4,0.040000000000000001,550,0.01,0.47766046427434511,0.022339535725654891,0.070000000000000007,0.47667756922814447,0.023322430771855529
P4_2026_YTD,2026-03-26 17:00:00,2026-03-26 21:00:00,SELL,-3.0523771200000001,0.01,6.1569000000000003,3.5239999999999783,0.57236596339066381,24034.700000000001,23682.599999999999,46527.989999999998,45962.989999999998,6574.5500000000002,6495.0500000000002,0.014758018184826886,0.012191672942969609,0.0025663452418572767,0,0.01,0.0025828216520851215,0.01,1.9358673085164366,1.4358673085164366,0.018278589409161085,0.02,0.54708816835658447,0.04708816835658447,4,0.040000000000000001,550,0.01,0.48396682712910916,0.016033172870890844,0.070000000000000007,0.47870214731201144,0.021297852687988561
P4_2026_YTD,2026-03-30 17:00:00,2026-03-30 21:00:00,SELL,-3.0288129600000002,0.01,5.9928999999999997,0.89400000000001456,0.1491765255552428,23138.200000000001,23047.950000000001,45315.080000000002,45320.080000000002,6380.5,6365.6000000000004,0.0039081029645328079,0.0011138193262088612,0.0027942836383239465,0,0.01,0.0025530353251059031,0.01,1.9584531208132006,1.4584531208132006,0.018131964579578403,0.02,0.55151221789076077,0.05151221789076077,4,0.040000000000000001,550,0.01,0.48961328020330014,0.010386719796699861,0.070000000000000007,0.48257319065441567,0.017426809345584326
P4_2026_YTD,2026-03-31 17:00:00,2026-03-31 21:00:00,BUY,3.6216529799999999,0.01,6.0742000000000003,1.9090000000000145,0.31428006980343326,23404,23598.450000000001,45867.239999999998,46132.739999999998,6459.2299999999996,6497.4499999999998,0.0082740839825809643,0.0058357165003896545,0.0024383674821913098,0,0.01,0.0025512762485817766,0.01,1.9598034524012988,1.4598034524012988,0.018116710505741398,0.02,0.55197658519911119,0.051976585199111192,4,0.040000000000000001,550,0.01,0.48995086310032471,0.010049136899675293,0.070000000000000007,0.48297951204922235,0.017020487950777652
P4_2026_YTD,2026-04-02 17:00:00,2026-04-02 21:00:00,BUY,1.6283347800000001,0.01,6.2378,1.9240000000000148,0.3084420789380895,23737.200000000001,23930.200000000001,46111.769999999997,46347.769999999997,6526.3000000000002,6563,0.0080978217674504728,0.0053562975631570257,0.0027415242042934471,0,0.01,0.0025738764744879673,0.01,1.9425951670795205,1.4425951670795205,0.018185802062424344,0.02,0.54987951401176216,0.04987951401176216,4,0.040000000000000001,550,0.01,0.48564879176988013,0.014351208230119872,0.070000000000000007,0.48114457476029188,0.018855425239708123
P4_2026_YTD,2026-04-06 17:00:00,2026-04-06 21:00:00,BUY,1.97311328,0.01,6.3308,-1.5259999999999854,-0.2410437859354245,24261.5,24113.599999999999,46576.459999999999,46520.459999999999,6617.8800000000001,6597.6700000000001,-0.0061147350943474496,-0.0021307840166148763,-0.0039839510777325733,0,0.01,0.0026044808901320542,0.01,1.91976835727387,1.41976835727387,0.018330265885751932,0.02,0.54554582363003101,0.045545823630031013,4,0.040000000000000001,550,0.01,0.47994208931846749,0.020057910681532509,0.070000000000000007,0.47735259567627725,0.022647404323722753
P4_2026_YTD,2026-04-08 17:00:00,2026-04-08 21:00:00,SELL,-3.9781221100000002,0.01,6.1525999999999996,-0.12599999999998546,-0.020479147027270661,24935.5,24949,47907.239999999998,47873.989999999998,6778.3999999999996,6789.9499999999998,-0.00054125030137909351,-0.00050410066152836925,-3.7149639850724264e-05,0,0.01,0.0026024772038631323,0.01,1.9212464157526417,1.4212464157526417,0.018393352413548923,0.02,0.54367468067614433,0.043674680676144328,4,0.040000000000000001,550,0.01,0.48031160393816041,0.019688396061839586,0.070000000000000007,0.47571534559162637,0.024284654408373629
P4_2026_YTD,2026-04-09 17:00:00,2026-04-09 21:00:00,SELL,-1.3646175599999999,0.01,6.1283000000000003,-1.9160000000000219,-0.3126478795098187,24890.049999999999,25079.549999999999,47880.25,48317.25,6784.3000000000002,6837.5500000000002,-0.0075846478036436628,-0.0084519494090282248,0.00086730160538456193,0,0.01,0.002599197999175025,0.01,1.923670301988144,1.423670301988144,0.018343860088734284,0.02,0.54514153245975805,0.045141532459758049,4,0.040000000000000001,550,0.01,0.48091757549703601,0.019082424502963991,0.070000000000000007,0.47699884090228833,0.023001159097711665
P4_2026_YTD,2026-04-10 17:00:00,2026-04-10 21:00:00,BUY,2.0317277499999999,0.01,6.1803999999999997,-0.39599999999998547,-0.064073522749334269,25172.200000000001,25127.700000000001,48009.169999999998,47942.32,6835.5500000000002,6822.8999999999996,-0.0017693876771047046,-0.0016228731840935832,-0.00014651449301112144,0,0.01,0.0026216033311969359,0.01,1.9072298011298177,1.4072298011298177,0.018412710023333893,0.02,0.5431031058072,0.043103105807200004,4,0.040000000000000001,550,0.01,0.47680745028245441,0.023192549717545585,0.070000000000000007,0.47521521758130003,0.024784782418699969
P4_2026_YTD,2026-04-14 17:00:00,2026-04-14 21:00:00,SELL,-0.55196992,0.01,6.3685999999999998,-2.3759999999999857,-0.3730804258392717,25588.75,25824.75,48398.239999999998,48531.739999999998,6925.8500000000004,6967.3500000000004,-0.0091805326440411953,-0.0043643654268982505,-0.0048161672171429448,0,0.01,0.0026435620386195866,0.01,1.8913874261149917,1.3913874261149917,0.018473364280196653,0.02,0.54131991597870166,0.04131991597870166,4,0.040000000000000001,550,0.01,0.47284685652874792,0.027153143471252084,0.070000000000000007,0.47365492648136392,0.026345073518636075
P4_2026_YTD,2026-04-15 17:00:00,2026-04-15 21:00:00,BUY,4.0501763100000003,0.01,6.3444000000000003,1.1940000000000146,0.1881974654813717,25937.450000000001,26059.450000000001,48484.849999999999,48403.099999999999,6986.0500000000002,7005.0500000000002,0.0046925960537868103,0.00051424861930524774,0.0041783474344815625,0,0.01,0.0026747994476625176,0.01,1.8692990251547472,1.3692990251547472,0.018563744891605415,0.02,0.53868441192175787,0.038684411921757866,4,0.040000000000000001,550,0.01,0.4673247562886868,0.032675243711313195,0.070000000000000007,0.47134886043153823,0.02865113956846177
P4_2026_YTD,2026-04-16 17:00:00,2026-04-16 21:00:00,SELL,-0.80198685999999997,0.01,6.4158999999999997,-1.3959999999999855,-0.2175844386602013,26192.150000000001,26331.400000000001,48474.440000000002,48531.190000000002,7025.3999999999996,7036.8999999999996,-0.0053023958302762901,-0.0014028072488544135,-0.0038995885814218766,0,0.01,0.0027016454444857953,0.01,1.8507239764585952,1.3507239764585952,0.018641038232698498,0.02,0.53645080682570923,0.036450806825709225,4,0.040000000000000001,550,0.01,0.4626809941146488,0.037319005885351197,0.070000000000000007,0.46939445597249552,0.030605544027504483
P4_2026_YTD,2026-04-20 17:00:00,2026-04-20 21:00:00,SELL,-2.3321774999999998,0.01,6.9297000000000004,0.74400000000001454,0.10736395514957567,26659.400000000001,26584.650000000001,49484.410000000003,49386.660000000003,7128.75,7109.75,0.0028078273200511737,0.0023230726339052636,0.00048475468614591006,0,0.01,0.0026937170716999554,0.01,1.856171181646999,1.356171181646999,0.018698509556373838,0.02,0.53480198354051489,0.034801983540514891,4,0.040000000000000001,550,0.01,0.46404279541174975,0.035957204588250247,0.070000000000000007,0.4679517355979505,0.032048264402049498
P4_2026_YTD,2026-04-21 17:00:00,2026-04-21 21:00:00,SELL,-0.52961550000000002,0.01,7.0477999999999996,1.3739999999999781,0.1949544538721272,26718.549999999999,26579.049999999999,49818.589999999997,49330.589999999997,7140.1000000000004,7089.6499999999996,0.0052347692412983184,0.0084673199691989009,-0.0032325507279005825,0,0.01,0.0026815843242452265,0.01,1.8645693722151839,1.3645693722151839,0.018710207139956022,0.02,0.5344676264243382,0.034467626424338205,4,0.040000000000000001,550,0.01,0.46614234305379598,0.033857656946204018,0.070000000000000007,0.46765917312129596,0.032340826878704043
P4_2026_YTD,2026-04-22 17:00:00,2026-04-22 21:00:00,SELL,-0.96261752,0.01,7.1028000000000002,-1.6659999999999855,-0.23455538660809616,26747.200000000001,26912.700000000001,49623.760000000002,49434.510000000002,7125.5,7131.25,-0.0061684991875815528,0.0015071762490978385,-0.0076756754366793913,0,0.01,0.0026949993309656507,0.01,1.8552880301489501,1.3552880301489501,0.01876864781418848,0.02,0.53280343363043603,0.03280343363043603,4,0.040000000000000001,550,0.01,0.46382200753723751,0.036177992462762487,0.080000000000000002,0.53280343363043603,0.03280343363043603
P4_2026_YTD,2026-04-23 17:00:00,2026-04-23 21:00:00,SELL,-1.07357002,0.01,7.0361000000000002,1.3339999999999783,0.18959366694617449,26893.099999999999,26756.349999999999,49341.910000000003,49194.910000000003,7133.3999999999996,7096.6999999999998,0.0050979197797460249,0.0040708751592123289,0.001027044620533696,0,0.01,0.0027251782511053986,0.01,1.8347423688604143,1.3347423688604143,0.018850127568901226,0.02,0.5305003885755083,0.030500388575508297,4,0.040000000000000001,550,0.01,0.45868559221510358,0.041314407784896423,0.080000000000000002,0.5305003885755083,0.030500388575508297
P4_2026_YTD,2026-04-27 17:00:00,2026-04-27 21:00:00,SELL,-2.0224182499999999,0.01,7.1500000000000004,-0.27599999999998548,-0.038601398601396567,27288.200000000001,27314.450000000001,49284.449999999997,49178.449999999997,7173.8999999999996,7181.6000000000004,-0.00096149186980021436,0.00054016819306432879,-0.0015016600628645431,0,0.01,0.0027684391324241217,0.01,1.8060718552341304,1.3060718552341304,0.019019083064999512,0.02,0.52578770310976908,0.025787703109769078,4,0.040000000000000001,550,0.01,0.4515179638085326,0.048482036191467404,0.080000000000000002,0.52578770310976908,0.025787703109769078
P4_2026_YTD,2026-04-28 17:00:00,2026-04-28 21:00:00,BUY,3.04919428,0.01,7.1487999999999996,-0.6759999999999855,-0.094561324977616601,27091.450000000001,27026.450000000001,49248.400000000001,49219.449999999997,7149.1499999999996,7143.3500000000004,-0.0024021638406620783,-0.00069981186365375447,-0.0017023519770083238,0,0.01,0.0027504903712607925,0.01,1.8178576635802071,1.3178576635802071,0.018947322408957711,0.02,0.52777905944495396,0.027779059444953957,4,0.040000000000000001,550,0.01,0.45446441589505177,0.045535584104948235,0.080000000000000002,0.52777905944495396,0.027779059444953957
P4_2026_YTD,2026-04-29 17:00:00,2026-04-29 21:00:00,BUY,2.2448367199999999,0.01,7.0994999999999999,0.25900000000001455,0.036481442355097482,27110.450000000001,27138.700000000001,48951.449999999997,48870.800000000003,7140.5500000000002,7138.9200000000001,0.0010414910668119564,-0.00093860464137796029,0.0019800957081899167,0,0.01,0.0027691161344556704,0.01,1.805630301230706,1.305630301230706,0.018983446653269006,0.02,0.52677473077724635,0.026774730777246347,4,0.040000000000000001,550,0.01,0.4514075753076765,0.048592424692323499,0.080000000000000002,0.52677473077724635,0.026774730777246347
P4_2026_YTD,2026-04-30 17:00:00,2026-04-30 21:00:00,SELL,-5.3476320599999996,0.01,7.1097999999999999,-2.9559999999999858,-0.41576415651635573,27138.450000000001,27434.950000000001,49292.900000000001,49630.449999999997,7145.1999999999998,7204.1999999999998,-0.01086620651881615,-0.0075239444473121954,-0.0033422620715039542,0,0.01,0.0027527747403784317,0.01,1.8163491282663529,1.3163491282663529,0.018990686054973969,0.02,0.52657392002859404,0.026573920028594045,4,0.040000000000000001,550,0.01,0.45408728206658822,0.045912717933411784,0.080000000000000002,0.52657392002859404,0.026573920028594045
P4_2026_YTD,2026-05-01 17:00:00,2026-05-01 21:00:00,BUY,4.3183457000000001,0.01,7.1742999999999997,0.089000000000014554,0.012405391466765336,27764.25,27776.25,49960.900000000001,49705.449999999997,7270.8800000000001,7256.6499999999996,0.00043211711045899138,-0.0035425771216714154,0.0039746942321304069,5.4210108624275222e-20,0.01,0.0027785978635292796,0.01,1.7994687412770021,1.2994687412770021,0.019092771438945493,0.02,0.52375843035558323,0.023758430355583227,7,0.070000000000000007,1000,0.02,0.51413392607914343,0.014133926079143433,0.13,0.48634711390161295,0.013652886098387051
P4_2026_YTD,2026-05-04 17:00:00,2026-05-04 21:00:00,BUY,0.89955193,0.01,7.2248999999999999,-1.0459999999999854,-0.14477709034034872,27796.450000000001,27693.700000000001,49349.449999999997,49063.449999999997,7237.1999999999998,7212.4499999999998,-0.0037033641982896132,-0.0046189771915189706,0.00091561299322935738,0,0.01,0.0028162877195186571,0.01,1.7753867850031209,1.2753867850031209,0.019203870281324267,0.02,0.52072836639211129,0.020728366392111286,7,0.070000000000000007,1000,0.02,0.50725336714374869,0.0072533671437486902,0.13,0.48353348307838895,0.016466516921611052
P4_2026_YTD,2026-05-05 17:00:00,2026-05-05 21:00:00,BUY,1.4520156099999999,0.01,7.0385999999999997,0.72899999999997811,0.10357173301508513,27984.599999999999,28061.349999999999,49210.900000000001,49283.449999999997,7255.7200000000003,7270.3500000000004,0.0027388258375925221,0.0017437456707439293,0.00099508016684859285,0,0.01,0.0028433334891253765,0.01,1.758499317481758,1.258499317481758,0.019284509325056643,0.02,0.51855091729022396,0.018550917290223956,7,0.070000000000000007,1000,0.02,0.50242837642335936,0.0024283764233593574,0.13,0.4815115660552079,0.018488433944792104
P4_2026_YTD,2026-05-06 17:00:00,2026-05-06 21:00:00,SELL,-0.76501198000000004,0.01,7.1548999999999996,-1.3159999999999854,-0.18392989419837949,28373.200000000001,28504.700000000001,49878.449999999997,49884.800000000003,7327.6000000000004,7352.6499999999996,-0.0046239482927085728,-0.0017700265595103387,-0.002853921733198234,0,0.01,0.0028442343336651404,0.01,1.7579423540524155,1.2579423540524155,0.019360500027294066,0.02,0.51651558512962936,0.016515585129629362,7,0.070000000000000007,1000,0.02,0.50226924401497586,0.0022692440149758575,0.14000000000000001,0.51651558512962947,0.016515585129629473
P4_2026_YTD,2026-05-07 17:00:00,2026-05-07 21:00:00,BUY,2.24910539,0.01,7.1154000000000002,-0.86599999999998545,-0.12170784495600885,28688.75,28603.75,49920.449999999997,49631.449999999997,7370.5,7347.9499999999998,-0.002967231744641806,-0.0044351084096582345,0.0014678766650164285,0,0.01,0.002873446653625919,0.01,1.740070585159688,1.240070585159688,0.019461875042398751,0.02,0.51382510565988415,0.013825105659884152,7,0.070000000000000007,1000,0.02,0.49716302433133941,0.0028369756686605907,0.14000000000000001,0.51382510565988415,0.013825105659884152
P4_2026_YTD,2026-05-08 17:00:00,2026-05-08 21:00:00,BUY,5.0516311099999998,0.01,7.0807000000000002,1.5390000000000146,0.21735139181154611,29014.400000000001,29169.900000000001,49716.400000000001,49628.449999999997,7396.6700000000001,7401.5500000000002,0.0053450972245173119,-0.00055553087138238166,0.0059006280958996933,0,0.01,0.0029179908440675512,0.01,1.7135077754494321,1.2135077754494321,0.019613150241933195,0.02,0.50986199955883971,0.0098619995588397069,7,0.070000000000000007,1000,0.02,0.48957365012840914,0.010426349871590856,0.14000000000000001,0.50986199955883971,0.0098619995588397069
P4_2026_YTD,2026-05-11 17:00:00,2026-05-11 21:00:00,SELL,-2.5570865500000002,0.01,7.0328999999999997,-1.3209999999999855,-0.18783147776877043,29222.700000000001,29352.950000000001,49741.449999999997,49771.449999999997,7415.5799999999999,7431.1999999999998,-0.0044472477786853129,-0.0013535488297714976,-0.0030936989489138153,0,0.01,0.0029374596036102693,0.01,1.7021510674920521,1.2021510674920521,0.01970358353628442,0.02,0.50752189222761745,0.0075218922276174549,7,0.070000000000000007,1000,0.02,0.48632887642630063,0.013671123573699373,0.14000000000000001,0.50752189222761757,0.0075218922276175659
P4_2026_YTD,2026-05-13 17:00:00,2026-05-13 21:00:00,SELL,-1.10354405,0.01,6.8849,-2.756000000000022,-0.40029630059986665,29090.799999999999,29364.799999999999,49578.449999999997,49698.449999999997,7398,7450.5,-0.0093747051337002181,-0.0047444664020821758,-0.0046302387316180423,0,0.01,0.0029338149942162374,0.01,1.7042656097460365,1.2042656097460365,0.019661259799945933,0.02,0.5086144073040274,0.008614407304027405,7,0.070000000000000007,1000,0.02,0.48693303135601035,0.013066968643989652,0.14000000000000001,0.50861440730402729,0.0086144073040272939
P4_2026_YTD,2026-05-14 17:00:00,2026-05-14 21:00:00,BUY,2.0857847600000001,0.01,6.8986999999999998,1.8540000000000145,0.26874628553205887,29462.650000000001,29648.650000000001,50005.449999999997,50059.449999999997,7473.6499999999996,7506.8999999999996,0.0062932337429174277,0.0027591981407338118,0.0035340356021836159,0,0.01,0.0029459438921157596,0.01,1.6972488896959368,1.1972488896959368,0.019711018043392453,0.02,0.50733046755807765,0.0073304675580776468,7,0.070000000000000007,1000,0.02,0.48492825419883906,0.015071745801160941,0.14000000000000001,0.50733046755807776,0.0073304675580777579
P4_2026_YTD,2026-05-15 17:00:00,2026-05-15 21:00:00,SELL,-0.96165862999999996,0.01,7.0198,-3.066000000000022,-0.43676458018747288,29064.400000000001,29369.549999999999,49673.449999999997,49670.449999999997,7417.6499999999996,7455.8999999999996,-0.010444365781533528,-0.0025414867955082495,-0.0079028789860252774,1.7347234759768071e-18,0.01,0.0029255467457967991,0.01,1.7090822449457066,1.2090822449457066,0.019591380019278345,0.02,0.51042856553033955,0.010428565530339551,7,0.070000000000000007,1000,0.02,0.48830921284163042,0.011690787158369575,0.14000000000000001,0.51042856553033944,0.01042856553033944
P4_2026_YTD,2026-05-18 17:00:00,2026-05-18 21:00:00,SELL,-3.6283279899999998,0.01,6.8076999999999996,2.2690000000000148,0.3332990584191452,29178.150000000001,28948.900000000001,49714.449999999997,49606.449999999997,7432.5,7397.25,0.0078879347446925846,0.0034643680412447379,0.0044235667034478472,0,0.01,0.0029345743541364733,0.01,1.7038246084827173,1.2038246084827173,0.019628758829465187,0.02,0.50945656253052374,0.0094565625305237377,7,0.070000000000000007,1000,0.02,0.48680703099506201,0.013192969004937993,0.14000000000000001,0.50945656253052374,0.0094565625305237377
P4_2026_YTD,2026-05-19 17:00:00,2026-05-19 21:00:00,BUY,1.2430288,0.01,7.0956000000000001,1.2920000000000074,0.18208467219121813,28874,29006,49572.800000000003,49617.449999999997,7380.5500000000002,7394.8000000000002,0.0045611689304354526,0.0014145895376530748,0.0031465793927823778,0,0.01,0.0029122825420391826,0.01,1.7168663849830299,1.2168663849830299,0.019560872834680342,0.02,0.51122463115605743,0.01122463115605743,7,0.070000000000000007,1000,0.02,0.49053325285229421,0.0094667471477057896,0.14000000000000001,0.51122463115605732,0.011224631156057319
P4_2026_YTD,2026-05-20 17:00:00,2026-05-20 21:00:00,BUY,0.78298878999999999,0.01,7.1471999999999998,2.0290000000000146,0.28388739646295258,29038.25,29243,49465.449999999997,49948.800000000003,7388.5,7426.25,0.0070263023650519035,0.0074101590164298032,-0.00038385665137789966,0,0.01,0.0029352052796446813,0.01,1.7034583695642815,1.2034583695642815,0.019650977871015766,0.02,0.50888052826874908,0.0088805282687490772,7,0.070000000000000007,1000,0.02,0.48670239130408038,0.013297608695919616,0.14000000000000001,0.50888052826874897,0.0088805282687489662
P4_2026_YTD,2026-05-22 17:00:00,2026-05-22 21:00:00,BUY,1.0424681099999999,0.01,7.4269999999999996,0.34400000000001457,0.046317490238321608,29583.950000000001,29621.82,50737.449999999997,50786.449999999997,7499.2200000000003,7497.6000000000004,0.0012792673810204686,0.00037462210945423378,0.00090464527156623481,0,0.01,0.0029153958269483391,0.01,1.7150329824110708,1.2150329824110708,0.01972468470054219,0.02,0.50697895311478025,0.0069789531147802508,7,0.070000000000000007,1000,0.02,0.49000942354602012,0.0099905764539798825,0.14000000000000001,0.50697895311478014,0.0069789531147801398
P4_2026_YTD,2026-05-26 17:00:00,2026-05-26 21:00:00,BUY,4.5692811200000003,0.01,7.4554999999999998,-0.12599999999998546,-0.016900274964789144,29961.25,29951.25,50673.400000000001,50430.449999999997,7533.75,7516.25,-0.00033382015749176808,-0.0035657706099874297,0.0032319504524956615,1.0842021724855044e-19,0.01,0.0029563094246685636,0.01,1.691297926488381,1.191297926488381,0.019884685581549693,0.02,0.50289957862238732,0.0028995786223873221,7,0.070000000000000007,1000,0.02,0.48322797899668019,0.016772021003319815,0.14000000000000001,0.50289957862238721,0.0028995786223872111
P4_2026_YTD,2026-05-27 17:00:00,2026-05-27 21:00:00,SELL,-5.5587980200000002,0.01,7.4413999999999998,0.8439999999999781,0.11341951783266295,30018.099999999999,29932.349999999999,50653.449999999997,50709.449999999997,7531.1999999999998,7523.6999999999998,0.002860697742171178,-5.4293722795977547e-05,0.0029149914649671555,0,0.01,0.0029630854364312794,0.01,1.6874302504155827,1.1874302504155827,0.019929161355428084,0.02,0.50177726105249831,0.0017772610524983135,7,0.070000000000000007,1000,0.02,0.48212292869016637,0.017877071309833625,0.14000000000000001,0.50177726105249831,0.0017772610524983135
P4_2026_YTD,2026-05-28 17:00:00,2026-05-28 21:00:00,SELL,-0.90649219999999997,0.01,7.5366,-3.3659999999999854,-0.44662049199904275,29953.700000000001,30282.200000000001,50561.900000000001,50688.449999999997,7529.1499999999996,7575.0500000000002,-0.010907224984781975,-0.0042887720733325342,-0.0066184529114494406,0,0.01,0.0029620821211228218,0.01,1.6880018161362369,1.1880018161362369,0.019891820457820609,0.02,0.50271919662679398,0.0027191966267939849,7,0.070000000000000007,1000,0.02,0.48228623318178188,0.017713766818218124,0.14000000000000001,0.50271919662679398,0.0027191966267939849
P4_2026_YTD,2026-05-29 17:00:00,2026-05-29 21:00:00,BUY,3.0410087799999999,0.01,7.4020000000000001,-2.1659999999999857,-0.29262361523912261,30483.25,30267.25,50879.449999999997,50966.449999999997,7603.3500000000004,7577.8500000000004,-0.0071110825495804796,-0.00082547874947062503,-0.0062856038001098541,0,0.01,0.0029956347798570935,0.01,1.6690953228412324,1.1690953228412324,0.020045933700276849,0.02,0.49885428883075139,0.0011457111692486088,7,0.070000000000000007,1000,0.02,0.47688437795463773,0.023115622045362272,0.14000000000000001,0.49885428883075128,0.0011457111692487199
P4_2026_YTD,2026-06-02 17:00:00,2026-06-02 21:00:00,BUY,0.54476175000000004,0.01,7.2134,0.20400000000001453,0.028280699808691398,30584.950000000001,30610.950000000001,50970.900000000001,51275.449999999997,7601.7200000000003,7614.6000000000004,0.00084973018010761755,0.0038250590354394079,-0.0029753288553317904,0,0.01,0.0030002364094022277,0.01,1.6665353384589479,1.1665353384589479,0.020117124808595951,0.02,0.4970889277242565,0.0029110722757434981,7,0.070000000000000007,1000,0.02,0.47615295384541362,0.023847046154586382,0.14000000000000001,0.49708892772425645,0.0029110722757435537
P4_2026_YTD,2026-06-03 17:00:00,2026-06-03 21:00:00,SELL,-1.77285852,0.01,7.4278000000000004,-0.87599999999998546,-0.11793532405288044,30548.950000000001,30634.25,51073.400000000001,50940.449999999997,7585.0500000000002,7581.8000000000002,-0.0027883489345603956,0.001517538276221013,-0.0043058872107814084,0,0.01,0.0029906908488567434,0.01,1.671854515457978,1.171854515457978,0.020137606212220091,0.02,0.49658335229197725,0.0034166477080227464,7,0.070000000000000007,1000,0.02,0.47767271870227951,0.022327281297720492,0.14000000000000001,0.49658335229197736,0.0034166477080226354
P4_2026_YTD,2026-06-04 17:00:00,2026-06-04 21:00:00,SELL,-3.4182850199999999,0.01,7.2811000000000003,-3.1159999999999854,-0.42795731414209187,30240.200000000001,30551.200000000001,51530.449999999997,51599.449999999997,7558.6499999999996,7604.1499999999996,-0.010231799669162262,-0.003669833255619228,-0.0065619664135430338,0,0.01,0.0029342068621562591,0.01,1.7040380023941639,1.2040380023941639,0.020003704365197487,0.02,0.49990740801978828,9.2591980211720326e-05,7,0.070000000000000007,1000,0.02,0.48686800068404679,0.013131999315953213,0.14000000000000001,0.49990740801978817,9.2591980211831348e-05
P4_2026_YTD,2026-06-05 17:00:00,2026-06-05 21:00:00,SELL,-2.8557697499999999,0.01,7.3356000000000003,3.0140000000000144,0.41087300289001777,29767.700000000001,29463.950000000001,51476.449999999997,51245.449999999997,7510.9499999999998,7470.9499999999998,0.010256430902328197,0.0049186886467258335,0.0053377422556023634,0,0.01,0.0028913901405399948,0.01,1.7292719961569083,1.2292719961569083,0.019816201678882168,0.02,0.50463757697101219,0.0046375769710121917,7,0.070000000000000007,1000,0.02,0.49407771318768806,0.0059222868123119388,0.14000000000000001,0.5046375769710123,0.0046375769710123027
P4_2026_YTD,2026-06-09 17:00:00,2026-06-09 21:00:00,SELL,-2.3572798800000001,0.01,7.2930999999999999,8.3690000000000158,1.1475230011929105,29676.200000000001,28836.849999999999,51264.400000000001,50778.449999999997,7467.9499999999998,7350.0699999999997,0.028691294606847582,0.01271759780738933,0.015973696799458252,0,0.01,0.0028944257613470557,0.01,1.7274583673111787,1.2274583673111787,0.019869040365829982,0.02,0.50329557018755777,0.0032955701875577725,7,0.070000000000000007,1000,0.02,0.49355953351747955,0.0064404664825204461,0.14000000000000001,0.50329557018755766,0.0032955701875576615
P4_2026_YTD,2026-06-11 17:00:00,2026-06-11 21:00:00,BUY,0.92992163999999999,0.01,7.5247000000000002,3.1290000000000147,0.41583053144976073,28910.700000000001,29225.700000000001,50375.449999999997,50797.449999999997,7320.1000000000004,7374.1999999999998,0.010836690356910109,0.0078528179642182207,0.0029838723926918879,0,0.01,0.0028695227536428961,0.01,1.7424500271525767,1.2424500271525767,0.019747476127375312,0.02,0.50639382650714093,0.0063938265071409317,7,0.070000000000000007,1000,0.02,0.49784286490073615,0.0021571350992638516,0.14000000000000001,0.50639382650714093,0.0063938265071409317
P4_2026_YTD,2026-06-15 17:00:00,2026-06-15 21:00:00,BUY,0.89086759000000004,0.01,7.5929000000000002,1.5289999999999782,0.20137233468108076,30436.599999999999,30592.599999999999,51915.449999999997,51944.449999999997,7559.5,7579,0.0051123180302280313,0.0015673295016433247,0.0035449885285847066,0,0.01,0.0029313624364230685,0.01,1.705691502993107,1.205691502993107,0.020131357894040611,0.02,0.4967374805333053,0.0032625194666947022,7,0.070000000000000007,1000,0.02,0.487340429426602,0.012659570573398005,0.14000000000000001,0.49673748053330541,0.0032625194666945911
P4_2026_YTD,2026-06-16 17:00:00,2026-06-16 21:00:00,SELL,-0.57688390000000001,0.01,7.6506999999999996,3.2940000000000142,0.43054883866835902,30545.650000000001,30215.900000000001,52023.449999999997,52232.449999999997,7568.5500000000002,7551.3000000000002,0.010854010054103949,-0.00086380056488382056,0.011717810618987769,0,0.01,0.0029357578169075678,0.01,1.7031377626601496,1.2031377626601496,0.020179327612290333,0.02,0.49555665045595693,0.0044433495440430737,7,0.070000000000000007,1000,0.02,0.48661078933147128,0.013389210668528717,0.14000000000000001,0.49555665045595693,0.0044433495440430737
P4_2026_YTD,2026-06-17 17:00:00,2026-06-17 21:00:00,SELL,-2.87667224,0.01,7.9004000000000003,-1.2945000000000073,-0.16385246316642288,30087.25,30203.950000000001,52314.400000000001,52306.800000000003,7527.5,7534.75,-0.0038712165537227615,-0.00040869280612429275,-0.0034625237475984687,0,0.01,0.0028756183765846497,0.01,1.7387564499912753,1.2387564499912753,0.019984888741281966,0.02,0.50037806712145516,0.00037806712145516119,7,0.070000000000000007,1000,0.02,0.49678755714036438,0.0032124428596356225,0.14000000000000001,0.50037806712145516,0.00037806712145516119
P4_2026_YTD,2026-06-23 17:00:00,2026-06-23 21:00:00,BUY,2.1825071500000002,0.01,7.7988,-1.9260000000000217,-0.24696107093399264,29685.549999999999,29493.299999999999,51645.449999999997,51892.449999999997,7416.4499999999998,7404.1999999999998,-0.0064972765206701213,0.0015590547569664173,-0.0080563312776365387,0,0.01,0.0028739753453595625,0.01,1.7397504846634135,1.2397504846634135,0.020013314995718977,0.02,0.49966734657097478,0.00033265342902522033,7,0.070000000000000007,1000,0.02,0.49707156704668959,0.0029284329533104114,0.14000000000000001,0.49966734657097484,0.00033265342902516482
P4_2026_YTD,2026-06-24 17:00:00,2026-06-24 21:00:00,SELL,-2.2249499799999999,0.01,7.7217000000000002,2.9489999999999781,0.38191071914215496,29447.220000000001,29154.75,51865.400000000001,51924.449999999997,7406.3500000000004,7365.6000000000004,0.0099816585795202157,0.0021896755204037742,0.0077919830591164415,0,0.01,0.0028388116162219902,0.01,1.7613003876087452,1.2613003876087452,0.019879711328792186,0.02,0.50302541292522684,0.0030254129252268447,7,0.070000000000000007,1000,0.02,0.50322868217392724,0.0032286821739272442,0.14000000000000001,0.50302541292522696,0.0030254129252269557
P4_2026_YTD,2026-06-26 17:00:00,2026-06-26 21:00:00,BUY,1.09624557,0.01,7.7563000000000004,0.9540000000000145,0.12299678970643406,29211.150000000001,29314.900000000001,51923.800000000003,52045.449999999997,7353.8699999999999,7382.8000000000002,0.0035454334840281892,0.0031331906182174313,0.00041224286581075789,0,0.01,0.0028128863835081412,0.01,1.7775335787875519,1.2775335787875519,0.019861073149239791,0.02,0.50349746586491795,0.003497465864917948,7,0.070000000000000007,1000,0.02,0.50786673679644345,0.007866736796443452,0.14000000000000001,0.50349746586491806,0.003497465864918059
P4_2026_YTD,2026-06-30 17:00:00,2026-06-30 21:00:00,BUY,2.7793676399999998,0.01,7.6993999999999998,1.578999999999978,0.20508091539600204,30145.349999999999,30304.349999999999,52351.900000000001,52445.449999999997,7482,7507.5,0.0052605841444030126,0.0025938679559857382,0.0026667161884172744,0,0.01,0.0028791075395544386,0.01,1.7366492676316578,1.2366492676316578,0.020145248596631918,0.02,0.49639496638785086,0.0036050336121491444,7,0.070000000000000007,1000,0.02,0.49618550503761655,0.0038144949623834523,0.14000000000000001,0.49639496638785086,0.0036050336121491444
P4_2026_YTD,2026-07-07 17:00:00,2026-07-07 21:00:00,SELL,-1.3620329799999999,0.01,7.9401000000000002,-1.0010000000000219,-0.1260689411972169,29268.200000000001,29365.549999999999,53131.449999999997,52978.449999999997,7525.4499999999998,7528.1999999999998,-0.0033206161793300965,0.0012592223232487242,-0.0045798385025788207,0,0.01,0.0027543197108304031,0.01,1.8153302902125854,1.3153302902125854,0.019446146077643198,0.02,0.51424071176225383,0.014240711762253833,4,0.040000000000000001,550,0.01,0.45383257255314635,0.046167427446853648,0.080000000000000002,0.51424071176225383,0.014240711762253833
P4_2026_YTD,2026-07-08 17:00:00,2026-07-08 21:00:00,BUY,3.2818600400000002,0.01,7.9325999999999999,-0.17099999999998544,-0.021556614476966624,29169.5,29154.75,52421.449999999997,52360.449999999997,7476.0500000000002,7479.3000000000002,-0.00050579305569988507,-0.00036484813950915876,-0.00014094491619072631,0,0.01,0.0027822103356545842,0.01,1.7971322785786521,1.2971322785786521,0.019508630894656938,0.02,0.51259363376129186,0.012593633761291856,7,0.070000000000000007,1000,0.02,0.51346636530818623,0.013466365308186234,0.14000000000000001,0.51259363376129174,0.012593633761291745
P4_2026_YTD,2026-07-09 17:00:00,2026-07-09 21:00:00,BUY,1.9912859599999999,0.01,8.0570000000000004,0.61900000000001454,0.07682760332630191,29714.5,29778.75,52449.900000000001,52588.449999999997,7521.6800000000003,7552.0500000000002,0.0021599097369300845,0.0033338089690790884,-0.001173899232149004,0,0.01,0.0028326555436711982,0.01,1.7651281360951725,1.2651281360951725,0.019752568575105559,0.02,0.50626327213986444,0.0062632721398644398,7,0.070000000000000007,1000,0.02,0.50432232459862059,0.004322324598620586,0.14000000000000001,0.50626327213986433,0.0062632721398643287
P4_2026_YTD,2026-07-10 17:00:00,2026-07-10 21:00:00,BUY,2.0867475400000002,0.01,8.0816999999999997,1.1540000000000146,0.14279173936176975,29729.950000000001,29846.200000000001,52585.800000000003,52681.449999999997,7562.6000000000004,7573.8500000000004,0.0039025733465943425,0.0016518790660945469,0.0022506942804997954,4.3368086899420177e-19,0.01,0.0028268040041227859,0.01,1.7687819858425595,1.2687819858425595,0.019655905376457831,0.02,0.5087529578758121,0.0087529578758120952,7,0.070000000000000007,1000,0.02,0.50536628166930275,0.0053662816693027526,0.14000000000000001,0.5087529578758121,0.0087529578758120952
P4_2026_YTD,2026-07-13 17:00:00,2026-07-13 21:00:00,SELL,-2.9678975400000001,0.01,8.1279000000000003,1.4939999999999782,0.18381131657623473,29451.049999999999,29300.299999999999,52881.449999999997,52509.449999999997,7570.6499999999996,7526.8999999999996,0.0051318082338199554,0.0064275604524865661,-0.0012957522186666107,0,0.01,0.0027846295818287885,0.01,1.7955709558742388,1.2955709558742388,0.019450806733899994,0.02,0.51411749326424694,0.014117493264246939,7,0.070000000000000007,1000,0.02,0.51302027310692533,0.013020273106925329,0.14000000000000001,0.51411749326424694,0.014117493264246939
P4_2026_YTD,2026-07-14 17:00:00,2026-07-14 21:00:00,SELL,-0.89636685999999999,0.01,8.1875999999999998,-0.83800000000002905,-0.10234989496311851,29603.950000000001,29686.950000000001,52617.449999999997,52476.449999999997,7547.4499999999998,7556.5500000000002,-0.0027997569346138286,0.00073916864321976479,-0.0035389255778335935,0,0.01,0.0028131304348652402,0.01,1.7773793699827216,1.2773793699827216,0.019611888783628909,0.02,0.50989479444466024,0.0098947944446602376,7,0.070000000000000007,1000,0.02,0.5078226771379204,0.0078226771379203974,0.14000000000000001,0.50989479444466013,0.0098947944446601266
P4_2026_YTD,2026-07-15 17:00:00,2026-07-15 21:00:00,SELL,-3.2649569299999999,0.01,8.1540999999999997,1.331999999999971,0.16335340503550005,29649.950000000001,29514.950000000001,52745.449999999997,52720.449999999997,7577.6999999999998,7575.4499999999998,0.0045635244643248878,0.00038552742658732681,0.0041779970377375606,0,0.01,0.0028106642373891969,0.01,1.7789389189526454,1.2789389189526454,0.01956395080301411,0.02,0.51114420091770807,0.011144200917708069,7,0.070000000000000007,1000,0.02,0.5082682625578987,0.0082682625578986979,0.14000000000000001,0.51114420091770818,0.01114420091770818
P4_2026_YTD,2026-07-16 17:00:00,2026-07-16 21:00:00,SELL,-0.71387336000000001,0.01,8.2112999999999996,0.95900000000001451,0.116790276813661,29178.700000000001,29076.450000000001,52676.400000000001,52590.449999999997,7551.75,7547.1499999999996,0.0035104228554142893,0.0011211545074748114,0.002389268347939478,0,0.01,0.002769617893401979,0.01,1.8053031834865843,1.3053031834865843,0.019319164432085281,0.02,0.51762073019017285,0.017620730190172851,4,0.040000000000000001,550,0.01,0.45132579587164606,0.048674204128353937,0.080000000000000002,0.51762073019017285,0.017620730190172851
P4_2026_YTD,2026-07-17 17:00:00,2026-07-17 21:00:00,SELL,-2.0599484800000001,0.01,8.2634000000000007,-2.1809999999999854,-0.26393494203354373,28510.950000000001,28728.950000000001,52523.900000000001,52296.449999999997,7479.7200000000003,7477.4499999999998,-0.0076171011491339919,0.0023216731616367645,-0.0099387743107707573,8.6736173798840355e-19,0.01,0.002714093012895082,0.01,1.8422360531655382,1.3422360531655382,0.019058835090083586,0.02,0.52469103975840858,0.024691039758408584,4,0.040000000000000001,550,0.01,0.46055901329138454,0.039440986708615455,0.080000000000000002,0.52469103975840858,0.024691039758408584
P4_2026_YTD,2026-07-22 17:00:00,2026-07-22 21:00:00,BUY,2.3118377699999999,0.01,7.9211,-0.32599999999998547,-0.041155900064383161,29134.869999999999,29103,52482.949999999997,52357.449999999997,7520.1499999999996,7517.8999999999996,-0.0010944769505261147,-0.0013466786584745559,0.00025220170794844126,0,0.01,0.0027756509494988374,0.01,1.8013792407517175,1.3013792407517175,0.019371202702073764,0.02,0.51623020799474995,0.016230207994749946,4,0.040000000000000001,550,0.01,0.45034481018792938,0.049655189812070621,0.080000000000000002,0.51623020799474995,0.016230207994749946
P4_2026_YTD,2026-07-24 17:00:00,2026-07-24 21:00:00,SELL,-5.3171291600000004,0.01,7.835,-1.4660000000000217,-0.18710912571793512,28185.099999999999,28328.349999999999,51830.900000000001,52014.449999999997,7404.8500000000004,7440.3500000000004,-0.0050696004863887293,-0.004158883950251005,-0.00091071653613772428,0,0.01,0.0027189475776033213,0.01,1.8389468194187708,1.3389468194187708,0.019031513129908098,0.02,0.52544429503532009,0.025444295035320086,4,0.040000000000000001,550,0.01,0.4597367048546927,0.040263295145307298,0.080000000000000002,0.52544429503532009,0.025444295035320086
P4_2026_YTD,2026-07-27 17:00:00,2026-07-27 21:00:00,SELL,-4.8806912599999999,0.01,7.7977999999999996,2.412000000000007,0.30931801277283427,28218.5,27976.099999999999,52439.449999999997,52149.449999999997,7447.1700000000001,7409.6000000000004,0.0086272169732096986,0.0053015867404365407,0.0033256302327731579,0,0.01,0.0026905793252980344,0.01,1.8583358435069193,1.3583358435069193,0.018945787460203003,0.02,0.52782181901943759,0.027821819019437588,4,0.040000000000000001,550,0.01,0.46458396087672982,0.035416039123270182,0.080000000000000002,0.52782181901943759,0.027821819019437588
P4_2026_YTD,2026-07-29 17:00:00,2026-07-29 21:00:00,SELL,-0.60790615000000003,0.01,7.7103000000000002,0.025500000000029097,0.003307264308785533,27610.599999999999,27591.150000000001,52175.449999999997,52002.800000000003,7405.4799999999996,7394.5,0.00070468783344291457,0.0023991502609465648,-0.0016944624275036502,0,0.01,0.0026459378884130373,0.01,1.8896891049089843,1.3896891049089843,0.018642005649870098,0.02,0.53642296799055433,0.036422967990554334,4,0.040000000000000001,550,0.01,0.47242227622724609,0.027577723772753915,0.070000000000000007,0.46937009699173504,0.030629903008264958
P4_2026_YTD,2026-07-30 17:00:00,2026-07-30 21:00:00,BUY,3.1551289699999998,0.01,7.4053000000000004,0.27400000000001457,0.037000526649833845,28034.700000000001,28061.200000000001,51968.449999999997,52141.449999999997,7415.8000000000002,7427.8000000000002,0.000944810653588029,0.0024701364906762851,-0.001525325837088256,1.0842021724855044e-19,0.01,0.0026972807539959345,0.01,1.8537187842209828,1.3537187842209828,0.018902006526605359,0.02,0.52904436287886081,0.029044362878860808,4,0.040000000000000001,550,0.01,0.4634296960552457,0.036570303944754301,0.080000000000000002,0.52904436287886081,0.029044362878860808
P4_2026_YTD,2026-08-04 17:00:00,2026-08-04 21:00:00,BUY,2.8073950299999999,0.01,7.1593999999999998,3.6590000000000145,0.51107634717993333,29364,29730.25,53762.800000000003,54233.449999999997,7666.2799999999997,7748.3000000000002,0.012395611740579437,0.0096790359096776499,0.0027165758309017872,0,0.01,0.0027308845521438613,0.01,1.8309085955591884,1.3309085955591884,0.019151400679338609,0.02,0.52215501975207745,0.022155019752077454,4,0.040000000000000001,550,0.01,0.4577271488897971,0.042272851110202903,0.080000000000000002,0.52215501975207745,0.022155019752077454
P4_2026_YTD,2026-08-06 17:00:00,2026-08-06 21:00:00,BUY,2.7305656800000002,0.01,7.5805999999999996,0.0040000000000145518,0.00052766271799258003,29428.150000000001,29430.650000000001,54357.449999999997,53980.449999999997,7741.9200000000001,7718.8000000000002,8.4949064591941173e-05,-0.0049752710145791953,0.0050602200791711365,4.0657581468206416e-20,0.01,0.0027069104602956908,0.01,1.8471242670708148,1.3471242670708148,0.019005718219769773,0.02,0.52615743769146217,0.026157437691462171,4,0.040000000000000001,550,0.01,0.4617810667677037,0.038218933232296304,0.080000000000000002,0.52615743769146217,0.026157437691462171
P4_2026_YTD,2026-08-07 17:00:00,2026-08-07 21:00:00,SELL,-1.91676768,0.01,7.4762000000000004,-0.6709999999999855,-0.089751478023592929,29581.799999999999,29646.150000000001,53996.449999999997,54009.449999999997,7740.9499999999998,7751.9499999999998,-0.0021729614251529213,-0.00083036656120061769,-0.0013425948639523037,0,0.01,0.0027392356349352598,0.01,1.8253267211596318,1.3253267211596318,0.01910734470575317,0.02,0.52335895719665471,0.023358957196654706,4,0.040000000000000001,550,0.01,0.45633168028990795,0.043668319710092052,0.080000000000000002,0.52335895719665471,0.023358957196654706
P4_2026_YTD,2026-08-11 17:00:00,2026-08-11 21:00:00,SELL,-2.6576764000000002,0.01,7.5514000000000001,1.0290000000000146,0.13626612283815115,29646.650000000001,29542.400000000001,54207.449999999997,53926.449999999997,7767.9300000000003,7743.3000000000002,0.003522614666109676,0.0041865190279022427,-0.00066390436179256671,0,0.01,0.0027345549366369383,0.01,1.8284511066174423,1.3284511066174423,0.019082722166651862,0.02,0.52403425007547222,0.024034250075472219,4,0.040000000000000001,550,0.01,0.45711277665436056,0.042887223345639436,0.080000000000000002,0.52403425007547222,0.024034250075472219
P4_2026_YTD,2026-08-12 17:00:00,2026-08-12 21:00:00,BUY,1.30372205,0.01,7.5427,0.023999999999978171,0.0031818844710751019,29823.349999999999,29826.349999999999,53820.449999999997,53843.449999999997,7756.6499999999996,7758.8999999999996,0.0001005872620492086,0.00035864359151732933,-0.00025805632946812075,2.7105054312137611e-20,0.01,0.0027706336531931638,0.01,1.8046413296963619,1.3046413296963619,0.019224375213526459,0.02,0.52017295173077471,0.020172951730774713,4,0.040000000000000001,550,0.01,0.45116033242409048,0.048839667575909518,0.080000000000000002,0.52017295173077471,0.020172951730774713
P4_2026_YTD,2026-08-13 17:00:00,2026-08-13 21:00:00,BUY,5.8539896100000002,0.01,7.5435999999999996,0.26400000000001456,0.034996553369745817,30094.150000000001,30122.150000000001,53935.449999999997,53781.449999999997,7807.8500000000004,7798.8500000000004,0.00092998081974527834,-0.002006349964064705,0.0029363307838099831,2.1684043449710089e-19,0.01,0.0027898302507905286,0.01,1.792223737836091,1.292223737836091,0.019271726531631627,0.02,0.51889486827174047,0.018894868271740473,7,0.070000000000000007,1000,0.02,0.51206392509602594,0.01206392509602594,0.13,0.48183094910947333,0.018169050890526672
P4_2026_YTD,2026-08-14 17:00:00,2026-08-14 21:00:00,SELL,-1.0723507400000001,0.01,7.5541999999999998,1.4440000000000146,0.19115194196606056,30148.700000000001,30000.450000000001,53868.900000000001,53742.449999999997,7813.0299999999997,7787.3999999999996,0.0049294229493309595,0.0028179673759908793,0.0021114555733400802,0,0.01,0.002798340044069955,0.01,1.7867735590589313,1.2867735590589313,0.019293859104598347,0.02,0.51829962817633923,0.018299628176339233,7,0.070000000000000007,1000,0.02,0.51050673115969469,0.010506731159694693,0.14000000000000001,0.51829962817633923,0.018299628176339233
P4_2026_YTD,2026-08-18 17:00:00,2026-08-18 21:00:00,SELL,-0.92213845999999999,0.01,7.5571999999999999,0.77900000000001457,0.10308050600751795,29579.049999999999,29498.650000000001,53434.900000000001,53354.449999999997,7714.1999999999998,7704.9499999999998,0.0027218408853557892,0.0013532558585714876,0.0013685850267843016,0,0.01,0.002767765074885515,0.01,1.8065117033846592,1.3065117033846592,0.019171819501698169,0.02,0.52159890192551817,0.021598901925518166,4,0.040000000000000001,550,0.01,0.45162792584616479,0.048372074153835209,0.080000000000000002,0.52159890192551817,0.021598901925518166
P4_2026_YTD,2026-08-19 17:00:00,2026-08-19 21:00:00,SELL,-5.7406780199999998,0.01,7.5884,-0.54099999999998549,-0.07129302619787907,29427.950000000001,29479.700000000001,53617.449999999997,53474.800000000003,7728.8999999999996,7723.8999999999996,-0.0017569878721257412,0.00165559591655835,-0.0034125837886840914,2.1684043449710089e-19,0.01,0.0027442511719598757,0.01,1.8219906585406047,1.3219906585406047,0.019037605610112699,0.02,0.52527614053986083,0.025276140539860825,4,0.040000000000000001,550,0.01,0.45549766463515118,0.044502335364848822,0.080000000000000002,0.52527614053986083,0.025276140539860825
