record_id,period,component,book,birth_server,final_server,weekday,state,planned_risk_usd,actual_net_usd,stressed_net_usd,stressed_r,stop,centered_stressed_r,centered_stop,source_path,source_birth_row,source_final_row
L0001,P1_2022H2_2023,Cross,US100_BOOK,2022-08-01T17:00:00,2022-08-01T21:00:00,Monday,OTHER_WEEK,4.0,-0.59,-0.605,-0.15125,0,-0.15995377220802234,-0.006993006993006993,lab/artifacts/ea-files/passive-refusal-depth-observation-v1/valid-p1-2022h2-2023/observation/events-a.csv,12,14
L0002,P1_2022H2_2023,Return,US30_BOOK,2022-08-01T16:00:00,2022-08-01T22:00:00,Monday,OTHER_WEEK,4.0,1.27,1.2490000000000145,0.31225000000000364,0,0.2402711329487352,-0.09523809523809523,lab/artifacts/ea-files/passive-refusal-depth-observation-v1/valid-p1-2022h2-2023/observation/events-a.csv,7,15
L0003,P1_2022H2_2023,Cross,US100_BOOK,2022-08-02T17:00:00,2022-08-02T21:00:00,Tuesday,OTHER_WEEK,4.0258,0.19,0.175,0.043469620944905356,0,0.034765848736883015,-0.006993006993006993,lab/artifacts/ea-files/passive-refusal-depth-observation-v1/valid-p1-2022h2-2023/observation/events-a.csv,20,22
L0004,P1_2022H2_2023,Passive,US100_BOOK,2022-08-03T14:05:16,2022-08-03T15:30:00,Wednesday,OTHER_WEEK,4.0328,-0.17,-0.185,-0.04587383455663559,0,-0.05252674865190108,-0.009389671361502348,lab/artifacts/ea-files/passive-refusal-depth-observation-v1/valid-p1-2022h2-2023/observation/events-a.csv,34,35
L0005,P1_2022H2_2023,RC16,US30_BOOK,2022-08-03T13:30:00,2022-08-03T17:30:00,Wednesday,OTHER_WEEK,4.0328,0.86,0.8390000000000145,0.20804403888117798,0,0.1309317213608928,-0.025974025974025976,lab/artifacts/ea-files/passive-refusal-depth-observation-v1/valid-p1-2022h2-2023/observation/events-a.csv,32,41
L0006,P1_2022H2_2023,Cross,US100_BOOK,2022-08-03T17:00:00,2022-08-03T21:00:00,Wednesday,OTHER_WEEK,4.0254,1.49,1.4520000000000073,0.3607094947086022,0,0.3520057225005799,-0.006993006993006993,lab/artifacts/ea-files/passive-refusal-depth-observation-v1/valid-p1-2022h2-2023/observation/events-a.csv,39,42
L0007,P1_2022H2_2023,Passive,US100_BOOK,2022-08-04T13:01:44,2022-08-04T15:30:00,Thursday,OTHER_WEEK,4.117,0.05,0.035,0.008501335924216664,0,0.0018484218289511693,-0.009389671361502348,lab/artifacts/ea-files/passive-refusal-depth-observation-v1/valid-p1-2022h2-2023/observation/events-a.csv,49,55
L0008,P1_2022H2_2023,RC16,US30_BOOK,2022-08-04T13:30:01,2022-08-04T17:30:00,Thursday,OTHER_WEEK,4.1076,-1.6600000000000001,-1.6809999999999856,-0.409241406173918,0,-0.4863537236942032,-0.025974025974025976,lab/artifacts/ea-files/passive-refusal-depth-observation-v1/valid-p1-2022h2-2023/observation/events-a.csv,53,61
L0009,P1_2022H2_2023,Cross,US100_BOOK,2022-08-04T17:00:00,2022-08-04T21:00:00,Thursday,OTHER_WEEK,4.0748,-0.09,-0.105,-0.025768135859428686,0,-0.034471908067451026,-0.006993006993006993,lab/artifacts/ea-files/passive-refusal-depth-observation-v1/valid-p1-2022h2-2023/observation/events-a.csv,59,62
L0010,P1_2022H2_2023,Passive,US100_BOOK,2022-08-05T15:45:06,2022-08-05T17:15:00,Friday,OTHER_WEEK,4.047,0.96,0.945,0.2335063009636768,0,0.2268533868684113,-0.009389671361502348,lab/artifacts/ea-files/passive-refusal-depth-observation-v1/valid-p1-2022h2-2023/observation/events-a.csv,69,80
L0011,P1_2022H2_2023,Cross,US100_BOOK,2022-08-05T17:00:00,2022-08-05T21:00:00,Friday,OTHER_WEEK,4.047,-0.11,-0.125,-0.0308870768470472,0,-0.039590849055069544,-0.006993006993006993,lab/artifacts/ea-files/passive-refusal-depth-observation-v1/valid-p1-2022h2-2023/observation/events-a.csv,78,81
L0012,P1_2022H2_2023,Return,US30_BOOK,2022-08-05T16:00:00,2022-08-05T22:00:00,Friday,OTHER_WEEK,4.0348,2.03,2.0090000000000146,0.49791811242193285,0,0.4259392453706644,-0.09523809523809523,lab/artifacts/ea-files/passive-refusal-depth-observation-v1/valid-p1-2022h2-2023/observation/events-a.csv,73,82
L0013,P1_2022H2_2023,Cross,US100_BOOK,2022-08-08T17:00:00,2022-08-08T19:17:31,Monday,OTHER_WEEK,4.1601,-2.08,-2.095,-0.5035936636138555,1,-0.5122974358218778,0.993006993006993,lab/artifacts/ea-files/passive-refusal-depth-observation-v1/valid-p1-2022h2-2023/observation/events-a.csv,87,89
L0014,P1_2022H2_2023,Passive,US100_BOOK,2022-08-09T14:30:03,2022-08-09T16:30:00,Tuesday,OTHER_WEEK,4.0763,-0.06,-0.075,-0.018399038343595908,0,-0.0250519524388614,-0.009389671361502348,lab/artifacts/ea-files/passive-refusal-depth-observation-v1/valid-p1-2022h2-2023/observation/events-a.csv,96,102
L0015,P1_2022H2_2023,Cross,US100_BOOK,2022-08-09T17:00:00,2022-08-09T21:00:00,Tuesday,OTHER_WEEK,4.0668,-0.25,-0.265,-0.06516179797383694,0,-0.07386557018185928,-0.006993006993006993,lab/artifacts/ea-files/passive-refusal-depth-observation-v1/valid-p1-2022h2-2023/observation/events-a.csv,106,108
L0016,P1_2022H2_2023,Return,US30_BOOK,2022-08-09T16:00:00,2022-08-09T22:00:00,Tuesday,OTHER_WEEK,4.0763,-0.63,-0.6509999999999855,-0.15970365282240892,0,-0.23168251987367736,-0.09523809523809523,lab/artifacts/ea-files/passive-refusal-depth-observation-v1/valid-p1-2022h2-2023/observation/events-a.csv,100,109
L0017,P1_2022H2_2023,Passive,US100_BOOK,2022-08-10T15:45:48,2022-08-10T18:45:00,Wednesday,OTHER_WEEK,4.0367,-0.23,-0.245,-0.06069314043649516,0,-0.06734605453176065,-0.009389671361502348,lab/artifacts/ea-files/passive-refusal-depth-observation-v1/valid-p1-2022h2-2023/observation/events-a.csv,122,128
L0018,P1_2022H2_2023,Cross,US100_BOOK,2022-08-10T17:00:00,2022-08-10T21:00:00,Wednesday,OTHER_WEEK,4.0367,-0.55,-0.5650000000000001,-0.13996581365967253,0,-0.14866958586769488,-0.006993006993006993,lab/artifacts/ea-files/passive-refusal-depth-observation-v1/valid-p1-2022h2-2023/observation/events-a.csv,126,129
L0019,P1_2022H2_2023,RC4,US30_BOOK,2022-08-12T13:00:00,2022-08-12T19:00:00,Friday,OTHER_WEEK,4.0043,0.35,0.3290000000000145,0.08216167619809069,0,-0.02130471890517366,-0.1509433962264151,lab/artifacts/ea-files/passive-refusal-depth-observation-v1/valid-p1-2022h2-2023/observation/events-a.csv,135,143
L0020,P1_2022H2_2023,Cross,US100_BOOK,2022-08-12T17:00:00,2022-08-12T21:00:00,Friday,OTHER_WEEK,4.0043,0.78,0.765,0.19104462702594713,0,0.18234085481792478,-0.006993006993006993,lab/artifacts/ea-files/passive-refusal-depth-observation-v1/valid-p1-2022h2-2023/observation/events-a.csv,140,144
L0021,P1_2022H2_2023,Passive,US100_BOOK,2022-08-15T12:34:25,2022-08-15T13:15:00,Monday,STANDARD_EXPIRATION_WEEK,4.048,0.2,0.185,0.045701581027667984,0,0.03904866693240249,-0.009389671361502348,lab/artifacts/ea-files/passive-refusal-depth-observation-v1/valid-p1-2022h2-2023/observation/events-a.csv,151,152
L0022,P1_2022H2_2023,Cross,US100_BOOK,2022-08-15T17:00:00,2022-08-15T21:00:00,Monday,STANDARD_EXPIRATION_WEEK,4.0554,0.41,0.39499999999999996,0.09740099620259407,0,0.08869722399457172,-0.006993006993006993,lab/artifacts/ea-files/passive-refusal-depth-observation-v1/valid-p1-2022h2-2023/observation/events-a.csv,167,169
L0023,P1_2022H2_2023,Return,US30_BOOK,2022-08-15T16:00:00,2022-08-15T22:00:00,Monday,STANDARD_EXPIRATION_WEEK,4.0554,4.04,4.019000000000014,0.9910243132613342,0,0.9190454462100658,-0.09523809523809523,lab/artifacts/ea-files/passive-refusal-depth-observation-v1/valid-p1-2022h2-2023/observation/events-a.csv,162,170
L0024,P1_2022H2_2023,Cross,US100_BOOK,2022-08-16T17:00:00,2022-08-16T21:00:00,Tuesday,STANDARD_EXPIRATION_WEEK,4.232,-0.89,-0.905,-0.2138468809073724,0,-0.22255065311539474,-0.006993006993006993,lab/artifacts/ea-files/passive-refusal-depth-observation-v1/valid-p1-2022h2-2023/observation/events-a.csv,180,182
L0025,P1_2022H2_2023,Return,US30_BOOK,2022-08-16T16:00:00,2022-08-16T22:00:00,Tuesday,STANDARD_EXPIRATION_WEEK,4.232,2.75,2.7290000000000147,0.644848771266544,0,0.5728699042152756,-0.09523809523809523,lab/artifacts/ea-files/passive-refusal-depth-observation-v1/valid-p1-2022h2-2023/observation/events-a.csv,175,183
L0026,P1_2022H2_2023,Passive,US100_BOOK,2022-08-17T12:18:20,2022-08-17T16:15:00,Wednesday,STANDARD_EXPIRATION_WEEK,4.305,-0.64,-0.655,-0.15214866434378632,0,-0.15880157843905182,-0.009389671361502348,lab/artifacts/ea-files/passive-refusal-depth-observation-v1/valid-p1-2022h2-2023/observation/events-a.csv,190,201
L0027,P1_2022H2_2023,Pressure,US30_BOOK,2022-08-17T15:00:00,2022-08-17T19:00:00,Wednesday,STANDARD_EXPIRATION_WEEK,4.2984,0.81,0.7890000000000146,0.18355667225014297,0,0.15504689945724373,-0.05714285714285714,lab/artifacts/ea-files/passive-refusal-depth-observation-v1/valid-p1-2022h2-2023/observation/events-a.csv,194,205
L0028,P1_2022H2_2023,Return,US30_BOOK,2022-08-17T16:00:00,2022-08-17T22:00:00,Wednesday,STANDARD_EXPIRATION_WEEK,4.3048,1.34,1.3190000000000146,0.3064021557331385,0,0.23442328868187007,-0.09523809523809523,lab/artifacts/ea-files/passive-refusal-depth-observation-v1/valid-p1-2022h2-2023/observation/events-a.csv,199,206
L0029,P1_2022H2_2023,Passive,US100_BOOK,2022-08-18T12:48:18,2022-08-18T15:45:00,Thursday,STANDARD_EXPIRATION_WEEK,4.3631,-0.06,-0.075,-0.01718961288991772,0,-0.023842526985183216,-0.009389671361502348,lab/artifacts/ea-files/passive-refusal-depth-observation-v1/valid-p1-2022h2-2023/observation/events-a.csv,213,214
L0030,P1_2022H2_2023,Cross,US100_BOOK,2022-08-18T17:00:00,2022-08-18T21:00:00,Thursday,STANDARD_EXPIRATION_WEEK,4.3601,-0.92,-0.935,-0.21444462282975163,0,-0.22314839503777398,-0.006993006993006993,lab/artifacts/ea-files/passive-refusal-depth-observation-v1/valid-p1-2022h2-2023/observation/events-a.csv,218,220
L0031,P1_2022H2_2023,Passive,US100_BOOK,2022-08-19T12:58:22,2022-08-19T14:45:00,Friday,STANDARD_EXPIRATION_WEEK,4.3227,-0.16,-0.175,-0.04048395678626784,0,-0.04713687088153333,-0.009389671361502348,lab/artifacts/ea-files/passive-refusal-depth-observation-v1/valid-p1-2022h2-2023/observation/events-a.csv,227,228
L0032,P1_2022H2_2023,Cross,US100_BOOK,2022-08-19T17:00:00,2022-08-19T21:00:00,Friday,STANDARD_EXPIRATION_WEEK,4.3157,0.33,0.315,0.07298931807122831,0,0.06428554586320596,-0.006993006993006993,lab/artifacts/ea-files/passive-refusal-depth-observation-v1/valid-p1-2022h2-2023/observation/events-a.csv,232,234
L0033,P1_2022H2_2023,Passive,US100_BOOK,2022-08-22T12:30:54,2022-08-22T14:15:00,Monday,OTHER_WEEK,4.3283,0.16,0.14500000000000002,0.03350045052330015,0,0.026847536428034655,-0.009389671361502348,lab/artifacts/ea-files/passive-refusal-depth-observation-v1/valid-p1-2022h2-2023/observation/events-a.csv,241,242
L0034,P1_2022H2_2023,Return,US30_BOOK,2022-08-22T16:00:00,2022-08-22T20:24:17,Monday,OTHER_WEEK,4.3341,-2.17,-2.190999999999985,-0.5055259454096548,1,-0.5775048124609232,0.9047619047619048,lab/artifacts/ea-files/passive-refusal-depth-observation-v1/valid-p1-2022h2-2023/observation/events-a.csv,246,253
L0035,P1_2022H2_2023,Cross,US100_BOOK,2022-08-22T17:00:00,2022-08-22T21:00:00,Monday,OTHER_WEEK,4.3328,1.02,1.0050000000000001,0.23195162481536194,0,0.2232478526073396,-0.006993006993006993,lab/artifacts/ea-files/passive-refusal-depth-observation-v1/valid-p1-2022h2-2023/observation/events-a.csv,251,254
L0036,P1_2022H2_2023,Passive,US100_BOOK,2022-08-23T12:15:26,2022-08-23T13:30:00,Tuesday,OTHER_WEEK,4.2866,0.3,0.285,0.06648625950636868,0,0.05983334541110318,-0.009389671361502348,lab/artifacts/ea-files/passive-refusal-depth-observation-v1/valid-p1-2022h2-2023/observation/events-a.csv,261,262
L0037,P1_2022H2_2023,Passive,US100_BOOK,2022-08-23T16:01:11,2022-08-23T16:30:00,Tuesday,OTHER_WEEK,4.298,0.03,0.015,0.003489995346672871,0,-0.0031629187485926235,-0.009389671361502348,lab/artifacts/ea-files/passive-refusal-depth-observation-v1/valid-p1-2022h2-2023/observation/events-a.csv,273,274
L0038,P1_2022H2_2023,Cross,US100_BOOK,2022-08-23T17:00:00,2022-08-23T21:00:00,Tuesday,OTHER_WEEK,4.2986,-0.3,-0.3180000000000109,-0.07397757409389356,0,-0.08268134630191591,-0.006993006993006993,lab/artifacts/ea-files/passive-refusal-depth-observation-v1/valid-p1-2022h2-2023/observation/events-a.csv,278,280
L0039,P1_2022H2_2023,Return,US30_BOOK,2022-08-23T16:00:00,2022-08-23T22:00:00,Tuesday,OTHER_WEEK,4.298,-1.23,-1.2509999999999855,-0.29106561191251407,0,-0.3630444789637825,-0.09523809523809523,lab/artifacts/ea-files/passive-refusal-depth-observation-v1/valid-p1-2022h2-2023/observation/events-a.csv,271,281
L0040,P1_2022H2_2023,RC16,US30_BOOK,2022-08-24T13:30:00,2022-08-24T17:30:00,Wednesday,OTHER_WEEK,4.2359,0.4,0.37900000000001455,0.0894733114568367,0,0.012360993936551504,-0.025974025974025976,lab/artifacts/ea-files/passive-refusal-depth-observation-v1/valid-p1-2022h2-2023/observation/events-a.csv,286,293
L0041,P1_2022H2_2023,Cross,US100_BOOK,2022-08-24T17:00:00,2022-08-24T21:00:00,Wednesday,OTHER_WEEK,4.2359,0.34,0.325,0.07672513515427655,0,0.0680213629462542,-0.006993006993006993,lab/artifacts/ea-files/passive-refusal-depth-observation-v1/valid-p1-2022h2-2023/observation/events-a.csv,291,294
L0042,P1_2022H2_2023,Passive,US100_BOOK,2022-08-25T14:02:21,2022-08-25T14:30:00,Thursday,OTHER_WEEK,4.264,0.24,0.22499999999999998,0.05276735459662288,0,0.046114440501357386,-0.009389671361502348,lab/artifacts/ea-files/passive-refusal-depth-observation-v1/valid-p1-2022h2-2023/observation/events-a.csv,307,308
L0043,P1_2022H2_2023,Cross,US100_BOOK,2022-08-25T17:00:00,2022-08-25T21:00:00,Thursday,OTHER_WEEK,4.273,0.35,0.33499999999999996,0.07839925111163117,0,0.06969547890360882,-0.006993006993006993,lab/artifacts/ea-files/passive-refusal-depth-observation-v1/valid-p1-2022h2-2023/observation/events-a.csv,317,319
L0044,P1_2022H2_2023,Return,US30_BOOK,2022-08-25T16:00:00,2022-08-25T22:00:00,Thursday,OTHER_WEEK,4.273,0.7,0.6790000000000145,0.15890475076059316,0,0.08692588370932472,-0.09523809523809523,lab/artifacts/ea-files/passive-refusal-depth-observation-v1/valid-p1-2022h2-2023/observation/events-a.csv,312,320
L0045,P1_2022H2_2023,RC4,US30_BOOK,2022-08-26T13:00:00,2022-08-26T16:07:03,Friday,OTHER_WEEK,4.3136,-2.16,-2.1809999999999854,-0.5056101632047444,1,-0.6090765583080088,0.8490566037735849,lab/artifacts/ea-files/passive-refusal-depth-observation-v1/valid-p1-2022h2-2023/observation/events-a.csv,325,333
L0046,P1_2022H2_2023,Passive,US100_BOOK,2022-08-26T16:00:43,2022-08-26T17:30:00,Friday,OTHER_WEEK,4.2928,1.71,1.695,0.3948471859858368,0,0.3881942718905713,-0.009389671361502348,lab/artifacts/ea-files/passive-refusal-depth-observation-v1/valid-p1-2022h2-2023/observation/events-a.csv,332,339
L0047,P1_2022H2_2023,Cross,US100_BOOK,2022-08-26T17:00:00,2022-08-26T21:00:00,Friday,OTHER_WEEK,4.2264,3.87,3.8320000000000074,0.9066818095778931,0,0.8979780373698708,-0.006993006993006993,lab/artifacts/ea-files/passive-refusal-depth-observation-v1/valid-p1-2022h2-2023/observation/events-a.csv,337,340
L0048,P1_2022H2_2023,Cross,US100_BOOK,2022-08-29T17:00:00,2022-08-29T21:00:00,Monday,OTHER_WEEK,4.4474,0.4,0.385,0.08656743265728291,0,0.07786366044926056,-0.006993006993006993,lab/artifacts/ea-files/passive-refusal-depth-observation-v1/valid-p1-2022h2-2023/observation/events-a.csv,345,347
L0049,P1_2022H2_2023,Passive,US100_BOOK,2022-08-30T12:25:58,2022-08-30T14:15:00,Tuesday,OTHER_WEEK,4.4628,0.0,-0.015,-0.003361118580263512,0,-0.010014032675529007,-0.009389671361502348,lab/artifacts/ea-files/passive-refusal-depth-observation-v1/valid-p1-2022h2-2023/observation/events-a.csv,354,355
L0050,P1_2022H2_2023,Return,US30_BOOK,2022-08-30T16:00:00,2022-08-30T17:07:02,Tuesday,OTHER_WEEK,4.4622,-2.23,-2.2509999999999852,-0.5044596835641578,1,-0.5764385506154263,0.9047619047619048,lab/artifacts/ea-files/passive-refusal-depth-observation-v1/valid-p1-2022h2-2023/observation/events-a.csv,359,370
L0051,P1_2022H2_2023,Passive,US100_BOOK,2022-08-30T16:06:44,2022-08-30T17:34:53,Tuesday,OTHER_WEEK,4.4622,-2.23,-2.245,-0.5031150553538614,1,-0.5097679694491268,0.9906103286384976,lab/artifacts/ea-files/passive-refusal-depth-observation-v1/valid-p1-2022h2-2023/observation/events-a.csv,366,371
L0052,P1_2022H2_2023,Passive,US100_BOOK,2022-08-31T15:15:05,2022-08-31T17:00:00,Wednesday,OTHER_WEEK,4.2824,-0.12,-0.15799999999999273,-0.03689519895385595,0,-0.04354811304912144,-0.009389671361502348,lab/artifacts/ea-files/passive-refusal-depth-observation-v1/valid-p1-2022h2-2023/observation/events-a.csv,384,385
L0053,P1_2022H2_2023,Cross,US100_BOOK,2022-08-31T17:00:00,2022-08-31T21:00:00,Wednesday,OTHER_WEEK,4.2761,-1.44,-1.4549999999999998,-0.3402633240569678,0,-0.3489670962649901,-0.006993006993006993,lab/artifacts/ea-files/passive-refusal-depth-observation-v1/valid-p1-2022h2-2023/observation/events-a.csv,389,391
L0054,P1_2022H2_2023,Passive,US100_BOOK,2022-09-01T14:45:51,2022-09-01T16:30:00,Thursday,OTHER_WEEK,4.2179,0.61,0.595,0.14106545911472532,0,0.13441254501945982,-0.009389671361502348,lab/artifacts/ea-files/passive-refusal-depth-observation-v1/valid-p1-2022h2-2023/observation/events-a.csv,398,399
L0055,P1_2022H2_2023,RC16,US30_BOOK,2022-09-02T13:30:00,2022-09-02T17:30:00,Friday,OTHER_WEEK,4.2417,2.73,2.7090000000000147,0.638659028219821,0,0.5615467106995358,-0.025974025974025976,lab/artifacts/ea-files/passive-refusal-depth-observation-v1/valid-p1-2022h2-2023/observation/events-a.csv,404,411
L0056,P1_2022H2_2023,Cross,US100_BOOK,2022-09-02T17:00:01,2022-09-02T21:00:00,Friday,OTHER_WEEK,4.2417,2.2,2.185,0.5151236532522339,0,0.5064198810442115,-0.006993006993006993,lab/artifacts/ea-files/passive-refusal-depth-observation-v1/valid-p1-2022h2-2023/observation/events-a.csv,409,412
L0057,P1_2022H2_2023,RC16,US30_BOOK,2022-09-05T13:30:00,2022-09-05T17:30:00,Monday,OTHER_WEEK,4.4374,-0.15,-0.17099999999998544,-0.038536079686299504,0,-0.1156483972065847,-0.025974025974025976,lab/artifacts/ea-files/passive-refusal-depth-observation-v1/valid-p1-2022h2-2023/observation/events-a.csv,417,421
L0058,P1_2022H2_2023,Cross,US100_BOOK,2022-09-06T17:00:00,2022-09-06T21:00:00,Tuesday,OTHER_WEEK,4.4306,0.37,0.355,0.08012458809190628,0,0.07142081588388394,-0.006993006993006993,lab/artifacts/ea-files/passive-refusal-depth-observation-v1/valid-p1-2022h2-2023/observation/events-a.csv,426,428
L0059,P1_2022H2_2023,Return,US30_BOOK,2022-09-07T16:00:00,2022-09-07T22:00:00,Wednesday,OTHER_WEEK,4.4448,5.03,5.0090000000000146,1.1269348452123864,0,1.054955978161118,-0.09523809523809523,lab/artifacts/ea-files/passive-refusal-depth-observation-v1/valid-p1-2022h2-2023/observation/events-a.csv,433,435
L0060,P1_2022H2_2023,RC4,US30_BOOK,2022-09-08T13:00:00,2022-09-08T16:30:42,Thursday,OTHER_WEEK,4.6452,-2.34,-2.360999999999985,-0.5082665977783486,1,-0.611732992881613,0.8490566037735849,lab/artifacts/ea-files/passive-refusal-depth-observation-v1/valid-p1-2022h2-2023/observation/events-a.csv,440,453
L0061,P1_2022H2_2023,Passive,US100_BOOK,2022-09-08T16:04:52,2022-09-08T17:30:00,Thursday,OTHER_WEEK,4.6452,0.73,0.715,0.1539223284250409,0,0.1472694143297754,-0.009389671361502348,lab/artifacts/ea-files/passive-refusal-depth-observation-v1/valid-p1-2022h2-2023/observation/events-a.csv,452,457
L0062,P1_2022H2_2023,Return,US30_BOOK,2022-09-08T16:00:00,2022-09-08T22:00:00,Thursday,OTHER_WEEK,4.6452,1.52,1.4990000000000145,0.3226986997330609,0,0.2507198326817925,-0.09523809523809523,lab/artifacts/ea-files/passive-refusal-depth-observation-v1/valid-p1-2022h2-2023/observation/events-a.csv,450,458
L0063,P1_2022H2_2023,Cross,US100_BOOK,2022-09-09T17:00:00,2022-09-09T21:00:00,Friday,OTHER_WEEK,4.6393,0.83,0.815,0.17567305412454462,0,0.16696928191652227,-0.006993006993006993,lab/artifacts/ea-files/passive-refusal-depth-observation-v1/valid-p1-2022h2-2023/observation/events-a.csv,463,465
L0064,P1_2022H2_2023,Passive,US100_BOOK,2022-09-12T12:19:25,2022-09-12T13:30:05,Monday,STANDARD_EXPIRATION_WEEK,4.6719,0.33,0.315,0.06742438836447698,0,0.060771474269211485,-0.009389671361502348,lab/artifacts/ea-files/passive-refusal-depth-observation-v1/valid-p1-2022h2-2023/observation/events-a.csv,472,473
L0065,P1_2022H2_2023,Cross,US100_BOOK,2022-09-12T17:00:00,2022-09-12T21:00:00,Monday,STANDARD_EXPIRATION_WEEK,4.6845,0.04,0.025,0.005336748852598997,0,-0.0033670233554233455,-0.006993006993006993,lab/artifacts/ea-files/passive-refusal-depth-observation-v1/valid-p1-2022h2-2023/observation/events-a.csv,488,490
L0066,P1_2022H2_2023,Return,US30_BOOK,2022-09-12T16:00:00,2022-09-12T22:00:00,Monday,STANDARD_EXPIRATION_WEEK,4.6845,1.24,1.2190000000000145,0.26021987405273017,0,0.18824100700146174,-0.09523809523809523,lab/artifacts/ea-files/passive-refusal-depth-observation-v1/valid-p1-2022h2-2023/observation/events-a.csv,482,491
L0067,P1_2022H2_2023,Passive,US100_BOOK,2022-09-13T15:30:00,2022-09-13T15:45:00,Tuesday,STANDARD_EXPIRATION_WEEK,4.7304,3.93,3.915,0.8276255707762556,0,0.8209726566809902,-0.009389671361502348,lab/artifacts/ea-files/passive-refusal-depth-observation-v1/valid-p1-2022h2-2023/observation/events-a.csv,503,504
L0068,P1_2022H2_2023,Return,US30_BOOK,2022-09-13T16:00:00,2022-09-13T17:32:22,Tuesday,STANDARD_EXPIRATION_WEEK,4.8908,-2.45,-2.471000000000022,-0.505234317494075,1,-0.5772131845453434,0.9047619047619048,lab/artifacts/ea-files/passive-refusal-depth-observation-v1/valid-p1-2022h2-2023/observation/events-a.csv,508,516
L0069,P1_2022H2_2023,RC4,US30_BOOK,2022-09-13T13:00:00,2022-09-13T19:00:00,Tuesday,STANDARD_EXPIRATION_WEEK,4.7342,10.25,10.229000000000015,2.1606607240927747,0,2.0571943289895103,-0.1509433962264151,lab/artifacts/ea-files/passive-refusal-depth-observation-v1/valid-p1-2022h2-2023/observation/events-a.csv,496,517
L0070,P1_2022H2_2023,Cross,US100_BOOK,2022-09-13T17:00:00,2022-09-13T21:00:00,Tuesday,STANDARD_EXPIRATION_WEEK,4.8908,0.96,0.945,0.1932199231209618,0,0.18451615091293946,-0.006993006993006993,lab/artifacts/ea-files/passive-refusal-depth-observation-v1/valid-p1-2022h2-2023/observation/events-a.csv,514,518
L0071,P1_2022H2_2023,Pressure,US30_BOOK,2022-09-14T15:00:01,2022-09-14T19:00:00,Wednesday,STANDARD_EXPIRATION_WEEK,5.239,-1.43,-1.4509999999999854,-0.27696125214735356,0,-0.3054710249402528,-0.05714285714285714,lab/artifacts/ea-files/passive-refusal-depth-observation-v1/valid-p1-2022h2-2023/observation/events-a.csv,523,530
L0072,P1_2022H2_2023,Return,US30_BOOK,2022-09-14T16:00:00,2022-09-14T22:00:00,Wednesday,STANDARD_EXPIRATION_WEEK,5.239,-1.5899999999999999,-1.6109999999999853,-0.3075014315709077,0,-0.37948029862217614,-0.09523809523809523,lab/artifacts/ea-files/passive-refusal-depth-observation-v1/valid-p1-2022h2-2023/observation/events-a.csv,528,531
L0073,P1_2022H2_2023,RC4,US30_BOOK,2022-09-16T13:00:00,2022-09-16T19:00:00,Friday,STANDARD_EXPIRATION_WEEK,5.1165,-0.16,-0.18099999999998545,-0.03537574513827527,0,-0.13884214024153962,-0.1509433962264151,lab/artifacts/ea-files/passive-refusal-depth-observation-v1/valid-p1-2022h2-2023/observation/events-a.csv,537,550
L0074,P1_2022H2_2023,Cross,US100_BOOK,2022-09-16T17:00:00,2022-09-16T21:00:00,Friday,STANDARD_EXPIRATION_WEEK,5.1165,-0.22,-0.24300000000001093,-0.04749340369393353,0,-0.05619717590195587,-0.006993006993006993,lab/artifacts/ea-files/passive-refusal-depth-observation-v1/valid-p1-2022h2-2023/observation/events-a.csv,548,551
L0075,P1_2022H2_2023,Return,US30_BOOK,2022-09-16T16:00:00,2022-09-16T22:00:00,Friday,STANDARD_EXPIRATION_WEEK,5.1088,2.03,2.0090000000000146,0.3932430316316972,0,0.3212641645804288,-0.09523809523809523,lab/artifacts/ea-files/passive-refusal-depth-observation-v1/valid-p1-2022h2-2023/observation/events-a.csv,542,552
L0076,P1_2022H2_2023,Pressure,US30_BOOK,2022-09-19T15:00:00,2022-09-19T17:11:12,Monday,OTHER_WEEK,5.1799,-2.59,-2.610999999999985,-0.5040637850151518,1,-0.532573557808051,0.9428571428571428,lab/artifacts/ea-files/passive-refusal-depth-observation-v1/valid-p1-2022h2-2023/observation/events-a.csv,557,564
L0077,P1_2022H2_2023,Cross,US100_BOOK,2022-09-19T17:00:00,2022-09-19T21:00:00,Monday,OTHER_WEEK,5.1488,-0.01,-0.025,-0.004855500310752021,0,-0.013559272518774364,-0.006993006993006993,lab/artifacts/ea-files/passive-refusal-depth-observation-v1/valid-p1-2022h2-2023/observation/events-a.csv,562,565
L0078,P1_2022H2_2023,Passive,US100_BOOK,2022-09-20T12:19:00,2022-09-20T16:15:00,Tuesday,OTHER_WEEK,5.0744,-0.36,-0.375,-0.07390036260444585,0,-0.08055327669971135,-0.009389671361502348,lab/artifacts/ea-files/passive-refusal-depth-observation-v1/valid-p1-2022h2-2023/observation/events-a.csv,572,578
L0079,P1_2022H2_2023,Return,US30_BOOK,2022-09-20T16:00:00,2022-09-20T17:37:02,Tuesday,OTHER_WEEK,5.0744,-2.57,-2.590999999999985,-0.5106022386883149,1,-0.5825811057395833,0.9047619047619048,lab/artifacts/ea-files/passive-refusal-depth-observation-v1/valid-p1-2022h2-2023/observation/events-a.csv,576,584
L0080,P1_2022H2_2023,Cross,US100_BOOK,2022-09-20T17:00:00,2022-09-20T21:00:00,Tuesday,OTHER_WEEK,5.0432,-0.86,-0.875,-0.17350095177664976,0,-0.1822047239846721,-0.006993006993006993,lab/artifacts/ea-files/passive-refusal-depth-observation-v1/valid-p1-2022h2-2023/observation/events-a.csv,582,585
L0081,P1_2022H2_2023,Cross,US100_BOOK,2022-09-21T17:00:00,2022-09-21T21:00:00,Wednesday,OTHER_WEEK,4.9208,-0.61,-0.6380000000000109,-0.12965371484311716,0,-0.1383574870511395,-0.006993006993006993,lab/artifacts/ea-files/passive-refusal-depth-observation-v1/valid-p1-2022h2-2023/observation/events-a.csv,590,592
L0082,P1_2022H2_2023,Cross,US100_BOOK,2022-09-22T17:00:00,2022-09-22T21:00:00,Thursday,OTHER_WEEK,4.8953,-0.02,-0.035,-0.007149715032786551,0,-0.015853487240808893,-0.006993006993006993,lab/artifacts/ea-files/passive-refusal-depth-observation-v1/valid-p1-2022h2-2023/observation/events-a.csv,597,599
L0083,P1_2022H2_2023,Passive,US100_BOOK,2022-09-23T12:29:57,2022-09-23T16:15:00,Friday,OTHER_WEEK,4.8939,0.17,0.15500000000000003,0.03167208157093525,0,0.025019167475669755,-0.009389671361502348,lab/artifacts/ea-files/passive-refusal-depth-observation-v1/valid-p1-2022h2-2023/observation/events-a.csv,606,617
L0084,P1_2022H2_2023,Pressure,US30_BOOK,2022-09-23T15:00:00,2022-09-23T19:00:00,Friday,OTHER_WEEK,4.8939,2.15,2.1290000000000147,0.43503136557755867,0,0.40652159278465944,-0.05714285714285714,lab/artifacts/ea-files/passive-refusal-depth-observation-v1/valid-p1-2022h2-2023/observation/events-a.csv,610,623
L0085,P1_2022H2_2023,Return,US30_BOOK,2022-09-23T16:00:00,2022-09-23T19:23:00,Friday,OTHER_WEEK,4.8939,-2.45,-2.4709999999999854,-0.5049142810437454,1,-0.5768931480950138,0.9047619047619048,lab/artifacts/ea-files/passive-refusal-depth-observation-v1/valid-p1-2022h2-2023/observation/events-a.csv,615,624
L0086,P1_2022H2_2023,Cross,US100_BOOK,2022-09-23T17:00:00,2022-09-23T21:00:00,Friday,OTHER_WEEK,4.9001,0.22,0.20500000000000002,0.04183588090038979,0,0.03313210869236745,-0.006993006993006993,lab/artifacts/ea-files/passive-refusal-depth-observation-v1/valid-p1-2022h2-2023/observation/events-a.csv,621,625
L0087,P1_2022H2_2023,Passive,US100_BOOK,2022-09-26T14:54:00,2022-09-26T15:30:00,Monday,OTHER_WEEK,4.8946,0.27,0.255,0.05209823070322397,0,0.045445316607958475,-0.009389671361502348,lab/artifacts/ea-files/passive-refusal-depth-observation-v1/valid-p1-2022h2-2023/observation/events-a.csv,638,639
L0088,P1_2022H2_2023,Cross,US100_BOOK,2022-09-26T17:00:00,2022-09-26T21:00:00,Monday,OTHER_WEEK,4.9048,-1.9300000000000002,-1.945,-0.3965503180557821,0,-0.40525409026380443,-0.006993006993006993,lab/artifacts/ea-files/passive-refusal-depth-observation-v1/valid-p1-2022h2-2023/observation/events-a.csv,643,645
L0089,P1_2022H2_2023,Pressure,US30_BOOK,2022-09-27T15:00:00,2022-09-27T17:08:49,Tuesday,OTHER_WEEK,4.827,-2.41,-2.431000000000022,-0.5036254402320327,1,-0.5321352130249319,0.9428571428571428,lab/artifacts/ea-files/passive-refusal-depth-observation-v1/valid-p1-2022h2-2023/observation/events-a.csv,650,657
L0090,P1_2022H2_2023,Cross,US100_BOOK,2022-09-27T17:00:00,2022-09-27T19:18:20,Tuesday,OTHER_WEEK,4.827,-2.42,-2.4879999999999924,-0.5154340169877756,1,-0.5241377891957979,0.993006993006993,lab/artifacts/ea-files/passive-refusal-depth-observation-v1/valid-p1-2022h2-2023/observation/events-a.csv,655,658
L0091,P1_2022H2_2023,Passive,US100_BOOK,2022-09-28T12:30:22,2022-09-28T13:15:00,Wednesday,OTHER_WEEK,4.6302,0.83,0.815,0.1760183145436482,0,0.1693654004483827,-0.009389671361502348,lab/artifacts/ea-files/passive-refusal-depth-observation-v1/valid-p1-2022h2-2023/observation/events-a.csv,665,666
L0092,P1_2022H2_2023,Passive,US100_BOOK,2022-09-28T15:32:52,2022-09-28T19:30:00,Wednesday,OTHER_WEEK,4.6628,-1.85,-1.865,-0.399974264390495,0,-0.40662717848576047,-0.009389671361502348,lab/artifacts/ea-files/passive-refusal-depth-observation-v1/valid-p1-2022h2-2023/observation/events-a.csv,672,673
L0093,P1_2022H2_2023,Passive,US100_BOOK,2022-09-29T15:46:40,2022-09-29T16:15:00,Thursday,OTHER_WEEK,4.5882,0.14,0.125,0.027243799311276757,0,0.02059088521601126,-0.009389671361502348,lab/artifacts/ea-files/passive-refusal-depth-observation-v1/valid-p1-2022h2-2023/observation/events-a.csv,680,681
L0094,P1_2022H2_2023,Cross,US100_BOOK,2022-09-29T17:00:00,2022-09-29T21:00:00,Thursday,OTHER_WEEK,4.5932,1.34,1.3250000000000002,0.288469912043891,0,0.2797661398358687,-0.006993006993006993,lab/artifacts/ea-files/passive-refusal-depth-observation-v1/valid-p1-2022h2-2023/observation/events-a.csv,685,687
L0095,P1_2022H2_2023,Passive,US100_BOOK,2022-09-30T15:30:05,2022-09-30T15:45:00,Friday,OTHER_WEEK,4.6462,0.38,0.36200000000000726,0.07791313331324679,0,0.07126021921798129,-0.009389671361502348,lab/artifacts/ea-files/passive-refusal-depth-observation-v1/valid-p1-2022h2-2023/observation/events-a.csv,694,695
L0096,P1_2022H2_2023,Return,US30_BOOK,2022-09-30T16:00:00,2022-09-30T16:38:43,Friday,OTHER_WEEK,4.6607,-2.34,-2.360999999999985,-0.5065762653678599,1,-0.5785551324191284,0.9047619047619048,lab/artifacts/ea-files/passive-refusal-depth-observation-v1/valid-p1-2022h2-2023/observation/events-a.csv,699,701
L0097,P1_2022H2_2023,RC16,US30_BOOK,2022-10-03T13:30:00,2022-10-03T17:30:00,Monday,OTHER_WEEK,4.5663,4.57,4.549000000000015,0.9962113746359229,0,0.9190990571156377,-0.025974025974025976,lab/artifacts/ea-files/passive-refusal-depth-observation-v1/valid-p1-2022h2-2023/observation/events-a.csv,706,719
L0098,P1_2022H2_2023,Pressure,US30_BOOK,2022-10-03T15:00:00,2022-10-03T19:00:00,Monday,OTHER_WEEK,4.5663,3.51,3.4890000000000145,0.7640759477038334,0,0.7355661749109341,-0.05714285714285714,lab/artifacts/ea-files/passive-refusal-depth-observation-v1/valid-p1-2022h2-2023/observation/events-a.csv,716,720
L0099,P1_2022H2_2023,Passive,US100_BOOK,2022-10-03T15:02:00,2022-10-03T19:00:00,Monday,OTHER_WEEK,4.5663,-0.94,-0.955,-0.20914087992466548,0,-0.21579379401993098,-0.009389671361502348,lab/artifacts/ea-files/passive-refusal-depth-observation-v1/valid-p1-2022h2-2023/observation/events-a.csv,718,721
L0100,P1_2022H2_2023,Passive,US100_BOOK,2022-10-04T12:52:35,2022-10-04T15:30:00,Tuesday,OTHER_WEEK,4.8496,0.01,-0.004999999999999999,-0.0010310128670405806,0,-0.007683926962306075,-0.009389671361502348,lab/artifacts/ea-files/passive-refusal-depth-observation-v1/valid-p1-2022h2-2023/observation/events-a.csv,728,739
L0101,P1_2022H2_2023,RC4,US30_BOOK,2022-10-04T13:00:00,2022-10-04T19:00:00,Tuesday,OTHER_WEEK,4.8496,3.82,3.7990000000000146,0.7833635763774363,0,0.6798971812741719,-0.1509433962264151,lab/artifacts/ea-files/passive-refusal-depth-observation-v1/valid-p1-2022h2-2023/observation/events-a.csv,732,746
L0102,P1_2022H2_2023,Pressure,US30_BOOK,2022-10-04T15:00:00,2022-10-04T19:00:00,Tuesday,OTHER_WEEK,4.8496,3.54,3.5189999999999784,0.7256268558231562,0,0.697117083030257,-0.05714285714285714,lab/artifacts/ea-files/passive-refusal-depth-observation-v1/valid-p1-2022h2-2023/observation/events-a.csv,737,747
L0103,P1_2022H2_2023,Cross,US100_BOOK,2022-10-04T17:00:00,2022-10-04T21:00:00,Tuesday,OTHER_WEEK,4.8494,0.07,0.05500000000000001,0.011341609271250053,0,0.00263783706322771,-0.006993006993006993,lab/artifacts/ea-files/passive-refusal-depth-observation-v1/valid-p1-2022h2-2023/observation/events-a.csv,743,748
L0104,P1_2022H2_2023,Cross,US100_BOOK,2022-10-05T17:00:00,2022-10-05T21:00:00,Wednesday,OTHER_WEEK,5.1443,-0.87,-0.8879999999999927,-0.1726182376610992,0,-0.18132200986912156,-0.006993006993006993,lab/artifacts/ea-files/passive-refusal-depth-observation-v1/valid-p1-2022h2-2023/observation/events-a.csv,753,755
L0105,P1_2022H2_2023,Passive,US100_BOOK,2022-10-06T12:16:34,2022-10-06T14:45:01,Thursday,OTHER_WEEK,5.1088,0.05,0.035,0.0068509238960225505,0,0.000198009800757056,-0.009389671361502348,lab/artifacts/ea-files/passive-refusal-depth-observation-v1/valid-p1-2022h2-2023/observation/events-a.csv,762,763
L0106,P1_2022H2_2023,Passive,US100_BOOK,2022-10-06T16:33:12,2022-10-06T17:15:00,Thursday,OTHER_WEEK,5.1102,0.96,0.945,0.18492426910884113,0,0.17827135501357563,-0.009389671361502348,lab/artifacts/ea-files/passive-refusal-depth-observation-v1/valid-p1-2022h2-2023/observation/events-a.csv,769,775
L0107,P1_2022H2_2023,Cross,US100_BOOK,2022-10-06T17:00:00,2022-10-06T21:00:00,Thursday,OTHER_WEEK,5.1102,-0.12,-0.135,-0.026417752729834452,0,-0.03512152493785679,-0.006993006993006993,lab/artifacts/ea-files/passive-refusal-depth-observation-v1/valid-p1-2022h2-2023/observation/events-a.csv,773,776
L0108,P1_2022H2_2023,Return,US30_BOOK,2022-10-07T16:00:00,2022-10-07T16:59:08,Friday,OTHER_WEEK,5.1426,-2.58,-2.6009999999999853,-0.5057752887644353,1,-0.5777541558157038,0.9047619047619048,lab/artifacts/ea-files/passive-refusal-depth-observation-v1/valid-p1-2022h2-2023/observation/events-a.csv,787,789
L0109,P1_2022H2_2023,Passive,US100_BOOK,2022-10-07T15:46:58,2022-10-07T19:45:00,Friday,OTHER_WEEK,5.1426,-2.22,-2.2350000000000003,-0.43460506358651274,0,-0.4412579776817782,-0.009389671361502348,lab/artifacts/ea-files/passive-refusal-depth-observation-v1/valid-p1-2022h2-2023/observation/events-a.csv,783,795
L0110,P1_2022H2_2023,Cross,US100_BOOK,2022-10-07T17:00:00,2022-10-07T21:00:00,Friday,OTHER_WEEK,5.0386,1.07,1.0550000000000002,0.20938355892509827,0,0.20067978671707593,-0.006993006993006993,lab/artifacts/ea-files/passive-refusal-depth-observation-v1/valid-p1-2022h2-2023/observation/events-a.csv,793,796
L0111,P1_2022H2_2023,RC16,US30_BOOK,2022-10-10T13:30:00,2022-10-10T17:30:00,Monday,OTHER_WEEK,4.9914,1.3,1.2790000000000146,0.25624073406259057,0,0.17912841654230538,-0.025974025974025976,lab/artifacts/ea-files/passive-refusal-depth-observation-v1/valid-p1-2022h2-2023/observation/events-a.csv,801,808
L0112,P1_2022H2_2023,Cross,US100_BOOK,2022-10-10T17:00:00,2022-10-10T21:00:00,Monday,OTHER_WEEK,4.9914,-0.21,-0.22499999999999998,-0.04507753335737468,0,-0.05378130556539702,-0.006993006993006993,lab/artifacts/ea-files/passive-refusal-depth-observation-v1/valid-p1-2022h2-2023/observation/events-a.csv,806,809
L0113,P1_2022H2_2023,Passive,US100_BOOK,2022-10-11T15:34:16,2022-10-11T16:45:00,Tuesday,OTHER_WEEK,5.0335,1.02,1.0050000000000001,0.19966226283897887,0,0.19300934874371337,-0.009389671361502348,lab/artifacts/ea-files/passive-refusal-depth-observation-v1/valid-p1-2022h2-2023/observation/events-a.csv,816,817
L0114,P1_2022H2_2023,Cross,US100_BOOK,2022-10-11T17:00:00,2022-10-11T21:00:00,Tuesday,OTHER_WEEK,5.0737,-1.48,-1.4949999999999999,-0.2946567593669314,0,-0.30336053157495374,-0.006993006993006993,lab/artifacts/ea-files/passive-refusal-depth-observation-v1/valid-p1-2022h2-2023/observation/events-a.csv,821,823
L0115,P1_2022H2_2023,Cross,US100_BOOK,2022-10-12T17:00:00,2022-10-12T21:00:00,Wednesday,OTHER_WEEK,5.0139,0.42,0.40200000000000724,0.08017710764076014,0,0.07147333543273779,-0.006993006993006993,lab/artifacts/ea-files/passive-refusal-depth-observation-v1/valid-p1-2022h2-2023/observation/events-a.csv,833,835
L0116,P1_2022H2_2023,Return,US30_BOOK,2022-10-12T16:00:00,2022-10-12T22:00:00,Wednesday,OTHER_WEEK,5.0139,0.39,0.36900000000001454,0.07359540477472917,0,0.001616537723460737,-0.09523809523809523,lab/artifacts/ea-files/passive-refusal-depth-observation-v1/valid-p1-2022h2-2023/observation/events-a.csv,828,836
L0117,P1_2022H2_2023,Passive,US100_BOOK,2022-10-13T14:55:49,2022-10-13T15:45:00,Thursday,OTHER_WEEK,5.0448,3.87,3.855,0.7641531874405327,0,0.7575002733452673,-0.009389671361502348,lab/artifacts/ea-files/passive-refusal-depth-observation-v1/valid-p1-2022h2-2023/observation/events-a.csv,843,844
L0118,P1_2022H2_2023,Cross,US100_BOOK,2022-10-13T17:00:00,2022-10-13T21:00:00,Thursday,OTHER_WEEK,5.199,4.54,4.525,0.8703596845547221,0,0.8616559123466998,-0.006993006993006993,lab/artifacts/ea-files/passive-refusal-depth-observation-v1/valid-p1-2022h2-2023/observation/events-a.csv,853,855
L0119,P1_2022H2_2023,Return,US30_BOOK,2022-10-13T16:00:00,2022-10-13T22:00:00,Thursday,OTHER_WEEK,5.199,13.74,13.719000000000015,2.638776687824585,0,2.566797820773316,-0.09523809523809523,lab/artifacts/ea-files/passive-refusal-depth-observation-v1/valid-p1-2022h2-2023/observation/events-a.csv,848,856
L0120,P1_2022H2_2023,Cross,US100_BOOK,2022-10-14T17:00:00,2022-10-14T21:00:00,Friday,OTHER_WEEK,5.9287,1.98,1.951999999999989,0.3292458717762729,0,0.3205420995682506,-0.006993006993006993,lab/artifacts/ea-files/passive-refusal-depth-observation-v1/valid-p1-2022h2-2023/observation/events-a.csv,861,863
L0121,P1_2022H2_2023,RC16,US30_BOOK,2022-10-17T13:30:00,2022-10-17T17:30:00,Monday,STANDARD_EXPIRATION_WEEK,6.0068,2.11,2.0890000000000146,0.3477725244722672,0,0.270660206951982,-0.025974025974025976,lab/artifacts/ea-files/passive-refusal-depth-observation-v1/valid-p1-2022h2-2023/observation/events-a.csv,873,881
L0122,P1_2022H2_2023,RC4,US30_BOOK,2022-10-17T13:00:00,2022-10-17T19:00:00,Monday,STANDARD_EXPIRATION_WEEK,6.0068,2.23,2.2090000000000147,0.3677498834654083,0,0.264283488362144,-0.1509433962264151,lab/artifacts/ea-files/passive-refusal-depth-observation-v1/valid-p1-2022h2-2023/observation/events-a.csv,868,882
L0123,P1_2022H2_2023,Cross,US100_BOOK,2022-10-17T17:00:00,2022-10-17T21:00:00,Monday,STANDARD_EXPIRATION_WEEK,6.0068,0.54,0.525,0.08740094559499234,0,0.07869717338696999,-0.006993006993006993,lab/artifacts/ea-files/passive-refusal-depth-observation-v1/valid-p1-2022h2-2023/observation/events-a.csv,879,883
L0124,P1_2022H2_2023,Passive,US100_BOOK,2022-10-18T15:03:48,2022-10-18T17:15:00,Tuesday,STANDARD_EXPIRATION_WEEK,6.1997,0.18,0.16499999999999998,0.02661419100924238,0,0.019961276913976887,-0.009389671361502348,lab/artifacts/ea-files/passive-refusal-depth-observation-v1/valid-p1-2022h2-2023/observation/events-a.csv,896,902
L0125,P1_2022H2_2023,Cross,US100_BOOK,2022-10-18T17:00:00,2022-10-18T21:00:00,Tuesday,STANDARD_EXPIRATION_WEEK,6.1997,0.66,0.645,0.10403729212703841,0,0.09533351991901606,-0.006993006993006993,lab/artifacts/ea-files/passive-refusal-depth-observation-v1/valid-p1-2022h2-2023/observation/events-a.csv,900,903
L0126,P1_2022H2_2023,Passive,US100_BOOK,2022-10-20T13:50:48,2022-10-20T16:00:00,Thursday,STANDARD_EXPIRATION_WEEK,6.2321,0.54,0.525,0.08424126698865551,0,0.07758835289339001,-0.009389671361502348,lab/artifacts/ea-files/passive-refusal-depth-observation-v1/valid-p1-2022h2-2023/observation/events-a.csv,922,923
L0127,P1_2022H2_2023,RC4,US30_BOOK,2022-10-20T13:00:00,2022-10-20T19:00:00,Thursday,STANDARD_EXPIRATION_WEEK,6.2321,2.16,2.139000000000015,0.3432229906452103,0,0.23975659554194595,-0.1509433962264151,lab/artifacts/ea-files/passive-refusal-depth-observation-v1/valid-p1-2022h2-2023/observation/events-a.csv,915,930
L0128,P1_2022H2_2023,Cross,US100_BOOK,2022-10-20T17:00:00,2022-10-20T21:00:00,Thursday,STANDARD_EXPIRATION_WEEK,6.2531,-1.1,-1.115,-0.17831155746749613,0,-0.18701532967551848,-0.006993006993006993,lab/artifacts/ea-files/passive-refusal-depth-observation-v1/valid-p1-2022h2-2023/observation/events-a.csv,928,931
L0129,P1_2022H2_2023,RC4,US30_BOOK,2022-10-21T13:00:00,2022-10-21T19:00:00,Friday,STANDARD_EXPIRATION_WEEK,6.2941,5.5600000000000005,5.539000000000015,0.8800305047584269,0,0.7765641096551625,-0.1509433962264151,lab/artifacts/ea-files/passive-refusal-depth-observation-v1/valid-p1-2022h2-2023/observation/events-a.csv,936,939
L0130,P1_2022H2_2023,Passive,US100_BOOK,2022-10-24T14:31:29,2022-10-24T16:30:00,Monday,OTHER_WEEK,6.5156,0.47,0.45499999999999996,0.06983240223463687,0,0.06317948813937137,-0.009389671361502348,lab/artifacts/ea-files/passive-refusal-depth-observation-v1/valid-p1-2022h2-2023/observation/events-a.csv,952,953
L0131,P1_2022H2_2023,Cross,US100_BOOK,2022-10-24T17:00:00,2022-10-24T21:00:00,Monday,OTHER_WEEK,6.5338,-0.35,-0.365,-0.05586335669901129,0,-0.06456712890703363,-0.006993006993006993,lab/artifacts/ea-files/passive-refusal-depth-observation-v1/valid-p1-2022h2-2023/observation/events-a.csv,957,959
L0132,P1_2022H2_2023,Cross,US100_BOOK,2022-10-25T17:00:00,2022-10-25T21:00:00,Tuesday,OTHER_WEEK,6.5192,-0.07,-0.10799999999999274,-0.016566449871148723,0,-0.025270222079171067,-0.006993006993006993,lab/artifacts/ea-files/passive-refusal-depth-observation-v1/valid-p1-2022h2-2023/observation/events-a.csv,964,966
L0133,P1_2022H2_2023,RC16,US30_BOOK,2022-10-26T13:30:00,2022-10-26T17:30:00,Wednesday,OTHER_WEEK,6.5149,2.38,2.3590000000000146,0.36209304824326,0,0.2849807307229748,-0.025974025974025976,lab/artifacts/ea-files/passive-refusal-depth-observation-v1/valid-p1-2022h2-2023/observation/events-a.csv,971,983
L0134,P1_2022H2_2023,Cross,US100_BOOK,2022-10-26T17:00:05,2022-10-26T21:00:00,Wednesday,OTHER_WEEK,6.5149,-0.12,-0.1480000000000109,-0.02271715605765413,0,-0.031420928265676475,-0.006993006993006993,lab/artifacts/ea-files/passive-refusal-depth-observation-v1/valid-p1-2022h2-2023/observation/events-a.csv,981,984
L0135,P1_2022H2_2023,Return,US30_BOOK,2022-10-26T16:00:00,2022-10-26T22:00:00,Wednesday,OTHER_WEEK,6.5149,0.91,0.8890000000000146,0.13645643064360383,0,0.06447756359233539,-0.09523809523809523,lab/artifacts/ea-files/passive-refusal-depth-observation-v1/valid-p1-2022h2-2023/observation/events-a.csv,976,985
L0136,P1_2022H2_2023,Passive,US100_BOOK,2022-10-27T12:56:10,2022-10-27T15:45:00,Thursday,OTHER_WEEK,6.6389,0.12,0.105,0.015815873111509438,0,0.009162959016243944,-0.009389671361502348,lab/artifacts/ea-files/passive-refusal-depth-observation-v1/valid-p1-2022h2-2023/observation/events-a.csv,992,993
L0137,P1_2022H2_2023,Cross,US100_BOOK,2022-10-27T17:00:00,2022-10-27T21:00:00,Thursday,OTHER_WEEK,6.6431,0.28,0.265,0.03989101473709564,0,0.031187242529073296,-0.006993006993006993,lab/artifacts/ea-files/passive-refusal-depth-observation-v1/valid-p1-2022h2-2023/observation/events-a.csv,997,999
L0138,P1_2022H2_2023,Cross,US100_BOOK,2022-10-28T17:00:00,2022-10-28T21:00:00,Friday,OTHER_WEEK,6.6537,2.04,2.025,0.3043419450831868,0,0.2956381728751645,-0.006993006993006993,lab/artifacts/ea-files/passive-refusal-depth-observation-v1/valid-p1-2022h2-2023/observation/events-a.csv,1004,1006
L0139,P1_2022H2_2023,Cross,US100_BOOK,2022-10-31T17:00:00,2022-10-31T21:00:00,Monday,OTHER_WEEK,6.7347,-0.51,-0.525,-0.07795447458684128,0,-0.08665824679486363,-0.006993006993006993,lab/artifacts/ea-files/passive-refusal-depth-observation-v1/valid-p1-2022h2-2023/observation/events-a.csv,1011,1013
L0140,P1_2022H2_2023,Passive,US100_BOOK,2022-11-01T13:34:30,2022-11-01T14:15:00,Tuesday,OTHER_WEEK,6.7137,0.09,0.075,0.011171187273783457,0,0.004518273178517962,-0.009389671361502348,lab/artifacts/ea-files/passive-refusal-depth-observation-v1/valid-p1-2022h2-2023/observation/events-a.csv,1025,1026
L0141,P1_2022H2_2023,RC16,US30_BOOK,2022-11-01T13:30:00,2022-11-01T17:19:59,Tuesday,OTHER_WEEK,6.7137,-3.37,-3.3909999999999854,-0.5050866139386605,1,-0.5821989314589457,0.974025974025974,lab/artifacts/ea-files/passive-refusal-depth-observation-v1/valid-p1-2022h2-2023/observation/events-a.csv,1018,1032
L0142,P1_2022H2_2023,Cross,US100_BOOK,2022-11-01T17:00:00,2022-11-01T21:00:00,Tuesday,OTHER_WEEK,6.7167,1.5899999999999999,1.575,0.2344901514136406,0,0.22578637920561825,-0.006993006993006993,lab/artifacts/ea-files/passive-refusal-depth-observation-v1/valid-p1-2022h2-2023/observation/events-a.csv,1030,1033
L0143,P1_2022H2_2023,Cross,US100_BOOK,2022-11-02T17:00:00,2022-11-02T21:00:00,Wednesday,OTHER_WEEK,6.6441,0.27,0.2520000000000073,0.03792838759200001,0,0.02922461538397767,-0.006993006993006993,lab/artifacts/ea-files/passive-refusal-depth-observation-v1/valid-p1-2022h2-2023/observation/events-a.csv,1043,1045
L0144,P1_2022H2_2023,Return,US30_BOOK,2022-11-02T16:00:00,2022-11-02T22:00:00,Wednesday,OTHER_WEEK,6.6441,-0.97,-0.9909999999999854,-0.14915488930027926,0,-0.2211337563515477,-0.09523809523809523,lab/artifacts/ea-files/passive-refusal-depth-observation-v1/valid-p1-2022h2-2023/observation/events-a.csv,1038,1046
L0145,P1_2022H2_2023,Passive,US100_BOOK,2022-11-03T14:37:54,2022-11-03T17:30:00,Thursday,OTHER_WEEK,6.6145,0.05,0.035,0.005291405246050345,0,-0.0013615088492151496,-0.009389671361502348,lab/artifacts/ea-files/passive-refusal-depth-observation-v1/valid-p1-2022h2-2023/observation/events-a.csv,1053,1064
L0146,P1_2022H2_2023,Cross,US100_BOOK,2022-11-03T17:00:00,2022-11-03T21:00:00,Thursday,OTHER_WEEK,6.6145,-0.36,-0.375,-0.056693627636253685,0,-0.06539739984427603,-0.006993006993006993,lab/artifacts/ea-files/passive-refusal-depth-observation-v1/valid-p1-2022h2-2023/observation/events-a.csv,1062,1065
L0147,P1_2022H2_2023,Return,US30_BOOK,2022-11-03T16:00:00,2022-11-03T22:00:00,Thursday,OTHER_WEEK,6.6145,2.6,2.579000000000015,0.3899009751303976,0,0.3179221080791292,-0.09523809523809523,lab/artifacts/ea-files/passive-refusal-depth-observation-v1/valid-p1-2022h2-2023/observation/events-a.csv,1057,1066
L0148,P1_2022H2_2023,Cross,US100_BOOK,2022-11-04T17:00:00,2022-11-04T21:00:00,Friday,OTHER_WEEK,6.7041,1.5699999999999998,1.555,0.231947614146567,0,0.22324384193854466,-0.006993006993006993,lab/artifacts/ea-files/passive-refusal-depth-observation-v1/valid-p1-2022h2-2023/observation/events-a.csv,1071,1073
L0149,P1_2022H2_2023,Passive,US100_BOOK,2022-11-07T13:03:47,2022-11-07T14:00:00,Monday,OTHER_WEEK,6.7663,0.13,0.115,0.016995994856864167,0,0.010343080761598672,-0.009389671361502348,lab/artifacts/ea-files/passive-refusal-depth-observation-v1/valid-p1-2022h2-2023/observation/events-a.csv,1080,1081
L0150,P1_2022H2_2023,Pressure,US30_BOOK,2022-11-07T15:00:00,2022-11-07T19:00:00,Monday,OTHER_WEEK,6.7709,-0.21,-0.23099999999998544,-0.034116587159755046,0,-0.06262635995265428,-0.05714285714285714,lab/artifacts/ea-files/passive-refusal-depth-observation-v1/valid-p1-2022h2-2023/observation/events-a.csv,1085,1092
L0151,P1_2022H2_2023,Cross,US100_BOOK,2022-11-07T17:00:00,2022-11-07T21:00:00,Monday,OTHER_WEEK,6.7709,-0.54,-0.555,-0.08196842369552054,0,-0.09067219590354289,-0.006993006993006993,lab/artifacts/ea-files/passive-refusal-depth-observation-v1/valid-p1-2022h2-2023/observation/events-a.csv,1090,1093
L0152,P1_2022H2_2023,Passive,US100_BOOK,2022-11-08T13:32:08,2022-11-08T14:45:00,Tuesday,OTHER_WEEK,6.7394,0.06,0.045,0.00667715226874796,0,2.4238173482465583e-05,-0.009389671361502348,lab/artifacts/ea-files/passive-refusal-depth-observation-v1/valid-p1-2022h2-2023/observation/events-a.csv,1111,1112
L0153,P1_2022H2_2023,RC16,US30_BOOK,2022-11-08T13:30:00,2022-11-08T17:30:00,Tuesday,OTHER_WEEK,6.7394,2.39,2.369000000000015,0.35151497165920037,0,0.2744026541389152,-0.025974025974025976,lab/artifacts/ea-files/passive-refusal-depth-observation-v1/valid-p1-2022h2-2023/observation/events-a.csv,1109,1118
L0154,P1_2022H2_2023,Cross,US100_BOOK,2022-11-08T17:00:00,2022-11-08T21:00:00,Tuesday,OTHER_WEEK,6.7412,0.2,0.185,0.02744318518958049,0,0.018739412981558144,-0.006993006993006993,lab/artifacts/ea-files/passive-refusal-depth-observation-v1/valid-p1-2022h2-2023/observation/events-a.csv,1116,1119
L0155,P1_2022H2_2023,Cross,US100_BOOK,2022-11-09T17:00:00,2022-11-09T21:00:00,Wednesday,OTHER_WEEK,6.8434,0.95,0.9349999999999999,0.13662799193383404,0,0.1279242197258117,-0.006993006993006993,lab/artifacts/ea-files/passive-refusal-depth-observation-v1/valid-p1-2022h2-2023/observation/events-a.csv,1124,1126
L0156,P1_2022H2_2023,RC16,US30_BOOK,2022-11-10T13:30:00,2022-11-10T17:30:00,Thursday,OTHER_WEEK,6.8808,8.1,8.079000000000015,1.1741367282874107,0,1.0970244107671254,-0.025974025974025976,lab/artifacts/ea-files/passive-refusal-depth-observation-v1/valid-p1-2022h2-2023/observation/events-a.csv,1131,1144
L0157,P1_2022H2_2023,Passive,US100_BOOK,2022-11-10T15:45:09,2022-11-10T19:45:00,Thursday,OTHER_WEEK,6.8808,-1.95,-1.9649999999999999,-0.2855772584583188,0,-0.29223017255358424,-0.009389671361502348,lab/artifacts/ea-files/passive-refusal-depth-observation-v1/valid-p1-2022h2-2023/observation/events-a.csv,1138,1145
L0158,P1_2022H2_2023,Cross,US100_BOOK,2022-11-10T17:00:00,2022-11-10T21:00:00,Thursday,OTHER_WEEK,6.8808,0.48,0.46499999999999997,0.06757935123822811,0,0.05887557903020577,-0.006993006993006993,lab/artifacts/ea-files/passive-refusal-depth-observation-v1/valid-p1-2022h2-2023/observation/events-a.csv,1142,1146
L0159,P1_2022H2_2023,Cross,US100_BOOK,2022-11-14T17:00:00,2022-11-14T21:00:00,Monday,STANDARD_EXPIRATION_WEEK,7.144,-1.5,-1.515,-0.21206606942889136,0,-0.2207698416369137,-0.006993006993006993,lab/artifacts/ea-files/passive-refusal-depth-observation-v1/valid-p1-2022h2-2023/observation/events-a.csv,1152,1154
L0160,P1_2022H2_2023,Passive,US100_BOOK,2022-11-15T14:34:31,2022-11-15T18:30:00,Tuesday,STANDARD_EXPIRATION_WEEK,7.0834,-0.72,-0.735,-0.10376372928254793,0,-0.11041664337781343,-0.009389671361502348,lab/artifacts/ea-files/passive-refusal-depth-observation-v1/valid-p1-2022h2-2023/observation/events-a.csv,1161,1167
L0161,P1_2022H2_2023,Cross,US100_BOOK,2022-11-15T17:00:00,2022-11-15T21:00:00,Tuesday,STANDARD_EXPIRATION_WEEK,7.0834,1.87,1.8550000000000002,0.26187988818928765,0,0.2531761159812653,-0.006993006993006993,lab/artifacts/ea-files/passive-refusal-depth-observation-v1/valid-p1-2022h2-2023/observation/events-a.csv,1165,1168
L0162,P1_2022H2_2023,Cross,US100_BOOK,2022-11-16T17:00:00,2022-11-16T21:00:00,Wednesday,STANDARD_EXPIRATION_WEEK,7.1282,0.37,0.355,0.049802194102297914,0,0.04109842189427557,-0.006993006993006993,lab/artifacts/ea-files/passive-refusal-depth-observation-v1/valid-p1-2022h2-2023/observation/events-a.csv,1178,1180
L0163,P1_2022H2_2023,Return,US30_BOOK,2022-11-16T16:00:00,2022-11-16T22:00:00,Wednesday,STANDARD_EXPIRATION_WEEK,7.1282,0.92,0.8990000000000146,0.12611879576891988,0,0.05413992871765144,-0.09523809523809523,lab/artifacts/ea-files/passive-refusal-depth-observation-v1/valid-p1-2022h2-2023/observation/events-a.csv,1173,1181
L0164,P1_2022H2_2023,Passive,US100_BOOK,2022-11-17T12:36:09,2022-11-17T16:30:00,Thursday,STANDARD_EXPIRATION_WEEK,7.1783,-1.8199999999999998,-1.8349999999999997,-0.255631556218046,0,-0.2622844703133115,-0.009389671361502348,lab/artifacts/ea-files/passive-refusal-depth-observation-v1/valid-p1-2022h2-2023/observation/events-a.csv,1188,1199
L0165,P1_2022H2_2023,Pressure,US30_BOOK,2022-11-17T15:00:00,2022-11-17T19:00:00,Thursday,STANDARD_EXPIRATION_WEEK,7.1783,-2.18,-2.2009999999999854,-0.30661855871167065,0,-0.3351283315045699,-0.05714285714285714,lab/artifacts/ea-files/passive-refusal-depth-observation-v1/valid-p1-2022h2-2023/observation/events-a.csv,1192,1203
L0166,P1_2022H2_2023,Return,US30_BOOK,2022-11-17T16:00:00,2022-11-17T22:00:00,Thursday,STANDARD_EXPIRATION_WEEK,7.1783,3.1,3.079000000000015,0.4289316411963856,0,0.35695277414511717,-0.09523809523809523,lab/artifacts/ea-files/passive-refusal-depth-observation-v1/valid-p1-2022h2-2023/observation/events-a.csv,1197,1204
L0167,P1_2022H2_2023,Passive,US100_BOOK,2022-11-18T12:45:44,2022-11-18T16:45:00,Friday,STANDARD_EXPIRATION_WEEK,7.14,0.34,0.325,0.04551820728291317,0,0.03886529318764768,-0.009389671361502348,lab/artifacts/ea-files/passive-refusal-depth-observation-v1/valid-p1-2022h2-2023/observation/events-a.csv,1211,1212
L0168,P1_2022H2_2023,Cross,US100_BOOK,2022-11-18T17:00:00,2022-11-18T21:00:00,Friday,STANDARD_EXPIRATION_WEEK,7.153,1.1,1.0850000000000002,0.15168460785684332,0,0.14298083564882097,-0.006993006993006993,lab/artifacts/ea-files/passive-refusal-depth-observation-v1/valid-p1-2022h2-2023/observation/events-a.csv,1216,1218
L0169,P1_2022H2_2023,Passive,US100_BOOK,2022-11-21T13:57:04,2022-11-21T14:30:00,Monday,OTHER_WEEK,7.1964,0.02,0.005000000000000001,0.0006947918403646269,0,-0.0059581222549008675,-0.009389671361502348,lab/artifacts/ea-files/passive-refusal-depth-observation-v1/valid-p1-2022h2-2023/observation/events-a.csv,1230,1231
L0170,P1_2022H2_2023,RC4,US30_BOOK,2022-11-21T13:00:00,2022-11-21T19:00:00,Monday,OTHER_WEEK,7.1964,-0.74,-0.7609999999999855,-0.10574731810349418,0,-0.20921371320675852,-0.1509433962264151,lab/artifacts/ea-files/passive-refusal-depth-observation-v1/valid-p1-2022h2-2023/observation/events-a.csv,1223,1233
L0171,P1_2022H2_2023,RC16,US30_BOOK,2022-11-22T13:30:00,2022-11-22T17:30:00,Tuesday,OTHER_WEEK,7.1662,2.33,2.309000000000015,0.32220702743434665,0,0.24509470991406146,-0.025974025974025976,lab/artifacts/ea-files/passive-refusal-depth-observation-v1/valid-p1-2022h2-2023/observation/events-a.csv,1238,1245
L0172,P1_2022H2_2023,Cross,US100_BOOK,2022-11-22T17:00:00,2022-11-22T21:00:00,Tuesday,OTHER_WEEK,7.1662,-1.53,-1.545,-0.21559543412129162,0,-0.22429920632931397,-0.006993006993006993,lab/artifacts/ea-files/passive-refusal-depth-observation-v1/valid-p1-2022h2-2023/observation/events-a.csv,1243,1246
L0173,P1_2022H2_2023,RC16,US30_BOOK,2022-11-23T13:30:00,2022-11-23T17:30:00,Wednesday,OTHER_WEEK,7.1968,0.74,0.7190000000000145,0.09990551356158495,0,0.022793196041299757,-0.025974025974025976,lab/artifacts/ea-files/passive-refusal-depth-observation-v1/valid-p1-2022h2-2023/observation/events-a.csv,1251,1263
L0174,P1_2022H2_2023,Cross,US100_BOOK,2022-11-23T17:00:00,2022-11-23T21:00:00,Wednesday,OTHER_WEEK,7.1968,-0.27,-0.3079999999999927,-0.04279679857714439,0,-0.05150057078516673,-0.006993006993006993,lab/artifacts/ea-files/passive-refusal-depth-observation-v1/valid-p1-2022h2-2023/observation/events-a.csv,1261,1264
L0175,P1_2022H2_2023,Return,US30_BOOK,2022-11-23T16:00:00,2022-11-23T22:00:00,Wednesday,OTHER_WEEK,7.1968,1.4,1.3790000000000144,0.19161293908403937,0,0.11963407203277093,-0.09523809523809523,lab/artifacts/ea-files/passive-refusal-depth-observation-v1/valid-p1-2022h2-2023/observation/events-a.csv,1256,1265
L0176,P1_2022H2_2023,RC16,US30_BOOK,2022-11-24T13:30:00,2022-11-24T17:30:00,Thursday,OTHER_WEEK,7.2684,-0.03,-0.050999999999985446,-0.007016674921576337,0,-0.08412899244186153,-0.025974025974025976,lab/artifacts/ea-files/passive-refusal-depth-observation-v1/valid-p1-2022h2-2023/observation/events-a.csv,1275,1280
L0177,P1_2022H2_2023,RC4,US30_BOOK,2022-11-24T13:00:00,2022-11-24T19:00:00,Thursday,OTHER_WEEK,7.2684,-0.32,-0.3409999999999854,-0.046915414671727676,0,-0.15038180977499202,-0.1509433962264151,lab/artifacts/ea-files/passive-refusal-depth-observation-v1/valid-p1-2022h2-2023/observation/events-a.csv,1270,1281
L0178,P1_2022H2_2023,Passive,US100_BOOK,2022-11-25T13:35:31,2022-11-25T17:30:00,Friday,OTHER_WEEK,7.2527,-0.56,-0.5750000000000001,-0.0792808195568547,0,-0.0859337336521202,-0.009389671361502348,lab/artifacts/ea-files/passive-refusal-depth-observation-v1/valid-p1-2022h2-2023/observation/events-a.csv,1294,1297
L0179,P1_2022H2_2023,Passive,US100_BOOK,2022-11-28T13:38:30,2022-11-28T14:00:00,Monday,OTHER_WEEK,7.2297,0.17,0.15500000000000003,0.021439340498222614,0,0.01478642640295712,-0.009389671361502348,lab/artifacts/ea-files/passive-refusal-depth-observation-v1/valid-p1-2022h2-2023/observation/events-a.csv,1310,1311
L0180,P1_2022H2_2023,Passive,US100_BOOK,2022-11-28T15:34:22,2022-11-28T17:30:00,Monday,OTHER_WEEK,7.2359,0.07,0.05500000000000001,0.007600989510634476,0,0.0009480754153689819,-0.009389671361502348,lab/artifacts/ea-files/passive-refusal-depth-observation-v1/valid-p1-2022h2-2023/observation/events-a.csv,1317,1323
L0181,P1_2022H2_2023,Cross,US100_BOOK,2022-11-28T17:00:00,2022-11-28T21:00:00,Monday,OTHER_WEEK,7.2359,-1.29,-1.305,-0.18035075111596346,0,-0.1890545233239858,-0.006993006993006993,lab/artifacts/ea-files/passive-refusal-depth-observation-v1/valid-p1-2022h2-2023/observation/events-a.csv,1321,1324
L0182,P1_2022H2_2023,Cross,US100_BOOK,2022-11-29T17:00:00,2022-11-29T21:00:00,Tuesday,OTHER_WEEK,7.1859,0.55,0.535,0.07445135612797284,0,0.06574758391995049,-0.006993006993006993,lab/artifacts/ea-files/passive-refusal-depth-observation-v1/valid-p1-2022h2-2023/observation/events-a.csv,1334,1336
L0183,P1_2022H2_2023,Return,US30_BOOK,2022-11-29T16:00:00,2022-11-29T22:00:00,Tuesday,OTHER_WEEK,7.1859,-0.17,-0.19099999999998546,-0.026579829944750895,0,-0.09855869699601932,-0.09523809523809523,lab/artifacts/ea-files/passive-refusal-depth-observation-v1/valid-p1-2022h2-2023/observation/events-a.csv,1329,1337
L0184,P1_2022H2_2023,Cross,US100_BOOK,2022-11-30T17:00:00,2022-11-30T21:00:00,Wednesday,OTHER_WEEK,7.1996,1.85,1.8350000000000002,0.25487527084838046,0,0.24617149864035812,-0.006993006993006993,lab/artifacts/ea-files/passive-refusal-depth-observation-v1/valid-p1-2022h2-2023/observation/events-a.csv,1347,1349
L0185,P1_2022H2_2023,Return,US30_BOOK,2022-11-30T16:00:00,2022-11-30T22:00:00,Wednesday,OTHER_WEEK,7.1996,4.8,4.779000000000014,0.6637868770487269,0,0.5918080099974584,-0.09523809523809523,lab/artifacts/ea-files/passive-refusal-depth-observation-v1/valid-p1-2022h2-2023/observation/events-a.csv,1342,1350
L0186,P1_2022H2_2023,Cross,US100_BOOK,2022-12-01T17:00:00,2022-12-01T21:00:00,Thursday,OTHER_WEEK,7.4642,-0.85,-0.8730000000000109,-0.11695828086064292,0,-0.12566205306866526,-0.006993006993006993,lab/artifacts/ea-files/passive-refusal-depth-observation-v1/valid-p1-2022h2-2023/observation/events-a.csv,1361,1363
L0187,P1_2022H2_2023,Cross,US100_BOOK,2022-12-02T17:00:00,2022-12-02T21:00:00,Friday,OTHER_WEEK,7.4293,0.61,0.595,0.0800882990322103,0,0.07138452682418796,-0.006993006993006993,lab/artifacts/ea-files/passive-refusal-depth-observation-v1/valid-p1-2022h2-2023/observation/events-a.csv,1379,1381
L0188,P1_2022H2_2023,Return,US30_BOOK,2022-12-02T16:00:00,2022-12-02T22:00:00,Friday,OTHER_WEEK,7.4293,4.04,4.019000000000014,0.5409661744713519,0,0.46898730742008343,-0.09523809523809523,lab/artifacts/ea-files/passive-refusal-depth-observation-v1/valid-p1-2022h2-2023/observation/events-a.csv,1373,1382
L0189,P1_2022H2_2023,Cross,US100_BOOK,2022-12-05T17:00:00,2022-12-05T21:00:00,Monday,OTHER_WEEK,7.6138,-1.47,-1.4885000000000037,-0.19550027581496804,0,-0.2042040480229904,-0.006993006993006993,lab/artifacts/ea-files/passive-refusal-depth-observation-v1/valid-p1-2022h2-2023/observation/events-a.csv,1392,1394
L0190,P1_2022H2_2023,Return,US30_BOOK,2022-12-05T16:00:00,2022-12-05T22:00:00,Monday,OTHER_WEEK,7.6138,-2.84,-2.860999999999985,-0.3757650581838221,0,-0.44774392523509055,-0.09523809523809523,lab/artifacts/ea-files/passive-refusal-depth-observation-v1/valid-p1-2022h2-2023/observation/events-a.csv,1387,1395
L0191,P1_2022H2_2023,Cross,US100_BOOK,2022-12-06T17:00:00,2022-12-06T21:00:00,Tuesday,OTHER_WEEK,7.4399,0.89,0.875,0.11760910764929637,0,0.10890533544127402,-0.006993006993006993,lab/artifacts/ea-files/passive-refusal-depth-observation-v1/valid-p1-2022h2-2023/observation/events-a.csv,1400,1402
L0192,P1_2022H2_2023,Passive,US100_BOOK,2022-12-07T14:10:07,2022-12-07T16:30:00,Wednesday,OTHER_WEEK,7.4749,0.18,0.16499999999999998,0.022073873897978567,0,0.015420959802713073,-0.009389671361502348,lab/artifacts/ea-files/passive-refusal-depth-observation-v1/valid-p1-2022h2-2023/observation/events-a.csv,1409,1410
L0193,P1_2022H2_2023,Cross,US100_BOOK,2022-12-07T17:00:00,2022-12-07T21:00:00,Wednesday,OTHER_WEEK,7.4815,-0.37,-0.385,-0.051460268662701335,0,-0.060164040870723676,-0.006993006993006993,lab/artifacts/ea-files/passive-refusal-depth-observation-v1/valid-p1-2022h2-2023/observation/events-a.csv,1414,1416
L0194,P1_2022H2_2023,Passive,US100_BOOK,2022-12-09T16:32:05,2022-12-09T18:45:00,Friday,OTHER_WEEK,7.4661,1.27,1.2550000000000001,0.16809311420956055,0,0.16144020011429505,-0.009389671361502348,lab/artifacts/ea-files/passive-refusal-depth-observation-v1/valid-p1-2022h2-2023/observation/events-a.csv,1429,1430
L0195,P1_2022H2_2023,Return,US30_BOOK,2022-12-09T16:00:00,2022-12-09T22:00:00,Friday,OTHER_WEEK,7.4661,-0.22,-0.24099999999998545,-0.03227923547769056,0,-0.10425810252895899,-0.09523809523809523,lab/artifacts/ea-files/passive-refusal-depth-observation-v1/valid-p1-2022h2-2023/observation/events-a.csv,1427,1431
L0196,P1_2022H2_2023,RC16,US30_BOOK,2022-12-12T13:30:00,2022-12-12T17:30:00,Monday,STANDARD_EXPIRATION_WEEK,7.5066,1.21,1.1890000000000145,0.15839394666027423,0,0.08128162913998904,-0.025974025974025976,lab/artifacts/ea-files/passive-refusal-depth-observation-v1/valid-p1-2022h2-2023/observation/events-a.csv,1436,1443
L0197,P1_2022H2_2023,Cross,US100_BOOK,2022-12-12T17:00:00,2022-12-12T21:00:00,Monday,STANDARD_EXPIRATION_WEEK,7.5066,-0.1,-0.115,-0.015319851863693284,0,-0.024023624071715627,-0.006993006993006993,lab/artifacts/ea-files/passive-refusal-depth-observation-v1/valid-p1-2022h2-2023/observation/events-a.csv,1441,1444
L0198,P1_2022H2_2023,Passive,US100_BOOK,2022-12-13T13:00:02,2022-12-13T15:30:14,Tuesday,STANDARD_EXPIRATION_WEEK,7.5496,-3.8,-4.13050000000001,-0.5471150789445812,1,-0.5537679930398467,0.9906103286384976,lab/artifacts/ea-files/passive-refusal-depth-observation-v1/valid-p1-2022h2-2023/observation/events-a.csv,1451,1457
L0199,P1_2022H2_2023,Passive,US100_BOOK,2022-12-13T15:45:05,2022-12-13T18:30:00,Tuesday,STANDARD_EXPIRATION_WEEK,7.3844,1.83,1.8150000000000002,0.24578841882888253,0,0.23913550473361703,-0.009389671361502348,lab/artifacts/ea-files/passive-refusal-depth-observation-v1/valid-p1-2022h2-2023/observation/events-a.csv,1463,1467
L0200,P1_2022H2_2023,Pressure,US30_BOOK,2022-12-13T15:00:00,2022-12-13T19:00:00,Tuesday,STANDARD_EXPIRATION_WEEK,7.5496,-1.1400000000000001,-1.1609999999999856,-0.15378298187983278,0,-0.182292754672732,-0.05714285714285714,lab/artifacts/ea-files/passive-refusal-depth-observation-v1/valid-p1-2022h2-2023/observation/events-a.csv,1455,1468
L0201,P1_2022H2_2023,Passive,US100_BOOK,2022-12-15T12:21:20,2022-12-15T13:30:00,Thursday,STANDARD_EXPIRATION_WEEK,7.4105,0.17,0.15500000000000003,0.02091626745833615,0,0.014263353363070655,-0.009389671361502348,lab/artifacts/ea-files/passive-refusal-depth-observation-v1/valid-p1-2022h2-2023/observation/events-a.csv,1476,1477
L0202,P1_2022H2_2023,Pressure,US30_BOOK,2022-12-15T15:00:00,2022-12-15T19:00:00,Thursday,STANDARD_EXPIRATION_WEEK,7.4167,6.04,6.019000000000014,0.8115469143958923,0,0.7830371416029931,-0.05714285714285714,lab/artifacts/ea-files/passive-refusal-depth-observation-v1/valid-p1-2022h2-2023/observation/events-a.csv,1481,1488
L0203,P1_2022H2_2023,Cross,US100_BOOK,2022-12-15T17:00:00,2022-12-15T21:00:00,Thursday,STANDARD_EXPIRATION_WEEK,7.4167,1.3900000000000001,1.3750000000000002,0.1853924252025834,0,0.17668865299456105,-0.006993006993006993,lab/artifacts/ea-files/passive-refusal-depth-observation-v1/valid-p1-2022h2-2023/observation/events-a.csv,1486,1489
L0204,P1_2022H2_2023,Passive,US100_BOOK,2022-12-16T12:18:45,2022-12-16T13:30:00,Friday,STANDARD_EXPIRATION_WEEK,7.7125,0.38,0.365,0.0473257698541329,0,0.04067285575886741,-0.009389671361502348,lab/artifacts/ea-files/passive-refusal-depth-observation-v1/valid-p1-2022h2-2023/observation/events-a.csv,1496,1497
L0205,P1_2022H2_2023,Passive,US100_BOOK,2022-12-16T14:45:51,2022-12-16T16:15:00,Friday,STANDARD_EXPIRATION_WEEK,7.7271,0.17,0.15500000000000003,0.020059271913136886,0,0.013406357817871391,-0.009389671361502348,lab/artifacts/ea-files/passive-refusal-depth-observation-v1/valid-p1-2022h2-2023/observation/events-a.csv,1503,1504
L0206,P1_2022H2_2023,RC16,US30_BOOK,2022-12-19T13:30:00,2022-12-19T17:30:00,Monday,OTHER_WEEK,7.7333,0.23,0.20900000000001456,0.027025978560254297,0,-0.050086338960030896,-0.025974025974025976,lab/artifacts/ea-files/passive-refusal-depth-observation-v1/valid-p1-2022h2-2023/observation/events-a.csv,1514,1522
L0207,P1_2022H2_2023,RC4,US30_BOOK,2022-12-19T13:00:00,2022-12-19T19:00:00,Monday,OTHER_WEEK,7.7333,-1.8399999999999999,-1.8609999999999853,-0.24064758899822655,0,-0.3441139841014909,-0.1509433962264151,lab/artifacts/ea-files/passive-refusal-depth-observation-v1/valid-p1-2022h2-2023/observation/events-a.csv,1509,1523
L0208,P1_2022H2_2023,Cross,US100_BOOK,2022-12-19T17:00:00,2022-12-19T21:00:00,Monday,OTHER_WEEK,7.7333,0.75,0.735,0.09504351311859102,0,0.08633974091056867,-0.006993006993006993,lab/artifacts/ea-files/passive-refusal-depth-observation-v1/valid-p1-2022h2-2023/observation/events-a.csv,1520,1524
L0209,P1_2022H2_2023,Passive,US100_BOOK,2022-12-20T13:03:13,2022-12-20T14:00:00,Tuesday,OTHER_WEEK,7.6966,0.08,0.065,0.008445287529558506,0,0.0017923734342930112,-0.009389671361502348,lab/artifacts/ea-files/passive-refusal-depth-observation-v1/valid-p1-2022h2-2023/observation/events-a.csv,1536,1537
L0210,P1_2022H2_2023,RC4,US30_BOOK,2022-12-20T13:00:00,2022-12-20T17:21:38,Tuesday,OTHER_WEEK,7.6966,-0.99,-1.0109999999999855,-0.13135670295974658,1,-0.23482309806301094,0.8490566037735849,lab/artifacts/ea-files/passive-refusal-depth-observation-v1/valid-p1-2022h2-2023/observation/events-a.csv,1534,1546
L0211,P1_2022H2_2023,Cross,US100_BOOK,2022-12-20T17:00:00,2022-12-20T21:00:00,Tuesday,OTHER_WEEK,7.6992,0.14,0.125,0.016235453034081464,0,0.007531680826059121,-0.006993006993006993,lab/artifacts/ea-files/passive-refusal-depth-observation-v1/valid-p1-2022h2-2023/observation/events-a.csv,1541,1553
L0212,P1_2022H2_2023,RC16,US30_BOOK,2022-12-21T13:30:00,2022-12-21T17:30:00,Wednesday,OTHER_WEEK,7.6638,2.06,2.039000000000015,0.2660560035491551,0,0.1889436860288699,-0.025974025974025976,lab/artifacts/ea-files/passive-refusal-depth-observation-v1/valid-p1-2022h2-2023/observation/events-a.csv,1563,1571
L0213,P1_2022H2_2023,RC4,US30_BOOK,2022-12-21T13:00:00,2022-12-21T19:00:00,Wednesday,OTHER_WEEK,7.6638,-2.8,-2.820999999999985,-0.3680941569456386,0,-0.4715605520489029,-0.1509433962264151,lab/artifacts/ea-files/passive-refusal-depth-observation-v1/valid-p1-2022h2-2023/observation/events-a.csv,1558,1572
L0214,P1_2022H2_2023,Cross,US100_BOOK,2022-12-21T17:00:00,2022-12-21T21:00:00,Wednesday,OTHER_WEEK,7.6638,1.19,1.175,0.1533181972389676,0,0.14461442503094527,-0.006993006993006993,lab/artifacts/ea-files/passive-refusal-depth-observation-v1/valid-p1-2022h2-2023/observation/events-a.csv,1569,1573
L0215,P1_2022H2_2023,Passive,US100_BOOK,2022-12-22T13:17:29,2022-12-22T17:15:00,Thursday,OTHER_WEEK,7.6795,-2.7,-2.7150000000000003,-0.3535386418386614,0,-0.3601915559339269,-0.009389671361502348,lab/artifacts/ea-files/passive-refusal-depth-observation-v1/valid-p1-2022h2-2023/observation/events-a.csv,1580,1591
L0216,P1_2022H2_2023,Return,US30_BOOK,2022-12-22T16:00:00,2022-12-22T19:24:25,Thursday,OTHER_WEEK,7.6795,-3.86,-3.880999999999985,-0.505371443453348,1,-0.5773503105046164,0.9047619047619048,lab/artifacts/ea-files/passive-refusal-depth-observation-v1/valid-p1-2022h2-2023/observation/events-a.csv,1584,1592
L0217,P1_2022H2_2023,Cross,US100_BOOK,2022-12-22T17:00:00,2022-12-22T21:00:00,Thursday,OTHER_WEEK,7.6795,2.19,2.175,0.28322156390389996,0,0.27451779169587764,-0.006993006993006993,lab/artifacts/ea-files/passive-refusal-depth-observation-v1/valid-p1-2022h2-2023/observation/events-a.csv,1589,1593
L0218,P1_2022H2_2023,RC16,US30_BOOK,2022-12-23T13:30:00,2022-12-23T17:30:00,Friday,OTHER_WEEK,7.5026,-0.54,-0.5609999999999855,-0.07477407831951396,0,-0.15188639583979915,-0.025974025974025976,lab/artifacts/ea-files/passive-refusal-depth-observation-v1/valid-p1-2022h2-2023/observation/events-a.csv,1598,1605
L0219,P1_2022H2_2023,Cross,US100_BOOK,2022-12-23T17:00:00,2022-12-23T21:00:00,Friday,OTHER_WEEK,7.5026,-0.98,-1.0510000000000037,-0.1400847706128547,0,-0.14878854282087706,-0.006993006993006993,lab/artifacts/ea-files/passive-refusal-depth-observation-v1/valid-p1-2022h2-2023/observation/events-a.csv,1603,1606
L0220,P1_2022H2_2023,RC16,US30_BOOK,2022-12-27T13:30:00,2022-12-27T17:30:00,Tuesday,OTHER_WEEK,7.4382,-1.21,-1.2309999999999854,-0.16549702885106415,0,-0.24260934637134934,-0.025974025974025976,lab/artifacts/ea-files/passive-refusal-depth-observation-v1/valid-p1-2022h2-2023/observation/events-a.csv,1611,1627
L0221,P1_2022H2_2023,Passive,US100_BOOK,2022-12-27T15:47:31,2022-12-27T19:45:00,Tuesday,OTHER_WEEK,7.4382,-0.95,-0.965,-0.12973568874189992,0,-0.13638860283716542,-0.009389671361502348,lab/artifacts/ea-files/passive-refusal-depth-observation-v1/valid-p1-2022h2-2023/observation/events-a.csv,1618,1628
L0222,P1_2022H2_2023,Return,US30_BOOK,2022-12-27T16:00:00,2022-12-27T22:00:00,Tuesday,OTHER_WEEK,7.4382,-0.03,-0.050999999999985446,-0.006856497539725397,0,-0.07883536459099383,-0.09523809523809523,lab/artifacts/ea-files/passive-refusal-depth-observation-v1/valid-p1-2022h2-2023/observation/events-a.csv,1622,1629
L0223,P1_2022H2_2023,Cross,US100_BOOK,2022-12-28T17:00:00,2022-12-28T21:00:00,Wednesday,OTHER_WEEK,7.3483,-1.23,-1.2449999999999999,-0.16942694228597088,0,-0.17813071449399323,-0.006993006993006993,lab/artifacts/ea-files/passive-refusal-depth-observation-v1/valid-p1-2022h2-2023/observation/events-a.csv,1634,1636
L0224,P1_2022H2_2023,RC4,US30_BOOK,2022-12-29T13:00:00,2022-12-29T19:00:00,Thursday,OTHER_WEEK,7.2985,3.23,3.2090000000000147,0.43967938617524355,0,0.3362129910719792,-0.1509433962264151,lab/artifacts/ea-files/passive-refusal-depth-observation-v1/valid-p1-2022h2-2023/observation/events-a.csv,1641,1655
L0225,P1_2022H2_2023,Passive,US100_BOOK,2022-12-29T15:58:44,2022-12-29T19:45:00,Thursday,OTHER_WEEK,7.2985,-1.26,-1.275,-0.17469343015688155,0,-0.18134634425214705,-0.009389671361502348,lab/artifacts/ea-files/passive-refusal-depth-observation-v1/valid-p1-2022h2-2023/observation/events-a.csv,1648,1656
L0226,P1_2022H2_2023,Cross,US100_BOOK,2022-12-29T17:00:00,2022-12-29T21:00:00,Thursday,OTHER_WEEK,7.2985,0.82,0.8049999999999999,0.11029663629512913,0,0.10159286408710679,-0.006993006993006993,lab/artifacts/ea-files/passive-refusal-depth-observation-v1/valid-p1-2022h2-2023/observation/events-a.csv,1653,1657
L0227,P1_2022H2_2023,Passive,US100_BOOK,2022-12-30T15:00:37,2022-12-30T17:45:00,Friday,OTHER_WEEK,7.408,0.05,0.035,0.004724622030237581,0,-0.0019282920650279135,-0.009389671361502348,lab/artifacts/ea-files/passive-refusal-depth-observation-v1/valid-p1-2022h2-2023/observation/events-a.csv,1664,1670
L0228,P1_2022H2_2023,Cross,US100_BOOK,2022-12-30T17:00:00,2022-12-30T21:00:00,Friday,OTHER_WEEK,7.408,-0.09,-0.105,-0.014173866090712741,0,-0.022877638298735084,-0.006993006993006993,lab/artifacts/ea-files/passive-refusal-depth-observation-v1/valid-p1-2022h2-2023/observation/events-a.csv,1668,1671
L0229,P1_2022H2_2023,Passive,US100_BOOK,2023-01-03T12:15:48,2023-01-03T13:45:00,Tuesday,OTHER_WEEK,7.4052,0.74,0.725,0.0979041754442824,0,0.0912512613490169,-0.009389671361502348,lab/artifacts/ea-files/passive-refusal-depth-observation-v1/valid-p1-2022h2-2023/observation/events-a.csv,1678,1679
L0230,P1_2022H2_2023,Passive,US100_BOOK,2023-01-03T15:09:12,2023-01-03T16:15:00,Tuesday,OTHER_WEEK,7.4342,0.67,0.655,0.08810631944257621,0,0.08145340534731071,-0.009389671361502348,lab/artifacts/ea-files/passive-refusal-depth-observation-v1/valid-p1-2022h2-2023/observation/events-a.csv,1685,1691
L0231,P1_2022H2_2023,Return,US30_BOOK,2023-01-03T16:00:00,2023-01-03T18:32:07,Tuesday,OTHER_WEEK,7.4342,-3.7199999999999998,-3.740999999999985,-0.5032148718086661,1,-0.5751937388599345,0.9047619047619048,lab/artifacts/ea-files/passive-refusal-depth-observation-v1/valid-p1-2022h2-2023/observation/events-a.csv,1689,1697
L0232,P1_2022H2_2023,Cross,US100_BOOK,2023-01-03T17:00:00,2023-01-03T21:00:00,Tuesday,OTHER_WEEK,7.4604,0.78,0.765,0.10254141869068682,0,0.09383764648266447,-0.006993006993006993,lab/artifacts/ea-files/passive-refusal-depth-observation-v1/valid-p1-2022h2-2023/observation/events-a.csv,1695,1698
L0233,P1_2022H2_2023,RC4,US30_BOOK,2023-01-04T13:00:00,2023-01-04T17:02:10,Wednesday,OTHER_WEEK,7.3414,-0.92,-0.9409999999999855,-0.128177186912576,1,-0.23164358201584034,0.8490566037735849,lab/artifacts/ea-files/passive-refusal-depth-observation-v1/valid-p1-2022h2-2023/observation/events-a.csv,1703,1718
L0234,P1_2022H2_2023,RC16,US30_BOOK,2023-01-04T13:30:00,2023-01-04T17:30:00,Wednesday,OTHER_WEEK,7.3414,-0.97,-0.9909999999999854,-0.1349878769716928,0,-0.21210019449197798,-0.025974025974025976,lab/artifacts/ea-files/passive-refusal-depth-observation-v1/valid-p1-2022h2-2023/observation/events-a.csv,1708,1721
L0235,P1_2022H2_2023,Cross,US100_BOOK,2023-01-04T17:00:00,2023-01-04T21:00:00,Wednesday,OTHER_WEEK,7.3414,-0.46,-0.5160000000000037,-0.07028632141008577,0,-0.07899009361810812,-0.006993006993006993,lab/artifacts/ea-files/passive-refusal-depth-observation-v1/valid-p1-2022h2-2023/observation/events-a.csv,1713,1726
L0236,P1_2022H2_2023,RC16,US30_BOOK,2023-01-05T13:30:00,2023-01-05T16:38:28,Thursday,OTHER_WEEK,7.2435,-3.65,-3.670999999999985,-0.5067991992821129,1,-0.5839115168023981,0.974025974025974,lab/artifacts/ea-files/passive-refusal-depth-observation-v1/valid-p1-2022h2-2023/observation/events-a.csv,1731,1738
L0237,P1_2022H2_2023,Cross,US100_BOOK,2023-01-05T17:00:00,2023-01-05T21:00:00,Thursday,OTHER_WEEK,7.0966,-0.08,-0.095,-0.013386692218809008,0,-0.022090464426831352,-0.006993006993006993,lab/artifacts/ea-files/passive-refusal-depth-observation-v1/valid-p1-2022h2-2023/observation/events-a.csv,1742,1744
L0238,P1_2022H2_2023,Return,US30_BOOK,2023-01-05T16:00:00,2023-01-05T22:00:00,Thursday,OTHER_WEEK,7.2435,-0.78,-0.8009999999999855,-0.11058190101470083,0,-0.18256076806596927,-0.09523809523809523,lab/artifacts/ea-files/passive-refusal-depth-observation-v1/valid-p1-2022h2-2023/observation/events-a.csv,1736,1745
L0239,P1_2022H2_2023,Passive,US100_BOOK,2023-01-06T15:45:01,2023-01-06T16:45:00,Friday,OTHER_WEEK,7.0608,0.9,0.885,0.12533990482664853,0,0.11868699073138303,-0.009389671361502348,lab/artifacts/ea-files/passive-refusal-depth-observation-v1/valid-p1-2022h2-2023/observation/events-a.csv,1752,1753
L0240,P1_2022H2_2023,Cross,US100_BOOK,2023-01-06T17:00:00,2023-01-06T21:00:00,Friday,OTHER_WEEK,7.0962,-2.5,-2.515,-0.3544150390349765,0,-0.36311881124299883,-0.006993006993006993,lab/artifacts/ea-files/passive-refusal-depth-observation-v1/valid-p1-2022h2-2023/observation/events-a.csv,1757,1759
L0241,P1_2022H2_2023,RC16,US30_BOOK,2023-01-09T13:30:00,2023-01-09T17:30:00,Monday,OTHER_WEEK,6.9956,0.3,0.27900000000001457,0.03988221167591266,0,-0.03723010584437253,-0.025974025974025976,lab/artifacts/ea-files/passive-refusal-depth-observation-v1/valid-p1-2022h2-2023/observation/events-a.csv,1764,1771
L0242,P1_2022H2_2023,Cross,US100_BOOK,2023-01-09T17:00:00,2023-01-09T21:00:00,Monday,OTHER_WEEK,6.9956,-0.3,-0.315,-0.045028303505060326,0,-0.053732075713082667,-0.006993006993006993,lab/artifacts/ea-files/passive-refusal-depth-observation-v1/valid-p1-2022h2-2023/observation/events-a.csv,1769,1772
L0243,P1_2022H2_2023,Passive,US100_BOOK,2023-01-10T14:32:56,2023-01-10T16:15:00,Tuesday,OTHER_WEEK,6.9942,0.64,0.625,0.08935975522575848,0,0.08270684113049298,-0.009389671361502348,lab/artifacts/ea-files/passive-refusal-depth-observation-v1/valid-p1-2022h2-2023/observation/events-a.csv,1779,1780
L0244,P1_2022H2_2023,Cross,US100_BOOK,2023-01-10T17:00:00,2023-01-10T21:00:00,Tuesday,OTHER_WEEK,7.0192,0.33,0.315,0.04487690904946433,0,0.03617313684144199,-0.006993006993006993,lab/artifacts/ea-files/passive-refusal-depth-observation-v1/valid-p1-2022h2-2023/observation/events-a.csv,1784,1786
L0245,P1_2022H2_2023,RC16,US30_BOOK,2023-01-11T13:30:00,2023-01-11T17:30:00,Wednesday,OTHER_WEEK,7.0318,0.34,0.3190000000000146,0.04536534031115996,0,-0.03174697720912523,-0.025974025974025976,lab/artifacts/ea-files/passive-refusal-depth-observation-v1/valid-p1-2022h2-2023/observation/events-a.csv,1797,1810
L0246,P1_2022H2_2023,Cross,US100_BOOK,2023-01-11T17:00:00,2023-01-11T21:00:00,Wednesday,OTHER_WEEK,7.0318,0.71,0.695,0.09883671321709946,0,0.09013294100907711,-0.006993006993006993,lab/artifacts/ea-files/passive-refusal-depth-observation-v1/valid-p1-2022h2-2023/observation/events-a.csv,1808,1811
L0247,P1_2022H2_2023,Passive,US100_BOOK,2023-01-12T15:18:14,2023-01-12T15:30:00,Thursday,OTHER_WEEK,7.0723,0.84,0.6020000000000072,0.08512082349447947,0,0.07846790939921397,-0.009389671361502348,lab/artifacts/ea-files/passive-refusal-depth-observation-v1/valid-p1-2022h2-2023/observation/events-a.csv,1828,1829
L0248,P1_2022H2_2023,Passive,US100_BOOK,2023-01-12T16:00:00,2023-01-12T16:45:00,Thursday,OTHER_WEEK,7.0964,1.9,1.885,0.26562764218476975,0,0.2589747280895043,-0.009389671361502348,lab/artifacts/ea-files/passive-refusal-depth-observation-v1/valid-p1-2022h2-2023/observation/events-a.csv,1835,1836
L0249,P1_2022H2_2023,RC16,US30_BOOK,2023-01-12T13:30:00,2023-01-12T17:30:00,Thursday,OTHER_WEEK,7.0723,0.68,0.6590000000000146,0.09318043635027,0,0.01606811882998481,-0.025974025974025976,lab/artifacts/ea-files/passive-refusal-depth-observation-v1/valid-p1-2022h2-2023/observation/events-a.csv,1821,1844
L0250,P1_2022H2_2023,RC4,US30_BOOK,2023-01-12T13:00:00,2023-01-12T19:00:00,Thursday,OTHER_WEEK,7.0723,1.56,1.5390000000000146,0.21760954710631825,0,0.1141431520030539,-0.1509433962264151,lab/artifacts/ea-files/passive-refusal-depth-observation-v1/valid-p1-2022h2-2023/observation/events-a.csv,1816,1845
L0251,P1_2022H2_2023,Cross,US100_BOOK,2023-01-12T17:00:00,2023-01-12T21:00:00,Thursday,OTHER_WEEK,7.1718,-2.08,-2.095,-0.2921163445717951,0,-0.3008201167798174,-0.006993006993006993,lab/artifacts/ea-files/passive-refusal-depth-observation-v1/valid-p1-2022h2-2023/observation/events-a.csv,1842,1846
L0252,P1_2022H2_2023,Passive,US100_BOOK,2023-01-13T15:04:22,2023-01-13T17:00:00,Friday,OTHER_WEEK,7.1759,0.4,0.3564999999999964,0.04968017948968023,0,0.04302726539441474,-0.009389671361502348,lab/artifacts/ea-files/passive-refusal-depth-observation-v1/valid-p1-2022h2-2023/observation/events-a.csv,1858,1864
L0253,P1_2022H2_2023,Pressure,US30_BOOK,2023-01-13T15:00:00,2023-01-13T19:00:00,Friday,OTHER_WEEK,7.1759,-2.5300000000000002,-2.5509999999999855,-0.355495477919144,0,-0.3840052507120432,-0.05714285714285714,lab/artifacts/ea-files/passive-refusal-depth-observation-v1/valid-p1-2022h2-2023/observation/events-a.csv,1856,1865
L0254,P1_2022H2_2023,Return,US30_BOOK,2023-01-13T16:00:00,2023-01-13T22:00:00,Friday,OTHER_WEEK,7.1759,3.06,3.039000000000015,0.4235008849064249,0,0.35152201785515647,-0.09523809523809523,lab/artifacts/ea-files/passive-refusal-depth-observation-v1/valid-p1-2022h2-2023/observation/events-a.csv,1862,1866
L0255,P1_2022H2_2023,Passive,US100_BOOK,2023-01-16T14:48:06,2023-01-16T18:45:00,Monday,STANDARD_EXPIRATION_WEEK,7.2097,-0.05,-0.065,-0.009015631718379406,0,-0.0156685458136449,-0.009389671361502348,lab/artifacts/ea-files/passive-refusal-depth-observation-v1/valid-p1-2022h2-2023/observation/events-a.csv,1879,1882
L0256,P1_2022H2_2023,Cross,US100_BOOK,2023-01-17T17:00:00,2023-01-17T21:00:00,Tuesday,STANDARD_EXPIRATION_WEEK,7.2071,0.26,0.245,0.03399425566455301,0,0.02529048345653067,-0.006993006993006993,lab/artifacts/ea-files/passive-refusal-depth-observation-v1/valid-p1-2022h2-2023/observation/events-a.csv,1892,1894
L0257,P1_2022H2_2023,Return,US30_BOOK,2023-01-17T16:00:00,2023-01-17T22:00:00,Tuesday,STANDARD_EXPIRATION_WEEK,7.2071,-2.27,-2.2909999999999853,-0.3178809784795529,0,-0.3898598455308213,-0.09523809523809523,lab/artifacts/ea-files/passive-refusal-depth-observation-v1/valid-p1-2022h2-2023/observation/events-a.csv,1887,1895
L0258,P1_2022H2_2023,Cross,US100_BOOK,2023-01-18T17:00:00,2023-01-18T21:00:00,Wednesday,STANDARD_EXPIRATION_WEEK,7.1253,-1.99,-2.005,-0.2813916607020055,0,-0.2900954329100278,-0.006993006993006993,lab/artifacts/ea-files/passive-refusal-depth-observation-v1/valid-p1-2022h2-2023/observation/events-a.csv,1900,1902
L0259,P1_2022H2_2023,Passive,US100_BOOK,2023-01-19T13:18:38,2023-01-19T16:30:00,Thursday,STANDARD_EXPIRATION_WEEK,7.0451,0.12,0.105,0.014903975812976394,0,0.0082510617177109,-0.009389671361502348,lab/artifacts/ea-files/passive-refusal-depth-observation-v1/valid-p1-2022h2-2023/observation/events-a.csv,1909,1920
L0260,P1_2022H2_2023,Pressure,US30_BOOK,2023-01-19T15:00:00,2023-01-19T19:00:00,Thursday,STANDARD_EXPIRATION_WEEK,7.0451,-0.1,-0.12099999999998545,-0.017175057841618352,0,-0.04568483063451759,-0.05714285714285714,lab/artifacts/ea-files/passive-refusal-depth-observation-v1/valid-p1-2022h2-2023/observation/events-a.csv,1913,1921
L0261,P1_2022H2_2023,Return,US30_BOOK,2023-01-19T16:00:00,2023-01-19T22:00:00,Thursday,STANDARD_EXPIRATION_WEEK,7.0451,1.32,1.2990000000000146,0.18438347220053863,0,0.1124046051492702,-0.09523809523809523,lab/artifacts/ea-files/passive-refusal-depth-observation-v1/valid-p1-2022h2-2023/observation/events-a.csv,1918,1922
L0262,P1_2022H2_2023,Passive,US100_BOOK,2023-01-20T14:47:02,2023-01-20T16:00:00,Friday,STANDARD_EXPIRATION_WEEK,7.0964,0.31,0.295,0.04157037371061383,0,0.03491745961534834,-0.009389671361502348,lab/artifacts/ea-files/passive-refusal-depth-observation-v1/valid-p1-2022h2-2023/observation/events-a.csv,1929,1930
L0263,P1_2022H2_2023,Cross,US100_BOOK,2023-01-20T17:00:00,2023-01-20T21:00:00,Friday,STANDARD_EXPIRATION_WEEK,7.1082,1.5,1.485,0.20891364902506965,0,0.2002098768170473,-0.006993006993006993,lab/artifacts/ea-files/passive-refusal-depth-observation-v1/valid-p1-2022h2-2023/observation/events-a.csv,1934,1936
L0264,P1_2022H2_2023,RC16,US30_BOOK,2023-01-23T13:30:00,2023-01-23T17:30:00,Monday,OTHER_WEEK,7.1676,1.98,1.9590000000000145,0.2733132429265046,0,0.19620092540621942,-0.025974025974025976,lab/artifacts/ea-files/passive-refusal-depth-observation-v1/valid-p1-2022h2-2023/observation/events-a.csv,1946,1958
L0265,P1_2022H2_2023,RC4,US30_BOOK,2023-01-23T13:00:00,2023-01-23T18:07:12,Monday,OTHER_WEEK,7.1676,-3.59,-3.610999999999985,-0.5037948546235819,1,-0.6072612497268463,0.8490566037735849,lab/artifacts/ea-files/passive-refusal-depth-observation-v1/valid-p1-2022h2-2023/observation/events-a.csv,1941,1959
L0266,P1_2022H2_2023,Passive,US100_BOOK,2023-01-23T15:15:17,2023-01-23T19:15:00,Monday,OTHER_WEEK,7.1676,-2.03,-2.045,-0.28531168033930465,0,-0.2919645944345701,-0.009389671361502348,lab/artifacts/ea-files/passive-refusal-depth-observation-v1/valid-p1-2022h2-2023/observation/events-a.csv,1953,1960
L0267,P1_2022H2_2023,Passive,US100_BOOK,2023-01-24T15:53:26,2023-01-24T16:45:00,Tuesday,OTHER_WEEK,7.0197,0.48,0.46499999999999997,0.06624214710030342,0,0.05958923300503793,-0.009389671361502348,lab/artifacts/ea-files/passive-refusal-depth-observation-v1/valid-p1-2022h2-2023/observation/events-a.csv,1967,1973
L0268,P1_2022H2_2023,Cross,US100_BOOK,2023-01-24T17:00:00,2023-01-24T21:00:00,Tuesday,OTHER_WEEK,7.0383,0.32,0.305,0.04333432789167839,0,0.03463055568365605,-0.006993006993006993,lab/artifacts/ea-files/passive-refusal-depth-observation-v1/valid-p1-2022h2-2023/observation/events-a.csv,1977,1979
L0269,P1_2022H2_2023,Return,US30_BOOK,2023-01-24T16:00:00,2023-01-24T22:00:00,Tuesday,OTHER_WEEK,7.0197,2.94,2.9190000000000147,0.41582973631351977,0,0.34385086926225134,-0.09523809523809523,lab/artifacts/ea-files/passive-refusal-depth-observation-v1/valid-p1-2022h2-2023/observation/events-a.csv,1971,1980
L0270,P1_2022H2_2023,Passive,US100_BOOK,2023-01-25T12:16:04,2023-01-25T15:15:00,Wednesday,OTHER_WEEK,7.1673,-0.06,-0.075,-0.010464191536561885,0,-0.01711710563182738,-0.009389671361502348,lab/artifacts/ea-files/passive-refusal-depth-observation-v1/valid-p1-2022h2-2023/observation/events-a.csv,1987,1988
L0271,P1_2022H2_2023,Cross,US100_BOOK,2023-01-25T17:00:00,2023-01-25T21:00:00,Wednesday,OTHER_WEEK,7.1643,-1.99,-2.005,-0.279859860698184,0,-0.28856363290620635,-0.006993006993006993,lab/artifacts/ea-files/passive-refusal-depth-observation-v1/valid-p1-2022h2-2023/observation/events-a.csv,1997,1999
L0272,P1_2022H2_2023,Return,US30_BOOK,2023-01-25T16:00:00,2023-01-25T22:00:00,Wednesday,OTHER_WEEK,7.1643,2.5,2.4790000000000147,0.3460212442248391,0,0.27404237717357066,-0.09523809523809523,lab/artifacts/ea-files/passive-refusal-depth-observation-v1/valid-p1-2022h2-2023/observation/events-a.csv,1992,2000
L0273,P1_2022H2_2023,Passive,US100_BOOK,2023-01-26T15:02:28,2023-01-26T17:45:00,Thursday,OTHER_WEEK,7.1832,0.19,0.175,0.024362401158258155,0,0.017709487062992663,-0.009389671361502348,lab/artifacts/ea-files/passive-refusal-depth-observation-v1/valid-p1-2022h2-2023/observation/events-a.csv,2007,2013
L0274,P1_2022H2_2023,Cross,US100_BOOK,2023-01-26T17:00:00,2023-01-26T21:00:00,Thursday,OTHER_WEEK,7.1832,0.48,0.46200000000000724,0.06431673905780254,0,0.0556129668497802,-0.006993006993006993,lab/artifacts/ea-files/passive-refusal-depth-observation-v1/valid-p1-2022h2-2023/observation/events-a.csv,2011,2014
L0275,P1_2022H2_2023,RC16,US30_BOOK,2023-01-27T13:30:00,2023-01-27T17:30:00,Friday,OTHER_WEEK,7.2087,0.6,0.5790000000000145,0.08031961379999368,0,0.003207296279708491,-0.025974025974025976,lab/artifacts/ea-files/passive-refusal-depth-observation-v1/valid-p1-2022h2-2023/observation/events-a.csv,2024,2032
L0276,P1_2022H2_2023,RC4,US30_BOOK,2023-01-27T13:00:00,2023-01-27T19:00:00,Friday,OTHER_WEEK,7.2087,0.62,0.5990000000000145,0.08309403914714365,0,-0.02037235595612069,-0.1509433962264151,lab/artifacts/ea-files/passive-refusal-depth-observation-v1/valid-p1-2022h2-2023/observation/events-a.csv,2019,2033
L0277,P1_2022H2_2023,Cross,US100_BOOK,2023-01-27T17:00:00,2023-01-27T21:00:00,Friday,OTHER_WEEK,7.2087,1.24,1.2170000000000072,0.16882378237407675,0,0.1601200101660544,-0.006993006993006993,lab/artifacts/ea-files/passive-refusal-depth-observation-v1/valid-p1-2022h2-2023/observation/events-a.csv,2029,2034
L0278,P1_2022H2_2023,Passive,US100_BOOK,2023-01-30T12:17:39,2023-01-30T14:30:00,Monday,OTHER_WEEK,7.3045,0.13,0.115,0.01574371962488877,0,0.009090805529623274,-0.009389671361502348,lab/artifacts/ea-files/passive-refusal-depth-observation-v1/valid-p1-2022h2-2023/observation/events-a.csv,2041,2042
L0279,P1_2022H2_2023,Cross,US100_BOOK,2023-01-30T17:00:00,2023-01-30T21:00:00,Monday,OTHER_WEEK,7.3091,0.94,0.9249999999999999,0.1265545689619789,0,0.11785079675395654,-0.006993006993006993,lab/artifacts/ea-files/passive-refusal-depth-observation-v1/valid-p1-2022h2-2023/observation/events-a.csv,2046,2048
L0280,P1_2022H2_2023,Passive,US100_BOOK,2023-01-31T12:57:18,2023-01-31T14:00:00,Tuesday,OTHER_WEEK,7.3461,0.25,0.235,0.03198976327575176,0,0.025336849180486266,-0.009389671361502348,lab/artifacts/ea-files/passive-refusal-depth-observation-v1/valid-p1-2022h2-2023/observation/events-a.csv,2055,2056
L0281,P1_2022H2_2023,Passive,US100_BOOK,2023-01-31T15:45:43,2023-01-31T19:45:00,Tuesday,OTHER_WEEK,7.3555,-0.97,-0.985,-0.13391339813744815,0,-0.14056631223271365,-0.009389671361502348,lab/artifacts/ea-files/passive-refusal-depth-observation-v1/valid-p1-2022h2-2023/observation/events-a.csv,2062,2068
L0282,P1_2022H2_2023,Cross,US100_BOOK,2023-01-31T17:00:00,2023-01-31T21:00:00,Tuesday,OTHER_WEEK,7.3555,0.96,0.9369999999999891,0.1273876690911548,0,0.11868389688313244,-0.006993006993006993,lab/artifacts/ea-files/passive-refusal-depth-observation-v1/valid-p1-2022h2-2023/observation/events-a.csv,2066,2069
L0283,P1_2022H2_2023,RC4,US30_BOOK,2023-02-01T13:00:00,2023-02-01T19:00:00,Wednesday,OTHER_WEEK,7.3536,1.6800000000000002,1.6590000000000147,0.22560378590078528,0,0.12213739079752094,-0.1509433962264151,lab/artifacts/ea-files/passive-refusal-depth-observation-v1/valid-p1-2022h2-2023/observation/events-a.csv,2074,2083
L0284,P1_2022H2_2023,Cross,US100_BOOK,2023-02-01T17:00:00,2023-02-01T21:00:00,Wednesday,OTHER_WEEK,7.3536,0.1,0.003999999999996368,0.0005439512619664338,0,-0.008159820946055909,-0.006993006993006993,lab/artifacts/ea-files/passive-refusal-depth-observation-v1/valid-p1-2022h2-2023/observation/events-a.csv,2079,2084
L0285,P1_2022H2_2023,Cross,US100_BOOK,2023-02-02T17:00:00,2023-02-02T21:00:00,Thursday,OTHER_WEEK,7.4201,2.5300000000000002,2.515,0.3389442190806054,0,0.3302404468725831,-0.006993006993006993,lab/artifacts/ea-files/passive-refusal-depth-observation-v1/valid-p1-2022h2-2023/observation/events-a.csv,2089,2091
L0286,P1_2022H2_2023,RC4,US30_BOOK,2023-02-03T13:00:00,2023-02-03T19:00:00,Friday,OTHER_WEEK,7.5207,1.0,0.9790000000000145,0.130174052947201,0,0.026707657843936652,-0.1509433962264151,lab/artifacts/ea-files/passive-refusal-depth-observation-v1/valid-p1-2022h2-2023/observation/events-a.csv,2096,2115
L0287,P1_2022H2_2023,Cross,US100_BOOK,2023-02-03T17:00:00,2023-02-03T21:00:00,Friday,OTHER_WEEK,7.5207,-0.49,-0.5385000000000036,-0.07160237743827086,0,-0.0803061496462932,-0.006993006993006993,lab/artifacts/ea-files/passive-refusal-depth-observation-v1/valid-p1-2022h2-2023/observation/events-a.csv,2112,2116
L0288,P1_2022H2_2023,Return,US30_BOOK,2023-02-03T16:00:00,2023-02-03T22:00:00,Friday,OTHER_WEEK,7.5207,0.05,0.029000000000014556,0.003856024040317332,0,-0.0681228430109511,-0.09523809523809523,lab/artifacts/ea-files/passive-refusal-depth-observation-v1/valid-p1-2022h2-2023/observation/events-a.csv,2106,2117
L0289,P1_2022H2_2023,Passive,US100_BOOK,2023-02-06T13:30:00,2023-02-06T14:15:00,Monday,OTHER_WEEK,7.5395,0.4,0.385,0.05106439419059619,0,0.0444114800953307,-0.009389671361502348,lab/artifacts/ea-files/passive-refusal-depth-observation-v1/valid-p1-2022h2-2023/observation/events-a.csv,2124,2125
L0290,P1_2022H2_2023,Cross,US100_BOOK,2023-02-06T17:00:00,2023-02-06T21:00:00,Monday,OTHER_WEEK,7.5549,-0.23,-0.245,-0.03242928430555004,0,-0.04113305651357238,-0.006993006993006993,lab/artifacts/ea-files/passive-refusal-depth-observation-v1/valid-p1-2022h2-2023/observation/events-a.csv,2129,2131
L0291,P1_2022H2_2023,RC4,US30_BOOK,2023-02-07T13:00:00,2023-02-07T19:00:00,Tuesday,OTHER_WEEK,7.5451,0.49,0.4690000000000145,0.06215954725583684,0,-0.041306847847427504,-0.1509433962264151,lab/artifacts/ea-files/passive-refusal-depth-observation-v1/valid-p1-2022h2-2023/observation/events-a.csv,2136,2144
L0292,P1_2022H2_2023,Return,US30_BOOK,2023-02-07T16:00:00,2023-02-07T22:00:00,Tuesday,OTHER_WEEK,7.5451,2.44,2.4190000000000147,0.3206054260380929,0,0.24862655898682445,-0.09523809523809523,lab/artifacts/ea-files/passive-refusal-depth-observation-v1/valid-p1-2022h2-2023/observation/events-a.csv,2141,2145
L0293,P1_2022H2_2023,RC4,US30_BOOK,2023-02-08T13:00:00,2023-02-08T19:00:00,Wednesday,OTHER_WEEK,7.6606,1.24,1.2190000000000145,0.15912591702999956,0,0.05565952192673522,-0.1509433962264151,lab/artifacts/ea-files/passive-refusal-depth-observation-v1/valid-p1-2022h2-2023/observation/events-a.csv,2150,2159
L0294,P1_2022H2_2023,Cross,US100_BOOK,2023-02-08T17:00:00,2023-02-08T21:00:00,Wednesday,OTHER_WEEK,7.6606,1.27,1.2550000000000001,0.1638252878364619,0,0.15512151562843957,-0.006993006993006993,lab/artifacts/ea-files/passive-refusal-depth-observation-v1/valid-p1-2022h2-2023/observation/events-a.csv,2157,2160
L0295,P1_2022H2_2023,Passive,US100_BOOK,2023-02-09T12:37:06,2023-02-09T14:15:00,Thursday,OTHER_WEEK,7.7596,0.15,0.135,0.017397804010516008,0,0.010744889915250513,-0.009389671361502348,lab/artifacts/ea-files/passive-refusal-depth-observation-v1/valid-p1-2022h2-2023/observation/events-a.csv,2167,2168
L0296,P1_2022H2_2023,Cross,US100_BOOK,2023-02-09T17:00:00,2023-02-09T21:00:00,Thursday,OTHER_WEEK,7.765,1.7,1.685,0.2169993560849968,0,0.20829558387697444,-0.006993006993006993,lab/artifacts/ea-files/passive-refusal-depth-observation-v1/valid-p1-2022h2-2023/observation/events-a.csv,2172,2174
L0297,P1_2022H2_2023,Passive,US100_BOOK,2023-02-10T12:16:20,2023-02-10T15:15:00,Friday,OTHER_WEEK,7.8324,0.08,0.065,0.008298861140901895,0,0.001645947045636401,-0.009389671361502348,lab/artifacts/ea-files/passive-refusal-depth-observation-v1/valid-p1-2022h2-2023/observation/events-a.csv,2181,2182
L0298,P1_2022H2_2023,Cross,US100_BOOK,2023-02-10T17:00:00,2023-02-10T21:00:00,Friday,OTHER_WEEK,7.835,0.28,0.2239999999999964,0.02858966177409016,0,0.019885889566067814,-0.006993006993006993,lab/artifacts/ea-files/passive-refusal-depth-observation-v1/valid-p1-2022h2-2023/observation/events-a.csv,2186,2188
L0299,P1_2022H2_2023,Passive,US100_BOOK,2023-02-13T12:32:59,2023-02-13T16:00:00,Monday,STANDARD_EXPIRATION_WEEK,7.8439,-0.07,-0.085,-0.010836446155611369,0,-0.017489360250876863,-0.009389671361502348,lab/artifacts/ea-files/passive-refusal-depth-observation-v1/valid-p1-2022h2-2023/observation/events-a.csv,2195,2201
L0300,P1_2022H2_2023,RC16,US30_BOOK,2023-02-13T13:30:00,2023-02-13T17:30:00,Monday,STANDARD_EXPIRATION_WEEK,7.8439,2.81,2.789000000000015,0.3555629215058855,0,0.2784506039856003,-0.025974025974025976,lab/artifacts/ea-files/passive-refusal-depth-observation-v1/valid-p1-2022h2-2023/observation/events-a.csv,2199,2207
L0301,P1_2022H2_2023,Cross,US100_BOOK,2023-02-13T17:00:00,2023-02-13T21:00:00,Monday,STANDARD_EXPIRATION_WEEK,7.8405,0.98,0.965,0.12307888527517379,0,0.11437511306715144,-0.006993006993006993,lab/artifacts/ea-files/passive-refusal-depth-observation-v1/valid-p1-2022h2-2023/observation/events-a.csv,2205,2208
L0302,P1_2022H2_2023,Passive,US100_BOOK,2023-02-14T14:22:42,2023-02-14T15:30:00,Tuesday,STANDARD_EXPIRATION_WEEK,7.9907,0.09,0.054499999999989085,0.006820428748418672,0,0.00016751465315317793,-0.009389671361502348,lab/artifacts/ea-files/passive-refusal-depth-observation-v1/valid-p1-2022h2-2023/observation/events-a.csv,2218,2219
L0303,P1_2022H2_2023,Passive,US100_BOOK,2023-02-14T16:03:16,2023-02-14T17:00:00,Tuesday,STANDARD_EXPIRATION_WEEK,7.9929,0.72,0.705,0.08820328041136509,0,0.08155036631609959,-0.009389671361502348,lab/artifacts/ea-files/passive-refusal-depth-observation-v1/valid-p1-2022h2-2023/observation/events-a.csv,2225,2226
L0304,P1_2022H2_2023,Cross,US100_BOOK,2023-02-14T17:00:00,2023-02-14T21:00:00,Tuesday,STANDARD_EXPIRATION_WEEK,8.0211,-0.06,-0.075,-0.009350338482253057,0,-0.018054110690275398,-0.006993006993006993,lab/artifacts/ea-files/passive-refusal-depth-observation-v1/valid-p1-2022h2-2023/observation/events-a.csv,2230,2232
L0305,P1_2022H2_2023,RC16,US30_BOOK,2023-02-15T13:30:01,2023-02-15T17:30:00,Wednesday,STANDARD_EXPIRATION_WEEK,8.0181,-0.7,-0.7209999999999854,-0.08992155248749521,0,-0.16703387000778042,-0.025974025974025976,lab/artifacts/ea-files/passive-refusal-depth-observation-v1/valid-p1-2022h2-2023/observation/events-a.csv,2242,2250
L0306,P1_2022H2_2023,RC4,US30_BOOK,2023-02-15T13:00:00,2023-02-15T19:00:00,Wednesday,STANDARD_EXPIRATION_WEEK,8.0181,0.04,0.019000000000014554,0.002369638692460128,0,-0.10109675641080422,-0.1509433962264151,lab/artifacts/ea-files/passive-refusal-depth-observation-v1/valid-p1-2022h2-2023/observation/events-a.csv,2237,2251
L0307,P1_2022H2_2023,Return,US30_BOOK,2023-02-15T16:00:00,2023-02-15T22:00:00,Wednesday,STANDARD_EXPIRATION_WEEK,8.0181,0.54,0.5190000000000146,0.06472855165188941,0,-0.007250315399379023,-0.09523809523809523,lab/artifacts/ea-files/passive-refusal-depth-observation-v1/valid-p1-2022h2-2023/observation/events-a.csv,2247,2252
L0308,P1_2022H2_2023,Passive,US100_BOOK,2023-02-16T14:17:23,2023-02-16T18:15:00,Thursday,STANDARD_EXPIRATION_WEEK,8.0107,-0.52,-0.535,-0.06678567416080992,0,-0.07343858825607542,-0.009389671361502348,lab/artifacts/ea-files/passive-refusal-depth-observation-v1/valid-p1-2022h2-2023/observation/events-a.csv,2259,2270
L0309,P1_2022H2_2023,Cross,US100_BOOK,2023-02-16T17:00:00,2023-02-16T21:00:00,Thursday,STANDARD_EXPIRATION_WEEK,8.0107,0.98,0.965,0.12046387956108705,0,0.1117601073530647,-0.006993006993006993,lab/artifacts/ea-files/passive-refusal-depth-observation-v1/valid-p1-2022h2-2023/observation/events-a.csv,2268,2271
L0310,P1_2022H2_2023,Return,US30_BOOK,2023-02-16T16:00:00,2023-02-16T22:00:00,Thursday,STANDARD_EXPIRATION_WEEK,8.0107,1.17,1.1490000000000145,0.14343315815097488,0,0.07145429109970644,-0.09523809523809523,lab/artifacts/ea-files/passive-refusal-depth-observation-v1/valid-p1-2022h2-2023/observation/events-a.csv,2263,2272
L0311,P1_2022H2_2023,Cross,US100_BOOK,2023-02-17T17:00:00,2023-02-17T21:00:00,Friday,STANDARD_EXPIRATION_WEEK,8.0739,0.19,0.175,0.021674779226891587,0,0.012971007018869244,-0.006993006993006993,lab/artifacts/ea-files/passive-refusal-depth-observation-v1/valid-p1-2022h2-2023/observation/events-a.csv,2277,2279
L0312,P1_2022H2_2023,Passive,US100_BOOK,2023-02-21T12:15:10,2023-02-21T13:45:00,Tuesday,OTHER_WEEK,8.0809,0.02,0.005000000000000001,0.0006187429617988097,0,-0.006034171133466685,-0.009389671361502348,lab/artifacts/ea-files/passive-refusal-depth-observation-v1/valid-p1-2022h2-2023/observation/events-a.csv,2290,2291
L0313,P1_2022H2_2023,Passive,US100_BOOK,2023-02-21T15:44:42,2023-02-21T16:45:00,Tuesday,OTHER_WEEK,8.0811,0.29,0.27499999999999997,0.03403002066550346,0,0.027377106570237966,-0.009389671361502348,lab/artifacts/ea-files/passive-refusal-depth-observation-v1/valid-p1-2022h2-2023/observation/events-a.csv,2302,2308
L0314,P1_2022H2_2023,Pressure,US30_BOOK,2023-02-21T15:00:00,2023-02-21T19:00:00,Tuesday,OTHER_WEEK,8.0811,2.7,2.679000000000015,0.3315142740468519,0,0.3030045012539527,-0.05714285714285714,lab/artifacts/ea-files/passive-refusal-depth-observation-v1/valid-p1-2022h2-2023/observation/events-a.csv,2295,2314
L0315,P1_2022H2_2023,Cross,US100_BOOK,2023-02-21T17:00:00,2023-02-21T21:00:00,Tuesday,OTHER_WEEK,8.0921,-0.93,-0.9450000000000001,-0.11678056375971627,0,-0.1254843359677386,-0.006993006993006993,lab/artifacts/ea-files/passive-refusal-depth-observation-v1/valid-p1-2022h2-2023/observation/events-a.csv,2312,2315
L0316,P1_2022H2_2023,Return,US30_BOOK,2023-02-21T16:00:00,2023-02-21T22:00:00,Tuesday,OTHER_WEEK,8.0811,-3.09,-3.110999999999985,-0.38497234287411186,0,-0.4569512099253803,-0.09523809523809523,lab/artifacts/ea-files/passive-refusal-depth-observation-v1/valid-p1-2022h2-2023/observation/events-a.csv,2306,2316
L0317,P1_2022H2_2023,Passive,US100_BOOK,2023-02-22T14:58:50,2023-02-22T17:15:00,Wednesday,OTHER_WEEK,8.037,0.89,0.875,0.10887146945377628,0,0.10221855535851078,-0.009389671361502348,lab/artifacts/ea-files/passive-refusal-depth-observation-v1/valid-p1-2022h2-2023/observation/events-a.csv,2323,2329
L0318,P1_2022H2_2023,Cross,US100_BOOK,2023-02-22T17:00:00,2023-02-22T21:00:00,Wednesday,OTHER_WEEK,8.037,-0.32,-0.34299999999999276,-0.0426776160258794,0,-0.05138138823390174,-0.006993006993006993,lab/artifacts/ea-files/passive-refusal-depth-observation-v1/valid-p1-2022h2-2023/observation/events-a.csv,2327,2330
L0319,P1_2022H2_2023,Cross,US100_BOOK,2023-02-23T17:00:00,2023-02-23T21:00:00,Thursday,OTHER_WEEK,8.0583,1.18,1.165,0.14457143566260877,0,0.13586766345458642,-0.006993006993006993,lab/artifacts/ea-files/passive-refusal-depth-observation-v1/valid-p1-2022h2-2023/observation/events-a.csv,2335,2337
L0320,P1_2022H2_2023,Passive,US100_BOOK,2023-02-24T13:47:48,2023-02-24T17:45:00,Friday,OTHER_WEEK,8.1049,-1.3599999999999999,-1.3749999999999998,-0.16965045836469292,0,-0.17630337245995842,-0.009389671361502348,lab/artifacts/ea-files/passive-refusal-depth-observation-v1/valid-p1-2022h2-2023/observation/events-a.csv,2344,2358
L0321,P1_2022H2_2023,Pressure,US30_BOOK,2023-02-24T15:00:00,2023-02-24T19:00:00,Friday,OTHER_WEEK,8.1049,1.6099999999999999,1.5890000000000144,0.19605423879381784,0,0.1675444660009186,-0.05714285714285714,lab/artifacts/ea-files/passive-refusal-depth-observation-v1/valid-p1-2022h2-2023/observation/events-a.csv,2348,2359
L0322,P1_2022H2_2023,Return,US30_BOOK,2023-02-24T16:00:00,2023-02-24T22:00:00,Friday,OTHER_WEEK,8.1049,0.73,0.7090000000000145,0.08747794544041437,0,0.015499078389145937,-0.09523809523809523,lab/artifacts/ea-files/passive-refusal-depth-observation-v1/valid-p1-2022h2-2023/observation/events-a.csv,2353,2360
L0323,P1_2022H2_2023,Passive,US100_BOOK,2023-02-27T15:45:12,2023-02-27T18:45:00,Monday,OTHER_WEEK,8.1418,0.39,0.375,0.04605861111793461,0,0.03940569702266912,-0.009389671361502348,lab/artifacts/ea-files/passive-refusal-depth-observation-v1/valid-p1-2022h2-2023/observation/events-a.csv,2367,2368
L0324,P1_2022H2_2023,Passive,US100_BOOK,2023-02-28T13:04:27,2023-02-28T15:45:00,Tuesday,OTHER_WEEK,8.1568,0.16,0.14500000000000002,0.017776579050608084,0,0.01112366495534259,-0.009389671361502348,lab/artifacts/ea-files/passive-refusal-depth-observation-v1/valid-p1-2022h2-2023/observation/events-a.csv,2375,2376
L0325,P1_2022H2_2023,Cross,US100_BOOK,2023-02-28T17:00:00,2023-02-28T21:00:00,Tuesday,OTHER_WEEK,8.1626,0.69,0.6749999999999999,0.08269423958052581,0,0.07399046737250346,-0.006993006993006993,lab/artifacts/ea-files/passive-refusal-depth-observation-v1/valid-p1-2022h2-2023/observation/events-a.csv,2380,2382
L0326,P1_2022H2_2023,RC16,US30_BOOK,2023-03-01T13:30:00,2023-03-01T17:30:00,Wednesday,OTHER_WEEK,8.1896,-1.2,-1.2209999999999854,-0.14909153072188938,0,-0.22620384824217457,-0.025974025974025976,lab/artifacts/ea-files/passive-refusal-depth-observation-v1/valid-p1-2022h2-2023/observation/events-a.csv,2387,2403
L0327,P1_2022H2_2023,Passive,US100_BOOK,2023-03-01T15:45:08,2023-03-01T19:45:00,Wednesday,OTHER_WEEK,8.1896,-0.21,-0.22499999999999998,-0.02747386929764579,0,-0.03412678339291129,-0.009389671361502348,lab/artifacts/ea-files/passive-refusal-depth-observation-v1/valid-p1-2022h2-2023/observation/events-a.csv,2394,2404
L0328,P1_2022H2_2023,Return,US30_BOOK,2023-03-01T16:00:00,2023-03-01T22:00:00,Wednesday,OTHER_WEEK,8.1896,0.06,0.03900000000001455,0.0047621373449270475,0,-0.06721672970634139,-0.09523809523809523,lab/artifacts/ea-files/passive-refusal-depth-observation-v1/valid-p1-2022h2-2023/observation/events-a.csv,2398,2405
L0329,P1_2022H2_2023,RC16,US30_BOOK,2023-03-02T13:30:00,2023-03-02T17:30:00,Thursday,OTHER_WEEK,8.1333,0.8,0.7790000000000146,0.09577908106180942,0,0.01866676354152423,-0.025974025974025976,lab/artifacts/ea-files/passive-refusal-depth-observation-v1/valid-p1-2022h2-2023/observation/events-a.csv,2410,2417
L0330,P1_2022H2_2023,Cross,US100_BOOK,2023-03-02T17:00:00,2023-03-02T21:00:00,Thursday,OTHER_WEEK,8.1333,0.99,0.975,0.11987754048172328,0,0.11117376827370093,-0.006993006993006993,lab/artifacts/ea-files/passive-refusal-depth-observation-v1/valid-p1-2022h2-2023/observation/events-a.csv,2415,2418
L0331,P1_2022H2_2023,Passive,US100_BOOK,2023-03-03T12:17:01,2023-03-03T15:00:00,Friday,OTHER_WEEK,8.2035,0.03,0.015,0.0018284878405558603,0,-0.004824426254709634,-0.009389671361502348,lab/artifacts/ea-files/passive-refusal-depth-observation-v1/valid-p1-2022h2-2023/observation/events-a.csv,2425,2436
L0332,P1_2022H2_2023,RC16,US30_BOOK,2023-03-03T13:30:00,2023-03-03T17:30:00,Friday,OTHER_WEEK,8.2035,0.83,0.8090000000000145,0.09861644420064783,0,0.02150412668036264,-0.025974025974025976,lab/artifacts/ea-files/passive-refusal-depth-observation-v1/valid-p1-2022h2-2023/observation/events-a.csv,2434,2447
L0333,P1_2022H2_2023,RC4,US30_BOOK,2023-03-03T13:00:00,2023-03-03T19:00:00,Friday,OTHER_WEEK,8.2035,1.92,1.8990000000000145,0.23148656061437367,0,0.12802016551110934,-0.1509433962264151,lab/artifacts/ea-files/passive-refusal-depth-observation-v1/valid-p1-2022h2-2023/observation/events-a.csv,2429,2448
L0334,P1_2022H2_2023,Passive,US100_BOOK,2023-03-03T16:00:26,2023-03-03T20:00:00,Friday,OTHER_WEEK,8.2041,-1.25,-1.265,-0.1541911970843846,0,-0.1608441111796501,-0.009389671361502348,lab/artifacts/ea-files/passive-refusal-depth-observation-v1/valid-p1-2022h2-2023/observation/events-a.csv,2442,2449
L0335,P1_2022H2_2023,RC4,US30_BOOK,2023-03-06T13:00:00,2023-03-06T19:00:00,Monday,OTHER_WEEK,8.2618,1.12,1.0990000000000146,0.1330218596431788,0,0.029555464539914464,-0.1509433962264151,lab/artifacts/ea-files/passive-refusal-depth-observation-v1/valid-p1-2022h2-2023/observation/events-a.csv,2454,2463
L0336,P1_2022H2_2023,Passive,US100_BOOK,2023-03-06T16:30:43,2023-03-06T20:15:00,Monday,OTHER_WEEK,8.2618,-0.15,-0.16499999999999998,-0.019971434796291366,0,-0.026624348891556862,-0.009389671361502348,lab/artifacts/ea-files/passive-refusal-depth-observation-v1/valid-p1-2022h2-2023/observation/events-a.csv,2461,2464
L0337,P1_2022H2_2023,RC16,US30_BOOK,2023-03-09T13:30:00,2023-03-09T17:30:00,Thursday,OTHER_WEEK,8.2992,0.71,0.6890000000000145,0.08302005012531502,0,0.005907732605029831,-0.025974025974025976,lab/artifacts/ea-files/passive-refusal-depth-observation-v1/valid-p1-2022h2-2023/observation/events-a.csv,2477,2490
L0338,P1_2022H2_2023,Passive,US100_BOOK,2023-03-09T15:45:03,2023-03-09T19:15:00,Thursday,OTHER_WEEK,8.2992,-0.45,-0.465,-0.0560294968189705,0,-0.062682410914236,-0.009389671361502348,lab/artifacts/ea-files/passive-refusal-depth-observation-v1/valid-p1-2022h2-2023/observation/events-a.csv,2484,2491
L0339,P1_2022H2_2023,Cross,US100_BOOK,2023-03-09T17:00:00,2023-03-09T21:00:00,Thursday,OTHER_WEEK,8.2992,-2.1,-2.115,-0.25484384037015617,0,-0.2635476125781785,-0.006993006993006993,lab/artifacts/ea-files/passive-refusal-depth-observation-v1/valid-p1-2022h2-2023/observation/events-a.csv,2488,2492
L0340,P1_2022H2_2023,Passive,US100_BOOK,2023-03-10T12:19:39,2023-03-10T14:30:00,Friday,OTHER_WEEK,8.2235,-0.05,-0.065,-0.007904177053566,0,-0.014557091148831495,-0.009389671361502348,lab/artifacts/ea-files/passive-refusal-depth-observation-v1/valid-p1-2022h2-2023/observation/events-a.csv,2499,2500
L0341,P1_2022H2_2023,Passive,US100_BOOK,2023-03-10T15:45:02,2023-03-10T16:30:00,Friday,OTHER_WEEK,8.2209,0.69,0.6290000000000145,0.07651230400564592,0,0.06985938991038042,-0.009389671361502348,lab/artifacts/ea-files/passive-refusal-depth-observation-v1/valid-p1-2022h2-2023/observation/events-a.csv,2506,2507
L0342,P1_2022H2_2023,Cross,US100_BOOK,2023-03-10T17:00:00,2023-03-10T21:00:00,Friday,OTHER_WEEK,8.2461,1.01,0.995,0.12066310134487818,0,0.11195932913685583,-0.006993006993006993,lab/artifacts/ea-files/passive-refusal-depth-observation-v1/valid-p1-2022h2-2023/observation/events-a.csv,2511,2513
L0343,P1_2022H2_2023,Passive,US100_BOOK,2023-03-13T12:17:23,2023-03-13T15:00:00,Monday,STANDARD_EXPIRATION_WEEK,8.2859,-0.02,-0.05299999999999272,-0.006396408356363548,0,-0.013049322451629042,-0.009389671361502348,lab/artifacts/ea-files/passive-refusal-depth-observation-v1/valid-p1-2022h2-2023/observation/events-a.csv,2520,2521
L0344,P1_2022H2_2023,Passive,US100_BOOK,2023-03-13T15:45:46,2023-03-13T17:45:00,Monday,STANDARD_EXPIRATION_WEEK,8.2838,1.18,1.1620000000000072,0.14027378739226048,0,0.13362087329699499,-0.009389671361502348,lab/artifacts/ea-files/passive-refusal-depth-observation-v1/valid-p1-2022h2-2023/observation/events-a.csv,2532,2541
L0345,P1_2022H2_2023,Pressure,US30_BOOK,2023-03-13T15:00:00,2023-03-13T19:00:00,Monday,STANDARD_EXPIRATION_WEEK,8.2838,-2.98,-3.0009999999999852,-0.3622733528090955,0,-0.39078312560199474,-0.05714285714285714,lab/artifacts/ea-files/passive-refusal-depth-observation-v1/valid-p1-2022h2-2023/observation/events-a.csv,2525,2542
L0346,P1_2022H2_2023,Return,US30_BOOK,2023-03-13T16:00:00,2023-03-13T22:00:00,Monday,STANDARD_EXPIRATION_WEEK,8.2838,3.56,3.539000000000015,0.42721939206644477,0,0.35524052501517633,-0.09523809523809523,lab/artifacts/ea-files/passive-refusal-depth-observation-v1/valid-p1-2022h2-2023/observation/events-a.csv,2536,2543
L0347,P1_2022H2_2023,RC16,US30_BOOK,2023-03-14T13:30:00,2023-03-14T17:30:00,Tuesday,STANDARD_EXPIRATION_WEEK,8.3518,2.36,2.3390000000000146,0.2800593883953177,0,0.2029470708750325,-0.025974025974025976,lab/artifacts/ea-files/passive-refusal-depth-observation-v1/valid-p1-2022h2-2023/observation/events-a.csv,2553,2562
L0348,P1_2022H2_2023,RC4,US30_BOOK,2023-03-14T13:00:00,2023-03-14T19:00:00,Tuesday,STANDARD_EXPIRATION_WEEK,8.3518,-2.61,-2.630999999999985,-0.31502191144423775,0,-0.4184883065475021,-0.1509433962264151,lab/artifacts/ea-files/passive-refusal-depth-observation-v1/valid-p1-2022h2-2023/observation/events-a.csv,2548,2563
L0349,P1_2022H2_2023,Cross,US100_BOOK,2023-03-14T17:00:00,2023-03-14T21:00:00,Tuesday,STANDARD_EXPIRATION_WEEK,8.3518,-0.19,-0.20500000000000002,-0.02454560693503197,0,-0.033249379143054314,-0.006993006993006993,lab/artifacts/ea-files/passive-refusal-depth-observation-v1/valid-p1-2022h2-2023/observation/events-a.csv,2560,2564
L0350,P1_2022H2_2023,Passive,US100_BOOK,2023-03-15T12:30:44,2023-03-15T16:30:00,Wednesday,STANDARD_EXPIRATION_WEEK,8.3319,-0.7,-0.715,-0.08581476013874387,0,-0.09246767423400937,-0.009389671361502348,lab/artifacts/ea-files/passive-refusal-depth-observation-v1/valid-p1-2022h2-2023/observation/events-a.csv,2571,2582
L0351,P1_2022H2_2023,Pressure,US30_BOOK,2023-03-15T15:00:00,2023-03-15T19:00:00,Wednesday,STANDARD_EXPIRATION_WEEK,8.3319,0.74,0.7190000000000145,0.08629484271294838,0,0.05778506992004914,-0.05714285714285714,lab/artifacts/ea-files/passive-refusal-depth-observation-v1/valid-p1-2022h2-2023/observation/events-a.csv,2575,2586
L0352,P1_2022H2_2023,Return,US30_BOOK,2023-03-15T16:00:00,2023-03-15T22:00:00,Wednesday,STANDARD_EXPIRATION_WEEK,8.3319,2.81,2.789000000000015,0.33473757486287825,0,0.2627587078116098,-0.09523809523809523,lab/artifacts/ea-files/passive-refusal-depth-observation-v1/valid-p1-2022h2-2023/observation/events-a.csv,2580,2587
L0353,P1_2022H2_2023,Cross,US100_BOOK,2023-03-16T17:00:00,2023-03-16T21:00:00,Thursday,STANDARD_EXPIRATION_WEEK,8.4436,2.41,2.395,0.2836467857312047,0,0.2749430135231824,-0.006993006993006993,lab/artifacts/ea-files/passive-refusal-depth-observation-v1/valid-p1-2022h2-2023/observation/events-a.csv,2597,2599
L0354,P1_2022H2_2023,Return,US30_BOOK,2023-03-16T16:00:00,2023-03-16T22:00:00,Thursday,STANDARD_EXPIRATION_WEEK,8.4436,4.45,4.4290000000000145,0.5245392960348684,0,0.45256042898359994,-0.09523809523809523,lab/artifacts/ea-files/passive-refusal-depth-observation-v1/valid-p1-2022h2-2023/observation/events-a.csv,2592,2600
L0355,P1_2022H2_2023,RC4,US30_BOOK,2023-03-17T13:00:00,2023-03-17T19:00:00,Friday,STANDARD_EXPIRATION_WEEK,8.7166,4.51,4.489000000000014,0.5149943785420937,0,0.4115279834388294,-0.1509433962264151,lab/artifacts/ea-files/passive-refusal-depth-observation-v1/valid-p1-2022h2-2023/observation/events-a.csv,2605,2618
L0356,P1_2022H2_2023,Cross,US100_BOOK,2023-03-17T17:00:00,2023-03-17T21:00:00,Friday,STANDARD_EXPIRATION_WEEK,8.7166,-0.9,-0.9985000000000037,-0.11455154532730695,0,-0.1232553175353293,-0.006993006993006993,lab/artifacts/ea-files/passive-refusal-depth-observation-v1/valid-p1-2022h2-2023/observation/events-a.csv,2616,2619
L0357,P1_2022H2_2023,Return,US30_BOOK,2023-03-17T16:00:00,2023-03-17T22:00:00,Friday,STANDARD_EXPIRATION_WEEK,8.7166,-1.56,-1.5809999999999855,-0.18137806025284922,0,-0.25335692730411763,-0.09523809523809523,lab/artifacts/ea-files/passive-refusal-depth-observation-v1/valid-p1-2022h2-2023/observation/events-a.csv,2610,2620
L0358,P1_2022H2_2023,Passive,US100_BOOK,2023-03-20T12:46:44,2023-03-20T15:15:00,Monday,OTHER_WEEK,8.793,0.21,0.195,0.02217673149095872,0,0.015523817395693225,-0.009389671361502348,lab/artifacts/ea-files/passive-refusal-depth-observation-v1/valid-p1-2022h2-2023/observation/events-a.csv,2627,2628
L0359,P1_2022H2_2023,Cross,US100_BOOK,2023-03-20T17:00:00,2023-03-20T21:00:00,Monday,OTHER_WEEK,8.8008,-1.0,-1.015,-0.115330424506863,0,-0.12403419671488534,-0.006993006993006993,lab/artifacts/ea-files/passive-refusal-depth-observation-v1/valid-p1-2022h2-2023/observation/events-a.csv,2632,2634
L0360,P1_2022H2_2023,RC16,US30_BOOK,2023-03-21T13:30:00,2023-03-21T17:30:00,Tuesday,OTHER_WEEK,8.7602,-0.06,-0.08099999999998544,-0.00924636423825774,0,-0.08635868175854293,-0.025974025974025976,lab/artifacts/ea-files/passive-refusal-depth-observation-v1/valid-p1-2022h2-2023/observation/events-a.csv,2639,2655
L0361,P1_2022H2_2023,Passive,US100_BOOK,2023-03-21T14:53:18,2023-03-21T17:30:00,Tuesday,OTHER_WEEK,8.7602,0.32,0.305,0.03481655669961873,0,0.028163642604353237,-0.009389671361502348,lab/artifacts/ea-files/passive-refusal-depth-observation-v1/valid-p1-2022h2-2023/observation/events-a.csv,2646,2656
L0362,P1_2022H2_2023,Pressure,US30_BOOK,2023-03-21T15:00:00,2023-03-21T19:00:00,Tuesday,OTHER_WEEK,8.7602,-1.28,-1.3009999999999855,-0.14851259103673267,0,-0.1770223638296319,-0.05714285714285714,lab/artifacts/ea-files/passive-refusal-depth-observation-v1/valid-p1-2022h2-2023/observation/events-a.csv,2650,2657
L0363,P1_2022H2_2023,RC16,US30_BOOK,2023-03-22T13:30:00,2023-03-22T17:30:00,Wednesday,OTHER_WEEK,8.7171,0.59,0.5690000000000145,0.0652740016748706,0,-0.011838315845414588,-0.025974025974025976,lab/artifacts/ea-files/passive-refusal-depth-observation-v1/valid-p1-2022h2-2023/observation/events-a.csv,2668,2681
L0364,P1_2022H2_2023,Cross,US100_BOOK,2023-03-22T17:00:00,2023-03-22T21:00:00,Wednesday,OTHER_WEEK,8.7171,0.41,0.3514999999999963,0.04032304321391246,0,0.03161927100589012,-0.006993006993006993,lab/artifacts/ea-files/passive-refusal-depth-observation-v1/valid-p1-2022h2-2023/observation/events-a.csv,2679,2682
L0365,P1_2022H2_2023,Cross,US100_BOOK,2023-03-23T17:00:00,2023-03-23T21:00:00,Thursday,OTHER_WEEK,8.7539,-0.05,-0.065,-0.007425261883274884,0,-0.016129034091297227,-0.006993006993006993,lab/artifacts/ea-files/passive-refusal-depth-observation-v1/valid-p1-2022h2-2023/observation/events-a.csv,2692,2694
L0366,P1_2022H2_2023,Return,US30_BOOK,2023-03-23T16:00:00,2023-03-23T22:00:00,Thursday,OTHER_WEEK,8.7539,-1.21,-1.2309999999999854,-0.1406230365894042,0,-0.21260190364067263,-0.09523809523809523,lab/artifacts/ea-files/passive-refusal-depth-observation-v1/valid-p1-2022h2-2023/observation/events-a.csv,2687,2695
L0367,P1_2022H2_2023,Passive,US100_BOOK,2023-03-24T13:03:52,2023-03-24T15:45:00,Friday,OTHER_WEEK,8.7021,0.0,-0.015,-0.0017237218602406317,0,-0.008376635955506126,-0.009389671361502348,lab/artifacts/ea-files/passive-refusal-depth-observation-v1/valid-p1-2022h2-2023/observation/events-a.csv,2702,2708
L0368,P1_2022H2_2023,Pressure,US30_BOOK,2023-03-24T15:00:00,2023-03-24T19:00:00,Friday,OTHER_WEEK,8.7021,-2.93,-2.9509999999999854,-0.3391135473046719,0,-0.36762332009757115,-0.05714285714285714,lab/artifacts/ea-files/passive-refusal-depth-observation-v1/valid-p1-2022h2-2023/observation/events-a.csv,2706,2714
L0369,P1_2022H2_2023,Return,US30_BOOK,2023-03-24T16:00:00,2023-03-24T22:00:00,Friday,OTHER_WEEK,8.7015,2.8,2.7790000000000146,0.31937022352468136,0,0.24739135647341293,-0.09523809523809523,lab/artifacts/ea-files/passive-refusal-depth-observation-v1/valid-p1-2022h2-2023/observation/events-a.csv,2712,2715
L0370,P1_2022H2_2023,Cross,US100_BOOK,2023-03-27T17:00:00,2023-03-27T21:00:00,Monday,OTHER_WEEK,8.6946,-1.29,-1.305,-0.150093161272514,0,-0.15879693348053633,-0.006993006993006993,lab/artifacts/ea-files/passive-refusal-depth-observation-v1/valid-p1-2022h2-2023/observation/events-a.csv,2720,2722
L0371,P1_2022H2_2023,Passive,US100_BOOK,2023-03-28T12:44:07,2023-03-28T14:00:00,Tuesday,OTHER_WEEK,8.6424,-0.01,-0.025,-0.0028927149865778023,0,-0.009545629081843296,-0.009389671361502348,lab/artifacts/ea-files/passive-refusal-depth-observation-v1/valid-p1-2022h2-2023/observation/events-a.csv,2729,2730
L0372,P1_2022H2_2023,Cross,US100_BOOK,2023-03-28T17:00:00,2023-03-28T21:00:00,Tuesday,OTHER_WEEK,8.6414,0.51,0.495,0.05728238479875945,0,0.04857861259073711,-0.006993006993006993,lab/artifacts/ea-files/passive-refusal-depth-observation-v1/valid-p1-2022h2-2023/observation/events-a.csv,2739,2741
L0373,P1_2022H2_2023,Return,US30_BOOK,2023-03-28T16:00:00,2023-03-28T22:00:00,Tuesday,OTHER_WEEK,8.6414,-0.3,-0.3209999999999854,-0.037146758627072625,0,-0.10912562567834105,-0.09523809523809523,lab/artifacts/ea-files/passive-refusal-depth-observation-v1/valid-p1-2022h2-2023/observation/events-a.csv,2734,2742
L0374,P1_2022H2_2023,Cross,US100_BOOK,2023-03-29T17:00:00,2023-03-29T21:00:00,Wednesday,OTHER_WEEK,8.6483,-0.1,-0.115,-0.013297411051883028,0,-0.02200118325990537,-0.006993006993006993,lab/artifacts/ea-files/passive-refusal-depth-observation-v1/valid-p1-2022h2-2023/observation/events-a.csv,2747,2749
L0375,P1_2022H2_2023,Passive,US100_BOOK,2023-03-30T14:02:11,2023-03-30T17:15:00,Thursday,OTHER_WEEK,8.6437,-0.1,-0.115,-0.013304487661533833,0,-0.019957401756799328,-0.009389671361502348,lab/artifacts/ea-files/passive-refusal-depth-observation-v1/valid-p1-2022h2-2023/observation/events-a.csv,2756,2762
L0376,P1_2022H2_2023,Cross,US100_BOOK,2023-03-30T17:00:00,2023-03-30T21:00:00,Thursday,OTHER_WEEK,8.6437,-0.48,-0.495,-0.057267142543123886,0,-0.06597091475114623,-0.006993006993006993,lab/artifacts/ea-files/passive-refusal-depth-observation-v1/valid-p1-2022h2-2023/observation/events-a.csv,2760,2763
L0377,P1_2022H2_2023,Cross,US100_BOOK,2023-03-31T17:00:00,2023-03-31T21:00:00,Friday,OTHER_WEEK,8.6193,0.85,0.835,0.0968756163493555,0,0.08817184414133315,-0.006993006993006993,lab/artifacts/ea-files/passive-refusal-depth-observation-v1/valid-p1-2022h2-2023/observation/events-a.csv,2768,2770
L0378,P1_2022H2_2023,Cross,US100_BOOK,2023-04-03T17:00:00,2023-04-03T21:00:00,Monday,OTHER_WEEK,8.6527,0.58,0.565,0.06529753718492494,0,0.0565937649769026,-0.006993006993006993,lab/artifacts/ea-files/passive-refusal-depth-observation-v1/valid-p1-2022h2-2023/observation/events-a.csv,2775,2777
L0379,P1_2022H2_2023,Passive,US100_BOOK,2023-04-04T12:30:46,2023-04-04T15:45:00,Tuesday,OTHER_WEEK,8.6753,0.01,-0.004999999999999999,-0.0005763489447050821,0,-0.007229263039970577,-0.009389671361502348,lab/artifacts/ea-files/passive-refusal-depth-observation-v1/valid-p1-2022h2-2023/observation/events-a.csv,2784,2790
L0380,P1_2022H2_2023,RC16,US30_BOOK,2023-04-04T13:30:00,2023-04-04T17:30:00,Tuesday,OTHER_WEEK,8.6753,-1.5,-1.5209999999999855,-0.17532534897928434,0,-0.25243766649956956,-0.025974025974025976,lab/artifacts/ea-files/passive-refusal-depth-observation-v1/valid-p1-2022h2-2023/observation/events-a.csv,2788,2791
L0381,P1_2022H2_2023,Cross,US100_BOOK,2023-04-05T17:00:00,2023-04-05T21:00:00,Wednesday,OTHER_WEEK,8.6143,0.86,0.7964999999999963,0.09246253322962937,0,0.08375876102160702,-0.006993006993006993,lab/artifacts/ea-files/passive-refusal-depth-observation-v1/valid-p1-2022h2-2023/observation/events-a.csv,2796,2798
L0382,P1_2022H2_2023,Passive,US100_BOOK,2023-04-06T13:00:21,2023-04-06T14:30:00,Thursday,OTHER_WEEK,8.6462,0.45,0.435,0.05031111933566191,0,0.04365820524039642,-0.009389671361502348,lab/artifacts/ea-files/passive-refusal-depth-observation-v1/valid-p1-2022h2-2023/observation/events-a.csv,2805,2806
L0383,P1_2022H2_2023,Return,US30_BOOK,2023-04-06T16:00:00,2023-04-06T22:00:00,Thursday,OTHER_WEEK,8.6636,0.18,0.15900000000001455,0.01835264786001368,0,-0.05362621919125475,-0.09523809523809523,lab/artifacts/ea-files/passive-refusal-depth-observation-v1/valid-p1-2022h2-2023/observation/events-a.csv,2810,2812
L0384,P1_2022H2_2023,RC16,US30_BOOK,2023-04-07T13:30:11,2023-04-10T02:00:00,Friday,OTHER_WEEK,8.6699,1.02,0.9990000000000145,0.1152262425172164,0,0.03811392499693121,-0.025974025974025976,lab/artifacts/ea-files/passive-refusal-depth-observation-v1/valid-p1-2022h2-2023/observation/events-a.csv,2817,2821
L0385,P1_2022H2_2023,Passive,US100_BOOK,2023-04-10T12:30:19,2023-04-10T14:15:00,Monday,OTHER_WEEK,8.7099,0.14,0.125,0.014351485091677288,0,0.007698570996411793,-0.009389671361502348,lab/artifacts/ea-files/passive-refusal-depth-observation-v1/valid-p1-2022h2-2023/observation/events-a.csv,2830,2836
L0386,P1_2022H2_2023,RC16,US30_BOOK,2023-04-10T13:30:00,2023-04-10T17:30:00,Monday,OTHER_WEEK,8.7099,-0.76,-0.7809999999999855,-0.08966807885279802,0,-0.16678039637308323,-0.025974025974025976,lab/artifacts/ea-files/passive-refusal-depth-observation-v1/valid-p1-2022h2-2023/observation/events-a.csv,2834,2851
L0387,P1_2022H2_2023,Passive,US100_BOOK,2023-04-10T14:46:08,2023-04-10T18:30:00,Monday,OTHER_WEEK,8.7149,-0.36,-0.375,-0.04302975364031716,0,-0.04968266773558265,-0.009389671361502348,lab/artifacts/ea-files/passive-refusal-depth-observation-v1/valid-p1-2022h2-2023/observation/events-a.csv,2842,2852
L0388,P1_2022H2_2023,Return,US30_BOOK,2023-04-10T16:00:00,2023-04-10T22:00:00,Monday,OTHER_WEEK,8.7149,1.85,1.8290000000000146,0.2098704517550419,0,0.13789158470377347,-0.09523809523809523,lab/artifacts/ea-files/passive-refusal-depth-observation-v1/valid-p1-2022h2-2023/observation/events-a.csv,2846,2853
L0389,P1_2022H2_2023,Cross,US100_BOOK,2023-04-11T17:00:00,2023-04-11T21:00:00,Tuesday,OTHER_WEEK,8.7418,-0.19,-0.20500000000000002,-0.02345054794207143,0,-0.03215432015009377,-0.006993006993006993,lab/artifacts/ea-files/passive-refusal-depth-observation-v1/valid-p1-2022h2-2023/observation/events-a.csv,2864,2866
L0390,P1_2022H2_2023,Passive,US100_BOOK,2023-04-12T15:56:35,2023-04-12T16:45:00,Wednesday,OTHER_WEEK,8.7336,1.05,1.0350000000000001,0.11850783182192913,0,0.11185491772666363,-0.009389671361502348,lab/artifacts/ea-files/passive-refusal-depth-observation-v1/valid-p1-2022h2-2023/observation/events-a.csv,2873,2874
L0391,P1_2022H2_2023,Cross,US100_BOOK,2023-04-12T17:00:00,2023-04-12T21:00:00,Wednesday,OTHER_WEEK,8.775,-0.05,-0.065,-0.007407407407407408,0,-0.016111179615429752,-0.006993006993006993,lab/artifacts/ea-files/passive-refusal-depth-observation-v1/valid-p1-2022h2-2023/observation/events-a.csv,2878,2880
L0392,P1_2022H2_2023,Cross,US100_BOOK,2023-04-13T17:00:00,2023-04-13T21:00:00,Thursday,OTHER_WEEK,8.7724,1.22,1.205,0.13736263736263737,0,0.12865886515461503,-0.006993006993006993,lab/artifacts/ea-files/passive-refusal-depth-observation-v1/valid-p1-2022h2-2023/observation/events-a.csv,2885,2887
L0393,P1_2022H2_2023,Passive,US100_BOOK,2023-04-14T13:17:12,2023-04-14T15:15:00,Friday,OTHER_WEEK,8.8206,0.12,0.105,0.011903952112101216,0,0.005251038016835722,-0.009389671361502348,lab/artifacts/ea-files/passive-refusal-depth-observation-v1/valid-p1-2022h2-2023/observation/events-a.csv,2894,2900
L0394,P1_2022H2_2023,Passive,US100_BOOK,2023-04-14T15:45:19,2023-04-14T16:45:00,Friday,OTHER_WEEK,8.8248,0.97,0.955,0.10821774997733659,0,0.10156483588207109,-0.009389671361502348,lab/artifacts/ea-files/passive-refusal-depth-observation-v1/valid-p1-2022h2-2023/observation/events-a.csv,2906,2907
L0395,P1_2022H2_2023,RC16,US30_BOOK,2023-04-14T13:30:00,2023-04-14T17:30:00,Friday,OTHER_WEEK,8.8206,-1.13,-1.1509999999999854,-0.13048998934312692,0,-0.2076023068634121,-0.025974025974025976,lab/artifacts/ea-files/passive-refusal-depth-observation-v1/valid-p1-2022h2-2023/observation/events-a.csv,2898,2913
L0396,P1_2022H2_2023,Cross,US100_BOOK,2023-04-14T17:00:00,2023-04-14T21:00:00,Friday,OTHER_WEEK,8.863,-1.24,-1.3084999999999853,-0.14763624055060198,0,-0.15634001275862433,-0.006993006993006993,lab/artifacts/ea-files/passive-refusal-depth-observation-v1/valid-p1-2022h2-2023/observation/events-a.csv,2911,2914
L0397,P1_2022H2_2023,RC4,US30_BOOK,2023-04-17T13:00:00,2023-04-17T19:00:00,Monday,STANDARD_EXPIRATION_WEEK,8.7646,-0.28,-0.3009999999999855,-0.034342696757408836,0,-0.1378090918606732,-0.1509433962264151,lab/artifacts/ea-files/passive-refusal-depth-observation-v1/valid-p1-2022h2-2023/observation/events-a.csv,2919,2927
L0398,P1_2022H2_2023,Cross,US100_BOOK,2023-04-17T17:00:00,2023-04-17T21:00:00,Monday,STANDARD_EXPIRATION_WEEK,8.7646,0.65,0.635,0.07245053967094905,0,0.0637467674629267,-0.006993006993006993,lab/artifacts/ea-files/passive-refusal-depth-observation-v1/valid-p1-2022h2-2023/observation/events-a.csv,2925,2928
L0399,P1_2022H2_2023,Passive,US100_BOOK,2023-04-18T12:16:17,2023-04-18T16:15:00,Tuesday,STANDARD_EXPIRATION_WEEK,8.778,-0.35,-0.365,-0.04158122579175211,0,-0.0482341398870176,-0.009389671361502348,lab/artifacts/ea-files/passive-refusal-depth-observation-v1/valid-p1-2022h2-2023/observation/events-a.csv,2935,2936
L0400,P1_2022H2_2023,Passive,US100_BOOK,2023-04-19T12:46:35,2023-04-19T15:30:00,Wednesday,STANDARD_EXPIRATION_WEEK,8.7634,0.1,0.085,0.009699431727411735,0,0.00304651763214624,-0.009389671361502348,lab/artifacts/ea-files/passive-refusal-depth-observation-v1/valid-p1-2022h2-2023/observation/events-a.csv,2943,2944
L0401,P1_2022H2_2023,Cross,US100_BOOK,2023-04-19T17:00:00,2023-04-19T21:00:00,Wednesday,STANDARD_EXPIRATION_WEEK,8.7668,1.15,1.135,0.12946571154811334,0,0.120761939340091,-0.006993006993006993,lab/artifacts/ea-files/passive-refusal-depth-observation-v1/valid-p1-2022h2-2023/observation/events-a.csv,2948,2950
L0402,P1_2022H2_2023,Passive,US100_BOOK,2023-04-20T12:16:32,2023-04-20T14:00:00,Thursday,STANDARD_EXPIRATION_WEEK,8.8122,0.32,0.305,0.03461110732847643,0,0.027958193233210936,-0.009389671361502348,lab/artifacts/ea-files/passive-refusal-depth-observation-v1/valid-p1-2022h2-2023/observation/events-a.csv,2957,2958
L0403,P1_2022H2_2023,Cross,US100_BOOK,2023-04-20T17:00:00,2023-04-20T21:00:00,Thursday,STANDARD_EXPIRATION_WEEK,8.8244,0.52,0.505,0.057227686868228995,0,0.048523914660206655,-0.006993006993006993,lab/artifacts/ea-files/passive-refusal-depth-observation-v1/valid-p1-2022h2-2023/observation/events-a.csv,2962,2964
L0404,P1_2022H2_2023,Passive,US100_BOOK,2023-04-21T15:02:04,2023-04-21T16:15:00,Friday,STANDARD_EXPIRATION_WEEK,8.8446,0.45,0.435,0.049182552065667184,0,0.04252963797040169,-0.009389671361502348,lab/artifacts/ea-files/passive-refusal-depth-observation-v1/valid-p1-2022h2-2023/observation/events-a.csv,2971,2972
L0405,P1_2022H2_2023,Cross,US100_BOOK,2023-04-21T17:00:00,2023-04-21T21:00:00,Friday,STANDARD_EXPIRATION_WEEK,8.862,-1.08,-1.095,-0.12356127285037237,0,-0.1322650450583947,-0.006993006993006993,lab/artifacts/ea-files/passive-refusal-depth-observation-v1/valid-p1-2022h2-2023/observation/events-a.csv,2976,2978
L0406,P1_2022H2_2023,Passive,US100_BOOK,2023-04-24T14:30:43,2023-04-24T15:30:00,Monday,OTHER_WEEK,8.8182,0.07,0.05500000000000001,0.00623710054206074,0,-0.0004158135532047547,-0.009389671361502348,lab/artifacts/ea-files/passive-refusal-depth-observation-v1/valid-p1-2022h2-2023/observation/events-a.csv,2996,2997
L0407,P1_2022H2_2023,RC16,US30_BOOK,2023-04-24T13:30:00,2023-04-24T17:30:00,Monday,OTHER_WEEK,8.8182,1.32,1.2990000000000146,0.14730897462067255,0,0.07019665710038736,-0.025974025974025976,lab/artifacts/ea-files/passive-refusal-depth-observation-v1/valid-p1-2022h2-2023/observation/events-a.csv,2988,3003
L0408,P1_2022H2_2023,Cross,US100_BOOK,2023-04-24T17:00:00,2023-04-24T21:00:00,Monday,OTHER_WEEK,8.8204,0.54,0.525,0.059521110153734534,0,0.05081733794571219,-0.006993006993006993,lab/artifacts/ea-files/passive-refusal-depth-observation-v1/valid-p1-2022h2-2023/observation/events-a.csv,3001,3004
L0409,P1_2022H2_2023,Cross,US100_BOOK,2023-04-25T17:00:00,2023-04-25T21:00:00,Tuesday,OTHER_WEEK,8.8933,1.16,1.136999999999989,0.1278490549065014,0,0.11914528269847904,-0.006993006993006993,lab/artifacts/ea-files/passive-refusal-depth-observation-v1/valid-p1-2022h2-2023/observation/events-a.csv,3009,3011
L0410,P1_2022H2_2023,Passive,US100_BOOK,2023-04-26T14:54:02,2023-04-26T16:15:00,Wednesday,OTHER_WEEK,8.9388,0.62,0.605,0.06768246297042108,0,0.06102954887515558,-0.009389671361502348,lab/artifacts/ea-files/passive-refusal-depth-observation-v1/valid-p1-2022h2-2023/observation/events-a.csv,3018,3019
L0411,P1_2022H2_2023,Cross,US100_BOOK,2023-04-26T17:00:00,2023-04-26T21:00:00,Wednesday,OTHER_WEEK,8.963,-0.34,-0.35500000000000004,-0.039607274350106,0,-0.04831104655812834,-0.006993006993006993,lab/artifacts/ea-files/passive-refusal-depth-observation-v1/valid-p1-2022h2-2023/observation/events-a.csv,3023,3025
L0412,P1_2022H2_2023,RC16,US30_BOOK,2023-04-27T13:30:00,2023-04-27T17:30:00,Thursday,OTHER_WEEK,8.9488,1.06,1.0390000000000146,0.11610495261934724,0,0.03899263509906205,-0.025974025974025976,lab/artifacts/ea-files/passive-refusal-depth-observation-v1/valid-p1-2022h2-2023/observation/events-a.csv,3035,3044
L0413,P1_2022H2_2023,RC4,US30_BOOK,2023-04-27T13:00:00,2023-04-27T19:00:00,Thursday,OTHER_WEEK,8.9488,-2.01,-2.030999999999985,-0.22695780439835342,0,-0.3304241995016178,-0.1509433962264151,lab/artifacts/ea-files/passive-refusal-depth-observation-v1/valid-p1-2022h2-2023/observation/events-a.csv,3030,3045
L0414,P1_2022H2_2023,Cross,US100_BOOK,2023-04-27T17:00:00,2023-04-27T21:00:00,Thursday,OTHER_WEEK,8.9488,-1.81,-1.825,-0.20393795816198818,0,-0.21264173037001052,-0.006993006993006993,lab/artifacts/ea-files/passive-refusal-depth-observation-v1/valid-p1-2022h2-2023/observation/events-a.csv,3042,3046
L0415,P1_2022H2_2023,Cross,US100_BOOK,2023-04-28T17:00:00,2023-04-28T21:00:00,Friday,OTHER_WEEK,8.8361,-0.69,-0.7180000000000109,-0.08125756838424314,0,-0.08996134059226549,-0.006993006993006993,lab/artifacts/ea-files/passive-refusal-depth-observation-v1/valid-p1-2022h2-2023/observation/events-a.csv,3051,3053
L0416,P1_2022H2_2023,RC4,US30_BOOK,2023-05-01T13:00:00,2023-05-01T19:00:00,Monday,OTHER_WEEK,8.8074,0.38,0.35900000000001453,0.040761178100235544,0,-0.06270521700302881,-0.1509433962264151,lab/artifacts/ea-files/passive-refusal-depth-observation-v1/valid-p1-2022h2-2023/observation/events-a.csv,3058,3066
L0417,P1_2022H2_2023,Cross,US100_BOOK,2023-05-01T17:00:00,2023-05-01T21:00:00,Monday,OTHER_WEEK,8.8074,-0.45,-0.465,-0.05279651202397984,0,-0.061500284232002184,-0.006993006993006993,lab/artifacts/ea-files/passive-refusal-depth-observation-v1/valid-p1-2022h2-2023/observation/events-a.csv,3063,3067
L0418,P1_2022H2_2023,RC4,US30_BOOK,2023-05-02T13:00:00,2023-05-02T19:00:00,Tuesday,OTHER_WEEK,8.8032,4.96,4.939000000000014,0.5610459832788093,0,0.45757958817554495,-0.1509433962264151,lab/artifacts/ea-files/passive-refusal-depth-observation-v1/valid-p1-2022h2-2023/observation/events-a.csv,3072,3080
L0419,P1_2022H2_2023,Cross,US100_BOOK,2023-05-02T17:00:00,2023-05-02T21:00:00,Tuesday,OTHER_WEEK,8.8032,-0.84,-0.855,-0.09712377317339149,0,-0.10582754538141384,-0.006993006993006993,lab/artifacts/ea-files/passive-refusal-depth-observation-v1/valid-p1-2022h2-2023/observation/events-a.csv,3078,3081
L0420,P1_2022H2_2023,Cross,US100_BOOK,2023-05-03T17:00:00,2023-05-03T21:00:00,Wednesday,OTHER_WEEK,8.9665,-0.16,-0.175,-0.01951709139575085,0,-0.02822086360377319,-0.006993006993006993,lab/artifacts/ea-files/passive-refusal-depth-observation-v1/valid-p1-2022h2-2023/observation/events-a.csv,3086,3088
L0421,P1_2022H2_2023,Cross,US100_BOOK,2023-05-04T17:00:00,2023-05-04T21:00:00,Thursday,OTHER_WEEK,8.9595,0.68,0.665,0.07422289190244992,0,0.06551911969442757,-0.006993006993006993,lab/artifacts/ea-files/passive-refusal-depth-observation-v1/valid-p1-2022h2-2023/observation/events-a.csv,3098,3100
L0422,P1_2022H2_2023,Return,US30_BOOK,2023-05-04T16:00:00,2023-05-04T22:00:00,Thursday,OTHER_WEEK,8.9595,-2.41,-2.4309999999999854,-0.2713321055862476,0,-0.34331097263751603,-0.09523809523809523,lab/artifacts/ea-files/passive-refusal-depth-observation-v1/valid-p1-2022h2-2023/observation/events-a.csv,3093,3101
L0423,P1_2022H2_2023,RC16,US30_BOOK,2023-05-05T13:30:01,2023-05-05T17:30:00,Friday,OTHER_WEEK,8.8889,2.86,2.8390000000000146,0.3193871007661257,0,0.2422747832458405,-0.025974025974025976,lab/artifacts/ea-files/passive-refusal-depth-observation-v1/valid-p1-2022h2-2023/observation/events-a.csv,3106,3108
L0424,P1_2022H2_2023,RC4,US30_BOOK,2023-05-08T13:00:02,2023-05-08T17:08:00,Monday,OTHER_WEEK,9.0025,-1.15,-1.1709999999999854,-0.13007497917245048,1,-0.2335413742757148,0.8490566037735849,lab/artifacts/ea-files/passive-refusal-depth-observation-v1/valid-p1-2022h2-2023/observation/events-a.csv,3113,3128
L0425,P1_2022H2_2023,RC16,US30_BOOK,2023-05-08T13:30:01,2023-05-08T17:30:00,Monday,OTHER_WEEK,9.0025,-1.53,-1.5509999999999855,-0.1722854762565938,0,-0.24939779377687898,-0.025974025974025976,lab/artifacts/ea-files/passive-refusal-depth-observation-v1/valid-p1-2022h2-2023/observation/events-a.csv,3118,3131
L0426,P1_2022H2_2023,Cross,US100_BOOK,2023-05-08T17:00:00,2023-05-08T21:00:00,Monday,OTHER_WEEK,9.0025,0.73,0.715,0.07942238267148015,0,0.0707186104634578,-0.006993006993006993,lab/artifacts/ea-files/passive-refusal-depth-observation-v1/valid-p1-2022h2-2023/observation/events-a.csv,3125,3136
L0427,P1_2022H2_2023,Passive,US100_BOOK,2023-05-09T12:22:10,2023-05-09T15:15:00,Tuesday,OTHER_WEEK,8.9222,-0.04,-0.055,-0.006164398915065791,0,-0.012817313010331285,-0.009389671361502348,lab/artifacts/ea-files/passive-refusal-depth-observation-v1/valid-p1-2022h2-2023/observation/events-a.csv,3143,3144
L0428,P1_2022H2_2023,Passive,US100_BOOK,2023-05-10T12:22:55,2023-05-10T13:45:00,Wednesday,OTHER_WEEK,8.92,0.11,0.095,0.010650224215246636,0,0.003997310119981142,-0.009389671361502348,lab/artifacts/ea-files/passive-refusal-depth-observation-v1/valid-p1-2022h2-2023/observation/events-a.csv,3151,3152
L0429,P1_2022H2_2023,Passive,US100_BOOK,2023-05-10T14:15:10,2023-05-10T18:15:00,Wednesday,OTHER_WEEK,8.9238,-0.75,-0.765,-0.0857258118738654,0,-0.0923787259691309,-0.009389671361502348,lab/artifacts/ea-files/passive-refusal-depth-observation-v1/valid-p1-2022h2-2023/observation/events-a.csv,3158,3164
L0430,P1_2022H2_2023,Cross,US100_BOOK,2023-05-10T17:00:00,2023-05-10T21:00:00,Wednesday,OTHER_WEEK,8.9238,-0.69,-0.705,-0.07900221878571909,0,-0.08770599099374143,-0.006993006993006993,lab/artifacts/ea-files/passive-refusal-depth-observation-v1/valid-p1-2022h2-2023/observation/events-a.csv,3162,3165
L0431,P1_2022H2_2023,Cross,US100_BOOK,2023-05-11T17:00:00,2023-05-11T21:00:00,Thursday,OTHER_WEEK,8.865,0.4,0.385,0.04342921601804851,0,0.034725443810026166,-0.006993006993006993,lab/artifacts/ea-files/passive-refusal-depth-observation-v1/valid-p1-2022h2-2023/observation/events-a.csv,3175,3177
L0432,P1_2022H2_2023,Return,US30_BOOK,2023-05-11T16:00:00,2023-05-11T22:00:00,Thursday,OTHER_WEEK,8.865,-1.08,-1.1009999999999855,-0.12419627749576825,0,-0.1961751445470367,-0.09523809523809523,lab/artifacts/ea-files/passive-refusal-depth-observation-v1/valid-p1-2022h2-2023/observation/events-a.csv,3170,3178
L0433,P1_2022H2_2023,Cross,US100_BOOK,2023-05-12T17:00:00,2023-05-12T21:00:00,Friday,OTHER_WEEK,8.8363,-1.33,-1.3760000000000037,-0.15572128605864488,0,-0.16442505826666723,-0.006993006993006993,lab/artifacts/ea-files/passive-refusal-depth-observation-v1/valid-p1-2022h2-2023/observation/events-a.csv,3183,3185
L0434,P1_2022H2_2023,Cross,US100_BOOK,2023-05-15T17:00:00,2023-05-15T21:00:00,Monday,STANDARD_EXPIRATION_WEEK,8.7813,0.75,0.735,0.08370059102866319,0,0.07499681882064084,-0.006993006993006993,lab/artifacts/ea-files/passive-refusal-depth-observation-v1/valid-p1-2022h2-2023/observation/events-a.csv,3190,3192
L0435,P1_2022H2_2023,Cross,US100_BOOK,2023-05-16T17:00:00,2023-05-16T21:00:00,Tuesday,STANDARD_EXPIRATION_WEEK,8.8107,0.57,0.5549999999999999,0.06299158977152779,0,0.054287817563505446,-0.006993006993006993,lab/artifacts/ea-files/passive-refusal-depth-observation-v1/valid-p1-2022h2-2023/observation/events-a.csv,3208,3210
L0436,P1_2022H2_2023,Return,US30_BOOK,2023-05-16T16:00:00,2023-05-16T22:00:00,Tuesday,STANDARD_EXPIRATION_WEEK,8.8107,-1.3900000000000001,-1.4109999999999856,-0.16014618588761229,0,-0.23212505293888072,-0.09523809523809523,lab/artifacts/ea-files/passive-refusal-depth-observation-v1/valid-p1-2022h2-2023/observation/events-a.csv,3203,3211
L0437,P1_2022H2_2023,Cross,US100_BOOK,2023-05-18T17:00:00,2023-05-18T21:00:00,Thursday,STANDARD_EXPIRATION_WEEK,8.7765,0.53,0.515,0.05867942801800262,0,0.04997565580998028,-0.006993006993006993,lab/artifacts/ea-files/passive-refusal-depth-observation-v1/valid-p1-2022h2-2023/observation/events-a.csv,3222,3224
L0438,P1_2022H2_2023,Return,US30_BOOK,2023-05-18T16:00:00,2023-05-18T22:00:00,Thursday,STANDARD_EXPIRATION_WEEK,8.7765,0.57,0.5490000000000145,0.06255340967356172,0,-0.009425457377706711,-0.09523809523809523,lab/artifacts/ea-files/passive-refusal-depth-observation-v1/valid-p1-2022h2-2023/observation/events-a.csv,3217,3225
L0439,P1_2022H2_2023,Passive,US100_BOOK,2023-05-22T13:48:26,2023-05-22T15:00:00,Monday,OTHER_WEEK,8.819,0.19,0.175,0.01984351967343236,0,0.013190605578166864,-0.009389671361502348,lab/artifacts/ea-files/passive-refusal-depth-observation-v1/valid-p1-2022h2-2023/observation/events-a.csv,3238,3239
L0440,P1_2022H2_2023,RC16,US30_BOOK,2023-05-22T13:30:00,2023-05-22T17:30:00,Monday,OTHER_WEEK,8.819,-0.95,-0.9709999999999854,-0.11010318630230019,0,-0.1872155038225854,-0.025974025974025976,lab/artifacts/ea-files/passive-refusal-depth-observation-v1/valid-p1-2022h2-2023/observation/events-a.csv,3236,3245
L0441,P1_2022H2_2023,Cross,US100_BOOK,2023-05-22T17:00:00,2023-05-22T21:00:00,Monday,OTHER_WEEK,8.826,-0.27,-0.28500000000000003,-0.03229095853161115,0,-0.04099473073963349,-0.006993006993006993,lab/artifacts/ea-files/passive-refusal-depth-observation-v1/valid-p1-2022h2-2023/observation/events-a.csv,3243,3246
L0442,P1_2022H2_2023,Passive,US100_BOOK,2023-05-23T12:49:26,2023-05-23T13:45:03,Tuesday,OTHER_WEEK,8.7758,0.09,0.075,0.008546229403587137,0,0.001893315308321642,-0.009389671361502348,lab/artifacts/ea-files/passive-refusal-depth-observation-v1/valid-p1-2022h2-2023/observation/events-a.csv,3253,3254
L0443,P1_2022H2_2023,Passive,US100_BOOK,2023-05-23T15:49:47,2023-05-23T18:00:00,Tuesday,OTHER_WEEK,8.7788,-0.05,-0.065,-0.007404201029753497,0,-0.014057115125018992,-0.009389671361502348,lab/artifacts/ea-files/passive-refusal-depth-observation-v1/valid-p1-2022h2-2023/observation/events-a.csv,3265,3271
L0444,P1_2022H2_2023,Pressure,US30_BOOK,2023-05-23T15:00:00,2023-05-23T19:00:00,Tuesday,OTHER_WEEK,8.7788,-0.82,-0.8409999999999854,-0.09579897024650127,0,-0.12430874303940051,-0.05714285714285714,lab/artifacts/ea-files/passive-refusal-depth-observation-v1/valid-p1-2022h2-2023/observation/events-a.csv,3263,3272
L0445,P1_2022H2_2023,Cross,US100_BOOK,2023-05-23T17:00:00,2023-05-23T21:00:00,Tuesday,OTHER_WEEK,8.7788,-0.87,-0.885,-0.1008110447897207,0,-0.10951481699774304,-0.006993006993006993,lab/artifacts/ea-files/passive-refusal-depth-observation-v1/valid-p1-2022h2-2023/observation/events-a.csv,3269,3273
L0446,P1_2022H2_2023,Passive,US100_BOOK,2023-05-24T14:50:05,2023-05-24T18:45:00,Wednesday,OTHER_WEEK,8.7071,-0.77,-0.785,-0.0901563092189133,0,-0.0968092233141788,-0.009389671361502348,lab/artifacts/ea-files/passive-refusal-depth-observation-v1/valid-p1-2022h2-2023/observation/events-a.csv,3280,3291
L0447,P1_2022H2_2023,Cross,US100_BOOK,2023-05-24T17:00:00,2023-05-24T21:00:00,Wednesday,OTHER_WEEK,8.7071,-0.08,-0.095,-0.010910636147511801,0,-0.019614408355534144,-0.006993006993006993,lab/artifacts/ea-files/passive-refusal-depth-observation-v1/valid-p1-2022h2-2023/observation/events-a.csv,3289,3292
L0448,P1_2022H2_2023,Return,US30_BOOK,2023-05-24T16:00:00,2023-05-24T22:00:00,Wednesday,OTHER_WEEK,8.7071,-1.73,-1.7509999999999855,-0.20110025151887373,0,-0.27307911857014217,-0.09523809523809523,lab/artifacts/ea-files/passive-refusal-depth-observation-v1/valid-p1-2022h2-2023/observation/events-a.csv,3284,3293
L0449,P1_2022H2_2023,Passive,US100_BOOK,2023-05-25T14:19:55,2023-05-25T16:45:00,Thursday,OTHER_WEEK,8.6019,0.07,0.05500000000000001,0.006393936223392507,0,-0.0002589778718729875,-0.009389671361502348,lab/artifacts/ea-files/passive-refusal-depth-observation-v1/valid-p1-2022h2-2023/observation/events-a.csv,3300,3301
L0450,P1_2022H2_2023,Cross,US100_BOOK,2023-05-25T17:00:00,2023-05-25T21:00:00,Thursday,OTHER_WEEK,8.6041,-1.15,-1.1649999999999998,-0.1354005648469915,0,-0.14410433705501385,-0.006993006993006993,lab/artifacts/ea-files/passive-refusal-depth-observation-v1/valid-p1-2022h2-2023/observation/events-a.csv,3305,3307
L0451,P1_2022H2_2023,Passive,US100_BOOK,2023-05-26T13:46:18,2023-05-26T17:45:00,Friday,OTHER_WEEK,8.5575,-2.15,-2.165,-0.25299444931346776,0,-0.25964736340873323,-0.009389671361502348,lab/artifacts/ea-files/passive-refusal-depth-observation-v1/valid-p1-2022h2-2023/observation/events-a.csv,3314,3320
L0452,P1_2022H2_2023,Cross,US100_BOOK,2023-05-26T17:00:00,2023-05-26T21:00:00,Friday,OTHER_WEEK,8.5575,2.01,1.9949999999999999,0.23312883435582823,0,0.2244250621478059,-0.006993006993006993,lab/artifacts/ea-files/passive-refusal-depth-observation-v1/valid-p1-2022h2-2023/observation/events-a.csv,3318,3321
L0453,P1_2022H2_2023,RC4,US30_BOOK,2023-05-29T13:00:00,2023-05-29T19:00:00,Monday,OTHER_WEEK,8.5507,-0.53,-0.5509999999999855,-0.06443916872302682,0,-0.16790556382629118,-0.1509433962264151,lab/artifacts/ea-files/passive-refusal-depth-observation-v1/valid-p1-2022h2-2023/observation/events-a.csv,3326,3331
L0454,P1_2022H2_2023,Passive,US100_BOOK,2023-05-30T12:18:37,2023-05-30T16:15:00,Tuesday,OTHER_WEEK,8.5287,-0.3,-0.315,-0.03693411657110696,0,-0.043587030666372456,-0.009389671361502348,lab/artifacts/ea-files/passive-refusal-depth-observation-v1/valid-p1-2022h2-2023/observation/events-a.csv,3338,3344
L0455,P1_2022H2_2023,Cross,US100_BOOK,2023-05-30T17:00:00,2023-05-30T21:00:00,Tuesday,OTHER_WEEK,8.5161,0.88,0.8290000000000146,0.0973450288277515,0,0.08864125661972916,-0.006993006993006993,lab/artifacts/ea-files/passive-refusal-depth-observation-v1/valid-p1-2022h2-2023/observation/events-a.csv,3348,3350
L0456,P1_2022H2_2023,Return,US30_BOOK,2023-05-30T16:00:00,2023-05-30T22:00:00,Tuesday,OTHER_WEEK,8.5287,-0.99,-1.0109999999999855,-0.11854092651869398,0,-0.1905197935699624,-0.09523809523809523,lab/artifacts/ea-files/passive-refusal-depth-observation-v1/valid-p1-2022h2-2023/observation/events-a.csv,3342,3351
L0457,P1_2022H2_2023,Passive,US100_BOOK,2023-05-31T15:47:29,2023-05-31T16:45:00,Wednesday,OTHER_WEEK,8.5088,0.61,0.595,0.0699276043625423,0,0.0632746902672768,-0.009389671361502348,lab/artifacts/ea-files/passive-refusal-depth-observation-v1/valid-p1-2022h2-2023/observation/events-a.csv,3358,3364
L0458,P1_2022H2_2023,Cross,US100_BOOK,2023-05-31T17:00:00,2023-05-31T21:00:00,Wednesday,OTHER_WEEK,8.5326,-0.28,-0.29500000000000004,-0.03457328364156295,0,-0.04327705584958529,-0.006993006993006993,lab/artifacts/ea-files/passive-refusal-depth-observation-v1/valid-p1-2022h2-2023/observation/events-a.csv,3368,3370
L0459,P1_2022H2_2023,Return,US30_BOOK,2023-05-31T16:00:00,2023-05-31T22:00:00,Wednesday,OTHER_WEEK,8.5088,-0.08,-0.10099999999998545,-0.011870063933807991,0,-0.08384893098507643,-0.09523809523809523,lab/artifacts/ea-files/passive-refusal-depth-observation-v1/valid-p1-2022h2-2023/observation/events-a.csv,3362,3371
L0460,P1_2022H2_2023,Cross,US100_BOOK,2023-06-01T17:00:00,2023-06-01T21:00:00,Thursday,OTHER_WEEK,8.5167,1.67,1.655,0.19432409266499936,0,0.18562032045697702,-0.006993006993006993,lab/artifacts/ea-files/passive-refusal-depth-observation-v1/valid-p1-2022h2-2023/observation/events-a.csv,3381,3383
L0461,P1_2022H2_2023,Return,US30_BOOK,2023-06-01T16:00:00,2023-06-01T22:00:00,Thursday,OTHER_WEEK,8.5167,2.95,2.929000000000015,0.34391254828748397,0,0.27193368123621553,-0.09523809523809523,lab/artifacts/ea-files/passive-refusal-depth-observation-v1/valid-p1-2022h2-2023/observation/events-a.csv,3376,3384
L0462,P1_2022H2_2023,Passive,US100_BOOK,2023-06-02T12:18:21,2023-06-02T15:15:00,Friday,OTHER_WEEK,8.7001,0.07,0.05500000000000001,0.006321766416477971,0,-0.0003311476787875231,-0.009389671361502348,lab/artifacts/ea-files/passive-refusal-depth-observation-v1/valid-p1-2022h2-2023/observation/events-a.csv,3391,3397
L0463,P1_2022H2_2023,RC4,US30_BOOK,2023-06-02T13:00:00,2023-06-02T19:00:00,Friday,OTHER_WEEK,8.7001,4.57,4.549000000000015,0.522867553246516,0,0.4194011581432517,-0.1509433962264151,lab/artifacts/ea-files/passive-refusal-depth-observation-v1/valid-p1-2022h2-2023/observation/events-a.csv,3395,3404
L0464,P1_2022H2_2023,Cross,US100_BOOK,2023-06-02T17:00:00,2023-06-02T21:00:00,Friday,OTHER_WEEK,8.7023,-1.06,-1.075,-0.1235305608862025,0,-0.13223433309422483,-0.006993006993006993,lab/artifacts/ea-files/passive-refusal-depth-observation-v1/valid-p1-2022h2-2023/observation/events-a.csv,3402,3405
L0465,P1_2022H2_2023,RC4,US30_BOOK,2023-06-05T13:00:01,2023-06-05T19:00:00,Monday,OTHER_WEEK,8.8413,1.26,1.2390000000000145,0.14013776254623353,0,0.036671367442969185,-0.1509433962264151,lab/artifacts/ea-files/passive-refusal-depth-observation-v1/valid-p1-2022h2-2023/observation/events-a.csv,3410,3423
L0466,P1_2022H2_2023,Cross,US100_BOOK,2023-06-05T17:00:00,2023-06-05T21:00:00,Monday,OTHER_WEEK,8.8413,0.22,0.20500000000000002,0.023186635449537963,0,0.01448286324151562,-0.006993006993006993,lab/artifacts/ea-files/passive-refusal-depth-observation-v1/valid-p1-2022h2-2023/observation/events-a.csv,3421,3424
L0467,P1_2022H2_2023,Return,US30_BOOK,2023-06-05T16:00:00,2023-06-05T22:00:00,Monday,OTHER_WEEK,8.8413,-1.08,-1.1009999999999855,-0.12452919819483396,0,-0.1965080652461024,-0.09523809523809523,lab/artifacts/ea-files/passive-refusal-depth-observation-v1/valid-p1-2022h2-2023/observation/events-a.csv,3415,3425
L0468,P1_2022H2_2023,Cross,US100_BOOK,2023-06-06T17:00:00,2023-06-06T21:00:00,Tuesday,OTHER_WEEK,8.855,-0.07,-0.085,-0.009599096555618296,0,-0.018302868763640637,-0.006993006993006993,lab/artifacts/ea-files/passive-refusal-depth-observation-v1/valid-p1-2022h2-2023/observation/events-a.csv,3430,3432
L0469,P1_2022H2_2023,Passive,US100_BOOK,2023-06-07T14:35:24,2023-06-07T17:15:00,Wednesday,OTHER_WEEK,8.8516,-0.09,-0.105,-0.011862262189886574,0,-0.01851517628515207,-0.009389671361502348,lab/artifacts/ea-files/passive-refusal-depth-observation-v1/valid-p1-2022h2-2023/observation/events-a.csv,3439,3445
L0470,P1_2022H2_2023,Cross,US100_BOOK,2023-06-07T17:00:00,2023-06-07T21:00:00,Wednesday,OTHER_WEEK,8.8516,-2.55,-2.565,-0.28977811921008634,0,-0.29848189141810866,-0.006993006993006993,lab/artifacts/ea-files/passive-refusal-depth-observation-v1/valid-p1-2022h2-2023/observation/events-a.csv,3443,3446
L0471,P1_2022H2_2023,Passive,US100_BOOK,2023-06-08T12:38:42,2023-06-08T14:30:00,Thursday,OTHER_WEEK,8.7448,0.01,-0.004999999999999999,-0.0005717683651998901,0,-0.007224682460465384,-0.009389671361502348,lab/artifacts/ea-files/passive-refusal-depth-observation-v1/valid-p1-2022h2-2023/observation/events-a.csv,3453,3454
L0472,P1_2022H2_2023,Cross,US100_BOOK,2023-06-08T17:00:00,2023-06-08T21:00:01,Thursday,OTHER_WEEK,8.7446,0.63,0.615,0.07032911739816572,0,0.06162534519014338,-0.006993006993006993,lab/artifacts/ea-files/passive-refusal-depth-observation-v1/valid-p1-2022h2-2023/observation/events-a.csv,3463,3465
L0473,P1_2022H2_2023,Return,US30_BOOK,2023-06-08T16:00:00,2023-06-08T22:00:00,Thursday,OTHER_WEEK,8.7446,1.96,1.9390000000000145,0.22173684330901522,0,0.14975797625774678,-0.09523809523809523,lab/artifacts/ea-files/passive-refusal-depth-observation-v1/valid-p1-2022h2-2023/observation/events-a.csv,3458,3466
L0474,P1_2022H2_2023,Passive,US100_BOOK,2023-06-09T15:53:42,2023-06-09T19:00:00,Friday,OTHER_WEEK,8.8467,0.23,0.21500000000000002,0.024302847389422046,0,0.017649933294156553,-0.009389671361502348,lab/artifacts/ea-files/passive-refusal-depth-observation-v1/valid-p1-2022h2-2023/observation/events-a.csv,3473,3479
L0475,P1_2022H2_2023,Cross,US100_BOOK,2023-06-09T17:00:00,2023-06-09T21:00:00,Friday,OTHER_WEEK,8.8467,-0.49,-0.505,-0.05708343224027038,0,-0.06578720444829272,-0.006993006993006993,lab/artifacts/ea-files/passive-refusal-depth-observation-v1/valid-p1-2022h2-2023/observation/events-a.csv,3477,3480
L0476,P1_2022H2_2023,Cross,US100_BOOK,2023-06-12T17:00:00,2023-06-12T21:00:00,Monday,STANDARD_EXPIRATION_WEEK,8.8351,-0.99,-1.005,-0.11375083473871261,0,-0.12245460694673496,-0.006993006993006993,lab/artifacts/ea-files/passive-refusal-depth-observation-v1/valid-p1-2022h2-2023/observation/events-a.csv,3490,3492
L0477,P1_2022H2_2023,Return,US30_BOOK,2023-06-12T16:00:00,2023-06-12T22:00:00,Monday,STANDARD_EXPIRATION_WEEK,8.8351,0.7,0.6790000000000145,0.07685255401750002,0,0.004873686966231583,-0.09523809523809523,lab/artifacts/ea-files/passive-refusal-depth-observation-v1/valid-p1-2022h2-2023/observation/events-a.csv,3485,3493
L0478,P1_2022H2_2023,Passive,US100_BOOK,2023-06-13T13:47:19,2023-06-13T15:45:00,Tuesday,STANDARD_EXPIRATION_WEEK,8.8221,0.74,0.725,0.08217997982339804,0,0.07552706572813254,-0.009389671361502348,lab/artifacts/ea-files/passive-refusal-depth-observation-v1/valid-p1-2022h2-2023/observation/events-a.csv,3500,3501
L0479,P1_2022H2_2023,Cross,US100_BOOK,2023-06-13T17:00:00,2023-06-13T21:00:00,Tuesday,STANDARD_EXPIRATION_WEEK,8.8511,-0.67,-0.685,-0.07739151065969202,0,-0.08609528286771437,-0.006993006993006993,lab/artifacts/ea-files/passive-refusal-depth-observation-v1/valid-p1-2022h2-2023/observation/events-a.csv,3505,3507
L0480,P1_2022H2_2023,RC16,US30_BOOK,2023-06-14T13:30:00,2023-06-14T17:30:00,Wednesday,STANDARD_EXPIRATION_WEEK,8.8237,-1.06,-1.0809999999999855,-0.12251096478801245,0,-0.19962328230829762,-0.025974025974025976,lab/artifacts/ea-files/passive-refusal-depth-observation-v1/valid-p1-2022h2-2023/observation/events-a.csv,3512,3524
L0481,P1_2022H2_2023,Cross,US100_BOOK,2023-06-14T17:00:00,2023-06-14T21:00:01,Wednesday,STANDARD_EXPIRATION_WEEK,8.8237,0.13,0.09149999999999636,0.01036979951720892,0,0.0016660273091865779,-0.006993006993006993,lab/artifacts/ea-files/passive-refusal-depth-observation-v1/valid-p1-2022h2-2023/observation/events-a.csv,3522,3525
L0482,P1_2022H2_2023,Return,US30_BOOK,2023-06-14T16:00:00,2023-06-14T22:00:00,Wednesday,STANDARD_EXPIRATION_WEEK,8.8237,-1.97,-1.9909999999999854,-0.22564230424878287,0,-0.2976211713000513,-0.09523809523809523,lab/artifacts/ea-files/passive-refusal-depth-observation-v1/valid-p1-2022h2-2023/observation/events-a.csv,3517,3526
L0483,P1_2022H2_2023,Passive,US100_BOOK,2023-06-15T13:34:38,2023-06-15T15:30:01,Thursday,STANDARD_EXPIRATION_WEEK,8.7045,-0.1,-0.14550000000001093,-0.01671549198690458,0,-0.023368406082170078,-0.009389671361502348,lab/artifacts/ea-files/passive-refusal-depth-observation-v1/valid-p1-2022h2-2023/observation/events-a.csv,3533,3534
L0484,P1_2022H2_2023,Cross,US100_BOOK,2023-06-15T17:00:00,2023-06-15T21:00:00,Thursday,STANDARD_EXPIRATION_WEEK,8.6987,-1.53,-1.545,-0.17761274673227032,0,-0.18631651894029266,-0.006993006993006993,lab/artifacts/ea-files/passive-refusal-depth-observation-v1/valid-p1-2022h2-2023/observation/events-a.csv,3538,3540
L0485,P1_2022H2_2023,Cross,US100_BOOK,2023-06-16T17:00:00,2023-06-16T21:00:00,Friday,STANDARD_EXPIRATION_WEEK,8.6369,-0.02,-0.042999999999992725,-0.004978638168786569,0,-0.013682410376808913,-0.006993006993006993,lab/artifacts/ea-files/passive-refusal-depth-observation-v1/valid-p1-2022h2-2023/observation/events-a.csv,3545,3547
L0486,P1_2022H2_2023,RC16,US30_BOOK,2023-06-19T13:30:03,2023-06-19T17:30:00,Monday,OTHER_WEEK,8.6351,-0.87,-0.8909999999999855,-0.10318351843058975,0,-0.18029583595087495,-0.025974025974025976,lab/artifacts/ea-files/passive-refusal-depth-observation-v1/valid-p1-2022h2-2023/observation/events-a.csv,3552,3557
L0487,P1_2022H2_2023,Passive,US100_BOOK,2023-06-20T12:28:08,2023-06-20T14:30:00,Tuesday,OTHER_WEEK,8.5995,0.34,0.325,0.037792894935752074,0,0.03113998084048658,-0.009389671361502348,lab/artifacts/ea-files/passive-refusal-depth-observation-v1/valid-p1-2022h2-2023/observation/events-a.csv,3564,3565
L0488,P1_2022H2_2023,Passive,US100_BOOK,2023-06-20T15:02:15,2023-06-20T17:15:00,Tuesday,OTHER_WEEK,8.6125,0.15,0.135,0.015674891146589258,0,0.009021977051323763,-0.009389671361502348,lab/artifacts/ea-files/passive-refusal-depth-observation-v1/valid-p1-2022h2-2023/observation/events-a.csv,3571,3577
L0489,P1_2022H2_2023,Cross,US100_BOOK,2023-06-20T17:00:00,2023-06-20T21:00:00,Tuesday,OTHER_WEEK,8.6125,0.11,0.095,0.011030478955007255,0,0.0023267067469849127,-0.006993006993006993,lab/artifacts/ea-files/passive-refusal-depth-observation-v1/valid-p1-2022h2-2023/observation/events-a.csv,3575,3578
L0490,P1_2022H2_2023,Cross,US100_BOOK,2023-06-21T17:00:00,2023-06-21T21:00:00,Wednesday,OTHER_WEEK,8.6217,0.33,0.315,0.03653571801384878,0,0.027831945805826437,-0.006993006993006993,lab/artifacts/ea-files/passive-refusal-depth-observation-v1/valid-p1-2022h2-2023/observation/events-a.csv,3588,3590
L0491,P1_2022H2_2023,Return,US30_BOOK,2023-06-21T16:00:00,2023-06-21T22:00:00,Wednesday,OTHER_WEEK,8.6217,0.89,0.8690000000000145,0.10079218715566704,0,0.028813320104398604,-0.09523809523809523,lab/artifacts/ea-files/passive-refusal-depth-observation-v1/valid-p1-2022h2-2023/observation/events-a.csv,3583,3591
L0492,P1_2022H2_2023,Cross,US100_BOOK,2023-06-22T17:00:00,2023-06-22T21:00:00,Thursday,OTHER_WEEK,8.6691,0.7,0.6849999999999999,0.07901627619937478,0,0.07031250399135243,-0.006993006993006993,lab/artifacts/ea-files/passive-refusal-depth-observation-v1/valid-p1-2022h2-2023/observation/events-a.csv,3596,3598
L0493,P1_2022H2_2023,Passive,US100_BOOK,2023-06-23T15:45:57,2023-06-23T18:45:00,Friday,OTHER_WEEK,8.6965,0.11,0.095,0.010923934916345655,0,0.004271020821080161,-0.009389671361502348,lab/artifacts/ea-files/passive-refusal-depth-observation-v1/valid-p1-2022h2-2023/observation/events-a.csv,3605,3616
L0494,P1_2022H2_2023,Cross,US100_BOOK,2023-06-23T17:00:00,2023-06-23T21:00:00,Friday,OTHER_WEEK,8.6965,-1.09,-1.105,-0.12706261139538894,0,-0.13576638360341128,-0.006993006993006993,lab/artifacts/ea-files/passive-refusal-depth-observation-v1/valid-p1-2022h2-2023/observation/events-a.csv,3614,3617
L0495,P1_2022H2_2023,Return,US30_BOOK,2023-06-23T16:00:00,2023-06-23T22:00:00,Friday,OTHER_WEEK,8.6965,-0.65,-0.6709999999999855,-0.0771574771459766,0,-0.14913634419724503,-0.09523809523809523,lab/artifacts/ea-files/passive-refusal-depth-observation-v1/valid-p1-2022h2-2023/observation/events-a.csv,3609,3618
L0496,P1_2022H2_2023,Cross,US100_BOOK,2023-06-26T17:00:00,2023-06-26T21:00:00,Monday,OTHER_WEEK,8.6292,-2.39,-2.4050000000000002,-0.2787048625596811,0,-0.2874086347677034,-0.006993006993006993,lab/artifacts/ea-files/passive-refusal-depth-observation-v1/valid-p1-2022h2-2023/observation/events-a.csv,3629,3631
L0497,P1_2022H2_2023,Pressure,US30_BOOK,2023-06-27T15:00:00,2023-06-27T19:00:00,Tuesday,OTHER_WEEK,8.533,-1.97,-1.9909999999999854,-0.2333294269307378,0,-0.26183919972363706,-0.05714285714285714,lab/artifacts/ea-files/passive-refusal-depth-observation-v1/valid-p1-2022h2-2023/observation/events-a.csv,3636,3643
L0498,P1_2022H2_2023,Cross,US100_BOOK,2023-06-27T17:00:00,2023-06-27T21:00:00,Tuesday,OTHER_WEEK,8.533,1.54,1.4964999999999964,0.1753779444509547,0,0.16667417224293235,-0.006993006993006993,lab/artifacts/ea-files/passive-refusal-depth-observation-v1/valid-p1-2022h2-2023/observation/events-a.csv,3641,3644
L0499,P1_2022H2_2023,RC16,US30_BOOK,2023-06-28T13:30:00,2023-06-28T17:30:00,Wednesday,OTHER_WEEK,8.5132,-1.9,-1.9209999999999854,-0.22564957947657585,0,-0.30276189699686107,-0.025974025974025976,lab/artifacts/ea-files/passive-refusal-depth-observation-v1/valid-p1-2022h2-2023/observation/events-a.csv,3649,3656
L0500,P1_2022H2_2023,Cross,US100_BOOK,2023-06-28T17:00:00,2023-06-28T21:00:00,Wednesday,OTHER_WEEK,8.5132,0.11,0.095,0.011159141098529344,0,0.002455368890507001,-0.006993006993006993,lab/artifacts/ea-files/passive-refusal-depth-observation-v1/valid-p1-2022h2-2023/observation/events-a.csv,3654,3657
L0501,P1_2022H2_2023,Passive,US100_BOOK,2023-06-29T13:31:07,2023-06-29T15:45:00,Thursday,OTHER_WEEK,8.4402,0.29,0.27499999999999997,0.03258216629937678,0,0.02592925220411129,-0.009389671361502348,lab/artifacts/ea-files/passive-refusal-depth-observation-v1/valid-p1-2022h2-2023/observation/events-a.csv,3669,3670
L0502,P1_2022H2_2023,RC16,US30_BOOK,2023-06-29T13:30:00,2023-06-29T17:30:00,Thursday,OTHER_WEEK,8.4402,0.83,0.8090000000000145,0.09585080922253197,0,0.018738491702246785,-0.025974025974025976,lab/artifacts/ea-files/passive-refusal-depth-observation-v1/valid-p1-2022h2-2023/observation/events-a.csv,3667,3676
L0503,P1_2022H2_2023,Cross,US100_BOOK,2023-06-29T17:00:00,2023-06-29T21:00:00,Thursday,OTHER_WEEK,8.4512,0.38,0.365,0.043189132904202954,0,0.03448536069618061,-0.006993006993006993,lab/artifacts/ea-files/passive-refusal-depth-observation-v1/valid-p1-2022h2-2023/observation/events-a.csv,3674,3677
L0504,P1_2022H2_2023,Passive,US100_BOOK,2023-06-30T13:48:48,2023-06-30T14:45:00,Friday,OTHER_WEEK,8.4982,0.11,0.095,0.011178837871549269,0,0.0045259237762837745,-0.009389671361502348,lab/artifacts/ea-files/passive-refusal-depth-observation-v1/valid-p1-2022h2-2023/observation/events-a.csv,3690,3691
L0505,P1_2022H2_2023,Passive,US100_BOOK,2023-06-30T15:45:02,2023-06-30T19:45:00,Friday,OTHER_WEEK,8.502,-0.94,-0.955,-0.1123265114090802,0,-0.1189794255043457,-0.009389671361502348,lab/artifacts/ea-files/passive-refusal-depth-observation-v1/valid-p1-2022h2-2023/observation/events-a.csv,3697,3703
L0506,P1_2022H2_2023,Cross,US100_BOOK,2023-06-30T17:00:00,2023-06-30T21:00:00,Friday,OTHER_WEEK,8.502,0.34,0.28649999999999637,0.03369795342272364,0,0.024994181214701296,-0.006993006993006993,lab/artifacts/ea-files/passive-refusal-depth-observation-v1/valid-p1-2022h2-2023/observation/events-a.csv,3701,3704
L0507,P1_2022H2_2023,Passive,US100_BOOK,2023-07-05T12:19:01,2023-07-05T15:30:00,Wednesday,OTHER_WEEK,8.4752,-0.18,-0.195,-0.02300830658863508,0,-0.029661220683900577,-0.009389671361502348,lab/artifacts/ea-files/passive-refusal-depth-observation-v1/valid-p1-2022h2-2023/observation/events-a.csv,3718,3724
L0508,P1_2022H2_2023,Pressure,US30_BOOK,2023-07-05T15:00:00,2023-07-05T19:00:00,Wednesday,OTHER_WEEK,8.4752,-0.9,-0.9209999999999855,-0.10867000188785936,0,-0.1371797746807586,-0.05714285714285714,lab/artifacts/ea-files/passive-refusal-depth-observation-v1/valid-p1-2022h2-2023/observation/events-a.csv,3722,3735
L0509,P1_2022H2_2023,Cross,US100_BOOK,2023-07-05T17:00:00,2023-07-05T21:00:00,Wednesday,OTHER_WEEK,8.4674,-0.07,-0.085,-0.010038500602310037,0,-0.018742272810332382,-0.006993006993006993,lab/artifacts/ea-files/passive-refusal-depth-observation-v1/valid-p1-2022h2-2023/observation/events-a.csv,3733,3736
L0510,P1_2022H2_2023,Return,US30_BOOK,2023-07-05T16:00:00,2023-07-05T22:00:00,Wednesday,OTHER_WEEK,8.4674,0.73,0.7090000000000145,0.08373290502397601,0,0.011754037972707576,-0.09523809523809523,lab/artifacts/ea-files/passive-refusal-depth-observation-v1/valid-p1-2022h2-2023/observation/events-a.csv,3728,3737
L0511,P1_2022H2_2023,Pressure,US30_BOOK,2023-07-06T15:00:00,2023-07-06T19:00:00,Thursday,OTHER_WEEK,8.4555,3.02,2.9990000000000148,0.35468038554786996,0,0.3261706127549707,-0.05714285714285714,lab/artifacts/ea-files/passive-refusal-depth-observation-v1/valid-p1-2022h2-2023/observation/events-a.csv,3742,3758
L0512,P1_2022H2_2023,Passive,US100_BOOK,2023-07-06T15:46:44,2023-07-06T19:30:00,Thursday,OTHER_WEEK,8.4555,0.0,-0.015,-0.0017739932588256163,0,-0.008426907354091111,-0.009389671361502348,lab/artifacts/ea-files/passive-refusal-depth-observation-v1/valid-p1-2022h2-2023/observation/events-a.csv,3749,3759
L0513,P1_2022H2_2023,Return,US30_BOOK,2023-07-06T16:00:00,2023-07-06T22:00:00,Thursday,OTHER_WEEK,8.4555,-0.91,-0.9309999999999855,-0.11010584826444154,0,-0.18208471531570997,-0.09523809523809523,lab/artifacts/ea-files/passive-refusal-depth-observation-v1/valid-p1-2022h2-2023/observation/events-a.csv,3753,3760
L0514,P1_2022H2_2023,RC16,US30_BOOK,2023-07-07T13:30:00,2023-07-07T17:30:00,Friday,OTHER_WEEK,8.5377,-0.56,-0.5809999999999855,-0.06805111446876624,0,-0.14516343198905143,-0.025974025974025976,lab/artifacts/ea-files/passive-refusal-depth-observation-v1/valid-p1-2022h2-2023/observation/events-a.csv,3765,3772
L0515,P1_2022H2_2023,Cross,US100_BOOK,2023-07-07T17:00:00,2023-07-07T21:00:00,Friday,OTHER_WEEK,8.5377,0.54,0.525,0.061491970905513206,0,0.052788198697490865,-0.006993006993006993,lab/artifacts/ea-files/passive-refusal-depth-observation-v1/valid-p1-2022h2-2023/observation/events-a.csv,3770,3773
L0516,P1_2022H2_2023,Pressure,US30_BOOK,2023-07-10T15:00:00,2023-07-10T19:00:00,Monday,OTHER_WEEK,8.5354,0.84,0.8190000000000145,0.09595332380439284,0,0.0674435510114936,-0.05714285714285714,lab/artifacts/ea-files/passive-refusal-depth-observation-v1/valid-p1-2022h2-2023/observation/events-a.csv,3784,3797
L0517,P1_2022H2_2023,Cross,US100_BOOK,2023-07-10T17:00:00,2023-07-10T21:00:00,Monday,OTHER_WEEK,8.5354,-0.39,-0.405,-0.047449445837336277,0,-0.05615321804535862,-0.006993006993006993,lab/artifacts/ea-files/passive-refusal-depth-observation-v1/valid-p1-2022h2-2023/observation/events-a.csv,3795,3798
L0518,P1_2022H2_2023,Cross,US100_BOOK,2023-07-11T17:00:00,2023-07-11T21:00:00,Tuesday,OTHER_WEEK,8.552,-0.38,-0.395,-0.046188026192703464,0,-0.054891798400725805,-0.006993006993006993,lab/artifacts/ea-files/passive-refusal-depth-observation-v1/valid-p1-2022h2-2023/observation/events-a.csv,3803,3805
L0519,P1_2022H2_2023,RC16,US30_BOOK,2023-07-12T13:30:00,2023-07-12T17:30:00,Wednesday,OTHER_WEEK,8.5362,2.44,2.4190000000000147,0.28338136407300846,0,0.20626904655272327,-0.025974025974025976,lab/artifacts/ea-files/passive-refusal-depth-observation-v1/valid-p1-2022h2-2023/observation/events-a.csv,3815,3827
L0520,P1_2022H2_2023,Passive,US100_BOOK,2023-07-12T15:45:01,2023-07-12T18:45:00,Wednesday,OTHER_WEEK,8.5362,0.24,0.22499999999999998,0.026358332747592604,0,0.01970541865232711,-0.009389671361502348,lab/artifacts/ea-files/passive-refusal-depth-observation-v1/valid-p1-2022h2-2023/observation/events-a.csv,3822,3828
L0521,P1_2022H2_2023,RC4,US30_BOOK,2023-07-12T13:00:00,2023-07-12T19:00:00,Wednesday,OTHER_WEEK,8.5362,0.97,0.9490000000000145,0.11117359012207008,0,0.007707195018805735,-0.1509433962264151,lab/artifacts/ea-files/passive-refusal-depth-observation-v1/valid-p1-2022h2-2023/observation/events-a.csv,3810,3829
L0522,P1_2022H2_2023,Cross,US100_BOOK,2023-07-13T17:00:00,2023-07-13T21:00:00,Thursday,OTHER_WEEK,8.6799,0.52,0.505,0.058180393783338516,0,0.049476621575316175,-0.006993006993006993,lab/artifacts/ea-files/passive-refusal-depth-observation-v1/valid-p1-2022h2-2023/observation/events-a.csv,3834,3836
L0523,P1_2022H2_2023,Pressure,US30_BOOK,2023-07-14T15:00:00,2023-07-14T19:00:00,Friday,OTHER_WEEK,8.7001,-0.36,-0.38099999999998546,-0.04379260008505482,0,-0.07230237287795406,-0.05714285714285714,lab/artifacts/ea-files/passive-refusal-depth-observation-v1/valid-p1-2022h2-2023/observation/events-a.csv,3841,3848
L0524,P1_2022H2_2023,Cross,US100_BOOK,2023-07-14T17:00:00,2023-07-14T21:00:00,Friday,OTHER_WEEK,8.7001,-0.58,-0.6610000000000036,-0.0759761382053084,0,-0.08467991041333074,-0.006993006993006993,lab/artifacts/ea-files/passive-refusal-depth-observation-v1/valid-p1-2022h2-2023/observation/events-a.csv,3846,3849
L0525,P1_2022H2_2023,RC16,US30_BOOK,2023-07-18T13:30:00,2023-07-18T17:30:00,Tuesday,STANDARD_EXPIRATION_WEEK,8.6584,2.21,2.192999999999956,0.2532800517416562,0,0.176167734221371,-0.025974025974025976,lab/artifacts/ea-files/passive-refusal-depth-observation-v1/valid-p1-2022h2-2023/observation/events-a.csv,3855,3868
L0526,P1_2022H2_2023,Passive,US100_BOOK,2023-07-18T16:30:50,2023-07-18T18:45:00,Tuesday,STANDARD_EXPIRATION_WEEK,8.6584,0.37,0.355,0.04100064677076596,0,0.03434773267550047,-0.009389671361502348,lab/artifacts/ea-files/passive-refusal-depth-observation-v1/valid-p1-2022h2-2023/observation/events-a.csv,3862,3869
L0527,P1_2022H2_2023,Cross,US100_BOOK,2023-07-18T17:00:00,2023-07-18T21:00:00,Tuesday,STANDARD_EXPIRATION_WEEK,8.6584,-1.74,-1.755,-0.20269333826111058,0,-0.21139711046913293,-0.006993006993006993,lab/artifacts/ea-files/passive-refusal-depth-observation-v1/valid-p1-2022h2-2023/observation/events-a.csv,3866,3870
L0528,P1_2022H2_2023,Cross,US100_BOOK,2023-07-19T17:00:00,2023-07-19T21:00:00,Wednesday,STANDARD_EXPIRATION_WEEK,8.6901,0.56,0.545,0.06271504355531007,0,0.05401127134728773,-0.006993006993006993,lab/artifacts/ea-files/passive-refusal-depth-observation-v1/valid-p1-2022h2-2023/observation/events-a.csv,3880,3882
L0529,P1_2022H2_2023,Return,US30_BOOK,2023-07-19T16:00:00,2023-07-19T22:00:00,Wednesday,STANDARD_EXPIRATION_WEEK,8.6901,1.49,1.4720000000000437,0.16938815433654894,0,0.0974092872852805,-0.09523809523809523,lab/artifacts/ea-files/passive-refusal-depth-observation-v1/valid-p1-2022h2-2023/observation/events-a.csv,3875,3883
L0530,P1_2022H2_2023,Passive,US100_BOOK,2023-07-20T12:42:03,2023-07-20T13:15:02,Thursday,STANDARD_EXPIRATION_WEEK,8.7708,0.35,0.33499999999999996,0.03819491950563232,0,0.03154200541036683,-0.009389671361502348,lab/artifacts/ea-files/passive-refusal-depth-observation-v1/valid-p1-2022h2-2023/observation/events-a.csv,3890,3891
L0531,P1_2022H2_2023,Cross,US100_BOOK,2023-07-20T17:00:00,2023-07-20T21:00:00,Thursday,STANDARD_EXPIRATION_WEEK,8.7842,1.7,1.685,0.19182167983424786,0,0.1831179076262255,-0.006993006993006993,lab/artifacts/ea-files/passive-refusal-depth-observation-v1/valid-p1-2022h2-2023/observation/events-a.csv,3900,3902
L0532,P1_2022H2_2023,Return,US30_BOOK,2023-07-20T16:00:00,2023-07-20T22:00:00,Thursday,STANDARD_EXPIRATION_WEEK,8.7842,1.8900000000000001,1.8720000000000439,0.21310990186927026,0,0.14113103481800182,-0.09523809523809523,lab/artifacts/ea-files/passive-refusal-depth-observation-v1/valid-p1-2022h2-2023/observation/events-a.csv,3895,3903
L0533,P1_2022H2_2023,RC4,US30_BOOK,2023-07-21T13:00:00,2023-07-21T19:00:00,Friday,STANDARD_EXPIRATION_WEEK,8.9265,0.49,0.47299999999995634,0.052988293284037,0,-0.05047810181922734,-0.1509433962264151,lab/artifacts/ea-files/passive-refusal-depth-observation-v1/valid-p1-2022h2-2023/observation/events-a.csv,3908,3917
L0534,P1_2022H2_2023,Cross,US100_BOOK,2023-07-21T17:00:00,2023-07-21T21:00:00,Friday,STANDARD_EXPIRATION_WEEK,8.9265,-0.26,-0.275,-0.030807147258163893,0,-0.039510919466186234,-0.006993006993006993,lab/artifacts/ea-files/passive-refusal-depth-observation-v1/valid-p1-2022h2-2023/observation/events-a.csv,3915,3918
L0535,P1_2022H2_2023,Cross,US100_BOOK,2023-07-24T17:00:00,2023-07-24T21:00:00,Monday,OTHER_WEEK,8.9344,-0.82,-0.835,-0.0934589899713467,0,-0.10216276217936905,-0.006993006993006993,lab/artifacts/ea-files/passive-refusal-depth-observation-v1/valid-p1-2022h2-2023/observation/events-a.csv,3923,3925
L0536,P1_2022H2_2023,Cross,US100_BOOK,2023-07-25T17:00:00,2023-07-25T21:00:00,Tuesday,OTHER_WEEK,8.901,0.24,0.22499999999999998,0.025278058645096056,0,0.01657428643707371,-0.006993006993006993,lab/artifacts/ea-files/passive-refusal-depth-observation-v1/valid-p1-2022h2-2023/observation/events-a.csv,3930,3932
L0537,P1_2022H2_2023,Passive,US100_BOOK,2023-07-27T12:18:02,2023-07-27T14:15:00,Thursday,OTHER_WEEK,8.91,-0.02,-0.035,-0.003928170594837262,0,-0.010581084690102757,-0.009389671361502348,lab/artifacts/ea-files/passive-refusal-depth-observation-v1/valid-p1-2022h2-2023/observation/events-a.csv,3940,3946
L0538,P1_2022H2_2023,RC4,US30_BOOK,2023-07-27T13:00:00,2023-07-27T19:00:00,Thursday,OTHER_WEEK,8.91,0.42,0.40299999999995634,0.045230078563406995,0,-0.05823631653985735,-0.1509433962264151,lab/artifacts/ea-files/passive-refusal-depth-observation-v1/valid-p1-2022h2-2023/observation/events-a.csv,3944,3954
L0539,P1_2022H2_2023,Cross,US100_BOOK,2023-07-27T17:00:00,2023-07-27T21:00:00,Thursday,OTHER_WEEK,8.9086,-1.51,-1.525,-0.17118290191500346,0,-0.1798866741230258,-0.006993006993006993,lab/artifacts/ea-files/passive-refusal-depth-observation-v1/valid-p1-2022h2-2023/observation/events-a.csv,3952,3955
L0540,P1_2022H2_2023,Cross,US100_BOOK,2023-07-28T17:00:00,2023-07-28T21:00:00,Friday,OTHER_WEEK,8.8637,0.39,0.3539999999999964,0.039938174802847164,0,0.031234402594824823,-0.006993006993006993,lab/artifacts/ea-files/passive-refusal-depth-observation-v1/valid-p1-2022h2-2023/observation/events-a.csv,3960,3962
L0541,P1_2022H2_2023,Passive,US100_BOOK,2023-07-31T15:48:31,2023-07-31T17:00:00,Monday,OTHER_WEEK,8.8779,0.62,0.605,0.06814674641525585,0,0.06149383231999036,-0.009389671361502348,lab/artifacts/ea-files/passive-refusal-depth-observation-v1/valid-p1-2022h2-2023/observation/events-a.csv,3979,3981
L0542,P1_2022H2_2023,RC16,US30_BOOK,2023-07-31T13:30:00,2023-07-31T17:30:00,Monday,OTHER_WEEK,8.8779,0.12,0.10299999999995633,0.01160184277812955,0,-0.06551047474215564,-0.025974025974025976,lab/artifacts/ea-files/passive-refusal-depth-observation-v1/valid-p1-2022h2-2023/observation/events-a.csv,3972,3987
L0543,P1_2022H2_2023,RC4,US30_BOOK,2023-07-31T13:00:00,2023-07-31T19:00:00,Monday,OTHER_WEEK,8.8779,-0.31,-0.32700000000004364,-0.03683303483932503,0,-0.14029942994258937,-0.1509433962264151,lab/artifacts/ea-files/passive-refusal-depth-observation-v1/valid-p1-2022h2-2023/observation/events-a.csv,3967,3988
L0544,P1_2022H2_2023,Cross,US100_BOOK,2023-07-31T17:00:00,2023-07-31T21:00:00,Monday,OTHER_WEEK,8.9021,-0.13,-0.14500000000000002,-0.016288291526718415,0,-0.024992063734740756,-0.006993006993006993,lab/artifacts/ea-files/passive-refusal-depth-observation-v1/valid-p1-2022h2-2023/observation/events-a.csv,3985,3989
L0545,P1_2022H2_2023,Passive,US100_BOOK,2023-08-01T12:23:45,2023-08-01T14:00:00,Tuesday,OTHER_WEEK,8.8873,0.26,0.245,0.02756742767769739,0,0.020914513582431897,-0.009389671361502348,lab/artifacts/ea-files/passive-refusal-depth-observation-v1/valid-p1-2022h2-2023/observation/events-a.csv,3996,3997
L0546,P1_2022H2_2023,Cross,US100_BOOK,2023-08-01T17:00:00,2023-08-01T21:00:00,Tuesday,OTHER_WEEK,8.8971,-0.47,-0.485,-0.054512144406604394,0,-0.06321591661462674,-0.006993006993006993,lab/artifacts/ea-files/passive-refusal-depth-observation-v1/valid-p1-2022h2-2023/observation/events-a.csv,4001,4003
L0547,P1_2022H2_2023,Passive,US100_BOOK,2023-08-02T12:27:57,2023-08-02T13:45:00,Wednesday,OTHER_WEEK,8.8777,0.44,0.425,0.047872759836444116,0,0.04121984574117862,-0.009389671361502348,lab/artifacts/ea-files/passive-refusal-depth-observation-v1/valid-p1-2022h2-2023/observation/events-a.csv,4010,4011
L0548,P1_2022H2_2023,Passive,US100_BOOK,2023-08-02T14:22:05,2023-08-02T16:15:00,Wednesday,OTHER_WEEK,8.8947,0.42,0.40499999999999997,0.04553273297581705,0,0.03887981888055156,-0.009389671361502348,lab/artifacts/ea-files/passive-refusal-depth-observation-v1/valid-p1-2022h2-2023/observation/events-a.csv,4017,4018
L0549,P1_2022H2_2023,Cross,US100_BOOK,2023-08-02T17:00:00,2023-08-02T21:00:00,Wednesday,OTHER_WEEK,8.9109,1.31,1.2950000000000002,0.14532763245014535,0,0.136623860242123,-0.006993006993006993,lab/artifacts/ea-files/passive-refusal-depth-observation-v1/valid-p1-2022h2-2023/observation/events-a.csv,4022,4024
L0550,P1_2022H2_2023,Passive,US100_BOOK,2023-08-03T14:01:38,2023-08-03T15:00:00,Thursday,OTHER_WEEK,8.9627,0.22,0.20500000000000002,0.022872571881241147,0,0.01621965778597565,-0.009389671361502348,lab/artifacts/ea-files/passive-refusal-depth-observation-v1/valid-p1-2022h2-2023/observation/events-a.csv,4031,4032
L0551,P1_2022H2_2023,Cross,US100_BOOK,2023-08-03T17:00:00,2023-08-03T21:00:00,Thursday,OTHER_WEEK,8.9709,0.16,0.14500000000000002,0.016163372682785452,0,0.007459600474763109,-0.006993006993006993,lab/artifacts/ea-files/passive-refusal-depth-observation-v1/valid-p1-2022h2-2023/observation/events-a.csv,4036,4038
L0552,P1_2022H2_2023,Passive,US100_BOOK,2023-08-04T14:17:57,2023-08-04T16:00:00,Friday,OTHER_WEEK,8.9767,0.41,0.39499999999999996,0.04400280726770417,0,0.037349893172438677,-0.009389671361502348,lab/artifacts/ea-files/passive-refusal-depth-observation-v1/valid-p1-2022h2-2023/observation/events-a.csv,4045,4046
L0553,P1_2022H2_2023,Cross,US100_BOOK,2023-08-04T17:00:00,2023-08-04T21:00:00,Friday,OTHER_WEEK,8.9925,-0.76,-0.775,-0.08618293021962747,0,-0.09488670242764982,-0.006993006993006993,lab/artifacts/ea-files/passive-refusal-depth-observation-v1/valid-p1-2022h2-2023/observation/events-a.csv,4050,4052
L0554,P1_2022H2_2023,Cross,US100_BOOK,2023-08-07T17:00:00,2023-08-07T21:00:00,Monday,OTHER_WEEK,8.9615,-0.58,-0.595,-0.06639513474306757,0,-0.07509890695108992,-0.006993006993006993,lab/artifacts/ea-files/passive-refusal-depth-observation-v1/valid-p1-2022h2-2023/observation/events-a.csv,4057,4059
L0555,P1_2022H2_2023,Passive,US100_BOOK,2023-08-08T14:16:25,2023-08-08T18:15:00,Tuesday,OTHER_WEEK,8.9377,-1.29,-1.305,-0.14601071864126117,0,-0.15266363273652667,-0.009389671361502348,lab/artifacts/ea-files/passive-refusal-depth-observation-v1/valid-p1-2022h2-2023/observation/events-a.csv,4066,4080
L0556,P1_2022H2_2023,Pressure,US30_BOOK,2023-08-08T15:00:00,2023-08-08T19:00:00,Tuesday,OTHER_WEEK,8.9377,1.41,1.3929999999999563,0.15585665215882794,0,0.1273468793659287,-0.05714285714285714,lab/artifacts/ea-files/passive-refusal-depth-observation-v1/valid-p1-2022h2-2023/observation/events-a.csv,4070,4081
L0557,P1_2022H2_2023,Return,US30_BOOK,2023-08-08T16:00:00,2023-08-08T22:00:00,Tuesday,OTHER_WEEK,8.9377,0.51,0.4920000000000437,0.055047719211882666,0,-0.01693114783938577,-0.09523809523809523,lab/artifacts/ea-files/passive-refusal-depth-observation-v1/valid-p1-2022h2-2023/observation/events-a.csv,4075,4082
L0558,P1_2022H2_2023,Cross,US100_BOOK,2023-08-09T17:00:00,2023-08-09T21:00:00,Wednesday,OTHER_WEEK,8.9609,0.32,0.305,0.03403675970047651,0,0.02533298749245417,-0.006993006993006993,lab/artifacts/ea-files/passive-refusal-depth-observation-v1/valid-p1-2022h2-2023/observation/events-a.csv,4092,4094
L0559,P1_2022H2_2023,Return,US30_BOOK,2023-08-09T16:00:00,2023-08-09T22:00:00,Wednesday,OTHER_WEEK,8.9609,-0.22,-0.23799999999995636,-0.02655983215971123,0,-0.09853869921097966,-0.09523809523809523,lab/artifacts/ea-files/passive-refusal-depth-observation-v1/valid-p1-2022h2-2023/observation/events-a.csv,4087,4095
L0560,P1_2022H2_2023,RC16,US30_BOOK,2023-08-10T13:30:00,2023-08-10T17:30:00,Thursday,OTHER_WEEK,8.9636,2.36,2.342999999999956,0.2613905127404119,0,0.18427819522012673,-0.025974025974025976,lab/artifacts/ea-files/passive-refusal-depth-observation-v1/valid-p1-2022h2-2023/observation/events-b.csv,9,18
L0561,P1_2022H2_2023,RC4,US30_BOOK,2023-08-10T13:00:00,2023-08-10T19:00:00,Thursday,OTHER_WEEK,8.9636,0.07,0.052999999999956346,0.0059128028916904316,0,-0.09755359221157392,-0.1509433962264151,lab/artifacts/ea-files/passive-refusal-depth-observation-v1/valid-p1-2022h2-2023/observation/events-b.csv,4,19
L0562,P1_2022H2_2023,Cross,US100_BOOK,2023-08-10T17:00:00,2023-08-10T21:00:00,Thursday,OTHER_WEEK,8.9636,-2.7800000000000002,-2.7950000000000004,-0.31181668079789376,0,-0.3205204530059161,-0.006993006993006993,lab/artifacts/ea-files/passive-refusal-depth-observation-v1/valid-p1-2022h2-2023/observation/events-b.csv,14,20
L0563,P1_2022H2_2023,Cross,US100_BOOK,2023-08-11T17:00:00,2023-08-11T21:00:00,Friday,OTHER_WEEK,8.9477,-0.01,-0.04349999999998545,-0.004861584541277139,0,-0.01356535674929948,-0.006993006993006993,lab/artifacts/ea-files/passive-refusal-depth-observation-v1/valid-p1-2022h2-2023/observation/events-b.csv,36,38
L0564,P1_2022H2_2023,Return,US30_BOOK,2023-08-11T16:00:00,2023-08-11T22:00:00,Friday,OTHER_WEEK,8.9477,2.1,2.082000000000044,0.23268549459638163,0,0.1607066275451132,-0.09523809523809523,lab/artifacts/ea-files/passive-refusal-depth-observation-v1/valid-p1-2022h2-2023/observation/events-b.csv,31,39
L0565,P1_2022H2_2023,Passive,US100_BOOK,2023-08-14T13:07:31,2023-08-14T14:00:00,Monday,STANDARD_EXPIRATION_WEEK,9.0292,0.06,0.045,0.004983830239666859,0,-0.0016690838555986354,-0.009389671361502348,lab/artifacts/ea-files/passive-refusal-depth-observation-v1/valid-p1-2022h2-2023/observation/events-b.csv,46,47
L0566,P1_2022H2_2023,Cross,US100_BOOK,2023-08-14T17:00:00,2023-08-14T21:00:00,Monday,STANDARD_EXPIRATION_WEEK,9.031,1.08,1.0650000000000002,0.1179271398516222,0,0.10922336764359986,-0.006993006993006993,lab/artifacts/ea-files/passive-refusal-depth-observation-v1/valid-p1-2022h2-2023/observation/events-b.csv,56,58
L0567,P1_2022H2_2023,Return,US30_BOOK,2023-08-14T16:00:00,2023-08-14T22:00:00,Monday,STANDARD_EXPIRATION_WEEK,9.031,-0.32,-0.33799999999995634,-0.03742664156792784,0,-0.10940550861919628,-0.09523809523809523,lab/artifacts/ea-files/passive-refusal-depth-observation-v1/valid-p1-2022h2-2023/observation/events-b.csv,51,59
L0568,P1_2022H2_2023,Passive,US100_BOOK,2023-08-15T13:05:16,2023-08-15T14:30:00,Tuesday,STANDARD_EXPIRATION_WEEK,9.0601,-0.07,-0.085,-0.009381794902926018,0,-0.01603470899819151,-0.009389671361502348,lab/artifacts/ea-files/passive-refusal-depth-observation-v1/valid-p1-2022h2-2023/observation/events-b.csv,66,67
L0569,P1_2022H2_2023,Passive,US100_BOOK,2023-08-15T15:02:00,2023-08-15T16:15:00,Tuesday,STANDARD_EXPIRATION_WEEK,9.0567,0.51,0.495,0.05465566928351387,0,0.048002755188248376,-0.009389671361502348,lab/artifacts/ea-files/passive-refusal-depth-observation-v1/valid-p1-2022h2-2023/observation/events-b.csv,78,84
L0570,P1_2022H2_2023,Pressure,US30_BOOK,2023-08-15T15:00:00,2023-08-15T19:00:00,Tuesday,STANDARD_EXPIRATION_WEEK,9.0567,-0.06,-0.07700000000004366,-0.008501992999662533,0,-0.03701176579256177,-0.05714285714285714,lab/artifacts/ea-files/passive-refusal-depth-observation-v1/valid-p1-2022h2-2023/observation/events-b.csv,71,90
L0571,P1_2022H2_2023,Cross,US100_BOOK,2023-08-15T17:00:00,2023-08-15T21:00:00,Tuesday,STANDARD_EXPIRATION_WEEK,9.0765,0.23,0.21500000000000002,0.023687544758442137,0,0.014983772550419794,-0.006993006993006993,lab/artifacts/ea-files/passive-refusal-depth-observation-v1/valid-p1-2022h2-2023/observation/events-b.csv,88,91
L0572,P1_2022H2_2023,Return,US30_BOOK,2023-08-15T16:00:00,2023-08-15T22:00:00,Tuesday,STANDARD_EXPIRATION_WEEK,9.0567,-0.08,-0.09799999999995634,-0.010820718363195906,0,-0.08279958541446435,-0.09523809523809523,lab/artifacts/ea-files/passive-refusal-depth-observation-v1/valid-p1-2022h2-2023/observation/events-b.csv,82,92
L0573,P1_2022H2_2023,Passive,US100_BOOK,2023-08-16T16:31:34,2023-08-16T17:00:00,Wednesday,STANDARD_EXPIRATION_WEEK,9.0781,0.39,0.375,0.041308203258391074,0,0.03465528916312558,-0.009389671361502348,lab/artifacts/ea-files/passive-refusal-depth-observation-v1/valid-p1-2022h2-2023/observation/events-b.csv,110,111
L0574,P1_2022H2_2023,Cross,US100_BOOK,2023-08-16T17:00:00,2023-08-16T21:00:00,Wednesday,STANDARD_EXPIRATION_WEEK,9.0931,0.52,0.4920000000000073,0.05410696022258717,0,0.045403188014564826,-0.006993006993006993,lab/artifacts/ea-files/passive-refusal-depth-observation-v1/valid-p1-2022h2-2023/observation/events-b.csv,115,117
L0575,P1_2022H2_2023,Return,US30_BOOK,2023-08-16T16:00:00,2023-08-16T22:00:00,Wednesday,STANDARD_EXPIRATION_WEEK,9.0781,0.09,0.07200000000004365,0.007931175025615895,0,-0.06404769202565254,-0.09523809523809523,lab/artifacts/ea-files/passive-refusal-depth-observation-v1/valid-p1-2022h2-2023/observation/events-b.csv,108,118
L0576,P1_2022H2_2023,RC4,US30_BOOK,2023-08-17T13:00:00,2023-08-17T19:00:00,Thursday,STANDARD_EXPIRATION_WEEK,9.1156,-0.93,-0.9470000000000437,-0.10388784062486765,0,-0.207354235728132,-0.1509433962264151,lab/artifacts/ea-files/passive-refusal-depth-observation-v1/valid-p1-2022h2-2023/observation/events-b.csv,123,131
L0577,P1_2022H2_2023,Cross,US100_BOOK,2023-08-17T17:00:00,2023-08-17T21:00:00,Thursday,STANDARD_EXPIRATION_WEEK,9.1156,0.49,0.475,0.05210847338628285,0,0.04340470117826051,-0.006993006993006993,lab/artifacts/ea-files/passive-refusal-depth-observation-v1/valid-p1-2022h2-2023/observation/events-b.csv,129,132
L0578,P1_2022H2_2023,Passive,US100_BOOK,2023-08-18T14:17:04,2023-08-18T17:45:00,Friday,STANDARD_EXPIRATION_WEEK,9.0968,0.06,0.045,0.004946794477178788,0,-0.0017061196180867067,-0.009389671361502348,lab/artifacts/ea-files/passive-refusal-depth-observation-v1/valid-p1-2022h2-2023/observation/events-b.csv,139,153
L0579,P1_2022H2_2023,Pressure,US30_BOOK,2023-08-18T15:00:00,2023-08-18T19:00:00,Friday,STANDARD_EXPIRATION_WEEK,9.0968,-2.13,-2.1470000000000438,-0.23601706094451277,0,-0.26452683373741204,-0.05714285714285714,lab/artifacts/ea-files/passive-refusal-depth-observation-v1/valid-p1-2022h2-2023/observation/events-b.csv,143,154
L0580,P1_2022H2_2023,Return,US30_BOOK,2023-08-18T16:00:00,2023-08-18T22:00:00,Friday,STANDARD_EXPIRATION_WEEK,9.0968,1.63,1.6120000000000436,0.17720517104916494,0,0.10522630399789651,-0.09523809523809523,lab/artifacts/ea-files/passive-refusal-depth-observation-v1/valid-p1-2022h2-2023/observation/events-b.csv,148,155
L0581,P1_2022H2_2023,Passive,US100_BOOK,2023-08-21T13:09:27,2023-08-21T14:00:00,Monday,OTHER_WEEK,9.0772,0.2,0.185,0.020380734147093817,0,0.013727820051828323,-0.009389671361502348,lab/artifacts/ea-files/passive-refusal-depth-observation-v1/valid-p1-2022h2-2023/observation/events-b.csv,162,163
L0582,P1_2022H2_2023,Cross,US100_BOOK,2023-08-21T17:00:00,2023-08-21T21:00:00,Monday,OTHER_WEEK,9.0846,0.29,0.27499999999999997,0.030271008079607243,0,0.0215672358715849,-0.006993006993006993,lab/artifacts/ea-files/passive-refusal-depth-observation-v1/valid-p1-2022h2-2023/observation/events-b.csv,167,169
L0583,P1_2022H2_2023,Passive,US100_BOOK,2023-08-22T12:31:48,2023-08-22T14:15:00,Tuesday,OTHER_WEEK,9.0956,-0.09,-0.105,-0.011544043273670786,0,-0.01819695736893628,-0.009389671361502348,lab/artifacts/ea-files/passive-refusal-depth-observation-v1/valid-p1-2022h2-2023/observation/events-b.csv,176,182
L0584,P1_2022H2_2023,Passive,US100_BOOK,2023-08-22T15:30:23,2023-08-22T16:45:00,Tuesday,OTHER_WEEK,9.0914,0.63,0.615,0.06764634709725674,0,0.06099343300199125,-0.009389671361502348,lab/artifacts/ea-files/passive-refusal-depth-observation-v1/valid-p1-2022h2-2023/observation/events-b.csv,188,189
L0585,P1_2022H2_2023,RC4,US30_BOOK,2023-08-22T13:00:00,2023-08-22T17:00:08,Tuesday,OTHER_WEEK,9.0956,-1.15,-1.1679999999999562,-0.12841373851092355,1,-0.2318801336141879,0.8490566037735849,lab/artifacts/ea-files/passive-refusal-depth-observation-v1/valid-p1-2022h2-2023/observation/events-b.csv,180,198
L0586,P1_2022H2_2023,Cross,US100_BOOK,2023-08-22T17:00:00,2023-08-22T21:00:00,Tuesday,OTHER_WEEK,9.116,0.44,0.425,0.046621325142606404,0,0.03791755293458406,-0.006993006993006993,lab/artifacts/ea-files/passive-refusal-depth-observation-v1/valid-p1-2022h2-2023/observation/events-b.csv,195,205
L0587,P1_2022H2_2023,RC16,US30_BOOK,2023-08-23T13:30:00,2023-08-23T17:30:00,Wednesday,OTHER_WEEK,9.0862,-0.31,-0.32700000000004364,-0.035988642116621214,0,-0.1131009596369064,-0.025974025974025976,lab/artifacts/ea-files/passive-refusal-depth-observation-v1/valid-p1-2022h2-2023/observation/events-b.csv,210,234
L0588,P1_2022H2_2023,Cross,US100_BOOK,2023-08-23T17:00:00,2023-08-23T21:00:00,Wednesday,OTHER_WEEK,9.0862,1.3599999999999999,1.345,0.1480266778191103,0,0.13932290561108795,-0.006993006993006993,lab/artifacts/ea-files/passive-refusal-depth-observation-v1/valid-p1-2022h2-2023/observation/events-b.csv,232,235
L0589,P1_2022H2_2023,Return,US30_BOOK,2023-08-23T16:00:00,2023-08-23T22:00:00,Wednesday,OTHER_WEEK,9.0862,1.33,1.3120000000000438,0.1443947965045942,0,0.07241592945332576,-0.09523809523809523,lab/artifacts/ea-files/passive-refusal-depth-observation-v1/valid-p1-2022h2-2023/observation/events-b.csv,226,236
L0590,P1_2022H2_2023,Cross,US100_BOOK,2023-08-24T17:00:00,2023-08-24T21:00:00,Thursday,OTHER_WEEK,9.1794,2.4699999999999998,2.4549999999999996,0.26744667407455824,0,0.2587429018665359,-0.006993006993006993,lab/artifacts/ea-files/passive-refusal-depth-observation-v1/valid-p1-2022h2-2023/observation/events-b.csv,246,248
L0591,P1_2022H2_2023,Return,US30_BOOK,2023-08-24T16:00:00,2023-08-24T22:00:00,Thursday,OTHER_WEEK,9.1794,-2.2,-2.2179999999999565,-0.24162799311501368,0,-0.31360686016628214,-0.09523809523809523,lab/artifacts/ea-files/passive-refusal-depth-observation-v1/valid-p1-2022h2-2023/observation/events-b.csv,241,249
L0592,P1_2022H2_2023,RC16,US30_BOOK,2023-08-25T13:30:00,2023-08-25T17:30:00,Friday,OTHER_WEEK,9.1889,-0.82,-0.8370000000000436,-0.09108816071565079,0,-0.16820047823593598,-0.025974025974025976,lab/artifacts/ea-files/passive-refusal-depth-observation-v1/valid-p1-2022h2-2023/observation/events-b.csv,259,267
L0593,P1_2022H2_2023,RC4,US30_BOOK,2023-08-25T13:00:00,2023-08-25T19:00:00,Friday,OTHER_WEEK,9.1889,-0.23,-0.24700000000004366,-0.026880257702232437,0,-0.1303466528054968,-0.1509433962264151,lab/artifacts/ea-files/passive-refusal-depth-observation-v1/valid-p1-2022h2-2023/observation/events-b.csv,254,268
L0594,P1_2022H2_2023,Cross,US100_BOOK,2023-08-25T17:00:00,2023-08-25T21:00:00,Friday,OTHER_WEEK,9.1889,-0.69,-0.7384999999999854,-0.0803687057210314,0,-0.08907247792905375,-0.006993006993006993,lab/artifacts/ea-files/passive-refusal-depth-observation-v1/valid-p1-2022h2-2023/observation/events-b.csv,265,269
L0595,P1_2022H2_2023,RC4,US30_BOOK,2023-08-28T13:00:00,2023-08-28T19:00:00,Monday,OTHER_WEEK,9.116,1.02,1.0029999999999564,0.11002632733654634,0,0.006559932233281995,-0.1509433962264151,lab/artifacts/ea-files/passive-refusal-depth-observation-v1/valid-p1-2022h2-2023/observation/events-b.csv,274,282
L0596,P1_2022H2_2023,Cross,US100_BOOK,2023-08-28T17:00:00,2023-08-28T21:00:00,Monday,OTHER_WEEK,9.116,0.39,0.375,0.0411364633611233,0,0.03243269115310096,-0.006993006993006993,lab/artifacts/ea-files/passive-refusal-depth-observation-v1/valid-p1-2022h2-2023/observation/events-b.csv,280,283
L0597,P1_2022H2_2023,Cross,US100_BOOK,2023-08-29T17:00:00,2023-08-29T21:00:00,Tuesday,OTHER_WEEK,9.1711,2.13,2.1149999999999998,0.2306157385700734,0,0.22191196636205104,-0.006993006993006993,lab/artifacts/ea-files/passive-refusal-depth-observation-v1/valid-p1-2022h2-2023/observation/events-b.csv,288,290
L0598,P1_2022H2_2023,Passive,US100_BOOK,2023-08-30T15:45:55,2023-08-30T17:30:00,Wednesday,OTHER_WEEK,9.2557,0.21,0.195,0.021068098577093037,0,0.014415184481827542,-0.009389671361502348,lab/artifacts/ea-files/passive-refusal-depth-observation-v1/valid-p1-2022h2-2023/observation/events-b.csv,297,303
L0599,P1_2022H2_2023,Cross,US100_BOOK,2023-08-30T17:00:00,2023-08-30T21:00:00,Wednesday,OTHER_WEEK,9.2557,-0.22,-0.235,-0.025389759823676222,0,-0.03409353203169856,-0.006993006993006993,lab/artifacts/ea-files/passive-refusal-depth-observation-v1/valid-p1-2022h2-2023/observation/events-b.csv,301,304
L0600,P1_2022H2_2023,RC16,US30_BOOK,2023-08-31T13:30:00,2023-08-31T17:30:00,Thursday,OTHER_WEEK,9.2541,-0.19,-0.20700000000004365,-0.022368463707982802,0,-0.09948078122826799,-0.025974025974025976,lab/artifacts/ea-files/passive-refusal-depth-observation-v1/valid-p1-2022h2-2023/observation/events-b.csv,309,316
L0601,P1_2022H2_2023,Cross,US100_BOOK,2023-08-31T17:00:00,2023-08-31T21:00:00,Thursday,OTHER_WEEK,9.2541,-0.12,-0.135,-0.0145881285052031,0,-0.02329190071322544,-0.006993006993006993,lab/artifacts/ea-files/passive-refusal-depth-observation-v1/valid-p1-2022h2-2023/observation/events-b.csv,314,317
L0602,P1_2022H2_2023,Passive,US100_BOOK,2023-09-01T12:46:41,2023-09-01T13:45:00,Friday,OTHER_WEEK,9.2405,-0.06,-0.075,-0.008116443915372544,0,-0.014769358010638039,-0.009389671361502348,lab/artifacts/ea-files/passive-refusal-depth-observation-v1/valid-p1-2022h2-2023/observation/events-b.csv,324,325
L0603,P1_2022H2_2023,Passive,US100_BOOK,2023-09-01T15:46:03,2023-09-01T16:45:00,Friday,OTHER_WEEK,9.2375,0.75,0.735,0.07956698240866035,0,0.07291406831339485,-0.009389671361502348,lab/artifacts/ea-files/passive-refusal-depth-observation-v1/valid-p1-2022h2-2023/observation/events-b.csv,331,332
L0604,P1_2022H2_2023,Cross,US100_BOOK,2023-09-01T17:00:00,2023-09-01T21:00:00,Friday,OTHER_WEEK,9.2669,0.44,0.4169999999999891,0.04499886693500406,0,0.03629509472698172,-0.006993006993006993,lab/artifacts/ea-files/passive-refusal-depth-observation-v1/valid-p1-2022h2-2023/observation/events-b.csv,336,338
L0605,P1_2022H2_2023,RC16,US30_BOOK,2023-09-04T13:30:00,2023-09-04T17:30:00,Monday,OTHER_WEEK,9.2835,-1.34,-1.3570000000000437,-0.14617331825281885,0,-0.22328563577310404,-0.025974025974025976,lab/artifacts/ea-files/passive-refusal-depth-observation-v1/valid-p1-2022h2-2023/observation/events-b.csv,348,354
L0606,P1_2022H2_2023,RC4,US30_BOOK,2023-09-04T13:00:00,2023-09-04T19:00:00,Monday,OTHER_WEEK,9.2835,1.11,1.0929999999999565,0.11773576775999961,0,0.014269372656735266,-0.1509433962264151,lab/artifacts/ea-files/passive-refusal-depth-observation-v1/valid-p1-2022h2-2023/observation/events-b.csv,343,355
L0607,P1_2022H2_2023,Cross,US100_BOOK,2023-09-05T17:00:00,2023-09-05T21:00:00,Tuesday,OTHER_WEEK,9.273,0.89,0.875,0.09435996980480967,0,0.08565619759678732,-0.006993006993006993,lab/artifacts/ea-files/passive-refusal-depth-observation-v1/valid-p1-2022h2-2023/observation/events-b.csv,360,362
L0608,P1_2022H2_2023,Passive,US100_BOOK,2023-09-07T15:46:42,2023-09-07T18:45:00,Thursday,OTHER_WEEK,9.308,0.27,0.255,0.02739578856897293,0,0.020742874473707436,-0.009389671361502348,lab/artifacts/ea-files/passive-refusal-depth-observation-v1/valid-p1-2022h2-2023/observation/events-b.csv,370,381
L0609,P1_2022H2_2023,Cross,US100_BOOK,2023-09-07T17:00:00,2023-09-07T21:00:00,Thursday,OTHER_WEEK,9.308,-0.88,-0.895,-0.09615384615384616,0,-0.10485761836186851,-0.006993006993006993,lab/artifacts/ea-files/passive-refusal-depth-observation-v1/valid-p1-2022h2-2023/observation/events-b.csv,379,382
L0610,P1_2022H2_2023,Return,US30_BOOK,2023-09-07T16:00:00,2023-09-07T22:00:00,Thursday,OTHER_WEEK,9.308,1.4,1.3820000000000436,0.1484744305973403,0,0.07649556354607187,-0.09523809523809523,lab/artifacts/ea-files/passive-refusal-depth-observation-v1/valid-p1-2022h2-2023/observation/events-b.csv,374,383
L0611,P1_2022H2_2023,Passive,US100_BOOK,2023-09-08T12:15:33,2023-09-08T15:15:00,Friday,OTHER_WEEK,9.3377,0.17,0.15500000000000003,0.016599376720177347,0,0.009946462624911853,-0.009389671361502348,lab/artifacts/ea-files/passive-refusal-depth-observation-v1/valid-p1-2022h2-2023/observation/events-b.csv,390,391
L0612,P1_2022H2_2023,Cross,US100_BOOK,2023-09-08T17:00:00,2023-09-08T21:00:00,Friday,OTHER_WEEK,9.3439,-0.08,-0.095,-0.010167060863236979,0,-0.01887083307125932,-0.006993006993006993,lab/artifacts/ea-files/passive-refusal-depth-observation-v1/valid-p1-2022h2-2023/observation/events-b.csv,395,397
L0613,P1_2022H2_2023,Cross,US100_BOOK,2023-09-11T17:00:00,2023-09-11T21:00:00,Monday,STANDARD_EXPIRATION_WEEK,9.3401,-1.05,-1.065,-0.11402447511268615,0,-0.1227282473207085,-0.006993006993006993,lab/artifacts/ea-files/passive-refusal-depth-observation-v1/valid-p1-2022h2-2023/observation/events-b.csv,402,404
L0614,P1_2022H2_2023,Passive,US100_BOOK,2023-09-12T12:19:53,2023-09-12T13:15:01,Tuesday,STANDARD_EXPIRATION_WEEK,9.2975,0.15,0.135,0.014520032266738373,0,0.007867118171472879,-0.009389671361502348,lab/artifacts/ea-files/passive-refusal-depth-observation-v1/valid-p1-2022h2-2023/observation/events-b.csv,411,412
L0615,P1_2022H2_2023,Cross,US100_BOOK,2023-09-12T17:00:00,2023-09-12T21:00:00,Tuesday,STANDARD_EXPIRATION_WEEK,9.3029,-1.1,-1.115,-0.11985509894763999,0,-0.12855887115566234,-0.006993006993006993,lab/artifacts/ea-files/passive-refusal-depth-observation-v1/valid-p1-2022h2-2023/observation/events-b.csv,416,418
L0616,P1_2022H2_2023,Cross,US100_BOOK,2023-09-13T17:00:00,2023-09-13T21:00:00,Wednesday,STANDARD_EXPIRATION_WEEK,9.2583,0.56,0.545,0.058866098527807484,0,0.05016232631978514,-0.006993006993006993,lab/artifacts/ea-files/passive-refusal-depth-observation-v1/valid-p1-2022h2-2023/observation/events-b.csv,429,431
L0617,P1_2022H2_2023,RC16,US30_BOOK,2023-09-14T13:30:00,2023-09-14T17:30:00,Thursday,STANDARD_EXPIRATION_WEEK,9.2801,0.57,0.5529999999999563,0.05958987510909972,0,-0.017522442411185467,-0.025974025974025976,lab/artifacts/ea-files/passive-refusal-depth-observation-v1/valid-p1-2022h2-2023/observation/events-b.csv,436,443
L0618,P1_2022H2_2023,Cross,US100_BOOK,2023-09-14T17:00:00,2023-09-14T21:00:00,Thursday,STANDARD_EXPIRATION_WEEK,9.2801,-0.99,-1.005,-0.10829624680768526,0,-0.11700001901570761,-0.006993006993006993,lab/artifacts/ea-files/passive-refusal-depth-observation-v1/valid-p1-2022h2-2023/observation/events-b.csv,441,444
L0619,P1_2022H2_2023,RC16,US30_BOOK,2023-09-15T13:30:00,2023-09-15T17:30:00,Friday,STANDARD_EXPIRATION_WEEK,9.262,-2.39,-2.407000000000044,-0.25987907579356984,0,-0.336991393313855,-0.025974025974025976,lab/artifacts/ea-files/passive-refusal-depth-observation-v1/valid-p1-2022h2-2023/observation/events-b.csv,455,467
L0620,P1_2022H2_2023,Cross,US100_BOOK,2023-09-15T17:00:00,2023-09-15T21:00:00,Friday,STANDARD_EXPIRATION_WEEK,9.262,1.13,1.115,0.12038436622759663,0,0.11168059401957428,-0.006993006993006993,lab/artifacts/ea-files/passive-refusal-depth-observation-v1/valid-p1-2022h2-2023/observation/events-b.csv,465,468
L0621,P1_2022H2_2023,Return,US30_BOOK,2023-09-15T16:00:00,2023-09-15T22:00:00,Friday,STANDARD_EXPIRATION_WEEK,9.262,-2.37,-2.3879999999999564,-0.25782768300582554,0,-0.329806550057094,-0.09523809523809523,lab/artifacts/ea-files/passive-refusal-depth-observation-v1/valid-p1-2022h2-2023/observation/events-b.csv,460,469
L0622,P1_2022H2_2023,Passive,US100_BOOK,2023-09-18T14:47:24,2023-09-18T16:45:00,Monday,OTHER_WEEK,9.1148,0.55,0.535,0.05869574757537192,0,0.05204283348010643,-0.009389671361502348,lab/artifacts/ea-files/passive-refusal-depth-observation-v1/valid-p1-2022h2-2023/observation/events-b.csv,476,477
L0623,P1_2022H2_2023,Cross,US100_BOOK,2023-09-18T17:00:00,2023-09-18T21:00:00,Monday,OTHER_WEEK,9.1362,0.28,0.265,0.02900549462577439,0,0.02030172241775205,-0.006993006993006993,lab/artifacts/ea-files/passive-refusal-depth-observation-v1/valid-p1-2022h2-2023/observation/events-b.csv,481,483
L0624,P1_2022H2_2023,Passive,US100_BOOK,2023-09-19T16:01:27,2023-09-19T20:00:00,Tuesday,OTHER_WEEK,9.1468,-0.79,-0.805,-0.08800892115275287,0,-0.09466183524801837,-0.009389671361502348,lab/artifacts/ea-files/passive-refusal-depth-observation-v1/valid-p1-2022h2-2023/observation/events-b.csv,501,507
L0625,P1_2022H2_2023,Cross,US100_BOOK,2023-09-19T17:00:00,2023-09-19T21:00:00,Tuesday,OTHER_WEEK,9.1468,-0.7,-0.715,-0.07816941444002273,0,-0.08687318664804508,-0.006993006993006993,lab/artifacts/ea-files/passive-refusal-depth-observation-v1/valid-p1-2022h2-2023/observation/events-b.csv,505,508
L0626,P1_2022H2_2023,Return,US30_BOOK,2023-09-19T16:00:00,2023-09-19T22:00:00,Tuesday,OTHER_WEEK,9.1468,-1.19,-1.2079999999999562,-0.13206804565530636,0,-0.2040469127065748,-0.09523809523809523,lab/artifacts/ea-files/passive-refusal-depth-observation-v1/valid-p1-2022h2-2023/observation/events-b.csv,499,509
L0627,P1_2022H2_2023,Cross,US100_BOOK,2023-09-20T17:00:00,2023-09-20T21:00:00,Wednesday,OTHER_WEEK,9.0377,0.41,0.36899999999999633,0.04082897197295732,0,0.03212519976493498,-0.006993006993006993,lab/artifacts/ea-files/passive-refusal-depth-observation-v1/valid-p1-2022h2-2023/observation/events-b.csv,514,516
L0628,P1_2022H2_2023,Passive,US100_BOOK,2023-09-21T13:01:40,2023-09-21T17:00:00,Thursday,OTHER_WEEK,9.0524,-1.08,-1.095,-0.12096239671247404,0,-0.12761531080773952,-0.009389671361502348,lab/artifacts/ea-files/passive-refusal-depth-observation-v1/valid-p1-2022h2-2023/observation/events-b.csv,523,534
L0629,P1_2022H2_2023,Pressure,US30_BOOK,2023-09-21T15:00:00,2023-09-21T19:00:00,Thursday,OTHER_WEEK,9.0524,-0.03,-0.04700000000004366,-0.005191993283553937,0,-0.03370176607645318,-0.05714285714285714,lab/artifacts/ea-files/passive-refusal-depth-observation-v1/valid-p1-2022h2-2023/observation/events-b.csv,527,535
L0630,P1_2022H2_2023,Return,US30_BOOK,2023-09-21T16:00:00,2023-09-21T22:00:00,Thursday,OTHER_WEEK,9.0524,-0.71,-0.7279999999999563,-0.08042066192390486,0,-0.15239952897517328,-0.09523809523809523,lab/artifacts/ea-files/passive-refusal-depth-observation-v1/valid-p1-2022h2-2023/observation/events-b.csv,532,536
L0631,P1_2022H2_2023,Passive,US100_BOOK,2023-09-22T15:31:21,2023-09-22T16:45:00,Friday,OTHER_WEEK,8.9776,0.64,0.6040000000000145,0.0672785599714862,0,0.060625645876220706,-0.009389671361502348,lab/artifacts/ea-files/passive-refusal-depth-observation-v1/valid-p1-2022h2-2023/observation/events-b.csv,543,544
L0632,P1_2022H2_2023,Cross,US100_BOOK,2023-09-22T17:00:00,2023-09-22T21:00:00,Friday,OTHER_WEEK,9.0018,-0.38,-0.395,-0.04388011286631563,0,-0.05258388507433797,-0.006993006993006993,lab/artifacts/ea-files/passive-refusal-depth-observation-v1/valid-p1-2022h2-2023/observation/events-b.csv,548,550
L0633,P1_2022H2_2023,Passive,US100_BOOK,2023-09-25T12:16:21,2023-09-25T14:45:00,Monday,OTHER_WEEK,8.986,-0.21,-0.22499999999999998,-0.02503894947696416,0,-0.03169186357222965,-0.009389671361502348,lab/artifacts/ea-files/passive-refusal-depth-observation-v1/valid-p1-2022h2-2023/observation/events-b.csv,557,558
L0634,P1_2022H2_2023,Pressure,US30_BOOK,2023-09-25T15:00:00,2023-09-25T19:00:00,Monday,OTHER_WEEK,8.977,-0.61,-0.6270000000000436,-0.06984515985296241,0,-0.09835493264586165,-0.05714285714285714,lab/artifacts/ea-files/passive-refusal-depth-observation-v1/valid-p1-2022h2-2023/observation/events-b.csv,562,569
L0635,P1_2022H2_2023,Cross,US100_BOOK,2023-09-25T17:00:00,2023-09-25T21:00:00,Monday,OTHER_WEEK,8.977,0.26,0.245,0.027291968363595855,0,0.018588196155573514,-0.006993006993006993,lab/artifacts/ea-files/passive-refusal-depth-observation-v1/valid-p1-2022h2-2023/observation/events-b.csv,567,570
L0636,P1_2022H2_2023,Cross,US100_BOOK,2023-09-26T17:00:00,2023-09-26T21:00:00,Tuesday,OTHER_WEEK,8.9617,0.29,0.2719999999999891,0.030351384223974143,0,0.0216476120159518,-0.006993006993006993,lab/artifacts/ea-files/passive-refusal-depth-observation-v1/valid-p1-2022h2-2023/observation/events-b.csv,580,582
L0637,P1_2022H2_2023,Return,US30_BOOK,2023-09-26T16:00:00,2023-09-26T22:00:00,Tuesday,OTHER_WEEK,8.9617,-2.36,-2.380999999999985,-0.2656861979311944,0,-0.33766506498246285,-0.09523809523809523,lab/artifacts/ea-files/passive-refusal-depth-observation-v1/valid-p1-2022h2-2023/observation/events-b.csv,575,583
L0638,P1_2022H2_2023,Cross,US100_BOOK,2023-09-27T17:00:00,2023-09-27T21:00:00,Wednesday,OTHER_WEEK,8.8773,-1.44,-1.4549999999999998,-0.16390118617147104,0,-0.17260495837949338,-0.006993006993006993,lab/artifacts/ea-files/passive-refusal-depth-observation-v1/valid-p1-2022h2-2023/observation/events-b.csv,588,590
L0639,P1_2022H2_2023,Cross,US100_BOOK,2023-09-28T17:00:00,2023-09-28T21:00:00,Thursday,OTHER_WEEK,8.8191,1.04,1.0250000000000001,0.11622501162250116,0,0.10752123941447882,-0.006993006993006993,lab/artifacts/ea-files/passive-refusal-depth-observation-v1/valid-p1-2022h2-2023/observation/events-b.csv,595,597
L0640,P1_2022H2_2023,RC4,US30_BOOK,2023-09-29T13:00:00,2023-09-29T17:17:13,Friday,OTHER_WEEK,8.8601,-1.12,-1.1370000000000438,-0.1283281227074236,1,-0.23179451781068794,0.8490566037735849,lab/artifacts/ea-files/passive-refusal-depth-observation-v1/valid-p1-2022h2-2023/observation/events-b.csv,602,612
L0641,P1_2022H2_2023,Cross,US100_BOOK,2023-09-29T17:00:00,2023-09-29T21:00:00,Friday,OTHER_WEEK,8.8601,-2.11,-2.125,-0.23983927946637174,0,-0.24854305167439408,-0.006993006993006993,lab/artifacts/ea-files/passive-refusal-depth-observation-v1/valid-p1-2022h2-2023/observation/events-b.csv,609,619
L0642,P1_2022H2_2023,Passive,US100_BOOK,2023-10-02T13:11:41,2023-10-02T16:45:00,Monday,OTHER_WEEK,8.7297,0.6,0.585,0.06701261211725489,0,0.06035969802198939,-0.009389671361502348,lab/artifacts/ea-files/passive-refusal-depth-observation-v1/valid-p1-2022h2-2023/observation/events-b.csv,626,637
L0643,P1_2022H2_2023,Pressure,US30_BOOK,2023-10-02T15:00:00,2023-10-02T19:00:00,Monday,OTHER_WEEK,8.7297,1.38,1.3629999999999562,0.15613365865951365,0,0.1276238858666144,-0.05714285714285714,lab/artifacts/ea-files/passive-refusal-depth-observation-v1/valid-p1-2022h2-2023/observation/events-b.csv,630,643
L0644,P1_2022H2_2023,Cross,US100_BOOK,2023-10-02T17:00:00,2023-10-02T21:00:00,Monday,OTHER_WEEK,8.7531,-0.06,-0.10100000000000364,-0.011538769121797266,0,-0.02024254132981961,-0.006993006993006993,lab/artifacts/ea-files/passive-refusal-depth-observation-v1/valid-p1-2022h2-2023/observation/events-b.csv,641,644
L0645,P1_2022H2_2023,Return,US30_BOOK,2023-10-02T16:00:00,2023-10-02T22:00:00,Monday,OTHER_WEEK,8.7297,-1.3,-1.3170000000000437,-0.15086429086910705,0,-0.22284315792037548,-0.09523809523809523,lab/artifacts/ea-files/passive-refusal-depth-observation-v1/valid-p1-2022h2-2023/observation/events-b.csv,635,645
L0646,P1_2022H2_2023,Passive,US100_BOOK,2023-10-03T14:18:29,2023-10-03T17:00:00,Tuesday,OTHER_WEEK,8.7509,0.2,0.185,0.021140682672639386,0,0.014487768577373892,-0.009389671361502348,lab/artifacts/ea-files/passive-refusal-depth-observation-v1/valid-p1-2022h2-2023/observation/events-b.csv,657,666
L0647,P1_2022H2_2023,RC16,US30_BOOK,2023-10-03T13:30:00,2023-10-03T17:30:00,Tuesday,OTHER_WEEK,8.7509,-3.46,-3.477000000000044,-0.39733056028523284,0,-0.474442877805518,-0.025974025974025976,lab/artifacts/ea-files/passive-refusal-depth-observation-v1/valid-p1-2022h2-2023/observation/events-b.csv,650,672
L0648,P1_2022H2_2023,Pressure,US30_BOOK,2023-10-03T15:00:00,2023-10-03T19:00:00,Tuesday,OTHER_WEEK,8.7509,2.79,2.772999999999956,0.3168816921688005,0,0.2883719193759013,-0.05714285714285714,lab/artifacts/ea-files/passive-refusal-depth-observation-v1/valid-p1-2022h2-2023/observation/events-b.csv,661,673
L0649,P1_2022H2_2023,Cross,US100_BOOK,2023-10-03T17:00:00,2023-10-03T21:00:00,Tuesday,OTHER_WEEK,8.7583,-2.5300000000000002,-2.5450000000000004,-0.29058150554331325,0,-0.29928527775133557,-0.006993006993006993,lab/artifacts/ea-files/passive-refusal-depth-observation-v1/valid-p1-2022h2-2023/observation/events-b.csv,670,674
L0650,P1_2022H2_2023,Passive,US100_BOOK,2023-10-04T12:31:03,2023-10-04T16:30:00,Wednesday,OTHER_WEEK,8.6283,-0.63,-0.645,-0.07475400716247697,0,-0.08140692125774247,-0.009389671361502348,lab/artifacts/ea-files/passive-refusal-depth-observation-v1/valid-p1-2022h2-2023/observation/events-b.csv,681,687
L0651,P1_2022H2_2023,Pressure,US30_BOOK,2023-10-04T15:00:00,2023-10-04T19:00:00,Wednesday,OTHER_WEEK,8.6283,0.54,0.5229999999999564,0.060614489528639064,0,0.03210471673573982,-0.05714285714285714,lab/artifacts/ea-files/passive-refusal-depth-observation-v1/valid-p1-2022h2-2023/observation/events-b.csv,685,693
L0652,P1_2022H2_2023,Cross,US100_BOOK,2023-10-04T17:00:00,2023-10-04T21:00:00,Wednesday,OTHER_WEEK,8.6025,0.22,0.20500000000000002,0.02383028189479803,0,0.015126509686775686,-0.006993006993006993,lab/artifacts/ea-files/passive-refusal-depth-observation-v1/valid-p1-2022h2-2023/observation/events-b.csv,691,694
L0653,P1_2022H2_2023,Passive,US100_BOOK,2023-10-05T15:01:42,2023-10-05T15:45:00,Thursday,OTHER_WEEK,8.6316,0.8,0.785,0.09094490013438991,0,0.08429198603912441,-0.009389671361502348,lab/artifacts/ea-files/passive-refusal-depth-observation-v1/valid-p1-2022h2-2023/observation/events-b.csv,701,702
L0654,P1_2022H2_2023,Cross,US100_BOOK,2023-10-05T17:00:00,2023-10-05T21:00:00,Thursday,OTHER_WEEK,8.663,-0.22,-0.235,-0.027126861364423407,0,-0.03583063357244575,-0.006993006993006993,lab/artifacts/ea-files/passive-refusal-depth-observation-v1/valid-p1-2022h2-2023/observation/events-b.csv,706,708
L0655,P1_2022H2_2023,Passive,US100_BOOK,2023-10-06T15:45:34,2023-10-06T17:45:00,Friday,OTHER_WEEK,8.6536,1.73,1.715,0.1981834149949154,0,0.1915305008996499,-0.009389671361502348,lab/artifacts/ea-files/passive-refusal-depth-observation-v1/valid-p1-2022h2-2023/observation/events-b.csv,720,730
L0656,P1_2022H2_2023,RC4,US30_BOOK,2023-10-06T13:00:00,2023-10-06T19:00:00,Friday,OTHER_WEEK,8.6536,2.95,2.9329999999999563,0.33893408523619717,0,0.23546769013293284,-0.1509433962264151,lab/artifacts/ea-files/passive-refusal-depth-observation-v1/valid-p1-2022h2-2023/observation/events-b.csv,713,731
L0657,P1_2022H2_2023,Return,US30_BOOK,2023-10-06T16:00:00,2023-10-06T22:00:00,Friday,OTHER_WEEK,8.6536,6.3,6.282999999999956,0.7260562078210173,0,0.6540773407697489,-0.09523809523809523,lab/artifacts/ea-files/passive-refusal-depth-observation-v1/valid-p1-2022h2-2023/observation/events-b.csv,724,732
L0658,P1_2022H2_2023,Cross,US100_BOOK,2023-10-09T17:00:00,2023-10-09T21:00:00,Monday,OTHER_WEEK,9.0909,-1.4,-1.4149999999999998,-0.15565015565015564,0,-0.16435392785817798,-0.006993006993006993,lab/artifacts/ea-files/passive-refusal-depth-observation-v1/valid-p1-2022h2-2023/observation/events-b.csv,737,739
L0659,P1_2022H2_2023,Passive,US100_BOOK,2023-10-10T14:58:52,2023-10-10T17:00:00,Tuesday,OTHER_WEEK,9.0343,0.63,0.615,0.06807389615133436,0,0.061420982056068864,-0.009389671361502348,lab/artifacts/ea-files/passive-refusal-depth-observation-v1/valid-p1-2022h2-2023/observation/events-b.csv,751,752
L0660,P1_2022H2_2023,RC16,US30_BOOK,2023-10-10T13:30:00,2023-10-10T17:30:00,Tuesday,OTHER_WEEK,9.0343,0.82,0.8029999999999563,0.08888347741385125,0,0.011771159893566058,-0.025974025974025976,lab/artifacts/ea-files/passive-refusal-depth-observation-v1/valid-p1-2022h2-2023/observation/events-b.csv,744,758
L0661,P1_2022H2_2023,Cross,US100_BOOK,2023-10-10T17:00:00,2023-10-10T21:00:00,Tuesday,OTHER_WEEK,9.0589,0.49,0.475,0.05243462230513639,0,0.04373085009711405,-0.006993006993006993,lab/artifacts/ea-files/passive-refusal-depth-observation-v1/valid-p1-2022h2-2023/observation/events-b.csv,756,759
L0662,P1_2022H2_2023,Passive,US100_BOOK,2023-10-11T14:33:51,2023-10-11T17:00:01,Wednesday,OTHER_WEEK,9.11,0.13,0.115,0.012623490669593854,0,0.005970576574328359,-0.009389671361502348,lab/artifacts/ea-files/passive-refusal-depth-observation-v1/valid-p1-2022h2-2023/observation/events-b.csv,771,772
L0663,P1_2022H2_2023,RC16,US30_BOOK,2023-10-11T13:30:00,2023-10-11T17:30:00,Wednesday,OTHER_WEEK,9.11,-0.03,-0.04700000000004366,-0.005159165751925759,0,-0.08227148327221095,-0.025974025974025976,lab/artifacts/ea-files/passive-refusal-depth-observation-v1/valid-p1-2022h2-2023/observation/events-b.csv,764,778
L0664,P1_2022H2_2023,Cross,US100_BOOK,2023-10-11T17:00:01,2023-10-11T21:00:00,Wednesday,OTHER_WEEK,9.1146,-0.49,-0.5260000000000036,-0.05770960875957295,0,-0.06641338096759529,-0.006993006993006993,lab/artifacts/ea-files/passive-refusal-depth-observation-v1/valid-p1-2022h2-2023/observation/events-b.csv,776,779
L0665,P1_2022H2_2023,Passive,US100_BOOK,2023-10-12T16:08:40,2023-10-12T17:15:00,Thursday,OTHER_WEEK,9.0917,0.63,0.615,0.0676441149619983,0,0.06099120086673281,-0.009389671361502348,lab/artifacts/ea-files/passive-refusal-depth-observation-v1/valid-p1-2022h2-2023/observation/events-b.csv,791,797
L0666,P1_2022H2_2023,RC16,US30_BOOK,2023-10-12T13:30:00,2023-10-12T17:30:00,Thursday,OTHER_WEEK,9.0917,-2.45,-2.467000000000044,-0.2713463928638257,0,-0.3484587103841109,-0.025974025974025976,lab/artifacts/ea-files/passive-refusal-depth-observation-v1/valid-p1-2022h2-2023/observation/events-b.csv,784,798
L0667,P1_2022H2_2023,Cross,US100_BOOK,2023-10-12T17:00:00,2023-10-12T21:00:00,Thursday,OTHER_WEEK,9.0917,-1.08,-1.095,-0.12043952176160674,0,-0.1291432939696291,-0.006993006993006993,lab/artifacts/ea-files/passive-refusal-depth-observation-v1/valid-p1-2022h2-2023/observation/events-b.csv,795,799
L0668,P1_2022H2_2023,Passive,US100_BOOK,2023-10-13T12:49:06,2023-10-13T15:30:00,Friday,OTHER_WEEK,8.9738,0.27,0.255,0.028416055628607724,0,0.02176314153334223,-0.009389671361502348,lab/artifacts/ea-files/passive-refusal-depth-observation-v1/valid-p1-2022h2-2023/observation/events-b.csv,806,807
L0669,P1_2022H2_2023,Passive,US100_BOOK,2023-10-13T16:01:26,2023-10-13T17:30:00,Friday,OTHER_WEEK,8.984,0.55,0.535,0.05955031166518255,0,0.05289739756991706,-0.009389671361502348,lab/artifacts/ea-files/passive-refusal-depth-observation-v1/valid-p1-2022h2-2023/observation/events-b.csv,813,819
L0670,P1_2022H2_2023,Cross,US100_BOOK,2023-10-13T17:00:00,2023-10-13T21:00:00,Friday,OTHER_WEEK,8.984,2.25,2.2114999999999965,0.2461598397150486,0,0.23745606750702625,-0.006993006993006993,lab/artifacts/ea-files/passive-refusal-depth-observation-v1/valid-p1-2022h2-2023/observation/events-b.csv,817,820
L0671,P1_2022H2_2023,RC16,US30_BOOK,2023-10-16T13:30:00,2023-10-16T17:30:00,Monday,STANDARD_EXPIRATION_WEEK,9.0938,1.78,1.7629999999999564,0.19386834986473822,0,0.11675603234445303,-0.025974025974025976,lab/artifacts/ea-files/passive-refusal-depth-observation-v1/valid-p1-2022h2-2023/observation/events-b.csv,825,832
L0672,P1_2022H2_2023,Cross,US100_BOOK,2023-10-16T17:00:00,2023-10-16T21:00:00,Monday,STANDARD_EXPIRATION_WEEK,9.0938,0.81,0.795,0.08742219974048253,0,0.07871842753246018,-0.006993006993006993,lab/artifacts/ea-files/passive-refusal-depth-observation-v1/valid-p1-2022h2-2023/observation/events-b.csv,830,833
L0673,P1_2022H2_2023,Passive,US100_BOOK,2023-10-17T14:26:29,2023-10-17T15:00:00,Tuesday,STANDARD_EXPIRATION_WEEK,9.1962,0.17,0.15500000000000003,0.016854787847154263,0,0.010201873751888768,-0.009389671361502348,lab/artifacts/ea-files/passive-refusal-depth-observation-v1/valid-p1-2022h2-2023/observation/events-b.csv,840,841
L0674,P1_2022H2_2023,Passive,US100_BOOK,2023-10-17T15:45:05,2023-10-17T18:15:00,Tuesday,STANDARD_EXPIRATION_WEEK,9.2024,0.2,0.185,0.0201034512735808,0,0.013450537178315307,-0.009389671361502348,lab/artifacts/ea-files/passive-refusal-depth-observation-v1/valid-p1-2022h2-2023/observation/events-b.csv,847,853
L0675,P1_2022H2_2023,Cross,US100_BOOK,2023-10-17T17:00:00,2023-10-17T21:00:00,Tuesday,STANDARD_EXPIRATION_WEEK,9.2024,-1.27,-1.285,-0.13963748587325042,0,-0.14834125808127277,-0.006993006993006993,lab/artifacts/ea-files/passive-refusal-depth-observation-v1/valid-p1-2022h2-2023/observation/events-b.csv,851,854
L0676,P1_2022H2_2023,Cross,US100_BOOK,2023-10-18T17:00:00,2023-10-18T21:00:00,Wednesday,STANDARD_EXPIRATION_WEEK,9.1584,-0.52,-0.535,-0.05841631726065689,0,-0.06712008946867923,-0.006993006993006993,lab/artifacts/ea-files/passive-refusal-depth-observation-v1/valid-p1-2022h2-2023/observation/events-b.csv,864,866
L0677,P1_2022H2_2023,Return,US30_BOOK,2023-10-18T16:00:00,2023-10-18T22:00:00,Wednesday,STANDARD_EXPIRATION_WEEK,9.1584,-1.51,-1.5270000000000437,-0.1667321802935058,0,-0.23871104734477425,-0.09523809523809523,lab/artifacts/ea-files/passive-refusal-depth-observation-v1/valid-p1-2022h2-2023/observation/events-b.csv,859,867
L0678,P1_2022H2_2023,Cross,US100_BOOK,2023-10-19T17:00:00,2023-10-19T21:00:00,Thursday,STANDARD_EXPIRATION_WEEK,9.0759,0.66,0.645,0.07106733216540508,0,0.062363559957382735,-0.006993006993006993,lab/artifacts/ea-files/passive-refusal-depth-observation-v1/valid-p1-2022h2-2023/observation/events-b.csv,878,880
L0679,P1_2022H2_2023,Return,US30_BOOK,2023-10-20T16:00:00,2023-10-20T22:00:00,Friday,STANDARD_EXPIRATION_WEEK,9.1017,-1.06,-1.0770000000000437,-0.11832954283266245,0,-0.19030840988393088,-0.09523809523809523,lab/artifacts/ea-files/passive-refusal-depth-observation-v1/valid-p1-2022h2-2023/observation/events-b.csv,885,887
L0680,P1_2022H2_2023,Passive,US100_BOOK,2023-10-23T12:29:51,2023-10-23T15:15:00,Monday,OTHER_WEEK,9.0586,-0.07,-0.085,-0.009383348420285697,0,-0.01603626251555119,-0.009389671361502348,lab/artifacts/ea-files/passive-refusal-depth-observation-v1/valid-p1-2022h2-2023/observation/events-b.csv,894,895
L0681,P1_2022H2_2023,Passive,US100_BOOK,2023-10-23T15:45:36,2023-10-23T16:45:00,Monday,OTHER_WEEK,9.0552,0.98,0.965,0.10656860146656065,0,0.09991568737129515,-0.009389671361502348,lab/artifacts/ea-files/passive-refusal-depth-observation-v1/valid-p1-2022h2-2023/observation/events-b.csv,901,907
L0682,P1_2022H2_2023,Cross,US100_BOOK,2023-10-23T17:00:00,2023-10-23T21:00:00,Monday,OTHER_WEEK,9.0938,-1.6099999999999999,-1.6249999999999998,-0.17869317557016867,0,-0.18739694777819102,-0.006993006993006993,lab/artifacts/ea-files/passive-refusal-depth-observation-v1/valid-p1-2022h2-2023/observation/events-b.csv,911,913
L0683,P1_2022H2_2023,Return,US30_BOOK,2023-10-23T16:00:00,2023-10-23T22:00:00,Monday,OTHER_WEEK,9.0552,1.37,1.3529999999999565,0.14941690962098647,0,0.07743804256971804,-0.09523809523809523,lab/artifacts/ea-files/passive-refusal-depth-observation-v1/valid-p1-2022h2-2023/observation/events-b.csv,905,914
L0684,P1_2022H2_2023,RC16,US30_BOOK,2023-10-24T13:30:00,2023-10-24T17:30:00,Tuesday,OTHER_WEEK,9.0829,2.08,2.062999999999956,0.22713010161952196,0,0.15001778409923677,-0.025974025974025976,lab/artifacts/ea-files/passive-refusal-depth-observation-v1/valid-p1-2022h2-2023/observation/events-b.csv,919,921
L0685,P1_2022H2_2023,Cross,US100_BOOK,2023-10-25T17:00:00,2023-10-25T21:00:00,Wednesday,OTHER_WEEK,9.1654,1.58,1.5650000000000002,0.1707508673925852,0,0.16204709518456284,-0.006993006993006993,lab/artifacts/ea-files/passive-refusal-depth-observation-v1/valid-p1-2022h2-2023/observation/events-b.csv,926,928
L0686,P1_2022H2_2023,Passive,US100_BOOK,2023-10-26T13:32:33,2023-10-26T14:15:00,Thursday,OTHER_WEEK,9.228,0.41,0.39499999999999996,0.04280450801907239,0,0.036151593923806895,-0.009389671361502348,lab/artifacts/ea-files/passive-refusal-depth-observation-v1/valid-p1-2022h2-2023/observation/events-b.csv,935,936
L0687,P1_2022H2_2023,Cross,US100_BOOK,2023-10-26T17:00:00,2023-10-26T21:00:00,Thursday,OTHER_WEEK,9.2438,1.01,0.995,0.10763971526861248,0,0.09893594306059013,-0.006993006993006993,lab/artifacts/ea-files/passive-refusal-depth-observation-v1/valid-p1-2022h2-2023/observation/events-b.csv,940,942
L0688,P1_2022H2_2023,Pressure,US30_BOOK,2023-10-27T15:00:00,2023-10-27T19:00:00,Friday,OTHER_WEEK,9.2836,0.47,0.4529999999999927,0.04879572579602662,0,0.02028595300312738,-0.05714285714285714,lab/artifacts/ea-files/passive-refusal-depth-observation-v1/valid-p1-2022h2-2023/observation/events-b.csv,947,959
L0689,P1_2022H2_2023,Cross,US100_BOOK,2023-10-27T17:00:00,2023-10-27T21:00:00,Friday,OTHER_WEEK,9.2836,-0.87,-0.8979999999999927,-0.0967297169201595,0,-0.10543348912818185,-0.006993006993006993,lab/artifacts/ea-files/passive-refusal-depth-observation-v1/valid-p1-2022h2-2023/observation/events-b.csv,957,960
L0690,P1_2022H2_2023,Return,US30_BOOK,2023-10-27T16:00:00,2023-10-27T21:58:30,Friday,OTHER_WEEK,9.2836,-4.66,-4.677000000000044,-0.5037916325563406,1,-0.5757704996076091,0.9047619047619048,lab/artifacts/ea-files/passive-refusal-depth-observation-v1/valid-p1-2022h2-2023/observation/events-b.csv,952,961
L0691,P1_2022H2_2023,RC16,US30_BOOK,2023-10-30T13:30:00,2023-10-30T17:30:00,Monday,OTHER_WEEK,9.0788,0.82,0.8029999999999927,0.08844781248623086,0,0.011335494965945672,-0.025974025974025976,lab/artifacts/ea-files/passive-refusal-depth-observation-v1/valid-p1-2022h2-2023/observation/events-b.csv,966,973
L0692,P1_2022H2_2023,Cross,US100_BOOK,2023-10-30T17:00:00,2023-10-30T21:00:00,Monday,OTHER_WEEK,9.0788,-0.35,-0.365,-0.040203551130105306,0,-0.048907323338127646,-0.006993006993006993,lab/artifacts/ea-files/passive-refusal-depth-observation-v1/valid-p1-2022h2-2023/observation/events-b.csv,971,974
L0693,P1_2022H2_2023,Passive,US100_BOOK,2023-10-31T12:34:47,2023-10-31T15:00:00,Tuesday,OTHER_WEEK,9.0963,-0.22,-0.235,-0.0258346800347394,0,-0.0324875941300049,-0.009389671361502348,lab/artifacts/ea-files/passive-refusal-depth-observation-v1/valid-p1-2022h2-2023/observation/events-b.csv,981,982
L0694,P1_2022H2_2023,Cross,US100_BOOK,2023-10-31T17:00:00,2023-10-31T21:00:00,Tuesday,OTHER_WEEK,9.0869,-1.41,-1.4249999999999998,-0.1568191572483465,0,-0.16552292945636884,-0.006993006993006993,lab/artifacts/ea-files/passive-refusal-depth-observation-v1/valid-p1-2022h2-2023/observation/events-b.csv,991,993
L0695,P1_2022H2_2023,Return,US30_BOOK,2023-10-31T16:00:00,2023-10-31T22:00:00,Tuesday,OTHER_WEEK,9.0869,1.18,1.1629999999999563,0.12798644202092643,0,0.056007574969658,-0.09523809523809523,lab/artifacts/ea-files/passive-refusal-depth-observation-v1/valid-p1-2022h2-2023/observation/events-b.csv,986,994
L0696,P1_2022H2_2023,Passive,US100_BOOK,2023-11-01T13:01:19,2023-11-01T15:15:00,Wednesday,OTHER_WEEK,9.0764,0.09,0.075,0.008263188048124807,0,0.001610273952859313,-0.009389671361502348,lab/artifacts/ea-files/passive-refusal-depth-observation-v1/valid-p1-2022h2-2023/observation/events-b.csv,1001,1002
L0697,P1_2022H2_2023,Passive,US100_BOOK,2023-11-01T15:46:09,2023-11-01T19:45:00,Wednesday,OTHER_WEEK,9.0794,-0.81,-0.8250000000000001,-0.09086503513448026,0,-0.09751794922974576,-0.009389671361502348,lab/artifacts/ea-files/passive-refusal-depth-observation-v1/valid-p1-2022h2-2023/observation/events-b.csv,1008,1014
L0698,P1_2022H2_2023,Cross,US100_BOOK,2023-11-01T17:00:00,2023-11-01T21:00:00,Wednesday,OTHER_WEEK,9.0794,0.55,0.5114999999999964,0.056336321783377365,0,0.047632549575355024,-0.006993006993006993,lab/artifacts/ea-files/passive-refusal-depth-observation-v1/valid-p1-2022h2-2023/observation/events-b.csv,1012,1015
L0699,P1_2022H2_2023,Passive,US100_BOOK,2023-11-02T12:32:47,2023-11-02T16:30:00,Thursday,OTHER_WEEK,9.0669,-0.61,-0.625,-0.06893204954284264,0,-0.07558496363810814,-0.009389671361502348,lab/artifacts/ea-files/passive-refusal-depth-observation-v1/valid-p1-2022h2-2023/observation/events-b.csv,1022,1028
L0700,P1_2022H2_2023,RC16,US30_BOOK,2023-11-02T13:30:00,2023-11-02T17:30:00,Thursday,OTHER_WEEK,9.0669,2.26,2.242999999999956,0.2473833393993488,0,0.17027102187906362,-0.025974025974025976,lab/artifacts/ea-files/passive-refusal-depth-observation-v1/valid-p1-2022h2-2023/observation/events-b.csv,1026,1034
L0701,P1_2022H2_2023,Cross,US100_BOOK,2023-11-02T17:00:00,2023-11-02T21:00:00,Thursday,OTHER_WEEK,9.0419,-0.77,-0.785,-0.08681803603224986,0,-0.0955218082402722,-0.006993006993006993,lab/artifacts/ea-files/passive-refusal-depth-observation-v1/valid-p1-2022h2-2023/observation/events-b.csv,1032,1035
L0702,P1_2022H2_2023,RC4,US30_BOOK,2023-11-03T13:00:00,2023-11-03T19:00:00,Friday,OTHER_WEEK,9.1002,2.27,2.252999999999956,0.24757697633018574,0,0.14411058122692139,-0.1509433962264151,lab/artifacts/ea-files/passive-refusal-depth-observation-v1/valid-p1-2022h2-2023/observation/events-b.csv,1040,1054
L0703,P1_2022H2_2023,Passive,US100_BOOK,2023-11-03T15:46:49,2023-11-03T19:45:00,Friday,OTHER_WEEK,9.1002,-1.3,-1.315,-0.14450231863035978,0,-0.15115523272562528,-0.009389671361502348,lab/artifacts/ea-files/passive-refusal-depth-observation-v1/valid-p1-2022h2-2023/observation/events-b.csv,1047,1055
L0704,P1_2022H2_2023,Cross,US100_BOOK,2023-11-03T17:00:00,2023-11-03T21:00:00,Friday,OTHER_WEEK,9.1002,0.42,0.30899999999999633,0.033955297685764746,0,0.025251525477742405,-0.006993006993006993,lab/artifacts/ea-files/passive-refusal-depth-observation-v1/valid-p1-2022h2-2023/observation/events-b.csv,1052,1056
L0705,P1_2022H2_2023,RC16,US30_BOOK,2023-11-07T13:30:00,2023-11-07T17:30:00,Tuesday,OTHER_WEEK,9.1501,1.27,1.2529999999999564,0.13693839411590653,0,0.059826076595621336,-0.025974025974025976,lab/artifacts/ea-files/passive-refusal-depth-observation-v1/valid-p1-2022h2-2023/observation/events-b.csv,1062,1075
L0706,P1_2022H2_2023,Passive,US100_BOOK,2023-11-07T16:15:10,2023-11-07T20:15:00,Tuesday,OTHER_WEEK,9.1501,-1.32,-1.335,-0.14590004480825344,0,-0.15255295890351894,-0.009389671361502348,lab/artifacts/ea-files/passive-refusal-depth-observation-v1/valid-p1-2022h2-2023/observation/events-b.csv,1069,1076
L0707,P1_2022H2_2023,Cross,US100_BOOK,2023-11-07T17:00:00,2023-11-07T21:00:00,Tuesday,OTHER_WEEK,9.1501,1.04,1.0250000000000001,0.11202063365427702,0,0.10331686144625467,-0.006993006993006993,lab/artifacts/ea-files/passive-refusal-depth-observation-v1/valid-p1-2022h2-2023/observation/events-b.csv,1073,1077
L0708,P1_2022H2_2023,Cross,US100_BOOK,2023-11-09T17:00:00,2023-11-09T21:00:00,Thursday,OTHER_WEEK,9.1878,-0.79,-0.805,-0.08761618668233964,0,-0.09631995889036199,-0.006993006993006993,lab/artifacts/ea-files/passive-refusal-depth-observation-v1/valid-p1-2022h2-2023/observation/events-b.csv,1083,1085
L0709,P1_2022H2_2023,Passive,US100_BOOK,2023-11-10T15:17:50,2023-11-10T19:15:00,Friday,OTHER_WEEK,9.1556,-1.85,-1.865,-0.20370046747345888,0,-0.21035338156872438,-0.009389671361502348,lab/artifacts/ea-files/passive-refusal-depth-observation-v1/valid-p1-2022h2-2023/observation/events-b.csv,1092,1098
L0710,P1_2022H2_2023,Cross,US100_BOOK,2023-11-10T17:00:00,2023-11-10T21:00:00,Friday,OTHER_WEEK,9.1556,1.9100000000000001,1.8439999999999965,0.20140678928743028,0,0.19270301707940793,-0.006993006993006993,lab/artifacts/ea-files/passive-refusal-depth-observation-v1/valid-p1-2022h2-2023/observation/events-b.csv,1096,1099
L0711,P1_2022H2_2023,Cross,US100_BOOK,2023-11-13T17:00:00,2023-11-13T21:00:00,Monday,STANDARD_EXPIRATION_WEEK,9.1547,-0.72,-0.735,-0.08028662872622806,0,-0.08899040093425041,-0.006993006993006993,lab/artifacts/ea-files/passive-refusal-depth-observation-v1/valid-p1-2022h2-2023/observation/events-b.csv,1109,1111
L0712,P1_2022H2_2023,Return,US30_BOOK,2023-11-13T16:00:00,2023-11-13T22:00:00,Monday,STANDARD_EXPIRATION_WEEK,9.1547,1.21,1.1929999999999563,0.13031557560596813,0,0.05833670855469969,-0.09523809523809523,lab/artifacts/ea-files/passive-refusal-depth-observation-v1/valid-p1-2022h2-2023/observation/events-b.csv,1104,1112
L0713,P1_2022H2_2023,RC16,US30_BOOK,2023-11-14T13:30:00,2023-11-14T17:30:00,Tuesday,STANDARD_EXPIRATION_WEEK,9.1731,5.17,5.152999999999956,0.5617512073344841,0,0.48463888981419895,-0.025974025974025976,lab/artifacts/ea-files/passive-refusal-depth-observation-v1/valid-p1-2022h2-2023/observation/events-b.csv,1117,1128
L0714,P1_2022H2_2023,Passive,US100_BOOK,2023-11-14T16:21:37,2023-11-14T19:45:00,Tuesday,STANDARD_EXPIRATION_WEEK,9.1731,-0.39,-0.405,-0.04415083232495013,0,-0.05080374642021562,-0.009389671361502348,lab/artifacts/ea-files/passive-refusal-depth-observation-v1/valid-p1-2022h2-2023/observation/events-b.csv,1127,1129
L0715,P1_2022H2_2023,RC16,US30_BOOK,2023-11-15T13:30:00,2023-11-15T17:30:00,Wednesday,STANDARD_EXPIRATION_WEEK,9.363,0.32,0.30299999999995636,0.03236142262095016,0,-0.04475089489933503,-0.025974025974025976,lab/artifacts/ea-files/passive-refusal-depth-observation-v1/valid-p1-2022h2-2023/observation/events-b.csv,1134,1141
L0716,P1_2022H2_2023,Cross,US100_BOOK,2023-11-15T17:00:00,2023-11-15T21:00:00,Wednesday,STANDARD_EXPIRATION_WEEK,9.363,0.09,0.075,0.008010253123998718,0,-0.0006935190840236249,-0.006993006993006993,lab/artifacts/ea-files/passive-refusal-depth-observation-v1/valid-p1-2022h2-2023/observation/events-b.csv,1139,1142
L0717,P1_2022H2_2023,Cross,US100_BOOK,2023-11-16T17:00:00,2023-11-16T21:00:00,Thursday,STANDARD_EXPIRATION_WEEK,9.3781,0.42,0.40499999999999997,0.04318571992194581,0,0.03448194771392347,-0.006993006993006993,lab/artifacts/ea-files/passive-refusal-depth-observation-v1/valid-p1-2022h2-2023/observation/events-b.csv,1147,1149
L0718,P1_2022H2_2023,Cross,US100_BOOK,2023-11-17T17:00:00,2023-11-17T21:00:00,Friday,STANDARD_EXPIRATION_WEEK,9.3943,0.35,0.33499999999999996,0.0356599214417253,0,0.02695614923370296,-0.006993006993006993,lab/artifacts/ea-files/passive-refusal-depth-observation-v1/valid-p1-2022h2-2023/observation/events-b.csv,1154,1156
L0719,P1_2022H2_2023,Passive,US100_BOOK,2023-11-20T13:50:34,2023-11-20T14:30:00,Monday,OTHER_WEEK,9.4077,0.02,0.005000000000000001,0.0005314795327231949,0,-0.0061214345625422995,-0.009389671361502348,lab/artifacts/ea-files/passive-refusal-depth-observation-v1/valid-p1-2022h2-2023/observation/events-b.csv,1174,1175
L0720,P1_2022H2_2023,RC16,US30_BOOK,2023-11-20T13:30:00,2023-11-20T17:30:00,Monday,OTHER_WEEK,9.4077,0.72,0.7029999999999563,0.07472602230087655,0,-0.0023862952194086406,-0.025974025974025976,lab/artifacts/ea-files/passive-refusal-depth-observation-v1/valid-p1-2022h2-2023/observation/events-b.csv,1172,1181
L0721,P1_2022H2_2023,Cross,US100_BOOK,2023-11-20T17:00:00,2023-11-20T21:00:00,Monday,OTHER_WEEK,9.4079,0.73,0.715,0.07599995748254126,0,0.06729618527451892,-0.006993006993006993,lab/artifacts/ea-files/passive-refusal-depth-observation-v1/valid-p1-2022h2-2023/observation/events-b.csv,1179,1182
L0722,P1_2022H2_2023,Passive,US100_BOOK,2023-11-21T15:30:06,2023-11-21T19:30:00,Tuesday,OTHER_WEEK,9.4646,-0.62,-0.635,-0.0670921116581789,0,-0.0737450257534444,-0.009389671361502348,lab/artifacts/ea-files/passive-refusal-depth-observation-v1/valid-p1-2022h2-2023/observation/events-b.csv,1189,1195
L0723,P1_2022H2_2023,Cross,US100_BOOK,2023-11-21T17:00:00,2023-11-21T21:00:02,Tuesday,OTHER_WEEK,9.4646,0.09,0.075,0.007924265156477822,0,-0.0007795070515445209,-0.006993006993006993,lab/artifacts/ea-files/passive-refusal-depth-observation-v1/valid-p1-2022h2-2023/observation/events-b.csv,1193,1196
L0724,P1_2022H2_2023,Passive,US100_BOOK,2023-11-22T12:34:36,2023-11-22T16:30:00,Wednesday,OTHER_WEEK,9.4422,-0.62,-0.635,-0.0672512761856347,0,-0.0739041902809002,-0.009389671361502348,lab/artifacts/ea-files/passive-refusal-depth-observation-v1/valid-p1-2022h2-2023/observation/events-b.csv,1203,1204
L0725,P1_2022H2_2023,Cross,US100_BOOK,2023-11-22T17:00:00,2023-11-22T21:00:01,Wednesday,OTHER_WEEK,9.4168,-0.29,-0.305,-0.032388921926769176,0,-0.04109269413479152,-0.006993006993006993,lab/artifacts/ea-files/passive-refusal-depth-observation-v1/valid-p1-2022h2-2023/observation/events-b.csv,1208,1210
L0726,P1_2022H2_2023,Passive,US100_BOOK,2023-11-28T12:56:14,2023-11-28T14:30:01,Tuesday,OTHER_WEEK,9.4046,0.13,0.115,0.01222805860961657,0,0.005575144514351076,-0.009389671361502348,lab/artifacts/ea-files/passive-refusal-depth-observation-v1/valid-p1-2022h2-2023/observation/events-b.csv,1225,1226
L0727,P1_2022H2_2023,Cross,US100_BOOK,2023-11-28T17:00:00,2023-11-28T21:00:00,Tuesday,OTHER_WEEK,9.4092,-0.37,-0.385,-0.04091739999149768,0,-0.049621172199520024,-0.006993006993006993,lab/artifacts/ea-files/passive-refusal-depth-observation-v1/valid-p1-2022h2-2023/observation/events-b.csv,1241,1243
L0728,P1_2022H2_2023,Return,US30_BOOK,2023-11-28T16:00:00,2023-11-28T22:00:00,Tuesday,OTHER_WEEK,9.4092,1.05,1.0329999999999564,0.1097861667304294,0,0.037807299679160966,-0.09523809523809523,lab/artifacts/ea-files/passive-refusal-depth-observation-v1/valid-p1-2022h2-2023/observation/events-b.csv,1235,1244
L0729,P1_2022H2_2023,Passive,US100_BOOK,2023-11-29T12:21:40,2023-11-29T16:15:00,Wednesday,OTHER_WEEK,9.4351,-0.25,-0.265,-0.02808661275450181,0,-0.034739526849767305,-0.009389671361502348,lab/artifacts/ea-files/passive-refusal-depth-observation-v1/valid-p1-2022h2-2023/observation/events-b.csv,1251,1257
L0730,P1_2022H2_2023,RC4,US30_BOOK,2023-11-29T13:00:00,2023-11-29T19:00:00,Wednesday,OTHER_WEEK,9.4351,0.23,0.21299999999995636,0.022575277421538337,0,-0.08089111768172601,-0.1509433962264151,lab/artifacts/ea-files/passive-refusal-depth-observation-v1/valid-p1-2022h2-2023/observation/events-b.csv,1255,1265
L0731,P1_2022H2_2023,Cross,US100_BOOK,2023-11-29T17:00:00,2023-11-29T21:00:00,Wednesday,OTHER_WEEK,9.4245,-1.21,-1.2249999999999999,-0.12998037031142234,0,-0.1386841425194447,-0.006993006993006993,lab/artifacts/ea-files/passive-refusal-depth-observation-v1/valid-p1-2022h2-2023/observation/events-b.csv,1263,1266
L0732,P1_2022H2_2023,Pressure,US30_BOOK,2023-11-30T15:00:00,2023-11-30T19:00:00,Thursday,OTHER_WEEK,9.3841,0.75,0.7329999999999564,0.078110847071105,0,0.04960107427820576,-0.05714285714285714,lab/artifacts/ea-files/passive-refusal-depth-observation-v1/valid-p1-2022h2-2023/observation/events-b.csv,1271,1278
L0733,P1_2022H2_2023,Cross,US100_BOOK,2023-11-30T17:00:00,2023-11-30T21:00:00,Thursday,OTHER_WEEK,9.3841,0.99,0.975,0.10389914855979795,0,0.0951953763517756,-0.006993006993006993,lab/artifacts/ea-files/passive-refusal-depth-observation-v1/valid-p1-2022h2-2023/observation/events-b.csv,1276,1279
L0734,P1_2022H2_2023,RC16,US30_BOOK,2023-12-01T13:30:00,2023-12-01T17:30:00,Friday,OTHER_WEEK,9.4524,0.07,0.052999999999956346,0.005607041597896443,0,-0.07150527592238874,-0.025974025974025976,lab/artifacts/ea-files/passive-refusal-depth-observation-v1/valid-p1-2022h2-2023/observation/events-b.csv,1284,1300
L0735,P1_2022H2_2023,Passive,US100_BOOK,2023-12-01T14:17:40,2023-12-01T18:00:00,Friday,OTHER_WEEK,9.4524,-0.25,-0.265,-0.02803520798950531,0,-0.0346881220847708,-0.009389671361502348,lab/artifacts/ea-files/passive-refusal-depth-observation-v1/valid-p1-2022h2-2023/observation/events-b.csv,1291,1301
L0736,P1_2022H2_2023,Return,US30_BOOK,2023-12-01T16:00:00,2023-12-01T22:00:00,Friday,OTHER_WEEK,9.4524,3.22,3.2029999999999563,0.33885574034107274,0,0.2668768732898043,-0.09523809523809523,lab/artifacts/ea-files/passive-refusal-depth-observation-v1/valid-p1-2022h2-2023/observation/events-b.csv,1295,1302
L0737,P1_2022H2_2023,Passive,US100_BOOK,2023-12-04T16:01:41,2023-12-04T19:45:00,Monday,OTHER_WEEK,9.572,-0.48,-0.49449999999998906,-0.051661094860007216,0,-0.05831400895527271,-0.009389671361502348,lab/artifacts/ea-files/passive-refusal-depth-observation-v1/valid-p1-2022h2-2023/observation/events-b.csv,1314,1320
L0738,P1_2022H2_2023,Cross,US100_BOOK,2023-12-04T17:00:00,2023-12-04T21:00:00,Monday,OTHER_WEEK,9.572,0.2,0.18549999999999273,0.019379440033430083,0,0.01067566782540774,-0.006993006993006993,lab/artifacts/ea-files/passive-refusal-depth-observation-v1/valid-p1-2022h2-2023/observation/events-b.csv,1318,1321
L0739,P1_2022H2_2023,Return,US30_BOOK,2023-12-04T16:00:00,2023-12-04T22:00:00,Monday,OTHER_WEEK,9.572,0.87,0.8570000000000436,0.08953196824070661,0,0.017553101189438175,-0.09523809523809523,lab/artifacts/ea-files/passive-refusal-depth-observation-v1/valid-p1-2022h2-2023/observation/events-b.csv,1312,1322
L0740,P1_2022H2_2023,Cross,US100_BOOK,2023-12-05T17:00:00,2023-12-05T21:00:00,Tuesday,OTHER_WEEK,9.5939,0.28,0.26,0.027100553476688313,0,0.018396781268665972,-0.006993006993006993,lab/artifacts/ea-files/passive-refusal-depth-observation-v1/valid-p1-2022h2-2023/observation/events-b.csv,1332,1334
L0741,P1_2022H2_2023,Return,US30_BOOK,2023-12-05T16:00:00,2023-12-05T22:00:00,Tuesday,OTHER_WEEK,9.5939,0.41,0.39700000000004365,0.04138046050094786,0,-0.030598406550320575,-0.09523809523809523,lab/artifacts/ea-files/passive-refusal-depth-observation-v1/valid-p1-2022h2-2023/observation/events-b.csv,1327,1335
L0742,P1_2022H2_2023,RC16,US30_BOOK,2023-12-06T13:30:03,2023-12-06T17:30:00,Wednesday,OTHER_WEEK,9.6202,0.32,0.3069999999999709,0.03191201846115163,0,-0.04520029905913356,-0.025974025974025976,lab/artifacts/ea-files/passive-refusal-depth-observation-v1/valid-p1-2022h2-2023/observation/events-b.csv,1340,1347
L0743,P1_2022H2_2023,Cross,US100_BOOK,2023-12-06T17:00:00,2023-12-06T21:00:00,Wednesday,OTHER_WEEK,9.6202,0.64,0.6254999999999927,0.06501943826531598,0,0.056315666057293635,-0.006993006993006993,lab/artifacts/ea-files/passive-refusal-depth-observation-v1/valid-p1-2022h2-2023/observation/events-b.csv,1345,1348
L0744,P1_2022H2_2023,RC4,US30_BOOK,2023-12-07T13:00:00,2023-12-07T19:00:00,Thursday,OTHER_WEEK,9.6575,-1.06,-1.0730000000000293,-0.1111053585296432,0,-0.21457175363290754,-0.1509433962264151,lab/artifacts/ea-files/passive-refusal-depth-observation-v1/valid-p1-2022h2-2023/observation/events-b.csv,1353,1362
L0745,P1_2022H2_2023,Passive,US100_BOOK,2023-12-07T16:00:18,2023-12-07T20:00:00,Thursday,OTHER_WEEK,9.6575,-1.2,-1.2145000000000072,-0.12575718353611257,0,-0.13241009763137807,-0.009389671361502348,lab/artifacts/ea-files/passive-refusal-depth-observation-v1/valid-p1-2022h2-2023/observation/events-b.csv,1360,1363
L0746,P1_2022H2_2023,Passive,US100_BOOK,2023-12-08T15:11:05,2023-12-08T16:45:00,Friday,OTHER_WEEK,9.566,0.52,0.5,0.052268450763119374,0,0.04561553666785388,-0.009389671361502348,lab/artifacts/ea-files/passive-refusal-depth-observation-v1/valid-p1-2022h2-2023/observation/events-b.csv,1370,1376
L0747,P1_2022H2_2023,Return,US30_BOOK,2023-12-08T16:00:00,2023-12-08T22:00:00,Friday,OTHER_WEEK,9.566,1.8399999999999999,1.8269999999999706,0.19098891908843513,0,0.11901005203716669,-0.09523809523809523,lab/artifacts/ea-files/passive-refusal-depth-observation-v1/valid-p1-2022h2-2023/observation/events-b.csv,1374,1377
L0748,P1_2022H2_2023,Cross,US100_BOOK,2023-12-11T17:00:00,2023-12-11T21:00:01,Monday,STANDARD_EXPIRATION_WEEK,9.6591,0.7,0.6775,0.07014111045542545,0,0.06143733824740311,-0.006993006993006993,lab/artifacts/ea-files/passive-refusal-depth-observation-v1/valid-p1-2022h2-2023/observation/events-b.csv,1382,1384
L0749,P1_2022H2_2023,Passive,US100_BOOK,2023-12-12T15:30:15,2023-12-12T16:00:00,Tuesday,STANDARD_EXPIRATION_WEEK,9.6862,0.71,0.6955000000000109,0.07180318391113243,0,0.06515026981586693,-0.009389671361502348,lab/artifacts/ea-files/passive-refusal-depth-observation-v1/valid-p1-2022h2-2023/observation/events-b.csv,1391,1392
L0750,P1_2022H2_2023,Cross,US100_BOOK,2023-12-12T17:00:00,2023-12-12T21:00:00,Tuesday,STANDARD_EXPIRATION_WEEK,9.714,0.68,0.665500000000011,0.06850936792258709,0,0.05980559571456475,-0.006993006993006993,lab/artifacts/ea-files/passive-refusal-depth-observation-v1/valid-p1-2022h2-2023/observation/events-b.csv,1401,1403
L0751,P1_2022H2_2023,Return,US30_BOOK,2023-12-12T16:00:00,2023-12-12T22:00:00,Tuesday,STANDARD_EXPIRATION_WEEK,9.714,1.16,1.1469999999999707,0.11807700226476947,0,0.046098135213501035,-0.09523809523809523,lab/artifacts/ea-files/passive-refusal-depth-observation-v1/valid-p1-2022h2-2023/observation/events-b.csv,1396,1404
L0752,P1_2022H2_2023,RC16,US30_BOOK,2023-12-13T13:30:00,2023-12-13T17:30:00,Wednesday,STANDARD_EXPIRATION_WEEK,9.7865,-0.66,-0.6730000000000291,-0.06876820109334585,0,-0.14588051861363105,-0.025974025974025976,lab/artifacts/ea-files/passive-refusal-depth-observation-v1/valid-p1-2022h2-2023/observation/events-b.csv,1409,1416
L0753,P1_2022H2_2023,Cross,US100_BOOK,2023-12-13T17:00:00,2023-12-13T21:00:00,Wednesday,STANDARD_EXPIRATION_WEEK,9.7865,-0.16,-0.17850000000000366,-0.0182394114341188,0,-0.02694318364214114,-0.006993006993006993,lab/artifacts/ea-files/passive-refusal-depth-observation-v1/valid-p1-2022h2-2023/observation/events-b.csv,1414,1417
L0754,P1_2022H2_2023,Cross,US100_BOOK,2023-12-14T17:00:00,2023-12-14T21:00:00,Thursday,STANDARD_EXPIRATION_WEEK,9.7525,-1.83,-1.8445000000000074,-0.18913099205332043,0,-0.19783476426134278,-0.006993006993006993,lab/artifacts/ea-files/passive-refusal-depth-observation-v1/valid-p1-2022h2-2023/observation/events-b.csv,1422,1424
L0755,P1_2022H2_2023,Cross,US100_BOOK,2023-12-15T17:00:00,2023-12-15T21:00:00,Friday,STANDARD_EXPIRATION_WEEK,9.6787,-0.43,-0.4445000000000073,-0.045925589180365885,0,-0.054629361388388226,-0.006993006993006993,lab/artifacts/ea-files/passive-refusal-depth-observation-v1/valid-p1-2022h2-2023/observation/events-b.csv,1434,1436
L0756,P1_2022H2_2023,Return,US30_BOOK,2023-12-15T16:00:00,2023-12-15T22:00:00,Friday,STANDARD_EXPIRATION_WEEK,9.6787,-0.43,-0.4430000000000291,-0.04577060968932079,0,-0.11774947674058922,-0.09523809523809523,lab/artifacts/ea-files/passive-refusal-depth-observation-v1/valid-p1-2022h2-2023/observation/events-b.csv,1429,1437
L0757,P1_2022H2_2023,Cross,US100_BOOK,2023-12-18T17:00:00,2023-12-18T21:00:00,Monday,OTHER_WEEK,9.6432,0.71,0.6920000000000073,0.07176041148166659,0,0.06305663927364424,-0.006993006993006993,lab/artifacts/ea-files/passive-refusal-depth-observation-v1/valid-p1-2022h2-2023/observation/events-b.csv,1442,1444
L0758,P1_2022H2_2023,RC16,US30_BOOK,2023-12-19T13:30:00,2023-12-19T17:30:00,Tuesday,OTHER_WEEK,9.6709,1.47,1.4570000000000436,0.1506581600471563,0,0.0735458425268711,-0.025974025974025976,lab/artifacts/ea-files/passive-refusal-depth-observation-v1/valid-p1-2022h2-2023/observation/events-b.csv,1454,1457
L0759,P1_2022H2_2023,RC4,US30_BOOK,2023-12-19T13:00:01,2023-12-19T19:00:00,Tuesday,OTHER_WEEK,9.6709,1.6800000000000002,1.6670000000000438,0.17237278846850282,0,0.06890639336523847,-0.1509433962264151,lab/artifacts/ea-files/passive-refusal-depth-observation-v1/valid-p1-2022h2-2023/observation/events-b.csv,1449,1458
L0760,P1_2022H2_2023,Passive,US100_BOOK,2023-12-20T12:17:06,2023-12-20T14:15:01,Wednesday,OTHER_WEEK,9.7958,-0.07,-0.08450000000000728,-0.008626145899263693,0,-0.015279059994529188,-0.009389671361502348,lab/artifacts/ea-files/passive-refusal-depth-observation-v1/valid-p1-2022h2-2023/observation/events-b.csv,1465,1466
L0761,P1_2022H2_2023,Cross,US100_BOOK,2023-12-20T17:00:00,2023-12-20T21:00:00,Wednesday,OTHER_WEEK,9.7924,0.19,0.17549999999999272,0.0179220620072702,0,0.009218289799247858,-0.006993006993006993,lab/artifacts/ea-files/passive-refusal-depth-observation-v1/valid-p1-2022h2-2023/observation/events-b.csv,1470,1472
L0762,P1_2022H2_2023,Passive,US100_BOOK,2023-12-21T15:55:44,2023-12-21T17:15:00,Thursday,OTHER_WEEK,9.7995,0.67,0.6555000000000292,0.06689116791673343,0,0.060238253821467934,-0.009389671361502348,lab/artifacts/ea-files/passive-refusal-depth-observation-v1/valid-p1-2022h2-2023/observation/events-b.csv,1479,1485
L0763,P1_2022H2_2023,Cross,US100_BOOK,2023-12-21T17:00:00,2023-12-21T21:00:00,Thursday,OTHER_WEEK,9.7995,0.11,0.09549999999999273,0.009745395173222381,0,0.0010416229652000387,-0.006993006993006993,lab/artifacts/ea-files/passive-refusal-depth-observation-v1/valid-p1-2022h2-2023/observation/events-b.csv,1483,1486
L0764,P1_2022H2_2023,RC16,US30_BOOK,2023-12-22T13:30:00,2023-12-22T17:30:00,Friday,OTHER_WEEK,9.8295,2.1,2.086999999999971,0.21232005697135878,0,0.1352077394510736,-0.025974025974025976,lab/artifacts/ea-files/passive-refusal-depth-observation-v1/valid-p1-2022h2-2023/observation/events-b.csv,1491,1504
L0765,P1_2022H2_2023,Passive,US100_BOOK,2023-12-22T15:53:58,2023-12-22T18:45:00,Friday,OTHER_WEEK,9.8295,0.1,0.08549999999999273,0.008698306119333917,0,0.0020453920240684226,-0.009389671361502348,lab/artifacts/ea-files/passive-refusal-depth-observation-v1/valid-p1-2022h2-2023/observation/events-b.csv,1498,1505
L0766,P1_2022H2_2023,Cross,US100_BOOK,2023-12-22T17:00:00,2023-12-22T21:00:00,Friday,OTHER_WEEK,9.8295,0.21,0.18549999999999273,0.018871763568848135,0,0.010167991360825792,-0.006993006993006993,lab/artifacts/ea-files/passive-refusal-depth-observation-v1/valid-p1-2022h2-2023/observation/events-b.csv,1502,1506
L0767,P1_2022H2_2023,RC4,US30_BOOK,2023-12-27T13:00:04,2023-12-27T19:00:00,Wednesday,OTHER_WEEK,9.9238,0.59,0.5769999999999709,0.058143050041311886,0,-0.04532334506195246,-0.1509433962264151,lab/artifacts/ea-files/passive-refusal-depth-observation-v1/valid-p1-2022h2-2023/observation/events-b.csv,1511,1514
L0768,P1_2022H2_2023,Cross,US100_BOOK,2023-12-28T17:00:00,2023-12-28T21:00:00,Thursday,OTHER_WEEK,9.9469,0.06,0.04549999999999272,0.004574289477122794,0,-0.004129482730899549,-0.006993006993006993,lab/artifacts/ea-files/passive-refusal-depth-observation-v1/valid-p1-2022h2-2023/observation/events-b.csv,1519,1521
L0769,P1_2022H2_2023,Passive,US100_BOOK,2023-12-29T15:03:34,2023-12-29T17:15:00,Friday,OTHER_WEEK,9.9487,0.17,0.15549999999999273,0.015630182837957998,0,0.008977268742692503,-0.009389671361502348,lab/artifacts/ea-files/passive-refusal-depth-observation-v1/valid-p1-2022h2-2023/observation/events-b.csv,1528,1529
L0770,P2_2024,Passive,US100_BOOK,2024-01-02T13:00:47,2024-01-02T16:42:54,Tuesday,OTHER_WEEK,4.0,-2.0,-2.0140000000000144,-0.5035000000000036,1,-0.5191112591653212,0.949685534591195,lab/artifacts/ea-files/passive-refusal-depth-observation-v1/valid-p2-2024/observation/events-a.csv,10,19
L0771,P2_2024,Pressure,US30_BOOK,2024-01-02T15:00:00,2024-01-02T17:12:54,Tuesday,OTHER_WEEK,3.942,-1.97,-1.9830000000000292,-0.5030441400304487,1,-0.49354817470192436,0.782608695652174,lab/artifacts/ea-files/passive-refusal-depth-observation-v1/valid-p2-2024/observation/events-a.csv,14,25
L0772,P2_2024,Cross,US100_BOOK,2024-01-02T17:00:00,2024-01-02T21:00:00,Tuesday,OTHER_WEEK,3.8516,0.68,0.6654999999999928,0.1727853359642727,0,0.1340390115652376,-0.04568527918781726,lab/artifacts/ea-files/passive-refusal-depth-observation-v1/valid-p2-2024/observation/events-a.csv,23,26
L0773,P2_2024,Passive,US100_BOOK,2024-01-03T13:22:43,2024-01-03T15:30:00,Wednesday,OTHER_WEEK,3.8667,-0.17,-0.1845000000000073,-0.04771510590426133,0,-0.06332636506957895,-0.050314465408805034,lab/artifacts/ea-files/passive-refusal-depth-observation-v1/valid-p2-2024/observation/events-a.csv,33,34
L0774,P2_2024,Cross,US100_BOOK,2024-01-03T17:00:00,2024-01-03T21:00:00,Wednesday,OTHER_WEEK,3.8328,-0.28,-0.2944999999999709,-0.0768367772907459,0,-0.115583101689781,-0.04568527918781726,lab/artifacts/ea-files/passive-refusal-depth-observation-v1/valid-p2-2024/observation/events-a.csv,43,45
L0775,P2_2024,Return,US30_BOOK,2024-01-03T16:00:00,2024-01-03T22:00:00,Wednesday,OTHER_WEEK,3.8594,-0.35,-0.3630000000000291,-0.09405607089185601,0,-0.03896326642578487,-0.38,lab/artifacts/ea-files/passive-refusal-depth-observation-v1/valid-p2-2024/observation/events-a.csv,38,46
L0776,P2_2024,Passive,US100_BOOK,2024-01-04T15:00:05,2024-01-04T17:15:00,Thursday,OTHER_WEEK,3.8331,0.06,0.04549999999999272,0.011870287756644157,0,-0.0037409714086734606,-0.050314465408805034,lab/artifacts/ea-files/passive-refusal-depth-observation-v1/valid-p2-2024/observation/events-a.csv,63,68
L0777,P2_2024,RC16,US30_BOOK,2024-01-04T13:30:00,2024-01-04T17:30:00,Thursday,OTHER_WEEK,3.8331,0.91,0.8969999999999709,0.23401424434530038,0,0.2065982776877944,-0.1527777777777778,lab/artifacts/ea-files/passive-refusal-depth-observation-v1/valid-p2-2024/observation/events-a.csv,56,69
L0778,P2_2024,RC4,US30_BOOK,2024-01-04T13:00:02,2024-01-04T19:00:00,Thursday,OTHER_WEEK,3.8331,1.47,1.4569999999999708,0.3801100936578672,0,0.3271871208053132,-0.2641509433962264,lab/artifacts/ea-files/passive-refusal-depth-observation-v1/valid-p2-2024/observation/events-a.csv,51,70
L0779,P2_2024,Passive,US100_BOOK,2024-01-05T13:35:16,2024-01-05T14:45:01,Friday,OTHER_WEEK,3.929,0.28,0.2660000000000037,0.0677017052685171,0,0.05209044610319948,-0.050314465408805034,lab/artifacts/ea-files/passive-refusal-depth-observation-v1/valid-p2-2024/observation/events-a.csv,77,78
L0780,P2_2024,Cross,US100_BOOK,2024-01-05T17:00:00,2024-01-05T21:00:00,Friday,OTHER_WEEK,3.9397,0.02,0.003500000000003639,0.0008883925171976645,0,-0.037857931881837455,-0.04568527918781726,lab/artifacts/ea-files/passive-refusal-depth-observation-v1/valid-p2-2024/observation/events-a.csv,82,84
L0781,P2_2024,Passive,US100_BOOK,2024-01-08T14:57:55,2024-01-08T18:45:01,Monday,OTHER_WEEK,3.9398,-1.74,-1.7545000000000073,-0.4453271739682236,0,-0.4609384331335412,-0.050314465408805034,lab/artifacts/ea-files/passive-refusal-depth-observation-v1/valid-p2-2024/observation/events-a.csv,91,97
L0782,P2_2024,Cross,US100_BOOK,2024-01-08T17:00:00,2024-01-08T21:00:00,Monday,OTHER_WEEK,3.8856,1.11,1.0954999999999928,0.2819384393658618,0,0.24319211496682672,-0.04568527918781726,lab/artifacts/ea-files/passive-refusal-depth-observation-v1/valid-p2-2024/observation/events-a.csv,95,98
L0783,P2_2024,Passive,US100_BOOK,2024-01-09T14:02:56,2024-01-09T17:00:00,Tuesday,OTHER_WEEK,3.9135,0.14,0.12550000000002912,0.03206848089945806,0,0.016457221734140444,-0.050314465408805034,lab/artifacts/ea-files/passive-refusal-depth-observation-v1/valid-p2-2024/observation/events-a.csv,110,116
L0784,P2_2024,RC4,US30_BOOK,2024-01-09T13:00:01,2024-01-09T19:00:00,Tuesday,OTHER_WEEK,3.9135,0.45,0.4369999999999709,0.1116647502235776,0,0.05874177737102364,-0.2641509433962264,lab/artifacts/ea-files/passive-refusal-depth-observation-v1/valid-p2-2024/observation/events-a.csv,103,123
L0785,P2_2024,Cross,US100_BOOK,2024-01-09T17:00:00,2024-01-09T21:00:00,Tuesday,OTHER_WEEK,3.9185,1.31,1.2954999999999928,0.33061120326655424,0,0.2918648788675191,-0.04568527918781726,lab/artifacts/ea-files/passive-refusal-depth-observation-v1/valid-p2-2024/observation/events-a.csv,121,124
L0786,P2_2024,Return,US30_BOOK,2024-01-09T16:00:00,2024-01-09T22:00:00,Tuesday,OTHER_WEEK,3.9135,0.02,0.006999999999970896,0.0017886802095236733,0,0.05688148467559481,-0.38,lab/artifacts/ea-files/passive-refusal-depth-observation-v1/valid-p2-2024/observation/events-a.csv,114,125
L0787,P2_2024,Passive,US100_BOOK,2024-01-10T15:00:12,2024-01-10T16:45:00,Wednesday,OTHER_WEEK,3.9881,0.17,0.15550000000002911,0.038990998219710915,0,0.0233797390543933,-0.050314465408805034,lab/artifacts/ea-files/passive-refusal-depth-observation-v1/valid-p2-2024/observation/events-a.csv,143,144
L0788,P2_2024,RC16,US30_BOOK,2024-01-10T13:30:00,2024-01-10T17:30:00,Wednesday,OTHER_WEEK,3.9881,0.79,0.7769999999999709,0.19482961811388153,0,0.16741365145637555,-0.1527777777777778,lab/artifacts/ea-files/passive-refusal-depth-observation-v1/valid-p2-2024/observation/events-a.csv,136,150
L0789,P2_2024,Cross,US100_BOOK,2024-01-10T17:00:00,2024-01-10T21:00:00,Wednesday,OTHER_WEEK,3.9943,-0.9,-0.9145000000000073,-0.2289512555391451,0,-0.2676975799381802,-0.04568527918781726,lab/artifacts/ea-files/passive-refusal-depth-observation-v1/valid-p2-2024/observation/events-a.csv,148,151
L0790,P2_2024,Return,US30_BOOK,2024-01-11T16:00:00,2024-01-11T17:14:24,Thursday,OTHER_WEEK,3.9888,-2.0,-2.036000000000058,-0.5104292017649564,1,-0.4553363972988853,0.62,lab/artifacts/ea-files/passive-refusal-depth-observation-v1/valid-p2-2024/observation/events-a.csv,162,169
L0791,P2_2024,Cross,US100_BOOK,2024-01-11T17:00:00,2024-01-11T18:45:44,Thursday,OTHER_WEEK,3.9888,-2.0,-2.02,-0.5064179703168873,1,-0.5451642947159224,0.9543147208121827,lab/artifacts/ea-files/passive-refusal-depth-observation-v1/valid-p2-2024/observation/events-a.csv,167,170
L0792,P2_2024,Passive,US100_BOOK,2024-01-11T15:53:51,2024-01-11T19:45:00,Thursday,OTHER_WEEK,3.9888,-1.04,-1.0545000000000073,-0.2643652226233472,0,-0.27997648178866485,-0.050314465408805034,lab/artifacts/ea-files/passive-refusal-depth-observation-v1/valid-p2-2024/observation/events-a.csv,158,171
L0793,P2_2024,Pressure,US30_BOOK,2024-01-12T15:00:00,2024-01-12T16:27:51,Friday,OTHER_WEEK,3.7844,-1.9100000000000001,-1.9230000000000294,-0.5081386745587224,1,-0.49864270923019804,0.782608695652174,lab/artifacts/ea-files/passive-refusal-depth-observation-v1/valid-p2-2024/observation/events-a.csv,176,183
L0794,P2_2024,Return,US30_BOOK,2024-01-12T16:00:00,2024-01-12T22:00:00,Friday,OTHER_WEEK,3.7676,-0.74,-0.7530000000000291,-0.19986198110203554,0,-0.1447691766359644,-0.38,lab/artifacts/ea-files/passive-refusal-depth-observation-v1/valid-p2-2024/observation/events-a.csv,181,184
L0795,P2_2024,Passive,US100_BOOK,2024-01-15T12:16:04,2024-01-15T14:00:00,Monday,STANDARD_EXPIRATION_WEEK,3.6773,0.06,0.04599999999998544,0.012509177929455155,0,-0.003102081235862463,-0.050314465408805034,lab/artifacts/ea-files/passive-refusal-depth-observation-v1/valid-p2-2024/observation/events-a.csv,191,192
L0796,P2_2024,Passive,US100_BOOK,2024-01-16T12:30:25,2024-01-16T13:15:00,Tuesday,STANDARD_EXPIRATION_WEEK,3.6792,0.24,0.2254999999999927,0.06129049793433157,0,0.045679238769013954,-0.050314465408805034,lab/artifacts/ea-files/passive-refusal-depth-observation-v1/valid-p2-2024/observation/events-a.csv,201,202
L0797,P2_2024,Passive,US100_BOOK,2024-01-16T14:00:37,2024-01-16T18:00:00,Tuesday,STANDARD_EXPIRATION_WEEK,3.6882,-1.33,-1.3440000000000145,-0.364405401008626,0,-0.38001666017394364,-0.050314465408805034,lab/artifacts/ea-files/passive-refusal-depth-observation-v1/valid-p2-2024/observation/events-a.csv,208,214
L0798,P2_2024,Cross,US100_BOOK,2024-01-16T17:00:00,2024-01-16T21:00:00,Tuesday,STANDARD_EXPIRATION_WEEK,3.6882,-0.07,-0.08450000000000728,-0.022910905048535133,0,-0.06165722944757025,-0.04568527918781726,lab/artifacts/ea-files/passive-refusal-depth-observation-v1/valid-p2-2024/observation/events-a.csv,212,215
L0799,P2_2024,Passive,US100_BOOK,2024-01-17T14:15:55,2024-01-17T15:15:00,Wednesday,STANDARD_EXPIRATION_WEEK,3.631,0.08,0.06549999999999273,0.018039107683831653,0,0.0024278485185140353,-0.050314465408805034,lab/artifacts/ea-files/passive-refusal-depth-observation-v1/valid-p2-2024/observation/events-a.csv,222,223
L0800,P2_2024,Cross,US100_BOOK,2024-01-17T17:00:00,2024-01-17T21:00:02,Wednesday,STANDARD_EXPIRATION_WEEK,3.6337,-0.56,-0.5745000000000073,-0.1581033106750715,0,-0.1968496350741066,-0.04568527918781726,lab/artifacts/ea-files/passive-refusal-depth-observation-v1/valid-p2-2024/observation/events-a.csv,232,234
L0801,P2_2024,Return,US30_BOOK,2024-01-17T16:00:00,2024-01-17T22:00:00,Wednesday,STANDARD_EXPIRATION_WEEK,3.6337,0.4,0.3869999999999709,0.10650301345734951,0,0.16159581792342065,-0.38,lab/artifacts/ea-files/passive-refusal-depth-observation-v1/valid-p2-2024/observation/events-a.csv,227,235
L0802,P2_2024,RC16,US30_BOOK,2024-01-18T13:30:01,2024-01-18T16:30:18,Thursday,STANDARD_EXPIRATION_WEEK,3.6262,-1.8399999999999999,-1.853000000000029,-0.5110032540952041,1,-0.5384192207527101,0.8472222222222222,lab/artifacts/ea-files/passive-refusal-depth-observation-v1/valid-p2-2024/observation/events-a.csv,240,251
L0803,P2_2024,Passive,US100_BOOK,2024-01-18T13:58:56,2024-01-18T17:45:00,Thursday,STANDARD_EXPIRATION_WEEK,3.6252,-0.75,-0.7645000000000073,-0.21088491669425335,0,-0.22649617585957096,-0.050314465408805034,lab/artifacts/ea-files/passive-refusal-depth-observation-v1/valid-p2-2024/observation/events-a.csv,247,257
L0804,P2_2024,Cross,US100_BOOK,2024-01-18T17:00:00,2024-01-18T21:00:00,Thursday,STANDARD_EXPIRATION_WEEK,3.552,-0.14,-0.1545000000000073,-0.043496621621623675,0,-0.08224294602065879,-0.04568527918781726,lab/artifacts/ea-files/passive-refusal-depth-observation-v1/valid-p2-2024/observation/events-a.csv,255,258
L0805,P2_2024,Passive,US100_BOOK,2024-01-19T12:35:25,2024-01-19T14:15:03,Friday,STANDARD_EXPIRATION_WEEK,3.5153,-0.11,-0.12450000000000727,-0.03541660740193078,0,-0.0510278665672484,-0.050314465408805034,lab/artifacts/ea-files/passive-refusal-depth-observation-v1/valid-p2-2024/observation/events-a.csv,265,266
L0806,P2_2024,Pressure,US30_BOOK,2024-01-19T15:00:00,2024-01-19T16:43:08,Friday,STANDARD_EXPIRATION_WEEK,3.5103,-1.76,-1.7730000000000292,-0.5050850354670624,1,-0.49558907013853803,0.782608695652174,lab/artifacts/ea-files/passive-refusal-depth-observation-v1/valid-p2-2024/observation/events-a.csv,270,272
L0807,P2_2024,Cross,US100_BOOK,2024-01-19T17:00:00,2024-01-19T21:00:00,Friday,STANDARD_EXPIRATION_WEEK,3.4394,1.74,1.715,0.4986334825841717,0,0.45988715818513654,-0.04568527918781726,lab/artifacts/ea-files/passive-refusal-depth-observation-v1/valid-p2-2024/observation/events-a.csv,276,278
L0808,P2_2024,RC4,US30_BOOK,2024-01-22T13:00:00,2024-01-22T16:46:06,Monday,OTHER_WEEK,3.508,-1.76,-1.7730000000000292,-0.505416191562152,1,-0.558339164414706,0.7358490566037736,lab/artifacts/ea-files/passive-refusal-depth-observation-v1/valid-p2-2024/observation/events-a.csv,283,290
L0809,P2_2024,RC16,US30_BOOK,2024-01-22T13:30:04,2024-01-22T17:30:00,Monday,OTHER_WEEK,3.508,1.77,1.7569999999999708,0.5008551881413827,0,0.4734392214838768,-0.1527777777777778,lab/artifacts/ea-files/passive-refusal-depth-observation-v1/valid-p2-2024/observation/events-a.csv,288,296
L0810,P2_2024,Cross,US100_BOOK,2024-01-22T17:00:00,2024-01-22T21:00:00,Monday,OTHER_WEEK,3.4371,0.6,0.5854999999999927,0.17034709493468117,0,0.13160077053564606,-0.04568527918781726,lab/artifacts/ea-files/passive-refusal-depth-observation-v1/valid-p2-2024/observation/events-a.csv,294,297
L0811,P2_2024,Passive,US100_BOOK,2024-01-23T15:36:11,2024-01-23T16:45:00,Tuesday,OTHER_WEEK,3.5308,0.53,0.5154999999999927,0.1460009063101826,0,0.13038964714486498,-0.050314465408805034,lab/artifacts/ea-files/passive-refusal-depth-observation-v1/valid-p2-2024/observation/events-a.csv,309,310
L0812,P2_2024,RC4,US30_BOOK,2024-01-23T13:00:00,2024-01-23T19:00:00,Tuesday,OTHER_WEEK,3.5308,1.62,1.606999999999971,0.45513764585928707,0,0.4022146730067331,-0.2641509433962264,lab/artifacts/ea-files/passive-refusal-depth-observation-v1/valid-p2-2024/observation/events-a.csv,302,312
L0813,P2_2024,Passive,US100_BOOK,2024-01-24T15:32:52,2024-01-24T18:15:00,Wednesday,OTHER_WEEK,3.6157,-0.04,-0.05450000000000728,-0.015073153193021346,0,-0.030684412358338964,-0.050314465408805034,lab/artifacts/ea-files/passive-refusal-depth-observation-v1/valid-p2-2024/observation/events-a.csv,319,325
L0814,P2_2024,Cross,US100_BOOK,2024-01-24T17:00:00,2024-01-24T21:00:00,Wednesday,OTHER_WEEK,3.6157,0.4,0.38549999999999274,0.10661835882401548,0,0.06787203442498035,-0.04568527918781726,lab/artifacts/ea-files/passive-refusal-depth-observation-v1/valid-p2-2024/observation/events-a.csv,323,326
L0815,P2_2024,Passive,US100_BOOK,2024-01-25T15:48:10,2024-01-25T19:15:00,Thursday,OTHER_WEEK,3.6289,0.09,0.07549999999999273,0.020805202678495612,0,0.005193943513177994,-0.050314465408805034,lab/artifacts/ea-files/passive-refusal-depth-observation-v1/valid-p2-2024/observation/events-a.csv,333,339
L0816,P2_2024,Cross,US100_BOOK,2024-01-25T17:00:00,2024-01-25T21:00:00,Thursday,OTHER_WEEK,3.6289,0.93,0.9154999999999928,0.25228030532668105,0,0.21353398092764594,-0.04568527918781726,lab/artifacts/ea-files/passive-refusal-depth-observation-v1/valid-p2-2024/observation/events-a.csv,337,340
L0817,P2_2024,Passive,US100_BOOK,2024-01-26T13:32:02,2024-01-26T17:00:00,Friday,OTHER_WEEK,3.6685,0.0,-0.014500000000007276,-0.003952569169962458,0,-0.019563828335280076,-0.050314465408805034,lab/artifacts/ea-files/passive-refusal-depth-observation-v1/valid-p2-2024/observation/events-a.csv,347,348
L0818,P2_2024,Cross,US100_BOOK,2024-01-26T17:00:00,2024-01-26T21:00:00,Friday,OTHER_WEEK,3.668,0.25,0.23549999999999272,0.06420392584514523,0,0.02545760144611011,-0.04568527918781726,lab/artifacts/ea-files/passive-refusal-depth-observation-v1/valid-p2-2024/observation/events-a.csv,352,354
L0819,P2_2024,RC16,US30_BOOK,2024-01-29T13:30:05,2024-01-29T17:30:00,Monday,OTHER_WEEK,3.6774,0.11,0.0969999999999709,0.02637733181051039,0,-0.0010386348469955849,-0.1527777777777778,lab/artifacts/ea-files/passive-refusal-depth-observation-v1/valid-p2-2024/observation/events-a.csv,359,366
L0820,P2_2024,Cross,US100_BOOK,2024-01-29T17:00:00,2024-01-29T21:00:00,Monday,OTHER_WEEK,3.6774,-0.33,-0.3445000000000073,-0.09368031761570873,0,-0.13242664201474386,-0.04568527918781726,lab/artifacts/ea-files/passive-refusal-depth-observation-v1/valid-p2-2024/observation/events-a.csv,364,367
L0821,P2_2024,RC16,US30_BOOK,2024-01-30T13:30:00,2024-01-30T17:30:00,Tuesday,OTHER_WEEK,3.6675,-0.06,-0.0730000000000291,-0.01990456714383888,0,-0.04732053380134485,-0.1527777777777778,lab/artifacts/ea-files/passive-refusal-depth-observation-v1/valid-p2-2024/observation/events-a.csv,377,390
L0822,P2_2024,RC4,US30_BOOK,2024-01-30T13:00:00,2024-01-30T18:17:26,Tuesday,OTHER_WEEK,3.6675,-0.46,-0.4730000000000291,-0.12897068847989887,1,-0.18189366133245283,0.7358490566037736,lab/artifacts/ea-files/passive-refusal-depth-observation-v1/valid-p2-2024/observation/events-a.csv,372,392
L0823,P2_2024,Passive,US100_BOOK,2024-01-30T15:17:56,2024-01-30T19:15:00,Tuesday,OTHER_WEEK,3.6675,-0.31,-0.3245000000000073,-0.08847989093388064,0,-0.10409115009919827,-0.050314465408805034,lab/artifacts/ea-files/passive-refusal-depth-observation-v1/valid-p2-2024/observation/events-a.csv,384,397
L0824,P2_2024,Passive,US100_BOOK,2024-01-31T12:16:42,2024-01-31T14:30:01,Wednesday,OTHER_WEEK,3.6327,0.32,0.3054999999999927,0.08409722795716484,0,0.06848596879184722,-0.050314465408805034,lab/artifacts/ea-files/passive-refusal-depth-observation-v1/valid-p2-2024/observation/events-a.csv,404,410
L0825,P2_2024,Passive,US100_BOOK,2024-01-31T15:00:27,2024-01-31T16:45:00,Wednesday,OTHER_WEEK,3.6449,0.74,0.7254999999999927,0.19904524129605553,0,0.18343398213073792,-0.050314465408805034,lab/artifacts/ea-files/passive-refusal-depth-observation-v1/valid-p2-2024/observation/events-a.csv,416,417
L0826,P2_2024,RC4,US30_BOOK,2024-01-31T13:00:02,2024-01-31T17:00:43,Wednesday,OTHER_WEEK,3.6327,-0.45,-0.4630000000000291,-0.12745340930988772,1,-0.18037638216244167,0.7358490566037736,lab/artifacts/ea-files/passive-refusal-depth-observation-v1/valid-p2-2024/observation/events-a.csv,408,426
L0827,P2_2024,Cross,US100_BOOK,2024-01-31T17:00:00,2024-01-31T21:00:00,Wednesday,OTHER_WEEK,3.6739,-0.18,-0.19450000000000728,-0.05294101635863994,0,-0.09168734075767505,-0.04568527918781726,lab/artifacts/ea-files/passive-refusal-depth-observation-v1/valid-p2-2024/observation/events-a.csv,423,434
L0828,P2_2024,RC16,US30_BOOK,2024-02-01T13:30:03,2024-02-01T17:30:00,Thursday,OTHER_WEEK,3.6476,1.18,1.1669999999999707,0.3199363965346997,0,0.29252042987719373,-0.1527777777777778,lab/artifacts/ea-files/passive-refusal-depth-observation-v1/valid-p2-2024/observation/events-a.csv,444,452
L0829,P2_2024,RC4,US30_BOOK,2024-02-01T13:00:00,2024-02-01T19:00:00,Thursday,OTHER_WEEK,3.6476,0.44,0.4269999999999709,0.1170632744818431,0,0.06414030162928915,-0.2641509433962264,lab/artifacts/ea-files/passive-refusal-depth-observation-v1/valid-p2-2024/observation/events-a.csv,439,453
L0830,P2_2024,Cross,US100_BOOK,2024-02-01T17:00:05,2024-02-01T21:00:00,Thursday,OTHER_WEEK,3.6444,-0.96,-0.9774999999999999,-0.2682197343870047,0,-0.30696605878603983,-0.04568527918781726,lab/artifacts/ea-files/passive-refusal-depth-observation-v1/valid-p2-2024/observation/events-a.csv,450,454
L0831,P2_2024,RC16,US30_BOOK,2024-02-02T13:30:00,2024-02-02T16:04:08,Friday,OTHER_WEEK,3.6723,-1.8399999999999999,-1.853000000000029,-0.5045884050867383,1,-0.5320043717442443,0.8472222222222222,lab/artifacts/ea-files/passive-refusal-depth-observation-v1/valid-p2-2024/observation/events-a.csv,464,472
L0832,P2_2024,RC4,US30_BOOK,2024-02-02T13:00:00,2024-02-02T16:37:04,Friday,OTHER_WEEK,3.6723,-1.8399999999999999,-1.853000000000029,-0.5045884050867383,1,-0.5575113779392923,0.7358490566037736,lab/artifacts/ea-files/passive-refusal-depth-observation-v1/valid-p2-2024/observation/events-a.csv,459,473
L0833,P2_2024,Cross,US100_BOOK,2024-02-02T17:00:00,2024-02-02T21:00:00,Friday,OTHER_WEEK,3.524,1.3599999999999999,1.3454999999999926,0.381810442678772,0,0.3430641182797369,-0.04568527918781726,lab/artifacts/ea-files/passive-refusal-depth-observation-v1/valid-p2-2024/observation/events-a.csv,477,479
L0834,P2_2024,Cross,US100_BOOK,2024-02-05T17:00:00,2024-02-05T21:00:00,Monday,OTHER_WEEK,3.5778,0.02,0.005500000000029103,0.001537257532570044,0,-0.03720906686646507,-0.04568527918781726,lab/artifacts/ea-files/passive-refusal-depth-observation-v1/valid-p2-2024/observation/events-a.csv,484,486
L0835,P2_2024,Passive,US100_BOOK,2024-02-06T14:23:35,2024-02-06T15:15:00,Tuesday,OTHER_WEEK,3.5781,0.52,0.5054999999999927,0.14127609625219886,0,0.12566483708688125,-0.050314465408805034,lab/artifacts/ea-files/passive-refusal-depth-observation-v1/valid-p2-2024/observation/events-a.csv,493,494
L0836,P2_2024,Cross,US100_BOOK,2024-02-06T17:00:00,2024-02-06T21:00:00,Tuesday,OTHER_WEEK,3.5983,0.22,0.2,0.055581802517855654,0,0.016835478118820538,-0.04568527918781726,lab/artifacts/ea-files/passive-refusal-depth-observation-v1/valid-p2-2024/observation/events-a.csv,498,500
L0837,P2_2024,Passive,US100_BOOK,2024-02-07T16:01:24,2024-02-07T20:00:00,Wednesday,OTHER_WEEK,3.6063,-0.75,-0.7645000000000073,-0.21199012838643685,0,-0.22760138755175446,-0.050314465408805034,lab/artifacts/ea-files/passive-refusal-depth-observation-v1/valid-p2-2024/observation/events-a.csv,507,508
L0838,P2_2024,RC4,US30_BOOK,2024-02-08T13:00:00,2024-02-08T19:00:00,Thursday,OTHER_WEEK,3.5757,0.77,0.7569999999999709,0.211706798668784,0,0.15878382581623005,-0.2641509433962264,lab/artifacts/ea-files/passive-refusal-depth-observation-v1/valid-p2-2024/observation/events-a.csv,513,521
L0839,P2_2024,Cross,US100_BOOK,2024-02-08T17:00:00,2024-02-08T21:00:00,Thursday,OTHER_WEEK,3.5757,0.13,0.10500000000000001,0.029364879603993626,0,-0.00938144479504149,-0.04568527918781726,lab/artifacts/ea-files/passive-refusal-depth-observation-v1/valid-p2-2024/observation/events-a.csv,519,522
L0840,P2_2024,Passive,US100_BOOK,2024-02-09T12:16:46,2024-02-09T13:15:00,Friday,OTHER_WEEK,3.6102,0.06,0.04549999999999272,0.012603179879229051,0,-0.0030080792860885663,-0.050314465408805034,lab/artifacts/ea-files/passive-refusal-depth-observation-v1/valid-p2-2024/observation/events-a.csv,529,535
L0841,P2_2024,Passive,US100_BOOK,2024-02-09T14:21:02,2024-02-09T15:15:05,Friday,OTHER_WEEK,3.612,0.18,0.1654999999999927,0.045819490586930425,0,0.03020823142161281,-0.050314465408805034,lab/artifacts/ea-files/passive-refusal-depth-observation-v1/valid-p2-2024/observation/events-a.csv,546,547
L0842,P2_2024,RC16,US30_BOOK,2024-02-09T13:30:03,2024-02-09T17:30:00,Friday,OTHER_WEEK,3.612,-0.93,-0.9430000000000291,-0.26107419712071683,0,-0.2884901637782228,-0.1527777777777778,lab/artifacts/ea-files/passive-refusal-depth-observation-v1/valid-p2-2024/observation/events-a.csv,539,555
L0843,P2_2024,RC4,US30_BOOK,2024-02-09T13:00:00,2024-02-09T19:00:00,Friday,OTHER_WEEK,3.6102,-1.72,-1.7330000000000292,-0.4800288072683035,0,-0.5329517801208574,-0.2641509433962264,lab/artifacts/ea-files/passive-refusal-depth-observation-v1/valid-p2-2024/observation/events-a.csv,533,556
L0844,P2_2024,Cross,US100_BOOK,2024-02-09T17:00:00,2024-02-09T21:00:00,Friday,OTHER_WEEK,3.6104,0.94,0.9220000000000073,0.2553733658320428,0,0.21662704143300768,-0.04568527918781726,lab/artifacts/ea-files/passive-refusal-depth-observation-v1/valid-p2-2024/observation/events-a.csv,551,557
L0845,P2_2024,Cross,US100_BOOK,2024-02-12T17:00:00,2024-02-12T21:00:00,Monday,STANDARD_EXPIRATION_WEEK,3.5485,0.21,0.185,0.052134704804847116,0,0.013388380405812,-0.04568527918781726,lab/artifacts/ea-files/passive-refusal-depth-observation-v1/valid-p2-2024/observation/events-a.csv,562,564
L0846,P2_2024,Passive,US100_BOOK,2024-02-13T12:15:48,2024-02-13T15:30:01,Tuesday,STANDARD_EXPIRATION_WEEK,3.5559,0.07,0.04250000000000001,0.011951967153182039,0,-0.0036592920121355788,-0.050314465408805034,lab/artifacts/ea-files/passive-refusal-depth-observation-v1/valid-p2-2024/observation/events-a.csv,571,572
L0847,P2_2024,Return,US30_BOOK,2024-02-13T16:00:00,2024-02-13T16:57:42,Tuesday,STANDARD_EXPIRATION_WEEK,3.5576,-1.78,-1.7930000000000292,-0.503991454913433,1,-0.4488986504473619,0.62,lab/artifacts/ea-files/passive-refusal-depth-observation-v1/valid-p2-2024/observation/events-a.csv,581,584
L0848,P2_2024,Passive,US100_BOOK,2024-02-13T16:00:04,2024-02-13T18:45:00,Tuesday,STANDARD_EXPIRATION_WEEK,3.5576,1.05,1.0355000000000292,0.2910670114684139,0,0.27545575230309627,-0.050314465408805034,lab/artifacts/ea-files/passive-refusal-depth-observation-v1/valid-p2-2024/observation/events-a.csv,583,590
L0849,P2_2024,Cross,US100_BOOK,2024-02-13T17:00:00,2024-02-13T21:00:00,Tuesday,STANDARD_EXPIRATION_WEEK,3.4858,-0.18,-0.19450000000000728,-0.05579780825061888,0,-0.094544132649654,-0.04568527918781726,lab/artifacts/ea-files/passive-refusal-depth-observation-v1/valid-p2-2024/observation/events-a.csv,588,591
L0850,P2_2024,Cross,US100_BOOK,2024-02-14T17:00:00,2024-02-14T21:00:00,Wednesday,STANDARD_EXPIRATION_WEEK,3.5195,-0.05,-0.06450000000000727,-0.018326466827676455,0,-0.05707279122671157,-0.04568527918781726,lab/artifacts/ea-files/passive-refusal-depth-observation-v1/valid-p2-2024/observation/events-a.csv,596,598
L0851,P2_2024,RC4,US30_BOOK,2024-02-15T13:00:00,2024-02-15T17:18:14,Thursday,STANDARD_EXPIRATION_WEEK,3.5169,-1.76,-1.7729999999999564,-0.5041371662543593,1,-0.5570601391069133,0.7358490566037736,lab/artifacts/ea-files/passive-refusal-depth-observation-v1/valid-p2-2024/observation/events-a.csv,603,612
L0852,P2_2024,Cross,US100_BOOK,2024-02-15T17:00:00,2024-02-15T21:00:00,Thursday,STANDARD_EXPIRATION_WEEK,3.5152,-0.95,-0.9924999999999999,-0.2823452435138825,0,-0.32109156791291765,-0.04568527918781726,lab/artifacts/ea-files/passive-refusal-depth-observation-v1/valid-p2-2024/observation/events-a.csv,610,613
L0853,P2_2024,Passive,US100_BOOK,2024-02-16T12:42:14,2024-02-16T13:45:03,Friday,STANDARD_EXPIRATION_WEEK,3.4063,0.03,0.015499999999992723,0.004550391920850402,0,-0.011060867244467216,-0.050314465408805034,lab/artifacts/ea-files/passive-refusal-depth-observation-v1/valid-p2-2024/observation/events-a.csv,620,631
L0854,P2_2024,Passive,US100_BOOK,2024-02-16T16:05:21,2024-02-16T16:55:02,Friday,STANDARD_EXPIRATION_WEEK,3.4068,-1.71,-1.7245000000000072,-0.5061934953622189,1,-0.5218047545275365,0.949685534591195,lab/artifacts/ea-files/passive-refusal-depth-observation-v1/valid-p2-2024/observation/events-a.csv,640,641
L0855,P2_2024,RC16,US30_BOOK,2024-02-16T13:30:02,2024-02-16T17:30:00,Friday,STANDARD_EXPIRATION_WEEK,3.4063,-0.54,-0.5770000000000437,-0.16939200892465248,0,-0.19680797558215846,-0.1527777777777778,lab/artifacts/ea-files/passive-refusal-depth-observation-v1/valid-p2-2024/observation/events-a.csv,629,647
L0856,P2_2024,RC4,US30_BOOK,2024-02-16T13:00:00,2024-02-16T19:00:00,Friday,STANDARD_EXPIRATION_WEEK,3.4063,0.3,0.2869999999999709,0.08425564395384168,0,0.03133267110128772,-0.2641509433962264,lab/artifacts/ea-files/passive-refusal-depth-observation-v1/valid-p2-2024/observation/events-a.csv,624,648
L0857,P2_2024,RC16,US30_BOOK,2024-02-19T13:30:00,2024-02-19T17:30:00,Monday,OTHER_WEEK,3.3263,-0.29,-0.3030000000000291,-0.09109220455161263,0,-0.1185081712091186,-0.1527777777777778,lab/artifacts/ea-files/passive-refusal-depth-observation-v1/valid-p2-2024/observation/events-a.csv,653,657
L0858,P2_2024,Passive,US100_BOOK,2024-02-20T12:16:01,2024-02-20T14:30:02,Tuesday,OTHER_WEEK,3.3142,0.48,0.4654999999999927,0.1404562186953089,0,0.12484495952999126,-0.050314465408805034,lab/artifacts/ea-files/passive-refusal-depth-observation-v1/valid-p2-2024/observation/events-a.csv,664,665
L0859,P2_2024,Passive,US100_BOOK,2024-02-20T15:40:36,2024-02-20T16:45:00,Tuesday,OTHER_WEEK,3.3328,1.03,1.0154999999999927,0.3046987518002858,0,0.2890874926349682,-0.050314465408805034,lab/artifacts/ea-files/passive-refusal-depth-observation-v1/valid-p2-2024/observation/events-a.csv,671,677
L0860,P2_2024,Cross,US100_BOOK,2024-02-20T17:00:00,2024-02-20T21:00:00,Tuesday,OTHER_WEEK,3.3734,0.29,0.2759999999999854,0.08181656489001761,0,0.04307024049098249,-0.04568527918781726,lab/artifacts/ea-files/passive-refusal-depth-observation-v1/valid-p2-2024/observation/events-a.csv,681,683
L0861,P2_2024,Return,US30_BOOK,2024-02-20T16:00:00,2024-02-20T22:00:00,Tuesday,OTHER_WEEK,3.3328,0.99,0.9769999999999709,0.29314690350455197,0,0.3482397079706231,-0.38,lab/artifacts/ea-files/passive-refusal-depth-observation-v1/valid-p2-2024/observation/events-a.csv,675,684
L0862,P2_2024,Cross,US100_BOOK,2024-02-21T17:00:00,2024-02-21T21:00:00,Wednesday,OTHER_WEEK,3.4236,0.2,0.18599999999998545,0.05432877672624882,0,0.015582452327213704,-0.04568527918781726,lab/artifacts/ea-files/passive-refusal-depth-observation-v1/valid-p2-2024/observation/events-a.csv,689,691
L0863,P2_2024,Cross,US100_BOOK,2024-02-22T17:00:00,2024-02-22T21:00:00,Thursday,OTHER_WEEK,3.431,-1.28,-1.2945000000000073,-0.37729524919848656,0,-0.4160415735975217,-0.04568527918781726,lab/artifacts/ea-files/passive-refusal-depth-observation-v1/valid-p2-2024/observation/events-a.csv,696,698
L0864,P2_2024,RC16,US30_BOOK,2024-02-23T13:30:00,2024-02-23T17:30:00,Friday,OTHER_WEEK,3.3792,1.67,1.6569999999999707,0.49035274621211256,0,0.4629367795546066,-0.1527777777777778,lab/artifacts/ea-files/passive-refusal-depth-observation-v1/valid-p2-2024/observation/events-a.csv,708,720
L0865,P2_2024,Passive,US100_BOOK,2024-02-23T15:32:35,2024-02-23T17:30:00,Friday,OTHER_WEEK,3.3792,0.13,0.09900000000001455,0.029296875000004306,0,0.013685615834686688,-0.050314465408805034,lab/artifacts/ea-files/passive-refusal-depth-observation-v1/valid-p2-2024/observation/events-a.csv,715,721
L0866,P2_2024,RC4,US30_BOOK,2024-02-23T13:00:00,2024-02-23T19:00:00,Friday,OTHER_WEEK,3.3792,1.27,1.2569999999999708,0.37198153409090046,0,0.3190585612383465,-0.2641509433962264,lab/artifacts/ea-files/passive-refusal-depth-observation-v1/valid-p2-2024/observation/events-a.csv,703,722
L0867,P2_2024,RC16,US30_BOOK,2024-02-26T13:30:00,2024-02-26T17:30:00,Monday,OTHER_WEEK,3.4997,0.78,0.7669999999999709,0.2191616424264854,0,0.1917456757689794,-0.1527777777777778,lab/artifacts/ea-files/passive-refusal-depth-observation-v1/valid-p2-2024/observation/events-a.csv,732,740
L0868,P2_2024,RC4,US30_BOOK,2024-02-26T13:00:01,2024-02-26T19:00:00,Monday,OTHER_WEEK,3.4997,0.59,0.5769999999999709,0.1648712746806786,0,0.11194830182812465,-0.2641509433962264,lab/artifacts/ea-files/passive-refusal-depth-observation-v1/valid-p2-2024/observation/events-a.csv,727,741
L0869,P2_2024,Cross,US100_BOOK,2024-02-26T17:00:00,2024-02-26T21:00:00,Monday,OTHER_WEEK,3.4997,-0.29,-0.31,-0.08857902105894791,0,-0.12732534545798302,-0.04568527918781726,lab/artifacts/ea-files/passive-refusal-depth-observation-v1/valid-p2-2024/observation/events-a.csv,738,742
L0870,P2_2024,Passive,US100_BOOK,2024-02-27T12:18:47,2024-02-27T15:15:00,Tuesday,OTHER_WEEK,3.5411,0.02,0.005499999999992724,0.0015531896868184248,0,-0.014058069478499193,-0.050314465408805034,lab/artifacts/ea-files/passive-refusal-depth-observation-v1/valid-p2-2024/observation/events-a.csv,749,750
L0871,P2_2024,Cross,US100_BOOK,2024-02-28T17:00:00,2024-02-28T21:00:00,Wednesday,OTHER_WEEK,3.5413,-0.53,-0.5445000000000073,-0.15375709485217498,0,-0.1925034192512101,-0.04568527918781726,lab/artifacts/ea-files/passive-refusal-depth-observation-v1/valid-p2-2024/observation/events-a.csv,761,763
L0872,P2_2024,Passive,US100_BOOK,2024-02-29T15:46:20,2024-02-29T18:45:00,Thursday,OTHER_WEEK,3.5195,0.77,0.7554999999999927,0.21466117346213745,0,0.19904991429681984,-0.050314465408805034,lab/artifacts/ea-files/passive-refusal-depth-observation-v1/valid-p2-2024/observation/events-a.csv,770,776
L0873,P2_2024,Cross,US100_BOOK,2024-02-29T17:00:00,2024-02-29T21:00:00,Thursday,OTHER_WEEK,3.5195,-0.18,-0.19450000000000728,-0.05526353175167134,0,-0.09400985615070645,-0.04568527918781726,lab/artifacts/ea-files/passive-refusal-depth-observation-v1/valid-p2-2024/observation/events-a.csv,774,777
L0874,P2_2024,Cross,US100_BOOK,2024-03-01T17:00:00,2024-03-01T21:00:00,Friday,OTHER_WEEK,3.542,1.92,1.895,0.5350084697910785,0,0.4962621453920434,-0.04568527918781726,lab/artifacts/ea-files/passive-refusal-depth-observation-v1/valid-p2-2024/observation/events-a.csv,788,790
L0875,P2_2024,RC4,US30_BOOK,2024-03-04T13:00:00,2024-03-04T19:00:00,Monday,OTHER_WEEK,3.6178,0.02,0.006999999999970896,0.001934877549884155,0,-0.0509880953026698,-0.2641509433962264,lab/artifacts/ea-files/passive-refusal-depth-observation-v1/valid-p2-2024/observation/events-a.csv,795,809
L0876,P2_2024,Cross,US100_BOOK,2024-03-04T17:00:00,2024-03-04T21:00:00,Monday,OTHER_WEEK,3.6178,-0.06,-0.07450000000000727,-0.020592625352426133,0,-0.05933894975146125,-0.04568527918781726,lab/artifacts/ea-files/passive-refusal-depth-observation-v1/valid-p2-2024/observation/events-a.csv,807,810
L0877,P2_2024,Return,US30_BOOK,2024-03-04T16:00:00,2024-03-04T22:00:00,Monday,OTHER_WEEK,3.6178,1.58,1.5669999999999709,0.43313616009728867,0,0.4882289645633598,-0.38,lab/artifacts/ea-files/passive-refusal-depth-observation-v1/valid-p2-2024/observation/events-a.csv,800,811
L0878,P2_2024,RC16,US30_BOOK,2024-03-05T13:30:01,2024-03-05T16:52:45,Tuesday,OTHER_WEEK,3.6778,-1.85,-1.8629999999999565,-0.5065528304964806,1,-0.5339687971539866,0.8472222222222222,lab/artifacts/ea-files/passive-refusal-depth-observation-v1/valid-p2-2024/observation/events-a.csv,822,835
L0879,P2_2024,Return,US30_BOOK,2024-03-05T16:00:00,2024-03-05T18:43:11,Tuesday,OTHER_WEEK,3.6778,-1.8399999999999999,-1.853000000000029,-0.5038338136929765,1,-0.4487410092269054,0.62,lab/artifacts/ea-files/passive-refusal-depth-observation-v1/valid-p2-2024/observation/events-a.csv,832,841
L0880,P2_2024,Cross,US100_BOOK,2024-03-05T17:00:00,2024-03-05T21:00:00,Tuesday,OTHER_WEEK,3.6032,1.7,1.68,0.4662522202486678,0,0.42750589584963267,-0.04568527918781726,lab/artifacts/ea-files/passive-refusal-depth-observation-v1/valid-p2-2024/observation/events-a.csv,839,842
L0881,P2_2024,Passive,US100_BOOK,2024-03-06T12:16:42,2024-03-06T14:30:00,Wednesday,OTHER_WEEK,3.5963,0.07,0.05,0.013903178266551736,0,-0.0017080808987658819,-0.050314465408805034,lab/artifacts/ea-files/passive-refusal-depth-observation-v1/valid-p2-2024/observation/events-a.csv,849,850
L0882,P2_2024,Cross,US100_BOOK,2024-03-06T17:00:00,2024-03-06T21:00:00,Wednesday,OTHER_WEEK,3.5983,-0.29,-0.30450000000000726,-0.08462329433343725,0,-0.12336961873247237,-0.04568527918781726,lab/artifacts/ea-files/passive-refusal-depth-observation-v1/valid-p2-2024/observation/events-a.csv,854,856
L0883,P2_2024,Passive,US100_BOOK,2024-03-07T12:19:14,2024-03-07T16:15:00,Thursday,OTHER_WEEK,3.5861,-0.65,-0.6644999999999709,-0.18529879256015472,0,-0.20091005172547233,-0.050314465408805034,lab/artifacts/ea-files/passive-refusal-depth-observation-v1/valid-p2-2024/observation/events-a.csv,863,869
L0884,P2_2024,Pressure,US30_BOOK,2024-03-07T15:00:00,2024-03-07T19:00:00,Thursday,OTHER_WEEK,3.5861,1.19,1.1770000000000436,0.3282117063104887,0,0.33770767163901305,-0.21739130434782608,lab/artifacts/ea-files/passive-refusal-depth-observation-v1/valid-p2-2024/observation/events-a.csv,867,870
L0885,P2_2024,Passive,US100_BOOK,2024-03-08T14:37:54,2024-03-08T15:45:00,Friday,OTHER_WEEK,3.6066,0.74,0.7254999999999927,0.20115898630288714,0,0.18554772713756953,-0.050314465408805034,lab/artifacts/ea-files/passive-refusal-depth-observation-v1/valid-p2-2024/observation/events-a.csv,877,878
L0886,P2_2024,Cross,US100_BOOK,2024-03-08T17:00:00,2024-03-08T21:00:00,Friday,OTHER_WEEK,3.6357,3.41,3.395499999999993,0.9339329427620522,0,0.895186618363017,-0.04568527918781726,lab/artifacts/ea-files/passive-refusal-depth-observation-v1/valid-p2-2024/observation/events-a.csv,882,884
L0887,P2_2024,Passive,US100_BOOK,2024-03-11T15:16:24,2024-03-11T18:00:00,Monday,STANDARD_EXPIRATION_WEEK,3.7715,0.65,0.6354999999999927,0.1685005965796083,0,0.1528893374142907,-0.050314465408805034,lab/artifacts/ea-files/passive-refusal-depth-observation-v1/valid-p2-2024/observation/events-a.csv,891,897
L0888,P2_2024,Cross,US100_BOOK,2024-03-11T17:00:00,2024-03-11T21:00:00,Monday,STANDARD_EXPIRATION_WEEK,3.7715,-0.76,-0.7745000000000073,-0.20535595916744195,0,-0.24410228356647706,-0.04568527918781726,lab/artifacts/ea-files/passive-refusal-depth-observation-v1/valid-p2-2024/observation/events-a.csv,895,898
L0889,P2_2024,Passive,US100_BOOK,2024-03-12T15:45:00,2024-03-12T16:15:00,Tuesday,STANDARD_EXPIRATION_WEEK,3.7659,0.71,0.6954999999999927,0.18468360816803225,0,0.16907234900271464,-0.050314465408805034,lab/artifacts/ea-files/passive-refusal-depth-observation-v1/valid-p2-2024/observation/events-a.csv,905,906
L0890,P2_2024,Cross,US100_BOOK,2024-03-12T17:00:00,2024-03-12T21:00:00,Tuesday,STANDARD_EXPIRATION_WEEK,3.7937,-1.12,-1.1500000000000001,-0.3031341434483486,0,-0.34188046784738374,-0.04568527918781726,lab/artifacts/ea-files/passive-refusal-depth-observation-v1/valid-p2-2024/observation/events-a.csv,910,912
L0891,P2_2024,RC16,US30_BOOK,2024-03-13T13:30:05,2024-03-13T17:30:00,Wednesday,STANDARD_EXPIRATION_WEEK,3.7477,1.19,1.1770000000000436,0.31405928969769287,0,0.2866433230401869,-0.1527777777777778,lab/artifacts/ea-files/passive-refusal-depth-observation-v1/valid-p2-2024/observation/events-a.csv,922,930
L0892,P2_2024,RC4,US30_BOOK,2024-03-13T13:00:00,2024-03-13T19:00:00,Wednesday,STANDARD_EXPIRATION_WEEK,3.7477,1.35,1.3369999999999709,0.35675214131333105,0,0.3038291684607771,-0.2641509433962264,lab/artifacts/ea-files/passive-refusal-depth-observation-v1/valid-p2-2024/observation/events-a.csv,917,931
L0893,P2_2024,Cross,US100_BOOK,2024-03-13T17:00:00,2024-03-13T21:00:00,Wednesday,STANDARD_EXPIRATION_WEEK,3.7477,-0.5,-0.525,-0.14008591936387652,0,-0.17883224376291162,-0.04568527918781726,lab/artifacts/ea-files/passive-refusal-depth-observation-v1/valid-p2-2024/observation/events-a.csv,928,932
L0894,P2_2024,RC16,US30_BOOK,2024-03-15T13:30:00,2024-03-15T16:30:00,Friday,STANDARD_EXPIRATION_WEEK,3.8273,-1.94,-1.978000000000029,-0.5168134193818172,1,-0.5442293860393232,0.8472222222222222,lab/artifacts/ea-files/passive-refusal-depth-observation-v1/valid-p2-2024/observation/events-a.csv,938,946
L0895,P2_2024,Cross,US100_BOOK,2024-03-15T17:00:00,2024-03-15T21:00:00,Friday,STANDARD_EXPIRATION_WEEK,3.7482,0.09,0.07549999999999273,0.020143001974279047,0,-0.01860332242475607,-0.04568527918781726,lab/artifacts/ea-files/passive-refusal-depth-observation-v1/valid-p2-2024/observation/events-a.csv,950,952
L0896,P2_2024,Passive,US100_BOOK,2024-03-18T14:30:24,2024-03-18T18:30:00,Monday,OTHER_WEEK,3.7512,-0.72,-0.7340000000000145,-0.19567071870335215,0,-0.21128197786866976,-0.050314465408805034,lab/artifacts/ea-files/passive-refusal-depth-observation-v1/valid-p2-2024/observation/events-a.csv,959,960
L0897,P2_2024,Passive,US100_BOOK,2024-03-19T14:32:00,2024-03-19T17:45:00,Tuesday,OTHER_WEEK,3.7218,0.03,0.015499999999992723,0.004164651512706949,0,-0.011446607652610668,-0.050314465408805034,lab/artifacts/ea-files/passive-refusal-depth-observation-v1/valid-p2-2024/observation/events-a.csv,967,973
L0898,P2_2024,Cross,US100_BOOK,2024-03-19T17:00:00,2024-03-19T20:01:52,Tuesday,OTHER_WEEK,3.7218,-1.87,-1.8840000000000146,-0.506206674189912,1,-0.5449529985889472,0.9543147208121827,lab/artifacts/ea-files/passive-refusal-depth-observation-v1/valid-p2-2024/observation/events-a.csv,971,974
L0899,P2_2024,Passive,US100_BOOK,2024-03-20T14:38:05,2024-03-20T16:45:00,Wednesday,OTHER_WEEK,3.6471,0.66,0.6455000000000292,0.17698993721039433,0,0.16137867804507672,-0.050314465408805034,lab/artifacts/ea-files/passive-refusal-depth-observation-v1/valid-p2-2024/observation/events-a.csv,986,992
L0900,P2_2024,RC4,US30_BOOK,2024-03-20T13:00:00,2024-03-20T17:24:12,Wednesday,OTHER_WEEK,3.6471,-0.46,-0.4730000000000291,-0.12969208412163888,1,-0.18261505697419284,0.7358490566037736,lab/artifacts/ea-files/passive-refusal-depth-observation-v1/valid-p2-2024/observation/events-a.csv,979,1001
L0901,P2_2024,Cross,US100_BOOK,2024-03-20T17:00:00,2024-03-20T21:00:00,Wednesday,OTHER_WEEK,3.6729,-0.15,-0.16450000000000728,-0.04478749761768828,0,-0.0835338220167234,-0.04568527918781726,lab/artifacts/ea-files/passive-refusal-depth-observation-v1/valid-p2-2024/observation/events-a.csv,998,1008
L0902,P2_2024,Return,US30_BOOK,2024-03-20T16:00:00,2024-03-20T22:00:00,Wednesday,OTHER_WEEK,3.6471,3.71,3.6969999999999708,1.013682103589145,0,1.0687749080552162,-0.38,lab/artifacts/ea-files/passive-refusal-depth-observation-v1/valid-p2-2024/observation/events-a.csv,990,1009
L0903,P2_2024,Passive,US100_BOOK,2024-03-21T15:30:09,2024-03-21T17:45:00,Thursday,OTHER_WEEK,3.7953,0.24,0.2255000000000291,0.05941559297026035,0,0.04380433380494273,-0.050314465408805034,lab/artifacts/ea-files/passive-refusal-depth-observation-v1/valid-p2-2024/observation/events-a.csv,1016,1022
L0904,P2_2024,Cross,US100_BOOK,2024-03-21T17:00:00,2024-03-21T21:00:00,Thursday,OTHER_WEEK,3.7953,0.25,0.20099999999998544,0.05296024029720587,0,0.014213915898170754,-0.04568527918781726,lab/artifacts/ea-files/passive-refusal-depth-observation-v1/valid-p2-2024/observation/events-a.csv,1020,1023
L0905,P2_2024,RC16,US30_BOOK,2024-03-22T13:30:01,2024-03-22T17:27:43,Friday,OTHER_WEEK,3.8124,-1.9100000000000001,-1.9230000000000294,-0.5044066729619214,1,-0.5318226396194274,0.8472222222222222,lab/artifacts/ea-files/passive-refusal-depth-observation-v1/valid-p2-2024/observation/events-a.csv,1028,1041
L0906,P2_2024,Passive,US100_BOOK,2024-03-22T14:45:22,2024-03-22T18:00:00,Friday,OTHER_WEEK,3.8124,-0.21,-0.22450000000000728,-0.05888679047319465,0,-0.07449804963851227,-0.050314465408805034,lab/artifacts/ea-files/passive-refusal-depth-observation-v1/valid-p2-2024/observation/events-a.csv,1035,1042
L0907,P2_2024,Cross,US100_BOOK,2024-03-22T17:00:00,2024-03-22T21:00:00,Friday,OTHER_WEEK,3.8124,0.87,0.8475,0.22230091281082784,0,0.18355458841179273,-0.04568527918781726,lab/artifacts/ea-files/passive-refusal-depth-observation-v1/valid-p2-2024/observation/events-a.csv,1039,1043
L0908,P2_2024,Passive,US100_BOOK,2024-03-25T14:00:41,2024-03-25T17:15:00,Monday,OTHER_WEEK,3.7604,0.16,0.12099999999998545,0.032177427933194724,0,0.01656616876787711,-0.050314465408805034,lab/artifacts/ea-files/passive-refusal-depth-observation-v1/valid-p2-2024/observation/events-a.csv,1050,1051
L0909,P2_2024,Passive,US100_BOOK,2024-03-26T12:16:25,2024-03-26T13:15:01,Tuesday,OTHER_WEEK,3.7652,-0.11,-0.12450000000000727,-0.03306597259109935,0,-0.048677231756416965,-0.050314465408805034,lab/artifacts/ea-files/passive-refusal-depth-observation-v1/valid-p2-2024/observation/events-a.csv,1058,1059
L0910,P2_2024,Cross,US100_BOOK,2024-03-26T17:00:00,2024-03-26T21:00:00,Tuesday,OTHER_WEEK,3.7602,-0.59,-0.6045000000000073,-0.1607627253869494,0,-0.19950904978598452,-0.04568527918781726,lab/artifacts/ea-files/passive-refusal-depth-observation-v1/valid-p2-2024/observation/events-a.csv,1063,1065
L0911,P2_2024,Passive,US100_BOOK,2024-03-27T13:49:07,2024-03-27T15:15:05,Wednesday,OTHER_WEEK,3.736,0.11,0.0875,0.023420770877944322,0,0.007809511712626704,-0.050314465408805034,lab/artifacts/ea-files/passive-refusal-depth-observation-v1/valid-p2-2024/observation/events-a.csv,1077,1078
L0912,P2_2024,RC16,US30_BOOK,2024-03-27T13:30:02,2024-03-27T17:30:00,Wednesday,OTHER_WEEK,3.736,0.37,0.34599999999998543,0.09261241970021022,0,0.06519645304270424,-0.1527777777777778,lab/artifacts/ea-files/passive-refusal-depth-observation-v1/valid-p2-2024/observation/events-a.csv,1075,1084
L0913,P2_2024,Cross,US100_BOOK,2024-03-27T17:00:00,2024-03-27T21:00:00,Wednesday,OTHER_WEEK,3.7395,0.21,0.1954999999999927,0.05227971653964238,0,0.013533392140607267,-0.04568527918781726,lab/artifacts/ea-files/passive-refusal-depth-observation-v1/valid-p2-2024/observation/events-a.csv,1082,1085
L0914,P2_2024,RC16,US30_BOOK,2024-03-28T13:30:00,2024-03-28T17:30:00,Thursday,OTHER_WEEK,3.7612,-0.42,-0.4380000000000291,-0.11645219610763295,0,-0.14386816276513892,-0.1527777777777778,lab/artifacts/ea-files/passive-refusal-depth-observation-v1/valid-p2-2024/observation/events-a.csv,1090,1097
L0915,P2_2024,Cross,US100_BOOK,2024-03-28T17:00:00,2024-03-28T21:00:00,Thursday,OTHER_WEEK,3.7612,-0.48,-0.49450000000000727,-0.1314739976603231,0,-0.17022032205935822,-0.04568527918781726,lab/artifacts/ea-files/passive-refusal-depth-observation-v1/valid-p2-2024/observation/events-a.csv,1095,1098
L0916,P2_2024,Passive,US100_BOOK,2024-04-01T15:15:13,2024-04-01T16:45:00,Monday,OTHER_WEEK,3.7239,0.81,0.7954999999999928,0.2136201294341934,0,0.1980088702688758,-0.050314465408805034,lab/artifacts/ea-files/passive-refusal-depth-observation-v1/valid-p2-2024/observation/events-a.csv,1110,1116
L0917,P2_2024,Return,US30_BOOK,2024-04-01T16:00:00,2024-04-01T16:49:41,Monday,OTHER_WEEK,3.7239,-1.8599999999999999,-1.873000000000029,-0.5029673192083647,1,-0.44787451474229356,0.62,lab/artifacts/ea-files/passive-refusal-depth-observation-v1/valid-p2-2024/observation/events-a.csv,1114,1117
L0918,P2_2024,RC4,US30_BOOK,2024-04-01T13:00:00,2024-04-01T19:00:00,Monday,OTHER_WEEK,3.7239,4.37,4.356999999999971,1.1700099358199658,0,1.1170869629674118,-0.2641509433962264,lab/artifacts/ea-files/passive-refusal-depth-observation-v1/valid-p2-2024/observation/events-a.csv,1103,1124
L0919,P2_2024,Cross,US100_BOOK,2024-04-01T17:00:00,2024-04-01T21:00:00,Monday,OTHER_WEEK,3.6808,-1.13,-1.1549999999999998,-0.3137904803303629,0,-0.352536804729398,-0.04568527918781726,lab/artifacts/ea-files/passive-refusal-depth-observation-v1/valid-p2-2024/observation/events-a.csv,1122,1125
L0920,P2_2024,Passive,US100_BOOK,2024-04-02T14:46:41,2024-04-02T16:40:22,Tuesday,OTHER_WEEK,3.8089,-1.9,-1.9145000000000072,-0.5026385570637211,1,-0.5182498162290387,0.949685534591195,lab/artifacts/ea-files/passive-refusal-depth-observation-v1/valid-p2-2024/observation/events-a.csv,1132,1138
L0921,P2_2024,Return,US30_BOOK,2024-04-02T16:00:00,2024-04-02T16:51:01,Tuesday,OTHER_WEEK,3.8089,-1.9100000000000001,-1.9460000000000583,-0.5109086612933021,1,-0.455815856827231,0.62,lab/artifacts/ea-files/passive-refusal-depth-observation-v1/valid-p2-2024/observation/events-a.csv,1136,1139
L0922,P2_2024,Cross,US100_BOOK,2024-04-02T17:00:00,2024-04-02T21:00:00,Tuesday,OTHER_WEEK,3.6545,-0.27,-0.2845000000000073,-0.07784922698043707,0,-0.1165955513794722,-0.04568527918781726,lab/artifacts/ea-files/passive-refusal-depth-observation-v1/valid-p2-2024/observation/events-a.csv,1143,1145
L0923,P2_2024,RC16,US30_BOOK,2024-04-03T13:30:00,2024-04-03T17:30:00,Wednesday,OTHER_WEEK,3.6431,0.94,0.9269999999999708,0.25445362466030874,0,0.22703765800280276,-0.1527777777777778,lab/artifacts/ea-files/passive-refusal-depth-observation-v1/valid-p2-2024/observation/events-a.csv,1150,1157
L0924,P2_2024,Cross,US100_BOOK,2024-04-03T17:00:00,2024-04-03T21:00:00,Wednesday,OTHER_WEEK,3.6431,-1.41,-1.4284999999999854,-0.39211111416101274,0,-0.4308574385600479,-0.04568527918781726,lab/artifacts/ea-files/passive-refusal-depth-observation-v1/valid-p2-2024/observation/events-a.csv,1155,1158
L0925,P2_2024,RC16,US30_BOOK,2024-04-04T13:30:00,2024-04-04T17:30:00,Thursday,OTHER_WEEK,3.623,0.37,0.3569999999999709,0.09853712393043634,0,0.07112115727293036,-0.1527777777777778,lab/artifacts/ea-files/passive-refusal-depth-observation-v1/valid-p2-2024/observation/events-a.csv,1168,1178
L0926,P2_2024,RC4,US30_BOOK,2024-04-04T13:00:00,2024-04-04T19:00:00,Thursday,OTHER_WEEK,3.623,0.66,0.6469999999999709,0.17858128622687577,0,0.12565831337432182,-0.2641509433962264,lab/artifacts/ea-files/passive-refusal-depth-observation-v1/valid-p2-2024/observation/events-a.csv,1163,1179
L0927,P2_2024,Passive,US100_BOOK,2024-04-04T16:00:03,2024-04-04T19:00:00,Thursday,OTHER_WEEK,3.623,0.03,0.015499999999992723,0.004278222467566305,0,-0.011333036697751313,-0.050314465408805034,lab/artifacts/ea-files/passive-refusal-depth-observation-v1/valid-p2-2024/observation/events-a.csv,1175,1180
L0928,P2_2024,RC16,US30_BOOK,2024-04-05T13:30:02,2024-04-05T17:30:00,Friday,OTHER_WEEK,3.6638,0.45,0.4369999999999709,0.11927506959986105,0,0.09185910294235508,-0.1527777777777778,lab/artifacts/ea-files/passive-refusal-depth-observation-v1/valid-p2-2024/observation/events-a.csv,1190,1198
L0929,P2_2024,RC4,US30_BOOK,2024-04-05T13:00:00,2024-04-05T19:00:00,Friday,OTHER_WEEK,3.6638,3.14,3.126999999999971,0.8534854522626701,0,0.8005624794101162,-0.2641509433962264,lab/artifacts/ea-files/passive-refusal-depth-observation-v1/valid-p2-2024/observation/events-a.csv,1185,1199
L0930,P2_2024,Cross,US100_BOOK,2024-04-05T17:00:00,2024-04-05T21:00:00,Friday,OTHER_WEEK,3.6638,0.8,0.7854999999999928,0.21439489055079228,0,0.17564856615175717,-0.04568527918781726,lab/artifacts/ea-files/passive-refusal-depth-observation-v1/valid-p2-2024/observation/events-a.csv,1195,1200
L0931,P2_2024,Cross,US100_BOOK,2024-04-08T17:00:00,2024-04-08T21:00:00,Monday,OTHER_WEEK,3.8378,-0.08,-0.09799999999999273,-0.025535463025689906,0,-0.06428178742472503,-0.04568527918781726,lab/artifacts/ea-files/passive-refusal-depth-observation-v1/valid-p2-2024/observation/events-a.csv,1205,1207
L0932,P2_2024,Passive,US100_BOOK,2024-04-09T15:15:25,2024-04-09T17:30:00,Tuesday,OTHER_WEEK,3.8339,0.84,0.8254999999999927,0.2153159967656936,0,0.199704737600376,-0.050314465408805034,lab/artifacts/ea-files/passive-refusal-depth-observation-v1/valid-p2-2024/observation/events-a.csv,1214,1220
L0933,P2_2024,Cross,US100_BOOK,2024-04-09T17:00:00,2024-04-09T21:00:00,Tuesday,OTHER_WEEK,3.8339,-0.88,-0.9,-0.23474790683116412,0,-0.2734942312301992,-0.04568527918781726,lab/artifacts/ea-files/passive-refusal-depth-observation-v1/valid-p2-2024/observation/events-a.csv,1218,1221
L0934,P2_2024,RC16,US30_BOOK,2024-04-10T13:30:00,2024-04-10T15:30:21,Wednesday,OTHER_WEEK,3.8309,-1.98,-2.036000000000058,-0.5314678012999708,1,-0.5588837679574769,0.8472222222222222,lab/artifacts/ea-files/passive-refusal-depth-observation-v1/valid-p2-2024/observation/events-a.csv,1226,1228
L0935,P2_2024,Passive,US100_BOOK,2024-04-10T16:08:20,2024-04-10T18:45:00,Wednesday,OTHER_WEEK,3.7494,0.62,0.605,0.1613591507974609,0,0.1457478916321433,-0.050314465408805034,lab/artifacts/ea-files/passive-refusal-depth-observation-v1/valid-p2-2024/observation/events-a.csv,1239,1245
L0936,P2_2024,Cross,US100_BOOK,2024-04-10T17:00:00,2024-04-10T21:00:00,Wednesday,OTHER_WEEK,3.7494,-0.16,-0.1745000000000073,-0.04654077985811257,0,-0.0852871042571477,-0.04568527918781726,lab/artifacts/ea-files/passive-refusal-depth-observation-v1/valid-p2-2024/observation/events-a.csv,1243,1246
L0937,P2_2024,Return,US30_BOOK,2024-04-10T16:00:00,2024-04-10T22:00:00,Wednesday,OTHER_WEEK,3.7494,-1.6400000000000001,-1.6530000000000293,-0.4408705392862936,0,-0.3857777348202225,-0.38,lab/artifacts/ea-files/passive-refusal-depth-observation-v1/valid-p2-2024/observation/events-a.csv,1237,1247
L0938,P2_2024,Cross,US100_BOOK,2024-04-11T17:00:00,2024-04-11T21:00:00,Thursday,OTHER_WEEK,3.7005,1.74,1.7255000000000291,0.46628833941360065,0,0.4275420150145655,-0.04568527918781726,lab/artifacts/ea-files/passive-refusal-depth-observation-v1/valid-p2-2024/observation/events-a.csv,1252,1254
L0939,P2_2024,Passive,US100_BOOK,2024-04-12T12:45:18,2024-04-12T16:45:00,Friday,OTHER_WEEK,3.7696,-1.0,-1.015,-0.26925933786078093,0,-0.28487059702609857,-0.050314465408805034,lab/artifacts/ea-files/passive-refusal-depth-observation-v1/valid-p2-2024/observation/events-a.csv,1261,1267
L0940,P2_2024,Return,US30_BOOK,2024-04-12T16:00:00,2024-04-12T19:38:01,Friday,OTHER_WEEK,3.7696,-1.9,-1.9340000000000144,-0.5130517826825165,1,-0.4579589782164454,0.62,lab/artifacts/ea-files/passive-refusal-depth-observation-v1/valid-p2-2024/observation/events-a.csv,1265,1273
L0941,P2_2024,Cross,US100_BOOK,2024-04-12T17:00:00,2024-04-12T21:00:00,Friday,OTHER_WEEK,3.729,1.74,1.7254999999999927,0.46272459104317315,0,0.423978266644138,-0.04568527918781726,lab/artifacts/ea-files/passive-refusal-depth-observation-v1/valid-p2-2024/observation/events-a.csv,1271,1274
L0942,P2_2024,Passive,US100_BOOK,2024-04-15T16:00:05,2024-04-15T17:15:00,Monday,STANDARD_EXPIRATION_WEEK,3.7206,1.04,1.0254999999999928,0.2756275869483397,0,0.2600163277830221,-0.050314465408805034,lab/artifacts/ea-files/passive-refusal-depth-observation-v1/valid-p2-2024/observation/events-a.csv,1286,1292
L0943,P2_2024,Pressure,US30_BOOK,2024-04-15T15:00:00,2024-04-15T19:00:00,Monday,STANDARD_EXPIRATION_WEEK,3.7206,-0.59,-0.6030000000000291,-0.16207063376875477,0,-0.1525746684402304,-0.21739130434782608,lab/artifacts/ea-files/passive-refusal-depth-observation-v1/valid-p2-2024/observation/events-a.csv,1279,1293
L0944,P2_2024,Cross,US100_BOOK,2024-04-15T17:00:00,2024-04-15T21:00:00,Monday,STANDARD_EXPIRATION_WEEK,3.7206,3.83,3.815499999999993,1.025506638714184,0,0.9867603143151489,-0.04568527918781726,lab/artifacts/ea-files/passive-refusal-depth-observation-v1/valid-p2-2024/observation/events-a.csv,1290,1294
L0945,P2_2024,Pressure,US30_BOOK,2024-04-16T15:00:00,2024-04-16T16:47:26,Tuesday,STANDARD_EXPIRATION_WEEK,3.8901,-1.96,-2.036000000000058,-0.5233798617002283,1,-0.513883896371704,0.782608695652174,lab/artifacts/ea-files/passive-refusal-depth-observation-v1/valid-p2-2024/observation/events-a.csv,1299,1301
L0946,P2_2024,Cross,US100_BOOK,2024-04-16T17:00:00,2024-04-16T21:00:00,Tuesday,STANDARD_EXPIRATION_WEEK,3.8087,-0.16,-0.1745000000000073,-0.04581615774411408,0,-0.0845624821431492,-0.04568527918781726,lab/artifacts/ea-files/passive-refusal-depth-observation-v1/valid-p2-2024/observation/events-a.csv,1305,1307
L0947,P2_2024,Passive,US100_BOOK,2024-04-17T12:26:02,2024-04-17T14:45:00,Wednesday,STANDARD_EXPIRATION_WEEK,3.8017,-0.21,-0.22450000000000728,-0.05905252913170615,0,-0.07466378829702378,-0.050314465408805034,lab/artifacts/ea-files/passive-refusal-depth-observation-v1/valid-p2-2024/observation/events-a.csv,1314,1315
L0948,P2_2024,Return,US30_BOOK,2024-04-17T16:00:00,2024-04-17T18:30:46,Wednesday,STANDARD_EXPIRATION_WEEK,3.7927,-1.92,-1.968000000000029,-0.5188915548290213,1,-0.46379875036295015,0.62,lab/artifacts/ea-files/passive-refusal-depth-observation-v1/valid-p2-2024/observation/events-a.csv,1319,1326
L0949,P2_2024,Cross,US100_BOOK,2024-04-17T17:00:00,2024-04-17T21:00:00,Wednesday,STANDARD_EXPIRATION_WEEK,3.7927,1.49,1.475,0.3889050017138187,0,0.35015867731478356,-0.04568527918781726,lab/artifacts/ea-files/passive-refusal-depth-observation-v1/valid-p2-2024/observation/events-a.csv,1324,1327
L0950,P2_2024,Passive,US100_BOOK,2024-04-18T12:30:31,2024-04-18T14:45:00,Thursday,STANDARD_EXPIRATION_WEEK,3.773,0.37,0.325,0.08613835144447389,0,0.07052709227915627,-0.050314465408805034,lab/artifacts/ea-files/passive-refusal-depth-observation-v1/valid-p2-2024/observation/events-a.csv,1334,1335
L0951,P2_2024,Cross,US100_BOOK,2024-04-18T17:00:00,2024-04-18T21:00:00,Thursday,STANDARD_EXPIRATION_WEEK,3.786,0.48,0.45749999999999996,0.12083993660855784,0,0.08209361220952271,-0.04568527918781726,lab/artifacts/ea-files/passive-refusal-depth-observation-v1/valid-p2-2024/observation/events-a.csv,1339,1341
L0952,P2_2024,Passive,US100_BOOK,2024-04-19T15:13:53,2024-04-19T17:00:00,Friday,STANDARD_EXPIRATION_WEEK,3.8043,0.55,0.5355000000000292,0.1407617695765395,0,0.12515051041122188,-0.050314465408805034,lab/artifacts/ea-files/passive-refusal-depth-observation-v1/valid-p2-2024/observation/events-a.csv,1353,1354
L0953,P2_2024,Pressure,US30_BOOK,2024-04-19T15:00:00,2024-04-19T19:00:00,Friday,STANDARD_EXPIRATION_WEEK,3.8043,1.97,1.9569999999999708,0.5144178955392505,0,0.5239138608677749,-0.21739130434782608,lab/artifacts/ea-files/passive-refusal-depth-observation-v1/valid-p2-2024/observation/events-a.csv,1351,1360
L0954,P2_2024,Cross,US100_BOOK,2024-04-19T17:00:00,2024-04-19T21:00:00,Friday,STANDARD_EXPIRATION_WEEK,3.8257,1.65,1.6354999999999926,0.42750346341845746,0,0.3887571390194223,-0.04568527918781726,lab/artifacts/ea-files/passive-refusal-depth-observation-v1/valid-p2-2024/observation/events-a.csv,1358,1361
L0955,P2_2024,RC16,US30_BOOK,2024-04-22T13:30:00,2024-04-22T17:30:00,Monday,OTHER_WEEK,3.9694,-1.01,-1.0230000000000292,-0.2577215700105883,0,-0.28513753666809427,-0.1527777777777778,lab/artifacts/ea-files/passive-refusal-depth-observation-v1/valid-p2-2024/observation/events-a.csv,1366,1373
L0956,P2_2024,Cross,US100_BOOK,2024-04-22T17:00:00,2024-04-22T21:00:00,Monday,OTHER_WEEK,3.9694,1.1,1.0775000000000001,0.27145160477654057,0,0.23270528037750546,-0.04568527918781726,lab/artifacts/ea-files/passive-refusal-depth-observation-v1/valid-p2-2024/observation/events-a.csv,1371,1374
L0957,P2_2024,Passive,US100_BOOK,2024-04-23T12:17:45,2024-04-23T14:30:00,Tuesday,OTHER_WEEK,3.9716,-0.07,-0.08450000000000728,-0.021276060026187753,0,-0.03688731919150537,-0.050314465408805034,lab/artifacts/ea-files/passive-refusal-depth-observation-v1/valid-p2-2024/observation/events-a.csv,1381,1387
L0958,P2_2024,RC16,US30_BOOK,2024-04-23T13:30:00,2024-04-23T17:30:00,Tuesday,OTHER_WEEK,3.9716,0.78,0.7669999999999709,0.19312116023768025,0,0.16570519358017427,-0.1527777777777778,lab/artifacts/ea-files/passive-refusal-depth-observation-v1/valid-p2-2024/observation/events-a.csv,1385,1393
L0959,P2_2024,Cross,US100_BOOK,2024-04-23T17:00:00,2024-04-23T21:00:00,Tuesday,OTHER_WEEK,3.9682,1.34,1.3254999999999928,0.33403054281538047,0,0.29528421841634533,-0.04568527918781726,lab/artifacts/ea-files/passive-refusal-depth-observation-v1/valid-p2-2024/observation/events-a.csv,1391,1394
L0960,P2_2024,Passive,US100_BOOK,2024-04-24T13:01:02,2024-04-24T14:30:00,Wednesday,OTHER_WEEK,4.0519,0.39,0.37549999999999273,0.09267257336064383,0,0.0770613141953262,-0.050314465408805034,lab/artifacts/ea-files/passive-refusal-depth-observation-v1/valid-p2-2024/observation/events-a.csv,1401,1402
L0961,P2_2024,Passive,US100_BOOK,2024-04-24T15:30:23,2024-04-24T16:15:00,Wednesday,OTHER_WEEK,4.067,0.46,0.44599999999998546,0.1096631423653763,0,0.09405188320005868,-0.050314465408805034,lab/artifacts/ea-files/passive-refusal-depth-observation-v1/valid-p2-2024/observation/events-a.csv,1408,1409
L0962,P2_2024,Cross,US100_BOOK,2024-04-24T17:00:00,2024-04-24T21:00:00,Wednesday,OTHER_WEEK,4.0848,-0.38,-0.4,-0.09792401096748922,0,-0.13667033536652434,-0.04568527918781726,lab/artifacts/ea-files/passive-refusal-depth-observation-v1/valid-p2-2024/observation/events-a.csv,1413,1415
L0963,P2_2024,Passive,US100_BOOK,2024-04-25T12:18:55,2024-04-25T14:15:00,Thursday,OTHER_WEEK,4.0688,0.28,0.26549999999999274,0.06525265434525972,0,0.0496413951799421,-0.050314465408805034,lab/artifacts/ea-files/passive-refusal-depth-observation-v1/valid-p2-2024/observation/events-a.csv,1422,1423
L0964,P2_2024,Return,US30_BOOK,2024-04-25T16:00:00,2024-04-25T16:51:40,Thursday,OTHER_WEEK,4.0794,-2.04,-2.0530000000000292,-0.5032602833750134,1,-0.44816747890894226,0.62,lab/artifacts/ea-files/passive-refusal-depth-observation-v1/valid-p2-2024/observation/events-a.csv,1433,1435
L0965,P2_2024,Passive,US100_BOOK,2024-04-25T15:45:37,2024-04-25T19:00:00,Thursday,OTHER_WEEK,4.0794,0.08,0.06,0.014708045300779527,0,-0.0009032138645380904,-0.050314465408805034,lab/artifacts/ea-files/passive-refusal-depth-observation-v1/valid-p2-2024/observation/events-a.csv,1429,1441
L0966,P2_2024,Cross,US100_BOOK,2024-04-25T17:00:00,2024-04-25T21:00:00,Thursday,OTHER_WEEK,3.9973,2.09,2.065,0.5165987041252845,0,0.4778523797262494,-0.04568527918781726,lab/artifacts/ea-files/passive-refusal-depth-observation-v1/valid-p2-2024/observation/events-a.csv,1439,1442
L0967,P2_2024,Cross,US100_BOOK,2024-04-26T17:00:00,2024-04-26T21:00:00,Friday,OTHER_WEEK,4.0823,0.87,0.8554999999999927,0.20956323641084504,0,0.17081691201180993,-0.04568527918781726,lab/artifacts/ea-files/passive-refusal-depth-observation-v1/valid-p2-2024/observation/events-a.csv,1447,1449
L0968,P2_2024,Passive,US100_BOOK,2024-04-29T16:06:40,2024-04-29T16:45:00,Monday,OTHER_WEEK,4.1165,0.77,0.7554999999999927,0.18352969755860382,0,0.1679184383932862,-0.050314465408805034,lab/artifacts/ea-files/passive-refusal-depth-observation-v1/valid-p2-2024/observation/events-a.csv,1456,1457
L0969,P2_2024,Cross,US100_BOOK,2024-04-29T17:00:00,2024-04-29T21:00:00,Monday,OTHER_WEEK,4.1467,-0.5,-0.5144999999999709,-0.12407456531699203,0,-0.16282088971602715,-0.04568527918781726,lab/artifacts/ea-files/passive-refusal-depth-observation-v1/valid-p2-2024/observation/events-a.csv,1461,1463
L0970,P2_2024,Passive,US100_BOOK,2024-04-30T15:45:31,2024-04-30T16:45:00,Tuesday,OTHER_WEEK,4.1262,0.69,0.6759999999999854,0.16383112791430018,0,0.14821986874898258,-0.050314465408805034,lab/artifacts/ea-files/passive-refusal-depth-observation-v1/valid-p2-2024/observation/events-a.csv,1475,1481
L0971,P2_2024,RC16,US30_BOOK,2024-04-30T13:30:00,2024-04-30T16:54:05,Tuesday,OTHER_WEEK,4.1262,-2.06,-2.0730000000000293,-0.5023993020212373,1,-0.5298152686787433,0.8472222222222222,lab/artifacts/ea-files/passive-refusal-depth-observation-v1/valid-p2-2024/observation/events-a.csv,1468,1482
L0972,P2_2024,Return,US30_BOOK,2024-04-30T16:00:00,2024-04-30T19:32:34,Tuesday,OTHER_WEEK,4.1262,-2.1,-2.14,-0.5186370025689497,1,-0.4635441981028786,0.62,lab/artifacts/ea-files/passive-refusal-depth-observation-v1/valid-p2-2024/observation/events-a.csv,1479,1488
L0973,P2_2024,Cross,US100_BOOK,2024-04-30T17:00:00,2024-04-30T21:00:00,Tuesday,OTHER_WEEK,4.0703,-1.43,-1.4440000000000144,-0.3547650050364874,0,-0.3935113294355225,-0.04568527918781726,lab/artifacts/ea-files/passive-refusal-depth-observation-v1/valid-p2-2024/observation/events-a.csv,1486,1489
L0974,P2_2024,Cross,US100_BOOK,2024-05-01T17:00:00,2024-05-01T21:00:00,Wednesday,OTHER_WEEK,3.9269,0.08,0.06549999999999273,0.016679823779569822,0,-0.022066500619465294,-0.04568527918781726,lab/artifacts/ea-files/passive-refusal-depth-observation-v1/valid-p2-2024/observation/events-a.csv,1494,1496
L0975,P2_2024,Cross,US100_BOOK,2024-05-02T17:00:00,2024-05-02T21:00:00,Thursday,OTHER_WEEK,3.9295,-0.97,-0.9840000000000145,-0.2504135386181485,0,-0.28915986301718366,-0.04568527918781726,lab/artifacts/ea-files/passive-refusal-depth-observation-v1/valid-p2-2024/observation/events-a.csv,1501,1503
L0976,P2_2024,RC16,US30_BOOK,2024-05-03T13:30:00,2024-05-03T17:30:00,Friday,OTHER_WEEK,3.8902,0.37,0.3569999999999709,0.09176906071666519,0,0.0643530940591592,-0.1527777777777778,lab/artifacts/ea-files/passive-refusal-depth-observation-v1/valid-p2-2024/observation/events-a.csv,1508,1521
L0977,P2_2024,Passive,US100_BOOK,2024-05-03T15:45:05,2024-05-03T19:45:00,Friday,OTHER_WEEK,3.8902,-0.76,-0.7745000000000073,-0.19909002107860965,0,-0.21470128024392726,-0.050314465408805034,lab/artifacts/ea-files/passive-refusal-depth-observation-v1/valid-p2-2024/observation/events-a.csv,1515,1522
L0978,P2_2024,Cross,US100_BOOK,2024-05-03T17:00:00,2024-05-03T21:00:00,Friday,OTHER_WEEK,3.8902,-0.35,-0.375,-0.09639607218137884,0,-0.13514239658041396,-0.04568527918781726,lab/artifacts/ea-files/passive-refusal-depth-observation-v1/valid-p2-2024/observation/events-a.csv,1519,1523
L0979,P2_2024,RC16,US30_BOOK,2024-05-06T13:30:00,2024-05-06T17:30:00,Monday,OTHER_WEEK,3.8585,0.23,0.2169999999999709,0.056239471297128654,0,0.02882350463962268,-0.1527777777777778,lab/artifacts/ea-files/passive-refusal-depth-observation-v1/valid-p2-2024/observation/events-a.csv,1528,1535
L0980,P2_2024,Cross,US100_BOOK,2024-05-06T17:00:00,2024-05-06T21:00:00,Monday,OTHER_WEEK,3.8585,0.16,0.1375,0.03563560969288584,0,-0.0031107147061492785,-0.04568527918781726,lab/artifacts/ea-files/passive-refusal-depth-observation-v1/valid-p2-2024/observation/events-a.csv,1533,1536
L0981,P2_2024,RC16,US30_BOOK,2024-05-08T13:30:04,2024-05-08T17:30:00,Wednesday,OTHER_WEEK,3.8727,-0.07,-0.0830000000000291,-0.021432075812747982,0,-0.048848042470253955,-0.1527777777777778,lab/artifacts/ea-files/passive-refusal-depth-observation-v1/valid-p2-2024/observation/events-a.csv,1548,1561
L0982,P2_2024,Passive,US100_BOOK,2024-05-08T14:30:23,2024-05-08T17:30:00,Wednesday,OTHER_WEEK,3.8727,0.46,0.44549999999999274,0.11503602138043038,0,0.09942476221511276,-0.050314465408805034,lab/artifacts/ea-files/passive-refusal-depth-observation-v1/valid-p2-2024/observation/events-a.csv,1555,1562
L0983,P2_2024,Cross,US100_BOOK,2024-05-08T17:00:00,2024-05-08T21:00:00,Wednesday,OTHER_WEEK,3.8727,0.12,0.10549999999999272,0.027241975882457387,0,-0.01150434851657773,-0.04568527918781726,lab/artifacts/ea-files/passive-refusal-depth-observation-v1/valid-p2-2024/observation/events-a.csv,1559,1563
L0984,P2_2024,Passive,US100_BOOK,2024-05-09T15:56:02,2024-05-09T16:45:00,Thursday,OTHER_WEEK,3.8914,0.59,0.5755000000000291,0.14789021945830014,0,0.13227896029298253,-0.050314465408805034,lab/artifacts/ea-files/passive-refusal-depth-observation-v1/valid-p2-2024/observation/events-a.csv,1570,1571
L0985,P2_2024,Cross,US100_BOOK,2024-05-09T17:00:00,2024-05-09T21:00:00,Thursday,OTHER_WEEK,3.9144,-0.51,-0.53,-0.13539750664214184,0,-0.17414383104117695,-0.04568527918781726,lab/artifacts/ea-files/passive-refusal-depth-observation-v1/valid-p2-2024/observation/events-a.csv,1575,1577
L0986,P2_2024,Passive,US100_BOOK,2024-05-10T12:15:54,2024-05-10T15:00:00,Friday,OTHER_WEEK,3.8932,0.13,0.11549999999999273,0.029667111887391535,0,0.014055852722073917,-0.050314465408805034,lab/artifacts/ea-files/passive-refusal-depth-observation-v1/valid-p2-2024/observation/events-a.csv,1584,1585
L0987,P2_2024,Passive,US100_BOOK,2024-05-10T16:00:32,2024-05-10T16:45:00,Friday,OTHER_WEEK,3.8978,0.71,0.6875,0.17638154856585767,0,0.16077028940054006,-0.050314465408805034,lab/artifacts/ea-files/passive-refusal-depth-observation-v1/valid-p2-2024/observation/events-a.csv,1591,1592
L0988,P2_2024,Cross,US100_BOOK,2024-05-10T17:00:00,2024-05-10T21:00:00,Friday,OTHER_WEEK,3.9253,-0.72,-0.7374999999999999,-0.18788372863220643,0,-0.22663005303124154,-0.04568527918781726,lab/artifacts/ea-files/passive-refusal-depth-observation-v1/valid-p2-2024/observation/events-a.csv,1596,1598
L0989,P2_2024,RC16,US30_BOOK,2024-05-13T13:30:01,2024-05-13T17:30:00,Monday,STANDARD_EXPIRATION_WEEK,3.8958,0.37,0.3569999999999709,0.09163714769751294,0,0.06422118104000696,-0.1527777777777778,lab/artifacts/ea-files/passive-refusal-depth-observation-v1/valid-p2-2024/observation/events-a.csv,1603,1610
L0990,P2_2024,Cross,US100_BOOK,2024-05-13T17:00:00,2024-05-13T21:00:00,Monday,STANDARD_EXPIRATION_WEEK,3.8958,0.01,-0.004500000000007276,-0.0011550900970294358,0,-0.039901414496064554,-0.04568527918781726,lab/artifacts/ea-files/passive-refusal-depth-observation-v1/valid-p2-2024/observation/events-a.csv,1608,1611
L0991,P2_2024,Passive,US100_BOOK,2024-05-14T16:00:19,2024-05-14T16:45:00,Tuesday,STANDARD_EXPIRATION_WEEK,3.9099,0.53,0.5154999999999927,0.13184480421493971,0,0.11623354504962209,-0.050314465408805034,lab/artifacts/ea-files/passive-refusal-depth-observation-v1/valid-p2-2024/observation/events-a.csv,1628,1629
L0992,P2_2024,RC16,US30_BOOK,2024-05-14T13:30:00,2024-05-14T17:30:00,Tuesday,STANDARD_EXPIRATION_WEEK,3.9099,0.56,0.546999999999971,0.13990127624746693,0,0.11248530958996095,-0.1527777777777778,lab/artifacts/ea-files/passive-refusal-depth-observation-v1/valid-p2-2024/observation/events-a.csv,1621,1636
L0993,P2_2024,RC4,US30_BOOK,2024-05-14T13:00:01,2024-05-14T19:00:00,Tuesday,STANDARD_EXPIRATION_WEEK,3.9099,-0.39,-0.4030000000000291,-0.10307168981304614,0,-0.15599466266560008,-0.2641509433962264,lab/artifacts/ea-files/passive-refusal-depth-observation-v1/valid-p2-2024/observation/events-a.csv,1616,1637
L0994,P2_2024,Cross,US100_BOOK,2024-05-14T17:00:00,2024-05-14T21:00:00,Tuesday,STANDARD_EXPIRATION_WEEK,3.9305,0.39,0.3625,0.09222745197811984,0,0.05348112757908472,-0.04568527918781726,lab/artifacts/ea-files/passive-refusal-depth-observation-v1/valid-p2-2024/observation/events-a.csv,1634,1638
L0995,P2_2024,RC16,US30_BOOK,2024-05-15T13:30:00,2024-05-15T17:30:00,Wednesday,STANDARD_EXPIRATION_WEEK,3.9508,1.32,1.3070000000000437,0.33081907461780996,0,0.303403107960304,-0.1527777777777778,lab/artifacts/ea-files/passive-refusal-depth-observation-v1/valid-p2-2024/observation/events-a.csv,1643,1656
L0996,P2_2024,Passive,US100_BOOK,2024-05-15T15:45:06,2024-05-15T19:45:00,Wednesday,STANDARD_EXPIRATION_WEEK,3.9508,-1.21,-1.2245000000000072,-0.3099372279032113,0,-0.32554848706852896,-0.050314465408805034,lab/artifacts/ea-files/passive-refusal-depth-observation-v1/valid-p2-2024/observation/events-a.csv,1650,1657
L0997,P2_2024,Cross,US100_BOOK,2024-05-15T17:00:00,2024-05-15T20:54:57,Wednesday,STANDARD_EXPIRATION_WEEK,3.9508,-1.98,-2.0,-0.5062265870203503,1,-0.5449729114193854,0.9543147208121827,lab/artifacts/ea-files/passive-refusal-depth-observation-v1/valid-p2-2024/observation/events-a.csv,1654,1658
L0998,P2_2024,Passive,US100_BOOK,2024-05-17T14:34:14,2024-05-17T16:30:00,Friday,STANDARD_EXPIRATION_WEEK,3.8741,0.16,0.14599999999998545,0.037686172272265936,0,0.02207491310694832,-0.050314465408805034,lab/artifacts/ea-files/passive-refusal-depth-observation-v1/valid-p2-2024/observation/events-a.csv,1666,1667
L0999,P2_2024,Cross,US100_BOOK,2024-05-17T17:00:00,2024-05-17T21:00:00,Friday,STANDARD_EXPIRATION_WEEK,3.8799,0.22,0.20549999999999272,0.05296528261037468,0,0.01421895821133956,-0.04568527918781726,lab/artifacts/ea-files/passive-refusal-depth-observation-v1/valid-p2-2024/observation/events-a.csv,1671,1673
L1000,P2_2024,Cross,US100_BOOK,2024-05-20T17:00:00,2024-05-20T21:00:00,Monday,OTHER_WEEK,3.8882,-0.07,-0.08450000000000728,-0.021732421171752298,0,-0.06047874557078742,-0.04568527918781726,lab/artifacts/ea-files/passive-refusal-depth-observation-v1/valid-p2-2024/observation/events-a.csv,1678,1680
L1001,P2_2024,Cross,US100_BOOK,2024-05-21T17:00:00,2024-05-21T21:00:00,Tuesday,OTHER_WEEK,3.8848,-0.72,-0.745,-0.19177306425041188,0,-0.230519388649447,-0.04568527918781726,lab/artifacts/ea-files/passive-refusal-depth-observation-v1/valid-p2-2024/observation/events-a.csv,1685,1687
L1002,P2_2024,Passive,US100_BOOK,2024-05-22T12:52:35,2024-05-22T14:30:00,Wednesday,OTHER_WEEK,3.855,0.29,0.2754999999999927,0.0714656290531758,0,0.055854369887858184,-0.050314465408805034,lab/artifacts/ea-files/passive-refusal-depth-observation-v1/valid-p2-2024/observation/events-a.csv,1694,1695
L1003,P2_2024,Return,US30_BOOK,2024-05-22T16:00:00,2024-05-22T21:21:19,Wednesday,OTHER_WEEK,3.866,-1.95,-1.9770000000000436,-0.5113812726332239,1,-0.45628846816715274,0.62,lab/artifacts/ea-files/passive-refusal-depth-observation-v1/valid-p2-2024/observation/events-a.csv,1699,1701
L1004,P2_2024,Passive,US100_BOOK,2024-05-23T15:01:04,2024-05-23T16:45:01,Thursday,OTHER_WEEK,3.7869,0.9,0.8854999999999927,0.23383242229791987,0,0.21822116313260226,-0.050314465408805034,lab/artifacts/ea-files/passive-refusal-depth-observation-v1/valid-p2-2024/observation/events-a.csv,1708,1709
L1005,P2_2024,Cross,US100_BOOK,2024-05-23T17:00:00,2024-05-23T21:00:00,Thursday,OTHER_WEEK,3.8223,1.34,1.3254999999999928,0.3467807341129668,0,0.30803440971393165,-0.04568527918781726,lab/artifacts/ea-files/passive-refusal-depth-observation-v1/valid-p2-2024/observation/events-a.csv,1713,1715
L1006,P2_2024,RC16,US30_BOOK,2024-05-24T13:30:02,2024-05-24T17:30:00,Friday,OTHER_WEEK,3.8754,-0.04,-0.05300000000002911,-0.013676007637928757,0,-0.04109197429543473,-0.1527777777777778,lab/artifacts/ea-files/passive-refusal-depth-observation-v1/valid-p2-2024/observation/events-a.csv,1725,1733
L1007,P2_2024,RC4,US30_BOOK,2024-05-24T13:00:00,2024-05-24T19:00:00,Friday,OTHER_WEEK,3.8754,-0.52,-0.5430000000000291,-0.1401145688187101,0,-0.19303754167126405,-0.2641509433962264,lab/artifacts/ea-files/passive-refusal-depth-observation-v1/valid-p2-2024/observation/events-a.csv,1720,1734
L1008,P2_2024,Cross,US100_BOOK,2024-05-24T17:00:00,2024-05-24T21:00:00,Friday,OTHER_WEEK,3.8754,1.52,1.5,0.38705681994116736,0,0.3483104955421322,-0.04568527918781726,lab/artifacts/ea-files/passive-refusal-depth-observation-v1/valid-p2-2024/observation/events-a.csv,1730,1735
L1009,P2_2024,RC4,US30_BOOK,2024-05-27T13:00:00,2024-05-27T19:00:00,Monday,OTHER_WEEK,3.9115,0.52,0.5090000000000146,0.1301291064808934,0,0.07720613362833945,-0.2641509433962264,lab/artifacts/ea-files/passive-refusal-depth-observation-v1/valid-p2-2024/observation/events-a.csv,1740,1746
L1010,P2_2024,RC4,US30_BOOK,2024-05-28T13:00:00,2024-05-28T19:00:00,Tuesday,OTHER_WEEK,3.9319,1.6400000000000001,1.6290000000000147,0.414303517383457,0,0.36138054453090307,-0.2641509433962264,lab/artifacts/ea-files/passive-refusal-depth-observation-v1/valid-p2-2024/observation/events-a.csv,1751,1763
L1011,P2_2024,Return,US30_BOOK,2024-05-28T16:00:00,2024-05-28T20:01:56,Tuesday,OTHER_WEEK,3.9319,-1.98,-1.9909999999999854,-0.5063709656908836,1,-0.45127816122481246,0.62,lab/artifacts/ea-files/passive-refusal-depth-observation-v1/valid-p2-2024/observation/events-a.csv,1756,1764
L1012,P2_2024,Cross,US100_BOOK,2024-05-28T17:00:00,2024-05-28T21:00:00,Tuesday,OTHER_WEEK,3.9319,-0.4,-0.41250000000000003,-0.10491111167628882,0,-0.14365743607532394,-0.04568527918781726,lab/artifacts/ea-files/passive-refusal-depth-observation-v1/valid-p2-2024/observation/events-a.csv,1761,1765
L1013,P2_2024,Passive,US100_BOOK,2024-05-29T12:22:11,2024-05-29T14:45:00,Wednesday,OTHER_WEEK,3.9009,0.15,0.13749999999999998,0.035248276038862825,0,0.01963701687354521,-0.050314465408805034,lab/artifacts/ea-files/passive-refusal-depth-observation-v1/valid-p2-2024/observation/events-a.csv,1772,1773
L1014,P2_2024,Pressure,US30_BOOK,2024-05-29T15:00:00,2024-05-29T19:00:00,Wednesday,OTHER_WEEK,3.9064,1.4,1.3890000000000144,0.3555703460987135,0,0.3650663114272379,-0.21739130434782608,lab/artifacts/ea-files/passive-refusal-depth-observation-v1/valid-p2-2024/observation/events-a.csv,1777,1789
L1015,P2_2024,Cross,US100_BOOK,2024-05-29T17:00:00,2024-05-29T21:00:00,Wednesday,OTHER_WEEK,3.9064,0.28,0.2675,0.068477370468974,0,0.029731046069938878,-0.04568527918781726,lab/artifacts/ea-files/passive-refusal-depth-observation-v1/valid-p2-2024/observation/events-a.csv,1787,1790
L1016,P2_2024,Return,US30_BOOK,2024-05-29T16:00:00,2024-05-29T22:00:00,Wednesday,OTHER_WEEK,3.9064,-1.55,-1.5609999999999855,-0.3996006553348314,0,-0.3445078508687603,-0.38,lab/artifacts/ea-files/passive-refusal-depth-observation-v1/valid-p2-2024/observation/events-a.csv,1782,1791
L1017,P2_2024,Passive,US100_BOOK,2024-05-30T13:45:08,2024-05-30T15:00:00,Thursday,OTHER_WEEK,3.9102,0.08,0.0675,0.017262544115390518,0,0.0016512849500729,-0.050314465408805034,lab/artifacts/ea-files/passive-refusal-depth-observation-v1/valid-p2-2024/observation/events-a.csv,1804,1805
L1018,P2_2024,Passive,US100_BOOK,2024-05-30T15:45:50,2024-05-30T16:45:00,Thursday,OTHER_WEEK,3.9129,0.5,0.4875,0.12458790155639039,0,0.10897664239107277,-0.050314465408805034,lab/artifacts/ea-files/passive-refusal-depth-observation-v1/valid-p2-2024/observation/events-a.csv,1811,1812
L1019,P2_2024,Cross,US100_BOOK,2024-05-30T17:00:00,2024-05-30T21:00:00,Thursday,OTHER_WEEK,3.9324,0.34,0.3275,0.08328247380734412,0,0.044536149408309,-0.04568527918781726,lab/artifacts/ea-files/passive-refusal-depth-observation-v1/valid-p2-2024/observation/events-a.csv,1816,1818
L1020,P2_2024,Passive,US100_BOOK,2024-05-31T15:47:12,2024-05-31T17:15:00,Friday,OTHER_WEEK,3.9455,1.74,1.7275,0.4378405778735268,0,0.4222293187082092,-0.050314465408805034,lab/artifacts/ea-files/passive-refusal-depth-observation-v1/valid-p2-2024/observation/events-a.csv,1825,1831
L1021,P2_2024,Cross,US100_BOOK,2024-05-31T17:00:00,2024-05-31T21:00:00,Friday,OTHER_WEEK,3.9455,2.01,1.9974999999999998,0.5062729692054239,0,0.4675266448063887,-0.04568527918781726,lab/artifacts/ea-files/passive-refusal-depth-observation-v1/valid-p2-2024/observation/events-a.csv,1829,1832
L1022,P2_2024,Cross,US100_BOOK,2024-06-03T17:00:00,2024-06-03T19:31:45,Monday,OTHER_WEEK,4.0945,-2.05,-2.0625,-0.5037245084869948,1,-0.5424708328860299,0.9543147208121827,lab/artifacts/ea-files/passive-refusal-depth-observation-v1/valid-p2-2024/observation/events-a.csv,1837,1839
L1023,P2_2024,Passive,US100_BOOK,2024-06-04T12:15:27,2024-06-04T14:30:00,Tuesday,OTHER_WEEK,4.012,0.28,0.2675,0.06667497507477568,0,0.05106371590945807,-0.050314465408805034,lab/artifacts/ea-files/passive-refusal-depth-observation-v1/valid-p2-2024/observation/events-a.csv,1846,1847
L1024,P2_2024,Passive,US100_BOOK,2024-06-05T13:10:00,2024-06-05T17:00:00,Wednesday,OTHER_WEEK,4.0227,-0.65,-0.6625,-0.1646903820816864,0,-0.180301641247004,-0.050314465408805034,lab/artifacts/ea-files/passive-refusal-depth-observation-v1/valid-p2-2024/observation/events-a.csv,1860,1861
L1025,P2_2024,RC4,US30_BOOK,2024-06-05T13:00:00,2024-06-05T17:09:47,Wednesday,OTHER_WEEK,4.0227,-2.02,-2.0309999999999855,-0.5048847788798532,1,-0.5578077517324072,0.7358490566037736,lab/artifacts/ea-files/passive-refusal-depth-observation-v1/valid-p2-2024/observation/events-a.csv,1858,1869
L1026,P2_2024,Cross,US100_BOOK,2024-06-05T17:00:00,2024-06-05T21:00:00,Wednesday,OTHER_WEEK,3.9962,1.67,1.6575,0.41476903057905007,0,0.37602270618001493,-0.04568527918781726,lab/artifacts/ea-files/passive-refusal-depth-observation-v1/valid-p2-2024/observation/events-a.csv,1865,1870
L1027,P2_2024,RC4,US30_BOOK,2024-06-06T13:00:00,2024-06-06T19:00:00,Thursday,OTHER_WEEK,3.9813,0.51,0.4989999999999418,0.12533594554541025,0,0.07241297269285629,-0.2641509433962264,lab/artifacts/ea-files/passive-refusal-depth-observation-v1/valid-p2-2024/observation/events-a.csv,1875,1883
L1028,P2_2024,Cross,US100_BOOK,2024-06-06T17:00:00,2024-06-06T21:00:00,Thursday,OTHER_WEEK,3.9813,-0.39,-0.4025,-0.10109763142692085,0,-0.13984395582595596,-0.04568527918781726,lab/artifacts/ea-files/passive-refusal-depth-observation-v1/valid-p2-2024/observation/events-a.csv,1881,1884
L1029,P2_2024,Passive,US100_BOOK,2024-06-07T15:45:00,2024-06-07T17:45:00,Friday,OTHER_WEEK,3.9851,1.3900000000000001,1.3775000000000002,0.34566259315951925,0,0.3300513339942016,-0.050314465408805034,lab/artifacts/ea-files/passive-refusal-depth-observation-v1/valid-p2-2024/observation/events-a.csv,1891,1897
L1030,P2_2024,Return,US30_BOOK,2024-06-07T16:00:00,2024-06-07T22:00:00,Friday,OTHER_WEEK,3.9851,1.8199999999999998,1.8090000000000144,0.45394092996411994,0,0.5090337344301911,-0.38,lab/artifacts/ea-files/passive-refusal-depth-observation-v1/valid-p2-2024/observation/events-a.csv,1895,1898
L1031,P2_2024,Cross,US100_BOOK,2024-06-10T17:00:00,2024-06-10T21:00:00,Monday,OTHER_WEEK,4.1126,-1.1,-1.1125,-0.2705101395710743,0,-0.3092564639701094,-0.04568527918781726,lab/artifacts/ea-files/passive-refusal-depth-observation-v1/valid-p2-2024/observation/events-a.csv,1903,1905
L1032,P2_2024,Passive,US100_BOOK,2024-06-11T12:49:34,2024-06-11T15:15:00,Tuesday,OTHER_WEEK,4.0681,0.11,0.0975,0.023966962464049557,0,0.00835570329873194,-0.050314465408805034,lab/artifacts/ea-files/passive-refusal-depth-observation-v1/valid-p2-2024/observation/events-a.csv,1912,1913
L1033,P2_2024,Return,US30_BOOK,2024-06-11T16:00:00,2024-06-11T16:43:50,Tuesday,OTHER_WEEK,4.072,-2.04,-2.0509999999999855,-0.5036836935166958,1,-0.4485908890506247,0.62,lab/artifacts/ea-files/passive-refusal-depth-observation-v1/valid-p2-2024/observation/events-a.csv,1917,1919
L1034,P2_2024,Cross,US100_BOOK,2024-06-11T17:00:00,2024-06-11T21:00:00,Tuesday,OTHER_WEEK,3.99,1.33,1.3175000000000001,0.3302005012531328,0,0.2914541768540977,-0.04568527918781726,lab/artifacts/ea-files/passive-refusal-depth-observation-v1/valid-p2-2024/observation/events-a.csv,1923,1925
L1035,P2_2024,RC4,US30_BOOK,2024-06-12T13:00:00,2024-06-12T15:30:06,Wednesday,OTHER_WEEK,4.0427,-2.1,-2.1109999999999856,-0.5221757736166388,1,-0.5750987464691928,0.7358490566037736,lab/artifacts/ea-files/passive-refusal-depth-observation-v1/valid-p2-2024/observation/events-a.csv,1930,1932
L1036,P2_2024,Passive,US100_BOOK,2024-06-12T15:45:02,2024-06-12T19:45:00,Wednesday,OTHER_WEEK,3.9582,-1.1,-1.1125,-0.2810620989338588,0,-0.29667335809917644,-0.050314465408805034,lab/artifacts/ea-files/passive-refusal-depth-observation-v1/valid-p2-2024/observation/events-a.csv,1938,1944
L1037,P2_2024,Cross,US100_BOOK,2024-06-12T17:00:00,2024-06-12T21:00:00,Wednesday,OTHER_WEEK,3.9582,0.25,0.2375,0.06000202112071143,0,0.021255696721676313,-0.04568527918781726,lab/artifacts/ea-files/passive-refusal-depth-observation-v1/valid-p2-2024/observation/events-a.csv,1942,1945
L1038,P2_2024,Cross,US100_BOOK,2024-06-13T17:00:00,2024-06-13T21:00:00,Thursday,OTHER_WEEK,3.9232,-0.65,-0.6625,-0.16886725122349103,0,-0.20761357562252614,-0.04568527918781726,lab/artifacts/ea-files/passive-refusal-depth-observation-v1/valid-p2-2024/observation/events-a.csv,1950,1952
L1039,P2_2024,Passive,US100_BOOK,2024-06-14T12:30:55,2024-06-14T15:45:00,Friday,OTHER_WEEK,3.8967,-0.34,-0.35250000000000004,-0.09046115944260529,0,-0.10607241860792291,-0.050314465408805034,lab/artifacts/ea-files/passive-refusal-depth-observation-v1/valid-p2-2024/observation/events-a.csv,1959,1965
L1040,P2_2024,Pressure,US30_BOOK,2024-06-14T15:00:00,2024-06-14T19:00:00,Friday,OTHER_WEEK,3.8967,-1.87,-1.8809999999999856,-0.4827161444298985,0,-0.47322017910137415,-0.21739130434782608,lab/artifacts/ea-files/passive-refusal-depth-observation-v1/valid-p2-2024/observation/events-a.csv,1963,1974
L1041,P2_2024,Return,US30_BOOK,2024-06-14T16:00:00,2024-06-14T22:00:00,Friday,OTHER_WEEK,3.8826,1.72,1.7090000000000145,0.44016895894504054,0,0.49526176341111167,-0.38,lab/artifacts/ea-files/passive-refusal-depth-observation-v1/valid-p2-2024/observation/events-a.csv,1969,1975
L1042,P2_2024,Cross,US100_BOOK,2024-06-18T17:00:00,2024-06-18T21:00:00,Tuesday,STANDARD_EXPIRATION_WEEK,3.8757,-0.25,-0.2625,-0.06772970044121061,0,-0.10647602484024574,-0.04568527918781726,lab/artifacts/ea-files/passive-refusal-depth-observation-v1/valid-p2-2024/observation/events-a.csv,1987,1989
L1043,P2_2024,RC4,US30_BOOK,2024-06-19T13:00:00,2024-06-19T17:32:12,Wednesday,STANDARD_EXPIRATION_WEEK,3.8652,-0.49,-0.5010000000000582,-0.1296181310152277,1,-0.18254110386778166,0.7358490566037736,lab/artifacts/ea-files/passive-refusal-depth-observation-v1/valid-p2-2024/observation/events-a.csv,1994,2001
L1044,P2_2024,Cross,US100_BOOK,2024-06-20T17:00:00,2024-06-20T21:00:00,Thursday,STANDARD_EXPIRATION_WEEK,3.8452,2.0,1.9875,0.5168781857900759,0,0.4781318613910408,-0.04568527918781726,lab/artifacts/ea-files/passive-refusal-depth-observation-v1/valid-p2-2024/observation/events-a.csv,2016,2018
L1045,P2_2024,Return,US30_BOOK,2024-06-20T16:00:00,2024-06-20T22:00:00,Thursday,STANDARD_EXPIRATION_WEEK,3.8452,4.1,4.089000000000015,1.0634037241235863,0,1.1184965285896575,-0.38,lab/artifacts/ea-files/passive-refusal-depth-observation-v1/valid-p2-2024/observation/events-a.csv,2011,2019
L1046,P2_2024,Passive,US100_BOOK,2024-06-21T12:16:38,2024-06-21T14:00:00,Friday,STANDARD_EXPIRATION_WEEK,4.0883,0.49,0.4775,0.11679671257001686,0,0.10118545340469924,-0.050314465408805034,lab/artifacts/ea-files/passive-refusal-depth-observation-v1/valid-p2-2024/observation/events-a.csv,2026,2027
L1047,P2_2024,Cross,US100_BOOK,2024-06-21T17:00:00,2024-06-21T21:00:00,Friday,STANDARD_EXPIRATION_WEEK,4.1074,-0.09,-0.1025,-0.024954959341675995,0,-0.06370128374071111,-0.04568527918781726,lab/artifacts/ea-files/passive-refusal-depth-observation-v1/valid-p2-2024/observation/events-a.csv,2031,2033
L1048,P2_2024,Passive,US100_BOOK,2024-06-24T14:33:07,2024-06-24T17:15:00,Monday,OTHER_WEEK,4.1033,0.14,0.1275,0.031072551361099605,0,0.015461292195781988,-0.050314465408805034,lab/artifacts/ea-files/passive-refusal-depth-observation-v1/valid-p2-2024/observation/events-a.csv,2040,2046
L1049,P2_2024,Cross,US100_BOOK,2024-06-24T17:00:00,2024-06-24T21:00:00,Monday,OTHER_WEEK,4.1033,1.35,1.3375000000000001,0.3259571564350645,0,0.2872108320360294,-0.04568527918781726,lab/artifacts/ea-files/passive-refusal-depth-observation-v1/valid-p2-2024/observation/events-a.csv,2044,2047
L1050,P2_2024,Passive,US100_BOOK,2024-06-25T13:16:02,2024-06-25T14:45:00,Tuesday,OTHER_WEEK,4.1619,0.26,0.2475,0.05946803142795357,0,0.04385677226263596,-0.050314465408805034,lab/artifacts/ea-files/passive-refusal-depth-observation-v1/valid-p2-2024/observation/events-a.csv,2054,2055
L1051,P2_2024,Cross,US100_BOOK,2024-06-25T17:00:00,2024-06-25T21:00:00,Tuesday,OTHER_WEEK,4.1718,0.91,0.8975000000000001,0.21513495373699604,0,0.17638862933796093,-0.04568527918781726,lab/artifacts/ea-files/passive-refusal-depth-observation-v1/valid-p2-2024/observation/events-a.csv,2059,2061
L1052,P2_2024,Passive,US100_BOOK,2024-06-26T14:09:25,2024-06-26T17:15:00,Wednesday,OTHER_WEEK,4.2077,0.13,0.11750000000000001,0.0279249946526606,0,0.012313735487342983,-0.050314465408805034,lab/artifacts/ea-files/passive-refusal-depth-observation-v1/valid-p2-2024/observation/events-a.csv,2068,2079
L1053,P2_2024,Cross,US100_BOOK,2024-06-26T17:00:00,2024-06-26T21:00:00,Wednesday,OTHER_WEEK,4.2077,0.13,0.11750000000000001,0.0279249946526606,0,-0.010821329746374515,-0.04568527918781726,lab/artifacts/ea-files/passive-refusal-depth-observation-v1/valid-p2-2024/observation/events-a.csv,2077,2080
L1054,P2_2024,Return,US30_BOOK,2024-06-26T16:00:00,2024-06-26T22:00:00,Wednesday,OTHER_WEEK,4.2077,1.45,1.4390000000000145,0.3419920621717362,0,0.39708486663780734,-0.38,lab/artifacts/ea-files/passive-refusal-depth-observation-v1/valid-p2-2024/observation/events-a.csv,2072,2081
L1055,P2_2024,Cross,US100_BOOK,2024-06-27T17:00:00,2024-06-27T21:00:00,Thursday,OTHER_WEEK,4.2746,-0.26,-0.2725,-0.06374865484489776,0,-0.10249497924393289,-0.04568527918781726,lab/artifacts/ea-files/passive-refusal-depth-observation-v1/valid-p2-2024/observation/events-a.csv,2086,2088
L1056,P2_2024,RC16,US30_BOOK,2024-06-28T13:30:00,2024-06-28T17:30:00,Friday,OTHER_WEEK,4.2637,1.5,1.4890000000000145,0.3492271970354421,0,0.32181123037793613,-0.1527777777777778,lab/artifacts/ea-files/passive-refusal-depth-observation-v1/valid-p2-2024/observation/events-a.csv,2093,2100
L1057,P2_2024,Cross,US100_BOOK,2024-06-28T17:00:00,2024-06-28T21:00:00,Friday,OTHER_WEEK,4.2637,-1.09,-1.1025,-0.258578230175669,0,-0.29732455457470414,-0.04568527918781726,lab/artifacts/ea-files/passive-refusal-depth-observation-v1/valid-p2-2024/observation/events-a.csv,2098,2101
L1058,P2_2024,Cross,US100_BOOK,2024-07-01T17:00:00,2024-07-01T21:00:00,Monday,OTHER_WEEK,4.2792,-1.15,-1.1624999999999999,-0.271662927650028,0,-0.3104092520490631,-0.04568527918781726,lab/artifacts/ea-files/passive-refusal-depth-observation-v1/valid-p2-2024/observation/events-a.csv,2112,2114
L1059,P2_2024,Cross,US100_BOOK,2024-07-02T17:00:00,2024-07-02T21:00:00,Tuesday,OTHER_WEEK,4.2327,1.46,1.4475,0.3419802962647955,0,0.30323397186576034,-0.04568527918781726,lab/artifacts/ea-files/passive-refusal-depth-observation-v1/valid-p2-2024/observation/events-a.csv,2119,2121
L1060,P2_2024,Cross,US100_BOOK,2024-07-05T17:00:00,2024-07-05T21:00:00,Friday,OTHER_WEEK,4.2906,1.09,1.0775000000000001,0.251130378035706,0,0.21238405363667087,-0.04568527918781726,lab/artifacts/ea-files/passive-refusal-depth-observation-v1/valid-p2-2024/observation/events-a.csv,2139,2141
L1061,P2_2024,Cross,US100_BOOK,2024-07-08T17:00:00,2024-07-08T21:00:00,Monday,OTHER_WEEK,4.3337,-0.18,-0.1925,-0.04441931836536908,0,-0.08316564276440419,-0.04568527918781726,lab/artifacts/ea-files/passive-refusal-depth-observation-v1/valid-p2-2024/observation/events-a.csv,2146,2148
L1062,P2_2024,RC4,US30_BOOK,2024-07-09T13:00:00,2024-07-09T19:00:00,Tuesday,OTHER_WEEK,4.326,0.69,0.6790000000000145,0.15695792880259235,0,0.1040349559500384,-0.2641509433962264,lab/artifacts/ea-files/passive-refusal-depth-observation-v1/valid-p2-2024/observation/events-a.csv,2153,2166
L1063,P2_2024,Cross,US100_BOOK,2024-07-09T17:00:00,2024-07-09T21:00:00,Tuesday,OTHER_WEEK,4.326,-0.91,-0.9225,-0.21324549237170598,0,-0.2519918167707411,-0.04568527918781726,lab/artifacts/ea-files/passive-refusal-depth-observation-v1/valid-p2-2024/observation/events-a.csv,2164,2167
L1064,P2_2024,Return,US30_BOOK,2024-07-09T16:00:00,2024-07-09T22:00:00,Tuesday,OTHER_WEEK,4.326,-0.65,-0.6609999999999855,-0.15279704114655238,0,-0.09770423668048123,-0.38,lab/artifacts/ea-files/passive-refusal-depth-observation-v1/valid-p2-2024/observation/events-a.csv,2158,2168
L1065,P2_2024,RC16,US30_BOOK,2024-07-10T13:30:00,2024-07-10T17:30:00,Wednesday,OTHER_WEEK,4.2898,-0.26,-0.2709999999999855,-0.06317310830341402,0,-0.09058907496092,-0.1527777777777778,lab/artifacts/ea-files/passive-refusal-depth-observation-v1/valid-p2-2024/observation/events-a.csv,2173,2181
L1066,P2_2024,Passive,US100_BOOK,2024-07-10T16:08:41,2024-07-10T17:45:00,Wednesday,OTHER_WEEK,4.2898,0.16,0.1475,0.03438388736071612,0,0.018772628195398502,-0.050314465408805034,lab/artifacts/ea-files/passive-refusal-depth-observation-v1/valid-p2-2024/observation/events-a.csv,2180,2182
L1067,P2_2024,Passive,US100_BOOK,2024-07-11T15:45:00,2024-07-11T16:00:00,Thursday,OTHER_WEEK,4.2849,0.59,0.5775,0.13477560736539942,0,0.1191643482000818,-0.050314465408805034,lab/artifacts/ea-files/passive-refusal-depth-observation-v1/valid-p2-2024/observation/events-a.csv,2189,2190
L1068,P2_2024,Cross,US100_BOOK,2024-07-11T17:00:00,2024-07-11T21:00:00,Thursday,OTHER_WEEK,4.308,4.78,4.7675,1.106662024141133,0,1.0679156997420978,-0.04568527918781726,lab/artifacts/ea-files/passive-refusal-depth-observation-v1/valid-p2-2024/observation/events-a.csv,2194,2196
L1069,P2_2024,RC16,US30_BOOK,2024-07-12T13:30:00,2024-07-12T17:30:00,Friday,OTHER_WEEK,4.4987,1.12,1.1090000000000146,0.24651566007958178,0,0.2190996934220758,-0.1527777777777778,lab/artifacts/ea-files/passive-refusal-depth-observation-v1/valid-p2-2024/observation/events-a.csv,2201,2208
L1070,P2_2024,Cross,US100_BOOK,2024-07-12T17:00:00,2024-07-12T21:00:00,Friday,OTHER_WEEK,4.4987,1.6600000000000001,1.6475000000000002,0.36621690710649746,0,0.3274705827074623,-0.04568527918781726,lab/artifacts/ea-files/passive-refusal-depth-observation-v1/valid-p2-2024/observation/events-a.csv,2206,2209
L1071,P2_2024,Cross,US100_BOOK,2024-07-15T17:00:00,2024-07-15T21:00:00,Monday,STANDARD_EXPIRATION_WEEK,4.6089,-0.59,-0.6024999999999999,-0.13072533576341425,0,-0.16947166016244936,-0.04568527918781726,lab/artifacts/ea-files/passive-refusal-depth-observation-v1/valid-p2-2024/observation/events-a.csv,2214,2216
L1072,P2_2024,Passive,US100_BOOK,2024-07-16T14:16:16,2024-07-16T16:45:00,Tuesday,STANDARD_EXPIRATION_WEEK,4.5848,0.01,-0.0025000000000000005,-0.0005452800558366778,0,-0.016156539221154297,-0.050314465408805034,lab/artifacts/ea-files/passive-refusal-depth-observation-v1/valid-p2-2024/observation/events-a.csv,2223,2224
L1073,P2_2024,Cross,US100_BOOK,2024-07-16T17:00:00,2024-07-16T21:00:00,Tuesday,STANDARD_EXPIRATION_WEEK,4.5847,0.55,0.5375000000000001,0.11723776910157702,0,0.07849144470254191,-0.04568527918781726,lab/artifacts/ea-files/passive-refusal-depth-observation-v1/valid-p2-2024/observation/events-a.csv,2228,2230
L1074,P2_2024,Passive,US100_BOOK,2024-07-17T12:15:44,2024-07-17T16:15:00,Wednesday,STANDARD_EXPIRATION_WEEK,4.6062,-0.54,-0.5525,-0.11994702791889192,0,-0.13555828708420953,-0.050314465408805034,lab/artifacts/ea-files/passive-refusal-depth-observation-v1/valid-p2-2024/observation/events-a.csv,2237,2248
L1075,P2_2024,RC4,US30_BOOK,2024-07-17T13:00:00,2024-07-17T19:00:00,Wednesday,STANDARD_EXPIRATION_WEEK,4.6062,2.8,2.7890000000000144,0.6054882549607082,0,0.5525652821081543,-0.2641509433962264,lab/artifacts/ea-files/passive-refusal-depth-observation-v1/valid-p2-2024/observation/events-a.csv,2241,2253
L1076,P2_2024,Return,US30_BOOK,2024-07-17T16:00:00,2024-07-17T22:00:00,Wednesday,STANDARD_EXPIRATION_WEEK,4.6062,3.51,3.4990000000000143,0.7596283270374743,0,0.8147211315035454,-0.38,lab/artifacts/ea-files/passive-refusal-depth-observation-v1/valid-p2-2024/observation/events-a.csv,2246,2254
L1077,P2_2024,Passive,US100_BOOK,2024-07-18T13:00:32,2024-07-18T13:45:00,Thursday,STANDARD_EXPIRATION_WEEK,4.8356,0.2,0.1875,0.038774919348167756,0,0.02316366018285014,-0.050314465408805034,lab/artifacts/ea-files/passive-refusal-depth-observation-v1/valid-p2-2024/observation/events-a.csv,2266,2267
L1078,P2_2024,Passive,US100_BOOK,2024-07-18T16:02:10,2024-07-18T16:45:00,Thursday,STANDARD_EXPIRATION_WEEK,4.8431,1.11,1.0975000000000001,0.22661105490285152,0,0.2109997957375339,-0.050314465408805034,lab/artifacts/ea-files/passive-refusal-depth-observation-v1/valid-p2-2024/observation/events-a.csv,2278,2279
L1079,P2_2024,RC4,US30_BOOK,2024-07-18T13:00:00,2024-07-18T19:00:00,Thursday,STANDARD_EXPIRATION_WEEK,4.8356,2.09,2.0790000000000144,0.42993630573248703,0,0.3770133328799331,-0.2641509433962264,lab/artifacts/ea-files/passive-refusal-depth-observation-v1/valid-p2-2024/observation/events-a.csv,2264,2287
L1080,P2_2024,Return,US30_BOOK,2024-07-18T16:00:00,2024-07-18T19:17:51,Thursday,STANDARD_EXPIRATION_WEEK,4.8431,-2.43,-2.4409999999999856,-0.5040160227953141,1,-0.448923218329243,0.62,lab/artifacts/ea-files/passive-refusal-depth-observation-v1/valid-p2-2024/observation/events-a.csv,2276,2288
L1081,P2_2024,Cross,US100_BOOK,2024-07-18T17:00:00,2024-07-18T21:00:00,Thursday,STANDARD_EXPIRATION_WEEK,4.887,1.94,1.9275,0.394413750767342,0,0.35566742636830684,-0.04568527918781726,lab/artifacts/ea-files/passive-refusal-depth-observation-v1/valid-p2-2024/observation/events-a.csv,2285,2289
L1082,P2_2024,Passive,US100_BOOK,2024-07-19T12:19:52,2024-07-19T13:15:00,Friday,STANDARD_EXPIRATION_WEEK,4.9497,0.43,0.4175,0.08434854637654807,0,0.06873728721123044,-0.050314465408805034,lab/artifacts/ea-files/passive-refusal-depth-observation-v1/valid-p2-2024/observation/events-a.csv,2296,2297
L1083,P2_2024,RC16,US30_BOOK,2024-07-22T13:30:00,2024-07-22T17:30:00,Monday,OTHER_WEEK,4.9664,0.24,0.22900000000001455,0.04610985824742561,0,0.018693891589919638,-0.1527777777777778,lab/artifacts/ea-files/passive-refusal-depth-observation-v1/valid-p2-2024/observation/events-a.csv,2307,2319
L1084,P2_2024,Passive,US100_BOOK,2024-07-22T15:41:38,2024-07-22T18:15:00,Monday,OTHER_WEEK,4.9664,0.04,0.0275,0.005537210051546392,0,-0.010074049113771227,-0.050314465408805034,lab/artifacts/ea-files/passive-refusal-depth-observation-v1/valid-p2-2024/observation/events-a.csv,2314,2320
L1085,P2_2024,RC4,US30_BOOK,2024-07-22T13:00:00,2024-07-22T19:00:00,Monday,OTHER_WEEK,4.9664,0.65,0.6390000000000146,0.1286646262886627,0,0.07574165343610875,-0.2641509433962264,lab/artifacts/ea-files/passive-refusal-depth-observation-v1/valid-p2-2024/observation/events-a.csv,2302,2321
L1086,P2_2024,Passive,US100_BOOK,2024-07-23T13:30:58,2024-07-23T15:30:00,Tuesday,OTHER_WEEK,5.0022,0.35,0.33749999999999997,0.0674703130622526,0,0.05185905389693498,-0.050314465408805034,lab/artifacts/ea-files/passive-refusal-depth-observation-v1/valid-p2-2024/observation/events-a.csv,2328,2329
L1087,P2_2024,Cross,US100_BOOK,2024-07-23T17:00:00,2024-07-23T21:00:00,Tuesday,OTHER_WEEK,5.0157,-0.29,-0.3025,-0.06031062463863469,0,-0.0990569490376698,-0.04568527918781726,lab/artifacts/ea-files/passive-refusal-depth-observation-v1/valid-p2-2024/observation/events-a.csv,2333,2335
L1088,P2_2024,Passive,US100_BOOK,2024-07-24T15:47:32,2024-07-24T18:58:52,Wednesday,OTHER_WEEK,5.0036,-2.5300000000000002,-2.5425000000000004,-0.5081341434167401,1,-0.5237454025820577,0.949685534591195,lab/artifacts/ea-files/passive-refusal-depth-observation-v1/valid-p2-2024/observation/events-a.csv,2342,2348
L1089,P2_2024,Cross,US100_BOOK,2024-07-24T17:00:00,2024-07-24T21:00:00,Wednesday,OTHER_WEEK,5.0036,1.8900000000000001,1.8775000000000002,0.37522983451914627,0,0.33648351012011113,-0.04568527918781726,lab/artifacts/ea-files/passive-refusal-depth-observation-v1/valid-p2-2024/observation/events-a.csv,2346,2349
L1090,P2_2024,Passive,US100_BOOK,2024-07-25T13:04:42,2024-07-25T14:15:00,Thursday,OTHER_WEEK,4.977,0.54,0.5275000000000001,0.10598754269640347,0,0.09037628353108584,-0.050314465408805034,lab/artifacts/ea-files/passive-refusal-depth-observation-v1/valid-p2-2024/observation/events-a.csv,2356,2357
L1091,P2_2024,Cross,US100_BOOK,2024-07-25T17:00:00,2024-07-25T19:14:36,Thursday,OTHER_WEEK,4.9981,-2.5,-2.5125,-0.5026910225885837,1,-0.5414373469876188,0.9543147208121827,lab/artifacts/ea-files/passive-refusal-depth-observation-v1/valid-p2-2024/observation/events-a.csv,2366,2368
L1092,P2_2024,Return,US30_BOOK,2024-07-25T16:00:00,2024-07-25T22:00:00,Thursday,OTHER_WEEK,4.9981,1.31,1.2989999999999418,0.2598987615293695,0,0.31499156599544065,-0.38,lab/artifacts/ea-files/passive-refusal-depth-observation-v1/valid-p2-2024/observation/events-a.csv,2361,2369
L1093,P2_2024,RC4,US30_BOOK,2024-07-26T13:00:00,2024-07-26T16:38:20,Friday,OTHER_WEEK,4.9495,-2.48,-2.4909999999999854,-0.50328315991514,1,-0.556206132767694,0.7358490566037736,lab/artifacts/ea-files/passive-refusal-depth-observation-v1/valid-p2-2024/observation/events-a.csv,2374,2386
L1094,P2_2024,RC16,US30_BOOK,2024-07-26T13:30:00,2024-07-26T17:30:00,Friday,OTHER_WEEK,4.9495,3.92,3.9090000000000145,0.7897767451257732,0,0.7623607784682672,-0.1527777777777778,lab/artifacts/ea-files/passive-refusal-depth-observation-v1/valid-p2-2024/observation/events-a.csv,2379,2390
L1095,P2_2024,Pressure,US30_BOOK,2024-07-26T15:00:00,2024-07-26T19:00:00,Friday,OTHER_WEEK,4.9495,4.17,4.159000000000015,0.840286897666434,0,0.8497828629949584,-0.21739130434782608,lab/artifacts/ea-files/passive-refusal-depth-observation-v1/valid-p2-2024/observation/events-a.csv,2384,2391
L1096,P2_2024,RC16,US30_BOOK,2024-07-29T13:30:00,2024-07-29T16:33:42,Monday,OTHER_WEEK,5.1726,-2.59,-2.6009999999999853,-0.5028418976916803,1,-0.5302578643491863,0.8472222222222222,lab/artifacts/ea-files/passive-refusal-depth-observation-v1/valid-p2-2024/observation/events-a.csv,2396,2398
L1097,P2_2024,Cross,US100_BOOK,2024-07-29T17:00:00,2024-07-29T21:00:00,Monday,OTHER_WEEK,5.0686,-1.05,-1.0625,-0.2096239592786963,0,-0.2483702836777314,-0.04568527918781726,lab/artifacts/ea-files/passive-refusal-depth-observation-v1/valid-p2-2024/observation/events-a.csv,2402,2404
L1098,P2_2024,RC4,US30_BOOK,2024-07-30T13:00:00,2024-07-30T19:00:00,Tuesday,OTHER_WEEK,5.0261,-0.3,-0.31099999999998545,-0.06187700204929975,0,-0.1147999749018537,-0.2641509433962264,lab/artifacts/ea-files/passive-refusal-depth-observation-v1/valid-p2-2024/observation/events-a.csv,2409,2422
L1099,P2_2024,Cross,US100_BOOK,2024-07-30T17:00:00,2024-07-30T21:00:00,Tuesday,OTHER_WEEK,5.0261,2.88,2.8674999999999997,0.5705218758082807,0,0.5317755514092456,-0.04568527918781726,lab/artifacts/ea-files/passive-refusal-depth-observation-v1/valid-p2-2024/observation/events-a.csv,2420,2423
L1100,P2_2024,Return,US30_BOOK,2024-07-30T16:00:00,2024-07-30T22:00:00,Tuesday,OTHER_WEEK,5.0261,1.6099999999999999,1.5990000000000144,0.31813931278725344,0,0.37323211725332456,-0.38,lab/artifacts/ea-files/passive-refusal-depth-observation-v1/valid-p2-2024/observation/events-a.csv,2414,2424
L1101,P2_2024,Passive,US100_BOOK,2024-07-31T16:00:17,2024-07-31T20:00:00,Wednesday,OTHER_WEEK,5.1923,-0.75,-0.7625,-0.14685206941047318,0,-0.1624633285757908,-0.050314465408805034,lab/artifacts/ea-files/passive-refusal-depth-observation-v1/valid-p2-2024/observation/events-a.csv,2436,2442
L1102,P2_2024,Cross,US100_BOOK,2024-07-31T17:00:00,2024-07-31T21:00:00,Wednesday,OTHER_WEEK,5.1923,0.38,0.3675,0.0707778826339002,0,0.03203155823486508,-0.04568527918781726,lab/artifacts/ea-files/passive-refusal-depth-observation-v1/valid-p2-2024/observation/events-a.csv,2440,2443
L1103,P2_2024,Return,US30_BOOK,2024-07-31T16:00:00,2024-07-31T22:00:00,Wednesday,OTHER_WEEK,5.1923,3.5,3.4890000000000145,0.671956551046745,0,0.7270493555128161,-0.38,lab/artifacts/ea-files/passive-refusal-depth-observation-v1/valid-p2-2024/observation/events-a.csv,2434,2444
L1104,P2_2024,Cross,US100_BOOK,2024-08-01T17:00:00,2024-08-01T17:45:31,Thursday,OTHER_WEEK,5.3161,-2.66,-2.6725000000000003,-0.5027181580481933,1,-0.5414644824472284,0.9543147208121827,lab/artifacts/ea-files/passive-refusal-depth-observation-v1/valid-p2-2024/observation/events-a.csv,2449,2451
L1105,P2_2024,Return,US30_BOOK,2024-08-02T16:00:00,2024-08-02T17:25:09,Friday,OTHER_WEEK,5.2092,-2.62,-2.6310000000000584,-0.5050679566920176,1,-0.44997515222594653,0.62,lab/artifacts/ea-files/passive-refusal-depth-observation-v1/valid-p2-2024/observation/events-a.csv,2462,2464
L1106,P2_2024,Passive,US100_BOOK,2024-08-02T15:45:50,2024-08-02T18:45:00,Friday,OTHER_WEEK,5.2092,0.79,0.7775000000000001,0.14925516394072028,0,0.13364390477540267,-0.050314465408805034,lab/artifacts/ea-files/passive-refusal-depth-observation-v1/valid-p2-2024/observation/events-a.csv,2458,2465
L1107,P2_2024,Passive,US100_BOOK,2024-08-05T12:30:50,2024-08-05T13:30:00,Monday,OTHER_WEEK,5.135,0.94,0.9275,0.18062317429406038,0,0.16501191512874278,-0.050314465408805034,lab/artifacts/ea-files/passive-refusal-depth-observation-v1/valid-p2-2024/observation/events-a.csv,2472,2473
L1108,P2_2024,Passive,US100_BOOK,2024-08-05T14:33:29,2024-08-05T15:24:41,Monday,OTHER_WEEK,5.1721,-2.58,-2.5925000000000002,-0.5012470756559232,1,-0.5168583348212408,0.949685534591195,lab/artifacts/ea-files/passive-refusal-depth-observation-v1/valid-p2-2024/observation/events-a.csv,2479,2485
L1109,P2_2024,Passive,US100_BOOK,2024-08-05T15:31:12,2024-08-05T16:45:00,Monday,OTHER_WEEK,5.0684,3.2,3.1875,0.6288966932365244,0,0.6132854340712068,-0.050314465408805034,lab/artifacts/ea-files/passive-refusal-depth-observation-v1/valid-p2-2024/observation/events-a.csv,2491,2495
L1110,P2_2024,Pressure,US30_BOOK,2024-08-05T15:00:00,2024-08-05T19:00:00,Monday,OTHER_WEEK,5.1721,-0.92,-0.9309999999999855,-0.18000425359138172,0,-0.17050828826285735,-0.21739130434782608,lab/artifacts/ea-files/passive-refusal-depth-observation-v1/valid-p2-2024/observation/events-a.csv,2483,2501
L1111,P2_2024,Cross,US100_BOOK,2024-08-05T17:00:01,2024-08-05T21:00:00,Monday,OTHER_WEEK,5.1959,1.74,1.7275,0.33247368117169307,0,0.29372735677265793,-0.04568527918781726,lab/artifacts/ea-files/passive-refusal-depth-observation-v1/valid-p2-2024/observation/events-a.csv,2499,2502
L1112,P2_2024,Passive,US100_BOOK,2024-08-06T12:16:27,2024-08-06T14:15:00,Tuesday,OTHER_WEEK,5.2278,1.26,1.2475,0.2386281035999847,0,0.2230168444346671,-0.050314465408805034,lab/artifacts/ea-files/passive-refusal-depth-observation-v1/valid-p2-2024/observation/events-a.csv,2509,2510
L1113,P2_2024,Passive,US100_BOOK,2024-08-07T13:38:04,2024-08-07T15:00:00,Wednesday,OTHER_WEEK,5.2777,0.34,0.3275,0.06205354605225761,0,0.04644228688693999,-0.050314465408805034,lab/artifacts/ea-files/passive-refusal-depth-observation-v1/valid-p2-2024/observation/events-a.csv,2527,2528
L1114,P2_2024,RC16,US30_BOOK,2024-08-07T13:30:00,2024-08-07T17:30:00,Wednesday,OTHER_WEEK,5.2777,-0.27,-0.2809999999999855,-0.053242889895216756,0,-0.08065885655272273,-0.1527777777777778,lab/artifacts/ea-files/passive-refusal-depth-observation-v1/valid-p2-2024/observation/events-a.csv,2525,2535
L1115,P2_2024,RC4,US30_BOOK,2024-08-07T13:00:00,2024-08-07T19:00:00,Wednesday,OTHER_WEEK,5.2777,-0.48,-0.49099999999998545,-0.0930329499592598,0,-0.14595592281181374,-0.2641509433962264,lab/artifacts/ea-files/passive-refusal-depth-observation-v1/valid-p2-2024/observation/events-a.csv,2515,2536
L1116,P2_2024,Pressure,US30_BOOK,2024-08-07T15:00:00,2024-08-07T19:00:00,Wednesday,OTHER_WEEK,5.2908,-0.52,-0.5309999999999855,-0.10036289408028758,0,-0.0908669287517632,-0.21739130434782608,lab/artifacts/ea-files/passive-refusal-depth-observation-v1/valid-p2-2024/observation/events-a.csv,2532,2537
L1117,P2_2024,Passive,US100_BOOK,2024-08-08T15:52:36,2024-08-08T19:05:08,Thursday,OTHER_WEEK,5.2387,-2.62,-2.6325000000000003,-0.5025101647355261,1,-0.5181214239008437,0.949685534591195,lab/artifacts/ea-files/passive-refusal-depth-observation-v1/valid-p2-2024/observation/events-a.csv,2544,2550
L1118,P2_2024,Cross,US100_BOOK,2024-08-08T17:00:00,2024-08-08T20:26:53,Thursday,OTHER_WEEK,5.2387,-2.62,-2.6325000000000003,-0.5025101647355261,1,-0.5412564891345613,0.9543147208121827,lab/artifacts/ea-files/passive-refusal-depth-observation-v1/valid-p2-2024/observation/events-a.csv,2548,2551
L1119,P2_2024,RC16,US30_BOOK,2024-08-09T13:30:00,2024-08-09T16:51:12,Friday,OTHER_WEEK,5.0281,-2.52,-2.5309999999999855,-0.5033710546727362,1,-0.5307870213302422,0.8472222222222222,lab/artifacts/ea-files/passive-refusal-depth-observation-v1/valid-p2-2024/observation/events-a.csv,2556,2569
L1120,P2_2024,Passive,US100_BOOK,2024-08-09T15:05:17,2024-08-09T18:00:00,Friday,OTHER_WEEK,5.0281,0.43,0.4175,0.08303335255862054,0,0.06742209339330292,-0.050314465408805034,lab/artifacts/ea-files/passive-refusal-depth-observation-v1/valid-p2-2024/observation/events-a.csv,2563,2570
L1121,P2_2024,Return,US30_BOOK,2024-08-09T16:00:00,2024-08-09T22:00:00,Friday,OTHER_WEEK,5.0281,0.76,0.7490000000000145,0.14896282890157606,0,0.2040556333676472,-0.38,lab/artifacts/ea-files/passive-refusal-depth-observation-v1/valid-p2-2024/observation/events-a.csv,2567,2571
L1122,P2_2024,RC16,US30_BOOK,2024-08-12T13:30:00,2024-08-12T16:53:01,Monday,STANDARD_EXPIRATION_WEEK,4.9735,-2.51,-2.5209999999999853,-0.5068864984417383,1,-0.5343024650992443,0.8472222222222222,lab/artifacts/ea-files/passive-refusal-depth-observation-v1/valid-p2-2024/observation/events-a.csv,2576,2578
L1123,P2_2024,Passive,US100_BOOK,2024-08-13T13:30:10,2024-08-13T15:15:00,Tuesday,STANDARD_EXPIRATION_WEEK,4.8726,0.74,0.7275,0.1493042728727989,0,0.1336930137074813,-0.050314465408805034,lab/artifacts/ea-files/passive-refusal-depth-observation-v1/valid-p2-2024/observation/events-a.csv,2585,2586
L1124,P2_2024,Cross,US100_BOOK,2024-08-13T17:00:00,2024-08-13T21:00:00,Tuesday,STANDARD_EXPIRATION_WEEK,4.9017,1.5699999999999998,1.5574999999999999,0.3177469041353,0,0.27900057973626485,-0.04568527918781726,lab/artifacts/ea-files/passive-refusal-depth-observation-v1/valid-p2-2024/observation/events-a.csv,2590,2592
L1125,P2_2024,RC4,US30_BOOK,2024-08-14T13:00:00,2024-08-14T17:13:11,Wednesday,STANDARD_EXPIRATION_WEEK,4.964,-0.62,-0.6309999999999855,-0.1271152296535023,1,-0.18003820250605626,0.7358490566037736,lab/artifacts/ea-files/passive-refusal-depth-observation-v1/valid-p2-2024/observation/events-a.csv,2597,2607
L1126,P2_2024,Cross,US100_BOOK,2024-08-14T17:00:00,2024-08-14T21:00:00,Wednesday,STANDARD_EXPIRATION_WEEK,4.964,-0.43,-0.4425,-0.08914182111200644,0,-0.12788814551104155,-0.04568527918781726,lab/artifacts/ea-files/passive-refusal-depth-observation-v1/valid-p2-2024/observation/events-a.csv,2604,2614
L1127,P2_2024,Passive,US100_BOOK,2024-08-15T14:00:46,2024-08-15T14:30:00,Thursday,STANDARD_EXPIRATION_WEEK,4.9211,0.63,0.6175,0.12548007559285526,0,0.10986881642753764,-0.050314465408805034,lab/artifacts/ea-files/passive-refusal-depth-observation-v1/valid-p2-2024/observation/events-a.csv,2631,2632
L1128,P2_2024,RC16,US30_BOOK,2024-08-15T13:30:00,2024-08-15T17:30:00,Thursday,STANDARD_EXPIRATION_WEEK,4.9211,2.79,2.7790000000000146,0.5647111418178892,0,0.5372951751603832,-0.1527777777777778,lab/artifacts/ea-files/passive-refusal-depth-observation-v1/valid-p2-2024/observation/events-a.csv,2624,2644
L1129,P2_2024,Passive,US100_BOOK,2024-08-15T15:45:29,2024-08-15T18:56:27,Thursday,STANDARD_EXPIRATION_WEEK,4.9458,-2.4699999999999998,-2.4825,-0.5019410408831736,1,-0.5175523000484912,0.949685534591195,lab/artifacts/ea-files/passive-refusal-depth-observation-v1/valid-p2-2024/observation/events-a.csv,2638,2645
L1130,P2_2024,RC4,US30_BOOK,2024-08-15T13:00:00,2024-08-15T19:00:00,Thursday,STANDARD_EXPIRATION_WEEK,4.9211,3.63,3.6190000000000144,0.7354046859442024,0,0.6824817130916484,-0.2641509433962264,lab/artifacts/ea-files/passive-refusal-depth-observation-v1/valid-p2-2024/observation/events-a.csv,2619,2646
L1131,P2_2024,Passive,US100_BOOK,2024-08-16T15:15:24,2024-08-16T17:30:00,Friday,STANDARD_EXPIRATION_WEEK,5.1024,0.39,0.3775,0.07398479147068046,0,0.058373532305362845,-0.050314465408805034,lab/artifacts/ea-files/passive-refusal-depth-observation-v1/valid-p2-2024/observation/events-a.csv,2653,2664
L1132,P2_2024,Cross,US100_BOOK,2024-08-16T17:00:00,2024-08-16T21:00:00,Friday,STANDARD_EXPIRATION_WEEK,5.1024,-1.34,-1.3525,-0.26507133897773594,0,-0.3038176633767711,-0.04568527918781726,lab/artifacts/ea-files/passive-refusal-depth-observation-v1/valid-p2-2024/observation/events-a.csv,2662,2665
L1133,P2_2024,Return,US30_BOOK,2024-08-16T16:00:00,2024-08-16T22:00:00,Friday,STANDARD_EXPIRATION_WEEK,5.1024,2.7,2.688999999999942,0.527006898714319,0,0.5820997031803902,-0.38,lab/artifacts/ea-files/passive-refusal-depth-observation-v1/valid-p2-2024/observation/events-a.csv,2657,2666
L1134,P2_2024,Passive,US100_BOOK,2024-08-19T15:14:06,2024-08-19T16:30:00,Monday,OTHER_WEEK,5.171,0.17,0.1575,0.03045832527557532,0,0.014847066110257703,-0.050314465408805034,lab/artifacts/ea-files/passive-refusal-depth-observation-v1/valid-p2-2024/observation/events-a.csv,2678,2679
L1135,P2_2024,RC16,US30_BOOK,2024-08-19T13:30:00,2024-08-19T17:30:00,Monday,OTHER_WEEK,5.171,1.34,1.3290000000000146,0.2570102494681908,0,0.2295942828106848,-0.1527777777777778,lab/artifacts/ea-files/passive-refusal-depth-observation-v1/valid-p2-2024/observation/events-a.csv,2671,2685
L1136,P2_2024,Cross,US100_BOOK,2024-08-19T17:00:00,2024-08-19T21:00:00,Monday,OTHER_WEEK,5.1773,-1.3599999999999999,-1.3724999999999998,-0.26509956927355954,0,-0.3038458936725947,-0.04568527918781726,lab/artifacts/ea-files/passive-refusal-depth-observation-v1/valid-p2-2024/observation/events-a.csv,2683,2686
L1137,P2_2024,Cross,US100_BOOK,2024-08-20T17:00:00,2024-08-20T21:00:00,Tuesday,OTHER_WEEK,5.1755,-1.1,-1.1125,-0.2149550768041735,0,-0.2537014012032086,-0.04568527918781726,lab/artifacts/ea-files/passive-refusal-depth-observation-v1/valid-p2-2024/observation/events-a.csv,2691,2693
L1138,P2_2024,Cross,US100_BOOK,2024-08-21T17:00:00,2024-08-21T21:00:00,Wednesday,OTHER_WEEK,5.131,0.14,0.1275,0.024848957318261547,0,-0.01389736708077357,-0.04568527918781726,lab/artifacts/ea-files/passive-refusal-depth-observation-v1/valid-p2-2024/observation/events-a.csv,2698,2700
L1139,P2_2024,RC16,US30_BOOK,2024-08-23T13:30:00,2024-08-23T17:30:00,Friday,OTHER_WEEK,5.1361,2.66,2.6490000000000147,0.5157609859621142,0,0.4883450193046082,-0.1527777777777778,lab/artifacts/ea-files/passive-refusal-depth-observation-v1/valid-p2-2024/observation/events-a.csv,2706,2708
L1140,P2_2024,RC16,US30_BOOK,2024-08-26T13:30:03,2024-08-26T17:30:00,Monday,OTHER_WEEK,5.2421,1.9300000000000002,1.9190000000000147,0.36607466473360195,0,0.338658698076096,-0.1527777777777778,lab/artifacts/ea-files/passive-refusal-depth-observation-v1/valid-p2-2024/observation/events-a.csv,2713,2720
L1141,P2_2024,Cross,US100_BOOK,2024-08-26T17:00:00,2024-08-26T21:00:00,Monday,OTHER_WEEK,5.2421,1.8399999999999999,1.8275,0.34861982793155416,0,0.309873503532519,-0.04568527918781726,lab/artifacts/ea-files/passive-refusal-depth-observation-v1/valid-p2-2024/observation/events-a.csv,2718,2721
L1142,P2_2024,Passive,US100_BOOK,2024-08-27T15:31:03,2024-08-27T17:15:00,Tuesday,OTHER_WEEK,5.392,0.11,0.0975,0.01808234421364985,0,0.0024710850483322336,-0.050314465408805034,lab/artifacts/ea-files/passive-refusal-depth-observation-v1/valid-p2-2024/observation/events-a.csv,2728,2734
L1143,P2_2024,Return,US30_BOOK,2024-08-27T16:00:00,2024-08-27T22:00:00,Tuesday,OTHER_WEEK,5.392,1.05,1.0390000000000146,0.19269287833828164,0,0.24778568280435279,-0.38,lab/artifacts/ea-files/passive-refusal-depth-observation-v1/valid-p2-2024/observation/events-a.csv,2732,2735
L1144,P2_2024,Passive,US100_BOOK,2024-08-28T15:03:48,2024-08-28T18:15:36,Wednesday,OTHER_WEEK,5.4374,-2.73,-2.7425,-0.5043770919924965,1,-0.519988351157814,0.949685534591195,lab/artifacts/ea-files/passive-refusal-depth-observation-v1/valid-p2-2024/observation/events-a.csv,2747,2754
L1145,P2_2024,RC4,US30_BOOK,2024-08-28T13:00:00,2024-08-28T19:00:00,Wednesday,OTHER_WEEK,5.4374,-1.49,-1.5010000000000583,-0.2760510538124946,0,-0.3289740266650486,-0.2641509433962264,lab/artifacts/ea-files/passive-refusal-depth-observation-v1/valid-p2-2024/observation/events-a.csv,2740,2755
L1146,P2_2024,Cross,US100_BOOK,2024-08-28T17:00:00,2024-08-28T21:00:00,Wednesday,OTHER_WEEK,5.4374,2.6,2.5875,0.47587082061279284,0,0.4371244962137577,-0.04568527918781726,lab/artifacts/ea-files/passive-refusal-depth-observation-v1/valid-p2-2024/observation/events-a.csv,2751,2756
L1147,P2_2024,Passive,US100_BOOK,2024-08-29T12:15:47,2024-08-29T15:30:00,Thursday,OTHER_WEEK,5.3712,-0.41,-0.4225,-0.07866026213881441,0,-0.09427152130413204,-0.050314465408805034,lab/artifacts/ea-files/passive-refusal-depth-observation-v1/valid-p2-2024/observation/events-a.csv,2763,2769
L1148,P2_2024,Pressure,US30_BOOK,2024-08-29T15:00:00,2024-08-29T16:52:11,Thursday,OTHER_WEEK,5.3712,-2.69,-2.7009999999999854,-0.5028671432826902,1,-0.49337117795416585,0.782608695652174,lab/artifacts/ea-files/passive-refusal-depth-observation-v1/valid-p2-2024/observation/events-a.csv,2767,2770
L1149,P2_2024,Cross,US100_BOOK,2024-08-29T17:00:00,2024-08-29T21:00:00,Thursday,OTHER_WEEK,5.2462,-0.12,-0.1325,-0.02525637604361252,0,-0.06400270044264764,-0.04568527918781726,lab/artifacts/ea-files/passive-refusal-depth-observation-v1/valid-p2-2024/observation/events-a.csv,2774,2776
L1150,P2_2024,RC16,US30_BOOK,2024-08-30T13:30:00,2024-08-30T17:30:00,Friday,OTHER_WEEK,5.2409,0.02,0.009000000000014552,0.0017172623022791032,0,-0.02569870435522687,-0.1527777777777778,lab/artifacts/ea-files/passive-refusal-depth-observation-v1/valid-p2-2024/observation/events-a.csv,2786,2794
L1151,P2_2024,RC4,US30_BOOK,2024-08-30T13:00:00,2024-08-30T19:00:00,Friday,OTHER_WEEK,5.2409,-1.73,-1.7409999999999854,-0.3321948520292288,0,-0.3851178248817828,-0.2641509433962264,lab/artifacts/ea-files/passive-refusal-depth-observation-v1/valid-p2-2024/observation/events-a.csv,2781,2795
L1152,P2_2024,Cross,US100_BOOK,2024-08-30T17:00:00,2024-08-30T21:00:00,Friday,OTHER_WEEK,5.2409,-1.47,-1.4825,-0.28287126256940603,0,-0.32161758696844117,-0.04568527918781726,lab/artifacts/ea-files/passive-refusal-depth-observation-v1/valid-p2-2024/observation/events-a.csv,2792,2796
L1153,P2_2024,Passive,US100_BOOK,2024-09-02T14:00:04,2024-09-02T15:45:00,Monday,OTHER_WEEK,5.1124,-0.04,-0.052500000000000005,-0.010269149518816995,0,-0.02588040868413461,-0.050314465408805034,lab/artifacts/ea-files/passive-refusal-depth-observation-v1/valid-p2-2024/observation/events-a.csv,2803,2804
L1154,P2_2024,Passive,US100_BOOK,2024-09-03T12:15:00,2024-09-03T15:00:00,Tuesday,OTHER_WEEK,5.1103,0.36,0.3475,0.06799992172670881,0,0.05238866256139119,-0.050314465408805034,lab/artifacts/ea-files/passive-refusal-depth-observation-v1/valid-p2-2024/observation/events-a.csv,2813,2814
L1155,P2_2024,Return,US30_BOOK,2024-09-03T16:00:00,2024-09-03T17:14:24,Tuesday,OTHER_WEEK,5.1242,-2.57,-2.5809999999999853,-0.5036883806252654,1,-0.4485955761591943,0.62,lab/artifacts/ea-files/passive-refusal-depth-observation-v1/valid-p2-2024/observation/events-a.csv,2818,2825
L1156,P2_2024,Cross,US100_BOOK,2024-09-03T17:00:00,2024-09-03T21:00:00,Tuesday,OTHER_WEEK,5.1242,2.6,2.5875,0.5049568713164981,0,0.466210546917463,-0.04568527918781726,lab/artifacts/ea-files/passive-refusal-depth-observation-v1/valid-p2-2024/observation/events-a.csv,2823,2826
L1157,P2_2024,RC4,US30_BOOK,2024-09-05T13:00:00,2024-09-05T19:00:00,Thursday,OTHER_WEEK,5.1244,4.08,4.069000000000015,0.7940441807821433,0,0.7411212079295894,-0.2641509433962264,lab/artifacts/ea-files/passive-refusal-depth-observation-v1/valid-p2-2024/observation/events-a.csv,2832,2840
L1158,P2_2024,Cross,US100_BOOK,2024-09-05T17:00:00,2024-09-05T21:00:00,Thursday,OTHER_WEEK,5.1244,-0.41,-0.4225,-0.08244867691827336,0,-0.12119500131730848,-0.04568527918781726,lab/artifacts/ea-files/passive-refusal-depth-observation-v1/valid-p2-2024/observation/events-a.csv,2837,2841
L1159,P2_2024,Passive,US100_BOOK,2024-09-06T12:16:16,2024-09-06T13:15:00,Friday,OTHER_WEEK,5.2703,0.45,0.4375,0.08301235223801302,0,0.0674010930726954,-0.050314465408805034,lab/artifacts/ea-files/passive-refusal-depth-observation-v1/valid-p2-2024/observation/events-a.csv,2848,2849
L1160,P2_2024,Passive,US100_BOOK,2024-09-06T15:45:21,2024-09-06T17:00:00,Friday,OTHER_WEEK,5.2878,1.17,1.1575,0.21890010968644805,0,0.20328885052113044,-0.050314465408805034,lab/artifacts/ea-files/passive-refusal-depth-observation-v1/valid-p2-2024/observation/events-a.csv,2855,2856
L1161,P2_2024,Cross,US100_BOOK,2024-09-06T17:00:00,2024-09-06T21:00:00,Friday,OTHER_WEEK,5.3341,2.67,2.6574999999999998,0.49820963236534743,0,0.4594633079663123,-0.04568527918781726,lab/artifacts/ea-files/passive-refusal-depth-observation-v1/valid-p2-2024/observation/events-a.csv,2860,2862
L1162,P2_2024,Pressure,US30_BOOK,2024-09-09T15:00:00,2024-09-09T19:00:00,Monday,OTHER_WEEK,5.4404,2.65,2.6390000000000144,0.48507462686567426,0,0.49457059219419863,-0.21739130434782608,lab/artifacts/ea-files/passive-refusal-depth-observation-v1/valid-p2-2024/observation/events-a.csv,2867,2874
L1163,P2_2024,Cross,US100_BOOK,2024-09-09T17:00:00,2024-09-09T21:00:00,Monday,OTHER_WEEK,5.4404,-0.49,-0.5025,-0.09236453201970442,0,-0.13111085641873954,-0.04568527918781726,lab/artifacts/ea-files/passive-refusal-depth-observation-v1/valid-p2-2024/observation/events-a.csv,2872,2875
L1164,P2_2024,RC16,US30_BOOK,2024-09-10T13:30:00,2024-09-10T17:30:00,Tuesday,OTHER_WEEK,5.5258,-1.98,-1.9909999999999854,-0.3603098193926645,0,-0.38772578605017044,-0.1527777777777778,lab/artifacts/ea-files/passive-refusal-depth-observation-v1/valid-p2-2024/observation/events-a.csv,2880,2893
L1165,P2_2024,Passive,US100_BOOK,2024-09-10T15:15:40,2024-09-10T18:15:00,Tuesday,OTHER_WEEK,5.5258,-0.08,-0.0925,-0.016739657606138478,0,-0.032350916771456094,-0.050314465408805034,lab/artifacts/ea-files/passive-refusal-depth-observation-v1/valid-p2-2024/observation/events-a.csv,2887,2894
L1166,P2_2024,Cross,US100_BOOK,2024-09-10T17:00:00,2024-09-10T21:00:00,Tuesday,OTHER_WEEK,5.5258,0.24,0.22749999999999998,0.04117050924752976,0,0.0024241848484946454,-0.04568527918781726,lab/artifacts/ea-files/passive-refusal-depth-observation-v1/valid-p2-2024/observation/events-a.csv,2891,2895
L1167,P2_2024,Cross,US100_BOOK,2024-09-11T17:00:00,2024-09-11T21:00:00,Wednesday,OTHER_WEEK,5.4516,2.4699999999999998,2.4574999999999996,0.450785090615599,0,0.4120387662165639,-0.04568527918781726,lab/artifacts/ea-files/passive-refusal-depth-observation-v1/valid-p2-2024/observation/events-a.csv,2900,2902
L1168,P2_2024,RC16,US30_BOOK,2024-09-12T13:30:00,2024-09-12T17:30:00,Thursday,OTHER_WEEK,5.5499,-1.1,-1.1109999999999856,-0.20018378709526038,0,-0.22759975375276637,-0.1527777777777778,lab/artifacts/ea-files/passive-refusal-depth-observation-v1/valid-p2-2024/observation/events-a.csv,2907,2914
L1169,P2_2024,Cross,US100_BOOK,2024-09-12T17:00:00,2024-09-12T21:00:00,Thursday,OTHER_WEEK,5.5499,2.08,2.0675,0.37252923476098665,0,0.3337829103619515,-0.04568527918781726,lab/artifacts/ea-files/passive-refusal-depth-observation-v1/valid-p2-2024/observation/events-a.csv,2912,2915
L1170,P2_2024,RC16,US30_BOOK,2024-09-13T13:30:00,2024-09-13T17:30:00,Friday,OTHER_WEEK,5.5882,1.65,1.6390000000000144,0.2932965892416189,0,0.26588062258411294,-0.1527777777777778,lab/artifacts/ea-files/passive-refusal-depth-observation-v1/valid-p2-2024/observation/events-a.csv,2920,2927
L1171,P2_2024,Cross,US100_BOOK,2024-09-13T17:00:00,2024-09-13T21:00:00,Friday,OTHER_WEEK,5.5882,-0.97,-0.9824999999999999,-0.17581689989620988,0,-0.214563224295245,-0.04568527918781726,lab/artifacts/ea-files/passive-refusal-depth-observation-v1/valid-p2-2024/observation/events-a.csv,2925,2928
L1172,P2_2024,Passive,US100_BOOK,2024-09-16T14:56:26,2024-09-16T18:45:00,Monday,STANDARD_EXPIRATION_WEEK,5.6144,-1.02,-1.0325,-0.1839021088629239,0,-0.19951336802824152,-0.050314465408805034,lab/artifacts/ea-files/passive-refusal-depth-observation-v1/valid-p2-2024/observation/events-a.csv,2935,2941
L1173,P2_2024,Cross,US100_BOOK,2024-09-16T17:00:00,2024-09-16T21:00:00,Monday,STANDARD_EXPIRATION_WEEK,5.6144,-0.01,-0.0225,-0.004007552009119407,0,-0.04275387640815452,-0.04568527918781726,lab/artifacts/ea-files/passive-refusal-depth-observation-v1/valid-p2-2024/observation/events-a.csv,2939,2942
L1174,P2_2024,Passive,US100_BOOK,2024-09-17T12:26:46,2024-09-17T14:15:01,Tuesday,STANDARD_EXPIRATION_WEEK,5.5722,0.13,0.11750000000000001,0.0210868238756685,0,0.005475564710350883,-0.050314465408805034,lab/artifacts/ea-files/passive-refusal-depth-observation-v1/valid-p2-2024/observation/events-a.csv,2949,2950
L1175,P2_2024,Cross,US100_BOOK,2024-09-18T17:00:00,2024-09-18T21:00:00,Wednesday,STANDARD_EXPIRATION_WEEK,5.5769,-0.25,-0.2625,-0.047069160286180495,0,-0.0858154846852156,-0.04568527918781726,lab/artifacts/ea-files/passive-refusal-depth-observation-v1/valid-p2-2024/observation/events-a.csv,2955,2957
L1176,P2_2024,Passive,US100_BOOK,2024-09-19T13:39:19,2024-09-19T15:45:00,Thursday,STANDARD_EXPIRATION_WEEK,5.5664,-0.02,-0.0325,-0.005838603046852544,0,-0.021449862212170163,-0.050314465408805034,lab/artifacts/ea-files/passive-refusal-depth-observation-v1/valid-p2-2024/observation/events-a.csv,2964,2970
L1177,P2_2024,Pressure,US30_BOOK,2024-09-19T15:00:00,2024-09-19T19:00:00,Thursday,STANDARD_EXPIRATION_WEEK,5.5664,-0.82,-0.8309999999999854,-0.14928858867490397,0,-0.1397926233463796,-0.21739130434782608,lab/artifacts/ea-files/passive-refusal-depth-observation-v1/valid-p2-2024/observation/events-a.csv,2968,2971
L1178,P2_2024,Passive,US100_BOOK,2024-09-20T14:12:23,2024-09-20T15:00:00,Friday,STANDARD_EXPIRATION_WEEK,5.5319,0.32,0.3060000000000218,0.055315533541825015,0,0.0397042743765074,-0.050314465408805034,lab/artifacts/ea-files/passive-refusal-depth-observation-v1/valid-p2-2024/observation/events-a.csv,2988,2989
L1179,P2_2024,RC16,US30_BOOK,2024-09-20T13:30:00,2024-09-20T17:30:00,Friday,STANDARD_EXPIRATION_WEEK,5.5319,-1.47,-1.4840000000000144,-0.2682622607060891,0,-0.29567822736359506,-0.1527777777777778,lab/artifacts/ea-files/passive-refusal-depth-observation-v1/valid-p2-2024/observation/events-a.csv,2981,2992
L1180,P2_2024,RC4,US30_BOOK,2024-09-20T13:00:00,2024-09-20T19:00:00,Friday,STANDARD_EXPIRATION_WEEK,5.5319,-1.04,-1.0540000000000145,-0.19053128219960852,0,-0.24345425505216248,-0.2641509433962264,lab/artifacts/ea-files/passive-refusal-depth-observation-v1/valid-p2-2024/observation/events-a.csv,2976,2993
L1181,P2_2024,Passive,US100_BOOK,2024-09-23T13:35:40,2024-09-23T14:00:00,Monday,OTHER_WEEK,5.4426,0.11,0.09599999999998544,0.017638628596623938,0,0.00202736943130632,-0.050314465408805034,lab/artifacts/ea-files/passive-refusal-depth-observation-v1/valid-p2-2024/observation/events-a.csv,3000,3001
L1182,P2_2024,RC4,US30_BOOK,2024-09-25T13:00:00,2024-09-25T19:00:00,Wednesday,OTHER_WEEK,5.4464,-2.21,-2.2240000000000144,-0.40834312573443277,0,-0.46126609858698675,-0.2641509433962264,lab/artifacts/ea-files/passive-refusal-depth-observation-v1/valid-p2-2024/observation/events-a.csv,3013,3022
L1183,P2_2024,Cross,US100_BOOK,2024-09-25T17:00:00,2024-09-25T21:00:00,Wednesday,OTHER_WEEK,5.4464,-0.33,-0.3420000000000073,-0.06279377203290382,0,-0.10154009643193893,-0.04568527918781726,lab/artifacts/ea-files/passive-refusal-depth-observation-v1/valid-p2-2024/observation/events-a.csv,3018,3023
L1184,P2_2024,RC4,US30_BOOK,2024-09-26T13:00:00,2024-09-26T17:00:14,Thursday,OTHER_WEEK,5.3438,-0.69,-0.7040000000000145,-0.13174145738987508,1,-0.18466443024242904,0.7358490566037736,lab/artifacts/ea-files/passive-refusal-depth-observation-v1/valid-p2-2024/observation/events-a.csv,3028,3038
L1185,P2_2024,Cross,US100_BOOK,2024-09-26T17:00:00,2024-09-26T21:00:00,Thursday,OTHER_WEEK,5.3438,1.53,1.5179999999999927,0.28406751749691095,0,0.24532119309787584,-0.04568527918781726,lab/artifacts/ea-files/passive-refusal-depth-observation-v1/valid-p2-2024/observation/events-a.csv,3033,3045
L1186,P2_2024,RC16,US30_BOOK,2024-09-27T13:30:00,2024-09-27T17:30:00,Friday,OTHER_WEEK,5.3764,3.37,3.3559999999999857,0.6242095082211118,0,0.5967935415636058,-0.1527777777777778,lab/artifacts/ea-files/passive-refusal-depth-observation-v1/valid-p2-2024/observation/events-a.csv,3050,3063
L1187,P2_2024,Passive,US100_BOOK,2024-09-27T15:45:21,2024-09-27T17:30:00,Friday,OTHER_WEEK,5.3764,0.69,0.6759999999999854,0.12573469235919674,0,0.11012343319387911,-0.050314465408805034,lab/artifacts/ea-files/passive-refusal-depth-observation-v1/valid-p2-2024/observation/events-a.csv,3057,3064
L1188,P2_2024,Cross,US100_BOOK,2024-09-27T17:00:00,2024-09-27T21:00:00,Friday,OTHER_WEEK,5.3764,0.47,0.4579999999999927,0.08518711405401247,0,0.04644078965497735,-0.04568527918781726,lab/artifacts/ea-files/passive-refusal-depth-observation-v1/valid-p2-2024/observation/events-a.csv,3061,3065
L1189,P2_2024,RC16,US30_BOOK,2024-09-30T13:30:00,2024-09-30T17:30:00,Monday,OTHER_WEEK,5.556,-0.78,-0.7940000000000146,-0.14290856731461746,0,-0.17032453397212344,-0.1527777777777778,lab/artifacts/ea-files/passive-refusal-depth-observation-v1/valid-p2-2024/observation/events-a.csv,3070,3088
L1190,P2_2024,Cross,US100_BOOK,2024-09-30T17:00:00,2024-09-30T21:00:00,Monday,OTHER_WEEK,5.556,0.0,-0.012000000000007276,-0.0021598272138242036,0,-0.04090615161285932,-0.04568527918781726,lab/artifacts/ea-files/passive-refusal-depth-observation-v1/valid-p2-2024/observation/events-a.csv,3086,3089
L1191,P2_2024,Return,US30_BOOK,2024-09-30T16:00:00,2024-09-30T21:22:24,Monday,OTHER_WEEK,5.556,-2.7800000000000002,-2.7940000000000147,-0.5028797696184332,1,-0.44778696515236205,0.62,lab/artifacts/ea-files/passive-refusal-depth-observation-v1/valid-p2-2024/observation/events-a.csv,3081,3090
L1192,P2_2024,Cross,US100_BOOK,2024-10-01T17:00:00,2024-10-01T21:00:00,Tuesday,OTHER_WEEK,5.412,0.4,0.38799999999999274,0.07169253510716792,0,0.0329462107081328,-0.04568527918781726,lab/artifacts/ea-files/passive-refusal-depth-observation-v1/valid-p2-2024/observation/events-a.csv,3095,3097
L1193,P2_2024,Cross,US100_BOOK,2024-10-02T17:00:00,2024-10-02T21:00:00,Wednesday,OTHER_WEEK,5.4275,-1.32,-1.3320000000000074,-0.24541685859051263,0,-0.28416318298954774,-0.04568527918781726,lab/artifacts/ea-files/passive-refusal-depth-observation-v1/valid-p2-2024/observation/events-a.csv,3102,3104
L1194,P2_2024,Cross,US100_BOOK,2024-10-03T17:00:00,2024-10-03T21:00:00,Thursday,OTHER_WEEK,5.3742,-0.62,-0.6320000000000072,-0.1175988984406995,0,-0.15634522283973462,-0.04568527918781726,lab/artifacts/ea-files/passive-refusal-depth-observation-v1/valid-p2-2024/observation/events-a.csv,3109,3111
L1195,P2_2024,Passive,US100_BOOK,2024-10-04T15:45:06,2024-10-04T17:15:00,Friday,OTHER_WEEK,5.3489,1.25,1.2359999999999856,0.23107554824356139,0,0.21546428907824378,-0.050314465408805034,lab/artifacts/ea-files/passive-refusal-depth-observation-v1/valid-p2-2024/observation/events-a.csv,3123,3129
L1196,P2_2024,RC16,US30_BOOK,2024-10-04T13:30:00,2024-10-04T17:30:00,Friday,OTHER_WEEK,5.3489,0.21,0.19599999999998544,0.03664304810334563,0,0.009227081445839655,-0.1527777777777778,lab/artifacts/ea-files/passive-refusal-depth-observation-v1/valid-p2-2024/observation/events-a.csv,3116,3130
L1197,P2_2024,Cross,US100_BOOK,2024-10-04T17:00:00,2024-10-04T21:00:00,Friday,OTHER_WEEK,5.3489,-0.31,-0.3220000000000073,-0.06019929331264508,0,-0.0989456177116802,-0.04568527918781726,lab/artifacts/ea-files/passive-refusal-depth-observation-v1/valid-p2-2024/observation/events-a.csv,3127,3131
L1198,P2_2024,Passive,US100_BOOK,2024-10-07T12:23:20,2024-10-07T15:00:00,Monday,OTHER_WEEK,5.3933,0.32,0.30599999999998545,0.05673706265180603,0,0.041125803486488414,-0.050314465408805034,lab/artifacts/ea-files/passive-refusal-depth-observation-v1/valid-p2-2024/observation/events-a.csv,3138,3139
L1199,P2_2024,Cross,US100_BOOK,2024-10-07T17:00:00,2024-10-07T21:00:00,Monday,OTHER_WEEK,5.4056,-0.39,-0.40199999999997094,-0.07436732277637467,0,-0.11311364717540978,-0.04568527918781726,lab/artifacts/ea-files/passive-refusal-depth-observation-v1/valid-p2-2024/observation/events-a.csv,3143,3145
L1200,P2_2024,Passive,US100_BOOK,2024-10-08T12:16:17,2024-10-08T15:30:00,Tuesday,OTHER_WEEK,5.3895,-0.22,-0.23400000000001456,-0.04341775674923733,0,-0.05902901591455494,-0.050314465408805034,lab/artifacts/ea-files/passive-refusal-depth-observation-v1/valid-p2-2024/observation/events-a.csv,3152,3153
L1201,P2_2024,Cross,US100_BOOK,2024-10-08T17:00:00,2024-10-08T21:00:00,Tuesday,OTHER_WEEK,5.3801,0.74,0.7279999999999928,0.13531347000984978,0,0.09656714561081467,-0.04568527918781726,lab/artifacts/ea-files/passive-refusal-depth-observation-v1/valid-p2-2024/observation/events-a.csv,3157,3159
L1202,P2_2024,Passive,US100_BOOK,2024-10-09T13:16:30,2024-10-09T15:45:00,Wednesday,OTHER_WEEK,5.4092,0.16,0.14599999999998545,0.026991052281295835,0,0.011379793115978218,-0.050314465408805034,lab/artifacts/ea-files/passive-refusal-depth-observation-v1/valid-p2-2024/observation/events-a.csv,3166,3172
L1203,P2_2024,RC16,US30_BOOK,2024-10-09T13:30:00,2024-10-09T17:30:00,Wednesday,OTHER_WEEK,5.4092,1.08,1.0659999999999856,0.19707165569769755,0,0.16965568904019157,-0.1527777777777778,lab/artifacts/ea-files/passive-refusal-depth-observation-v1/valid-p2-2024/observation/events-a.csv,3170,3178
L1204,P2_2024,Cross,US100_BOOK,2024-10-09T17:00:00,2024-10-09T21:00:00,Wednesday,OTHER_WEEK,5.4151,-1.34,-1.3520000000000074,-0.24967221288619,0,-0.2884185372852251,-0.04568527918781726,lab/artifacts/ea-files/passive-refusal-depth-observation-v1/valid-p2-2024/observation/events-a.csv,3176,3179
L1205,P2_2024,Passive,US100_BOOK,2024-10-10T16:31:00,2024-10-10T17:15:00,Thursday,OTHER_WEEK,5.4036,0.57,0.5559999999999854,0.10289436671848128,0,0.08728310755316365,-0.050314465408805034,lab/artifacts/ea-files/passive-refusal-depth-observation-v1/valid-p2-2024/observation/events-a.csv,3191,3194
L1206,P2_2024,RC4,US30_BOOK,2024-10-10T13:00:00,2024-10-10T19:00:00,Thursday,OTHER_WEEK,5.4036,-0.45,-0.46400000000001457,-0.08586868013916918,0,-0.13879165299172314,-0.2641509433962264,lab/artifacts/ea-files/passive-refusal-depth-observation-v1/valid-p2-2024/observation/events-a.csv,3184,3195
L1207,P2_2024,Cross,US100_BOOK,2024-10-11T17:00:00,2024-10-11T21:00:00,Friday,OTHER_WEEK,5.4073,-0.79,-0.8020000000000073,-0.1483180145359065,0,-0.18706433893494162,-0.04568527918781726,lab/artifacts/ea-files/passive-refusal-depth-observation-v1/valid-p2-2024/observation/events-a.csv,3200,3202
L1208,P2_2024,Passive,US100_BOOK,2024-10-14T12:34:55,2024-10-14T16:30:00,Monday,STANDARD_EXPIRATION_WEEK,5.3752,-0.64,-0.6539999999999782,-0.12166989135287581,0,-0.13728115051819342,-0.050314465408805034,lab/artifacts/ea-files/passive-refusal-depth-observation-v1/valid-p2-2024/observation/events-a.csv,3209,3210
L1209,P2_2024,Cross,US100_BOOK,2024-10-14T17:00:00,2024-10-14T21:00:00,Monday,STANDARD_EXPIRATION_WEEK,5.3491,-0.64,-0.6520000000000072,-0.12188966368174221,0,-0.16063598808077734,-0.04568527918781726,lab/artifacts/ea-files/passive-refusal-depth-observation-v1/valid-p2-2024/observation/events-a.csv,3214,3216
L1210,P2_2024,Return,US30_BOOK,2024-10-15T16:00:00,2024-10-15T16:44:46,Tuesday,STANDARD_EXPIRATION_WEEK,5.323,-2.66,-2.6739999999999418,-0.5023482998309114,1,-0.4472554953648403,0.62,lab/artifacts/ea-files/passive-refusal-depth-observation-v1/valid-p2-2024/observation/events-a.csv,3221,3223
L1211,P2_2024,Cross,US100_BOOK,2024-10-15T17:00:00,2024-10-15T17:38:00,Tuesday,STANDARD_EXPIRATION_WEEK,5.216,-2.61,-2.622000000000007,-0.502684049079756,1,-0.5414303734787911,0.9543147208121827,lab/artifacts/ea-files/passive-refusal-depth-observation-v1/valid-p2-2024/observation/events-a.csv,3227,3229
L1212,P2_2024,RC16,US30_BOOK,2024-10-16T13:30:00,2024-10-16T17:30:00,Wednesday,STANDARD_EXPIRATION_WEEK,5.1112,1.75,1.7360000000000582,0.33964626702145445,0,0.3122303003639485,-0.1527777777777778,lab/artifacts/ea-files/passive-refusal-depth-observation-v1/valid-p2-2024/observation/events-a.csv,3239,3247
L1213,P2_2024,RC4,US30_BOOK,2024-10-16T13:00:00,2024-10-16T19:00:00,Wednesday,STANDARD_EXPIRATION_WEEK,5.1112,2.11,2.0960000000000583,0.4100798246987123,0,0.3571568518461583,-0.2641509433962264,lab/artifacts/ea-files/passive-refusal-depth-observation-v1/valid-p2-2024/observation/events-a.csv,3234,3248
L1214,P2_2024,Cross,US100_BOOK,2024-10-16T17:00:00,2024-10-16T21:00:00,Wednesday,STANDARD_EXPIRATION_WEEK,5.1112,-1.1400000000000001,-1.1520000000000075,-0.22538738456722637,0,-0.2641337089662615,-0.04568527918781726,lab/artifacts/ea-files/passive-refusal-depth-observation-v1/valid-p2-2024/observation/events-a.csv,3245,3249
L1215,P2_2024,Passive,US100_BOOK,2024-10-17T12:16:11,2024-10-17T16:15:00,Thursday,STANDARD_EXPIRATION_WEEK,5.2184,-0.9,-0.9139999999999782,-0.17514947110224938,0,-0.19076073026756699,-0.050314465408805034,lab/artifacts/ea-files/passive-refusal-depth-observation-v1/valid-p2-2024/observation/events-a.csv,3256,3257
L1216,P2_2024,Cross,US100_BOOK,2024-10-17T17:00:00,2024-10-17T21:00:00,Thursday,STANDARD_EXPIRATION_WEEK,5.1818,-0.45,-0.4620000000000073,-0.08915820757265956,0,-0.12790453197169468,-0.04568527918781726,lab/artifacts/ea-files/passive-refusal-depth-observation-v1/valid-p2-2024/observation/events-a.csv,3261,3263
L1217,P2_2024,RC16,US30_BOOK,2024-10-18T13:30:00,2024-10-18T17:30:00,Friday,STANDARD_EXPIRATION_WEEK,5.1633,-1.6400000000000001,-1.6540000000000146,-0.3203377684814004,0,-0.34775373513890634,-0.1527777777777778,lab/artifacts/ea-files/passive-refusal-depth-observation-v1/valid-p2-2024/observation/events-a.csv,3273,3284
L1218,P2_2024,RC4,US30_BOOK,2024-10-18T13:00:00,2024-10-18T19:00:00,Friday,STANDARD_EXPIRATION_WEEK,5.1633,0.8,0.7859999999999855,0.15222822613444612,0,0.09930525328189216,-0.2641509433962264,lab/artifacts/ea-files/passive-refusal-depth-observation-v1/valid-p2-2024/observation/events-a.csv,3268,3285
L1219,P2_2024,Return,US30_BOOK,2024-10-18T16:00:00,2024-10-18T22:00:00,Friday,STANDARD_EXPIRATION_WEEK,5.1633,1.11,1.0959999999999857,0.21226734840121353,0,0.26736015286728465,-0.38,lab/artifacts/ea-files/passive-refusal-depth-observation-v1/valid-p2-2024/observation/events-a.csv,3278,3286
L1220,P2_2024,Passive,US100_BOOK,2024-10-21T13:45:05,2024-10-21T16:30:00,Monday,OTHER_WEEK,5.1724,0.34,0.32599999999998547,0.06302683473822317,0,0.04741557557290555,-0.050314465408805034,lab/artifacts/ea-files/passive-refusal-depth-observation-v1/valid-p2-2024/observation/events-a.csv,3293,3299
L1221,P2_2024,Return,US30_BOOK,2024-10-21T16:00:00,2024-10-21T18:05:19,Monday,OTHER_WEEK,5.1724,-2.61,-2.6240000000000143,-0.5073080194880548,1,-0.4522152150219837,0.62,lab/artifacts/ea-files/passive-refusal-depth-observation-v1/valid-p2-2024/observation/events-a.csv,3297,3305
L1222,P2_2024,Cross,US100_BOOK,2024-10-21T17:00:00,2024-10-21T21:00:00,Monday,OTHER_WEEK,5.1855,-0.02,-0.03200000000000727,-0.006171053900300313,0,-0.044917378299335425,-0.04568527918781726,lab/artifacts/ea-files/passive-refusal-depth-observation-v1/valid-p2-2024/observation/events-a.csv,3303,3306
L1223,P2_2024,Passive,US100_BOOK,2024-10-22T13:05:07,2024-10-22T15:15:00,Tuesday,OTHER_WEEK,5.0792,0.55,0.5359999999999855,0.10552842967396155,0,0.08991717050864392,-0.050314465408805034,lab/artifacts/ea-files/passive-refusal-depth-observation-v1/valid-p2-2024/observation/events-a.csv,3313,3314
L1224,P2_2024,Cross,US100_BOOK,2024-10-22T17:00:00,2024-10-22T21:00:00,Tuesday,OTHER_WEEK,5.1007,1.13,1.1179999999999926,0.2191856019761979,0,0.1804392775771628,-0.04568527918781726,lab/artifacts/ea-files/passive-refusal-depth-observation-v1/valid-p2-2024/observation/events-a.csv,3318,3320
L1225,P2_2024,Passive,US100_BOOK,2024-10-23T13:48:52,2024-10-23T17:45:00,Wednesday,OTHER_WEEK,5.1454,-0.23,-0.24400000000001457,-0.04742099739573494,0,-0.06303225656105256,-0.050314465408805034,lab/artifacts/ea-files/passive-refusal-depth-observation-v1/valid-p2-2024/observation/events-a.csv,3327,3338
L1226,P2_2024,Return,US30_BOOK,2024-10-23T16:00:00,2024-10-23T20:33:23,Wednesday,OTHER_WEEK,5.1454,-2.58,-2.5939999999999417,-0.5041396198546161,1,-0.44904681538854496,0.62,lab/artifacts/ea-files/passive-refusal-depth-observation-v1/valid-p2-2024/observation/events-a.csv,3331,3339
L1227,P2_2024,Cross,US100_BOOK,2024-10-23T17:00:00,2024-10-23T21:00:00,Wednesday,OTHER_WEEK,5.1454,3.07,3.0579999999999927,0.5943172542465099,0,0.5555709298474748,-0.04568527918781726,lab/artifacts/ea-files/passive-refusal-depth-observation-v1/valid-p2-2024/observation/events-a.csv,3336,3340
L1228,P2_2024,RC16,US30_BOOK,2024-10-24T13:30:00,2024-10-24T17:30:00,Thursday,OTHER_WEEK,5.1542,-0.43,-0.44400000000001455,-0.08614333941252077,0,-0.11355930607002673,-0.1527777777777778,lab/artifacts/ea-files/passive-refusal-depth-observation-v1/valid-p2-2024/observation/events-a.csv,3345,3347
L1229,P2_2024,Cross,US100_BOOK,2024-10-25T17:00:00,2024-10-25T21:00:00,Friday,OTHER_WEEK,5.1364,-1.4,-1.4119999999999708,-0.27490070866754357,0,-0.3136470330665787,-0.04568527918781726,lab/artifacts/ea-files/passive-refusal-depth-observation-v1/valid-p2-2024/observation/events-a.csv,3352,3354
L1230,P2_2024,RC16,US30_BOOK,2024-10-28T13:30:01,2024-10-28T17:30:00,Monday,OTHER_WEEK,5.08,1.33,1.3159999999999856,0.2590551181102334,0,0.23163915145272743,-0.1527777777777778,lab/artifacts/ea-files/passive-refusal-depth-observation-v1/valid-p2-2024/observation/events-a.csv,3359,3366
L1231,P2_2024,Cross,US100_BOOK,2024-10-28T17:00:00,2024-10-28T21:00:00,Monday,OTHER_WEEK,5.08,-0.02,-0.03200000000000727,-0.006299212598426629,0,-0.04504553699746174,-0.04568527918781726,lab/artifacts/ea-files/passive-refusal-depth-observation-v1/valid-p2-2024/observation/events-a.csv,3364,3367
L1232,P2_2024,Return,US30_BOOK,2024-10-29T16:00:00,2024-10-29T22:00:00,Tuesday,OTHER_WEEK,5.1313,1.0,0.9859999999999854,0.1921540350398506,0,0.24724683950592174,-0.38,lab/artifacts/ea-files/passive-refusal-depth-observation-v1/valid-p2-2024/observation/events-a.csv,3372,3374
L1233,P2_2024,RC16,US30_BOOK,2024-10-30T13:30:00,2024-10-30T17:30:00,Wednesday,OTHER_WEEK,5.1708,0.85,0.8359999999999854,0.16167710992496043,0,0.13426114326745445,-0.1527777777777778,lab/artifacts/ea-files/passive-refusal-depth-observation-v1/valid-p2-2024/observation/events-a.csv,3379,3391
L1234,P2_2024,Cross,US100_BOOK,2024-10-30T17:00:00,2024-10-30T21:00:00,Wednesday,OTHER_WEEK,5.1708,0.53,0.5180000000000291,0.10017792217839196,0,0.06143159777935684,-0.04568527918781726,lab/artifacts/ea-files/passive-refusal-depth-observation-v1/valid-p2-2024/observation/events-a.csv,3389,3392
L1235,P2_2024,Return,US30_BOOK,2024-10-30T16:00:00,2024-10-30T22:00:00,Wednesday,OTHER_WEEK,5.1708,0.97,0.9559999999999854,0.18488435058404606,0,0.2399771550501172,-0.38,lab/artifacts/ea-files/passive-refusal-depth-observation-v1/valid-p2-2024/observation/events-a.csv,3384,3393
L1236,P2_2024,Passive,US100_BOOK,2024-10-31T15:23:02,2024-10-31T16:45:00,Thursday,OTHER_WEEK,5.2632,1.38,1.3659999999999854,0.25953792369660766,0,0.24392666453129005,-0.050314465408805034,lab/artifacts/ea-files/passive-refusal-depth-observation-v1/valid-p2-2024/observation/events-a.csv,3400,3401
L1237,P2_2024,Cross,US100_BOOK,2024-10-31T17:00:00,2024-10-31T21:00:00,Thursday,OTHER_WEEK,5.3178,1.29,1.2779999999999927,0.24032494640640728,0,0.20157862200737217,-0.04568527918781726,lab/artifacts/ea-files/passive-refusal-depth-observation-v1/valid-p2-2024/observation/events-a.csv,3405,3407
L1238,P2_2024,RC16,US30_BOOK,2024-11-01T13:30:00,2024-11-01T17:30:00,Friday,OTHER_WEEK,5.3689,3.85,3.8359999999999856,0.7144852763135812,0,0.6870693096560752,-0.1527777777777778,lab/artifacts/ea-files/passive-refusal-depth-observation-v1/valid-p2-2024/observation/events-a.csv,3412,3424
L1239,P2_2024,Pressure,US30_BOOK,2024-11-01T15:00:00,2024-11-01T19:00:00,Friday,OTHER_WEEK,5.3689,2.37,2.3559999999999857,0.4388235951498418,0,0.4483195604783662,-0.21739130434782608,lab/artifacts/ea-files/passive-refusal-depth-observation-v1/valid-p2-2024/observation/events-a.csv,3417,3425
L1240,P2_2024,Cross,US100_BOOK,2024-11-01T17:00:00,2024-11-01T21:00:00,Friday,OTHER_WEEK,5.3689,-0.12,-0.13200000000000728,-0.02458604183352405,0,-0.06333236623255917,-0.04568527918781726,lab/artifacts/ea-files/passive-refusal-depth-observation-v1/valid-p2-2024/observation/events-a.csv,3422,3426
L1241,P2_2024,RC16,US30_BOOK,2024-11-05T13:30:00,2024-11-05T17:30:00,Tuesday,OTHER_WEEK,5.6113,2.04,2.0260000000000584,0.36105715253150933,0,0.3336411858740034,-0.1527777777777778,lab/artifacts/ea-files/passive-refusal-depth-observation-v1/valid-p2-2024/observation/events-a.csv,3432,3439
L1242,P2_2024,Cross,US100_BOOK,2024-11-05T17:00:00,2024-11-05T21:00:00,Tuesday,OTHER_WEEK,5.6113,0.17,0.15799999999999273,0.028157467966423596,0,-0.01058885643261152,-0.04568527918781726,lab/artifacts/ea-files/passive-refusal-depth-observation-v1/valid-p2-2024/observation/events-a.csv,3437,3440
L1243,P2_2024,Pressure,US30_BOOK,2024-11-06T15:00:00,2024-11-06T19:00:00,Wednesday,OTHER_WEEK,5.6987,0.16,0.14600000000005822,0.025619878217849376,0,0.03511584354637375,-0.21739130434782608,lab/artifacts/ea-files/passive-refusal-depth-observation-v1/valid-p2-2024/observation/events-a.csv,3451,3458
L1244,P2_2024,Cross,US100_BOOK,2024-11-06T17:00:00,2024-11-06T21:00:00,Wednesday,OTHER_WEEK,5.6987,1.8399999999999999,1.8279999999999925,0.3207749135767794,0,0.28202858917774426,-0.04568527918781726,lab/artifacts/ea-files/passive-refusal-depth-observation-v1/valid-p2-2024/observation/events-a.csv,3456,3459
L1245,P2_2024,RC16,US30_BOOK,2024-11-07T13:30:00,2024-11-07T17:30:00,Thursday,OTHER_WEEK,5.7776,-0.52,-0.5340000000000146,-0.09242592079756554,0,-0.11984188745507152,-0.1527777777777778,lab/artifacts/ea-files/passive-refusal-depth-observation-v1/valid-p2-2024/observation/events-a.csv,3469,3477
L1246,P2_2024,RC4,US30_BOOK,2024-11-07T13:00:00,2024-11-07T19:00:00,Thursday,OTHER_WEEK,5.7776,-1.11,-1.1240000000000145,-0.19454444752146474,0,-0.2474674203740187,-0.2641509433962264,lab/artifacts/ea-files/passive-refusal-depth-observation-v1/valid-p2-2024/observation/events-a.csv,3464,3478
L1247,P2_2024,Cross,US100_BOOK,2024-11-07T17:00:00,2024-11-07T21:00:01,Thursday,OTHER_WEEK,5.7776,0.68,0.6000000000000001,0.10384934921074497,0,0.06510302481170985,-0.04568527918781726,lab/artifacts/ea-files/passive-refusal-depth-observation-v1/valid-p2-2024/observation/events-a.csv,3474,3479
L1248,P2_2024,Passive,US100_BOOK,2024-11-08T12:45:34,2024-11-08T15:45:00,Friday,OTHER_WEEK,5.7353,0.17,0.15600000000002184,0.027199972102596524,0,0.011588712937278907,-0.050314465408805034,lab/artifacts/ea-files/passive-refusal-depth-observation-v1/valid-p2-2024/observation/events-a.csv,3486,3487
L1249,P2_2024,Cross,US100_BOOK,2024-11-11T17:00:00,2024-11-11T21:00:00,Monday,STANDARD_EXPIRATION_WEEK,5.7416,-0.09,-0.10199999999997089,-0.017765082903715146,0,-0.05651140730275026,-0.04568527918781726,lab/artifacts/ea-files/passive-refusal-depth-observation-v1/valid-p2-2024/observation/events-a.csv,3492,3494
L1250,P2_2024,Passive,US100_BOOK,2024-11-12T12:22:03,2024-11-12T13:15:00,Tuesday,STANDARD_EXPIRATION_WEEK,5.7375,0.28,0.26599999999998547,0.04636165577341795,0,0.030750396608100333,-0.050314465408805034,lab/artifacts/ea-files/passive-refusal-depth-observation-v1/valid-p2-2024/observation/events-a.csv,3501,3502
L1251,P2_2024,Passive,US100_BOOK,2024-11-12T15:33:56,2024-11-12T16:15:00,Tuesday,STANDARD_EXPIRATION_WEEK,5.7481,0.08,0.06599999999998545,0.01148205493989065,0,-0.004129204225426968,-0.050314465408805034,lab/artifacts/ea-files/passive-refusal-depth-observation-v1/valid-p2-2024/observation/events-a.csv,3519,3520
L1252,P2_2024,RC16,US30_BOOK,2024-11-12T13:30:00,2024-11-12T17:30:00,Tuesday,STANDARD_EXPIRATION_WEEK,5.7481,-1.07,-1.0840000000000145,-0.1885840538612784,0,-0.2160000205187844,-0.1527777777777778,lab/artifacts/ea-files/passive-refusal-depth-observation-v1/valid-p2-2024/observation/events-a.csv,3506,3526
L1253,P2_2024,Cross,US100_BOOK,2024-11-12T17:00:00,2024-11-12T21:00:00,Tuesday,STANDARD_EXPIRATION_WEEK,5.7508,-0.55,-0.5620000000000073,-0.09772553383877153,0,-0.13647185823780664,-0.04568527918781726,lab/artifacts/ea-files/passive-refusal-depth-observation-v1/valid-p2-2024/observation/events-a.csv,3524,3527
L1254,P2_2024,Passive,US100_BOOK,2024-11-13T14:01:03,2024-11-13T15:45:00,Wednesday,STANDARD_EXPIRATION_WEEK,5.6849,1.09,1.0759999999999856,0.18927333814138958,0,0.17366207897607197,-0.050314465408805034,lab/artifacts/ea-files/passive-refusal-depth-observation-v1/valid-p2-2024/observation/events-a.csv,3534,3535
L1255,P2_2024,Cross,US100_BOOK,2024-11-13T17:00:00,2024-11-13T21:00:00,Wednesday,STANDARD_EXPIRATION_WEEK,5.728,-1.18,-1.1920000000000073,-0.20810055865921914,0,-0.24684688305825425,-0.04568527918781726,lab/artifacts/ea-files/passive-refusal-depth-observation-v1/valid-p2-2024/observation/events-a.csv,3539,3541
L1256,P2_2024,RC4,US30_BOOK,2024-11-14T13:00:00,2024-11-14T19:00:00,Thursday,STANDARD_EXPIRATION_WEEK,5.6803,1.23,1.2159999999999855,0.2140732003591334,0,0.16115022750657945,-0.2641509433962264,lab/artifacts/ea-files/passive-refusal-depth-observation-v1/valid-p2-2024/observation/events-a.csv,3546,3549
L1257,P2_2024,RC4,US30_BOOK,2024-11-15T13:00:00,2024-11-15T17:00:08,Friday,STANDARD_EXPIRATION_WEEK,5.7289,-0.72,-0.7340000000000145,-0.1281223271483207,1,-0.18104530000087465,0.7358490566037736,lab/artifacts/ea-files/passive-refusal-depth-observation-v1/valid-p2-2024/observation/events-a.csv,3554,3564
L1258,P2_2024,Cross,US100_BOOK,2024-11-15T17:00:00,2024-11-15T21:00:00,Friday,STANDARD_EXPIRATION_WEEK,5.7289,2.59,2.5779999999999927,0.4499991272321026,0,0.4112528028330675,-0.04568527918781726,lab/artifacts/ea-files/passive-refusal-depth-observation-v1/valid-p2-2024/observation/events-a.csv,3559,3572
L1259,P2_2024,Passive,US100_BOOK,2024-11-18T14:33:07,2024-11-18T14:45:00,Monday,OTHER_WEEK,5.8027,0.16,0.14599999999998545,0.0251607010529556,0,0.009549441887637981,-0.050314465408805034,lab/artifacts/ea-files/passive-refusal-depth-observation-v1/valid-p2-2024/observation/events-a.csv,3585,3586
L1260,P2_2024,Passive,US100_BOOK,2024-11-19T13:30:19,2024-11-19T13:45:00,Tuesday,OTHER_WEEK,5.8085,0.33,0.31599999999998546,0.05440303004217706,0,0.03879177087685944,-0.050314465408805034,lab/artifacts/ea-files/passive-refusal-depth-observation-v1/valid-p2-2024/observation/events-a.csv,3599,3600
L1261,P2_2024,Passive,US100_BOOK,2024-11-19T14:58:47,2024-11-19T15:30:00,Tuesday,OTHER_WEEK,5.8212,0.47,0.4559999999999854,0.07833436404864726,0,0.06272310488332963,-0.050314465408805034,lab/artifacts/ea-files/passive-refusal-depth-observation-v1/valid-p2-2024/observation/events-a.csv,3606,3607
L1262,P2_2024,Passive,US100_BOOK,2024-11-19T16:00:55,2024-11-19T16:45:00,Tuesday,OTHER_WEEK,5.8394,1.63,1.6159999999999854,0.27674076103709033,0,0.2611295018717727,-0.050314465408805034,lab/artifacts/ea-files/passive-refusal-depth-observation-v1/valid-p2-2024/observation/events-a.csv,3618,3619
L1263,P2_2024,Cross,US100_BOOK,2024-11-19T17:00:00,2024-11-19T21:00:00,Tuesday,OTHER_WEEK,5.904,2.29,2.277999999999993,0.3858401084010828,0,0.34709378400204766,-0.04568527918781726,lab/artifacts/ea-files/passive-refusal-depth-observation-v1/valid-p2-2024/observation/events-a.csv,3623,3625
L1264,P2_2024,Return,US30_BOOK,2024-11-19T16:00:00,2024-11-19T22:00:00,Tuesday,OTHER_WEEK,5.8394,3.33,3.3159999999999856,0.5678665616330419,0,0.6229593660991131,-0.38,lab/artifacts/ea-files/passive-refusal-depth-observation-v1/valid-p2-2024/observation/events-a.csv,3611,3626
L1265,P2_2024,Cross,US100_BOOK,2024-11-20T17:00:00,2024-11-20T21:00:00,Wednesday,OTHER_WEEK,6.1278,0.24,0.2279999999999927,0.03720748066190031,0,-0.0015388437371348027,-0.04568527918781726,lab/artifacts/ea-files/passive-refusal-depth-observation-v1/valid-p2-2024/observation/events-a.csv,3631,3633
L1266,P2_2024,Passive,US100_BOOK,2024-11-21T14:15:23,2024-11-21T16:45:00,Thursday,OTHER_WEEK,6.1369,0.95,0.9360000000000218,0.1525200019553882,0,0.1369087427900706,-0.050314465408805034,lab/artifacts/ea-files/passive-refusal-depth-observation-v1/valid-p2-2024/observation/events-a.csv,3645,3651
L1267,P2_2024,RC16,US30_BOOK,2024-11-21T13:30:00,2024-11-21T17:30:00,Thursday,OTHER_WEEK,6.1369,-0.6,-0.6139999999999418,-0.10005051410320225,0,-0.1274664807607082,-0.1527777777777778,lab/artifacts/ea-files/passive-refusal-depth-observation-v1/valid-p2-2024/observation/events-a.csv,3638,3657
L1268,P2_2024,Pressure,US30_BOOK,2024-11-21T15:00:00,2024-11-21T19:00:00,Thursday,OTHER_WEEK,6.1369,2.41,2.3960000000000585,0.3904251332105882,0,0.39992109853911256,-0.21739130434782608,lab/artifacts/ea-files/passive-refusal-depth-observation-v1/valid-p2-2024/observation/events-a.csv,3649,3658
L1269,P2_2024,Cross,US100_BOOK,2024-11-21T17:00:00,2024-11-21T21:00:00,Thursday,OTHER_WEEK,6.1744,-1.9,-1.9120000000000072,-0.3096657165068682,0,-0.34841204090590333,-0.04568527918781726,lab/artifacts/ea-files/passive-refusal-depth-observation-v1/valid-p2-2024/observation/events-a.csv,3655,3659
L1270,P2_2024,Cross,US100_BOOK,2024-11-22T17:00:00,2024-11-22T21:00:00,Friday,OTHER_WEEK,6.1692,0.06,0.04799999999999272,0.0077805874343501134,0,-0.030965736964685003,-0.04568527918781726,lab/artifacts/ea-files/passive-refusal-depth-observation-v1/valid-p2-2024/observation/events-a.csv,3664,3666
L1271,P2_2024,RC16,US30_BOOK,2024-11-25T13:30:00,2024-11-25T17:30:00,Monday,OTHER_WEEK,6.1711,1.94,1.926000000000058,0.3120999497658534,0,0.28468398310834747,-0.1527777777777778,lab/artifacts/ea-files/passive-refusal-depth-observation-v1/valid-p2-2024/observation/events-a.csv,3676,3684
L1272,P2_2024,RC4,US30_BOOK,2024-11-25T13:00:00,2024-11-25T19:00:00,Monday,OTHER_WEEK,6.1711,0.04,0.026000000000058206,0.004213187276183858,0,-0.048709785576370096,-0.2641509433962264,lab/artifacts/ea-files/passive-refusal-depth-observation-v1/valid-p2-2024/observation/events-a.csv,3671,3685
L1273,P2_2024,Cross,US100_BOOK,2024-11-25T17:00:00,2024-11-25T21:00:00,Monday,OTHER_WEEK,6.1711,0.91,0.8979999999999928,0.14551700669248477,0,0.10677068229344966,-0.04568527918781726,lab/artifacts/ea-files/passive-refusal-depth-observation-v1/valid-p2-2024/observation/events-a.csv,3681,3686
L1274,P2_2024,RC4,US30_BOOK,2024-11-26T13:00:00,2024-11-26T19:00:00,Tuesday,OTHER_WEEK,6.2851,-1.29,-1.3040000000000145,-0.20747482140300305,0,-0.260397794255557,-0.2641509433962264,lab/artifacts/ea-files/passive-refusal-depth-observation-v1/valid-p2-2024/observation/events-a.csv,3691,3705
L1275,P2_2024,Cross,US100_BOOK,2024-11-26T17:00:00,2024-11-26T21:00:00,Tuesday,OTHER_WEEK,6.2851,-0.14,-0.1520000000000073,-0.024184181635933763,0,-0.06293050603496889,-0.04568527918781726,lab/artifacts/ea-files/passive-refusal-depth-observation-v1/valid-p2-2024/observation/events-a.csv,3701,3706
L1276,P2_2024,Return,US30_BOOK,2024-11-26T16:00:00,2024-11-26T22:00:00,Tuesday,OTHER_WEEK,6.2851,2.15,2.1359999999999855,0.3398513945681032,0,0.3949441990341743,-0.38,lab/artifacts/ea-files/passive-refusal-depth-observation-v1/valid-p2-2024/observation/events-a.csv,3696,3707
L1277,P2_2024,Cross,US100_BOOK,2024-11-27T17:00:00,2024-11-27T21:00:00,Wednesday,OTHER_WEEK,6.3123,0.48,0.4679999999999927,0.07414096288199115,0,0.035394638482956035,-0.04568527918781726,lab/artifacts/ea-files/passive-refusal-depth-observation-v1/valid-p2-2024/observation/events-a.csv,3718,3720
L1278,P2_2024,RC16,US30_BOOK,2024-11-28T13:30:00,2024-11-28T17:30:00,Thursday,OTHER_WEEK,6.331,0.39,0.37599999999998546,0.05939030169009405,0,0.03197433503258808,-0.1527777777777778,lab/artifacts/ea-files/passive-refusal-depth-observation-v1/valid-p2-2024/observation/events-a.csv,3725,3729
L1279,P2_2024,Cross,US100_BOOK,2024-12-02T17:00:00,2024-12-02T21:00:00,Monday,OTHER_WEEK,6.346,0.55,0.5379999999999928,0.08477781279546058,0,0.046031488396425464,-0.04568527918781726,lab/artifacts/ea-files/passive-refusal-depth-observation-v1/valid-p2-2024/observation/events-a.csv,3737,3739
L1280,P2_2024,Cross,US100_BOOK,2024-12-03T17:00:00,2024-12-03T21:00:00,Tuesday,OTHER_WEEK,6.3676,0.28,0.26799999999999274,0.04208807085872114,0,0.003341746459686025,-0.04568527918781726,lab/artifacts/ea-files/passive-refusal-depth-observation-v1/valid-p2-2024/observation/events-a.csv,3744,3746
L1281,P2_2024,Passive,US100_BOOK,2024-12-04T12:50:43,2024-12-04T16:30:00,Wednesday,OTHER_WEEK,6.3783,-0.12,-0.13399999999997816,-0.021008732734424246,0,-0.03661999189974186,-0.050314465408805034,lab/artifacts/ea-files/passive-refusal-depth-observation-v1/valid-p2-2024/observation/events-a.csv,3753,3754
L1282,P2_2024,Cross,US100_BOOK,2024-12-04T17:00:00,2024-12-04T21:00:00,Wednesday,OTHER_WEEK,6.3729,-0.63,-0.6420000000000072,-0.10073906698677325,0,-0.13948539138580837,-0.04568527918781726,lab/artifacts/ea-files/passive-refusal-depth-observation-v1/valid-p2-2024/observation/events-a.csv,3758,3760
L1283,P2_2024,Cross,US100_BOOK,2024-12-05T17:00:00,2024-12-05T21:00:00,Thursday,OTHER_WEEK,6.3472,0.15,0.1379999999999927,0.021741870431055067,0,-0.01700445396798005,-0.04568527918781726,lab/artifacts/ea-files/passive-refusal-depth-observation-v1/valid-p2-2024/observation/events-a.csv,3770,3772
L1284,P2_2024,Return,US30_BOOK,2024-12-05T16:00:00,2024-12-05T22:00:00,Thursday,OTHER_WEEK,6.3472,-1.3,-1.3140000000000145,-0.20702041845223318,0,-0.15192761398616203,-0.38,lab/artifacts/ea-files/passive-refusal-depth-observation-v1/valid-p2-2024/observation/events-a.csv,3765,3773
L1285,P2_2024,Cross,US100_BOOK,2024-12-06T17:00:00,2024-12-06T21:00:00,Friday,OTHER_WEEK,6.3002,0.49,0.4779999999999927,0.07587060728230734,0,0.03712428288327222,-0.04568527918781726,lab/artifacts/ea-files/passive-refusal-depth-observation-v1/valid-p2-2024/observation/events-a.csv,3784,3786
L1286,P2_2024,Passive,US100_BOOK,2024-12-09T12:45:40,2024-12-09T15:00:00,Monday,OTHER_WEEK,6.3193,0.11,0.09599999999998544,0.015191556026772813,0,-0.00041970313854480454,-0.050314465408805034,lab/artifacts/ea-files/passive-refusal-depth-observation-v1/valid-p2-2024/observation/events-a.csv,3793,3799
L1287,P2_2024,RC16,US30_BOOK,2024-12-09T13:30:00,2024-12-09T17:30:00,Monday,OTHER_WEEK,6.3193,-0.01,-0.02400000000001455,-0.003797889006696082,0,-0.031213855664202057,-0.1527777777777778,lab/artifacts/ea-files/passive-refusal-depth-observation-v1/valid-p2-2024/observation/events-a.csv,3797,3805
L1288,P2_2024,Cross,US100_BOOK,2024-12-09T17:00:00,2024-12-09T21:00:00,Monday,OTHER_WEEK,6.3232,-0.95,-0.9619999999999709,-0.15213815789473223,0,-0.19088448229376734,-0.04568527918781726,lab/artifacts/ea-files/passive-refusal-depth-observation-v1/valid-p2-2024/observation/events-a.csv,3803,3806
L1289,P2_2024,Passive,US100_BOOK,2024-12-10T13:30:59,2024-12-10T16:00:00,Tuesday,OTHER_WEEK,6.2837,0.04,0.02600000000002183,0.004137689577799995,0,-0.011473569587517623,-0.050314465408805034,lab/artifacts/ea-files/passive-refusal-depth-observation-v1/valid-p2-2024/observation/events-a.csv,3813,3814
L1290,P2_2024,Cross,US100_BOOK,2024-12-10T17:00:00,2024-12-10T21:00:00,Tuesday,OTHER_WEEK,6.2848,-0.95,-0.9620000000000072,-0.153067718940938,0,-0.19181404333997312,-0.04568527918781726,lab/artifacts/ea-files/passive-refusal-depth-observation-v1/valid-p2-2024/observation/events-a.csv,3823,3825
L1291,P2_2024,Return,US30_BOOK,2024-12-10T16:00:00,2024-12-10T22:00:00,Tuesday,OTHER_WEEK,6.2848,0.96,0.9459999999999854,0.15052189409368405,0,0.2056146985597552,-0.38,lab/artifacts/ea-files/passive-refusal-depth-observation-v1/valid-p2-2024/observation/events-a.csv,3818,3826
L1292,P2_2024,Passive,US100_BOOK,2024-12-11T15:46:09,2024-12-11T19:45:00,Wednesday,OTHER_WEEK,6.2841,-2.58,-2.593999999999978,-0.4127878296016897,0,-0.42839908876700733,-0.050314465408805034,lab/artifacts/ea-files/passive-refusal-depth-observation-v1/valid-p2-2024/observation/events-a.csv,3833,3839
L1293,P2_2024,Cross,US100_BOOK,2024-12-11T17:00:00,2024-12-11T21:00:00,Wednesday,OTHER_WEEK,6.2841,0.95,0.9379999999999927,0.14926560684903054,0,0.11051928244999543,-0.04568527918781726,lab/artifacts/ea-files/passive-refusal-depth-observation-v1/valid-p2-2024/observation/events-a.csv,3837,3840
L1294,P2_2024,RC16,US30_BOOK,2024-12-12T13:30:00,2024-12-12T17:30:00,Thursday,OTHER_WEEK,6.2179,0.38,0.36599999999998545,0.05886231685938748,0,0.03144635020188151,-0.1527777777777778,lab/artifacts/ea-files/passive-refusal-depth-observation-v1/valid-p2-2024/observation/events-a.csv,3845,3853
L1295,P2_2024,Passive,US100_BOOK,2024-12-12T15:48:06,2024-12-12T17:45:00,Thursday,OTHER_WEEK,6.2179,0.16,0.14599999999998545,0.023480596342814367,0,0.007869337177496749,-0.050314465408805034,lab/artifacts/ea-files/passive-refusal-depth-observation-v1/valid-p2-2024/observation/events-a.csv,3852,3854
L1296,P2_2024,Cross,US100_BOOK,2024-12-13T17:00:00,2024-12-13T21:00:00,Friday,OTHER_WEEK,6.2384,-1.08,-1.0920000000000074,-0.1750448833034123,0,-0.21379120770244742,-0.04568527918781726,lab/artifacts/ea-files/passive-refusal-depth-observation-v1/valid-p2-2024/observation/events-a.csv,3864,3866
L1297,P2_2024,Return,US30_BOOK,2024-12-13T16:00:00,2024-12-13T22:00:00,Friday,OTHER_WEEK,6.2384,-1.18,-1.1939999999999418,-0.1913952295460281,0,-0.13630242507995696,-0.38,lab/artifacts/ea-files/passive-refusal-depth-observation-v1/valid-p2-2024/observation/events-a.csv,3859,3867
L1298,P2_2024,Passive,US100_BOOK,2024-12-16T12:54:18,2024-12-16T16:45:00,Monday,STANDARD_EXPIRATION_WEEK,6.1469,-0.51,-0.5239999999999781,-0.08524622167270952,0,-0.10085748083802715,-0.050314465408805034,lab/artifacts/ea-files/passive-refusal-depth-observation-v1/valid-p2-2024/observation/events-a.csv,3874,3880
L1299,P2_2024,RC16,US30_BOOK,2024-12-16T13:30:00,2024-12-16T17:30:00,Monday,STANDARD_EXPIRATION_WEEK,6.1469,0.01,-0.004000000000014553,-0.0006507345165879635,0,-0.028066701174093937,-0.1527777777777778,lab/artifacts/ea-files/passive-refusal-depth-observation-v1/valid-p2-2024/observation/events-a.csv,3878,3886
L1300,P2_2024,Cross,US100_BOOK,2024-12-16T17:00:00,2024-12-16T21:00:00,Monday,STANDARD_EXPIRATION_WEEK,6.126,1.45,1.4379999999999926,0.23473718576558808,0,0.19599086136655297,-0.04568527918781726,lab/artifacts/ea-files/passive-refusal-depth-observation-v1/valid-p2-2024/observation/events-a.csv,3884,3887
L1301,P2_2024,Passive,US100_BOOK,2024-12-17T13:18:57,2024-12-17T14:15:00,Tuesday,STANDARD_EXPIRATION_WEEK,6.1833,0.46,0.44599999999998546,0.0721297688936305,0,0.056518509728312884,-0.050314465408805034,lab/artifacts/ea-files/passive-refusal-depth-observation-v1/valid-p2-2024/observation/events-a.csv,3894,3895
L1302,P2_2024,Passive,US100_BOOK,2024-12-17T15:43:00,2024-12-17T18:15:00,Tuesday,STANDARD_EXPIRATION_WEEK,6.2012,0.23,0.21599999999998545,0.034831968006190005,0,0.01922070884087239,-0.050314465408805034,lab/artifacts/ea-files/passive-refusal-depth-observation-v1/valid-p2-2024/observation/events-a.csv,3906,3915
L1303,P2_2024,Pressure,US30_BOOK,2024-12-17T15:00:00,2024-12-17T19:00:00,Tuesday,STANDARD_EXPIRATION_WEEK,6.2012,0.23,0.21599999999998545,0.034831968006190005,0,0.04432793333471438,-0.21739130434782608,lab/artifacts/ea-files/passive-refusal-depth-observation-v1/valid-p2-2024/observation/events-a.csv,3899,3916
L1304,P2_2024,Return,US30_BOOK,2024-12-17T16:00:00,2024-12-17T22:00:00,Tuesday,STANDARD_EXPIRATION_WEEK,6.2012,-1.6800000000000002,-1.6940000000000146,-0.27317293427078865,0,-0.2180801298047175,-0.38,lab/artifacts/ea-files/passive-refusal-depth-observation-v1/valid-p2-2024/observation/events-a.csv,3910,3917
L1305,P2_2024,RC16,US30_BOOK,2024-12-18T13:30:00,2024-12-18T17:30:00,Wednesday,STANDARD_EXPIRATION_WEEK,6.1507,0.48,0.4659999999999854,0.07576373420911205,0,0.04834776755160607,-0.1527777777777778,lab/artifacts/ea-files/passive-refusal-depth-observation-v1/valid-p2-2024/observation/events-a.csv,3922,3935
L1306,P2_2024,Pressure,US30_BOOK,2024-12-18T15:00:00,2024-12-18T19:00:00,Wednesday,STANDARD_EXPIRATION_WEEK,6.1507,0.09,0.07599999999998544,0.01235631716714934,0,0.021852282495673715,-0.21739130434782608,lab/artifacts/ea-files/passive-refusal-depth-observation-v1/valid-p2-2024/observation/events-a.csv,3927,3936
L1307,P2_2024,Passive,US100_BOOK,2024-12-18T16:00:05,2024-12-18T19:00:00,Wednesday,STANDARD_EXPIRATION_WEEK,6.1507,0.23,0.21599999999998545,0.03511795405400775,0,0.019506694888690133,-0.050314465408805034,lab/artifacts/ea-files/passive-refusal-depth-observation-v1/valid-p2-2024/observation/events-a.csv,3934,3937
L1308,P2_2024,Pressure,US30_BOOK,2024-12-19T15:00:00,2024-12-19T19:00:00,Thursday,STANDARD_EXPIRATION_WEEK,6.181,-0.98,-0.9940000000000145,-0.16081540203850744,0,-0.15131943670998307,-0.21739130434782608,lab/artifacts/ea-files/passive-refusal-depth-observation-v1/valid-p2-2024/observation/events-a.csv,3942,3949
L1309,P2_2024,Cross,US100_BOOK,2024-12-19T17:00:00,2024-12-19T21:00:00,Thursday,STANDARD_EXPIRATION_WEEK,6.181,-0.19,-0.20200000000000728,-0.03268079598770543,0,-0.07142712038674054,-0.04568527918781726,lab/artifacts/ea-files/passive-refusal-depth-observation-v1/valid-p2-2024/observation/events-a.csv,3947,3950
L1310,P2_2024,Passive,US100_BOOK,2024-12-20T12:20:09,2024-12-20T15:00:00,Friday,STANDARD_EXPIRATION_WEEK,6.1332,0.01,-0.003999999999978172,-0.0006521880910418985,0,-0.016263447256359517,-0.050314465408805034,lab/artifacts/ea-files/passive-refusal-depth-observation-v1/valid-p2-2024/observation/events-a.csv,3957,3958
L1311,P2_2024,Cross,US100_BOOK,2024-12-20T17:00:00,2024-12-20T17:32:55,Friday,STANDARD_EXPIRATION_WEEK,6.133,-3.07,-3.082000000000007,-0.5025273112669179,1,-0.541273635665953,0.9543147208121827,lab/artifacts/ea-files/passive-refusal-depth-observation-v1/valid-p2-2024/observation/events-a.csv,3962,3964
L1312,P2_2024,Pressure,US30_BOOK,2024-12-23T15:00:00,2024-12-23T19:00:00,Monday,OTHER_WEEK,6.0097,0.3,0.28599999999998543,0.04758972993660007,0,0.05708569526512445,-0.21739130434782608,lab/artifacts/ea-files/passive-refusal-depth-observation-v1/valid-p2-2024/observation/events-a.csv,3969,3981
L1313,P2_2024,Cross,US100_BOOK,2024-12-23T17:00:02,2024-12-23T21:00:00,Monday,OTHER_WEEK,6.0097,1.11,1.0979999999999928,0.18270462751884334,0,0.14395830311980823,-0.04568527918781726,lab/artifacts/ea-files/passive-refusal-depth-observation-v1/valid-p2-2024/observation/events-a.csv,3979,3982
L1314,P2_2024,Return,US30_BOOK,2024-12-23T16:00:00,2024-12-23T22:00:00,Monday,OTHER_WEEK,6.0097,1.02,1.0059999999999856,0.16739604306371128,0,0.22248884752978243,-0.38,lab/artifacts/ea-files/passive-refusal-depth-observation-v1/valid-p2-2024/observation/events-a.csv,3974,3983
L1315,P2_2024,RC4,US30_BOOK,2024-12-24T13:00:00,2024-12-24T17:08:25,Tuesday,OTHER_WEEK,6.1053,-0.76,-0.7740000000000146,-0.12677509704683057,1,-0.17969806989938453,0.7358490566037736,lab/artifacts/ea-files/passive-refusal-depth-observation-v1/valid-p2-2024/observation/events-a.csv,3988,3996
L1316,P2_2024,Cross,US100_BOOK,2024-12-26T17:00:00,2024-12-26T21:00:00,Thursday,OTHER_WEEK,6.0744,-0.61,-0.6219999999999709,-0.10239694455418986,0,-0.141143268953225,-0.04568527918781726,lab/artifacts/ea-files/passive-refusal-depth-observation-v1/valid-p2-2024/observation/events-a.csv,4007,4009
L1317,P2_2024,RC4,US30_BOOK,2024-12-27T13:00:00,2024-12-27T19:00:00,Friday,OTHER_WEEK,6.0495,4.21,4.196000000000058,0.6936110422349051,0,0.6406880693823511,-0.2641509433962264,lab/artifacts/ea-files/passive-refusal-depth-observation-v1/valid-p2-2024/observation/events-a.csv,4014,4023
L1318,P2_2024,Cross,US100_BOOK,2024-12-27T17:00:00,2024-12-27T21:00:00,Friday,OTHER_WEEK,6.0495,0.34,0.32799999999999274,0.05421935697164935,0,0.015473032572614231,-0.04568527918781726,lab/artifacts/ea-files/passive-refusal-depth-observation-v1/valid-p2-2024/observation/events-a.csv,4021,4024
L1319,P2_2024,RC16,US30_BOOK,2024-12-30T13:30:00,2024-12-30T14:49:19,Monday,OTHER_WEEK,6.2304,-3.12,-3.1339999999999417,-0.5030174627632161,1,-0.5304334294207221,0.8472222222222222,lab/artifacts/ea-files/passive-refusal-depth-observation-v1/valid-p2-2024/observation/events-a.csv,4029,4037
L1320,P2_2024,Passive,US100_BOOK,2024-12-30T14:45:04,2024-12-30T18:45:00,Monday,OTHER_WEEK,6.2304,-0.44,-0.45400000000001456,-0.07286851566512817,0,-0.08847977483044579,-0.050314465408805034,lab/artifacts/ea-files/passive-refusal-depth-observation-v1/valid-p2-2024/observation/events-a.csv,4036,4046
L1321,P2_2024,Pressure,US30_BOOK,2024-12-30T15:00:00,2024-12-30T19:00:00,Monday,OTHER_WEEK,6.1051,0.54,0.5260000000000582,0.0861574748980456,0,0.09565344022656996,-0.21739130434782608,lab/artifacts/ea-files/passive-refusal-depth-observation-v1/valid-p2-2024/observation/events-a.csv,4041,4047
L1322,P2_2024,Passive,US100_BOOK,2024-12-31T13:00:14,2024-12-31T14:30:00,Tuesday,OTHER_WEEK,6.108,-0.11,-0.12400000000001456,-0.02030124426981247,0,-0.03591250343513009,-0.050314465408805034,lab/artifacts/ea-files/passive-refusal-depth-observation-v1/valid-p2-2024/observation/events-a.csv,4054,4055
L1323,P2_2024,Cross,US100_BOOK,2024-12-31T17:00:00,2024-12-31T21:00:00,Tuesday,OTHER_WEEK,6.103,2.1,2.087999999999993,0.34212682287399526,0,0.3033804984749601,-0.04568527918781726,lab/artifacts/ea-files/passive-refusal-depth-observation-v1/valid-p2-2024/observation/events-a.csv,4059,4061
L1324,P3_2025,Pressure,US30_BOOK,2025-01-02T15:00:00,2025-01-02T16:40:04,Thursday,OTHER_WEEK,4.0,-2.02,-2.0340000000000145,-0.5085000000000036,1,-0.4926149648631587,0.65625,lab/artifacts/ea-files/passive-refusal-depth-observation-v1/valid-p3-2025/observation/events-a.csv,18,20
L1325,P3_2025,RC16,US30_BOOK,2025-01-02T13:30:00,2025-01-02T17:30:00,Thursday,OTHER_WEEK,4.0,-1.32,-1.3340000000000145,-0.3335000000000036,0,-0.3918614189874323,-0.08860759493670886,lab/artifacts/ea-files/passive-refusal-depth-observation-v1/valid-p3-2025/observation/events-a.csv,13,25
L1326,P3_2025,RC4,US30_BOOK,2025-01-02T13:00:00,2025-01-02T17:31:09,Thursday,OTHER_WEEK,4.0,-2.0,-2.0140000000000144,-0.5035000000000036,1,-0.5653834015987103,0.7058823529411764,lab/artifacts/ea-files/passive-refusal-depth-observation-v1/valid-p3-2025/observation/events-a.csv,8,26
L1327,P3_2025,RC16,US30_BOOK,2025-01-03T13:30:00,2025-01-03T17:30:00,Friday,OTHER_WEEK,3.7847,1.04,1.0259999999999856,0.2710914999867851,0,0.21273008099935642,-0.08860759493670886,lab/artifacts/ea-files/passive-refusal-depth-observation-v1/valid-p3-2025/observation/events-a.csv,31,38
L1328,P3_2025,Cross,US100_BOOK,2025-01-03T17:00:00,2025-01-03T21:00:00,Friday,OTHER_WEEK,3.7847,1.23,1.2179999999999926,0.32182207308372995,0,0.2919064377461896,-0.03626943005181347,lab/artifacts/ea-files/passive-refusal-depth-observation-v1/valid-p3-2025/observation/events-a.csv,36,39
L1329,P3_2025,Passive,US100_BOOK,2025-01-06T12:18:09,2025-01-06T16:15:00,Monday,OTHER_WEEK,3.8745,-0.59,-0.6039999999999781,-0.15589108272034538,0,-0.15769244465944052,-0.07692307692307693,lab/artifacts/ea-files/passive-refusal-depth-observation-v1/valid-p3-2025/observation/events-a.csv,46,52
L1330,P3_2025,Pressure,US30_BOOK,2025-01-06T15:00:00,2025-01-06T19:00:00,Monday,OTHER_WEEK,3.856,2.17,2.1559999999999855,0.5591286307053904,0,0.5750136658422353,-0.34375,lab/artifacts/ea-files/passive-refusal-depth-observation-v1/valid-p3-2025/observation/events-a.csv,50,58
L1331,P3_2025,Cross,US100_BOOK,2025-01-06T17:00:00,2025-01-06T21:00:00,Monday,OTHER_WEEK,3.8503,-1.1400000000000001,-1.1520000000000075,-0.29919746513258905,0,-0.3291131004701294,-0.03626943005181347,lab/artifacts/ea-files/passive-refusal-depth-observation-v1/valid-p3-2025/observation/events-a.csv,56,59
L1332,P3_2025,RC16,US30_BOOK,2025-01-07T13:30:00,2025-01-07T17:30:00,Tuesday,OTHER_WEEK,3.8905,0.2,0.18599999999998545,0.04780876494023531,0,-0.01055265404719339,-0.08860759493670886,lab/artifacts/ea-files/passive-refusal-depth-observation-v1/valid-p3-2025/observation/events-a.csv,64,71
L1333,P3_2025,Cross,US100_BOOK,2025-01-07T17:00:00,2025-01-07T21:00:00,Tuesday,OTHER_WEEK,3.8905,2.59,2.5779999999999927,0.6626397635265372,0,0.6327241281889968,-0.03626943005181347,lab/artifacts/ea-files/passive-refusal-depth-observation-v1/valid-p3-2025/observation/events-a.csv,69,72
L1334,P3_2025,RC16,US30_BOOK,2025-01-08T13:30:00,2025-01-08T14:31:43,Wednesday,OTHER_WEEK,4.001,-2.0,-2.0140000000000144,-0.5033741564608883,1,-0.5617355754483171,0.9113924050632911,lab/artifacts/ea-files/passive-refusal-depth-observation-v1/valid-p3-2025/observation/events-a.csv,77,85
L1335,P3_2025,Passive,US100_BOOK,2025-01-08T14:15:37,2025-01-08T16:45:00,Wednesday,OTHER_WEEK,3.9576,0.54,0.5259999999999855,0.13290883363654374,0,0.1311074716974486,-0.07692307692307693,lab/artifacts/ea-files/passive-refusal-depth-observation-v1/valid-p3-2025/observation/events-a.csv,84,94
L1336,P3_2025,Pressure,US30_BOOK,2025-01-08T15:00:00,2025-01-08T19:00:00,Wednesday,OTHER_WEEK,3.9084,-1.24,-1.2540000000000144,-0.3208474055879681,0,-0.3049623704511232,-0.34375,lab/artifacts/ea-files/passive-refusal-depth-observation-v1/valid-p3-2025/observation/events-a.csv,89,100
L1337,P3_2025,Cross,US100_BOOK,2025-01-08T17:00:00,2025-01-08T21:00:00,Wednesday,OTHER_WEEK,3.9415,-0.2,-0.2120000000000073,-0.053786629455792795,0,-0.08370226479333315,-0.03626943005181347,lab/artifacts/ea-files/passive-refusal-depth-observation-v1/valid-p3-2025/observation/events-a.csv,98,101
L1338,P3_2025,RC4,US30_BOOK,2025-01-09T13:00:00,2025-01-10T03:00:00,Thursday,OTHER_WEEK,3.8829,-1.8199999999999998,-1.836000000000058,-0.4728424631074862,0,-0.5347258647061929,-0.29411764705882354,lab/artifacts/ea-files/passive-refusal-depth-observation-v1/valid-p3-2025/observation/events-a.csv,106,110
L1339,P3_2025,Return,US30_BOOK,2025-01-10T16:00:00,2025-01-10T17:00:17,Friday,OTHER_WEEK,3.8094,-1.9300000000000002,-1.943999999999942,-0.5103165852890067,1,-0.6368941406531782,0.6730769230769231,lab/artifacts/ea-files/passive-refusal-depth-observation-v1/valid-p3-2025/observation/events-a.csv,126,131
L1340,P3_2025,Passive,US100_BOOK,2025-01-10T15:47:16,2025-01-10T17:06:21,Friday,OTHER_WEEK,3.8094,-1.9100000000000001,-1.9240000000000146,-0.5050664146584802,1,-0.5068677765975754,0.9230769230769231,lab/artifacts/ea-files/passive-refusal-depth-observation-v1/valid-p3-2025/observation/events-a.csv,122,132
L1341,P3_2025,Passive,US100_BOOK,2025-01-13T12:18:02,2025-01-13T14:15:00,Monday,STANDARD_EXPIRATION_WEEK,3.6547,0.14,0.12599999999998546,0.03447615399348386,0,0.03267479205438872,-0.07692307692307693,lab/artifacts/ea-files/passive-refusal-depth-observation-v1/valid-p3-2025/observation/events-a.csv,139,140
L1342,P3_2025,Cross,US100_BOOK,2025-01-13T17:00:00,2025-01-13T21:00:00,Monday,STANDARD_EXPIRATION_WEEK,3.6598,-0.92,-0.9320000000000073,-0.25465872452046756,0,-0.28457435985800794,-0.03626943005181347,lab/artifacts/ea-files/passive-refusal-depth-observation-v1/valid-p3-2025/observation/events-a.csv,144,146
L1343,P3_2025,RC16,US30_BOOK,2025-01-14T13:30:00,2025-01-14T17:30:00,Tuesday,STANDARD_EXPIRATION_WEEK,3.6225,0.23,0.21600000000005823,0.05962732919256266,0,0.0012659102051339605,-0.08860759493670886,lab/artifacts/ea-files/passive-refusal-depth-observation-v1/valid-p3-2025/observation/events-a.csv,156,172
L1344,P3_2025,RC4,US30_BOOK,2025-01-14T13:00:00,2025-01-14T18:36:08,Tuesday,STANDARD_EXPIRATION_WEEK,3.6225,-1.81,-1.823999999999942,-0.503519668737044,1,-0.5654030703357507,0.7058823529411764,lab/artifacts/ea-files/passive-refusal-depth-observation-v1/valid-p3-2025/observation/events-a.csv,151,173
L1345,P3_2025,RC16,US30_BOOK,2025-01-15T13:30:00,2025-01-15T17:30:00,Wednesday,STANDARD_EXPIRATION_WEEK,3.5582,6.01,5.995999999999985,1.6851216907425062,0,1.6267602717550775,-0.08860759493670886,lab/artifacts/ea-files/passive-refusal-depth-observation-v1/valid-p3-2025/observation/events-a.csv,183,195
L1346,P3_2025,Passive,US100_BOOK,2025-01-15T15:45:00,2025-01-15T18:45:00,Wednesday,STANDARD_EXPIRATION_WEEK,3.5582,0.25,0.23599999999998544,0.06632567028272314,0,0.06452430834362799,-0.07692307692307693,lab/artifacts/ea-files/passive-refusal-depth-observation-v1/valid-p3-2025/observation/events-a.csv,190,196
L1347,P3_2025,RC4,US30_BOOK,2025-01-15T13:00:00,2025-01-15T19:00:00,Wednesday,STANDARD_EXPIRATION_WEEK,3.5582,4.83,4.815999999999986,1.3534933393288702,0,1.2916099377301635,-0.29411764705882354,lab/artifacts/ea-files/passive-refusal-depth-observation-v1/valid-p3-2025/observation/events-a.csv,178,197
L1348,P3_2025,Cross,US100_BOOK,2025-01-16T17:00:00,2025-01-16T21:00:00,Thursday,STANDARD_EXPIRATION_WEEK,4.0001,0.86,0.8479999999999928,0.21199470013249488,0,0.18207906479495453,-0.03626943005181347,lab/artifacts/ea-files/passive-refusal-depth-observation-v1/valid-p3-2025/observation/events-a.csv,207,209
L1349,P3_2025,Return,US30_BOOK,2025-01-16T16:00:00,2025-01-16T22:00:00,Thursday,STANDARD_EXPIRATION_WEEK,4.0001,0.94,0.9259999999999854,0.23149421264468023,0,0.10491665728050872,-0.3269230769230769,lab/artifacts/ea-files/passive-refusal-depth-observation-v1/valid-p3-2025/observation/events-a.csv,202,210
L1350,P3_2025,Passive,US100_BOOK,2025-01-17T15:30:02,2025-01-17T16:27:56,Friday,STANDARD_EXPIRATION_WEEK,4.071,-2.04,-2.053999999999978,-0.5045443380004859,1,-0.5063456999395811,0.9230769230769231,lab/artifacts/ea-files/passive-refusal-depth-observation-v1/valid-p3-2025/observation/events-a.csv,222,223
L1351,P3_2025,RC4,US30_BOOK,2025-01-17T13:00:00,2025-01-17T19:00:00,Friday,STANDARD_EXPIRATION_WEEK,4.071,2.95,2.9360000000000586,0.7211987226725765,0,0.6593153210738698,-0.29411764705882354,lab/artifacts/ea-files/passive-refusal-depth-observation-v1/valid-p3-2025/observation/events-a.csv,215,230
L1352,P3_2025,Cross,US100_BOOK,2025-01-17T17:00:00,2025-01-17T21:00:00,Friday,STANDARD_EXPIRATION_WEEK,3.9889,-1.27,-1.2820000000000074,-0.3213918624182124,0,-0.35130749775575276,-0.03626943005181347,lab/artifacts/ea-files/passive-refusal-depth-observation-v1/valid-p3-2025/observation/events-a.csv,228,231
L1353,P3_2025,RC4,US30_BOOK,2025-01-20T13:00:00,2025-01-20T16:26:52,Monday,OTHER_WEEK,4.055,-2.04,-2.0540000000000145,-0.5065351418002502,1,-0.5684185433989568,0.7058823529411764,lab/artifacts/ea-files/passive-refusal-depth-observation-v1/valid-p3-2025/observation/events-a.csv,236,244
L1354,P3_2025,RC16,US30_BOOK,2025-01-20T13:30:00,2025-01-20T17:30:00,Monday,OTHER_WEEK,4.055,0.96,0.9459999999999854,0.23329223181257347,0,0.17493081282514478,-0.08860759493670886,lab/artifacts/ea-files/passive-refusal-depth-observation-v1/valid-p3-2025/observation/events-a.csv,241,246
L1355,P3_2025,RC16,US30_BOOK,2025-01-21T13:30:00,2025-01-21T17:30:00,Tuesday,OTHER_WEEK,4.0107,1.7,1.6859999999999855,0.42037549554940173,0,0.36201407656197304,-0.08860759493670886,lab/artifacts/ea-files/passive-refusal-depth-observation-v1/valid-p3-2025/observation/events-a.csv,251,263
L1356,P3_2025,Pressure,US30_BOOK,2025-01-21T15:00:00,2025-01-21T19:00:00,Tuesday,OTHER_WEEK,4.0107,2.4,2.3859999999999855,0.5949086194429863,0,0.6107936545798313,-0.34375,lab/artifacts/ea-files/passive-refusal-depth-observation-v1/valid-p3-2025/observation/events-a.csv,256,264
L1357,P3_2025,Cross,US100_BOOK,2025-01-21T17:00:00,2025-01-21T21:00:00,Tuesday,OTHER_WEEK,4.0107,-1.23,-1.2420000000000073,-0.30967162839404777,0,-0.33958726373158815,-0.03626943005181347,lab/artifacts/ea-files/passive-refusal-depth-observation-v1/valid-p3-2025/observation/events-a.csv,261,265
L1358,P3_2025,RC16,US30_BOOK,2025-01-22T13:30:00,2025-01-22T17:30:00,Wednesday,OTHER_WEEK,4.1239,0.47,0.4559999999999854,0.11057494119643672,0,0.052213522209008024,-0.08860759493670886,lab/artifacts/ea-files/passive-refusal-depth-observation-v1/valid-p3-2025/observation/events-a.csv,275,282
L1359,P3_2025,RC4,US30_BOOK,2025-01-22T13:00:00,2025-01-22T19:00:00,Wednesday,OTHER_WEEK,4.1239,-0.48,-0.49400000000001454,-0.11978951962948048,0,-0.18167292122818718,-0.29411764705882354,lab/artifacts/ea-files/passive-refusal-depth-observation-v1/valid-p3-2025/observation/events-a.csv,270,283
L1360,P3_2025,Cross,US100_BOOK,2025-01-22T17:00:00,2025-01-22T21:00:00,Wednesday,OTHER_WEEK,4.1239,0.12,0.10799999999999271,0.02618880186231303,0,-0.003726833475227325,-0.03626943005181347,lab/artifacts/ea-files/passive-refusal-depth-observation-v1/valid-p3-2025/observation/events-a.csv,280,284
L1361,P3_2025,RC16,US30_BOOK,2025-01-23T13:30:00,2025-01-23T17:30:00,Thursday,OTHER_WEEK,4.1267,0.32,0.3060000000000582,0.07415125887514437,0,0.015789839887715672,-0.08860759493670886,lab/artifacts/ea-files/passive-refusal-depth-observation-v1/valid-p3-2025/observation/events-a.csv,289,296
L1362,P3_2025,Cross,US100_BOOK,2025-01-23T17:00:00,2025-01-23T21:00:00,Thursday,OTHER_WEEK,4.1267,-0.58,-0.5920000000000072,-0.1434560302420838,0,-0.17337166557962416,-0.03626943005181347,lab/artifacts/ea-files/passive-refusal-depth-observation-v1/valid-p3-2025/observation/events-a.csv,294,297
L1363,P3_2025,Cross,US100_BOOK,2025-01-24T17:00:00,2025-01-24T21:00:00,Friday,OTHER_WEEK,4.1153,-1.9100000000000001,-1.9220000000000075,-0.4670376400262453,0,-0.4969532753637857,-0.03626943005181347,lab/artifacts/ea-files/passive-refusal-depth-observation-v1/valid-p3-2025/observation/events-a.csv,302,304
L1364,P3_2025,Passive,US100_BOOK,2025-01-27T12:15:56,2025-01-27T12:50:18,Monday,OTHER_WEEK,4.0384,-2.01,-2.0240000000000142,-0.5011885895404156,1,-0.5029899514795108,0.9230769230769231,lab/artifacts/ea-files/passive-refusal-depth-observation-v1/valid-p3-2025/observation/events-a.csv,311,312
L1365,P3_2025,Passive,US100_BOOK,2025-01-27T13:00:20,2025-01-27T15:15:00,Monday,OTHER_WEEK,3.9574,2.6,2.5859999999999856,0.6534593419922136,0,0.6516579800531184,-0.07692307692307693,lab/artifacts/ea-files/passive-refusal-depth-observation-v1/valid-p3-2025/observation/events-a.csv,318,319
L1366,P3_2025,Passive,US100_BOOK,2025-01-27T15:47:02,2025-01-27T17:28:44,Monday,OTHER_WEEK,4.0609,-2.04,-2.053999999999978,-0.5057992070723184,1,-0.5076005690114136,0.9230769230769231,lab/artifacts/ea-files/passive-refusal-depth-observation-v1/valid-p3-2025/observation/events-a.csv,325,331
L1367,P3_2025,Cross,US100_BOOK,2025-01-27T17:00:00,2025-01-27T21:00:00,Monday,OTHER_WEEK,4.01,-1.8199999999999998,-1.8320000000000072,-0.45685785536159784,0,-0.4867734906991382,-0.03626943005181347,lab/artifacts/ea-files/passive-refusal-depth-observation-v1/valid-p3-2025/observation/events-a.csv,329,332
L1368,P3_2025,RC4,US30_BOOK,2025-01-28T13:00:00,2025-01-28T17:49:01,Tuesday,OTHER_WEEK,3.9054,-1.96,-1.9740000000000144,-0.5054539867875286,1,-0.5673373883862354,0.7058823529411764,lab/artifacts/ea-files/passive-refusal-depth-observation-v1/valid-p3-2025/observation/events-a.csv,337,345
L1369,P3_2025,Return,US30_BOOK,2025-01-28T16:00:00,2025-01-28T22:00:00,Tuesday,OTHER_WEEK,3.9054,2.01,1.9959999999999853,0.511087212577453,0,0.38450965721328156,-0.3269230769230769,lab/artifacts/ea-files/passive-refusal-depth-observation-v1/valid-p3-2025/observation/events-a.csv,342,346
L1370,P3_2025,RC16,US30_BOOK,2025-01-29T13:30:00,2025-01-29T17:30:00,Wednesday,OTHER_WEEK,3.9063,0.56,0.5459999999999855,0.1397742108900969,0,0.0814127919026682,-0.08860759493670886,lab/artifacts/ea-files/passive-refusal-depth-observation-v1/valid-p3-2025/observation/events-a.csv,351,358
L1371,P3_2025,Cross,US100_BOOK,2025-01-29T17:00:00,2025-01-29T21:00:00,Wednesday,OTHER_WEEK,3.9063,0.52,0.5079999999999928,0.13004633540690494,0,0.10013070006936459,-0.03626943005181347,lab/artifacts/ea-files/passive-refusal-depth-observation-v1/valid-p3-2025/observation/events-a.csv,356,359
L1372,P3_2025,RC16,US30_BOOK,2025-01-30T13:30:00,2025-01-30T14:01:01,Thursday,OTHER_WEEK,3.9485,-1.98,-1.9940000000000144,-0.5050018994554931,1,-0.5633633184429219,0.9113924050632911,lab/artifacts/ea-files/passive-refusal-depth-observation-v1/valid-p3-2025/observation/events-a.csv,369,371
L1373,P3_2025,RC4,US30_BOOK,2025-01-30T13:00:00,2025-01-30T14:01:28,Thursday,OTHER_WEEK,3.9485,-1.99,-2.0040000000000147,-0.5075345067747282,1,-0.569417908373435,0.7058823529411764,lab/artifacts/ea-files/passive-refusal-depth-observation-v1/valid-p3-2025/observation/events-a.csv,364,372
L1374,P3_2025,Cross,US100_BOOK,2025-01-30T17:00:00,2025-01-30T21:00:00,Thursday,OTHER_WEEK,3.7886,0.65,0.6379999999999928,0.16839993665205955,0,0.1384843013145192,-0.03626943005181347,lab/artifacts/ea-files/passive-refusal-depth-observation-v1/valid-p3-2025/observation/events-a.csv,381,383
L1375,P3_2025,Return,US30_BOOK,2025-01-30T16:00:00,2025-01-30T22:00:00,Thursday,OTHER_WEEK,3.7886,3.03,3.0159999999999854,0.7960724278097411,0,0.6694948724455696,-0.3269230769230769,lab/artifacts/ea-files/passive-refusal-depth-observation-v1/valid-p3-2025/observation/events-a.csv,376,384
L1376,P3_2025,RC16,US30_BOOK,2025-01-31T13:30:00,2025-01-31T17:30:00,Friday,OTHER_WEEK,3.9347,-1.09,-1.1040000000000145,-0.2805804762751962,0,-0.3389418952626249,-0.08860759493670886,lab/artifacts/ea-files/passive-refusal-depth-observation-v1/valid-p3-2025/observation/events-a.csv,394,401
L1377,P3_2025,RC4,US30_BOOK,2025-01-31T13:00:00,2025-01-31T18:52:17,Friday,OTHER_WEEK,3.9347,-1.97,-1.9840000000000144,-0.5042315805525236,1,-0.5661149821512304,0.7058823529411764,lab/artifacts/ea-files/passive-refusal-depth-observation-v1/valid-p3-2025/observation/events-a.csv,389,402
L1378,P3_2025,Cross,US100_BOOK,2025-02-03T17:00:00,2025-02-03T21:00:00,Monday,OTHER_WEEK,3.8112,2.4699999999999998,2.458000000000029,0.644941225860629,0,0.6150255905230886,-0.03626943005181347,lab/artifacts/ea-files/passive-refusal-depth-observation-v1/valid-p3-2025/observation/events-a.csv,407,409
L1379,P3_2025,RC4,US30_BOOK,2025-02-04T13:00:00,2025-02-04T19:00:00,Tuesday,OTHER_WEEK,3.9095,1.5,1.4859999999999856,0.3800997570021705,0,0.3182163554034638,-0.29411764705882354,lab/artifacts/ea-files/passive-refusal-depth-observation-v1/valid-p3-2025/observation/events-a.csv,414,423
L1380,P3_2025,Cross,US100_BOOK,2025-02-04T17:00:00,2025-02-04T21:00:00,Tuesday,OTHER_WEEK,3.9095,0.62,0.6079999999999928,0.1555186085177114,0,0.12560297318017105,-0.03626943005181347,lab/artifacts/ea-files/passive-refusal-depth-observation-v1/valid-p3-2025/observation/events-a.csv,419,424
L1381,P3_2025,RC16,US30_BOOK,2025-02-05T13:30:00,2025-02-05T17:30:00,Wednesday,OTHER_WEEK,3.9933,0.57,0.5559999999999854,0.13923321563618696,0,0.08087179664875827,-0.08860759493670886,lab/artifacts/ea-files/passive-refusal-depth-observation-v1/valid-p3-2025/observation/events-a.csv,429,436
L1382,P3_2025,Cross,US100_BOOK,2025-02-05T17:00:00,2025-02-05T21:00:00,Wednesday,OTHER_WEEK,3.9933,1.45,1.4379999999999926,0.36010317281446236,0,0.330187537476922,-0.03626943005181347,lab/artifacts/ea-files/passive-refusal-depth-observation-v1/valid-p3-2025/observation/events-a.csv,434,437
L1383,P3_2025,Passive,US100_BOOK,2025-02-06T13:46:56,2025-02-06T16:00:00,Thursday,OTHER_WEEK,4.073,0.38,0.36599999999998545,0.08986005401423654,0,0.08805869207514139,-0.07692307692307693,lab/artifacts/ea-files/passive-refusal-depth-observation-v1/valid-p3-2025/observation/events-a.csv,444,445
L1384,P3_2025,Cross,US100_BOOK,2025-02-06T17:00:00,2025-02-06T21:00:00,Thursday,OTHER_WEEK,4.0877,0.25,0.23799999999999272,0.05822345084032408,0,0.02830781550278372,-0.03626943005181347,lab/artifacts/ea-files/passive-refusal-depth-observation-v1/valid-p3-2025/observation/events-a.csv,449,451
L1385,P3_2025,RC16,US30_BOOK,2025-02-07T13:30:00,2025-02-07T17:30:00,Friday,OTHER_WEEK,4.0972,-1.47,-1.4840000000000144,-0.36219857463634053,0,-0.4205599936237692,-0.08860759493670886,lab/artifacts/ea-files/passive-refusal-depth-observation-v1/valid-p3-2025/observation/events-a.csv,461,465
L1386,P3_2025,RC4,US30_BOOK,2025-02-07T13:00:00,2025-02-07T19:00:00,Friday,OTHER_WEEK,4.0972,3.27,3.2559999999999856,0.7946890559406389,0,0.7328056543419321,-0.29411764705882354,lab/artifacts/ea-files/passive-refusal-depth-observation-v1/valid-p3-2025/observation/events-a.csv,456,466
L1387,P3_2025,RC16,US30_BOOK,2025-02-10T13:30:00,2025-02-10T17:30:00,Monday,OTHER_WEEK,4.1681,-0.28,-0.2940000000000146,-0.07053573570692032,0,-0.128897154694349,-0.08860759493670886,lab/artifacts/ea-files/passive-refusal-depth-observation-v1/valid-p3-2025/observation/events-a.csv,471,481
L1388,P3_2025,Pressure,US30_BOOK,2025-02-10T15:00:00,2025-02-10T18:33:36,Monday,OTHER_WEEK,4.1681,-2.09,-2.1040000000000143,-0.5047863534944014,1,-0.48890131835755646,0.65625,lab/artifacts/ea-files/passive-refusal-depth-observation-v1/valid-p3-2025/observation/events-a.csv,476,482
L1389,P3_2025,Passive,US100_BOOK,2025-02-11T16:00:04,2025-02-11T16:45:00,Tuesday,OTHER_WEEK,4.0722,1.18,1.1659999999999855,0.28633171258778684,0,0.2845303506486917,-0.07692307692307693,lab/artifacts/ea-files/passive-refusal-depth-observation-v1/valid-p3-2025/observation/events-a.csv,489,490
L1390,P3_2025,Cross,US100_BOOK,2025-02-11T17:00:00,2025-02-11T21:00:00,Tuesday,OTHER_WEEK,4.1188,0.23,0.21799999999999273,0.0529280372924135,0,0.023012401954873144,-0.03626943005181347,lab/artifacts/ea-files/passive-refusal-depth-observation-v1/valid-p3-2025/observation/events-a.csv,494,496
L1391,P3_2025,Passive,US100_BOOK,2025-02-12T15:45:00,2025-02-12T18:45:00,Wednesday,OTHER_WEEK,4.1275,1.8399999999999999,1.8260000000000216,0.4423985463355594,0,0.4405971843964643,-0.07692307692307693,lab/artifacts/ea-files/passive-refusal-depth-observation-v1/valid-p3-2025/observation/events-a.csv,503,514
L1392,P3_2025,Cross,US100_BOOK,2025-02-12T17:00:00,2025-02-12T21:00:00,Wednesday,OTHER_WEEK,4.1275,1.16,1.1479999999999926,0.2781344639612338,0,0.24821882862369346,-0.03626943005181347,lab/artifacts/ea-files/passive-refusal-depth-observation-v1/valid-p3-2025/observation/events-a.csv,512,515
L1393,P3_2025,Return,US30_BOOK,2025-02-12T16:00:00,2025-02-12T22:00:00,Wednesday,OTHER_WEEK,4.1275,1.9100000000000001,1.8959999999999857,0.4593579648697724,0,0.33278040950560084,-0.3269230769230769,lab/artifacts/ea-files/passive-refusal-depth-observation-v1/valid-p3-2025/observation/events-a.csv,507,516
L1394,P3_2025,Cross,US100_BOOK,2025-02-13T17:00:00,2025-02-13T21:00:00,Thursday,OTHER_WEEK,4.3223,0.76,0.7479999999999928,0.1730560118455435,0,0.14314037650800315,-0.03626943005181347,lab/artifacts/ea-files/passive-refusal-depth-observation-v1/valid-p3-2025/observation/events-a.csv,521,523
L1395,P3_2025,Passive,US100_BOOK,2025-02-14T13:45:49,2025-02-14T15:45:00,Friday,OTHER_WEEK,4.3522,0.51,0.49599999999998545,0.11396535085703448,0,0.11216398891793933,-0.07692307692307693,lab/artifacts/ea-files/passive-refusal-depth-observation-v1/valid-p3-2025/observation/events-a.csv,530,531
L1396,P3_2025,RC16,US30_BOOK,2025-02-17T13:30:00,2025-02-17T17:30:00,Monday,STANDARD_EXPIRATION_WEEK,4.3721,0.07,0.05599999999998545,0.01280849019921444,0,-0.04555292878821426,-0.08860759493670886,lab/artifacts/ea-files/passive-refusal-depth-observation-v1/valid-p3-2025/observation/events-a.csv,541,546
L1397,P3_2025,RC4,US30_BOOK,2025-02-17T13:00:00,2025-02-17T19:00:00,Monday,STANDARD_EXPIRATION_WEEK,4.3721,-0.41,-0.42400000000001453,-0.09697856865122356,0,-0.15886197024993026,-0.29411764705882354,lab/artifacts/ea-files/passive-refusal-depth-observation-v1/valid-p3-2025/observation/events-a.csv,536,547
L1398,P3_2025,Passive,US100_BOOK,2025-02-18T12:22:20,2025-02-18T13:15:00,Tuesday,STANDARD_EXPIRATION_WEEK,4.3574,0.09,0.07599999999998544,0.017441593610865523,0,0.015640231671770376,-0.07692307692307693,lab/artifacts/ea-files/passive-refusal-depth-observation-v1/valid-p3-2025/observation/events-a.csv,554,555
L1399,P3_2025,Cross,US100_BOOK,2025-02-18T17:00:00,2025-02-18T21:00:00,Tuesday,STANDARD_EXPIRATION_WEEK,4.3604,0.43,0.4179999999999927,0.09586276488395393,0,0.06594712954641357,-0.03626943005181347,lab/artifacts/ea-files/passive-refusal-depth-observation-v1/valid-p3-2025/observation/events-a.csv,559,561
L1400,P3_2025,Passive,US100_BOOK,2025-02-19T13:45:10,2025-02-19T14:15:01,Wednesday,STANDARD_EXPIRATION_WEEK,4.3771,0.48,0.4660000000000218,0.10646318338626527,0,0.10466182144717012,-0.07692307692307693,lab/artifacts/ea-files/passive-refusal-depth-observation-v1/valid-p3-2025/observation/events-a.csv,568,569
L1401,P3_2025,Cross,US100_BOOK,2025-02-19T17:00:00,2025-02-19T21:00:00,Wednesday,STANDARD_EXPIRATION_WEEK,4.3958,-0.66,-0.6720000000000073,-0.1528731971427288,0,-0.18278883248026914,-0.03626943005181347,lab/artifacts/ea-files/passive-refusal-depth-observation-v1/valid-p3-2025/observation/events-a.csv,578,580
L1402,P3_2025,Return,US30_BOOK,2025-02-19T16:00:00,2025-02-19T22:00:00,Wednesday,STANDARD_EXPIRATION_WEEK,4.3958,1.23,1.2159999999999855,0.27662769006778865,0,0.15005013470361714,-0.3269230769230769,lab/artifacts/ea-files/passive-refusal-depth-observation-v1/valid-p3-2025/observation/events-a.csv,573,581
L1403,P3_2025,Return,US30_BOOK,2025-02-20T16:00:00,2025-02-20T17:00:35,Thursday,STANDARD_EXPIRATION_WEEK,4.4175,-2.21,-2.2240000000000144,-0.5034521788341855,1,-0.630029734198357,0.6730769230769231,lab/artifacts/ea-files/passive-refusal-depth-observation-v1/valid-p3-2025/observation/events-a.csv,591,599
L1404,P3_2025,RC4,US30_BOOK,2025-02-20T13:00:00,2025-02-20T19:00:00,Thursday,STANDARD_EXPIRATION_WEEK,4.4175,5.97,5.955999999999985,1.3482739105829054,0,1.2863905089841987,-0.29411764705882354,lab/artifacts/ea-files/passive-refusal-depth-observation-v1/valid-p3-2025/observation/events-a.csv,586,600
L1405,P3_2025,Cross,US100_BOOK,2025-02-20T17:00:00,2025-02-20T21:00:00,Thursday,STANDARD_EXPIRATION_WEEK,4.4175,-0.59,-0.6020000000000072,-0.1362761743067362,0,-0.16619180964427654,-0.03626943005181347,lab/artifacts/ea-files/passive-refusal-depth-observation-v1/valid-p3-2025/observation/events-a.csv,597,601
L1406,P3_2025,RC16,US30_BOOK,2025-02-21T13:30:00,2025-02-21T14:37:56,Friday,STANDARD_EXPIRATION_WEEK,4.5427,-2.2800000000000002,-2.2940000000000147,-0.5049860215290498,1,-0.5633474405164786,0.9113924050632911,lab/artifacts/ea-files/passive-refusal-depth-observation-v1/valid-p3-2025/observation/events-a.csv,606,608
L1407,P3_2025,Pressure,US30_BOOK,2025-02-21T15:00:00,2025-02-21T19:00:00,Friday,STANDARD_EXPIRATION_WEEK,4.451,1.96,1.9459999999999855,0.4372051224443913,0,0.4530901575812362,-0.34375,lab/artifacts/ea-files/passive-refusal-depth-observation-v1/valid-p3-2025/observation/events-a.csv,612,624
L1408,P3_2025,Return,US30_BOOK,2025-02-21T16:00:00,2025-02-21T19:20:27,Friday,STANDARD_EXPIRATION_WEEK,4.451,-2.23,-2.2440000000000144,-0.5041563693552044,1,-0.6307339247193758,0.6730769230769231,lab/artifacts/ea-files/passive-refusal-depth-observation-v1/valid-p3-2025/observation/events-a.csv,617,625
L1409,P3_2025,Cross,US100_BOOK,2025-02-21T17:00:00,2025-02-21T21:00:00,Friday,STANDARD_EXPIRATION_WEEK,4.451,3.2,3.187999999999993,0.7162435407773519,0,0.6863279054398115,-0.03626943005181347,lab/artifacts/ea-files/passive-refusal-depth-observation-v1/valid-p3-2025/observation/events-a.csv,622,626
L1410,P3_2025,Cross,US100_BOOK,2025-02-24T17:00:00,2025-02-24T21:00:00,Monday,OTHER_WEEK,4.5666,-0.43,-0.4420000000000073,-0.09678973415670461,0,-0.12670536949424496,-0.03626943005181347,lab/artifacts/ea-files/passive-refusal-depth-observation-v1/valid-p3-2025/observation/events-a.csv,631,633
L1411,P3_2025,Passive,US100_BOOK,2025-02-25T15:21:46,2025-02-25T16:45:00,Tuesday,OTHER_WEEK,4.5489,1.23,1.2160000000000217,0.26731737343094414,0,0.265516011491849,-0.07692307692307693,lab/artifacts/ea-files/passive-refusal-depth-observation-v1/valid-p3-2025/observation/events-a.csv,640,641
L1412,P3_2025,Cross,US100_BOOK,2025-02-25T17:00:00,2025-02-25T21:00:00,Tuesday,OTHER_WEEK,4.5975,0.61,0.5979999999999928,0.13007069059271184,0,0.10015505525517149,-0.03626943005181347,lab/artifacts/ea-files/passive-refusal-depth-observation-v1/valid-p3-2025/observation/events-a.csv,645,647
L1413,P3_2025,RC16,US30_BOOK,2025-02-26T13:30:01,2025-02-26T17:30:00,Wednesday,OTHER_WEEK,4.6214,0.56,0.5460000000000582,0.11814601635869178,0,0.05978459737126308,-0.08860759493670886,lab/artifacts/ea-files/passive-refusal-depth-observation-v1/valid-p3-2025/observation/events-a.csv,657,660
L1414,P3_2025,RC4,US30_BOOK,2025-02-26T13:00:00,2025-02-26T19:00:00,Wednesday,OTHER_WEEK,4.6214,-0.65,-0.6639999999999419,-0.14367940450944341,0,-0.20556280610815011,-0.29411764705882354,lab/artifacts/ea-files/passive-refusal-depth-observation-v1/valid-p3-2025/observation/events-a.csv,652,661
L1415,P3_2025,RC16,US30_BOOK,2025-02-27T13:30:00,2025-02-27T17:30:00,Thursday,OTHER_WEEK,4.6167,2.46,2.4459999999999855,0.5298156692009413,0,0.47145425021351256,-0.08860759493670886,lab/artifacts/ea-files/passive-refusal-depth-observation-v1/valid-p3-2025/observation/events-a.csv,666,678
L1416,P3_2025,Cross,US100_BOOK,2025-02-27T17:00:00,2025-02-27T21:00:00,Thursday,OTHER_WEEK,4.6167,-0.45,-0.46199999999997093,-0.10007147962829964,0,-0.12998711496584,-0.03626943005181347,lab/artifacts/ea-files/passive-refusal-depth-observation-v1/valid-p3-2025/observation/events-a.csv,676,679
L1417,P3_2025,Return,US30_BOOK,2025-02-27T16:00:00,2025-02-27T22:00:00,Thursday,OTHER_WEEK,4.5944,-0.05,-0.06400000000001456,-0.013930001741253386,0,-0.1405075571054249,-0.3269230769230769,lab/artifacts/ea-files/passive-refusal-depth-observation-v1/valid-p3-2025/observation/events-a.csv,671,680
L1418,P3_2025,RC4,US30_BOOK,2025-02-28T13:00:00,2025-02-28T19:00:00,Friday,OTHER_WEEK,4.6935,0.93,0.9159999999999855,0.19516352402258133,0,0.13328012242387463,-0.29411764705882354,lab/artifacts/ea-files/passive-refusal-depth-observation-v1/valid-p3-2025/observation/events-a.csv,685,693
L1419,P3_2025,Pressure,US30_BOOK,2025-02-28T15:00:00,2025-02-28T19:00:00,Friday,OTHER_WEEK,4.6935,0.43,0.41599999999998544,0.08863321614999156,0,0.10451825128683645,-0.34375,lab/artifacts/ea-files/passive-refusal-depth-observation-v1/valid-p3-2025/observation/events-a.csv,690,694
L1420,P3_2025,RC16,US30_BOOK,2025-03-03T13:30:00,2025-03-03T17:30:00,Monday,OTHER_WEEK,4.7468,-0.32,-0.33400000000001456,-0.07036319204517033,0,-0.12872461103259902,-0.08860759493670886,lab/artifacts/ea-files/passive-refusal-depth-observation-v1/valid-p3-2025/observation/events-a.csv,699,712
L1421,P3_2025,Cross,US100_BOOK,2025-03-03T17:00:00,2025-03-03T21:00:00,Monday,OTHER_WEEK,4.7468,0.91,0.8979999999999928,0.18918007921125657,0,0.15926444387371622,-0.03626943005181347,lab/artifacts/ea-files/passive-refusal-depth-observation-v1/valid-p3-2025/observation/events-a.csv,710,713
L1422,P3_2025,Return,US30_BOOK,2025-03-04T16:00:00,2025-03-04T16:32:48,Tuesday,OTHER_WEEK,4.7694,-2.39,-2.4040000000000146,-0.5040466306034332,1,-0.6306241859676047,0.6730769230769231,lab/artifacts/ea-files/passive-refusal-depth-observation-v1/valid-p3-2025/observation/events-a.csv,724,726
L1423,P3_2025,Passive,US100_BOOK,2025-03-04T15:04:36,2025-03-04T19:00:00,Tuesday,OTHER_WEEK,4.7694,0.01,-0.003999999999978172,-0.0008386799178047914,0,-0.0026400418568999365,-0.07692307692307693,lab/artifacts/ea-files/passive-refusal-depth-observation-v1/valid-p3-2025/observation/events-a.csv,720,732
L1424,P3_2025,Cross,US100_BOOK,2025-03-04T17:00:00,2025-03-04T21:00:00,Tuesday,OTHER_WEEK,4.6732,2.68,2.667999999999993,0.5709150047076935,0,0.5409993693701531,-0.03626943005181347,lab/artifacts/ea-files/passive-refusal-depth-observation-v1/valid-p3-2025/observation/events-a.csv,730,733
L1425,P3_2025,RC16,US30_BOOK,2025-03-05T13:30:00,2025-03-05T15:19:35,Wednesday,OTHER_WEEK,4.7798,-2.39,-2.4040000000000146,-0.5029499142223555,1,-0.5613113332097842,0.9113924050632911,lab/artifacts/ea-files/passive-refusal-depth-observation-v1/valid-p3-2025/observation/events-a.csv,738,745
L1426,P3_2025,Pressure,US30_BOOK,2025-03-05T15:00:00,2025-03-05T19:00:00,Wednesday,OTHER_WEEK,4.7624,-0.03,-0.044000000000014555,-0.009239039139932502,0,0.006645995996912393,-0.34375,lab/artifacts/ea-files/passive-refusal-depth-observation-v1/valid-p3-2025/observation/events-a.csv,743,754
L1427,P3_2025,Return,US30_BOOK,2025-03-05T16:00:00,2025-03-05T22:00:00,Wednesday,OTHER_WEEK,4.6836,5.12,5.105999999999986,1.0901870356136274,0,0.9636094802494559,-0.3269230769230769,lab/artifacts/ea-files/passive-refusal-depth-observation-v1/valid-p3-2025/observation/events-a.csv,749,755
L1428,P3_2025,Passive,US100_BOOK,2025-03-06T12:40:11,2025-03-06T14:00:00,Thursday,OTHER_WEEK,4.8861,0.32,0.30599999999998545,0.0626266347393597,0,0.060825272800264556,-0.07692307692307693,lab/artifacts/ea-files/passive-refusal-depth-observation-v1/valid-p3-2025/observation/events-a.csv,762,763
L1429,P3_2025,Pressure,US30_BOOK,2025-03-06T15:00:00,2025-03-06T17:39:20,Thursday,OTHER_WEEK,4.8983,-2.45,-2.463999999999942,-0.5030316640466982,1,-0.4871466289098533,0.65625,lab/artifacts/ea-files/passive-refusal-depth-observation-v1/valid-p3-2025/observation/events-a.csv,767,774
L1430,P3_2025,Cross,US100_BOOK,2025-03-06T17:00:00,2025-03-06T21:00:00,Thursday,OTHER_WEEK,4.8983,-1.6099999999999999,-1.6220000000000072,-0.3311352918359446,0,-0.36105092717348497,-0.03626943005181347,lab/artifacts/ea-files/passive-refusal-depth-observation-v1/valid-p3-2025/observation/events-a.csv,772,775
L1431,P3_2025,RC16,US30_BOOK,2025-03-07T13:30:00,2025-03-07T16:09:14,Friday,OTHER_WEEK,4.7349,-2.37,-2.3840000000000146,-0.5034953219709001,1,-0.5618567409583288,0.9113924050632911,lab/artifacts/ea-files/passive-refusal-depth-observation-v1/valid-p3-2025/observation/events-a.csv,785,792
L1432,P3_2025,Return,US30_BOOK,2025-03-07T16:00:00,2025-03-07T18:41:11,Friday,OTHER_WEEK,4.7349,-2.41,-2.4240000000000146,-0.5119432300576601,1,-0.6385207854218315,0.6730769230769231,lab/artifacts/ea-files/passive-refusal-depth-observation-v1/valid-p3-2025/observation/events-a.csv,790,795
L1433,P3_2025,RC4,US30_BOOK,2025-03-07T13:00:00,2025-03-07T19:00:00,Friday,OTHER_WEEK,4.7349,3.85,3.8359999999999856,0.8101543855202825,0,0.7482709839215758,-0.29411764705882354,lab/artifacts/ea-files/passive-refusal-depth-observation-v1/valid-p3-2025/observation/events-a.csv,780,796
L1434,P3_2025,Passive,US100_BOOK,2025-03-10T14:49:17,2025-03-10T15:30:00,Monday,OTHER_WEEK,4.696,0.62,0.6059999999999854,0.12904599659284188,0,0.12724463465374675,-0.07692307692307693,lab/artifacts/ea-files/passive-refusal-depth-observation-v1/valid-p3-2025/observation/events-a.csv,809,810
L1435,P3_2025,Cross,US100_BOOK,2025-03-10T17:00:00,2025-03-10T21:00:00,Monday,OTHER_WEEK,4.7202,3.69,3.6759999999999855,0.7787805601457535,0,0.7488649248082131,-0.03626943005181347,lab/artifacts/ea-files/passive-refusal-depth-observation-v1/valid-p3-2025/observation/events-a.csv,819,821
L1436,P3_2025,Return,US30_BOOK,2025-03-10T16:00:00,2025-03-10T21:29:35,Monday,OTHER_WEEK,4.7202,-2.36,-2.3740000000000143,-0.5029447904749829,1,-0.6295223458391543,0.6730769230769231,lab/artifacts/ea-files/passive-refusal-depth-observation-v1/valid-p3-2025/observation/events-a.csv,814,822
L1437,P3_2025,RC4,US30_BOOK,2025-03-11T13:00:00,2025-03-11T17:29:01,Tuesday,OTHER_WEEK,4.7723,-2.39,-2.4039999999999417,-0.5037403348490124,1,-0.565623736447719,0.7058823529411764,lab/artifacts/ea-files/passive-refusal-depth-observation-v1/valid-p3-2025/observation/events-a.csv,827,839
L1438,P3_2025,Pressure,US30_BOOK,2025-03-11T15:00:00,2025-03-11T17:29:51,Tuesday,OTHER_WEEK,4.7723,-2.39,-2.4039999999999417,-0.5037403348490124,1,-0.48785529971216746,0.65625,lab/artifacts/ea-files/passive-refusal-depth-observation-v1/valid-p3-2025/observation/events-a.csv,832,840
L1439,P3_2025,RC16,US30_BOOK,2025-03-12T13:30:00,2025-03-12T17:30:00,Wednesday,OTHER_WEEK,4.58,0.22,0.20600000000005822,0.04497816593887734,0,-0.013383253048551362,-0.08860759493670886,lab/artifacts/ea-files/passive-refusal-depth-observation-v1/valid-p3-2025/observation/events-a.csv,845,852
L1440,P3_2025,Cross,US100_BOOK,2025-03-12T17:00:00,2025-03-12T18:58:24,Wednesday,OTHER_WEEK,4.58,-2.32,-2.3340000000000143,-0.5096069868995664,1,-0.5395226222371068,0.9637305699481865,lab/artifacts/ea-files/passive-refusal-depth-observation-v1/valid-p3-2025/observation/events-a.csv,850,853
L1441,P3_2025,Passive,US100_BOOK,2025-03-13T13:47:59,2025-03-13T16:15:00,Thursday,OTHER_WEEK,4.4949,1.1,1.0860000000000218,0.24160715477541697,0,0.23980579283632183,-0.07692307692307693,lab/artifacts/ea-files/passive-refusal-depth-observation-v1/valid-p3-2025/observation/events-a.csv,860,861
L1442,P3_2025,RC16,US30_BOOK,2025-03-14T13:30:00,2025-03-14T17:30:00,Friday,OTHER_WEEK,4.5383,-0.35,-0.36400000000001453,-0.08020624462904932,0,-0.13856766361647802,-0.08860759493670886,lab/artifacts/ea-files/passive-refusal-depth-observation-v1/valid-p3-2025/observation/events-a.csv,866,868
L1443,P3_2025,RC16,US30_BOOK,2025-03-17T13:30:00,2025-03-17T17:30:00,Monday,STANDARD_EXPIRATION_WEEK,4.5238,3.33,3.3159999999999856,0.7330120694990906,0,0.6746506505116618,-0.08860759493670886,lab/artifacts/ea-files/passive-refusal-depth-observation-v1/valid-p3-2025/observation/events-a.csv,873,886
L1444,P3_2025,Passive,US100_BOOK,2025-03-17T13:46:06,2025-03-17T17:30:00,Monday,STANDARD_EXPIRATION_WEEK,4.5238,-0.55,-0.5639999999999782,-0.12467394668198821,0,-0.12647530862108336,-0.07692307692307693,lab/artifacts/ea-files/passive-refusal-depth-observation-v1/valid-p3-2025/observation/events-a.csv,880,887
L1445,P3_2025,Cross,US100_BOOK,2025-03-17T17:00:00,2025-03-17T21:00:00,Monday,STANDARD_EXPIRATION_WEEK,4.5238,-0.26,-0.2720000000000073,-0.06012644237145924,0,-0.0900420777089996,-0.03626943005181347,lab/artifacts/ea-files/passive-refusal-depth-observation-v1/valid-p3-2025/observation/events-a.csv,884,888
L1446,P3_2025,Return,US30_BOOK,2025-03-18T16:00:00,2025-03-18T18:22:55,Tuesday,STANDARD_EXPIRATION_WEEK,4.623,-2.32,-2.3340000000000143,-0.5048669695003275,1,-0.631444524864499,0.6730769230769231,lab/artifacts/ea-files/passive-refusal-depth-observation-v1/valid-p3-2025/observation/events-a.csv,893,900
L1447,P3_2025,Cross,US100_BOOK,2025-03-18T17:00:00,2025-03-18T21:00:00,Tuesday,STANDARD_EXPIRATION_WEEK,4.623,-0.4,-0.4120000000000073,-0.08911961929483177,0,-0.11903525463237212,-0.03626943005181347,lab/artifacts/ea-files/passive-refusal-depth-observation-v1/valid-p3-2025/observation/events-a.csv,898,901
L1448,P3_2025,RC16,US30_BOOK,2025-03-19T13:30:00,2025-03-19T17:30:00,Wednesday,STANDARD_EXPIRATION_WEEK,4.5131,1.88,1.866000000000058,0.4134630298464599,0,0.3551016108590312,-0.08860759493670886,lab/artifacts/ea-files/passive-refusal-depth-observation-v1/valid-p3-2025/observation/events-a.csv,906,913
L1449,P3_2025,Cross,US100_BOOK,2025-03-19T17:00:00,2025-03-19T21:00:00,Wednesday,STANDARD_EXPIRATION_WEEK,4.5131,0.05,-0.037500000000000006,-0.00830914449048326,0,-0.038224779828023615,-0.03626943005181347,lab/artifacts/ea-files/passive-refusal-depth-observation-v1/valid-p3-2025/observation/events-a.csv,911,914
L1450,P3_2025,Passive,US100_BOOK,2025-03-20T13:15:04,2025-03-20T16:30:00,Thursday,STANDARD_EXPIRATION_WEEK,4.5863,-0.74,-0.7540000000000145,-0.16440267753963209,0,-0.16620403947872722,-0.07692307692307693,lab/artifacts/ea-files/passive-refusal-depth-observation-v1/valid-p3-2025/observation/events-a.csv,921,927
L1451,P3_2025,Cross,US100_BOOK,2025-03-20T17:00:00,2025-03-20T21:00:00,Thursday,STANDARD_EXPIRATION_WEEK,4.5561,-0.86,-0.8720000000000072,-0.1913917604969178,0,-0.22130739583445816,-0.03626943005181347,lab/artifacts/ea-files/passive-refusal-depth-observation-v1/valid-p3-2025/observation/events-a.csv,931,933
L1452,P3_2025,Return,US30_BOOK,2025-03-20T16:00:00,2025-03-20T22:00:00,Thursday,STANDARD_EXPIRATION_WEEK,4.5863,0.94,0.9259999999999854,0.2019056755990636,0,0.0753281202348921,-0.3269230769230769,lab/artifacts/ea-files/passive-refusal-depth-observation-v1/valid-p3-2025/observation/events-a.csv,925,934
L1453,P3_2025,Passive,US100_BOOK,2025-03-21T15:54:27,2025-03-21T18:00:00,Friday,STANDARD_EXPIRATION_WEEK,4.5583,1.07,1.0560000000000218,0.2316653138231406,0,0.22986395188404546,-0.07692307692307693,lab/artifacts/ea-files/passive-refusal-depth-observation-v1/valid-p3-2025/observation/events-a.csv,941,952
L1454,P3_2025,Cross,US100_BOOK,2025-03-21T17:00:00,2025-03-21T21:00:00,Friday,STANDARD_EXPIRATION_WEEK,4.5583,1.37,1.3579999999999928,0.2979180834960386,0,0.2680024481584982,-0.03626943005181347,lab/artifacts/ea-files/passive-refusal-depth-observation-v1/valid-p3-2025/observation/events-a.csv,950,953
L1455,P3_2025,Return,US30_BOOK,2025-03-21T16:00:00,2025-03-21T22:00:00,Friday,STANDARD_EXPIRATION_WEEK,4.5583,2.38,2.3659999999999854,0.5190531557817576,0,0.3924756004175861,-0.3269230769230769,lab/artifacts/ea-files/passive-refusal-depth-observation-v1/valid-p3-2025/observation/events-a.csv,945,954
L1456,P3_2025,RC16,US30_BOOK,2025-03-24T13:30:00,2025-03-24T17:30:00,Monday,OTHER_WEEK,4.7495,1.78,1.7659999999999856,0.37182861353826413,0,0.31346719455083544,-0.08860759493670886,lab/artifacts/ea-files/passive-refusal-depth-observation-v1/valid-p3-2025/observation/events-a.csv,965,967
L1457,P3_2025,RC16,US30_BOOK,2025-03-25T13:30:00,2025-03-25T17:30:00,Tuesday,OTHER_WEEK,4.8201,0.43,0.41599999999998544,0.08630526337627548,0,0.027943844388846777,-0.08860759493670886,lab/artifacts/ea-files/passive-refusal-depth-observation-v1/valid-p3-2025/observation/events-a.csv,977,990
L1458,P3_2025,Passive,US100_BOOK,2025-03-25T14:17:00,2025-03-25T18:15:00,Tuesday,OTHER_WEEK,4.8201,-1.03,-1.0440000000000145,-0.21659301674239423,0,-0.21839437868148937,-0.07692307692307693,lab/artifacts/ea-files/passive-refusal-depth-observation-v1/valid-p3-2025/observation/events-a.csv,984,991
L1459,P3_2025,RC4,US30_BOOK,2025-03-25T13:00:00,2025-03-25T19:00:00,Tuesday,OTHER_WEEK,4.8201,0.12,0.10599999999998544,0.021991244994914096,0,-0.039892156603792604,-0.29411764705882354,lab/artifacts/ea-files/passive-refusal-depth-observation-v1/valid-p3-2025/observation/events-a.csv,972,992
L1460,P3_2025,Passive,US100_BOOK,2025-03-26T16:07:56,2025-03-26T16:30:00,Wednesday,OTHER_WEEK,4.7992,0.44,0.42599999999998545,0.08876479413235236,0,0.08696343219325721,-0.07692307692307693,lab/artifacts/ea-files/passive-refusal-depth-observation-v1/valid-p3-2025/observation/events-a.csv,1004,1005
L1461,P3_2025,RC16,US30_BOOK,2025-03-26T13:30:00,2025-03-26T17:30:00,Wednesday,OTHER_WEEK,4.7992,1.8,1.7860000000000582,0.3721453575596054,0,0.31378393857217673,-0.08860759493670886,lab/artifacts/ea-files/passive-refusal-depth-observation-v1/valid-p3-2025/observation/events-a.csv,997,1011
L1462,P3_2025,Cross,US100_BOOK,2025-03-26T17:00:00,2025-03-26T21:00:00,Wednesday,OTHER_WEEK,4.8163,2.29,2.277999999999993,0.47297718165396524,0,0.44306154631642486,-0.03626943005181347,lab/artifacts/ea-files/passive-refusal-depth-observation-v1/valid-p3-2025/observation/events-a.csv,1009,1012
L1463,P3_2025,Cross,US100_BOOK,2025-03-27T17:00:00,2025-03-27T21:00:00,Thursday,OTHER_WEEK,4.9788,-0.63,-0.6420000000000072,-0.12894673415280936,0,-0.1588623694903497,-0.03626943005181347,lab/artifacts/ea-files/passive-refusal-depth-observation-v1/valid-p3-2025/observation/events-a.csv,1017,1019
L1464,P3_2025,Return,US30_BOOK,2025-03-28T16:00:00,2025-03-28T17:12:50,Friday,OTHER_WEEK,4.9531,-2.48,-2.4940000000000144,-0.5035230461731066,1,-0.6301006015372781,0.6730769230769231,lab/artifacts/ea-files/passive-refusal-depth-observation-v1/valid-p3-2025/observation/events-a.csv,1024,1031
L1465,P3_2025,Cross,US100_BOOK,2025-03-28T17:00:00,2025-03-28T17:33:09,Friday,OTHER_WEEK,4.9531,-2.48,-2.492000000000007,-0.5031192586461019,1,-0.5330348939836422,0.9637305699481865,lab/artifacts/ea-files/passive-refusal-depth-observation-v1/valid-p3-2025/observation/events-a.csv,1029,1032
L1466,P3_2025,Cross,US100_BOOK,2025-03-31T17:00:00,2025-03-31T21:00:00,Monday,OTHER_WEEK,4.7537,-1.35,-1.3620000000000074,-0.2865136630414219,0,-0.3164292983789623,-0.03626943005181347,lab/artifacts/ea-files/passive-refusal-depth-observation-v1/valid-p3-2025/observation/events-a.csv,1037,1039
L1467,P3_2025,Passive,US100_BOOK,2025-04-01T16:30:15,2025-04-01T16:45:00,Tuesday,OTHER_WEEK,4.6992,0.45,0.43599999999998545,0.09278175008511777,0,0.09098038814602262,-0.07692307692307693,lab/artifacts/ea-files/passive-refusal-depth-observation-v1/valid-p3-2025/observation/events-a.csv,1051,1052
L1468,P3_2025,Return,US30_BOOK,2025-04-01T16:00:00,2025-04-01T17:10:40,Tuesday,OTHER_WEEK,4.6992,-2.35,-2.3639999999999417,-0.5030643513789457,1,-0.6296419067431172,0.6730769230769231,lab/artifacts/ea-files/passive-refusal-depth-observation-v1/valid-p3-2025/observation/events-a.csv,1049,1058
L1469,P3_2025,Cross,US100_BOOK,2025-04-01T17:00:01,2025-04-01T21:00:00,Tuesday,OTHER_WEEK,4.7167,1.1,1.0880000000000292,0.23066974791698203,0,0.20075411257944167,-0.03626943005181347,lab/artifacts/ea-files/passive-refusal-depth-observation-v1/valid-p3-2025/observation/events-a.csv,1056,1059
L1470,P3_2025,Passive,US100_BOOK,2025-04-02T15:16:55,2025-04-02T16:45:00,Wednesday,OTHER_WEEK,4.6656,1.44,1.4259999999999855,0.3056412894375826,0,0.3038399274984875,-0.07692307692307693,lab/artifacts/ea-files/passive-refusal-depth-observation-v1/valid-p3-2025/observation/events-a.csv,1071,1077
L1471,P3_2025,RC4,US30_BOOK,2025-04-02T13:00:00,2025-04-02T17:02:08,Wednesday,OTHER_WEEK,4.6656,-0.59,-0.6039999999999418,-0.12945816186555678,1,-0.19134156346426348,0.7058823529411764,lab/artifacts/ea-files/passive-refusal-depth-observation-v1/valid-p3-2025/observation/events-a.csv,1064,1086
L1472,P3_2025,Cross,US100_BOOK,2025-04-02T17:00:00,2025-04-02T21:00:00,Wednesday,OTHER_WEEK,4.7227,2.13,2.1179999999999928,0.4484722722171624,0,0.418556636879622,-0.03626943005181347,lab/artifacts/ea-files/passive-refusal-depth-observation-v1/valid-p3-2025/observation/events-a.csv,1083,1091
L1473,P3_2025,Return,US30_BOOK,2025-04-02T16:00:00,2025-04-02T22:00:00,Wednesday,OTHER_WEEK,4.6656,2.98,2.9660000000000584,0.6357167352537847,0,0.5091391798896132,-0.3269230769230769,lab/artifacts/ea-files/passive-refusal-depth-observation-v1/valid-p3-2025/observation/events-a.csv,1075,1092
L1474,P3_2025,Return,US30_BOOK,2025-04-03T16:00:00,2025-04-03T17:09:04,Thursday,OTHER_WEEK,4.9019,-2.48,-2.4940000000000144,-0.5087823089006333,1,-0.6353598642648047,0.6730769230769231,lab/artifacts/ea-files/passive-refusal-depth-observation-v1/valid-p3-2025/observation/events-a.csv,1102,1109
L1475,P3_2025,Pressure,US30_BOOK,2025-04-03T15:00:00,2025-04-03T19:00:00,Thursday,OTHER_WEEK,4.9019,1.33,1.3159999999999856,0.2684673289948766,0,0.2843523641317215,-0.34375,lab/artifacts/ea-files/passive-refusal-depth-observation-v1/valid-p3-2025/observation/events-a.csv,1097,1110
L1476,P3_2025,Cross,US100_BOOK,2025-04-03T17:00:00,2025-04-03T21:00:00,Thursday,OTHER_WEEK,4.9019,-1.5,-1.511999999999971,-0.3084518248026216,0,-0.338367460140162,-0.03626943005181347,lab/artifacts/ea-files/passive-refusal-depth-observation-v1/valid-p3-2025/observation/events-a.csv,1107,1111
L1477,P3_2025,Passive,US100_BOOK,2025-04-04T13:15:23,2025-04-04T13:23:15,Friday,OTHER_WEEK,4.7943,-2.41,-2.423999999999978,-0.5056004004755602,1,-0.5074017624146554,0.9230769230769231,lab/artifacts/ea-files/passive-refusal-depth-observation-v1/valid-p3-2025/observation/events-a.csv,1118,1119
L1478,P3_2025,Passive,US100_BOOK,2025-04-04T13:51:40,2025-04-04T14:30:26,Friday,OTHER_WEEK,4.6973,-2.26,-2.2740000000000142,-0.4841078917676142,1,-0.48590925370670934,0.9230769230769231,lab/artifacts/ea-files/passive-refusal-depth-observation-v1/valid-p3-2025/observation/events-a.csv,1125,1126
L1479,P3_2025,Pressure,US30_BOOK,2025-04-04T15:00:00,2025-04-04T16:04:25,Friday,OTHER_WEEK,4.6063,-2.3,-2.3140000000000143,-0.5023554696828287,1,-0.4864704345459838,0.65625,lab/artifacts/ea-files/passive-refusal-depth-observation-v1/valid-p3-2025/observation/events-a.csv,1135,1148
L1480,P3_2025,Passive,US100_BOOK,2025-04-04T16:13:21,2025-04-04T16:30:00,Friday,OTHER_WEEK,4.6063,-0.43,-0.4439999999999782,-0.09638972711286242,0,-0.09819108905195757,-0.07692307692307693,lab/artifacts/ea-files/passive-refusal-depth-observation-v1/valid-p3-2025/observation/events-a.csv,1149,1150
L1481,P3_2025,Return,US30_BOOK,2025-04-04T16:00:00,2025-04-04T16:42:31,Friday,OTHER_WEEK,4.6063,-2.3,-2.3140000000000143,-0.5023554696828287,1,-0.6289330250470002,0.6730769230769231,lab/artifacts/ea-files/passive-refusal-depth-observation-v1/valid-p3-2025/observation/events-a.csv,1146,1151
L1482,P3_2025,Pressure,US30_BOOK,2025-04-07T15:00:00,2025-04-07T15:47:34,Monday,OTHER_WEEK,4.4035,-2.21,-2.2240000000000144,-0.5050527989099612,1,-0.4891677637731163,0.65625,lab/artifacts/ea-files/passive-refusal-depth-observation-v1/valid-p3-2025/observation/events-a.csv,1162,1164
L1483,P3_2025,Passive,US100_BOOK,2025-04-07T13:18:18,2025-04-07T16:15:00,Monday,OTHER_WEEK,4.4035,0.16,0.14600000000002183,0.03315544453276299,0,0.03135408259366785,-0.07692307692307693,lab/artifacts/ea-files/passive-refusal-depth-observation-v1/valid-p3-2025/observation/events-a.csv,1158,1165
L1484,P3_2025,Cross,US100_BOOK,2025-04-07T17:00:00,2025-04-07T21:00:00,Monday,OTHER_WEEK,4.3203,5.06,5.047999999999992,1.1684373770340006,0,1.1385217416964604,-0.03626943005181347,lab/artifacts/ea-files/passive-refusal-depth-observation-v1/valid-p3-2025/observation/events-a.csv,1169,1171
L1485,P3_2025,RC4,US30_BOOK,2025-04-08T13:00:00,2025-04-08T14:34:18,Tuesday,OTHER_WEEK,4.5223,-2.26,-2.2740000000000142,-0.5028414744709582,1,-0.5647248760696648,0.7058823529411764,lab/artifacts/ea-files/passive-refusal-depth-observation-v1/valid-p3-2025/observation/events-a.csv,1176,1183
L1486,P3_2025,RC16,US30_BOOK,2025-04-08T13:30:00,2025-04-08T17:30:00,Tuesday,OTHER_WEEK,4.5223,7.16,7.145999999999986,1.580169382836164,0,1.5218079638487354,-0.08860759493670886,lab/artifacts/ea-files/passive-refusal-depth-observation-v1/valid-p3-2025/observation/events-a.csv,1181,1192
L1487,P3_2025,Pressure,US30_BOOK,2025-04-08T15:00:00,2025-04-08T18:08:30,Tuesday,OTHER_WEEK,4.4313,-2.23,-2.2440000000000144,-0.5063976711123179,1,-0.490512635975473,0.65625,lab/artifacts/ea-files/passive-refusal-depth-observation-v1/valid-p3-2025/observation/events-a.csv,1187,1193
L1488,P3_2025,Pressure,US30_BOOK,2025-04-09T15:00:00,2025-04-09T15:55:07,Wednesday,OTHER_WEEK,4.6274,-2.32,-2.3340000000000143,-0.5043869127371773,1,-0.48850187760033237,0.65625,lab/artifacts/ea-files/passive-refusal-depth-observation-v1/valid-p3-2025/observation/events-a.csv,1210,1212
L1489,P3_2025,Passive,US100_BOOK,2025-04-09T14:45:08,2025-04-09T16:15:00,Wednesday,OTHER_WEEK,4.6274,3.23,3.2159999999999855,0.6949907075247408,0,0.6931893455856456,-0.07692307692307693,lab/artifacts/ea-files/passive-refusal-depth-observation-v1/valid-p3-2025/observation/events-a.csv,1206,1218
L1490,P3_2025,Return,US30_BOOK,2025-04-09T16:00:00,2025-04-09T22:00:00,Wednesday,OTHER_WEEK,4.534,27.83,27.627999999999954,6.093515659461834,0,5.966938104097662,-0.3269230769230769,lab/artifacts/ea-files/passive-refusal-depth-observation-v1/valid-p3-2025/observation/events-a.csv,1216,1219
L1491,P3_2025,RC4,US30_BOOK,2025-04-10T13:00:00,2025-04-10T16:41:53,Thursday,OTHER_WEEK,5.7678,-2.94,-2.9540000000000144,-0.5121536807795024,1,-0.574037082378209,0.7058823529411764,lab/artifacts/ea-files/passive-refusal-depth-observation-v1/valid-p3-2025/observation/events-a.csv,1224,1231
L1492,P3_2025,Pressure,US30_BOOK,2025-04-10T15:00:00,2025-04-10T19:00:00,Thursday,OTHER_WEEK,5.7678,10.98,10.965999999999985,1.9012448420541601,0,1.917129877191005,-0.34375,lab/artifacts/ea-files/passive-refusal-depth-observation-v1/valid-p3-2025/observation/events-a.csv,1229,1232
L1493,P3_2025,Cross,US100_BOOK,2025-04-11T17:00:05,2025-04-11T21:00:00,Friday,OTHER_WEEK,6.0883,3.02,3.007999999999993,0.49406238194569796,0,0.4641467466081576,-0.03626943005181347,lab/artifacts/ea-files/passive-refusal-depth-observation-v1/valid-p3-2025/observation/events-a.csv,1243,1245
L1494,P3_2025,RC4,US30_BOOK,2025-04-14T13:00:00,2025-04-14T19:00:00,Monday,STANDARD_EXPIRATION_WEEK,6.2086,2.62,2.6059999999999857,0.4197403601456022,0,0.3578569585468955,-0.29411764705882354,lab/artifacts/ea-files/passive-refusal-depth-observation-v1/valid-p3-2025/observation/events-a.csv,1250,1258
L1495,P3_2025,Cross,US100_BOOK,2025-04-14T17:00:00,2025-04-14T21:00:00,Monday,STANDARD_EXPIRATION_WEEK,6.2086,1.06,1.0479999999999927,0.16879811873852282,0,0.13888248340098247,-0.03626943005181347,lab/artifacts/ea-files/passive-refusal-depth-observation-v1/valid-p3-2025/observation/events-a.csv,1256,1259
L1496,P3_2025,RC16,US30_BOOK,2025-04-15T13:30:00,2025-04-15T17:30:00,Tuesday,STANDARD_EXPIRATION_WEEK,6.3547,-0.2,-0.21400000000001457,-0.03367586196044102,0,-0.09203728094786973,-0.08860759493670886,lab/artifacts/ea-files/passive-refusal-depth-observation-v1/valid-p3-2025/observation/events-a.csv,1269,1279
L1497,P3_2025,RC4,US30_BOOK,2025-04-15T13:00:00,2025-04-15T19:00:00,Tuesday,STANDARD_EXPIRATION_WEEK,6.3547,-1.06,-1.0740000000000145,-0.16900876516594243,0,-0.23089216676464913,-0.29411764705882354,lab/artifacts/ea-files/passive-refusal-depth-observation-v1/valid-p3-2025/observation/events-a.csv,1264,1280
L1498,P3_2025,Passive,US100_BOOK,2025-04-16T12:16:12,2025-04-16T14:45:00,Wednesday,STANDARD_EXPIRATION_WEEK,6.3032,0.14,0.12599999999998546,0.019989846427209267,0,0.01818848448811412,-0.07692307692307693,lab/artifacts/ea-files/passive-refusal-depth-observation-v1/valid-p3-2025/observation/events-a.csv,1287,1288
L1499,P3_2025,Pressure,US30_BOOK,2025-04-17T15:00:00,2025-04-17T19:00:00,Thursday,STANDARD_EXPIRATION_WEEK,6.3083,-0.71,-0.7240000000000145,-0.11476943074996664,0,-0.09888439561312173,-0.34375,lab/artifacts/ea-files/passive-refusal-depth-observation-v1/valid-p3-2025/observation/events-a.csv,1293,1305
L1500,P3_2025,Cross,US100_BOOK,2025-04-17T17:00:00,2025-04-17T21:00:00,Thursday,STANDARD_EXPIRATION_WEEK,6.3083,0.13,0.11799999999999272,0.018705514956484745,0,-0.011210120381055611,-0.03626943005181347,lab/artifacts/ea-files/passive-refusal-depth-observation-v1/valid-p3-2025/observation/events-a.csv,1303,1306
L1501,P3_2025,Return,US30_BOOK,2025-04-17T16:00:00,2025-04-17T22:00:00,Thursday,STANDARD_EXPIRATION_WEEK,6.3083,0.92,0.9059999999999855,0.14362030975064366,0,0.017042754386472153,-0.3269230769230769,lab/artifacts/ea-files/passive-refusal-depth-observation-v1/valid-p3-2025/observation/events-a.csv,1298,1307
L1502,P3_2025,RC4,US30_BOOK,2025-04-21T13:00:00,2025-04-21T19:00:00,Monday,OTHER_WEEK,6.3203,7.59,7.575999999999985,1.198677277977309,0,1.1367938763786023,-0.29411764705882354,lab/artifacts/ea-files/passive-refusal-depth-observation-v1/valid-p3-2025/observation/events-a.csv,1312,1315
L1503,P3_2025,RC4,US30_BOOK,2025-04-22T13:00:00,2025-04-22T17:07:04,Tuesday,OTHER_WEEK,6.6233,-3.31,-3.3239999999999417,-0.5018646294143314,1,-0.563748031013038,0.7058823529411764,lab/artifacts/ea-files/passive-refusal-depth-observation-v1/valid-p3-2025/observation/events-a.csv,1320,1329
L1504,P3_2025,Cross,US100_BOOK,2025-04-22T17:00:00,2025-04-22T21:00:00,Tuesday,OTHER_WEEK,6.6233,-0.31,-0.3220000000000073,-0.04861624869778015,0,-0.0785318840353205,-0.03626943005181347,lab/artifacts/ea-files/passive-refusal-depth-observation-v1/valid-p3-2025/observation/events-a.csv,1325,1330
L1505,P3_2025,RC16,US30_BOOK,2025-04-23T13:30:00,2025-04-23T17:30:00,Wednesday,OTHER_WEEK,6.4775,3.9,3.8859999999999855,0.5999228097259722,0,0.5415613907385435,-0.08860759493670886,lab/artifacts/ea-files/passive-refusal-depth-observation-v1/valid-p3-2025/observation/events-a.csv,1335,1342
L1506,P3_2025,Cross,US100_BOOK,2025-04-23T17:00:00,2025-04-23T21:00:00,Wednesday,OTHER_WEEK,6.4775,1.2,1.0975,0.16943265148591277,0,0.13951701614837242,-0.03626943005181347,lab/artifacts/ea-files/passive-refusal-depth-observation-v1/valid-p3-2025/observation/events-a.csv,1340,1343
L1507,P3_2025,Passive,US100_BOOK,2025-04-24T15:17:05,2025-04-24T17:32:13,Thursday,OTHER_WEEK,6.6768,-3.33,-3.3440000000000145,-0.5008387251377927,1,-0.5026400870768879,0.9230769230769231,lab/artifacts/ea-files/passive-refusal-depth-observation-v1/valid-p3-2025/observation/events-a.csv,1362,1368
L1508,P3_2025,Cross,US100_BOOK,2025-04-24T17:00:00,2025-04-24T21:00:00,Thursday,OTHER_WEEK,6.6768,2.12,2.107999999999993,0.31572010543973056,0,0.2858044701021902,-0.03626943005181347,lab/artifacts/ea-files/passive-refusal-depth-observation-v1/valid-p3-2025/observation/events-a.csv,1366,1369
L1509,P3_2025,Passive,US100_BOOK,2025-04-25T13:47:45,2025-04-25T16:30:00,Friday,OTHER_WEEK,6.6274,0.59,0.5759999999999854,0.08691191115671085,0,0.0851105492176157,-0.07692307692307693,lab/artifacts/ea-files/passive-refusal-depth-observation-v1/valid-p3-2025/observation/events-a.csv,1381,1387
L1510,P3_2025,RC4,US30_BOOK,2025-04-25T13:00:00,2025-04-25T19:00:00,Friday,OTHER_WEEK,6.6274,1.6800000000000002,1.6659999999999857,0.25138063192201854,0,0.18949723032331184,-0.29411764705882354,lab/artifacts/ea-files/passive-refusal-depth-observation-v1/valid-p3-2025/observation/events-a.csv,1374,1394
L1511,P3_2025,Cross,US100_BOOK,2025-04-25T17:00:00,2025-04-25T21:00:00,Friday,OTHER_WEEK,6.6504,1.67,1.6579999999999926,0.24930831228196687,0,0.21939267694442652,-0.03626943005181347,lab/artifacts/ea-files/passive-refusal-depth-observation-v1/valid-p3-2025/observation/events-a.csv,1391,1395
L1512,P3_2025,Return,US30_BOOK,2025-04-25T16:00:00,2025-04-25T22:00:00,Friday,OTHER_WEEK,6.6274,1.32,1.3059999999999856,0.1970606874490729,0,0.0704831320849014,-0.3269230769230769,lab/artifacts/ea-files/passive-refusal-depth-observation-v1/valid-p3-2025/observation/events-a.csv,1385,1396
L1513,P3_2025,RC16,US30_BOOK,2025-04-28T13:30:00,2025-04-28T17:30:00,Monday,OTHER_WEEK,6.8356,2.2800000000000002,2.265999999999986,0.33149979518988615,0,0.27313837620245746,-0.08860759493670886,lab/artifacts/ea-files/passive-refusal-depth-observation-v1/valid-p3-2025/observation/events-a.csv,1401,1408
L1514,P3_2025,Cross,US100_BOOK,2025-04-28T17:00:00,2025-04-28T21:00:00,Monday,OTHER_WEEK,6.8356,0.94,0.9279999999999927,0.13575984551465747,0,0.10584421017711712,-0.03626943005181347,lab/artifacts/ea-files/passive-refusal-depth-observation-v1/valid-p3-2025/observation/events-a.csv,1406,1409
L1515,P3_2025,Passive,US100_BOOK,2025-04-29T16:00:05,2025-04-29T17:00:00,Tuesday,OTHER_WEEK,6.9634,0.54,0.41250000000000003,0.05923830312778241,0,0.057436941188687266,-0.07692307692307693,lab/artifacts/ea-files/passive-refusal-depth-observation-v1/valid-p3-2025/observation/events-a.csv,1427,1428
L1516,P3_2025,RC16,US30_BOOK,2025-04-29T13:30:00,2025-04-29T17:30:00,Tuesday,OTHER_WEEK,6.9634,-1.8599999999999999,-1.8740000000000143,-0.2691214062096123,0,-0.32748282519704097,-0.08860759493670886,lab/artifacts/ea-files/passive-refusal-depth-observation-v1/valid-p3-2025/observation/events-a.csv,1414,1429
L1517,P3_2025,RC4,US30_BOOK,2025-04-30T13:00:00,2025-04-30T15:43:00,Wednesday,OTHER_WEEK,6.9049,-3.46,-3.4740000000000144,-0.5031209720633195,1,-0.5650043736620263,0.7058823529411764,lab/artifacts/ea-files/passive-refusal-depth-observation-v1/valid-p3-2025/observation/events-a.csv,1434,1445
L1518,P3_2025,Return,US30_BOOK,2025-04-30T16:00:00,2025-04-30T16:43:02,Wednesday,OTHER_WEEK,6.7659,-3.38,-3.3940000000000143,-0.5016331899673383,1,-0.6282107453315098,0.6730769230769231,lab/artifacts/ea-files/passive-refusal-depth-observation-v1/valid-p3-2025/observation/events-a.csv,1449,1451
L1519,P3_2025,Passive,US100_BOOK,2025-04-30T15:30:13,2025-04-30T18:30:00,Wednesday,OTHER_WEEK,6.9049,-0.15,-0.16400000000001455,-0.023751249112950883,0,-0.02555261105204603,-0.07692307692307693,lab/artifacts/ea-files/passive-refusal-depth-observation-v1/valid-p3-2025/observation/events-a.csv,1444,1457
L1520,P3_2025,Cross,US100_BOOK,2025-04-30T17:00:00,2025-04-30T21:00:00,Wednesday,OTHER_WEEK,6.6302,3.55,3.5379999999999927,0.533618895357605,0,0.5037032600200646,-0.03626943005181347,lab/artifacts/ea-files/passive-refusal-depth-observation-v1/valid-p3-2025/observation/events-a.csv,1455,1458
L1521,P3_2025,Cross,US100_BOOK,2025-05-01T17:00:00,2025-05-01T21:00:00,Thursday,OTHER_WEEK,6.7651,-1.1,-1.1120000000000074,-0.1643730321798654,0,-0.19428866751740576,-0.03626943005181347,lab/artifacts/ea-files/passive-refusal-depth-observation-v1/valid-p3-2025/observation/events-a.csv,1463,1465
L1522,P3_2025,Passive,US100_BOOK,2025-05-02T15:46:17,2025-05-02T19:45:00,Friday,OTHER_WEEK,6.7207,-2.13,-2.143999999999978,-0.3190143883821593,0,-0.3208157503212544,-0.07692307692307693,lab/artifacts/ea-files/passive-refusal-depth-observation-v1/valid-p3-2025/observation/events-a.csv,1472,1478
L1523,P3_2025,Cross,US100_BOOK,2025-05-02T17:00:00,2025-05-02T21:00:00,Friday,OTHER_WEEK,6.7207,1.49,1.4779999999999927,0.2199175681104636,0,0.19000193277292324,-0.03626943005181347,lab/artifacts/ea-files/passive-refusal-depth-observation-v1/valid-p3-2025/observation/events-a.csv,1476,1479
L1524,P3_2025,Cross,US100_BOOK,2025-05-05T17:00:00,2025-05-05T21:00:00,Monday,OTHER_WEEK,6.694,0.83,0.735,0.10979982073498655,0,0.0798841853974462,-0.03626943005181347,lab/artifacts/ea-files/passive-refusal-depth-observation-v1/valid-p3-2025/observation/events-a.csv,1490,1492
L1525,P3_2025,Passive,US100_BOOK,2025-05-06T12:16:22,2025-05-06T14:00:00,Tuesday,OTHER_WEEK,6.7234,0.53,0.5159999999999855,0.07674688401701305,0,0.0749455220779179,-0.07692307692307693,lab/artifacts/ea-files/passive-refusal-depth-observation-v1/valid-p3-2025/observation/events-a.csv,1499,1500
L1526,P3_2025,Cross,US100_BOOK,2025-05-06T17:00:00,2025-05-06T21:00:00,Tuesday,OTHER_WEEK,6.7441,-0.91,-0.9220000000000073,-0.1367120890852756,0,-0.16662772442281595,-0.03626943005181347,lab/artifacts/ea-files/passive-refusal-depth-observation-v1/valid-p3-2025/observation/events-a.csv,1504,1506
L1527,P3_2025,RC16,US30_BOOK,2025-05-07T13:30:00,2025-05-07T17:30:00,Wednesday,OTHER_WEEK,6.7072,-0.14,-0.1539999999999418,-0.0229604007633501,0,-0.0813218197507788,-0.08860759493670886,lab/artifacts/ea-files/passive-refusal-depth-observation-v1/valid-p3-2025/observation/events-a.csv,1516,1525
L1528,P3_2025,RC4,US30_BOOK,2025-05-07T13:00:00,2025-05-07T19:00:00,Wednesday,OTHER_WEEK,6.7072,-0.54,-0.5539999999999419,-0.08259780534350278,0,-0.14448120694220948,-0.29411764705882354,lab/artifacts/ea-files/passive-refusal-depth-observation-v1/valid-p3-2025/observation/events-a.csv,1511,1526
L1529,P3_2025,Cross,US100_BOOK,2025-05-07T17:00:00,2025-05-07T21:00:00,Wednesday,OTHER_WEEK,6.7072,1.17,1.1275,0.16810293416030533,0,0.13818729882276498,-0.03626943005181347,lab/artifacts/ea-files/passive-refusal-depth-observation-v1/valid-p3-2025/observation/events-a.csv,1523,1527
L1530,P3_2025,RC16,US30_BOOK,2025-05-08T13:30:00,2025-05-08T17:30:00,Thursday,OTHER_WEEK,6.724,-1.43,-1.4439999999999418,-0.21475312314097883,0,-0.2731145421284075,-0.08860759493670886,lab/artifacts/ea-files/passive-refusal-depth-observation-v1/valid-p3-2025/observation/events-a.csv,1532,1539
L1531,P3_2025,Cross,US100_BOOK,2025-05-08T17:00:00,2025-05-08T21:00:00,Thursday,OTHER_WEEK,6.724,-1.62,-1.6320000000000074,-0.24271267102915042,0,-0.2726283063666908,-0.03626943005181347,lab/artifacts/ea-files/passive-refusal-depth-observation-v1/valid-p3-2025/observation/events-a.csv,1537,1540
L1532,P3_2025,RC16,US30_BOOK,2025-05-09T13:30:00,2025-05-09T17:30:00,Friday,OTHER_WEEK,6.6009,-1.09,-1.103999999999942,-0.16724992046538228,0,-0.22561133945281098,-0.08860759493670886,lab/artifacts/ea-files/passive-refusal-depth-observation-v1/valid-p3-2025/observation/events-a.csv,1550,1558
L1533,P3_2025,RC4,US30_BOOK,2025-05-09T13:00:00,2025-05-09T19:00:00,Friday,OTHER_WEEK,6.6009,-0.31,-0.3239999999999418,-0.049084215788747255,0,-0.11096761738745395,-0.29411764705882354,lab/artifacts/ea-files/passive-refusal-depth-observation-v1/valid-p3-2025/observation/events-a.csv,1545,1559
L1534,P3_2025,Cross,US100_BOOK,2025-05-09T17:00:00,2025-05-09T21:00:00,Friday,OTHER_WEEK,6.6009,-0.99,-1.0020000000000073,-0.15179748216152453,0,-0.18171311749906488,-0.03626943005181347,lab/artifacts/ea-files/passive-refusal-depth-observation-v1/valid-p3-2025/observation/events-a.csv,1556,1560
L1535,P3_2025,Passive,US100_BOOK,2025-05-12T12:17:24,2025-05-12T13:15:00,Monday,STANDARD_EXPIRATION_WEEK,6.5037,-0.05,-0.06400000000001456,-0.009840552301000132,0,-0.011641914240095277,-0.07692307692307693,lab/artifacts/ea-files/passive-refusal-depth-observation-v1/valid-p3-2025/observation/events-a.csv,1567,1568
L1536,P3_2025,Pressure,US30_BOOK,2025-05-12T15:00:00,2025-05-12T19:00:00,Monday,STANDARD_EXPIRATION_WEEK,6.5012,-1.24,-1.2539999999999418,-0.19288746692917336,0,-0.17700243179232847,-0.34375,lab/artifacts/ea-files/passive-refusal-depth-observation-v1/valid-p3-2025/observation/events-a.csv,1572,1579
L1537,P3_2025,Cross,US100_BOOK,2025-05-12T17:00:00,2025-05-12T21:00:00,Monday,STANDARD_EXPIRATION_WEEK,6.5012,-1.23,-1.2420000000000073,-0.1910416538485214,0,-0.22095728918606175,-0.03626943005181347,lab/artifacts/ea-files/passive-refusal-depth-observation-v1/valid-p3-2025/observation/events-a.csv,1577,1580
L1538,P3_2025,RC16,US30_BOOK,2025-05-13T13:30:00,2025-05-13T17:30:00,Tuesday,STANDARD_EXPIRATION_WEEK,6.4013,-0.8,-0.8140000000000146,-0.1271616702857255,0,-0.1855230892731542,-0.08860759493670886,lab/artifacts/ea-files/passive-refusal-depth-observation-v1/valid-p3-2025/observation/events-a.csv,1590,1605
L1539,P3_2025,Passive,US100_BOOK,2025-05-13T15:18:49,2025-05-13T18:26:08,Tuesday,STANDARD_EXPIRATION_WEEK,6.4013,-3.2,-3.213999999999978,-0.5020855138799897,1,-0.5038868758190849,0.9230769230769231,lab/artifacts/ea-files/passive-refusal-depth-observation-v1/valid-p3-2025/observation/events-a.csv,1600,1606
L1540,P3_2025,RC4,US30_BOOK,2025-05-13T13:00:00,2025-05-13T19:00:00,Tuesday,STANDARD_EXPIRATION_WEEK,6.4013,-1.27,-1.2840000000000145,-0.20058425632293667,0,-0.2624676579216434,-0.29411764705882354,lab/artifacts/ea-files/passive-refusal-depth-observation-v1/valid-p3-2025/observation/events-a.csv,1585,1607
L1541,P3_2025,Passive,US100_BOOK,2025-05-14T14:30:24,2025-05-14T17:15:00,Wednesday,STANDARD_EXPIRATION_WEEK,6.1888,0.35,0.3359999999999854,0.054291623578074176,0,0.05249026163897903,-0.07692307692307693,lab/artifacts/ea-files/passive-refusal-depth-observation-v1/valid-p3-2025/observation/events-a.csv,1620,1626
L1542,P3_2025,Cross,US100_BOOK,2025-05-14T17:00:00,2025-05-14T21:00:00,Wednesday,STANDARD_EXPIRATION_WEEK,6.1888,0.33,0.31799999999999273,0.05138314374353554,0,0.02146750840599518,-0.03626943005181347,lab/artifacts/ea-files/passive-refusal-depth-observation-v1/valid-p3-2025/observation/events-a.csv,1624,1627
L1543,P3_2025,Passive,US100_BOOK,2025-05-15T13:39:06,2025-05-15T14:15:00,Thursday,STANDARD_EXPIRATION_WEEK,6.215,0.35,0.3359999999999854,0.054062751407881804,0,0.05226138946878666,-0.07692307692307693,lab/artifacts/ea-files/passive-refusal-depth-observation-v1/valid-p3-2025/observation/events-a.csv,1640,1641
L1544,P3_2025,Passive,US100_BOOK,2025-05-15T16:32:13,2025-05-15T17:30:00,Thursday,STANDARD_EXPIRATION_WEEK,6.2284,0.37,0.3560000000000218,0.05715753644596073,0,0.055356174506865585,-0.07692307692307693,lab/artifacts/ea-files/passive-refusal-depth-observation-v1/valid-p3-2025/observation/events-a.csv,1647,1648
L1545,P3_2025,Passive,US100_BOOK,2025-05-19T13:11:19,2025-05-19T13:45:00,Monday,OTHER_WEEK,6.2427,0.59,0.5759999999999854,0.09226776875390222,0,0.09046640681480707,-0.07692307692307693,lab/artifacts/ea-files/passive-refusal-depth-observation-v1/valid-p3-2025/observation/events-a.csv,1662,1663
L1546,P3_2025,Cross,US100_BOOK,2025-05-19T17:00:00,2025-05-19T21:00:00,Monday,OTHER_WEEK,6.2657,1.42,1.4079999999999926,0.22471551462725517,0,0.19479987928971482,-0.03626943005181347,lab/artifacts/ea-files/passive-refusal-depth-observation-v1/valid-p3-2025/observation/events-a.csv,1667,1669
L1547,P3_2025,RC16,US30_BOOK,2025-05-20T13:30:00,2025-05-20T17:30:00,Tuesday,OTHER_WEEK,6.322,-0.92,-0.9339999999999419,-0.14773805757670702,0,-0.20609947656413571,-0.08860759493670886,lab/artifacts/ea-files/passive-refusal-depth-observation-v1/valid-p3-2025/observation/events-a.csv,1679,1687
L1548,P3_2025,RC4,US30_BOOK,2025-05-20T13:00:00,2025-05-20T19:00:00,Tuesday,OTHER_WEEK,6.322,0.22,0.20600000000005822,0.03258462511864255,0,-0.029298776480064147,-0.29411764705882354,lab/artifacts/ea-files/passive-refusal-depth-observation-v1/valid-p3-2025/observation/events-a.csv,1674,1688
L1549,P3_2025,Cross,US100_BOOK,2025-05-20T17:00:00,2025-05-20T21:00:00,Tuesday,OTHER_WEEK,6.322,-0.38,-0.3920000000000073,-0.06200569440050732,0,-0.09192132973804767,-0.03626943005181347,lab/artifacts/ea-files/passive-refusal-depth-observation-v1/valid-p3-2025/observation/events-a.csv,1684,1689
L1550,P3_2025,Return,US30_BOOK,2025-05-21T16:00:00,2025-05-21T20:20:59,Wednesday,OTHER_WEEK,6.2772,-3.17,-3.1840000000000144,-0.5072325240553136,1,-0.6338100794194851,0.6730769230769231,lab/artifacts/ea-files/passive-refusal-depth-observation-v1/valid-p3-2025/observation/events-a.csv,1700,1707
L1551,P3_2025,Cross,US100_BOOK,2025-05-21T17:00:00,2025-05-21T21:00:00,Wednesday,OTHER_WEEK,6.2772,-1.04,-1.0520000000000074,-0.16759064551073846,0,-0.19750628084827881,-0.03626943005181347,lab/artifacts/ea-files/passive-refusal-depth-observation-v1/valid-p3-2025/observation/events-a.csv,1705,1708
L1552,P3_2025,RC4,US30_BOOK,2025-05-22T13:00:00,2025-05-22T17:01:12,Thursday,OTHER_WEEK,6.1078,-0.76,-0.7740000000000146,-0.1267232063918292,1,-0.1886066079905359,0.7058823529411764,lab/artifacts/ea-files/passive-refusal-depth-observation-v1/valid-p3-2025/observation/events-a.csv,1713,1734
L1553,P3_2025,Cross,US100_BOOK,2025-05-22T17:00:00,2025-05-22T21:00:00,Thursday,OTHER_WEEK,6.1078,0.05,0.03799999999999273,0.006221552768589791,0,-0.023694082568950565,-0.03626943005181347,lab/artifacts/ea-files/passive-refusal-depth-observation-v1/valid-p3-2025/observation/events-a.csv,1729,1741
L1554,P3_2025,Return,US30_BOOK,2025-05-22T16:00:00,2025-05-22T22:00:00,Thursday,OTHER_WEEK,6.1078,2.7800000000000002,2.765999999999986,0.4528635515242781,0,0.32628599616010656,-0.3269230769230769,lab/artifacts/ea-files/passive-refusal-depth-observation-v1/valid-p3-2025/observation/events-a.csv,1723,1742
L1555,P3_2025,Passive,US100_BOOK,2025-05-23T14:36:35,2025-05-23T15:06:08,Friday,OTHER_WEEK,6.189,-3.13,-3.1440000000000143,-0.5079980610761051,1,-0.5097994230152003,0.9230769230769231,lab/artifacts/ea-files/passive-refusal-depth-observation-v1/valid-p3-2025/observation/events-a.csv,1749,1755
L1556,P3_2025,Passive,US100_BOOK,2025-05-23T15:20:08,2025-05-23T17:45:00,Friday,OTHER_WEEK,6.0632,1.92,1.9059999999999855,0.31435545586488745,0,0.3125540939257923,-0.07692307692307693,lab/artifacts/ea-files/passive-refusal-depth-observation-v1/valid-p3-2025/observation/events-a.csv,1761,1768
L1557,P3_2025,Pressure,US30_BOOK,2025-05-23T15:00:00,2025-05-23T17:47:22,Friday,OTHER_WEEK,6.189,-3.1,-3.1139999999999417,-0.5031507513330008,1,-0.4872657161961559,0.65625,lab/artifacts/ea-files/passive-refusal-depth-observation-v1/valid-p3-2025/observation/events-a.csv,1753,1769
L1558,P3_2025,RC16,US30_BOOK,2025-05-26T13:30:01,2025-05-26T17:30:00,Monday,OTHER_WEEK,6.0149,-0.28,-0.29500000000000004,-0.049044871901444756,0,-0.10740629088887346,-0.08860759493670886,lab/artifacts/ea-files/passive-refusal-depth-observation-v1/valid-p3-2025/observation/events-a.csv,1779,1789
L1559,P3_2025,RC4,US30_BOOK,2025-05-26T13:00:00,2025-05-26T19:00:00,Monday,OTHER_WEEK,6.0149,0.29,0.2759999999999854,0.04588604964338317,0,-0.01599735195532353,-0.29411764705882354,lab/artifacts/ea-files/passive-refusal-depth-observation-v1/valid-p3-2025/observation/events-a.csv,1774,1790
L1560,P3_2025,Pressure,US30_BOOK,2025-05-26T15:00:00,2025-05-26T19:00:00,Monday,OTHER_WEEK,6.0149,0.09,0.07599999999998544,0.012635289032234192,0,0.028520324169079087,-0.34375,lab/artifacts/ea-files/passive-refusal-depth-observation-v1/valid-p3-2025/observation/events-a.csv,1784,1791
L1561,P3_2025,Passive,US100_BOOK,2025-05-27T13:30:23,2025-05-27T13:45:00,Tuesday,OTHER_WEEK,6.0172,0.2,0.18599999999998545,0.030911387356243013,0,0.029110025417147866,-0.07692307692307693,lab/artifacts/ea-files/passive-refusal-depth-observation-v1/valid-p3-2025/observation/events-a.csv,1804,1805
L1562,P3_2025,Passive,US100_BOOK,2025-05-27T15:17:28,2025-05-27T17:00:00,Tuesday,OTHER_WEEK,6.0246,0.17,0.15599999999998546,0.025893835275368562,0,0.024092473336273415,-0.07692307692307693,lab/artifacts/ea-files/passive-refusal-depth-observation-v1/valid-p3-2025/observation/events-a.csv,1811,1812
L1563,P3_2025,Cross,US100_BOOK,2025-05-27T17:00:00,2025-05-27T21:00:00,Tuesday,OTHER_WEEK,6.0309,1.81,1.7979999999999927,0.298131290520485,0,0.2682156551829446,-0.03626943005181347,lab/artifacts/ea-files/passive-refusal-depth-observation-v1/valid-p3-2025/observation/events-a.csv,1816,1818
L1564,P3_2025,Passive,US100_BOOK,2025-05-28T14:01:07,2025-05-28T17:00:00,Wednesday,OTHER_WEEK,6.1028,0.53,0.5160000000000219,0.08455135347709607,0,0.08274999153800092,-0.07692307692307693,lab/artifacts/ea-files/passive-refusal-depth-observation-v1/valid-p3-2025/observation/events-a.csv,1825,1826
L1565,P3_2025,Cross,US100_BOOK,2025-05-28T17:00:00,2025-05-28T21:00:00,Wednesday,OTHER_WEEK,6.1234,-0.04,-0.052000000000007277,-0.008492014240455837,0,-0.038407649577996195,-0.03626943005181347,lab/artifacts/ea-files/passive-refusal-depth-observation-v1/valid-p3-2025/observation/events-a.csv,1830,1832
L1566,P3_2025,Passive,US100_BOOK,2025-05-29T14:01:12,2025-05-29T17:07:14,Thursday,OTHER_WEEK,6.1214,-3.08,-3.093999999999978,-0.5054399320416862,1,-0.5072412939807814,0.9230769230769231,lab/artifacts/ea-files/passive-refusal-depth-observation-v1/valid-p3-2025/observation/events-a.csv,1839,1853
L1567,P3_2025,Return,US30_BOOK,2025-05-29T16:00:00,2025-05-29T18:58:13,Thursday,OTHER_WEEK,6.1214,-3.07,-3.085999999999985,-0.5041330414611013,1,-0.6307105968252728,0.6730769230769231,lab/artifacts/ea-files/passive-refusal-depth-observation-v1/valid-p3-2025/observation/events-a.csv,1848,1854
L1568,P3_2025,Pressure,US30_BOOK,2025-05-29T15:00:00,2025-05-29T19:00:00,Thursday,OTHER_WEEK,6.1214,3.56,3.5440000000000147,0.5789525271996626,0,0.5948375623365075,-0.34375,lab/artifacts/ea-files/passive-refusal-depth-observation-v1/valid-p3-2025/observation/events-a.csv,1843,1855
L1569,P3_2025,RC4,US30_BOOK,2025-05-30T13:00:00,2025-05-30T17:06:07,Friday,OTHER_WEEK,6.0159,-0.76,-0.775,-0.1288252796755265,1,-0.1907086812742332,0.7058823529411764,lab/artifacts/ea-files/passive-refusal-depth-observation-v1/valid-p3-2025/observation/events-a.csv,1860,1875
L1570,P3_2025,RC16,US30_BOOK,2025-05-30T13:30:00,2025-05-30T17:30:00,Friday,OTHER_WEEK,6.0159,0.68,0.665,0.11054040126996792,0,0.05217898228253922,-0.08860759493670886,lab/artifacts/ea-files/passive-refusal-depth-observation-v1/valid-p3-2025/observation/events-a.csv,1865,1878
L1571,P3_2025,Cross,US100_BOOK,2025-05-30T17:00:00,2025-05-30T21:00:00,Friday,OTHER_WEEK,6.0159,0.9,0.8880000000000291,0.14760883658305973,0,0.11769320124551938,-0.03626943005181347,lab/artifacts/ea-files/passive-refusal-depth-observation-v1/valid-p3-2025/observation/events-a.csv,1870,1883
L1572,P3_2025,RC16,US30_BOOK,2025-06-02T13:30:00,2025-06-02T17:30:00,Monday,OTHER_WEEK,6.047,0.02,0.003999999999941793,0.0006614850338914822,0,-0.057699933953537216,-0.08860759493670886,lab/artifacts/ea-files/passive-refusal-depth-observation-v1/valid-p3-2025/observation/events-a.csv,1888,1895
L1573,P3_2025,Cross,US100_BOOK,2025-06-02T17:00:00,2025-06-02T21:00:00,Monday,OTHER_WEEK,6.047,1.5,1.4879999999999927,0.24607243261121098,0,0.21615679727367063,-0.03626943005181347,lab/artifacts/ea-files/passive-refusal-depth-observation-v1/valid-p3-2025/observation/events-a.csv,1893,1896
L1574,P3_2025,RC16,US30_BOOK,2025-06-03T13:30:01,2025-06-03T17:30:00,Tuesday,OTHER_WEEK,6.1067,1.6600000000000001,1.6450000000000002,0.26937625886321587,0,0.21101483987578717,-0.08860759493670886,lab/artifacts/ea-files/passive-refusal-depth-observation-v1/valid-p3-2025/observation/events-a.csv,1901,1914
L1575,P3_2025,Passive,US100_BOOK,2025-06-03T14:37:29,2025-06-03T18:30:00,Tuesday,OTHER_WEEK,6.1067,-1.53,-1.5440000000000145,-0.2528370478327107,0,-0.25463840977180585,-0.07692307692307693,lab/artifacts/ea-files/passive-refusal-depth-observation-v1/valid-p3-2025/observation/events-a.csv,1908,1915
L1576,P3_2025,Cross,US100_BOOK,2025-06-03T17:00:00,2025-06-03T21:00:00,Tuesday,OTHER_WEEK,6.1067,1.25,1.238000000000029,0.2027281510472152,0,0.17281251570967485,-0.03626943005181347,lab/artifacts/ea-files/passive-refusal-depth-observation-v1/valid-p3-2025/observation/events-a.csv,1912,1916
L1577,P3_2025,Passive,US100_BOOK,2025-06-04T13:08:31,2025-06-04T14:15:01,Wednesday,OTHER_WEEK,6.1603,0.16,0.14599999999998545,0.02370014447348107,0,0.021898782534385923,-0.07692307692307693,lab/artifacts/ea-files/passive-refusal-depth-observation-v1/valid-p3-2025/observation/events-a.csv,1928,1934
L1578,P3_2025,RC16,US30_BOOK,2025-06-04T13:30:01,2025-06-04T17:30:00,Wednesday,OTHER_WEEK,6.1603,-0.07,-0.085,-0.013798029316754055,0,-0.07215944830418275,-0.08860759493670886,lab/artifacts/ea-files/passive-refusal-depth-observation-v1/valid-p3-2025/observation/events-a.csv,1932,1936
L1579,P3_2025,RC4,US30_BOOK,2025-06-04T13:00:02,2025-06-04T19:00:00,Wednesday,OTHER_WEEK,6.1603,-0.44,-0.45400000000001456,-0.07369770952713578,0,-0.13558111112584248,-0.29411764705882354,lab/artifacts/ea-files/passive-refusal-depth-observation-v1/valid-p3-2025/observation/events-a.csv,1926,1937
L1580,P3_2025,Passive,US100_BOOK,2025-06-05T14:14:40,2025-06-05T15:15:02,Thursday,OTHER_WEEK,6.1446,0.28,0.26599999999998547,0.04329004329004093,0,0.041488681350945786,-0.07692307692307693,lab/artifacts/ea-files/passive-refusal-depth-observation-v1/valid-p3-2025/observation/events-a.csv,1944,1945
L1581,P3_2025,Cross,US100_BOOK,2025-06-05T17:00:00,2025-06-05T21:00:00,Thursday,OTHER_WEEK,6.1552,0.05,0.03799999999999273,0.0061736417988030815,0,-0.023741993538737273,-0.03626943005181347,lab/artifacts/ea-files/passive-refusal-depth-observation-v1/valid-p3-2025/observation/events-a.csv,1949,1951
L1582,P3_2025,RC4,US30_BOOK,2025-06-06T13:00:00,2025-06-06T16:32:53,Friday,OTHER_WEEK,6.1567,-3.09,-3.1039999999999415,-0.5041661929280201,1,-0.5660495945267268,0.7058823529411764,lab/artifacts/ea-files/passive-refusal-depth-observation-v1/valid-p3-2025/observation/events-a.csv,1956,1964
L1583,P3_2025,Passive,US100_BOOK,2025-06-06T15:45:00,2025-06-06T19:30:00,Friday,OTHER_WEEK,6.1567,-0.12,-0.13400000000001455,-0.02176490652460158,0,-0.023566268463696728,-0.07692307692307693,lab/artifacts/ea-files/passive-refusal-depth-observation-v1/valid-p3-2025/observation/events-a.csv,1963,1970
L1584,P3_2025,Cross,US100_BOOK,2025-06-06T17:00:00,2025-06-06T21:00:00,Friday,OTHER_WEEK,6.0326,0.17,0.15799999999999273,0.02619102874382401,0,-0.0037246065937163453,-0.03626943005181347,lab/artifacts/ea-files/passive-refusal-depth-observation-v1/valid-p3-2025/observation/events-a.csv,1968,1971
L1585,P3_2025,RC16,US30_BOOK,2025-06-09T13:30:00,2025-06-09T17:30:00,Monday,OTHER_WEEK,6.0335,-1.32,-1.335,-0.22126460595011185,0,-0.2796260249375406,-0.08860759493670886,lab/artifacts/ea-files/passive-refusal-depth-observation-v1/valid-p3-2025/observation/events-a.csv,1981,1989
L1586,P3_2025,RC4,US30_BOOK,2025-06-09T13:00:00,2025-06-09T19:00:00,Monday,OTHER_WEEK,6.0335,0.61,0.5959999999999854,0.09878180160768799,0,0.036898400008981286,-0.29411764705882354,lab/artifacts/ea-files/passive-refusal-depth-observation-v1/valid-p3-2025/observation/events-a.csv,1976,1990
L1587,P3_2025,Cross,US100_BOOK,2025-06-09T17:00:00,2025-06-09T21:00:00,Monday,OTHER_WEEK,6.0335,0.76,0.7479999999999928,0.12397447584320755,0,0.0940588405056672,-0.03626943005181347,lab/artifacts/ea-files/passive-refusal-depth-observation-v1/valid-p3-2025/observation/events-a.csv,1986,1991
L1588,P3_2025,Passive,US100_BOOK,2025-06-10T14:00:10,2025-06-10T16:15:01,Tuesday,OTHER_WEEK,6.0339,-0.11,-0.12400000000001456,-0.020550556025127124,0,-0.02235191796422227,-0.07692307692307693,lab/artifacts/ea-files/passive-refusal-depth-observation-v1/valid-p3-2025/observation/events-a.csv,1998,1999
L1589,P3_2025,RC16,US30_BOOK,2025-06-11T13:30:00,2025-06-11T17:30:00,Wednesday,OTHER_WEEK,6.0289,2.13,2.1159999999999854,0.3509761316326337,0,0.292614712645205,-0.08860759493670886,lab/artifacts/ea-files/passive-refusal-depth-observation-v1/valid-p3-2025/observation/events-a.csv,2009,2022
L1590,P3_2025,Passive,US100_BOOK,2025-06-11T15:45:32,2025-06-11T18:45:00,Wednesday,OTHER_WEEK,6.0289,0.54,0.5259999999999855,0.08724642969695723,0,0.08544506775786208,-0.07692307692307693,lab/artifacts/ea-files/passive-refusal-depth-observation-v1/valid-p3-2025/observation/events-a.csv,2016,2023
L1591,P3_2025,RC4,US30_BOOK,2025-06-11T13:00:01,2025-06-11T19:00:00,Wednesday,OTHER_WEEK,6.0289,-2.25,-2.2640000000000144,-0.37552455671847507,0,-0.43740795831718177,-0.29411764705882354,lab/artifacts/ea-files/passive-refusal-depth-observation-v1/valid-p3-2025/observation/events-a.csv,2004,2024
L1592,P3_2025,Pressure,US30_BOOK,2025-06-12T15:00:00,2025-06-12T17:36:53,Thursday,OTHER_WEEK,6.044,-3.03,-3.045999999999985,-0.5039708802117778,1,-0.4880858450749329,0.65625,lab/artifacts/ea-files/passive-refusal-depth-observation-v1/valid-p3-2025/observation/events-a.csv,2029,2036
L1593,P3_2025,Cross,US100_BOOK,2025-06-12T17:00:00,2025-06-12T21:00:00,Thursday,OTHER_WEEK,6.044,0.78,0.7679999999999928,0.12706816677696772,0,0.09715253143942737,-0.03626943005181347,lab/artifacts/ea-files/passive-refusal-depth-observation-v1/valid-p3-2025/observation/events-a.csv,2034,2037
L1594,P3_2025,Cross,US100_BOOK,2025-06-13T17:00:00,2025-06-13T21:00:00,Friday,OTHER_WEEK,5.9529,0.31,0.2979999999999927,0.05005963479984423,0,0.020143999462303875,-0.03626943005181347,lab/artifacts/ea-files/passive-refusal-depth-observation-v1/valid-p3-2025/observation/events-a.csv,2042,2044
L1595,P3_2025,RC4,US30_BOOK,2025-06-16T13:00:00,2025-06-16T16:56:01,Monday,STANDARD_EXPIRATION_WEEK,5.9648,-3.0,-3.015,-0.5054653969957081,1,-0.5673487985944148,0.7058823529411764,lab/artifacts/ea-files/passive-refusal-depth-observation-v1/valid-p3-2025/observation/events-a.csv,2049,2061
L1596,P3_2025,RC16,US30_BOOK,2025-06-16T13:30:01,2025-06-16T17:30:00,Monday,STANDARD_EXPIRATION_WEEK,5.9648,3.22,3.2059999999999858,0.5374865879828302,0,0.47912516899540153,-0.08860759493670886,lab/artifacts/ea-files/passive-refusal-depth-observation-v1/valid-p3-2025/observation/events-a.csv,2054,2065
L1597,P3_2025,Pressure,US30_BOOK,2025-06-16T15:00:00,2025-06-16T19:00:00,Monday,STANDARD_EXPIRATION_WEEK,5.9648,1.43,1.415,0.23722505364806867,0,0.2531100887849136,-0.34375,lab/artifacts/ea-files/passive-refusal-depth-observation-v1/valid-p3-2025/observation/events-a.csv,2059,2066
L1598,P3_2025,Passive,US100_BOOK,2025-06-17T12:33:21,2025-06-17T13:15:01,Tuesday,STANDARD_EXPIRATION_WEEK,6.0291,0.1,0.08599999999998545,0.014264152195184265,0,0.01246279025608912,-0.07692307692307693,lab/artifacts/ea-files/passive-refusal-depth-observation-v1/valid-p3-2025/observation/events-a.csv,2073,2074
L1599,P3_2025,Cross,US100_BOOK,2025-06-17T17:00:00,2025-06-17T21:00:00,Tuesday,STANDARD_EXPIRATION_WEEK,6.0325,1.37,1.3579999999999928,0.22511396601740452,0,0.19519833067986417,-0.03626943005181347,lab/artifacts/ea-files/passive-refusal-depth-observation-v1/valid-p3-2025/observation/events-a.csv,2078,2080
L1600,P3_2025,Cross,US100_BOOK,2025-06-18T17:00:00,2025-06-18T21:00:00,Wednesday,STANDARD_EXPIRATION_WEEK,6.0868,-0.31,-0.4075,-0.06694815009528816,0,-0.09686378543282852,-0.03626943005181347,lab/artifacts/ea-files/passive-refusal-depth-observation-v1/valid-p3-2025/observation/events-a.csv,2085,2087
L1601,P3_2025,Passive,US100_BOOK,2025-06-20T15:00:19,2025-06-20T17:45:00,Friday,STANDARD_EXPIRATION_WEEK,6.0705,0.93,0.9159999999999855,0.15089366609010552,0,0.14909230415101038,-0.07692307692307693,lab/artifacts/ea-files/passive-refusal-depth-observation-v1/valid-p3-2025/observation/events-a.csv,2097,2098
L1602,P3_2025,Passive,US100_BOOK,2025-06-23T14:45:42,2025-06-23T16:00:00,Monday,OTHER_WEEK,6.1072,0.96,0.9459999999999854,0.1548991354466835,0,0.15309777350758835,-0.07692307692307693,lab/artifacts/ea-files/passive-refusal-depth-observation-v1/valid-p3-2025/observation/events-a.csv,2105,2106
L1603,P3_2025,Cross,US100_BOOK,2025-06-23T17:00:00,2025-06-23T21:00:00,Monday,OTHER_WEEK,6.145,-1.26,-1.2720000000000073,-0.20699755899105085,0,-0.2369131943285912,-0.03626943005181347,lab/artifacts/ea-files/passive-refusal-depth-observation-v1/valid-p3-2025/observation/events-a.csv,2110,2112
L1604,P3_2025,Cross,US100_BOOK,2025-06-24T17:00:00,2025-06-24T21:00:00,Tuesday,OTHER_WEEK,6.0941,1.28,1.2679999999999927,0.20807010058909317,0,0.17815446525155282,-0.03626943005181347,lab/artifacts/ea-files/passive-refusal-depth-observation-v1/valid-p3-2025/observation/events-a.csv,2117,2119
L1605,P3_2025,Passive,US100_BOOK,2025-06-25T14:48:53,2025-06-25T18:00:00,Wednesday,OTHER_WEEK,6.1449,-0.2,-0.21399999999997818,-0.03482562775634725,0,-0.03662698969544239,-0.07692307692307693,lab/artifacts/ea-files/passive-refusal-depth-observation-v1/valid-p3-2025/observation/events-a.csv,2131,2138
L1606,P3_2025,RC4,US30_BOOK,2025-06-25T13:00:00,2025-06-25T19:00:00,Wednesday,OTHER_WEEK,6.1449,0.9,0.8860000000000582,0.14418460837443378,0,0.08230120677572708,-0.29411764705882354,lab/artifacts/ea-files/passive-refusal-depth-observation-v1/valid-p3-2025/observation/events-a.csv,2124,2139
L1607,P3_2025,Cross,US100_BOOK,2025-06-25T17:00:00,2025-06-25T21:00:00,Wednesday,OTHER_WEEK,6.1449,-1.15,-1.1620000000000072,-0.18909990398541998,0,-0.21901553932296033,-0.03626943005181347,lab/artifacts/ea-files/passive-refusal-depth-observation-v1/valid-p3-2025/observation/events-a.csv,2135,2140
L1608,P3_2025,Cross,US100_BOOK,2025-06-26T17:00:00,2025-06-26T21:00:00,Thursday,OTHER_WEEK,6.1253,-0.97,-0.9820000000000072,-0.16031867826882065,0,-0.190234313606361,-0.03626943005181347,lab/artifacts/ea-files/passive-refusal-depth-observation-v1/valid-p3-2025/observation/events-a.csv,2145,2147
L1609,P3_2025,Cross,US100_BOOK,2025-06-27T17:00:00,2025-06-27T21:00:00,Friday,OTHER_WEEK,6.086,0.29,0.2779999999999927,0.0456786066381848,0,0.015762971300644444,-0.03626943005181347,lab/artifacts/ea-files/passive-refusal-depth-observation-v1/valid-p3-2025/observation/events-a.csv,2152,2154
L1610,P3_2025,Cross,US100_BOOK,2025-06-30T17:00:00,2025-06-30T21:00:00,Monday,OTHER_WEEK,6.0971,0.04,0.027999999999992725,0.004592347181445724,0,-0.025323288156094633,-0.03626943005181347,lab/artifacts/ea-files/passive-refusal-depth-observation-v1/valid-p3-2025/observation/events-a.csv,2159,2161
L1611,P3_2025,RC16,US30_BOOK,2025-07-01T13:30:06,2025-07-01T17:30:00,Tuesday,OTHER_WEEK,6.0982,2.63,2.6159999999999854,0.4289790429962916,0,0.3706176240088629,-0.08860759493670886,lab/artifacts/ea-files/passive-refusal-depth-observation-v1/valid-p3-2025/observation/events-a.csv,2166,2179
L1612,P3_2025,Cross,US100_BOOK,2025-07-01T17:00:00,2025-07-01T21:00:00,Tuesday,OTHER_WEEK,6.0982,0.57,0.5579999999999927,0.09150241054737344,0,0.06158677520983309,-0.03626943005181347,lab/artifacts/ea-files/passive-refusal-depth-observation-v1/valid-p3-2025/observation/events-a.csv,2177,2180
L1613,P3_2025,Cross,US100_BOOK,2025-07-02T17:00:00,2025-07-02T21:00:00,Wednesday,OTHER_WEEK,6.2252,1.19,1.1779999999999926,0.18923086808455833,0,0.15931523274701798,-0.03626943005181347,lab/artifacts/ea-files/passive-refusal-depth-observation-v1/valid-p3-2025/observation/events-a.csv,2196,2198
L1614,P3_2025,Return,US30_BOOK,2025-07-02T16:00:00,2025-07-02T22:00:00,Wednesday,OTHER_WEEK,6.2252,-0.13,-0.14399999999994179,-0.023131786930531032,0,-0.14970934229470254,-0.3269230769230769,lab/artifacts/ea-files/passive-refusal-depth-observation-v1/valid-p3-2025/observation/events-a.csv,2190,2199
L1615,P3_2025,RC4,US30_BOOK,2025-07-03T13:00:00,2025-07-03T19:00:00,Thursday,OTHER_WEEK,6.2665,3.37,3.3560000000000585,0.5355461581425132,0,0.47366275654380646,-0.29411764705882354,lab/artifacts/ea-files/passive-refusal-depth-observation-v1/valid-p3-2025/observation/events-a.csv,2204,2209
L1616,P3_2025,Passive,US100_BOOK,2025-07-04T12:17:06,2025-07-04T15:00:00,Friday,OTHER_WEEK,6.4008,-0.02,-0.03400000000001455,-0.005311836020499712,0,-0.007113197959594857,-0.07692307692307693,lab/artifacts/ea-files/passive-refusal-depth-observation-v1/valid-p3-2025/observation/events-a.csv,2216,2217
L1617,P3_2025,Passive,US100_BOOK,2025-07-07T14:49:30,2025-07-07T16:00:00,Monday,OTHER_WEEK,6.3994,0.28,0.26600000000002183,0.04156639684970807,0,0.03976503491061293,-0.07692307692307693,lab/artifacts/ea-files/passive-refusal-depth-observation-v1/valid-p3-2025/observation/events-a.csv,2226,2227
L1618,P3_2025,Cross,US100_BOOK,2025-07-08T17:00:00,2025-07-08T21:00:00,Tuesday,OTHER_WEEK,6.4101,-0.51,-0.5220000000000072,-0.08143398698928367,0,-0.11134962232682402,-0.03626943005181347,lab/artifacts/ea-files/passive-refusal-depth-observation-v1/valid-p3-2025/observation/events-a.csv,2232,2234
L1619,P3_2025,Passive,US100_BOOK,2025-07-09T12:16:46,2025-07-09T15:30:00,Wednesday,OTHER_WEEK,6.3892,-0.3,-0.31400000000001455,-0.049145432918051485,0,-0.05094679485714663,-0.07692307692307693,lab/artifacts/ea-files/passive-refusal-depth-observation-v1/valid-p3-2025/observation/events-a.csv,2241,2242
L1620,P3_2025,Cross,US100_BOOK,2025-07-09T17:00:00,2025-07-09T21:00:00,Wednesday,OTHER_WEEK,6.3766,-1.05,-1.061999999999971,-0.16654643540444297,0,-0.19646207074198332,-0.03626943005181347,lab/artifacts/ea-files/passive-refusal-depth-observation-v1/valid-p3-2025/observation/events-a.csv,2246,2248
L1621,P3_2025,RC16,US30_BOOK,2025-07-10T13:30:00,2025-07-10T17:30:00,Thursday,OTHER_WEEK,6.3341,1.8900000000000001,1.8759999999999857,0.29617467359214183,0,0.23781325460471314,-0.08860759493670886,lab/artifacts/ea-files/passive-refusal-depth-observation-v1/valid-p3-2025/observation/events-a.csv,2253,2260
L1622,P3_2025,Cross,US100_BOOK,2025-07-10T17:00:00,2025-07-10T21:00:00,Thursday,OTHER_WEEK,6.3341,-0.77,-0.7820000000000072,-0.12345873920525524,0,-0.1533743745427956,-0.03626943005181347,lab/artifacts/ea-files/passive-refusal-depth-observation-v1/valid-p3-2025/observation/events-a.csv,2258,2261
L1623,P3_2025,Passive,US100_BOOK,2025-07-11T12:30:07,2025-07-11T14:15:00,Friday,OTHER_WEEK,6.3779,0.12,0.10600000000002183,0.016619890559592,0,0.014818528620496855,-0.07692307692307693,lab/artifacts/ea-files/passive-refusal-depth-observation-v1/valid-p3-2025/observation/events-a.csv,2268,2269
L1624,P3_2025,Cross,US100_BOOK,2025-07-11T17:00:00,2025-07-11T21:00:00,Friday,OTHER_WEEK,6.3821,0.32,0.3079999999999927,0.04825997712351619,0,0.018344341785975837,-0.03626943005181347,lab/artifacts/ea-files/passive-refusal-depth-observation-v1/valid-p3-2025/observation/events-a.csv,2273,2275
L1625,P3_2025,RC16,US30_BOOK,2025-07-14T13:30:02,2025-07-14T17:30:00,Monday,STANDARD_EXPIRATION_WEEK,6.3945,0.81,0.7959999999999855,0.1244819766987232,0,0.06612055771129449,-0.08860759493670886,lab/artifacts/ea-files/passive-refusal-depth-observation-v1/valid-p3-2025/observation/events-a.csv,2280,2287
L1626,P3_2025,Cross,US100_BOOK,2025-07-14T17:00:00,2025-07-14T21:00:00,Monday,STANDARD_EXPIRATION_WEEK,6.3945,-1.34,-1.3520000000000074,-0.21143169911642934,0,-0.2413473344539697,-0.03626943005181347,lab/artifacts/ea-files/passive-refusal-depth-observation-v1/valid-p3-2025/observation/events-a.csv,2285,2288
L1627,P3_2025,Passive,US100_BOOK,2025-07-16T15:45:15,2025-07-16T16:45:00,Wednesday,STANDARD_EXPIRATION_WEEK,6.3722,0.58,0.5660000000000218,0.08882332632372207,0,0.08702196438462692,-0.07692307692307693,lab/artifacts/ea-files/passive-refusal-depth-observation-v1/valid-p3-2025/observation/events-a.csv,2296,2297
L1628,P3_2025,Cross,US100_BOOK,2025-07-16T17:00:00,2025-07-16T21:00:00,Wednesday,STANDARD_EXPIRATION_WEEK,6.3949,-0.62,-0.6320000000000072,-0.09882875416347515,0,-0.12874438950101552,-0.03626943005181347,lab/artifacts/ea-files/passive-refusal-depth-observation-v1/valid-p3-2025/observation/events-a.csv,2301,2303
L1629,P3_2025,Cross,US100_BOOK,2025-07-17T17:00:00,2025-07-17T21:00:00,Thursday,STANDARD_EXPIRATION_WEEK,6.3696,-1.26,-1.2720000000000073,-0.19969856819894613,0,-0.22961420353648648,-0.03626943005181347,lab/artifacts/ea-files/passive-refusal-depth-observation-v1/valid-p3-2025/observation/events-a.csv,2308,2310
L1630,P3_2025,RC4,US30_BOOK,2025-07-18T13:00:03,2025-07-18T19:00:00,Friday,STANDARD_EXPIRATION_WEEK,6.3187,2.27,2.2559999999999856,0.35703546615601084,0,0.29515206455730414,-0.29411764705882354,lab/artifacts/ea-files/passive-refusal-depth-observation-v1/valid-p3-2025/observation/events-a.csv,2315,2323
L1631,P3_2025,Cross,US100_BOOK,2025-07-18T17:00:00,2025-07-18T21:00:00,Friday,STANDARD_EXPIRATION_WEEK,6.3187,-0.58,-0.5920000000000072,-0.0936901577856216,0,-0.12360579312316196,-0.03626943005181347,lab/artifacts/ea-files/passive-refusal-depth-observation-v1/valid-p3-2025/observation/events-a.csv,2320,2324
L1632,P3_2025,Passive,US100_BOOK,2025-07-21T16:01:10,2025-07-21T16:45:00,Monday,OTHER_WEEK,6.3853,1.04,1.0260000000000218,0.1606815654706939,0,0.15888020353159876,-0.07692307692307693,lab/artifacts/ea-files/passive-refusal-depth-observation-v1/valid-p3-2025/observation/events-a.csv,2341,2342
L1633,P3_2025,RC4,US30_BOOK,2025-07-21T13:00:00,2025-07-21T17:03:17,Monday,OTHER_WEEK,6.3853,-0.8,-0.8139999999999419,-0.1274803063285894,1,-0.1893637079272961,0.7058823529411764,lab/artifacts/ea-files/passive-refusal-depth-observation-v1/valid-p3-2025/observation/events-a.csv,2329,2351
L1634,P3_2025,Cross,US100_BOOK,2025-07-21T17:00:00,2025-07-21T21:00:04,Monday,OTHER_WEEK,6.4263,0.32,0.3079999999999927,0.047928045687252806,0,0.01801241034971245,-0.03626943005181347,lab/artifacts/ea-files/passive-refusal-depth-observation-v1/valid-p3-2025/observation/events-a.csv,2346,2358
L1635,P3_2025,Return,US30_BOOK,2025-07-21T16:00:00,2025-07-21T22:00:00,Monday,OTHER_WEEK,6.3853,0.76,0.7460000000000582,0.11683084584906867,0,-0.009746709515102842,-0.3269230769230769,lab/artifacts/ea-files/passive-refusal-depth-observation-v1/valid-p3-2025/observation/events-a.csv,2339,2359
L1636,P3_2025,Passive,US100_BOOK,2025-07-22T13:36:28,2025-07-22T14:00:00,Tuesday,OTHER_WEEK,6.4359,0.12,0.10600000000002183,0.016470112960117748,0,0.014668751021022603,-0.07692307692307693,lab/artifacts/ea-files/passive-refusal-depth-observation-v1/valid-p3-2025/observation/events-a.csv,2366,2367
L1637,P3_2025,Passive,US100_BOOK,2025-07-22T15:04:15,2025-07-22T16:45:00,Tuesday,OTHER_WEEK,6.4401,0.55,0.5360000000000219,0.08322852129625656,0,0.08142715935716141,-0.07692307692307693,lab/artifacts/ea-files/passive-refusal-depth-observation-v1/valid-p3-2025/observation/events-a.csv,2373,2374
L1638,P3_2025,Cross,US100_BOOK,2025-07-22T17:00:00,2025-07-22T21:00:00,Tuesday,OTHER_WEEK,6.4616,-0.76,-0.7720000000000072,-0.11947505261854761,0,-0.14939068795608798,-0.03626943005181347,lab/artifacts/ea-files/passive-refusal-depth-observation-v1/valid-p3-2025/observation/events-a.csv,2378,2380
L1639,P3_2025,Cross,US100_BOOK,2025-07-23T17:00:01,2025-07-23T21:00:00,Wednesday,OTHER_WEEK,6.4307,-1.02,-1.0320000000000074,-0.16048019655714113,0,-0.19039583189468148,-0.03626943005181347,lab/artifacts/ea-files/passive-refusal-depth-observation-v1/valid-p3-2025/observation/events-a.csv,2385,2387
L1640,P3_2025,Cross,US100_BOOK,2025-07-24T17:00:00,2025-07-24T21:00:00,Thursday,OTHER_WEEK,6.3894,-0.22,-0.23200000000000728,-0.03631013866716863,0,-0.06622577400470898,-0.03626943005181347,lab/artifacts/ea-files/passive-refusal-depth-observation-v1/valid-p3-2025/observation/events-a.csv,2397,2399
L1641,P3_2025,Return,US30_BOOK,2025-07-24T16:00:00,2025-07-24T22:00:00,Thursday,OTHER_WEEK,6.3894,0.82,0.8049999999999999,0.12598992080633548,0,-0.0005876345578360309,-0.3269230769230769,lab/artifacts/ea-files/passive-refusal-depth-observation-v1/valid-p3-2025/observation/events-a.csv,2392,2400
L1642,P3_2025,Passive,US100_BOOK,2025-07-25T12:20:16,2025-07-25T13:15:00,Friday,OTHER_WEEK,6.4123,0.14,0.12599999999998546,0.01964973566426796,0,0.017848373725172815,-0.07692307692307693,lab/artifacts/ea-files/passive-refusal-depth-observation-v1/valid-p3-2025/observation/events-a.csv,2407,2408
L1643,P3_2025,Cross,US100_BOOK,2025-07-25T17:00:00,2025-07-25T21:00:00,Friday,OTHER_WEEK,6.4174,0.47,0.4579999999999927,0.07136846698039591,0,0.041452831642855556,-0.03626943005181347,lab/artifacts/ea-files/passive-refusal-depth-observation-v1/valid-p3-2025/observation/events-a.csv,2412,2414
L1644,P3_2025,Passive,US100_BOOK,2025-07-28T12:24:18,2025-07-28T16:15:00,Monday,OTHER_WEEK,6.4357,-0.57,-0.5840000000000145,-0.09074381963112242,0,-0.09254518157021757,-0.07692307692307693,lab/artifacts/ea-files/passive-refusal-depth-observation-v1/valid-p3-2025/observation/events-a.csv,2421,2422
L1645,P3_2025,Cross,US100_BOOK,2025-07-28T17:00:00,2025-07-28T21:00:00,Monday,OTHER_WEEK,6.4123,-0.61,-0.6220000000000072,-0.09700107605695417,0,-0.12691671139449454,-0.03626943005181347,lab/artifacts/ea-files/passive-refusal-depth-observation-v1/valid-p3-2025/observation/events-a.csv,2426,2428
L1646,P3_2025,Passive,US100_BOOK,2025-07-29T12:50:37,2025-07-29T14:45:01,Tuesday,OTHER_WEEK,6.3875,0.03,0.016000000000021827,0.0025048923679094836,0,0.0007035304288143384,-0.07692307692307693,lab/artifacts/ea-files/passive-refusal-depth-observation-v1/valid-p3-2025/observation/events-a.csv,2435,2436
L1647,P3_2025,Cross,US100_BOOK,2025-07-29T17:00:00,2025-07-29T21:00:00,Tuesday,OTHER_WEEK,6.3881,-0.95,-0.9620000000000072,-0.15059250794446036,0,-0.1805081432820007,-0.03626943005181347,lab/artifacts/ea-files/passive-refusal-depth-observation-v1/valid-p3-2025/observation/events-a.csv,2440,2442
L1648,P3_2025,Cross,US100_BOOK,2025-07-31T17:00:00,2025-07-31T21:00:00,Thursday,OTHER_WEEK,6.3496,2.87,2.8580000000000294,0.4501070933602163,0,0.42019145802267593,-0.03626943005181347,lab/artifacts/ea-files/passive-refusal-depth-observation-v1/valid-p3-2025/observation/events-a.csv,2453,2455
L1649,P3_2025,Return,US30_BOOK,2025-07-31T16:00:00,2025-07-31T21:06:57,Thursday,OTHER_WEEK,6.3496,-3.2,-3.2340000000000146,-0.5093234219478415,1,-0.635900977312013,0.6730769230769231,lab/artifacts/ea-files/passive-refusal-depth-observation-v1/valid-p3-2025/observation/events-a.csv,2448,2456
L1650,P3_2025,Passive,US100_BOOK,2025-08-01T12:20:55,2025-08-01T14:30:00,Friday,OTHER_WEEK,6.3346,-0.01,-0.02399999999997817,-0.003788715941018876,0,-0.005590077880114021,-0.07692307692307693,lab/artifacts/ea-files/passive-refusal-depth-observation-v1/valid-p3-2025/observation/events-a.csv,2463,2464
L1651,P3_2025,Pressure,US30_BOOK,2025-08-01T15:00:00,2025-08-01T19:00:00,Friday,OTHER_WEEK,6.3336,1.34,1.3250000000000002,0.2092017178224075,0,0.2250867529592524,-0.34375,lab/artifacts/ea-files/passive-refusal-depth-observation-v1/valid-p3-2025/observation/events-a.csv,2468,2475
L1652,P3_2025,Cross,US100_BOOK,2025-08-01T17:00:00,2025-08-01T21:00:00,Friday,OTHER_WEEK,6.3336,0.26,0.24799999999999273,0.039156246052796634,0,0.009240610715256278,-0.03626943005181347,lab/artifacts/ea-files/passive-refusal-depth-observation-v1/valid-p3-2025/observation/events-a.csv,2473,2476
L1653,P3_2025,RC16,US30_BOOK,2025-08-04T13:30:00,2025-08-04T17:30:00,Monday,OTHER_WEEK,6.3965,1.7,1.688000000000029,0.2638943172047259,0,0.2055328982172972,-0.08860759493670886,lab/artifacts/ea-files/passive-refusal-depth-observation-v1/valid-p3-2025/observation/events-a.csv,2481,2493
L1654,P3_2025,Cross,US100_BOOK,2025-08-04T17:00:00,2025-08-04T21:00:00,Monday,OTHER_WEEK,6.3965,0.2,0.18799999999999273,0.029391073243178727,0,-0.0005245620943616289,-0.03626943005181347,lab/artifacts/ea-files/passive-refusal-depth-observation-v1/valid-p3-2025/observation/events-a.csv,2491,2494
L1655,P3_2025,Return,US30_BOOK,2025-08-04T16:00:00,2025-08-04T22:00:00,Monday,OTHER_WEEK,6.3965,3.22,3.2080000000000295,0.5015242710857547,0,0.3749467157215832,-0.3269230769230769,lab/artifacts/ea-files/passive-refusal-depth-observation-v1/valid-p3-2025/observation/events-a.csv,2486,2495
L1656,P3_2025,Passive,US100_BOOK,2025-08-05T14:46:04,2025-08-05T16:00:00,Tuesday,OTHER_WEEK,6.5999,0.3,0.2860000000000218,0.043333989908941314,0,0.04153262796984617,-0.07692307692307693,lab/artifacts/ea-files/passive-refusal-depth-observation-v1/valid-p3-2025/observation/events-a.csv,2507,2508
L1657,P3_2025,RC4,US30_BOOK,2025-08-05T13:00:00,2025-08-05T17:00:00,Tuesday,OTHER_WEEK,6.5999,-1.6800000000000002,-1.7600000000000002,-0.26667070713192625,1,-0.32855410873063295,0.7058823529411764,lab/artifacts/ea-files/passive-refusal-depth-observation-v1/valid-p3-2025/observation/events-a.csv,2500,2517
L1658,P3_2025,Cross,US100_BOOK,2025-08-05T17:00:00,2025-08-05T21:00:00,Tuesday,OTHER_WEEK,6.6113,-1.37,-1.3820000000000074,-0.20903604434831385,0,-0.2389516796858542,-0.03626943005181347,lab/artifacts/ea-files/passive-refusal-depth-observation-v1/valid-p3-2025/observation/events-a.csv,2512,2529
L1659,P3_2025,Passive,US100_BOOK,2025-08-06T13:48:29,2025-08-06T14:30:00,Wednesday,OTHER_WEEK,6.4857,0.59,0.5759999999999854,0.08881076830565482,0,0.08700940636655967,-0.07692307692307693,lab/artifacts/ea-files/passive-refusal-depth-observation-v1/valid-p3-2025/observation/events-a.csv,2536,2537
L1660,P3_2025,Cross,US100_BOOK,2025-08-06T17:00:00,2025-08-06T21:00:00,Wednesday,OTHER_WEEK,6.5087,1.6800000000000002,1.6679999999999928,0.2562723738995487,0,0.22635673856200836,-0.03626943005181347,lab/artifacts/ea-files/passive-refusal-depth-observation-v1/valid-p3-2025/observation/events-a.csv,2541,2543
L1661,P3_2025,Passive,US100_BOOK,2025-08-07T12:24:28,2025-08-07T15:45:00,Thursday,OTHER_WEEK,6.5754,-0.29,-0.3039999999999782,-0.046232928795203056,0,-0.0480342907342982,-0.07692307692307693,lab/artifacts/ea-files/passive-refusal-depth-observation-v1/valid-p3-2025/observation/events-a.csv,2550,2551
L1662,P3_2025,Cross,US100_BOOK,2025-08-07T17:00:00,2025-08-07T21:00:00,Thursday,OTHER_WEEK,6.5633,-2.36,-2.372000000000007,-0.36140356223241465,0,-0.39131919756995504,-0.03626943005181347,lab/artifacts/ea-files/passive-refusal-depth-observation-v1/valid-p3-2025/observation/events-a.csv,2555,2557
L1663,P3_2025,RC16,US30_BOOK,2025-08-08T13:30:00,2025-08-08T17:30:00,Friday,OTHER_WEEK,6.4684,1.34,1.3280000000000292,0.2053057943231756,0,0.14694437533574692,-0.08860759493670886,lab/artifacts/ea-files/passive-refusal-depth-observation-v1/valid-p3-2025/observation/events-a.csv,2567,2575
L1664,P3_2025,RC4,US30_BOOK,2025-08-08T13:00:00,2025-08-08T19:00:00,Friday,OTHER_WEEK,6.4684,0.69,0.678000000000029,0.10481726547523793,0,0.042933863876531225,-0.29411764705882354,lab/artifacts/ea-files/passive-refusal-depth-observation-v1/valid-p3-2025/observation/events-a.csv,2562,2576
L1665,P3_2025,Cross,US100_BOOK,2025-08-08T17:00:00,2025-08-08T21:00:00,Friday,OTHER_WEEK,6.4684,0.55,0.5379999999999928,0.08317358233875345,0,0.0532579470012131,-0.03626943005181347,lab/artifacts/ea-files/passive-refusal-depth-observation-v1/valid-p3-2025/observation/events-a.csv,2572,2577
L1666,P3_2025,RC16,US30_BOOK,2025-08-11T13:30:00,2025-08-11T17:30:00,Monday,STANDARD_EXPIRATION_WEEK,6.5701,-2.08,-2.0919999999999708,-0.31841220072753396,0,-0.37677361971496265,-0.08860759493670886,lab/artifacts/ea-files/passive-refusal-depth-observation-v1/valid-p3-2025/observation/events-a.csv,2582,2589
L1667,P3_2025,Cross,US100_BOOK,2025-08-11T17:00:00,2025-08-11T21:00:00,Monday,STANDARD_EXPIRATION_WEEK,6.5701,-0.47,-0.48200000000000726,-0.07336265810261751,0,-0.10327829344015786,-0.03626943005181347,lab/artifacts/ea-files/passive-refusal-depth-observation-v1/valid-p3-2025/observation/events-a.csv,2587,2590
L1668,P3_2025,RC4,US30_BOOK,2025-08-12T13:00:00,2025-08-12T17:04:41,Tuesday,STANDARD_EXPIRATION_WEEK,6.4672,-3.25,-3.2619999999999707,-0.5043913904007872,1,-0.5662747919994939,0.7058823529411764,lab/artifacts/ea-files/passive-refusal-depth-observation-v1/valid-p3-2025/observation/events-a.csv,2595,2610
L1669,P3_2025,Passive,US100_BOOK,2025-08-12T15:45:07,2025-08-12T19:45:00,Tuesday,STANDARD_EXPIRATION_WEEK,6.4672,-0.9,-0.9139999999999782,-0.14132855022265867,0,-0.1431299121617538,-0.07692307692307693,lab/artifacts/ea-files/passive-refusal-depth-observation-v1/valid-p3-2025/observation/events-a.csv,2602,2611
L1670,P3_2025,Cross,US100_BOOK,2025-08-12T17:00:00,2025-08-12T21:00:00,Tuesday,STANDARD_EXPIRATION_WEEK,6.4672,-2.62,-2.6320000000000072,-0.4069767441860476,0,-0.436892379523588,-0.03626943005181347,lab/artifacts/ea-files/passive-refusal-depth-observation-v1/valid-p3-2025/observation/events-a.csv,2606,2612
L1671,P3_2025,Cross,US100_BOOK,2025-08-13T17:00:00,2025-08-13T21:00:00,Wednesday,STANDARD_EXPIRATION_WEEK,6.1949,0.77,0.7579999999999928,0.12235871442638184,0,0.09244307908884149,-0.03626943005181347,lab/artifacts/ea-files/passive-refusal-depth-observation-v1/valid-p3-2025/observation/events-a.csv,2617,2619
L1672,P3_2025,Passive,US100_BOOK,2025-08-14T15:45:09,2025-08-14T16:45:00,Thursday,STANDARD_EXPIRATION_WEEK,6.2252,0.79,0.7760000000000219,0.12465462957013781,0,0.12285326763104266,-0.07692307692307693,lab/artifacts/ea-files/passive-refusal-depth-observation-v1/valid-p3-2025/observation/events-a.csv,2631,2637
L1673,P3_2025,RC16,US30_BOOK,2025-08-14T13:30:01,2025-08-14T17:30:00,Thursday,STANDARD_EXPIRATION_WEEK,6.2252,-1.33,-1.341999999999971,-0.21557540319989252,0,-0.27393682218732124,-0.08860759493670886,lab/artifacts/ea-files/passive-refusal-depth-observation-v1/valid-p3-2025/observation/events-a.csv,2624,2643
L1674,P3_2025,Cross,US100_BOOK,2025-08-14T17:00:00,2025-08-14T21:00:00,Thursday,STANDARD_EXPIRATION_WEEK,6.2562,0.26,0.24799999999999273,0.039640676448961465,0,0.009725041111421109,-0.03626943005181347,lab/artifacts/ea-files/passive-refusal-depth-observation-v1/valid-p3-2025/observation/events-a.csv,2641,2644
L1675,P3_2025,Return,US30_BOOK,2025-08-14T16:00:00,2025-08-14T22:00:00,Thursday,STANDARD_EXPIRATION_WEEK,6.2252,0.78,0.7680000000000291,0.12336953029622005,0,-0.0032080250679514533,-0.3269230769230769,lab/artifacts/ea-files/passive-refusal-depth-observation-v1/valid-p3-2025/observation/events-a.csv,2635,2645
L1676,P3_2025,Cross,US100_BOOK,2025-08-15T17:00:00,2025-08-15T21:00:00,Friday,STANDARD_EXPIRATION_WEEK,6.2432,-0.37,-0.3820000000000073,-0.06118657098923746,0,-0.09110220632677782,-0.03626943005181347,lab/artifacts/ea-files/passive-refusal-depth-observation-v1/valid-p3-2025/observation/events-a.csv,2650,2652
L1677,P3_2025,Pressure,US30_BOOK,2025-08-19T15:00:00,2025-08-19T19:00:00,Tuesday,OTHER_WEEK,6.2279,-0.73,-0.7419999999999709,-0.11914128357872973,0,-0.10325624844188483,-0.34375,lab/artifacts/ea-files/passive-refusal-depth-observation-v1/valid-p3-2025/observation/events-a.csv,2664,2677
L1678,P3_2025,Passive,US100_BOOK,2025-08-19T16:06:57,2025-08-19T20:00:00,Tuesday,OTHER_WEEK,6.2279,-2.57,-2.5840000000000143,-0.41490711154643045,0,-0.4167084734855256,-0.07692307692307693,lab/artifacts/ea-files/passive-refusal-depth-observation-v1/valid-p3-2025/observation/events-a.csv,2671,2678
L1679,P3_2025,Cross,US100_BOOK,2025-08-19T17:00:00,2025-08-19T21:00:00,Tuesday,OTHER_WEEK,6.2279,1.71,1.6979999999999926,0.27264406942950153,0,0.24272843409196118,-0.03626943005181347,lab/artifacts/ea-files/passive-refusal-depth-observation-v1/valid-p3-2025/observation/events-a.csv,2675,2679
L1680,P3_2025,Passive,US100_BOOK,2025-08-20T12:19:22,2025-08-20T13:30:00,Wednesday,OTHER_WEEK,6.1628,0.02,0.0059999999999854475,0.0009735834360981125,0,-0.0008277785029970327,-0.07692307692307693,lab/artifacts/ea-files/passive-refusal-depth-observation-v1/valid-p3-2025/observation/events-a.csv,2686,2687
L1681,P3_2025,Cross,US100_BOOK,2025-08-20T17:00:00,2025-08-20T21:00:00,Wednesday,OTHER_WEEK,6.163,-0.92,-0.9320000000000073,-0.15122505273405926,0,-0.1811406880715996,-0.03626943005181347,lab/artifacts/ea-files/passive-refusal-depth-observation-v1/valid-p3-2025/observation/events-a.csv,2691,2693
L1682,P3_2025,Cross,US100_BOOK,2025-08-21T17:00:00,2025-08-21T21:00:00,Thursday,OTHER_WEEK,6.1257,-0.3,-0.31200000000000727,-0.050932954601108,0,-0.08084858993864835,-0.03626943005181347,lab/artifacts/ea-files/passive-refusal-depth-observation-v1/valid-p3-2025/observation/events-a.csv,2703,2705
L1683,P3_2025,Return,US30_BOOK,2025-08-21T16:00:00,2025-08-21T22:00:00,Thursday,OTHER_WEEK,6.1257,0.71,0.69,0.11264018806014005,0,-0.013937367304031459,-0.3269230769230769,lab/artifacts/ea-files/passive-refusal-depth-observation-v1/valid-p3-2025/observation/events-a.csv,2698,2706
L1684,P3_2025,Passive,US100_BOOK,2025-08-22T12:49:02,2025-08-22T14:30:00,Friday,OTHER_WEEK,6.1409,-0.09,-0.10400000000001455,-0.0169356283280976,0,-0.018736990267192746,-0.07692307692307693,lab/artifacts/ea-files/passive-refusal-depth-observation-v1/valid-p3-2025/observation/events-a.csv,2713,2714
L1685,P3_2025,Cross,US100_BOOK,2025-08-22T17:00:00,2025-08-22T17:09:02,Friday,OTHER_WEEK,6.1367,-3.07,-3.082000000000007,-0.5022243225186186,1,-0.532139957856159,0.9637305699481865,lab/artifacts/ea-files/passive-refusal-depth-observation-v1/valid-p3-2025/observation/events-a.csv,2718,2720
L1686,P3_2025,RC4,US30_BOOK,2025-08-25T13:00:00,2025-08-25T19:00:00,Monday,OTHER_WEEK,6.0134,1.51,1.498000000000029,0.24911032028470234,0,0.18722691868599564,-0.29411764705882354,lab/artifacts/ea-files/passive-refusal-depth-observation-v1/valid-p3-2025/observation/events-a.csv,2725,2733
L1687,P3_2025,Cross,US100_BOOK,2025-08-25T17:00:00,2025-08-25T21:00:00,Monday,OTHER_WEEK,6.0134,0.59,0.5779999999999927,0.0961186683074455,0,0.06620303296990515,-0.03626943005181347,lab/artifacts/ea-files/passive-refusal-depth-observation-v1/valid-p3-2025/observation/events-a.csv,2730,2734
L1688,P3_2025,Passive,US100_BOOK,2025-08-26T13:28:06,2025-08-26T14:30:00,Tuesday,OTHER_WEEK,6.0965,0.25,0.23600000000002183,0.03871073566800982,0,0.036909373728914674,-0.07692307692307693,lab/artifacts/ea-files/passive-refusal-depth-observation-v1/valid-p3-2025/observation/events-a.csv,2741,2742
L1689,P3_2025,RC16,US30_BOOK,2025-08-27T13:30:00,2025-08-27T17:30:00,Wednesday,OTHER_WEEK,6.1059,0.55,0.5380000000000291,0.08811149871436301,0,0.02975007972693431,-0.08860759493670886,lab/artifacts/ea-files/passive-refusal-depth-observation-v1/valid-p3-2025/observation/events-a.csv,2747,2754
L1690,P3_2025,Cross,US100_BOOK,2025-08-27T17:00:00,2025-08-27T21:00:00,Wednesday,OTHER_WEEK,6.1059,-0.87,-0.8820000000000072,-0.14445044956517586,0,-0.1743660849027162,-0.03626943005181347,lab/artifacts/ea-files/passive-refusal-depth-observation-v1/valid-p3-2025/observation/events-a.csv,2752,2755
L1691,P3_2025,Passive,US100_BOOK,2025-08-28T12:37:43,2025-08-28T13:00:00,Thursday,OTHER_WEEK,6.0921,0.12,0.10599999999998544,0.01739958306659205,0,0.015598221127496906,-0.07692307692307693,lab/artifacts/ea-files/passive-refusal-depth-observation-v1/valid-p3-2025/observation/events-a.csv,2762,2763
L1692,P3_2025,Passive,US100_BOOK,2025-08-28T14:19:40,2025-08-28T15:00:00,Thursday,OTHER_WEEK,6.0964,0.32,0.30599999999998545,0.050193556853222465,0,0.04839219491412732,-0.07692307692307693,lab/artifacts/ea-files/passive-refusal-depth-observation-v1/valid-p3-2025/observation/events-a.csv,2769,2770
L1693,P3_2025,Cross,US100_BOOK,2025-08-28T17:00:00,2025-08-28T21:00:00,Thursday,OTHER_WEEK,6.1086,1.56,1.5479999999999927,0.25341322070523403,0,0.22349758536769368,-0.03626943005181347,lab/artifacts/ea-files/passive-refusal-depth-observation-v1/valid-p3-2025/observation/events-a.csv,2774,2776
L1694,P3_2025,Passive,US100_BOOK,2025-08-29T12:55:02,2025-08-29T14:15:01,Friday,OTHER_WEEK,6.1705,0.02,0.0059999999999854475,0.0009723685276696294,0,-0.0008289934114255158,-0.07692307692307693,lab/artifacts/ea-files/passive-refusal-depth-observation-v1/valid-p3-2025/observation/events-a.csv,2783,2784
L1695,P3_2025,Cross,US100_BOOK,2025-08-29T17:00:00,2025-08-29T21:00:00,Friday,OTHER_WEEK,6.1708,0.58,0.5679999999999927,0.09204641213456809,0,0.062130776797027734,-0.03626943005181347,lab/artifacts/ea-files/passive-refusal-depth-observation-v1/valid-p3-2025/observation/events-a.csv,2788,2790
L1696,P3_2025,Passive,US100_BOOK,2025-09-01T12:20:07,2025-09-01T13:30:00,Monday,OTHER_WEEK,6.1935,-0.03,-0.044000000000014555,-0.007104222168404707,0,-0.008905584107499852,-0.07692307692307693,lab/artifacts/ea-files/passive-refusal-depth-observation-v1/valid-p3-2025/observation/events-a.csv,2797,2798
L1697,P3_2025,RC16,US30_BOOK,2025-09-01T13:30:00,2025-09-01T17:30:00,Monday,OTHER_WEEK,6.1917,0.08,0.0680000000000291,0.010982444239874203,0,-0.047378974747554495,-0.08860759493670886,lab/artifacts/ea-files/passive-refusal-depth-observation-v1/valid-p3-2025/observation/events-a.csv,2802,2806
L1698,P3_2025,Passive,US100_BOOK,2025-09-02T12:47:58,2025-09-02T16:45:00,Tuesday,OTHER_WEEK,6.1945,-1.56,-1.5740000000000145,-0.2540963758172596,0,-0.2558977377563547,-0.07692307692307693,lab/artifacts/ea-files/passive-refusal-depth-observation-v1/valid-p3-2025/observation/events-a.csv,2813,2824
L1699,P3_2025,Pressure,US30_BOOK,2025-09-02T15:00:00,2025-09-02T19:00:00,Tuesday,OTHER_WEEK,6.1945,2.77,2.7580000000000293,0.4452336750343094,0,0.4611187101711543,-0.34375,lab/artifacts/ea-files/passive-refusal-depth-observation-v1/valid-p3-2025/observation/events-a.csv,2817,2828
L1700,P3_2025,Return,US30_BOOK,2025-09-02T16:00:00,2025-09-02T22:00:00,Tuesday,OTHER_WEEK,6.1945,0.38,0.3680000000000291,0.059407538945843746,0,-0.06717001641832776,-0.3269230769230769,lab/artifacts/ea-files/passive-refusal-depth-observation-v1/valid-p3-2025/observation/events-a.csv,2822,2829
L1701,P3_2025,Passive,US100_BOOK,2025-09-03T13:30:18,2025-09-03T14:30:00,Wednesday,OTHER_WEEK,6.2565,0.18,0.16599999999998544,0.026532406297448324,0,0.024731044358353178,-0.07692307692307693,lab/artifacts/ea-files/passive-refusal-depth-observation-v1/valid-p3-2025/observation/events-a.csv,2836,2837
L1702,P3_2025,Cross,US100_BOOK,2025-09-03T17:00:01,2025-09-03T21:00:00,Wednesday,OTHER_WEEK,6.2632,0.16,0.14799999999999272,0.023630093243069472,0,-0.006285542094470884,-0.03626943005181347,lab/artifacts/ea-files/passive-refusal-depth-observation-v1/valid-p3-2025/observation/events-a.csv,2846,2848
L1703,P3_2025,Return,US30_BOOK,2025-09-03T16:00:00,2025-09-03T22:00:00,Wednesday,OTHER_WEEK,6.2632,-1.19,-1.2019999999999709,-0.1919146762038528,0,-0.3184922315680243,-0.3269230769230769,lab/artifacts/ea-files/passive-refusal-depth-observation-v1/valid-p3-2025/observation/events-a.csv,2841,2849
L1704,P3_2025,RC16,US30_BOOK,2025-09-04T13:30:00,2025-09-04T17:30:00,Thursday,OTHER_WEEK,6.221,0.89,0.8780000000000291,0.1411348657772109,0,0.08277344678978221,-0.08860759493670886,lab/artifacts/ea-files/passive-refusal-depth-observation-v1/valid-p3-2025/observation/events-a.csv,2859,2867
L1705,P3_2025,RC4,US30_BOOK,2025-09-04T13:00:00,2025-09-04T19:00:00,Thursday,OTHER_WEEK,6.221,2.26,2.248000000000029,0.36135669506510676,0,0.29947329346640006,-0.29411764705882354,lab/artifacts/ea-files/passive-refusal-depth-observation-v1/valid-p3-2025/observation/events-a.csv,2854,2868
L1706,P3_2025,Cross,US100_BOOK,2025-09-04T17:00:00,2025-09-04T21:00:00,Thursday,OTHER_WEEK,6.221,-1.07,-1.185,-0.1904838450409902,0,-0.22039948037853055,-0.03626943005181347,lab/artifacts/ea-files/passive-refusal-depth-observation-v1/valid-p3-2025/observation/events-a.csv,2864,2869
L1707,P3_2025,Passive,US100_BOOK,2025-09-05T16:00:06,2025-09-05T17:15:00,Friday,OTHER_WEEK,6.2987,1.2,1.1860000000000217,0.18829282232842043,0,0.1864914603893253,-0.07692307692307693,lab/artifacts/ea-files/passive-refusal-depth-observation-v1/valid-p3-2025/observation/events-a.csv,2876,2882
L1708,P3_2025,Cross,US100_BOOK,2025-09-05T17:00:00,2025-09-05T21:00:00,Friday,OTHER_WEEK,6.2987,2.38,2.3679999999999928,0.37595059297950256,0,0.3460349576419622,-0.03626943005181347,lab/artifacts/ea-files/passive-refusal-depth-observation-v1/valid-p3-2025/observation/events-a.csv,2880,2883
L1709,P3_2025,RC16,US30_BOOK,2025-09-08T13:30:00,2025-09-08T17:30:00,Monday,OTHER_WEEK,6.4408,-1.01,-1.03,-0.15991802260588747,0,-0.21827944159331616,-0.08860759493670886,lab/artifacts/ea-files/passive-refusal-depth-observation-v1/valid-p3-2025/observation/events-a.csv,2888,2895
L1710,P3_2025,Cross,US100_BOOK,2025-09-08T17:00:00,2025-09-08T21:00:00,Monday,OTHER_WEEK,6.4408,-0.64,-0.6520000000000072,-0.10122966091168911,0,-0.13114529624922946,-0.03626943005181347,lab/artifacts/ea-files/passive-refusal-depth-observation-v1/valid-p3-2025/observation/events-a.csv,2893,2896
L1711,P3_2025,Passive,US100_BOOK,2025-09-10T15:03:41,2025-09-10T16:45:00,Wednesday,OTHER_WEEK,6.3735,0.26,0.24600000000002184,0.03859731701577184,0,0.0367959550766767,-0.07692307692307693,lab/artifacts/ea-files/passive-refusal-depth-observation-v1/valid-p3-2025/observation/events-a.csv,2910,2911
L1712,P3_2025,Cross,US100_BOOK,2025-09-10T17:00:00,2025-09-10T21:00:00,Wednesday,OTHER_WEEK,6.3834,0.32,0.3079999999999927,0.04825014882350984,0,0.018334513485969487,-0.03626943005181347,lab/artifacts/ea-files/passive-refusal-depth-observation-v1/valid-p3-2025/observation/events-a.csv,2915,2917
L1713,P3_2025,RC4,US30_BOOK,2025-09-11T13:00:00,2025-09-11T19:00:00,Thursday,OTHER_WEEK,6.3957,4.9,4.888000000000029,0.7642634895320339,0,0.7023800879333273,-0.29411764705882354,lab/artifacts/ea-files/passive-refusal-depth-observation-v1/valid-p3-2025/observation/events-a.csv,2922,2930
L1714,P3_2025,Cross,US100_BOOK,2025-09-11T17:00:00,2025-09-11T21:00:00,Thursday,OTHER_WEEK,6.3957,-0.55,-0.561999999999971,-0.08787153869005285,0,-0.1177871740275932,-0.03626943005181347,lab/artifacts/ea-files/passive-refusal-depth-observation-v1/valid-p3-2025/observation/events-a.csv,2928,2931
L1715,P3_2025,Passive,US100_BOOK,2025-09-15T12:16:30,2025-09-15T14:15:00,Monday,STANDARD_EXPIRATION_WEEK,6.5687,0.53,0.5160000000000219,0.0785543562653222,0,0.07675299432622705,-0.07692307692307693,lab/artifacts/ea-files/passive-refusal-depth-observation-v1/valid-p3-2025/observation/events-a.csv,2939,2940
L1716,P3_2025,Passive,US100_BOOK,2025-09-15T14:48:28,2025-09-15T18:45:00,Monday,STANDARD_EXPIRATION_WEEK,6.5894,-1.17,-1.1839999999999782,-0.17968252041156677,0,-0.1814838823506619,-0.07692307692307693,lab/artifacts/ea-files/passive-refusal-depth-observation-v1/valid-p3-2025/observation/events-a.csv,2946,2952
L1717,P3_2025,Cross,US100_BOOK,2025-09-15T17:00:00,2025-09-15T21:00:00,Monday,STANDARD_EXPIRATION_WEEK,6.5894,0.25,0.23799999999999272,0.036118614744892204,0,0.0062029794073518475,-0.03626943005181347,lab/artifacts/ea-files/passive-refusal-depth-observation-v1/valid-p3-2025/observation/events-a.csv,2950,2953
L1718,P3_2025,Passive,US100_BOOK,2025-09-16T15:24:44,2025-09-16T19:15:00,Tuesday,STANDARD_EXPIRATION_WEEK,6.5515,-0.73,-0.7439999999999781,-0.11356177974509321,0,-0.11536314168418836,-0.07692307692307693,lab/artifacts/ea-files/passive-refusal-depth-observation-v1/valid-p3-2025/observation/events-a.csv,2960,2971
L1719,P3_2025,Cross,US100_BOOK,2025-09-16T17:00:00,2025-09-16T21:00:00,Tuesday,STANDARD_EXPIRATION_WEEK,6.5515,-0.01,-0.022000000000007278,-0.003358009616119557,0,-0.03327364495365991,-0.03626943005181347,lab/artifacts/ea-files/passive-refusal-depth-observation-v1/valid-p3-2025/observation/events-a.csv,2969,2972
L1720,P3_2025,Return,US30_BOOK,2025-09-16T16:00:00,2025-09-16T22:00:00,Tuesday,STANDARD_EXPIRATION_WEEK,6.5515,-0.45,-0.46199999999997093,-0.07051820193848293,0,-0.19709575730265444,-0.3269230769230769,lab/artifacts/ea-files/passive-refusal-depth-observation-v1/valid-p3-2025/observation/events-a.csv,2964,2973
L1721,P3_2025,Passive,US100_BOOK,2025-09-17T13:31:39,2025-09-17T14:45:00,Wednesday,STANDARD_EXPIRATION_WEEK,6.5024,-0.08,-0.09400000000001456,-0.014456200787403815,0,-0.01625756272649896,-0.07692307692307693,lab/artifacts/ea-files/passive-refusal-depth-observation-v1/valid-p3-2025/observation/events-a.csv,2980,2981
L1722,P3_2025,Cross,US100_BOOK,2025-09-17T17:00:00,2025-09-17T21:00:00,Wednesday,STANDARD_EXPIRATION_WEEK,6.4987,0.18,0.1679999999999927,0.02585132411097492,0,-0.0040643112265654376,-0.03626943005181347,lab/artifacts/ea-files/passive-refusal-depth-observation-v1/valid-p3-2025/observation/events-a.csv,2985,2987
L1723,P3_2025,Passive,US100_BOOK,2025-09-18T12:15:10,2025-09-18T14:45:00,Thursday,STANDARD_EXPIRATION_WEEK,6.5054,-0.09,-0.10400000000001455,-0.01598671872598373,0,-0.017788080665078875,-0.07692307692307693,lab/artifacts/ea-files/passive-refusal-depth-observation-v1/valid-p3-2025/observation/events-a.csv,2994,2995
L1724,P3_2025,Cross,US100_BOOK,2025-09-18T17:00:00,2025-09-18T21:00:00,Thursday,STANDARD_EXPIRATION_WEEK,6.5012,0.37,0.3579999999999927,0.05506675690641616,0,0.025151121568875803,-0.03626943005181347,lab/artifacts/ea-files/passive-refusal-depth-observation-v1/valid-p3-2025/observation/events-a.csv,3004,3006
L1725,P3_2025,Return,US30_BOOK,2025-09-18T16:00:00,2025-09-18T22:00:00,Thursday,STANDARD_EXPIRATION_WEEK,6.5012,0.88,0.8680000000000291,0.1335138128345581,0,0.006936257470386592,-0.3269230769230769,lab/artifacts/ea-files/passive-refusal-depth-observation-v1/valid-p3-2025/observation/events-a.csv,2999,3007
L1726,P3_2025,RC4,US30_BOOK,2025-09-19T13:00:00,2025-09-19T19:00:00,Friday,STANDARD_EXPIRATION_WEEK,6.5503,-0.16,-0.18,-0.027479657420270826,0,-0.08936305901897752,-0.29411764705882354,lab/artifacts/ea-files/passive-refusal-depth-observation-v1/valid-p3-2025/observation/events-a.csv,3012,3020
L1727,P3_2025,Cross,US100_BOOK,2025-09-19T17:00:00,2025-09-19T21:00:00,Friday,STANDARD_EXPIRATION_WEEK,6.5503,0.24,0.2279999999999927,0.03480756606567527,0,0.004891930728134913,-0.03626943005181347,lab/artifacts/ea-files/passive-refusal-depth-observation-v1/valid-p3-2025/observation/events-a.csv,3017,3021
L1728,P3_2025,RC4,US30_BOOK,2025-09-22T13:00:00,2025-09-22T17:10:41,Monday,OTHER_WEEK,6.5522,-0.83,-0.8419999999999709,-0.12850645584688666,1,-0.19038985744559336,0.7058823529411764,lab/artifacts/ea-files/passive-refusal-depth-observation-v1/valid-p3-2025/observation/events-a.csv,3031,3047
L1729,P3_2025,Cross,US100_BOOK,2025-09-22T17:00:00,2025-09-22T21:00:00,Monday,OTHER_WEEK,6.5522,1.1400000000000001,1.1279999999999928,0.17215591709654662,0,0.14224028175900627,-0.03626943005181347,lab/artifacts/ea-files/passive-refusal-depth-observation-v1/valid-p3-2025/observation/events-a.csv,3042,3056
L1730,P3_2025,Return,US30_BOOK,2025-09-22T16:00:00,2025-09-22T22:00:00,Monday,OTHER_WEEK,6.5522,2.98,2.9680000000000293,0.4529776258356017,0,0.32640007047143016,-0.3269230769230769,lab/artifacts/ea-files/passive-refusal-depth-observation-v1/valid-p3-2025/observation/events-a.csv,3037,3057
L1731,P3_2025,RC16,US30_BOOK,2025-09-23T13:30:00,2025-09-23T17:30:00,Tuesday,OTHER_WEEK,6.6823,1.63,1.618000000000029,0.2421321999910254,0,0.1837707810035967,-0.08860759493670886,lab/artifacts/ea-files/passive-refusal-depth-observation-v1/valid-p3-2025/observation/events-a.csv,3062,3069
L1732,P3_2025,Cross,US100_BOOK,2025-09-23T17:00:00,2025-09-23T21:00:00,Tuesday,OTHER_WEEK,6.6823,1.04,1.0279999999999927,0.15383924696586396,0,0.1239236116283236,-0.03626943005181347,lab/artifacts/ea-files/passive-refusal-depth-observation-v1/valid-p3-2025/observation/events-a.csv,3067,3070
L1733,P3_2025,Passive,US100_BOOK,2025-09-24T13:16:02,2025-09-24T14:00:00,Wednesday,OTHER_WEEK,6.7882,0.02,0.0059999999999854475,0.0008838867446429757,0,-0.0009174751944521695,-0.07692307692307693,lab/artifacts/ea-files/passive-refusal-depth-observation-v1/valid-p3-2025/observation/events-a.csv,3077,3078
L1734,P3_2025,Cross,US100_BOOK,2025-09-24T17:00:00,2025-09-24T21:00:00,Wednesday,OTHER_WEEK,6.7884,1.09,1.0779999999999927,0.15880030640504283,0,0.12888467106750248,-0.03626943005181347,lab/artifacts/ea-files/passive-refusal-depth-observation-v1/valid-p3-2025/observation/events-a.csv,3082,3084
L1735,P3_2025,Passive,US100_BOOK,2025-09-25T13:45:35,2025-09-25T17:30:00,Thursday,OTHER_WEEK,6.8315,-0.59,-0.6039999999999781,-0.08841396472223935,0,-0.0902153266613345,-0.07692307692307693,lab/artifacts/ea-files/passive-refusal-depth-observation-v1/valid-p3-2025/observation/events-a.csv,3091,3102
L1736,P3_2025,Cross,US100_BOOK,2025-09-25T17:00:00,2025-09-25T21:00:00,Thursday,OTHER_WEEK,6.8315,-0.69,-0.7020000000000072,-0.10275927687916375,0,-0.1326749122167041,-0.03626943005181347,lab/artifacts/ea-files/passive-refusal-depth-observation-v1/valid-p3-2025/observation/events-a.csv,3100,3103
L1737,P3_2025,Return,US30_BOOK,2025-09-25T16:00:00,2025-09-25T22:00:00,Thursday,OTHER_WEEK,6.8315,-0.46,-0.47199999999997094,-0.06909170753128463,0,-0.19566926289545614,-0.3269230769230769,lab/artifacts/ea-files/passive-refusal-depth-observation-v1/valid-p3-2025/observation/events-a.csv,3095,3104
L1738,P3_2025,Cross,US100_BOOK,2025-09-26T17:00:01,2025-09-26T21:00:00,Friday,OTHER_WEEK,6.7604,0.15,0.1379999999999927,0.02041299331400401,0,-0.009502642023536345,-0.03626943005181347,lab/artifacts/ea-files/passive-refusal-depth-observation-v1/valid-p3-2025/observation/events-a.csv,3115,3117
L1739,P3_2025,RC16,US30_BOOK,2025-09-29T13:30:00,2025-09-29T17:30:00,Monday,OTHER_WEEK,6.7659,-2.7199999999999998,-2.7319999999999705,-0.4037895919242038,0,-0.46215101091163246,-0.08860759493670886,lab/artifacts/ea-files/passive-refusal-depth-observation-v1/valid-p3-2025/observation/events-a.csv,3122,3129
L1740,P3_2025,Cross,US100_BOOK,2025-09-29T17:00:00,2025-09-29T21:00:00,Monday,OTHER_WEEK,6.7659,-1.02,-1.0320000000000074,-0.15252959694940915,0,-0.1824452322869495,-0.03626943005181347,lab/artifacts/ea-files/passive-refusal-depth-observation-v1/valid-p3-2025/observation/events-a.csv,3127,3130
L1741,P3_2025,RC4,US30_BOOK,2025-09-30T13:00:00,2025-09-30T19:00:00,Tuesday,OTHER_WEEK,6.6154,0.11,0.09,0.01360461952414064,0,-0.04827878207456606,-0.29411764705882354,lab/artifacts/ea-files/passive-refusal-depth-observation-v1/valid-p3-2025/observation/events-a.csv,3140,3150
L1742,P3_2025,Cross,US100_BOOK,2025-09-30T17:00:00,2025-09-30T21:00:00,Tuesday,OTHER_WEEK,6.6154,0.16,0.14799999999999272,0.022372040995252397,0,-0.007543594342287959,-0.03626943005181347,lab/artifacts/ea-files/passive-refusal-depth-observation-v1/valid-p3-2025/observation/events-a.csv,3146,3151
L1743,P3_2025,Passive,US100_BOOK,2025-10-01T13:01:06,2025-10-01T17:00:00,Wednesday,OTHER_WEEK,6.6249,-0.35,-0.46749999999999997,-0.0705671028996664,0,-0.07236846483876155,-0.07692307692307693,lab/artifacts/ea-files/passive-refusal-depth-observation-v1/valid-p3-2025/observation/events-a.csv,3158,3159
L1744,P3_2025,Passive,US100_BOOK,2025-10-02T15:32:20,2025-10-02T16:45:00,Thursday,OTHER_WEEK,6.6062,1.11,1.0959999999999857,0.16590475613817104,0,0.1641033941990759,-0.07692307692307693,lab/artifacts/ea-files/passive-refusal-depth-observation-v1/valid-p3-2025/observation/events-a.csv,3166,3167
L1745,P3_2025,Cross,US100_BOOK,2025-10-02T17:00:00,2025-10-02T21:00:00,Thursday,OTHER_WEEK,6.65,-0.24,-0.2520000000000073,-0.037894736842106355,0,-0.06781037217964671,-0.03626943005181347,lab/artifacts/ea-files/passive-refusal-depth-observation-v1/valid-p3-2025/observation/events-a.csv,3171,3173
L1746,P3_2025,RC16,US30_BOOK,2025-10-03T13:30:00,2025-10-03T17:30:00,Friday,OTHER_WEEK,6.64,2.59,2.578000000000029,0.3882530120481972,0,0.3298915930607685,-0.08860759493670886,lab/artifacts/ea-files/passive-refusal-depth-observation-v1/valid-p3-2025/observation/events-a.csv,3178,3191
L1747,P3_2025,Passive,US100_BOOK,2025-10-03T15:46:07,2025-10-03T18:30:00,Friday,OTHER_WEEK,6.64,0.23,0.21599999999998545,0.03253012048192552,0,0.030728758542830376,-0.07692307692307693,lab/artifacts/ea-files/passive-refusal-depth-observation-v1/valid-p3-2025/observation/events-a.csv,3185,3192
L1748,P3_2025,Cross,US100_BOOK,2025-10-03T17:00:00,2025-10-03T21:00:00,Friday,OTHER_WEEK,6.64,1.29,1.2779999999999927,0.1924698795180712,0,0.16255424418053085,-0.03626943005181347,lab/artifacts/ea-files/passive-refusal-depth-observation-v1/valid-p3-2025/observation/events-a.csv,3189,3193
L1749,P3_2025,Passive,US100_BOOK,2025-10-06T13:48:22,2025-10-06T16:45:00,Monday,OTHER_WEEK,6.8028,0.06,0.04599999999998544,0.006761921561707743,0,0.004960559622612598,-0.07692307692307693,lab/artifacts/ea-files/passive-refusal-depth-observation-v1/valid-p3-2025/observation/events-a.csv,3200,3201
L1750,P3_2025,Cross,US100_BOOK,2025-10-06T17:00:00,2025-10-06T21:00:00,Monday,OTHER_WEEK,6.8047,0.71,0.6979999999999927,0.10257616059488188,0,0.07266052525734153,-0.03626943005181347,lab/artifacts/ea-files/passive-refusal-depth-observation-v1/valid-p3-2025/observation/events-a.csv,3205,3207
L1751,P3_2025,Passive,US100_BOOK,2025-10-07T16:00:22,2025-10-07T18:00:00,Tuesday,OTHER_WEEK,6.8326,0.71,0.6959999999999854,0.10186459034627893,0,0.10006322840718378,-0.07692307692307693,lab/artifacts/ea-files/passive-refusal-depth-observation-v1/valid-p3-2025/observation/events-a.csv,3214,3220
L1752,P3_2025,Cross,US100_BOOK,2025-10-07T17:00:00,2025-10-07T21:00:00,Tuesday,OTHER_WEEK,6.8326,-2.2800000000000002,-2.2920000000000074,-0.3354506337265473,0,-0.3653662690640877,-0.03626943005181347,lab/artifacts/ea-files/passive-refusal-depth-observation-v1/valid-p3-2025/observation/events-a.csv,3218,3221
L1753,P3_2025,Passive,US100_BOOK,2025-10-08T12:45:39,2025-10-08T13:30:01,Wednesday,OTHER_WEEK,6.7688,0.11,0.09600000000002183,0.014182720718594409,0,0.012381358779499264,-0.07692307692307693,lab/artifacts/ea-files/passive-refusal-depth-observation-v1/valid-p3-2025/observation/events-a.csv,3228,3229
L1754,P3_2025,RC16,US30_BOOK,2025-10-08T13:30:01,2025-10-08T17:30:00,Wednesday,OTHER_WEEK,6.7726,0.29,0.27800000000002906,0.04104775123291337,0,-0.01731366775451533,-0.08860759493670886,lab/artifacts/ea-files/passive-refusal-depth-observation-v1/valid-p3-2025/observation/events-a.csv,3233,3240
L1755,P3_2025,Cross,US100_BOOK,2025-10-08T17:00:00,2025-10-08T21:00:00,Wednesday,OTHER_WEEK,6.7726,0.98,0.9679999999999928,0.14292886040811398,0,0.11301322507057363,-0.03626943005181347,lab/artifacts/ea-files/passive-refusal-depth-observation-v1/valid-p3-2025/observation/events-a.csv,3238,3241
L1756,P3_2025,RC16,US30_BOOK,2025-10-09T13:30:00,2025-10-09T17:30:00,Thursday,OTHER_WEEK,6.8224,-1.94,-1.9519999999999709,-0.2861163227016843,0,-0.344477741689113,-0.08860759493670886,lab/artifacts/ea-files/passive-refusal-depth-observation-v1/valid-p3-2025/observation/events-a.csv,3246,3253
L1757,P3_2025,Cross,US100_BOOK,2025-10-09T17:00:00,2025-10-09T21:00:00,Thursday,OTHER_WEEK,6.8224,-0.65,-0.6620000000000072,-0.09703330206379093,0,-0.12694893740133129,-0.03626943005181347,lab/artifacts/ea-files/passive-refusal-depth-observation-v1/valid-p3-2025/observation/events-a.csv,3251,3254
L1758,P3_2025,Cross,US100_BOOK,2025-10-10T17:00:00,2025-10-10T18:02:26,Friday,OTHER_WEEK,6.7179,-3.36,-3.372000000000007,-0.5019425713392588,1,-0.5318582066767992,0.9637305699481865,lab/artifacts/ea-files/passive-refusal-depth-observation-v1/valid-p3-2025/observation/events-a.csv,3259,3261
L1759,P3_2025,Cross,US100_BOOK,2025-10-13T17:00:00,2025-10-13T21:00:00,Monday,STANDARD_EXPIRATION_WEEK,6.583,0.38,0.3679999999999927,0.055901564636183,0,0.025985929298642647,-0.03626943005181347,lab/artifacts/ea-files/passive-refusal-depth-observation-v1/valid-p3-2025/observation/events-a.csv,3266,3268
L1760,P3_2025,Passive,US100_BOOK,2025-10-14T13:30:11,2025-10-14T15:30:00,Tuesday,STANDARD_EXPIRATION_WEEK,6.5977,0.85,0.8360000000000218,0.1267108234687879,0,0.12490946152969275,-0.07692307692307693,lab/artifacts/ea-files/passive-refusal-depth-observation-v1/valid-p3-2025/observation/events-a.csv,3275,3281
L1761,P3_2025,Pressure,US30_BOOK,2025-10-14T15:00:00,2025-10-14T18:45:59,Tuesday,STANDARD_EXPIRATION_WEEK,6.5977,-3.3,-3.32,-0.5032056625793837,1,-0.4873206274425388,0.65625,lab/artifacts/ea-files/passive-refusal-depth-observation-v1/valid-p3-2025/observation/events-a.csv,3279,3292
L1762,P3_2025,Cross,US100_BOOK,2025-10-14T17:00:00,2025-10-14T19:37:34,Tuesday,STANDARD_EXPIRATION_WEEK,6.6312,-3.32,-3.332000000000007,-0.5024731571962853,1,-0.5323887925338256,0.9637305699481865,lab/artifacts/ea-files/passive-refusal-depth-observation-v1/valid-p3-2025/observation/events-a.csv,3290,3293
L1763,P3_2025,Return,US30_BOOK,2025-10-14T16:00:00,2025-10-14T22:00:00,Tuesday,STANDARD_EXPIRATION_WEEK,6.6312,7.8,7.788000000000029,1.1744480636988823,0,1.0478705083347108,-0.3269230769230769,lab/artifacts/ea-files/passive-refusal-depth-observation-v1/valid-p3-2025/observation/events-a.csv,3285,3294
L1764,P3_2025,RC16,US30_BOOK,2025-10-15T13:30:00,2025-10-15T17:30:00,Wednesday,STANDARD_EXPIRATION_WEEK,6.6766,1.52,1.508000000000029,0.22586346343947955,0,0.16750204445205086,-0.08860759493670886,lab/artifacts/ea-files/passive-refusal-depth-observation-v1/valid-p3-2025/observation/events-a.csv,3304,3315
L1765,P3_2025,RC4,US30_BOOK,2025-10-15T13:00:01,2025-10-15T19:00:00,Wednesday,STANDARD_EXPIRATION_WEEK,6.6766,-1.08,-1.091999999999971,-0.16355630111133976,0,-0.22543970271004646,-0.29411764705882354,lab/artifacts/ea-files/passive-refusal-depth-observation-v1/valid-p3-2025/observation/events-a.csv,3299,3316
L1766,P3_2025,Pressure,US30_BOOK,2025-10-15T15:00:00,2025-10-15T19:00:00,Wednesday,STANDARD_EXPIRATION_WEEK,6.6766,-1.42,-1.4319999999999709,-0.21448042416798535,0,-0.19859538903114046,-0.34375,lab/artifacts/ea-files/passive-refusal-depth-observation-v1/valid-p3-2025/observation/events-a.csv,3309,3317
L1767,P3_2025,RC16,US30_BOOK,2025-10-16T13:30:00,2025-10-16T17:30:00,Thursday,STANDARD_EXPIRATION_WEEK,6.636,-1.3900000000000001,-1.401999999999971,-0.21127185051235248,0,-0.26963326949978117,-0.08860759493670886,lab/artifacts/ea-files/passive-refusal-depth-observation-v1/valid-p3-2025/observation/events-a.csv,3322,3329
L1768,P3_2025,Cross,US100_BOOK,2025-10-16T17:00:00,2025-10-16T21:00:00,Thursday,STANDARD_EXPIRATION_WEEK,6.636,-1.98,-1.9920000000000073,-0.30018083182640254,0,-0.3300964671639429,-0.03626943005181347,lab/artifacts/ea-files/passive-refusal-depth-observation-v1/valid-p3-2025/observation/events-a.csv,3327,3330
L1769,P3_2025,Passive,US100_BOOK,2025-10-17T12:32:27,2025-10-17T13:15:00,Friday,STANDARD_EXPIRATION_WEEK,6.5002,-0.05,-0.06400000000001456,-0.009845850896897719,0,-0.011647212835992864,-0.07692307692307693,lab/artifacts/ea-files/passive-refusal-depth-observation-v1/valid-p3-2025/observation/events-a.csv,3337,3338
L1770,P3_2025,Passive,US100_BOOK,2025-10-17T14:15:15,2025-10-17T18:00:00,Friday,STANDARD_EXPIRATION_WEEK,6.4976,-0.39,-0.40400000000001457,-0.062176803742922705,0,-0.06397816568201785,-0.07692307692307693,lab/artifacts/ea-files/passive-refusal-depth-observation-v1/valid-p3-2025/observation/events-a.csv,3344,3355
L1771,P3_2025,Pressure,US30_BOOK,2025-10-17T15:00:00,2025-10-17T19:00:00,Friday,STANDARD_EXPIRATION_WEEK,6.4976,1.88,1.868000000000029,0.28749076582123073,0,0.30337580095807565,-0.34375,lab/artifacts/ea-files/passive-refusal-depth-observation-v1/valid-p3-2025/observation/events-a.csv,3348,3356
L1772,P3_2025,Cross,US100_BOOK,2025-10-17T17:00:00,2025-10-17T21:00:00,Friday,STANDARD_EXPIRATION_WEEK,6.4976,1.1400000000000001,1.1279999999999928,0.1736025609455788,0,0.14368692560803845,-0.03626943005181347,lab/artifacts/ea-files/passive-refusal-depth-observation-v1/valid-p3-2025/observation/events-a.csv,3353,3357
L1773,P3_2025,RC4,US30_BOOK,2025-10-20T13:00:00,2025-10-20T19:00:00,Monday,OTHER_WEEK,6.6013,2.49,2.4780000000000295,0.37538060685017033,0,0.31349720525146363,-0.29411764705882354,lab/artifacts/ea-files/passive-refusal-depth-observation-v1/valid-p3-2025/observation/events-a.csv,3362,3370
L1774,P3_2025,Cross,US100_BOOK,2025-10-20T17:00:00,2025-10-20T21:00:00,Monday,OTHER_WEEK,6.6013,1.08,1.0679999999999927,0.1617863148167774,0,0.13187067947923706,-0.03626943005181347,lab/artifacts/ea-files/passive-refusal-depth-observation-v1/valid-p3-2025/observation/events-a.csv,3368,3371
L1775,P3_2025,RC16,US30_BOOK,2025-10-21T13:30:00,2025-10-21T17:30:00,Tuesday,OTHER_WEEK,6.7432,1.79,1.7780000000000291,0.26367303357456834,0,0.20531161458713965,-0.08860759493670886,lab/artifacts/ea-files/passive-refusal-depth-observation-v1/valid-p3-2025/observation/events-a.csv,3381,3389
L1776,P3_2025,RC4,US30_BOOK,2025-10-21T13:00:00,2025-10-21T19:00:00,Tuesday,OTHER_WEEK,6.7432,3.49,3.4780000000000295,0.5157788587021043,0,0.45389545710339757,-0.29411764705882354,lab/artifacts/ea-files/passive-refusal-depth-observation-v1/valid-p3-2025/observation/events-a.csv,3376,3390
L1777,P3_2025,Cross,US100_BOOK,2025-10-21T17:00:00,2025-10-21T21:00:00,Tuesday,OTHER_WEEK,6.7432,-0.79,-0.8020000000000073,-0.11893463044252095,0,-0.1488502657800613,-0.03626943005181347,lab/artifacts/ea-files/passive-refusal-depth-observation-v1/valid-p3-2025/observation/events-a.csv,3387,3391
L1778,P3_2025,Passive,US100_BOOK,2025-10-22T12:15:29,2025-10-22T13:15:01,Wednesday,OTHER_WEEK,6.9213,0.29,0.2760000000000218,0.03987690173811593,0,0.038075539799020786,-0.07692307692307693,lab/artifacts/ea-files/passive-refusal-depth-observation-v1/valid-p3-2025/observation/events-a.csv,3398,3399
L1779,P3_2025,Cross,US100_BOOK,2025-10-22T17:00:00,2025-10-22T19:31:04,Wednesday,OTHER_WEEK,6.9324,-3.4699999999999998,-3.482000000000007,-0.5022791529628998,1,-0.5321947883004402,0.9637305699481865,lab/artifacts/ea-files/passive-refusal-depth-observation-v1/valid-p3-2025/observation/events-a.csv,3403,3405
L1780,P3_2025,Passive,US100_BOOK,2025-10-23T14:46:41,2025-10-23T16:45:00,Thursday,OTHER_WEEK,6.7931,1.1,1.0859999999999856,0.15986810145588695,0,0.15806673951679182,-0.07692307692307693,lab/artifacts/ea-files/passive-refusal-depth-observation-v1/valid-p3-2025/observation/events-a.csv,3412,3413
L1781,P3_2025,Cross,US100_BOOK,2025-10-23T17:00:00,2025-10-23T21:00:00,Thursday,OTHER_WEEK,6.8365,1.19,1.1779999999999926,0.1723103927448245,0,0.14239475740728413,-0.03626943005181347,lab/artifacts/ea-files/passive-refusal-depth-observation-v1/valid-p3-2025/observation/events-a.csv,3417,3419
L1782,P3_2025,Passive,US100_BOOK,2025-10-24T15:45:14,2025-10-24T19:45:00,Friday,OTHER_WEEK,6.8836,-0.53,-0.5439999999999782,-0.07902841536405052,0,-0.08082977730314567,-0.07692307692307693,lab/artifacts/ea-files/passive-refusal-depth-observation-v1/valid-p3-2025/observation/events-a.csv,3426,3432
L1783,P3_2025,Cross,US100_BOOK,2025-10-24T17:00:00,2025-10-24T21:00:00,Friday,OTHER_WEEK,6.8836,-0.4,-0.4120000000000073,-0.0598524028124829,0,-0.08976803815002325,-0.03626943005181347,lab/artifacts/ea-files/passive-refusal-depth-observation-v1/valid-p3-2025/observation/events-a.csv,3430,3433
L1784,P3_2025,Passive,US100_BOOK,2025-10-28T14:16:02,2025-10-28T18:15:00,Tuesday,OTHER_WEEK,6.8454,-0.52,-0.5320000000000072,-0.07771642270722051,0,-0.07951778464631566,-0.07692307692307693,lab/artifacts/ea-files/passive-refusal-depth-observation-v1/valid-p3-2025/observation/events-a.csv,3441,3447
L1785,P3_2025,Cross,US100_BOOK,2025-10-28T17:00:00,2025-10-28T21:00:00,Tuesday,OTHER_WEEK,6.8454,0.88,0.8679999999999928,0.12680047915388332,0,0.09688484381634296,-0.03626943005181347,lab/artifacts/ea-files/passive-refusal-depth-observation-v1/valid-p3-2025/observation/events-a.csv,3445,3448
L1786,P3_2025,Passive,US100_BOOK,2025-10-29T12:33:29,2025-10-29T14:30:00,Wednesday,OTHER_WEEK,6.8588,0.55,0.5379999999999928,0.07843937715052092,0,0.07663801521142577,-0.07692307692307693,lab/artifacts/ea-files/passive-refusal-depth-observation-v1/valid-p3-2025/observation/events-a.csv,3455,3456
L1787,P3_2025,Cross,US100_BOOK,2025-10-30T17:00:00,2025-10-30T21:00:00,Thursday,OTHER_WEEK,6.8804,0.6,0.5879999999999928,0.08546014766583233,0,0.05554451232829198,-0.03626943005181347,lab/artifacts/ea-files/passive-refusal-depth-observation-v1/valid-p3-2025/observation/events-a.csv,3466,3468
L1788,P3_2025,Return,US30_BOOK,2025-10-30T16:00:00,2025-10-30T22:00:00,Thursday,OTHER_WEEK,6.8804,2.03,2.0149999999999997,0.2928608801813848,0,0.16628332481721328,-0.3269230769230769,lab/artifacts/ea-files/passive-refusal-depth-observation-v1/valid-p3-2025/observation/events-a.csv,3461,3469
L1789,P3_2025,RC4,US30_BOOK,2025-10-31T13:00:00,2025-10-31T19:00:00,Friday,OTHER_WEEK,6.9845,0.26,0.245,0.03507767198797337,0,-0.026805729610733332,-0.29411764705882354,lab/artifacts/ea-files/passive-refusal-depth-observation-v1/valid-p3-2025/observation/events-a.csv,3474,3482
L1790,P3_2025,Cross,US100_BOOK,2025-10-31T17:00:00,2025-10-31T21:00:00,Friday,OTHER_WEEK,6.9845,1.55,1.5379999999999927,0.22020187558164403,0,0.19028624024410368,-0.03626943005181347,lab/artifacts/ea-files/passive-refusal-depth-observation-v1/valid-p3-2025/observation/events-a.csv,3480,3483
L1791,P3_2025,Passive,US100_BOOK,2025-11-03T12:21:42,2025-11-03T14:30:00,Monday,OTHER_WEEK,7.0558,-0.15,-0.16399999999997816,-0.02324328920887471,0,-0.025044651147969856,-0.07692307692307693,lab/artifacts/ea-files/passive-refusal-depth-observation-v1/valid-p3-2025/observation/events-a.csv,3490,3501
L1792,P3_2025,RC16,US30_BOOK,2025-11-03T13:30:00,2025-11-03T17:24:39,Monday,OTHER_WEEK,7.0558,-3.5300000000000002,-3.5450000000000004,-0.5024235380821452,1,-0.560784957069574,0.9113924050632911,lab/artifacts/ea-files/passive-refusal-depth-observation-v1/valid-p3-2025/observation/events-a.csv,3499,3506
L1793,P3_2025,RC4,US30_BOOK,2025-11-03T13:00:00,2025-11-03T19:00:00,Monday,OTHER_WEEK,7.0558,2.13,2.1149999999999998,0.29975339437058873,0,0.23786999277188203,-0.29411764705882354,lab/artifacts/ea-files/passive-refusal-depth-observation-v1/valid-p3-2025/observation/events-a.csv,3494,3507
L1794,P3_2025,Cross,US100_BOOK,2025-11-04T17:00:00,2025-11-04T21:00:00,Tuesday,OTHER_WEEK,6.992,-2.13,-2.142000000000007,-0.30635011441647697,0,-0.33626574975401735,-0.03626943005181347,lab/artifacts/ea-files/passive-refusal-depth-observation-v1/valid-p3-2025/observation/events-a.csv,3512,3514
L1795,P3_2025,Cross,US100_BOOK,2025-11-05T17:00:00,2025-11-05T21:00:00,Wednesday,OTHER_WEEK,6.9064,1.83,1.8180000000000291,0.26323410170277267,0,0.23331846636523232,-0.03626943005181347,lab/artifacts/ea-files/passive-refusal-depth-observation-v1/valid-p3-2025/observation/events-a.csv,3525,3527
L1796,P3_2025,Passive,US100_BOOK,2025-11-06T13:02:02,2025-11-06T16:00:00,Thursday,OTHER_WEEK,6.9791,-0.07,-0.08400000000001456,-0.012035935865658117,0,-0.013837297804753262,-0.07692307692307693,lab/artifacts/ea-files/passive-refusal-depth-observation-v1/valid-p3-2025/observation/events-a.csv,3534,3540
L1797,P3_2025,RC16,US30_BOOK,2025-11-06T13:30:00,2025-11-06T17:04:31,Thursday,OTHER_WEEK,6.9791,-3.49,-3.5050000000000003,-0.5022137524895761,1,-0.5605751714770049,0.9113924050632911,lab/artifacts/ea-files/passive-refusal-depth-observation-v1/valid-p3-2025/observation/events-a.csv,3538,3546
L1798,P3_2025,Cross,US100_BOOK,2025-11-06T17:00:00,2025-11-06T21:00:00,Thursday,OTHER_WEEK,6.9757,1.75,1.7379999999999927,0.24915062287655615,0,0.2192349875390158,-0.03626943005181347,lab/artifacts/ea-files/passive-refusal-depth-observation-v1/valid-p3-2025/observation/events-a.csv,3544,3547
L1799,P3_2025,Passive,US100_BOOK,2025-11-07T13:15:14,2025-11-07T16:15:00,Friday,OTHER_WEEK,6.905,-0.08,-0.09400000000001456,-0.013613323678495952,0,-0.015414685617591097,-0.07692307692307693,lab/artifacts/ea-files/passive-refusal-depth-observation-v1/valid-p3-2025/observation/events-a.csv,3554,3560
L1800,P3_2025,Cross,US100_BOOK,2025-11-07T17:00:00,2025-11-07T21:00:00,Friday,OTHER_WEEK,6.9013,0.93,0.9179999999999928,0.1330184168200184,0,0.10310278148247803,-0.03626943005181347,lab/artifacts/ea-files/passive-refusal-depth-observation-v1/valid-p3-2025/observation/events-a.csv,3564,3566
L1801,P3_2025,Return,US30_BOOK,2025-11-07T16:00:00,2025-11-07T22:00:00,Friday,OTHER_WEEK,6.905,1.48,1.465,0.21216509775524983,0,0.08558754239107833,-0.3269230769230769,lab/artifacts/ea-files/passive-refusal-depth-observation-v1/valid-p3-2025/observation/events-a.csv,3558,3567
L1802,P3_2025,RC16,US30_BOOK,2025-11-10T13:30:00,2025-11-10T17:30:00,Monday,OTHER_WEEK,6.9966,-0.13,-0.14500000000000002,-0.02072435182803076,0,-0.07908577081545946,-0.08860759493670886,lab/artifacts/ea-files/passive-refusal-depth-observation-v1/valid-p3-2025/observation/events-a.csv,3577,3585
L1803,P3_2025,RC4,US30_BOOK,2025-11-10T13:00:00,2025-11-10T19:00:00,Monday,OTHER_WEEK,6.9966,1.43,1.415,0.20224108852871395,0,0.14035768693000725,-0.29411764705882354,lab/artifacts/ea-files/passive-refusal-depth-observation-v1/valid-p3-2025/observation/events-a.csv,3572,3586
L1804,P3_2025,Cross,US100_BOOK,2025-11-10T17:00:00,2025-11-10T21:00:00,Monday,OTHER_WEEK,6.9966,0.08,0.06799999999999273,0.00971900637452373,0,-0.020196628963016626,-0.03626943005181347,lab/artifacts/ea-files/passive-refusal-depth-observation-v1/valid-p3-2025/observation/events-a.csv,3583,3587
L1805,P3_2025,RC4,US30_BOOK,2025-11-11T13:00:00,2025-11-11T19:00:00,Tuesday,OTHER_WEEK,7.0501,3.1,3.085,0.43758244563906895,0,0.37569904404036225,-0.29411764705882354,lab/artifacts/ea-files/passive-refusal-depth-observation-v1/valid-p3-2025/observation/events-a.csv,3592,3595
L1806,P3_2025,Cross,US100_BOOK,2025-11-12T17:00:00,2025-11-12T21:00:00,Wednesday,OTHER_WEEK,7.1735,-0.21,-0.22200000000000727,-0.030947236356033636,0,-0.06086287169357399,-0.03626943005181347,lab/artifacts/ea-files/passive-refusal-depth-observation-v1/valid-p3-2025/observation/events-a.csv,3600,3602
L1807,P3_2025,Return,US30_BOOK,2025-11-13T16:00:00,2025-11-13T18:39:46,Thursday,OTHER_WEEK,7.1646,-3.58,-3.595,-0.501772604192837,1,-0.6283501595570085,0.6730769230769231,lab/artifacts/ea-files/passive-refusal-depth-observation-v1/valid-p3-2025/observation/events-a.csv,3613,3620
L1808,P3_2025,Cross,US100_BOOK,2025-11-13T17:00:00,2025-11-13T21:00:00,Thursday,OTHER_WEEK,7.1646,3.09,3.078000000000029,0.4296122602797126,0,0.39969662494217223,-0.03626943005181347,lab/artifacts/ea-files/passive-refusal-depth-observation-v1/valid-p3-2025/observation/events-a.csv,3618,3621
L1809,P3_2025,Passive,US100_BOOK,2025-11-14T14:00:53,2025-11-14T16:45:00,Friday,OTHER_WEEK,7.144,0.15,0.13600000000002183,0.01903695408734908,0,0.017235592148253934,-0.07692307692307693,lab/artifacts/ea-files/passive-refusal-depth-observation-v1/valid-p3-2025/observation/events-a.csv,3628,3639
L1810,P3_2025,Pressure,US30_BOOK,2025-11-14T15:00:00,2025-11-14T19:00:00,Friday,OTHER_WEEK,7.144,-1.23,-1.2449999999999999,-0.17427211646136617,0,-0.15838708132452128,-0.34375,lab/artifacts/ea-files/passive-refusal-depth-observation-v1/valid-p3-2025/observation/events-a.csv,3632,3645
L1811,P3_2025,Cross,US100_BOOK,2025-11-14T17:00:00,2025-11-14T21:00:00,Friday,OTHER_WEEK,7.1494,2.17,2.157999999999993,0.30184351134360826,0,0.2719278760060679,-0.03626943005181347,lab/artifacts/ea-files/passive-refusal-depth-observation-v1/valid-p3-2025/observation/events-a.csv,3643,3646
L1812,P3_2025,Return,US30_BOOK,2025-11-14T16:00:00,2025-11-14T22:00:00,Friday,OTHER_WEEK,7.144,1.54,1.5250000000000001,0.21346584546472566,0,0.08688829010055416,-0.3269230769230769,lab/artifacts/ea-files/passive-refusal-depth-observation-v1/valid-p3-2025/observation/events-a.csv,3637,3647
L1813,P3_2025,Passive,US100_BOOK,2025-11-17T14:00:19,2025-11-17T17:00:00,Monday,STANDARD_EXPIRATION_WEEK,7.2469,0.07,0.05599999999998545,0.007727442078679912,0,0.005926080139584767,-0.07692307692307693,lab/artifacts/ea-files/passive-refusal-depth-observation-v1/valid-p3-2025/observation/events-a.csv,3654,3660
L1814,P3_2025,Cross,US100_BOOK,2025-11-17T17:00:00,2025-11-17T21:00:00,Monday,STANDARD_EXPIRATION_WEEK,7.2492,-3.06,-3.072000000000007,-0.423770898857806,0,-0.4536865341953464,-0.03626943005181347,lab/artifacts/ea-files/passive-refusal-depth-observation-v1/valid-p3-2025/observation/events-a.csv,3664,3666
L1815,P3_2025,Return,US30_BOOK,2025-11-17T16:00:00,2025-11-17T21:04:06,Monday,STANDARD_EXPIRATION_WEEK,7.2469,-3.66,-3.6750000000000003,-0.507113386413501,1,-0.6336909417776725,0.6730769230769231,lab/artifacts/ea-files/passive-refusal-depth-observation-v1/valid-p3-2025/observation/events-a.csv,3658,3667
L1816,P3_2025,Passive,US100_BOOK,2025-11-18T12:18:08,2025-11-18T13:30:00,Tuesday,STANDARD_EXPIRATION_WEEK,6.9793,0.13,0.11599999999998545,0.01662057799492577,0,0.014819216055830626,-0.07692307692307693,lab/artifacts/ea-files/passive-refusal-depth-observation-v1/valid-p3-2025/observation/events-a.csv,3674,3680
L1817,P3_2025,RC4,US30_BOOK,2025-11-18T13:00:00,2025-11-18T19:00:00,Tuesday,STANDARD_EXPIRATION_WEEK,6.9793,2.84,2.8249999999999997,0.40476838651440683,0,0.34288498491570013,-0.29411764705882354,lab/artifacts/ea-files/passive-refusal-depth-observation-v1/valid-p3-2025/observation/events-a.csv,3678,3695
L1818,P3_2025,Pressure,US30_BOOK,2025-11-18T15:00:00,2025-11-18T19:00:00,Tuesday,STANDARD_EXPIRATION_WEEK,6.9839,0.76,0.745,0.1066739214479016,0,0.1225589565847465,-0.34375,lab/artifacts/ea-files/passive-refusal-depth-observation-v1/valid-p3-2025/observation/events-a.csv,3684,3696
L1819,P3_2025,Return,US30_BOOK,2025-11-18T16:00:00,2025-11-18T22:00:00,Tuesday,STANDARD_EXPIRATION_WEEK,6.9839,0.86,0.845,0.12099256862211658,0,-0.0055849867420549315,-0.3269230769230769,lab/artifacts/ea-files/passive-refusal-depth-observation-v1/valid-p3-2025/observation/events-a.csv,3689,3697
L1820,P3_2025,RC16,US30_BOOK,2025-11-19T13:30:00,2025-11-19T17:30:00,Wednesday,STANDARD_EXPIRATION_WEEK,7.1605,-0.14,-0.15500000000000003,-0.02164653306333357,0,-0.08000795205076228,-0.08860759493670886,lab/artifacts/ea-files/passive-refusal-depth-observation-v1/valid-p3-2025/observation/events-a.csv,3702,3709
L1821,P3_2025,Cross,US100_BOOK,2025-11-19T17:00:00,2025-11-19T19:36:15,Wednesday,STANDARD_EXPIRATION_WEEK,7.1605,-3.58,-3.592000000000007,-0.5016409468612537,1,-0.5315565821987941,0.9637305699481865,lab/artifacts/ea-files/passive-refusal-depth-observation-v1/valid-p3-2025/observation/events-a.csv,3707,3710
L1822,P3_2025,Cross,US100_BOOK,2025-11-20T17:00:00,2025-11-20T21:00:00,Thursday,STANDARD_EXPIRATION_WEEK,7.0106,9.97,9.957999999999993,1.4204205060907757,0,1.3905048707532355,-0.03626943005181347,lab/artifacts/ea-files/passive-refusal-depth-observation-v1/valid-p3-2025/observation/events-a.csv,3715,3717
L1823,P3_2025,Passive,US100_BOOK,2025-11-21T12:16:11,2025-11-21T13:00:00,Friday,STANDARD_EXPIRATION_WEEK,7.409,1.38,1.3660000000000216,0.18437036037252283,0,0.1825689984334277,-0.07692307692307693,lab/artifacts/ea-files/passive-refusal-depth-observation-v1/valid-p3-2025/observation/events-a.csv,3724,3725
L1824,P3_2025,Passive,US100_BOOK,2025-11-21T15:15:45,2025-11-21T17:45:00,Friday,STANDARD_EXPIRATION_WEEK,7.4636,2.07,2.056000000000022,0.2754702824374326,0,0.27366892049833746,-0.07692307692307693,lab/artifacts/ea-files/passive-refusal-depth-observation-v1/valid-p3-2025/observation/events-a.csv,3736,3737
L1825,P3_2025,Pressure,US30_BOOK,2025-11-21T15:00:00,2025-11-21T19:00:00,Friday,STANDARD_EXPIRATION_WEEK,7.4636,3.44,3.425,0.45889383139503725,0,0.47477886653188217,-0.34375,lab/artifacts/ea-files/passive-refusal-depth-observation-v1/valid-p3-2025/observation/events-a.csv,3729,3738
L1826,P3_2025,Cross,US100_BOOK,2025-11-24T17:00:00,2025-11-24T21:00:00,Monday,OTHER_WEEK,7.6828,2.39,2.377999999999993,0.30952256989639104,0,0.27960693455885066,-0.03626943005181347,lab/artifacts/ea-files/passive-refusal-depth-observation-v1/valid-p3-2025/observation/events-a.csv,3744,3746
L1827,P3_2025,Passive,US100_BOOK,2025-11-25T14:43:37,2025-11-25T15:45:00,Tuesday,OTHER_WEEK,7.778,0.61,0.5959999999999854,0.0766263821033666,0,0.07482502016427145,-0.07692307692307693,lab/artifacts/ea-files/passive-refusal-depth-observation-v1/valid-p3-2025/observation/events-a.csv,3758,3759
L1828,P3_2025,RC4,US30_BOOK,2025-11-25T13:00:00,2025-11-25T19:00:00,Tuesday,OTHER_WEEK,7.778,4.73,4.715000000000001,0.6061969658009773,0,0.5443135642022705,-0.29411764705882354,lab/artifacts/ea-files/passive-refusal-depth-observation-v1/valid-p3-2025/observation/events-a.csv,3751,3766
L1829,P3_2025,Cross,US100_BOOK,2025-11-25T17:00:00,2025-11-25T21:00:00,Tuesday,OTHER_WEEK,7.8018,-2.1,-2.112000000000007,-0.27070675997846744,0,-0.3006223953160078,-0.03626943005181347,lab/artifacts/ea-files/passive-refusal-depth-observation-v1/valid-p3-2025/observation/events-a.csv,3764,3767
L1830,P3_2025,RC4,US30_BOOK,2025-11-26T13:00:00,2025-11-26T19:00:00,Wednesday,OTHER_WEEK,7.9059,3.18,3.165,0.400333927826054,0,0.3384505262273473,-0.29411764705882354,lab/artifacts/ea-files/passive-refusal-depth-observation-v1/valid-p3-2025/observation/events-a.csv,3772,3780
L1831,P3_2025,Cross,US100_BOOK,2025-11-26T17:00:00,2025-11-26T21:00:00,Wednesday,OTHER_WEEK,7.9059,-1.51,-1.5220000000000073,-0.19251445123262467,0,-0.22243008657016503,-0.03626943005181347,lab/artifacts/ea-files/passive-refusal-depth-observation-v1/valid-p3-2025/observation/events-a.csv,3778,3781
L1832,P3_2025,Passive,US100_BOOK,2025-12-02T12:46:01,2025-12-02T16:00:00,Tuesday,OTHER_WEEK,7.9716,-0.26,-0.26600000000002183,-0.033368458025995015,0,-0.03516981996509016,-0.07692307692307693,lab/artifacts/ea-files/passive-refusal-depth-observation-v1/valid-p3-2025/observation/events-a.csv,3795,3801
L1833,P3_2025,RC16,US30_BOOK,2025-12-02T13:30:00,2025-12-02T17:30:00,Tuesday,OTHER_WEEK,7.9716,-0.08,-0.095,-0.011917306437854384,0,-0.07027872542528309,-0.08860759493670886,lab/artifacts/ea-files/passive-refusal-depth-observation-v1/valid-p3-2025/observation/events-a.csv,3799,3807
L1834,P3_2025,Cross,US100_BOOK,2025-12-02T17:00:00,2025-12-02T21:00:00,Tuesday,OTHER_WEEK,7.961,-0.21,-0.21400000000001454,-0.026881045094839157,0,-0.05679668043237951,-0.03626943005181347,lab/artifacts/ea-files/passive-refusal-depth-observation-v1/valid-p3-2025/observation/events-a.csv,3805,3808
L1835,P3_2025,Cross,US100_BOOK,2025-12-03T17:00:00,2025-12-03T21:00:00,Wednesday,OTHER_WEEK,7.9486,-1.32,-1.3240000000000147,-0.16657021362252658,0,-0.19648584896006693,-0.03626943005181347,lab/artifacts/ea-files/passive-refusal-depth-observation-v1/valid-p3-2025/observation/events-a.csv,3813,3815
L1836,P3_2025,Cross,US100_BOOK,2025-12-04T17:00:00,2025-12-04T21:00:00,Thursday,OTHER_WEEK,7.8957,-0.51,-0.5140000000000146,-0.0650987246222646,0,-0.09501435995980495,-0.03626943005181347,lab/artifacts/ea-files/passive-refusal-depth-observation-v1/valid-p3-2025/observation/events-a.csv,3820,3822
L1837,P3_2025,Passive,US100_BOOK,2025-12-05T15:45:37,2025-12-05T16:45:00,Friday,OTHER_WEEK,7.8751,1.01,1.0040000000000147,0.12749044456578515,0,0.12568908262669,-0.07692307692307693,lab/artifacts/ea-files/passive-refusal-depth-observation-v1/valid-p3-2025/observation/events-a.csv,3834,3835
L1838,P3_2025,RC4,US30_BOOK,2025-12-05T13:00:00,2025-12-05T19:00:00,Friday,OTHER_WEEK,7.8751,0.87,0.855,0.1085700499041282,0,0.046686648305421505,-0.29411764705882354,lab/artifacts/ea-files/passive-refusal-depth-observation-v1/valid-p3-2025/observation/events-a.csv,3827,3842
L1839,P3_2025,Cross,US100_BOOK,2025-12-05T17:00:00,2025-12-05T21:00:00,Friday,OTHER_WEEK,7.9153,-0.63,-0.6340000000000146,-0.0800980379770842,0,-0.11001367331462455,-0.03626943005181347,lab/artifacts/ea-files/passive-refusal-depth-observation-v1/valid-p3-2025/observation/events-a.csv,3840,3843
L1840,P3_2025,Cross,US100_BOOK,2025-12-08T17:00:00,2025-12-08T21:00:00,Monday,OTHER_WEEK,7.9241,1.55,1.5440000000000147,0.19484862634242558,0,0.16493299100488523,-0.03626943005181347,lab/artifacts/ea-files/passive-refusal-depth-observation-v1/valid-p3-2025/observation/events-a.csv,3848,3850
L1841,P3_2025,Cross,US100_BOOK,2025-12-09T17:00:00,2025-12-09T21:00:00,Tuesday,OTHER_WEEK,7.9859,-0.92,-0.9310000000000219,-0.11658047308381296,0,-0.14649610842135333,-0.03626943005181347,lab/artifacts/ea-files/passive-refusal-depth-observation-v1/valid-p3-2025/observation/events-a.csv,3860,3862
L1842,P3_2025,Return,US30_BOOK,2025-12-09T16:00:00,2025-12-09T22:00:00,Tuesday,OTHER_WEEK,7.9859,-0.9,-0.921999999999971,-0.11545348677042926,0,-0.24203104213460075,-0.3269230769230769,lab/artifacts/ea-files/passive-refusal-depth-observation-v1/valid-p3-2025/observation/events-a.csv,3855,3863
L1843,P3_2025,Passive,US100_BOOK,2025-12-10T12:30:03,2025-12-10T15:30:00,Wednesday,OTHER_WEEK,7.9118,0.8,0.7540000000000145,0.09530069010844745,0,0.0934993281693523,-0.07692307692307693,lab/artifacts/ea-files/passive-refusal-depth-observation-v1/valid-p3-2025/observation/events-a.csv,3870,3871
L1844,P3_2025,Cross,US100_BOOK,2025-12-10T17:00:00,2025-12-10T21:00:02,Wednesday,OTHER_WEEK,7.9419,0.06,-0.059000000000014555,-0.0074289527694902414,0,-0.0373445881070306,-0.03626943005181347,lab/artifacts/ea-files/passive-refusal-depth-observation-v1/valid-p3-2025/observation/events-a.csv,3875,3877
L1845,P3_2025,Passive,US100_BOOK,2025-12-11T13:46:48,2025-12-11T16:45:00,Thursday,OTHER_WEEK,7.9396,0.28,0.27400000000001457,0.03451055468789543,0,0.032709192748800284,-0.07692307692307693,lab/artifacts/ea-files/passive-refusal-depth-observation-v1/valid-p3-2025/observation/events-a.csv,3889,3890
L1846,P3_2025,RC16,US30_BOOK,2025-12-11T13:30:00,2025-12-11T17:30:00,Thursday,OTHER_WEEK,7.9396,4.8100000000000005,4.796000000000059,0.6040606579676632,0,0.5456992389802344,-0.08860759493670886,lab/artifacts/ea-files/passive-refusal-depth-observation-v1/valid-p3-2025/observation/events-a.csv,3887,3896
L1847,P3_2025,Cross,US100_BOOK,2025-12-11T17:00:00,2025-12-11T21:00:00,Thursday,OTHER_WEEK,7.9505,-2.26,-2.2660000000000218,-0.2850135211621938,0,-0.3149291564997342,-0.03626943005181347,lab/artifacts/ea-files/passive-refusal-depth-observation-v1/valid-p3-2025/observation/events-a.csv,3894,3897
L1848,P3_2025,RC16,US30_BOOK,2025-12-12T13:30:00,2025-12-12T17:30:00,Friday,OTHER_WEEK,8.0517,-1.55,-1.5639999999999419,-0.19424469366716865,0,-0.25260611265459737,-0.08860759493670886,lab/artifacts/ea-files/passive-refusal-depth-observation-v1/valid-p3-2025/observation/events-a.csv,3902,3909
L1849,P3_2025,Cross,US100_BOOK,2025-12-12T17:00:00,2025-12-12T21:00:00,Friday,OTHER_WEEK,8.0517,2.77,2.763999999999978,0.34328154302817765,0,0.31336590769063727,-0.03626943005181347,lab/artifacts/ea-files/passive-refusal-depth-observation-v1/valid-p3-2025/observation/events-a.csv,3907,3910
L1850,P3_2025,RC16,US30_BOOK,2025-12-15T13:30:00,2025-12-15T17:30:00,Monday,STANDARD_EXPIRATION_WEEK,8.0997,-3.34,-3.3539999999999415,-0.41408941071890826,0,-0.47245082970633695,-0.08860759493670886,lab/artifacts/ea-files/passive-refusal-depth-observation-v1/valid-p3-2025/observation/events-a.csv,3915,3922
L1851,P3_2025,Cross,US100_BOOK,2025-12-15T17:00:00,2025-12-15T21:00:00,Monday,STANDARD_EXPIRATION_WEEK,8.0997,0.76,0.7539999999999781,0.09308986752595505,0,0.0631742321884147,-0.03626943005181347,lab/artifacts/ea-files/passive-refusal-depth-observation-v1/valid-p3-2025/observation/events-a.csv,3920,3923
L1852,P3_2025,RC16,US30_BOOK,2025-12-16T13:30:00,2025-12-16T17:30:00,Tuesday,STANDARD_EXPIRATION_WEEK,7.9957,-2.08,-2.0939999999999417,-0.2618907662868719,0,-0.3202521852743006,-0.08860759493670886,lab/artifacts/ea-files/passive-refusal-depth-observation-v1/valid-p3-2025/observation/events-a.csv,3933,3941
L1853,P3_2025,Cross,US100_BOOK,2025-12-16T17:00:00,2025-12-16T21:00:00,Tuesday,STANDARD_EXPIRATION_WEEK,7.9957,-0.79,-0.7959999999999855,-0.09955351001162943,0,-0.12946914534916978,-0.03626943005181347,lab/artifacts/ea-files/passive-refusal-depth-observation-v1/valid-p3-2025/observation/events-a.csv,3939,3942
L1854,P3_2025,Cross,US100_BOOK,2025-12-17T17:00:00,2025-12-17T21:00:00,Wednesday,STANDARD_EXPIRATION_WEEK,7.8801,3.74,3.7339999999999782,0.4738518546718923,0,0.4439362193343519,-0.03626943005181347,lab/artifacts/ea-files/passive-refusal-depth-observation-v1/valid-p3-2025/observation/events-a.csv,3947,3949
L1855,P3_2025,Passive,US100_BOOK,2025-12-18T15:47:18,2025-12-18T19:15:00,Thursday,STANDARD_EXPIRATION_WEEK,8.0295,0.24,0.23399999999997817,0.029142536895196233,0,0.027341174956101087,-0.07692307692307693,lab/artifacts/ea-files/passive-refusal-depth-observation-v1/valid-p3-2025/observation/events-a.csv,3956,3957
L1856,P3_2025,Cross,US100_BOOK,2025-12-19T17:00:00,2025-12-19T21:00:00,Friday,STANDARD_EXPIRATION_WEEK,8.0388,-0.14,-0.15600000000002184,-0.019405881474849708,0,-0.04932151681239007,-0.03626943005181347,lab/artifacts/ea-files/passive-refusal-depth-observation-v1/valid-p3-2025/observation/events-a.csv,3967,3969
L1857,P3_2025,Return,US30_BOOK,2025-12-19T16:00:00,2025-12-19T22:00:00,Friday,STANDARD_EXPIRATION_WEEK,8.0388,2.51,2.496000000000058,0.3104941035975591,0,0.18391654823338757,-0.3269230769230769,lab/artifacts/ea-files/passive-refusal-depth-observation-v1/valid-p3-2025/observation/events-a.csv,3962,3970
L1858,P3_2025,Cross,US100_BOOK,2025-12-22T17:00:00,2025-12-22T21:00:00,Monday,OTHER_WEEK,8.1324,0.59,0.5839999999999781,0.07181151935467735,0,0.041895884017136995,-0.03626943005181347,lab/artifacts/ea-files/passive-refusal-depth-observation-v1/valid-p3-2025/observation/events-a.csv,3975,3977
L1859,P3_2025,Passive,US100_BOOK,2025-12-23T15:49:07,2025-12-23T16:45:00,Tuesday,OTHER_WEEK,8.1558,0.93,0.9240000000000146,0.11329360700360659,0,0.11149224506451144,-0.07692307692307693,lab/artifacts/ea-files/passive-refusal-depth-observation-v1/valid-p3-2025/observation/events-a.csv,3989,3995
L1860,P3_2025,RC16,US30_BOOK,2025-12-23T13:30:00,2025-12-23T17:30:00,Tuesday,OTHER_WEEK,8.1558,0.07,0.05600000000005821,0.006866279212346823,0,-0.051495139775081876,-0.08860759493670886,lab/artifacts/ea-files/passive-refusal-depth-observation-v1/valid-p3-2025/observation/events-a.csv,3982,4001
L1861,P3_2025,Cross,US100_BOOK,2025-12-23T17:00:00,2025-12-23T21:00:00,Tuesday,OTHER_WEEK,8.1928,0.83,0.8190000000000145,0.09996582365003595,0,0.0700501883124956,-0.03626943005181347,lab/artifacts/ea-files/passive-refusal-depth-observation-v1/valid-p3-2025/observation/events-a.csv,3999,4002
L1862,P3_2025,Return,US30_BOOK,2025-12-23T16:00:00,2025-12-23T22:00:00,Tuesday,OTHER_WEEK,8.1558,1.76,1.738000000000029,0.21309987984011736,0,0.08652232447594585,-0.3269230769230769,lab/artifacts/ea-files/passive-refusal-depth-observation-v1/valid-p3-2025/observation/events-a.csv,3993,4003
L1863,P3_2025,RC16,US30_BOOK,2025-12-24T13:30:00,2025-12-24T17:30:00,Wednesday,OTHER_WEEK,8.2973,2.0,1.9860000000000582,0.2393549708941533,0,0.18099355190672461,-0.08860759493670886,lab/artifacts/ea-files/passive-refusal-depth-observation-v1/valid-p3-2025/observation/events-a.csv,4013,4018
L1864,P3_2025,RC4,US30_BOOK,2025-12-24T13:00:00,2025-12-24T19:00:00,Wednesday,OTHER_WEEK,8.2973,2.9,2.8860000000000583,0.3478239909368178,0,0.2859405893381111,-0.29411764705882354,lab/artifacts/ea-files/passive-refusal-depth-observation-v1/valid-p3-2025/observation/events-a.csv,4008,4019
L1865,P3_2025,Passive,US100_BOOK,2025-12-26T15:12:37,2025-12-26T15:15:04,Friday,OTHER_WEEK,8.4922,0.05,0.044000000000014555,0.005181225124233362,0,0.0033798631851382167,-0.07692307692307693,lab/artifacts/ea-files/passive-refusal-depth-observation-v1/valid-p3-2025/observation/events-a.csv,4037,4038
L1866,P3_2025,RC4,US30_BOOK,2025-12-26T13:00:00,2025-12-26T19:00:00,Friday,OTHER_WEEK,8.4922,0.31,0.2880000000000291,0.03391347354042876,0,-0.027969928058277943,-0.29411764705882354,lab/artifacts/ea-files/passive-refusal-depth-observation-v1/valid-p3-2025/observation/events-a.csv,4024,4046
L1867,P3_2025,Cross,US100_BOOK,2025-12-26T17:00:00,2025-12-26T21:00:00,Friday,OTHER_WEEK,8.4939,-0.12,-0.12599999999998546,-0.014834175113903562,0,-0.04474981045144392,-0.03626943005181347,lab/artifacts/ea-files/passive-refusal-depth-observation-v1/valid-p3-2025/observation/events-a.csv,4044,4047
L1868,P3_2025,Passive,US100_BOOK,2025-12-29T13:00:12,2025-12-29T13:45:01,Monday,OTHER_WEEK,8.5004,0.28,0.27400000000001457,0.03223377723401423,0,0.030432415294919083,-0.07692307692307693,lab/artifacts/ea-files/passive-refusal-depth-observation-v1/valid-p3-2025/observation/events-a.csv,4054,4055
L1869,P3_2025,Passive,US100_BOOK,2025-12-29T16:00:23,2025-12-29T16:45:00,Monday,OTHER_WEEK,8.5114,1.03,1.0240000000000147,0.12030923232370876,0,0.1185078703846136,-0.07692307692307693,lab/artifacts/ea-files/passive-refusal-depth-observation-v1/valid-p3-2025/observation/events-a.csv,4066,4067
L1870,P3_2025,Cross,US100_BOOK,2025-12-29T17:00:00,2025-12-29T21:00:00,Monday,OTHER_WEEK,8.5523,-0.3,-0.30599999999998545,-0.0357798486956708,0,-0.06569548403321115,-0.03626943005181347,lab/artifacts/ea-files/passive-refusal-depth-observation-v1/valid-p3-2025/observation/events-a.csv,4071,4073
L1871,P3_2025,Return,US30_BOOK,2025-12-29T16:00:00,2025-12-29T22:00:00,Monday,OTHER_WEEK,8.5114,-0.97,-0.9839999999999418,-0.11560965293605538,0,-0.24218720830022689,-0.3269230769230769,lab/artifacts/ea-files/passive-refusal-depth-observation-v1/valid-p3-2025/observation/events-a.csv,4059,4074
L1872,P3_2025,RC16,US30_BOOK,2025-12-30T13:30:00,2025-12-30T17:30:00,Tuesday,OTHER_WEEK,8.5007,-0.8,-0.8139999999999419,-0.0957568200265792,0,-0.1541182390140079,-0.08860759493670886,lab/artifacts/ea-files/passive-refusal-depth-observation-v1/valid-p3-2025/observation/events-a.csv,4084,4092
L1873,P3_2025,RC4,US30_BOOK,2025-12-30T13:00:00,2025-12-30T19:00:00,Tuesday,OTHER_WEEK,8.5007,1.1,1.0860000000000583,0.1277541849494816,0,0.0658707833507749,-0.29411764705882354,lab/artifacts/ea-files/passive-refusal-depth-observation-v1/valid-p3-2025/observation/events-a.csv,4079,4093
L1874,P3_2025,Cross,US100_BOOK,2025-12-30T17:00:00,2025-12-30T21:00:00,Tuesday,OTHER_WEEK,8.5007,-0.24,-0.2460000000000218,-0.028938793275850437,0,-0.0588544286133908,-0.03626943005181347,lab/artifacts/ea-files/passive-refusal-depth-observation-v1/valid-p3-2025/observation/events-a.csv,4090,4094
L1875,P3_2025,Passive,US100_BOOK,2025-12-31T14:00:49,2025-12-31T17:00:00,Wednesday,OTHER_WEEK,8.5018,0.08,0.07399999999997817,0.008704039144649154,0,0.006902677205554009,-0.07692307692307693,lab/artifacts/ea-files/passive-refusal-depth-observation-v1/valid-p3-2025/observation/events-b.csv,10,11
L1876,P3_2025,RC4,US30_BOOK,2025-12-31T13:00:00,2025-12-31T19:00:00,Wednesday,OTHER_WEEK,8.5018,0.54,0.5260000000000582,0.06186925121739611,0,-1.4150381310591709e-05,-0.29411764705882354,lab/artifacts/ea-files/passive-refusal-depth-observation-v1/valid-p3-2025/observation/events-b.csv,3,18
L1877,P3_2025,Cross,US100_BOOK,2025-12-31T17:00:00,2025-12-31T21:00:00,Wednesday,OTHER_WEEK,8.5047,-0.1,-0.10600000000002183,-0.012463696544266326,0,-0.04237933188180668,-0.03626943005181347,lab/artifacts/ea-files/passive-refusal-depth-observation-v1/valid-p3-2025/observation/events-b.csv,16,19
L1878,P4_2026_YTD,Passive,US100_BOOK,2026-01-02T12:15:45,2026-01-02T14:15:00,Friday,OTHER_WEEK,4.0,0.34,0.33400000000001456,0.08350000000000364,0,0.07433226878414137,-0.06521739130434782,lab/artifacts/ea-files/passive-refusal-depth-observation-v1/valid-p4-2026-ytd/observation/events-a.csv,10,11
L1879,P4_2026_YTD,Cross,US100_BOOK,2026-01-02T17:00:00,2026-01-02T17:20:41,Friday,OTHER_WEEK,4.0134,-2.01,-2.0160000000000218,-0.5023172372552005,1,-0.5093291534107964,0.9147286821705426,lab/artifacts/ea-files/passive-refusal-depth-observation-v1/valid-p4-2026-ytd/observation/events-a.csv,15,17
L1880,P4_2026_YTD,RC16,US30_BOOK,2026-01-05T13:30:00,2026-01-05T17:30:00,Monday,OTHER_WEEK,3.9327,6.74,6.726000000000059,1.7102753833244484,0,1.5337616120962059,-0.06818181818181818,lab/artifacts/ea-files/passive-refusal-depth-observation-v1/valid-p4-2026-ytd/observation/events-a.csv,22,29
L1881,P4_2026_YTD,Cross,US100_BOOK,2026-01-05T17:00:00,2026-01-05T21:00:00,Monday,OTHER_WEEK,3.9327,-0.24,-0.38650000000001455,-0.09827853637450468,0,-0.10529045253010062,-0.08527131782945736,lab/artifacts/ea-files/passive-refusal-depth-observation-v1/valid-p4-2026-ytd/observation/events-a.csv,27,30
L1882,P4_2026_YTD,Passive,US100_BOOK,2026-01-06T12:22:20,2026-01-06T13:15:00,Tuesday,OTHER_WEEK,4.1863,0.24,0.23399999999997817,0.05589661514941074,0,0.04672888393354846,-0.06521739130434782,lab/artifacts/ea-files/passive-refusal-depth-observation-v1/valid-p4-2026-ytd/observation/events-a.csv,37,38
L1883,P4_2026_YTD,Cross,US100_BOOK,2026-01-06T17:00:00,2026-01-06T21:00:00,Tuesday,OTHER_WEEK,4.1957,0.49,0.48399999999997817,0.11535619801224542,0,0.10834428185664947,-0.08527131782945736,lab/artifacts/ea-files/passive-refusal-depth-observation-v1/valid-p4-2026-ytd/observation/events-a.csv,42,44
L1884,P4_2026_YTD,Passive,US100_BOOK,2026-01-07T16:30:01,2026-01-07T20:30:00,Wednesday,OTHER_WEEK,4.215,-1.34,-1.3459999999999854,-0.3193357058125707,0,-0.328503437028433,-0.06521739130434782,lab/artifacts/ea-files/passive-refusal-depth-observation-v1/valid-p4-2026-ytd/observation/events-a.csv,51,57
L1885,P4_2026_YTD,Cross,US100_BOOK,2026-01-07T17:00:00,2026-01-07T21:00:00,Wednesday,OTHER_WEEK,4.1948,0.88,0.7659999999999855,0.18260703728425323,0,0.17559512112865727,-0.08527131782945736,lab/artifacts/ea-files/passive-refusal-depth-observation-v1/valid-p4-2026-ytd/observation/events-a.csv,55,58
L1886,P4_2026_YTD,Cross,US100_BOOK,2026-01-08T17:00:00,2026-01-08T21:00:00,Thursday,OTHER_WEEK,4.1918,-0.37,-0.3760000000000218,-0.089698936017945,0,-0.09671085217354095,-0.08527131782945736,lab/artifacts/ea-files/passive-refusal-depth-observation-v1/valid-p4-2026-ytd/observation/events-a.csv,63,65
L1887,P4_2026_YTD,RC16,US30_BOOK,2026-01-09T13:30:00,2026-01-09T17:30:00,Friday,OTHER_WEEK,4.1768,1.67,1.656000000000058,0.39647577092512404,0,0.21996199969688146,-0.06818181818181818,lab/artifacts/ea-files/passive-refusal-depth-observation-v1/valid-p4-2026-ytd/observation/events-a.csv,70,77
L1888,P4_2026_YTD,Cross,US100_BOOK,2026-01-09T17:00:00,2026-01-09T20:36:00,Friday,OTHER_WEEK,4.1768,-2.09,-2.1060000000000216,-0.5042137521547648,1,-0.5112256683103608,0.9147286821705426,lab/artifacts/ea-files/passive-refusal-depth-observation-v1/valid-p4-2026-ytd/observation/events-a.csv,75,78
L1889,P4_2026_YTD,Cross,US100_BOOK,2026-01-12T17:00:00,2026-01-12T21:00:00,Monday,STANDARD_EXPIRATION_WEEK,4.1588,0.74,0.7340000000000145,0.17649321919784902,0,0.16948130304225306,-0.08527131782945736,lab/artifacts/ea-files/passive-refusal-depth-observation-v1/valid-p4-2026-ytd/observation/events-a.csv,83,85
L1890,P4_2026_YTD,Passive,US100_BOOK,2026-01-13T16:25:00,2026-01-13T17:15:00,Tuesday,STANDARD_EXPIRATION_WEEK,4.176,0.84,0.8340000000000145,0.19971264367816438,0,0.1905449124623021,-0.06521739130434782,lab/artifacts/ea-files/passive-refusal-depth-observation-v1/valid-p4-2026-ytd/observation/events-a.csv,97,104
L1891,P4_2026_YTD,RC4,US30_BOOK,2026-01-13T13:00:00,2026-01-13T19:00:00,Tuesday,STANDARD_EXPIRATION_WEEK,4.1881,2.36,2.3460000000000583,0.5601585444473767,0,0.5312631967929021,-0.34375,lab/artifacts/ea-files/passive-refusal-depth-observation-v1/valid-p4-2026-ytd/observation/events-a.csv,90,105
L1892,P4_2026_YTD,Cross,US100_BOOK,2026-01-13T17:00:00,2026-01-13T21:00:00,Tuesday,STANDARD_EXPIRATION_WEEK,4.1881,-1.06,-1.0659999999999854,-0.25453069410949725,0,-0.2615426102650932,-0.08527131782945736,lab/artifacts/ea-files/passive-refusal-depth-observation-v1/valid-p4-2026-ytd/observation/events-a.csv,101,106
L1893,P4_2026_YTD,Passive,US100_BOOK,2026-01-14T12:30:03,2026-01-14T15:30:00,Wednesday,STANDARD_EXPIRATION_WEEK,4.2727,0.28,0.24849999999998548,0.058159945701777675,0,0.0489922144859154,-0.06521739130434782,lab/artifacts/ea-files/passive-refusal-depth-observation-v1/valid-p4-2026-ytd/observation/events-a.csv,113,114
L1894,P4_2026_YTD,Cross,US100_BOOK,2026-01-14T17:00:00,2026-01-14T21:00:00,Wednesday,STANDARD_EXPIRATION_WEEK,4.2826,0.74,0.7240000000000145,0.169056180824736,0,0.16204426466914004,-0.08527131782945736,lab/artifacts/ea-files/passive-refusal-depth-observation-v1/valid-p4-2026-ytd/observation/events-a.csv,123,125
L1895,P4_2026_YTD,Return,US30_BOOK,2026-01-14T16:00:00,2026-01-14T22:00:00,Wednesday,STANDARD_EXPIRATION_WEEK,4.2826,-0.01,-0.0319999999999709,-0.007472096390036636,0,-0.0707845067148535,-0.25806451612903225,lab/artifacts/ea-files/passive-refusal-depth-observation-v1/valid-p4-2026-ytd/observation/events-a.csv,118,126
L1896,P4_2026_YTD,Passive,US100_BOOK,2026-01-15T13:02:13,2026-01-15T14:45:00,Thursday,STANDARD_EXPIRATION_WEEK,4.3103,-0.06,-0.06600000000002182,-0.015312159246461225,0,-0.024479890462323503,-0.06521739130434782,lab/artifacts/ea-files/passive-refusal-depth-observation-v1/valid-p4-2026-ytd/observation/events-a.csv,133,139
L1897,P4_2026_YTD,RC16,US30_BOOK,2026-01-15T13:30:00,2026-01-15T17:30:00,Thursday,STANDARD_EXPIRATION_WEEK,4.3103,2.48,2.4660000000000584,0.5721179500266939,0,0.3956041787984513,-0.06818181818181818,lab/artifacts/ea-files/passive-refusal-depth-observation-v1/valid-p4-2026-ytd/observation/events-a.csv,137,150
L1898,P4_2026_YTD,Cross,US100_BOOK,2026-01-15T17:00:00,2026-01-15T21:00:00,Thursday,STANDARD_EXPIRATION_WEEK,4.3077,-0.19,-0.19600000000002182,-0.04549991875015016,0,-0.05251183490574611,-0.08527131782945736,lab/artifacts/ea-files/passive-refusal-depth-observation-v1/valid-p4-2026-ytd/observation/events-a.csv,148,151
L1899,P4_2026_YTD,Return,US30_BOOK,2026-01-15T16:00:00,2026-01-15T22:00:00,Thursday,STANDARD_EXPIRATION_WEEK,4.2888,3.52,3.498000000000029,0.8156127588136609,0,0.7523003484888441,-0.25806451612903225,lab/artifacts/ea-files/passive-refusal-depth-observation-v1/valid-p4-2026-ytd/observation/events-a.csv,143,152
L1900,P4_2026_YTD,RC4,US30_BOOK,2026-01-16T13:00:00,2026-01-16T17:35:15,Friday,STANDARD_EXPIRATION_WEEK,4.5384,-2.27,-2.2839999999999416,-0.5032610611669182,1,-0.5321564088213927,0.65625,lab/artifacts/ea-files/passive-refusal-depth-observation-v1/valid-p4-2026-ytd/observation/events-a.csv,157,166
L1901,P4_2026_YTD,Cross,US100_BOOK,2026-01-16T17:00:00,2026-01-16T21:00:00,Friday,STANDARD_EXPIRATION_WEEK,4.4916,0.1,0.09400000000001456,0.02092795440377918,0,0.013916038248183228,-0.08527131782945736,lab/artifacts/ea-files/passive-refusal-depth-observation-v1/valid-p4-2026-ytd/observation/events-a.csv,164,167
L1902,P4_2026_YTD,Cross,US100_BOOK,2026-01-20T17:00:00,2026-01-20T21:00:00,Tuesday,OTHER_WEEK,4.4508,-1.21,-1.2210000000000218,-0.2743327042329518,0,-0.28134462038854774,-0.08527131782945736,lab/artifacts/ea-files/passive-refusal-depth-observation-v1/valid-p4-2026-ytd/observation/events-a.csv,175,177
L1903,P4_2026_YTD,Passive,US100_BOOK,2026-01-21T13:47:25,2026-01-21T16:15:00,Wednesday,OTHER_WEEK,4.402,0.91,0.9040000000000146,0.20536119945479658,0,0.1961934682389343,-0.06521739130434782,lab/artifacts/ea-files/passive-refusal-depth-observation-v1/valid-p4-2026-ytd/observation/events-a.csv,184,190
L1904,P4_2026_YTD,Cross,US100_BOOK,2026-01-21T17:00:00,2026-01-21T21:00:00,Wednesday,OTHER_WEEK,4.4381,-0.45,-0.4659999999999855,-0.1049998873391734,0,-0.11201180349476934,-0.08527131782945736,lab/artifacts/ea-files/passive-refusal-depth-observation-v1/valid-p4-2026-ytd/observation/events-a.csv,194,196
L1905,P4_2026_YTD,Return,US30_BOOK,2026-01-21T16:00:00,2026-01-21T22:00:00,Wednesday,OTHER_WEEK,4.402,9.07,9.04800000000003,2.055429350295327,0,1.9921169399705103,-0.25806451612903225,lab/artifacts/ea-files/passive-refusal-depth-observation-v1/valid-p4-2026-ytd/observation/events-a.csv,188,197
L1906,P4_2026_YTD,Passive,US100_BOOK,2026-01-22T12:21:10,2026-01-22T13:30:00,Thursday,OTHER_WEEK,4.7814,0.12,0.11399999999997817,0.023842389258371646,0,0.014674658042509368,-0.06521739130434782,lab/artifacts/ea-files/passive-refusal-depth-observation-v1/valid-p4-2026-ytd/observation/events-a.csv,204,215
L1907,P4_2026_YTD,RC16,US30_BOOK,2026-01-22T13:30:00,2026-01-22T17:30:00,Thursday,OTHER_WEEK,4.7814,1.49,1.4760000000000582,0.30869619776635676,0,0.13218242653811418,-0.06818181818181818,lab/artifacts/ea-files/passive-refusal-depth-observation-v1/valid-p4-2026-ytd/observation/events-a.csv,213,223
L1908,P4_2026_YTD,RC4,US30_BOOK,2026-01-22T13:00:00,2026-01-22T19:00:00,Thursday,OTHER_WEEK,4.7814,1.94,1.926000000000058,0.4028108922073155,0,0.37391554455284093,-0.34375,lab/artifacts/ea-files/passive-refusal-depth-observation-v1/valid-p4-2026-ytd/observation/events-a.csv,208,224
L1909,P4_2026_YTD,Cross,US100_BOOK,2026-01-22T17:00:00,2026-01-22T21:00:00,Thursday,OTHER_WEEK,4.786,-0.95,-0.9939999999999781,-0.20768909318846182,0,-0.21470100934405778,-0.08527131782945736,lab/artifacts/ea-files/passive-refusal-depth-observation-v1/valid-p4-2026-ytd/observation/events-a.csv,221,225
L1910,P4_2026_YTD,Cross,US100_BOOK,2026-01-23T17:00:00,2026-01-23T21:00:00,Friday,OTHER_WEEK,4.8823,0.55,0.5240000000000146,0.1073264649857679,0,0.10031454883017195,-0.08527131782945736,lab/artifacts/ea-files/passive-refusal-depth-observation-v1/valid-p4-2026-ytd/observation/events-a.csv,241,243
L1911,P4_2026_YTD,Return,US30_BOOK,2026-01-23T16:00:00,2026-01-23T22:00:00,Friday,OTHER_WEEK,4.8823,-0.67,-0.6839999999999419,-0.1400979046760629,0,-0.20341031500087975,-0.25806451612903225,lab/artifacts/ea-files/passive-refusal-depth-observation-v1/valid-p4-2026-ytd/observation/events-a.csv,236,244
L1912,P4_2026_YTD,RC16,US30_BOOK,2026-01-26T13:30:00,2026-01-26T17:30:00,Monday,OTHER_WEEK,4.8759,1.8399999999999999,1.826000000000058,0.37449496503210855,0,0.19798119380386597,-0.06818181818181818,lab/artifacts/ea-files/passive-refusal-depth-observation-v1/valid-p4-2026-ytd/observation/events-a.csv,249,261
L1913,P4_2026_YTD,Pressure,US30_BOOK,2026-01-26T15:00:00,2026-01-26T19:00:00,Monday,OTHER_WEEK,4.8759,1.28,1.2660000000000582,0.25964437334647106,0,0.09461474310809653,-0.10714285714285714,lab/artifacts/ea-files/passive-refusal-depth-observation-v1/valid-p4-2026-ytd/observation/events-a.csv,254,262
L1914,P4_2026_YTD,Cross,US100_BOOK,2026-01-26T17:00:00,2026-01-26T21:00:00,Monday,OTHER_WEEK,4.8759,0.6,0.5939999999999781,0.1218236633236896,0,0.11481174716809366,-0.08527131782945736,lab/artifacts/ea-files/passive-refusal-depth-observation-v1/valid-p4-2026-ytd/observation/events-a.csv,259,263
L1915,P4_2026_YTD,Passive,US100_BOOK,2026-01-27T13:50:31,2026-01-27T15:30:00,Tuesday,OTHER_WEEK,5.0233,0.33,0.32400000000001455,0.06449943264388242,0,0.05533170142802014,-0.06521739130434782,lab/artifacts/ea-files/passive-refusal-depth-observation-v1/valid-p4-2026-ytd/observation/events-a.csv,270,271
L1916,P4_2026_YTD,Cross,US100_BOOK,2026-01-27T17:00:00,2026-01-27T21:00:00,Tuesday,OTHER_WEEK,5.0352,0.34,0.33400000000001456,0.06633301557038739,0,0.05932109941479143,-0.08527131782945736,lab/artifacts/ea-files/passive-refusal-depth-observation-v1/valid-p4-2026-ytd/observation/events-a.csv,280,282
L1917,P4_2026_YTD,Return,US30_BOOK,2026-01-27T16:00:00,2026-01-27T22:00:00,Tuesday,OTHER_WEEK,5.0363,-0.98,-0.9939999999999418,-0.1973671147469257,0,-0.2606795250717426,-0.25806451612903225,lab/artifacts/ea-files/passive-refusal-depth-observation-v1/valid-p4-2026-ytd/observation/events-a.csv,275,283
L1918,P4_2026_YTD,RC16,US30_BOOK,2026-01-28T13:30:00,2026-01-28T17:30:00,Wednesday,OTHER_WEEK,5.0099,-0.33,-0.3439999999999418,-0.06866404519051114,0,-0.24517781641875372,-0.06818181818181818,lab/artifacts/ea-files/passive-refusal-depth-observation-v1/valid-p4-2026-ytd/observation/events-a.csv,288,295
L1919,P4_2026_YTD,Cross,US100_BOOK,2026-01-28T17:00:00,2026-01-28T21:00:00,Wednesday,OTHER_WEEK,5.0099,0.81,0.7785000000000218,0.15539232320006824,0,0.14838040704447228,-0.08527131782945736,lab/artifacts/ea-files/passive-refusal-depth-observation-v1/valid-p4-2026-ytd/observation/events-a.csv,293,296
L1920,P4_2026_YTD,Passive,US100_BOOK,2026-01-29T15:17:58,2026-01-29T15:45:00,Thursday,OTHER_WEEK,5.0273,0.44,0.4339999999999782,0.08632864559504667,0,0.0771609143791844,-0.06521739130434782,lab/artifacts/ea-files/passive-refusal-depth-observation-v1/valid-p4-2026-ytd/observation/events-a.csv,303,304
L1921,P4_2026_YTD,Cross,US100_BOOK,2026-01-29T17:00:00,2026-01-29T21:00:00,Thursday,OTHER_WEEK,5.0446,0.24,0.23400000000001453,0.04638623478571433,0,0.03937431863011838,-0.08527131782945736,lab/artifacts/ea-files/passive-refusal-depth-observation-v1/valid-p4-2026-ytd/observation/events-a.csv,308,310
L1922,P4_2026_YTD,Passive,US100_BOOK,2026-01-30T14:21:52,2026-01-30T16:15:00,Friday,OTHER_WEEK,5.054,0.49,0.48399999999997817,0.09576573011475627,0,0.086597998898894,-0.06521739130434782,lab/artifacts/ea-files/passive-refusal-depth-observation-v1/valid-p4-2026-ytd/observation/events-a.csv,317,318
L1923,P4_2026_YTD,Cross,US100_BOOK,2026-01-30T17:00:00,2026-01-30T21:00:00,Friday,OTHER_WEEK,5.0733,0.85,0.8439999999999781,0.16636114560542017,0,0.15934922944982421,-0.08527131782945736,lab/artifacts/ea-files/passive-refusal-depth-observation-v1/valid-p4-2026-ytd/observation/events-a.csv,322,324
L1924,P4_2026_YTD,Passive,US100_BOOK,2026-02-02T12:21:04,2026-02-02T15:00:00,Monday,OTHER_WEEK,5.1071,-0.27,-0.27600000000002184,-0.05404241154471654,0,-0.06321014276057882,-0.06521739130434782,lab/artifacts/ea-files/passive-refusal-depth-observation-v1/valid-p4-2026-ytd/observation/events-a.csv,331,337
L1925,P4_2026_YTD,RC4,US30_BOOK,2026-02-02T13:00:00,2026-02-02T19:00:00,Monday,OTHER_WEEK,5.1071,5.86,5.846000000000059,1.144680934385475,0,1.1157855867310005,-0.34375,lab/artifacts/ea-files/passive-refusal-depth-observation-v1/valid-p4-2026-ytd/observation/events-a.csv,335,347
L1926,P4_2026_YTD,Pressure,US30_BOOK,2026-02-02T15:00:00,2026-02-02T19:00:00,Monday,OTHER_WEEK,5.0961,4.98,4.966000000000059,0.9744706736524125,0,0.809441043414038,-0.10714285714285714,lab/artifacts/ea-files/passive-refusal-depth-observation-v1/valid-p4-2026-ytd/observation/events-a.csv,341,348
L1927,P4_2026_YTD,RC4,US30_BOOK,2026-02-03T13:00:00,2026-02-03T17:00:09,Tuesday,OTHER_WEEK,5.5285,-0.7,-0.7219999999999709,-0.1305960025323272,1,-0.15949135018680172,0.65625,lab/artifacts/ea-files/passive-refusal-depth-observation-v1/valid-p4-2026-ytd/observation/events-a.csv,353,363
L1928,P4_2026_YTD,Cross,US100_BOOK,2026-02-03T17:00:00,2026-02-03T21:00:00,Tuesday,OTHER_WEEK,5.5285,3.7800000000000002,3.7689999999999784,0.6817400741611609,0,0.674728158005565,-0.08527131782945736,lab/artifacts/ea-files/passive-refusal-depth-observation-v1/valid-p4-2026-ytd/observation/events-a.csv,360,370
L1929,P4_2026_YTD,RC16,US30_BOOK,2026-02-04T13:30:00,2026-02-04T17:30:00,Wednesday,OTHER_WEEK,5.6504,2.25,2.2360000000000584,0.395724196517071,0,0.21921042528882845,-0.06818181818181818,lab/artifacts/ea-files/passive-refusal-depth-observation-v1/valid-p4-2026-ytd/observation/events-a.csv,375,382
L1930,P4_2026_YTD,Cross,US100_BOOK,2026-02-04T17:00:00,2026-02-04T21:00:00,Wednesday,OTHER_WEEK,5.6504,2.58,2.5540000000000145,0.4520033979895254,0,0.44499148183392945,-0.08527131782945736,lab/artifacts/ea-files/passive-refusal-depth-observation-v1/valid-p4-2026-ytd/observation/events-a.csv,380,383
L1931,P4_2026_YTD,RC16,US30_BOOK,2026-02-05T13:30:00,2026-02-05T16:30:29,Thursday,OTHER_WEEK,5.842,-2.92,-2.9339999999999415,-0.5022252653200859,1,-0.6787390365483286,0.9318181818181819,lab/artifacts/ea-files/passive-refusal-depth-observation-v1/valid-p4-2026-ytd/observation/events-a.csv,388,399
L1932,P4_2026_YTD,Passive,US100_BOOK,2026-02-05T14:30:04,2026-02-05T17:13:07,Thursday,OTHER_WEEK,5.842,-2.92,-2.9259999999999855,-0.5008558712769575,1,-0.5100236024928197,0.9347826086956522,lab/artifacts/ea-files/passive-refusal-depth-observation-v1/valid-p4-2026-ytd/observation/events-a.csv,395,405
L1933,P4_2026_YTD,Cross,US100_BOOK,2026-02-05T17:00:00,2026-02-05T21:00:00,Thursday,OTHER_WEEK,5.7136,-0.69,-0.7059999999999854,-0.12356482777933098,0,-0.13057674393492694,-0.08527131782945736,lab/artifacts/ea-files/passive-refusal-depth-observation-v1/valid-p4-2026-ytd/observation/events-a.csv,403,406
L1934,P4_2026_YTD,Passive,US100_BOOK,2026-02-06T12:20:40,2026-02-06T14:45:00,Friday,OTHER_WEEK,5.5794,-0.44,-0.4460000000000218,-0.07993691077894072,0,-0.089104641994803,-0.06521739130434782,lab/artifacts/ea-files/passive-refusal-depth-observation-v1/valid-p4-2026-ytd/observation/events-a.csv,413,414
L1935,P4_2026_YTD,Pressure,US30_BOOK,2026-02-06T15:00:00,2026-02-06T19:00:00,Friday,OTHER_WEEK,5.5615,7.43,7.408000000000029,1.3320147442236858,0,1.1669851139853114,-0.10714285714285714,lab/artifacts/ea-files/passive-refusal-depth-observation-v1/valid-p4-2026-ytd/observation/events-a.csv,418,425
L1936,P4_2026_YTD,Cross,US100_BOOK,2026-02-06T17:00:00,2026-02-06T21:00:00,Friday,OTHER_WEEK,5.5615,-2.29,-2.381499999999978,-0.4282118133597012,0,-0.43522372951529714,-0.08527131782945736,lab/artifacts/ea-files/passive-refusal-depth-observation-v1/valid-p4-2026-ytd/observation/events-a.csv,423,426
L1937,P4_2026_YTD,Cross,US100_BOOK,2026-02-09T17:00:00,2026-02-09T21:00:00,Monday,OTHER_WEEK,5.7626,2.55,2.543999999999978,0.4414673931905699,0,0.43445547703497395,-0.08527131782945736,lab/artifacts/ea-files/passive-refusal-depth-observation-v1/valid-p4-2026-ytd/observation/events-a.csv,437,439
L1938,P4_2026_YTD,RC4,US30_BOOK,2026-02-10T13:00:00,2026-02-10T16:51:49,Tuesday,OTHER_WEEK,5.8644,-2.94,-2.961999999999971,-0.5050815087647451,1,-0.5339768564192197,0.65625,lab/artifacts/ea-files/passive-refusal-depth-observation-v1/valid-p4-2026-ytd/observation/events-a.csv,444,451
L1939,P4_2026_YTD,RC16,US30_BOOK,2026-02-10T13:30:00,2026-02-10T17:30:00,Tuesday,OTHER_WEEK,5.8644,2.52,2.5060000000000584,0.4273241934383839,0,0.2508104222101413,-0.06818181818181818,lab/artifacts/ea-files/passive-refusal-depth-observation-v1/valid-p4-2026-ytd/observation/events-a.csv,449,457
L1940,P4_2026_YTD,Cross,US100_BOOK,2026-02-10T17:00:00,2026-02-10T21:00:00,Tuesday,OTHER_WEEK,5.7459,0.79,0.7840000000000146,0.13644511738805315,0,0.1294332012324572,-0.08527131782945736,lab/artifacts/ea-files/passive-refusal-depth-observation-v1/valid-p4-2026-ytd/observation/events-a.csv,455,458
L1941,P4_2026_YTD,Passive,US100_BOOK,2026-02-11T15:18:40,2026-02-11T17:15:00,Wednesday,OTHER_WEEK,5.8775,0.69,0.6839999999999781,0.11637601020841822,0,0.10720827899255594,-0.06521739130434782,lab/artifacts/ea-files/passive-refusal-depth-observation-v1/valid-p4-2026-ytd/observation/events-a.csv,471,477
L1942,P4_2026_YTD,Cross,US100_BOOK,2026-02-11T17:00:00,2026-02-11T21:00:00,Wednesday,OTHER_WEEK,5.8775,0.01,0.003999999999978172,0.000680561463203432,0,-0.006331354692392519,-0.08527131782945736,lab/artifacts/ea-files/passive-refusal-depth-observation-v1/valid-p4-2026-ytd/observation/events-a.csv,475,478
L1943,P4_2026_YTD,RC16,US30_BOOK,2026-02-12T13:30:00,2026-02-12T17:30:00,Thursday,OTHER_WEEK,5.905,0.02,0.006000000000058207,0.0010160880609751408,0,-0.17549768316726744,-0.06818181818181818,lab/artifacts/ea-files/passive-refusal-depth-observation-v1/valid-p4-2026-ytd/observation/events-a.csv,483,490
L1944,P4_2026_YTD,Cross,US100_BOOK,2026-02-12T17:00:00,2026-02-12T21:00:00,Thursday,OTHER_WEEK,5.905,2.9699999999999998,2.958999999999978,0.5011007620660419,0,0.494088845910446,-0.08527131782945736,lab/artifacts/ea-files/passive-refusal-depth-observation-v1/valid-p4-2026-ytd/observation/events-a.csv,488,491
L1945,P4_2026_YTD,RC16,US30_BOOK,2026-02-16T13:30:00,2026-02-16T17:30:00,Monday,STANDARD_EXPIRATION_WEEK,6.0236,-1.56,-1.581999999999971,-0.2626336410120146,0,-0.43914741224025716,-0.06818181818181818,lab/artifacts/ea-files/passive-refusal-depth-observation-v1/valid-p4-2026-ytd/observation/events-a.csv,508,514
L1946,P4_2026_YTD,RC4,US30_BOOK,2026-02-16T13:00:00,2026-02-16T19:00:00,Monday,STANDARD_EXPIRATION_WEEK,6.0236,1.5899999999999999,1.576000000000058,0.26163755893486584,0,0.23274221128039133,-0.34375,lab/artifacts/ea-files/passive-refusal-depth-observation-v1/valid-p4-2026-ytd/observation/events-a.csv,503,515
L1947,P4_2026_YTD,Passive,US100_BOOK,2026-02-17T13:16:13,2026-02-17T14:00:00,Tuesday,STANDARD_EXPIRATION_WEEK,6.0234,0.3,0.29399999999997817,0.0488096423946572,0,0.039641911178794925,-0.06521739130434782,lab/artifacts/ea-files/passive-refusal-depth-observation-v1/valid-p4-2026-ytd/observation/events-a.csv,522,523
L1948,P4_2026_YTD,Passive,US100_BOOK,2026-02-17T15:02:50,2026-02-17T15:45:00,Tuesday,STANDARD_EXPIRATION_WEEK,6.0351,0.24,0.23399999999997817,0.03877317691504336,0,0.029605445699181082,-0.06521739130434782,lab/artifacts/ea-files/passive-refusal-depth-observation-v1/valid-p4-2026-ytd/observation/events-a.csv,529,530
L1949,P4_2026_YTD,Cross,US100_BOOK,2026-02-17T17:00:00,2026-02-17T18:13:26,Tuesday,STANDARD_EXPIRATION_WEEK,6.0445,-3.02,-3.036000000000022,-0.5022747952684294,1,-0.5092867114240254,0.9147286821705426,lab/artifacts/ea-files/passive-refusal-depth-observation-v1/valid-p4-2026-ytd/observation/events-a.csv,539,541
L1950,P4_2026_YTD,Return,US30_BOOK,2026-02-17T16:00:00,2026-02-17T22:00:00,Tuesday,STANDARD_EXPIRATION_WEEK,6.0445,1.77,1.748000000000029,0.28918851848788635,0,0.22587610816306947,-0.25806451612903225,lab/artifacts/ea-files/passive-refusal-depth-observation-v1/valid-p4-2026-ytd/observation/events-a.csv,534,542
L1951,P4_2026_YTD,Cross,US100_BOOK,2026-02-18T17:00:00,2026-02-18T21:00:00,Wednesday,STANDARD_EXPIRATION_WEEK,5.993,0.79,0.7585000000000218,0.1265643250458905,0,0.11955240889029455,-0.08527131782945736,lab/artifacts/ea-files/passive-refusal-depth-observation-v1/valid-p4-2026-ytd/observation/events-a.csv,552,554
L1952,P4_2026_YTD,Return,US30_BOOK,2026-02-18T16:00:00,2026-02-18T22:00:00,Wednesday,STANDARD_EXPIRATION_WEEK,5.993,0.01,-0.003999999999941793,-0.0006674453529020178,0,-0.06397985567771888,-0.25806451612903225,lab/artifacts/ea-files/passive-refusal-depth-observation-v1/valid-p4-2026-ytd/observation/events-a.csv,547,555
L1953,P4_2026_YTD,Passive,US100_BOOK,2026-02-19T12:30:38,2026-02-19T14:45:00,Thursday,STANDARD_EXPIRATION_WEEK,6.0231,0.6,0.5940000000000145,0.09862031179957405,0,0.08945258058371178,-0.06521739130434782,lab/artifacts/ea-files/passive-refusal-depth-observation-v1/valid-p4-2026-ytd/observation/events-a.csv,562,563
L1954,P4_2026_YTD,Passive,US100_BOOK,2026-02-20T14:00:46,2026-02-20T16:45:00,Friday,STANDARD_EXPIRATION_WEEK,6.0469,1.02,0.9760000000000219,0.1614050174469599,0,0.1522372862310976,-0.06521739130434782,lab/artifacts/ea-files/passive-refusal-depth-observation-v1/valid-p4-2026-ytd/observation/events-a.csv,570,576
L1955,P4_2026_YTD,Cross,US100_BOOK,2026-02-20T17:00:00,2026-02-20T21:00:00,Friday,STANDARD_EXPIRATION_WEEK,6.0859,1.96,1.8785000000000218,0.30866428958741055,0,0.3016523734318146,-0.08527131782945736,lab/artifacts/ea-files/passive-refusal-depth-observation-v1/valid-p4-2026-ytd/observation/events-a.csv,580,582
L1956,P4_2026_YTD,Return,US30_BOOK,2026-02-20T16:00:00,2026-02-20T22:00:00,Friday,STANDARD_EXPIRATION_WEEK,6.0469,2.04,2.0260000000000584,0.3350477103970726,0,0.2717353000722557,-0.25806451612903225,lab/artifacts/ea-files/passive-refusal-depth-observation-v1/valid-p4-2026-ytd/observation/events-a.csv,574,583
L1957,P4_2026_YTD,Cross,US100_BOOK,2026-02-23T17:00:00,2026-02-23T21:00:00,Monday,OTHER_WEEK,6.2421,-1.9100000000000001,-2.0240000000000147,-0.3242498518126936,0,-0.33126176796828954,-0.08527131782945736,lab/artifacts/ea-files/passive-refusal-depth-observation-v1/valid-p4-2026-ytd/observation/events-a.csv,588,590
L1958,P4_2026_YTD,RC16,US30_BOOK,2026-02-24T13:30:00,2026-02-24T17:30:00,Tuesday,OTHER_WEEK,6.1612,3.24,3.2260000000000586,0.5235992988378982,0,0.34708552760965566,-0.06818181818181818,lab/artifacts/ea-files/passive-refusal-depth-observation-v1/valid-p4-2026-ytd/observation/events-a.csv,595,602
L1959,P4_2026_YTD,Cross,US100_BOOK,2026-02-24T17:00:00,2026-02-24T21:00:00,Tuesday,OTHER_WEEK,6.1612,-1.53,-1.5559999999999854,-0.2525482048951479,0,-0.25956012105074383,-0.08527131782945736,lab/artifacts/ea-files/passive-refusal-depth-observation-v1/valid-p4-2026-ytd/observation/events-a.csv,600,603
L1960,P4_2026_YTD,RC4,US30_BOOK,2026-02-25T13:00:00,2026-02-25T19:00:00,Wednesday,OTHER_WEEK,6.228,-1.76,-1.7739999999999418,-0.2848426461143131,0,-0.31373799376878764,-0.34375,lab/artifacts/ea-files/passive-refusal-depth-observation-v1/valid-p4-2026-ytd/observation/events-a.csv,608,616
L1961,P4_2026_YTD,Cross,US100_BOOK,2026-02-25T17:00:00,2026-02-25T21:00:00,Wednesday,OTHER_WEEK,6.228,0.05,0.044000000000014555,0.0070648683365469745,0,5.295218095102347e-05,-0.08527131782945736,lab/artifacts/ea-files/passive-refusal-depth-observation-v1/valid-p4-2026-ytd/observation/events-a.csv,614,617
L1962,P4_2026_YTD,RC16,US30_BOOK,2026-02-26T13:30:00,2026-02-26T17:30:00,Thursday,OTHER_WEEK,6.1588,-1.77,-1.7839999999999419,-0.2896668182113304,0,-0.46618058943957297,-0.06818181818181818,lab/artifacts/ea-files/passive-refusal-depth-observation-v1/valid-p4-2026-ytd/observation/events-a.csv,622,629
L1963,P4_2026_YTD,Cross,US100_BOOK,2026-02-26T17:00:00,2026-02-26T21:00:00,Thursday,OTHER_WEEK,6.1588,1.9300000000000002,1.9240000000000148,0.3123985191920528,0,0.30538660303645687,-0.08527131782945736,lab/artifacts/ea-files/passive-refusal-depth-observation-v1/valid-p4-2026-ytd/observation/events-a.csv,627,630
L1964,P4_2026_YTD,Return,US30_BOOK,2026-02-27T16:00:00,2026-02-27T16:50:44,Friday,OTHER_WEEK,6.1644,-3.08,-3.0939999999999417,-0.5019142171176338,1,-0.5652266274424507,0.7419354838709677,lab/artifacts/ea-files/passive-refusal-depth-observation-v1/valid-p4-2026-ytd/observation/events-a.csv,641,643
L1965,P4_2026_YTD,Passive,US100_BOOK,2026-02-27T14:01:23,2026-02-27T17:15:00,Friday,OTHER_WEEK,6.1644,0.25,0.24399999999997818,0.03958211666990757,0,0.03041438545404529,-0.06521739130434782,lab/artifacts/ea-files/passive-refusal-depth-observation-v1/valid-p4-2026-ytd/observation/events-a.csv,637,649
L1966,P4_2026_YTD,Cross,US100_BOOK,2026-02-27T17:00:00,2026-02-27T21:00:00,Friday,OTHER_WEEK,6.0406,0.25,0.24399999999997818,0.040393338410088096,0,0.033381422254492144,-0.08527131782945736,lab/artifacts/ea-files/passive-refusal-depth-observation-v1/valid-p4-2026-ytd/observation/events-a.csv,647,650
L1967,P4_2026_YTD,Passive,US100_BOOK,2026-03-02T13:25:23,2026-03-02T14:30:00,Monday,OTHER_WEEK,6.0601,0.35,0.3440000000000145,0.05676473985578035,0,0.04759700863991807,-0.06521739130434782,lab/artifacts/ea-files/passive-refusal-depth-observation-v1/valid-p4-2026-ytd/observation/events-a.csv,657,658
L1968,P4_2026_YTD,Cross,US100_BOOK,2026-03-02T17:00:00,2026-03-02T21:00:00,Monday,OTHER_WEEK,6.0739,1.2,1.1309999999999854,0.18620655591958796,0,0.179194639763992,-0.08527131782945736,lab/artifacts/ea-files/passive-refusal-depth-observation-v1/valid-p4-2026-ytd/observation/events-a.csv,662,664
L1969,P4_2026_YTD,Passive,US100_BOOK,2026-03-03T12:29:33,2026-03-03T14:00:00,Tuesday,OTHER_WEEK,6.1191,0.48,0.4690000000000145,0.07664525828962013,0,0.06747752707375784,-0.06521739130434782,lab/artifacts/ea-files/passive-refusal-depth-observation-v1/valid-p4-2026-ytd/observation/events-a.csv,671,672
L1970,P4_2026_YTD,Pressure,US30_BOOK,2026-03-03T15:00:00,2026-03-03T19:00:00,Tuesday,OTHER_WEEK,6.1379,0.11,0.0960000000000582,0.015640528519535703,0,-0.14938910171883882,-0.10714285714285714,lab/artifacts/ea-files/passive-refusal-depth-observation-v1/valid-p4-2026-ytd/observation/events-a.csv,676,683
L1971,P4_2026_YTD,Cross,US100_BOOK,2026-03-03T17:00:00,2026-03-03T21:00:00,Tuesday,OTHER_WEEK,6.1379,3.11,3.1040000000000143,0.5057104221313502,0,0.49869850597575427,-0.08527131782945736,lab/artifacts/ea-files/passive-refusal-depth-observation-v1/valid-p4-2026-ytd/observation/events-a.csv,681,684
L1972,P4_2026_YTD,Passive,US100_BOOK,2026-03-04T13:01:30,2026-03-04T14:30:00,Wednesday,OTHER_WEEK,6.2659,1.32,1.3089999999999782,0.20890853668267578,0,0.1997408054668135,-0.06521739130434782,lab/artifacts/ea-files/passive-refusal-depth-observation-v1/valid-p4-2026-ytd/observation/events-a.csv,691,692
L1973,P4_2026_YTD,Cross,US100_BOOK,2026-03-04T17:00:00,2026-03-04T21:00:00,Wednesday,OTHER_WEEK,6.3182,2.71,2.6710000000000216,0.4227469849007663,0,0.41573506874517036,-0.08527131782945736,lab/artifacts/ea-files/passive-refusal-depth-observation-v1/valid-p4-2026-ytd/observation/events-a.csv,696,698
L1974,P4_2026_YTD,Passive,US100_BOOK,2026-03-05T13:30:45,2026-03-05T14:15:00,Thursday,OTHER_WEEK,6.4251,0.49,0.45399999999997814,0.07066037882678529,0,0.06149264761092301,-0.06521739130434782,lab/artifacts/ea-files/passive-refusal-depth-observation-v1/valid-p4-2026-ytd/observation/events-a.csv,705,706
L1975,P4_2026_YTD,Return,US30_BOOK,2026-03-05T16:00:00,2026-03-05T17:31:24,Thursday,OTHER_WEEK,6.4432,-3.23,-3.251999999999971,-0.5047181524708174,1,-0.5680305627956342,0.7419354838709677,lab/artifacts/ea-files/passive-refusal-depth-observation-v1/valid-p4-2026-ytd/observation/events-a.csv,710,717
L1976,P4_2026_YTD,Cross,US100_BOOK,2026-03-05T17:00:00,2026-03-05T19:36:36,Thursday,OTHER_WEEK,6.4432,-3.23,-3.236000000000022,-0.5022349143282875,1,-0.5092468304838834,0.9147286821705426,lab/artifacts/ea-files/passive-refusal-depth-observation-v1/valid-p4-2026-ytd/observation/events-a.csv,715,718
L1977,P4_2026_YTD,Passive,US100_BOOK,2026-03-06T12:45:34,2026-03-06T15:56:21,Friday,OTHER_WEEK,6.1837,-3.09,-3.096000000000022,-0.5006711192328253,1,-0.5098388504486875,0.9347826086956522,lab/artifacts/ea-files/passive-refusal-depth-observation-v1/valid-p4-2026-ytd/observation/events-a.csv,725,731
L1978,P4_2026_YTD,Passive,US100_BOOK,2026-03-06T16:00:33,2026-03-06T17:30:00,Friday,OTHER_WEEK,6.0599,1.92,1.9139999999999782,0.3158467961517481,0,0.3066790649358858,-0.06521739130434782,lab/artifacts/ea-files/passive-refusal-depth-observation-v1/valid-p4-2026-ytd/observation/events-a.csv,740,744
L1979,P4_2026_YTD,Pressure,US30_BOOK,2026-03-06T15:00:00,2026-03-06T19:00:00,Friday,OTHER_WEEK,6.1837,2.22,2.2060000000000586,0.35674434400117383,0,0.1917147137627993,-0.10714285714285714,lab/artifacts/ea-files/passive-refusal-depth-observation-v1/valid-p4-2026-ytd/observation/events-a.csv,729,745
L1980,P4_2026_YTD,Passive,US100_BOOK,2026-03-09T12:45:35,2026-03-09T15:30:00,Monday,OTHER_WEEK,6.2247,0.24,0.23400000000001453,0.037592173116779044,0,0.028424441900916766,-0.06521739130434782,lab/artifacts/ea-files/passive-refusal-depth-observation-v1/valid-p4-2026-ytd/observation/events-a.csv,752,758
L1981,P4_2026_YTD,Pressure,US30_BOOK,2026-03-09T15:00:00,2026-03-09T19:00:00,Monday,OTHER_WEEK,6.2247,2.06,2.0280000000000293,0.3257988336787362,0,0.16076920344036166,-0.10714285714285714,lab/artifacts/ea-files/passive-refusal-depth-observation-v1/valid-p4-2026-ytd/observation/events-a.csv,756,764
L1982,P4_2026_YTD,Cross,US100_BOOK,2026-03-09T17:00:00,2026-03-09T21:00:00,Monday,OTHER_WEEK,6.234,2.42,2.413999999999978,0.3872313121591238,0,0.3802193960035279,-0.08527131782945736,lab/artifacts/ea-files/passive-refusal-depth-observation-v1/valid-p4-2026-ytd/observation/events-a.csv,762,765
L1983,P4_2026_YTD,RC4,US30_BOOK,2026-03-10T13:00:00,2026-03-10T15:06:19,Tuesday,OTHER_WEEK,6.4117,-3.21,-3.2419999999999707,-0.5056381302930535,1,-0.534533477947528,0.65625,lab/artifacts/ea-files/passive-refusal-depth-observation-v1/valid-p4-2026-ytd/observation/events-a.csv,775,786
L1984,P4_2026_YTD,RC16,US30_BOOK,2026-03-10T13:30:00,2026-03-10T15:07:51,Tuesday,OTHER_WEEK,6.4117,-3.21,-3.2419999999999707,-0.5056381302930535,1,-0.682151901521296,0.9318181818181819,lab/artifacts/ea-files/passive-refusal-depth-observation-v1/valid-p4-2026-ytd/observation/events-a.csv,781,787
L1985,P4_2026_YTD,Passive,US100_BOOK,2026-03-10T15:17:01,2026-03-10T16:45:00,Tuesday,OTHER_WEEK,6.1524,1.1,1.0940000000000147,0.17781678694493444,0,0.16864905572907216,-0.06521739130434782,lab/artifacts/ea-files/passive-refusal-depth-observation-v1/valid-p4-2026-ytd/observation/events-a.csv,793,799
L1986,P4_2026_YTD,Cross,US100_BOOK,2026-03-10T17:00:00,2026-03-10T21:00:00,Tuesday,OTHER_WEEK,6.1961,2.03,2.004000000000014,0.3234292538855109,0,0.316417337729915,-0.08527131782945736,lab/artifacts/ea-files/passive-refusal-depth-observation-v1/valid-p4-2026-ytd/observation/events-a.csv,803,805
L1987,P4_2026_YTD,Return,US30_BOOK,2026-03-10T16:00:00,2026-03-10T22:00:00,Tuesday,OTHER_WEEK,6.1524,2.18,2.1660000000000585,0.35205773356739783,0,0.28874532324258095,-0.25806451612903225,lab/artifacts/ea-files/passive-refusal-depth-observation-v1/valid-p4-2026-ytd/observation/events-a.csv,797,806
L1988,P4_2026_YTD,Passive,US100_BOOK,2026-03-11T12:50:37,2026-03-11T13:30:00,Wednesday,OTHER_WEEK,6.3629,0.63,0.6190000000000145,0.09728268556790372,0,0.08811495435204145,-0.06521739130434782,lab/artifacts/ea-files/passive-refusal-depth-observation-v1/valid-p4-2026-ytd/observation/events-a.csv,813,814
L1989,P4_2026_YTD,Cross,US100_BOOK,2026-03-11T17:00:00,2026-03-11T21:00:00,Wednesday,OTHER_WEEK,6.3877,-1.52,-1.5259999999999854,-0.23889662945974066,0,-0.24590854561533662,-0.08527131782945736,lab/artifacts/ea-files/passive-refusal-depth-observation-v1/valid-p4-2026-ytd/observation/events-a.csv,818,820
L1990,P4_2026_YTD,Passive,US100_BOOK,2026-03-12T12:51:59,2026-03-12T14:00:00,Thursday,OTHER_WEEK,6.3266,0.29,0.2840000000000145,0.04488983024057385,0,0.03572209902471157,-0.06521739130434782,lab/artifacts/ea-files/passive-refusal-depth-observation-v1/valid-p4-2026-ytd/observation/events-a.csv,827,828
L1991,P4_2026_YTD,Cross,US100_BOOK,2026-03-12T17:00:00,2026-03-12T21:00:00,Thursday,OTHER_WEEK,6.338,0.3,0.2940000000000145,0.0463868728305482,0,0.03937495667495225,-0.08527131782945736,lab/artifacts/ea-files/passive-refusal-depth-observation-v1/valid-p4-2026-ytd/observation/events-a.csv,832,834
L1992,P4_2026_YTD,Passive,US100_BOOK,2026-03-13T13:19:48,2026-03-13T17:15:00,Friday,OTHER_WEEK,6.3498,-0.65,-0.6560000000000219,-0.10331034048316827,0,-0.11247807169903054,-0.06521739130434782,lab/artifacts/ea-files/passive-refusal-depth-observation-v1/valid-p4-2026-ytd/observation/events-a.csv,841,852
L1993,P4_2026_YTD,Cross,US100_BOOK,2026-03-13T17:00:00,2026-03-13T18:43:21,Friday,OTHER_WEEK,6.3498,-3.18,-3.196000000000022,-0.5033229393051785,1,-0.5103348554607744,0.9147286821705426,lab/artifacts/ea-files/passive-refusal-depth-observation-v1/valid-p4-2026-ytd/observation/events-a.csv,850,853
L1994,P4_2026_YTD,Pressure,US30_BOOK,2026-03-13T15:00:00,2026-03-13T19:00:00,Friday,OTHER_WEEK,6.3498,-2.4699999999999998,-2.491000000000058,-0.39229582034080723,0,-0.5573254505791818,-0.10714285714285714,lab/artifacts/ea-files/passive-refusal-depth-observation-v1/valid-p4-2026-ytd/observation/events-a.csv,845,854
L1995,P4_2026_YTD,Passive,US100_BOOK,2026-03-16T15:09:30,2026-03-16T17:45:00,Monday,STANDARD_EXPIRATION_WEEK,6.096,-0.03,-0.035999999999985446,-0.005905511811021235,0,-0.015073243026883513,-0.06521739130434782,lab/artifacts/ea-files/passive-refusal-depth-observation-v1/valid-p4-2026-ytd/observation/events-a.csv,866,872
L1996,P4_2026_YTD,Pressure,US30_BOOK,2026-03-16T15:00:00,2026-03-16T19:00:00,Monday,STANDARD_EXPIRATION_WEEK,6.096,0.95,0.9290000000000145,0.15239501312336196,0,-0.01263461711501257,-0.10714285714285714,lab/artifacts/ea-files/passive-refusal-depth-observation-v1/valid-p4-2026-ytd/observation/events-a.csv,864,873
L1997,P4_2026_YTD,Cross,US100_BOOK,2026-03-16T17:00:00,2026-03-16T21:00:00,Monday,STANDARD_EXPIRATION_WEEK,6.096,0.53,0.5240000000000146,0.08595800524934621,0,0.07894608909375027,-0.08527131782945736,lab/artifacts/ea-files/passive-refusal-depth-observation-v1/valid-p4-2026-ytd/observation/events-a.csv,870,874
L1998,P4_2026_YTD,Passive,US100_BOOK,2026-03-17T14:38:45,2026-03-17T18:30:00,Tuesday,STANDARD_EXPIRATION_WEEK,6.1527,-1.54,-1.5509999999999855,-0.2520844507289459,0,-0.2612521819448082,-0.06521739130434782,lab/artifacts/ea-files/passive-refusal-depth-observation-v1/valid-p4-2026-ytd/observation/events-a.csv,887,893
L1999,P4_2026_YTD,Cross,US100_BOOK,2026-03-17T17:00:00,2026-03-17T21:00:00,Tuesday,STANDARD_EXPIRATION_WEEK,6.144,-0.59,-0.6009999999999854,-0.0978190104166643,0,-0.10483092657226024,-0.08527131782945736,lab/artifacts/ea-files/passive-refusal-depth-observation-v1/valid-p4-2026-ytd/observation/events-a.csv,891,894
L2000,P4_2026_YTD,RC4,US30_BOOK,2026-03-18T13:00:00,2026-03-18T19:00:00,Wednesday,STANDARD_EXPIRATION_WEEK,6.0666,6.97,6.949000000000014,1.1454521478258026,0,1.1165568001713282,-0.34375,lab/artifacts/ea-files/passive-refusal-depth-observation-v1/valid-p4-2026-ytd/observation/events-a.csv,899,917
L2001,P4_2026_YTD,Passive,US100_BOOK,2026-03-18T15:15:24,2026-03-18T19:00:00,Wednesday,STANDARD_EXPIRATION_WEEK,6.0666,-1.42,-1.4259999999999853,-0.235057528104702,0,-0.2442252593205643,-0.06521739130434782,lab/artifacts/ea-files/passive-refusal-depth-observation-v1/valid-p4-2026-ytd/observation/events-a.csv,906,918
L2002,P4_2026_YTD,Return,US30_BOOK,2026-03-18T16:00:00,2026-03-18T21:34:12,Wednesday,STANDARD_EXPIRATION_WEEK,6.0666,-3.06,-3.0809999999999853,-0.5078627237661928,1,-0.5711751340910096,0.7419354838709677,lab/artifacts/ea-files/passive-refusal-depth-observation-v1/valid-p4-2026-ytd/observation/events-a.csv,910,919
L2003,P4_2026_YTD,Passive,US100_BOOK,2026-03-19T16:01:34,2026-03-19T18:15:00,Thursday,STANDARD_EXPIRATION_WEEK,6.1643,1.2,1.1940000000000146,0.19369595898966868,0,0.1845282277738064,-0.06521739130434782,lab/artifacts/ea-files/passive-refusal-depth-observation-v1/valid-p4-2026-ytd/observation/events-a.csv,931,932
L2004,P4_2026_YTD,Return,US30_BOOK,2026-03-19T16:00:00,2026-03-19T22:00:00,Thursday,STANDARD_EXPIRATION_WEEK,6.1643,0.3,0.27900000000001457,0.04526061353276359,0,-0.01805179679205328,-0.25806451612903225,lab/artifacts/ea-files/passive-refusal-depth-observation-v1/valid-p4-2026-ytd/observation/events-a.csv,929,933
L2005,P4_2026_YTD,Passive,US100_BOOK,2026-03-20T13:20:13,2026-03-20T15:30:00,Friday,STANDARD_EXPIRATION_WEEK,6.2232,1.53,1.5240000000000147,0.24489008870034942,0,0.23572235748448714,-0.06521739130434782,lab/artifacts/ea-files/passive-refusal-depth-observation-v1/valid-p4-2026-ytd/observation/events-a.csv,940,941
L2006,P4_2026_YTD,Cross,US100_BOOK,2026-03-20T17:00:00,2026-03-20T21:00:00,Friday,STANDARD_EXPIRATION_WEEK,6.2842,0.71,0.7040000000000145,0.11202698831991574,0,0.1050150721643198,-0.08527131782945736,lab/artifacts/ea-files/passive-refusal-depth-observation-v1/valid-p4-2026-ytd/observation/events-a.csv,950,952
L2007,P4_2026_YTD,Return,US30_BOOK,2026-03-20T16:00:00,2026-03-20T21:22:14,Friday,STANDARD_EXPIRATION_WEEK,6.2842,-3.17,-3.190999999999985,-0.507781420069378,1,-0.5710938303941948,0.7419354838709677,lab/artifacts/ea-files/passive-refusal-depth-observation-v1/valid-p4-2026-ytd/observation/events-a.csv,945,953
L2008,P4_2026_YTD,Passive,US100_BOOK,2026-03-23T14:15:06,2026-03-23T17:15:00,Monday,OTHER_WEEK,6.1847,1.35,1.321000000000022,0.21359160508998365,0,0.20442387387412136,-0.06521739130434782,lab/artifacts/ea-files/passive-refusal-depth-observation-v1/valid-p4-2026-ytd/observation/events-a.csv,960,971
L2009,P4_2026_YTD,Pressure,US30_BOOK,2026-03-23T15:00:20,2026-03-23T19:00:00,Monday,OTHER_WEEK,6.1847,0.5,0.4790000000000145,0.07744918912801178,0,-0.08758044111036274,-0.10714285714285714,lab/artifacts/ea-files/passive-refusal-depth-observation-v1/valid-p4-2026-ytd/observation/events-a.csv,964,972
L2010,P4_2026_YTD,Cross,US100_BOOK,2026-03-23T17:00:00,2026-03-23T21:00:00,Monday,OTHER_WEEK,6.1847,-1.38,-1.4160000000000217,-0.22895209145148862,0,-0.23596400760708458,-0.08527131782945736,lab/artifacts/ea-files/passive-refusal-depth-observation-v1/valid-p4-2026-ytd/observation/events-a.csv,969,973
L2011,P4_2026_YTD,Cross,US100_BOOK,2026-03-24T17:00:00,2026-03-24T21:00:00,Tuesday,OTHER_WEEK,6.2001,-0.26,-0.27100000000002183,-0.04370897243593198,0,-0.05072088859152793,-0.08527131782945736,lab/artifacts/ea-files/passive-refusal-depth-observation-v1/valid-p4-2026-ytd/observation/events-a.csv,983,985
L2012,P4_2026_YTD,Return,US30_BOOK,2026-03-24T16:00:00,2026-03-24T22:00:00,Tuesday,OTHER_WEEK,6.2001,2.95,2.929000000000015,0.47241173529459446,0,0.4090993249697776,-0.25806451612903225,lab/artifacts/ea-files/passive-refusal-depth-observation-v1/valid-p4-2026-ytd/observation/events-a.csv,978,986
L2013,P4_2026_YTD,RC16,US30_BOOK,2026-03-25T13:30:00,2026-03-25T17:30:00,Wednesday,OTHER_WEEK,6.3064,-0.4,-0.4209999999999855,-0.0667575796016722,0,-0.24327135082991477,-0.06818181818181818,lab/artifacts/ea-files/passive-refusal-depth-observation-v1/valid-p4-2026-ytd/observation/events-a.csv,991,993
L2014,P4_2026_YTD,Passive,US100_BOOK,2026-03-26T12:30:07,2026-03-26T15:30:00,Thursday,OTHER_WEEK,6.2896,-0.1,-0.14600000000002183,-0.023212922920379967,0,-0.03238065413624225,-0.06521739130434782,lab/artifacts/ea-files/passive-refusal-depth-observation-v1/valid-p4-2026-ytd/observation/events-a.csv,1000,1006
L2015,P4_2026_YTD,Pressure,US30_BOOK,2026-03-26T15:00:00,2026-03-26T16:44:33,Thursday,OTHER_WEEK,6.2896,-3.15,-3.170999999999985,-0.504165606715846,1,-0.6691952369542205,0.8928571428571429,lab/artifacts/ea-files/passive-refusal-depth-observation-v1/valid-p4-2026-ytd/observation/events-a.csv,1004,1007
L2016,P4_2026_YTD,Cross,US100_BOOK,2026-03-26T17:00:00,2026-03-26T21:00:00,Thursday,OTHER_WEEK,6.1569,3.5300000000000002,3.5239999999999783,0.5723659633906638,0,0.5653540472350679,-0.08527131782945736,lab/artifacts/ea-files/passive-refusal-depth-observation-v1/valid-p4-2026-ytd/observation/events-a.csv,1011,1013
L2017,P4_2026_YTD,Return,US30_BOOK,2026-03-27T16:00:00,2026-03-27T16:58:37,Friday,OTHER_WEEK,6.2978,-3.15,-3.170999999999985,-0.5035091619295604,1,-0.5668215722543772,0.7419354838709677,lab/artifacts/ea-files/passive-refusal-depth-observation-v1/valid-p4-2026-ytd/observation/events-a.csv,1024,1026
L2018,P4_2026_YTD,Passive,US100_BOOK,2026-03-27T13:00:11,2026-03-27T17:00:00,Friday,OTHER_WEEK,6.2978,-2.51,-2.5559999999999854,-0.40585601321096026,0,-0.41502374442682255,-0.06521739130434782,lab/artifacts/ea-files/passive-refusal-depth-observation-v1/valid-p4-2026-ytd/observation/events-a.csv,1020,1027
L2019,P4_2026_YTD,RC4,US30_BOOK,2026-03-30T13:00:00,2026-03-30T14:26:49,Monday,OTHER_WEEK,6.0688,-3.08,-3.1009999999999853,-0.5109741629317138,1,-0.5398695105861884,0.65625,lab/artifacts/ea-files/passive-refusal-depth-observation-v1/valid-p4-2026-ytd/observation/events-a.csv,1032,1034
L2020,P4_2026_YTD,Passive,US100_BOOK,2026-03-30T16:00:24,2026-03-30T16:45:00,Monday,OTHER_WEEK,5.9447,1.21,1.2039999999999782,0.20253334903358927,0,0.193365617817727,-0.06521739130434782,lab/artifacts/ea-files/passive-refusal-depth-observation-v1/valid-p4-2026-ytd/observation/events-a.csv,1045,1046
L2021,P4_2026_YTD,Pressure,US30_BOOK,2026-03-30T15:00:00,2026-03-30T19:00:00,Monday,OTHER_WEEK,5.9447,1.16,1.1390000000000144,0.19159923965885822,0,0.026569609420483697,-0.10714285714285714,lab/artifacts/ea-files/passive-refusal-depth-observation-v1/valid-p4-2026-ytd/observation/events-a.csv,1038,1052
L2022,P4_2026_YTD,Cross,US100_BOOK,2026-03-30T17:00:00,2026-03-30T21:00:00,Monday,OTHER_WEEK,5.9929,0.9,0.8940000000000146,0.1491765255552428,0,0.14216460939964684,-0.08527131782945736,lab/artifacts/ea-files/passive-refusal-depth-observation-v1/valid-p4-2026-ytd/observation/events-a.csv,1050,1053
L2023,P4_2026_YTD,RC16,US30_BOOK,2026-03-31T13:30:00,2026-03-31T17:30:00,Tuesday,OTHER_WEEK,6.0742,1.73,1.7090000000000145,0.2813539231503761,0,0.10484015192213353,-0.06818181818181818,lab/artifacts/ea-files/passive-refusal-depth-observation-v1/valid-p4-2026-ytd/observation/events-a.csv,1058,1070
L2024,P4_2026_YTD,Pressure,US30_BOOK,2026-03-31T15:00:00,2026-03-31T19:00:00,Tuesday,OTHER_WEEK,6.0742,-0.74,-0.7609999999999855,-0.12528398801488022,0,-0.29031361825325475,-0.10714285714285714,lab/artifacts/ea-files/passive-refusal-depth-observation-v1/valid-p4-2026-ytd/observation/events-a.csv,1063,1071
L2025,P4_2026_YTD,Cross,US100_BOOK,2026-03-31T17:00:00,2026-03-31T21:00:00,Tuesday,OTHER_WEEK,6.0742,1.92,1.9090000000000145,0.31428006980343326,0,0.3072681536478373,-0.08527131782945736,lab/artifacts/ea-files/passive-refusal-depth-observation-v1/valid-p4-2026-ytd/observation/events-a.csv,1068,1072
L2026,P4_2026_YTD,Pressure,US30_BOOK,2026-04-01T15:00:00,2026-04-01T19:00:00,Wednesday,OTHER_WEEK,6.1885,0.63,0.6089999999999418,0.09840833804636694,0,-0.06662129219200759,-0.10714285714285714,lab/artifacts/ea-files/passive-refusal-depth-observation-v1/valid-p4-2026-ytd/observation/events-a.csv,1077,1079
L2027,P4_2026_YTD,Passive,US100_BOOK,2026-04-02T14:58:46,2026-04-02T16:30:00,Thursday,OTHER_WEEK,6.2128,0.63,0.6240000000000145,0.10043780582024443,0,0.09127007460438216,-0.06521739130434782,lab/artifacts/ea-files/passive-refusal-depth-observation-v1/valid-p4-2026-ytd/observation/events-a.csv,1096,1103
L2028,P4_2026_YTD,RC4,US30_BOOK,2026-04-02T13:00:00,2026-04-02T17:28:52,Thursday,OTHER_WEEK,6.2128,-0.81,-0.8310000000000582,-0.133756116404851,1,-0.1626514640593255,0.65625,lab/artifacts/ea-files/passive-refusal-depth-observation-v1/valid-p4-2026-ytd/observation/events-a.csv,1084,1112
L2029,P4_2026_YTD,RC16,US30_BOOK,2026-04-02T13:30:00,2026-04-02T17:30:00,Thursday,OTHER_WEEK,6.2128,1.52,1.4989999999999417,0.24127607519957858,0,0.064762303971336,-0.06818181818181818,lab/artifacts/ea-files/passive-refusal-depth-observation-v1/valid-p4-2026-ytd/observation/events-a.csv,1089,1115
L2030,P4_2026_YTD,Cross,US100_BOOK,2026-04-02T17:00:00,2026-04-02T21:00:00,Thursday,OTHER_WEEK,6.2378,1.9300000000000002,1.9240000000000148,0.3084420789380895,0,0.30143016278249357,-0.08527131782945736,lab/artifacts/ea-files/passive-refusal-depth-observation-v1/valid-p4-2026-ytd/observation/events-a.csv,1107,1118
L2031,P4_2026_YTD,RC4,US30_BOOK,2026-04-03T13:00:00,2026-04-06T03:30:00,Friday,OTHER_WEEK,6.3415,-0.94,-0.9659999999999854,-0.15232989040447614,0,-0.18122523805895066,-0.34375,lab/artifacts/ea-files/passive-refusal-depth-observation-v1/valid-p4-2026-ytd/observation/events-a.csv,1123,1129
L2032,P4_2026_YTD,Passive,US100_BOOK,2026-04-06T12:19:26,2026-04-06T14:00:00,Monday,OTHER_WEEK,6.3028,0.71,0.6990000000000145,0.11090309068985442,0,0.10173535947399215,-0.06521739130434782,lab/artifacts/ea-files/passive-refusal-depth-observation-v1/valid-p4-2026-ytd/observation/events-a.csv,1135,1136
L2033,P4_2026_YTD,Cross,US100_BOOK,2026-04-06T17:00:00,2026-04-06T21:00:00,Monday,OTHER_WEEK,6.3308,-1.5,-1.5259999999999854,-0.2410437859354245,0,-0.24805570209102046,-0.08527131782945736,lab/artifacts/ea-files/passive-refusal-depth-observation-v1/valid-p4-2026-ytd/observation/events-a.csv,1146,1148
L2034,P4_2026_YTD,Passive,US100_BOOK,2026-04-07T12:17:10,2026-04-07T14:00:00,Tuesday,OTHER_WEEK,6.2698,1.77,1.7539999999999782,0.2797537401511975,0,0.27058600893533524,-0.06521739130434782,lab/artifacts/ea-files/passive-refusal-depth-observation-v1/valid-p4-2026-ytd/observation/events-a.csv,1155,1156
L2035,P4_2026_YTD,Return,US30_BOOK,2026-04-07T16:00:00,2026-04-07T18:05:57,Tuesday,OTHER_WEEK,6.3399,-3.17,-3.191000000000058,-0.5033202416441991,1,-0.5666326519690159,0.7419354838709677,lab/artifacts/ea-files/passive-refusal-depth-observation-v1/valid-p4-2026-ytd/observation/events-a.csv,1166,1168
L2036,P4_2026_YTD,Passive,US100_BOOK,2026-04-07T14:32:16,2026-04-07T18:30:00,Tuesday,OTHER_WEEK,6.3399,-1.48,-1.4910000000000219,-0.23517721099702232,0,-0.2443449422128846,-0.06521739130434782,lab/artifacts/ea-files/passive-refusal-depth-observation-v1/valid-p4-2026-ytd/observation/events-a.csv,1162,1169
L2037,P4_2026_YTD,RC16,US30_BOOK,2026-04-08T13:30:00,2026-04-08T17:30:00,Wednesday,OTHER_WEEK,6.1526,0.01,-0.010999999999985447,-0.0017878620420611526,0,-0.17830163327030374,-0.06818181818181818,lab/artifacts/ea-files/passive-refusal-depth-observation-v1/valid-p4-2026-ytd/observation/events-a.csv,1174,1186
L2038,P4_2026_YTD,Pressure,US30_BOOK,2026-04-08T15:00:00,2026-04-08T19:00:00,Wednesday,OTHER_WEEK,6.1526,-0.45,-0.47099999999998543,-0.07655300198289917,0,-0.24158263222127369,-0.10714285714285714,lab/artifacts/ea-files/passive-refusal-depth-observation-v1/valid-p4-2026-ytd/observation/events-a.csv,1179,1187
L2039,P4_2026_YTD,Cross,US100_BOOK,2026-04-08T17:00:00,2026-04-08T21:00:00,Wednesday,OTHER_WEEK,6.1526,-0.12,-0.12599999999998546,-0.02047914702727066,0,-0.027491063182866614,-0.08527131782945736,lab/artifacts/ea-files/passive-refusal-depth-observation-v1/valid-p4-2026-ytd/observation/events-a.csv,1184,1188
L2040,P4_2026_YTD,RC4,US30_BOOK,2026-04-09T13:00:00,2026-04-09T19:00:00,Thursday,OTHER_WEEK,6.1283,3.24,3.219000000000015,0.5252680188633088,0,0.4963726712088342,-0.34375,lab/artifacts/ea-files/passive-refusal-depth-observation-v1/valid-p4-2026-ytd/observation/events-a.csv,1193,1201
L2041,P4_2026_YTD,Cross,US100_BOOK,2026-04-09T17:00:00,2026-04-09T21:00:00,Thursday,OTHER_WEEK,6.1283,-1.9100000000000001,-1.916000000000022,-0.3126478795098187,0,-0.31965979566541464,-0.08527131782945736,lab/artifacts/ea-files/passive-refusal-depth-observation-v1/valid-p4-2026-ytd/observation/events-a.csv,1198,1202
L2042,P4_2026_YTD,RC16,US30_BOOK,2026-04-10T13:30:00,2026-04-10T17:30:00,Friday,OTHER_WEEK,6.1804,-0.56,-0.5809999999999855,-0.09400686039738294,0,-0.2705206316256255,-0.06818181818181818,lab/artifacts/ea-files/passive-refusal-depth-observation-v1/valid-p4-2026-ytd/observation/events-a.csv,1207,1223
L2043,P4_2026_YTD,Passive,US100_BOOK,2026-04-10T15:45:09,2026-04-10T18:45:00,Friday,OTHER_WEEK,6.1804,0.13,0.12400000000001456,0.020063426315451195,0,0.010895695099588917,-0.06521739130434782,lab/artifacts/ea-files/passive-refusal-depth-observation-v1/valid-p4-2026-ytd/observation/events-a.csv,1217,1224
L2044,P4_2026_YTD,Cross,US100_BOOK,2026-04-10T17:00:00,2026-04-10T21:00:00,Friday,OTHER_WEEK,6.1804,-0.38,-0.3959999999999855,-0.06407352274933427,0,-0.07108543890493021,-0.08527131782945736,lab/artifacts/ea-files/passive-refusal-depth-observation-v1/valid-p4-2026-ytd/observation/events-a.csv,1221,1225
L2045,P4_2026_YTD,RC16,US30_BOOK,2026-04-13T13:30:00,2026-04-13T17:30:00,Monday,STANDARD_EXPIRATION_WEEK,6.1463,0.24,0.21900000000001454,0.03563119275011219,0,-0.1408825784781304,-0.06818181818181818,lab/artifacts/ea-files/passive-refusal-depth-observation-v1/valid-p4-2026-ytd/observation/events-a.csv,1230,1237
L2046,P4_2026_YTD,Return,US30_BOOK,2026-04-13T16:00:00,2026-04-13T22:00:00,Monday,STANDARD_EXPIRATION_WEEK,6.1463,5.36,5.339000000000015,0.8686526853554194,0,0.8053402750306026,-0.25806451612903225,lab/artifacts/ea-files/passive-refusal-depth-observation-v1/valid-p4-2026-ytd/observation/events-a.csv,1235,1238
L2047,P4_2026_YTD,RC16,US30_BOOK,2026-04-14T13:30:00,2026-04-14T17:30:00,Tuesday,STANDARD_EXPIRATION_WEEK,6.3686,1.79,1.7690000000000146,0.27776905442326644,0,0.10125528319502386,-0.06818181818181818,lab/artifacts/ea-files/passive-refusal-depth-observation-v1/valid-p4-2026-ytd/observation/events-a.csv,1249,1256
L2048,P4_2026_YTD,Cross,US100_BOOK,2026-04-14T17:00:00,2026-04-14T21:00:00,Tuesday,STANDARD_EXPIRATION_WEEK,6.3686,-2.37,-2.3759999999999857,-0.3730804258392717,0,-0.38009234199486763,-0.08527131782945736,lab/artifacts/ea-files/passive-refusal-depth-observation-v1/valid-p4-2026-ytd/observation/events-a.csv,1254,1257
L2049,P4_2026_YTD,Cross,US100_BOOK,2026-04-15T17:00:00,2026-04-15T21:00:00,Wednesday,STANDARD_EXPIRATION_WEEK,6.3444,1.2,1.1940000000000146,0.1881974654813717,0,0.18118554932577574,-0.08527131782945736,lab/artifacts/ea-files/passive-refusal-depth-observation-v1/valid-p4-2026-ytd/observation/events-a.csv,1262,1264
L2050,P4_2026_YTD,Passive,US100_BOOK,2026-04-16T13:45:27,2026-04-16T16:30:00,Thursday,STANDARD_EXPIRATION_WEEK,6.3921,0.6,0.5940000000000145,0.09292720702116902,0,0.08375947580530674,-0.06521739130434782,lab/artifacts/ea-files/passive-refusal-depth-observation-v1/valid-p4-2026-ytd/observation/events-a.csv,1276,1277
L2051,P4_2026_YTD,RC4,US30_BOOK,2026-04-16T13:00:00,2026-04-16T19:00:00,Thursday,STANDARD_EXPIRATION_WEEK,6.3921,-0.77,-0.7909999999999855,-0.12374649958542348,0,-0.15264184723989802,-0.34375,lab/artifacts/ea-files/passive-refusal-depth-observation-v1/valid-p4-2026-ytd/observation/events-a.csv,1269,1284
L2052,P4_2026_YTD,Cross,US100_BOOK,2026-04-16T17:00:00,2026-04-16T21:00:00,Thursday,STANDARD_EXPIRATION_WEEK,6.4159,-1.3900000000000001,-1.3959999999999855,-0.2175844386602013,0,-0.22459635481579726,-0.08527131782945736,lab/artifacts/ea-files/passive-refusal-depth-observation-v1/valid-p4-2026-ytd/observation/events-a.csv,1282,1285
L2053,P4_2026_YTD,Passive,US100_BOOK,2026-04-17T13:07:24,2026-04-17T17:00:00,Friday,STANDARD_EXPIRATION_WEEK,6.3284,-1.88,-1.8860000000000217,-0.2980216168383828,0,-0.3071893480542451,-0.06521739130434782,lab/artifacts/ea-files/passive-refusal-depth-observation-v1/valid-p4-2026-ytd/observation/events-a.csv,1297,1303
L2054,P4_2026_YTD,RC16,US30_BOOK,2026-04-17T13:30:00,2026-04-17T17:30:00,Friday,STANDARD_EXPIRATION_WEEK,6.3284,7.8100000000000005,7.789000000000015,1.2308008343341152,0,1.0542870631058727,-0.06818181818181818,lab/artifacts/ea-files/passive-refusal-depth-observation-v1/valid-p4-2026-ytd/observation/events-a.csv,1301,1308
L2055,P4_2026_YTD,RC4,US30_BOOK,2026-04-17T13:00:00,2026-04-17T19:00:00,Friday,STANDARD_EXPIRATION_WEEK,6.3284,9.15,9.129000000000016,1.4425447190443106,0,1.4136493713898362,-0.34375,lab/artifacts/ea-files/passive-refusal-depth-observation-v1/valid-p4-2026-ytd/observation/events-a.csv,1295,1309
L2056,P4_2026_YTD,RC16,US30_BOOK,2026-04-20T13:30:00,2026-04-20T17:30:00,Monday,OTHER_WEEK,6.9297,2.23,2.2090000000000147,0.31877281844813116,0,0.14225904721988858,-0.06818181818181818,lab/artifacts/ea-files/passive-refusal-depth-observation-v1/valid-p4-2026-ytd/observation/events-a.csv,1314,1321
L2057,P4_2026_YTD,Cross,US100_BOOK,2026-04-20T17:00:00,2026-04-20T21:00:00,Monday,OTHER_WEEK,6.9297,0.75,0.7440000000000145,0.10736395514957567,0,0.10035203899397972,-0.08527131782945736,lab/artifacts/ea-files/passive-refusal-depth-observation-v1/valid-p4-2026-ytd/observation/events-a.csv,1319,1322
L2058,P4_2026_YTD,Cross,US100_BOOK,2026-04-21T17:00:00,2026-04-21T21:00:00,Tuesday,OTHER_WEEK,7.0478,1.38,1.3739999999999781,0.1949544538721272,0,0.18794253771653124,-0.08527131782945736,lab/artifacts/ea-files/passive-refusal-depth-observation-v1/valid-p4-2026-ytd/observation/events-a.csv,1327,1329
L2059,P4_2026_YTD,Cross,US100_BOOK,2026-04-22T17:00:00,2026-04-22T21:00:00,Wednesday,OTHER_WEEK,7.1028,-1.6600000000000001,-1.6659999999999855,-0.23455538660809616,0,-0.24156730276369212,-0.08527131782945736,lab/artifacts/ea-files/passive-refusal-depth-observation-v1/valid-p4-2026-ytd/observation/events-a.csv,1334,1336
L2060,P4_2026_YTD,Passive,US100_BOOK,2026-04-23T15:00:48,2026-04-23T17:15:00,Thursday,OTHER_WEEK,7.0361,0.5,0.4939999999999782,0.07020934892909114,0,0.061041617713228864,-0.06521739130434782,lab/artifacts/ea-files/passive-refusal-depth-observation-v1/valid-p4-2026-ytd/observation/events-a.csv,1343,1349
L2061,P4_2026_YTD,Cross,US100_BOOK,2026-04-23T17:00:00,2026-04-23T21:00:00,Thursday,OTHER_WEEK,7.0361,1.34,1.3339999999999783,0.1895936669461745,0,0.18258175079057853,-0.08527131782945736,lab/artifacts/ea-files/passive-refusal-depth-observation-v1/valid-p4-2026-ytd/observation/events-a.csv,1347,1350
L2062,P4_2026_YTD,Passive,US100_BOOK,2026-04-24T14:15:49,2026-04-24T16:30:00,Friday,OTHER_WEEK,7.1092,0.78,0.7740000000000146,0.10887300962133778,0,0.0997052784054755,-0.06521739130434782,lab/artifacts/ea-files/passive-refusal-depth-observation-v1/valid-p4-2026-ytd/observation/events-a.csv,1357,1358
L2063,P4_2026_YTD,Passive,US100_BOOK,2026-04-27T14:22:26,2026-04-27T15:15:00,Monday,OTHER_WEEK,7.1402,0.25,0.24400000000001454,0.034172712248958646,0,0.02500498103309637,-0.06521739130434782,lab/artifacts/ea-files/passive-refusal-depth-observation-v1/valid-p4-2026-ytd/observation/events-a.csv,1370,1371
L2064,P4_2026_YTD,RC4,US30_BOOK,2026-04-27T13:00:00,2026-04-27T19:00:00,Monday,OTHER_WEEK,7.1402,0.26,0.24600000000005823,0.03445281644772671,0,0.005557468793252182,-0.34375,lab/artifacts/ea-files/passive-refusal-depth-observation-v1/valid-p4-2026-ytd/observation/events-a.csv,1363,1378
L2065,P4_2026_YTD,Cross,US100_BOOK,2026-04-27T17:00:00,2026-04-27T21:00:00,Monday,OTHER_WEEK,7.15,-0.27,-0.2759999999999855,-0.03860139860139657,0,-0.04561331475699252,-0.08527131782945736,lab/artifacts/ea-files/passive-refusal-depth-observation-v1/valid-p4-2026-ytd/observation/events-a.csv,1376,1379
L2066,P4_2026_YTD,Passive,US100_BOOK,2026-04-28T13:17:20,2026-04-28T17:15:00,Tuesday,OTHER_WEEK,7.1488,-0.55,-0.5559999999999855,-0.07777529095792099,0,-0.08694302217378327,-0.06521739130434782,lab/artifacts/ea-files/passive-refusal-depth-observation-v1/valid-p4-2026-ytd/observation/events-a.csv,1386,1392
L2067,P4_2026_YTD,Cross,US100_BOOK,2026-04-28T17:00:00,2026-04-28T21:00:00,Tuesday,OTHER_WEEK,7.1488,-0.66,-0.6759999999999855,-0.0945613249776166,0,-0.10157324113321255,-0.08527131782945736,lab/artifacts/ea-files/passive-refusal-depth-observation-v1/valid-p4-2026-ytd/observation/events-a.csv,1390,1393
L2068,P4_2026_YTD,Cross,US100_BOOK,2026-04-29T17:00:00,2026-04-29T21:00:00,Wednesday,OTHER_WEEK,7.0995,0.27,0.25900000000001455,0.03648144235509748,0,0.02946952619950153,-0.08527131782945736,lab/artifacts/ea-files/passive-refusal-depth-observation-v1/valid-p4-2026-ytd/observation/events-a.csv,1398,1400
L2069,P4_2026_YTD,Pressure,US30_BOOK,2026-04-30T15:00:00,2026-04-30T19:00:00,Thursday,OTHER_WEEK,7.1098,4.6,4.568000000000029,0.6424934597316421,0,0.47746382949326754,-0.10714285714285714,lab/artifacts/ea-files/passive-refusal-depth-observation-v1/valid-p4-2026-ytd/observation/events-a.csv,1405,1412
L2070,P4_2026_YTD,Cross,US100_BOOK,2026-04-30T17:00:00,2026-04-30T21:00:00,Thursday,OTHER_WEEK,7.1098,-2.95,-2.9559999999999858,-0.41576415651635573,0,-0.42277607267195166,-0.08527131782945736,lab/artifacts/ea-files/passive-refusal-depth-observation-v1/valid-p4-2026-ytd/observation/events-a.csv,1410,1413
L2071,P4_2026_YTD,RC16,US30_BOOK,2026-05-01T13:30:00,2026-05-01T17:30:00,Friday,OTHER_WEEK,7.1743,0.93,0.9160000000000582,0.12767796161298778,0,-0.0488358096152548,-0.06818181818181818,lab/artifacts/ea-files/passive-refusal-depth-observation-v1/valid-p4-2026-ytd/observation/events-a.csv,1423,1431
L2072,P4_2026_YTD,RC4,US30_BOOK,2026-05-01T13:00:00,2026-05-01T19:00:00,Friday,OTHER_WEEK,7.1743,-1.3,-1.3139999999999419,-0.1831537571609693,0,-0.2120491048154438,-0.34375,lab/artifacts/ea-files/passive-refusal-depth-observation-v1/valid-p4-2026-ytd/observation/events-a.csv,1418,1432
L2073,P4_2026_YTD,Cross,US100_BOOK,2026-05-01T17:00:00,2026-05-01T21:00:00,Friday,OTHER_WEEK,7.1743,0.1,0.08900000000001455,0.012405391466765336,0,0.005393475311169385,-0.08527131782945736,lab/artifacts/ea-files/passive-refusal-depth-observation-v1/valid-p4-2026-ytd/observation/events-a.csv,1428,1433
L2074,P4_2026_YTD,Passive,US100_BOOK,2026-05-04T13:15:12,2026-05-04T16:15:00,Monday,OTHER_WEEK,7.162,1.58,1.5740000000000147,0.21977101368333074,0,0.21060328246746846,-0.06521739130434782,lab/artifacts/ea-files/passive-refusal-depth-observation-v1/valid-p4-2026-ytd/observation/events-a.csv,1445,1446
L2075,P4_2026_YTD,RC4,US30_BOOK,2026-05-04T13:00:00,2026-05-04T18:47:40,Monday,OTHER_WEEK,7.162,-3.59,-3.611999999999971,-0.5043283998882953,1,-0.5332237475427698,0.65625,lab/artifacts/ea-files/passive-refusal-depth-observation-v1/valid-p4-2026-ytd/observation/events-a.csv,1438,1454
L2076,P4_2026_YTD,Cross,US100_BOOK,2026-05-04T17:00:00,2026-05-04T21:00:00,Monday,OTHER_WEEK,7.2249,-1.04,-1.0459999999999854,-0.14477709034034872,0,-0.15178900649594468,-0.08527131782945736,lab/artifacts/ea-files/passive-refusal-depth-observation-v1/valid-p4-2026-ytd/observation/events-a.csv,1450,1455
L2077,P4_2026_YTD,RC16,US30_BOOK,2026-05-05T13:30:00,2026-05-05T17:30:00,Tuesday,OTHER_WEEK,7.0386,1.4,1.386000000000058,0.19691415906573156,0,0.020400387837488987,-0.06818181818181818,lab/artifacts/ea-files/passive-refusal-depth-observation-v1/valid-p4-2026-ytd/observation/events-a.csv,1465,1473
L2078,P4_2026_YTD,RC4,US30_BOOK,2026-05-05T13:00:00,2026-05-05T19:00:00,Tuesday,OTHER_WEEK,7.0386,0.81,0.7880000000000291,0.11195408177763037,0,0.08305873412315584,-0.34375,lab/artifacts/ea-files/passive-refusal-depth-observation-v1/valid-p4-2026-ytd/observation/events-a.csv,1460,1474
L2079,P4_2026_YTD,Cross,US100_BOOK,2026-05-05T17:00:00,2026-05-05T21:00:00,Tuesday,OTHER_WEEK,7.0386,0.74,0.7289999999999781,0.10357173301508513,0,0.09655981685948918,-0.08527131782945736,lab/artifacts/ea-files/passive-refusal-depth-observation-v1/valid-p4-2026-ytd/observation/events-a.csv,1471,1475
L2080,P4_2026_YTD,Passive,US100_BOOK,2026-05-06T12:15:28,2026-05-06T15:15:00,Wednesday,OTHER_WEEK,7.1547,0.02,0.004000000000014551,0.0005590730568737405,0,-0.008608658158988538,-0.06521739130434782,lab/artifacts/ea-files/passive-refusal-depth-observation-v1/valid-p4-2026-ytd/observation/events-a.csv,1482,1488
L2081,P4_2026_YTD,Pressure,US30_BOOK,2026-05-06T15:00:00,2026-05-06T19:00:00,Wednesday,OTHER_WEEK,7.1547,0.35,0.3280000000000291,0.04584399066348402,0,-0.1191856395748905,-0.10714285714285714,lab/artifacts/ea-files/passive-refusal-depth-observation-v1/valid-p4-2026-ytd/observation/events-a.csv,1486,1494
L2082,P4_2026_YTD,Cross,US100_BOOK,2026-05-06T17:00:00,2026-05-06T21:00:00,Wednesday,OTHER_WEEK,7.1549,-1.31,-1.3159999999999854,-0.1839298941983795,0,-0.19094181035397545,-0.08527131782945736,lab/artifacts/ea-files/passive-refusal-depth-observation-v1/valid-p4-2026-ytd/observation/events-a.csv,1492,1495
L2083,P4_2026_YTD,Cross,US100_BOOK,2026-05-07T17:00:00,2026-05-07T21:00:00,Thursday,OTHER_WEEK,7.1154,-0.86,-0.8659999999999854,-0.12170784495600885,0,-0.1287197611116048,-0.08527131782945736,lab/artifacts/ea-files/passive-refusal-depth-observation-v1/valid-p4-2026-ytd/observation/events-a.csv,1500,1502
L2084,P4_2026_YTD,RC16,US30_BOOK,2026-05-08T13:30:00,2026-05-08T17:30:00,Friday,OTHER_WEEK,7.0807,-0.14,-0.16199999999997092,-0.022879093874895267,0,-0.19939286510313783,-0.06818181818181818,lab/artifacts/ea-files/passive-refusal-depth-observation-v1/valid-p4-2026-ytd/observation/events-a.csv,1507,1520
L2085,P4_2026_YTD,Passive,US100_BOOK,2026-05-08T16:34:52,2026-05-08T20:30:00,Friday,OTHER_WEEK,7.0807,-3.34,-3.3459999999999854,-0.4725521487988455,0,-0.4817198800147078,-0.06521739130434782,lab/artifacts/ea-files/passive-refusal-depth-observation-v1/valid-p4-2026-ytd/observation/events-a.csv,1514,1521
L2086,P4_2026_YTD,Cross,US100_BOOK,2026-05-08T17:00:00,2026-05-08T21:00:00,Friday,OTHER_WEEK,7.0807,1.55,1.5390000000000146,0.2173513918115461,0,0.21033947565595015,-0.08527131782945736,lab/artifacts/ea-files/passive-refusal-depth-observation-v1/valid-p4-2026-ytd/observation/events-a.csv,1518,1522
L2087,P4_2026_YTD,Passive,US100_BOOK,2026-05-11T14:30:49,2026-05-11T15:15:00,Monday,STANDARD_EXPIRATION_WEEK,7.002,0.78,0.7740000000000146,0.11053984575835683,0,0.10137211454249456,-0.06521739130434782,lab/artifacts/ea-files/passive-refusal-depth-observation-v1/valid-p4-2026-ytd/observation/events-a.csv,1534,1535
L2088,P4_2026_YTD,RC16,US30_BOOK,2026-05-11T13:30:00,2026-05-11T17:30:00,Monday,STANDARD_EXPIRATION_WEEK,7.002,1.15,1.136000000000058,0.1622393601828132,0,-0.01427441104542937,-0.06818181818181818,lab/artifacts/ea-files/passive-refusal-depth-observation-v1/valid-p4-2026-ytd/observation/events-a.csv,1527,1541
L2089,P4_2026_YTD,Cross,US100_BOOK,2026-05-11T17:00:00,2026-05-11T21:00:00,Monday,STANDARD_EXPIRATION_WEEK,7.0329,-1.31,-1.3209999999999855,-0.18783147776877043,0,-0.1948433939243664,-0.08527131782945736,lab/artifacts/ea-files/passive-refusal-depth-observation-v1/valid-p4-2026-ytd/observation/events-a.csv,1539,1542
L2090,P4_2026_YTD,Cross,US100_BOOK,2026-05-12T17:00:00,2026-05-12T19:41:54,Tuesday,STANDARD_EXPIRATION_WEEK,7.0255,-3.51,-3.5159999999999854,-0.5004626005266508,1,-0.5074745166822467,0.9147286821705426,lab/artifacts/ea-files/passive-refusal-depth-observation-v1/valid-p4-2026-ytd/observation/events-a.csv,1547,1549
L2091,P4_2026_YTD,Passive,US100_BOOK,2026-05-13T15:46:57,2026-05-13T18:45:00,Wednesday,STANDARD_EXPIRATION_WEEK,6.8849,1.41,1.4039999999999782,0.2039245304942669,0,0.1947567992784046,-0.06521739130434782,lab/artifacts/ea-files/passive-refusal-depth-observation-v1/valid-p4-2026-ytd/observation/events-a.csv,1556,1567
L2092,P4_2026_YTD,Cross,US100_BOOK,2026-05-13T17:00:00,2026-05-13T21:00:00,Wednesday,STANDARD_EXPIRATION_WEEK,6.8849,-2.75,-2.756000000000022,-0.40029630059986665,0,-0.4073082167554626,-0.08527131782945736,lab/artifacts/ea-files/passive-refusal-depth-observation-v1/valid-p4-2026-ytd/observation/events-a.csv,1565,1568
L2093,P4_2026_YTD,Return,US30_BOOK,2026-05-13T16:00:00,2026-05-13T22:00:00,Wednesday,STANDARD_EXPIRATION_WEEK,6.8849,1.72,1.698000000000029,0.24662667576871544,0,0.18331426544389856,-0.25806451612903225,lab/artifacts/ea-files/passive-refusal-depth-observation-v1/valid-p4-2026-ytd/observation/events-a.csv,1560,1569
L2094,P4_2026_YTD,Cross,US100_BOOK,2026-05-14T17:00:00,2026-05-14T21:00:00,Thursday,STANDARD_EXPIRATION_WEEK,6.8987,1.8599999999999999,1.8540000000000145,0.26874628553205887,0,0.26173436937646294,-0.08527131782945736,lab/artifacts/ea-files/passive-refusal-depth-observation-v1/valid-p4-2026-ytd/observation/events-a.csv,1580,1582
L2095,P4_2026_YTD,Passive,US100_BOOK,2026-05-15T12:45:33,2026-05-15T14:15:00,Friday,STANDARD_EXPIRATION_WEEK,6.9729,1.18,1.1739999999999782,0.16836610305611413,0,0.15919837184025185,-0.06521739130434782,lab/artifacts/ea-files/passive-refusal-depth-observation-v1/valid-p4-2026-ytd/observation/events-a.csv,1589,1590
L2096,P4_2026_YTD,Pressure,US30_BOOK,2026-05-15T15:00:00,2026-05-15T19:00:00,Friday,STANDARD_EXPIRATION_WEEK,7.0198,1.48,1.4660000000000581,0.20883785862845924,0,0.04380822839008472,-0.10714285714285714,lab/artifacts/ea-files/passive-refusal-depth-observation-v1/valid-p4-2026-ytd/observation/events-a.csv,1594,1606
L2097,P4_2026_YTD,Cross,US100_BOOK,2026-05-15T17:00:00,2026-05-15T21:00:00,Friday,STANDARD_EXPIRATION_WEEK,7.0198,-3.06,-3.066000000000022,-0.4367645801874729,0,-0.4437764963430688,-0.08527131782945736,lab/artifacts/ea-files/passive-refusal-depth-observation-v1/valid-p4-2026-ytd/observation/events-a.csv,1604,1607
L2098,P4_2026_YTD,Return,US30_BOOK,2026-05-15T16:00:00,2026-05-15T22:00:00,Friday,STANDARD_EXPIRATION_WEEK,7.0198,-0.18,-0.2019999999999709,-0.028775748596821974,0,-0.09208815892163884,-0.25806451612903225,lab/artifacts/ea-files/passive-refusal-depth-observation-v1/valid-p4-2026-ytd/observation/events-a.csv,1599,1608
L2099,P4_2026_YTD,RC4,US30_BOOK,2026-05-18T13:00:00,2026-05-18T15:45:24,Monday,OTHER_WEEK,6.9478,-3.48,-3.501999999999971,-0.504044445723822,1,-0.5329397933782966,0.65625,lab/artifacts/ea-files/passive-refusal-depth-observation-v1/valid-p4-2026-ytd/observation/events-a.csv,1618,1626
L2100,P4_2026_YTD,RC16,US30_BOOK,2026-05-18T13:30:00,2026-05-18T17:30:00,Monday,OTHER_WEEK,6.9478,4.95,4.928000000000029,0.7092892714240521,0,0.5327755001958094,-0.06818181818181818,lab/artifacts/ea-files/passive-refusal-depth-observation-v1/valid-p4-2026-ytd/observation/events-a.csv,1624,1638
L2101,P4_2026_YTD,Cross,US100_BOOK,2026-05-18T17:00:00,2026-05-18T21:00:00,Monday,OTHER_WEEK,6.8077,2.2800000000000002,2.269000000000015,0.3332990584191452,0,0.32628714226354927,-0.08527131782945736,lab/artifacts/ea-files/passive-refusal-depth-observation-v1/valid-p4-2026-ytd/observation/events-a.csv,1636,1639
L2102,P4_2026_YTD,Cross,US100_BOOK,2026-05-19T17:00:00,2026-05-19T21:00:00,Tuesday,OTHER_WEEK,7.0956,1.3,1.2920000000000074,0.18208467219121813,0,0.17507275603562217,-0.08527131782945736,lab/artifacts/ea-files/passive-refusal-depth-observation-v1/valid-p4-2026-ytd/observation/events-a.csv,1650,1652
L2103,P4_2026_YTD,Cross,US100_BOOK,2026-05-20T17:00:00,2026-05-20T21:00:00,Wednesday,OTHER_WEEK,7.1472,2.04,2.0290000000000146,0.2838873964629526,0,0.27687548030735665,-0.08527131782945736,lab/artifacts/ea-files/passive-refusal-depth-observation-v1/valid-p4-2026-ytd/observation/events-a.csv,1657,1659
L2104,P4_2026_YTD,Passive,US100_BOOK,2026-05-21T14:34:47,2026-05-21T17:00:00,Thursday,OTHER_WEEK,7.2284,0.24,0.22900000000001455,0.0316805932156514,0,0.02251286199978912,-0.06521739130434782,lab/artifacts/ea-files/passive-refusal-depth-observation-v1/valid-p4-2026-ytd/observation/events-a.csv,1672,1678
L2105,P4_2026_YTD,Return,US30_BOOK,2026-05-21T16:00:00,2026-05-21T22:00:00,Thursday,OTHER_WEEK,7.2284,3.58,3.558000000000029,0.4922251120579975,0,0.42891270173318063,-0.25806451612903225,lab/artifacts/ea-files/passive-refusal-depth-observation-v1/valid-p4-2026-ytd/observation/events-a.csv,1676,1679
L2106,P4_2026_YTD,Passive,US100_BOOK,2026-05-22T13:32:34,2026-05-22T15:15:00,Friday,OTHER_WEEK,7.3799,1.19,1.1790000000000145,0.1597582623070793,0,0.150590531091217,-0.06521739130434782,lab/artifacts/ea-files/passive-refusal-depth-observation-v1/valid-p4-2026-ytd/observation/events-a.csv,1686,1687
L2107,P4_2026_YTD,Cross,US100_BOOK,2026-05-22T17:00:00,2026-05-22T21:00:00,Friday,OTHER_WEEK,7.427,0.37,0.34400000000001457,0.04631749023832161,0,0.039305574082725656,-0.08527131782945736,lab/artifacts/ea-files/passive-refusal-depth-observation-v1/valid-p4-2026-ytd/observation/events-a.csv,1691,1693
L2108,P4_2026_YTD,RC16,US30_BOOK,2026-05-25T13:30:00,2026-05-25T17:30:00,Monday,OTHER_WEEK,7.4408,0.42,0.4060000000000582,0.05456402537362356,0,-0.12194974585461901,-0.06818181818181818,lab/artifacts/ea-files/passive-refusal-depth-observation-v1/valid-p4-2026-ytd/observation/events-a.csv,1703,1708
L2109,P4_2026_YTD,RC4,US30_BOOK,2026-05-25T13:00:00,2026-05-25T19:00:00,Monday,OTHER_WEEK,7.4408,0.28,0.25800000000002915,0.034673691000971556,0,0.005778343346497031,-0.34375,lab/artifacts/ea-files/passive-refusal-depth-observation-v1/valid-p4-2026-ytd/observation/events-a.csv,1698,1709
L2110,P4_2026_YTD,Passive,US100_BOOK,2026-05-26T13:19:27,2026-05-26T16:30:00,Tuesday,OTHER_WEEK,7.4674,-0.29,-0.29599999999998544,-0.039638964030316505,0,-0.04880669524617878,-0.06521739130434782,lab/artifacts/ea-files/passive-refusal-depth-observation-v1/valid-p4-2026-ytd/observation/events-a.csv,1716,1717
L2111,P4_2026_YTD,Cross,US100_BOOK,2026-05-26T17:00:00,2026-05-26T21:00:00,Tuesday,OTHER_WEEK,7.4555,-0.12,-0.12599999999998546,-0.016900274964789144,0,-0.023912191120385097,-0.08527131782945736,lab/artifacts/ea-files/passive-refusal-depth-observation-v1/valid-p4-2026-ytd/observation/events-a.csv,1721,1723
L2112,P4_2026_YTD,Passive,US100_BOOK,2026-05-27T12:27:40,2026-05-27T16:15:00,Wednesday,OTHER_WEEK,7.4505,-0.22,-0.22600000000002182,-0.030333534662106143,0,-0.03950126587796842,-0.06521739130434782,lab/artifacts/ea-files/passive-refusal-depth-observation-v1/valid-p4-2026-ytd/observation/events-a.csv,1730,1736
L2113,P4_2026_YTD,Cross,US100_BOOK,2026-05-27T17:00:00,2026-05-27T21:00:00,Wednesday,OTHER_WEEK,7.4414,0.85,0.8439999999999781,0.11341951783266295,0,0.106407601677067,-0.08527131782945736,lab/artifacts/ea-files/passive-refusal-depth-observation-v1/valid-p4-2026-ytd/observation/events-a.csv,1740,1742
L2114,P4_2026_YTD,Return,US30_BOOK,2026-05-27T16:00:00,2026-05-27T22:00:00,Wednesday,OTHER_WEEK,7.4505,1.55,1.5360000000000582,0.20616066035837302,0,0.14284825003355617,-0.25806451612903225,lab/artifacts/ea-files/passive-refusal-depth-observation-v1/valid-p4-2026-ytd/observation/events-a.csv,1734,1743
L2115,P4_2026_YTD,Cross,US100_BOOK,2026-05-28T17:00:00,2026-05-28T21:00:00,Thursday,OTHER_WEEK,7.5366,-3.34,-3.3659999999999854,-0.44662049199904275,0,-0.4536324081546387,-0.08527131782945736,lab/artifacts/ea-files/passive-refusal-depth-observation-v1/valid-p4-2026-ytd/observation/events-a.csv,1748,1750
L2116,P4_2026_YTD,RC16,US30_BOOK,2026-05-29T13:30:00,2026-05-29T17:30:00,Friday,OTHER_WEEK,7.402,1.24,1.218000000000029,0.16455012158876373,0,-0.011963649639478852,-0.06818181818181818,lab/artifacts/ea-files/passive-refusal-depth-observation-v1/valid-p4-2026-ytd/observation/events-a.csv,1755,1762
L2117,P4_2026_YTD,Cross,US100_BOOK,2026-05-29T17:00:00,2026-05-29T21:00:00,Friday,OTHER_WEEK,7.402,-2.16,-2.1659999999999857,-0.2926236152391226,0,-0.29963553139471855,-0.08527131782945736,lab/artifacts/ea-files/passive-refusal-depth-observation-v1/valid-p4-2026-ytd/observation/events-a.csv,1760,1763
L2118,P4_2026_YTD,Cross,US100_BOOK,2026-06-01T17:00:00,2026-06-01T20:43:29,Monday,OTHER_WEEK,7.3641,-3.7,-3.766999999999971,-0.5115356934316442,1,-0.5185476095872401,0.9147286821705426,lab/artifacts/ea-files/passive-refusal-depth-observation-v1/valid-p4-2026-ytd/observation/events-a.csv,1774,1776
L2119,P4_2026_YTD,Cross,US100_BOOK,2026-06-02T17:00:00,2026-06-02T21:00:00,Tuesday,OTHER_WEEK,7.2134,0.21,0.20400000000001453,0.028280699808691398,0,0.021268783653095445,-0.08527131782945736,lab/artifacts/ea-files/passive-refusal-depth-observation-v1/valid-p4-2026-ytd/observation/events-a.csv,1786,1788
L2120,P4_2026_YTD,Return,US30_BOOK,2026-06-02T16:00:00,2026-06-02T22:00:00,Tuesday,OTHER_WEEK,7.2134,5.17,5.156000000000058,0.7147808245764907,0,0.6514684142516739,-0.25806451612903225,lab/artifacts/ea-files/passive-refusal-depth-observation-v1/valid-p4-2026-ytd/observation/events-a.csv,1781,1789
L2121,P4_2026_YTD,Cross,US100_BOOK,2026-06-03T17:00:00,2026-06-03T21:00:00,Wednesday,OTHER_WEEK,7.4278,-0.85,-0.8759999999999855,-0.11793532405288044,0,-0.12494724020847639,-0.08527131782945736,lab/artifacts/ea-files/passive-refusal-depth-observation-v1/valid-p4-2026-ytd/observation/events-a.csv,1799,1801
L2122,P4_2026_YTD,Return,US30_BOOK,2026-06-03T16:00:00,2026-06-03T22:00:00,Wednesday,OTHER_WEEK,7.4278,-2.66,-2.6739999999999418,-0.3599989229650693,0,-0.4233113332898862,-0.25806451612903225,lab/artifacts/ea-files/passive-refusal-depth-observation-v1/valid-p4-2026-ytd/observation/events-a.csv,1794,1802
L2123,P4_2026_YTD,Passive,US100_BOOK,2026-06-04T12:18:50,2026-06-04T15:15:00,Thursday,OTHER_WEEK,7.2858,-0.11,-0.11799999999999272,-0.016195887891514004,0,-0.025363619107376282,-0.06521739130434782,lab/artifacts/ea-files/passive-refusal-depth-observation-v1/valid-p4-2026-ytd/observation/events-a.csv,1809,1815
L2124,P4_2026_YTD,Pressure,US30_BOOK,2026-06-04T15:00:00,2026-06-04T19:00:00,Thursday,OTHER_WEEK,7.2858,4.17,4.148000000000029,0.5693266353729212,0,0.40429700513454664,-0.10714285714285714,lab/artifacts/ea-files/passive-refusal-depth-observation-v1/valid-p4-2026-ytd/observation/events-a.csv,1813,1821
L2125,P4_2026_YTD,Cross,US100_BOOK,2026-06-04T17:00:00,2026-06-04T21:00:00,Thursday,OTHER_WEEK,7.2811,-3.11,-3.1159999999999854,-0.42795731414209187,0,-0.4349692302976878,-0.08527131782945736,lab/artifacts/ea-files/passive-refusal-depth-observation-v1/valid-p4-2026-ytd/observation/events-a.csv,1819,1822
L2126,P4_2026_YTD,Passive,US100_BOOK,2026-06-05T13:22:42,2026-06-05T14:30:00,Friday,OTHER_WEEK,7.3224,0.34,0.33199999999997093,0.045340325576309806,0,0.03617259436044753,-0.06521739130434782,lab/artifacts/ea-files/passive-refusal-depth-observation-v1/valid-p4-2026-ytd/observation/events-a.csv,1829,1830
L2127,P4_2026_YTD,Passive,US100_BOOK,2026-06-05T16:06:03,2026-06-05T18:37:55,Friday,OTHER_WEEK,7.3356,-3.63,-3.6359999999999855,-0.4956649762800569,1,-0.5048327074959191,0.9347826086956522,lab/artifacts/ea-files/passive-refusal-depth-observation-v1/valid-p4-2026-ytd/observation/events-a.csv,1836,1842
L2128,P4_2026_YTD,Cross,US100_BOOK,2026-06-05T17:00:00,2026-06-05T21:00:00,Friday,OTHER_WEEK,7.3356,3.02,3.0140000000000144,0.41087300289001777,0,0.40386108673442184,-0.08527131782945736,lab/artifacts/ea-files/passive-refusal-depth-observation-v1/valid-p4-2026-ytd/observation/events-a.csv,1840,1843
L2129,P4_2026_YTD,RC16,US30_BOOK,2026-06-08T13:30:00,2026-06-08T17:30:00,Monday,OTHER_WEEK,7.3108,2.08,2.058000000000029,0.2815013404825777,0,0.10498756925433511,-0.06818181818181818,lab/artifacts/ea-files/passive-refusal-depth-observation-v1/valid-p4-2026-ytd/observation/events-a.csv,1848,1864
L2130,P4_2026_YTD,Pressure,US30_BOOK,2026-06-08T15:00:00,2026-06-08T19:00:00,Monday,OTHER_WEEK,7.3108,-0.44,-0.4539999999999418,-0.06209990698691549,0,-0.22712953722529,-0.10714285714285714,lab/artifacts/ea-files/passive-refusal-depth-observation-v1/valid-p4-2026-ytd/observation/events-a.csv,1853,1865
L2131,P4_2026_YTD,Passive,US100_BOOK,2026-06-08T15:21:01,2026-06-08T19:15:00,Monday,OTHER_WEEK,7.3108,-2.04,-2.0459999999999856,-0.2798599332494372,0,-0.2890276644652995,-0.06521739130434782,lab/artifacts/ea-files/passive-refusal-depth-observation-v1/valid-p4-2026-ytd/observation/events-a.csv,1860,1866
L2132,P4_2026_YTD,RC16,US30_BOOK,2026-06-09T13:30:00,2026-06-09T17:30:00,Tuesday,OTHER_WEEK,7.2931,1.38,1.366000000000058,0.18730032496470062,0,0.010786553736458038,-0.06818181818181818,lab/artifacts/ea-files/passive-refusal-depth-observation-v1/valid-p4-2026-ytd/observation/events-a.csv,1871,1878
L2133,P4_2026_YTD,Cross,US100_BOOK,2026-06-09T17:00:00,2026-06-09T21:00:00,Tuesday,OTHER_WEEK,7.2931,8.38,8.369000000000016,1.1475230011929105,0,1.1405110850373146,-0.08527131782945736,lab/artifacts/ea-files/passive-refusal-depth-observation-v1/valid-p4-2026-ytd/observation/events-a.csv,1876,1879
L2134,P4_2026_YTD,Passive,US100_BOOK,2026-06-10T12:15:52,2026-06-10T15:15:00,Wednesday,OTHER_WEEK,7.6825,-0.01,-0.020999999999985447,-0.0027334851936199737,0,-0.011901216409482251,-0.06521739130434782,lab/artifacts/ea-files/passive-refusal-depth-observation-v1/valid-p4-2026-ytd/observation/events-a.csv,1886,1887
L2135,P4_2026_YTD,Cross,US100_BOOK,2026-06-10T17:00:00,2026-06-10T18:51:43,Wednesday,OTHER_WEEK,7.6816,-3.85,-3.924499999999971,-0.5108961674651076,1,-0.5179080836207035,0.9147286821705426,lab/artifacts/ea-files/passive-refusal-depth-observation-v1/valid-p4-2026-ytd/observation/events-a.csv,1891,1893
L2136,P4_2026_YTD,RC4,US30_BOOK,2026-06-11T13:00:00,2026-06-11T19:00:00,Thursday,OTHER_WEEK,7.5247,-0.94,-0.9539999999999418,-0.1267824630882217,0,-0.1556778107426962,-0.34375,lab/artifacts/ea-files/passive-refusal-depth-observation-v1/valid-p4-2026-ytd/observation/events-a.csv,1898,1911
L2137,P4_2026_YTD,Pressure,US30_BOOK,2026-06-11T15:00:00,2026-06-11T19:00:00,Thursday,OTHER_WEEK,7.5247,-1.04,-1.061999999999971,-0.14113519475859115,0,-0.3061648249969657,-0.10714285714285714,lab/artifacts/ea-files/passive-refusal-depth-observation-v1/valid-p4-2026-ytd/observation/events-a.csv,1903,1912
L2138,P4_2026_YTD,Cross,US100_BOOK,2026-06-11T17:00:00,2026-06-11T21:00:00,Thursday,OTHER_WEEK,7.5247,3.14,3.1290000000000147,0.41583053144976073,0,0.4088186152941648,-0.08527131782945736,lab/artifacts/ea-files/passive-refusal-depth-observation-v1/valid-p4-2026-ytd/observation/events-a.csv,1908,1913
L2139,P4_2026_YTD,Passive,US100_BOOK,2026-06-12T12:56:04,2026-06-12T15:15:00,Friday,OTHER_WEEK,7.5692,0.61,0.5940000000000145,0.07847592876393998,0,0.06930819754807771,-0.06521739130434782,lab/artifacts/ea-files/passive-refusal-depth-observation-v1/valid-p4-2026-ytd/observation/events-a.csv,1920,1921
L2140,P4_2026_YTD,Cross,US100_BOOK,2026-06-15T17:00:00,2026-06-15T21:00:00,Monday,STANDARD_EXPIRATION_WEEK,7.5929,1.54,1.5289999999999782,0.20137233468108076,0,0.1943604185254848,-0.08527131782945736,lab/artifacts/ea-files/passive-refusal-depth-observation-v1/valid-p4-2026-ytd/observation/events-a.csv,1926,1928
L2141,P4_2026_YTD,Passive,US100_BOOK,2026-06-16T13:50:28,2026-06-16T15:00:00,Tuesday,STANDARD_EXPIRATION_WEEK,7.6541,-0.08,-0.08599999999998545,-0.01123580825962366,0,-0.020403539475485937,-0.06521739130434782,lab/artifacts/ea-files/passive-refusal-depth-observation-v1/valid-p4-2026-ytd/observation/events-a.csv,1946,1947
L2142,P4_2026_YTD,RC16,US30_BOOK,2026-06-16T13:30:00,2026-06-16T17:30:00,Tuesday,STANDARD_EXPIRATION_WEEK,7.6541,2.33,2.308000000000029,0.3015377379443735,0,0.12502396671613092,-0.06818181818181818,lab/artifacts/ea-files/passive-refusal-depth-observation-v1/valid-p4-2026-ytd/observation/events-a.csv,1939,1953
L2143,P4_2026_YTD,Cross,US100_BOOK,2026-06-16T17:00:00,2026-06-16T21:00:00,Tuesday,STANDARD_EXPIRATION_WEEK,7.6507,3.3,3.2940000000000142,0.430548838668359,0,0.4235369225127631,-0.08527131782945736,lab/artifacts/ea-files/passive-refusal-depth-observation-v1/valid-p4-2026-ytd/observation/events-a.csv,1951,1954
L2144,P4_2026_YTD,Passive,US100_BOOK,2026-06-17T13:19:48,2026-06-17T15:45:00,Wednesday,STANDARD_EXPIRATION_WEEK,7.8747,0.65,0.6420000000000073,0.0815269153110604,0,0.07235918409519812,-0.06521739130434782,lab/artifacts/ea-files/passive-refusal-depth-observation-v1/valid-p4-2026-ytd/observation/events-a.csv,1961,1962
L2145,P4_2026_YTD,Cross,US100_BOOK,2026-06-17T17:00:00,2026-06-17T21:00:00,Wednesday,STANDARD_EXPIRATION_WEEK,7.9004,-1.2,-1.2945000000000073,-0.16385246316642288,0,-0.17086437932201884,-0.08527131782945736,lab/artifacts/ea-files/passive-refusal-depth-observation-v1/valid-p4-2026-ytd/observation/events-a.csv,1966,1968
L2146,P4_2026_YTD,RC16,US30_BOOK,2026-06-18T13:30:00,2026-06-18T17:30:00,Thursday,STANDARD_EXPIRATION_WEEK,7.8486,-1.09,-1.103999999999942,-0.1406620288968659,0,-0.3171758001251085,-0.06818181818181818,lab/artifacts/ea-files/passive-refusal-depth-observation-v1/valid-p4-2026-ytd/observation/events-a.csv,1973,1975
L2147,P4_2026_YTD,RC4,US30_BOOK,2026-06-19T13:00:00,2026-06-19T19:00:00,Friday,STANDARD_EXPIRATION_WEEK,7.8045,0.3,0.2680000000000291,0.03433916330322623,0,0.005443815648751703,-0.34375,lab/artifacts/ea-files/passive-refusal-depth-observation-v1/valid-p4-2026-ytd/observation/events-a.csv,1980,1986
L2148,P4_2026_YTD,Passive,US100_BOOK,2026-06-23T12:18:08,2026-06-23T14:15:00,Tuesday,OTHER_WEEK,7.8152,-0.4,-0.41100000000002185,-0.05258982495649783,0,-0.06175755617236011,-0.06521739130434782,lab/artifacts/ea-files/passive-refusal-depth-observation-v1/valid-p4-2026-ytd/observation/events-a.csv,1994,1995
L2149,P4_2026_YTD,Cross,US100_BOOK,2026-06-23T17:00:00,2026-06-23T21:00:00,Tuesday,OTHER_WEEK,7.7988,-1.92,-1.9260000000000217,-0.24696107093399264,0,-0.2539729870895886,-0.08527131782945736,lab/artifacts/ea-files/passive-refusal-depth-observation-v1/valid-p4-2026-ytd/observation/events-a.csv,1999,2001
L2150,P4_2026_YTD,RC16,US30_BOOK,2026-06-24T13:30:00,2026-06-24T17:30:00,Wednesday,OTHER_WEEK,7.7217,2.59,2.5760000000000582,0.3336052941709802,0,0.15709152294273765,-0.06818181818181818,lab/artifacts/ea-files/passive-refusal-depth-observation-v1/valid-p4-2026-ytd/observation/events-a.csv,2011,2020
L2151,P4_2026_YTD,RC4,US30_BOOK,2026-06-24T13:00:00,2026-06-24T17:46:13,Wednesday,OTHER_WEEK,7.7217,-3.87,-3.891999999999971,-0.5040340857583137,1,-0.5329294334127882,0.65625,lab/artifacts/ea-files/passive-refusal-depth-observation-v1/valid-p4-2026-ytd/observation/events-a.csv,2006,2021
L2152,P4_2026_YTD,Cross,US100_BOOK,2026-06-24T17:00:00,2026-06-24T21:00:00,Wednesday,OTHER_WEEK,7.7217,2.96,2.948999999999978,0.38191071914215496,0,0.37489880298655903,-0.08527131782945736,lab/artifacts/ea-files/passive-refusal-depth-observation-v1/valid-p4-2026-ytd/observation/events-a.csv,2018,2022
L2153,P4_2026_YTD,Cross,US100_BOOK,2026-06-25T17:00:00,2026-06-25T17:33:16,Thursday,OTHER_WEEK,7.787,-3.93,-4.0170000000000075,-0.5158597662771295,1,-0.5228716824327254,0.9147286821705426,lab/artifacts/ea-files/passive-refusal-depth-observation-v1/valid-p4-2026-ytd/observation/events-a.csv,2034,2036
L2154,P4_2026_YTD,RC4,US30_BOOK,2026-06-25T13:00:00,2026-06-25T19:00:00,Thursday,OTHER_WEEK,7.787,3.27,3.248000000000029,0.4171054321304776,0,0.3882100844760031,-0.34375,lab/artifacts/ea-files/passive-refusal-depth-observation-v1/valid-p4-2026-ytd/observation/events-a.csv,2027,2037
L2155,P4_2026_YTD,Cross,US100_BOOK,2026-06-26T17:00:00,2026-06-26T21:00:00,Friday,OTHER_WEEK,7.7563,0.99,0.9540000000000145,0.12299678970643406,0,0.11598487355083811,-0.08527131782945736,lab/artifacts/ea-files/passive-refusal-depth-observation-v1/valid-p4-2026-ytd/observation/events-a.csv,2042,2044
L2156,P4_2026_YTD,RC16,US30_BOOK,2026-06-29T13:30:00,2026-06-29T17:30:00,Monday,OTHER_WEEK,7.7944,1.6,1.5860000000000583,0.2034794211228649,0,0.02696564989462233,-0.06818181818181818,lab/artifacts/ea-files/passive-refusal-depth-observation-v1/valid-p4-2026-ytd/observation/events-a.csv,2049,2056
L2157,P4_2026_YTD,Cross,US100_BOOK,2026-06-29T17:00:00,2026-06-29T20:28:49,Monday,OTHER_WEEK,7.7944,-3.95,-3.9609999999999856,-0.508185363850968,1,-0.515197280006564,0.9147286821705426,lab/artifacts/ea-files/passive-refusal-depth-observation-v1/valid-p4-2026-ytd/observation/events-a.csv,2054,2057
L2158,P4_2026_YTD,RC16,US30_BOOK,2026-06-30T13:30:00,2026-06-30T17:30:00,Tuesday,OTHER_WEEK,7.6994,0.09,0.0760000000000582,0.009870899031100892,0,-0.1666428721971417,-0.06818181818181818,lab/artifacts/ea-files/passive-refusal-depth-observation-v1/valid-p4-2026-ytd/observation/events-a.csv,2062,2069
L2159,P4_2026_YTD,Cross,US100_BOOK,2026-06-30T17:00:00,2026-06-30T21:00:00,Tuesday,OTHER_WEEK,7.6994,1.5899999999999999,1.578999999999978,0.20508091539600204,0,0.19806899924040608,-0.08527131782945736,lab/artifacts/ea-files/passive-refusal-depth-observation-v1/valid-p4-2026-ytd/observation/events-a.csv,2067,2070
L2160,P4_2026_YTD,Passive,US100_BOOK,2026-07-02T14:38:06,2026-07-02T15:00:00,Thursday,OTHER_WEEK,7.7656,-0.15,-0.15799999999999273,-0.0203461419594098,0,-0.029513873175272078,-0.06521739130434782,lab/artifacts/ea-files/passive-refusal-depth-observation-v1/valid-p4-2026-ytd/observation/events-a.csv,2078,2079
L2161,P4_2026_YTD,Passive,US100_BOOK,2026-07-02T15:30:03,2026-07-02T17:30:00,Thursday,OTHER_WEEK,7.7593,2.55,2.523999999999978,0.32528707486499786,0,0.3161193436491356,-0.06521739130434782,lab/artifacts/ea-files/passive-refusal-depth-observation-v1/valid-p4-2026-ytd/observation/events-a.csv,2085,2086
L2162,P4_2026_YTD,Passive,US100_BOOK,2026-07-06T12:15:10,2026-07-06T12:45:00,Monday,OTHER_WEEK,7.8603,0.1,0.08899999999997818,0.011322723051280254,0,0.0021549918354179763,-0.06521739130434782,lab/artifacts/ea-files/passive-refusal-depth-observation-v1/valid-p4-2026-ytd/observation/events-a.csv,2097,2098
L2163,P4_2026_YTD,Return,US30_BOOK,2026-07-06T16:00:00,2026-07-06T22:00:00,Monday,OTHER_WEEK,7.8638,1.92,1.906000000000058,0.24237645921819706,0,0.17906404889338018,-0.25806451612903225,lab/artifacts/ea-files/passive-refusal-depth-observation-v1/valid-p4-2026-ytd/observation/events-a.csv,2102,2104
L2164,P4_2026_YTD,Cross,US100_BOOK,2026-07-07T17:00:00,2026-07-07T21:00:00,Tuesday,OTHER_WEEK,7.9401,-0.99,-1.0010000000000219,-0.1260689411972169,0,-0.13308085735281286,-0.08527131782945736,lab/artifacts/ea-files/passive-refusal-depth-observation-v1/valid-p4-2026-ytd/observation/events-a.csv,2109,2111
L2165,P4_2026_YTD,Passive,US100_BOOK,2026-07-08T13:30:31,2026-07-08T14:45:00,Wednesday,OTHER_WEEK,7.9,0.83,0.8140000000000145,0.10303797468354613,0,0.09387024346768386,-0.06521739130434782,lab/artifacts/ea-files/passive-refusal-depth-observation-v1/valid-p4-2026-ytd/observation/events-a.csv,2124,2125
L2166,P4_2026_YTD,Passive,US100_BOOK,2026-07-08T15:29:27,2026-07-08T18:15:00,Wednesday,OTHER_WEEK,7.9326,0.27,0.2620000000000073,0.03302826311675961,0,0.023860531900897333,-0.06521739130434782,lab/artifacts/ea-files/passive-refusal-depth-observation-v1/valid-p4-2026-ytd/observation/events-a.csv,2136,2142
L2167,P4_2026_YTD,Pressure,US30_BOOK,2026-07-08T15:00:00,2026-07-08T19:00:00,Wednesday,OTHER_WEEK,7.9326,3.04,3.018000000000029,0.3804553362075523,0,0.21542570596917776,-0.10714285714285714,lab/artifacts/ea-files/passive-refusal-depth-observation-v1/valid-p4-2026-ytd/observation/events-a.csv,2129,2143
L2168,P4_2026_YTD,Cross,US100_BOOK,2026-07-08T17:00:00,2026-07-08T21:00:00,Wednesday,OTHER_WEEK,7.9326,-0.16,-0.17099999999998544,-0.021556614476966624,0,-0.028568530632562573,-0.08527131782945736,lab/artifacts/ea-files/passive-refusal-depth-observation-v1/valid-p4-2026-ytd/observation/events-a.csv,2140,2144
L2169,P4_2026_YTD,Cross,US100_BOOK,2026-07-09T17:00:00,2026-07-09T21:00:00,Thursday,OTHER_WEEK,8.057,0.63,0.6190000000000145,0.07682760332630191,0,0.06981568717070596,-0.08527131782945736,lab/artifacts/ea-files/passive-refusal-depth-observation-v1/valid-p4-2026-ytd/observation/events-a.csv,2149,2151
L2170,P4_2026_YTD,Cross,US100_BOOK,2026-07-10T17:00:00,2026-07-10T21:00:00,Friday,OTHER_WEEK,8.0817,1.16,1.1540000000000146,0.14279173936176975,0,0.1357798232061738,-0.08527131782945736,lab/artifacts/ea-files/passive-refusal-depth-observation-v1/valid-p4-2026-ytd/observation/events-a.csv,2156,2158
L2171,P4_2026_YTD,Cross,US100_BOOK,2026-07-13T17:00:00,2026-07-13T21:00:00,Monday,STANDARD_EXPIRATION_WEEK,8.1279,1.5,1.4939999999999782,0.18381131657623473,0,0.17679940042063877,-0.08527131782945736,lab/artifacts/ea-files/passive-refusal-depth-observation-v1/valid-p4-2026-ytd/observation/events-a.csv,2163,2165
L2172,P4_2026_YTD,Passive,US100_BOOK,2026-07-14T15:46:28,2026-07-14T18:45:00,Tuesday,STANDARD_EXPIRATION_WEEK,8.1876,0.01,-0.0009999999999854483,-0.0001221359128420353,0,-0.009289867128704313,-0.06521739130434782,lab/artifacts/ea-files/passive-refusal-depth-observation-v1/valid-p4-2026-ytd/observation/events-a.csv,2172,2178
L2173,P4_2026_YTD,Cross,US100_BOOK,2026-07-14T17:00:00,2026-07-14T21:00:00,Tuesday,STANDARD_EXPIRATION_WEEK,8.1876,-0.83,-0.838000000000029,-0.10234989496311851,0,-0.10936181111871446,-0.08527131782945736,lab/artifacts/ea-files/passive-refusal-depth-observation-v1/valid-p4-2026-ytd/observation/events-a.csv,2176,2179
L2174,P4_2026_YTD,Cross,US100_BOOK,2026-07-15T17:00:00,2026-07-15T21:00:00,Wednesday,STANDARD_EXPIRATION_WEEK,8.1541,1.34,1.331999999999971,0.16335340503550005,0,0.1563414888799041,-0.08527131782945736,lab/artifacts/ea-files/passive-refusal-depth-observation-v1/valid-p4-2026-ytd/observation/events-a.csv,2184,2186
L2175,P4_2026_YTD,Passive,US100_BOOK,2026-07-16T13:01:08,2026-07-16T14:00:00,Thursday,STANDARD_EXPIRATION_WEEK,8.2074,0.11,0.09900000000001455,0.012062285254771859,0,0.002894554038909581,-0.06521739130434782,lab/artifacts/ea-files/passive-refusal-depth-observation-v1/valid-p4-2026-ytd/observation/events-a.csv,2193,2194
L2176,P4_2026_YTD,Passive,US100_BOOK,2026-07-16T15:03:55,2026-07-16T17:15:00,Thursday,STANDARD_EXPIRATION_WEEK,8.2113,0.35,0.3419999999999709,0.041649921449706,0,0.03248219023384372,-0.06521739130434782,lab/artifacts/ea-files/passive-refusal-depth-observation-v1/valid-p4-2026-ytd/observation/events-a.csv,2200,2206
L2177,P4_2026_YTD,Cross,US100_BOOK,2026-07-16T17:00:00,2026-07-16T21:00:00,Thursday,STANDARD_EXPIRATION_WEEK,8.2113,0.97,0.9590000000000145,0.116790276813661,0,0.10977836065806505,-0.08527131782945736,lab/artifacts/ea-files/passive-refusal-depth-observation-v1/valid-p4-2026-ytd/observation/events-a.csv,2204,2207
L2178,P4_2026_YTD,Cross,US100_BOOK,2026-07-17T17:00:00,2026-07-17T21:00:00,Friday,STANDARD_EXPIRATION_WEEK,8.2634,-2.17,-2.1809999999999854,-0.26393494203354373,0,-0.27094685818913966,-0.08527131782945736,lab/artifacts/ea-files/passive-refusal-depth-observation-v1/valid-p4-2026-ytd/observation/events-a.csv,2218,2220
L2179,P4_2026_YTD,Pressure,US30_BOOK,2026-07-20T15:00:00,2026-07-20T17:59:18,Monday,OTHER_WEEK,8.1761,-4.09,-4.111999999999971,-0.5029292694560941,1,-0.6679588996944685,0.8928571428571429,lab/artifacts/ea-files/passive-refusal-depth-observation-v1/valid-p4-2026-ytd/observation/events-a.csv,2235,2240
L2180,P4_2026_YTD,RC4,US30_BOOK,2026-07-20T13:00:00,2026-07-20T19:00:00,Monday,OTHER_WEEK,8.1761,-2.87,-2.891999999999971,-0.3537138733626021,0,-0.3826092210170767,-0.34375,lab/artifacts/ea-files/passive-refusal-depth-observation-v1/valid-p4-2026-ytd/observation/events-a.csv,2225,2241
L2181,P4_2026_YTD,RC4,US30_BOOK,2026-07-21T13:00:00,2026-07-21T17:03:44,Tuesday,OTHER_WEEK,7.896,-0.99,-1.0039999999999418,-0.12715298885510914,1,-0.15604833650958366,0.65625,lab/artifacts/ea-files/passive-refusal-depth-observation-v1/valid-p4-2026-ytd/observation/events-a.csv,2246,2251
L2182,P4_2026_YTD,Passive,US100_BOOK,2026-07-22T15:48:31,2026-07-22T16:45:00,Wednesday,OTHER_WEEK,7.8558,1.6400000000000001,1.6320000000000074,0.20774459634919518,0,0.1985768651333329,-0.06521739130434782,lab/artifacts/ea-files/passive-refusal-depth-observation-v1/valid-p4-2026-ytd/observation/events-a.csv,2270,2271
L2183,P4_2026_YTD,Cross,US100_BOOK,2026-07-22T17:00:00,2026-07-22T21:00:00,Wednesday,OTHER_WEEK,7.9211,-0.32,-0.32599999999998547,-0.04115590006438316,0,-0.048167816219979114,-0.08527131782945736,lab/artifacts/ea-files/passive-refusal-depth-observation-v1/valid-p4-2026-ytd/observation/events-a.csv,2275,2277
L2184,P4_2026_YTD,Passive,US100_BOOK,2026-07-23T15:00:34,2026-07-23T18:04:25,Thursday,OTHER_WEEK,7.908,-3.95,-3.9609999999999856,-0.5008851795649957,1,-0.5100529107808579,0.9347826086956522,lab/artifacts/ea-files/passive-refusal-depth-observation-v1/valid-p4-2026-ytd/observation/events-a.csv,2295,2304
L2185,P4_2026_YTD,Pressure,US30_BOOK,2026-07-23T15:00:00,2026-07-23T19:00:00,Thursday,OTHER_WEEK,7.908,2.57,2.5560000000000582,0.3232169954476553,0,0.15818736520928078,-0.10714285714285714,lab/artifacts/ea-files/passive-refusal-depth-observation-v1/valid-p4-2026-ytd/observation/events-a.csv,2293,2305
L2186,P4_2026_YTD,Return,US30_BOOK,2026-07-23T16:00:00,2026-07-23T22:00:00,Thursday,OTHER_WEEK,7.908,-0.4,-0.4219999999999709,-0.053363682346986706,0,-0.11667609267180357,-0.25806451612903225,lab/artifacts/ea-files/passive-refusal-depth-observation-v1/valid-p4-2026-ytd/observation/events-a.csv,2299,2306
L2187,P4_2026_YTD,Cross,US100_BOOK,2026-07-24T17:00:00,2026-07-24T21:00:00,Friday,OTHER_WEEK,7.835,-1.45,-1.4660000000000217,-0.18710912571793512,0,-0.19412104187353107,-0.08527131782945736,lab/artifacts/ea-files/passive-refusal-depth-observation-v1/valid-p4-2026-ytd/observation/events-a.csv,2322,2324
L2188,P4_2026_YTD,Return,US30_BOOK,2026-07-24T16:00:00,2026-07-24T22:00:00,Friday,OTHER_WEEK,7.835,0.56,0.5380000000000291,0.06866624122527494,0,0.005353830900458073,-0.25806451612903225,lab/artifacts/ea-files/passive-refusal-depth-observation-v1/valid-p4-2026-ytd/observation/events-a.csv,2317,2325
L2189,P4_2026_YTD,Pressure,US30_BOOK,2026-07-27T15:00:00,2026-07-27T17:41:41,Monday,OTHER_WEEK,7.7978,-3.9,-3.921999999999971,-0.5029623740029202,1,-0.6679920042412948,0.8928571428571429,lab/artifacts/ea-files/passive-refusal-depth-observation-v1/valid-p4-2026-ytd/observation/events-a.csv,2330,2337
L2190,P4_2026_YTD,Cross,US100_BOOK,2026-07-27T17:00:00,2026-07-27T21:00:00,Monday,OTHER_WEEK,7.7978,2.42,2.412000000000007,0.30931801277283427,0,0.30230609661723834,-0.08527131782945736,lab/artifacts/ea-files/passive-refusal-depth-observation-v1/valid-p4-2026-ytd/observation/events-a.csv,2335,2338
L2191,P4_2026_YTD,Cross,US100_BOOK,2026-07-28T17:00:00,2026-07-28T18:46:52,Tuesday,OTHER_WEEK,7.7374,-3.87,-3.8959999999999857,-0.5035283170057107,1,-0.5105402331613066,0.9147286821705426,lab/artifacts/ea-files/passive-refusal-depth-observation-v1/valid-p4-2026-ytd/observation/events-a.csv,2354,2356
L2192,P4_2026_YTD,Pressure,US30_BOOK,2026-07-28T15:00:00,2026-07-28T19:00:00,Tuesday,OTHER_WEEK,7.7374,2.9699999999999998,2.956000000000058,0.3820404787137873,0,0.2170108484754128,-0.10714285714285714,lab/artifacts/ea-files/passive-refusal-depth-observation-v1/valid-p4-2026-ytd/observation/events-a.csv,2348,2357
L2193,P4_2026_YTD,Passive,US100_BOOK,2026-07-29T12:38:52,2026-07-29T13:45:03,Wednesday,OTHER_WEEK,7.6998,0.27,0.2619999999999709,0.03402685784045961,0,0.024859126624597334,-0.06521739130434782,lab/artifacts/ea-files/passive-refusal-depth-observation-v1/valid-p4-2026-ytd/observation/events-a.csv,2364,2365
L2194,P4_2026_YTD,Return,US30_BOOK,2026-07-29T16:00:00,2026-07-29T17:12:19,Wednesday,OTHER_WEEK,7.7103,-3.86,-3.8739999999999415,-0.5024447816556997,1,-0.5657571919805165,0.7419354838709677,lab/artifacts/ea-files/passive-refusal-depth-observation-v1/valid-p4-2026-ytd/observation/events-a.csv,2369,2376
L2195,P4_2026_YTD,Cross,US100_BOOK,2026-07-29T17:00:00,2026-07-29T21:00:00,Wednesday,OTHER_WEEK,7.7103,0.11,0.025500000000029097,0.003307264308785533,0,-0.003704651846810418,-0.08527131782945736,lab/artifacts/ea-files/passive-refusal-depth-observation-v1/valid-p4-2026-ytd/observation/events-a.csv,2374,2377
L2196,P4_2026_YTD,Passive,US100_BOOK,2026-07-30T15:03:37,2026-07-30T16:51:11,Thursday,OTHER_WEEK,7.5564,-3.77,-3.7780000000000293,-0.4999735323699155,1,-0.5091412635857777,0.9347826086956522,lab/artifacts/ea-files/passive-refusal-depth-observation-v1/valid-p4-2026-ytd/observation/events-a.csv,2389,2390
L2197,P4_2026_YTD,RC16,US30_BOOK,2026-07-30T13:30:00,2026-07-30T17:30:00,Thursday,OTHER_WEEK,7.5564,1.62,1.5880000000000292,0.2101529829019148,0,0.03363921167367223,-0.06818181818181818,lab/artifacts/ea-files/passive-refusal-depth-observation-v1/valid-p4-2026-ytd/observation/events-a.csv,2382,2396
L2198,P4_2026_YTD,Cross,US100_BOOK,2026-07-30T17:00:00,2026-07-30T21:00:00,Thursday,OTHER_WEEK,7.4053,0.28,0.27400000000001457,0.037000526649833845,0,0.029988610494237893,-0.08527131782945736,lab/artifacts/ea-files/passive-refusal-depth-observation-v1/valid-p4-2026-ytd/observation/events-a.csv,2394,2397
L2199,P4_2026_YTD,RC16,US30_BOOK,2026-07-31T13:30:00,2026-07-31T17:02:13,Friday,OTHER_WEEK,7.4797,-3.74,-3.761999999999971,-0.5029613487171907,1,-0.6794751199454332,0.9318181818181819,lab/artifacts/ea-files/passive-refusal-depth-observation-v1/valid-p4-2026-ytd/observation/events-a.csv,2407,2415
L2200,P4_2026_YTD,Return,US30_BOOK,2026-07-31T16:00:00,2026-07-31T17:08:23,Friday,OTHER_WEEK,7.4797,-3.74,-3.771999999999971,-0.5042983007339827,1,-0.5676107110587996,0.7419354838709677,lab/artifacts/ea-files/passive-refusal-depth-observation-v1/valid-p4-2026-ytd/observation/events-a.csv,2412,2416
L2201,P4_2026_YTD,RC4,US30_BOOK,2026-07-31T13:00:00,2026-07-31T19:00:00,Friday,OTHER_WEEK,7.4797,1.02,1.0060000000000582,0.13449737288929478,0,0.10560202523482026,-0.34375,lab/artifacts/ea-files/passive-refusal-depth-observation-v1/valid-p4-2026-ytd/observation/events-a.csv,2402,2417
L2202,P4_2026_YTD,RC4,US30_BOOK,2026-08-03T13:00:00,2026-08-03T17:02:15,Monday,OTHER_WEEK,7.2186,-3.61,-3.631999999999971,-0.5031446540880462,1,-0.5320400017425208,0.65625,lab/artifacts/ea-files/passive-refusal-depth-observation-v1/valid-p4-2026-ytd/observation/events-a.csv,2422,2439
L2203,P4_2026_YTD,RC16,US30_BOOK,2026-08-03T13:30:00,2026-08-03T17:30:00,Monday,OTHER_WEEK,7.2186,2.16,2.1460000000000585,0.2972875626852933,0,0.12077379145705075,-0.06818181818181818,lab/artifacts/ea-files/passive-refusal-depth-observation-v1/valid-p4-2026-ytd/observation/events-a.csv,2427,2440
L2204,P4_2026_YTD,Pressure,US30_BOOK,2026-08-03T15:00:00,2026-08-03T19:00:00,Monday,OTHER_WEEK,7.2186,0.02,0.006000000000058207,0.0008311861025764285,0,-0.1641984441357981,-0.10714285714285714,lab/artifacts/ea-files/passive-refusal-depth-observation-v1/valid-p4-2026-ytd/observation/events-a.csv,2432,2441
L2205,P4_2026_YTD,Passive,US100_BOOK,2026-08-04T14:49:37,2026-08-04T18:02:15,Tuesday,OTHER_WEEK,7.1594,-3.57,-3.5922999999999954,-0.5017599240159784,1,-0.5109276552318406,0.9347826086956522,lab/artifacts/ea-files/passive-refusal-depth-observation-v1/valid-p4-2026-ytd/observation/events-a.csv,2448,2459
L2206,P4_2026_YTD,Pressure,US30_BOOK,2026-08-04T15:00:00,2026-08-04T19:00:00,Tuesday,OTHER_WEEK,7.1594,2.84,2.818000000000029,0.3936084029387978,0,0.22857877270042326,-0.10714285714285714,lab/artifacts/ea-files/passive-refusal-depth-observation-v1/valid-p4-2026-ytd/observation/events-a.csv,2452,2460
L2207,P4_2026_YTD,Cross,US100_BOOK,2026-08-04T17:00:00,2026-08-04T21:00:00,Tuesday,OTHER_WEEK,7.1594,3.67,3.6590000000000145,0.5110763471799333,0,0.5040644310243374,-0.08527131782945736,lab/artifacts/ea-files/passive-refusal-depth-observation-v1/valid-p4-2026-ytd/observation/events-a.csv,2457,2461
L2208,P4_2026_YTD,Passive,US100_BOOK,2026-08-05T12:15:57,2026-08-05T14:15:00,Wednesday,OTHER_WEEK,7.2748,0.81,0.7990000000000146,0.10983119810854107,0,0.1006634668926788,-0.06521739130434782,lab/artifacts/ea-files/passive-refusal-depth-observation-v1/valid-p4-2026-ytd/observation/events-a.csv,2468,2479
L2209,P4_2026_YTD,RC16,US30_BOOK,2026-08-05T13:30:00,2026-08-05T17:30:00,Wednesday,OTHER_WEEK,7.2748,3.79,3.7760000000000584,0.5190520701600124,0,0.34253829893176985,-0.06818181818181818,lab/artifacts/ea-files/passive-refusal-depth-observation-v1/valid-p4-2026-ytd/observation/events-a.csv,2477,2481
L2210,P4_2026_YTD,RC4,US30_BOOK,2026-08-05T13:00:00,2026-08-05T19:00:00,Wednesday,OTHER_WEEK,7.2748,2.4,2.378000000000029,0.3268818386759813,0,0.29798649102150676,-0.34375,lab/artifacts/ea-files/passive-refusal-depth-observation-v1/valid-p4-2026-ytd/observation/events-a.csv,2472,2482
L2211,P4_2026_YTD,Passive,US100_BOOK,2026-08-06T16:00:17,2026-08-06T16:45:00,Thursday,OTHER_WEEK,7.5529,0.7,0.6920000000000073,0.09162043718306971,0,0.08245270596720744,-0.06521739130434782,lab/artifacts/ea-files/passive-refusal-depth-observation-v1/valid-p4-2026-ytd/observation/events-a.csv,2494,2495
L2212,P4_2026_YTD,RC16,US30_BOOK,2026-08-06T13:30:00,2026-08-06T17:30:00,Thursday,OTHER_WEEK,7.5529,-2.6,-2.6139999999999417,-0.34609222947476354,0,-0.5226060007030061,-0.06818181818181818,lab/artifacts/ea-files/passive-refusal-depth-observation-v1/valid-p4-2026-ytd/observation/events-a.csv,2487,2501
L2213,P4_2026_YTD,Cross,US100_BOOK,2026-08-06T17:00:00,2026-08-06T21:00:00,Thursday,OTHER_WEEK,7.5806,0.01,0.004000000000014552,0.00052766271799258,0,-0.006484253437603371,-0.08527131782945736,lab/artifacts/ea-files/passive-refusal-depth-observation-v1/valid-p4-2026-ytd/observation/events-a.csv,2499,2502
L2214,P4_2026_YTD,Passive,US100_BOOK,2026-08-07T15:45:12,2026-08-07T17:15:00,Friday,OTHER_WEEK,7.4762,2.27,2.2640000000000144,0.30282763971001503,0,0.29365990849415274,-0.06521739130434782,lab/artifacts/ea-files/passive-refusal-depth-observation-v1/valid-p4-2026-ytd/observation/events-a.csv,2509,2515
L2215,P4_2026_YTD,Cross,US100_BOOK,2026-08-07T17:00:00,2026-08-07T21:00:00,Friday,OTHER_WEEK,7.4762,-0.66,-0.6709999999999855,-0.08975147802359293,0,-0.09676339417918887,-0.08527131782945736,lab/artifacts/ea-files/passive-refusal-depth-observation-v1/valid-p4-2026-ytd/observation/events-a.csv,2513,2516
L2216,P4_2026_YTD,Passive,US100_BOOK,2026-08-10T15:30:21,2026-08-10T17:15:00,Monday,OTHER_WEEK,7.5399,0.68,0.6740000000000146,0.0893911059828399,0,0.08022337476697763,-0.06521739130434782,lab/artifacts/ea-files/passive-refusal-depth-observation-v1/valid-p4-2026-ytd/observation/events-a.csv,2533,2535
L2217,P4_2026_YTD,RC16,US30_BOOK,2026-08-10T13:30:00,2026-08-10T17:30:00,Monday,OTHER_WEEK,7.5399,-0.41,-0.42399999999994176,-0.056234167561896274,0,-0.23274793879013886,-0.06818181818181818,lab/artifacts/ea-files/passive-refusal-depth-observation-v1/valid-p4-2026-ytd/observation/events-a.csv,2526,2536
L2218,P4_2026_YTD,RC4,US30_BOOK,2026-08-10T13:00:00,2026-08-10T19:00:00,Monday,OTHER_WEEK,7.5399,0.05,0.03600000000005821,0.004774599132622211,0,-0.024120748521852316,-0.34375,lab/artifacts/ea-files/passive-refusal-depth-observation-v1/valid-p4-2026-ytd/observation/events-a.csv,2521,2537
L2219,P4_2026_YTD,Cross,US100_BOOK,2026-08-11T17:00:00,2026-08-11T21:00:00,Tuesday,OTHER_WEEK,7.5514,1.04,1.0290000000000146,0.13626612283815115,0,0.1292542066825552,-0.08527131782945736,lab/artifacts/ea-files/passive-refusal-depth-observation-v1/valid-p4-2026-ytd/observation/events-a.csv,2554,2556
L2220,P4_2026_YTD,Passive,US100_BOOK,2026-08-12T12:22:55,2026-08-12T16:15:00,Wednesday,OTHER_WEEK,7.5925,-1.24,-1.2460000000000218,-0.1641093184063249,0,-0.17327704962218718,-0.06521739130434782,lab/artifacts/ea-files/passive-refusal-depth-observation-v1/valid-p4-2026-ytd/observation/events-a.csv,2563,2564
L2221,P4_2026_YTD,Cross,US100_BOOK,2026-08-12T17:00:00,2026-08-12T21:00:00,Wednesday,OTHER_WEEK,7.5427,0.03,0.02399999999997817,0.003181884471075102,0,-0.003830031684520849,-0.08527131782945736,lab/artifacts/ea-files/passive-refusal-depth-observation-v1/valid-p4-2026-ytd/observation/events-a.csv,2568,2570
L2222,P4_2026_YTD,Cross,US100_BOOK,2026-08-13T17:00:00,2026-08-13T21:00:00,Thursday,OTHER_WEEK,7.5436,0.27,0.26400000000001456,0.03499655336974582,0,0.027984637214149864,-0.08527131782945736,lab/artifacts/ea-files/passive-refusal-depth-observation-v1/valid-p4-2026-ytd/observation/events-a.csv,2575,2577
L2223,P4_2026_YTD,Cross,US100_BOOK,2026-08-14T17:00:00,2026-08-14T21:00:00,Friday,OTHER_WEEK,7.5542,1.46,1.4440000000000146,0.19115194196606056,0,0.1841400258104646,-0.08527131782945736,lab/artifacts/ea-files/passive-refusal-depth-observation-v1/valid-p4-2026-ytd/observation/events-a.csv,2582,2584
L2224,P4_2026_YTD,RC16,US30_BOOK,2026-08-17T13:30:00,2026-08-17T17:30:00,Monday,STANDARD_EXPIRATION_WEEK,7.612,-1.7,-1.731999999999971,-0.22753547031003296,0,-0.40404924153827554,-0.06818181818181818,lab/artifacts/ea-files/passive-refusal-depth-observation-v1/valid-p4-2026-ytd/observation/events-a.csv,2589,2605
L2225,P4_2026_YTD,Passive,US100_BOOK,2026-08-17T15:49:11,2026-08-17T18:30:00,Monday,STANDARD_EXPIRATION_WEEK,7.612,0.86,0.8539999999999781,0.11219127693115845,0,0.10302354571529618,-0.06521739130434782,lab/artifacts/ea-files/passive-refusal-depth-observation-v1/valid-p4-2026-ytd/observation/events-a.csv,2596,2606
L2226,P4_2026_YTD,Return,US30_BOOK,2026-08-17T16:00:00,2026-08-17T22:00:00,Monday,STANDARD_EXPIRATION_WEEK,7.612,-0.86,-0.8739999999999418,-0.1148187073042488,0,-0.17813111762906567,-0.25806451612903225,lab/artifacts/ea-files/passive-refusal-depth-observation-v1/valid-p4-2026-ytd/observation/events-a.csv,2600,2607
L2227,P4_2026_YTD,Passive,US100_BOOK,2026-08-18T12:31:19,2026-08-18T14:15:00,Tuesday,STANDARD_EXPIRATION_WEEK,7.5419,0.39,0.38400000000001455,0.05091555178403513,0,0.041747820568172854,-0.06521739130434782,lab/artifacts/ea-files/passive-refusal-depth-observation-v1/valid-p4-2026-ytd/observation/events-a.csv,2614,2615
L2228,P4_2026_YTD,Cross,US100_BOOK,2026-08-18T17:00:00,2026-08-18T21:00:00,Tuesday,STANDARD_EXPIRATION_WEEK,7.5572,0.79,0.7790000000000146,0.10308050600751795,0,0.096068589851922,-0.08527131782945736,lab/artifacts/ea-files/passive-refusal-depth-observation-v1/valid-p4-2026-ytd/observation/events-a.csv,2619,2621
L2229,P4_2026_YTD,Cross,US100_BOOK,2026-08-19T17:00:00,2026-08-19T21:00:00,Wednesday,STANDARD_EXPIRATION_WEEK,7.5884,-0.53,-0.5409999999999855,-0.07129302619787907,0,-0.07830494235347502,-0.08527131782945736,lab/artifacts/ea-files/passive-refusal-depth-observation-v1/valid-p4-2026-ytd/observation/events-a.csv,2644,2646
L2230,P4_2026_YTD,Passive,US100_BOOK,2026-08-20T12:35:08,2026-08-20T14:00:00,Thursday,STANDARD_EXPIRATION_WEEK,7.5668,0.52,0.5140000000000146,0.06792831844372979,0,0.05876058722786751,-0.06521739130434782,lab/artifacts/ea-files/passive-refusal-depth-observation-v1/valid-p4-2026-ytd/observation/events-a.csv,2653,2654
L2231,P4_2026_YTD,Passive,US100_BOOK,2026-08-20T15:30:29,2026-08-20T17:45:00,Thursday,STANDARD_EXPIRATION_WEEK,7.5873,1.6,1.5940000000000147,0.21008791006023417,0,0.20092017884437188,-0.06521739130434782,lab/artifacts/ea-files/passive-refusal-depth-observation-v1/valid-p4-2026-ytd/observation/events-a.csv,2665,2674
L2232,P4_2026_YTD,Pressure,US30_BOOK,2026-08-20T15:00:00,2026-08-20T19:00:00,Thursday,STANDARD_EXPIRATION_WEEK,7.5873,1.52,1.498000000000029,0.19743518774795107,0,0.03240555750957655,-0.10714285714285714,lab/artifacts/ea-files/passive-refusal-depth-observation-v1/valid-p4-2026-ytd/observation/events-a.csv,2658,2675
L2233,P4_2026_YTD,Return,US30_BOOK,2026-08-20T16:00:00,2026-08-20T22:00:00,Thursday,STANDARD_EXPIRATION_WEEK,7.5873,-2.2800000000000002,-2.301999999999971,-0.30340173711333035,0,-0.36671414743814723,-0.25806451612903225,lab/artifacts/ea-files/passive-refusal-depth-observation-v1/valid-p4-2026-ytd/observation/events-a.csv,2669,2676
