event_id,event_class,release_date_et,release_time_et,event_utc,event_server,symbol,offset_minutes,time_epoch,time_utc,time_server,open,high,low,close,tick_volume,spread,real_volume
CPI_20220810,CPI,2022-08-10,08:30:00,2022.08.10 12:30:00,2022.08.10 15:30:00,US30,0,1660134600,2022.08.10 12:30:00,2022.08.10 15:30:00,32846.900000000001,32850.400000000001,32842.400000000001,32845.400000000001,514,210,0
CPI_20220810,CPI,2022-08-10,08:30:00,2022.08.10 12:30:00,2022.08.10 15:30:00,US30,5,1660134900,2022.08.10 12:35:00,2022.08.10 15:35:00,32845.400000000001,32847.900000000001,32836.900000000001,32837.900000000001,523,210,0
CPI_20220810,CPI,2022-08-10,08:30:00,2022.08.10 12:30:00,2022.08.10 15:30:00,US30,10,1660135200,2022.08.10 12:40:00,2022.08.10 15:40:00,32837.900000000001,32845.400000000001,32835.900000000001,32841.400000000001,372,210,0
CPI_20220810,CPI,2022-08-10,08:30:00,2022.08.10 12:30:00,2022.08.10 15:30:00,US30,15,1660135500,2022.08.10 12:45:00,2022.08.10 15:45:00,32841.400000000001,32844.900000000001,32839.400000000001,32839.900000000001,384,210,0
CPI_20220810,CPI,2022-08-10,08:30:00,2022.08.10 12:30:00,2022.08.10 15:30:00,US100,0,1660134600,2022.08.10 12:30:00,2022.08.10 15:30:00,13062.950000000001,13063.450000000001,13058.700000000001,13061.700000000001,398,150,0
CPI_20220810,CPI,2022-08-10,08:30:00,2022.08.10 12:30:00,2022.08.10 15:30:00,US100,5,1660134900,2022.08.10 12:35:00,2022.08.10 15:35:00,13061.700000000001,13063.700000000001,13058.450000000001,13060.700000000001,364,150,0
CPI_20220810,CPI,2022-08-10,08:30:00,2022.08.10 12:30:00,2022.08.10 15:30:00,US100,10,1660135200,2022.08.10 12:40:00,2022.08.10 15:40:00,13060.700000000001,13063.200000000001,13056.950000000001,13059.950000000001,337,150,0
CPI_20220810,CPI,2022-08-10,08:30:00,2022.08.10 12:30:00,2022.08.10 15:30:00,US100,15,1660135500,2022.08.10 12:45:00,2022.08.10 15:45:00,13059.950000000001,13060.450000000001,13053.950000000001,13054.950000000001,375,150,0
CPI_20220810,CPI,2022-08-10,08:30:00,2022.08.10 12:30:00,2022.08.10 15:30:00,US500,0,1660134600,2022.08.10 12:30:00,2022.08.10 15:30:00,4134.7700000000004,4135.0200000000004,4134.0200000000004,4134.5200000000004,96,50,0
CPI_20220810,CPI,2022-08-10,08:30:00,2022.08.10 12:30:00,2022.08.10 15:30:00,US500,5,1660134900,2022.08.10 12:35:00,2022.08.10 15:35:00,4134.5200000000004,4134.7700000000004,4133.5200000000004,4133.7700000000004,84,50,0
CPI_20220810,CPI,2022-08-10,08:30:00,2022.08.10 12:30:00,2022.08.10 15:30:00,US500,10,1660135200,2022.08.10 12:40:00,2022.08.10 15:40:00,4133.7700000000004,4134.7700000000004,4133.5200000000004,4134.2700000000004,104,50,0
CPI_20220810,CPI,2022-08-10,08:30:00,2022.08.10 12:30:00,2022.08.10 15:30:00,US500,15,1660135500,2022.08.10 12:45:00,2022.08.10 15:45:00,4134.2700000000004,4134.5200000000004,4132.0200000000004,4133.5200000000004,51,50,0
CPI_20220913,CPI,2022-09-13,08:30:00,2022.09.13 12:30:00,2022.09.13 15:30:00,US30,0,1663072200,2022.09.13 12:30:00,2022.09.13 15:30:00,32518.900000000001,32536.900000000001,32514.900000000001,32528.900000000001,361,210,0
CPI_20220913,CPI,2022-09-13,08:30:00,2022.09.13 12:30:00,2022.09.13 15:30:00,US30,5,1663072500,2022.09.13 12:35:00,2022.09.13 15:35:00,32528.900000000001,32534.900000000001,32514.400000000001,32528.900000000001,352,210,0
CPI_20220913,CPI,2022-09-13,08:30:00,2022.09.13 12:30:00,2022.09.13 15:30:00,US30,10,1663072800,2022.09.13 12:40:00,2022.09.13 15:40:00,32528.900000000001,32539.900000000001,32524.900000000001,32532.900000000001,231,210,0
CPI_20220913,CPI,2022-09-13,08:30:00,2022.09.13 12:30:00,2022.09.13 15:30:00,US30,15,1663073100,2022.09.13 12:45:00,2022.09.13 15:45:00,32532.900000000001,32538.900000000001,32522.900000000001,32524.900000000001,271,210,0
CPI_20220913,CPI,2022-09-13,08:30:00,2022.09.13 12:30:00,2022.09.13 15:30:00,US100,0,1663072200,2022.09.13 12:30:00,2022.09.13 15:30:00,12787.15,12796.9,12786.4,12790.4,892,150,0
CPI_20220913,CPI,2022-09-13,08:30:00,2022.09.13 12:30:00,2022.09.13 15:30:00,US100,5,1663072500,2022.09.13 12:35:00,2022.09.13 15:35:00,12790.15,12790.15,12781.75,12789.15,814,150,0
CPI_20220913,CPI,2022-09-13,08:30:00,2022.09.13 12:30:00,2022.09.13 15:30:00,US100,10,1663072800,2022.09.13 12:40:00,2022.09.13 15:40:00,12789.15,12794.9,12786.9,12790.4,538,150,0
CPI_20220913,CPI,2022-09-13,08:30:00,2022.09.13 12:30:00,2022.09.13 15:30:00,US100,15,1663073100,2022.09.13 12:45:00,2022.09.13 15:45:00,12790.65,12792.65,12784.9,12785.9,522,150,0
CPI_20220913,CPI,2022-09-13,08:30:00,2022.09.13 12:30:00,2022.09.13 15:30:00,US500,0,1663072200,2022.09.13 12:30:00,2022.09.13 15:30:00,4128.6700000000001,4130.9200000000001,4128.1700000000001,4129.6700000000001,357,50,0
CPI_20220913,CPI,2022-09-13,08:30:00,2022.09.13 12:30:00,2022.09.13 15:30:00,US500,5,1663072500,2022.09.13 12:35:00,2022.09.13 15:35:00,4129.6700000000001,4130.3000000000002,4127.9200000000001,4129.6700000000001,256,50,0
CPI_20220913,CPI,2022-09-13,08:30:00,2022.09.13 12:30:00,2022.09.13 15:30:00,US500,10,1663072800,2022.09.13 12:40:00,2022.09.13 15:40:00,4129.6700000000001,4130.9200000000001,4128.9200000000001,4129.9200000000001,195,50,0
CPI_20220913,CPI,2022-09-13,08:30:00,2022.09.13 12:30:00,2022.09.13 15:30:00,US500,15,1663073100,2022.09.13 12:45:00,2022.09.13 15:45:00,4129.9200000000001,4130.6700000000001,4128.4200000000001,4128.6700000000001,211,50,0
CPI_20221013,CPI,2022-10-13,08:30:00,2022.10.13 12:30:00,2022.10.13 15:30:00,US30,0,1665664200,2022.10.13 12:30:00,2022.10.13 15:30:00,29382.900000000001,29401.900000000001,29381.900000000001,29393.900000000001,222,210,0
CPI_20221013,CPI,2022-10-13,08:30:00,2022.10.13 12:30:00,2022.10.13 15:30:00,US30,5,1665664500,2022.10.13 12:35:00,2022.10.13 15:35:00,29393.400000000001,29393.400000000001,29369.900000000001,29381.900000000001,241,210,0
CPI_20221013,CPI,2022-10-13,08:30:00,2022.10.13 12:30:00,2022.10.13 15:30:00,US30,10,1665664800,2022.10.13 12:40:00,2022.10.13 15:40:00,29381.900000000001,29387.900000000001,29373.900000000001,29374.400000000001,184,210,0
CPI_20221013,CPI,2022-10-13,08:30:00,2022.10.13 12:30:00,2022.10.13 15:30:00,US30,15,1665665100,2022.10.13 12:45:00,2022.10.13 15:45:00,29373.900000000001,29388.900000000001,29368.900000000001,29372.900000000001,224,210,0
CPI_20221013,CPI,2022-10-13,08:30:00,2022.10.13 12:30:00,2022.10.13 15:30:00,US100,0,1665664200,2022.10.13 12:30:00,2022.10.13 15:30:00,10826.4,10835.4,10825.65,10832.15,395,150,0
CPI_20221013,CPI,2022-10-13,08:30:00,2022.10.13 12:30:00,2022.10.13 15:30:00,US100,5,1665664500,2022.10.13 12:35:00,2022.10.13 15:35:00,10832.15,10832.15,10818.65,10825.15,407,150,0
CPI_20221013,CPI,2022-10-13,08:30:00,2022.10.13 12:30:00,2022.10.13 15:30:00,US100,10,1665664800,2022.10.13 12:40:00,2022.10.13 15:40:00,10825.15,10826.9,10821.049999999999,10821.049999999999,266,150,0
CPI_20221013,CPI,2022-10-13,08:30:00,2022.10.13 12:30:00,2022.10.13 15:30:00,US100,15,1665665100,2022.10.13 12:45:00,2022.10.13 15:45:00,10821.049999999999,10831.049999999999,10819.299999999999,10821.049999999999,366,150,0
CPI_20221013,CPI,2022-10-13,08:30:00,2022.10.13 12:30:00,2022.10.13 15:30:00,US500,0,1665664200,2022.10.13 12:30:00,2022.10.13 15:30:00,3597.9200000000001,3600.3000000000002,3597.4200000000001,3599.4200000000001,203,50,0
CPI_20221013,CPI,2022-10-13,08:30:00,2022.10.13 12:30:00,2022.10.13 15:30:00,US500,5,1665664500,2022.10.13 12:35:00,2022.10.13 15:35:00,3599.3000000000002,3599.3000000000002,3595.6700000000001,3597.4200000000001,195,50,0
CPI_20221013,CPI,2022-10-13,08:30:00,2022.10.13 12:30:00,2022.10.13 15:30:00,US500,10,1665664800,2022.10.13 12:40:00,2022.10.13 15:40:00,3597.4200000000001,3598.1700000000001,3596.1700000000001,3596.1700000000001,154,50,0
CPI_20221013,CPI,2022-10-13,08:30:00,2022.10.13 12:30:00,2022.10.13 15:30:00,US500,15,1665665100,2022.10.13 12:45:00,2022.10.13 15:45:00,3596.1700000000001,3598.6700000000001,3595.6700000000001,3596.3000000000002,201,50,0
CPI_20221110,CPI,2022-11-10,08:30:00,2022.11.10 13:30:00,2022.11.10 15:30:00,US30,0,1668087000,2022.11.10 13:30:00,2022.11.10 15:30:00,32600.400000000001,32606.400000000001,32582.400000000001,32589.900000000001,251,210,0
CPI_20221110,CPI,2022-11-10,08:30:00,2022.11.10 13:30:00,2022.11.10 15:30:00,US30,5,1668087300,2022.11.10 13:35:00,2022.11.10 15:35:00,32589.900000000001,32610.400000000001,32577.400000000001,32608.400000000001,303,210,0
CPI_20221110,CPI,2022-11-10,08:30:00,2022.11.10 13:30:00,2022.11.10 15:30:00,US30,10,1668087600,2022.11.10 13:40:00,2022.11.10 15:40:00,32606.900000000001,32627.400000000001,32603.900000000001,32616.400000000001,340,210,0
CPI_20221110,CPI,2022-11-10,08:30:00,2022.11.10 13:30:00,2022.11.10 15:30:00,US30,15,1668087900,2022.11.10 13:45:00,2022.11.10 15:45:00,32615.400000000001,32628.400000000001,32608.400000000001,32608.400000000001,314,210,0
CPI_20221110,CPI,2022-11-10,08:30:00,2022.11.10 13:30:00,2022.11.10 15:30:00,US100,0,1668087000,2022.11.10 13:30:00,2022.11.10 15:30:00,10862.35,10866.1,10860.6,10865.35,287,150,0
CPI_20221110,CPI,2022-11-10,08:30:00,2022.11.10 13:30:00,2022.11.10 15:30:00,US100,5,1668087300,2022.11.10 13:35:00,2022.11.10 15:35:00,10865.35,10871.85,10857.6,10870.35,424,150,0
CPI_20221110,CPI,2022-11-10,08:30:00,2022.11.10 13:30:00,2022.11.10 15:30:00,US100,10,1668087600,2022.11.10 13:40:00,2022.11.10 15:40:00,10870.1,10878,10869.1,10871.1,535,150,0
CPI_20221110,CPI,2022-11-10,08:30:00,2022.11.10 13:30:00,2022.11.10 15:30:00,US100,15,1668087900,2022.11.10 13:45:00,2022.11.10 15:45:00,10871.1,10879.85,10868.1,10868.35,458,150,0
CPI_20221110,CPI,2022-11-10,08:30:00,2022.11.10 13:30:00,2022.11.10 15:30:00,US500,0,1668087000,2022.11.10 13:30:00,2022.11.10 15:30:00,3762.3200000000002,3763.0700000000002,3760.8200000000002,3761.8200000000002,186,50,0
CPI_20221110,CPI,2022-11-10,08:30:00,2022.11.10 13:30:00,2022.11.10 15:30:00,US500,5,1668087300,2022.11.10 13:35:00,2022.11.10 15:35:00,3761.8200000000002,3764.5700000000002,3760.0700000000002,3764.1999999999998,185,50,0
CPI_20221110,CPI,2022-11-10,08:30:00,2022.11.10 13:30:00,2022.11.10 15:30:00,US500,10,1668087600,2022.11.10 13:40:00,2022.11.10 15:40:00,3764.0700000000002,3766.5700000000002,3763.6999999999998,3764.8200000000002,289,50,0
CPI_20221110,CPI,2022-11-10,08:30:00,2022.11.10 13:30:00,2022.11.10 15:30:00,US500,15,1668087900,2022.11.10 13:45:00,2022.11.10 15:45:00,3764.8200000000002,3766.5700000000002,3763.5700000000002,3763.5700000000002,238,50,0
CPI_20221213,CPI,2022-12-13,08:30:00,2022.12.13 13:30:00,2022.12.13 15:30:00,US30,0,1670938200,2022.12.13 13:30:00,2022.12.13 15:30:00,34211.900000000001,34222.900000000001,34205.900000000001,34207.900000000001,210,210,0
CPI_20221213,CPI,2022-12-13,08:30:00,2022.12.13 13:30:00,2022.12.13 15:30:00,US30,5,1670938500,2022.12.13 13:35:00,2022.12.13 15:35:00,34207.900000000001,34225.900000000001,34205.900000000001,34221.900000000001,190,210,0
CPI_20221213,CPI,2022-12-13,08:30:00,2022.12.13 13:30:00,2022.12.13 15:30:00,US30,10,1670938800,2022.12.13 13:40:00,2022.12.13 15:40:00,34220.5,34234.400000000001,34217.5,34225.900000000001,211,210,0
CPI_20221213,CPI,2022-12-13,08:30:00,2022.12.13 13:30:00,2022.12.13 15:30:00,US30,15,1670939100,2022.12.13 13:45:00,2022.12.13 15:45:00,34225.900000000001,34231.900000000001,34216.900000000001,34227.900000000001,202,210,0
CPI_20221213,CPI,2022-12-13,08:30:00,2022.12.13 13:30:00,2022.12.13 15:30:00,US100,0,1670938200,2022.12.13 13:30:00,2022.12.13 15:30:00,11782.299999999999,11784.299999999999,11776.799999999999,11777.549999999999,261,150,0
CPI_20221213,CPI,2022-12-13,08:30:00,2022.12.13 13:30:00,2022.12.13 15:30:00,US100,5,1670938500,2022.12.13 13:35:00,2022.12.13 15:35:00,11777.799999999999,11784.549999999999,11776.049999999999,11780.049999999999,237,150,0
CPI_20221213,CPI,2022-12-13,08:30:00,2022.12.13 13:30:00,2022.12.13 15:30:00,US100,10,1670938800,2022.12.13 13:40:00,2022.12.13 15:40:00,11779.799999999999,11784.049999999999,11778.299999999999,11779.049999999999,263,150,0
CPI_20221213,CPI,2022-12-13,08:30:00,2022.12.13 13:30:00,2022.12.13 15:30:00,US100,15,1670939100,2022.12.13 13:45:00,2022.12.13 15:45:00,11779.049999999999,11779.799999999999,11773.049999999999,11775.799999999999,228,150,0
CPI_20221213,CPI,2022-12-13,08:30:00,2022.12.13 13:30:00,2022.12.13 15:30:00,US500,0,1670938200,2022.12.13 13:30:00,2022.12.13 15:30:00,4015.2199999999998,4015.9699999999998,4013.9699999999998,4014.2199999999998,118,50,0
CPI_20221213,CPI,2022-12-13,08:30:00,2022.12.13 13:30:00,2022.12.13 15:30:00,US500,5,1670938500,2022.12.13 13:35:00,2022.12.13 15:35:00,4014.2199999999998,4016.2199999999998,4013.8499999999999,4015.2199999999998,120,50,0
CPI_20221213,CPI,2022-12-13,08:30:00,2022.12.13 13:30:00,2022.12.13 15:30:00,US500,10,1670938800,2022.12.13 13:40:00,2022.12.13 15:40:00,4015.2199999999998,4016.4699999999998,4014.7199999999998,4014.9699999999998,87,50,0
CPI_20221213,CPI,2022-12-13,08:30:00,2022.12.13 13:30:00,2022.12.13 15:30:00,US500,15,1670939100,2022.12.13 13:45:00,2022.12.13 15:45:00,4014.9699999999998,4015.4699999999998,4013.2199999999998,4014.2199999999998,98,50,0
CPI_20230112,CPI,2023-01-12,08:30:00,2023.01.12 13:30:00,2023.01.12 15:30:00,US30,0,1673530200,2023.01.12 13:30:00,2023.01.12 15:30:00,34011.900000000001,34026.5,34009.900000000001,34023.900000000001,187,210,0
CPI_20230112,CPI,2023-01-12,08:30:00,2023.01.12 13:30:00,2023.01.12 15:30:00,US30,5,1673530500,2023.01.12 13:35:00,2023.01.12 15:35:00,34023.900000000001,34028.900000000001,34016.900000000001,34017.900000000001,132,210,0
CPI_20230112,CPI,2023-01-12,08:30:00,2023.01.12 13:30:00,2023.01.12 15:30:00,US30,10,1673530800,2023.01.12 13:40:00,2023.01.12 15:40:00,34017.900000000001,34026.900000000001,34017.900000000001,34017.900000000001,117,210,0
CPI_20230112,CPI,2023-01-12,08:30:00,2023.01.12 13:30:00,2023.01.12 15:30:00,US30,15,1673531100,2023.01.12 13:45:00,2023.01.12 15:45:00,34017.400000000001,34020.900000000001,34013.900000000001,34019.900000000001,89,210,0
CPI_20230112,CPI,2023-01-12,08:30:00,2023.01.12 13:30:00,2023.01.12 15:30:00,US100,0,1673530200,2023.01.12 13:30:00,2023.01.12 15:30:00,11393.9,11397.65,11391.65,11395.65,284,150,0
CPI_20230112,CPI,2023-01-12,08:30:00,2023.01.12 13:30:00,2023.01.12 15:30:00,US100,5,1673530500,2023.01.12 13:35:00,2023.01.12 15:35:00,11395.9,11397.15,11390.15,11390.65,283,150,0
CPI_20230112,CPI,2023-01-12,08:30:00,2023.01.12 13:30:00,2023.01.12 15:30:00,US100,10,1673530800,2023.01.12 13:40:00,2023.01.12 15:40:00,11390.9,11396.4,11390.65,11393.4,216,150,0
CPI_20230112,CPI,2023-01-12,08:30:00,2023.01.12 13:30:00,2023.01.12 15:30:00,US100,15,1673531100,2023.01.12 13:45:00,2023.01.12 15:45:00,11393.15,11394.4,11391.15,11394.4,189,150,0
CPI_20230112,CPI,2023-01-12,08:30:00,2023.01.12 13:30:00,2023.01.12 15:30:00,US500,0,1673530200,2023.01.12 13:30:00,2023.01.12 15:30:00,3971.4200000000001,3973.1700000000001,3971.1700000000001,3972.6700000000001,111,50,0
CPI_20230112,CPI,2023-01-12,08:30:00,2023.01.12 13:30:00,2023.01.12 15:30:00,US500,5,1673530500,2023.01.12 13:35:00,2023.01.12 15:35:00,3972.6700000000001,3973.1700000000001,3971.4200000000001,3971.6700000000001,122,50,0
CPI_20230112,CPI,2023-01-12,08:30:00,2023.01.12 13:30:00,2023.01.12 15:30:00,US500,10,1673530800,2023.01.12 13:40:00,2023.01.12 15:40:00,3971.6700000000001,3972.9200000000001,3971.6700000000001,3971.9200000000001,83,50,0
CPI_20230112,CPI,2023-01-12,08:30:00,2023.01.12 13:30:00,2023.01.12 15:30:00,US500,15,1673531100,2023.01.12 13:45:00,2023.01.12 15:45:00,3971.9200000000001,3972.4200000000001,3971.1700000000001,3972.1700000000001,89,50,0
CPI_20230214,CPI,2023-02-14,08:30:00,2023.02.14 13:30:00,2023.02.14 15:30:00,US30,0,1676381400,2023.02.14 13:30:00,2023.02.14 15:30:00,34294.400000000001,34300.900000000001,34289.900000000001,34292.900000000001,172,210,0
CPI_20230214,CPI,2023-02-14,08:30:00,2023.02.14 13:30:00,2023.02.14 15:30:00,US30,5,1676381700,2023.02.14 13:35:00,2023.02.14 15:35:00,34292.900000000001,34294.900000000001,34283.900000000001,34290.900000000001,107,210,0
CPI_20230214,CPI,2023-02-14,08:30:00,2023.02.14 13:30:00,2023.02.14 15:30:00,US30,10,1676382000,2023.02.14 13:40:00,2023.02.14 15:40:00,34290.900000000001,34298.900000000001,34289.400000000001,34296.900000000001,123,210,0
CPI_20230214,CPI,2023-02-14,08:30:00,2023.02.14 13:30:00,2023.02.14 15:30:00,US30,15,1676382300,2023.02.14 13:45:00,2023.02.14 15:45:00,34296.900000000001,34298.900000000001,34291.900000000001,34295.900000000001,104,210,0
CPI_20230214,CPI,2023-02-14,08:30:00,2023.02.14 13:30:00,2023.02.14 15:30:00,US100,0,1676381400,2023.02.14 13:30:00,2023.02.14 15:30:00,12551.799999999999,12555.049999999999,12548.299999999999,12549.799999999999,259,150,0
CPI_20230214,CPI,2023-02-14,08:30:00,2023.02.14 13:30:00,2023.02.14 15:30:00,US100,5,1676381700,2023.02.14 13:35:00,2023.02.14 15:35:00,12549.799999999999,12552.299999999999,12546.799999999999,12551.049999999999,224,150,0
CPI_20230214,CPI,2023-02-14,08:30:00,2023.02.14 13:30:00,2023.02.14 15:30:00,US100,10,1676382000,2023.02.14 13:40:00,2023.02.14 15:40:00,12551.049999999999,12553.549999999999,12546.549999999999,12549.299999999999,233,150,0
CPI_20230214,CPI,2023-02-14,08:30:00,2023.02.14 13:30:00,2023.02.14 15:30:00,US100,15,1676382300,2023.02.14 13:45:00,2023.02.14 15:45:00,12549.049999999999,12551.299999999999,12547.549999999999,12551.049999999999,195,150,0
CPI_20230214,CPI,2023-02-14,08:30:00,2023.02.14 13:30:00,2023.02.14 15:30:00,US500,0,1676381400,2023.02.14 13:30:00,2023.02.14 15:30:00,4148.5699999999997,4149.5699999999997,4147.8199999999997,4148.3199999999997,93,50,0
CPI_20230214,CPI,2023-02-14,08:30:00,2023.02.14 13:30:00,2023.02.14 15:30:00,US500,5,1676381700,2023.02.14 13:35:00,2023.02.14 15:35:00,4148.3199999999997,4148.8199999999997,4147.0699999999997,4148.3199999999997,76,50,0
CPI_20230214,CPI,2023-02-14,08:30:00,2023.02.14 13:30:00,2023.02.14 15:30:00,US500,10,1676382000,2023.02.14 13:40:00,2023.02.14 15:40:00,4148.3199999999997,4149.3199999999997,4147.8199999999997,4148.5699999999997,88,50,0
CPI_20230214,CPI,2023-02-14,08:30:00,2023.02.14 13:30:00,2023.02.14 15:30:00,US500,15,1676382300,2023.02.14 13:45:00,2023.02.14 15:45:00,4148.5699999999997,4148.8199999999997,4147.8199999999997,4148.5699999999997,59,50,0
CPI_20230314,CPI,2023-03-14,08:30:00,2023.03.14 12:30:00,2023.03.14 14:30:00,US30,0,1678797000,2023.03.14 12:30:00,2023.03.14 14:30:00,31916.900000000001,31925.900000000001,31880.900000000001,31918.900000000001,426,210,0
CPI_20230314,CPI,2023-03-14,08:30:00,2023.03.14 12:30:00,2023.03.14 14:30:00,US30,5,1678797300,2023.03.14 12:35:00,2023.03.14 14:35:00,31919.900000000001,31945.900000000001,31916.900000000001,31930.900000000001,501,210,0
CPI_20230314,CPI,2023-03-14,08:30:00,2023.03.14 12:30:00,2023.03.14 14:30:00,US30,10,1678797600,2023.03.14 12:40:00,2023.03.14 14:40:00,31930.900000000001,31938.900000000001,31915.900000000001,31934.900000000001,422,210,0
CPI_20230314,CPI,2023-03-14,08:30:00,2023.03.14 12:30:00,2023.03.14 14:30:00,US30,15,1678797900,2023.03.14 12:45:00,2023.03.14 14:45:00,31935.900000000001,31946.900000000001,31931.5,31931.5,466,210,0
CPI_20230314,CPI,2023-03-14,08:30:00,2023.03.14 12:30:00,2023.03.14 14:30:00,US100,0,1678797000,2023.03.14 12:30:00,2023.03.14 14:30:00,11968.25,11975,11958.25,11973.5,654,150,0
CPI_20230314,CPI,2023-03-14,08:30:00,2023.03.14 12:30:00,2023.03.14 14:30:00,US100,5,1678797300,2023.03.14 12:35:00,2023.03.14 14:35:00,11973.25,11987.25,11971,11975.25,747,150,0
CPI_20230314,CPI,2023-03-14,08:30:00,2023.03.14 12:30:00,2023.03.14 14:30:00,US100,10,1678797600,2023.03.14 12:40:00,2023.03.14 14:40:00,11975.25,11978.25,11966,11970.25,637,150,0
CPI_20230314,CPI,2023-03-14,08:30:00,2023.03.14 12:30:00,2023.03.14 14:30:00,US100,15,1678797900,2023.03.14 12:45:00,2023.03.14 14:45:00,11970,11975.25,11960.5,11963.75,715,150,0
CPI_20230314,CPI,2023-03-14,08:30:00,2023.03.14 12:30:00,2023.03.14 14:30:00,US500,0,1678797000,2023.03.14 12:30:00,2023.03.14 14:30:00,3866.8200000000002,3868.3200000000002,3862.9499999999998,3867.8200000000002,383,50,0
CPI_20230314,CPI,2023-03-14,08:30:00,2023.03.14 12:30:00,2023.03.14 14:30:00,US500,5,1678797300,2023.03.14 12:35:00,2023.03.14 14:35:00,3867.8200000000002,3871.5700000000002,3867.3200000000002,3868.8200000000002,475,50,0
CPI_20230314,CPI,2023-03-14,08:30:00,2023.03.14 12:30:00,2023.03.14 14:30:00,US500,10,1678797600,2023.03.14 12:40:00,2023.03.14 14:40:00,3868.8200000000002,3869.5700000000002,3866.8200000000002,3868.8200000000002,347,50,0
CPI_20230314,CPI,2023-03-14,08:30:00,2023.03.14 12:30:00,2023.03.14 14:30:00,US500,15,1678797900,2023.03.14 12:45:00,2023.03.14 14:45:00,3868.8200000000002,3870.6999999999998,3868.0700000000002,3868.9499999999998,377,50,0
CPI_20230412,CPI,2023-04-12,08:30:00,2023.04.12 12:30:00,2023.04.12 15:30:00,US30,0,1681302600,2023.04.12 12:30:00,2023.04.12 15:30:00,33769.400000000001,33773.5,33768.400000000001,33770.5,116,210,0
CPI_20230412,CPI,2023-04-12,08:30:00,2023.04.12 12:30:00,2023.04.12 15:30:00,US30,5,1681302900,2023.04.12 12:35:00,2023.04.12 15:35:00,33771.400000000001,33775.400000000001,33769.400000000001,33772.400000000001,109,210,0
CPI_20230412,CPI,2023-04-12,08:30:00,2023.04.12 12:30:00,2023.04.12 15:30:00,US30,10,1681303200,2023.04.12 12:40:00,2023.04.12 15:40:00,33771.5,33780.5,33770.5,33777.5,120,210,0
CPI_20230412,CPI,2023-04-12,08:30:00,2023.04.12 12:30:00,2023.04.12 15:30:00,US30,15,1681303500,2023.04.12 12:45:00,2023.04.12 15:45:00,33777.5,33783.400000000001,33774.400000000001,33778.5,120,210,0
CPI_20230412,CPI,2023-04-12,08:30:00,2023.04.12 12:30:00,2023.04.12 15:30:00,US100,0,1681302600,2023.04.12 12:30:00,2023.04.12 15:30:00,12982.200000000001,12986.700000000001,12982.200000000001,12985.950000000001,156,150,0
CPI_20230412,CPI,2023-04-12,08:30:00,2023.04.12 12:30:00,2023.04.12 15:30:00,US100,5,1681302900,2023.04.12 12:35:00,2023.04.12 15:35:00,12986.200000000001,12987.200000000001,12981.450000000001,12984.700000000001,143,150,0
CPI_20230412,CPI,2023-04-12,08:30:00,2023.04.12 12:30:00,2023.04.12 15:30:00,US100,10,1681303200,2023.04.12 12:40:00,2023.04.12 15:40:00,12984.700000000001,12984.700000000001,12981.700000000001,12981.700000000001,134,150,0
CPI_20230412,CPI,2023-04-12,08:30:00,2023.04.12 12:30:00,2023.04.12 15:30:00,US100,15,1681303500,2023.04.12 12:45:00,2023.04.12 15:45:00,12981.700000000001,12986.950000000001,12980.450000000001,12980.950000000001,172,150,0
CPI_20230412,CPI,2023-04-12,08:30:00,2023.04.12 12:30:00,2023.04.12 15:30:00,US500,0,1681302600,2023.04.12 12:30:00,2023.04.12 15:30:00,4117.3699999999999,4117.8699999999999,4117.3699999999999,4117.6199999999999,31,50,0
CPI_20230412,CPI,2023-04-12,08:30:00,2023.04.12 12:30:00,2023.04.12 15:30:00,US500,5,1681302900,2023.04.12 12:35:00,2023.04.12 15:35:00,4117.6199999999999,4118.1199999999999,4117,4117.6199999999999,23,50,0
CPI_20230412,CPI,2023-04-12,08:30:00,2023.04.12 12:30:00,2023.04.12 15:30:00,US500,10,1681303200,2023.04.12 12:40:00,2023.04.12 15:40:00,4117.6199999999999,4118.1199999999999,4117.1199999999999,4117.6199999999999,24,50,0
CPI_20230412,CPI,2023-04-12,08:30:00,2023.04.12 12:30:00,2023.04.12 15:30:00,US500,15,1681303500,2023.04.12 12:45:00,2023.04.12 15:45:00,4117.6199999999999,4118.1199999999999,4117.3699999999999,4117.6199999999999,21,50,0
CPI_20230510,CPI,2023-05-10,08:30:00,2023.05.10 12:30:00,2023.05.10 15:30:00,US30,0,1683721800,2023.05.10 12:30:00,2023.05.10 15:30:00,33553.400000000001,33557.900000000001,33551.900000000001,33554.900000000001,133,210,0
CPI_20230510,CPI,2023-05-10,08:30:00,2023.05.10 12:30:00,2023.05.10 15:30:00,US30,5,1683722100,2023.05.10 12:35:00,2023.05.10 15:35:00,33555.400000000001,33558.900000000001,33551.900000000001,33552.900000000001,117,210,0
CPI_20230510,CPI,2023-05-10,08:30:00,2023.05.10 12:30:00,2023.05.10 15:30:00,US30,10,1683722400,2023.05.10 12:40:00,2023.05.10 15:40:00,33551.900000000001,33557.900000000001,33543.900000000001,33543.900000000001,128,210,0
CPI_20230510,CPI,2023-05-10,08:30:00,2023.05.10 12:30:00,2023.05.10 15:30:00,US30,15,1683722700,2023.05.10 12:45:00,2023.05.10 15:45:00,33543.900000000001,33571.300000000003,33540.900000000001,33562.400000000001,139,210,0
CPI_20230510,CPI,2023-05-10,08:30:00,2023.05.10 12:30:00,2023.05.10 15:30:00,US100,0,1683721800,2023.05.10 12:30:00,2023.05.10 15:30:00,13180.799999999999,13189.549999999999,13180.549999999999,13187.049999999999,232,150,0
CPI_20230510,CPI,2023-05-10,08:30:00,2023.05.10 12:30:00,2023.05.10 15:30:00,US100,5,1683722100,2023.05.10 12:35:00,2023.05.10 15:35:00,13186.799999999999,13187.549999999999,13181.799999999999,13182.549999999999,140,150,0
CPI_20230510,CPI,2023-05-10,08:30:00,2023.05.10 12:30:00,2023.05.10 15:30:00,US100,10,1683722400,2023.05.10 12:40:00,2023.05.10 15:40:00,13182.299999999999,13187.049999999999,13181.299999999999,13182.299999999999,143,150,0
CPI_20230510,CPI,2023-05-10,08:30:00,2023.05.10 12:30:00,2023.05.10 15:30:00,US100,15,1683722700,2023.05.10 12:45:00,2023.05.10 15:45:00,13182.799999999999,13187.799999999999,13180.799999999999,13186.049999999999,155,150,0
CPI_20230510,CPI,2023-05-10,08:30:00,2023.05.10 12:30:00,2023.05.10 15:30:00,US500,0,1683721800,2023.05.10 12:30:00,2023.05.10 15:30:00,4114.8199999999997,4116.0699999999997,4114.8199999999997,4115.5699999999997,62,50,0
CPI_20230510,CPI,2023-05-10,08:30:00,2023.05.10 12:30:00,2023.05.10 15:30:00,US500,5,1683722100,2023.05.10 12:35:00,2023.05.10 15:35:00,4115.5699999999997,4116.0699999999997,4114.5699999999997,4114.8199999999997,40,50,0
CPI_20230510,CPI,2023-05-10,08:30:00,2023.05.10 12:30:00,2023.05.10 15:30:00,US500,10,1683722400,2023.05.10 12:40:00,2023.05.10 15:40:00,4114.6999999999998,4115.5699999999997,4114.0699999999997,4114.0699999999997,49,50,0
CPI_20230510,CPI,2023-05-10,08:30:00,2023.05.10 12:30:00,2023.05.10 15:30:00,US500,15,1683722700,2023.05.10 12:45:00,2023.05.10 15:45:00,4114.0699999999997,4116.8199999999997,4113.5699999999997,4116.3199999999997,47,50,0
CPI_20230613,CPI,2023-06-13,08:30:00,2023.06.13 12:30:00,2023.06.13 15:30:00,US30,0,1686659400,2023.06.13 12:30:00,2023.06.13 15:30:00,34141.900000000001,34145.900000000001,34130.400000000001,34140.900000000001,156,210,0
CPI_20230613,CPI,2023-06-13,08:30:00,2023.06.13 12:30:00,2023.06.13 15:30:00,US30,5,1686659700,2023.06.13 12:35:00,2023.06.13 15:35:00,34139.900000000001,34146.900000000001,34139.900000000001,34141.400000000001,157,210,0
CPI_20230613,CPI,2023-06-13,08:30:00,2023.06.13 12:30:00,2023.06.13 15:30:00,US30,10,1686660000,2023.06.13 12:40:00,2023.06.13 15:40:00,34140.900000000001,34144.400000000001,34123.400000000001,34126.900000000001,194,210,0
CPI_20230613,CPI,2023-06-13,08:30:00,2023.06.13 12:30:00,2023.06.13 15:30:00,US30,15,1686660300,2023.06.13 12:45:00,2023.06.13 15:45:00,34126.900000000001,34128.400000000001,34121.400000000001,34128.400000000001,147,210,0
CPI_20230613,CPI,2023-06-13,08:30:00,2023.06.13 12:30:00,2023.06.13 15:30:00,US100,0,1686659400,2023.06.13 12:30:00,2023.06.13 15:30:00,14882.75,14884.25,14873.75,14880,216,150,0
CPI_20230613,CPI,2023-06-13,08:30:00,2023.06.13 12:30:00,2023.06.13 15:30:00,US100,5,1686659700,2023.06.13 12:35:00,2023.06.13 15:35:00,14880.25,14882,14871,14871.25,211,150,0
CPI_20230613,CPI,2023-06-13,08:30:00,2023.06.13 12:30:00,2023.06.13 15:30:00,US100,10,1686660000,2023.06.13 12:40:00,2023.06.13 15:40:00,14871.25,14871.5,14859,14860.75,308,150,0
CPI_20230613,CPI,2023-06-13,08:30:00,2023.06.13 12:30:00,2023.06.13 15:30:00,US100,15,1686660300,2023.06.13 12:45:00,2023.06.13 15:45:00,14861,14866.5,14859.75,14866.5,179,150,0
CPI_20230613,CPI,2023-06-13,08:30:00,2023.06.13 12:30:00,2023.06.13 15:30:00,US500,0,1686659400,2023.06.13 12:30:00,2023.06.13 15:30:00,4357.7200000000003,4357.9700000000003,4355.9700000000003,4357.4700000000003,98,50,0
CPI_20230613,CPI,2023-06-13,08:30:00,2023.06.13 12:30:00,2023.06.13 15:30:00,US500,5,1686659700,2023.06.13 12:35:00,2023.06.13 15:35:00,4357.4700000000003,4357.9700000000003,4356.4700000000003,4356.4700000000003,91,50,0
CPI_20230613,CPI,2023-06-13,08:30:00,2023.06.13 12:30:00,2023.06.13 15:30:00,US500,10,1686660000,2023.06.13 12:40:00,2023.06.13 15:40:00,4356.4700000000003,4356.9700000000003,4353.7200000000003,4353.9700000000003,110,50,0
CPI_20230613,CPI,2023-06-13,08:30:00,2023.06.13 12:30:00,2023.06.13 15:30:00,US500,15,1686660300,2023.06.13 12:45:00,2023.06.13 15:45:00,4353.9700000000003,4355.1000000000004,4353.9700000000003,4355.1000000000004,50,50,0
CPI_20230712,CPI,2023-07-12,08:30:00,2023.07.12 12:30:00,2023.07.12 15:30:00,US30,0,1689165000,2023.07.12 12:30:00,2023.07.12 15:30:00,34346.900000000001,34349.400000000001,34342.900000000001,34347.900000000001,130,210,0
CPI_20230712,CPI,2023-07-12,08:30:00,2023.07.12 12:30:00,2023.07.12 15:30:00,US30,5,1689165300,2023.07.12 12:35:00,2023.07.12 15:35:00,34348.900000000001,34356.900000000001,34347.400000000001,34356.900000000001,101,210,0
CPI_20230712,CPI,2023-07-12,08:30:00,2023.07.12 12:30:00,2023.07.12 15:30:00,US30,10,1689165600,2023.07.12 12:40:00,2023.07.12 15:40:00,34356.900000000001,34361.400000000001,34352.900000000001,34356.900000000001,107,210,0
CPI_20230712,CPI,2023-07-12,08:30:00,2023.07.12 12:30:00,2023.07.12 15:30:00,US30,15,1689165900,2023.07.12 12:45:00,2023.07.12 15:45:00,34356.400000000001,34358.900000000001,34347.900000000001,34348.900000000001,103,210,0
CPI_20230712,CPI,2023-07-12,08:30:00,2023.07.12 12:30:00,2023.07.12 15:30:00,US100,0,1689165000,2023.07.12 12:30:00,2023.07.12 15:30:00,15175.700000000001,15177.450000000001,15171.450000000001,15173.700000000001,190,150,0
CPI_20230712,CPI,2023-07-12,08:30:00,2023.07.12 12:30:00,2023.07.12 15:30:00,US100,5,1689165300,2023.07.12 12:35:00,2023.07.12 15:35:00,15173.700000000001,15176.700000000001,15171.450000000001,15175.700000000001,128,150,0
CPI_20230712,CPI,2023-07-12,08:30:00,2023.07.12 12:30:00,2023.07.12 15:30:00,US100,10,1689165600,2023.07.12 12:40:00,2023.07.12 15:40:00,15175.450000000001,15177.200000000001,15173.200000000001,15174.200000000001,122,150,0
CPI_20230712,CPI,2023-07-12,08:30:00,2023.07.12 12:30:00,2023.07.12 15:30:00,US100,15,1689165900,2023.07.12 12:45:00,2023.07.12 15:45:00,15174.200000000001,15177.200000000001,15171.950000000001,15177.200000000001,165,150,0
CPI_20230712,CPI,2023-07-12,08:30:00,2023.07.12 12:30:00,2023.07.12 15:30:00,US500,0,1689165000,2023.07.12 12:30:00,2023.07.12 15:30:00,4451.9200000000001,4452.4200000000001,4451.4200000000001,4452.1700000000001,56,50,0
CPI_20230712,CPI,2023-07-12,08:30:00,2023.07.12 12:30:00,2023.07.12 15:30:00,US500,5,1689165300,2023.07.12 12:35:00,2023.07.12 15:35:00,4452.1700000000001,4452.9200000000001,4451.9200000000001,4452.9200000000001,37,50,0
CPI_20230712,CPI,2023-07-12,08:30:00,2023.07.12 12:30:00,2023.07.12 15:30:00,US500,10,1689165600,2023.07.12 12:40:00,2023.07.12 15:40:00,4452.9200000000001,4453.4200000000001,4452.4200000000001,4452.6700000000001,23,50,0
CPI_20230712,CPI,2023-07-12,08:30:00,2023.07.12 12:30:00,2023.07.12 15:30:00,US500,15,1689165900,2023.07.12 12:45:00,2023.07.12 15:45:00,4452.6700000000001,4452.9200000000001,4451.9200000000001,4452.4200000000001,33,50,0
CPI_20230810,CPI,2023-08-10,08:30:00,2023.08.10 12:30:00,2023.08.10 15:30:00,US30,0,1691670600,2023.08.10 12:30:00,2023.08.10 15:30:00,35308.599999999999,35313.099999999999,35300.099999999999,35309.099999999999,146,170,0
CPI_20230810,CPI,2023-08-10,08:30:00,2023.08.10 12:30:00,2023.08.10 15:30:00,US30,5,1691670900,2023.08.10 12:35:00,2023.08.10 15:35:00,35308.099999999999,35313.599999999999,35301.099999999999,35307.099999999999,105,170,0
CPI_20230810,CPI,2023-08-10,08:30:00,2023.08.10 12:30:00,2023.08.10 15:30:00,US30,10,1691671200,2023.08.10 12:40:00,2023.08.10 15:40:00,35307.099999999999,35313.099999999999,35306.599999999999,35310.099999999999,90,170,0
CPI_20230810,CPI,2023-08-10,08:30:00,2023.08.10 12:30:00,2023.08.10 15:30:00,US30,15,1691671500,2023.08.10 12:45:00,2023.08.10 15:45:00,35310.099999999999,35315.099999999999,35308.099999999999,35308.099999999999,97,170,0
CPI_20230810,CPI,2023-08-10,08:30:00,2023.08.10 12:30:00,2023.08.10 15:30:00,US100,0,1691670600,2023.08.10 12:30:00,2023.08.10 15:30:00,15205,15206.25,15199.25,15202.75,199,150,0
CPI_20230810,CPI,2023-08-10,08:30:00,2023.08.10 12:30:00,2023.08.10 15:30:00,US100,5,1691670900,2023.08.10 12:35:00,2023.08.10 15:35:00,15202.75,15206,15200.25,15204.5,179,150,0
CPI_20230810,CPI,2023-08-10,08:30:00,2023.08.10 12:30:00,2023.08.10 15:30:00,US100,10,1691671200,2023.08.10 12:40:00,2023.08.10 15:40:00,15204.5,15209.75,15204.25,15207.75,152,150,0
CPI_20230810,CPI,2023-08-10,08:30:00,2023.08.10 12:30:00,2023.08.10 15:30:00,US100,15,1691671500,2023.08.10 12:45:00,2023.08.10 15:45:00,15207,15210.25,15205.75,15206.5,170,150,0
CPI_20230810,CPI,2023-08-10,08:30:00,2023.08.10 12:30:00,2023.08.10 15:30:00,US500,0,1691670600,2023.08.10 12:30:00,2023.08.10 15:30:00,4494.1700000000001,4494.6700000000001,4493.1700000000001,4493.9200000000001,66,50,0
CPI_20230810,CPI,2023-08-10,08:30:00,2023.08.10 12:30:00,2023.08.10 15:30:00,US500,5,1691670900,2023.08.10 12:35:00,2023.08.10 15:35:00,4493.9200000000001,4494.6700000000001,4493.1700000000001,4494.1700000000001,51,50,0
CPI_20230810,CPI,2023-08-10,08:30:00,2023.08.10 12:30:00,2023.08.10 15:30:00,US500,10,1691671200,2023.08.10 12:40:00,2023.08.10 15:40:00,4494.1700000000001,4495.1700000000001,4494.1700000000001,4494.6700000000001,49,50,0
CPI_20230810,CPI,2023-08-10,08:30:00,2023.08.10 12:30:00,2023.08.10 15:30:00,US500,15,1691671500,2023.08.10 12:45:00,2023.08.10 15:45:00,4494.6700000000001,4495.4200000000001,4494.4200000000001,4494.4200000000001,75,50,0
CPI_20230913,CPI,2023-09-13,08:30:00,2023.09.13 12:30:00,2023.09.13 15:30:00,US30,0,1694608200,2023.09.13 12:30:00,2023.09.13 15:30:00,34654.599999999999,34662.099999999999,34645.099999999999,34662.099999999999,164,170,0
CPI_20230913,CPI,2023-09-13,08:30:00,2023.09.13 12:30:00,2023.09.13 15:30:00,US30,5,1694608500,2023.09.13 12:35:00,2023.09.13 15:35:00,34662.099999999999,34669.099999999999,34654.099999999999,34668.099999999999,162,170,0
CPI_20230913,CPI,2023-09-13,08:30:00,2023.09.13 12:30:00,2023.09.13 15:30:00,US30,10,1694608800,2023.09.13 12:40:00,2023.09.13 15:40:00,34668.099999999999,34669.599999999999,34647.599999999999,34649.099999999999,194,170,0
CPI_20230913,CPI,2023-09-13,08:30:00,2023.09.13 12:30:00,2023.09.13 15:30:00,US30,15,1694609100,2023.09.13 12:45:00,2023.09.13 15:45:00,34648.599999999999,34656.099999999999,34642.099999999999,34655.099999999999,229,170,0
CPI_20230913,CPI,2023-09-13,08:30:00,2023.09.13 12:30:00,2023.09.13 15:30:00,US100,0,1694608200,2023.09.13 12:30:00,2023.09.13 15:30:00,15306.65,15308.4,15300.65,15307.9,289,150,0
CPI_20230913,CPI,2023-09-13,08:30:00,2023.09.13 12:30:00,2023.09.13 15:30:00,US100,5,1694608500,2023.09.13 12:35:00,2023.09.13 15:35:00,15307.9,15309.9,15301.9,15309.4,260,150,0
CPI_20230913,CPI,2023-09-13,08:30:00,2023.09.13 12:30:00,2023.09.13 15:30:00,US100,10,1694608800,2023.09.13 12:40:00,2023.09.13 15:40:00,15309.9,15310.9,15296.9,15297.4,293,150,0
CPI_20230913,CPI,2023-09-13,08:30:00,2023.09.13 12:30:00,2023.09.13 15:30:00,US100,15,1694609100,2023.09.13 12:45:00,2023.09.13 15:45:00,15297.15,15298.4,15290.15,15298.15,373,150,0
CPI_20230913,CPI,2023-09-13,08:30:00,2023.09.13 12:30:00,2023.09.13 15:30:00,US500,0,1694608200,2023.09.13 12:30:00,2023.09.13 15:30:00,4466.2700000000004,4467.0200000000004,4464.7700000000004,4467.0200000000004,91,50,0
CPI_20230913,CPI,2023-09-13,08:30:00,2023.09.13 12:30:00,2023.09.13 15:30:00,US500,5,1694608500,2023.09.13 12:35:00,2023.09.13 15:35:00,4467.0200000000004,4467.7700000000004,4465.7700000000004,4467.7700000000004,80,50,0
CPI_20230913,CPI,2023-09-13,08:30:00,2023.09.13 12:30:00,2023.09.13 15:30:00,US500,10,1694608800,2023.09.13 12:40:00,2023.09.13 15:40:00,4467.7700000000004,4468.0200000000004,4464.7700000000004,4464.7700000000004,85,50,0
CPI_20230913,CPI,2023-09-13,08:30:00,2023.09.13 12:30:00,2023.09.13 15:30:00,US500,15,1694609100,2023.09.13 12:45:00,2023.09.13 15:45:00,4464.7700000000004,4465.7700000000004,4463.5200000000004,4465.7700000000004,103,50,0
CPI_20231012,CPI,2023-10-12,08:30:00,2023.10.12 12:30:00,2023.10.12 15:30:00,US30,0,1697113800,2023.10.12 12:30:00,2023.10.12 15:30:00,33915.099999999999,33918.599999999999,33913.599999999999,33915.599999999999,172,170,0
CPI_20231012,CPI,2023-10-12,08:30:00,2023.10.12 12:30:00,2023.10.12 15:30:00,US30,5,1697114100,2023.10.12 12:35:00,2023.10.12 15:35:00,33915.599999999999,33921.099999999999,33914.599999999999,33920.099999999999,151,170,0
CPI_20231012,CPI,2023-10-12,08:30:00,2023.10.12 12:30:00,2023.10.12 15:30:00,US30,10,1697114400,2023.10.12 12:40:00,2023.10.12 15:40:00,33920.599999999999,33929.099999999999,33917.099999999999,33929.099999999999,149,170,0
CPI_20231012,CPI,2023-10-12,08:30:00,2023.10.12 12:30:00,2023.10.12 15:30:00,US30,15,1697114700,2023.10.12 12:45:00,2023.10.12 15:45:00,33928.599999999999,33942.099999999999,33928.099999999999,33942.099999999999,201,170,0
CPI_20231012,CPI,2023-10-12,08:30:00,2023.10.12 12:30:00,2023.10.12 15:30:00,US100,0,1697113800,2023.10.12 12:30:00,2023.10.12 15:30:00,15304.5,15311.75,15303.5,15308.25,279,150,0
CPI_20231012,CPI,2023-10-12,08:30:00,2023.10.12 12:30:00,2023.10.12 15:30:00,US100,5,1697114100,2023.10.12 12:35:00,2023.10.12 15:35:00,15308.5,15313.75,15308.25,15311.5,211,150,0
CPI_20231012,CPI,2023-10-12,08:30:00,2023.10.12 12:30:00,2023.10.12 15:30:00,US100,10,1697114400,2023.10.12 12:40:00,2023.10.12 15:40:00,15311.5,15312.75,15309,15311.75,164,150,0
CPI_20231012,CPI,2023-10-12,08:30:00,2023.10.12 12:30:00,2023.10.12 15:30:00,US100,15,1697114700,2023.10.12 12:45:00,2023.10.12 15:45:00,15311.25,15317.5,15311.25,15316.5,221,150,0
CPI_20231012,CPI,2023-10-12,08:30:00,2023.10.12 12:30:00,2023.10.12 15:30:00,US500,0,1697113800,2023.10.12 12:30:00,2023.10.12 15:30:00,4395.9700000000003,4396.7200000000003,4395.7200000000003,4396.2200000000003,61,50,0
CPI_20231012,CPI,2023-10-12,08:30:00,2023.10.12 12:30:00,2023.10.12 15:30:00,US500,5,1697114100,2023.10.12 12:35:00,2023.10.12 15:35:00,4396.2200000000003,4397.2200000000003,4396.2200000000003,4396.9700000000003,36,50,0
CPI_20231012,CPI,2023-10-12,08:30:00,2023.10.12 12:30:00,2023.10.12 15:30:00,US500,10,1697114400,2023.10.12 12:40:00,2023.10.12 15:40:00,4396.9700000000003,4397.7200000000003,4396.4700000000003,4397.7200000000003,39,50,0
CPI_20231012,CPI,2023-10-12,08:30:00,2023.10.12 12:30:00,2023.10.12 15:30:00,US500,15,1697114700,2023.10.12 12:45:00,2023.10.12 15:45:00,4397.6000000000004,4398.7200000000003,4397.4700000000003,4398.7200000000003,70,50,0
CPI_20231114,CPI,2023-11-14,08:30:00,2023.11.14 13:30:00,2023.11.14 15:30:00,US30,0,1699968600,2023.11.14 13:30:00,2023.11.14 15:30:00,34371.099999999999,34381.599999999999,34368.099999999999,34377.099999999999,186,170,0
CPI_20231114,CPI,2023-11-14,08:30:00,2023.11.14 13:30:00,2023.11.14 15:30:00,US30,5,1699968900,2023.11.14 13:35:00,2023.11.14 15:35:00,34377.599999999999,34385.599999999999,34377.099999999999,34381.599999999999,169,170,0
CPI_20231114,CPI,2023-11-14,08:30:00,2023.11.14 13:30:00,2023.11.14 15:30:00,US30,10,1699969200,2023.11.14 13:40:00,2023.11.14 15:40:00,34381.099999999999,34386.099999999999,34375.599999999999,34383.099999999999,152,170,0
CPI_20231114,CPI,2023-11-14,08:30:00,2023.11.14 13:30:00,2023.11.14 15:30:00,US30,15,1699969500,2023.11.14 13:45:00,2023.11.14 15:45:00,34383.099999999999,34384.099999999999,34372.599999999999,34374.599999999999,165,170,0
CPI_20231114,CPI,2023-11-14,08:30:00,2023.11.14 13:30:00,2023.11.14 15:30:00,US100,0,1699968600,2023.11.14 13:30:00,2023.11.14 15:30:00,15520.549999999999,15524.299999999999,15517.549999999999,15523.049999999999,176,150,0
CPI_20231114,CPI,2023-11-14,08:30:00,2023.11.14 13:30:00,2023.11.14 15:30:00,US100,5,1699968900,2023.11.14 13:35:00,2023.11.14 15:35:00,15522.799999999999,15526.049999999999,15522.049999999999,15523.299999999999,169,150,0
CPI_20231114,CPI,2023-11-14,08:30:00,2023.11.14 13:30:00,2023.11.14 15:30:00,US100,10,1699969200,2023.11.14 13:40:00,2023.11.14 15:40:00,15523.299999999999,15526.299999999999,15520.049999999999,15526.299999999999,153,150,0
CPI_20231114,CPI,2023-11-14,08:30:00,2023.11.14 13:30:00,2023.11.14 15:30:00,US100,15,1699969500,2023.11.14 13:45:00,2023.11.14 15:45:00,15526.299999999999,15527.299999999999,15522.299999999999,15524.049999999999,168,150,0
CPI_20231114,CPI,2023-11-14,08:30:00,2023.11.14 13:30:00,2023.11.14 15:30:00,US500,0,1699968600,2023.11.14 13:30:00,2023.11.14 15:30:00,4420.0200000000004,4421.0200000000004,4419.2700000000004,4420.5200000000004,50,50,0
CPI_20231114,CPI,2023-11-14,08:30:00,2023.11.14 13:30:00,2023.11.14 15:30:00,US500,5,1699968900,2023.11.14 13:35:00,2023.11.14 15:35:00,4420.5200000000004,4421.5200000000004,4420.5200000000004,4420.7700000000004,42,50,0
CPI_20231114,CPI,2023-11-14,08:30:00,2023.11.14 13:30:00,2023.11.14 15:30:00,US500,10,1699969200,2023.11.14 13:40:00,2023.11.14 15:40:00,4420.7700000000004,4421.2700000000004,4419.7700000000004,4421.0200000000004,33,50,0
CPI_20231114,CPI,2023-11-14,08:30:00,2023.11.14 13:30:00,2023.11.14 15:30:00,US500,15,1699969500,2023.11.14 13:45:00,2023.11.14 15:45:00,4421.0200000000004,4421.2700000000004,4419.7700000000004,4420.2700000000004,54,50,0
CPI_20231212,CPI,2023-12-12,08:30:00,2023.12.12 13:30:00,2023.12.12 15:30:00,US30,0,1702387800,2023.12.12 13:30:00,2023.12.12 15:30:00,36454,36454.300000000003,36448.5,36454.199999999997,87,120,0
CPI_20231212,CPI,2023-12-12,08:30:00,2023.12.12 13:30:00,2023.12.12 15:30:00,US30,5,1702388100,2023.12.12 13:35:00,2023.12.12 15:35:00,36454.800000000003,36455.900000000001,36449.599999999999,36450.400000000001,88,120,0
CPI_20231212,CPI,2023-12-12,08:30:00,2023.12.12 13:30:00,2023.12.12 15:30:00,US30,10,1702388400,2023.12.12 13:40:00,2023.12.12 15:40:00,36450.300000000003,36452.400000000001,36440.400000000001,36440.400000000001,100,120,0
CPI_20231212,CPI,2023-12-12,08:30:00,2023.12.12 13:30:00,2023.12.12 15:30:00,US30,15,1702388700,2023.12.12 13:45:00,2023.12.12 15:45:00,36441,36448.5,36441,36443.900000000001,102,120,0
CPI_20231212,CPI,2023-12-12,08:30:00,2023.12.12 13:30:00,2023.12.12 15:30:00,US100,0,1702387800,2023.12.12 13:30:00,2023.12.12 15:30:00,16241.25,16241.25,16238.1,16239.049999999999,146,140,0
CPI_20231212,CPI,2023-12-12,08:30:00,2023.12.12 13:30:00,2023.12.12 15:30:00,US100,5,1702388100,2023.12.12 13:35:00,2023.12.12 15:35:00,16238.950000000001,16240.049999999999,16237.25,16237.85,115,140,0
CPI_20231212,CPI,2023-12-12,08:30:00,2023.12.12 13:30:00,2023.12.12 15:30:00,US100,10,1702388400,2023.12.12 13:40:00,2023.12.12 15:40:00,16237.4,16239.35,16233.450000000001,16234,125,140,0
CPI_20231212,CPI,2023-12-12,08:30:00,2023.12.12 13:30:00,2023.12.12 15:30:00,US100,15,1702388700,2023.12.12 13:45:00,2023.12.12 15:45:00,16234.6,16239.9,16234.4,16239.200000000001,119,140,0
CPI_20231212,CPI,2023-12-12,08:30:00,2023.12.12 13:30:00,2023.12.12 15:30:00,US500,0,1702387800,2023.12.12 13:30:00,2023.12.12 15:30:00,4633.5699999999997,4633.6199999999999,4632.8199999999997,4633.3199999999997,42,50,0
CPI_20231212,CPI,2023-12-12,08:30:00,2023.12.12 13:30:00,2023.12.12 15:30:00,US500,5,1702388100,2023.12.12 13:35:00,2023.12.12 15:35:00,4633.3199999999997,4633.5699999999997,4632.8199999999997,4633.0699999999997,37,50,0
CPI_20231212,CPI,2023-12-12,08:30:00,2023.12.12 13:30:00,2023.12.12 15:30:00,US500,10,1702388400,2023.12.12 13:40:00,2023.12.12 15:40:00,4632.8199999999997,4633.3199999999997,4631.8199999999997,4631.8199999999997,28,50,0
CPI_20231212,CPI,2023-12-12,08:30:00,2023.12.12 13:30:00,2023.12.12 15:30:00,US500,15,1702388700,2023.12.12 13:45:00,2023.12.12 15:45:00,4631.8199999999997,4632.8199999999997,4631.8199999999997,4632.8199999999997,22,50,0
CPI_20240111,CPI,2024-01-11,08:30:00,2024.01.11 13:30:00,2024.01.11 15:30:00,US30,0,1704979800,2024.01.11 13:30:00,2024.01.11 15:30:00,37699.599999999999,37709.699999999997,37696.699999999997,37707.400000000001,144,120,0
CPI_20240111,CPI,2024-01-11,08:30:00,2024.01.11 13:30:00,2024.01.11 15:30:00,US30,5,1704980100,2024.01.11 13:35:00,2024.01.11 15:35:00,37707.199999999997,37709.400000000001,37703.599999999999,37706.599999999999,134,120,0
CPI_20240111,CPI,2024-01-11,08:30:00,2024.01.11 13:30:00,2024.01.11 15:30:00,US30,10,1704980400,2024.01.11 13:40:00,2024.01.11 15:40:00,37707,37708.5,37699.900000000001,37700.800000000003,122,120,0
CPI_20240111,CPI,2024-01-11,08:30:00,2024.01.11 13:30:00,2024.01.11 15:30:00,US30,15,1704980700,2024.01.11 13:45:00,2024.01.11 15:45:00,37700.400000000001,37705.699999999997,37682.599999999999,37685.599999999999,126,120,0
CPI_20240111,CPI,2024-01-11,08:30:00,2024.01.11 13:30:00,2024.01.11 15:30:00,US100,0,1704979800,2024.01.11 13:30:00,2024.01.11 15:30:00,16845.299999999999,16848.900000000001,16844.950000000001,16847,178,140,0
CPI_20240111,CPI,2024-01-11,08:30:00,2024.01.11 13:30:00,2024.01.11 15:30:00,US100,5,1704980100,2024.01.11 13:35:00,2024.01.11 15:35:00,16846.900000000001,16846.900000000001,16842,16843.700000000001,148,140,0
CPI_20240111,CPI,2024-01-11,08:30:00,2024.01.11 13:30:00,2024.01.11 15:30:00,US100,10,1704980400,2024.01.11 13:40:00,2024.01.11 15:40:00,16843.400000000001,16848.599999999999,16837.349999999999,16837.650000000001,194,140,0
CPI_20240111,CPI,2024-01-11,08:30:00,2024.01.11 13:30:00,2024.01.11 15:30:00,US100,15,1704980700,2024.01.11 13:45:00,2024.01.11 15:45:00,16837.799999999999,16840.400000000001,16832.099999999999,16835.650000000001,210,140,0
CPI_20240111,CPI,2024-01-11,08:30:00,2024.01.11 13:30:00,2024.01.11 15:30:00,US500,0,1704979800,2024.01.11 13:30:00,2024.01.11 15:30:00,4791.7700000000004,4792.7700000000004,4791.7700000000004,4792.5200000000004,52,50,0
CPI_20240111,CPI,2024-01-11,08:30:00,2024.01.11 13:30:00,2024.01.11 15:30:00,US500,5,1704980100,2024.01.11 13:35:00,2024.01.11 15:35:00,4792.5200000000004,4792.7700000000004,4791.7700000000004,4792.2700000000004,50,50,0
CPI_20240111,CPI,2024-01-11,08:30:00,2024.01.11 13:30:00,2024.01.11 15:30:00,US500,10,1704980400,2024.01.11 13:40:00,2024.01.11 15:40:00,4792.3999999999996,4792.7700000000004,4791.0200000000004,4791.2700000000004,67,50,0
CPI_20240111,CPI,2024-01-11,08:30:00,2024.01.11 13:30:00,2024.01.11 15:30:00,US500,15,1704980700,2024.01.11 13:45:00,2024.01.11 15:45:00,4791.2700000000004,4791.7700000000004,4789.7700000000004,4790.5200000000004,44,50,0
CPI_20240213,CPI,2024-02-13,08:30:00,2024.02.13 13:30:00,2024.02.13 15:30:00,US30,0,1707831000,2024.02.13 13:30:00,2024.02.13 15:30:00,38751.300000000003,38753.199999999997,38746.099999999999,38748.599999999999,120,120,0
CPI_20240213,CPI,2024-02-13,08:30:00,2024.02.13 13:30:00,2024.02.13 15:30:00,US30,5,1707831300,2024.02.13 13:35:00,2024.02.13 15:35:00,38748.400000000001,38759.099999999999,38748.400000000001,38756.599999999999,110,120,0
CPI_20240213,CPI,2024-02-13,08:30:00,2024.02.13 13:30:00,2024.02.13 15:30:00,US30,10,1707831600,2024.02.13 13:40:00,2024.02.13 15:40:00,38756.400000000001,38756.400000000001,38746.800000000003,38747,94,120,0
CPI_20240213,CPI,2024-02-13,08:30:00,2024.02.13 13:30:00,2024.02.13 15:30:00,US30,15,1707831900,2024.02.13 13:45:00,2024.02.13 15:45:00,38747.099999999999,38752.699999999997,38746.599999999999,38750.5,129,120,0
CPI_20240213,CPI,2024-02-13,08:30:00,2024.02.13 13:30:00,2024.02.13 15:30:00,US100,0,1707831000,2024.02.13 13:30:00,2024.02.13 15:30:00,17777.650000000001,17777.75,17770.349999999999,17771.400000000001,218,140,0
CPI_20240213,CPI,2024-02-13,08:30:00,2024.02.13 13:30:00,2024.02.13 15:30:00,US100,5,1707831300,2024.02.13 13:35:00,2024.02.13 15:35:00,17771.299999999999,17773.799999999999,17768.950000000001,17771.799999999999,203,140,0
CPI_20240213,CPI,2024-02-13,08:30:00,2024.02.13 13:30:00,2024.02.13 15:30:00,US100,10,1707831600,2024.02.13 13:40:00,2024.02.13 15:40:00,17771.75,17772.900000000001,17768.400000000001,17768.400000000001,175,140,0
CPI_20240213,CPI,2024-02-13,08:30:00,2024.02.13 13:30:00,2024.02.13 15:30:00,US100,15,1707831900,2024.02.13 13:45:00,2024.02.13 15:45:00,17768.400000000001,17770.099999999999,17759.950000000001,17769.849999999999,293,140,0
CPI_20240213,CPI,2024-02-13,08:30:00,2024.02.13 13:30:00,2024.02.13 15:30:00,US500,0,1707831000,2024.02.13 13:30:00,2024.02.13 15:30:00,5004.8900000000003,5004.8900000000003,5003.7399999999998,5003.8900000000003,74,46,0
CPI_20240213,CPI,2024-02-13,08:30:00,2024.02.13 13:30:00,2024.02.13 15:30:00,US500,5,1707831300,2024.02.13 13:35:00,2024.02.13 15:35:00,5003.79,5004.29,5003.5900000000001,5004.1899999999996,70,46,0
CPI_20240213,CPI,2024-02-13,08:30:00,2024.02.13 13:30:00,2024.02.13 15:30:00,US500,10,1707831600,2024.02.13 13:40:00,2024.02.13 15:40:00,5004.1400000000003,5004.2399999999998,5003.6400000000003,5003.79,49,41,0
CPI_20240213,CPI,2024-02-13,08:30:00,2024.02.13 13:30:00,2024.02.13 15:30:00,US500,15,1707831900,2024.02.13 13:45:00,2024.02.13 15:45:00,5003.9399999999996,5004.1400000000003,5002.6400000000003,5003.79,84,46,0
CPI_20240312,CPI,2024-03-12,08:30:00,2024.03.12 12:30:00,2024.03.12 14:30:00,US30,0,1710246600,2024.03.12 12:30:00,2024.03.12 14:30:00,38763,38769.300000000003,38757.699999999997,38766.699999999997,121,120,0
CPI_20240312,CPI,2024-03-12,08:30:00,2024.03.12 12:30:00,2024.03.12 14:30:00,US30,5,1710246900,2024.03.12 12:35:00,2024.03.12 14:35:00,38766.900000000001,38767.300000000003,38760.099999999999,38764,117,120,0
CPI_20240312,CPI,2024-03-12,08:30:00,2024.03.12 12:30:00,2024.03.12 14:30:00,US30,10,1710247200,2024.03.12 12:40:00,2024.03.12 14:40:00,38763.800000000003,38767.800000000003,38756.599999999999,38756.599999999999,141,120,0
CPI_20240312,CPI,2024-03-12,08:30:00,2024.03.12 12:30:00,2024.03.12 14:30:00,US30,15,1710247500,2024.03.12 12:45:00,2024.03.12 14:45:00,38756.699999999997,38766.300000000003,38756.099999999999,38757.300000000003,130,120,0
CPI_20240312,CPI,2024-03-12,08:30:00,2024.03.12 12:30:00,2024.03.12 14:30:00,US100,0,1710246600,2024.03.12 12:30:00,2024.03.12 14:30:00,18029.5,18033.650000000001,18025.900000000001,18033.049999999999,233,140,0
CPI_20240312,CPI,2024-03-12,08:30:00,2024.03.12 12:30:00,2024.03.12 14:30:00,US100,5,1710246900,2024.03.12 12:35:00,2024.03.12 14:35:00,18032.849999999999,18033.450000000001,18028.049999999999,18030.400000000001,211,135,0
CPI_20240312,CPI,2024-03-12,08:30:00,2024.03.12 12:30:00,2024.03.12 14:30:00,US100,10,1710247200,2024.03.12 12:40:00,2024.03.12 14:40:00,18030.299999999999,18033.099999999999,18019.299999999999,18019.849999999999,273,140,0
CPI_20240312,CPI,2024-03-12,08:30:00,2024.03.12 12:30:00,2024.03.12 14:30:00,US100,15,1710247500,2024.03.12 12:45:00,2024.03.12 14:45:00,18019.75,18028.200000000001,18019.75,18027.799999999999,291,68,0
CPI_20240312,CPI,2024-03-12,08:30:00,2024.03.12 12:30:00,2024.03.12 14:30:00,US500,0,1710246600,2024.03.12 12:30:00,2024.03.12 14:30:00,5131.1400000000003,5132.3400000000001,5130.6400000000003,5132.1899999999996,75,41,0
CPI_20240312,CPI,2024-03-12,08:30:00,2024.03.12 12:30:00,2024.03.12 14:30:00,US500,5,1710246900,2024.03.12 12:35:00,2024.03.12 14:35:00,5132.2399999999998,5132.29,5131.1400000000003,5131.6899999999996,80,41,0
CPI_20240312,CPI,2024-03-12,08:30:00,2024.03.12 12:30:00,2024.03.12 14:30:00,US500,10,1710247200,2024.03.12 12:40:00,2024.03.12 14:40:00,5131.5900000000001,5132.2399999999998,5129.8400000000001,5129.8900000000003,115,46,0
CPI_20240312,CPI,2024-03-12,08:30:00,2024.03.12 12:30:00,2024.03.12 14:30:00,US500,15,1710247500,2024.03.12 12:45:00,2024.03.12 14:45:00,5129.8900000000003,5131.5900000000001,5129.8900000000003,5130.9899999999998,89,46,0
CPI_20240410,CPI,2024-04-10,08:30:00,2024.04.10 12:30:00,2024.04.10 15:30:00,US30,0,1712752200,2024.04.10 12:30:00,2024.04.10 15:30:00,38925.900000000001,38926.300000000003,38918.099999999999,38922.900000000001,165,120,0
CPI_20240410,CPI,2024-04-10,08:30:00,2024.04.10 12:30:00,2024.04.10 15:30:00,US30,5,1712752500,2024.04.10 12:35:00,2024.04.10 15:35:00,38922,38922,38904.699999999997,38909,216,120,0
CPI_20240410,CPI,2024-04-10,08:30:00,2024.04.10 12:30:00,2024.04.10 15:30:00,US30,10,1712752800,2024.04.10 12:40:00,2024.04.10 15:40:00,38907.5,38916.199999999997,38906.099999999999,38914.300000000003,150,120,0
CPI_20240410,CPI,2024-04-10,08:30:00,2024.04.10 12:30:00,2024.04.10 15:30:00,US30,15,1712753100,2024.04.10 12:45:00,2024.04.10 15:45:00,38913.699999999997,38924.199999999997,38913.400000000001,38924.099999999999,130,120,0
CPI_20240410,CPI,2024-04-10,08:30:00,2024.04.10 12:30:00,2024.04.10 15:30:00,US100,0,1712752200,2024.04.10 12:30:00,2024.04.10 15:30:00,18189,18190.099999999999,18183,18187.650000000001,251,140,0
CPI_20240410,CPI,2024-04-10,08:30:00,2024.04.10 12:30:00,2024.04.10 15:30:00,US100,5,1712752500,2024.04.10 12:35:00,2024.04.10 15:35:00,18187.349999999999,18187.349999999999,18174.5,18174.700000000001,291,140,0
CPI_20240410,CPI,2024-04-10,08:30:00,2024.04.10 12:30:00,2024.04.10 15:30:00,US100,10,1712752800,2024.04.10 12:40:00,2024.04.10 15:40:00,18174.700000000001,18178.700000000001,18173.200000000001,18173.400000000001,226,135,0
CPI_20240410,CPI,2024-04-10,08:30:00,2024.04.10 12:30:00,2024.04.10 15:30:00,US100,15,1712753100,2024.04.10 12:45:00,2024.04.10 15:45:00,18173.049999999999,18175.849999999999,18170.849999999999,18173.349999999999,253,140,0
CPI_20240410,CPI,2024-04-10,08:30:00,2024.04.10 12:30:00,2024.04.10 15:30:00,US500,0,1712752200,2024.04.10 12:30:00,2024.04.10 15:30:00,5215.5900000000001,5215.6400000000003,5214.6400000000003,5215.1400000000003,78,46,0
CPI_20240410,CPI,2024-04-10,08:30:00,2024.04.10 12:30:00,2024.04.10 15:30:00,US500,5,1712752500,2024.04.10 12:35:00,2024.04.10 15:35:00,5215.04,5215.04,5212.5900000000001,5212.6899999999996,104,31,0
CPI_20240410,CPI,2024-04-10,08:30:00,2024.04.10 12:30:00,2024.04.10 15:30:00,US500,10,1712752800,2024.04.10 12:40:00,2024.04.10 15:40:00,5212.6400000000003,5213.54,5212.54,5212.9899999999998,81,46,0
CPI_20240410,CPI,2024-04-10,08:30:00,2024.04.10 12:30:00,2024.04.10 15:30:00,US500,15,1712753100,2024.04.10 12:45:00,2024.04.10 15:45:00,5212.8900000000003,5213.4899999999998,5212.8400000000001,5213.4399999999996,76,46,0
CPI_20240515,CPI,2024-05-15,08:30:00,2024.05.15 12:30:00,2024.05.15 15:30:00,US30,0,1715776200,2024.05.15 12:30:00,2024.05.15 15:30:00,39561.300000000003,39562.5,39557.900000000001,39559.300000000003,98,120,0
CPI_20240515,CPI,2024-05-15,08:30:00,2024.05.15 12:30:00,2024.05.15 15:30:00,US30,5,1715776500,2024.05.15 12:35:00,2024.05.15 15:35:00,39559,39560.099999999999,39555.400000000001,39558.5,100,120,0
CPI_20240515,CPI,2024-05-15,08:30:00,2024.05.15 12:30:00,2024.05.15 15:30:00,US30,10,1715776800,2024.05.15 12:40:00,2024.05.15 15:40:00,39559.199999999997,39568.099999999999,39559.199999999997,39568,85,120,0
CPI_20240515,CPI,2024-05-15,08:30:00,2024.05.15 12:30:00,2024.05.15 15:30:00,US30,15,1715777100,2024.05.15 12:45:00,2024.05.15 15:45:00,39567.699999999997,39574.199999999997,39565.900000000001,39572.900000000001,82,120,0
CPI_20240515,CPI,2024-05-15,08:30:00,2024.05.15 12:30:00,2024.05.15 15:30:00,US100,0,1715776200,2024.05.15 12:30:00,2024.05.15 15:30:00,18307.099999999999,18310.900000000001,18306.25,18308.400000000001,163,140,0
CPI_20240515,CPI,2024-05-15,08:30:00,2024.05.15 12:30:00,2024.05.15 15:30:00,US100,5,1715776500,2024.05.15 12:35:00,2024.05.15 15:35:00,18308.349999999999,18311.599999999999,18307.450000000001,18311.549999999999,152,140,0
CPI_20240515,CPI,2024-05-15,08:30:00,2024.05.15 12:30:00,2024.05.15 15:30:00,US100,10,1715776800,2024.05.15 12:40:00,2024.05.15 15:40:00,18311.5,18316,18310.549999999999,18315.599999999999,149,140,0
CPI_20240515,CPI,2024-05-15,08:30:00,2024.05.15 12:30:00,2024.05.15 15:30:00,US100,15,1715777100,2024.05.15 12:45:00,2024.05.15 15:45:00,18315.599999999999,18316.799999999999,18313.049999999999,18313.5,155,140,0
CPI_20240515,CPI,2024-05-15,08:30:00,2024.05.15 12:30:00,2024.05.15 15:30:00,US500,0,1715776200,2024.05.15 12:30:00,2024.05.15 15:30:00,5250.8199999999997,5251.3199999999997,5250.5699999999997,5250.8199999999997,63,50,0
CPI_20240515,CPI,2024-05-15,08:30:00,2024.05.15 12:30:00,2024.05.15 15:30:00,US500,5,1715776500,2024.05.15 12:35:00,2024.05.15 15:35:00,5250.8199999999997,5251.3199999999997,5250.5699999999997,5251.3199999999997,42,50,0
CPI_20240515,CPI,2024-05-15,08:30:00,2024.05.15 12:30:00,2024.05.15 15:30:00,US500,10,1715776800,2024.05.15 12:40:00,2024.05.15 15:40:00,5251.3199999999997,5252.3199999999997,5251.0699999999997,5252.0699999999997,34,50,0
CPI_20240515,CPI,2024-05-15,08:30:00,2024.05.15 12:30:00,2024.05.15 15:30:00,US500,15,1715777100,2024.05.15 12:45:00,2024.05.15 15:45:00,5252.0699999999997,5252.3199999999997,5251.8199999999997,5251.8199999999997,41,50,0
CPI_20240612,CPI,2024-06-12,08:30:00,2024.06.12 12:30:00,2024.06.12 15:30:00,US30,0,1718195400,2024.06.12 12:30:00,2024.06.12 15:30:00,38783.610000000001,38785.860000000001,38777.360000000001,38783.360000000001,272,110,0
CPI_20240612,CPI,2024-06-12,08:30:00,2024.06.12 12:30:00,2024.06.12 15:30:00,US30,5,1718195700,2024.06.12 12:35:00,2024.06.12 15:35:00,38783.610000000001,38794.110000000001,38782.360000000001,38791.360000000001,241,110,0
CPI_20240612,CPI,2024-06-12,08:30:00,2024.06.12 12:30:00,2024.06.12 15:30:00,US30,10,1718196000,2024.06.12 12:40:00,2024.06.12 15:40:00,38791.360000000001,38794.360000000001,38788.110000000001,38790.360000000001,266,110,0
CPI_20240612,CPI,2024-06-12,08:30:00,2024.06.12 12:30:00,2024.06.12 15:30:00,US30,15,1718196300,2024.06.12 12:45:00,2024.06.12 15:45:00,38790.360000000001,38803.360000000001,38788.860000000001,38803.360000000001,205,110,0
CPI_20240612,CPI,2024-06-12,08:30:00,2024.06.12 12:30:00,2024.06.12 15:30:00,US100,0,1718195400,2024.06.12 12:30:00,2024.06.12 15:30:00,19248.25,19248.369999999999,19243.619999999999,19245.25,600,125,0
CPI_20240612,CPI,2024-06-12,08:30:00,2024.06.12 12:30:00,2024.06.12 15:30:00,US100,5,1718195700,2024.06.12 12:35:00,2024.06.12 15:35:00,19245.25,19252,19244.5,19251.5,461,125,0
CPI_20240612,CPI,2024-06-12,08:30:00,2024.06.12 12:30:00,2024.06.12 15:30:00,US100,10,1718196000,2024.06.12 12:40:00,2024.06.12 15:40:00,19251.5,19251.619999999999,19245.869999999999,19247.369999999999,504,125,0
CPI_20240612,CPI,2024-06-12,08:30:00,2024.06.12 12:30:00,2024.06.12 15:30:00,US100,15,1718196300,2024.06.12 12:45:00,2024.06.12 15:45:00,19247.25,19253.75,19246.25,19251.369999999999,449,125,0
CPI_20240612,CPI,2024-06-12,08:30:00,2024.06.12 12:30:00,2024.06.12 15:30:00,US500,0,1718195400,2024.06.12 12:30:00,2024.06.12 15:30:00,5384.54,5384.79,5383.29,5384.04,102,44,0
CPI_20240612,CPI,2024-06-12,08:30:00,2024.06.12 12:30:00,2024.06.12 15:30:00,US500,5,1718195700,2024.06.12 12:35:00,2024.06.12 15:35:00,5384.04,5385.79,5383.79,5385.54,43,44,0
CPI_20240612,CPI,2024-06-12,08:30:00,2024.06.12 12:30:00,2024.06.12 15:30:00,US500,10,1718196000,2024.06.12 12:40:00,2024.06.12 15:40:00,5385.54,5385.6599999999999,5384.79,5385.04,39,44,0
CPI_20240612,CPI,2024-06-12,08:30:00,2024.06.12 12:30:00,2024.06.12 15:30:00,US500,15,1718196300,2024.06.12 12:45:00,2024.06.12 15:45:00,5385.04,5386.79,5385.04,5386.54,34,44,0
CPI_20240711,CPI,2024-07-11,08:30:00,2024.07.11 12:30:00,2024.07.11 15:30:00,US30,0,1720701000,2024.07.11 12:30:00,2024.07.11 15:30:00,39707.089999999997,39707.589999999997,39695.839999999997,39698.589999999997,155,110,0
CPI_20240711,CPI,2024-07-11,08:30:00,2024.07.11 12:30:00,2024.07.11 15:30:00,US30,5,1720701300,2024.07.11 12:35:00,2024.07.11 15:35:00,39698.589999999997,39702.589999999997,39694.839999999997,39699.089999999997,140,110,0
CPI_20240711,CPI,2024-07-11,08:30:00,2024.07.11 12:30:00,2024.07.11 15:30:00,US30,10,1720701600,2024.07.11 12:40:00,2024.07.11 15:40:00,39699.089999999997,39706.089999999997,39698.839999999997,39703.589999999997,136,110,0
CPI_20240711,CPI,2024-07-11,08:30:00,2024.07.11 12:30:00,2024.07.11 15:30:00,US30,15,1720701900,2024.07.11 12:45:00,2024.07.11 15:45:00,39703.089999999997,39708.089999999997,39702.589999999997,39705.589999999997,106,110,0
CPI_20240711,CPI,2024-07-11,08:30:00,2024.07.11 12:30:00,2024.07.11 15:30:00,US100,0,1720701000,2024.07.11 12:30:00,2024.07.11 15:30:00,20666.18,20669.049999999999,20662.299999999999,20665.93,375,125,0
CPI_20240711,CPI,2024-07-11,08:30:00,2024.07.11 12:30:00,2024.07.11 15:30:00,US100,5,1720701300,2024.07.11 12:35:00,2024.07.11 15:35:00,20665.93,20669.18,20664.18,20668.93,286,125,0
CPI_20240711,CPI,2024-07-11,08:30:00,2024.07.11 12:30:00,2024.07.11 15:30:00,US100,10,1720701600,2024.07.11 12:40:00,2024.07.11 15:40:00,20668.93,20671.18,20668.43,20670.68,220,125,0
CPI_20240711,CPI,2024-07-11,08:30:00,2024.07.11 12:30:00,2024.07.11 15:30:00,US100,15,1720701900,2024.07.11 12:45:00,2024.07.11 15:45:00,20670.68,20674.43,20670.43,20673.93,282,125,0
CPI_20240711,CPI,2024-07-11,08:30:00,2024.07.11 12:30:00,2024.07.11 15:30:00,US500,0,1720701000,2024.07.11 12:30:00,2024.07.11 15:30:00,5630.6000000000004,5630.8500000000004,5629.3500000000004,5629.8500000000004,24,44,0
CPI_20240711,CPI,2024-07-11,08:30:00,2024.07.11 12:30:00,2024.07.11 15:30:00,US500,5,1720701300,2024.07.11 12:35:00,2024.07.11 15:35:00,5629.8500000000004,5630.3500000000004,5629.6000000000004,5630.3500000000004,17,44,0
CPI_20240711,CPI,2024-07-11,08:30:00,2024.07.11 12:30:00,2024.07.11 15:30:00,US500,10,1720701600,2024.07.11 12:40:00,2024.07.11 15:40:00,5630.3500000000004,5630.8500000000004,5630.3500000000004,5630.6000000000004,21,44,0
CPI_20240711,CPI,2024-07-11,08:30:00,2024.07.11 12:30:00,2024.07.11 15:30:00,US500,15,1720701900,2024.07.11 12:45:00,2024.07.11 15:45:00,5630.6000000000004,5631.1000000000004,5630.6000000000004,5631.1000000000004,11,44,0
CPI_20240814,CPI,2024-08-14,08:30:00,2024.08.14 12:30:00,2024.08.14 15:30:00,US30,0,1723638600,2024.08.14 12:30:00,2024.08.14 15:30:00,39815.940000000002,39818.440000000002,39810.690000000002,39813.690000000002,106,110,0
CPI_20240814,CPI,2024-08-14,08:30:00,2024.08.14 12:30:00,2024.08.14 15:30:00,US30,5,1723638900,2024.08.14 12:35:00,2024.08.14 15:35:00,39814.690000000002,39816.690000000002,39808.940000000002,39808.940000000002,113,110,0
CPI_20240814,CPI,2024-08-14,08:30:00,2024.08.14 12:30:00,2024.08.14 15:30:00,US30,10,1723639200,2024.08.14 12:40:00,2024.08.14 15:40:00,39809.690000000002,39815.690000000002,39799.690000000002,39799.690000000002,157,110,0
CPI_20240814,CPI,2024-08-14,08:30:00,2024.08.14 12:30:00,2024.08.14 15:30:00,US30,15,1723639500,2024.08.14 12:45:00,2024.08.14 15:45:00,39799.690000000002,39803.690000000002,39792.690000000002,39796.690000000002,176,110,0
CPI_20240814,CPI,2024-08-14,08:30:00,2024.08.14 12:30:00,2024.08.14 15:30:00,US100,0,1723638600,2024.08.14 12:30:00,2024.08.14 15:30:00,18983.810000000001,18989.560000000001,18983.560000000001,18986.939999999999,423,125,0
CPI_20240814,CPI,2024-08-14,08:30:00,2024.08.14 12:30:00,2024.08.14 15:30:00,US100,5,1723638900,2024.08.14 12:35:00,2024.08.14 15:35:00,18987.060000000001,18991.439999999999,18985.810000000001,18988.689999999999,389,125,0
CPI_20240814,CPI,2024-08-14,08:30:00,2024.08.14 12:30:00,2024.08.14 15:30:00,US100,10,1723639200,2024.08.14 12:40:00,2024.08.14 15:40:00,18988.689999999999,18993.939999999999,18987.189999999999,18991.810000000001,462,125,0
CPI_20240814,CPI,2024-08-14,08:30:00,2024.08.14 12:30:00,2024.08.14 15:30:00,US100,15,1723639500,2024.08.14 12:45:00,2024.08.14 15:45:00,18991.810000000001,18992.189999999999,18985.939999999999,18988.810000000001,523,125,0
CPI_20240814,CPI,2024-08-14,08:30:00,2024.08.14 12:30:00,2024.08.14 15:30:00,US500,0,1723638600,2024.08.14 12:30:00,2024.08.14 15:30:00,5434.6599999999999,5435.6599999999999,5434.6599999999999,5435.1599999999999,43,44,0
CPI_20240814,CPI,2024-08-14,08:30:00,2024.08.14 12:30:00,2024.08.14 15:30:00,US500,5,1723638900,2024.08.14 12:35:00,2024.08.14 15:35:00,5435.1599999999999,5435.9099999999999,5434.9099999999999,5434.9099999999999,26,44,0
CPI_20240814,CPI,2024-08-14,08:30:00,2024.08.14 12:30:00,2024.08.14 15:30:00,US500,10,1723639200,2024.08.14 12:40:00,2024.08.14 15:40:00,5434.9099999999999,5436.1599999999999,5434.9099999999999,5435.4099999999999,65,44,0
CPI_20240814,CPI,2024-08-14,08:30:00,2024.08.14 12:30:00,2024.08.14 15:30:00,US500,15,1723639500,2024.08.14 12:45:00,2024.08.14 15:45:00,5435.4099999999999,5435.4099999999999,5434.4099999999999,5434.6599999999999,35,44,0
CPI_20240911,CPI,2024-09-11,08:30:00,2024.09.11 12:30:00,2024.09.11 15:30:00,US30,0,1726057800,2024.09.11 12:30:00,2024.09.11 15:30:00,40563.709999999999,40594.459999999999,40562.709999999999,40590.209999999999,435,110,0
CPI_20240911,CPI,2024-09-11,08:30:00,2024.09.11 12:30:00,2024.09.11 15:30:00,US30,5,1726058100,2024.09.11 12:35:00,2024.09.11 15:35:00,40590.209999999999,40601.709999999999,40590.209999999999,40592.209999999999,360,110,0
CPI_20240911,CPI,2024-09-11,08:30:00,2024.09.11 12:30:00,2024.09.11 15:30:00,US30,10,1726058400,2024.09.11 12:40:00,2024.09.11 15:40:00,40592.209999999999,40597.459999999999,40583.209999999999,40587.209999999999,393,110,0
CPI_20240911,CPI,2024-09-11,08:30:00,2024.09.11 12:30:00,2024.09.11 15:30:00,US30,15,1726058700,2024.09.11 12:45:00,2024.09.11 15:45:00,40587.209999999999,40598.209999999999,40574.709999999999,40592.709999999999,379,110,0
CPI_20240911,CPI,2024-09-11,08:30:00,2024.09.11 12:30:00,2024.09.11 15:30:00,US100,0,1726057800,2024.09.11 12:30:00,2024.09.11 15:30:00,18760.59,18775.09,18759.459999999999,18769.709999999999,742,125,0
CPI_20240911,CPI,2024-09-11,08:30:00,2024.09.11 12:30:00,2024.09.11 15:30:00,US100,5,1726058100,2024.09.11 12:35:00,2024.09.11 15:35:00,18769.84,18775.209999999999,18769.84,18770.209999999999,711,125,0
CPI_20240911,CPI,2024-09-11,08:30:00,2024.09.11 12:30:00,2024.09.11 15:30:00,US100,10,1726058400,2024.09.11 12:40:00,2024.09.11 15:40:00,18770.34,18773.34,18761.459999999999,18764.959999999999,757,125,0
CPI_20240911,CPI,2024-09-11,08:30:00,2024.09.11 12:30:00,2024.09.11 15:30:00,US100,15,1726058700,2024.09.11 12:45:00,2024.09.11 15:45:00,18764.459999999999,18773.709999999999,18754.34,18769.84,755,125,0
CPI_20240911,CPI,2024-09-11,08:30:00,2024.09.11 12:30:00,2024.09.11 15:30:00,US500,0,1726057800,2024.09.11 12:30:00,2024.09.11 15:30:00,5476.25,5480.25,5476,5479.5,119,44,0
CPI_20240911,CPI,2024-09-11,08:30:00,2024.09.11 12:30:00,2024.09.11 15:30:00,US500,5,1726058100,2024.09.11 12:35:00,2024.09.11 15:35:00,5479.5,5481,5479.5,5479.75,92,44,0
CPI_20240911,CPI,2024-09-11,08:30:00,2024.09.11 12:30:00,2024.09.11 15:30:00,US500,10,1726058400,2024.09.11 12:40:00,2024.09.11 15:40:00,5479.75,5480.5,5478.25,5478.75,138,44,0
CPI_20240911,CPI,2024-09-11,08:30:00,2024.09.11 12:30:00,2024.09.11 15:30:00,US500,15,1726058700,2024.09.11 12:45:00,2024.09.11 15:45:00,5478.75,5480.5,5476.5,5479.75,156,44,0
CPI_20241010,CPI,2024-10-10,08:30:00,2024.10.10 12:30:00,2024.10.10 15:30:00,US30,0,1728563400,2024.10.10 12:30:00,2024.10.10 15:30:00,42472.830000000002,42482.830000000002,42470.330000000002,42481.080000000002,234,140,0
CPI_20241010,CPI,2024-10-10,08:30:00,2024.10.10 12:30:00,2024.10.10 15:30:00,US30,5,1728563700,2024.10.10 12:35:00,2024.10.10 15:35:00,42481.080000000002,42485.080000000002,42478.830000000002,42483.830000000002,152,140,0
CPI_20241010,CPI,2024-10-10,08:30:00,2024.10.10 12:30:00,2024.10.10 15:30:00,US30,10,1728564000,2024.10.10 12:40:00,2024.10.10 15:40:00,42483.830000000002,42489.330000000002,42474.830000000002,42475.830000000002,138,140,0
CPI_20241010,CPI,2024-10-10,08:30:00,2024.10.10 12:30:00,2024.10.10 15:30:00,US30,15,1728564300,2024.10.10 12:45:00,2024.10.10 15:45:00,42475.580000000002,42477.830000000002,42472.330000000002,42473.830000000002,173,140,0
CPI_20241010,CPI,2024-10-10,08:30:00,2024.10.10 12:30:00,2024.10.10 15:30:00,US100,0,1728563400,2024.10.10 12:30:00,2024.10.10 15:30:00,20237.27,20253.02,20236.639999999999,20249.889999999999,608,140,0
CPI_20241010,CPI,2024-10-10,08:30:00,2024.10.10 12:30:00,2024.10.10 15:30:00,US100,5,1728563700,2024.10.10 12:35:00,2024.10.10 15:35:00,20249.889999999999,20252.52,20243.27,20245.77,522,140,0
CPI_20241010,CPI,2024-10-10,08:30:00,2024.10.10 12:30:00,2024.10.10 15:30:00,US100,10,1728564000,2024.10.10 12:40:00,2024.10.10 15:40:00,20246.389999999999,20250.77,20240.27,20240.639999999999,412,140,0
CPI_20241010,CPI,2024-10-10,08:30:00,2024.10.10 12:30:00,2024.10.10 15:30:00,US100,15,1728564300,2024.10.10 12:45:00,2024.10.10 15:45:00,20240.52,20241.77,20236.389999999999,20236.389999999999,363,140,0
CPI_20241010,CPI,2024-10-10,08:30:00,2024.10.10 12:30:00,2024.10.10 15:30:00,US500,0,1728563400,2024.10.10 12:30:00,2024.10.10 15:30:00,5783.3999999999996,5786.1499999999996,5783.3999999999996,5785.6499999999996,98,50,0
CPI_20241010,CPI,2024-10-10,08:30:00,2024.10.10 12:30:00,2024.10.10 15:30:00,US500,5,1728563700,2024.10.10 12:35:00,2024.10.10 15:35:00,5785.6499999999996,5786.1499999999996,5784.6499999999996,5785.1499999999996,62,50,0
CPI_20241010,CPI,2024-10-10,08:30:00,2024.10.10 12:30:00,2024.10.10 15:30:00,US500,10,1728564000,2024.10.10 12:40:00,2024.10.10 15:40:00,5785.1499999999996,5785.8999999999996,5783.6499999999996,5783.6499999999996,63,50,0
CPI_20241010,CPI,2024-10-10,08:30:00,2024.10.10 12:30:00,2024.10.10 15:30:00,US500,15,1728564300,2024.10.10 12:45:00,2024.10.10 15:45:00,5783.6499999999996,5784.0200000000004,5783.1499999999996,5783.1499999999996,37,50,0
CPI_20241113,CPI,2024-11-13,08:30:00,2024.11.13 13:30:00,2024.11.13 15:30:00,US30,0,1731504600,2024.11.13 13:30:00,2024.11.13 15:30:00,43868.07,43873.07,43860.07,43861.07,165,140,0
CPI_20241113,CPI,2024-11-13,08:30:00,2024.11.13 13:30:00,2024.11.13 15:30:00,US30,5,1731504900,2024.11.13 13:35:00,2024.11.13 15:35:00,43860.07,43864.07,43851.07,43857.07,182,140,0
CPI_20241113,CPI,2024-11-13,08:30:00,2024.11.13 13:30:00,2024.11.13 15:30:00,US30,10,1731505200,2024.11.13 13:40:00,2024.11.13 15:40:00,43857.32,43858.07,43839.07,43840.82,234,140,0
CPI_20241113,CPI,2024-11-13,08:30:00,2024.11.13 13:30:00,2024.11.13 15:30:00,US30,15,1731505500,2024.11.13 13:45:00,2024.11.13 15:45:00,43840.82,43853.07,43840.07,43844.07,235,140,0
CPI_20241113,CPI,2024-11-13,08:30:00,2024.11.13 13:30:00,2024.11.13 15:30:00,US100,0,1731504600,2024.11.13 13:30:00,2024.11.13 15:30:00,21056.419999999998,21057.419999999998,21048.790000000001,21049.790000000001,597,140,0
CPI_20241113,CPI,2024-11-13,08:30:00,2024.11.13 13:30:00,2024.11.13 15:30:00,US100,5,1731504900,2024.11.13 13:35:00,2024.11.13 15:35:00,21049.790000000001,21053.169999999998,21045.919999999998,21049.419999999998,541,140,0
CPI_20241113,CPI,2024-11-13,08:30:00,2024.11.13 13:30:00,2024.11.13 15:30:00,US100,10,1731505200,2024.11.13 13:40:00,2024.11.13 15:40:00,21049.419999999998,21052.290000000001,21042.169999999998,21042.790000000001,508,140,0
CPI_20241113,CPI,2024-11-13,08:30:00,2024.11.13 13:30:00,2024.11.13 15:30:00,US100,15,1731505500,2024.11.13 13:45:00,2024.11.13 15:45:00,21042.790000000001,21047.919999999998,21040.790000000001,21047.419999999998,595,140,0
CPI_20241113,CPI,2024-11-13,08:30:00,2024.11.13 13:30:00,2024.11.13 15:30:00,US500,0,1731504600,2024.11.13 13:30:00,2024.11.13 15:30:00,5978.9300000000003,5979.0600000000004,5977.0600000000004,5977.0600000000004,104,50,0
CPI_20241113,CPI,2024-11-13,08:30:00,2024.11.13 13:30:00,2024.11.13 15:30:00,US500,5,1731504900,2024.11.13 13:35:00,2024.11.13 15:35:00,5977.0600000000004,5977.8100000000004,5976.1800000000003,5977.0600000000004,77,50,0
CPI_20241113,CPI,2024-11-13,08:30:00,2024.11.13 13:30:00,2024.11.13 15:30:00,US500,10,1731505200,2024.11.13 13:40:00,2024.11.13 15:40:00,5977.0600000000004,5977.3100000000004,5974.8100000000004,5975.0600000000004,89,50,0
CPI_20241113,CPI,2024-11-13,08:30:00,2024.11.13 13:30:00,2024.11.13 15:30:00,US500,15,1731505500,2024.11.13 13:45:00,2024.11.13 15:45:00,5975.0600000000004,5976.0600000000004,5974.8100000000004,5975.8100000000004,90,50,0
CPI_20241211,CPI,2024-12-11,08:30:00,2024.12.11 13:30:00,2024.12.11 15:30:00,US30,0,1733923800,2024.12.11 13:30:00,2024.12.11 15:30:00,44240.760000000002,44259.760000000002,44238.260000000002,44255.260000000002,133,140,0
CPI_20241211,CPI,2024-12-11,08:30:00,2024.12.11 13:30:00,2024.12.11 15:30:00,US30,5,1733924100,2024.12.11 13:35:00,2024.12.11 15:35:00,44256.760000000002,44258.760000000002,44247.760000000002,44247.760000000002,121,140,0
CPI_20241211,CPI,2024-12-11,08:30:00,2024.12.11 13:30:00,2024.12.11 15:30:00,US30,10,1733924400,2024.12.11 13:40:00,2024.12.11 15:40:00,44248.010000000002,44253.760000000002,44245.760000000002,44245.760000000002,107,140,0
CPI_20241211,CPI,2024-12-11,08:30:00,2024.12.11 13:30:00,2024.12.11 15:30:00,US30,15,1733924700,2024.12.11 13:45:00,2024.12.11 15:45:00,44246.760000000002,44250.760000000002,44240.010000000002,44248.760000000002,87,140,0
CPI_20241211,CPI,2024-12-11,08:30:00,2024.12.11 13:30:00,2024.12.11 15:30:00,US100,0,1733923800,2024.12.11 13:30:00,2024.12.11 15:30:00,21435.700000000001,21436.950000000001,21431.580000000002,21432.200000000001,258,140,0
CPI_20241211,CPI,2024-12-11,08:30:00,2024.12.11 13:30:00,2024.12.11 15:30:00,US100,5,1733924100,2024.12.11 13:35:00,2024.12.11 15:35:00,21432.580000000002,21432.580000000002,21425.080000000002,21426.200000000001,313,140,0
CPI_20241211,CPI,2024-12-11,08:30:00,2024.12.11 13:30:00,2024.12.11 15:30:00,US100,10,1733924400,2024.12.11 13:40:00,2024.12.11 15:40:00,21426.080000000002,21427.950000000001,21423.450000000001,21425.200000000001,306,140,0
CPI_20241211,CPI,2024-12-11,08:30:00,2024.12.11 13:30:00,2024.12.11 15:30:00,US100,15,1733924700,2024.12.11 13:45:00,2024.12.11 15:45:00,21425.080000000002,21426.950000000001,21422.330000000002,21422.950000000001,300,140,0
CPI_20241211,CPI,2024-12-11,08:30:00,2024.12.11 13:30:00,2024.12.11 15:30:00,US500,0,1733923800,2024.12.11 13:30:00,2024.12.11 15:30:00,6047.6899999999996,6047.9399999999996,6047.4399999999996,6047.4399999999996,13,50,0
CPI_20241211,CPI,2024-12-11,08:30:00,2024.12.11 13:30:00,2024.12.11 15:30:00,US500,5,1733924100,2024.12.11 13:35:00,2024.12.11 15:35:00,6047.6899999999996,6047.6899999999996,6046.1899999999996,6046.1899999999996,28,50,0
CPI_20241211,CPI,2024-12-11,08:30:00,2024.12.11 13:30:00,2024.12.11 15:30:00,US500,10,1733924400,2024.12.11 13:40:00,2024.12.11 15:40:00,6046.1899999999996,6046.6899999999996,6045.9399999999996,6046.1899999999996,30,50,0
CPI_20241211,CPI,2024-12-11,08:30:00,2024.12.11 13:30:00,2024.12.11 15:30:00,US500,15,1733924700,2024.12.11 13:45:00,2024.12.11 15:45:00,6046.1899999999996,6046.4399999999996,6045.9399999999996,6046.1899999999996,38,50,0
CPI_20250115,CPI,2025-01-15,08:30:00,2025.01.15 13:30:00,2025.01.15 15:30:00,US30,0,1736947800,2025.01.15 13:30:00,2025.01.15 15:30:00,42533.760000000002,42546.010000000002,42532.760000000002,42541.510000000002,147,140,0
CPI_20250115,CPI,2025-01-15,08:30:00,2025.01.15 13:30:00,2025.01.15 15:30:00,US30,5,1736948100,2025.01.15 13:35:00,2025.01.15 15:35:00,42541.510000000002,42563.260000000002,42541.510000000002,42562.510000000002,156,140,0
CPI_20250115,CPI,2025-01-15,08:30:00,2025.01.15 13:30:00,2025.01.15 15:30:00,US30,10,1736948400,2025.01.15 13:40:00,2025.01.15 15:40:00,42562.510000000002,42566.510000000002,42558.510000000002,42563.510000000002,175,140,0
CPI_20250115,CPI,2025-01-15,08:30:00,2025.01.15 13:30:00,2025.01.15 15:30:00,US30,15,1736948700,2025.01.15 13:45:00,2025.01.15 15:45:00,42563.510000000002,42611.010000000002,42555.510000000002,42608.510000000002,735,140,0
CPI_20250115,CPI,2025-01-15,08:30:00,2025.01.15 13:30:00,2025.01.15 15:30:00,US100,0,1736947800,2025.01.15 13:30:00,2025.01.15 15:30:00,20759.25,20769.380000000001,20757.630000000001,20769.130000000001,417,140,0
CPI_20250115,CPI,2025-01-15,08:30:00,2025.01.15 13:30:00,2025.01.15 15:30:00,US100,5,1736948100,2025.01.15 13:35:00,2025.01.15 15:35:00,20769.130000000001,20779.380000000001,20768.5,20779.130000000001,443,140,0
CPI_20250115,CPI,2025-01-15,08:30:00,2025.01.15 13:30:00,2025.01.15 15:30:00,US100,10,1736948400,2025.01.15 13:40:00,2025.01.15 15:40:00,20779.25,20787.380000000001,20778.380000000001,20786.25,517,140,0
CPI_20250115,CPI,2025-01-15,08:30:00,2025.01.15 13:30:00,2025.01.15 15:30:00,US100,15,1736948700,2025.01.15 13:45:00,2025.01.15 15:45:00,20786.380000000001,20799.75,20781,20787.380000000001,1085,140,0
CPI_20250115,CPI,2025-01-15,08:30:00,2025.01.15 13:30:00,2025.01.15 15:30:00,US500,0,1736947800,2025.01.15 13:30:00,2025.01.15 15:30:00,5841.0100000000002,5842.7600000000002,5840.7600000000002,5842.7600000000002,57,50,0
CPI_20250115,CPI,2025-01-15,08:30:00,2025.01.15 13:30:00,2025.01.15 15:30:00,US500,5,1736948100,2025.01.15 13:35:00,2025.01.15 15:35:00,5842.7600000000002,5845.7600000000002,5842.7600000000002,5845.7600000000002,48,50,0
CPI_20250115,CPI,2025-01-15,08:30:00,2025.01.15 13:30:00,2025.01.15 15:30:00,US500,10,1736948400,2025.01.15 13:40:00,2025.01.15 15:40:00,5845.7600000000002,5847.2600000000002,5845.7600000000002,5847.2600000000002,71,50,0
CPI_20250115,CPI,2025-01-15,08:30:00,2025.01.15 13:30:00,2025.01.15 15:30:00,US500,15,1736948700,2025.01.15 13:45:00,2025.01.15 15:45:00,5847.2600000000002,5851.0100000000002,5845.7600000000002,5849.6300000000001,248,50,0
CPI_20250212,CPI,2025-02-12,08:30:00,2025.02.12 13:30:00,2025.02.12 15:30:00,US30,0,1739367000,2025.02.12 13:30:00,2025.02.12 15:30:00,44499.379999999997,44508.129999999997,44498.379999999997,44504.879999999997,215,140,0
CPI_20250212,CPI,2025-02-12,08:30:00,2025.02.12 13:30:00,2025.02.12 15:30:00,US30,5,1739367300,2025.02.12 13:35:00,2025.02.12 15:35:00,44504.879999999997,44519.129999999997,44504.379999999997,44512.379999999997,150,140,0
CPI_20250212,CPI,2025-02-12,08:30:00,2025.02.12 13:30:00,2025.02.12 15:30:00,US30,10,1739367600,2025.02.12 13:40:00,2025.02.12 15:40:00,44512.379999999997,44515.379999999997,44506.129999999997,44509.379999999997,156,140,0
CPI_20250212,CPI,2025-02-12,08:30:00,2025.02.12 13:30:00,2025.02.12 15:30:00,US30,15,1739367900,2025.02.12 13:45:00,2025.02.12 15:45:00,44509.379999999997,44509.379999999997,44501.379999999997,44504.379999999997,103,140,0
CPI_20250212,CPI,2025-02-12,08:30:00,2025.02.12 13:30:00,2025.02.12 15:30:00,US100,0,1739367000,2025.02.12 13:30:00,2025.02.12 15:30:00,21673.200000000001,21676.950000000001,21668.580000000002,21669.080000000002,471,140,0
CPI_20250212,CPI,2025-02-12,08:30:00,2025.02.12 13:30:00,2025.02.12 15:30:00,US100,5,1739367300,2025.02.12 13:35:00,2025.02.12 15:35:00,21669.080000000002,21681.080000000002,21667.950000000001,21679.580000000002,382,140,0
CPI_20250212,CPI,2025-02-12,08:30:00,2025.02.12 13:30:00,2025.02.12 15:30:00,US100,10,1739367600,2025.02.12 13:40:00,2025.02.12 15:40:00,21679.580000000002,21681.200000000001,21676.450000000001,21677.830000000002,451,140,0
CPI_20250212,CPI,2025-02-12,08:30:00,2025.02.12 13:30:00,2025.02.12 15:30:00,US100,15,1739367900,2025.02.12 13:45:00,2025.02.12 15:45:00,21678.080000000002,21681.080000000002,21673.950000000001,21677.450000000001,387,140,0
CPI_20250212,CPI,2025-02-12,08:30:00,2025.02.12 13:30:00,2025.02.12 15:30:00,US500,0,1739367000,2025.02.12 13:30:00,2025.02.12 15:30:00,6057.7200000000003,6058.2200000000003,6057.2200000000003,6057.4700000000003,94,50,0
CPI_20250212,CPI,2025-02-12,08:30:00,2025.02.12 13:30:00,2025.02.12 15:30:00,US500,5,1739367300,2025.02.12 13:35:00,2025.02.12 15:35:00,6057.4700000000003,6059.5900000000001,6057.2200000000003,6059.2200000000003,56,50,0
CPI_20250212,CPI,2025-02-12,08:30:00,2025.02.12 13:30:00,2025.02.12 15:30:00,US500,10,1739367600,2025.02.12 13:40:00,2025.02.12 15:40:00,6059.2200000000003,6059.4700000000003,6058.2200000000003,6058.7200000000003,84,50,0
CPI_20250212,CPI,2025-02-12,08:30:00,2025.02.12 13:30:00,2025.02.12 15:30:00,US500,15,1739367900,2025.02.12 13:45:00,2025.02.12 15:45:00,6058.7200000000003,6058.9700000000003,6057.7200000000003,6058.4700000000003,56,50,0
CPI_20250312,CPI,2025-03-12,08:30:00,2025.03.12 12:30:00,2025.03.12 14:30:00,US30,0,1741782600,2025.03.12 12:30:00,2025.03.12 14:30:00,41498.660000000003,41538.660000000003,41496.660000000003,41528.910000000003,1165,140,0
CPI_20250312,CPI,2025-03-12,08:30:00,2025.03.12 12:30:00,2025.03.12 14:30:00,US30,5,1741782900,2025.03.12 12:35:00,2025.03.12 14:35:00,41528.660000000003,41575.660000000003,41516.160000000003,41573.160000000003,1005,140,0
CPI_20250312,CPI,2025-03-12,08:30:00,2025.03.12 12:30:00,2025.03.12 14:30:00,US30,10,1741783200,2025.03.12 12:40:00,2025.03.12 14:40:00,41573.160000000003,41592.910000000003,41564.660000000003,41588.410000000003,907,140,0
CPI_20250312,CPI,2025-03-12,08:30:00,2025.03.12 12:30:00,2025.03.12 14:30:00,US30,15,1741783500,2025.03.12 12:45:00,2025.03.12 14:45:00,41588.410000000003,41613.660000000003,41572.660000000003,41612.660000000003,990,140,0
CPI_20250312,CPI,2025-03-12,08:30:00,2025.03.12 12:30:00,2025.03.12 14:30:00,US100,0,1741782600,2025.03.12 12:30:00,2025.03.12 14:30:00,19427.75,19448.5,19425.869999999999,19441.619999999999,1522,140,0
CPI_20250312,CPI,2025-03-12,08:30:00,2025.03.12 12:30:00,2025.03.12 14:30:00,US100,5,1741782900,2025.03.12 12:35:00,2025.03.12 14:35:00,19441.5,19473.75,19434,19471.75,1430,140,0
CPI_20250312,CPI,2025-03-12,08:30:00,2025.03.12 12:30:00,2025.03.12 14:30:00,US100,10,1741783200,2025.03.12 12:40:00,2025.03.12 14:40:00,19471.75,19493,19470.119999999999,19488.75,1435,140,0
CPI_20250312,CPI,2025-03-12,08:30:00,2025.03.12 12:30:00,2025.03.12 14:30:00,US100,15,1741783500,2025.03.12 12:45:00,2025.03.12 14:45:00,19488.75,19512.75,19482.119999999999,19512.619999999999,1563,140,0
CPI_20250312,CPI,2025-03-12,08:30:00,2025.03.12 12:30:00,2025.03.12 14:30:00,US500,0,1741782600,2025.03.12 12:30:00,2025.03.12 14:30:00,5583.9099999999999,5589.1599999999999,5583.4099999999999,5587.6599999999999,615,50,0
CPI_20250312,CPI,2025-03-12,08:30:00,2025.03.12 12:30:00,2025.03.12 14:30:00,US500,5,1741782900,2025.03.12 12:35:00,2025.03.12 14:35:00,5587.6599999999999,5595.1599999999999,5585.4099999999999,5594.5299999999997,442,50,0
CPI_20250312,CPI,2025-03-12,08:30:00,2025.03.12 12:30:00,2025.03.12 14:30:00,US500,10,1741783200,2025.03.12 12:40:00,2025.03.12 14:40:00,5594.5299999999997,5598.7799999999997,5593.9099999999999,5597.9099999999999,416,50,0
CPI_20250312,CPI,2025-03-12,08:30:00,2025.03.12 12:30:00,2025.03.12 14:30:00,US500,15,1741783500,2025.03.12 12:45:00,2025.03.12 14:45:00,5597.9099999999999,5603.1599999999999,5596.4099999999999,5603.1599999999999,505,50,0
CPI_20250410,CPI,2025-04-10,08:30:00,2025.04.10 12:30:00,2025.04.10 15:30:00,US30,0,1744288200,2025.04.10 12:30:00,2025.04.10 15:30:00,39908.75,40022.25,39908.75,40012.25,1467,140,0
CPI_20250410,CPI,2025-04-10,08:30:00,2025.04.10 12:30:00,2025.04.10 15:30:00,US30,5,1744288500,2025.04.10 12:35:00,2025.04.10 15:35:00,40012.5,40065.5,39971,39974.25,1221,140,0
CPI_20250410,CPI,2025-04-10,08:30:00,2025.04.10 12:30:00,2025.04.10 15:30:00,US30,10,1744288800,2025.04.10 12:40:00,2025.04.10 15:40:00,39974.25,39987.75,39895.75,39918.25,1334,140,0
CPI_20250410,CPI,2025-04-10,08:30:00,2025.04.10 12:30:00,2025.04.10 15:30:00,US30,15,1744289100,2025.04.10 12:45:00,2025.04.10 15:45:00,39918.25,39940.5,39891,39940.25,960,140,0
CPI_20250410,CPI,2025-04-10,08:30:00,2025.04.10 12:30:00,2025.04.10 15:30:00,US100,0,1744288200,2025.04.10 12:30:00,2025.04.10 15:30:00,18665.580000000002,18716.450000000001,18664.580000000002,18716.450000000001,1905,140,0
CPI_20250410,CPI,2025-04-10,08:30:00,2025.04.10 12:30:00,2025.04.10 15:30:00,US100,5,1744288500,2025.04.10 12:35:00,2025.04.10 15:35:00,18716.080000000002,18742.830000000002,18699.950000000001,18702.450000000001,1799,140,0
CPI_20250410,CPI,2025-04-10,08:30:00,2025.04.10 12:30:00,2025.04.10 15:30:00,US100,10,1744288800,2025.04.10 12:40:00,2025.04.10 15:40:00,18702.450000000001,18711.830000000002,18669.830000000002,18678.080000000002,1866,140,0
CPI_20250410,CPI,2025-04-10,08:30:00,2025.04.10 12:30:00,2025.04.10 15:30:00,US100,15,1744289100,2025.04.10 12:45:00,2025.04.10 15:45:00,18677.580000000002,18686.450000000001,18661.450000000001,18684.330000000002,1552,140,0
CPI_20250410,CPI,2025-04-10,08:30:00,2025.04.10 12:30:00,2025.04.10 15:30:00,US500,0,1744288200,2025.04.10 12:30:00,2025.04.10 15:30:00,5333.2700000000004,5350.1499999999996,5333.2700000000004,5349.7700000000004,676,50,0
CPI_20250410,CPI,2025-04-10,08:30:00,2025.04.10 12:30:00,2025.04.10 15:30:00,US500,5,1744288500,2025.04.10 12:35:00,2025.04.10 15:35:00,5349.7700000000004,5356.7700000000004,5343.7700000000004,5344.0200000000004,577,50,0
CPI_20250410,CPI,2025-04-10,08:30:00,2025.04.10 12:30:00,2025.04.10 15:30:00,US500,10,1744288800,2025.04.10 12:40:00,2025.04.10 15:40:00,5344.0200000000004,5346.5200000000004,5333.6499999999996,5336.2700000000004,729,50,0
CPI_20250410,CPI,2025-04-10,08:30:00,2025.04.10 12:30:00,2025.04.10 15:30:00,US500,15,1744289100,2025.04.10 12:45:00,2025.04.10 15:45:00,5336.2700000000004,5338.5200000000004,5332.3999999999996,5338.5200000000004,561,50,0
CPI_20250513,CPI,2025-05-13,08:30:00,2025.05.13 12:30:00,2025.05.13 15:30:00,US30,0,1747139400,2025.05.13 12:30:00,2025.05.13 15:30:00,42333.379999999997,42341.129999999997,42332.129999999997,42337.629999999997,238,140,0
CPI_20250513,CPI,2025-05-13,08:30:00,2025.05.13 12:30:00,2025.05.13 15:30:00,US30,5,1747139700,2025.05.13 12:35:00,2025.05.13 15:35:00,42337.629999999997,42347.129999999997,42334.879999999997,42347.129999999997,254,140,0
CPI_20250513,CPI,2025-05-13,08:30:00,2025.05.13 12:30:00,2025.05.13 15:30:00,US30,10,1747140000,2025.05.13 12:40:00,2025.05.13 15:40:00,42347.129999999997,42361.129999999997,42344.129999999997,42357.629999999997,260,140,0
CPI_20250513,CPI,2025-05-13,08:30:00,2025.05.13 12:30:00,2025.05.13 15:30:00,US30,15,1747140300,2025.05.13 12:45:00,2025.05.13 15:45:00,42357.629999999997,42367.129999999997,42356.629999999997,42357.629999999997,310,140,0
CPI_20250513,CPI,2025-05-13,08:30:00,2025.05.13 12:30:00,2025.05.13 15:30:00,US100,0,1747139400,2025.05.13 12:30:00,2025.05.13 15:30:00,20778.830000000002,20786.709999999999,20778.580000000002,20781.209999999999,545,140,0
CPI_20250513,CPI,2025-05-13,08:30:00,2025.05.13 12:30:00,2025.05.13 15:30:00,US100,5,1747139700,2025.05.13 12:35:00,2025.05.13 15:35:00,20781.459999999999,20785.709999999999,20779.330000000002,20785.080000000002,488,140,0
CPI_20250513,CPI,2025-05-13,08:30:00,2025.05.13 12:30:00,2025.05.13 15:30:00,US100,10,1747140000,2025.05.13 12:40:00,2025.05.13 15:40:00,20785.080000000002,20786.709999999999,20779.709999999999,20782.959999999999,501,140,0
CPI_20250513,CPI,2025-05-13,08:30:00,2025.05.13 12:30:00,2025.05.13 15:30:00,US100,15,1747140300,2025.05.13 12:45:00,2025.05.13 15:45:00,20783.080000000002,20789.459999999999,20782.080000000002,20785.580000000002,599,140,0
CPI_20250513,CPI,2025-05-13,08:30:00,2025.05.13 12:30:00,2025.05.13 15:30:00,US500,0,1747139400,2025.05.13 12:30:00,2025.05.13 15:30:00,5826,5827,5825.3699999999999,5826.1199999999999,154,50,0
CPI_20250513,CPI,2025-05-13,08:30:00,2025.05.13 12:30:00,2025.05.13 15:30:00,US500,5,1747139700,2025.05.13 12:35:00,2025.05.13 15:35:00,5826.1199999999999,5827.3699999999999,5825.75,5827.25,118,50,0
CPI_20250513,CPI,2025-05-13,08:30:00,2025.05.13 12:30:00,2025.05.13 15:30:00,US500,10,1747140000,2025.05.13 12:40:00,2025.05.13 15:40:00,5827.25,5828.25,5826.5,5827.6199999999999,105,50,0
CPI_20250513,CPI,2025-05-13,08:30:00,2025.05.13 12:30:00,2025.05.13 15:30:00,US500,15,1747140300,2025.05.13 12:45:00,2025.05.13 15:45:00,5827.5,5829.1199999999999,5827.5,5828,125,50,0
CPI_20250611,CPI,2025-06-11,08:30:00,2025.06.11 12:30:00,2025.06.11 15:30:00,US30,0,1749645000,2025.06.11 12:30:00,2025.06.11 15:30:00,42819.349999999999,42828.849999999999,42817.349999999999,42818.349999999999,162,150,0
CPI_20250611,CPI,2025-06-11,08:30:00,2025.06.11 12:30:00,2025.06.11 15:30:00,US30,5,1749645300,2025.06.11 12:35:00,2025.06.11 15:35:00,42819.849999999999,42820.849999999999,42808.349999999999,42812.349999999999,107,140,0
CPI_20250611,CPI,2025-06-11,08:30:00,2025.06.11 12:30:00,2025.06.11 15:30:00,US30,10,1749645600,2025.06.11 12:40:00,2025.06.11 15:40:00,42813.349999999999,42813.349999999999,42800.349999999999,42805.849999999999,100,140,0
CPI_20250611,CPI,2025-06-11,08:30:00,2025.06.11 12:30:00,2025.06.11 15:30:00,US30,15,1749645900,2025.06.11 12:45:00,2025.06.11 15:45:00,42805.349999999999,42808.349999999999,42792.349999999999,42793.849999999999,132,140,0
CPI_20250611,CPI,2025-06-11,08:30:00,2025.06.11 12:30:00,2025.06.11 15:30:00,US100,0,1749645000,2025.06.11 12:30:00,2025.06.11 15:30:00,21920.59,21924.84,21913.09,21913.59,569,140,0
CPI_20250611,CPI,2025-06-11,08:30:00,2025.06.11 12:30:00,2025.06.11 15:30:00,US100,5,1749645300,2025.06.11 12:35:00,2025.06.11 15:35:00,21914.709999999999,21915.34,21908.959999999999,21909.09,468,140,0
CPI_20250611,CPI,2025-06-11,08:30:00,2025.06.11 12:30:00,2025.06.11 15:30:00,US100,10,1749645600,2025.06.11 12:40:00,2025.06.11 15:40:00,21909.34,21911.84,21903.34,21907.959999999999,461,140,0
CPI_20250611,CPI,2025-06-11,08:30:00,2025.06.11 12:30:00,2025.06.11 15:30:00,US100,15,1749645900,2025.06.11 12:45:00,2025.06.11 15:45:00,21907.84,21910.34,21903.209999999999,21903.34,417,140,0
CPI_20250611,CPI,2025-06-11,08:30:00,2025.06.11 12:30:00,2025.06.11 15:30:00,US500,0,1749645000,2025.06.11 12:30:00,2025.06.11 15:30:00,6032.8100000000004,6034.0600000000004,6031.6800000000003,6031.8100000000004,127,50,0
CPI_20250611,CPI,2025-06-11,08:30:00,2025.06.11 12:30:00,2025.06.11 15:30:00,US500,5,1749645300,2025.06.11 12:35:00,2025.06.11 15:35:00,6031.8100000000004,6032.0600000000004,6030.4300000000003,6030.8100000000004,106,50,0
CPI_20250611,CPI,2025-06-11,08:30:00,2025.06.11 12:30:00,2025.06.11 15:30:00,US500,10,1749645600,2025.06.11 12:40:00,2025.06.11 15:40:00,6030.8100000000004,6031.3100000000004,6029.3100000000004,6030.1800000000003,84,50,0
CPI_20250611,CPI,2025-06-11,08:30:00,2025.06.11 12:30:00,2025.06.11 15:30:00,US500,15,1749645900,2025.06.11 12:45:00,2025.06.11 15:45:00,6030.1800000000003,6030.5600000000004,6028.8100000000004,6028.8100000000004,55,50,0
CPI_20250715,CPI,2025-07-15,08:30:00,2025.07.15 12:30:00,2025.07.15 15:30:00,US30,0,1752582600,2025.07.15 12:30:00,2025.07.15 15:30:00,44418.449999999997,44427.449999999997,44415.449999999997,44419.449999999997,119,140,0
CPI_20250715,CPI,2025-07-15,08:30:00,2025.07.15 12:30:00,2025.07.15 15:30:00,US30,5,1752582900,2025.07.15 12:35:00,2025.07.15 15:35:00,44418.949999999997,44437.449999999997,44416.449999999997,44427.449999999997,137,140,0
CPI_20250715,CPI,2025-07-15,08:30:00,2025.07.15 12:30:00,2025.07.15 15:30:00,US30,10,1752583200,2025.07.15 12:40:00,2025.07.15 15:40:00,44427.949999999997,44429.449999999997,44418.449999999997,44421.449999999997,116,140,0
CPI_20250715,CPI,2025-07-15,08:30:00,2025.07.15 12:30:00,2025.07.15 15:30:00,US30,15,1752583500,2025.07.15 12:45:00,2025.07.15 15:45:00,44420.949999999997,44426.449999999997,44414.449999999997,44425.449999999997,97,140,0
CPI_20250715,CPI,2025-07-15,08:30:00,2025.07.15 12:30:00,2025.07.15 15:30:00,US100,0,1752582600,2025.07.15 12:30:00,2025.07.15 15:30:00,23010.900000000001,23014.900000000001,23009.400000000001,23010.779999999999,459,140,0
CPI_20250715,CPI,2025-07-15,08:30:00,2025.07.15 12:30:00,2025.07.15 15:30:00,US100,5,1752582900,2025.07.15 12:35:00,2025.07.15 15:35:00,23010.779999999999,23020.779999999999,23008.650000000001,23017.900000000001,540,140,0
CPI_20250715,CPI,2025-07-15,08:30:00,2025.07.15 12:30:00,2025.07.15 15:30:00,US100,10,1752583200,2025.07.15 12:40:00,2025.07.15 15:40:00,23018.279999999999,23019.150000000001,23007.400000000001,23008.029999999999,527,140,0
CPI_20250715,CPI,2025-07-15,08:30:00,2025.07.15 12:30:00,2025.07.15 15:30:00,US100,15,1752583500,2025.07.15 12:45:00,2025.07.15 15:45:00,23007.900000000001,23012.529999999999,23005.029999999999,23011.400000000001,414,140,0
CPI_20250715,CPI,2025-07-15,08:30:00,2025.07.15 12:30:00,2025.07.15 15:30:00,US500,0,1752582600,2025.07.15 12:30:00,2025.07.15 15:30:00,6294.5699999999997,6296.0699999999997,6294.3199999999997,6295.0699999999997,51,50,0
CPI_20250715,CPI,2025-07-15,08:30:00,2025.07.15 12:30:00,2025.07.15 15:30:00,US500,5,1752582900,2025.07.15 12:35:00,2025.07.15 15:35:00,6295.0699999999997,6297.5699999999997,6294.5699999999997,6296.8199999999997,66,50,0
CPI_20250715,CPI,2025-07-15,08:30:00,2025.07.15 12:30:00,2025.07.15 15:30:00,US500,10,1752583200,2025.07.15 12:40:00,2025.07.15 15:40:00,6296.8199999999997,6297.0699999999997,6294.8199999999997,6294.8199999999997,51,50,0
CPI_20250715,CPI,2025-07-15,08:30:00,2025.07.15 12:30:00,2025.07.15 15:30:00,US500,15,1752583500,2025.07.15 12:45:00,2025.07.15 15:45:00,6294.8199999999997,6295.8199999999997,6294.3199999999997,6295.8199999999997,44,50,0
CPI_20250812,CPI,2025-08-12,08:30:00,2025.08.12 12:30:00,2025.08.12 15:30:00,US30,0,1755001800,2025.08.12 12:30:00,2025.08.12 15:30:00,44057.400000000001,44059.400000000001,44046.400000000001,44047.400000000001,114,120,0
CPI_20250812,CPI,2025-08-12,08:30:00,2025.08.12 12:30:00,2025.08.12 15:30:00,US30,5,1755002100,2025.08.12 12:35:00,2025.08.12 15:35:00,44047.400000000001,44062.400000000001,44047.400000000001,44062.400000000001,112,120,0
CPI_20250812,CPI,2025-08-12,08:30:00,2025.08.12 12:30:00,2025.08.12 15:30:00,US30,10,1755002400,2025.08.12 12:40:00,2025.08.12 15:40:00,44062.400000000001,44062.400000000001,44052.400000000001,44054.400000000001,122,120,0
CPI_20250812,CPI,2025-08-12,08:30:00,2025.08.12 12:30:00,2025.08.12 15:30:00,US30,15,1755002700,2025.08.12 12:45:00,2025.08.12 15:45:00,44054.400000000001,44063.400000000001,44050.400000000001,44058.400000000001,106,120,0
CPI_20250812,CPI,2025-08-12,08:30:00,2025.08.12 12:30:00,2025.08.12 15:30:00,US100,0,1755001800,2025.08.12 12:30:00,2025.08.12 15:30:00,23560.200000000001,23561.200000000001,23553.580000000002,23555.330000000002,364,140,0
CPI_20250812,CPI,2025-08-12,08:30:00,2025.08.12 12:30:00,2025.08.12 15:30:00,US100,5,1755002100,2025.08.12 12:35:00,2025.08.12 15:35:00,23555.580000000002,23563.080000000002,23555.330000000002,23561.580000000002,445,140,0
CPI_20250812,CPI,2025-08-12,08:30:00,2025.08.12 12:30:00,2025.08.12 15:30:00,US100,10,1755002400,2025.08.12 12:40:00,2025.08.12 15:40:00,23561.580000000002,23561.580000000002,23553.330000000002,23555.330000000002,395,140,0
CPI_20250812,CPI,2025-08-12,08:30:00,2025.08.12 12:30:00,2025.08.12 15:30:00,US100,15,1755002700,2025.08.12 12:45:00,2025.08.12 15:45:00,23555.200000000001,23563.830000000002,23554.580000000002,23561.580000000002,454,140,0
CPI_20250812,CPI,2025-08-12,08:30:00,2025.08.12 12:30:00,2025.08.12 15:30:00,US500,0,1755001800,2025.08.12 12:30:00,2025.08.12 15:30:00,6384,6384.25,6382.5,6383,67,50,0
CPI_20250812,CPI,2025-08-12,08:30:00,2025.08.12 12:30:00,2025.08.12 15:30:00,US500,5,1755002100,2025.08.12 12:35:00,2025.08.12 15:35:00,6383,6384.8699999999999,6383,6384.75,80,50,0
CPI_20250812,CPI,2025-08-12,08:30:00,2025.08.12 12:30:00,2025.08.12 15:30:00,US500,10,1755002400,2025.08.12 12:40:00,2025.08.12 15:40:00,6384.75,6384.75,6382.75,6383.25,74,50,0
CPI_20250812,CPI,2025-08-12,08:30:00,2025.08.12 12:30:00,2025.08.12 15:30:00,US500,15,1755002700,2025.08.12 12:45:00,2025.08.12 15:45:00,6383.25,6385,6383,6384.3699999999999,75,50,0
CPI_20250911,CPI,2025-09-11,08:30:00,2025.09.11 12:30:00,2025.09.11 15:30:00,US30,0,1757593800,2025.09.11 12:30:00,2025.09.11 15:30:00,45584.400000000001,45588.400000000001,45580.400000000001,45584.400000000001,117,120,0
CPI_20250911,CPI,2025-09-11,08:30:00,2025.09.11 12:30:00,2025.09.11 15:30:00,US30,5,1757594100,2025.09.11 12:35:00,2025.09.11 15:35:00,45584.900000000001,45593.400000000001,45581,45591.400000000001,163,120,0
CPI_20250911,CPI,2025-09-11,08:30:00,2025.09.11 12:30:00,2025.09.11 15:30:00,US30,10,1757594400,2025.09.11 12:40:00,2025.09.11 15:40:00,45591.400000000001,45597.400000000001,45590.400000000001,45595.400000000001,117,120,0
CPI_20250911,CPI,2025-09-11,08:30:00,2025.09.11 12:30:00,2025.09.11 15:30:00,US30,15,1757594700,2025.09.11 12:45:00,2025.09.11 15:45:00,45595.400000000001,45597.400000000001,45589,45594.400000000001,187,120,0
CPI_20250911,CPI,2025-09-11,08:30:00,2025.09.11 12:30:00,2025.09.11 15:30:00,US100,0,1757593800,2025.09.11 12:30:00,2025.09.11 15:30:00,23906.360000000001,23906.48,23903.23,23903.23,373,140,0
CPI_20250911,CPI,2025-09-11,08:30:00,2025.09.11 12:30:00,2025.09.11 15:30:00,US100,5,1757594100,2025.09.11 12:35:00,2025.09.11 15:35:00,23903.23,23904.48,23894.98,23897.98,426,140,0
CPI_20250911,CPI,2025-09-11,08:30:00,2025.09.11 12:30:00,2025.09.11 15:30:00,US100,10,1757594400,2025.09.11 12:40:00,2025.09.11 15:40:00,23898.110000000001,23899.48,23894.110000000001,23895.23,348,140,0
CPI_20250911,CPI,2025-09-11,08:30:00,2025.09.11 12:30:00,2025.09.11 15:30:00,US100,15,1757594700,2025.09.11 12:45:00,2025.09.11 15:45:00,23895.23,23896.48,23889.23,23893.610000000001,503,140,0
CPI_20250911,CPI,2025-09-11,08:30:00,2025.09.11 12:30:00,2025.09.11 15:30:00,US500,0,1757593800,2025.09.11 12:30:00,2025.09.11 15:30:00,6544.3999999999996,6544.6499999999996,6543.8999999999996,6543.8999999999996,28,50,0
CPI_20250911,CPI,2025-09-11,08:30:00,2025.09.11 12:30:00,2025.09.11 15:30:00,US500,5,1757594100,2025.09.11 12:35:00,2025.09.11 15:35:00,6543.8999999999996,6544.1499999999996,6542.6499999999996,6543.1499999999996,46,50,0
CPI_20250911,CPI,2025-09-11,08:30:00,2025.09.11 12:30:00,2025.09.11 15:30:00,US500,10,1757594400,2025.09.11 12:40:00,2025.09.11 15:40:00,6543.1499999999996,6543.6499999999996,6542.8999999999996,6543.1499999999996,24,50,0
CPI_20250911,CPI,2025-09-11,08:30:00,2025.09.11 12:30:00,2025.09.11 15:30:00,US500,15,1757594700,2025.09.11 12:45:00,2025.09.11 15:45:00,6543.1499999999996,6543.3999999999996,6541.8999999999996,6542.3999999999996,65,50,0
CPI_20251024,CPI,2025-10-24,08:30:00,2025.10.24 12:30:00,2025.10.24 15:30:00,US30,0,1761309000,2025.10.24 12:30:00,2025.10.24 15:30:00,46828.400000000001,46839.900000000001,46827.900000000001,46837.400000000001,162,120,0
CPI_20251024,CPI,2025-10-24,08:30:00,2025.10.24 12:30:00,2025.10.24 15:30:00,US30,5,1761309300,2025.10.24 12:35:00,2025.10.24 15:35:00,46837.400000000001,46844.900000000001,46831.900000000001,46844.400000000001,214,120,0
CPI_20251024,CPI,2025-10-24,08:30:00,2025.10.24 12:30:00,2025.10.24 15:30:00,US30,10,1761309600,2025.10.24 12:40:00,2025.10.24 15:40:00,46844.400000000001,46848.400000000001,46839,46843.400000000001,217,120,0
CPI_20251024,CPI,2025-10-24,08:30:00,2025.10.24 12:30:00,2025.10.24 15:30:00,US30,15,1761309900,2025.10.24 12:45:00,2025.10.24 15:45:00,46843.400000000001,46844.400000000001,46833.400000000001,46834.400000000001,198,120,0
CPI_20251024,CPI,2025-10-24,08:30:00,2025.10.24 12:30:00,2025.10.24 15:30:00,US100,0,1761309000,2025.10.24 12:30:00,2025.10.24 15:30:00,25238.27,25244.02,25238.150000000001,25243.02,586,140,0
CPI_20251024,CPI,2025-10-24,08:30:00,2025.10.24 12:30:00,2025.10.24 15:30:00,US100,5,1761309300,2025.10.24 12:35:00,2025.10.24 15:35:00,25243.650000000001,25252.02,25242.150000000001,25251.650000000001,602,140,0
CPI_20251024,CPI,2025-10-24,08:30:00,2025.10.24 12:30:00,2025.10.24 15:30:00,US100,10,1761309600,2025.10.24 12:40:00,2025.10.24 15:40:00,25251.650000000001,25253.77,25248.02,25249.400000000001,528,140,0
CPI_20251024,CPI,2025-10-24,08:30:00,2025.10.24 12:30:00,2025.10.24 15:30:00,US100,15,1761309900,2025.10.24 12:45:00,2025.10.24 15:45:00,25249.400000000001,25250.52,25239.150000000001,25240.400000000001,572,140,0
CPI_20251024,CPI,2025-10-24,08:30:00,2025.10.24 12:30:00,2025.10.24 15:30:00,US500,0,1761309000,2025.10.24 12:30:00,2025.10.24 15:30:00,6765.9499999999998,6767.1999999999998,6765.9499999999998,6767.1999999999998,84,35,0
CPI_20251024,CPI,2025-10-24,08:30:00,2025.10.24 12:30:00,2025.10.24 15:30:00,US500,5,1761309300,2025.10.24 12:35:00,2025.10.24 15:35:00,6767.1999999999998,6768.9499999999998,6766.9499999999998,6768.9499999999998,119,35,0
CPI_20251024,CPI,2025-10-24,08:30:00,2025.10.24 12:30:00,2025.10.24 15:30:00,US500,10,1761309600,2025.10.24 12:40:00,2025.10.24 15:40:00,6768.9499999999998,6769.4499999999998,6767.9499999999998,6768.1999999999998,74,35,0
CPI_20251024,CPI,2025-10-24,08:30:00,2025.10.24 12:30:00,2025.10.24 15:30:00,US500,15,1761309900,2025.10.24 12:45:00,2025.10.24 15:45:00,6768.1999999999998,6768.4499999999998,6766.4499999999998,6766.4499999999998,122,35,0
CPI_20251218,CPI,2025-12-18,08:30:00,2025.12.18 13:30:00,2025.12.18 15:30:00,US30,0,1766064600,2025.12.18 13:30:00,2025.12.18 15:30:00,48027.300000000003,48046.300000000003,48026.800000000003,48045.300000000003,124,140,0
CPI_20251218,CPI,2025-12-18,08:30:00,2025.12.18 13:30:00,2025.12.18 15:30:00,US30,5,1766064900,2025.12.18 13:35:00,2025.12.18 15:35:00,48045.300000000003,48057.300000000003,48044.900000000001,48056.300000000003,137,140,0
CPI_20251218,CPI,2025-12-18,08:30:00,2025.12.18 13:30:00,2025.12.18 15:30:00,US30,10,1766065200,2025.12.18 13:40:00,2025.12.18 15:40:00,48056.300000000003,48064.300000000003,48045.900000000001,48048.900000000001,180,140,0
CPI_20251218,CPI,2025-12-18,08:30:00,2025.12.18 13:30:00,2025.12.18 15:30:00,US30,15,1766065500,2025.12.18 13:45:00,2025.12.18 15:45:00,48050.300000000003,48066.300000000003,48045.300000000003,48061.300000000003,183,140,0
CPI_20251218,CPI,2025-12-18,08:30:00,2025.12.18 13:30:00,2025.12.18 15:30:00,US100,0,1766064600,2025.12.18 13:30:00,2025.12.18 15:30:00,24872.200000000001,24882.450000000001,24870.700000000001,24880.450000000001,368,60,0
CPI_20251218,CPI,2025-12-18,08:30:00,2025.12.18 13:30:00,2025.12.18 15:30:00,US100,5,1766064900,2025.12.18 13:35:00,2025.12.18 15:35:00,24880.950000000001,24885.950000000001,24875.200000000001,24876.950000000001,383,60,0
CPI_20251218,CPI,2025-12-18,08:30:00,2025.12.18 13:30:00,2025.12.18 15:30:00,US100,10,1766065200,2025.12.18 13:40:00,2025.12.18 15:40:00,24875.950000000001,24883.950000000001,24867.950000000001,24869.450000000001,458,60,0
CPI_20251218,CPI,2025-12-18,08:30:00,2025.12.18 13:30:00,2025.12.18 15:30:00,US100,15,1766065500,2025.12.18 13:45:00,2025.12.18 15:45:00,24869.700000000001,24887.200000000001,24866.450000000001,24886.200000000001,436,60,0
CPI_20251218,CPI,2025-12-18,08:30:00,2025.12.18 13:30:00,2025.12.18 15:30:00,US500,0,1766064600,2025.12.18 13:30:00,2025.12.18 15:30:00,6759,6760.75,6758.75,6760.5,118,25,0
CPI_20251218,CPI,2025-12-18,08:30:00,2025.12.18 13:30:00,2025.12.18 15:30:00,US500,5,1766064900,2025.12.18 13:35:00,2025.12.18 15:35:00,6760.75,6761.75,6760,6760.25,73,25,0
CPI_20251218,CPI,2025-12-18,08:30:00,2025.12.18 13:30:00,2025.12.18 15:30:00,US500,10,1766065200,2025.12.18 13:40:00,2025.12.18 15:40:00,6760.25,6761.75,6758.25,6758.5,101,25,0
CPI_20251218,CPI,2025-12-18,08:30:00,2025.12.18 13:30:00,2025.12.18 15:30:00,US500,15,1766065500,2025.12.18 13:45:00,2025.12.18 15:45:00,6758.5,6761.75,6758,6761.5,99,25,0
CPI_20260113,CPI,2026-01-13,08:30:00,2026.01.13 13:30:00,2026.01.13 15:30:00,US30,0,1768311000,2026.01.13 13:30:00,2026.01.13 15:30:00,49559.300000000003,49577.800000000003,49557.300000000003,49566.300000000003,146,140,0
CPI_20260113,CPI,2026-01-13,08:30:00,2026.01.13 13:30:00,2026.01.13 15:30:00,US30,5,1768311300,2026.01.13 13:35:00,2026.01.13 15:35:00,49565.300000000003,49568.300000000003,49561.300000000003,49564.300000000003,83,140,0
CPI_20260113,CPI,2026-01-13,08:30:00,2026.01.13 13:30:00,2026.01.13 15:30:00,US30,10,1768311600,2026.01.13 13:40:00,2026.01.13 15:40:00,49565.300000000003,49571.300000000003,49510.800000000003,49562.300000000003,441,140,0
CPI_20260113,CPI,2026-01-13,08:30:00,2026.01.13 13:30:00,2026.01.13 15:30:00,US30,15,1768311900,2026.01.13 13:45:00,2026.01.13 15:45:00,49562.300000000003,49645.300000000003,49545.300000000003,49624.300000000003,321,140,0
CPI_20260113,CPI,2026-01-13,08:30:00,2026.01.13 13:30:00,2026.01.13 15:30:00,US100,0,1768311000,2026.01.13 13:30:00,2026.01.13 15:30:00,25748.150000000001,25748.900000000001,25729.900000000001,25731.400000000001,388,60,0
CPI_20260113,CPI,2026-01-13,08:30:00,2026.01.13 13:30:00,2026.01.13 15:30:00,US100,5,1768311300,2026.01.13 13:35:00,2026.01.13 15:35:00,25731.400000000001,25739.650000000001,25730.400000000001,25737.150000000001,273,60,0
CPI_20260113,CPI,2026-01-13,08:30:00,2026.01.13 13:30:00,2026.01.13 15:30:00,US100,10,1768311600,2026.01.13 13:40:00,2026.01.13 15:40:00,25737.400000000001,25744.150000000001,25731.900000000001,25733.650000000001,450,60,0
CPI_20260113,CPI,2026-01-13,08:30:00,2026.01.13 13:30:00,2026.01.13 15:30:00,US100,15,1768311900,2026.01.13 13:45:00,2026.01.13 15:45:00,25733.400000000001,25744.400000000001,25733.400000000001,25738.150000000001,406,60,0
CPI_20260113,CPI,2026-01-13,08:30:00,2026.01.13 13:30:00,2026.01.13 15:30:00,US500,0,1768311000,2026.01.13 13:30:00,2026.01.13 15:30:00,6972.5500000000002,6972.5500000000002,6970.3000000000002,6970.8000000000002,71,25,0
CPI_20260113,CPI,2026-01-13,08:30:00,2026.01.13 13:30:00,2026.01.13 15:30:00,US500,5,1768311300,2026.01.13 13:35:00,2026.01.13 15:35:00,6970.8000000000002,6971.5500000000002,6970.3000000000002,6971.3000000000002,50,25,0
CPI_20260113,CPI,2026-01-13,08:30:00,2026.01.13 13:30:00,2026.01.13 15:30:00,US500,10,1768311600,2026.01.13 13:40:00,2026.01.13 15:40:00,6971.3000000000002,6971.5500000000002,6969.5500000000002,6970.1700000000001,101,25,0
CPI_20260113,CPI,2026-01-13,08:30:00,2026.01.13 13:30:00,2026.01.13 15:30:00,US500,15,1768311900,2026.01.13 13:45:00,2026.01.13 15:45:00,6970.3000000000002,6974.0500000000002,6970.3000000000002,6973.5500000000002,97,25,0
CPI_20260213,CPI,2026-02-13,08:30:00,2026.02.13 13:30:00,2026.02.13 15:30:00,US30,0,1770989400,2026.02.13 13:30:00,2026.02.13 15:30:00,49285.300000000003,49295.800000000003,49245.300000000003,49295.300000000003,800,140,0
CPI_20260213,CPI,2026-02-13,08:30:00,2026.02.13 13:30:00,2026.02.13 15:30:00,US30,5,1770989700,2026.02.13 13:35:00,2026.02.13 15:35:00,49296.300000000003,49325.300000000003,49291.300000000003,49301.300000000003,685,140,0
CPI_20260213,CPI,2026-02-13,08:30:00,2026.02.13 13:30:00,2026.02.13 15:30:00,US30,10,1770990000,2026.02.13 13:40:00,2026.02.13 15:40:00,49303.300000000003,49309.300000000003,49275.900000000001,49279.300000000003,737,140,0
CPI_20260213,CPI,2026-02-13,08:30:00,2026.02.13 13:30:00,2026.02.13 15:30:00,US30,15,1770990300,2026.02.13 13:45:00,2026.02.13 15:45:00,49279.300000000003,49286.300000000003,49257.900000000001,49271.900000000001,745,140,0
CPI_20260213,CPI,2026-02-13,08:30:00,2026.02.13 13:30:00,2026.02.13 15:30:00,US100,0,1770989400,2026.02.13 13:30:00,2026.02.13 15:30:00,24597.049999999999,24612.049999999999,24559.299999999999,24611.549999999999,1660,60,0
CPI_20260213,CPI,2026-02-13,08:30:00,2026.02.13 13:30:00,2026.02.13 15:30:00,US100,5,1770989700,2026.02.13 13:35:00,2026.02.13 15:35:00,24611.549999999999,24633.799999999999,24607.549999999999,24620.549999999999,1332,60,0
CPI_20260213,CPI,2026-02-13,08:30:00,2026.02.13 13:30:00,2026.02.13 15:30:00,US100,10,1770990000,2026.02.13 13:40:00,2026.02.13 15:40:00,24622.049999999999,24632.049999999999,24604.799999999999,24606.549999999999,1289,60,0
CPI_20260213,CPI,2026-02-13,08:30:00,2026.02.13 13:30:00,2026.02.13 15:30:00,US100,15,1770990300,2026.02.13 13:45:00,2026.02.13 15:45:00,24606.799999999999,24621.549999999999,24593.049999999999,24613.549999999999,1345,60,0
CPI_20260213,CPI,2026-02-13,08:30:00,2026.02.13 13:30:00,2026.02.13 15:30:00,US500,0,1770989400,2026.02.13 13:30:00,2026.02.13 15:30:00,6811.3500000000004,6814.8500000000004,6804.2299999999996,6814.8500000000004,798,25,0
CPI_20260213,CPI,2026-02-13,08:30:00,2026.02.13 13:30:00,2026.02.13 15:30:00,US500,5,1770989700,2026.02.13 13:35:00,2026.02.13 15:35:00,6814.8500000000004,6819.8999999999996,6814.1000000000004,6815.8999999999996,660,25,0
CPI_20260213,CPI,2026-02-13,08:30:00,2026.02.13 13:30:00,2026.02.13 15:30:00,US500,10,1770990000,2026.02.13 13:40:00,2026.02.13 15:40:00,6816.1499999999996,6817.8999999999996,6811.5299999999997,6811.8999999999996,635,25,0
CPI_20260213,CPI,2026-02-13,08:30:00,2026.02.13 13:30:00,2026.02.13 15:30:00,US500,15,1770990300,2026.02.13 13:45:00,2026.02.13 15:45:00,6811.8999999999996,6814.1499999999996,6808.8999999999996,6812.1499999999996,630,25,0
CPI_20260311,CPI,2026-03-11,08:30:00,2026.03.11 12:30:00,2026.03.11 14:30:00,US30,0,1773232200,2026.03.11 12:30:00,2026.03.11 14:30:00,47552.550000000003,47593.800000000003,47544.550000000003,47587.800000000003,986,210,0
CPI_20260311,CPI,2026-03-11,08:30:00,2026.03.11 12:30:00,2026.03.11 14:30:00,US30,5,1773232500,2026.03.11 12:35:00,2026.03.11 14:35:00,47587.800000000003,47600.300000000003,47566.800000000003,47585.800000000003,836,210,0
CPI_20260311,CPI,2026-03-11,08:30:00,2026.03.11 12:30:00,2026.03.11 14:30:00,US30,10,1773232800,2026.03.11 12:40:00,2026.03.11 14:40:00,47585.800000000003,47598.800000000003,47558.800000000003,47577.800000000003,812,210,0
CPI_20260311,CPI,2026-03-11,08:30:00,2026.03.11 12:30:00,2026.03.11 14:30:00,US30,15,1773233100,2026.03.11 12:45:00,2026.03.11 14:45:00,47577.800000000003,47595.050000000003,47550.550000000003,47550.550000000003,828,210,0
CPI_20260311,CPI,2026-03-11,08:30:00,2026.03.11 12:30:00,2026.03.11 14:30:00,US100,0,1773232200,2026.03.11 12:30:00,2026.03.11 14:30:00,24920.950000000001,24941.450000000001,24918.450000000001,24935.450000000001,4083,60,0
CPI_20260311,CPI,2026-03-11,08:30:00,2026.03.11 12:30:00,2026.03.11 14:30:00,US100,5,1773232500,2026.03.11 12:35:00,2026.03.11 14:35:00,24935.700000000001,24946.200000000001,24924.700000000001,24932.450000000001,3910,60,0
CPI_20260311,CPI,2026-03-11,08:30:00,2026.03.11 12:30:00,2026.03.11 14:30:00,US100,10,1773232800,2026.03.11 12:40:00,2026.03.11 14:40:00,24932.700000000001,24941.700000000001,24912.200000000001,24920.200000000001,3836,60,0
CPI_20260311,CPI,2026-03-11,08:30:00,2026.03.11 12:30:00,2026.03.11 14:30:00,US100,15,1773233100,2026.03.11 12:45:00,2026.03.11 14:45:00,24920.200000000001,24938.450000000001,24912.200000000001,24913.450000000001,3058,60,0
CPI_20260311,CPI,2026-03-11,08:30:00,2026.03.11 12:30:00,2026.03.11 14:30:00,US500,0,1773232200,2026.03.11 12:30:00,2026.03.11 14:30:00,6770.75,6776.5,6770,6775.3800000000001,1459,25,0
CPI_20260311,CPI,2026-03-11,08:30:00,2026.03.11 12:30:00,2026.03.11 14:30:00,US500,5,1773232500,2026.03.11 12:35:00,2026.03.11 14:35:00,6775.5,6777.6300000000001,6772.75,6775.1199999999999,1095,25,0
CPI_20260311,CPI,2026-03-11,08:30:00,2026.03.11 12:30:00,2026.03.11 14:30:00,US500,10,1773232800,2026.03.11 12:40:00,2026.03.11 14:40:00,6775,6777.3800000000001,6770.5,6773.25,1117,25,0
CPI_20260311,CPI,2026-03-11,08:30:00,2026.03.11 12:30:00,2026.03.11 14:30:00,US500,15,1773233100,2026.03.11 12:45:00,2026.03.11 14:45:00,6773.25,6777.5,6770.75,6771,1000,25,0
CPI_20260410,CPI,2026-04-10,08:30:00,2026.04.10 12:30:00,2026.04.10 15:30:00,US30,0,1775824200,2026.04.10 12:30:00,2026.04.10 15:30:00,48155.32,48158.32,48119.32,48133.07,852,210,0
CPI_20260410,CPI,2026-04-10,08:30:00,2026.04.10 12:30:00,2026.04.10 15:30:00,US30,5,1775824500,2026.04.10 12:35:00,2026.04.10 15:35:00,48132.82,48154.32,48127.82,48135.82,697,210,0
CPI_20260410,CPI,2026-04-10,08:30:00,2026.04.10 12:30:00,2026.04.10 15:30:00,US30,10,1775824800,2026.04.10 12:40:00,2026.04.10 15:40:00,48135.82,48157.32,48133.82,48153.57,495,210,0
CPI_20260410,CPI,2026-04-10,08:30:00,2026.04.10 12:30:00,2026.04.10 15:30:00,US30,15,1775825100,2026.04.10 12:45:00,2026.04.10 15:45:00,48153.57,48164.57,48146.57,48157.07,594,210,0
CPI_20260410,CPI,2026-04-10,08:30:00,2026.04.10 12:30:00,2026.04.10 15:30:00,US100,0,1775824200,2026.04.10 12:30:00,2026.04.10 15:30:00,25094.200000000001,25098.700000000001,25077.950000000001,25086.950000000001,3056,60,0
CPI_20260410,CPI,2026-04-10,08:30:00,2026.04.10 12:30:00,2026.04.10 15:30:00,US100,5,1775824500,2026.04.10 12:35:00,2026.04.10 15:35:00,25087.200000000001,25096.450000000001,25081.950000000001,25083.450000000001,2977,60,0
CPI_20260410,CPI,2026-04-10,08:30:00,2026.04.10 12:30:00,2026.04.10 15:30:00,US100,10,1775824800,2026.04.10 12:40:00,2026.04.10 15:40:00,25083.450000000001,25094.700000000001,25082.200000000001,25093.450000000001,1709,60,0
CPI_20260410,CPI,2026-04-10,08:30:00,2026.04.10 12:30:00,2026.04.10 15:30:00,US100,15,1775825100,2026.04.10 12:45:00,2026.04.10 15:45:00,25093.700000000001,25099.700000000001,25090.450000000001,25098.700000000001,1866,60,0
CPI_20260410,CPI,2026-04-10,08:30:00,2026.04.10 12:30:00,2026.04.10 15:30:00,US500,0,1775824200,2026.04.10 12:30:00,2026.04.10 15:30:00,6826.6499999999996,6827.3999999999996,6822.1499999999996,6824.7799999999997,779,25,0
CPI_20260410,CPI,2026-04-10,08:30:00,2026.04.10 12:30:00,2026.04.10 15:30:00,US500,5,1775824500,2026.04.10 12:35:00,2026.04.10 15:35:00,6824.7700000000004,6827.3999999999996,6823.8999999999996,6824.3999999999996,715,25,0
CPI_20260410,CPI,2026-04-10,08:30:00,2026.04.10 12:30:00,2026.04.10 15:30:00,US500,10,1775824800,2026.04.10 12:40:00,2026.04.10 15:40:00,6824.3999999999996,6827.1499999999996,6824.2799999999997,6826.6499999999996,439,25,0
CPI_20260410,CPI,2026-04-10,08:30:00,2026.04.10 12:30:00,2026.04.10 15:30:00,US500,15,1775825100,2026.04.10 12:45:00,2026.04.10 15:45:00,6826.6499999999996,6828.1499999999996,6826.1499999999996,6827.6499999999996,511,25,0
CPI_20260512,CPI,2026-05-12,08:30:00,2026.05.12 12:30:00,2026.05.12 15:30:00,US30,0,1778589000,2026.05.12 12:30:00,2026.05.12 15:30:00,49676.900000000001,49726.300000000003,49676.400000000001,49704.900000000001,2193,140,0
CPI_20260512,CPI,2026-05-12,08:30:00,2026.05.12 12:30:00,2026.05.12 15:30:00,US30,5,1778589300,2026.05.12 12:35:00,2026.05.12 15:35:00,49704.900000000001,49712.900000000001,49680.400000000001,49692.900000000001,954,140,0
CPI_20260512,CPI,2026-05-12,08:30:00,2026.05.12 12:30:00,2026.05.12 15:30:00,US30,10,1778589600,2026.05.12 12:40:00,2026.05.12 15:40:00,49692.400000000001,49692.900000000001,49665.900000000001,49666.900000000001,715,140,0
CPI_20260512,CPI,2026-05-12,08:30:00,2026.05.12 12:30:00,2026.05.12 15:30:00,US30,15,1778589900,2026.05.12 12:45:00,2026.05.12 15:45:00,49666.900000000001,49680.900000000001,49662.400000000001,49673.900000000001,567,140,0
CPI_20260512,CPI,2026-05-12,08:30:00,2026.05.12 12:30:00,2026.05.12 15:30:00,US100,0,1778589000,2026.05.12 12:30:00,2026.05.12 15:30:00,29121.950000000001,29159.950000000001,29121.950000000001,29145.950000000001,6270,60,0
CPI_20260512,CPI,2026-05-12,08:30:00,2026.05.12 12:30:00,2026.05.12 15:30:00,US100,5,1778589300,2026.05.12 12:35:00,2026.05.12 15:35:00,29146.200000000001,29149.200000000001,29127.450000000001,29135.700000000001,3125,60,0
CPI_20260512,CPI,2026-05-12,08:30:00,2026.05.12 12:30:00,2026.05.12 15:30:00,US100,10,1778589600,2026.05.12 12:40:00,2026.05.12 15:40:00,29135.950000000001,29141.200000000001,29129.700000000001,29129.950000000001,2714,60,0
CPI_20260512,CPI,2026-05-12,08:30:00,2026.05.12 12:30:00,2026.05.12 15:30:00,US100,15,1778589900,2026.05.12 12:45:00,2026.05.12 15:45:00,29129.950000000001,29141.700000000001,29124.450000000001,29136.950000000001,1910,60,0
CPI_20260512,CPI,2026-05-12,08:30:00,2026.05.12 12:30:00,2026.05.12 15:30:00,US500,0,1778589000,2026.05.12 12:30:00,2026.05.12 15:30:00,7393.1999999999998,7399.9499999999998,7393.1999999999998,7396.9499999999998,1715,25,0
CPI_20260512,CPI,2026-05-12,08:30:00,2026.05.12 12:30:00,2026.05.12 15:30:00,US500,5,1778589300,2026.05.12 12:35:00,2026.05.12 15:35:00,7396.9499999999998,7397.6999999999998,7394.9499999999998,7396.1999999999998,660,25,0
CPI_20260512,CPI,2026-05-12,08:30:00,2026.05.12 12:30:00,2026.05.12 15:30:00,US500,10,1778589600,2026.05.12 12:40:00,2026.05.12 15:40:00,7396.1999999999998,7396.4499999999998,7393.6999999999998,7393.6999999999998,478,25,0
CPI_20260512,CPI,2026-05-12,08:30:00,2026.05.12 12:30:00,2026.05.12 15:30:00,US500,15,1778589900,2026.05.12 12:45:00,2026.05.12 15:45:00,7393.6999999999998,7396.4499999999998,7393.0699999999997,7395.4499999999998,409,25,0
CPI_20260610,CPI,2026-06-10,08:30:00,2026.06.10 12:30:00,2026.06.10 15:30:00,US30,0,1781094600,2026.06.10 12:30:00,2026.06.10 15:30:00,50605.900000000001,50621.900000000001,50592.900000000001,50610.900000000001,1738,140,0
CPI_20260610,CPI,2026-06-10,08:30:00,2026.06.10 12:30:00,2026.06.10 15:30:00,US30,5,1781094900,2026.06.10 12:35:00,2026.06.10 15:35:00,50611.300000000003,50630.900000000001,50603.900000000001,50607.900000000001,1664,140,0
CPI_20260610,CPI,2026-06-10,08:30:00,2026.06.10 12:30:00,2026.06.10 15:30:00,US30,10,1781095200,2026.06.10 12:40:00,2026.06.10 15:40:00,50608.900000000001,50611.300000000003,50552.900000000001,50567.400000000001,1929,140,0
CPI_20260610,CPI,2026-06-10,08:30:00,2026.06.10 12:30:00,2026.06.10 15:30:00,US30,15,1781095500,2026.06.10 12:45:00,2026.06.10 15:45:00,50568.900000000001,50595.800000000003,50549.900000000001,50561.900000000001,1497,140,0
CPI_20260610,CPI,2026-06-10,08:30:00,2026.06.10 12:30:00,2026.06.10 15:30:00,US100,0,1781094600,2026.06.10 12:30:00,2026.06.10 15:30:00,28785.450000000001,28795.099999999999,28770.700000000001,28788.450000000001,6650,60,0
CPI_20260610,CPI,2026-06-10,08:30:00,2026.06.10 12:30:00,2026.06.10 15:30:00,US100,5,1781094900,2026.06.10 12:35:00,2026.06.10 15:35:00,28788.599999999999,28838.200000000001,28780.700000000001,28797.950000000001,6712,60,0
CPI_20260610,CPI,2026-06-10,08:30:00,2026.06.10 12:30:00,2026.06.10 15:30:00,US100,10,1781095200,2026.06.10 12:40:00,2026.06.10 15:40:00,28797.950000000001,28800.950000000001,28748.700000000001,28771.700000000001,6505,60,0
CPI_20260610,CPI,2026-06-10,08:30:00,2026.06.10 12:30:00,2026.06.10 15:30:00,US100,15,1781095500,2026.06.10 12:45:00,2026.06.10 15:45:00,28771.700000000001,28786.200000000001,28747.200000000001,28767.700000000001,4688,60,0
CPI_20260610,CPI,2026-06-10,08:30:00,2026.06.10 12:30:00,2026.06.10 15:30:00,US500,0,1781094600,2026.06.10 12:30:00,2026.06.10 15:30:00,7340.1000000000004,7341.8500000000004,7337.9700000000003,7339.8500000000004,1685,25,0
CPI_20260610,CPI,2026-06-10,08:30:00,2026.06.10 12:30:00,2026.06.10 15:30:00,US500,5,1781094900,2026.06.10 12:35:00,2026.06.10 15:35:00,7339.8500000000004,7346.1000000000004,7338.6000000000004,7341.1000000000004,1828,25,0
CPI_20260610,CPI,2026-06-10,08:30:00,2026.06.10 12:30:00,2026.06.10 15:30:00,US500,10,1781095200,2026.06.10 12:40:00,2026.06.10 15:40:00,7341.1000000000004,7341.4700000000003,7333.1000000000004,7336.6000000000004,1839,25,0
CPI_20260610,CPI,2026-06-10,08:30:00,2026.06.10 12:30:00,2026.06.10 15:30:00,US500,15,1781095500,2026.06.10 12:45:00,2026.06.10 15:45:00,7336.6000000000004,7339.1000000000004,7332.3500000000004,7335.3500000000004,1372,25,0
CPI_20260714,CPI,2026-07-14,08:30:00,2026.07.14 12:30:00,2026.07.14 15:30:00,US30,0,1784032200,2026.07.14 12:30:00,2026.07.14 15:30:00,52414.300000000003,52443.900000000001,52414.300000000003,52436.900000000001,968,140,0
CPI_20260714,CPI,2026-07-14,08:30:00,2026.07.14 12:30:00,2026.07.14 15:30:00,US30,5,1784032500,2026.07.14 12:35:00,2026.07.14 15:35:00,52435.400000000001,52447.900000000001,52431.400000000001,52440.900000000001,964,140,0
CPI_20260714,CPI,2026-07-14,08:30:00,2026.07.14 12:30:00,2026.07.14 15:30:00,US30,10,1784032800,2026.07.14 12:40:00,2026.07.14 15:40:00,52440.900000000001,52449.900000000001,52435.900000000001,52435.900000000001,777,140,0
CPI_20260714,CPI,2026-07-14,08:30:00,2026.07.14 12:30:00,2026.07.14 15:30:00,US30,15,1784033100,2026.07.14 12:45:00,2026.07.14 15:45:00,52435.900000000001,52465.900000000001,52431.900000000001,52461.400000000001,1118,140,0
CPI_20260714,CPI,2026-07-14,08:30:00,2026.07.14 12:30:00,2026.07.14 15:30:00,US100,0,1784032200,2026.07.14 12:30:00,2026.07.14 15:30:00,29397.900000000001,29414.150000000001,29397,29409.650000000001,2854,60,0
CPI_20260714,CPI,2026-07-14,08:30:00,2026.07.14 12:30:00,2026.07.14 15:30:00,US100,5,1784032500,2026.07.14 12:35:00,2026.07.14 15:35:00,29409.650000000001,29418.400000000001,29405.25,29417.75,2194,60,0
CPI_20260714,CPI,2026-07-14,08:30:00,2026.07.14 12:30:00,2026.07.14 15:30:00,US100,10,1784032800,2026.07.14 12:40:00,2026.07.14 15:40:00,29417.5,29433.900000000001,29414,29423.150000000001,3066,60,0
CPI_20260714,CPI,2026-07-14,08:30:00,2026.07.14 12:30:00,2026.07.14 15:30:00,US100,15,1784033100,2026.07.14 12:45:00,2026.07.14 15:45:00,29423.25,29446.5,29420.5,29445.75,3658,60,0
CPI_20260714,CPI,2026-07-14,08:30:00,2026.07.14 12:30:00,2026.07.14 15:30:00,US500,0,1784032200,2026.07.14 12:30:00,2026.07.14 15:30:00,7518.4499999999998,7521.4499999999998,7518.1999999999998,7520.3199999999997,611,25,0
CPI_20260714,CPI,2026-07-14,08:30:00,2026.07.14 12:30:00,2026.07.14 15:30:00,US500,5,1784032500,2026.07.14 12:35:00,2026.07.14 15:35:00,7520.1999999999998,7521.9499999999998,7519.6999999999998,7521.6999999999998,492,25,0
CPI_20260714,CPI,2026-07-14,08:30:00,2026.07.14 12:30:00,2026.07.14 15:30:00,US500,10,1784032800,2026.07.14 12:40:00,2026.07.14 15:40:00,7521.6999999999998,7523.1999999999998,7520.9499999999998,7521.4499999999998,419,25,0
CPI_20260714,CPI,2026-07-14,08:30:00,2026.07.14 12:30:00,2026.07.14 15:30:00,US500,15,1784033100,2026.07.14 12:45:00,2026.07.14 15:45:00,7521.4499999999998,7525.6999999999998,7520.9499999999998,7525.4499999999998,531,25,0
CPI_20260812,CPI,2026-08-12,08:30:00,2026.08.12 12:30:00,2026.08.12 15:30:00,US30,0,1786537800,2026.08.12 12:30:00,2026.08.12 15:30:00,53875.900000000001,53892.900000000001,53870.900000000001,53877.900000000001,600,140,0
CPI_20260812,CPI,2026-08-12,08:30:00,2026.08.12 12:30:00,2026.08.12 15:30:00,US30,5,1786538100,2026.08.12 12:35:00,2026.08.12 15:35:00,53877.900000000001,53898.900000000001,53873.900000000001,53894.900000000001,553,140,0
CPI_20260812,CPI,2026-08-12,08:30:00,2026.08.12 12:30:00,2026.08.12 15:30:00,US30,10,1786538400,2026.08.12 12:40:00,2026.08.12 15:40:00,53894.900000000001,53903.300000000003,53894.900000000001,53896.900000000001,303,140,0
CPI_20260812,CPI,2026-08-12,08:30:00,2026.08.12 12:30:00,2026.08.12 15:30:00,US30,15,1786538700,2026.08.12 12:45:00,2026.08.12 15:45:00,53895.900000000001,53903.300000000003,53887.400000000001,53903.300000000003,420,140,0
CPI_20260812,CPI,2026-08-12,08:30:00,2026.08.12 12:30:00,2026.08.12 15:30:00,US100,0,1786537800,2026.08.12 12:30:00,2026.08.12 15:30:00,29739.349999999999,29754.599999999999,29739,29747.349999999999,4059,60,0
CPI_20260812,CPI,2026-08-12,08:30:00,2026.08.12 12:30:00,2026.08.12 15:30:00,US100,5,1786538100,2026.08.12 12:35:00,2026.08.12 15:35:00,29747.349999999999,29754.599999999999,29745.099999999999,29751.099999999999,2375,60,0
CPI_20260812,CPI,2026-08-12,08:30:00,2026.08.12 12:30:00,2026.08.12 15:30:00,US100,10,1786538400,2026.08.12 12:40:00,2026.08.12 15:40:00,29750.849999999999,29753.349999999999,29744.599999999999,29745.599999999999,1685,60,0
CPI_20260812,CPI,2026-08-12,08:30:00,2026.08.12 12:30:00,2026.08.12 15:30:00,US100,15,1786538700,2026.08.12 12:45:00,2026.08.12 15:45:00,29745.599999999999,29746.849999999999,29731.849999999999,29735.849999999999,2085,60,0
CPI_20260812,CPI,2026-08-12,08:30:00,2026.08.12 12:30:00,2026.08.12 15:30:00,US500,0,1786537800,2026.08.12 12:30:00,2026.08.12 15:30:00,7754.6499999999996,7756.8999999999996,7754.3999999999996,7755.3999999999996,370,25,0
CPI_20260812,CPI,2026-08-12,08:30:00,2026.08.12 12:30:00,2026.08.12 15:30:00,US500,5,1786538100,2026.08.12 12:35:00,2026.08.12 15:35:00,7755.3999999999996,7756.6499999999996,7754.8999999999996,7756.1499999999996,220,25,0
CPI_20260812,CPI,2026-08-12,08:30:00,2026.08.12 12:30:00,2026.08.12 15:30:00,US500,10,1786538400,2026.08.12 12:40:00,2026.08.12 15:40:00,7756.1499999999996,7756.3999999999996,7755.1499999999996,7755.3999999999996,171,25,0
CPI_20260812,CPI,2026-08-12,08:30:00,2026.08.12 12:30:00,2026.08.12 15:30:00,US500,15,1786538700,2026.08.12 12:45:00,2026.08.12 15:45:00,7755.5299999999997,7755.6499999999996,7753.8999999999996,7754.8999999999996,207,25,0
EMPLOYMENT_20220805,EMPLOYMENT,2022-08-05,08:30:00,2022.08.05 12:30:00,2022.08.05 15:30:00,US30,0,1659702600,2022.08.05 12:30:00,2022.08.05 15:30:00,32770.900000000001,32773.400000000001,32764.400000000001,32766.400000000001,343,210,0
EMPLOYMENT_20220805,EMPLOYMENT,2022-08-05,08:30:00,2022.08.05 12:30:00,2022.08.05 15:30:00,US30,5,1659702900,2022.08.05 12:35:00,2022.08.05 15:35:00,32766.400000000001,32772.400000000001,32763.900000000001,32767.900000000001,303,210,0
EMPLOYMENT_20220805,EMPLOYMENT,2022-08-05,08:30:00,2022.08.05 12:30:00,2022.08.05 15:30:00,US30,10,1659703200,2022.08.05 12:40:00,2022.08.05 15:40:00,32767.900000000001,32776.900000000001,32765.900000000001,32768.900000000001,365,210,0
EMPLOYMENT_20220805,EMPLOYMENT,2022-08-05,08:30:00,2022.08.05 12:30:00,2022.08.05 15:30:00,US30,15,1659703500,2022.08.05 12:45:00,2022.08.05 15:45:00,32768.400000000001,32768.400000000001,32749.400000000001,32765.400000000001,568,210,0
EMPLOYMENT_20220805,EMPLOYMENT,2022-08-05,08:30:00,2022.08.05 12:30:00,2022.08.05 15:30:00,US100,0,1659702600,2022.08.05 12:30:00,2022.08.05 15:30:00,13308.65,13312.15,13302.65,13302.9,353,150,0
EMPLOYMENT_20220805,EMPLOYMENT,2022-08-05,08:30:00,2022.08.05 12:30:00,2022.08.05 15:30:00,US100,5,1659702900,2022.08.05 12:35:00,2022.08.05 15:35:00,13303.15,13305.15,13300.65,13302.4,310,150,0
EMPLOYMENT_20220805,EMPLOYMENT,2022-08-05,08:30:00,2022.08.05 12:30:00,2022.08.05 15:30:00,US100,10,1659703200,2022.08.05 12:40:00,2022.08.05 15:40:00,13302.9,13308.15,13301.15,13302.9,391,150,0
EMPLOYMENT_20220805,EMPLOYMENT,2022-08-05,08:30:00,2022.08.05 12:30:00,2022.08.05 15:30:00,US100,15,1659703500,2022.08.05 12:45:00,2022.08.05 15:45:00,13302.9,13302.9,13287.9,13293.9,731,150,0
EMPLOYMENT_20220805,EMPLOYMENT,2022-08-05,08:30:00,2022.08.05 12:30:00,2022.08.05 15:30:00,US500,0,1659702600,2022.08.05 12:30:00,2022.08.05 15:30:00,4152.8900000000003,4153.5100000000002,4151.2600000000002,4151.7600000000002,90,51,0
EMPLOYMENT_20220805,EMPLOYMENT,2022-08-05,08:30:00,2022.08.05 12:30:00,2022.08.05 15:30:00,US500,5,1659702900,2022.08.05 12:35:00,2022.08.05 15:35:00,4152.0100000000002,4152.5100000000002,4151.2600000000002,4151.7600000000002,92,51,0
EMPLOYMENT_20220805,EMPLOYMENT,2022-08-05,08:30:00,2022.08.05 12:30:00,2022.08.05 15:30:00,US500,10,1659703200,2022.08.05 12:40:00,2022.08.05 15:40:00,4151.7600000000002,4153.2600000000002,4151.5100000000002,4152.0100000000002,175,51,0
EMPLOYMENT_20220805,EMPLOYMENT,2022-08-05,08:30:00,2022.08.05 12:30:00,2022.08.05 15:30:00,US500,15,1659703500,2022.08.05 12:45:00,2022.08.05 15:45:00,4152.0100000000002,4152.0100000000002,4149.0100000000002,4150.7600000000002,252,51,0
EMPLOYMENT_20220902,EMPLOYMENT,2022-09-02,08:30:00,2022.09.02 12:30:00,2022.09.02 15:30:00,US30,0,1662121800,2022.09.02 12:30:00,2022.09.02 15:30:00,31666.900000000001,31670.900000000001,31648.900000000001,31650.900000000001,361,210,0
EMPLOYMENT_20220902,EMPLOYMENT,2022-09-02,08:30:00,2022.09.02 12:30:00,2022.09.02 15:30:00,US30,5,1662122100,2022.09.02 12:35:00,2022.09.02 15:35:00,31649.900000000001,31655.400000000001,31643.900000000001,31653.400000000001,379,210,0
EMPLOYMENT_20220902,EMPLOYMENT,2022-09-02,08:30:00,2022.09.02 12:30:00,2022.09.02 15:30:00,US30,10,1662122400,2022.09.02 12:40:00,2022.09.02 15:40:00,31653.400000000001,31662.400000000001,31645.900000000001,31649.900000000001,316,210,0
EMPLOYMENT_20220902,EMPLOYMENT,2022-09-02,08:30:00,2022.09.02 12:30:00,2022.09.02 15:30:00,US30,15,1662122700,2022.09.02 12:45:00,2022.09.02 15:45:00,31648.900000000001,31665.900000000001,31648.400000000001,31656.900000000001,411,210,0
EMPLOYMENT_20220902,EMPLOYMENT,2022-09-02,08:30:00,2022.09.02 12:30:00,2022.09.02 15:30:00,US100,0,1662121800,2022.09.02 12:30:00,2022.09.02 15:30:00,12283.950000000001,12284.950000000001,12269.950000000001,12270.950000000001,707,150,0
EMPLOYMENT_20220902,EMPLOYMENT,2022-09-02,08:30:00,2022.09.02 12:30:00,2022.09.02 15:30:00,US100,5,1662122100,2022.09.02 12:35:00,2022.09.02 15:35:00,12270.700000000001,12271.450000000001,12265.200000000001,12269.700000000001,710,150,0
EMPLOYMENT_20220902,EMPLOYMENT,2022-09-02,08:30:00,2022.09.02 12:30:00,2022.09.02 15:30:00,US100,10,1662122400,2022.09.02 12:40:00,2022.09.02 15:40:00,12269.700000000001,12274.450000000001,12265.950000000001,12266.200000000001,503,150,0
EMPLOYMENT_20220902,EMPLOYMENT,2022-09-02,08:30:00,2022.09.02 12:30:00,2022.09.02 15:30:00,US100,15,1662122700,2022.09.02 12:45:00,2022.09.02 15:45:00,12266.200000000001,12275.200000000001,12265.200000000001,12269.700000000001,710,150,0
EMPLOYMENT_20220902,EMPLOYMENT,2022-09-02,08:30:00,2022.09.02 12:30:00,2022.09.02 15:30:00,US500,0,1662121800,2022.09.02 12:30:00,2022.09.02 15:30:00,3969.1700000000001,3969.6700000000001,3966.1700000000001,3966.4200000000001,249,50,0
EMPLOYMENT_20220902,EMPLOYMENT,2022-09-02,08:30:00,2022.09.02 12:30:00,2022.09.02 15:30:00,US500,5,1662122100,2022.09.02 12:35:00,2022.09.02 15:35:00,3966.4200000000001,3967.1700000000001,3965.4200000000001,3966.6700000000001,202,50,0
EMPLOYMENT_20220902,EMPLOYMENT,2022-09-02,08:30:00,2022.09.02 12:30:00,2022.09.02 15:30:00,US500,10,1662122400,2022.09.02 12:40:00,2022.09.02 15:40:00,3966.6700000000001,3967.9200000000001,3965.9200000000001,3965.9200000000001,186,50,0
EMPLOYMENT_20220902,EMPLOYMENT,2022-09-02,08:30:00,2022.09.02 12:30:00,2022.09.02 15:30:00,US500,15,1662122700,2022.09.02 12:45:00,2022.09.02 15:45:00,3965.9200000000001,3968.4200000000001,3965.6700000000001,3967.0500000000002,246,50,0
EMPLOYMENT_20221007,EMPLOYMENT,2022-10-07,08:30:00,2022.10.07 12:30:00,2022.10.07 15:30:00,US30,0,1665145800,2022.10.07 12:30:00,2022.10.07 15:30:00,29978.900000000001,29995.900000000001,29973.900000000001,29995.900000000001,193,210,0
EMPLOYMENT_20221007,EMPLOYMENT,2022-10-07,08:30:00,2022.10.07 12:30:00,2022.10.07 15:30:00,US30,5,1665146100,2022.10.07 12:35:00,2022.10.07 15:35:00,29994.900000000001,30009.900000000001,29976.900000000001,30005.900000000001,233,210,0
EMPLOYMENT_20221007,EMPLOYMENT,2022-10-07,08:30:00,2022.10.07 12:30:00,2022.10.07 15:30:00,US30,10,1665146400,2022.10.07 12:40:00,2022.10.07 15:40:00,30004.900000000001,30006.900000000001,29986.900000000001,29994.900000000001,204,210,0
EMPLOYMENT_20221007,EMPLOYMENT,2022-10-07,08:30:00,2022.10.07 12:30:00,2022.10.07 15:30:00,US30,15,1665146700,2022.10.07 12:45:00,2022.10.07 15:45:00,29994.900000000001,29994.900000000001,29980.900000000001,29991.900000000001,180,210,0
EMPLOYMENT_20221007,EMPLOYMENT,2022-10-07,08:30:00,2022.10.07 12:30:00,2022.10.07 15:30:00,US100,0,1665145800,2022.10.07 12:30:00,2022.10.07 15:30:00,11455.6,11464.6,11451.6,11462.6,384,150,0
EMPLOYMENT_20221007,EMPLOYMENT,2022-10-07,08:30:00,2022.10.07 12:30:00,2022.10.07 15:30:00,US100,5,1665146100,2022.10.07 12:35:00,2022.10.07 15:35:00,11462.35,11471.1,11454.6,11469.35,395,150,0
EMPLOYMENT_20221007,EMPLOYMENT,2022-10-07,08:30:00,2022.10.07 12:30:00,2022.10.07 15:30:00,US100,10,1665146400,2022.10.07 12:40:00,2022.10.07 15:40:00,11469.35,11470.1,11460.6,11464.1,397,150,0
EMPLOYMENT_20221007,EMPLOYMENT,2022-10-07,08:30:00,2022.10.07 12:30:00,2022.10.07 15:30:00,US100,15,1665146700,2022.10.07 12:45:00,2022.10.07 15:45:00,11464.1,11464.35,11455.85,11458.85,336,150,0
EMPLOYMENT_20221007,EMPLOYMENT,2022-10-07,08:30:00,2022.10.07 12:30:00,2022.10.07 15:30:00,US500,0,1665145800,2022.10.07 12:30:00,2022.10.07 15:30:00,3744.5700000000002,3746.8200000000002,3743.6999999999998,3746.6999999999998,178,50,0
EMPLOYMENT_20221007,EMPLOYMENT,2022-10-07,08:30:00,2022.10.07 12:30:00,2022.10.07 15:30:00,US500,5,1665146100,2022.10.07 12:35:00,2022.10.07 15:35:00,3746.5700000000002,3748.5700000000002,3744.1999999999998,3748.3200000000002,168,50,0
EMPLOYMENT_20221007,EMPLOYMENT,2022-10-07,08:30:00,2022.10.07 12:30:00,2022.10.07 15:30:00,US500,10,1665146400,2022.10.07 12:40:00,2022.10.07 15:40:00,3748.1999999999998,3748.3200000000002,3745.6999999999998,3746.8200000000002,239,50,0
EMPLOYMENT_20221007,EMPLOYMENT,2022-10-07,08:30:00,2022.10.07 12:30:00,2022.10.07 15:30:00,US500,15,1665146700,2022.10.07 12:45:00,2022.10.07 15:45:00,3746.6999999999998,3746.8200000000002,3744.6999999999998,3745.9499999999998,173,50,0
EMPLOYMENT_20221104,EMPLOYMENT,2022-11-04,08:30:00,2022.11.04 12:30:00,2022.11.04 14:30:00,US30,0,1667565000,2022.11.04 12:30:00,2022.11.04 14:30:00,32183.900000000001,32191.900000000001,32176.900000000001,32179.900000000001,403,210,0
EMPLOYMENT_20221104,EMPLOYMENT,2022-11-04,08:30:00,2022.11.04 12:30:00,2022.11.04 14:30:00,US30,5,1667565300,2022.11.04 12:35:00,2022.11.04 14:35:00,32180.400000000001,32191.900000000001,32169.900000000001,32176.900000000001,392,210,0
EMPLOYMENT_20221104,EMPLOYMENT,2022-11-04,08:30:00,2022.11.04 12:30:00,2022.11.04 14:30:00,US30,10,1667565600,2022.11.04 12:40:00,2022.11.04 14:40:00,32176.900000000001,32195.900000000001,32176.900000000001,32192.400000000001,274,210,0
EMPLOYMENT_20221104,EMPLOYMENT,2022-11-04,08:30:00,2022.11.04 12:30:00,2022.11.04 14:30:00,US30,15,1667565900,2022.11.04 12:45:00,2022.11.04 14:45:00,32191.900000000001,32192.900000000001,32176.900000000001,32187.900000000001,289,210,0
EMPLOYMENT_20221104,EMPLOYMENT,2022-11-04,08:30:00,2022.11.04 12:30:00,2022.11.04 14:30:00,US100,0,1667565000,2022.11.04 12:30:00,2022.11.04 14:30:00,10777.700000000001,10781.950000000001,10772.450000000001,10772.950000000001,552,150,0
EMPLOYMENT_20221104,EMPLOYMENT,2022-11-04,08:30:00,2022.11.04 12:30:00,2022.11.04 14:30:00,US100,5,1667565300,2022.11.04 12:35:00,2022.11.04 14:35:00,10772.700000000001,10777.450000000001,10768.450000000001,10770.700000000001,512,150,0
EMPLOYMENT_20221104,EMPLOYMENT,2022-11-04,08:30:00,2022.11.04 12:30:00,2022.11.04 14:30:00,US100,10,1667565600,2022.11.04 12:40:00,2022.11.04 14:40:00,10770.700000000001,10782.200000000001,10769.700000000001,10781.200000000001,386,150,0
EMPLOYMENT_20221104,EMPLOYMENT,2022-11-04,08:30:00,2022.11.04 12:30:00,2022.11.04 14:30:00,US100,15,1667565900,2022.11.04 12:45:00,2022.11.04 14:45:00,10781.200000000001,10782.450000000001,10771.049999999999,10778.200000000001,387,150,0
EMPLOYMENT_20221104,EMPLOYMENT,2022-11-04,08:30:00,2022.11.04 12:30:00,2022.11.04 14:30:00,US500,0,1667565000,2022.11.04 12:30:00,2022.11.04 14:30:00,3746.1199999999999,3747.25,3745.1199999999999,3745.3699999999999,282,50,0
EMPLOYMENT_20221104,EMPLOYMENT,2022-11-04,08:30:00,2022.11.04 12:30:00,2022.11.04 14:30:00,US500,5,1667565300,2022.11.04 12:35:00,2022.11.04 14:35:00,3745.3699999999999,3746.8699999999999,3744.1199999999999,3744.8699999999999,257,50,0
EMPLOYMENT_20221104,EMPLOYMENT,2022-11-04,08:30:00,2022.11.04 12:30:00,2022.11.04 14:30:00,US500,10,1667565600,2022.11.04 12:40:00,2022.11.04 14:40:00,3744.8699999999999,3747.8699999999999,3744.8699999999999,3747.3699999999999,177,50,0
EMPLOYMENT_20221104,EMPLOYMENT,2022-11-04,08:30:00,2022.11.04 12:30:00,2022.11.04 14:30:00,US500,15,1667565900,2022.11.04 12:45:00,2022.11.04 14:45:00,3747.3699999999999,3747.6199999999999,3745.25,3746.8699999999999,155,50,0
EMPLOYMENT_20221202,EMPLOYMENT,2022-12-02,08:30:00,2022.12.02 13:30:00,2022.12.02 15:30:00,US30,0,1669987800,2022.12.02 13:30:00,2022.12.02 15:30:00,34356.400000000001,34366.400000000001,34352.900000000001,34361.900000000001,175,210,0
EMPLOYMENT_20221202,EMPLOYMENT,2022-12-02,08:30:00,2022.12.02 13:30:00,2022.12.02 15:30:00,US30,5,1669988100,2022.12.02 13:35:00,2022.12.02 15:35:00,34361.900000000001,34365.900000000001,34356.900000000001,34362.900000000001,165,210,0
EMPLOYMENT_20221202,EMPLOYMENT,2022-12-02,08:30:00,2022.12.02 13:30:00,2022.12.02 15:30:00,US30,10,1669988400,2022.12.02 13:40:00,2022.12.02 15:40:00,34362.900000000001,34367.900000000001,34354.900000000001,34363.400000000001,165,210,0
EMPLOYMENT_20221202,EMPLOYMENT,2022-12-02,08:30:00,2022.12.02 13:30:00,2022.12.02 15:30:00,US30,15,1669988700,2022.12.02 13:45:00,2022.12.02 15:45:00,34363.900000000001,34367.900000000001,34356.400000000001,34356.900000000001,175,210,0
EMPLOYMENT_20221202,EMPLOYMENT,2022-12-02,08:30:00,2022.12.02 13:30:00,2022.12.02 15:30:00,US100,0,1669987800,2022.12.02 13:30:00,2022.12.02 15:30:00,12028.35,12032.35,12025.35,12030.85,251,150,0
EMPLOYMENT_20221202,EMPLOYMENT,2022-12-02,08:30:00,2022.12.02 13:30:00,2022.12.02 15:30:00,US100,5,1669988100,2022.12.02 13:35:00,2022.12.02 15:35:00,12030.85,12032.1,12028.1,12031.1,254,150,0
EMPLOYMENT_20221202,EMPLOYMENT,2022-12-02,08:30:00,2022.12.02 13:30:00,2022.12.02 15:30:00,US100,10,1669988400,2022.12.02 13:40:00,2022.12.02 15:40:00,12030.85,12033.1,12027.35,12031.35,237,150,0
EMPLOYMENT_20221202,EMPLOYMENT,2022-12-02,08:30:00,2022.12.02 13:30:00,2022.12.02 15:30:00,US100,15,1669988700,2022.12.02 13:45:00,2022.12.02 15:45:00,12031.35,12033.35,12026.6,12028.6,258,150,0
EMPLOYMENT_20221202,EMPLOYMENT,2022-12-02,08:30:00,2022.12.02 13:30:00,2022.12.02 15:30:00,US500,0,1669987800,2022.12.02 13:30:00,2022.12.02 15:30:00,4075.4699999999998,4076.7199999999998,4074.9699999999998,4076.2199999999998,103,50,0
EMPLOYMENT_20221202,EMPLOYMENT,2022-12-02,08:30:00,2022.12.02 13:30:00,2022.12.02 15:30:00,US500,5,1669988100,2022.12.02 13:35:00,2022.12.02 15:35:00,4076.2199999999998,4076.7199999999998,4075.4699999999998,4076.4699999999998,72,50,0
EMPLOYMENT_20221202,EMPLOYMENT,2022-12-02,08:30:00,2022.12.02 13:30:00,2022.12.02 15:30:00,US500,10,1669988400,2022.12.02 13:40:00,2022.12.02 15:40:00,4076.4699999999998,4076.9699999999998,4075.4699999999998,4076.4699999999998,65,50,0
EMPLOYMENT_20221202,EMPLOYMENT,2022-12-02,08:30:00,2022.12.02 13:30:00,2022.12.02 15:30:00,US500,15,1669988700,2022.12.02 13:45:00,2022.12.02 15:45:00,4076.4699999999998,4076.9699999999998,4075.4699999999998,4075.7199999999998,80,50,0
EMPLOYMENT_20230106,EMPLOYMENT,2023-01-06,08:30:00,2023.01.06 13:30:00,2023.01.06 15:30:00,US30,0,1673011800,2023.01.06 13:30:00,2023.01.06 15:30:00,32992.900000000001,33000.900000000001,32975.900000000001,32981.900000000001,169,210,0
EMPLOYMENT_20230106,EMPLOYMENT,2023-01-06,08:30:00,2023.01.06 13:30:00,2023.01.06 15:30:00,US30,5,1673012100,2023.01.06 13:35:00,2023.01.06 15:35:00,32979.900000000001,32982.900000000001,32960.400000000001,32967.900000000001,150,210,0
EMPLOYMENT_20230106,EMPLOYMENT,2023-01-06,08:30:00,2023.01.06 13:30:00,2023.01.06 15:30:00,US30,10,1673012400,2023.01.06 13:40:00,2023.01.06 15:40:00,32967.900000000001,32974.900000000001,32958.900000000001,32969.900000000001,151,210,0
EMPLOYMENT_20230106,EMPLOYMENT,2023-01-06,08:30:00,2023.01.06 13:30:00,2023.01.06 15:30:00,US30,15,1673012700,2023.01.06 13:45:00,2023.01.06 15:45:00,32969.900000000001,32978.900000000001,32963.900000000001,32973.900000000001,149,210,0
EMPLOYMENT_20230106,EMPLOYMENT,2023-01-06,08:30:00,2023.01.06 13:30:00,2023.01.06 15:30:00,US100,0,1673011800,2023.01.06 13:30:00,2023.01.06 15:30:00,10725.75,10730.75,10721.1,10725.9,312,150,0
EMPLOYMENT_20230106,EMPLOYMENT,2023-01-06,08:30:00,2023.01.06 13:30:00,2023.01.06 15:30:00,US100,5,1673012100,2023.01.06 13:35:00,2023.01.06 15:35:00,10725.25,10726.25,10709.5,10713.75,298,150,0
EMPLOYMENT_20230106,EMPLOYMENT,2023-01-06,08:30:00,2023.01.06 13:30:00,2023.01.06 15:30:00,US100,10,1673012400,2023.01.06 13:40:00,2023.01.06 15:40:00,10713.75,10715.75,10705.5,10713,302,150,0
EMPLOYMENT_20230106,EMPLOYMENT,2023-01-06,08:30:00,2023.01.06 13:30:00,2023.01.06 15:30:00,US100,15,1673012700,2023.01.06 13:45:00,2023.01.06 15:45:00,10713,10718.15,10708.5,10715.75,242,150,0
EMPLOYMENT_20230106,EMPLOYMENT,2023-01-06,08:30:00,2023.01.06 13:30:00,2023.01.06 15:30:00,US500,0,1673011800,2023.01.06 13:30:00,2023.01.06 15:30:00,3812.77,3814.02,3811.27,3812.02,121,50,0
EMPLOYMENT_20230106,EMPLOYMENT,2023-01-06,08:30:00,2023.01.06 13:30:00,2023.01.06 15:30:00,US500,5,1673012100,2023.01.06 13:35:00,2023.01.06 15:35:00,3812.02,3812.27,3808.02,3809.02,103,50,0
EMPLOYMENT_20230106,EMPLOYMENT,2023-01-06,08:30:00,2023.01.06 13:30:00,2023.01.06 15:30:00,US500,10,1673012400,2023.01.06 13:40:00,2023.01.06 15:40:00,3809.02,3809.77,3807.4000000000001,3809.27,119,50,0
EMPLOYMENT_20230106,EMPLOYMENT,2023-01-06,08:30:00,2023.01.06 13:30:00,2023.01.06 15:30:00,US500,15,1673012700,2023.01.06 13:45:00,2023.01.06 15:45:00,3809.27,3810.52,3808.4000000000001,3810.1500000000001,107,50,0
EMPLOYMENT_20230203,EMPLOYMENT,2023-02-03,08:30:00,2023.02.03 13:30:00,2023.02.03 15:30:00,US30,0,1675431000,2023.02.03 13:30:00,2023.02.03 15:30:00,33959.400000000001,33980.400000000001,33958.400000000001,33978.900000000001,192,210,0
EMPLOYMENT_20230203,EMPLOYMENT,2023-02-03,08:30:00,2023.02.03 13:30:00,2023.02.03 15:30:00,US30,5,1675431300,2023.02.03 13:35:00,2023.02.03 15:35:00,33977.900000000001,33980.900000000001,33969.900000000001,33976.900000000001,145,210,0
EMPLOYMENT_20230203,EMPLOYMENT,2023-02-03,08:30:00,2023.02.03 13:30:00,2023.02.03 15:30:00,US30,10,1675431600,2023.02.03 13:40:00,2023.02.03 15:40:00,33976.900000000001,33999.900000000001,33976.900000000001,33989.400000000001,190,210,0
EMPLOYMENT_20230203,EMPLOYMENT,2023-02-03,08:30:00,2023.02.03 13:30:00,2023.02.03 15:30:00,US30,15,1675431900,2023.02.03 13:45:00,2023.02.03 15:45:00,33989.400000000001,33992.900000000001,33965.900000000001,33965.900000000001,179,190,0
EMPLOYMENT_20230203,EMPLOYMENT,2023-02-03,08:30:00,2023.02.03 13:30:00,2023.02.03 15:30:00,US100,0,1675431000,2023.02.03 13:30:00,2023.02.03 15:30:00,12619.9,12639.15,12619.4,12637.9,394,150,0
EMPLOYMENT_20230203,EMPLOYMENT,2023-02-03,08:30:00,2023.02.03 13:30:00,2023.02.03 15:30:00,US100,5,1675431300,2023.02.03 13:35:00,2023.02.03 15:35:00,12637.65,12638.9,12629.65,12630.4,336,150,0
EMPLOYMENT_20230203,EMPLOYMENT,2023-02-03,08:30:00,2023.02.03 13:30:00,2023.02.03 15:30:00,US100,10,1675431600,2023.02.03 13:40:00,2023.02.03 15:40:00,12630.65,12638.15,12629.65,12631.9,295,150,0
EMPLOYMENT_20230203,EMPLOYMENT,2023-02-03,08:30:00,2023.02.03 13:30:00,2023.02.03 15:30:00,US100,15,1675431900,2023.02.03 13:45:00,2023.02.03 15:45:00,12631.9,12636.4,12618.9,12619.4,342,150,0
EMPLOYMENT_20230203,EMPLOYMENT,2023-02-03,08:30:00,2023.02.03 13:30:00,2023.02.03 15:30:00,US500,0,1675431000,2023.02.03 13:30:00,2023.02.03 15:30:00,4147.7200000000003,4151.4700000000003,4147.4700000000003,4151.2200000000003,109,50,0
EMPLOYMENT_20230203,EMPLOYMENT,2023-02-03,08:30:00,2023.02.03 13:30:00,2023.02.03 15:30:00,US500,5,1675431300,2023.02.03 13:35:00,2023.02.03 15:35:00,4150.9700000000003,4151.4700000000003,4149.4700000000003,4150.2200000000003,101,50,0
EMPLOYMENT_20230203,EMPLOYMENT,2023-02-03,08:30:00,2023.02.03 13:30:00,2023.02.03 15:30:00,US500,10,1675431600,2023.02.03 13:40:00,2023.02.03 15:40:00,4150.3500000000004,4152.4700000000003,4150.2200000000003,4151.2200000000003,84,50,0
EMPLOYMENT_20230203,EMPLOYMENT,2023-02-03,08:30:00,2023.02.03 13:30:00,2023.02.03 15:30:00,US500,15,1675431900,2023.02.03 13:45:00,2023.02.03 15:45:00,4151.2200000000003,4151.9700000000003,4147.7200000000003,4147.7200000000003,103,50,0
EMPLOYMENT_20230310,EMPLOYMENT,2023-03-10,08:30:00,2023.03.10 13:30:00,2023.03.10 15:30:00,US30,0,1678455000,2023.03.10 13:30:00,2023.03.10 15:30:00,32112.900000000001,32149.400000000001,32110.900000000001,32148.900000000001,268,210,0
EMPLOYMENT_20230310,EMPLOYMENT,2023-03-10,08:30:00,2023.03.10 13:30:00,2023.03.10 15:30:00,US30,5,1678455300,2023.03.10 13:35:00,2023.03.10 15:35:00,32148.900000000001,32185.900000000001,32142.900000000001,32184.900000000001,417,210,0
EMPLOYMENT_20230310,EMPLOYMENT,2023-03-10,08:30:00,2023.03.10 13:30:00,2023.03.10 15:30:00,US30,10,1678455600,2023.03.10 13:40:00,2023.03.10 15:40:00,32183.900000000001,32185.400000000001,32162.900000000001,32171.900000000001,331,210,0
EMPLOYMENT_20230310,EMPLOYMENT,2023-03-10,08:30:00,2023.03.10 13:30:00,2023.03.10 15:30:00,US30,15,1678455900,2023.03.10 13:45:00,2023.03.10 15:45:00,32170.900000000001,32186.900000000001,32170.900000000001,32184.900000000001,252,210,0
EMPLOYMENT_20230310,EMPLOYMENT,2023-03-10,08:30:00,2023.03.10 13:30:00,2023.03.10 15:30:00,US100,0,1678455000,2023.03.10 13:30:00,2023.03.10 15:30:00,12002,12024.25,12002,12023.5,332,150,0
EMPLOYMENT_20230310,EMPLOYMENT,2023-03-10,08:30:00,2023.03.10 13:30:00,2023.03.10 15:30:00,US100,5,1678455300,2023.03.10 13:35:00,2023.03.10 15:35:00,12023.5,12038.75,12023.5,12038.5,565,150,0
EMPLOYMENT_20230310,EMPLOYMENT,2023-03-10,08:30:00,2023.03.10 13:30:00,2023.03.10 15:30:00,US100,10,1678455600,2023.03.10 13:40:00,2023.03.10 15:40:00,12037.5,12047.5,12032.75,12034,537,150,0
EMPLOYMENT_20230310,EMPLOYMENT,2023-03-10,08:30:00,2023.03.10 13:30:00,2023.03.10 15:30:00,US100,15,1678455900,2023.03.10 13:45:00,2023.03.10 15:45:00,12034,12043.5,12033,12034.25,287,150,0
EMPLOYMENT_20230310,EMPLOYMENT,2023-03-10,08:30:00,2023.03.10 13:30:00,2023.03.10 15:30:00,US500,0,1678455000,2023.03.10 13:30:00,2023.03.10 15:30:00,3907.77,3913.77,3907.77,3913.77,95,50,0
EMPLOYMENT_20230310,EMPLOYMENT,2023-03-10,08:30:00,2023.03.10 13:30:00,2023.03.10 15:30:00,US500,5,1678455300,2023.03.10 13:35:00,2023.03.10 15:35:00,3913.77,3918.27,3913.52,3918.27,180,50,0
EMPLOYMENT_20230310,EMPLOYMENT,2023-03-10,08:30:00,2023.03.10 13:30:00,2023.03.10 15:30:00,US500,10,1678455600,2023.03.10 13:40:00,2023.03.10 15:40:00,3918.27,3919.02,3915.77,3916.77,153,50,0
EMPLOYMENT_20230310,EMPLOYMENT,2023-03-10,08:30:00,2023.03.10 13:30:00,2023.03.10 15:30:00,US500,15,1678455900,2023.03.10 13:45:00,2023.03.10 15:45:00,3916.77,3918.52,3916.77,3917.77,114,50,0
EMPLOYMENT_20230407,EMPLOYMENT,2023-04-07,08:30:00,2023.04.07 12:30:00,2023.04.07 15:30:00,US30,0,1680870600,2023.04.07 12:30:00,2023.04.07 15:30:00,33459.300000000003,33459.300000000003,33456.300000000003,33457.300000000003,28,210,0
EMPLOYMENT_20230407,EMPLOYMENT,2023-04-07,08:30:00,2023.04.07 12:30:00,2023.04.07 15:30:00,US30,5,1680870900,2023.04.07 12:35:00,2023.04.07 15:35:00,33457.300000000003,33460.400000000001,33456.300000000003,33459.300000000003,26,210,0
EMPLOYMENT_20230407,EMPLOYMENT,2023-04-07,08:30:00,2023.04.07 12:30:00,2023.04.07 15:30:00,US30,10,1680871200,2023.04.07 12:40:00,2023.04.07 15:40:00,33459.300000000003,33467.400000000001,33459.300000000003,33467.300000000003,63,210,0
EMPLOYMENT_20230407,EMPLOYMENT,2023-04-07,08:30:00,2023.04.07 12:30:00,2023.04.07 15:30:00,US30,15,1680871500,2023.04.07 12:45:00,2023.04.07 15:45:00,33467.300000000003,33468.300000000003,33464.300000000003,33464.300000000003,33,210,0
EMPLOYMENT_20230407,EMPLOYMENT,2023-04-07,08:30:00,2023.04.07 12:30:00,2023.04.07 15:30:00,US100,0,1680870600,2023.04.07 12:30:00,2023.04.07 15:30:00,13061.65,13062.4,13060.4,13061.65,68,150,0
EMPLOYMENT_20230407,EMPLOYMENT,2023-04-07,08:30:00,2023.04.07 12:30:00,2023.04.07 15:30:00,US100,5,1680870900,2023.04.07 12:35:00,2023.04.07 15:35:00,13061.4,13062.65,13060.65,13062.15,47,150,0
EMPLOYMENT_20230407,EMPLOYMENT,2023-04-07,08:30:00,2023.04.07 12:30:00,2023.04.07 15:30:00,US100,10,1680871200,2023.04.07 12:40:00,2023.04.07 15:40:00,13062.4,13065.65,13061.9,13064.4,100,150,0
EMPLOYMENT_20230407,EMPLOYMENT,2023-04-07,08:30:00,2023.04.07 12:30:00,2023.04.07 15:30:00,US100,15,1680871500,2023.04.07 12:45:00,2023.04.07 15:45:00,13064.4,13064.65,13061.4,13062.15,64,150,0
EMPLOYMENT_20230407,EMPLOYMENT,2023-04-07,08:30:00,2023.04.07 12:30:00,2023.04.07 15:30:00,US500,0,1680870600,2023.04.07 12:30:00,2023.04.07 15:30:00,4102.7200000000003,4102.9700000000003,4102.4700000000003,4102.4700000000003,19,50,0
EMPLOYMENT_20230407,EMPLOYMENT,2023-04-07,08:30:00,2023.04.07 12:30:00,2023.04.07 15:30:00,US500,5,1680870900,2023.04.07 12:35:00,2023.04.07 15:35:00,4102.4700000000003,4102.9700000000003,4102.4700000000003,4102.7200000000003,12,50,0
EMPLOYMENT_20230407,EMPLOYMENT,2023-04-07,08:30:00,2023.04.07 12:30:00,2023.04.07 15:30:00,US500,10,1680871200,2023.04.07 12:40:00,2023.04.07 15:40:00,4102.7200000000003,4103.9700000000003,4102.7200000000003,4103.6000000000004,20,50,0
EMPLOYMENT_20230407,EMPLOYMENT,2023-04-07,08:30:00,2023.04.07 12:30:00,2023.04.07 15:30:00,US500,15,1680871500,2023.04.07 12:45:00,2023.04.07 15:45:00,4103.6000000000004,4103.7200000000003,4102.9700000000003,4102.9700000000003,19,50,0
EMPLOYMENT_20230505,EMPLOYMENT,2023-05-05,08:30:00,2023.05.05 12:30:00,2023.05.05 15:30:00,US30,0,1683289800,2023.05.05 12:30:00,2023.05.05 15:30:00,33242.400000000001,33245.900000000001,33228.400000000001,33233.900000000001,227,210,0
EMPLOYMENT_20230505,EMPLOYMENT,2023-05-05,08:30:00,2023.05.05 12:30:00,2023.05.05 15:30:00,US30,5,1683290100,2023.05.05 12:35:00,2023.05.05 15:35:00,33234.400000000001,33239.900000000001,33226.900000000001,33233.900000000001,166,210,0
EMPLOYMENT_20230505,EMPLOYMENT,2023-05-05,08:30:00,2023.05.05 12:30:00,2023.05.05 15:30:00,US30,10,1683290400,2023.05.05 12:40:00,2023.05.05 15:40:00,33234.400000000001,33246.900000000001,33233.900000000001,33243.900000000001,212,210,0
EMPLOYMENT_20230505,EMPLOYMENT,2023-05-05,08:30:00,2023.05.05 12:30:00,2023.05.05 15:30:00,US30,15,1683290700,2023.05.05 12:45:00,2023.05.05 15:45:00,33244.900000000001,33252.900000000001,33243.900000000001,33249.900000000001,158,210,0
EMPLOYMENT_20230505,EMPLOYMENT,2023-05-05,08:30:00,2023.05.05 12:30:00,2023.05.05 15:30:00,US100,0,1683289800,2023.05.05 12:30:00,2023.05.05 15:30:00,13051.35,13053.6,13045.35,13050.1,278,150,0
EMPLOYMENT_20230505,EMPLOYMENT,2023-05-05,08:30:00,2023.05.05 12:30:00,2023.05.05 15:30:00,US100,5,1683290100,2023.05.05 12:35:00,2023.05.05 15:35:00,13050.1,13053.35,13048.85,13052.6,212,150,0
EMPLOYMENT_20230505,EMPLOYMENT,2023-05-05,08:30:00,2023.05.05 12:30:00,2023.05.05 15:30:00,US100,10,1683290400,2023.05.05 12:40:00,2023.05.05 15:40:00,13052.6,13059.1,13052.6,13056.1,226,150,0
EMPLOYMENT_20230505,EMPLOYMENT,2023-05-05,08:30:00,2023.05.05 12:30:00,2023.05.05 15:30:00,US100,15,1683290700,2023.05.05 12:45:00,2023.05.05 15:45:00,13056.1,13058.6,13054.35,13056.85,186,150,0
EMPLOYMENT_20230505,EMPLOYMENT,2023-05-05,08:30:00,2023.05.05 12:30:00,2023.05.05 15:30:00,US500,0,1683289800,2023.05.05 12:30:00,2023.05.05 15:30:00,4080.3200000000002,4080.5700000000002,4078.5700000000002,4079.3200000000002,72,50,0
EMPLOYMENT_20230505,EMPLOYMENT,2023-05-05,08:30:00,2023.05.05 12:30:00,2023.05.05 15:30:00,US500,5,1683290100,2023.05.05 12:35:00,2023.05.05 15:35:00,4079.3200000000002,4080.3200000000002,4078.8200000000002,4079.5700000000002,72,50,0
EMPLOYMENT_20230505,EMPLOYMENT,2023-05-05,08:30:00,2023.05.05 12:30:00,2023.05.05 15:30:00,US500,10,1683290400,2023.05.05 12:40:00,2023.05.05 15:40:00,4079.6999999999998,4081.3200000000002,4079.5700000000002,4081.0700000000002,72,50,0
EMPLOYMENT_20230505,EMPLOYMENT,2023-05-05,08:30:00,2023.05.05 12:30:00,2023.05.05 15:30:00,US500,15,1683290700,2023.05.05 12:45:00,2023.05.05 15:45:00,4081.0700000000002,4082.0700000000002,4081.0700000000002,4081.5700000000002,72,50,0
EMPLOYMENT_20230602,EMPLOYMENT,2023-06-02,08:30:00,2023.06.02 12:30:00,2023.06.02 15:30:00,US30,0,1685709000,2023.06.02 12:30:00,2023.06.02 15:30:00,33222.400000000001,33229.5,33219.5,33223.5,184,210,0
EMPLOYMENT_20230602,EMPLOYMENT,2023-06-02,08:30:00,2023.06.02 12:30:00,2023.06.02 15:30:00,US30,5,1685709300,2023.06.02 12:35:00,2023.06.02 15:35:00,33223.5,33225.5,33213.5,33217.5,175,210,0
EMPLOYMENT_20230602,EMPLOYMENT,2023-06-02,08:30:00,2023.06.02 12:30:00,2023.06.02 15:30:00,US30,10,1685709600,2023.06.02 12:40:00,2023.06.02 15:40:00,33217.5,33218.5,33209.5,33210.5,181,210,0
EMPLOYMENT_20230602,EMPLOYMENT,2023-06-02,08:30:00,2023.06.02 12:30:00,2023.06.02 15:30:00,US30,15,1685709900,2023.06.02 12:45:00,2023.06.02 15:45:00,33211.400000000001,33211.5,33203.5,33205.5,149,210,0
EMPLOYMENT_20230602,EMPLOYMENT,2023-06-02,08:30:00,2023.06.02 12:30:00,2023.06.02 15:30:00,US100,0,1685709000,2023.06.02 12:30:00,2023.06.02 15:30:00,14529.65,14531.4,14523.9,14524.65,239,150,0
EMPLOYMENT_20230602,EMPLOYMENT,2023-06-02,08:30:00,2023.06.02 12:30:00,2023.06.02 15:30:00,US100,5,1685709300,2023.06.02 12:35:00,2023.06.02 15:35:00,14524.65,14528.9,14522.15,14526.65,197,150,0
EMPLOYMENT_20230602,EMPLOYMENT,2023-06-02,08:30:00,2023.06.02 12:30:00,2023.06.02 15:30:00,US100,10,1685709600,2023.06.02 12:40:00,2023.06.02 15:40:00,14526.65,14526.9,14515.65,14517.4,241,150,0
EMPLOYMENT_20230602,EMPLOYMENT,2023-06-02,08:30:00,2023.06.02 12:30:00,2023.06.02 15:30:00,US100,15,1685709900,2023.06.02 12:45:00,2023.06.02 15:45:00,14517.4,14520.15,14515.15,14517.65,216,150,0
EMPLOYMENT_20230602,EMPLOYMENT,2023-06-02,08:30:00,2023.06.02 12:30:00,2023.06.02 15:30:00,US500,0,1685709000,2023.06.02 12:30:00,2023.06.02 15:30:00,4244.0200000000004,4244.7700000000004,4243.2700000000004,4243.2700000000004,69,50,0
EMPLOYMENT_20230602,EMPLOYMENT,2023-06-02,08:30:00,2023.06.02 12:30:00,2023.06.02 15:30:00,US500,5,1685709300,2023.06.02 12:35:00,2023.06.02 15:35:00,4243.2700000000004,4243.7700000000004,4242.2700000000004,4243.0200000000004,58,50,0
EMPLOYMENT_20230602,EMPLOYMENT,2023-06-02,08:30:00,2023.06.02 12:30:00,2023.06.02 15:30:00,US500,10,1685709600,2023.06.02 12:40:00,2023.06.02 15:40:00,4243.0200000000004,4243.2700000000004,4241.0200000000004,4241.2700000000004,78,50,0
EMPLOYMENT_20230602,EMPLOYMENT,2023-06-02,08:30:00,2023.06.02 12:30:00,2023.06.02 15:30:00,US500,15,1685709900,2023.06.02 12:45:00,2023.06.02 15:45:00,4241.2700000000004,4241.5200000000004,4240.7700000000004,4241.0200000000004,57,50,0
EMPLOYMENT_20230707,EMPLOYMENT,2023-07-07,08:30:00,2023.07.07 12:30:00,2023.07.07 15:30:00,US30,0,1688733000,2023.07.07 12:30:00,2023.07.07 15:30:00,33926.400000000001,33926.900000000001,33910.900000000001,33919.900000000001,154,210,0
EMPLOYMENT_20230707,EMPLOYMENT,2023-07-07,08:30:00,2023.07.07 12:30:00,2023.07.07 15:30:00,US30,5,1688733300,2023.07.07 12:35:00,2023.07.07 15:35:00,33919.900000000001,33930.400000000001,33918.400000000001,33924.900000000001,135,210,0
EMPLOYMENT_20230707,EMPLOYMENT,2023-07-07,08:30:00,2023.07.07 12:30:00,2023.07.07 15:30:00,US30,10,1688733600,2023.07.07 12:40:00,2023.07.07 15:40:00,33924.900000000001,33930.900000000001,33923.400000000001,33927.900000000001,124,210,0
EMPLOYMENT_20230707,EMPLOYMENT,2023-07-07,08:30:00,2023.07.07 12:30:00,2023.07.07 15:30:00,US30,15,1688733900,2023.07.07 12:45:00,2023.07.07 15:45:00,33927.900000000001,33930.900000000001,33923.900000000001,33923.900000000001,135,210,0
EMPLOYMENT_20230707,EMPLOYMENT,2023-07-07,08:30:00,2023.07.07 12:30:00,2023.07.07 15:30:00,US100,0,1688733000,2023.07.07 12:30:00,2023.07.07 15:30:00,15084.700000000001,15087.450000000001,15080.950000000001,15084.450000000001,214,150,0
EMPLOYMENT_20230707,EMPLOYMENT,2023-07-07,08:30:00,2023.07.07 12:30:00,2023.07.07 15:30:00,US100,5,1688733300,2023.07.07 12:35:00,2023.07.07 15:35:00,15084.450000000001,15087.450000000001,15081.950000000001,15083.200000000001,192,150,0
EMPLOYMENT_20230707,EMPLOYMENT,2023-07-07,08:30:00,2023.07.07 12:30:00,2023.07.07 15:30:00,US100,10,1688733600,2023.07.07 12:40:00,2023.07.07 15:40:00,15083.200000000001,15087.450000000001,15081.450000000001,15084.700000000001,165,150,0
EMPLOYMENT_20230707,EMPLOYMENT,2023-07-07,08:30:00,2023.07.07 12:30:00,2023.07.07 15:30:00,US100,15,1688733900,2023.07.07 12:45:00,2023.07.07 15:45:00,15084.700000000001,15087.450000000001,15081.799999999999,15082.950000000001,199,150,0
EMPLOYMENT_20230707,EMPLOYMENT,2023-07-07,08:30:00,2023.07.07 12:30:00,2023.07.07 15:30:00,US500,0,1688733000,2023.07.07 12:30:00,2023.07.07 15:30:00,4411.0200000000004,4411.2700000000004,4409.2700000000004,4410.5200000000004,54,50,0
EMPLOYMENT_20230707,EMPLOYMENT,2023-07-07,08:30:00,2023.07.07 12:30:00,2023.07.07 15:30:00,US500,5,1688733300,2023.07.07 12:35:00,2023.07.07 15:35:00,4410.5200000000004,4411.5200000000004,4410.2700000000004,4410.7700000000004,55,50,0
EMPLOYMENT_20230707,EMPLOYMENT,2023-07-07,08:30:00,2023.07.07 12:30:00,2023.07.07 15:30:00,US500,10,1688733600,2023.07.07 12:40:00,2023.07.07 15:40:00,4410.7700000000004,4411.7700000000004,4410.5200000000004,4411.0200000000004,55,50,0
EMPLOYMENT_20230707,EMPLOYMENT,2023-07-07,08:30:00,2023.07.07 12:30:00,2023.07.07 15:30:00,US500,15,1688733900,2023.07.07 12:45:00,2023.07.07 15:45:00,4411.0200000000004,4411.5200000000004,4410.5200000000004,4410.5200000000004,36,50,0
EMPLOYMENT_20230804,EMPLOYMENT,2023-08-04,08:30:00,2023.08.04 12:30:00,2023.08.04 15:30:00,US30,0,1691152200,2023.08.04 12:30:00,2023.08.04 15:30:00,35316.599999999999,35316.599999999999,35286.099999999999,35292.599999999999,234,170,0
EMPLOYMENT_20230804,EMPLOYMENT,2023-08-04,08:30:00,2023.08.04 12:30:00,2023.08.04 15:30:00,US30,5,1691152500,2023.08.04 12:35:00,2023.08.04 15:35:00,35292.599999999999,35298.099999999999,35283.099999999999,35297.099999999999,195,170,0
EMPLOYMENT_20230804,EMPLOYMENT,2023-08-04,08:30:00,2023.08.04 12:30:00,2023.08.04 15:30:00,US30,10,1691152800,2023.08.04 12:40:00,2023.08.04 15:40:00,35297.099999999999,35300.099999999999,35283.599999999999,35285.099999999999,206,170,0
EMPLOYMENT_20230804,EMPLOYMENT,2023-08-04,08:30:00,2023.08.04 12:30:00,2023.08.04 15:30:00,US30,15,1691153100,2023.08.04 12:45:00,2023.08.04 15:45:00,35285.599999999999,35295.099999999999,35285.099999999999,35288.599999999999,138,170,0
EMPLOYMENT_20230804,EMPLOYMENT,2023-08-04,08:30:00,2023.08.04 12:30:00,2023.08.04 15:30:00,US100,0,1691152200,2023.08.04 12:30:00,2023.08.04 15:30:00,15463.65,15464.65,15447.65,15450.15,272,150,0
EMPLOYMENT_20230804,EMPLOYMENT,2023-08-04,08:30:00,2023.08.04 12:30:00,2023.08.04 15:30:00,US100,5,1691152500,2023.08.04 12:35:00,2023.08.04 15:35:00,15449.9,15450.9,15443.4,15448.9,271,150,0
EMPLOYMENT_20230804,EMPLOYMENT,2023-08-04,08:30:00,2023.08.04 12:30:00,2023.08.04 15:30:00,US100,10,1691152800,2023.08.04 12:40:00,2023.08.04 15:40:00,15448.9,15452.65,15442.15,15443.4,279,150,0
EMPLOYMENT_20230804,EMPLOYMENT,2023-08-04,08:30:00,2023.08.04 12:30:00,2023.08.04 15:30:00,US100,15,1691153100,2023.08.04 12:45:00,2023.08.04 15:45:00,15443.65,15448.4,15440.4,15443.15,279,150,0
EMPLOYMENT_20230804,EMPLOYMENT,2023-08-04,08:30:00,2023.08.04 12:30:00,2023.08.04 15:30:00,US500,0,1691152200,2023.08.04 12:30:00,2023.08.04 15:30:00,4523.6700000000001,4523.6700000000001,4519.6700000000001,4520.4200000000001,88,50,0
EMPLOYMENT_20230804,EMPLOYMENT,2023-08-04,08:30:00,2023.08.04 12:30:00,2023.08.04 15:30:00,US500,5,1691152500,2023.08.04 12:35:00,2023.08.04 15:35:00,4520.4200000000001,4520.6700000000001,4518.9200000000001,4520.6700000000001,68,50,0
EMPLOYMENT_20230804,EMPLOYMENT,2023-08-04,08:30:00,2023.08.04 12:30:00,2023.08.04 15:30:00,US500,10,1691152800,2023.08.04 12:40:00,2023.08.04 15:40:00,4520.6700000000001,4521.4200000000001,4518.4200000000001,4518.9200000000001,92,50,0
EMPLOYMENT_20230804,EMPLOYMENT,2023-08-04,08:30:00,2023.08.04 12:30:00,2023.08.04 15:30:00,US500,15,1691153100,2023.08.04 12:45:00,2023.08.04 15:45:00,4518.9200000000001,4519.9200000000001,4518.5500000000002,4518.9200000000001,65,50,0
EMPLOYMENT_20230901,EMPLOYMENT,2023-09-01,08:30:00,2023.09.01 12:30:00,2023.09.01 15:30:00,US30,0,1693571400,2023.09.01 12:30:00,2023.09.01 15:30:00,34881.099999999999,34885.599999999999,34877.599999999999,34877.599999999999,171,170,0
EMPLOYMENT_20230901,EMPLOYMENT,2023-09-01,08:30:00,2023.09.01 12:30:00,2023.09.01 15:30:00,US30,5,1693571700,2023.09.01 12:35:00,2023.09.01 15:35:00,34876.599999999999,34885.099999999999,34868.599999999999,34885.099999999999,168,170,0
EMPLOYMENT_20230901,EMPLOYMENT,2023-09-01,08:30:00,2023.09.01 12:30:00,2023.09.01 15:30:00,US30,10,1693572000,2023.09.01 12:40:00,2023.09.01 15:40:00,34884.099999999999,34884.099999999999,34876.099999999999,34877.599999999999,140,170,0
EMPLOYMENT_20230901,EMPLOYMENT,2023-09-01,08:30:00,2023.09.01 12:30:00,2023.09.01 15:30:00,US30,15,1693572300,2023.09.01 12:45:00,2023.09.01 15:45:00,34877.099999999999,34884.599999999999,34876.599999999999,34884.099999999999,128,170,0
EMPLOYMENT_20230901,EMPLOYMENT,2023-09-01,08:30:00,2023.09.01 12:30:00,2023.09.01 15:30:00,US100,0,1693571400,2023.09.01 12:30:00,2023.09.01 15:30:00,15542.950000000001,15545.450000000001,15542.200000000001,15542.450000000001,189,150,0
EMPLOYMENT_20230901,EMPLOYMENT,2023-09-01,08:30:00,2023.09.01 12:30:00,2023.09.01 15:30:00,US100,5,1693571700,2023.09.01 12:35:00,2023.09.01 15:35:00,15542.450000000001,15543.950000000001,15536.450000000001,15543.700000000001,214,150,0
EMPLOYMENT_20230901,EMPLOYMENT,2023-09-01,08:30:00,2023.09.01 12:30:00,2023.09.01 15:30:00,US100,10,1693572000,2023.09.01 12:40:00,2023.09.01 15:40:00,15542.950000000001,15543.200000000001,15536.700000000001,15537.200000000001,181,150,0
EMPLOYMENT_20230901,EMPLOYMENT,2023-09-01,08:30:00,2023.09.01 12:30:00,2023.09.01 15:30:00,US100,15,1693572300,2023.09.01 12:45:00,2023.09.01 15:45:00,15536.950000000001,15541.950000000001,15536.700000000001,15539.700000000001,198,150,0
EMPLOYMENT_20230901,EMPLOYMENT,2023-09-01,08:30:00,2023.09.01 12:30:00,2023.09.01 15:30:00,US500,0,1693571400,2023.09.01 12:30:00,2023.09.01 15:30:00,4524.1700000000001,4524.6700000000001,4523.4200000000001,4523.4200000000001,81,50,0
EMPLOYMENT_20230901,EMPLOYMENT,2023-09-01,08:30:00,2023.09.01 12:30:00,2023.09.01 15:30:00,US500,5,1693571700,2023.09.01 12:35:00,2023.09.01 15:35:00,4523.4200000000001,4524.4200000000001,4522.1700000000001,4524.4200000000001,66,50,0
EMPLOYMENT_20230901,EMPLOYMENT,2023-09-01,08:30:00,2023.09.01 12:30:00,2023.09.01 15:30:00,US500,10,1693572000,2023.09.01 12:40:00,2023.09.01 15:40:00,4524.1700000000001,4524.1700000000001,4522.6700000000001,4522.9200000000001,74,50,0
EMPLOYMENT_20230901,EMPLOYMENT,2023-09-01,08:30:00,2023.09.01 12:30:00,2023.09.01 15:30:00,US500,15,1693572300,2023.09.01 12:45:00,2023.09.01 15:45:00,4522.9200000000001,4523.9200000000001,4522.9200000000001,4523.6700000000001,84,50,0
EMPLOYMENT_20231006,EMPLOYMENT,2023-10-06,08:30:00,2023.10.06 12:30:00,2023.10.06 15:30:00,US30,0,1696595400,2023.10.06 12:30:00,2023.10.06 15:30:00,33142.099999999999,33153.599999999999,33136.099999999999,33151.599999999999,193,170,0
EMPLOYMENT_20231006,EMPLOYMENT,2023-10-06,08:30:00,2023.10.06 12:30:00,2023.10.06 15:30:00,US30,5,1696595700,2023.10.06 12:35:00,2023.10.06 15:35:00,33151.099999999999,33154.599999999999,33139.099999999999,33140.099999999999,190,170,0
EMPLOYMENT_20231006,EMPLOYMENT,2023-10-06,08:30:00,2023.10.06 12:30:00,2023.10.06 15:30:00,US30,10,1696596000,2023.10.06 12:40:00,2023.10.06 15:40:00,33140.599999999999,33151.099999999999,33136.599999999999,33143.099999999999,225,170,0
EMPLOYMENT_20231006,EMPLOYMENT,2023-10-06,08:30:00,2023.10.06 12:30:00,2023.10.06 15:30:00,US30,15,1696596300,2023.10.06 12:45:00,2023.10.06 15:45:00,33143.599999999999,33145.099999999999,33132.099999999999,33135.099999999999,146,170,0
EMPLOYMENT_20231006,EMPLOYMENT,2023-10-06,08:30:00,2023.10.06 12:30:00,2023.10.06 15:30:00,US100,0,1696595400,2023.10.06 12:30:00,2023.10.06 15:30:00,14749.450000000001,14754.200000000001,14745.950000000001,14752.950000000001,242,150,0
EMPLOYMENT_20231006,EMPLOYMENT,2023-10-06,08:30:00,2023.10.06 12:30:00,2023.10.06 15:30:00,US100,5,1696595700,2023.10.06 12:35:00,2023.10.06 15:35:00,14752.950000000001,14754.200000000001,14742.950000000001,14743.950000000001,259,150,0
EMPLOYMENT_20231006,EMPLOYMENT,2023-10-06,08:30:00,2023.10.06 12:30:00,2023.10.06 15:30:00,US100,10,1696596000,2023.10.06 12:40:00,2023.10.06 15:40:00,14743.950000000001,14751.200000000001,14742.700000000001,14744.700000000001,280,150,0
EMPLOYMENT_20231006,EMPLOYMENT,2023-10-06,08:30:00,2023.10.06 12:30:00,2023.10.06 15:30:00,US100,15,1696596300,2023.10.06 12:45:00,2023.10.06 15:45:00,14745.200000000001,14746.200000000001,14739.200000000001,14740.700000000001,241,150,0
EMPLOYMENT_20231006,EMPLOYMENT,2023-10-06,08:30:00,2023.10.06 12:30:00,2023.10.06 15:30:00,US500,0,1696595400,2023.10.06 12:30:00,2023.10.06 15:30:00,4263.6199999999999,4264.8699999999999,4262.8699999999999,4264.6199999999999,85,50,0
EMPLOYMENT_20231006,EMPLOYMENT,2023-10-06,08:30:00,2023.10.06 12:30:00,2023.10.06 15:30:00,US500,5,1696595700,2023.10.06 12:35:00,2023.10.06 15:35:00,4264.6199999999999,4264.8699999999999,4262.6199999999999,4262.8699999999999,77,50,0
EMPLOYMENT_20231006,EMPLOYMENT,2023-10-06,08:30:00,2023.10.06 12:30:00,2023.10.06 15:30:00,US500,10,1696596000,2023.10.06 12:40:00,2023.10.06 15:40:00,4262.8699999999999,4264.3699999999999,4262.6199999999999,4263.1199999999999,87,50,0
EMPLOYMENT_20231006,EMPLOYMENT,2023-10-06,08:30:00,2023.10.06 12:30:00,2023.10.06 15:30:00,US500,15,1696596300,2023.10.06 12:45:00,2023.10.06 15:45:00,4263.3699999999999,4263.6199999999999,4261.8699999999999,4262.3699999999999,74,50,0
EMPLOYMENT_20231103,EMPLOYMENT,2023-11-03,08:30:00,2023.11.03 12:30:00,2023.11.03 14:30:00,US30,0,1699014600,2023.11.03 12:30:00,2023.11.03 14:30:00,33843.599999999999,33852.099999999999,33843.599999999999,33844.099999999999,181,170,0
EMPLOYMENT_20231103,EMPLOYMENT,2023-11-03,08:30:00,2023.11.03 12:30:00,2023.11.03 14:30:00,US30,5,1699014900,2023.11.03 12:35:00,2023.11.03 14:35:00,33843.599999999999,33850.599999999999,33843.099999999999,33847.099999999999,151,170,0
EMPLOYMENT_20231103,EMPLOYMENT,2023-11-03,08:30:00,2023.11.03 12:30:00,2023.11.03 14:30:00,US30,10,1699015200,2023.11.03 12:40:00,2023.11.03 14:40:00,33847.099999999999,33857.599999999999,33846.599999999999,33853.599999999999,162,170,0
EMPLOYMENT_20231103,EMPLOYMENT,2023-11-03,08:30:00,2023.11.03 12:30:00,2023.11.03 14:30:00,US30,15,1699015500,2023.11.03 12:45:00,2023.11.03 14:45:00,33854.099999999999,33865.599999999999,33853.099999999999,33864.599999999999,133,170,0
EMPLOYMENT_20231103,EMPLOYMENT,2023-11-03,08:30:00,2023.11.03 12:30:00,2023.11.03 14:30:00,US100,0,1699014600,2023.11.03 12:30:00,2023.11.03 14:30:00,14866.65,14869.9,14864.65,14865.15,226,150,0
EMPLOYMENT_20231103,EMPLOYMENT,2023-11-03,08:30:00,2023.11.03 12:30:00,2023.11.03 14:30:00,US100,5,1699014900,2023.11.03 12:35:00,2023.11.03 14:35:00,14864.9,14870.4,14863.65,14868.15,246,150,0
EMPLOYMENT_20231103,EMPLOYMENT,2023-11-03,08:30:00,2023.11.03 12:30:00,2023.11.03 14:30:00,US100,10,1699015200,2023.11.03 12:40:00,2023.11.03 14:40:00,14867.9,14875.15,14867.65,14873.15,227,150,0
EMPLOYMENT_20231103,EMPLOYMENT,2023-11-03,08:30:00,2023.11.03 12:30:00,2023.11.03 14:30:00,US100,15,1699015500,2023.11.03 12:45:00,2023.11.03 14:45:00,14873.15,14876.15,14872.65,14875.9,245,150,0
EMPLOYMENT_20231103,EMPLOYMENT,2023-11-03,08:30:00,2023.11.03 12:30:00,2023.11.03 14:30:00,US500,0,1699014600,2023.11.03 12:30:00,2023.11.03 14:30:00,4315.0699999999997,4315.8199999999997,4314.8199999999997,4314.8199999999997,71,50,0
EMPLOYMENT_20231103,EMPLOYMENT,2023-11-03,08:30:00,2023.11.03 12:30:00,2023.11.03 14:30:00,US500,5,1699014900,2023.11.03 12:35:00,2023.11.03 14:35:00,4314.8199999999997,4315.8199999999997,4314.5699999999997,4315.3199999999997,55,50,0
EMPLOYMENT_20231103,EMPLOYMENT,2023-11-03,08:30:00,2023.11.03 12:30:00,2023.11.03 14:30:00,US500,10,1699015200,2023.11.03 12:40:00,2023.11.03 14:40:00,4315.3199999999997,4316.5699999999997,4315.3199999999997,4316.0699999999997,52,50,0
EMPLOYMENT_20231103,EMPLOYMENT,2023-11-03,08:30:00,2023.11.03 12:30:00,2023.11.03 14:30:00,US500,15,1699015500,2023.11.03 12:45:00,2023.11.03 14:45:00,4316.0699999999997,4317.0699999999997,4316.0699999999997,4316.8199999999997,51,50,0
EMPLOYMENT_20231208,EMPLOYMENT,2023-12-08,08:30:00,2023.12.08 13:30:00,2023.12.08 15:30:00,US30,0,1702042200,2023.12.08 13:30:00,2023.12.08 15:30:00,36130.599999999999,36135,36129.800000000003,36133.099999999999,58,120,0
EMPLOYMENT_20231208,EMPLOYMENT,2023-12-08,08:30:00,2023.12.08 13:30:00,2023.12.08 15:30:00,US30,5,1702042500,2023.12.08 13:35:00,2023.12.08 15:35:00,36132.800000000003,36132.800000000003,36107.199999999997,36108.5,88,120,0
EMPLOYMENT_20231208,EMPLOYMENT,2023-12-08,08:30:00,2023.12.08 13:30:00,2023.12.08 15:30:00,US30,10,1702042800,2023.12.08 13:40:00,2023.12.08 15:40:00,36108.599999999999,36112.099999999999,36106.800000000003,36107,87,120,0
EMPLOYMENT_20231208,EMPLOYMENT,2023-12-08,08:30:00,2023.12.08 13:30:00,2023.12.08 15:30:00,US30,15,1702043100,2023.12.08 13:45:00,2023.12.08 15:45:00,36106.699999999997,36106.699999999997,36093.199999999997,36093.199999999997,99,120,0
EMPLOYMENT_20231208,EMPLOYMENT,2023-12-08,08:30:00,2023.12.08 13:30:00,2023.12.08 15:30:00,US100,0,1702042200,2023.12.08 13:30:00,2023.12.08 15:30:00,15985.549999999999,15990.299999999999,15984.9,15987.85,139,140,0
EMPLOYMENT_20231208,EMPLOYMENT,2023-12-08,08:30:00,2023.12.08 13:30:00,2023.12.08 15:30:00,US100,5,1702042500,2023.12.08 13:35:00,2023.12.08 15:35:00,15987.9,15988.049999999999,15974.25,15976.5,251,140,0
EMPLOYMENT_20231208,EMPLOYMENT,2023-12-08,08:30:00,2023.12.08 13:30:00,2023.12.08 15:30:00,US100,10,1702042800,2023.12.08 13:40:00,2023.12.08 15:40:00,15976.549999999999,15979.700000000001,15976.35,15977.75,124,140,0
EMPLOYMENT_20231208,EMPLOYMENT,2023-12-08,08:30:00,2023.12.08 13:30:00,2023.12.08 15:30:00,US100,15,1702043100,2023.12.08 13:45:00,2023.12.08 15:45:00,15978,15978,15968.85,15968.9,179,140,0
EMPLOYMENT_20231208,EMPLOYMENT,2023-12-08,08:30:00,2023.12.08 13:30:00,2023.12.08 15:30:00,US500,0,1702042200,2023.12.08 13:30:00,2023.12.08 15:30:00,4591.5200000000004,4592.5200000000004,4591.5200000000004,4592.2700000000004,26,50,0
EMPLOYMENT_20231208,EMPLOYMENT,2023-12-08,08:30:00,2023.12.08 13:30:00,2023.12.08 15:30:00,US500,5,1702042500,2023.12.08 13:35:00,2023.12.08 15:35:00,4592.2700000000004,4592.2700000000004,4589.0200000000004,4589.2700000000004,39,50,0
EMPLOYMENT_20231208,EMPLOYMENT,2023-12-08,08:30:00,2023.12.08 13:30:00,2023.12.08 15:30:00,US500,10,1702042800,2023.12.08 13:40:00,2023.12.08 15:40:00,4589.2700000000004,4589.7700000000004,4589.0200000000004,4589.0200000000004,28,50,0
EMPLOYMENT_20231208,EMPLOYMENT,2023-12-08,08:30:00,2023.12.08 13:30:00,2023.12.08 15:30:00,US500,15,1702043100,2023.12.08 13:45:00,2023.12.08 15:45:00,4589.0200000000004,4589.0200000000004,4587.0200000000004,4587.2700000000004,34,50,0
EMPLOYMENT_20240105,EMPLOYMENT,2024-01-05,08:30:00,2024.01.05 13:30:00,2024.01.05 15:30:00,US30,0,1704461400,2024.01.05 13:30:00,2024.01.05 15:30:00,37333.900000000001,37334.900000000001,37312.5,37314.699999999997,223,120,0
EMPLOYMENT_20240105,EMPLOYMENT,2024-01-05,08:30:00,2024.01.05 13:30:00,2024.01.05 15:30:00,US30,5,1704461700,2024.01.05 13:35:00,2024.01.05 15:35:00,37315.099999999999,37324,37308.199999999997,37323.199999999997,152,120,0
EMPLOYMENT_20240105,EMPLOYMENT,2024-01-05,08:30:00,2024.01.05 13:30:00,2024.01.05 15:30:00,US30,10,1704462000,2024.01.05 13:40:00,2024.01.05 15:40:00,37322.800000000003,37329.199999999997,37318.099999999999,37324.900000000001,150,120,0
EMPLOYMENT_20240105,EMPLOYMENT,2024-01-05,08:30:00,2024.01.05 13:30:00,2024.01.05 15:30:00,US30,15,1704462300,2024.01.05 13:45:00,2024.01.05 15:45:00,37324.099999999999,37336.900000000001,37321.800000000003,37328.599999999999,138,120,0
EMPLOYMENT_20240105,EMPLOYMENT,2024-01-05,08:30:00,2024.01.05 13:30:00,2024.01.05 15:30:00,US100,0,1704461400,2024.01.05 13:30:00,2024.01.05 15:30:00,16197.799999999999,16199.85,16192.549999999999,16193.450000000001,310,140,0
EMPLOYMENT_20240105,EMPLOYMENT,2024-01-05,08:30:00,2024.01.05 13:30:00,2024.01.05 15:30:00,US100,5,1704461700,2024.01.05 13:35:00,2024.01.05 15:35:00,16193.5,16197.15,16188,16196.200000000001,271,140,0
EMPLOYMENT_20240105,EMPLOYMENT,2024-01-05,08:30:00,2024.01.05 13:30:00,2024.01.05 15:30:00,US100,10,1704462000,2024.01.05 13:40:00,2024.01.05 15:40:00,16196.15,16199.049999999999,16193.700000000001,16197.35,237,140,0
EMPLOYMENT_20240105,EMPLOYMENT,2024-01-05,08:30:00,2024.01.05 13:30:00,2024.01.05 15:30:00,US100,15,1704462300,2024.01.05 13:45:00,2024.01.05 15:45:00,16197.299999999999,16203.35,16196.4,16199.65,155,140,0
EMPLOYMENT_20240105,EMPLOYMENT,2024-01-05,08:30:00,2024.01.05 13:30:00,2024.01.05 15:30:00,US500,0,1704461400,2024.01.05 13:30:00,2024.01.05 15:30:00,4674.9200000000001,4675.1700000000001,4672.6700000000001,4672.9200000000001,115,50,0
EMPLOYMENT_20240105,EMPLOYMENT,2024-01-05,08:30:00,2024.01.05 13:30:00,2024.01.05 15:30:00,US500,5,1704461700,2024.01.05 13:35:00,2024.01.05 15:35:00,4672.9200000000001,4673.9200000000001,4671.6700000000001,4673.9200000000001,58,50,0
EMPLOYMENT_20240105,EMPLOYMENT,2024-01-05,08:30:00,2024.01.05 13:30:00,2024.01.05 15:30:00,US500,10,1704462000,2024.01.05 13:40:00,2024.01.05 15:40:00,4673.9200000000001,4674.6700000000001,4673.1700000000001,4674.1700000000001,54,50,0
EMPLOYMENT_20240105,EMPLOYMENT,2024-01-05,08:30:00,2024.01.05 13:30:00,2024.01.05 15:30:00,US500,15,1704462300,2024.01.05 13:45:00,2024.01.05 15:45:00,4674.1700000000001,4676.1700000000001,4673.9200000000001,4675.1700000000001,39,50,0
EMPLOYMENT_20240202,EMPLOYMENT,2024-02-02,08:30:00,2024.02.02 13:30:00,2024.02.02 15:30:00,US30,0,1706880600,2024.02.02 13:30:00,2024.02.02 15:30:00,38527,38540.099999999999,38525.099999999999,38535.900000000001,95,130,0
EMPLOYMENT_20240202,EMPLOYMENT,2024-02-02,08:30:00,2024.02.02 13:30:00,2024.02.02 15:30:00,US30,5,1706880900,2024.02.02 13:35:00,2024.02.02 15:35:00,38536.099999999999,38546.5,38534.900000000001,38540.900000000001,100,120,0
EMPLOYMENT_20240202,EMPLOYMENT,2024-02-02,08:30:00,2024.02.02 13:30:00,2024.02.02 15:30:00,US30,10,1706881200,2024.02.02 13:40:00,2024.02.02 15:40:00,38540.599999999999,38541.300000000003,38535.699999999997,38541.099999999999,82,130,0
EMPLOYMENT_20240202,EMPLOYMENT,2024-02-02,08:30:00,2024.02.02 13:30:00,2024.02.02 15:30:00,US30,15,1706881500,2024.02.02 13:45:00,2024.02.02 15:45:00,38540.900000000001,38540.900000000001,38535,38537.400000000001,77,120,0
EMPLOYMENT_20240202,EMPLOYMENT,2024-02-02,08:30:00,2024.02.02 13:30:00,2024.02.02 15:30:00,US100,0,1706880600,2024.02.02 13:30:00,2024.02.02 15:30:00,17516.650000000001,17520.849999999999,17514.299999999999,17518.849999999999,220,140,0
EMPLOYMENT_20240202,EMPLOYMENT,2024-02-02,08:30:00,2024.02.02 13:30:00,2024.02.02 15:30:00,US100,5,1706880900,2024.02.02 13:35:00,2024.02.02 15:35:00,17518.650000000001,17520.650000000001,17515,17517.349999999999,143,140,0
EMPLOYMENT_20240202,EMPLOYMENT,2024-02-02,08:30:00,2024.02.02 13:30:00,2024.02.02 15:30:00,US100,10,1706881200,2024.02.02 13:40:00,2024.02.02 15:40:00,17516.950000000001,17521.099999999999,17514.25,17519.700000000001,185,140,0
EMPLOYMENT_20240202,EMPLOYMENT,2024-02-02,08:30:00,2024.02.02 13:30:00,2024.02.02 15:30:00,US100,15,1706881500,2024.02.02 13:45:00,2024.02.02 15:45:00,17520.150000000001,17520.150000000001,17513.900000000001,17517.349999999999,180,140,0
EMPLOYMENT_20240202,EMPLOYMENT,2024-02-02,08:30:00,2024.02.02 13:30:00,2024.02.02 15:30:00,US500,0,1706880600,2024.02.02 13:30:00,2024.02.02 15:30:00,4935.0200000000004,4936.7700000000004,4934.6499999999996,4936.0200000000004,46,50,0
EMPLOYMENT_20240202,EMPLOYMENT,2024-02-02,08:30:00,2024.02.02 13:30:00,2024.02.02 15:30:00,US500,5,1706880900,2024.02.02 13:35:00,2024.02.02 15:35:00,4936.0200000000004,4937.0699999999997,4935.7700000000004,4936.2700000000004,37,50,0
EMPLOYMENT_20240202,EMPLOYMENT,2024-02-02,08:30:00,2024.02.02 13:30:00,2024.02.02 15:30:00,US500,10,1706881200,2024.02.02 13:40:00,2024.02.02 15:40:00,4936.2700000000004,4936.7700000000004,4935.7700000000004,4936.7700000000004,38,50,0
EMPLOYMENT_20240202,EMPLOYMENT,2024-02-02,08:30:00,2024.02.02 13:30:00,2024.02.02 15:30:00,US500,15,1706881500,2024.02.02 13:45:00,2024.02.02 15:45:00,4936.7700000000004,4936.7700000000004,4935.7700000000004,4936.2700000000004,27,50,0
EMPLOYMENT_20240308,EMPLOYMENT,2024-03-08,08:30:00,2024.03.08 13:30:00,2024.03.08 15:30:00,US30,0,1709904600,2024.03.08 13:30:00,2024.03.08 15:30:00,38748.5,38750.800000000003,38737.300000000003,38737.300000000003,162,120,0
EMPLOYMENT_20240308,EMPLOYMENT,2024-03-08,08:30:00,2024.03.08 13:30:00,2024.03.08 15:30:00,US30,5,1709904900,2024.03.08 13:35:00,2024.03.08 15:35:00,38736.699999999997,38736.699999999997,38722.699999999997,38724.300000000003,152,120,0
EMPLOYMENT_20240308,EMPLOYMENT,2024-03-08,08:30:00,2024.03.08 13:30:00,2024.03.08 15:30:00,US30,10,1709905200,2024.03.08 13:40:00,2024.03.08 15:40:00,38725.300000000003,38725.599999999999,38714.599999999999,38715.599999999999,171,120,0
EMPLOYMENT_20240308,EMPLOYMENT,2024-03-08,08:30:00,2024.03.08 13:30:00,2024.03.08 15:30:00,US30,15,1709905500,2024.03.08 13:45:00,2024.03.08 15:45:00,38715.099999999999,38718.900000000001,38701.699999999997,38706.400000000001,209,120,0
EMPLOYMENT_20240308,EMPLOYMENT,2024-03-08,08:30:00,2024.03.08 13:30:00,2024.03.08 15:30:00,US100,0,1709904600,2024.03.08 13:30:00,2024.03.08 15:30:00,18278.700000000001,18281.950000000001,18271.5,18276.049999999999,406,140,0
EMPLOYMENT_20240308,EMPLOYMENT,2024-03-08,08:30:00,2024.03.08 13:30:00,2024.03.08 15:30:00,US100,5,1709904900,2024.03.08 13:35:00,2024.03.08 15:35:00,18276.099999999999,18276.25,18266,18268.450000000001,415,130,0
EMPLOYMENT_20240308,EMPLOYMENT,2024-03-08,08:30:00,2024.03.08 13:30:00,2024.03.08 15:30:00,US100,10,1709905200,2024.03.08 13:40:00,2024.03.08 15:40:00,18269.099999999999,18271.950000000001,18256,18269.049999999999,464,140,0
EMPLOYMENT_20240308,EMPLOYMENT,2024-03-08,08:30:00,2024.03.08 13:30:00,2024.03.08 15:30:00,US100,15,1709905500,2024.03.08 13:45:00,2024.03.08 15:45:00,18269.450000000001,18269.450000000001,18250.5,18254.599999999999,494,17,0
EMPLOYMENT_20240308,EMPLOYMENT,2024-03-08,08:30:00,2024.03.08 13:30:00,2024.03.08 15:30:00,US500,0,1709904600,2024.03.08 13:30:00,2024.03.08 15:30:00,5160.1400000000003,5160.3400000000001,5159.2399999999998,5159.29,99,46,0
EMPLOYMENT_20240308,EMPLOYMENT,2024-03-08,08:30:00,2024.03.08 13:30:00,2024.03.08 15:30:00,US500,5,1709904900,2024.03.08 13:35:00,2024.03.08 15:35:00,5159.0900000000001,5159.1400000000003,5157.3900000000003,5157.5900000000001,91,46,0
EMPLOYMENT_20240308,EMPLOYMENT,2024-03-08,08:30:00,2024.03.08 13:30:00,2024.03.08 15:30:00,US500,10,1709905200,2024.03.08 13:40:00,2024.03.08 15:40:00,5157.6899999999996,5157.79,5155.8900000000003,5156.79,141,46,0
EMPLOYMENT_20240308,EMPLOYMENT,2024-03-08,08:30:00,2024.03.08 13:30:00,2024.03.08 15:30:00,US500,15,1709905500,2024.03.08 13:45:00,2024.03.08 15:45:00,5156.7399999999998,5156.7399999999998,5153.5900000000001,5154.29,136,46,0
EMPLOYMENT_20240405,EMPLOYMENT,2024-04-05,08:30:00,2024.04.05 12:30:00,2024.04.05 15:30:00,US30,0,1712320200,2024.04.05 12:30:00,2024.04.05 15:30:00,38642.400000000001,38652.400000000001,38637.900000000001,38645.900000000001,206,120,0
EMPLOYMENT_20240405,EMPLOYMENT,2024-04-05,08:30:00,2024.04.05 12:30:00,2024.04.05 15:30:00,US30,5,1712320500,2024.04.05 12:35:00,2024.04.05 15:35:00,38645.800000000003,38649.400000000001,38634.699999999997,38647.599999999999,193,120,0
EMPLOYMENT_20240405,EMPLOYMENT,2024-04-05,08:30:00,2024.04.05 12:30:00,2024.04.05 15:30:00,US30,10,1712320800,2024.04.05 12:40:00,2024.04.05 15:40:00,38647.5,38653.400000000001,38639.699999999997,38644.199999999997,157,120,0
EMPLOYMENT_20240405,EMPLOYMENT,2024-04-05,08:30:00,2024.04.05 12:30:00,2024.04.05 15:30:00,US30,15,1712321100,2024.04.05 12:45:00,2024.04.05 15:45:00,38643.900000000001,38648.400000000001,38637.699999999997,38647.699999999997,147,120,0
EMPLOYMENT_20240405,EMPLOYMENT,2024-04-05,08:30:00,2024.04.05 12:30:00,2024.04.05 15:30:00,US100,0,1712320200,2024.04.05 12:30:00,2024.04.05 15:30:00,17927.799999999999,17932.700000000001,17924.150000000001,17927.200000000001,361,140,0
EMPLOYMENT_20240405,EMPLOYMENT,2024-04-05,08:30:00,2024.04.05 12:30:00,2024.04.05 15:30:00,US100,5,1712320500,2024.04.05 12:35:00,2024.04.05 15:35:00,17927,17932.150000000001,17923,17930.349999999999,301,130,0
EMPLOYMENT_20240405,EMPLOYMENT,2024-04-05,08:30:00,2024.04.05 12:30:00,2024.04.05 15:30:00,US100,10,1712320800,2024.04.05 12:40:00,2024.04.05 15:40:00,17930.150000000001,17932.849999999999,17925,17925.299999999999,239,140,0
EMPLOYMENT_20240405,EMPLOYMENT,2024-04-05,08:30:00,2024.04.05 12:30:00,2024.04.05 15:30:00,US100,15,1712321100,2024.04.05 12:45:00,2024.04.05 15:45:00,17925.5,17931,17923.150000000001,17929.75,228,140,0
EMPLOYMENT_20240405,EMPLOYMENT,2024-04-05,08:30:00,2024.04.05 12:30:00,2024.04.05 15:30:00,US500,0,1712320200,2024.04.05 12:30:00,2024.04.05 15:30:00,5159.3900000000003,5160.9399999999996,5158.79,5159.8400000000001,120,46,0
EMPLOYMENT_20240405,EMPLOYMENT,2024-04-05,08:30:00,2024.04.05 12:30:00,2024.04.05 15:30:00,US500,5,1712320500,2024.04.05 12:35:00,2024.04.05 15:35:00,5159.9399999999996,5160.6400000000003,5158.6400000000003,5160.3900000000003,108,41,0
EMPLOYMENT_20240405,EMPLOYMENT,2024-04-05,08:30:00,2024.04.05 12:30:00,2024.04.05 15:30:00,US500,10,1712320800,2024.04.05 12:40:00,2024.04.05 15:40:00,5160.3900000000003,5160.9399999999996,5159.29,5159.4399999999996,98,46,0
EMPLOYMENT_20240405,EMPLOYMENT,2024-04-05,08:30:00,2024.04.05 12:30:00,2024.04.05 15:30:00,US500,15,1712321100,2024.04.05 12:45:00,2024.04.05 15:45:00,5159.3900000000003,5160.4399999999996,5158.8900000000003,5160.1899999999996,83,46,0
EMPLOYMENT_20240503,EMPLOYMENT,2024-05-03,08:30:00,2024.05.03 12:30:00,2024.05.03 15:30:00,US30,0,1714739400,2024.05.03 12:30:00,2024.05.03 15:30:00,38498.300000000003,38509.199999999997,38497.400000000001,38507,134,120,0
EMPLOYMENT_20240503,EMPLOYMENT,2024-05-03,08:30:00,2024.05.03 12:30:00,2024.05.03 15:30:00,US30,5,1714739700,2024.05.03 12:35:00,2024.05.03 15:35:00,38506.800000000003,38525.099999999999,38503.599999999999,38518.599999999999,137,120,0
EMPLOYMENT_20240503,EMPLOYMENT,2024-05-03,08:30:00,2024.05.03 12:30:00,2024.05.03 15:30:00,US30,10,1714740000,2024.05.03 12:40:00,2024.05.03 15:40:00,38518.400000000001,38525.5,38517.300000000003,38525.5,87,120,0
EMPLOYMENT_20240503,EMPLOYMENT,2024-05-03,08:30:00,2024.05.03 12:30:00,2024.05.03 15:30:00,US30,15,1714740300,2024.05.03 12:45:00,2024.05.03 15:45:00,38526.300000000003,38526.400000000001,38520,38522.099999999999,75,120,0
EMPLOYMENT_20240503,EMPLOYMENT,2024-05-03,08:30:00,2024.05.03 12:30:00,2024.05.03 15:30:00,US100,0,1714739400,2024.05.03 12:30:00,2024.05.03 15:30:00,17620.75,17624.049999999999,17618.25,17621.549999999999,218,140,0
EMPLOYMENT_20240503,EMPLOYMENT,2024-05-03,08:30:00,2024.05.03 12:30:00,2024.05.03 15:30:00,US100,5,1714739700,2024.05.03 12:35:00,2024.05.03 15:35:00,17621.150000000001,17633.099999999999,17620.700000000001,17627.150000000001,263,140,0
EMPLOYMENT_20240503,EMPLOYMENT,2024-05-03,08:30:00,2024.05.03 12:30:00,2024.05.03 15:30:00,US100,10,1714740000,2024.05.03 12:40:00,2024.05.03 15:40:00,17627.25,17629.799999999999,17624.049999999999,17629.799999999999,203,140,0
EMPLOYMENT_20240503,EMPLOYMENT,2024-05-03,08:30:00,2024.05.03 12:30:00,2024.05.03 15:30:00,US100,15,1714740300,2024.05.03 12:45:00,2024.05.03 15:45:00,17630,17632.25,17626.75,17627,184,135,0
EMPLOYMENT_20240503,EMPLOYMENT,2024-05-03,08:30:00,2024.05.03 12:30:00,2024.05.03 15:30:00,US500,0,1714739400,2024.05.03 12:30:00,2024.05.03 15:30:00,5079.8699999999999,5081.1199999999999,5079.6199999999999,5080.6199999999999,77,50,0
EMPLOYMENT_20240503,EMPLOYMENT,2024-05-03,08:30:00,2024.05.03 12:30:00,2024.05.03 15:30:00,US500,5,1714739700,2024.05.03 12:35:00,2024.05.03 15:35:00,5080.6199999999999,5083.3699999999999,5080.1199999999999,5082.3699999999999,120,50,0
EMPLOYMENT_20240503,EMPLOYMENT,2024-05-03,08:30:00,2024.05.03 12:30:00,2024.05.03 15:30:00,US500,10,1714740000,2024.05.03 12:40:00,2024.05.03 15:40:00,5082.3699999999999,5083.1199999999999,5081.6199999999999,5083.1199999999999,62,50,0
EMPLOYMENT_20240503,EMPLOYMENT,2024-05-03,08:30:00,2024.05.03 12:30:00,2024.05.03 15:30:00,US500,15,1714740300,2024.05.03 12:45:00,2024.05.03 15:45:00,5083.1199999999999,5083.3699999999999,5082.1199999999999,5082.3699999999999,57,50,0
EMPLOYMENT_20240607,EMPLOYMENT,2024-06-07,08:30:00,2024.06.07 12:30:00,2024.06.07 15:30:00,US30,0,1717763400,2024.06.07 12:30:00,2024.06.07 15:30:00,38886.07,38889.32,38885.07,38887.07,270,110,0
EMPLOYMENT_20240607,EMPLOYMENT,2024-06-07,08:30:00,2024.06.07 12:30:00,2024.06.07 15:30:00,US30,5,1717763700,2024.06.07 12:35:00,2024.06.07 15:35:00,38887.07,38892.57,38881.07,38890.07,253,110,0
EMPLOYMENT_20240607,EMPLOYMENT,2024-06-07,08:30:00,2024.06.07 12:30:00,2024.06.07 15:30:00,US30,10,1717764000,2024.06.07 12:40:00,2024.06.07 15:40:00,38890.07,38891.07,38884.07,38888.07,172,110,0
EMPLOYMENT_20240607,EMPLOYMENT,2024-06-07,08:30:00,2024.06.07 12:30:00,2024.06.07 15:30:00,US30,15,1717764300,2024.06.07 12:45:00,2024.06.07 15:45:00,38888.32,38896.07,38888.32,38891.07,282,110,0
EMPLOYMENT_20240607,EMPLOYMENT,2024-06-07,08:30:00,2024.06.07 12:30:00,2024.06.07 15:30:00,US100,0,1717763400,2024.06.07 12:30:00,2024.06.07 15:30:00,19048.009999999998,19050.509999999998,19047.009999999998,19048.009999999998,546,125,0
EMPLOYMENT_20240607,EMPLOYMENT,2024-06-07,08:30:00,2024.06.07 12:30:00,2024.06.07 15:30:00,US100,5,1717763700,2024.06.07 12:35:00,2024.06.07 15:35:00,19048.009999999998,19049.880000000001,19043.880000000001,19046.259999999998,544,125,0
EMPLOYMENT_20240607,EMPLOYMENT,2024-06-07,08:30:00,2024.06.07 12:30:00,2024.06.07 15:30:00,US100,10,1717764000,2024.06.07 12:40:00,2024.06.07 15:40:00,19046.259999999998,19047.259999999998,19043.630000000001,19046.380000000001,481,125,0
EMPLOYMENT_20240607,EMPLOYMENT,2024-06-07,08:30:00,2024.06.07 12:30:00,2024.06.07 15:30:00,US100,15,1717764300,2024.06.07 12:45:00,2024.06.07 15:45:00,19046.259999999998,19050.880000000001,19046.259999999998,19049.009999999998,534,125,0
EMPLOYMENT_20240607,EMPLOYMENT,2024-06-07,08:30:00,2024.06.07 12:30:00,2024.06.07 15:30:00,US500,0,1717763400,2024.06.07 12:30:00,2024.06.07 15:30:00,5355.3999999999996,5355.8999999999996,5355.1499999999996,5355.3999999999996,87,44,0
EMPLOYMENT_20240607,EMPLOYMENT,2024-06-07,08:30:00,2024.06.07 12:30:00,2024.06.07 15:30:00,US500,5,1717763700,2024.06.07 12:35:00,2024.06.07 15:35:00,5355.3999999999996,5355.8999999999996,5354.6499999999996,5355.3999999999996,75,44,0
EMPLOYMENT_20240607,EMPLOYMENT,2024-06-07,08:30:00,2024.06.07 12:30:00,2024.06.07 15:30:00,US500,10,1717764000,2024.06.07 12:40:00,2024.06.07 15:40:00,5355.3999999999996,5355.6499999999996,5354.6499999999996,5355.6499999999996,71,44,0
EMPLOYMENT_20240607,EMPLOYMENT,2024-06-07,08:30:00,2024.06.07 12:30:00,2024.06.07 15:30:00,US500,15,1717764300,2024.06.07 12:45:00,2024.06.07 15:45:00,5355.6499999999996,5356.8999999999996,5355.6499999999996,5356.1499999999996,83,44,0
EMPLOYMENT_20240705,EMPLOYMENT,2024-07-05,08:30:00,2024.07.05 12:30:00,2024.07.05 15:30:00,US30,0,1720182600,2024.07.05 12:30:00,2024.07.05 15:30:00,39320.980000000003,39321.230000000003,39310.730000000003,39316.730000000003,180,110,0
EMPLOYMENT_20240705,EMPLOYMENT,2024-07-05,08:30:00,2024.07.05 12:30:00,2024.07.05 15:30:00,US30,5,1720182900,2024.07.05 12:35:00,2024.07.05 15:35:00,39316.980000000003,39320.730000000003,39314.730000000003,39316.980000000003,140,110,0
EMPLOYMENT_20240705,EMPLOYMENT,2024-07-05,08:30:00,2024.07.05 12:30:00,2024.07.05 15:30:00,US30,10,1720183200,2024.07.05 12:40:00,2024.07.05 15:40:00,39317.230000000003,39319.730000000003,39315.730000000003,39317.730000000003,128,110,0
EMPLOYMENT_20240705,EMPLOYMENT,2024-07-05,08:30:00,2024.07.05 12:30:00,2024.07.05 15:30:00,US30,15,1720183500,2024.07.05 12:45:00,2024.07.05 15:45:00,39317.730000000003,39321.480000000003,39312.230000000003,39319.730000000003,159,110,0
EMPLOYMENT_20240705,EMPLOYMENT,2024-07-05,08:30:00,2024.07.05 12:30:00,2024.07.05 15:30:00,US100,0,1720182600,2024.07.05 12:30:00,2024.07.05 15:30:00,20205.130000000001,20208.630000000001,20202.509999999998,20208.630000000001,465,125,0
EMPLOYMENT_20240705,EMPLOYMENT,2024-07-05,08:30:00,2024.07.05 12:30:00,2024.07.05 15:30:00,US100,5,1720182900,2024.07.05 12:35:00,2024.07.05 15:35:00,20208.630000000001,20214.380000000001,20208.380000000001,20210.509999999998,474,125,0
EMPLOYMENT_20240705,EMPLOYMENT,2024-07-05,08:30:00,2024.07.05 12:30:00,2024.07.05 15:30:00,US100,10,1720183200,2024.07.05 12:40:00,2024.07.05 15:40:00,20210.380000000001,20211.380000000001,20205.009999999998,20205.130000000001,394,125,0
EMPLOYMENT_20240705,EMPLOYMENT,2024-07-05,08:30:00,2024.07.05 12:30:00,2024.07.05 15:30:00,US100,15,1720183500,2024.07.05 12:45:00,2024.07.05 15:45:00,20205.130000000001,20205.130000000001,20200.509999999998,20204.130000000001,467,125,0
EMPLOYMENT_20240705,EMPLOYMENT,2024-07-05,08:30:00,2024.07.05 12:30:00,2024.07.05 15:30:00,US500,0,1720182600,2024.07.05 12:30:00,2024.07.05 15:30:00,5535.9099999999999,5536.2799999999997,5535.1599999999999,5536.2799999999997,71,44,0
EMPLOYMENT_20240705,EMPLOYMENT,2024-07-05,08:30:00,2024.07.05 12:30:00,2024.07.05 15:30:00,US500,5,1720182900,2024.07.05 12:35:00,2024.07.05 15:35:00,5536.4099999999999,5537.4099999999999,5535.9099999999999,5536.1599999999999,44,44,0
EMPLOYMENT_20240705,EMPLOYMENT,2024-07-05,08:30:00,2024.07.05 12:30:00,2024.07.05 15:30:00,US500,10,1720183200,2024.07.05 12:40:00,2024.07.05 15:40:00,5536.1599999999999,5536.1599999999999,5535.1599999999999,5535.4099999999999,28,44,0
EMPLOYMENT_20240705,EMPLOYMENT,2024-07-05,08:30:00,2024.07.05 12:30:00,2024.07.05 15:30:00,US500,15,1720183500,2024.07.05 12:45:00,2024.07.05 15:45:00,5535.4099999999999,5535.4099999999999,5534.1599999999999,5535.1599999999999,48,44,0
EMPLOYMENT_20240802,EMPLOYMENT,2024-08-02,08:30:00,2024.08.02 12:30:00,2024.08.02 15:30:00,US30,0,1722601800,2024.08.02 12:30:00,2024.08.02 15:30:00,40026.339999999997,40035.589999999997,40015.589999999997,40022.589999999997,458,110,0
EMPLOYMENT_20240802,EMPLOYMENT,2024-08-02,08:30:00,2024.08.02 12:30:00,2024.08.02 15:30:00,US30,5,1722602100,2024.08.02 12:35:00,2024.08.02 15:35:00,40022.589999999997,40057.839999999997,40022.339999999997,40049.839999999997,521,110,0
EMPLOYMENT_20240802,EMPLOYMENT,2024-08-02,08:30:00,2024.08.02 12:30:00,2024.08.02 15:30:00,US30,10,1722602400,2024.08.02 12:40:00,2024.08.02 15:40:00,40049.839999999997,40049.839999999997,40029.839999999997,40038.089999999997,408,110,0
EMPLOYMENT_20240802,EMPLOYMENT,2024-08-02,08:30:00,2024.08.02 12:30:00,2024.08.02 15:30:00,US30,15,1722602700,2024.08.02 12:45:00,2024.08.02 15:45:00,40038.089999999997,40039.839999999997,40021.089999999997,40021.589999999997,376,110,0
EMPLOYMENT_20240802,EMPLOYMENT,2024-08-02,08:30:00,2024.08.02 12:30:00,2024.08.02 15:30:00,US100,0,1722601800,2024.08.02 12:30:00,2024.08.02 15:30:00,18531.450000000001,18541.450000000001,18528.07,18536.450000000001,752,125,0
EMPLOYMENT_20240802,EMPLOYMENT,2024-08-02,08:30:00,2024.08.02 12:30:00,2024.08.02 15:30:00,US100,5,1722602100,2024.08.02 12:35:00,2024.08.02 15:35:00,18536.200000000001,18562.82,18532.82,18559.700000000001,875,125,0
EMPLOYMENT_20240802,EMPLOYMENT,2024-08-02,08:30:00,2024.08.02 12:30:00,2024.08.02 15:30:00,US100,10,1722602400,2024.08.02 12:40:00,2024.08.02 15:40:00,18559.57,18559.57,18538.950000000001,18546.07,626,125,0
EMPLOYMENT_20240802,EMPLOYMENT,2024-08-02,08:30:00,2024.08.02 12:30:00,2024.08.02 15:30:00,US100,15,1722602700,2024.08.02 12:45:00,2024.08.02 15:45:00,18546.07,18547.32,18529.32,18532.82,662,125,0
EMPLOYMENT_20240802,EMPLOYMENT,2024-08-02,08:30:00,2024.08.02 12:30:00,2024.08.02 15:30:00,US500,0,1722601800,2024.08.02 12:30:00,2024.08.02 15:30:00,5382.6899999999996,5384.6899999999996,5381.6899999999996,5382.9399999999996,243,44,0
EMPLOYMENT_20240802,EMPLOYMENT,2024-08-02,08:30:00,2024.08.02 12:30:00,2024.08.02 15:30:00,US500,5,1722602100,2024.08.02 12:35:00,2024.08.02 15:35:00,5382.6899999999996,5388.1899999999996,5382.4399999999996,5387.6899999999996,274,44,0
EMPLOYMENT_20240802,EMPLOYMENT,2024-08-02,08:30:00,2024.08.02 12:30:00,2024.08.02 15:30:00,US500,10,1722602400,2024.08.02 12:40:00,2024.08.02 15:40:00,5387.4399999999996,5387.4399999999996,5383.6899999999996,5384.9399999999996,173,44,0
EMPLOYMENT_20240802,EMPLOYMENT,2024-08-02,08:30:00,2024.08.02 12:30:00,2024.08.02 15:30:00,US500,15,1722602700,2024.08.02 12:45:00,2024.08.02 15:45:00,5384.9399999999996,5385.1899999999996,5382.1899999999996,5382.6899999999996,225,44,0
EMPLOYMENT_20240906,EMPLOYMENT,2024-09-06,08:30:00,2024.09.06 12:30:00,2024.09.06 15:30:00,US30,0,1725625800,2024.09.06 12:30:00,2024.09.06 15:30:00,40634.610000000001,40648.610000000001,40630.610000000001,40641.610000000001,190,110,0
EMPLOYMENT_20240906,EMPLOYMENT,2024-09-06,08:30:00,2024.09.06 12:30:00,2024.09.06 15:30:00,US30,5,1725626100,2024.09.06 12:35:00,2024.09.06 15:35:00,40641.610000000001,40641.610000000001,40631.610000000001,40634.610000000001,276,110,0
EMPLOYMENT_20240906,EMPLOYMENT,2024-09-06,08:30:00,2024.09.06 12:30:00,2024.09.06 15:30:00,US30,10,1725626400,2024.09.06 12:40:00,2024.09.06 15:40:00,40634.610000000001,40634.610000000001,40608.610000000001,40614.610000000001,461,110,0
EMPLOYMENT_20240906,EMPLOYMENT,2024-09-06,08:30:00,2024.09.06 12:30:00,2024.09.06 15:30:00,US30,15,1725626700,2024.09.06 12:45:00,2024.09.06 15:45:00,40614.610000000001,40638.610000000001,40612.860000000001,40633.610000000001,440,110,0
EMPLOYMENT_20240906,EMPLOYMENT,2024-09-06,08:30:00,2024.09.06 12:30:00,2024.09.06 15:30:00,US100,0,1725625800,2024.09.06 12:30:00,2024.09.06 15:30:00,18696.349999999999,18707.849999999999,18693.599999999999,18701.599999999999,363,125,0
EMPLOYMENT_20240906,EMPLOYMENT,2024-09-06,08:30:00,2024.09.06 12:30:00,2024.09.06 15:30:00,US100,5,1725626100,2024.09.06 12:35:00,2024.09.06 15:35:00,18701.599999999999,18703.349999999999,18692.599999999999,18697.599999999999,523,125,0
EMPLOYMENT_20240906,EMPLOYMENT,2024-09-06,08:30:00,2024.09.06 12:30:00,2024.09.06 15:30:00,US100,10,1725626400,2024.09.06 12:40:00,2024.09.06 15:40:00,18697.599999999999,18697.73,18683.849999999999,18693.099999999999,756,125,0
EMPLOYMENT_20240906,EMPLOYMENT,2024-09-06,08:30:00,2024.09.06 12:30:00,2024.09.06 15:30:00,US100,15,1725626700,2024.09.06 12:45:00,2024.09.06 15:45:00,18691.73,18715.48,18689.349999999999,18712.349999999999,759,125,0
EMPLOYMENT_20240906,EMPLOYMENT,2024-09-06,08:30:00,2024.09.06 12:30:00,2024.09.06 15:30:00,US500,0,1725625800,2024.09.06 12:30:00,2024.09.06 15:30:00,5466.4200000000001,5468.9200000000001,5465.6700000000001,5467.4200000000001,64,44,0
EMPLOYMENT_20240906,EMPLOYMENT,2024-09-06,08:30:00,2024.09.06 12:30:00,2024.09.06 15:30:00,US500,5,1725626100,2024.09.06 12:35:00,2024.09.06 15:35:00,5467.4200000000001,5467.6700000000001,5465.6700000000001,5466.4200000000001,88,44,0
EMPLOYMENT_20240906,EMPLOYMENT,2024-09-06,08:30:00,2024.09.06 12:30:00,2024.09.06 15:30:00,US500,10,1725626400,2024.09.06 12:40:00,2024.09.06 15:40:00,5466.4200000000001,5466.4200000000001,5463.1700000000001,5464.1700000000001,181,44,0
EMPLOYMENT_20240906,EMPLOYMENT,2024-09-06,08:30:00,2024.09.06 12:30:00,2024.09.06 15:30:00,US500,15,1725626700,2024.09.06 12:45:00,2024.09.06 15:45:00,5464.1700000000001,5468.9200000000001,5463.9200000000001,5468.1700000000001,168,44,0
EMPLOYMENT_20241004,EMPLOYMENT,2024-10-04,08:30:00,2024.10.04 12:30:00,2024.10.04 15:30:00,US30,0,1728045000,2024.10.04 12:30:00,2024.10.04 15:30:00,41970.82,41982.57,41966.57,41973.82,344,140,0
EMPLOYMENT_20241004,EMPLOYMENT,2024-10-04,08:30:00,2024.10.04 12:30:00,2024.10.04 15:30:00,US30,5,1728045300,2024.10.04 12:35:00,2024.10.04 15:35:00,41974.82,41975.32,41960.82,41964.32,296,140,0
EMPLOYMENT_20241004,EMPLOYMENT,2024-10-04,08:30:00,2024.10.04 12:30:00,2024.10.04 15:30:00,US30,10,1728045600,2024.10.04 12:40:00,2024.10.04 15:40:00,41964.32,41976.57,41962.07,41973.82,246,140,0
EMPLOYMENT_20241004,EMPLOYMENT,2024-10-04,08:30:00,2024.10.04 12:30:00,2024.10.04 15:30:00,US30,15,1728045900,2024.10.04 12:45:00,2024.10.04 15:45:00,41973.82,41979.57,41972.32,41977.32,244,140,0
EMPLOYMENT_20241004,EMPLOYMENT,2024-10-04,08:30:00,2024.10.04 12:30:00,2024.10.04 15:30:00,US100,0,1728045000,2024.10.04 12:30:00,2024.10.04 15:30:00,19813.419999999998,19824.799999999999,19810.049999999999,19819.049999999999,810,140,0
EMPLOYMENT_20241004,EMPLOYMENT,2024-10-04,08:30:00,2024.10.04 12:30:00,2024.10.04 15:30:00,US100,5,1728045300,2024.10.04 12:35:00,2024.10.04 15:35:00,19819.919999999998,19820.419999999998,19810.549999999999,19815.919999999998,630,140,0
EMPLOYMENT_20241004,EMPLOYMENT,2024-10-04,08:30:00,2024.10.04 12:30:00,2024.10.04 15:30:00,US100,10,1728045600,2024.10.04 12:40:00,2024.10.04 15:40:00,19815.919999999998,19824.919999999998,19814.299999999999,19820.299999999999,531,140,0
EMPLOYMENT_20241004,EMPLOYMENT,2024-10-04,08:30:00,2024.10.04 12:30:00,2024.10.04 15:30:00,US100,15,1728045900,2024.10.04 12:45:00,2024.10.04 15:45:00,19820.169999999998,19823.799999999999,19816.419999999998,19819.669999999998,537,140,0
EMPLOYMENT_20241004,EMPLOYMENT,2024-10-04,08:30:00,2024.10.04 12:30:00,2024.10.04 15:30:00,US500,0,1728045000,2024.10.04 12:30:00,2024.10.04 15:30:00,5700.8500000000004,5703.2299999999996,5700.2299999999996,5701.9799999999996,137,50,0
EMPLOYMENT_20241004,EMPLOYMENT,2024-10-04,08:30:00,2024.10.04 12:30:00,2024.10.04 15:30:00,US500,5,1728045300,2024.10.04 12:35:00,2024.10.04 15:35:00,5701.9799999999996,5702.2299999999996,5700.2299999999996,5700.9799999999996,138,50,0
EMPLOYMENT_20241004,EMPLOYMENT,2024-10-04,08:30:00,2024.10.04 12:30:00,2024.10.04 15:30:00,US500,10,1728045600,2024.10.04 12:40:00,2024.10.04 15:40:00,5700.9799999999996,5702.9799999999996,5700.7299999999996,5702.2299999999996,95,50,0
EMPLOYMENT_20241004,EMPLOYMENT,2024-10-04,08:30:00,2024.10.04 12:30:00,2024.10.04 15:30:00,US500,15,1728045900,2024.10.04 12:45:00,2024.10.04 15:45:00,5702.2299999999996,5702.9799999999996,5701.4799999999996,5702.2299999999996,108,50,0
EMPLOYMENT_20241101,EMPLOYMENT,2024-11-01,08:30:00,2024.11.01 12:30:00,2024.11.01 14:30:00,US30,0,1730464200,2024.11.01 12:30:00,2024.11.01 14:30:00,41875.629999999997,41876.629999999997,41865.629999999997,41870.879999999997,427,140,0
EMPLOYMENT_20241101,EMPLOYMENT,2024-11-01,08:30:00,2024.11.01 12:30:00,2024.11.01 14:30:00,US30,5,1730464500,2024.11.01 12:35:00,2024.11.01 14:35:00,41870.879999999997,41878.129999999997,41870.129999999997,41873.129999999997,340,140,0
EMPLOYMENT_20241101,EMPLOYMENT,2024-11-01,08:30:00,2024.11.01 12:30:00,2024.11.01 14:30:00,US30,10,1730464800,2024.11.01 12:40:00,2024.11.01 14:40:00,41873.129999999997,41879.629999999997,41868.129999999997,41873.129999999997,298,140,0
EMPLOYMENT_20241101,EMPLOYMENT,2024-11-01,08:30:00,2024.11.01 12:30:00,2024.11.01 14:30:00,US30,15,1730465100,2024.11.01 12:45:00,2024.11.01 14:45:00,41873.129999999997,41884.129999999997,41870.129999999997,41881.129999999997,254,140,0
EMPLOYMENT_20241101,EMPLOYMENT,2024-11-01,08:30:00,2024.11.01 12:30:00,2024.11.01 14:30:00,US100,0,1730464200,2024.11.01 12:30:00,2024.11.01 14:30:00,19989.860000000001,19990.360000000001,19975.110000000001,19978.110000000001,727,140,0
EMPLOYMENT_20241101,EMPLOYMENT,2024-11-01,08:30:00,2024.11.01 12:30:00,2024.11.01 14:30:00,US100,5,1730464500,2024.11.01 12:35:00,2024.11.01 14:35:00,19978.110000000001,19982.48,19970.110000000001,19972.23,656,140,0
EMPLOYMENT_20241101,EMPLOYMENT,2024-11-01,08:30:00,2024.11.01 12:30:00,2024.11.01 14:30:00,US100,10,1730464800,2024.11.01 12:40:00,2024.11.01 14:40:00,19972.23,19977.110000000001,19969.610000000001,19974.23,618,140,0
EMPLOYMENT_20241101,EMPLOYMENT,2024-11-01,08:30:00,2024.11.01 12:30:00,2024.11.01 14:30:00,US100,15,1730465100,2024.11.01 12:45:00,2024.11.01 14:45:00,19974.48,19977.98,19969.360000000001,19971.360000000001,628,140,0
EMPLOYMENT_20241101,EMPLOYMENT,2024-11-01,08:30:00,2024.11.01 12:30:00,2024.11.01 14:30:00,US500,0,1730464200,2024.11.01 12:30:00,2024.11.01 14:30:00,5726.3400000000001,5726.3400000000001,5723.5900000000001,5724.0900000000001,116,50,0
EMPLOYMENT_20241101,EMPLOYMENT,2024-11-01,08:30:00,2024.11.01 12:30:00,2024.11.01 14:30:00,US500,5,1730464500,2024.11.01 12:35:00,2024.11.01 14:35:00,5724.0900000000001,5725.0900000000001,5723.0900000000001,5723.5900000000001,91,50,0
EMPLOYMENT_20241101,EMPLOYMENT,2024-11-01,08:30:00,2024.11.01 12:30:00,2024.11.01 14:30:00,US500,10,1730464800,2024.11.01 12:40:00,2024.11.01 14:40:00,5723.5900000000001,5724.3400000000001,5722.8400000000001,5723.8400000000001,81,50,0
EMPLOYMENT_20241101,EMPLOYMENT,2024-11-01,08:30:00,2024.11.01 12:30:00,2024.11.01 14:30:00,US500,15,1730465100,2024.11.01 12:45:00,2024.11.01 14:45:00,5723.8400000000001,5725.0900000000001,5723.0900000000001,5724.3400000000001,109,50,0
EMPLOYMENT_20241206,EMPLOYMENT,2024-12-06,08:30:00,2024.12.06 13:30:00,2024.12.06 15:30:00,US30,0,1733491800,2024.12.06 13:30:00,2024.12.06 15:30:00,44758.800000000003,44763.550000000003,44756.800000000003,44761.800000000003,133,140,0
EMPLOYMENT_20241206,EMPLOYMENT,2024-12-06,08:30:00,2024.12.06 13:30:00,2024.12.06 15:30:00,US30,5,1733492100,2024.12.06 13:35:00,2024.12.06 15:35:00,44761.800000000003,44773.800000000003,44761.800000000003,44773.800000000003,155,140,0
EMPLOYMENT_20241206,EMPLOYMENT,2024-12-06,08:30:00,2024.12.06 13:30:00,2024.12.06 15:30:00,US30,10,1733492400,2024.12.06 13:40:00,2024.12.06 15:40:00,44773.800000000003,44774.800000000003,44756.800000000003,44764.800000000003,189,140,0
EMPLOYMENT_20241206,EMPLOYMENT,2024-12-06,08:30:00,2024.12.06 13:30:00,2024.12.06 15:30:00,US30,15,1733492700,2024.12.06 13:45:00,2024.12.06 15:45:00,44764.800000000003,44768.550000000003,44761.050000000003,44761.550000000003,134,140,0
EMPLOYMENT_20241206,EMPLOYMENT,2024-12-06,08:30:00,2024.12.06 13:30:00,2024.12.06 15:30:00,US100,0,1733491800,2024.12.06 13:30:00,2024.12.06 15:30:00,21419.23,21422.610000000001,21413.23,21413.73,419,140,0
EMPLOYMENT_20241206,EMPLOYMENT,2024-12-06,08:30:00,2024.12.06 13:30:00,2024.12.06 15:30:00,US100,5,1733492100,2024.12.06 13:35:00,2024.12.06 15:35:00,21413.860000000001,21423.98,21413.360000000001,21420.48,405,140,0
EMPLOYMENT_20241206,EMPLOYMENT,2024-12-06,08:30:00,2024.12.06 13:30:00,2024.12.06 15:30:00,US100,10,1733492400,2024.12.06 13:40:00,2024.12.06 15:40:00,21420.610000000001,21420.98,21409.23,21413.610000000001,509,140,0
EMPLOYMENT_20241206,EMPLOYMENT,2024-12-06,08:30:00,2024.12.06 13:30:00,2024.12.06 15:30:00,US100,15,1733492700,2024.12.06 13:45:00,2024.12.06 15:45:00,21413.610000000001,21418.110000000001,21411.860000000001,21415.73,356,140,0
EMPLOYMENT_20241206,EMPLOYMENT,2024-12-06,08:30:00,2024.12.06 13:30:00,2024.12.06 15:30:00,US500,0,1733491800,2024.12.06 13:30:00,2024.12.06 15:30:00,6070.8000000000002,6071.5500000000002,6070.3000000000002,6070.8000000000002,67,50,0
EMPLOYMENT_20241206,EMPLOYMENT,2024-12-06,08:30:00,2024.12.06 13:30:00,2024.12.06 15:30:00,US500,5,1733492100,2024.12.06 13:35:00,2024.12.06 15:35:00,6070.8000000000002,6072.3000000000002,6070.8000000000002,6072.3000000000002,33,50,0
EMPLOYMENT_20241206,EMPLOYMENT,2024-12-06,08:30:00,2024.12.06 13:30:00,2024.12.06 15:30:00,US500,10,1733492400,2024.12.06 13:40:00,2024.12.06 15:40:00,6072.3000000000002,6072.4200000000001,6069.8000000000002,6070.8000000000002,73,50,0
EMPLOYMENT_20241206,EMPLOYMENT,2024-12-06,08:30:00,2024.12.06 13:30:00,2024.12.06 15:30:00,US500,15,1733492700,2024.12.06 13:45:00,2024.12.06 15:45:00,6070.8000000000002,6071.0500000000002,6070.5500000000002,6070.5500000000002,59,50,0
EMPLOYMENT_20250110,EMPLOYMENT,2025-01-10,08:30:00,2025.01.10 13:30:00,2025.01.10 15:30:00,US30,0,1736515800,2025.01.10 13:30:00,2025.01.10 15:30:00,42523.870000000003,42530.620000000003,42511.870000000003,42520.620000000003,384,140,0
EMPLOYMENT_20250110,EMPLOYMENT,2025-01-10,08:30:00,2025.01.10 13:30:00,2025.01.10 15:30:00,US30,5,1736516100,2025.01.10 13:35:00,2025.01.10 15:35:00,42520.620000000003,42537.620000000003,42519.370000000003,42536.370000000003,378,140,0
EMPLOYMENT_20250110,EMPLOYMENT,2025-01-10,08:30:00,2025.01.10 13:30:00,2025.01.10 15:30:00,US30,10,1736516400,2025.01.10 13:40:00,2025.01.10 15:40:00,42536.370000000003,42539.620000000003,42519.620000000003,42520.620000000003,315,140,0
EMPLOYMENT_20250110,EMPLOYMENT,2025-01-10,08:30:00,2025.01.10 13:30:00,2025.01.10 15:30:00,US30,15,1736516700,2025.01.10 13:45:00,2025.01.10 15:45:00,42520.620000000003,42524.120000000003,42506.620000000003,42514.620000000003,364,140,0
EMPLOYMENT_20250110,EMPLOYMENT,2025-01-10,08:30:00,2025.01.10 13:30:00,2025.01.10 15:30:00,US100,0,1736515800,2025.01.10 13:30:00,2025.01.10 15:30:00,21116.380000000001,21122.009999999998,21105.130000000001,21109.630000000001,814,140,0
EMPLOYMENT_20250110,EMPLOYMENT,2025-01-10,08:30:00,2025.01.10 13:30:00,2025.01.10 15:30:00,US100,5,1736516100,2025.01.10 13:35:00,2025.01.10 15:35:00,21109.630000000001,21124.009999999998,21107.259999999998,21123.759999999998,733,140,0
EMPLOYMENT_20250110,EMPLOYMENT,2025-01-10,08:30:00,2025.01.10 13:30:00,2025.01.10 15:30:00,US100,10,1736516400,2025.01.10 13:40:00,2025.01.10 15:40:00,21123.509999999998,21125.259999999998,21107.880000000001,21109.380000000001,693,140,0
EMPLOYMENT_20250110,EMPLOYMENT,2025-01-10,08:30:00,2025.01.10 13:30:00,2025.01.10 15:30:00,US100,15,1736516700,2025.01.10 13:45:00,2025.01.10 15:45:00,21109.380000000001,21115.509999999998,21100.130000000001,21108.380000000001,673,140,0
EMPLOYMENT_20250110,EMPLOYMENT,2025-01-10,08:30:00,2025.01.10 13:30:00,2025.01.10 15:30:00,US500,0,1736515800,2025.01.10 13:30:00,2025.01.10 15:30:00,5897.7299999999996,5899.1000000000004,5895.9799999999996,5896.9799999999996,167,50,0
EMPLOYMENT_20250110,EMPLOYMENT,2025-01-10,08:30:00,2025.01.10 13:30:00,2025.01.10 15:30:00,US500,5,1736516100,2025.01.10 13:35:00,2025.01.10 15:35:00,5897.1000000000004,5899.6000000000004,5896.7299999999996,5899.4799999999996,154,50,0
EMPLOYMENT_20250110,EMPLOYMENT,2025-01-10,08:30:00,2025.01.10 13:30:00,2025.01.10 15:30:00,US500,10,1736516400,2025.01.10 13:40:00,2025.01.10 15:40:00,5899.4799999999996,5900.1000000000004,5896.8500000000004,5897.1000000000004,154,50,0
EMPLOYMENT_20250110,EMPLOYMENT,2025-01-10,08:30:00,2025.01.10 13:30:00,2025.01.10 15:30:00,US500,15,1736516700,2025.01.10 13:45:00,2025.01.10 15:45:00,5897.1000000000004,5898.1000000000004,5895.1000000000004,5896.4799999999996,138,50,0
EMPLOYMENT_20250207,EMPLOYMENT,2025-02-07,08:30:00,2025.02.07 13:30:00,2025.02.07 15:30:00,US30,0,1738935000,2025.02.07 13:30:00,2025.02.07 15:30:00,44727.389999999999,44728.889999999999,44721.389999999999,44724.889999999999,128,140,0
EMPLOYMENT_20250207,EMPLOYMENT,2025-02-07,08:30:00,2025.02.07 13:30:00,2025.02.07 15:30:00,US30,5,1738935300,2025.02.07 13:35:00,2025.02.07 15:35:00,44724.889999999999,44730.889999999999,44721.639999999999,44727.889999999999,131,140,0
EMPLOYMENT_20250207,EMPLOYMENT,2025-02-07,08:30:00,2025.02.07 13:30:00,2025.02.07 15:30:00,US30,10,1738935600,2025.02.07 13:40:00,2025.02.07 15:40:00,44727.889999999999,44739.389999999999,44727.639999999999,44739.139999999999,156,140,0
EMPLOYMENT_20250207,EMPLOYMENT,2025-02-07,08:30:00,2025.02.07 13:30:00,2025.02.07 15:30:00,US30,15,1738935900,2025.02.07 13:45:00,2025.02.07 15:45:00,44739.139999999999,44745.889999999999,44737.889999999999,44743.889999999999,145,140,0
EMPLOYMENT_20250207,EMPLOYMENT,2025-02-07,08:30:00,2025.02.07 13:30:00,2025.02.07 15:30:00,US100,0,1738935000,2025.02.07 13:30:00,2025.02.07 15:30:00,21721.959999999999,21731.459999999999,21720.709999999999,21728.959999999999,516,140,0
EMPLOYMENT_20250207,EMPLOYMENT,2025-02-07,08:30:00,2025.02.07 13:30:00,2025.02.07 15:30:00,US100,5,1738935300,2025.02.07 13:35:00,2025.02.07 15:35:00,21728.959999999999,21735.09,21728.959999999999,21731.84,407,140,0
EMPLOYMENT_20250207,EMPLOYMENT,2025-02-07,08:30:00,2025.02.07 13:30:00,2025.02.07 15:30:00,US100,10,1738935600,2025.02.07 13:40:00,2025.02.07 15:40:00,21731.959999999999,21740.84,21731.59,21740.34,459,140,0
EMPLOYMENT_20250207,EMPLOYMENT,2025-02-07,08:30:00,2025.02.07 13:30:00,2025.02.07 15:30:00,US100,15,1738935900,2025.02.07 13:45:00,2025.02.07 15:45:00,21740.59,21741.09,21736.09,21739.959999999999,451,140,0
EMPLOYMENT_20250207,EMPLOYMENT,2025-02-07,08:30:00,2025.02.07 13:30:00,2025.02.07 15:30:00,US500,0,1738935000,2025.02.07 13:30:00,2025.02.07 15:30:00,6072.75,6074,6072.5,6073.5,60,50,0
EMPLOYMENT_20250207,EMPLOYMENT,2025-02-07,08:30:00,2025.02.07 13:30:00,2025.02.07 15:30:00,US500,5,1738935300,2025.02.07 13:35:00,2025.02.07 15:35:00,6073.5,6074.5,6073.5,6074.25,48,50,0
EMPLOYMENT_20250207,EMPLOYMENT,2025-02-07,08:30:00,2025.02.07 13:30:00,2025.02.07 15:30:00,US500,10,1738935600,2025.02.07 13:40:00,2025.02.07 15:40:00,6074.25,6076,6074.25,6076,54,50,0
EMPLOYMENT_20250207,EMPLOYMENT,2025-02-07,08:30:00,2025.02.07 13:30:00,2025.02.07 15:30:00,US500,15,1738935900,2025.02.07 13:45:00,2025.02.07 15:45:00,6076,6076.6199999999999,6075.25,6076.5,43,50,0
EMPLOYMENT_20250307,EMPLOYMENT,2025-03-07,08:30:00,2025.03.07 13:30:00,2025.03.07 15:30:00,US30,0,1741354200,2025.03.07 13:30:00,2025.03.07 15:30:00,42638.139999999999,42656.139999999999,42633.139999999999,42647.139999999999,442,140,0
EMPLOYMENT_20250307,EMPLOYMENT,2025-03-07,08:30:00,2025.03.07 13:30:00,2025.03.07 15:30:00,US30,5,1741354500,2025.03.07 13:35:00,2025.03.07 15:35:00,42647.639999999999,42664.139999999999,42646.139999999999,42660.389999999999,428,140,0
EMPLOYMENT_20250307,EMPLOYMENT,2025-03-07,08:30:00,2025.03.07 13:30:00,2025.03.07 15:30:00,US30,10,1741354800,2025.03.07 13:40:00,2025.03.07 15:40:00,42660.139999999999,42660.139999999999,42632.139999999999,42640.639999999999,475,140,0
EMPLOYMENT_20250307,EMPLOYMENT,2025-03-07,08:30:00,2025.03.07 13:30:00,2025.03.07 15:30:00,US30,15,1741355100,2025.03.07 13:45:00,2025.03.07 15:45:00,42640.139999999999,42648.139999999999,42634.389999999999,42636.139999999999,385,140,0
EMPLOYMENT_20250307,EMPLOYMENT,2025-03-07,08:30:00,2025.03.07 13:30:00,2025.03.07 15:30:00,US100,0,1741354200,2025.03.07 13:30:00,2025.03.07 15:30:00,20137.130000000001,20150.380000000001,20132.25,20147,791,140,0
EMPLOYMENT_20250307,EMPLOYMENT,2025-03-07,08:30:00,2025.03.07 13:30:00,2025.03.07 15:30:00,US100,5,1741354500,2025.03.07 13:35:00,2025.03.07 15:35:00,20146.880000000001,20156.880000000001,20146.630000000001,20154.380000000001,762,140,0
EMPLOYMENT_20250307,EMPLOYMENT,2025-03-07,08:30:00,2025.03.07 13:30:00,2025.03.07 15:30:00,US100,10,1741354800,2025.03.07 13:40:00,2025.03.07 15:40:00,20154.380000000001,20154.380000000001,20132.630000000001,20136,885,140,0
EMPLOYMENT_20250307,EMPLOYMENT,2025-03-07,08:30:00,2025.03.07 13:30:00,2025.03.07 15:30:00,US100,15,1741355100,2025.03.07 13:45:00,2025.03.07 15:45:00,20136,20141.5,20132.25,20132.5,648,140,0
EMPLOYMENT_20250307,EMPLOYMENT,2025-03-07,08:30:00,2025.03.07 13:30:00,2025.03.07 15:30:00,US500,0,1741354200,2025.03.07 13:30:00,2025.03.07 15:30:00,5754.2799999999997,5758.0299999999997,5753.6499999999996,5757.0299999999997,184,50,0
EMPLOYMENT_20250307,EMPLOYMENT,2025-03-07,08:30:00,2025.03.07 13:30:00,2025.03.07 15:30:00,US500,5,1741354500,2025.03.07 13:35:00,2025.03.07 15:35:00,5757.0299999999997,5759.0299999999997,5757.0299999999997,5758.2799999999997,144,50,0
EMPLOYMENT_20250307,EMPLOYMENT,2025-03-07,08:30:00,2025.03.07 13:30:00,2025.03.07 15:30:00,US500,10,1741354800,2025.03.07 13:40:00,2025.03.07 15:40:00,5758.2799999999997,5758.2799999999997,5753.0299999999997,5754.5299999999997,232,50,0
EMPLOYMENT_20250307,EMPLOYMENT,2025-03-07,08:30:00,2025.03.07 13:30:00,2025.03.07 15:30:00,US500,15,1741355100,2025.03.07 13:45:00,2025.03.07 15:45:00,5754.5299999999997,5755.7799999999997,5753.7799999999997,5754.0299999999997,152,50,0
EMPLOYMENT_20250404,EMPLOYMENT,2025-04-04,08:30:00,2025.04.04 12:30:00,2025.04.04 15:30:00,US30,0,1743769800,2025.04.04 12:30:00,2025.04.04 15:30:00,40068.25,40106.75,40041.25,40098.25,1669,140,0
EMPLOYMENT_20250404,EMPLOYMENT,2025-04-04,08:30:00,2025.04.04 12:30:00,2025.04.04 15:30:00,US30,5,1743770100,2025.04.04 12:35:00,2025.04.04 15:35:00,40098.25,40136.75,40093,40098.25,1297,140,0
EMPLOYMENT_20250404,EMPLOYMENT,2025-04-04,08:30:00,2025.04.04 12:30:00,2025.04.04 15:30:00,US30,10,1743770400,2025.04.04 12:40:00,2025.04.04 15:40:00,40098.25,40129,40093,40094,1260,140,0
EMPLOYMENT_20250404,EMPLOYMENT,2025-04-04,08:30:00,2025.04.04 12:30:00,2025.04.04 15:30:00,US30,15,1743770700,2025.04.04 12:45:00,2025.04.04 15:45:00,40094.25,40124.5,40083.25,40109.25,1159,140,0
EMPLOYMENT_20250404,EMPLOYMENT,2025-04-04,08:30:00,2025.04.04 12:30:00,2025.04.04 15:30:00,US100,0,1743769800,2025.04.04 12:30:00,2025.04.04 15:30:00,18364.09,18387.84,18342.720000000001,18382.59,2526,140,0
EMPLOYMENT_20250404,EMPLOYMENT,2025-04-04,08:30:00,2025.04.04 12:30:00,2025.04.04 15:30:00,US100,5,1743770100,2025.04.04 12:35:00,2025.04.04 15:35:00,18382.59,18407.970000000001,18379.720000000001,18391.220000000001,2056,140,0
EMPLOYMENT_20250404,EMPLOYMENT,2025-04-04,08:30:00,2025.04.04 12:30:00,2025.04.04 15:30:00,US100,10,1743770400,2025.04.04 12:40:00,2025.04.04 15:40:00,18391.220000000001,18414.09,18388.470000000001,18393.09,1968,140,0
EMPLOYMENT_20250404,EMPLOYMENT,2025-04-04,08:30:00,2025.04.04 12:30:00,2025.04.04 15:30:00,US100,15,1743770700,2025.04.04 12:45:00,2025.04.04 15:45:00,18393.220000000001,18414.09,18386.34,18408.59,1843,140,0
EMPLOYMENT_20250404,EMPLOYMENT,2025-04-04,08:30:00,2025.04.04 12:30:00,2025.04.04 15:30:00,US500,0,1743769800,2025.04.04 12:30:00,2025.04.04 15:30:00,5339.0900000000001,5346.21,5333.46,5344.8400000000001,1022,50,0
EMPLOYMENT_20250404,EMPLOYMENT,2025-04-04,08:30:00,2025.04.04 12:30:00,2025.04.04 15:30:00,US500,5,1743770100,2025.04.04 12:35:00,2025.04.04 15:35:00,5344.8400000000001,5351.21,5344.0900000000001,5346.0900000000001,816,50,0
EMPLOYMENT_20250404,EMPLOYMENT,2025-04-04,08:30:00,2025.04.04 12:30:00,2025.04.04 15:30:00,US500,10,1743770400,2025.04.04 12:40:00,2025.04.04 15:40:00,5346.0900000000001,5352.0900000000001,5345.21,5346.5900000000001,716,50,0
EMPLOYMENT_20250404,EMPLOYMENT,2025-04-04,08:30:00,2025.04.04 12:30:00,2025.04.04 15:30:00,US500,15,1743770700,2025.04.04 12:45:00,2025.04.04 15:45:00,5346.5900000000001,5351.8400000000001,5344.71,5350.3400000000001,630,50,0
EMPLOYMENT_20250502,EMPLOYMENT,2025-05-02,08:30:00,2025.05.02 12:30:00,2025.05.02 15:30:00,US30,0,1746189000,2025.05.02 12:30:00,2025.05.02 15:30:00,40884.949999999997,40893.199999999997,40870.199999999997,40877.199999999997,444,140,0
EMPLOYMENT_20250502,EMPLOYMENT,2025-05-02,08:30:00,2025.05.02 12:30:00,2025.05.02 15:30:00,US30,5,1746189300,2025.05.02 12:35:00,2025.05.02 15:35:00,40877.199999999997,40881.449999999997,40869.949999999997,40874.199999999997,438,140,0
EMPLOYMENT_20250502,EMPLOYMENT,2025-05-02,08:30:00,2025.05.02 12:30:00,2025.05.02 15:30:00,US30,10,1746189600,2025.05.02 12:40:00,2025.05.02 15:40:00,40873.699999999997,40912.449999999997,40872.949999999997,40911.699999999997,579,140,0
EMPLOYMENT_20250502,EMPLOYMENT,2025-05-02,08:30:00,2025.05.02 12:30:00,2025.05.02 15:30:00,US30,15,1746189900,2025.05.02 12:45:00,2025.05.02 15:45:00,40911.699999999997,40941.199999999997,40899.949999999997,40931.699999999997,436,140,0
EMPLOYMENT_20250502,EMPLOYMENT,2025-05-02,08:30:00,2025.05.02 12:30:00,2025.05.02 15:30:00,US100,0,1746189000,2025.05.02 12:30:00,2025.05.02 15:30:00,19793.790000000001,19801.790000000001,19788.669999999998,19793.040000000001,976,140,0
EMPLOYMENT_20250502,EMPLOYMENT,2025-05-02,08:30:00,2025.05.02 12:30:00,2025.05.02 15:30:00,US100,5,1746189300,2025.05.02 12:35:00,2025.05.02 15:35:00,19792.669999999998,19799.669999999998,19788.419999999998,19794.540000000001,775,140,0
EMPLOYMENT_20250502,EMPLOYMENT,2025-05-02,08:30:00,2025.05.02 12:30:00,2025.05.02 15:30:00,US100,10,1746189600,2025.05.02 12:40:00,2025.05.02 15:40:00,19794.540000000001,19821.290000000001,19793.540000000001,19816.290000000001,1189,140,0
EMPLOYMENT_20250502,EMPLOYMENT,2025-05-02,08:30:00,2025.05.02 12:30:00,2025.05.02 15:30:00,US100,15,1746189900,2025.05.02 12:45:00,2025.05.02 15:45:00,19816.169999999998,19825.919999999998,19808.290000000001,19819.669999999998,1032,140,0
EMPLOYMENT_20250502,EMPLOYMENT,2025-05-02,08:30:00,2025.05.02 12:30:00,2025.05.02 15:30:00,US500,0,1746189000,2025.05.02 12:30:00,2025.05.02 15:30:00,5617.1099999999997,5618.8599999999997,5615.3599999999997,5616.3599999999997,273,50,0
EMPLOYMENT_20250502,EMPLOYMENT,2025-05-02,08:30:00,2025.05.02 12:30:00,2025.05.02 15:30:00,US500,5,1746189300,2025.05.02 12:35:00,2025.05.02 15:35:00,5616.3599999999997,5617.6099999999997,5615.3599999999997,5616.6099999999997,184,50,0
EMPLOYMENT_20250502,EMPLOYMENT,2025-05-02,08:30:00,2025.05.02 12:30:00,2025.05.02 15:30:00,US500,10,1746189600,2025.05.02 12:40:00,2025.05.02 15:40:00,5616.6099999999997,5622.8599999999997,5616.4799999999996,5621.7299999999996,323,50,0
EMPLOYMENT_20250502,EMPLOYMENT,2025-05-02,08:30:00,2025.05.02 12:30:00,2025.05.02 15:30:00,US500,15,1746189900,2025.05.02 12:45:00,2025.05.02 15:45:00,5621.7299999999996,5625.3599999999997,5619.9799999999996,5623.6099999999997,260,50,0
EMPLOYMENT_20250606,EMPLOYMENT,2025-06-06,08:30:00,2025.06.06 12:30:00,2025.06.06 15:30:00,US30,0,1749213000,2025.06.06 12:30:00,2025.06.06 15:30:00,42478.449999999997,42488.949999999997,42473.449999999997,42487.449999999997,146,150,0
EMPLOYMENT_20250606,EMPLOYMENT,2025-06-06,08:30:00,2025.06.06 12:30:00,2025.06.06 15:30:00,US30,5,1749213300,2025.06.06 12:35:00,2025.06.06 15:35:00,42487.949999999997,42491.050000000003,42485.949999999997,42488.050000000003,117,140,0
EMPLOYMENT_20250606,EMPLOYMENT,2025-06-06,08:30:00,2025.06.06 12:30:00,2025.06.06 15:30:00,US30,10,1749213600,2025.06.06 12:40:00,2025.06.06 15:40:00,42487.050000000003,42487.050000000003,42459.949999999997,42463.949999999997,171,140,0
EMPLOYMENT_20250606,EMPLOYMENT,2025-06-06,08:30:00,2025.06.06 12:30:00,2025.06.06 15:30:00,US30,15,1749213900,2025.06.06 12:45:00,2025.06.06 15:45:00,42464.949999999997,42473.949999999997,42464.949999999997,42468.949999999997,165,150,0
EMPLOYMENT_20250606,EMPLOYMENT,2025-06-06,08:30:00,2025.06.06 12:30:00,2025.06.06 15:30:00,US100,0,1749213000,2025.06.06 12:30:00,2025.06.06 15:30:00,21645.759999999998,21651.759999999998,21641.759999999998,21650.389999999999,580,140,0
EMPLOYMENT_20250606,EMPLOYMENT,2025-06-06,08:30:00,2025.06.06 12:30:00,2025.06.06 15:30:00,US100,5,1749213300,2025.06.06 12:35:00,2025.06.06 15:35:00,21650.389999999999,21655.639999999999,21650.009999999998,21653.139999999999,495,140,0
EMPLOYMENT_20250606,EMPLOYMENT,2025-06-06,08:30:00,2025.06.06 12:30:00,2025.06.06 15:30:00,US100,10,1749213600,2025.06.06 12:40:00,2025.06.06 15:40:00,21653.139999999999,21653.509999999998,21634.889999999999,21638.259999999998,668,140,0
EMPLOYMENT_20250606,EMPLOYMENT,2025-06-06,08:30:00,2025.06.06 12:30:00,2025.06.06 15:30:00,US100,15,1749213900,2025.06.06 12:45:00,2025.06.06 15:45:00,21638.389999999999,21646.759999999998,21638.139999999999,21645.639999999999,505,140,0
EMPLOYMENT_20250606,EMPLOYMENT,2025-06-06,08:30:00,2025.06.06 12:30:00,2025.06.06 15:30:00,US500,0,1749213000,2025.06.06 12:30:00,2025.06.06 15:30:00,5964.5299999999997,5965.7799999999997,5963.7799999999997,5965.5299999999997,96,50,0
EMPLOYMENT_20250606,EMPLOYMENT,2025-06-06,08:30:00,2025.06.06 12:30:00,2025.06.06 15:30:00,US500,5,1749213300,2025.06.06 12:35:00,2025.06.06 15:35:00,5965.5299999999997,5966.2799999999997,5965.5299999999997,5966.0299999999997,65,50,0
EMPLOYMENT_20250606,EMPLOYMENT,2025-06-06,08:30:00,2025.06.06 12:30:00,2025.06.06 15:30:00,US500,10,1749213600,2025.06.06 12:40:00,2025.06.06 15:40:00,5966.0299999999997,5966.0299999999997,5961.5299999999997,5962.0299999999997,142,50,0
EMPLOYMENT_20250606,EMPLOYMENT,2025-06-06,08:30:00,2025.06.06 12:30:00,2025.06.06 15:30:00,US500,15,1749213900,2025.06.06 12:45:00,2025.06.06 15:45:00,5962.0299999999997,5964.1499999999996,5962.0299999999997,5963.7799999999997,115,50,0
EMPLOYMENT_20250703,EMPLOYMENT,2025-07-03,08:30:00,2025.07.03 12:30:00,2025.07.03 15:30:00,US30,0,1751545800,2025.07.03 12:30:00,2025.07.03 15:30:00,44500.550000000003,44503.550000000003,44488.550000000003,44489.550000000003,176,140,0
EMPLOYMENT_20250703,EMPLOYMENT,2025-07-03,08:30:00,2025.07.03 12:30:00,2025.07.03 15:30:00,US30,5,1751546100,2025.07.03 12:35:00,2025.07.03 15:35:00,44489.050000000003,44494.050000000003,44482.550000000003,44489.050000000003,194,140,0
EMPLOYMENT_20250703,EMPLOYMENT,2025-07-03,08:30:00,2025.07.03 12:30:00,2025.07.03 15:30:00,US30,10,1751546400,2025.07.03 12:40:00,2025.07.03 15:40:00,44488.550000000003,44500.050000000003,44486.050000000003,44489.050000000003,185,140,0
EMPLOYMENT_20250703,EMPLOYMENT,2025-07-03,08:30:00,2025.07.03 12:30:00,2025.07.03 15:30:00,US30,15,1751546700,2025.07.03 12:45:00,2025.07.03 15:45:00,44488.550000000003,44502.550000000003,44487.550000000003,44499.550000000003,159,140,0
EMPLOYMENT_20250703,EMPLOYMENT,2025-07-03,08:30:00,2025.07.03 12:30:00,2025.07.03 15:30:00,US100,0,1751545800,2025.07.03 12:30:00,2025.07.03 15:30:00,22677.380000000001,22677.880000000001,22665.880000000001,22666.380000000001,498,140,0
EMPLOYMENT_20250703,EMPLOYMENT,2025-07-03,08:30:00,2025.07.03 12:30:00,2025.07.03 15:30:00,US100,5,1751546100,2025.07.03 12:35:00,2025.07.03 15:35:00,22666.380000000001,22670.880000000001,22661.380000000001,22661.75,539,140,0
EMPLOYMENT_20250703,EMPLOYMENT,2025-07-03,08:30:00,2025.07.03 12:30:00,2025.07.03 15:30:00,US100,10,1751546400,2025.07.03 12:40:00,2025.07.03 15:40:00,22661.75,22669.880000000001,22659.5,22662.130000000001,642,140,0
EMPLOYMENT_20250703,EMPLOYMENT,2025-07-03,08:30:00,2025.07.03 12:30:00,2025.07.03 15:30:00,US100,15,1751546700,2025.07.03 12:45:00,2025.07.03 15:45:00,22662.130000000001,22675.25,22661.25,22672.880000000001,522,140,0
EMPLOYMENT_20250703,EMPLOYMENT,2025-07-03,08:30:00,2025.07.03 12:30:00,2025.07.03 15:30:00,US500,0,1751545800,2025.07.03 12:30:00,2025.07.03 15:30:00,6234.21,6234.21,6231.71,6231.96,108,50,0
EMPLOYMENT_20250703,EMPLOYMENT,2025-07-03,08:30:00,2025.07.03 12:30:00,2025.07.03 15:30:00,US500,5,1751546100,2025.07.03 12:35:00,2025.07.03 15:35:00,6231.96,6232.71,6230.96,6231.21,129,50,0
EMPLOYMENT_20250703,EMPLOYMENT,2025-07-03,08:30:00,2025.07.03 12:30:00,2025.07.03 15:30:00,US500,10,1751546400,2025.07.03 12:40:00,2025.07.03 15:40:00,6231.21,6232.8299999999999,6230.46,6230.8299999999999,160,50,0
EMPLOYMENT_20250703,EMPLOYMENT,2025-07-03,08:30:00,2025.07.03 12:30:00,2025.07.03 15:30:00,US500,15,1751546700,2025.07.03 12:45:00,2025.07.03 15:45:00,6230.8299999999999,6233.46,6230.71,6232.8299999999999,101,50,0
EMPLOYMENT_20250801,EMPLOYMENT,2025-08-01,08:30:00,2025.08.01 12:30:00,2025.08.01 15:30:00,US30,0,1754051400,2025.08.01 12:30:00,2025.08.01 15:30:00,43743.949999999997,43750.449999999997,43723.949999999997,43725.949999999997,454,150,0
EMPLOYMENT_20250801,EMPLOYMENT,2025-08-01,08:30:00,2025.08.01 12:30:00,2025.08.01 15:30:00,US30,5,1754051700,2025.08.01 12:35:00,2025.08.01 15:35:00,43726.449999999997,43755.949999999997,43725.949999999997,43754.449999999997,405,160,0
EMPLOYMENT_20250801,EMPLOYMENT,2025-08-01,08:30:00,2025.08.01 12:30:00,2025.08.01 15:30:00,US30,10,1754052000,2025.08.01 12:40:00,2025.08.01 15:40:00,43755.949999999997,43766.949999999997,43744.449999999997,43755.949999999997,367,160,0
EMPLOYMENT_20250801,EMPLOYMENT,2025-08-01,08:30:00,2025.08.01 12:30:00,2025.08.01 15:30:00,US30,15,1754052300,2025.08.01 12:45:00,2025.08.01 15:45:00,43755.449999999997,43774.949999999997,43753.449999999997,43759.949999999997,334,150,0
EMPLOYMENT_20250801,EMPLOYMENT,2025-08-01,08:30:00,2025.08.01 12:30:00,2025.08.01 15:30:00,US100,0,1754051400,2025.08.01 12:30:00,2025.08.01 15:30:00,22980.650000000001,22999.900000000001,22973.650000000001,22992.02,1387,140,0
EMPLOYMENT_20250801,EMPLOYMENT,2025-08-01,08:30:00,2025.08.01 12:30:00,2025.08.01 15:30:00,US100,5,1754051700,2025.08.01 12:35:00,2025.08.01 15:35:00,22992.400000000001,23008.27,22988.400000000001,23007.150000000001,1246,140,0
EMPLOYMENT_20250801,EMPLOYMENT,2025-08-01,08:30:00,2025.08.01 12:30:00,2025.08.01 15:30:00,US100,10,1754052000,2025.08.01 12:40:00,2025.08.01 15:40:00,23006.77,23013.650000000001,22999.400000000001,23009.150000000001,1224,140,0
EMPLOYMENT_20250801,EMPLOYMENT,2025-08-01,08:30:00,2025.08.01 12:30:00,2025.08.01 15:30:00,US100,15,1754052300,2025.08.01 12:45:00,2025.08.01 15:45:00,23009.02,23020.650000000001,23007.150000000001,23016.650000000001,992,140,0
EMPLOYMENT_20250801,EMPLOYMENT,2025-08-01,08:30:00,2025.08.01 12:30:00,2025.08.01 15:30:00,US500,0,1754051400,2025.08.01 12:30:00,2025.08.01 15:30:00,6284.0799999999999,6286.8299999999999,6282.5799999999999,6284.3299999999999,400,50,0
EMPLOYMENT_20250801,EMPLOYMENT,2025-08-01,08:30:00,2025.08.01 12:30:00,2025.08.01 15:30:00,US500,5,1754051700,2025.08.01 12:35:00,2025.08.01 15:35:00,6284.3299999999999,6288.3299999999999,6283.8299999999999,6288.0799999999999,390,50,0
EMPLOYMENT_20250801,EMPLOYMENT,2025-08-01,08:30:00,2025.08.01 12:30:00,2025.08.01 15:30:00,US500,10,1754052000,2025.08.01 12:40:00,2025.08.01 15:40:00,6288.0799999999999,6289.5799999999999,6286.3299999999999,6288.1999999999998,308,50,0
EMPLOYMENT_20250801,EMPLOYMENT,2025-08-01,08:30:00,2025.08.01 12:30:00,2025.08.01 15:30:00,US500,15,1754052300,2025.08.01 12:45:00,2025.08.01 15:45:00,6288.1999999999998,6290.8299999999999,6287.8299999999999,6289.5799999999999,240,50,0
EMPLOYMENT_20250905,EMPLOYMENT,2025-09-05,08:30:00,2025.09.05 12:30:00,2025.09.05 15:30:00,US30,0,1757075400,2025.09.05 12:30:00,2025.09.05 15:30:00,45653.900000000001,45654.900000000001,45642.900000000001,45645.900000000001,88,120,0
EMPLOYMENT_20250905,EMPLOYMENT,2025-09-05,08:30:00,2025.09.05 12:30:00,2025.09.05 15:30:00,US30,5,1757075700,2025.09.05 12:35:00,2025.09.05 15:35:00,45645.900000000001,45650.900000000001,45641.900000000001,45645.900000000001,96,120,0
EMPLOYMENT_20250905,EMPLOYMENT,2025-09-05,08:30:00,2025.09.05 12:30:00,2025.09.05 15:30:00,US30,10,1757076000,2025.09.05 12:40:00,2025.09.05 15:40:00,45645.900000000001,45645.900000000001,45636.900000000001,45641.900000000001,73,120,0
EMPLOYMENT_20250905,EMPLOYMENT,2025-09-05,08:30:00,2025.09.05 12:30:00,2025.09.05 15:30:00,US30,15,1757076300,2025.09.05 12:45:00,2025.09.05 15:45:00,45641.900000000001,45642.900000000001,45632.900000000001,45633.900000000001,68,120,0
EMPLOYMENT_20250905,EMPLOYMENT,2025-09-05,08:30:00,2025.09.05 12:30:00,2025.09.05 15:30:00,US100,0,1757075400,2025.09.05 12:30:00,2025.09.05 15:30:00,23750.810000000001,23755.68,23748.810000000001,23754.68,384,140,0
EMPLOYMENT_20250905,EMPLOYMENT,2025-09-05,08:30:00,2025.09.05 12:30:00,2025.09.05 15:30:00,US100,5,1757075700,2025.09.05 12:35:00,2025.09.05 15:35:00,23754.68,23755.810000000001,23748.43,23750.93,337,140,0
EMPLOYMENT_20250905,EMPLOYMENT,2025-09-05,08:30:00,2025.09.05 12:30:00,2025.09.05 15:30:00,US100,10,1757076000,2025.09.05 12:40:00,2025.09.05 15:40:00,23750.68,23752.43,23745.93,23751.68,298,140,0
EMPLOYMENT_20250905,EMPLOYMENT,2025-09-05,08:30:00,2025.09.05 12:30:00,2025.09.05 15:30:00,US100,15,1757076300,2025.09.05 12:45:00,2025.09.05 15:45:00,23751.68,23754.560000000001,23748.68,23753.560000000001,297,140,0
EMPLOYMENT_20250905,EMPLOYMENT,2025-09-05,08:30:00,2025.09.05 12:30:00,2025.09.05 15:30:00,US500,0,1757075400,2025.09.05 12:30:00,2025.09.05 15:30:00,6516.6300000000001,6516.8800000000001,6516.1300000000001,6516.6300000000001,67,50,0
EMPLOYMENT_20250905,EMPLOYMENT,2025-09-05,08:30:00,2025.09.05 12:30:00,2025.09.05 15:30:00,US500,5,1757075700,2025.09.05 12:35:00,2025.09.05 15:35:00,6516.6300000000001,6517.1300000000001,6515.3800000000001,6515.8800000000001,63,50,0
EMPLOYMENT_20250905,EMPLOYMENT,2025-09-05,08:30:00,2025.09.05 12:30:00,2025.09.05 15:30:00,US500,10,1757076000,2025.09.05 12:40:00,2025.09.05 15:40:00,6515.8800000000001,6516.1300000000001,6514.8800000000001,6515.8800000000001,33,50,0
EMPLOYMENT_20250905,EMPLOYMENT,2025-09-05,08:30:00,2025.09.05 12:30:00,2025.09.05 15:30:00,US500,15,1757076300,2025.09.05 12:45:00,2025.09.05 15:45:00,6515.8800000000001,6516.1300000000001,6515.3800000000001,6515.8800000000001,39,50,0
EMPLOYMENT_20251120,EMPLOYMENT,2025-11-20,08:30:00,2025.11.20 13:30:00,2025.11.20 15:30:00,US30,0,1763645400,2025.11.20 13:30:00,2025.11.20 15:30:00,46366.230000000003,46382.480000000003,46363.230000000003,46382.480000000003,586,150,0
EMPLOYMENT_20251120,EMPLOYMENT,2025-11-20,08:30:00,2025.11.20 13:30:00,2025.11.20 15:30:00,US30,5,1763645700,2025.11.20 13:35:00,2025.11.20 15:35:00,46382.480000000003,46401.480000000003,46373.480000000003,46399.980000000003,514,150,0
EMPLOYMENT_20251120,EMPLOYMENT,2025-11-20,08:30:00,2025.11.20 13:30:00,2025.11.20 15:30:00,US30,10,1763646000,2025.11.20 13:40:00,2025.11.20 15:40:00,46398.980000000003,46405.980000000003,46386.730000000003,46395.230000000003,464,150,0
EMPLOYMENT_20251120,EMPLOYMENT,2025-11-20,08:30:00,2025.11.20 13:30:00,2025.11.20 15:30:00,US30,15,1763646300,2025.11.20 13:45:00,2025.11.20 15:45:00,46395.480000000003,46395.980000000003,46358.730000000003,46359.480000000003,493,150,0
EMPLOYMENT_20251120,EMPLOYMENT,2025-11-20,08:30:00,2025.11.20 13:30:00,2025.11.20 15:30:00,US100,0,1763645400,2025.11.20 13:30:00,2025.11.20 15:30:00,24994.290000000001,25025.290000000001,24992.290000000001,25025.169999999998,1062,140,0
EMPLOYMENT_20251120,EMPLOYMENT,2025-11-20,08:30:00,2025.11.20 13:30:00,2025.11.20 15:30:00,US100,5,1763645700,2025.11.20 13:35:00,2025.11.20 15:35:00,25024.790000000001,25045.540000000001,25020.919999999998,25044.169999999998,988,140,0
EMPLOYMENT_20251120,EMPLOYMENT,2025-11-20,08:30:00,2025.11.20 13:30:00,2025.11.20 15:30:00,US100,10,1763646000,2025.11.20 13:40:00,2025.11.20 15:40:00,25043.040000000001,25054.790000000001,25037.290000000001,25050.790000000001,951,140,0
EMPLOYMENT_20251120,EMPLOYMENT,2025-11-20,08:30:00,2025.11.20 13:30:00,2025.11.20 15:30:00,US100,15,1763646300,2025.11.20 13:45:00,2025.11.20 15:45:00,25051.040000000001,25053.669999999998,25012.540000000001,25013.919999999998,931,140,0
EMPLOYMENT_20251120,EMPLOYMENT,2025-11-20,08:30:00,2025.11.20 13:30:00,2025.11.20 15:30:00,US500,0,1763645400,2025.11.20 13:30:00,2025.11.20 15:30:00,6714.1199999999999,6718.8699999999999,6713.7399999999998,6718.7399999999998,415,50,0
EMPLOYMENT_20251120,EMPLOYMENT,2025-11-20,08:30:00,2025.11.20 13:30:00,2025.11.20 15:30:00,US500,5,1763645700,2025.11.20 13:35:00,2025.11.20 15:35:00,6718.6199999999999,6722.3699999999999,6717.6199999999999,6721.8699999999999,395,50,0
EMPLOYMENT_20251120,EMPLOYMENT,2025-11-20,08:30:00,2025.11.20 13:30:00,2025.11.20 15:30:00,US500,10,1763646000,2025.11.20 13:40:00,2025.11.20 15:40:00,6721.8699999999999,6723.8699999999999,6720.8699999999999,6722.6199999999999,334,50,0
EMPLOYMENT_20251120,EMPLOYMENT,2025-11-20,08:30:00,2025.11.20 13:30:00,2025.11.20 15:30:00,US500,15,1763646300,2025.11.20 13:45:00,2025.11.20 15:45:00,6722.6199999999999,6723.1199999999999,6714.3699999999999,6714.6199999999999,384,50,0
EMPLOYMENT_20251216,EMPLOYMENT,2025-12-16,08:30:00,2025.12.16 13:30:00,2025.12.16 15:30:00,US30,0,1765891800,2025.12.16 13:30:00,2025.12.16 15:30:00,48451.300000000003,48452.300000000003,48436.900000000001,48445.300000000003,287,140,0
EMPLOYMENT_20251216,EMPLOYMENT,2025-12-16,08:30:00,2025.12.16 13:30:00,2025.12.16 15:30:00,US30,5,1765892100,2025.12.16 13:35:00,2025.12.16 15:35:00,48444.900000000001,48465.300000000003,48443.900000000001,48462.300000000003,231,140,0
EMPLOYMENT_20251216,EMPLOYMENT,2025-12-16,08:30:00,2025.12.16 13:30:00,2025.12.16 15:30:00,US30,10,1765892400,2025.12.16 13:40:00,2025.12.16 15:40:00,48463.300000000003,48475.800000000003,48461.300000000003,48469.300000000003,221,140,0
EMPLOYMENT_20251216,EMPLOYMENT,2025-12-16,08:30:00,2025.12.16 13:30:00,2025.12.16 15:30:00,US30,15,1765892700,2025.12.16 13:45:00,2025.12.16 15:45:00,48469.300000000003,48472.300000000003,48462.900000000001,48468.300000000003,193,140,0
EMPLOYMENT_20251216,EMPLOYMENT,2025-12-16,08:30:00,2025.12.16 13:30:00,2025.12.16 15:30:00,US100,0,1765891800,2025.12.16 13:30:00,2025.12.16 15:30:00,25031.400000000001,25033.900000000001,25020.400000000001,25031.150000000001,577,60,0
EMPLOYMENT_20251216,EMPLOYMENT,2025-12-16,08:30:00,2025.12.16 13:30:00,2025.12.16 15:30:00,US100,5,1765892100,2025.12.16 13:35:00,2025.12.16 15:35:00,25030.900000000001,25049.150000000001,25028.150000000001,25049.150000000001,514,60,0
EMPLOYMENT_20251216,EMPLOYMENT,2025-12-16,08:30:00,2025.12.16 13:30:00,2025.12.16 15:30:00,US100,10,1765892400,2025.12.16 13:40:00,2025.12.16 15:40:00,25049.650000000001,25057.900000000001,25044.650000000001,25051.400000000001,523,60,0
EMPLOYMENT_20251216,EMPLOYMENT,2025-12-16,08:30:00,2025.12.16 13:30:00,2025.12.16 15:30:00,US100,15,1765892700,2025.12.16 13:45:00,2025.12.16 15:45:00,25051.650000000001,25054.400000000001,25045.650000000001,25050.900000000001,475,60,0
EMPLOYMENT_20251216,EMPLOYMENT,2025-12-16,08:30:00,2025.12.16 13:30:00,2025.12.16 15:30:00,US500,0,1765891800,2025.12.16 13:30:00,2025.12.16 15:30:00,6814.75,6815.75,6812.75,6815,198,25,0
EMPLOYMENT_20251216,EMPLOYMENT,2025-12-16,08:30:00,2025.12.16 13:30:00,2025.12.16 15:30:00,US500,5,1765892100,2025.12.16 13:35:00,2025.12.16 15:35:00,6814.8800000000001,6818.25,6814.25,6818,187,25,0
EMPLOYMENT_20251216,EMPLOYMENT,2025-12-16,08:30:00,2025.12.16 13:30:00,2025.12.16 15:30:00,US500,10,1765892400,2025.12.16 13:40:00,2025.12.16 15:40:00,6818.1199999999999,6819.75,6817.5,6818.75,150,25,0
EMPLOYMENT_20251216,EMPLOYMENT,2025-12-16,08:30:00,2025.12.16 13:30:00,2025.12.16 15:30:00,US500,15,1765892700,2025.12.16 13:45:00,2025.12.16 15:45:00,6818.75,6819.25,6817.75,6818.6199999999999,124,25,0
EMPLOYMENT_20260109,EMPLOYMENT,2026-01-09,08:30:00,2026.01.09 13:30:00,2026.01.09 15:30:00,US30,0,1767965400,2026.01.09 13:30:00,2026.01.09 15:30:00,49296.800000000003,49307.800000000003,49294.300000000003,49305.300000000003,154,140,0
EMPLOYMENT_20260109,EMPLOYMENT,2026-01-09,08:30:00,2026.01.09 13:30:00,2026.01.09 15:30:00,US30,5,1767965700,2026.01.09 13:35:00,2026.01.09 15:35:00,49305.300000000003,49309.300000000003,49294.300000000003,49302.300000000003,173,140,0
EMPLOYMENT_20260109,EMPLOYMENT,2026-01-09,08:30:00,2026.01.09 13:30:00,2026.01.09 15:30:00,US30,10,1767966000,2026.01.09 13:40:00,2026.01.09 15:40:00,49301.800000000003,49302.800000000003,49291.800000000003,49301.800000000003,199,140,0
EMPLOYMENT_20260109,EMPLOYMENT,2026-01-09,08:30:00,2026.01.09 13:30:00,2026.01.09 15:30:00,US30,15,1767966300,2026.01.09 13:45:00,2026.01.09 15:45:00,49301.800000000003,49302.800000000003,49296.800000000003,49299.300000000003,116,140,0
EMPLOYMENT_20260109,EMPLOYMENT,2026-01-09,08:30:00,2026.01.09 13:30:00,2026.01.09 15:30:00,US100,0,1767965400,2026.01.09 13:30:00,2026.01.09 15:30:00,25592.299999999999,25605.049999999999,25591.049999999999,25603.299999999999,342,60,0
EMPLOYMENT_20260109,EMPLOYMENT,2026-01-09,08:30:00,2026.01.09 13:30:00,2026.01.09 15:30:00,US100,5,1767965700,2026.01.09 13:35:00,2026.01.09 15:35:00,25603.299999999999,25609.299999999999,25599.299999999999,25607.799999999999,362,60,0
EMPLOYMENT_20260109,EMPLOYMENT,2026-01-09,08:30:00,2026.01.09 13:30:00,2026.01.09 15:30:00,US100,10,1767966000,2026.01.09 13:40:00,2026.01.09 15:40:00,25607.549999999999,25612.799999999999,25598.299999999999,25612.299999999999,496,60,0
EMPLOYMENT_20260109,EMPLOYMENT,2026-01-09,08:30:00,2026.01.09 13:30:00,2026.01.09 15:30:00,US100,15,1767966300,2026.01.09 13:45:00,2026.01.09 15:45:00,25612.049999999999,25613.549999999999,25598.049999999999,25599.799999999999,406,60,0
EMPLOYMENT_20260109,EMPLOYMENT,2026-01-09,08:30:00,2026.01.09 13:30:00,2026.01.09 15:30:00,US500,0,1767965400,2026.01.09 13:30:00,2026.01.09 15:30:00,6933.6999999999998,6936.1999999999998,6933.4499999999998,6935.9499999999998,60,25,0
EMPLOYMENT_20260109,EMPLOYMENT,2026-01-09,08:30:00,2026.01.09 13:30:00,2026.01.09 15:30:00,US500,5,1767965700,2026.01.09 13:35:00,2026.01.09 15:35:00,6936.1999999999998,6936.4499999999998,6934.4499999999998,6935.9499999999998,83,25,0
EMPLOYMENT_20260109,EMPLOYMENT,2026-01-09,08:30:00,2026.01.09 13:30:00,2026.01.09 15:30:00,US500,10,1767966000,2026.01.09 13:40:00,2026.01.09 15:40:00,6935.9499999999998,6936.6999999999998,6934.1999999999998,6936.4499999999998,165,25,0
EMPLOYMENT_20260109,EMPLOYMENT,2026-01-09,08:30:00,2026.01.09 13:30:00,2026.01.09 15:30:00,US500,15,1767966300,2026.01.09 13:45:00,2026.01.09 15:45:00,6936.4499999999998,6936.6999999999998,6933.8299999999999,6934.1999999999998,101,25,0
EMPLOYMENT_20260211,EMPLOYMENT,2026-02-11,08:30:00,2026.02.11 13:30:00,2026.02.11 15:30:00,US30,0,1770816600,2026.02.11 13:30:00,2026.02.11 15:30:00,50309.300000000003,50309.300000000003,50296.800000000003,50300.300000000003,237,140,0
EMPLOYMENT_20260211,EMPLOYMENT,2026-02-11,08:30:00,2026.02.11 13:30:00,2026.02.11 15:30:00,US30,5,1770816900,2026.02.11 13:35:00,2026.02.11 15:35:00,50300.300000000003,50310.800000000003,50291.300000000003,50292.900000000001,199,140,0
EMPLOYMENT_20260211,EMPLOYMENT,2026-02-11,08:30:00,2026.02.11 13:30:00,2026.02.11 15:30:00,US30,10,1770817200,2026.02.11 13:40:00,2026.02.11 15:40:00,50292.300000000003,50292.300000000003,50255.300000000003,50276.900000000001,384,140,0
EMPLOYMENT_20260211,EMPLOYMENT,2026-02-11,08:30:00,2026.02.11 13:30:00,2026.02.11 15:30:00,US30,15,1770817500,2026.02.11 13:45:00,2026.02.11 15:45:00,50277.300000000003,50288.300000000003,50257.900000000001,50269.900000000001,469,140,0
EMPLOYMENT_20260211,EMPLOYMENT,2026-02-11,08:30:00,2026.02.11 13:30:00,2026.02.11 15:30:00,US100,0,1770816600,2026.02.11 13:30:00,2026.02.11 15:30:00,25176.299999999999,25178.299999999999,25171.299999999999,25175.549999999999,554,60,0
EMPLOYMENT_20260211,EMPLOYMENT,2026-02-11,08:30:00,2026.02.11 13:30:00,2026.02.11 15:30:00,US100,5,1770816900,2026.02.11 13:35:00,2026.02.11 15:35:00,25175.299999999999,25177.299999999999,25166.950000000001,25170.450000000001,533,60,0
EMPLOYMENT_20260211,EMPLOYMENT,2026-02-11,08:30:00,2026.02.11 13:30:00,2026.02.11 15:30:00,US100,10,1770817200,2026.02.11 13:40:00,2026.02.11 15:40:00,25169.700000000001,25170.700000000001,25144.950000000001,25153.049999999999,840,60,0
EMPLOYMENT_20260211,EMPLOYMENT,2026-02-11,08:30:00,2026.02.11 13:30:00,2026.02.11 15:30:00,US100,15,1770817500,2026.02.11 13:45:00,2026.02.11 15:45:00,25153.299999999999,25166.799999999999,25144.299999999999,25155.799999999999,859,60,0
EMPLOYMENT_20260211,EMPLOYMENT,2026-02-11,08:30:00,2026.02.11 13:30:00,2026.02.11 15:30:00,US500,0,1770816600,2026.02.11 13:30:00,2026.02.11 15:30:00,6956.3999999999996,6956.3999999999996,6954.6499999999996,6955.1499999999996,203,25,0
EMPLOYMENT_20260211,EMPLOYMENT,2026-02-11,08:30:00,2026.02.11 13:30:00,2026.02.11 15:30:00,US500,5,1770816900,2026.02.11 13:35:00,2026.02.11 15:35:00,6955.1499999999996,6955.8999999999996,6953.4499999999998,6953.9499999999998,134,25,0
EMPLOYMENT_20260211,EMPLOYMENT,2026-02-11,08:30:00,2026.02.11 13:30:00,2026.02.11 15:30:00,US500,10,1770817200,2026.02.11 13:40:00,2026.02.11 15:40:00,6953.6999999999998,6953.9499999999998,6948.5699999999997,6950.3199999999997,294,25,0
EMPLOYMENT_20260211,EMPLOYMENT,2026-02-11,08:30:00,2026.02.11 13:30:00,2026.02.11 15:30:00,US500,15,1770817500,2026.02.11 13:45:00,2026.02.11 15:45:00,6950.4499999999998,6953.3199999999997,6947.9499999999998,6950.4499999999998,319,25,0
EMPLOYMENT_20260306,EMPLOYMENT,2026-03-06,08:30:00,2026.03.06 13:30:00,2026.03.06 15:30:00,US30,0,1772803800,2026.03.06 13:30:00,2026.03.06 15:30:00,47892.300000000003,47893.300000000003,47826.900000000001,47831.300000000003,809,140,0
EMPLOYMENT_20260306,EMPLOYMENT,2026-03-06,08:30:00,2026.03.06 13:30:00,2026.03.06 15:30:00,US30,5,1772804100,2026.03.06 13:35:00,2026.03.06 15:35:00,47830.900000000001,47834.300000000003,47795.900000000001,47806.900000000001,909,140,0
EMPLOYMENT_20260306,EMPLOYMENT,2026-03-06,08:30:00,2026.03.06 13:30:00,2026.03.06 15:30:00,US30,10,1772804400,2026.03.06 13:40:00,2026.03.06 15:40:00,47807.300000000003,47808.300000000003,47723.300000000003,47750.900000000001,1361,140,0
EMPLOYMENT_20260306,EMPLOYMENT,2026-03-06,08:30:00,2026.03.06 13:30:00,2026.03.06 15:30:00,US30,15,1772804700,2026.03.06 13:45:00,2026.03.06 15:45:00,47750.900000000001,47788.900000000001,47731.900000000001,47763.300000000003,1138,140,0
EMPLOYMENT_20260306,EMPLOYMENT,2026-03-06,08:30:00,2026.03.06 13:30:00,2026.03.06 15:30:00,US100,0,1772803800,2026.03.06 13:30:00,2026.03.06 15:30:00,24932.849999999999,24937.349999999999,24902.349999999999,24903.849999999999,1192,60,0
EMPLOYMENT_20260306,EMPLOYMENT,2026-03-06,08:30:00,2026.03.06 13:30:00,2026.03.06 15:30:00,US100,5,1772804100,2026.03.06 13:35:00,2026.03.06 15:35:00,24904.849999999999,24908.349999999999,24889.349999999999,24896.099999999999,1252,60,0
EMPLOYMENT_20260306,EMPLOYMENT,2026-03-06,08:30:00,2026.03.06 13:30:00,2026.03.06 15:30:00,US100,10,1772804400,2026.03.06 13:40:00,2026.03.06 15:40:00,24896.099999999999,24896.099999999999,24845.200000000001,24859.849999999999,1750,60,0
EMPLOYMENT_20260306,EMPLOYMENT,2026-03-06,08:30:00,2026.03.06 13:30:00,2026.03.06 15:30:00,US100,15,1772804700,2026.03.06 13:45:00,2026.03.06 15:45:00,24859.599999999999,24879.599999999999,24849.099999999999,24868.099999999999,1544,60,0
EMPLOYMENT_20260306,EMPLOYMENT,2026-03-06,08:30:00,2026.03.06 13:30:00,2026.03.06 15:30:00,US500,0,1772803800,2026.03.06 13:30:00,2026.03.06 15:30:00,6809.9200000000001,6810.3000000000002,6801.9200000000001,6802.3000000000002,675,25,0
EMPLOYMENT_20260306,EMPLOYMENT,2026-03-06,08:30:00,2026.03.06 13:30:00,2026.03.06 15:30:00,US500,5,1772804100,2026.03.06 13:35:00,2026.03.06 15:35:00,6802.4300000000003,6803.3000000000002,6798.5500000000002,6800.3000000000002,672,25,0
EMPLOYMENT_20260306,EMPLOYMENT,2026-03-06,08:30:00,2026.03.06 13:30:00,2026.03.06 15:30:00,US500,10,1772804400,2026.03.06 13:40:00,2026.03.06 15:40:00,6800.3000000000002,6800.3000000000002,6788.1499999999996,6792.6300000000001,1100,25,0
EMPLOYMENT_20260306,EMPLOYMENT,2026-03-06,08:30:00,2026.03.06 13:30:00,2026.03.06 15:30:00,US500,15,1772804700,2026.03.06 13:45:00,2026.03.06 15:45:00,6792.8699999999999,6797.1000000000004,6789.6300000000001,6793.6000000000004,924,25,0
EMPLOYMENT_20260403,EMPLOYMENT,2026-04-03,08:30:00,2026.04.03 12:30:00,2026.04.03 15:30:00,US30,0,1775219400,2026.04.03 12:30:00,2026.04.03 15:30:00,46403.699999999997,46409.199999999997,46402.949999999997,46405.949999999997,126,210,0
EMPLOYMENT_20260403,EMPLOYMENT,2026-04-03,08:30:00,2026.04.03 12:30:00,2026.04.03 15:30:00,US30,5,1775219700,2026.04.03 12:35:00,2026.04.03 15:35:00,46405.949999999997,46411.949999999997,46400.199999999997,46401.699999999997,115,210,0
EMPLOYMENT_20260403,EMPLOYMENT,2026-04-03,08:30:00,2026.04.03 12:30:00,2026.04.03 15:30:00,US30,10,1775220000,2026.04.03 12:40:00,2026.04.03 15:40:00,46401.699999999997,46404.949999999997,46398.449999999997,46399.199999999997,123,210,0
EMPLOYMENT_20260403,EMPLOYMENT,2026-04-03,08:30:00,2026.04.03 12:30:00,2026.04.03 15:30:00,US30,15,1775220300,2026.04.03 12:45:00,2026.04.03 15:45:00,46398.949999999997,46402.699999999997,46392.949999999997,46396.699999999997,75,210,0
EMPLOYMENT_20260403,EMPLOYMENT,2026-04-03,08:30:00,2026.04.03 12:30:00,2026.04.03 15:30:00,US100,0,1775219400,2026.04.03 12:30:00,2026.04.03 15:30:00,23986.099999999999,23990.599999999999,23985.349999999999,23986.599999999999,394,60,0
EMPLOYMENT_20260403,EMPLOYMENT,2026-04-03,08:30:00,2026.04.03 12:30:00,2026.04.03 15:30:00,US100,5,1775219700,2026.04.03 12:35:00,2026.04.03 15:35:00,23986.849999999999,23990.849999999999,23983.099999999999,23985.849999999999,407,60,0
EMPLOYMENT_20260403,EMPLOYMENT,2026-04-03,08:30:00,2026.04.03 12:30:00,2026.04.03 15:30:00,US100,10,1775220000,2026.04.03 12:40:00,2026.04.03 15:40:00,23986.099999999999,23989.599999999999,23983.599999999999,23984.349999999999,375,60,0
EMPLOYMENT_20260403,EMPLOYMENT,2026-04-03,08:30:00,2026.04.03 12:30:00,2026.04.03 15:30:00,US100,15,1775220300,2026.04.03 12:45:00,2026.04.03 15:45:00,23984.349999999999,23986.599999999999,23980.599999999999,23985.849999999999,354,60,0
EMPLOYMENT_20260403,EMPLOYMENT,2026-04-03,08:30:00,2026.04.03 12:30:00,2026.04.03 15:30:00,US500,0,1775219400,2026.04.03 12:30:00,2026.04.03 15:30:00,6571.7299999999996,6572.7299999999996,6571.7299999999996,6571.9799999999996,130,25,0
EMPLOYMENT_20260403,EMPLOYMENT,2026-04-03,08:30:00,2026.04.03 12:30:00,2026.04.03 15:30:00,US500,5,1775219700,2026.04.03 12:35:00,2026.04.03 15:35:00,6571.9799999999996,6572.8500000000004,6571.1000000000004,6571.6000000000004,105,25,0
EMPLOYMENT_20260403,EMPLOYMENT,2026-04-03,08:30:00,2026.04.03 12:30:00,2026.04.03 15:30:00,US500,10,1775220000,2026.04.03 12:40:00,2026.04.03 15:40:00,6571.7200000000003,6572.1000000000004,6571.1000000000004,6571.1000000000004,106,25,0
EMPLOYMENT_20260403,EMPLOYMENT,2026-04-03,08:30:00,2026.04.03 12:30:00,2026.04.03 15:30:00,US500,15,1775220300,2026.04.03 12:45:00,2026.04.03 15:45:00,6571.1000000000004,6571.7299999999996,6570.3500000000004,6571.1000000000004,67,25,0
EMPLOYMENT_20260508,EMPLOYMENT,2026-05-08,08:30:00,2026.05.08 12:30:00,2026.05.08 15:30:00,US30,0,1778243400,2026.05.08 12:30:00,2026.05.08 15:30:00,49773.300000000003,49773.900000000001,49756.900000000001,49773.900000000001,474,140,0
EMPLOYMENT_20260508,EMPLOYMENT,2026-05-08,08:30:00,2026.05.08 12:30:00,2026.05.08 15:30:00,US30,5,1778243700,2026.05.08 12:35:00,2026.05.08 15:35:00,49773.900000000001,49778.900000000001,49768.900000000001,49773.900000000001,390,140,0
EMPLOYMENT_20260508,EMPLOYMENT,2026-05-08,08:30:00,2026.05.08 12:30:00,2026.05.08 15:30:00,US30,10,1778244000,2026.05.08 12:40:00,2026.05.08 15:40:00,49774.900000000001,49778.300000000003,49768.900000000001,49772.900000000001,368,140,0
EMPLOYMENT_20260508,EMPLOYMENT,2026-05-08,08:30:00,2026.05.08 12:30:00,2026.05.08 15:30:00,US30,15,1778244300,2026.05.08 12:45:00,2026.05.08 15:45:00,49772.900000000001,49774.300000000003,49749.900000000001,49758.300000000003,442,140,0
EMPLOYMENT_20260508,EMPLOYMENT,2026-05-08,08:30:00,2026.05.08 12:30:00,2026.05.08 15:30:00,US100,0,1778243400,2026.05.08 12:30:00,2026.05.08 15:30:00,28796.650000000001,28796.900000000001,28777.150000000001,28782.150000000001,1374,60,0
EMPLOYMENT_20260508,EMPLOYMENT,2026-05-08,08:30:00,2026.05.08 12:30:00,2026.05.08 15:30:00,US100,5,1778243700,2026.05.08 12:35:00,2026.05.08 15:35:00,28781.900000000001,28782.400000000001,28767.400000000001,28772.900000000001,1407,60,0
EMPLOYMENT_20260508,EMPLOYMENT,2026-05-08,08:30:00,2026.05.08 12:30:00,2026.05.08 15:30:00,US100,10,1778244000,2026.05.08 12:40:00,2026.05.08 15:40:00,28772.900000000001,28773.400000000001,28764,28765.900000000001,1220,60,0
EMPLOYMENT_20260508,EMPLOYMENT,2026-05-08,08:30:00,2026.05.08 12:30:00,2026.05.08 15:30:00,US100,15,1778244300,2026.05.08 12:45:00,2026.05.08 15:45:00,28765.900000000001,28768.900000000001,28747.75,28753.400000000001,1619,60,0
EMPLOYMENT_20260508,EMPLOYMENT,2026-05-08,08:30:00,2026.05.08 12:30:00,2026.05.08 15:30:00,US500,0,1778243400,2026.05.08 12:30:00,2026.05.08 15:30:00,7383.0500000000002,7383.0500000000002,7380.3000000000002,7381.5500000000002,322,25,0
EMPLOYMENT_20260508,EMPLOYMENT,2026-05-08,08:30:00,2026.05.08 12:30:00,2026.05.08 15:30:00,US500,5,1778243700,2026.05.08 12:35:00,2026.05.08 15:35:00,7381.5500000000002,7381.5500000000002,7379.8000000000002,7380.5500000000002,256,25,0
EMPLOYMENT_20260508,EMPLOYMENT,2026-05-08,08:30:00,2026.05.08 12:30:00,2026.05.08 15:30:00,US500,10,1778244000,2026.05.08 12:40:00,2026.05.08 15:40:00,7380.5500000000002,7381.0500000000002,7379.5500000000002,7379.5500000000002,195,25,0
EMPLOYMENT_20260508,EMPLOYMENT,2026-05-08,08:30:00,2026.05.08 12:30:00,2026.05.08 15:30:00,US500,15,1778244300,2026.05.08 12:45:00,2026.05.08 15:45:00,7379.5500000000002,7379.8000000000002,7376.3000000000002,7377.5500000000002,304,25,0
EMPLOYMENT_20260605,EMPLOYMENT,2026-06-05,08:30:00,2026.06.05 12:30:00,2026.06.05 15:30:00,US30,0,1780662600,2026.06.05 12:30:00,2026.06.05 15:30:00,51743.300000000003,51753.300000000003,51728.900000000001,51734.900000000001,847,140,0
EMPLOYMENT_20260605,EMPLOYMENT,2026-06-05,08:30:00,2026.06.05 12:30:00,2026.06.05 15:30:00,US30,5,1780662900,2026.06.05 12:35:00,2026.06.05 15:35:00,51735.300000000003,51737.900000000001,51714.800000000003,51718.900000000001,772,140,0
EMPLOYMENT_20260605,EMPLOYMENT,2026-06-05,08:30:00,2026.06.05 12:30:00,2026.06.05 15:30:00,US30,10,1780663200,2026.06.05 12:40:00,2026.06.05 15:40:00,51718.900000000001,51723.300000000003,51710.300000000003,51715.300000000003,502,140,0
EMPLOYMENT_20260605,EMPLOYMENT,2026-06-05,08:30:00,2026.06.05 12:30:00,2026.06.05 15:30:00,US30,15,1780663500,2026.06.05 12:45:00,2026.06.05 15:45:00,51715.300000000003,51730.300000000003,51712.900000000001,51726.300000000003,427,140,0
EMPLOYMENT_20260605,EMPLOYMENT,2026-06-05,08:30:00,2026.06.05 12:30:00,2026.06.05 15:30:00,US100,0,1780662600,2026.06.05 12:30:00,2026.06.05 15:30:00,30175.950000000001,30189.200000000001,30169.599999999999,30174.700000000001,4701,60,0
EMPLOYMENT_20260605,EMPLOYMENT,2026-06-05,08:30:00,2026.06.05 12:30:00,2026.06.05 15:30:00,US100,5,1780662900,2026.06.05 12:35:00,2026.06.05 15:35:00,30174.700000000001,30183.450000000001,30165.950000000001,30174.349999999999,2879,60,0
EMPLOYMENT_20260605,EMPLOYMENT,2026-06-05,08:30:00,2026.06.05 12:30:00,2026.06.05 15:30:00,US100,10,1780663200,2026.06.05 12:40:00,2026.06.05 15:40:00,30174.349999999999,30181.200000000001,30167.349999999999,30174.450000000001,3521,60,0
EMPLOYMENT_20260605,EMPLOYMENT,2026-06-05,08:30:00,2026.06.05 12:30:00,2026.06.05 15:30:00,US100,15,1780663500,2026.06.05 12:45:00,2026.06.05 15:45:00,30174.450000000001,30195.700000000001,30174.200000000001,30188.849999999999,3699,60,0
EMPLOYMENT_20260605,EMPLOYMENT,2026-06-05,08:30:00,2026.06.05 12:30:00,2026.06.05 15:30:00,US500,0,1780662600,2026.06.05 12:30:00,2026.06.05 15:30:00,7565.9499999999998,7567.3299999999999,7563.9499999999998,7564.9499999999998,807,25,0
EMPLOYMENT_20260605,EMPLOYMENT,2026-06-05,08:30:00,2026.06.05 12:30:00,2026.06.05 15:30:00,US500,5,1780662900,2026.06.05 12:35:00,2026.06.05 15:35:00,7564.6999999999998,7565.6999999999998,7563.6999999999998,7564.4499999999998,598,25,0
EMPLOYMENT_20260605,EMPLOYMENT,2026-06-05,08:30:00,2026.06.05 12:30:00,2026.06.05 15:30:00,US500,10,1780663200,2026.06.05 12:40:00,2026.06.05 15:40:00,7564.5699999999997,7564.9499999999998,7563.4499999999998,7564.1999999999998,572,25,0
EMPLOYMENT_20260605,EMPLOYMENT,2026-06-05,08:30:00,2026.06.05 12:30:00,2026.06.05 15:30:00,US500,15,1780663500,2026.06.05 12:45:00,2026.06.05 15:45:00,7564.1999999999998,7567.4499999999998,7563.9499999999998,7566.1999999999998,450,25,0
EMPLOYMENT_20260702,EMPLOYMENT,2026-07-02,08:30:00,2026.07.02 12:30:00,2026.07.02 15:30:00,US30,0,1782995400,2026.07.02 12:30:00,2026.07.02 15:30:00,52433.300000000003,52446.900000000001,52433.300000000003,52440.900000000001,584,140,0
EMPLOYMENT_20260702,EMPLOYMENT,2026-07-02,08:30:00,2026.07.02 12:30:00,2026.07.02 15:30:00,US30,5,1782995700,2026.07.02 12:35:00,2026.07.02 15:35:00,52441.300000000003,52454.300000000003,52438.900000000001,52451.300000000003,446,140,0
EMPLOYMENT_20260702,EMPLOYMENT,2026-07-02,08:30:00,2026.07.02 12:30:00,2026.07.02 15:30:00,US30,10,1782996000,2026.07.02 12:40:00,2026.07.02 15:40:00,52451.300000000003,52461.300000000003,52447.900000000001,52448.300000000003,359,140,0
EMPLOYMENT_20260702,EMPLOYMENT,2026-07-02,08:30:00,2026.07.02 12:30:00,2026.07.02 15:30:00,US30,15,1782996300,2026.07.02 12:45:00,2026.07.02 15:45:00,52449.300000000003,52449.300000000003,52429.900000000001,52437.900000000001,395,140,0
EMPLOYMENT_20260702,EMPLOYMENT,2026-07-02,08:30:00,2026.07.02 12:30:00,2026.07.02 15:30:00,US100,0,1782995400,2026.07.02 12:30:00,2026.07.02 15:30:00,29767.299999999999,29795.299999999999,29761.549999999999,29778.549999999999,3872,60,0
EMPLOYMENT_20260702,EMPLOYMENT,2026-07-02,08:30:00,2026.07.02 12:30:00,2026.07.02 15:30:00,US100,5,1782995700,2026.07.02 12:35:00,2026.07.02 15:35:00,29778.299999999999,29799.200000000001,29772.049999999999,29789.799999999999,2835,60,0
EMPLOYMENT_20260702,EMPLOYMENT,2026-07-02,08:30:00,2026.07.02 12:30:00,2026.07.02 15:30:00,US100,10,1782996000,2026.07.02 12:40:00,2026.07.02 15:40:00,29789.799999999999,29794.200000000001,29779.700000000001,29783.049999999999,3566,60,0
EMPLOYMENT_20260702,EMPLOYMENT,2026-07-02,08:30:00,2026.07.02 12:30:00,2026.07.02 15:30:00,US100,15,1782996300,2026.07.02 12:45:00,2026.07.02 15:45:00,29783.049999999999,29783.299999999999,29750.5,29773.799999999999,3525,60,0
EMPLOYMENT_20260702,EMPLOYMENT,2026-07-02,08:30:00,2026.07.02 12:30:00,2026.07.02 15:30:00,US500,0,1782995400,2026.07.02 12:30:00,2026.07.02 15:30:00,7494.25,7497.6199999999999,7493.75,7495.75,1012,25,0
EMPLOYMENT_20260702,EMPLOYMENT,2026-07-02,08:30:00,2026.07.02 12:30:00,2026.07.02 15:30:00,US500,5,1782995700,2026.07.02 12:35:00,2026.07.02 15:35:00,7495.75,7498.5,7495.25,7497.75,735,25,0
EMPLOYMENT_20260702,EMPLOYMENT,2026-07-02,08:30:00,2026.07.02 12:30:00,2026.07.02 15:30:00,US500,10,1782996000,2026.07.02 12:40:00,2026.07.02 15:40:00,7497.75,7498.75,7496.5,7497,833,25,0
EMPLOYMENT_20260702,EMPLOYMENT,2026-07-02,08:30:00,2026.07.02 12:30:00,2026.07.02 15:30:00,US500,15,1782996300,2026.07.02 12:45:00,2026.07.02 15:45:00,7497,7497,7493.25,7495.25,689,25,0
EMPLOYMENT_20260807,EMPLOYMENT,2026-08-07,08:30:00,2026.08.07 12:30:00,2026.08.07 15:30:00,US30,0,1786105800,2026.08.07 12:30:00,2026.08.07 15:30:00,53922.800000000003,53939.900000000001,53914.900000000001,53932.900000000001,457,140,0
EMPLOYMENT_20260807,EMPLOYMENT,2026-08-07,08:30:00,2026.08.07 12:30:00,2026.08.07 15:30:00,US30,5,1786106100,2026.08.07 12:35:00,2026.08.07 15:35:00,53934.300000000003,53943.300000000003,53932.900000000001,53941.900000000001,401,140,0
EMPLOYMENT_20260807,EMPLOYMENT,2026-08-07,08:30:00,2026.08.07 12:30:00,2026.08.07 15:30:00,US30,10,1786106400,2026.08.07 12:40:00,2026.08.07 15:40:00,53942.300000000003,53943.800000000003,53933.900000000001,53935.300000000003,264,140,0
EMPLOYMENT_20260807,EMPLOYMENT,2026-08-07,08:30:00,2026.08.07 12:30:00,2026.08.07 15:30:00,US30,15,1786106700,2026.08.07 12:45:00,2026.08.07 15:45:00,53934.800000000003,53945.900000000001,53927.300000000003,53940.900000000001,374,140,0
EMPLOYMENT_20260807,EMPLOYMENT,2026-08-07,08:30:00,2026.08.07 12:30:00,2026.08.07 15:30:00,US100,0,1786105800,2026.08.07 12:30:00,2026.08.07 15:30:00,29536.900000000001,29549.900000000001,29532.650000000001,29536.799999999999,2941,60,0
EMPLOYMENT_20260807,EMPLOYMENT,2026-08-07,08:30:00,2026.08.07 12:30:00,2026.08.07 15:30:00,US100,5,1786106100,2026.08.07 12:35:00,2026.08.07 15:35:00,29536.900000000001,29547.150000000001,29536.400000000001,29539.650000000001,2572,60,0
EMPLOYMENT_20260807,EMPLOYMENT,2026-08-07,08:30:00,2026.08.07 12:30:00,2026.08.07 15:30:00,US100,10,1786106400,2026.08.07 12:40:00,2026.08.07 15:40:00,29539.400000000001,29539.400000000001,29523.650000000001,29531.549999999999,2547,60,0
EMPLOYMENT_20260807,EMPLOYMENT,2026-08-07,08:30:00,2026.08.07 12:30:00,2026.08.07 15:30:00,US100,15,1786106700,2026.08.07 12:45:00,2026.08.07 15:45:00,29531.799999999999,29538.650000000001,29525.049999999999,29529.900000000001,3161,60,0
EMPLOYMENT_20260807,EMPLOYMENT,2026-08-07,08:30:00,2026.08.07 12:30:00,2026.08.07 15:30:00,US500,0,1786105800,2026.08.07 12:30:00,2026.08.07 15:30:00,7729.9499999999998,7731.6999999999998,7729.1999999999998,7730.3299999999999,434,25,0
EMPLOYMENT_20260807,EMPLOYMENT,2026-08-07,08:30:00,2026.08.07 12:30:00,2026.08.07 15:30:00,US500,5,1786106100,2026.08.07 12:35:00,2026.08.07 15:35:00,7730.3199999999997,7731.3299999999999,7729.9499999999998,7730.4499999999998,334,25,0
EMPLOYMENT_20260807,EMPLOYMENT,2026-08-07,08:30:00,2026.08.07 12:30:00,2026.08.07 15:30:00,US500,10,1786106400,2026.08.07 12:40:00,2026.08.07 15:40:00,7730.4499999999998,7730.4499999999998,7729.4499999999998,7730.1999999999998,239,25,0
EMPLOYMENT_20260807,EMPLOYMENT,2026-08-07,08:30:00,2026.08.07 12:30:00,2026.08.07 15:30:00,US500,15,1786106700,2026.08.07 12:45:00,2026.08.07 15:45:00,7730.1999999999998,7731.1999999999998,7729.4499999999998,7730.4499999999998,482,25,0
