anchor_epoch,anchor_time,date,session,symbol,opening_body_price,opening_range_price,body_sign,drive_direction,fade_direction,entry_epoch,entry_time,entry_bid_open,entry_spread_points,entry_spread_price,minimum_lot_planned_risk_usd,minimum_lot_within_four_percent_at_100_usd
1704205800,2024-01-02T14:30:00,2024-01-02,NEW_YORK_0930,US100,3.5,8.19999999999709,1,LONG,SHORT,1704206100,2024-01-02T14:35:00,16670.0,140.0,1.4000000000000001,0.0819999999999709,True
1704205800,2024-01-02T14:30:00,2024-01-02,NEW_YORK_0930,US30,-1.9000000000014552,10.599999999998545,-1,SHORT,LONG,1704206100,2024-01-02T14:35:00,37508.1,120.0,1.2,0.10599999999998545,True
1704292200,2024-01-03T14:30:00,2024-01-03,NEW_YORK_0930,US100,-5.25,8.150000000001455,-1,SHORT,LONG,1704292500,2024-01-03T14:35:00,16420.9,140.0,1.4000000000000001,0.08150000000001455,True
1704292200,2024-01-03T14:30:00,2024-01-03,NEW_YORK_0930,US30,-2.099999999998545,9.80000000000291,-1,SHORT,LONG,1704292500,2024-01-03T14:35:00,37592.4,120.0,1.2,0.0980000000000291,True
1704378600,2024-01-04T14:30:00,2024-01-04,NEW_YORK_0930,US100,4.149999999999636,8.450000000000728,1,LONG,SHORT,1704378900,2024-01-04T14:35:00,16345.3,140.0,1.4000000000000001,0.08450000000000728,True
1704378600,2024-01-04T14:30:00,2024-01-04,NEW_YORK_0930,US30,23.099999999998545,28.299999999995634,1,LONG,SHORT,1704378900,2024-01-04T14:35:00,37527.6,120.0,1.2,0.28299999999995634,True
1704441600,2024-01-05T08:00:00,2024-01-05,LONDON_0800,US100,4.699999999998909,6.799999999999272,1,LONG,SHORT,1704441900,2024-01-05T08:05:00,16255.05,140.0,1.4000000000000001,0.06799999999999272,True
1704441600,2024-01-05T08:00:00,2024-01-05,LONDON_0800,US30,8.200000000004366,10.0,1,LONG,SHORT,1704441900,2024-01-05T08:05:00,37456.1,130.0,1.3,0.1,True
1704465000,2024-01-05T14:30:00,2024-01-05,NEW_YORK_0930,US100,-1.8999999999996362,4.849999999998545,-1,SHORT,LONG,1704465300,2024-01-05T14:35:00,16215.4,140.0,1.4000000000000001,0.04849999999998545,True
1704465000,2024-01-05T14:30:00,2024-01-05,NEW_YORK_0930,US30,1.0,13.0,1,LONG,SHORT,1704465300,2024-01-05T14:35:00,37363.9,120.0,1.2,0.13,True
1704700800,2024-01-08T08:00:00,2024-01-08,LONDON_0800,US100,-0.3500000000003638,3.75,-1,SHORT,LONG,1704701100,2024-01-08T08:05:00,16268.4,140.0,1.4000000000000001,0.0375,True
1704700800,2024-01-08T08:00:00,2024-01-08,LONDON_0800,US30,1.0,5.5,1,LONG,SHORT,1704701100,2024-01-08T08:05:00,37325.4,120.0,1.2,0.055,True
1704724200,2024-01-08T14:30:00,2024-01-08,NEW_YORK_0930,US100,-11.100000000000364,13.550000000001091,-1,SHORT,LONG,1704724500,2024-01-08T14:35:00,16288.85,140.0,1.4000000000000001,0.13550000000001092,True
1704724200,2024-01-08T14:30:00,2024-01-08,NEW_YORK_0930,US30,-12.099999999998545,16.89999999999418,-1,SHORT,LONG,1704724500,2024-01-08T14:35:00,37285.5,130.0,1.3,0.1689999999999418,True
1704810600,2024-01-09T14:30:00,2024-01-09,NEW_YORK_0930,US100,11.150000000001455,18.600000000002183,1,LONG,SHORT,1704810900,2024-01-09T14:35:00,16547.9,140.0,1.4000000000000001,0.18600000000002184,True
1704810600,2024-01-09T14:30:00,2024-01-09,NEW_YORK_0930,US30,4.900000000001455,11.80000000000291,1,LONG,SHORT,1704810900,2024-01-09T14:35:00,37544.5,120.0,1.2,0.11800000000002911,True
1704873600,2024-01-10T08:00:00,2024-01-10,LONDON_0800,US100,0.5,4.299999999999272,1,LONG,SHORT,1704873900,2024-01-10T08:05:00,16658.2,140.0,1.4000000000000001,0.042999999999992725,True
1704873600,2024-01-10T08:00:00,2024-01-10,LONDON_0800,US30,3.599999999998545,5.599999999998545,1,LONG,SHORT,1704873900,2024-01-10T08:05:00,37480.6,130.0,1.3,0.05599999999998545,True
1704897000,2024-01-10T14:30:00,2024-01-10,NEW_YORK_0930,US100,-6.149999999997817,8.149999999997817,-1,SHORT,LONG,1704897300,2024-01-10T14:35:00,16687.25,140.0,1.4000000000000001,0.08149999999997817,True
1704897000,2024-01-10T14:30:00,2024-01-10,NEW_YORK_0930,US30,-12.400000000001455,14.5,-1,SHORT,LONG,1704897300,2024-01-10T14:35:00,37498.1,120.0,1.2,0.145,True
1704960000,2024-01-11T08:00:00,2024-01-11,LONDON_0800,US100,-1.9000000000014552,4.799999999999272,-1,SHORT,LONG,1704960300,2024-01-11T08:05:00,16831.25,140.0,1.4000000000000001,0.04799999999999272,True
1704960000,2024-01-11T08:00:00,2024-01-11,LONDON_0800,US30,1.5999999999985448,7.5,1,LONG,SHORT,1704960300,2024-01-11T08:05:00,37742.5,130.0,1.3,0.075,True
1704983400,2024-01-11T14:30:00,2024-01-11,NEW_YORK_0930,US100,3.75,7.5,1,LONG,SHORT,1704983700,2024-01-11T14:35:00,16847.0,140.0,1.4000000000000001,0.075,True
1704983400,2024-01-11T14:30:00,2024-01-11,NEW_YORK_0930,US30,5.899999999994179,14.19999999999709,1,LONG,SHORT,1704983700,2024-01-11T14:35:00,37698.8,130.0,1.3,0.1419999999999709,True
1705046400,2024-01-12T08:00:00,2024-01-12,LONDON_0800,US100,1.5,5.650000000001455,1,LONG,SHORT,1705046700,2024-01-12T08:05:00,16789.85,140.0,1.4000000000000001,0.05650000000001455,True
1705046400,2024-01-12T08:00:00,2024-01-12,LONDON_0800,US30,5.099999999998545,7.69999999999709,1,LONG,SHORT,1705046700,2024-01-12T08:05:00,37683.4,130.0,1.3,0.0769999999999709,True
1705069800,2024-01-12T14:30:00,2024-01-12,NEW_YORK_0930,US100,9.0,13.75,1,LONG,SHORT,1705070100,2024-01-12T14:35:00,16763.0,140.0,1.4000000000000001,0.1375,True
1705069800,2024-01-12T14:30:00,2024-01-12,NEW_YORK_0930,US30,29.099999999998545,38.099999999998545,1,LONG,SHORT,1705070100,2024-01-12T14:35:00,37572.6,120.0,1.2,0.38099999999998546,True
1705329000,2024-01-15T14:30:00,2024-01-15,NEW_YORK_0930,US100,-4.5,6.399999999997817,-1,SHORT,LONG,1705329300,2024-01-15T14:35:00,16829.65,140.0,1.4000000000000001,0.06399999999997817,True
1705329000,2024-01-15T14:30:00,2024-01-15,NEW_YORK_0930,US30,-10.799999999995634,13.80000000000291,-1,SHORT,LONG,1705329300,2024-01-15T14:35:00,37511.2,120.0,1.2,0.1380000000000291,True
1705392000,2024-01-16T08:00:00,2024-01-16,LONDON_0800,US100,-7.200000000000728,12.150000000001455,-1,SHORT,LONG,1705392300,2024-01-16T08:05:00,16729.35,140.0,1.4000000000000001,0.12150000000001455,True
1705392000,2024-01-16T08:00:00,2024-01-16,LONDON_0800,US30,-15.599999999998545,19.0,-1,SHORT,LONG,1705392300,2024-01-16T08:05:00,37431.8,130.0,1.3,0.19,True
1705415400,2024-01-16T14:30:00,2024-01-16,NEW_YORK_0930,US100,-2.349999999998545,9.650000000001455,-1,SHORT,LONG,1705415700,2024-01-16T14:35:00,16751.85,140.0,1.4000000000000001,0.09650000000001456,True
1705415400,2024-01-16T14:30:00,2024-01-16,NEW_YORK_0930,US30,-15.799999999995634,24.5,-1,SHORT,LONG,1705415700,2024-01-16T14:35:00,37472.1,130.0,1.3,0.245,True
1705478400,2024-01-17T08:00:00,2024-01-17,LONDON_0800,US100,-5.0,7.700000000000728,-1,SHORT,LONG,1705478700,2024-01-17T08:05:00,16754.35,140.0,1.4000000000000001,0.07700000000000727,True
1705478400,2024-01-17T08:00:00,2024-01-17,LONDON_0800,US30,5.5,5.69999999999709,1,LONG,SHORT,1705478700,2024-01-17T08:05:00,37278.2,120.0,1.2,0.0569999999999709,True
1705501800,2024-01-17T14:30:00,2024-01-17,NEW_YORK_0930,US100,-6.099999999998545,8.899999999997817,-1,SHORT,LONG,1705502100,2024-01-17T14:35:00,16761.3,140.0,1.4000000000000001,0.08899999999997818,True
1705501800,2024-01-17T14:30:00,2024-01-17,NEW_YORK_0930,US30,-1.3000000000029104,8.900000000001455,-1,SHORT,LONG,1705502100,2024-01-17T14:35:00,37245.8,130.0,1.3,0.08900000000001455,True
1705564800,2024-01-18T08:00:00,2024-01-18,LONDON_0800,US100,6.5,8.650000000001455,1,LONG,SHORT,1705565100,2024-01-18T08:05:00,16742.9,140.0,1.4000000000000001,0.08650000000001455,True
1705564800,2024-01-18T08:00:00,2024-01-18,LONDON_0800,US30,6.200000000004366,7.80000000000291,1,LONG,SHORT,1705565100,2024-01-18T08:05:00,37241.4,130.0,1.3,0.0780000000000291,True
1705588200,2024-01-18T14:30:00,2024-01-18,NEW_YORK_0930,US100,1.8999999999978172,6.399999999997817,1,LONG,SHORT,1705588500,2024-01-18T14:35:00,16875.15,140.0,1.4000000000000001,0.06399999999997817,True
1705588200,2024-01-18T14:30:00,2024-01-18,NEW_YORK_0930,US30,-8.30000000000291,20.30000000000291,-1,SHORT,LONG,1705588500,2024-01-18T14:35:00,37231.7,120.0,1.2,0.2030000000000291,True
1705651200,2024-01-19T08:00:00,2024-01-19,LONDON_0800,US100,2.7999999999992724,3.8000000000029104,1,LONG,SHORT,1705651500,2024-01-19T08:05:00,17020.4,140.0,1.4000000000000001,0.03800000000002911,True
1705651200,2024-01-19T08:00:00,2024-01-19,LONDON_0800,US30,4.200000000004366,5.900000000001455,1,LONG,SHORT,1705651500,2024-01-19T08:05:00,37419.2,130.0,1.3,0.059000000000014555,True
1705674600,2024-01-19T14:30:00,2024-01-19,NEW_YORK_0930,US100,1.0999999999985448,5.5,1,LONG,SHORT,1705674900,2024-01-19T14:35:00,17091.95,140.0,1.4000000000000001,0.055,True
1705674600,2024-01-19T14:30:00,2024-01-19,NEW_YORK_0930,US30,16.400000000001455,26.0,1,LONG,SHORT,1705674900,2024-01-19T14:35:00,37636.1,130.0,1.3,0.26,True
1705910400,2024-01-22T08:00:00,2024-01-22,LONDON_0800,US100,10.200000000000728,10.899999999997817,1,LONG,SHORT,1705910700,2024-01-22T08:05:00,17415.3,140.0,1.4000000000000001,0.10899999999997817,True
1705910400,2024-01-22T08:00:00,2024-01-22,LONDON_0800,US30,12.69999999999709,14.900000000001455,1,LONG,SHORT,1705910700,2024-01-22T08:05:00,37912.9,120.0,1.2,0.14900000000001457,True
1705933800,2024-01-22T14:30:00,2024-01-22,NEW_YORK_0930,US100,5.349999999998545,10.700000000000728,1,LONG,SHORT,1705934100,2024-01-22T14:35:00,17449.2,140.0,1.4000000000000001,0.10700000000000728,True
1705933800,2024-01-22T14:30:00,2024-01-22,NEW_YORK_0930,US30,3.599999999998545,9.0,1,LONG,SHORT,1705934100,2024-01-22T14:35:00,37927.5,120.0,1.2,0.09,True
1705996800,2024-01-23T08:00:00,2024-01-23,LONDON_0800,US100,3.350000000002183,5.5,1,LONG,SHORT,1705997100,2024-01-23T08:05:00,17349.5,140.0,1.4000000000000001,0.055,True
1705996800,2024-01-23T08:00:00,2024-01-23,LONDON_0800,US30,3.1999999999970896,7.5,1,LONG,SHORT,1705997100,2024-01-23T08:05:00,37992.7,130.0,1.3,0.075,True
1706020200,2024-01-23T14:30:00,2024-01-23,NEW_YORK_0930,US100,2.9499999999970896,5.099999999998545,1,LONG,SHORT,1706020500,2024-01-23T14:35:00,17349.75,140.0,1.4000000000000001,0.050999999999985446,True
1706020200,2024-01-23T14:30:00,2024-01-23,NEW_YORK_0930,US30,-1.0,10.19999999999709,-1,SHORT,LONG,1706020500,2024-01-23T14:35:00,37964.0,120.0,1.2,0.10199999999997089,True
1706083200,2024-01-24T08:00:00,2024-01-24,LONDON_0800,US100,2.649999999997817,11.099999999998545,1,LONG,SHORT,1706083500,2024-01-24T08:05:00,17483.15,140.0,1.4000000000000001,0.11099999999998544,True
1706083200,2024-01-24T08:00:00,2024-01-24,LONDON_0800,US30,4.400000000001455,6.30000000000291,1,LONG,SHORT,1706083500,2024-01-24T08:05:00,37935.4,120.0,1.2,0.0630000000000291,True
1706106600,2024-01-24T14:30:00,2024-01-24,NEW_YORK_0930,US100,5.149999999997817,5.299999999999272,1,LONG,SHORT,1706106900,2024-01-24T14:35:00,17534.15,140.0,1.4000000000000001,0.05299999999999273,True
1706106600,2024-01-24T14:30:00,2024-01-24,NEW_YORK_0930,US30,2.8000000000029104,11.900000000001455,1,LONG,SHORT,1706106900,2024-01-24T14:35:00,37989.3,120.0,1.2,0.11900000000001455,True
1706169600,2024-01-25T08:00:00,2024-01-25,LONDON_0800,US100,-5.849999999998545,8.75,-1,SHORT,LONG,1706169900,2024-01-25T08:05:00,17494.85,140.0,1.4000000000000001,0.08750000000000001,True
1706169600,2024-01-25T08:00:00,2024-01-25,LONDON_0800,US30,-4.30000000000291,11.69999999999709,-1,SHORT,LONG,1706169900,2024-01-25T08:05:00,37885.4,120.0,1.2,0.1169999999999709,True
1706193000,2024-01-25T14:30:00,2024-01-25,NEW_YORK_0930,US100,-1.7000000000007276,9.75,-1,SHORT,LONG,1706193300,2024-01-25T14:35:00,17520.4,140.0,1.4000000000000001,0.0975,True
1706193000,2024-01-25T14:30:00,2024-01-25,NEW_YORK_0930,US30,-2.599999999998545,9.69999999999709,-1,SHORT,LONG,1706193300,2024-01-25T14:35:00,37806.0,120.0,1.2,0.0969999999999709,True
1706256000,2024-01-26T08:00:00,2024-01-26,LONDON_0800,US100,-0.2999999999992724,5.200000000000728,-1,SHORT,LONG,1706256300,2024-01-26T08:05:00,17386.15,140.0,1.4000000000000001,0.052000000000007277,True
1706256000,2024-01-26T08:00:00,2024-01-26,LONDON_0800,US30,-9.30000000000291,12.200000000004366,-1,SHORT,LONG,1706256300,2024-01-26T08:05:00,37928.6,130.0,1.3,0.12200000000004366,True
1706279400,2024-01-26T14:30:00,2024-01-26,NEW_YORK_0930,US100,7.200000000000728,9.30000000000291,1,LONG,SHORT,1706279700,2024-01-26T14:35:00,17467.4,140.0,1.4000000000000001,0.0930000000000291,True
1706279400,2024-01-26T14:30:00,2024-01-26,NEW_YORK_0930,US30,1.1999999999970896,8.39999999999418,1,LONG,SHORT,1706279700,2024-01-26T14:35:00,38038.6,120.0,1.2,0.08399999999994179,True
1706515200,2024-01-29T08:00:00,2024-01-29,LONDON_0800,US100,-3.400000000001455,5.400000000001455,-1,SHORT,LONG,1706515500,2024-01-29T08:05:00,17419.75,140.0,1.4000000000000001,0.05400000000001455,True
1706515200,2024-01-29T08:00:00,2024-01-29,LONDON_0800,US30,2.7000000000043656,3.599999999998545,1,LONG,SHORT,1706515500,2024-01-29T08:05:00,38056.5,120.0,1.2,0.035999999999985446,True
1706538600,2024-01-29T14:30:00,2024-01-29,NEW_YORK_0930,US100,-6.450000000000728,9.299999999999272,-1,SHORT,LONG,1706538900,2024-01-29T14:35:00,17453.7,140.0,1.4000000000000001,0.09299999999999273,True
1706538600,2024-01-29T14:30:00,2024-01-29,NEW_YORK_0930,US30,-2.6999999999970896,10.0,-1,SHORT,LONG,1706538900,2024-01-29T14:35:00,38100.2,120.0,1.2,0.1,True
1706601600,2024-01-30T08:00:00,2024-01-30,LONDON_0800,US100,-1.8499999999985448,4.950000000000728,-1,SHORT,LONG,1706601900,2024-01-30T08:05:00,17608.35,140.0,1.4000000000000001,0.049500000000007274,True
1706601600,2024-01-30T08:00:00,2024-01-30,LONDON_0800,US30,0.3000000000029104,2.8000000000029104,1,LONG,SHORT,1706601900,2024-01-30T08:05:00,38288.9,130.0,1.3,0.028000000000029106,True
1706625000,2024-01-30T14:30:00,2024-01-30,NEW_YORK_0930,US100,-1.8500000000021828,5.349999999998545,-1,SHORT,LONG,1706625300,2024-01-30T14:35:00,17575.2,140.0,1.4000000000000001,0.05349999999998545,True
1706625000,2024-01-30T14:30:00,2024-01-30,NEW_YORK_0930,US30,-3.400000000001455,6.700000000004366,-1,SHORT,LONG,1706625300,2024-01-30T14:35:00,38283.1,130.0,1.3,0.06700000000004366,True
1706688000,2024-01-31T08:00:00,2024-01-31,LONDON_0800,US100,5.649999999997817,7.899999999997817,1,LONG,SHORT,1706688300,2024-01-31T08:05:00,17338.25,140.0,1.4000000000000001,0.07899999999997817,True
1706688000,2024-01-31T08:00:00,2024-01-31,LONDON_0800,US30,3.2999999999956344,5.099999999998545,1,LONG,SHORT,1706688300,2024-01-31T08:05:00,38472.5,130.0,1.3,0.050999999999985446,True
1706711400,2024-01-31T14:30:00,2024-01-31,NEW_YORK_0930,US100,0.2000000000007276,10.75,1,LONG,SHORT,1706711700,2024-01-31T14:35:00,17288.0,140.0,1.4000000000000001,0.1075,True
1706711400,2024-01-31T14:30:00,2024-01-31,NEW_YORK_0930,US30,6.5,52.900000000001455,1,LONG,SHORT,1706711700,2024-01-31T14:35:00,38500.1,130.0,1.3,0.5290000000000146,True
1706774400,2024-02-01T08:00:00,2024-02-01,LONDON_0800,US100,1.6499999999978172,4.30000000000291,1,LONG,SHORT,1706774700,2024-02-01T08:05:00,17194.65,140.0,1.4000000000000001,0.043000000000029105,True
1706774400,2024-02-01T08:00:00,2024-02-01,LONDON_0800,US30,2.8000000000029104,4.80000000000291,1,LONG,SHORT,1706774700,2024-02-01T08:05:00,38187.0,130.0,1.3,0.0480000000000291,True
1706797800,2024-02-01T14:30:00,2024-02-01,NEW_YORK_0930,US100,1.8999999999978172,5.5,1,LONG,SHORT,1706798100,2024-02-01T14:35:00,17242.3,140.0,1.4000000000000001,0.055,True
1706797800,2024-02-01T14:30:00,2024-02-01,NEW_YORK_0930,US30,2.599999999998545,6.099999999998545,1,LONG,SHORT,1706798100,2024-02-01T14:35:00,38209.9,130.0,1.3,0.06099999999998545,True
1706860800,2024-02-02T08:00:00,2024-02-02,LONDON_0800,US100,-6.549999999999272,10.799999999999272,-1,SHORT,LONG,1706861100,2024-02-02T08:05:00,17510.25,140.0,1.4000000000000001,0.10799999999999273,True
1706860800,2024-02-02T08:00:00,2024-02-02,LONDON_0800,US30,-2.5,7.69999999999709,-1,SHORT,LONG,1706861100,2024-02-02T08:05:00,38516.8,130.0,1.3,0.0769999999999709,True
1706884200,2024-02-02T14:30:00,2024-02-02,NEW_YORK_0930,US100,-3.2000000000007276,5.5,-1,SHORT,LONG,1706884500,2024-02-02T14:35:00,17537.6,140.0,1.4000000000000001,0.055,True
1706884200,2024-02-02T14:30:00,2024-02-02,NEW_YORK_0930,US30,-13.900000000001455,14.099999999998545,-1,SHORT,LONG,1706884500,2024-02-02T14:35:00,38545.4,120.0,1.2,0.14099999999998544,True
1707143400,2024-02-05T14:30:00,2024-02-05,NEW_YORK_0930,US100,1.25,7.450000000000728,1,LONG,SHORT,1707143700,2024-02-05T14:35:00,17628.2,140.0,1.4000000000000001,0.07450000000000728,True
1707143400,2024-02-05T14:30:00,2024-02-05,NEW_YORK_0930,US30,9.80000000000291,15.5,1,LONG,SHORT,1707143700,2024-02-05T14:35:00,38625.4,120.0,1.2,0.155,True
1707229800,2024-02-06T14:30:00,2024-02-06,NEW_YORK_0930,US100,5.75,7.150000000001455,1,LONG,SHORT,1707230100,2024-02-06T14:35:00,17589.05,140.0,1.4000000000000001,0.07150000000001455,True
1707229800,2024-02-06T14:30:00,2024-02-06,NEW_YORK_0930,US30,10.5,14.099999999998545,1,LONG,SHORT,1707230100,2024-02-06T14:35:00,38329.3,130.0,1.3,0.14099999999998544,True
1707316200,2024-02-07T14:30:00,2024-02-07,NEW_YORK_0930,US100,6.200000000000728,7.599999999998545,1,LONG,SHORT,1707316500,2024-02-07T14:35:00,17595.1,140.0,1.4000000000000001,0.07599999999998545,True
1707316200,2024-02-07T14:30:00,2024-02-07,NEW_YORK_0930,US30,12.900000000001455,13.0,1,LONG,SHORT,1707316500,2024-02-07T14:35:00,38479.8,120.0,1.2,0.13,True
1707402600,2024-02-08T14:30:00,2024-02-08,NEW_YORK_0930,US100,-1.6500000000014552,6.05000000000291,-1,SHORT,LONG,1707402900,2024-02-08T14:35:00,17722.35,140.0,1.4000000000000001,0.06050000000002911,True
1707402600,2024-02-08T14:30:00,2024-02-08,NEW_YORK_0930,US30,-10.0,13.099999999998545,-1,SHORT,LONG,1707402900,2024-02-08T14:35:00,38652.8,120.0,1.2,0.13099999999998546,True
1707489000,2024-02-09T14:30:00,2024-02-09,NEW_YORK_0930,US100,-1.75,7.200000000000728,-1,SHORT,LONG,1707489300,2024-02-09T14:35:00,17845.6,140.0,1.4000000000000001,0.07200000000000728,True
1707489000,2024-02-09T14:30:00,2024-02-09,NEW_YORK_0930,US30,7.5,11.099999999998545,1,LONG,SHORT,1707489300,2024-02-09T14:35:00,38754.3,120.0,1.2,0.11099999999998544,True
1707748200,2024-02-12T14:30:00,2024-02-12,NEW_YORK_0930,US100,1.9000000000014552,7.75,1,LONG,SHORT,1707748500,2024-02-12T14:35:00,17954.95,140.0,1.4000000000000001,0.0775,True
1707748200,2024-02-12T14:30:00,2024-02-12,NEW_YORK_0930,US30,-2.0,6.700000000004366,-1,SHORT,LONG,1707748500,2024-02-12T14:35:00,38638.2,130.0,1.3,0.06700000000004366,True
1707834600,2024-02-13T14:30:00,2024-02-13,NEW_YORK_0930,US100,9.350000000002183,14.399999999997817,1,LONG,SHORT,1707834900,2024-02-13T14:35:00,17758.5,140.0,1.4000000000000001,0.14399999999997817,True
1707834600,2024-02-13T14:30:00,2024-02-13,NEW_YORK_0930,US30,-0.5,14.900000000001455,-1,SHORT,LONG,1707834900,2024-02-13T14:35:00,38732.2,120.0,1.2,0.14900000000001457,True
1707897600,2024-02-14T08:00:00,2024-02-14,LONDON_0800,US100,3.5,5.700000000000728,1,LONG,SHORT,1707897900,2024-02-14T08:05:00,17613.85,140.0,1.4000000000000001,0.057000000000007274,True
1707897600,2024-02-14T08:00:00,2024-02-14,LONDON_0800,US30,5.900000000001455,5.900000000001455,1,LONG,SHORT,1707897900,2024-02-14T08:05:00,38254.7,130.0,1.3,0.059000000000014555,True
1707921000,2024-02-14T14:30:00,2024-02-14,NEW_YORK_0930,US100,-0.049999999999272404,4.799999999999272,-1,SHORT,LONG,1707921300,2024-02-14T14:35:00,17717.2,140.0,1.4000000000000001,0.04799999999999272,True
1707921000,2024-02-14T14:30:00,2024-02-14,NEW_YORK_0930,US30,0.9000000000014552,12.69999999999709,1,LONG,SHORT,1707921300,2024-02-14T14:35:00,38369.2,130.0,1.3,0.1269999999999709,True
1708007400,2024-02-15T14:30:00,2024-02-15,NEW_YORK_0930,US100,2.399999999997817,6.150000000001455,1,LONG,SHORT,1708007700,2024-02-15T14:35:00,17841.3,140.0,1.4000000000000001,0.06150000000001455,True
1708007400,2024-02-15T14:30:00,2024-02-15,NEW_YORK_0930,US30,3.5,8.30000000000291,1,LONG,SHORT,1708007700,2024-02-15T14:35:00,38449.8,130.0,1.3,0.0830000000000291,True
1708070400,2024-02-16T08:00:00,2024-02-16,LONDON_0800,US100,4.25,5.400000000001455,1,LONG,SHORT,1708070700,2024-02-16T08:05:00,17869.8,140.0,1.4000000000000001,0.05400000000001455,True
1708070400,2024-02-16T08:00:00,2024-02-16,LONDON_0800,US30,1.9000000000014552,2.599999999998545,1,LONG,SHORT,1708070700,2024-02-16T08:05:00,38699.6,130.0,1.3,0.025999999999985448,True
1708093800,2024-02-16T14:30:00,2024-02-16,NEW_YORK_0930,US100,-0.7000000000007276,5.850000000002183,-1,SHORT,LONG,1708094100,2024-02-16T14:35:00,17933.4,140.0,1.4000000000000001,0.058500000000021826,True
1708093800,2024-02-16T14:30:00,2024-02-16,NEW_YORK_0930,US30,2.099999999998545,6.599999999998545,1,LONG,SHORT,1708094100,2024-02-16T14:35:00,38726.1,130.0,1.3,0.06599999999998545,True
1708329600,2024-02-19T08:00:00,2024-02-19,LONDON_0800,US100,-1.2999999999992724,7.350000000002183,-1,SHORT,LONG,1708329900,2024-02-19T08:05:00,17716.15,140.0,1.4000000000000001,0.07350000000002183,True
1708329600,2024-02-19T08:00:00,2024-02-19,LONDON_0800,US30,6.19999999999709,8.099999999998545,1,LONG,SHORT,1708329900,2024-02-19T08:05:00,38650.2,120.0,1.2,0.08099999999998544,True
1708353000,2024-02-19T14:30:00,2024-02-19,NEW_YORK_0930,US100,2.75,6.5,1,LONG,SHORT,1708353300,2024-02-19T14:35:00,17699.1,140.0,1.4000000000000001,0.065,True
1708353000,2024-02-19T14:30:00,2024-02-19,NEW_YORK_0930,US30,5.80000000000291,8.5,1,LONG,SHORT,1708353300,2024-02-19T14:35:00,38648.8,130.0,1.3,0.085,True
1708439400,2024-02-20T14:30:00,2024-02-20,NEW_YORK_0930,US100,-6.200000000000728,6.849999999998545,-1,SHORT,LONG,1708439700,2024-02-20T14:35:00,17612.85,140.0,1.4000000000000001,0.06849999999998545,True
1708439400,2024-02-20T14:30:00,2024-02-20,NEW_YORK_0930,US30,-1.8999999999941792,9.400000000001455,-1,SHORT,LONG,1708439700,2024-02-20T14:35:00,38506.4,120.0,1.2,0.09400000000001456,True
1708502400,2024-02-21T08:00:00,2024-02-21,LONDON_0800,US100,9.849999999998545,10.75,1,LONG,SHORT,1708502700,2024-02-21T08:05:00,17509.7,140.0,1.4000000000000001,0.1075,True
1708502400,2024-02-21T08:00:00,2024-02-21,LONDON_0800,US30,11.099999999998545,12.89999999999418,1,LONG,SHORT,1708502700,2024-02-21T08:05:00,38539.1,130.0,1.3,0.1289999999999418,True
1708525800,2024-02-21T14:30:00,2024-02-21,NEW_YORK_0930,US100,-4.850000000002183,14.599999999998545,-1,SHORT,LONG,1708526100,2024-02-21T14:35:00,17459.85,140.0,1.4000000000000001,0.14599999999998545,True
1708525800,2024-02-21T14:30:00,2024-02-21,NEW_YORK_0930,US30,0.4000000000014552,12.200000000004366,1,LONG,SHORT,1708526100,2024-02-21T14:35:00,38508.3,120.0,1.2,0.12200000000004366,True
1708588800,2024-02-22T08:00:00,2024-02-22,LONDON_0800,US100,-1.1000000000021828,6.549999999999272,-1,SHORT,LONG,1708589100,2024-02-22T08:05:00,17726.6,140.0,1.4000000000000001,0.06549999999999273,True
1708588800,2024-02-22T08:00:00,2024-02-22,LONDON_0800,US30,2.0,5.299999999995634,1,LONG,SHORT,1708589100,2024-02-22T08:05:00,38661.6,130.0,1.3,0.052999999999956346,True
1708612200,2024-02-22T14:30:00,2024-02-22,NEW_YORK_0930,US100,6.700000000000728,13.450000000000728,1,LONG,SHORT,1708612500,2024-02-22T14:35:00,17836.2,140.0,1.4000000000000001,0.13450000000000728,True
1708612200,2024-02-22T14:30:00,2024-02-22,NEW_YORK_0930,US30,-2.3000000000029104,9.400000000001455,-1,SHORT,LONG,1708612500,2024-02-22T14:35:00,38766.4,130.0,1.3,0.09400000000001456,True
1708698600,2024-02-23T14:30:00,2024-02-23,NEW_YORK_0930,US100,5.299999999999272,8.649999999997817,1,LONG,SHORT,1708698900,2024-02-23T14:35:00,17988.15,140.0,1.4000000000000001,0.08649999999997818,True
1708698600,2024-02-23T14:30:00,2024-02-23,NEW_YORK_0930,US30,-2.3000000000029104,4.80000000000291,-1,SHORT,LONG,1708698900,2024-02-23T14:35:00,39120.5,120.0,1.2,0.0480000000000291,True
1708934400,2024-02-26T08:00:00,2024-02-26,LONDON_0800,US100,4.299999999999272,5.0,1,LONG,SHORT,1708934700,2024-02-26T08:05:00,17906.15,140.0,1.4000000000000001,0.05,True
1708934400,2024-02-26T08:00:00,2024-02-26,LONDON_0800,US30,6.700000000004366,7.200000000004366,1,LONG,SHORT,1708934700,2024-02-26T08:05:00,39084.3,130.0,1.3,0.07200000000004365,True
1708957800,2024-02-26T14:30:00,2024-02-26,NEW_YORK_0930,US100,-3.8000000000029104,7.200000000000728,-1,SHORT,LONG,1708958100,2024-02-26T14:35:00,17932.6,140.0,1.4000000000000001,0.07200000000000728,True
1708957800,2024-02-26T14:30:00,2024-02-26,NEW_YORK_0930,US30,1.5999999999985448,8.799999999995634,1,LONG,SHORT,1708958100,2024-02-26T14:35:00,39095.9,130.0,1.3,0.08799999999995635,True
1709020800,2024-02-27T08:00:00,2024-02-27,LONDON_0800,US100,-1.7000000000007276,3.25,-1,SHORT,LONG,1709021100,2024-02-27T08:05:00,17887.0,140.0,1.4000000000000001,0.0325,True
1709020800,2024-02-27T08:00:00,2024-02-27,LONDON_0800,US30,-4.099999999998545,6.19999999999709,-1,SHORT,LONG,1709021100,2024-02-27T08:05:00,39044.5,120.0,1.2,0.0619999999999709,True
1709044200,2024-02-27T14:30:00,2024-02-27,NEW_YORK_0930,US100,8.5,9.75,1,LONG,SHORT,1709044500,2024-02-27T14:35:00,17989.95,140.0,1.4000000000000001,0.0975,True
1709044200,2024-02-27T14:30:00,2024-02-27,NEW_YORK_0930,US30,8.5,14.400000000001455,1,LONG,SHORT,1709044500,2024-02-27T14:35:00,39101.0,120.0,1.2,0.14400000000001456,True
1709107200,2024-02-28T08:00:00,2024-02-28,LONDON_0800,US100,-2.9500000000007276,4.549999999999272,-1,SHORT,LONG,1709107500,2024-02-28T08:05:00,17946.3,140.0,1.4000000000000001,0.04549999999999273,True
1709107200,2024-02-28T08:00:00,2024-02-28,LONDON_0800,US30,-1.7000000000043656,2.8000000000029104,-1,SHORT,LONG,1709107500,2024-02-28T08:05:00,38926.7,130.0,1.3,0.028000000000029106,True
1709130600,2024-02-28T14:30:00,2024-02-28,NEW_YORK_0930,US100,5.450000000000728,7.19999999999709,1,LONG,SHORT,1709130900,2024-02-28T14:35:00,17903.85,140.0,1.4000000000000001,0.07199999999997089,True
1709130600,2024-02-28T14:30:00,2024-02-28,NEW_YORK_0930,US30,10.900000000001455,13.69999999999709,1,LONG,SHORT,1709130900,2024-02-28T14:35:00,38849.6,130.0,1.3,0.1369999999999709,True
1709217000,2024-02-29T14:30:00,2024-02-29,NEW_YORK_0930,US100,1.1999999999970896,7.299999999999272,1,LONG,SHORT,1709217300,2024-02-29T14:35:00,17826.65,140.0,1.4000000000000001,0.07299999999999272,True
1709217000,2024-02-29T14:30:00,2024-02-29,NEW_YORK_0930,US30,0.5,5.0,1,LONG,SHORT,1709217300,2024-02-29T14:35:00,38807.3,120.0,1.2,0.05,True
1709303400,2024-03-01T14:30:00,2024-03-01,NEW_YORK_0930,US100,1.5999999999985448,7.0,1,LONG,SHORT,1709303700,2024-03-01T14:35:00,18036.35,140.0,1.4000000000000001,0.07,True
1709303400,2024-03-01T14:30:00,2024-03-01,NEW_YORK_0930,US30,-1.0,10.200000000004366,-1,SHORT,LONG,1709303700,2024-03-01T14:35:00,38919.1,120.0,1.2,0.10200000000004365,True
1709562600,2024-03-04T14:30:00,2024-03-04,NEW_YORK_0930,US100,-3.25,6.899999999997817,-1,SHORT,LONG,1709562900,2024-03-04T14:35:00,18305.95,140.0,1.4000000000000001,0.06899999999997818,True
1709562600,2024-03-04T14:30:00,2024-03-04,NEW_YORK_0930,US30,4.0,10.799999999995634,1,LONG,SHORT,1709562900,2024-03-04T14:35:00,38987.7,120.0,1.2,0.10799999999995635,True
1709625600,2024-03-05T08:00:00,2024-03-05,LONDON_0800,US100,2.7999999999992724,5.549999999999272,1,LONG,SHORT,1709625900,2024-03-05T08:05:00,18157.8,140.0,1.4000000000000001,0.05549999999999272,True
1709625600,2024-03-05T08:00:00,2024-03-05,LONDON_0800,US30,1.5,3.8000000000029104,1,LONG,SHORT,1709625900,2024-03-05T08:05:00,38909.8,130.0,1.3,0.03800000000002911,True
1709649000,2024-03-05T14:30:00,2024-03-05,NEW_YORK_0930,US100,-11.349999999998545,20.299999999999272,-1,SHORT,LONG,1709649300,2024-03-05T14:35:00,18123.45,140.0,1.4000000000000001,0.20299999999999274,True
1709649000,2024-03-05T14:30:00,2024-03-05,NEW_YORK_0930,US30,-16.5,19.700000000004366,-1,SHORT,LONG,1709649300,2024-03-05T14:35:00,38911.0,120.0,1.2,0.19700000000004367,True
1709712000,2024-03-06T08:00:00,2024-03-06,LONDON_0800,US100,-5.400000000001455,8.200000000000728,-1,SHORT,LONG,1709712300,2024-03-06T08:05:00,17942.7,140.0,1.4000000000000001,0.08200000000000728,True
1709712000,2024-03-06T08:00:00,2024-03-06,LONDON_0800,US30,-0.09999999999854481,10.0,-1,SHORT,LONG,1709712300,2024-03-06T08:05:00,38563.0,130.0,1.3,0.1,True
1709735400,2024-03-06T14:30:00,2024-03-06,NEW_YORK_0930,US100,2.7999999999992724,8.450000000000728,1,LONG,SHORT,1709735700,2024-03-06T14:35:00,18026.35,140.0,1.4000000000000001,0.08450000000000728,True
1709735400,2024-03-06T14:30:00,2024-03-06,NEW_YORK_0930,US30,0.8000000000029104,8.19999999999709,1,LONG,SHORT,1709735700,2024-03-06T14:35:00,38657.3,120.0,1.2,0.0819999999999709,True
1709798400,2024-03-07T08:00:00,2024-03-07,LONDON_0800,US100,1.6499999999978172,8.55000000000291,1,LONG,SHORT,1709798700,2024-03-07T08:05:00,17948.65,140.0,1.4000000000000001,0.08550000000002911,True
1709798400,2024-03-07T08:00:00,2024-03-07,LONDON_0800,US30,6.599999999998545,11.099999999998545,1,LONG,SHORT,1709798700,2024-03-07T08:05:00,38620.3,120.0,1.2,0.11099999999998544,True
1709821800,2024-03-07T14:30:00,2024-03-07,NEW_YORK_0930,US100,0.4500000000007276,8.700000000000728,1,LONG,SHORT,1709822100,2024-03-07T14:35:00,18094.6,140.0,1.4000000000000001,0.08700000000000728,True
1709821800,2024-03-07T14:30:00,2024-03-07,NEW_YORK_0930,US30,-6.599999999998545,13.30000000000291,-1,SHORT,LONG,1709822100,2024-03-07T14:35:00,38706.5,130.0,1.3,0.1330000000000291,True
1709908200,2024-03-08T14:30:00,2024-03-08,NEW_YORK_0930,US100,-2.4500000000007276,11.799999999999272,-1,SHORT,LONG,1709908500,2024-03-08T14:35:00,18251.9,140.0,1.4000000000000001,0.11799999999999272,True
1709908200,2024-03-08T14:30:00,2024-03-08,NEW_YORK_0930,US30,1.7000000000043656,8.700000000004366,1,LONG,SHORT,1709908500,2024-03-08T14:35:00,38622.2,120.0,1.2,0.08700000000004365,True
1710144000,2024-03-11T08:00:00,2024-03-11,LONDON_0800,US100,4.299999999999272,6.94999999999709,1,LONG,SHORT,1710144300,2024-03-11T08:05:00,17960.65,140.0,1.4000000000000001,0.0694999999999709,True
1710144000,2024-03-11T08:00:00,2024-03-11,LONDON_0800,US30,-1.2000000000043656,6.30000000000291,-1,SHORT,LONG,1710144300,2024-03-11T08:05:00,38650.9,130.0,1.3,0.0630000000000291,True
1710163800,2024-03-11T13:30:00,2024-03-11,NEW_YORK_0930,US100,21.849999999998545,24.349999999998545,1,LONG,SHORT,1710164100,2024-03-11T13:35:00,17999.05,130.0,1.3,0.24349999999998545,True
1710163800,2024-03-11T13:30:00,2024-03-11,NEW_YORK_0930,US30,13.200000000004366,16.099999999998545,1,LONG,SHORT,1710164100,2024-03-11T13:35:00,38578.9,120.0,1.2,0.16099999999998546,True
1710250200,2024-03-12T13:30:00,2024-03-12,NEW_YORK_0930,US100,-1.0999999999985448,5.299999999999272,-1,SHORT,LONG,1710250500,2024-03-12T13:35:00,18028.05,140.0,1.4000000000000001,0.05299999999999273,True
1710250200,2024-03-12T13:30:00,2024-03-12,NEW_YORK_0930,US30,1.3999999999941792,9.0,1,LONG,SHORT,1710250500,2024-03-12T13:35:00,38759.2,130.0,1.3,0.09,True
1710336600,2024-03-13T13:30:00,2024-03-13,NEW_YORK_0930,US100,-4.75,7.349999999998545,-1,SHORT,LONG,1710336900,2024-03-13T13:35:00,18187.85,140.0,1.4000000000000001,0.07349999999998545,True
1710336600,2024-03-13T13:30:00,2024-03-13,NEW_YORK_0930,US30,-3.2000000000043656,7.200000000004366,-1,SHORT,LONG,1710336900,2024-03-13T13:35:00,39031.3,120.0,1.2,0.07200000000004365,True
1710423000,2024-03-14T13:30:00,2024-03-14,NEW_YORK_0930,US100,-1.2999999999992724,3.400000000001455,-1,SHORT,LONG,1710423300,2024-03-14T13:35:00,18151.55,140.0,1.4000000000000001,0.03400000000001455,True
1710423000,2024-03-14T13:30:00,2024-03-14,NEW_YORK_0930,US30,-0.09999999999854481,3.7999999999956344,-1,SHORT,LONG,1710423300,2024-03-14T13:35:00,39145.1,120.0,1.2,0.037999999999956346,True
1710489600,2024-03-15T08:00:00,2024-03-15,LONDON_0800,US100,0.8499999999985448,3.850000000002183,1,LONG,SHORT,1710489900,2024-03-15T08:05:00,17978.0,140.0,1.4000000000000001,0.03850000000002183,True
1710489600,2024-03-15T08:00:00,2024-03-15,LONDON_0800,US30,0.0,4.19999999999709,0,NONE,NONE,1710489900,2024-03-15T08:05:00,38886.9,130.0,1.3,0.041999999999970894,True
1710509400,2024-03-15T13:30:00,2024-03-15,NEW_YORK_0930,US100,10.900000000001455,12.799999999999272,1,LONG,SHORT,1710509700,2024-03-15T13:35:00,18064.95,140.0,1.4000000000000001,0.12799999999999273,True
1710509400,2024-03-15T13:30:00,2024-03-15,NEW_YORK_0930,US30,6.0,8.400000000001455,1,LONG,SHORT,1710509700,2024-03-15T13:35:00,38961.9,130.0,1.3,0.08400000000001455,True
1710768600,2024-03-18T13:30:00,2024-03-18,NEW_YORK_0930,US100,1.2000000000007276,9.350000000002183,1,LONG,SHORT,1710768900,2024-03-18T13:35:00,17939.4,140.0,1.4000000000000001,0.09350000000002183,True
1710768600,2024-03-18T13:30:00,2024-03-18,NEW_YORK_0930,US30,-6.0,15.39999999999418,-1,SHORT,LONG,1710768900,2024-03-18T13:35:00,38693.9,130.0,1.3,0.1539999999999418,True
1710835200,2024-03-19T08:00:00,2024-03-19,LONDON_0800,US100,-6.94999999999709,8.450000000000728,-1,SHORT,LONG,1710835500,2024-03-19T08:05:00,17932.85,140.0,1.4000000000000001,0.08450000000000728,True
1710835200,2024-03-19T08:00:00,2024-03-19,LONDON_0800,US30,-4.099999999998545,5.69999999999709,-1,SHORT,LONG,1710835500,2024-03-19T08:05:00,38774.5,130.0,1.3,0.0569999999999709,True
1710855000,2024-03-19T13:30:00,2024-03-19,NEW_YORK_0930,US100,1.1999999999970896,5.799999999999272,1,LONG,SHORT,1710855300,2024-03-19T13:35:00,17937.25,140.0,1.4000000000000001,0.057999999999992724,True
1710855000,2024-03-19T13:30:00,2024-03-19,NEW_YORK_0930,US30,-2.8999999999941792,7.700000000004366,-1,SHORT,LONG,1710855300,2024-03-19T13:35:00,38751.7,120.0,1.2,0.07700000000004366,True
1710941400,2024-03-20T13:30:00,2024-03-20,NEW_YORK_0930,US100,24.650000000001455,32.150000000001455,1,LONG,SHORT,1710941700,2024-03-20T13:35:00,18035.55,140.0,1.4000000000000001,0.32150000000001455,True
1710941400,2024-03-20T13:30:00,2024-03-20,NEW_YORK_0930,US30,-8.799999999995634,10.30000000000291,-1,SHORT,LONG,1710941700,2024-03-20T13:35:00,39068.5,120.0,1.2,0.10300000000002911,True
1711008000,2024-03-21T08:00:00,2024-03-21,LONDON_0800,US100,-2.900000000001455,4.899999999997817,-1,SHORT,LONG,1711008300,2024-03-21T08:05:00,18346.4,140.0,1.4000000000000001,0.04899999999997817,True
1711008000,2024-03-21T08:00:00,2024-03-21,LONDON_0800,US30,-3.8000000000029104,4.69999999999709,-1,SHORT,LONG,1711008300,2024-03-21T08:05:00,39642.7,130.0,1.3,0.0469999999999709,True
1711027800,2024-03-21T13:30:00,2024-03-21,NEW_YORK_0930,US100,1.5999999999985448,3.7000000000007276,1,LONG,SHORT,1711028100,2024-03-21T13:35:00,18354.55,140.0,1.4000000000000001,0.03700000000000728,True
1711027800,2024-03-21T13:30:00,2024-03-21,NEW_YORK_0930,US30,-1.9000000000014552,7.80000000000291,-1,SHORT,LONG,1711028100,2024-03-21T13:35:00,39618.2,130.0,1.3,0.0780000000000291,True
1711094400,2024-03-22T08:00:00,2024-03-22,LONDON_0800,US100,0.3999999999978172,5.849999999998545,1,LONG,SHORT,1711094700,2024-03-22T08:05:00,18329.05,140.0,1.4000000000000001,0.05849999999998545,True
1711094400,2024-03-22T08:00:00,2024-03-22,LONDON_0800,US30,3.400000000001455,4.400000000001455,1,LONG,SHORT,1711094700,2024-03-22T08:05:00,39814.1,120.0,1.2,0.044000000000014555,True
1711114200,2024-03-22T13:30:00,2024-03-22,NEW_YORK_0930,US100,-2.7999999999992724,6.150000000001455,-1,SHORT,LONG,1711114500,2024-03-22T13:35:00,18334.2,140.0,1.4000000000000001,0.06150000000001455,True
1711114200,2024-03-22T13:30:00,2024-03-22,NEW_YORK_0930,US30,-3.099999999998545,7.600000000005821,-1,SHORT,LONG,1711114500,2024-03-22T13:35:00,39827.8,120.0,1.2,0.07600000000005822,True
1711353600,2024-03-25T08:00:00,2024-03-25,LONDON_0800,US100,2.4500000000007276,9.549999999999272,1,LONG,SHORT,1711353900,2024-03-25T08:05:00,18328.2,140.0,1.4000000000000001,0.09549999999999273,True
1711353600,2024-03-25T08:00:00,2024-03-25,LONDON_0800,US30,4.900000000001455,9.299999999995634,1,LONG,SHORT,1711353900,2024-03-25T08:05:00,39410.1,130.0,1.3,0.09299999999995634,True
1711373400,2024-03-25T13:30:00,2024-03-25,NEW_YORK_0930,US100,-2.649999999997817,7.450000000000728,-1,SHORT,LONG,1711373700,2024-03-25T13:35:00,18268.3,140.0,1.4000000000000001,0.07450000000000728,True
1711373400,2024-03-25T13:30:00,2024-03-25,NEW_YORK_0930,US30,5.5,6.19999999999709,1,LONG,SHORT,1711373700,2024-03-25T13:35:00,39394.4,130.0,1.3,0.0619999999999709,True
1711459800,2024-03-26T13:30:00,2024-03-26,NEW_YORK_0930,US100,-2.7000000000007276,6.349999999998545,-1,SHORT,LONG,1711460100,2024-03-26T13:35:00,18365.85,140.0,1.4000000000000001,0.06349999999998544,True
1711459800,2024-03-26T13:30:00,2024-03-26,NEW_YORK_0930,US30,4.200000000004366,7.400000000001455,1,LONG,SHORT,1711460100,2024-03-26T13:35:00,39413.7,130.0,1.3,0.07400000000001455,True
1711546200,2024-03-27T13:30:00,2024-03-27,NEW_YORK_0930,US100,-2.9500000000007276,4.950000000000728,-1,SHORT,LONG,1711546500,2024-03-27T13:35:00,18297.95,140.0,1.4000000000000001,0.049500000000007274,True
1711546200,2024-03-27T13:30:00,2024-03-27,NEW_YORK_0930,US30,2.0,6.299999999995634,1,LONG,SHORT,1711546500,2024-03-27T13:35:00,39456.8,120.0,1.2,0.06299999999995634,True
1711632600,2024-03-28T13:30:00,2024-03-28,NEW_YORK_0930,US100,-0.4000000000014552,7.350000000002183,-1,SHORT,LONG,1711632900,2024-03-28T13:35:00,18272.1,140.0,1.4000000000000001,0.07350000000002183,True
1711632600,2024-03-28T13:30:00,2024-03-28,NEW_YORK_0930,US30,2.0,12.69999999999709,1,LONG,SHORT,1711632900,2024-03-28T13:35:00,39769.9,120.0,1.2,0.1269999999999709,True
1711978200,2024-04-01T13:30:00,2024-04-01,NEW_YORK_0930,US100,1.0,6.049999999999272,1,LONG,SHORT,1711978500,2024-04-01T13:35:00,18354.9,140.0,1.4000000000000001,0.060499999999992726,True
1711978200,2024-04-01T13:30:00,2024-04-01,NEW_YORK_0930,US30,1.7999999999956344,6.0,1,LONG,SHORT,1711978500,2024-04-01T13:35:00,39919.7,130.0,1.3,0.06,True
1712041200,2024-04-02T07:00:00,2024-04-02,LONDON_0800,US100,-1.7999999999992724,4.700000000000728,-1,SHORT,LONG,1712041500,2024-04-02T07:05:00,18262.2,140.0,1.4000000000000001,0.04700000000000728,True
1712041200,2024-04-02T07:00:00,2024-04-02,LONDON_0800,US30,-0.9000000000014552,4.5,-1,SHORT,LONG,1712041500,2024-04-02T07:05:00,39420.9,130.0,1.3,0.045,True
1712064600,2024-04-02T13:30:00,2024-04-02,NEW_YORK_0930,US100,0.9000000000014552,7.100000000002183,1,LONG,SHORT,1712064900,2024-04-02T13:35:00,18238.35,140.0,1.4000000000000001,0.07100000000002182,True
1712064600,2024-04-02T13:30:00,2024-04-02,NEW_YORK_0930,US30,6.0,11.200000000004366,1,LONG,SHORT,1712064900,2024-04-02T13:35:00,39425.8,120.0,1.2,0.11200000000004366,True
1712127600,2024-04-03T07:00:00,2024-04-03,LONDON_0800,US100,1.75,3.75,1,LONG,SHORT,1712127900,2024-04-03T07:05:00,18097.2,140.0,1.4000000000000001,0.0375,True
1712127600,2024-04-03T07:00:00,2024-04-03,LONDON_0800,US30,2.599999999998545,5.599999999998545,1,LONG,SHORT,1712127900,2024-04-03T07:05:00,39127.2,130.0,1.3,0.05599999999998545,True
1712151000,2024-04-03T13:30:00,2024-04-03,NEW_YORK_0930,US100,-3.399999999997817,14.25,-1,SHORT,LONG,1712151300,2024-04-03T13:35:00,18048.8,140.0,1.4000000000000001,0.14250000000000002,True
1712151000,2024-04-03T13:30:00,2024-04-03,NEW_YORK_0930,US30,-1.4000000000014552,11.099999999998545,-1,SHORT,LONG,1712151300,2024-04-03T13:35:00,39137.9,130.0,1.3,0.11099999999998544,True
1712214000,2024-04-04T07:00:00,2024-04-04,LONDON_0800,US100,1.4500000000007276,6.349999999998545,1,LONG,SHORT,1712214300,2024-04-04T07:05:00,18242.75,140.0,1.4000000000000001,0.06349999999998544,True
1712214000,2024-04-04T07:00:00,2024-04-04,LONDON_0800,US30,2.5,6.599999999998545,1,LONG,SHORT,1712214300,2024-04-04T07:05:00,39187.0,130.0,1.3,0.06599999999998545,True
1712237400,2024-04-04T13:30:00,2024-04-04,NEW_YORK_0930,US100,-5.349999999998545,5.5,-1,SHORT,LONG,1712237700,2024-04-04T13:35:00,18236.6,135.0,1.35,0.055,True
1712237400,2024-04-04T13:30:00,2024-04-04,NEW_YORK_0930,US30,-5.200000000004366,10.30000000000291,-1,SHORT,LONG,1712237700,2024-04-04T13:35:00,39221.4,120.0,1.2,0.10300000000002911,True
1712300400,2024-04-05T07:00:00,2024-04-05,LONDON_0800,US100,-5.0,9.600000000002183,-1,SHORT,LONG,1712300700,2024-04-05T07:05:00,17901.1,140.0,1.4000000000000001,0.09600000000002183,True
1712300400,2024-04-05T07:00:00,2024-04-05,LONDON_0800,US30,-8.60000000000582,9.60000000000582,-1,SHORT,LONG,1712300700,2024-04-05T07:05:00,38606.3,130.0,1.3,0.0960000000000582,True
1712323800,2024-04-05T13:30:00,2024-04-05,NEW_YORK_0930,US100,1.4500000000007276,8.799999999999272,1,LONG,SHORT,1712324100,2024-04-05T13:35:00,17925.6,140.0,1.4000000000000001,0.08799999999999272,True
1712323800,2024-04-05T13:30:00,2024-04-05,NEW_YORK_0930,US30,4.200000000004366,12.700000000004366,1,LONG,SHORT,1712324100,2024-04-05T13:35:00,38638.7,130.0,1.3,0.12700000000004366,True
1712559600,2024-04-08T07:00:00,2024-04-08,LONDON_0800,US100,1.9500000000007276,4.0,1,LONG,SHORT,1712559900,2024-04-08T07:05:00,18088.0,140.0,1.4000000000000001,0.04,True
1712559600,2024-04-08T07:00:00,2024-04-08,LONDON_0800,US30,1.8000000000029104,5.600000000005821,1,LONG,SHORT,1712559900,2024-04-08T07:05:00,38877.3,130.0,1.3,0.05600000000005821,True
1712583000,2024-04-08T13:30:00,2024-04-08,NEW_YORK_0930,US100,-4.299999999999272,7.100000000002183,-1,SHORT,LONG,1712583300,2024-04-08T13:35:00,18096.75,140.0,1.4000000000000001,0.07100000000002182,True
1712583000,2024-04-08T13:30:00,2024-04-08,NEW_YORK_0930,US30,-2.400000000001455,9.10000000000582,-1,SHORT,LONG,1712583300,2024-04-08T13:35:00,38885.0,120.0,1.2,0.09100000000005821,True
1712646000,2024-04-09T07:00:00,2024-04-09,LONDON_0800,US100,-0.6500000000014552,1.6000000000021828,-1,SHORT,LONG,1712646300,2024-04-09T07:05:00,18105.9,140.0,1.4000000000000001,0.016000000000021827,True
1712646000,2024-04-09T07:00:00,2024-04-09,LONDON_0800,US30,-2.0,2.599999999998545,-1,SHORT,LONG,1712646300,2024-04-09T07:05:00,38886.6,130.0,1.3,0.025999999999985448,True
1712669400,2024-04-09T13:30:00,2024-04-09,NEW_YORK_0930,US100,-20.450000000000728,30.55000000000291,-1,SHORT,LONG,1712669700,2024-04-09T13:35:00,18083.9,140.0,1.4000000000000001,0.30550000000002914,True
1712669400,2024-04-09T13:30:00,2024-04-09,NEW_YORK_0930,US30,-27.400000000001455,35.099999999998545,-1,SHORT,LONG,1712669700,2024-04-09T13:35:00,38866.0,120.0,1.2,0.35099999999998543,True
1712755800,2024-04-10T13:30:00,2024-04-10,NEW_YORK_0930,US100,5.399999999997817,12.799999999999272,1,LONG,SHORT,1712756100,2024-04-10T13:35:00,18162.6,140.0,1.4000000000000001,0.12799999999999273,True
1712755800,2024-04-10T13:30:00,2024-04-10,NEW_YORK_0930,US30,0.0,10.400000000001455,0,NONE,NONE,1712756100,2024-04-10T13:35:00,38928.8,130.0,1.3,0.10400000000001455,True
1712842200,2024-04-11T13:30:00,2024-04-11,NEW_YORK_0930,US100,0.0,8.700000000000728,0,NONE,NONE,1712842500,2024-04-11T13:35:00,17978.45,140.0,1.4000000000000001,0.08700000000000728,True
1712842200,2024-04-11T13:30:00,2024-04-11,NEW_YORK_0930,US30,7.0,17.80000000000291,1,LONG,SHORT,1712842500,2024-04-11T13:35:00,38373.7,110.0,1.1,0.1780000000000291,True
1712928600,2024-04-12T13:30:00,2024-04-12,NEW_YORK_0930,US100,-2.25,6.200000000000728,-1,SHORT,LONG,1712928900,2024-04-12T13:35:00,18227.7,140.0,1.4000000000000001,0.06200000000000728,True
1712928600,2024-04-12T13:30:00,2024-04-12,NEW_YORK_0930,US30,-6.80000000000291,10.60000000000582,-1,SHORT,LONG,1712928900,2024-04-12T13:35:00,38478.3,120.0,1.2,0.10600000000005821,True
1713164400,2024-04-15T07:00:00,2024-04-15,LONDON_0800,US100,4.150000000001455,4.30000000000291,1,LONG,SHORT,1713164700,2024-04-15T07:05:00,18057.8,140.0,1.4000000000000001,0.043000000000029105,True
1713164400,2024-04-15T07:00:00,2024-04-15,LONDON_0800,US30,4.099999999998545,8.299999999995634,1,LONG,SHORT,1713164700,2024-04-15T07:05:00,38064.6,130.0,1.3,0.08299999999995634,True
1713187800,2024-04-15T13:30:00,2024-04-15,NEW_YORK_0930,US100,9.0,11.450000000000728,1,LONG,SHORT,1713188100,2024-04-15T13:35:00,18098.35,140.0,1.4000000000000001,0.11450000000000728,True
1713187800,2024-04-15T13:30:00,2024-04-15,NEW_YORK_0930,US30,11.5,17.5,1,LONG,SHORT,1713188100,2024-04-15T13:35:00,38074.7,120.0,1.2,0.17500000000000002,True
1713250800,2024-04-16T07:00:00,2024-04-16,LONDON_0800,US100,-6.799999999999272,7.25,-1,SHORT,LONG,1713251100,2024-04-16T07:05:00,17670.7,140.0,1.4000000000000001,0.0725,True
1713250800,2024-04-16T07:00:00,2024-04-16,LONDON_0800,US30,-6.700000000004366,9.80000000000291,-1,SHORT,LONG,1713251100,2024-04-16T07:05:00,37648.4,130.0,1.3,0.0980000000000291,True
1713274200,2024-04-16T13:30:00,2024-04-16,NEW_YORK_0930,US100,29.0,38.75,1,LONG,SHORT,1713274500,2024-04-16T13:35:00,17667.35,140.0,1.4000000000000001,0.3875,True
1713274200,2024-04-16T13:30:00,2024-04-16,NEW_YORK_0930,US30,23.400000000001455,43.099999999998545,1,LONG,SHORT,1713274500,2024-04-16T13:35:00,37812.1,80.0,0.8,0.43099999999998545,True
1713337200,2024-04-17T07:00:00,2024-04-17,LONDON_0800,US100,-1.5499999999992724,4.600000000002183,-1,SHORT,LONG,1713337500,2024-04-17T07:05:00,17761.4,140.0,1.4000000000000001,0.04600000000002183,True
1713337200,2024-04-17T07:00:00,2024-04-17,LONDON_0800,US30,-5.30000000000291,7.5,-1,SHORT,LONG,1713337500,2024-04-17T07:05:00,37877.8,130.0,1.3,0.075,True
1713360600,2024-04-17T13:30:00,2024-04-17,NEW_YORK_0930,US100,2.25,9.100000000002183,1,LONG,SHORT,1713360900,2024-04-17T13:35:00,17764.9,140.0,1.4000000000000001,0.09100000000002183,True
1713360600,2024-04-17T13:30:00,2024-04-17,NEW_YORK_0930,US30,14.099999999998545,28.099999999998545,1,LONG,SHORT,1713360900,2024-04-17T13:35:00,37979.3,120.0,1.2,0.28099999999998543,True
1713423600,2024-04-18T07:00:00,2024-04-18,LONDON_0800,US100,-1.0500000000029104,3.900000000001455,-1,SHORT,LONG,1713423900,2024-04-18T07:05:00,17567.15,140.0,1.4000000000000001,0.03900000000001455,True
1713423600,2024-04-18T07:00:00,2024-04-18,LONDON_0800,US30,-1.4000000000014552,5.30000000000291,-1,SHORT,LONG,1713423900,2024-04-18T07:05:00,37810.7,120.0,1.2,0.05300000000002911,True
1713447000,2024-04-18T13:30:00,2024-04-18,NEW_YORK_0930,US100,6.799999999999272,15.700000000000728,1,LONG,SHORT,1713447300,2024-04-18T13:35:00,17550.9,140.0,1.4000000000000001,0.15700000000000727,True
1713447000,2024-04-18T13:30:00,2024-04-18,NEW_YORK_0930,US30,10.400000000001455,17.599999999998545,1,LONG,SHORT,1713447300,2024-04-18T13:35:00,37836.3,120.0,1.2,0.17599999999998545,True
1713510000,2024-04-19T07:00:00,2024-04-19,LONDON_0800,US100,15.75,28.0,1,LONG,SHORT,1713510300,2024-04-19T07:05:00,17195.75,140.0,1.4000000000000001,0.28,True
1713510000,2024-04-19T07:00:00,2024-04-19,LONDON_0800,US30,33.5,47.0,1,LONG,SHORT,1713510300,2024-04-19T07:05:00,37498.6,130.0,1.3,0.47000000000000003,True
1713533400,2024-04-19T13:30:00,2024-04-19,NEW_YORK_0930,US100,1.6000000000021828,9.599999999998545,1,LONG,SHORT,1713533700,2024-04-19T13:35:00,17275.15,140.0,1.4000000000000001,0.09599999999998544,True
1713533400,2024-04-19T13:30:00,2024-04-19,NEW_YORK_0930,US30,9.60000000000582,23.5,1,LONG,SHORT,1713533700,2024-04-19T13:35:00,37646.2,120.0,1.2,0.23500000000000001,True
1713769200,2024-04-22T07:00:00,2024-04-22,LONDON_0800,US100,1.7000000000007276,6.149999999997817,1,LONG,SHORT,1713769500,2024-04-22T07:05:00,17094.65,140.0,1.4000000000000001,0.061499999999978176,True
1713769200,2024-04-22T07:00:00,2024-04-22,LONDON_0800,US30,0.5999999999985448,6.400000000001455,1,LONG,SHORT,1713769500,2024-04-22T07:05:00,38044.9,130.0,1.3,0.06400000000001456,True
1713792600,2024-04-22T13:30:00,2024-04-22,NEW_YORK_0930,US100,-12.650000000001455,15.350000000002183,-1,SHORT,LONG,1713792900,2024-04-22T13:35:00,17144.7,140.0,1.4000000000000001,0.15350000000002184,True
1713792600,2024-04-22T13:30:00,2024-04-22,NEW_YORK_0930,US30,-11.80000000000291,16.5,-1,SHORT,LONG,1713792900,2024-04-22T13:35:00,38163.6,120.0,1.2,0.165,True
1713879000,2024-04-23T13:30:00,2024-04-23,NEW_YORK_0930,US100,7.600000000002183,13.049999999999272,1,LONG,SHORT,1713879300,2024-04-23T13:35:00,17262.4,140.0,1.4000000000000001,0.13049999999999273,True
1713879000,2024-04-23T13:30:00,2024-04-23,NEW_YORK_0930,US30,12.19999999999709,16.30000000000291,1,LONG,SHORT,1713879300,2024-04-23T13:35:00,38313.6,130.0,1.3,0.1630000000000291,True
1713965400,2024-04-24T13:30:00,2024-04-24,NEW_YORK_0930,US100,-2.0499999999992724,6.049999999999272,-1,SHORT,LONG,1713965700,2024-04-24T13:35:00,17562.3,140.0,1.4000000000000001,0.060499999999992726,True
1713965400,2024-04-24T13:30:00,2024-04-24,NEW_YORK_0930,US30,-1.0,17.799999999995634,-1,SHORT,LONG,1713965700,2024-04-24T13:35:00,38486.0,130.0,1.3,0.17799999999995636,True
1714028400,2024-04-25T07:00:00,2024-04-25,LONDON_0800,US100,-2.100000000002183,3.75,-1,SHORT,LONG,1714028700,2024-04-25T07:05:00,17313.9,140.0,1.4000000000000001,0.0375,True
1714028400,2024-04-25T07:00:00,2024-04-25,LONDON_0800,US30,-2.2999999999956344,4.30000000000291,-1,SHORT,LONG,1714028700,2024-04-25T07:05:00,38383.4,130.0,1.3,0.043000000000029105,True
1714051800,2024-04-25T13:30:00,2024-04-25,NEW_YORK_0930,US100,3.150000000001455,11.450000000000728,1,LONG,SHORT,1714052100,2024-04-25T13:35:00,17370.1,140.0,1.4000000000000001,0.11450000000000728,True
1714051800,2024-04-25T13:30:00,2024-04-25,NEW_YORK_0930,US30,21.30000000000291,46.0,1,LONG,SHORT,1714052100,2024-04-25T13:35:00,38330.5,0.0,0.0,0.46,True
1714114800,2024-04-26T07:00:00,2024-04-26,LONDON_0800,US100,-6.599999999998545,6.899999999997817,-1,SHORT,LONG,1714115100,2024-04-26T07:05:00,17628.3,140.0,1.4000000000000001,0.06899999999997818,True
1714114800,2024-04-26T07:00:00,2024-04-26,LONDON_0800,US30,-6.900000000001455,8.19999999999709,-1,SHORT,LONG,1714115100,2024-04-26T07:05:00,38133.6,120.0,1.2,0.0819999999999709,True
1714138200,2024-04-26T13:30:00,2024-04-26,NEW_YORK_0930,US100,-0.2999999999992724,10.200000000000728,-1,SHORT,LONG,1714138500,2024-04-26T13:35:00,17609.5,140.0,1.4000000000000001,0.10200000000000728,True
1714138200,2024-04-26T13:30:00,2024-04-26,NEW_YORK_0930,US30,-23.400000000001455,30.69999999999709,-1,SHORT,LONG,1714138500,2024-04-26T13:35:00,38128.3,120.0,1.2,0.3069999999999709,True
1714374000,2024-04-29T07:00:00,2024-04-29,LONDON_0800,US100,2.099999999998545,2.7999999999992724,1,LONG,SHORT,1714374300,2024-04-29T07:05:00,17770.95,140.0,1.4000000000000001,0.027999999999992725,True
1714374000,2024-04-29T07:00:00,2024-04-29,LONDON_0800,US30,3.8000000000029104,4.30000000000291,1,LONG,SHORT,1714374300,2024-04-29T07:05:00,38351.5,130.0,1.3,0.043000000000029105,True
1714397400,2024-04-29T13:30:00,2024-04-29,NEW_YORK_0930,US100,-1.6000000000021828,5.799999999999272,-1,SHORT,LONG,1714397700,2024-04-29T13:35:00,17759.9,140.0,1.4000000000000001,0.057999999999992724,True
1714397400,2024-04-29T13:30:00,2024-04-29,NEW_YORK_0930,US30,0.9000000000014552,5.099999999998545,1,LONG,SHORT,1714397700,2024-04-29T13:35:00,38290.2,130.0,1.3,0.050999999999985446,True
1714483800,2024-04-30T13:30:00,2024-04-30,NEW_YORK_0930,US100,2.600000000002183,8.0,1,LONG,SHORT,1714484100,2024-04-30T13:35:00,17745.65,140.0,1.4000000000000001,0.08,True
1714483800,2024-04-30T13:30:00,2024-04-30,NEW_YORK_0930,US30,-11.900000000001455,38.5,-1,SHORT,LONG,1714484100,2024-04-30T13:35:00,38349.1,120.0,1.2,0.385,True
1714570200,2024-05-01T13:30:00,2024-05-01,NEW_YORK_0930,US100,7.399999999997817,10.850000000002183,1,LONG,SHORT,1714570500,2024-05-01T13:35:00,17292.7,140.0,1.4000000000000001,0.10850000000002183,True
1714570200,2024-05-01T13:30:00,2024-05-01,NEW_YORK_0930,US30,-13.89999999999418,36.799999999995634,-1,SHORT,LONG,1714570500,2024-05-01T13:35:00,37706.1,120.0,1.2,0.36799999999995636,True
1714633200,2024-05-02T07:00:00,2024-05-02,LONDON_0800,US100,0.0,1.4500000000007276,0,NONE,NONE,1714633500,2024-05-02T07:05:00,17422.45,140.0,1.4000000000000001,0.014500000000007276,True
1714633200,2024-05-02T07:00:00,2024-05-02,LONDON_0800,US30,0.5,2.5,1,LONG,SHORT,1714633500,2024-05-02T07:05:00,38055.3,130.0,1.3,0.025,True
1714656600,2024-05-02T13:30:00,2024-05-02,NEW_YORK_0930,US100,10.75,13.599999999998545,1,LONG,SHORT,1714656900,2024-05-02T13:35:00,17466.2,140.0,1.4000000000000001,0.13599999999998544,True
1714656600,2024-05-02T13:30:00,2024-05-02,NEW_YORK_0930,US30,6.200000000004366,12.099999999998545,1,LONG,SHORT,1714656900,2024-05-02T13:35:00,38042.5,130.0,1.3,0.12099999999998545,True
1714743000,2024-05-03T13:30:00,2024-05-03,NEW_YORK_0930,US100,-0.049999999999272404,5.549999999999272,-1,SHORT,LONG,1714743300,2024-05-03T13:35:00,17643.2,140.0,1.4000000000000001,0.05549999999999272,True
1714743000,2024-05-03T13:30:00,2024-05-03,NEW_YORK_0930,US30,-3.099999999998545,10.099999999998545,-1,SHORT,LONG,1714743300,2024-05-03T13:35:00,38540.5,120.0,1.2,0.10099999999998545,True
1715002200,2024-05-06T13:30:00,2024-05-06,NEW_YORK_0930,US100,-10.950000000000728,16.5,-1,SHORT,LONG,1715002500,2024-05-06T13:35:00,17931.85,140.0,1.4000000000000001,0.165,True
1715002200,2024-05-06T13:30:00,2024-05-06,NEW_YORK_0930,US30,3.3000000000029104,7.900000000001455,1,LONG,SHORT,1715002500,2024-05-06T13:35:00,38779.4,120.0,1.2,0.07900000000001456,True
1715088600,2024-05-07T13:30:00,2024-05-07,NEW_YORK_0930,US100,2.9500000000007276,5.200000000000728,1,LONG,SHORT,1715088900,2024-05-07T13:35:00,18060.75,140.0,1.4000000000000001,0.052000000000007277,True
1715088600,2024-05-07T13:30:00,2024-05-07,NEW_YORK_0930,US30,5.900000000001455,41.30000000000291,1,LONG,SHORT,1715088900,2024-05-07T13:35:00,38920.9,120.0,1.2,0.4130000000000291,True
1715175000,2024-05-08T13:30:00,2024-05-08,NEW_YORK_0930,US100,-5.700000000000728,9.599999999998545,-1,SHORT,LONG,1715175300,2024-05-08T13:35:00,18083.9,140.0,1.4000000000000001,0.09599999999998544,True
1715175000,2024-05-08T13:30:00,2024-05-08,NEW_YORK_0930,US30,-11.89999999999418,20.099999999998545,-1,SHORT,LONG,1715175300,2024-05-08T13:35:00,38888.8,120.0,1.2,0.20099999999998544,True
1715261400,2024-05-09T13:30:00,2024-05-09,NEW_YORK_0930,US100,-0.6500000000014552,3.2000000000007276,-1,SHORT,LONG,1715261700,2024-05-09T13:35:00,18043.65,140.0,1.4000000000000001,0.03200000000000728,True
1715261400,2024-05-09T13:30:00,2024-05-09,NEW_YORK_0930,US30,-5.599999999998545,7.400000000001455,-1,SHORT,LONG,1715261700,2024-05-09T13:35:00,38973.2,120.0,1.2,0.07400000000001455,True
1715347800,2024-05-10T13:30:00,2024-05-10,NEW_YORK_0930,US100,2.900000000001455,8.450000000000728,1,LONG,SHORT,1715348100,2024-05-10T13:35:00,18195.1,140.0,1.4000000000000001,0.08450000000000728,True
1715347800,2024-05-10T13:30:00,2024-05-10,NEW_YORK_0930,US30,2.7999999999956344,5.599999999998545,1,LONG,SHORT,1715348100,2024-05-10T13:35:00,39514.3,120.0,1.2,0.05599999999998545,True
1715607000,2024-05-13T13:30:00,2024-05-13,NEW_YORK_0930,US100,8.900000000001455,11.0,1,LONG,SHORT,1715607300,2024-05-13T13:35:00,18199.7,140.0,1.4000000000000001,0.11,True
1715607000,2024-05-13T13:30:00,2024-05-13,NEW_YORK_0930,US30,6.19999999999709,8.099999999998545,1,LONG,SHORT,1715607300,2024-05-13T13:35:00,39550.9,120.0,1.2,0.08099999999998544,True
1715670000,2024-05-14T07:00:00,2024-05-14,LONDON_0800,US100,-1.5,2.0499999999992724,-1,SHORT,LONG,1715670300,2024-05-14T07:05:00,18163.55,140.0,1.4000000000000001,0.020499999999992725,True
1715670000,2024-05-14T07:00:00,2024-05-14,LONDON_0800,US30,-2.900000000001455,3.099999999998545,-1,SHORT,LONG,1715670300,2024-05-14T07:05:00,39424.7,130.0,1.3,0.03099999999998545,True
1715693400,2024-05-14T13:30:00,2024-05-14,NEW_YORK_0930,US100,-4.200000000000728,8.200000000000728,-1,SHORT,LONG,1715693700,2024-05-14T13:35:00,18190.15,140.0,1.4000000000000001,0.08200000000000728,True
1715693400,2024-05-14T13:30:00,2024-05-14,NEW_YORK_0930,US30,-8.599999999998545,9.400000000001455,-1,SHORT,LONG,1715693700,2024-05-14T13:35:00,39443.2,120.0,1.2,0.09400000000001456,True
1715779800,2024-05-15T13:30:00,2024-05-15,NEW_YORK_0930,US100,-2.9500000000007276,4.44999999999709,-1,SHORT,LONG,1715780100,2024-05-15T13:35:00,18304.4,140.0,1.4000000000000001,0.044499999999970896,True
1715779800,2024-05-15T13:30:00,2024-05-15,NEW_YORK_0930,US30,3.599999999998545,5.700000000004366,1,LONG,SHORT,1715780100,2024-05-15T13:35:00,39572.1,120.0,1.2,0.057000000000043655,True
1715866200,2024-05-16T13:30:00,2024-05-16,NEW_YORK_0930,US100,-0.9500000000007276,3.650000000001455,-1,SHORT,LONG,1715866500,2024-05-16T13:35:00,18607.15,140.0,1.4000000000000001,0.036500000000014556,True
1715866200,2024-05-16T13:30:00,2024-05-16,NEW_YORK_0930,US30,1.5,8.0,1,LONG,SHORT,1715866500,2024-05-16T13:35:00,39894.7,130.0,1.3,0.08,True
1715952600,2024-05-17T13:30:00,2024-05-17,NEW_YORK_0930,US100,-3.599999999998545,6.549999999999272,-1,SHORT,LONG,1715952900,2024-05-17T13:35:00,18556.75,140.0,1.4000000000000001,0.06549999999999273,True
1715952600,2024-05-17T13:30:00,2024-05-17,NEW_YORK_0930,US30,-1.5,5.5,-1,SHORT,LONG,1715952900,2024-05-17T13:35:00,39859.6,120.0,1.2,0.055,True
1716211800,2024-05-20T13:30:00,2024-05-20,NEW_YORK_0930,US100,1.5499999999992724,3.7999999999992724,1,LONG,SHORT,1716212100,2024-05-20T13:35:00,18576.95,140.0,1.4000000000000001,0.03799999999999273,True
1716211800,2024-05-20T13:30:00,2024-05-20,NEW_YORK_0930,US30,11.80000000000291,17.5,1,LONG,SHORT,1716212100,2024-05-20T13:35:00,40023.0,120.0,1.2,0.17500000000000002,True
1716274800,2024-05-21T07:00:00,2024-05-21,LONDON_0800,US100,0.2999999999992724,1.25,1,LONG,SHORT,1716275100,2024-05-21T07:05:00,18661.6,140.0,1.4000000000000001,0.0125,True
1716274800,2024-05-21T07:00:00,2024-05-21,LONDON_0800,US30,0.0,1.5,0,NONE,NONE,1716275100,2024-05-21T07:05:00,39807.7,130.0,1.3,0.015,True
1716298200,2024-05-21T13:30:00,2024-05-21,NEW_YORK_0930,US100,2.649999999997817,5.19999999999709,1,LONG,SHORT,1716298500,2024-05-21T13:35:00,18659.2,140.0,1.4000000000000001,0.051999999999970896,True
1716298200,2024-05-21T13:30:00,2024-05-21,NEW_YORK_0930,US30,5.099999999998545,7.200000000004366,1,LONG,SHORT,1716298500,2024-05-21T13:35:00,39811.3,120.0,1.2,0.07200000000004365,True
1716384600,2024-05-22T13:30:00,2024-05-22,NEW_YORK_0930,US100,-7.700000000000728,17.299999999999272,-1,SHORT,LONG,1716384900,2024-05-22T13:35:00,18666.7,140.0,1.4000000000000001,0.17299999999999272,True
1716384600,2024-05-22T13:30:00,2024-05-22,NEW_YORK_0930,US30,-0.39999999999417923,12.30000000000291,-1,SHORT,LONG,1716384900,2024-05-22T13:35:00,39832.7,120.0,1.2,0.1230000000000291,True
1716471000,2024-05-23T13:30:00,2024-05-23,NEW_YORK_0930,US100,2.099999999998545,3.900000000001455,1,LONG,SHORT,1716471300,2024-05-23T13:35:00,18872.25,140.0,1.4000000000000001,0.03900000000001455,True
1716471000,2024-05-23T13:30:00,2024-05-23,NEW_YORK_0930,US30,0.7000000000043656,3.900000000001455,1,LONG,SHORT,1716471300,2024-05-23T13:35:00,39703.6,130.0,1.3,0.03900000000001455,True
1716557400,2024-05-24T13:30:00,2024-05-24,NEW_YORK_0930,US100,-0.4500000000007276,3.5,-1,SHORT,LONG,1716557700,2024-05-24T13:35:00,18668.1,140.0,1.4000000000000001,0.035,True
1716557400,2024-05-24T13:30:00,2024-05-24,NEW_YORK_0930,US30,-1.0,5.200000000004366,-1,SHORT,LONG,1716557700,2024-05-24T13:35:00,39119.0,120.0,1.2,0.05200000000004366,True
1716793200,2024-05-27T07:00:00,2024-05-27,LONDON_0800,US100,-1.25,3.0,-1,SHORT,LONG,1716793500,2024-05-27T07:05:00,18791.25,125.0,1.25,0.03,True
1716793200,2024-05-27T07:00:00,2024-05-27,LONDON_0800,US30,-0.25,2.5,-1,SHORT,LONG,1716793500,2024-05-27T07:05:00,39041.8,110.0,1.1,0.025,True
1716816600,2024-05-27T13:30:00,2024-05-27,NEW_YORK_0930,US100,1.5,5.380000000001019,1,LONG,SHORT,1716816900,2024-05-27T13:35:00,18816.75,125.0,1.25,0.05380000000001019,True
1716816600,2024-05-27T13:30:00,2024-05-27,NEW_YORK_0930,US30,3.0,8.0,1,LONG,SHORT,1716816900,2024-05-27T13:35:00,39064.3,110.0,1.1,0.08,True
1716879600,2024-05-28T07:00:00,2024-05-28,LONDON_0800,US100,0.25,2.25,1,LONG,SHORT,1716879900,2024-05-28T07:05:00,18872.71,125.0,1.25,0.0225,True
1716879600,2024-05-28T07:00:00,2024-05-28,LONDON_0800,US30,0.0,2.25,0,NONE,NONE,1716879900,2024-05-28T07:05:00,39116.67,110.0,1.1,0.0225,True
1716903000,2024-05-28T13:30:00,2024-05-28,NEW_YORK_0930,US100,11.12000000000262,13.37000000000262,1,LONG,SHORT,1716903300,2024-05-28T13:35:00,18874.08,125.0,1.25,0.1337000000000262,True
1716903000,2024-05-28T13:30:00,2024-05-28,NEW_YORK_0930,US30,24.0,27.25,1,LONG,SHORT,1716903300,2024-05-28T13:35:00,39050.17,110.0,1.1,0.2725,True
1716966000,2024-05-29T07:00:00,2024-05-29,LONDON_0800,US100,-0.75,2.75,-1,SHORT,LONG,1716966300,2024-05-29T07:05:00,18833.82,125.0,1.25,0.0275,True
1716966000,2024-05-29T07:00:00,2024-05-29,LONDON_0800,US30,-1.0,2.5,-1,SHORT,LONG,1716966300,2024-05-29T07:05:00,38750.03,110.0,1.1,0.025,True
1716989400,2024-05-29T13:30:00,2024-05-29,NEW_YORK_0930,US100,0.75,6.619999999998981,1,LONG,SHORT,1716989700,2024-05-29T13:35:00,18774.95,125.0,1.25,0.06619999999998981,True
1716989400,2024-05-29T13:30:00,2024-05-29,NEW_YORK_0930,US30,5.25,11.75,1,LONG,SHORT,1716989700,2024-05-29T13:35:00,38657.03,110.0,1.1,0.11750000000000001,True
1717052400,2024-05-30T07:00:00,2024-05-30,LONDON_0800,US100,-1.25,4.369999999998981,-1,SHORT,LONG,1717052700,2024-05-30T07:05:00,18634.16,125.0,1.25,0.043699999999989816,True
1717052400,2024-05-30T07:00:00,2024-05-30,LONDON_0800,US30,-1.0,5.75,-1,SHORT,LONG,1717052700,2024-05-30T07:05:00,38134.31,110.0,1.1,0.0575,True
1717075800,2024-05-30T13:30:00,2024-05-30,NEW_YORK_0930,US100,1.5,4.380000000001019,1,LONG,SHORT,1717076100,2024-05-30T13:35:00,18677.16,125.0,1.25,0.043800000000010185,True
1717075800,2024-05-30T13:30:00,2024-05-30,NEW_YORK_0930,US30,0.0,10.0,0,NONE,NONE,1717076100,2024-05-30T13:35:00,38100.06,110.0,1.1,0.1,True
1717138800,2024-05-31T07:00:00,2024-05-31,LONDON_0800,US100,-0.75,3.1299999999973807,-1,SHORT,LONG,1717139100,2024-05-31T07:05:00,18512.53,125.0,1.25,0.03129999999997381,True
1717138800,2024-05-31T07:00:00,2024-05-31,LONDON_0800,US30,-2.5,4.5,-1,SHORT,LONG,1717139100,2024-05-31T07:05:00,38120.08,110.0,1.1,0.045,True
1717162200,2024-05-31T13:30:00,2024-05-31,NEW_YORK_0930,US100,3.1200000000026193,7.120000000002619,1,LONG,SHORT,1717162500,2024-05-31T13:35:00,18471.65,125.0,1.25,0.0712000000000262,True
1717162200,2024-05-31T13:30:00,2024-05-31,NEW_YORK_0930,US30,1.5,11.75,1,LONG,SHORT,1717162500,2024-05-31T13:35:00,38079.83,110.0,1.1,0.11750000000000001,True
1717398000,2024-06-03T07:00:00,2024-06-03,LONDON_0800,US100,1.75,3.25,1,LONG,SHORT,1717398300,2024-06-03T07:05:00,18603.74,125.0,1.25,0.0325,True
1717398000,2024-06-03T07:00:00,2024-06-03,LONDON_0800,US30,5.75,6.0,1,LONG,SHORT,1717398300,2024-06-03T07:05:00,38805.52,110.0,1.1,0.06,True
1717421400,2024-06-03T13:30:00,2024-06-03,NEW_YORK_0930,US100,2.8800000000010186,8.869999999998981,1,LONG,SHORT,1717421700,2024-06-03T13:35:00,18637.99,125.0,1.25,0.08869999999998981,True
1717421400,2024-06-03T13:30:00,2024-06-03,NEW_YORK_0930,US30,0.25,20.75,1,LONG,SHORT,1717421700,2024-06-03T13:35:00,38676.02,110.0,1.1,0.20750000000000002,True
1717484400,2024-06-04T07:00:00,2024-06-04,LONDON_0800,US100,-1.25,4.120000000002619,-1,SHORT,LONG,1717484700,2024-06-04T07:05:00,18614.33,125.0,1.25,0.041200000000026195,True
1717484400,2024-06-04T07:00:00,2024-06-04,LONDON_0800,US30,-1.0,5.5,-1,SHORT,LONG,1717484700,2024-06-04T07:05:00,38580.13,110.0,1.1,0.055,True
1717507800,2024-06-04T13:30:00,2024-06-04,NEW_YORK_0930,US100,11.5,20.75,1,LONG,SHORT,1717508100,2024-06-04T13:35:00,18520.08,125.0,1.25,0.20750000000000002,True
1717507800,2024-06-04T13:30:00,2024-06-04,NEW_YORK_0930,US30,13.0,18.75,1,LONG,SHORT,1717508100,2024-06-04T13:35:00,38402.13,110.0,1.1,0.1875,True
1717570800,2024-06-05T07:00:00,2024-06-05,LONDON_0800,US100,-1.0,2.8800000000010186,-1,SHORT,LONG,1717571100,2024-06-05T07:05:00,18721.21,125.0,1.25,0.028800000000010186,True
1717570800,2024-06-05T07:00:00,2024-06-05,LONDON_0800,US30,2.0,3.5,1,LONG,SHORT,1717571100,2024-06-05T07:05:00,38798.98,110.0,1.1,0.035,True
1717594200,2024-06-05T13:30:00,2024-06-05,NEW_YORK_0930,US100,7.369999999998981,11.119999999998981,1,LONG,SHORT,1717594500,2024-06-05T13:35:00,18757.21,125.0,1.25,0.11119999999998982,True
1717594200,2024-06-05T13:30:00,2024-06-05,NEW_YORK_0930,US30,-9.0,12.5,-1,SHORT,LONG,1717594500,2024-06-05T13:35:00,38775.98,110.0,1.1,0.125,True
1717657200,2024-06-06T07:00:00,2024-06-06,LONDON_0800,US100,-1.6300000000010186,3.25,-1,SHORT,LONG,1717657500,2024-06-06T07:05:00,19064.78,125.0,1.25,0.0325,True
1717657200,2024-06-06T07:00:00,2024-06-06,LONDON_0800,US30,-2.0,3.25,-1,SHORT,LONG,1717657500,2024-06-06T07:05:00,38826.38,110.0,1.1,0.0325,True
1717680600,2024-06-06T13:30:00,2024-06-06,NEW_YORK_0930,US100,3.6300000000010186,6.5,1,LONG,SHORT,1717680900,2024-06-06T13:35:00,19058.03,125.0,1.25,0.065,True
1717680600,2024-06-06T13:30:00,2024-06-06,NEW_YORK_0930,US30,3.0,6.75,1,LONG,SHORT,1717680900,2024-06-06T13:35:00,38798.88,110.0,1.1,0.0675,True
1717743600,2024-06-07T07:00:00,2024-06-07,LONDON_0800,US100,3.0,3.0,1,LONG,SHORT,1717743900,2024-06-07T07:05:00,19051.76,125.0,1.25,0.03,True
1717743600,2024-06-07T07:00:00,2024-06-07,LONDON_0800,US30,4.5,7.25,1,LONG,SHORT,1717743900,2024-06-07T07:05:00,38942.57,110.0,1.1,0.0725,True
1717767000,2024-06-07T13:30:00,2024-06-07,NEW_YORK_0930,US100,2.75,6.870000000002619,1,LONG,SHORT,1717767300,2024-06-07T13:35:00,19043.01,125.0,1.25,0.0687000000000262,True
1717767000,2024-06-07T13:30:00,2024-06-07,NEW_YORK_0930,US30,5.0,11.25,1,LONG,SHORT,1717767300,2024-06-07T13:35:00,38892.82,110.0,1.1,0.1125,True
1718002800,2024-06-10T07:00:00,2024-06-10,LONDON_0800,US100,0.75,3.25,1,LONG,SHORT,1718003100,2024-06-10T07:05:00,19017.9,125.0,1.25,0.0325,True
1718002800,2024-06-10T07:00:00,2024-06-10,LONDON_0800,US30,2.5,4.0,1,LONG,SHORT,1718003100,2024-06-10T07:05:00,38804.01,110.0,1.1,0.04,True
1718026200,2024-06-10T13:30:00,2024-06-10,NEW_YORK_0930,US100,22.5,24.87999999999738,1,LONG,SHORT,1718026500,2024-06-10T13:35:00,19009.78,125.0,1.25,0.24879999999997382,True
1718026200,2024-06-10T13:30:00,2024-06-10,NEW_YORK_0930,US30,32.25,35.75,1,LONG,SHORT,1718026500,2024-06-10T13:35:00,38737.01,110.0,1.1,0.3575,True
1718089200,2024-06-11T07:00:00,2024-06-11,LONDON_0800,US100,-2.8800000000010186,3.3699999999989814,-1,SHORT,LONG,1718089500,2024-06-11T07:05:00,19065.17,125.0,1.25,0.033699999999989814,True
1718089200,2024-06-11T07:00:00,2024-06-11,LONDON_0800,US30,-11.5,14.0,-1,SHORT,LONG,1718089500,2024-06-11T07:05:00,38822.93,110.0,1.1,0.14,True
1718112600,2024-06-11T13:30:00,2024-06-11,NEW_YORK_0930,US100,9.619999999998981,11.0,1,LONG,SHORT,1718112900,2024-06-11T13:35:00,19043.17,125.0,1.25,0.11,True
1718112600,2024-06-11T13:30:00,2024-06-11,NEW_YORK_0930,US30,12.25,17.25,1,LONG,SHORT,1718112900,2024-06-11T13:35:00,38765.43,110.0,1.1,0.17250000000000001,True
1718175600,2024-06-12T07:00:00,2024-06-12,LONDON_0800,US100,-1.0,2.25,-1,SHORT,LONG,1718175900,2024-06-12T07:05:00,19245.75,125.0,1.25,0.0225,True
1718175600,2024-06-12T07:00:00,2024-06-12,LONDON_0800,US30,-0.25,2.5,-1,SHORT,LONG,1718175900,2024-06-12T07:05:00,38760.36,110.0,1.1,0.025,True
1718199000,2024-06-12T13:30:00,2024-06-12,NEW_YORK_0930,US100,1.6199999999989814,3.5,1,LONG,SHORT,1718199300,2024-06-12T13:35:00,19245.87,125.0,1.25,0.035,True
1718199000,2024-06-12T13:30:00,2024-06-12,NEW_YORK_0930,US30,-8.0,10.0,-1,SHORT,LONG,1718199300,2024-06-12T13:35:00,38783.36,110.0,1.1,0.1,True
1718262000,2024-06-13T07:00:00,2024-06-13,LONDON_0800,US100,1.5,3.25,1,LONG,SHORT,1718262300,2024-06-13T07:05:00,19620.82,125.0,1.25,0.0325,True
1718262000,2024-06-13T07:00:00,2024-06-13,LONDON_0800,US30,-0.75,2.0,-1,SHORT,LONG,1718262300,2024-06-13T07:05:00,38704.53,110.0,1.1,0.02,True
1718285400,2024-06-13T13:30:00,2024-06-13,NEW_YORK_0930,US100,-0.8800000000010186,5.25,-1,SHORT,LONG,1718285700,2024-06-13T13:35:00,19592.07,125.0,1.25,0.0525,True
1718285400,2024-06-13T13:30:00,2024-06-13,NEW_YORK_0930,US30,-4.25,8.25,-1,SHORT,LONG,1718285700,2024-06-13T13:35:00,38590.28,110.0,1.1,0.0825,True
1718348400,2024-06-14T07:00:00,2024-06-14,LONDON_0800,US100,-3.5,4.25,-1,SHORT,LONG,1718348700,2024-06-14T07:05:00,19618.35,125.0,1.25,0.0425,True
1718348400,2024-06-14T07:00:00,2024-06-14,LONDON_0800,US30,2.0,3.5,1,LONG,SHORT,1718348700,2024-06-14T07:05:00,38644.28,110.0,1.1,0.035,True
1718371800,2024-06-14T13:30:00,2024-06-14,NEW_YORK_0930,US100,8.37999999999738,14.5,1,LONG,SHORT,1718372100,2024-06-14T13:35:00,19530.6,125.0,1.25,0.145,True
1718371800,2024-06-14T13:30:00,2024-06-14,NEW_YORK_0930,US30,19.0,22.5,1,LONG,SHORT,1718372100,2024-06-14T13:35:00,38327.53,110.0,1.1,0.225,True
1718607600,2024-06-17T07:00:00,2024-06-17,LONDON_0800,US100,3.8800000000010186,4.0,1,LONG,SHORT,1718607900,2024-06-17T07:05:00,19693.03,125.0,1.25,0.04,True
1718607600,2024-06-17T07:00:00,2024-06-17,LONDON_0800,US30,4.0,4.5,1,LONG,SHORT,1718607900,2024-06-17T07:05:00,38564.45,110.0,1.1,0.045,True
1718631000,2024-06-17T13:30:00,2024-06-17,NEW_YORK_0930,US100,5.619999999998981,8.630000000001019,1,LONG,SHORT,1718631300,2024-06-17T13:35:00,19687.16,125.0,1.25,0.08630000000001019,True
1718631000,2024-06-17T13:30:00,2024-06-17,NEW_YORK_0930,US30,9.5,14.25,1,LONG,SHORT,1718631300,2024-06-17T13:35:00,38480.7,110.0,1.1,0.14250000000000002,True
1718694000,2024-06-18T07:00:00,2024-06-18,LONDON_0800,US100,2.0,4.0,1,LONG,SHORT,1718694300,2024-06-18T07:05:00,19906.79,125.0,1.25,0.04,True
1718694000,2024-06-18T07:00:00,2024-06-18,LONDON_0800,US30,4.5,5.5,1,LONG,SHORT,1718694300,2024-06-18T07:05:00,38834.05,110.0,1.1,0.055,True
1718717400,2024-06-18T13:30:00,2024-06-18,NEW_YORK_0930,US100,-6.75,11.880000000001019,-1,SHORT,LONG,1718717700,2024-06-18T13:35:00,19955.91,125.0,1.25,0.11880000000001019,True
1718717400,2024-06-18T13:30:00,2024-06-18,NEW_YORK_0930,US30,-5.5,14.5,-1,SHORT,LONG,1718717700,2024-06-18T13:35:00,38789.3,110.0,1.1,0.145,True
1718780400,2024-06-19T07:00:00,2024-06-19,LONDON_0800,US100,3.0,3.25,1,LONG,SHORT,1718780700,2024-06-19T07:05:00,19946.76,125.0,1.25,0.0325,True
1718780400,2024-06-19T07:00:00,2024-06-19,LONDON_0800,US30,6.0,6.5,1,LONG,SHORT,1718780700,2024-06-19T07:05:00,38834.63,110.0,1.1,0.065,True
1718803800,2024-06-19T13:30:00,2024-06-19,NEW_YORK_0930,US100,2.1199999999989814,4.0,1,LONG,SHORT,1718804100,2024-06-19T13:35:00,19961.26,125.0,1.25,0.04,True
1718803800,2024-06-19T13:30:00,2024-06-19,NEW_YORK_0930,US30,9.5,14.0,1,LONG,SHORT,1718804100,2024-06-19T13:35:00,38836.63,110.0,1.1,0.14,True
1718866800,2024-06-20T07:00:00,2024-06-20,LONDON_0800,US100,-2.6200000000026193,7.25,-1,SHORT,LONG,1718867100,2024-06-20T07:05:00,20014.51,125.0,1.25,0.0725,True
1718866800,2024-06-20T07:00:00,2024-06-20,LONDON_0800,US30,-2.75,6.5,-1,SHORT,LONG,1718867100,2024-06-20T07:05:00,38831.74,110.0,1.1,0.065,True
1718890200,2024-06-20T13:30:00,2024-06-20,NEW_YORK_0930,US100,7.75,10.62999999999738,1,LONG,SHORT,1718890500,2024-06-20T13:35:00,20062.01,125.0,1.25,0.1062999999999738,True
1718890200,2024-06-20T13:30:00,2024-06-20,NEW_YORK_0930,US30,-6.5,11.0,-1,SHORT,LONG,1718890500,2024-06-20T13:35:00,38908.24,110.0,1.1,0.11,True
1718953200,2024-06-21T07:00:00,2024-06-21,LONDON_0800,US100,-1.3800000000010186,3.6199999999989814,-1,SHORT,LONG,1718953500,2024-06-21T07:05:00,19782.88,125.0,1.25,0.03619999999998982,True
1718953200,2024-06-21T07:00:00,2024-06-21,LONDON_0800,US30,2.0,3.5,1,LONG,SHORT,1718953500,2024-06-21T07:05:00,39167.84,110.0,1.1,0.035,True
1718976600,2024-06-21T13:30:00,2024-06-21,NEW_YORK_0930,US100,-9.869999999998981,17.5,-1,SHORT,LONG,1718976900,2024-06-21T13:35:00,19720.38,125.0,1.25,0.17500000000000002,True
1718976600,2024-06-21T13:30:00,2024-06-21,NEW_YORK_0930,US30,-1.0,14.5,-1,SHORT,LONG,1718976900,2024-06-21T13:35:00,39103.84,110.0,1.1,0.145,True
1719212400,2024-06-24T07:00:00,2024-06-24,LONDON_0800,US100,-1.8800000000010186,6.630000000001019,-1,SHORT,LONG,1719212700,2024-06-24T07:05:00,19699.07,125.0,1.25,0.06630000000001018,True
1719212400,2024-06-24T07:00:00,2024-06-24,LONDON_0800,US30,-3.75,6.75,-1,SHORT,LONG,1719212700,2024-06-24T07:05:00,39102.75,110.0,1.1,0.0675,True
1719235800,2024-06-24T13:30:00,2024-06-24,NEW_YORK_0930,US100,-7.869999999998981,10.369999999998981,-1,SHORT,LONG,1719236100,2024-06-24T13:35:00,19695.07,125.0,1.25,0.10369999999998981,True
1719235800,2024-06-24T13:30:00,2024-06-24,NEW_YORK_0930,US30,-5.25,9.5,-1,SHORT,LONG,1719236100,2024-06-24T13:35:00,39287.5,110.0,1.1,0.095,True
1719298800,2024-06-25T07:00:00,2024-06-25,LONDON_0800,US100,-1.5,3.0,-1,SHORT,LONG,1719299100,2024-06-25T07:05:00,19533.56,125.0,1.25,0.03,True
1719298800,2024-06-25T07:00:00,2024-06-25,LONDON_0800,US30,-2.0,7.25,-1,SHORT,LONG,1719299100,2024-06-25T07:05:00,39527.37,110.0,1.1,0.0725,True
1719322200,2024-06-25T13:30:00,2024-06-25,NEW_YORK_0930,US100,0.0,4.5,0,NONE,NONE,1719322500,2024-06-25T13:35:00,19573.31,125.0,1.25,0.045,True
1719322200,2024-06-25T13:30:00,2024-06-25,NEW_YORK_0930,US30,-4.0,15.5,-1,SHORT,LONG,1719322500,2024-06-25T13:35:00,39413.37,110.0,1.1,0.155,True
1719385200,2024-06-26T07:00:00,2024-06-26,LONDON_0800,US100,-1.1300000000010186,4.369999999998981,-1,SHORT,LONG,1719385500,2024-06-26T07:05:00,19733.81,125.0,1.25,0.043699999999989816,True
1719385200,2024-06-26T07:00:00,2024-06-26,LONDON_0800,US30,-1.0,3.25,-1,SHORT,LONG,1719385500,2024-06-26T07:05:00,39132.98,110.0,1.1,0.0325,True
1719408600,2024-06-26T13:30:00,2024-06-26,NEW_YORK_0930,US100,8.5,12.119999999998981,1,LONG,SHORT,1719408900,2024-06-26T13:35:00,19762.68,125.0,1.25,0.12119999999998982,True
1719408600,2024-06-26T13:30:00,2024-06-26,NEW_YORK_0930,US30,2.0,11.5,1,LONG,SHORT,1719408900,2024-06-26T13:35:00,39110.98,110.0,1.1,0.115,True
1719471600,2024-06-27T07:00:00,2024-06-27,LONDON_0800,US100,5.119999999998981,8.25,1,LONG,SHORT,1719471900,2024-06-27T07:05:00,19664.53,125.0,1.25,0.0825,True
1719471600,2024-06-27T07:00:00,2024-06-27,LONDON_0800,US30,2.5,5.75,1,LONG,SHORT,1719471900,2024-06-27T07:05:00,39049.06,110.0,1.1,0.0575,True
1719495000,2024-06-27T13:30:00,2024-06-27,NEW_YORK_0930,US100,1.6199999999989814,8.880000000001019,1,LONG,SHORT,1719495300,2024-06-27T13:35:00,19736.78,125.0,1.25,0.08880000000001019,True
1719495000,2024-06-27T13:30:00,2024-06-27,NEW_YORK_0930,US30,-1.0,8.5,-1,SHORT,LONG,1719495300,2024-06-27T13:35:00,39102.56,110.0,1.1,0.085,True
1719558000,2024-06-28T07:00:00,2024-06-28,LONDON_0800,US100,-4.75,6.25,-1,SHORT,LONG,1719558300,2024-06-28T07:05:00,19875.63,125.0,1.25,0.0625,True
1719558000,2024-06-28T07:00:00,2024-06-28,LONDON_0800,US30,-1.5,4.0,-1,SHORT,LONG,1719558300,2024-06-28T07:05:00,39183.16,110.0,1.1,0.04,True
1719581400,2024-06-28T13:30:00,2024-06-28,NEW_YORK_0930,US100,-2.75,8.630000000001019,-1,SHORT,LONG,1719581700,2024-06-28T13:35:00,19871.75,125.0,1.25,0.08630000000001019,True
1719581400,2024-06-28T13:30:00,2024-06-28,NEW_YORK_0930,US30,-1.0,6.5,-1,SHORT,LONG,1719581700,2024-06-28T13:35:00,39215.16,110.0,1.1,0.065,True
1719817200,2024-07-01T07:00:00,2024-07-01,LONDON_0800,US100,-2.75,6.25,-1,SHORT,LONG,1719817500,2024-07-01T07:05:00,19753.28,125.0,1.25,0.0625,True
1719817200,2024-07-01T07:00:00,2024-07-01,LONDON_0800,US30,-4.5,5.0,-1,SHORT,LONG,1719817500,2024-07-01T07:05:00,39170.06,110.0,1.1,0.05,True
1719840600,2024-07-01T13:30:00,2024-07-01,NEW_YORK_0930,US100,-1.8700000000026193,7.879999999997381,-1,SHORT,LONG,1719840900,2024-07-01T13:35:00,19693.15,125.0,1.25,0.07879999999997381,True
1719840600,2024-07-01T13:30:00,2024-07-01,NEW_YORK_0930,US30,-12.25,14.5,-1,SHORT,LONG,1719840900,2024-07-01T13:35:00,39183.81,110.0,1.1,0.145,True
1719903600,2024-07-02T07:00:00,2024-07-02,LONDON_0800,US100,0.8800000000010186,4.0,1,LONG,SHORT,1719903900,2024-07-02T07:05:00,19745.9,125.0,1.25,0.04,True
1719903600,2024-07-02T07:00:00,2024-07-02,LONDON_0800,US30,3.25,4.25,1,LONG,SHORT,1719903900,2024-07-02T07:05:00,39111.19,110.0,1.1,0.0425,True
1719927000,2024-07-02T13:30:00,2024-07-02,NEW_YORK_0930,US100,-2.5,7.380000000001019,-1,SHORT,LONG,1719927300,2024-07-02T13:35:00,19712.77,125.0,1.25,0.07380000000001019,True
1719927000,2024-07-02T13:30:00,2024-07-02,NEW_YORK_0930,US30,-7.0,12.0,-1,SHORT,LONG,1719927300,2024-07-02T13:35:00,39049.69,110.0,1.1,0.12,True
1719990000,2024-07-03T07:00:00,2024-07-03,LONDON_0800,US100,1.25,2.8700000000026193,1,LONG,SHORT,1719990300,2024-07-03T07:05:00,20001.74,125.0,1.25,0.028700000000026194,True
1719990000,2024-07-03T07:00:00,2024-07-03,LONDON_0800,US30,3.75,5.5,1,LONG,SHORT,1719990300,2024-07-03T07:05:00,39312.98,110.0,1.1,0.055,True
1720013400,2024-07-03T13:30:00,2024-07-03,NEW_YORK_0930,US100,0.75,5.620000000002619,1,LONG,SHORT,1720013700,2024-07-03T13:35:00,20033.24,125.0,1.25,0.056200000000026194,True
1720013400,2024-07-03T13:30:00,2024-07-03,NEW_YORK_0930,US30,5.25,7.25,1,LONG,SHORT,1720013700,2024-07-03T13:35:00,39414.23,110.0,1.1,0.0725,True
1720076400,2024-07-04T07:00:00,2024-07-04,LONDON_0800,US100,0.25,2.25,1,LONG,SHORT,1720076700,2024-07-04T07:05:00,20172.39,125.0,1.25,0.0225,True
1720076400,2024-07-04T07:00:00,2024-07-04,LONDON_0800,US30,-0.75,3.5,-1,SHORT,LONG,1720076700,2024-07-04T07:05:00,39305.64,110.0,1.1,0.035,True
1720099800,2024-07-04T13:30:00,2024-07-04,NEW_YORK_0930,US100,-1.5,2.3800000000010186,-1,SHORT,LONG,1720100100,2024-07-04T13:35:00,20168.14,125.0,1.25,0.023800000000010188,True
1720099800,2024-07-04T13:30:00,2024-07-04,NEW_YORK_0930,US30,-3.0,6.75,-1,SHORT,LONG,1720100100,2024-07-04T13:35:00,39381.64,110.0,1.1,0.0675,True
1720162800,2024-07-05T07:00:00,2024-07-05,LONDON_0800,US100,-0.5,2.0,-1,SHORT,LONG,1720163100,2024-07-05T07:05:00,20183.01,125.0,1.25,0.02,True
1720162800,2024-07-05T07:00:00,2024-07-05,LONDON_0800,US30,-0.25,2.75,-1,SHORT,LONG,1720163100,2024-07-05T07:05:00,39342.23,110.0,1.1,0.0275,True
1720186200,2024-07-05T13:30:00,2024-07-05,NEW_YORK_0930,US100,1.3799999999973807,5.0,1,LONG,SHORT,1720186500,2024-07-05T13:35:00,20207.76,125.0,1.25,0.05,True
1720186200,2024-07-05T13:30:00,2024-07-05,NEW_YORK_0930,US30,2.5,11.75,1,LONG,SHORT,1720186500,2024-07-05T13:35:00,39305.73,110.0,1.1,0.11750000000000001,True
1720422000,2024-07-08T07:00:00,2024-07-08,LONDON_0800,US100,-1.6199999999989814,3.75,-1,SHORT,LONG,1720422300,2024-07-08T07:05:00,20375.15,125.0,1.25,0.0375,True
1720422000,2024-07-08T07:00:00,2024-07-08,LONDON_0800,US30,-3.0,5.25,-1,SHORT,LONG,1720422300,2024-07-08T07:05:00,39315.75,110.0,1.1,0.0525,True
1720445400,2024-07-08T13:30:00,2024-07-08,NEW_YORK_0930,US100,0.36999999999898137,6.130000000001019,1,LONG,SHORT,1720445700,2024-07-08T13:35:00,20393.77,125.0,1.25,0.06130000000001019,True
1720445400,2024-07-08T13:30:00,2024-07-08,NEW_YORK_0930,US30,-5.0,10.0,-1,SHORT,LONG,1720445700,2024-07-08T13:35:00,39376.75,110.0,1.1,0.1,True
1720508400,2024-07-09T07:00:00,2024-07-09,LONDON_0800,US100,-2.75,3.75,-1,SHORT,LONG,1720508700,2024-07-09T07:05:00,20514.53,125.0,1.25,0.0375,True
1720508400,2024-07-09T07:00:00,2024-07-09,LONDON_0800,US30,-2.5,3.0,-1,SHORT,LONG,1720508700,2024-07-09T07:05:00,39410.25,110.0,1.1,0.03,True
1720531800,2024-07-09T13:30:00,2024-07-09,NEW_YORK_0930,US100,7.25,8.5,1,LONG,SHORT,1720532100,2024-07-09T13:35:00,20526.28,125.0,1.25,0.085,True
1720531800,2024-07-09T13:30:00,2024-07-09,NEW_YORK_0930,US30,10.0,10.75,1,LONG,SHORT,1720532100,2024-07-09T13:35:00,39394.75,110.0,1.1,0.1075,True
1720594800,2024-07-10T07:00:00,2024-07-10,LONDON_0800,US100,-1.3800000000010186,2.25,-1,SHORT,LONG,1720595100,2024-07-10T07:05:00,20494.32,125.0,1.25,0.0225,True
1720594800,2024-07-10T07:00:00,2024-07-10,LONDON_0800,US30,1.0,3.0,1,LONG,SHORT,1720595100,2024-07-10T07:05:00,39272.5,110.0,1.1,0.03,True
1720618200,2024-07-10T13:30:00,2024-07-10,NEW_YORK_0930,US100,-1.5,4.0,-1,SHORT,LONG,1720618500,2024-07-10T13:35:00,20524.32,125.0,1.25,0.04,True
1720618200,2024-07-10T13:30:00,2024-07-10,NEW_YORK_0930,US30,-2.0,15.0,-1,SHORT,LONG,1720618500,2024-07-10T13:35:00,39291.0,110.0,1.1,0.15,True
1720681200,2024-07-11T07:00:00,2024-07-11,LONDON_0800,US100,-0.5,2.5,-1,SHORT,LONG,1720681500,2024-07-11T07:05:00,20672.18,125.0,1.25,0.025,True
1720681200,2024-07-11T07:00:00,2024-07-11,LONDON_0800,US30,-4.5,5.0,-1,SHORT,LONG,1720681500,2024-07-11T07:05:00,39731.09,110.0,1.1,0.05,True
1720704600,2024-07-11T13:30:00,2024-07-11,NEW_YORK_0930,US100,0.25,2.5,1,LONG,SHORT,1720704900,2024-07-11T13:35:00,20670.68,125.0,1.25,0.025,True
1720704600,2024-07-11T13:30:00,2024-07-11,NEW_YORK_0930,US30,-6.0,7.0,-1,SHORT,LONG,1720704900,2024-07-11T13:35:00,39679.59,110.0,1.1,0.07,True
1720767600,2024-07-12T07:00:00,2024-07-12,LONDON_0800,US100,-4.25,6.880000000001019,-1,SHORT,LONG,1720767900,2024-07-12T07:05:00,20209.1,125.0,1.25,0.06880000000001019,True
1720767600,2024-07-12T07:00:00,2024-07-12,LONDON_0800,US30,-1.5,3.75,-1,SHORT,LONG,1720767900,2024-07-12T07:05:00,39811.46,110.0,1.1,0.0375,True
1720791000,2024-07-12T13:30:00,2024-07-12,NEW_YORK_0930,US100,0.5,6.630000000001019,1,LONG,SHORT,1720791300,2024-07-12T13:35:00,20224.85,125.0,1.25,0.06630000000001018,True
1720791000,2024-07-12T13:30:00,2024-07-12,NEW_YORK_0930,US30,-8.5,14.0,-1,SHORT,LONG,1720791300,2024-07-12T13:35:00,39843.21,110.0,1.1,0.14,True
1721026800,2024-07-15T07:00:00,2024-07-15,LONDON_0800,US100,0.5,3.1300000000010186,1,LONG,SHORT,1721027100,2024-07-15T07:05:00,20378.63,125.0,1.25,0.03130000000001019,True
1721026800,2024-07-15T07:00:00,2024-07-15,LONDON_0800,US30,-1.0,3.25,-1,SHORT,LONG,1721027100,2024-07-15T07:05:00,40091.63,110.0,1.1,0.0325,True
1721050200,2024-07-15T13:30:00,2024-07-15,NEW_YORK_0930,US100,-1.8699999999989814,4.25,-1,SHORT,LONG,1721050500,2024-07-15T13:35:00,20426.75,125.0,1.25,0.0425,True
1721050200,2024-07-15T13:30:00,2024-07-15,NEW_YORK_0930,US30,20.0,22.0,1,LONG,SHORT,1721050500,2024-07-15T13:35:00,40244.13,110.0,1.1,0.22,True
1721113200,2024-07-16T07:00:00,2024-07-16,LONDON_0800,US100,-2.3800000000010186,3.8699999999989814,-1,SHORT,LONG,1721113500,2024-07-16T07:05:00,20451.37,125.0,1.25,0.03869999999998981,True
1721113200,2024-07-16T07:00:00,2024-07-16,LONDON_0800,US30,8.0,11.25,1,LONG,SHORT,1721113500,2024-07-16T07:05:00,40307.5,110.0,1.1,0.1125,True
1721136600,2024-07-16T13:30:00,2024-07-16,NEW_YORK_0930,US100,5.619999999998981,10.119999999998981,1,LONG,SHORT,1721136900,2024-07-16T13:35:00,20438.62,125.0,1.25,0.10119999999998981,True
1721136600,2024-07-16T13:30:00,2024-07-16,NEW_YORK_0930,US30,22.0,34.0,1,LONG,SHORT,1721136900,2024-07-16T13:35:00,40249.75,110.0,1.1,0.34,True
1721199600,2024-07-17T07:00:00,2024-07-17,LONDON_0800,US100,-1.75,6.879999999997381,-1,SHORT,LONG,1721199900,2024-07-17T07:05:00,20343.49,125.0,1.25,0.06879999999997381,True
1721199600,2024-07-17T07:00:00,2024-07-17,LONDON_0800,US30,-3.0,4.75,-1,SHORT,LONG,1721199900,2024-07-17T07:05:00,41022.37,110.0,1.1,0.0475,True
1721223000,2024-07-17T13:30:00,2024-07-17,NEW_YORK_0930,US100,-0.12999999999738066,14.25,-1,SHORT,LONG,1721223300,2024-07-17T13:35:00,20163.12,125.0,1.25,0.14250000000000002,True
1721223000,2024-07-17T13:30:00,2024-07-17,NEW_YORK_0930,US30,-7.0,12.25,-1,SHORT,LONG,1721223300,2024-07-17T13:35:00,40928.37,110.0,1.1,0.1225,True
1721286000,2024-07-18T07:00:00,2024-07-18,LONDON_0800,US100,1.5,6.25,1,LONG,SHORT,1721286300,2024-07-18T07:05:00,19865.99,125.0,1.25,0.0625,True
1721286000,2024-07-18T07:00:00,2024-07-18,LONDON_0800,US30,0.0,5.5,0,NONE,NONE,1721286300,2024-07-18T07:05:00,41337.97,110.0,1.1,0.055,True
1721309400,2024-07-18T13:30:00,2024-07-18,NEW_YORK_0930,US100,20.5,24.75,1,LONG,SHORT,1721309700,2024-07-18T13:35:00,19873.86,125.0,1.25,0.2475,True
1721309400,2024-07-18T13:30:00,2024-07-18,NEW_YORK_0930,US30,6.0,10.75,1,LONG,SHORT,1721309700,2024-07-18T13:35:00,41173.97,110.0,1.1,0.1075,True
1721372400,2024-07-19T07:00:00,2024-07-19,LONDON_0800,US100,-4.879999999997381,6.75,-1,SHORT,LONG,1721372700,2024-07-19T07:05:00,19767.35,125.0,1.25,0.0675,True
1721372400,2024-07-19T07:00:00,2024-07-19,LONDON_0800,US30,-11.0,12.75,-1,SHORT,LONG,1721372700,2024-07-19T07:05:00,40710.98,110.0,1.1,0.1275,True
1721395800,2024-07-19T13:30:00,2024-07-19,NEW_YORK_0930,US100,-10.5,15.0,-1,SHORT,LONG,1721396100,2024-07-19T13:35:00,19707.47,125.0,1.25,0.15,True
1721395800,2024-07-19T13:30:00,2024-07-19,NEW_YORK_0930,US30,-4.75,10.0,-1,SHORT,LONG,1721396100,2024-07-19T13:35:00,40638.98,110.0,1.1,0.1,True
1721631600,2024-07-22T07:00:00,2024-07-22,LONDON_0800,US100,-22.25,26.88000000000102,-1,SHORT,LONG,1721631900,2024-07-22T07:05:00,19581.8,125.0,1.25,0.2688000000000102,True
1721631600,2024-07-22T07:00:00,2024-07-22,LONDON_0800,US30,-10.0,19.0,-1,SHORT,LONG,1721631900,2024-07-22T07:05:00,40325.94,110.0,1.1,0.19,True
1721655000,2024-07-22T13:30:00,2024-07-22,NEW_YORK_0930,US100,-5.630000000001019,13.5,-1,SHORT,LONG,1721655300,2024-07-22T13:35:00,19689.42,125.0,1.25,0.135,True
1721655000,2024-07-22T13:30:00,2024-07-22,NEW_YORK_0930,US30,-3.25,13.5,-1,SHORT,LONG,1721655300,2024-07-22T13:35:00,40360.69,110.0,1.1,0.135,True
1721718000,2024-07-23T07:00:00,2024-07-23,LONDON_0800,US100,2.6200000000026193,3.8700000000026193,1,LONG,SHORT,1721718300,2024-07-23T07:05:00,19765.42,125.0,1.25,0.03870000000002619,True
1721718000,2024-07-23T07:00:00,2024-07-23,LONDON_0800,US30,8.0,9.0,1,LONG,SHORT,1721718300,2024-07-23T07:05:00,40419.31,110.0,1.1,0.09,True
1721741400,2024-07-23T13:30:00,2024-07-23,NEW_YORK_0930,US100,8.0,11.5,1,LONG,SHORT,1721741700,2024-07-23T13:35:00,19819.67,125.0,1.25,0.115,True
1721741400,2024-07-23T13:30:00,2024-07-23,NEW_YORK_0930,US30,3.5,11.75,1,LONG,SHORT,1721741700,2024-07-23T13:35:00,40489.81,110.0,1.1,0.11750000000000001,True
1721804400,2024-07-24T07:00:00,2024-07-24,LONDON_0800,US100,0.13000000000101863,4.130000000001019,1,LONG,SHORT,1721804700,2024-07-24T07:05:00,19632.41,125.0,1.25,0.04130000000001019,True
1721804400,2024-07-24T07:00:00,2024-07-24,LONDON_0800,US30,-3.75,4.75,-1,SHORT,LONG,1721804700,2024-07-24T07:05:00,40286.95,110.0,1.1,0.0475,True
1721827800,2024-07-24T13:30:00,2024-07-24,NEW_YORK_0930,US100,-6.869999999998981,15.0,-1,SHORT,LONG,1721828100,2024-07-24T13:35:00,19561.16,125.0,1.25,0.15,True
1721827800,2024-07-24T13:30:00,2024-07-24,NEW_YORK_0930,US30,3.0,11.0,1,LONG,SHORT,1721828100,2024-07-24T13:35:00,40212.95,110.0,1.1,0.11,True
1721890800,2024-07-25T07:00:00,2024-07-25,LONDON_0800,US100,-0.38000000000101863,7.75,-1,SHORT,LONG,1721891100,2024-07-25T07:05:00,19104.78,125.0,1.25,0.0775,True
1721890800,2024-07-25T07:00:00,2024-07-25,LONDON_0800,US30,1.5,10.5,1,LONG,SHORT,1721891100,2024-07-25T07:05:00,39969.06,110.0,1.1,0.105,True
1721914200,2024-07-25T13:30:00,2024-07-25,NEW_YORK_0930,US100,32.88000000000102,46.13000000000102,1,LONG,SHORT,1721914500,2024-07-25T13:35:00,18974.91,125.0,1.25,0.4613000000000102,True
1721914200,2024-07-25T13:30:00,2024-07-25,NEW_YORK_0930,US30,22.5,33.0,1,LONG,SHORT,1721914500,2024-07-25T13:35:00,39867.56,110.0,1.1,0.33,True
1721977200,2024-07-26T07:00:00,2024-07-26,LONDON_0800,US100,-3.25,9.630000000001019,-1,SHORT,LONG,1721977500,2024-07-26T07:05:00,18909.43,125.0,1.25,0.09630000000001018,True
1721977200,2024-07-26T07:00:00,2024-07-26,LONDON_0800,US30,-3.0,9.0,-1,SHORT,LONG,1721977500,2024-07-26T07:05:00,40107.44,110.0,1.1,0.09,True
1722000600,2024-07-26T13:30:00,2024-07-26,NEW_YORK_0930,US100,15.869999999998981,24.63000000000102,1,LONG,SHORT,1722000900,2024-07-26T13:35:00,19032.06,125.0,1.25,0.2463000000000102,True
1722000600,2024-07-26T13:30:00,2024-07-26,NEW_YORK_0930,US30,28.0,39.5,1,LONG,SHORT,1722000900,2024-07-26T13:35:00,40206.44,110.0,1.1,0.395,True
1722236400,2024-07-29T07:00:00,2024-07-29,LONDON_0800,US100,1.0,3.5,1,LONG,SHORT,1722236700,2024-07-29T07:05:00,19153.28,125.0,1.25,0.035,True
1722236400,2024-07-29T07:00:00,2024-07-29,LONDON_0800,US30,5.0,5.5,1,LONG,SHORT,1722236700,2024-07-29T07:05:00,40785.11,110.0,1.1,0.055,True
1722259800,2024-07-29T13:30:00,2024-07-29,NEW_YORK_0930,US100,3.75,6.75,1,LONG,SHORT,1722260100,2024-07-29T13:35:00,19139.15,125.0,1.25,0.0675,True
1722259800,2024-07-29T13:30:00,2024-07-29,NEW_YORK_0930,US30,5.0,6.0,1,LONG,SHORT,1722260100,2024-07-29T13:35:00,40795.11,110.0,1.1,0.06,True
1722322800,2024-07-30T07:00:00,2024-07-30,LONDON_0800,US100,15.880000000001019,18.38000000000102,1,LONG,SHORT,1722323100,2024-07-30T07:05:00,18998.53,125.0,1.25,0.18380000000001018,True
1722322800,2024-07-30T07:00:00,2024-07-30,LONDON_0800,US30,11.0,11.0,1,LONG,SHORT,1722323100,2024-07-30T07:05:00,40528.73,110.0,1.1,0.11,True
1722346200,2024-07-30T13:30:00,2024-07-30,NEW_YORK_0930,US100,2.25,8.130000000001019,1,LONG,SHORT,1722346500,2024-07-30T13:35:00,19099.78,125.0,1.25,0.08130000000001018,True
1722346200,2024-07-30T13:30:00,2024-07-30,NEW_YORK_0930,US30,2.0,19.25,1,LONG,SHORT,1722346500,2024-07-30T13:35:00,40649.73,110.0,1.1,0.1925,True
1722409200,2024-07-31T07:00:00,2024-07-31,LONDON_0800,US100,-32.5,50.75,-1,SHORT,LONG,1722409500,2024-07-31T07:05:00,18956.35,125.0,1.25,0.5075000000000001,True
1722409200,2024-07-31T07:00:00,2024-07-31,LONDON_0800,US30,-5.5,31.25,-1,SHORT,LONG,1722409500,2024-07-31T07:05:00,40692.39,110.0,1.1,0.3125,True
1722432600,2024-07-31T13:30:00,2024-07-31,NEW_YORK_0930,US100,-1.25,8.369999999998981,-1,SHORT,LONG,1722432900,2024-07-31T13:35:00,19069.6,125.0,1.25,0.08369999999998981,True
1722432600,2024-07-31T13:30:00,2024-07-31,NEW_YORK_0930,US30,-2.0,9.0,-1,SHORT,LONG,1722432900,2024-07-31T13:35:00,40921.64,110.0,1.1,0.09,True
1722495600,2024-08-01T07:00:00,2024-08-01,LONDON_0800,US100,-6.5,11.87999999999738,-1,SHORT,LONG,1722495900,2024-08-01T07:05:00,19535.35,125.0,1.25,0.11879999999997382,True
1722495600,2024-08-01T07:00:00,2024-08-01,LONDON_0800,US30,-12.5,18.75,-1,SHORT,LONG,1722495900,2024-08-01T07:05:00,40956.51,110.0,1.1,0.1875,True
1722519000,2024-08-01T13:30:00,2024-08-01,NEW_YORK_0930,US100,-21.75,25.87999999999738,-1,SHORT,LONG,1722519300,2024-08-01T13:35:00,19434.85,125.0,1.25,0.25879999999997383,True
1722519000,2024-08-01T13:30:00,2024-08-01,NEW_YORK_0930,US30,5.75,13.5,1,LONG,SHORT,1722519300,2024-08-01T13:35:00,40945.01,110.0,1.1,0.135,True
1722582000,2024-08-02T07:00:00,2024-08-02,LONDON_0800,US100,4.619999999998981,11.130000000001019,1,LONG,SHORT,1722582300,2024-08-02T07:05:00,18654.57,125.0,1.25,0.11130000000001018,True
1722582000,2024-08-02T07:00:00,2024-08-02,LONDON_0800,US30,-0.25,12.25,-1,SHORT,LONG,1722582300,2024-08-02T07:05:00,40169.59,110.0,1.1,0.1225,True
1722605400,2024-08-02T13:30:00,2024-08-02,NEW_YORK_0930,US100,-39.13000000000102,47.5,-1,SHORT,LONG,1722605700,2024-08-02T13:35:00,18534.7,125.0,1.25,0.47500000000000003,True
1722605400,2024-08-02T13:30:00,2024-08-02,NEW_YORK_0930,US30,-9.0,30.5,-1,SHORT,LONG,1722605700,2024-08-02T13:35:00,39945.59,110.0,1.1,0.305,True
1722841200,2024-08-05T07:00:00,2024-08-05,LONDON_0800,US100,3.5,19.75,1,LONG,SHORT,1722841500,2024-08-05T07:05:00,17902.33,125.0,1.25,0.1975,True
1722841200,2024-08-05T07:00:00,2024-08-05,LONDON_0800,US30,0.0,19.75,0,NONE,NONE,1722841500,2024-08-05T07:05:00,39439.44,110.0,1.1,0.1975,True
1722864600,2024-08-05T13:30:00,2024-08-05,NEW_YORK_0930,US100,-16.25,47.5,-1,SHORT,LONG,1722864900,2024-08-05T13:35:00,17589.83,125.0,1.25,0.47500000000000003,True
1722864600,2024-08-05T13:30:00,2024-08-05,NEW_YORK_0930,US30,-2.0,46.75,-1,SHORT,LONG,1722864900,2024-08-05T13:35:00,38952.69,110.0,1.1,0.4675,True
1722927600,2024-08-06T07:00:00,2024-08-06,LONDON_0800,US100,-2.6300000000010186,9.25,-1,SHORT,LONG,1722927900,2024-08-06T07:05:00,18263.44,125.0,1.25,0.0925,True
1722927600,2024-08-06T07:00:00,2024-08-06,LONDON_0800,US30,4.5,8.5,1,LONG,SHORT,1722927900,2024-08-06T07:05:00,39083.83,110.0,1.1,0.085,True
1722951000,2024-08-06T13:30:00,2024-08-06,NEW_YORK_0930,US100,20.13000000000102,35.75,1,LONG,SHORT,1722951300,2024-08-06T13:35:00,18026.19,125.0,1.25,0.3575,True
1722951000,2024-08-06T13:30:00,2024-08-06,NEW_YORK_0930,US30,67.75,114.25,1,LONG,SHORT,1722951300,2024-08-06T13:35:00,38895.83,110.0,1.1,1.1425,True
1723014000,2024-08-07T07:00:00,2024-08-07,LONDON_0800,US100,6.870000000002619,17.75,1,LONG,SHORT,1723014300,2024-08-07T07:05:00,18270.76,125.0,1.25,0.1775,True
1723014000,2024-08-07T07:00:00,2024-08-07,LONDON_0800,US30,5.25,13.0,1,LONG,SHORT,1723014300,2024-08-07T07:05:00,39268.42,110.0,1.1,0.13,True
1723037400,2024-08-07T13:30:00,2024-08-07,NEW_YORK_0930,US100,1.3700000000026193,14.25,1,LONG,SHORT,1723037700,2024-08-07T13:35:00,18294.76,125.0,1.25,0.14250000000000002,True
1723037400,2024-08-07T13:30:00,2024-08-07,NEW_YORK_0930,US30,-2.5,23.0,-1,SHORT,LONG,1723037700,2024-08-07T13:35:00,39324.17,110.0,1.1,0.23,True
1723100400,2024-08-08T07:00:00,2024-08-08,LONDON_0800,US100,-28.86999999999898,38.36999999999898,-1,SHORT,LONG,1723100700,2024-08-08T07:05:00,17872.3,125.0,1.25,0.3836999999999898,True
1723100400,2024-08-08T07:00:00,2024-08-08,LONDON_0800,US30,-27.25,29.75,-1,SHORT,LONG,1723100700,2024-08-08T07:05:00,38745.05,110.0,1.1,0.2975,True
1723123800,2024-08-08T13:30:00,2024-08-08,NEW_YORK_0930,US100,12.25,32.25,1,LONG,SHORT,1723124100,2024-08-08T13:35:00,17863.68,125.0,1.25,0.3225,True
1723123800,2024-08-08T13:30:00,2024-08-08,NEW_YORK_0930,US30,-7.25,31.75,-1,SHORT,LONG,1723124100,2024-08-08T13:35:00,38680.3,110.0,1.1,0.3175,True
1723186800,2024-08-09T07:00:00,2024-08-09,LONDON_0800,US100,-3.3800000000010186,7.380000000001019,-1,SHORT,LONG,1723187100,2024-08-09T07:05:00,18443.06,125.0,1.25,0.07380000000001019,True
1723186800,2024-08-09T07:00:00,2024-08-09,LONDON_0800,US30,-13.0,14.75,-1,SHORT,LONG,1723187100,2024-08-09T07:05:00,39490.55,110.0,1.1,0.1475,True
1723210200,2024-08-09T13:30:00,2024-08-09,NEW_YORK_0930,US100,-0.25,11.5,-1,SHORT,LONG,1723210500,2024-08-09T13:35:00,18469.18,125.0,1.25,0.115,True
1723210200,2024-08-09T13:30:00,2024-08-09,NEW_YORK_0930,US30,-1.5,11.0,-1,SHORT,LONG,1723210500,2024-08-09T13:35:00,39478.8,110.0,1.1,0.11,True
1723446000,2024-08-12T07:00:00,2024-08-12,LONDON_0800,US100,-1.6199999999989814,7.369999999998981,-1,SHORT,LONG,1723446300,2024-08-12T07:05:00,18524.43,125.0,1.25,0.07369999999998982,True
1723446000,2024-08-12T07:00:00,2024-08-12,LONDON_0800,US30,0.5,5.25,1,LONG,SHORT,1723446300,2024-08-12T07:05:00,39483.92,110.0,1.1,0.0525,True
1723469400,2024-08-12T13:30:00,2024-08-12,NEW_YORK_0930,US100,0.75,8.25,1,LONG,SHORT,1723469700,2024-08-12T13:35:00,18556.55,125.0,1.25,0.0825,True
1723469400,2024-08-12T13:30:00,2024-08-12,NEW_YORK_0930,US30,8.0,14.5,1,LONG,SHORT,1723469700,2024-08-12T13:35:00,39543.17,110.0,1.1,0.145,True
1723532400,2024-08-13T07:00:00,2024-08-13,LONDON_0800,US100,3.25,4.5,1,LONG,SHORT,1723532700,2024-08-13T07:05:00,18566.43,125.0,1.25,0.045,True
1723532400,2024-08-13T07:00:00,2024-08-13,LONDON_0800,US30,2.0,6.5,1,LONG,SHORT,1723532700,2024-08-13T07:05:00,39420.06,110.0,1.1,0.065,True
1723555800,2024-08-13T13:30:00,2024-08-13,NEW_YORK_0930,US100,-2.1300000000010186,20.88000000000102,-1,SHORT,LONG,1723556100,2024-08-13T13:35:00,18579.68,125.0,1.25,0.2088000000000102,True
1723555800,2024-08-13T13:30:00,2024-08-13,NEW_YORK_0930,US30,-22.25,36.25,-1,SHORT,LONG,1723556100,2024-08-13T13:35:00,39274.06,110.0,1.1,0.3625,True
1723618800,2024-08-14T07:00:00,2024-08-14,LONDON_0800,US100,-0.12000000000261934,8.37000000000262,-1,SHORT,LONG,1723619100,2024-08-14T07:05:00,19004.56,125.0,1.25,0.0837000000000262,True
1723618800,2024-08-14T07:00:00,2024-08-14,LONDON_0800,US30,2.0,9.0,1,LONG,SHORT,1723619100,2024-08-14T07:05:00,39776.69,110.0,1.1,0.09,True
1723642200,2024-08-14T13:30:00,2024-08-14,NEW_YORK_0930,US100,-4.75,13.87999999999738,-1,SHORT,LONG,1723642500,2024-08-14T13:35:00,19003.31,125.0,1.25,0.1387999999999738,True
1723642200,2024-08-14T13:30:00,2024-08-14,NEW_YORK_0930,US30,7.0,13.0,1,LONG,SHORT,1723642500,2024-08-14T13:35:00,39780.69,110.0,1.1,0.13,True
1723705200,2024-08-15T07:00:00,2024-08-15,LONDON_0800,US100,1.0,4.130000000001019,1,LONG,SHORT,1723705500,2024-08-15T07:05:00,19111.36,125.0,1.25,0.04130000000001019,True
1723705200,2024-08-15T07:00:00,2024-08-15,LONDON_0800,US30,0.0,5.75,0,NONE,NONE,1723705500,2024-08-15T07:05:00,40080.4,110.0,1.1,0.0575,True
1723728600,2024-08-15T13:30:00,2024-08-15,NEW_YORK_0930,US100,8.619999999998981,12.869999999998981,1,LONG,SHORT,1723728900,2024-08-15T13:35:00,19041.11,125.0,1.25,0.12869999999998982,True
1723728600,2024-08-15T13:30:00,2024-08-15,NEW_YORK_0930,US30,4.0,11.0,1,LONG,SHORT,1723728900,2024-08-15T13:35:00,40094.4,110.0,1.1,0.11,True
1723791600,2024-08-16T07:00:00,2024-08-16,LONDON_0800,US100,-5.130000000001019,7.75,-1,SHORT,LONG,1723791900,2024-08-16T07:05:00,19525.64,125.0,1.25,0.0775,True
1723791600,2024-08-16T07:00:00,2024-08-16,LONDON_0800,US30,-2.0,5.0,-1,SHORT,LONG,1723791900,2024-08-16T07:05:00,40620.81,110.0,1.1,0.05,True
1723815000,2024-08-16T13:30:00,2024-08-16,NEW_YORK_0930,US100,-13.119999999998981,25.36999999999898,-1,SHORT,LONG,1723815300,2024-08-16T13:35:00,19475.27,125.0,1.25,0.2536999999999898,True
1723815000,2024-08-16T13:30:00,2024-08-16,NEW_YORK_0930,US30,-13.25,23.5,-1,SHORT,LONG,1723815300,2024-08-16T13:35:00,40536.81,110.0,1.1,0.23500000000000001,True
1724050800,2024-08-19T07:00:00,2024-08-19,LONDON_0800,US100,-5.25,11.5,-1,SHORT,LONG,1724051100,2024-08-19T07:05:00,19547.08,125.0,1.25,0.115,True
1724050800,2024-08-19T07:00:00,2024-08-19,LONDON_0800,US30,-2.0,6.75,-1,SHORT,LONG,1724051100,2024-08-19T07:05:00,40695.07,110.0,1.1,0.0675,True
1724074200,2024-08-19T13:30:00,2024-08-19,NEW_YORK_0930,US100,-3.5,9.75,-1,SHORT,LONG,1724074500,2024-08-19T13:35:00,19499.21,125.0,1.25,0.0975,True
1724074200,2024-08-19T13:30:00,2024-08-19,NEW_YORK_0930,US30,3.0,10.0,1,LONG,SHORT,1724074500,2024-08-19T13:35:00,40685.82,110.0,1.1,0.1,True
1724137200,2024-08-20T07:00:00,2024-08-20,LONDON_0800,US100,4.0,9.5,1,LONG,SHORT,1724137500,2024-08-20T07:05:00,19789.27,125.0,1.25,0.095,True
1724137200,2024-08-20T07:00:00,2024-08-20,LONDON_0800,US30,4.25,7.0,1,LONG,SHORT,1724137500,2024-08-20T07:05:00,40899.73,110.0,1.1,0.07,True
1724160600,2024-08-20T13:30:00,2024-08-20,NEW_YORK_0930,US100,3.5,7.5,1,LONG,SHORT,1724160900,2024-08-20T13:35:00,19787.77,125.0,1.25,0.075,True
1724160600,2024-08-20T13:30:00,2024-08-20,NEW_YORK_0930,US30,3.5,13.25,1,LONG,SHORT,1724160900,2024-08-20T13:35:00,40903.73,110.0,1.1,0.1325,True
1724223600,2024-08-21T07:00:00,2024-08-21,LONDON_0800,US100,0.0,4.25,0,NONE,NONE,1724223900,2024-08-21T07:05:00,19744.4,125.0,1.25,0.0425,True
1724223600,2024-08-21T07:00:00,2024-08-21,LONDON_0800,US30,0.0,4.0,0,NONE,NONE,1724223900,2024-08-21T07:05:00,40902.37,110.0,1.1,0.04,True
1724247000,2024-08-21T13:30:00,2024-08-21,NEW_YORK_0930,US100,11.12999999999738,14.12000000000262,1,LONG,SHORT,1724247300,2024-08-21T13:35:00,19738.4,125.0,1.25,0.1412000000000262,True
1724247000,2024-08-21T13:30:00,2024-08-21,NEW_YORK_0930,US30,22.0,25.25,1,LONG,SHORT,1724247300,2024-08-21T13:35:00,40905.37,110.0,1.1,0.2525,True
1724310000,2024-08-22T07:00:00,2024-08-22,LONDON_0800,US100,3.5,4.619999999998981,1,LONG,SHORT,1724310300,2024-08-22T07:05:00,19801.26,125.0,1.25,0.04619999999998981,True
1724310000,2024-08-22T07:00:00,2024-08-22,LONDON_0800,US30,0.0,2.5,0,NONE,NONE,1724310300,2024-08-22T07:05:00,40875.76,110.0,1.1,0.025,True
1724333400,2024-08-22T13:30:00,2024-08-22,NEW_YORK_0930,US100,13.25,14.75,1,LONG,SHORT,1724333700,2024-08-22T13:35:00,19865.51,125.0,1.25,0.1475,True
1724333400,2024-08-22T13:30:00,2024-08-22,NEW_YORK_0930,US30,3.0,4.75,1,LONG,SHORT,1724333700,2024-08-22T13:35:00,40954.76,110.0,1.1,0.0475,True
1724396400,2024-08-23T07:00:00,2024-08-23,LONDON_0800,US100,13.0,14.5,1,LONG,SHORT,1724396700,2024-08-23T07:05:00,19597.64,125.0,1.25,0.145,True
1724396400,2024-08-23T07:00:00,2024-08-23,LONDON_0800,US30,8.75,10.25,1,LONG,SHORT,1724396700,2024-08-23T07:05:00,40820.91,110.0,1.1,0.10250000000000001,True
1724419800,2024-08-23T13:30:00,2024-08-23,NEW_YORK_0930,US100,8.75,10.130000000001019,1,LONG,SHORT,1724420100,2024-08-23T13:35:00,19645.52,125.0,1.25,0.10130000000001019,True
1724419800,2024-08-23T13:30:00,2024-08-23,NEW_YORK_0930,US30,12.75,15.25,1,LONG,SHORT,1724420100,2024-08-23T13:35:00,40874.66,110.0,1.1,0.1525,True
1724655600,2024-08-26T07:00:00,2024-08-26,LONDON_0800,US100,4.369999999998981,9.380000000001019,1,LONG,SHORT,1724655900,2024-08-26T07:05:00,19696.03,125.0,1.25,0.0938000000000102,True
1724655600,2024-08-26T07:00:00,2024-08-26,LONDON_0800,US30,5.5,6.75,1,LONG,SHORT,1724655900,2024-08-26T07:05:00,41168.11,110.0,1.1,0.0675,True
1724679000,2024-08-26T13:30:00,2024-08-26,NEW_YORK_0930,US100,-27.38000000000102,29.75,-1,SHORT,LONG,1724679300,2024-08-26T13:35:00,19739.78,125.0,1.25,0.2975,True
1724679000,2024-08-26T13:30:00,2024-08-26,NEW_YORK_0930,US30,-14.0,18.0,-1,SHORT,LONG,1724679300,2024-08-26T13:35:00,41216.11,110.0,1.1,0.18,True
1724742000,2024-08-27T07:00:00,2024-08-27,LONDON_0800,US100,-4.0,5.880000000001019,-1,SHORT,LONG,1724742300,2024-08-27T07:05:00,19524.02,125.0,1.25,0.058800000000010184,True
1724742000,2024-08-27T07:00:00,2024-08-27,LONDON_0800,US30,-3.0,5.25,-1,SHORT,LONG,1724742300,2024-08-27T07:05:00,41236.58,110.0,1.1,0.0525,True
1724765400,2024-08-27T13:30:00,2024-08-27,NEW_YORK_0930,US100,9.75,14.75,1,LONG,SHORT,1724765700,2024-08-27T13:35:00,19528.14,125.0,1.25,0.1475,True
1724765400,2024-08-27T13:30:00,2024-08-27,NEW_YORK_0930,US30,-2.0,9.0,-1,SHORT,LONG,1724765700,2024-08-27T13:35:00,41230.58,110.0,1.1,0.09,True
1724828400,2024-08-28T07:00:00,2024-08-28,LONDON_0800,US100,0.8800000000010186,3.0,1,LONG,SHORT,1724828700,2024-08-28T07:05:00,19555.44,125.0,1.25,0.03,True
1724828400,2024-08-28T07:00:00,2024-08-28,LONDON_0800,US30,5.0,6.0,1,LONG,SHORT,1724828700,2024-08-28T07:05:00,41292.2,110.0,1.1,0.06,True
1724851800,2024-08-28T13:30:00,2024-08-28,NEW_YORK_0930,US100,0.6199999999989814,9.119999999998981,1,LONG,SHORT,1724852100,2024-08-28T13:35:00,19603.69,125.0,1.25,0.09119999999998982,True
1724851800,2024-08-28T13:30:00,2024-08-28,NEW_YORK_0930,US30,-8.25,10.0,-1,SHORT,LONG,1724852100,2024-08-28T13:35:00,41289.2,110.0,1.1,0.1,True
1724914800,2024-08-29T07:00:00,2024-08-29,LONDON_0800,US100,3.75,7.129999999997381,1,LONG,SHORT,1724915100,2024-08-29T07:05:00,19217.44,125.0,1.25,0.07129999999997381,True
1724914800,2024-08-29T07:00:00,2024-08-29,LONDON_0800,US30,3.0,7.5,1,LONG,SHORT,1724915100,2024-08-29T07:05:00,41200.54,110.0,1.1,0.075,True
1724938200,2024-08-29T13:30:00,2024-08-29,NEW_YORK_0930,US100,-9.0,22.25,-1,SHORT,LONG,1724938500,2024-08-29T13:35:00,19397.19,125.0,1.25,0.2225,True
1724938200,2024-08-29T13:30:00,2024-08-29,NEW_YORK_0930,US30,-9.0,15.5,-1,SHORT,LONG,1724938500,2024-08-29T13:35:00,41302.04,110.0,1.1,0.155,True
1725001200,2024-08-30T07:00:00,2024-08-30,LONDON_0800,US100,-8.119999999998981,12.880000000001019,-1,SHORT,LONG,1725001500,2024-08-30T07:05:00,19385.11,125.0,1.25,0.12880000000001018,True
1725001200,2024-08-30T07:00:00,2024-08-30,LONDON_0800,US30,-1.5,7.75,-1,SHORT,LONG,1725001500,2024-08-30T07:05:00,41355.87,110.0,1.1,0.0775,True
1725024600,2024-08-30T13:30:00,2024-08-30,NEW_YORK_0930,US100,-8.25,11.0,-1,SHORT,LONG,1725024900,2024-08-30T13:35:00,19449.73,125.0,1.25,0.11,True
1725024600,2024-08-30T13:30:00,2024-08-30,NEW_YORK_0930,US30,-19.0,24.0,-1,SHORT,LONG,1725024900,2024-08-30T13:35:00,41394.37,110.0,1.1,0.24,True
1725260400,2024-09-02T07:00:00,2024-09-02,LONDON_0800,US100,-4.5,5.119999999998981,-1,SHORT,LONG,1725260700,2024-09-02T07:05:00,19536.18,125.0,1.25,0.051199999999989816,True
1725260400,2024-09-02T07:00:00,2024-09-02,LONDON_0800,US30,-2.0,2.5,-1,SHORT,LONG,1725260700,2024-09-02T07:05:00,41542.5,110.0,1.1,0.025,True
1725283800,2024-09-02T13:30:00,2024-09-02,NEW_YORK_0930,US100,6.119999999998981,11.869999999998981,1,LONG,SHORT,1725284100,2024-09-02T13:35:00,19545.55,125.0,1.25,0.11869999999998981,True
1725283800,2024-09-02T13:30:00,2024-09-02,NEW_YORK_0930,US30,-6.0,7.5,-1,SHORT,LONG,1725284100,2024-09-02T13:35:00,41523.5,110.0,1.1,0.075,True
1725346800,2024-09-03T07:00:00,2024-09-03,LONDON_0800,US100,-4.130000000001019,8.119999999998981,-1,SHORT,LONG,1725347100,2024-09-03T07:05:00,19510.32,125.0,1.25,0.08119999999998982,True
1725346800,2024-09-03T07:00:00,2024-09-03,LONDON_0800,US30,-5.5,7.0,-1,SHORT,LONG,1725347100,2024-09-03T07:05:00,41495.23,110.0,1.1,0.07,True
1725370200,2024-09-03T13:30:00,2024-09-03,NEW_YORK_0930,US100,-4.0,12.630000000001019,-1,SHORT,LONG,1725370500,2024-09-03T13:35:00,19443.57,125.0,1.25,0.12630000000001018,True
1725370200,2024-09-03T13:30:00,2024-09-03,NEW_YORK_0930,US30,-7.25,17.75,-1,SHORT,LONG,1725370500,2024-09-03T13:35:00,41361.23,110.0,1.1,0.1775,True
1725433200,2024-09-04T07:00:00,2024-09-04,LONDON_0800,US100,11.0,14.87000000000262,1,LONG,SHORT,1725433500,2024-09-04T07:05:00,18847.74,125.0,1.25,0.1487000000000262,True
1725433200,2024-09-04T07:00:00,2024-09-04,LONDON_0800,US30,5.0,12.25,1,LONG,SHORT,1725433500,2024-09-04T07:05:00,40822.12,110.0,1.1,0.1225,True
1725456600,2024-09-04T13:30:00,2024-09-04,NEW_YORK_0930,US100,13.0,17.5,1,LONG,SHORT,1725456900,2024-09-04T13:35:00,18849.24,125.0,1.25,0.17500000000000002,True
1725456600,2024-09-04T13:30:00,2024-09-04,NEW_YORK_0930,US30,-4.0,18.0,-1,SHORT,LONG,1725456900,2024-09-04T13:35:00,40856.37,110.0,1.1,0.18,True
1725519600,2024-09-05T07:00:00,2024-09-05,LONDON_0800,US100,5.25,10.25,1,LONG,SHORT,1725519900,2024-09-05T07:05:00,18868.6,125.0,1.25,0.10250000000000001,True
1725519600,2024-09-05T07:00:00,2024-09-05,LONDON_0800,US30,3.25,8.5,1,LONG,SHORT,1725519900,2024-09-05T07:05:00,40950.98,110.0,1.1,0.085,True
1725543000,2024-09-05T13:30:00,2024-09-05,NEW_YORK_0930,US100,7.25,15.25,1,LONG,SHORT,1725543300,2024-09-05T13:35:00,18900.73,125.0,1.25,0.1525,True
1725543000,2024-09-05T13:30:00,2024-09-05,NEW_YORK_0930,US30,1.25,13.5,1,LONG,SHORT,1725543300,2024-09-05T13:35:00,41008.48,110.0,1.1,0.135,True
1725606000,2024-09-06T07:00:00,2024-09-06,LONDON_0800,US100,-4.5,8.5,-1,SHORT,LONG,1725606300,2024-09-06T07:05:00,18825.6,125.0,1.25,0.085,True
1725606000,2024-09-06T07:00:00,2024-09-06,LONDON_0800,US30,-3.0,7.75,-1,SHORT,LONG,1725606300,2024-09-06T07:05:00,40787.61,110.0,1.1,0.0775,True
1725629400,2024-09-06T13:30:00,2024-09-06,NEW_YORK_0930,US100,-6.130000000001019,9.119999999998981,-1,SHORT,LONG,1725629700,2024-09-06T13:35:00,18706.1,125.0,1.25,0.09119999999998982,True
1725629400,2024-09-06T13:30:00,2024-09-06,NEW_YORK_0930,US30,-2.0,10.0,-1,SHORT,LONG,1725629700,2024-09-06T13:35:00,40642.36,110.0,1.1,0.1,True
1725865200,2024-09-09T07:00:00,2024-09-09,LONDON_0800,US100,0.75,6.0,1,LONG,SHORT,1725865500,2024-09-09T07:05:00,18507.25,125.0,1.25,0.06,True
1725865200,2024-09-09T07:00:00,2024-09-09,LONDON_0800,US30,-2.0,5.25,-1,SHORT,LONG,1725865500,2024-09-09T07:05:00,40451.89,110.0,1.1,0.0525,True
1725888600,2024-09-09T13:30:00,2024-09-09,NEW_YORK_0930,US100,-7.619999999998981,10.75,-1,SHORT,LONG,1725888900,2024-09-09T13:35:00,18592.25,125.0,1.25,0.1075,True
1725888600,2024-09-09T13:30:00,2024-09-09,NEW_YORK_0930,US30,-16.75,18.0,-1,SHORT,LONG,1725888900,2024-09-09T13:35:00,40613.89,110.0,1.1,0.18,True
1725951600,2024-09-10T07:00:00,2024-09-10,LONDON_0800,US100,10.37999999999738,12.25,1,LONG,SHORT,1725951900,2024-09-10T07:05:00,18633.53,125.0,1.25,0.1225,True
1725951600,2024-09-10T07:00:00,2024-09-10,LONDON_0800,US30,9.75,13.0,1,LONG,SHORT,1725951900,2024-09-10T07:05:00,40813.6,110.0,1.1,0.13,True
1725975000,2024-09-10T13:30:00,2024-09-10,NEW_YORK_0930,US100,23.62000000000262,29.37000000000262,1,LONG,SHORT,1725975300,2024-09-10T13:35:00,18649.4,125.0,1.25,0.2937000000000262,True
1725975000,2024-09-10T13:30:00,2024-09-10,NEW_YORK_0930,US30,25.75,38.75,1,LONG,SHORT,1725975300,2024-09-10T13:35:00,40859.35,110.0,1.1,0.3875,True
1726038000,2024-09-11T07:00:00,2024-09-11,LONDON_0800,US100,-9.5,12.5,-1,SHORT,LONG,1726038300,2024-09-11T07:05:00,18717.34,125.0,1.25,0.125,True
1726038000,2024-09-11T07:00:00,2024-09-11,LONDON_0800,US30,-6.0,10.0,-1,SHORT,LONG,1726038300,2024-09-11T07:05:00,40601.21,110.0,1.1,0.1,True
1726061400,2024-09-11T13:30:00,2024-09-11,NEW_YORK_0930,US100,3.75,12.75,1,LONG,SHORT,1726061700,2024-09-11T13:35:00,18775.59,125.0,1.25,0.1275,True
1726061400,2024-09-11T13:30:00,2024-09-11,NEW_YORK_0930,US30,11.5,21.0,1,LONG,SHORT,1726061700,2024-09-11T13:35:00,40601.21,110.0,1.1,0.21,True
1726124400,2024-09-12T07:00:00,2024-09-12,LONDON_0800,US100,-3.0,8.119999999998981,-1,SHORT,LONG,1726124700,2024-09-12T07:05:00,19283.93,125.0,1.25,0.08119999999998982,True
1726124400,2024-09-12T07:00:00,2024-09-12,LONDON_0800,US30,1.25,7.0,1,LONG,SHORT,1726124700,2024-09-12T07:05:00,40907.07,110.0,1.1,0.07,True
1726147800,2024-09-12T13:30:00,2024-09-12,NEW_YORK_0930,US100,5.5,10.5,1,LONG,SHORT,1726148100,2024-09-12T13:35:00,19269.05,125.0,1.25,0.105,True
1726147800,2024-09-12T13:30:00,2024-09-12,NEW_YORK_0930,US30,6.0,15.25,1,LONG,SHORT,1726148100,2024-09-12T13:35:00,40945.82,110.0,1.1,0.1525,True
1726210800,2024-09-13T07:00:00,2024-09-13,LONDON_0800,US100,-2.5,5.5,-1,SHORT,LONG,1726211100,2024-09-13T07:05:00,19427.99,125.0,1.25,0.055,True
1726210800,2024-09-13T07:00:00,2024-09-13,LONDON_0800,US30,1.75,4.0,1,LONG,SHORT,1726211100,2024-09-13T07:05:00,41149.25,110.0,1.1,0.04,True
1726234200,2024-09-13T13:30:00,2024-09-13,NEW_YORK_0930,US100,1.6300000000010186,5.75,1,LONG,SHORT,1726234500,2024-09-13T13:35:00,19449.24,125.0,1.25,0.0575,True
1726234200,2024-09-13T13:30:00,2024-09-13,NEW_YORK_0930,US30,9.0,13.5,1,LONG,SHORT,1726234500,2024-09-13T13:35:00,41205.25,110.0,1.1,0.135,True
1726470000,2024-09-16T07:00:00,2024-09-16,LONDON_0800,US100,-5.25,8.0,-1,SHORT,LONG,1726470300,2024-09-16T07:05:00,19515.84,125.0,1.25,0.08,True
1726470000,2024-09-16T07:00:00,2024-09-16,LONDON_0800,US30,-4.25,5.75,-1,SHORT,LONG,1726470300,2024-09-16T07:05:00,41440.11,110.0,1.1,0.0575,True
1726493400,2024-09-16T13:30:00,2024-09-16,NEW_YORK_0930,US100,-1.1199999999989814,7.869999999998981,-1,SHORT,LONG,1726493700,2024-09-16T13:35:00,19461.59,125.0,1.25,0.07869999999998982,True
1726493400,2024-09-16T13:30:00,2024-09-16,NEW_YORK_0930,US30,1.25,8.0,1,LONG,SHORT,1726493700,2024-09-16T13:35:00,41476.36,110.0,1.1,0.08,True
1726556400,2024-09-17T07:00:00,2024-09-17,LONDON_0800,US100,-2.1199999999989814,7.0,-1,SHORT,LONG,1726556700,2024-09-17T07:05:00,19406.92,125.0,1.25,0.07,True
1726556400,2024-09-17T07:00:00,2024-09-17,LONDON_0800,US30,-3.5,8.5,-1,SHORT,LONG,1726556700,2024-09-17T07:05:00,41610.21,110.0,1.1,0.085,True
1726579800,2024-09-17T13:30:00,2024-09-17,NEW_YORK_0930,US100,4.0,6.75,1,LONG,SHORT,1726580100,2024-09-17T13:35:00,19543.42,125.0,1.25,0.0675,True
1726579800,2024-09-17T13:30:00,2024-09-17,NEW_YORK_0930,US30,0.5,8.75,1,LONG,SHORT,1726580100,2024-09-17T13:35:00,41761.96,110.0,1.1,0.08750000000000001,True
1726642800,2024-09-18T07:00:00,2024-09-18,LONDON_0800,US100,-2.25,4.119999999998981,-1,SHORT,LONG,1726643100,2024-09-18T07:05:00,19444.66,125.0,1.25,0.041199999999989814,True
1726642800,2024-09-18T07:00:00,2024-09-18,LONDON_0800,US30,-3.75,5.5,-1,SHORT,LONG,1726643100,2024-09-18T07:05:00,41662.22,110.0,1.1,0.055,True
1726666200,2024-09-18T13:30:00,2024-09-18,NEW_YORK_0930,US100,4.0,7.369999999998981,1,LONG,SHORT,1726666500,2024-09-18T13:35:00,19467.28,125.0,1.25,0.07369999999998982,True
1726666200,2024-09-18T13:30:00,2024-09-18,NEW_YORK_0930,US30,-1.0,6.25,-1,SHORT,LONG,1726666500,2024-09-18T13:35:00,41698.97,110.0,1.1,0.0625,True
1726729200,2024-09-19T07:00:00,2024-09-19,LONDON_0800,US100,-12.869999999998981,20.25,-1,SHORT,LONG,1726729500,2024-09-19T07:05:00,19612.03,125.0,1.25,0.2025,True
1726729200,2024-09-19T07:00:00,2024-09-19,LONDON_0800,US30,-12.75,18.0,-1,SHORT,LONG,1726729500,2024-09-19T07:05:00,41767.41,110.0,1.1,0.18,True
1726752600,2024-09-19T13:30:00,2024-09-19,NEW_YORK_0930,US100,5.75,7.75,1,LONG,SHORT,1726752900,2024-09-19T13:35:00,19758.16,125.0,1.25,0.0775,True
1726752600,2024-09-19T13:30:00,2024-09-19,NEW_YORK_0930,US30,1.0,9.0,1,LONG,SHORT,1726752900,2024-09-19T13:35:00,42000.91,110.0,1.1,0.09,True
1726815600,2024-09-20T07:00:00,2024-09-20,LONDON_0800,US100,-2.1300000000010186,7.75,-1,SHORT,LONG,1726815900,2024-09-20T07:05:00,19812.36,140.0,1.4000000000000001,0.0775,True
1726815600,2024-09-20T07:00:00,2024-09-20,LONDON_0800,US30,-0.75,9.75,-1,SHORT,LONG,1726815900,2024-09-20T07:05:00,42038.67,160.0,1.6,0.0975,True
1726839000,2024-09-20T13:30:00,2024-09-20,NEW_YORK_0930,US100,-5.119999999998981,11.25,-1,SHORT,LONG,1726839300,2024-09-20T13:35:00,19773.49,140.0,1.4000000000000001,0.1125,True
1726839000,2024-09-20T13:30:00,2024-09-20,NEW_YORK_0930,US30,-3.0,7.75,-1,SHORT,LONG,1726839300,2024-09-20T13:35:00,42081.77,140.0,1.4000000000000001,0.0775,True
1727074800,2024-09-23T07:00:00,2024-09-23,LONDON_0800,US100,2.75,8.130000000001019,1,LONG,SHORT,1727075100,2024-09-23T07:05:00,19920.84,140.0,1.4000000000000001,0.08130000000001018,True
1727074800,2024-09-23T07:00:00,2024-09-23,LONDON_0800,US30,2.5,7.0,1,LONG,SHORT,1727075100,2024-09-23T07:05:00,42133.35,160.0,1.6,0.07,True
1727098200,2024-09-23T13:30:00,2024-09-23,NEW_YORK_0930,US100,1.6199999999989814,5.5,1,LONG,SHORT,1727098500,2024-09-23T13:35:00,19852.84,140.0,1.4000000000000001,0.055,True
1727098200,2024-09-23T13:30:00,2024-09-23,NEW_YORK_0930,US30,-4.5,10.5,-1,SHORT,LONG,1727098500,2024-09-23T13:35:00,42091.95,140.0,1.4000000000000001,0.105,True
1727161200,2024-09-24T07:00:00,2024-09-24,LONDON_0800,US100,-2.25,7.25,-1,SHORT,LONG,1727161500,2024-09-24T07:05:00,19823.69,140.0,1.4000000000000001,0.0725,True
1727161200,2024-09-24T07:00:00,2024-09-24,LONDON_0800,US30,3.0,6.0,1,LONG,SHORT,1727161500,2024-09-24T07:05:00,42058.28,160.0,1.6,0.06,True
1727184600,2024-09-24T13:30:00,2024-09-24,NEW_YORK_0930,US100,1.3800000000010186,6.5,1,LONG,SHORT,1727184900,2024-09-24T13:35:00,19918.07,140.0,1.4000000000000001,0.065,True
1727184600,2024-09-24T13:30:00,2024-09-24,NEW_YORK_0930,US30,7.25,9.5,1,LONG,SHORT,1727184900,2024-09-24T13:35:00,42210.38,140.0,1.4000000000000001,0.095,True
1727247600,2024-09-25T07:00:00,2024-09-25,LONDON_0800,US100,4.5,6.880000000001019,1,LONG,SHORT,1727247900,2024-09-25T07:05:00,19911.07,140.0,1.4000000000000001,0.06880000000001019,True
1727247600,2024-09-25T07:00:00,2024-09-25,LONDON_0800,US30,0.0,4.0,0,NONE,NONE,1727247900,2024-09-25T07:05:00,42145.73,160.0,1.6,0.04,True
1727271000,2024-09-25T13:30:00,2024-09-25,NEW_YORK_0930,US100,3.0,8.5,1,LONG,SHORT,1727271300,2024-09-25T13:35:00,19905.19,140.0,1.4000000000000001,0.085,True
1727271000,2024-09-25T13:30:00,2024-09-25,NEW_YORK_0930,US30,8.0,13.0,1,LONG,SHORT,1727271300,2024-09-25T13:35:00,42248.83,140.0,1.4000000000000001,0.13,True
1727334000,2024-09-26T07:00:00,2024-09-26,LONDON_0800,US100,-5.880000000001019,8.130000000001019,-1,SHORT,LONG,1727334300,2024-09-26T07:05:00,20139.43,140.0,1.4000000000000001,0.08130000000001018,True
1727334000,2024-09-26T07:00:00,2024-09-26,LONDON_0800,US30,-7.0,9.25,-1,SHORT,LONG,1727334300,2024-09-26T07:05:00,42011.41,160.0,1.6,0.0925,True
1727357400,2024-09-26T13:30:00,2024-09-26,NEW_YORK_0930,US100,-0.6199999999989814,6.25,-1,SHORT,LONG,1727357700,2024-09-26T13:35:00,20257.31,140.0,1.4000000000000001,0.0625,True
1727357400,2024-09-26T13:30:00,2024-09-26,NEW_YORK_0930,US30,0.75,9.5,1,LONG,SHORT,1727357700,2024-09-26T13:35:00,42121.01,140.0,1.4000000000000001,0.095,True
1727420400,2024-09-27T07:00:00,2024-09-27,LONDON_0800,US100,-0.25,6.869999999998981,-1,SHORT,LONG,1727420700,2024-09-27T07:05:00,20104.39,140.0,1.4000000000000001,0.06869999999998981,True
1727420400,2024-09-27T07:00:00,2024-09-27,LONDON_0800,US30,4.0,10.0,1,LONG,SHORT,1727420700,2024-09-27T07:05:00,42193.1,160.0,1.6,0.1,True
1727443800,2024-09-27T13:30:00,2024-09-27,NEW_YORK_0930,US100,-3.75,7.630000000001019,-1,SHORT,LONG,1727444100,2024-09-27T13:35:00,20078.14,140.0,1.4000000000000001,0.07630000000001019,True
1727443800,2024-09-27T13:30:00,2024-09-27,NEW_YORK_0930,US30,-3.25,11.0,-1,SHORT,LONG,1727444100,2024-09-27T13:35:00,42194.7,140.0,1.4000000000000001,0.11,True
1727679600,2024-09-30T07:00:00,2024-09-30,LONDON_0800,US100,2.6300000000010186,7.75,1,LONG,SHORT,1727679900,2024-09-30T07:05:00,20013.83,140.0,1.4000000000000001,0.0775,True
1727679600,2024-09-30T07:00:00,2024-09-30,LONDON_0800,US30,3.0,7.0,1,LONG,SHORT,1727679900,2024-09-30T07:05:00,42344.01,160.0,1.6,0.07,True
1727703000,2024-09-30T13:30:00,2024-09-30,NEW_YORK_0930,US100,-11.75,18.88000000000102,-1,SHORT,LONG,1727703300,2024-09-30T13:35:00,19985.2,140.0,1.4000000000000001,0.18880000000001018,True
1727703000,2024-09-30T13:30:00,2024-09-30,NEW_YORK_0930,US30,-14.25,21.0,-1,SHORT,LONG,1727703300,2024-09-30T13:35:00,42285.11,140.0,1.4000000000000001,0.21,True
1727766000,2024-10-01T07:00:00,2024-10-01,LONDON_0800,US100,-6.0,10.0,-1,SHORT,LONG,1727766300,2024-10-01T07:05:00,20074.32,140.0,1.4000000000000001,0.1,True
1727766000,2024-10-01T07:00:00,2024-10-01,LONDON_0800,US30,-2.5,5.5,-1,SHORT,LONG,1727766300,2024-10-01T07:05:00,42302.44,160.0,1.6,0.055,True
1727789400,2024-10-01T13:30:00,2024-10-01,NEW_YORK_0930,US100,0.8800000000010186,8.5,1,LONG,SHORT,1727789700,2024-10-01T13:35:00,20091.07,140.0,1.4000000000000001,0.085,True
1727789400,2024-10-01T13:30:00,2024-10-01,NEW_YORK_0930,US30,-8.0,14.5,-1,SHORT,LONG,1727789700,2024-10-01T13:35:00,42204.79,140.0,1.4000000000000001,0.145,True
1727852400,2024-10-02T07:00:00,2024-10-02,LONDON_0800,US100,-1.8699999999989814,6.630000000001019,-1,SHORT,LONG,1727852700,2024-10-02T07:05:00,19777.29,140.0,1.4000000000000001,0.06630000000001018,True
1727852400,2024-10-02T07:00:00,2024-10-02,LONDON_0800,US30,-5.0,7.25,-1,SHORT,LONG,1727852700,2024-10-02T07:05:00,42093.61,160.0,1.6,0.0725,True
1727875800,2024-10-02T13:30:00,2024-10-02,NEW_YORK_0930,US100,25.5,26.38000000000102,1,LONG,SHORT,1727876100,2024-10-02T13:35:00,19745.54,140.0,1.4000000000000001,0.2638000000000102,True
1727875800,2024-10-02T13:30:00,2024-10-02,NEW_YORK_0930,US30,40.0,41.75,1,LONG,SHORT,1727876100,2024-10-02T13:35:00,42052.71,140.0,1.4000000000000001,0.4175,True
1727938800,2024-10-03T07:00:00,2024-10-03,LONDON_0800,US100,2.0,6.619999999998981,1,LONG,SHORT,1727939100,2024-10-03T07:05:00,19748.99,140.0,1.4000000000000001,0.06619999999998981,True
1727938800,2024-10-03T07:00:00,2024-10-03,LONDON_0800,US30,2.5,7.0,1,LONG,SHORT,1727939100,2024-10-03T07:05:00,42148.94,160.0,1.6,0.07,True
1727962200,2024-10-03T13:30:00,2024-10-03,NEW_YORK_0930,US100,4.5,8.130000000001019,1,LONG,SHORT,1727962500,2024-10-03T13:35:00,19725.11,140.0,1.4000000000000001,0.08130000000001018,True
1727962200,2024-10-03T13:30:00,2024-10-03,NEW_YORK_0930,US30,0.25,8.5,1,LONG,SHORT,1727962500,2024-10-03T13:35:00,42054.04,140.0,1.4000000000000001,0.085,True
1728025200,2024-10-04T07:00:00,2024-10-04,LONDON_0800,US100,9.25,13.5,1,LONG,SHORT,1728025500,2024-10-04T07:05:00,19822.05,140.0,1.4000000000000001,0.135,True
1728025200,2024-10-04T07:00:00,2024-10-04,LONDON_0800,US30,3.25,6.5,1,LONG,SHORT,1728025500,2024-10-04T07:05:00,41993.47,160.0,1.6,0.065,True
1728048600,2024-10-04T13:30:00,2024-10-04,NEW_YORK_0930,US100,8.0,10.25,1,LONG,SHORT,1728048900,2024-10-04T13:35:00,19865.05,140.0,1.4000000000000001,0.10250000000000001,True
1728048600,2024-10-04T13:30:00,2024-10-04,NEW_YORK_0930,US30,9.0,15.0,1,LONG,SHORT,1728048900,2024-10-04T13:35:00,42027.32,140.0,1.4000000000000001,0.15,True
1728284400,2024-10-07T07:00:00,2024-10-07,LONDON_0800,US100,2.8699999999989814,5.119999999998981,1,LONG,SHORT,1728284700,2024-10-07T07:05:00,20032.14,140.0,1.4000000000000001,0.051199999999989816,True
1728284400,2024-10-07T07:00:00,2024-10-07,LONDON_0800,US30,1.0,3.75,1,LONG,SHORT,1728284700,2024-10-07T07:05:00,42332.85,160.0,1.6,0.0375,True
1728307800,2024-10-07T13:30:00,2024-10-07,NEW_YORK_0930,US100,6.75,9.25,1,LONG,SHORT,1728308100,2024-10-07T13:35:00,19908.77,140.0,1.4000000000000001,0.0925,True
1728307800,2024-10-07T13:30:00,2024-10-07,NEW_YORK_0930,US30,5.0,9.0,1,LONG,SHORT,1728308100,2024-10-07T13:35:00,42174.2,140.0,1.4000000000000001,0.09,True
1728370800,2024-10-08T07:00:00,2024-10-08,LONDON_0800,US100,6.5,10.12999999999738,1,LONG,SHORT,1728371100,2024-10-08T07:05:00,19803.54,140.0,1.4000000000000001,0.10129999999997381,True
1728370800,2024-10-08T07:00:00,2024-10-08,LONDON_0800,US30,1.0,9.75,1,LONG,SHORT,1728371100,2024-10-08T07:05:00,41921.06,160.0,1.6,0.0975,True
1728394200,2024-10-08T13:30:00,2024-10-08,NEW_YORK_0930,US100,-24.87000000000262,33.62999999999738,-1,SHORT,LONG,1728394500,2024-10-08T13:35:00,19877.42,140.0,1.4000000000000001,0.3362999999999738,True
1728394200,2024-10-08T13:30:00,2024-10-08,NEW_YORK_0930,US30,-28.5,37.75,-1,SHORT,LONG,1728394500,2024-10-08T13:35:00,41983.91,140.0,1.4000000000000001,0.3775,True
1728457200,2024-10-09T07:00:00,2024-10-09,LONDON_0800,US100,4.130000000001019,6.380000000001019,1,LONG,SHORT,1728457500,2024-10-09T07:05:00,20056.53,140.0,1.4000000000000001,0.06380000000001018,True
1728457200,2024-10-09T07:00:00,2024-10-09,LONDON_0800,US30,0.5,4.0,1,LONG,SHORT,1728457500,2024-10-09T07:05:00,42046.76,160.0,1.6,0.04,True
1728480600,2024-10-09T13:30:00,2024-10-09,NEW_YORK_0930,US100,-3.5,7.130000000001019,-1,SHORT,LONG,1728480900,2024-10-09T13:35:00,20093.91,140.0,1.4000000000000001,0.07130000000001019,True
1728480600,2024-10-09T13:30:00,2024-10-09,NEW_YORK_0930,US30,2.5,9.75,1,LONG,SHORT,1728480900,2024-10-09T13:35:00,42061.36,140.0,1.4000000000000001,0.0975,True
1728543600,2024-10-10T07:00:00,2024-10-10,LONDON_0800,US100,0.6300000000010186,1.8800000000010186,1,LONG,SHORT,1728543900,2024-10-10T07:05:00,20289.02,140.0,1.4000000000000001,0.018800000000010187,True
1728543600,2024-10-10T07:00:00,2024-10-10,LONDON_0800,US30,1.0,3.0,1,LONG,SHORT,1728543900,2024-10-10T07:05:00,42546.98,160.0,1.6,0.03,True
1728567000,2024-10-10T13:30:00,2024-10-10,NEW_YORK_0930,US100,8.630000000001019,9.5,1,LONG,SHORT,1728567300,2024-10-10T13:35:00,20246.52,140.0,1.4000000000000001,0.095,True
1728567000,2024-10-10T13:30:00,2024-10-10,NEW_YORK_0930,US30,23.0,25.5,1,LONG,SHORT,1728567300,2024-10-10T13:35:00,42495.83,140.0,1.4000000000000001,0.255,True
1728630000,2024-10-11T07:00:00,2024-10-11,LONDON_0800,US100,-7.129999999997381,8.37999999999738,-1,SHORT,LONG,1728630300,2024-10-11T07:05:00,20269.08,140.0,1.4000000000000001,0.08379999999997381,True
1728630000,2024-10-11T07:00:00,2024-10-11,LONDON_0800,US30,-7.5,8.0,-1,SHORT,LONG,1728630300,2024-10-11T07:05:00,42470.44,160.0,1.6,0.08,True
1728653400,2024-10-11T13:30:00,2024-10-11,NEW_YORK_0930,US100,-5.25,7.370000000002619,-1,SHORT,LONG,1728653700,2024-10-11T13:35:00,20197.33,140.0,1.4000000000000001,0.07370000000002619,True
1728653400,2024-10-11T13:30:00,2024-10-11,NEW_YORK_0930,US30,-11.25,12.5,-1,SHORT,LONG,1728653700,2024-10-11T13:35:00,42406.29,140.0,1.4000000000000001,0.125,True
1728889200,2024-10-14T07:00:00,2024-10-14,LONDON_0800,US100,-0.8700000000026193,3.5,-1,SHORT,LONG,1728889500,2024-10-14T07:05:00,20237.26,140.0,1.4000000000000001,0.035,True
1728889200,2024-10-14T07:00:00,2024-10-14,LONDON_0800,US30,-2.0,3.25,-1,SHORT,LONG,1728889500,2024-10-14T07:05:00,42881.62,160.0,1.6,0.0325,True
1728912600,2024-10-14T13:30:00,2024-10-14,NEW_YORK_0930,US100,8.12000000000262,11.87999999999738,1,LONG,SHORT,1728912900,2024-10-14T13:35:00,20350.01,140.0,1.4000000000000001,0.11879999999997382,True
1728912600,2024-10-14T13:30:00,2024-10-14,NEW_YORK_0930,US30,-2.5,18.25,-1,SHORT,LONG,1728912900,2024-10-14T13:35:00,42830.22,140.0,1.4000000000000001,0.1825,True
1728975600,2024-10-15T07:00:00,2024-10-15,LONDON_0800,US100,-3.6200000000026193,5.629999999997381,-1,SHORT,LONG,1728975900,2024-10-15T07:05:00,20462.88,140.0,1.4000000000000001,0.05629999999997381,True
1728975600,2024-10-15T07:00:00,2024-10-15,LONDON_0800,US30,-3.0,4.25,-1,SHORT,LONG,1728975900,2024-10-15T07:05:00,43164.06,160.0,1.6,0.0425,True
1728999000,2024-10-15T13:30:00,2024-10-15,NEW_YORK_0930,US100,16.12999999999738,17.5,1,LONG,SHORT,1728999300,2024-10-15T13:35:00,20441.76,140.0,1.4000000000000001,0.17500000000000002,True
1728999000,2024-10-15T13:30:00,2024-10-15,NEW_YORK_0930,US30,18.75,24.0,1,LONG,SHORT,1728999300,2024-10-15T13:35:00,43128.16,140.0,1.4000000000000001,0.24,True
1729062000,2024-10-16T07:00:00,2024-10-16,LONDON_0800,US100,2.6299999999973807,3.5,1,LONG,SHORT,1729062300,2024-10-16T07:05:00,20226.88,140.0,1.4000000000000001,0.035,True
1729062000,2024-10-16T07:00:00,2024-10-16,LONDON_0800,US30,0.0,4.25,0,NONE,NONE,1729062300,2024-10-16T07:05:00,42767.77,160.0,1.6,0.0425,True
1729085400,2024-10-16T13:30:00,2024-10-16,NEW_YORK_0930,US100,2.0,5.120000000002619,1,LONG,SHORT,1729085700,2024-10-16T13:35:00,20198.38,140.0,1.4000000000000001,0.0512000000000262,True
1729085400,2024-10-16T13:30:00,2024-10-16,NEW_YORK_0930,US30,0.5,8.5,1,LONG,SHORT,1729085700,2024-10-16T13:35:00,42753.37,140.0,1.4000000000000001,0.085,True
1729148400,2024-10-17T07:00:00,2024-10-17,LONDON_0800,US100,-0.8699999999989814,3.3699999999989814,-1,SHORT,LONG,1729148700,2024-10-17T07:05:00,20135.49,140.0,1.4000000000000001,0.033699999999989814,True
1729148400,2024-10-17T07:00:00,2024-10-17,LONDON_0800,US30,1.0,4.25,1,LONG,SHORT,1729148700,2024-10-17T07:05:00,43041.9,160.0,1.6,0.0425,True
1729171800,2024-10-17T13:30:00,2024-10-17,NEW_YORK_0930,US100,-3.1199999999989814,8.25,-1,SHORT,LONG,1729172100,2024-10-17T13:35:00,20346.49,140.0,1.4000000000000001,0.0825,True
1729171800,2024-10-17T13:30:00,2024-10-17,NEW_YORK_0930,US30,-10.5,22.0,-1,SHORT,LONG,1729172100,2024-10-17T13:35:00,43083.5,140.0,1.4000000000000001,0.22,True
1729234800,2024-10-18T07:00:00,2024-10-18,LONDON_0800,US100,-1.1300000000010186,4.119999999998981,-1,SHORT,LONG,1729235100,2024-10-18T07:05:00,20202.59,140.0,1.4000000000000001,0.041199999999989814,True
1729234800,2024-10-18T07:00:00,2024-10-18,LONDON_0800,US30,-4.0,4.5,-1,SHORT,LONG,1729235100,2024-10-18T07:05:00,43232.74,160.0,1.6,0.045,True
1729258200,2024-10-18T13:30:00,2024-10-18,NEW_YORK_0930,US100,1.0,5.380000000001019,1,LONG,SHORT,1729258500,2024-10-18T13:35:00,20284.22,140.0,1.4000000000000001,0.05380000000001019,True
1729258200,2024-10-18T13:30:00,2024-10-18,NEW_YORK_0930,US30,1.5,9.0,1,LONG,SHORT,1729258500,2024-10-18T13:35:00,43271.84,140.0,1.4000000000000001,0.09,True
1729494000,2024-10-21T07:00:00,2024-10-21,LONDON_0800,US100,-2.5,4.380000000001019,-1,SHORT,LONG,1729494300,2024-10-21T07:05:00,20328.89,140.0,1.4000000000000001,0.043800000000010185,True
1729494000,2024-10-21T07:00:00,2024-10-21,LONDON_0800,US30,0.0,4.25,0,NONE,NONE,1729494300,2024-10-21T07:05:00,43315.91,160.0,1.6,0.0425,True
1729517400,2024-10-21T13:30:00,2024-10-21,NEW_YORK_0930,US100,8.130000000001019,12.130000000001019,1,LONG,SHORT,1729517700,2024-10-21T13:35:00,20278.89,140.0,1.4000000000000001,0.12130000000001019,True
1729517400,2024-10-21T13:30:00,2024-10-21,NEW_YORK_0930,US30,-4.0,12.25,-1,SHORT,LONG,1729517700,2024-10-21T13:35:00,43239.01,140.0,1.4000000000000001,0.1225,True
1729580400,2024-10-22T07:00:00,2024-10-22,LONDON_0800,US100,-3.0,6.370000000002619,-1,SHORT,LONG,1729580700,2024-10-22T07:05:00,20318.65,140.0,1.4000000000000001,0.0637000000000262,True
1729580400,2024-10-22T07:00:00,2024-10-22,LONDON_0800,US30,-7.0,8.5,-1,SHORT,LONG,1729580700,2024-10-22T07:05:00,42884.37,160.0,1.6,0.085,True
1729603800,2024-10-22T13:30:00,2024-10-22,NEW_YORK_0930,US100,1.5,14.0,1,LONG,SHORT,1729604100,2024-10-22T13:35:00,20252.4,140.0,1.4000000000000001,0.14,True
1729603800,2024-10-22T13:30:00,2024-10-22,NEW_YORK_0930,US30,3.0,60.0,1,LONG,SHORT,1729604100,2024-10-22T13:35:00,42754.47,140.0,1.4000000000000001,0.6,True
1729666800,2024-10-23T07:00:00,2024-10-23,LONDON_0800,US100,1.0,9.25,1,LONG,SHORT,1729667100,2024-10-23T07:05:00,20370.17,140.0,1.4000000000000001,0.0925,True
1729666800,2024-10-23T07:00:00,2024-10-23,LONDON_0800,US30,1.0,9.5,1,LONG,SHORT,1729667100,2024-10-23T07:05:00,42814.84,160.0,1.6,0.095,True
1729690200,2024-10-23T13:30:00,2024-10-23,NEW_YORK_0930,US100,5.5,11.130000000001019,1,LONG,SHORT,1729690500,2024-10-23T13:35:00,20326.17,140.0,1.4000000000000001,0.11130000000001018,True
1729690200,2024-10-23T13:30:00,2024-10-23,NEW_YORK_0930,US30,-7.0,11.5,-1,SHORT,LONG,1729690500,2024-10-23T13:35:00,42748.94,140.0,1.4000000000000001,0.115,True
1729753200,2024-10-24T07:00:00,2024-10-24,LONDON_0800,US100,-1.6300000000010186,6.380000000001019,-1,SHORT,LONG,1729753500,2024-10-24T07:05:00,20178.8,140.0,1.4000000000000001,0.06380000000001018,True
1729753200,2024-10-24T07:00:00,2024-10-24,LONDON_0800,US30,-4.0,7.75,-1,SHORT,LONG,1729753500,2024-10-24T07:05:00,42459.28,160.0,1.6,0.0775,True
1729776600,2024-10-24T13:30:00,2024-10-24,NEW_YORK_0930,US100,-1.25,6.130000000001019,-1,SHORT,LONG,1729776900,2024-10-24T13:35:00,20244.8,140.0,1.4000000000000001,0.06130000000001019,True
1729776600,2024-10-24T13:30:00,2024-10-24,NEW_YORK_0930,US30,0.0,8.0,0,NONE,NONE,1729776900,2024-10-24T13:35:00,42481.38,140.0,1.4000000000000001,0.08,True
1729839600,2024-10-25T07:00:00,2024-10-25,LONDON_0800,US100,-4.130000000001019,5.630000000001019,-1,SHORT,LONG,1729839900,2024-10-25T07:05:00,20234.12,140.0,1.4000000000000001,0.05630000000001019,True
1729839600,2024-10-25T07:00:00,2024-10-25,LONDON_0800,US30,0.0,4.0,0,NONE,NONE,1729839900,2024-10-25T07:05:00,42379.48,160.0,1.6,0.04,True
1729863000,2024-10-25T13:30:00,2024-10-25,NEW_YORK_0930,US100,-1.8699999999989814,10.380000000001019,-1,SHORT,LONG,1729863300,2024-10-25T13:35:00,20299.0,140.0,1.4000000000000001,0.10380000000001019,True
1729863000,2024-10-25T13:30:00,2024-10-25,NEW_YORK_0930,US30,-4.5,9.0,-1,SHORT,LONG,1729863300,2024-10-25T13:35:00,42498.83,140.0,1.4000000000000001,0.09,True
1730102400,2024-10-28T08:00:00,2024-10-28,LONDON_0800,US100,-2.1300000000010186,9.369999999998981,-1,SHORT,LONG,1730102700,2024-10-28T08:05:00,20525.67,140.0,1.4000000000000001,0.09369999999998982,True
1730102400,2024-10-28T08:00:00,2024-10-28,LONDON_0800,US30,-2.0,7.25,-1,SHORT,LONG,1730102700,2024-10-28T08:05:00,42322.19,160.0,1.6,0.0725,True
1730122200,2024-10-28T13:30:00,2024-10-28,NEW_YORK_0930,US100,0.13000000000101863,9.119999999998981,1,LONG,SHORT,1730122500,2024-10-28T13:35:00,20524.55,140.0,1.4000000000000001,0.09119999999998982,True
1730122200,2024-10-28T13:30:00,2024-10-28,NEW_YORK_0930,US30,9.0,10.0,1,LONG,SHORT,1730122500,2024-10-28T13:35:00,42354.29,140.0,1.4000000000000001,0.1,True
1730188800,2024-10-29T08:00:00,2024-10-29,LONDON_0800,US100,-0.25,6.0,-1,SHORT,LONG,1730189100,2024-10-29T08:05:00,20365.85,140.0,1.4000000000000001,0.06,True
1730188800,2024-10-29T08:00:00,2024-10-29,LONDON_0800,US30,2.0,7.5,1,LONG,SHORT,1730189100,2024-10-29T08:05:00,42381.64,160.0,1.6,0.075,True
1730208600,2024-10-29T13:30:00,2024-10-29,NEW_YORK_0930,US100,0.5,9.75,1,LONG,SHORT,1730208900,2024-10-29T13:35:00,20382.22,140.0,1.4000000000000001,0.0975,True
1730208600,2024-10-29T13:30:00,2024-10-29,NEW_YORK_0930,US30,-3.0,13.75,-1,SHORT,LONG,1730208900,2024-10-29T13:35:00,42380.74,140.0,1.4000000000000001,0.1375,True
1730275200,2024-10-30T08:00:00,2024-10-30,LONDON_0800,US100,-5.369999999998981,9.25,-1,SHORT,LONG,1730275500,2024-10-30T08:05:00,20593.11,140.0,1.4000000000000001,0.0925,True
1730275200,2024-10-30T08:00:00,2024-10-30,LONDON_0800,US30,-5.25,9.0,-1,SHORT,LONG,1730275500,2024-10-30T08:05:00,42254.85,160.0,1.6,0.09,True
1730295000,2024-10-30T13:30:00,2024-10-30,NEW_YORK_0930,US100,-12.130000000001019,18.5,-1,SHORT,LONG,1730295300,2024-10-30T13:35:00,20604.61,140.0,1.4000000000000001,0.185,True
1730295000,2024-10-30T13:30:00,2024-10-30,NEW_YORK_0930,US30,-163.5,178.75,-1,SHORT,LONG,1730295300,2024-10-30T13:35:00,42156.45,140.0,1.4000000000000001,1.7875,True
1730361600,2024-10-31T08:00:00,2024-10-31,LONDON_0800,US100,-1.8799999999973807,7.129999999997381,-1,SHORT,LONG,1730361900,2024-10-31T08:05:00,20285.26,140.0,1.4000000000000001,0.07129999999997381,True
1730361600,2024-10-31T08:00:00,2024-10-31,LONDON_0800,US30,-2.0,5.5,-1,SHORT,LONG,1730361900,2024-10-31T08:05:00,42125.56,160.0,1.6,0.055,True
1730381400,2024-10-31T13:30:00,2024-10-31,NEW_YORK_0930,US100,-4.25,6.629999999997381,-1,SHORT,LONG,1730381700,2024-10-31T13:35:00,20190.26,140.0,1.4000000000000001,0.06629999999997381,True
1730381400,2024-10-31T13:30:00,2024-10-31,NEW_YORK_0930,US30,-17.0,25.0,-1,SHORT,LONG,1730381700,2024-10-31T13:35:00,41980.66,140.0,1.4000000000000001,0.25,True
1730448000,2024-11-01T08:00:00,2024-11-01,LONDON_0800,US100,-0.25,5.75,-1,SHORT,LONG,1730448300,2024-11-01T08:05:00,19962.73,140.0,1.4000000000000001,0.0575,True
1730448000,2024-11-01T08:00:00,2024-11-01,LONDON_0800,US30,-1.75,5.0,-1,SHORT,LONG,1730448300,2024-11-01T08:05:00,41827.53,160.0,1.6,0.05,True
1730467800,2024-11-01T13:30:00,2024-11-01,NEW_YORK_0930,US100,1.25,6.369999999998981,1,LONG,SHORT,1730468100,2024-11-01T13:35:00,19987.61,140.0,1.4000000000000001,0.06369999999998982,True
1730467800,2024-11-01T13:30:00,2024-11-01,NEW_YORK_0930,US30,-6.0,13.5,-1,SHORT,LONG,1730468100,2024-11-01T13:35:00,41896.63,140.0,1.4000000000000001,0.135,True
1730707200,2024-11-04T08:00:00,2024-11-04,LONDON_0800,US100,6.75,11.25,1,LONG,SHORT,1730707500,2024-11-04T08:05:00,20127.0,140.0,1.4000000000000001,0.1125,True
1730707200,2024-11-04T08:00:00,2024-11-04,LONDON_0800,US30,10.5,14.75,1,LONG,SHORT,1730707500,2024-11-04T08:05:00,42044.19,160.0,1.6,0.1475,True
1730730600,2024-11-04T14:30:00,2024-11-04,NEW_YORK_0930,US100,-10.380000000001019,23.38000000000102,-1,SHORT,LONG,1730730900,2024-11-04T14:35:00,20020.25,140.0,1.4000000000000001,0.2338000000000102,True
1730730600,2024-11-04T14:30:00,2024-11-04,NEW_YORK_0930,US30,-3.0,17.5,-1,SHORT,LONG,1730730900,2024-11-04T14:35:00,42052.29,140.0,1.4000000000000001,0.17500000000000002,True
1730793600,2024-11-05T08:00:00,2024-11-05,LONDON_0800,US100,-0.13000000000101863,4.619999999998981,-1,SHORT,LONG,1730793900,2024-11-05T08:05:00,19995.39,140.0,1.4000000000000001,0.04619999999998981,True
1730793600,2024-11-05T08:00:00,2024-11-05,LONDON_0800,US30,2.0,5.5,1,LONG,SHORT,1730793900,2024-11-05T08:05:00,41867.7,160.0,1.6,0.055,True
1730817000,2024-11-05T14:30:00,2024-11-05,NEW_YORK_0930,US100,-2.3800000000010186,12.880000000001019,-1,SHORT,LONG,1730817300,2024-11-05T14:35:00,20025.89,140.0,1.4000000000000001,0.12880000000001018,True
1730817000,2024-11-05T14:30:00,2024-11-05,NEW_YORK_0930,US30,-2.75,14.0,-1,SHORT,LONG,1730817300,2024-11-05T14:35:00,41841.8,140.0,1.4000000000000001,0.14,True
1730880000,2024-11-06T08:00:00,2024-11-06,LONDON_0800,US100,4.0,13.5,1,LONG,SHORT,1730880300,2024-11-06T08:05:00,20485.17,140.0,1.4000000000000001,0.135,True
1730880000,2024-11-06T08:00:00,2024-11-06,LONDON_0800,US30,-22.25,29.0,-1,SHORT,LONG,1730880300,2024-11-06T08:05:00,42806.95,160.0,1.6,0.29,True
1730903400,2024-11-06T14:30:00,2024-11-06,NEW_YORK_0930,US100,18.0,27.5,1,LONG,SHORT,1730903700,2024-11-06T14:35:00,20572.67,140.0,1.4000000000000001,0.275,True
1730903400,2024-11-06T14:30:00,2024-11-06,NEW_YORK_0930,US30,51.25,64.0,1,LONG,SHORT,1730903700,2024-11-06T14:35:00,43606.3,140.0,1.4000000000000001,0.64,True
1730966400,2024-11-07T08:00:00,2024-11-07,LONDON_0800,US100,3.0,8.380000000001019,1,LONG,SHORT,1730966700,2024-11-07T08:05:00,20850.7,140.0,1.4000000000000001,0.08380000000001019,True
1730966400,2024-11-07T08:00:00,2024-11-07,LONDON_0800,US30,-8.5,9.25,-1,SHORT,LONG,1730966700,2024-11-07T08:05:00,43871.66,160.0,1.6,0.0925,True
1730989800,2024-11-07T14:30:00,2024-11-07,NEW_YORK_0930,US100,-1.0,7.380000000001019,-1,SHORT,LONG,1730990100,2024-11-07T14:35:00,20871.58,140.0,1.4000000000000001,0.07380000000001019,True
1730989800,2024-11-07T14:30:00,2024-11-07,NEW_YORK_0930,US30,-6.0,15.5,-1,SHORT,LONG,1730990100,2024-11-07T14:35:00,43861.76,140.0,1.4000000000000001,0.155,True
1731052800,2024-11-08T08:00:00,2024-11-08,LONDON_0800,US100,1.75,5.75,1,LONG,SHORT,1731053100,2024-11-08T08:05:00,21151.86,140.0,1.4000000000000001,0.0575,True
1731052800,2024-11-08T08:00:00,2024-11-08,LONDON_0800,US30,2.25,7.75,1,LONG,SHORT,1731053100,2024-11-08T08:05:00,43806.74,160.0,1.6,0.0775,True
1731076200,2024-11-08T14:30:00,2024-11-08,NEW_YORK_0930,US100,2.75,9.25,1,LONG,SHORT,1731076500,2024-11-08T14:35:00,21075.49,140.0,1.4000000000000001,0.0925,True
1731076200,2024-11-08T14:30:00,2024-11-08,NEW_YORK_0930,US30,6.5,13.75,1,LONG,SHORT,1731076500,2024-11-08T14:35:00,43798.34,140.0,1.4000000000000001,0.1375,True
1731312000,2024-11-11T08:00:00,2024-11-11,LONDON_0800,US100,-1.0,5.25,-1,SHORT,LONG,1731312300,2024-11-11T08:05:00,21195.0,140.0,1.4000000000000001,0.0525,True
1731312000,2024-11-11T08:00:00,2024-11-11,LONDON_0800,US30,0.0,3.75,0,NONE,NONE,1731312300,2024-11-11T08:05:00,44073.15,160.0,1.6,0.0375,True
1731335400,2024-11-11T14:30:00,2024-11-11,NEW_YORK_0930,US100,-0.75,6.619999999998981,-1,SHORT,LONG,1731335700,2024-11-11T14:35:00,21219.12,140.0,1.4000000000000001,0.06619999999998981,True
1731335400,2024-11-11T14:30:00,2024-11-11,NEW_YORK_0930,US30,3.0,9.0,1,LONG,SHORT,1731335700,2024-11-11T14:35:00,44236.75,140.0,1.4000000000000001,0.09,True
1731398400,2024-11-12T08:00:00,2024-11-12,LONDON_0800,US100,-0.36999999999898137,14.380000000001019,-1,SHORT,LONG,1731398700,2024-11-12T08:05:00,21105.75,140.0,1.4000000000000001,0.1438000000000102,True
1731398400,2024-11-12T08:00:00,2024-11-12,LONDON_0800,US30,-6.0,8.0,-1,SHORT,LONG,1731398700,2024-11-12T08:05:00,44268.48,160.0,1.6,0.08,True
1731421800,2024-11-12T14:30:00,2024-11-12,NEW_YORK_0930,US100,-8.369999999998981,12.869999999998981,-1,SHORT,LONG,1731422100,2024-11-12T14:35:00,21090.5,140.0,1.4000000000000001,0.12869999999998982,True
1731421800,2024-11-12T14:30:00,2024-11-12,NEW_YORK_0930,US30,-8.0,13.0,-1,SHORT,LONG,1731422100,2024-11-12T14:35:00,44293.58,140.0,1.4000000000000001,0.13,True
1731484800,2024-11-13T08:00:00,2024-11-13,LONDON_0800,US100,6.129999999997381,9.75,1,LONG,SHORT,1731485100,2024-11-13T08:05:00,21040.17,140.0,1.4000000000000001,0.0975,True
1731484800,2024-11-13T08:00:00,2024-11-13,LONDON_0800,US30,5.0,10.5,1,LONG,SHORT,1731485100,2024-11-13T08:05:00,43881.22,160.0,1.6,0.105,True
1731508200,2024-11-13T14:30:00,2024-11-13,NEW_YORK_0930,US100,-1.25,9.75,-1,SHORT,LONG,1731508500,2024-11-13T14:35:00,21064.17,140.0,1.4000000000000001,0.0975,True
1731508200,2024-11-13T14:30:00,2024-11-13,NEW_YORK_0930,US30,5.5,18.75,1,LONG,SHORT,1731508500,2024-11-13T14:35:00,43886.07,140.0,1.4000000000000001,0.1875,True
1731571200,2024-11-14T08:00:00,2024-11-14,LONDON_0800,US100,-1.75,6.5,-1,SHORT,LONG,1731571500,2024-11-14T08:05:00,21034.94,140.0,1.4000000000000001,0.065,True
1731571200,2024-11-14T08:00:00,2024-11-14,LONDON_0800,US30,0.75,11.0,1,LONG,SHORT,1731571500,2024-11-14T08:05:00,43966.19,160.0,1.6,0.11,True
1731594600,2024-11-14T14:30:00,2024-11-14,NEW_YORK_0930,US100,8.880000000001019,10.0,1,LONG,SHORT,1731594900,2024-11-14T14:35:00,21093.07,140.0,1.4000000000000001,0.1,True
1731594600,2024-11-14T14:30:00,2024-11-14,NEW_YORK_0930,US30,15.25,16.0,1,LONG,SHORT,1731594900,2024-11-14T14:35:00,44121.29,140.0,1.4000000000000001,0.16,True
1731657600,2024-11-15T08:00:00,2024-11-15,LONDON_0800,US100,-5.369999999998981,10.75,-1,SHORT,LONG,1731657900,2024-11-15T08:05:00,20810.17,140.0,1.4000000000000001,0.1075,True
1731657600,2024-11-15T08:00:00,2024-11-15,LONDON_0800,US30,-7.0,9.75,-1,SHORT,LONG,1731657900,2024-11-15T08:05:00,43662.78,160.0,1.6,0.0975,True
1731681000,2024-11-15T14:30:00,2024-11-15,NEW_YORK_0930,US100,0.6199999999989814,10.0,1,LONG,SHORT,1731681300,2024-11-15T14:35:00,20765.67,140.0,1.4000000000000001,0.1,True
1731681000,2024-11-15T14:30:00,2024-11-15,NEW_YORK_0930,US30,-6.5,10.5,-1,SHORT,LONG,1731681300,2024-11-15T14:35:00,43632.38,140.0,1.4000000000000001,0.105,True
1731916800,2024-11-18T08:00:00,2024-11-18,LONDON_0800,US100,-5.120000000002619,7.629999999997381,-1,SHORT,LONG,1731917100,2024-11-18T08:05:00,20557.26,140.0,1.4000000000000001,0.0762999999999738,True
1731916800,2024-11-18T08:00:00,2024-11-18,LONDON_0800,US30,-9.0,12.0,-1,SHORT,LONG,1731917100,2024-11-18T08:05:00,43458.77,160.0,1.6,0.12,True
1731940200,2024-11-18T14:30:00,2024-11-18,NEW_YORK_0930,US100,-10.25,16.5,-1,SHORT,LONG,1731940500,2024-11-18T14:35:00,20479.38,140.0,1.4000000000000001,0.165,True
1731940200,2024-11-18T14:30:00,2024-11-18,NEW_YORK_0930,US30,9.5,14.5,1,LONG,SHORT,1731940500,2024-11-18T14:35:00,43392.87,140.0,1.4000000000000001,0.145,True
1732003200,2024-11-19T08:00:00,2024-11-19,LONDON_0800,US100,-2.1199999999989814,5.630000000001019,-1,SHORT,LONG,1732003500,2024-11-19T08:05:00,20593.57,140.0,1.4000000000000001,0.05630000000001019,True
1732003200,2024-11-19T08:00:00,2024-11-19,LONDON_0800,US30,-11.75,11.75,-1,SHORT,LONG,1732003500,2024-11-19T08:05:00,43479.75,160.0,1.6,0.11750000000000001,True
1732026600,2024-11-19T14:30:00,2024-11-19,NEW_YORK_0930,US100,-18.0,19.5,-1,SHORT,LONG,1732026900,2024-11-19T14:35:00,20518.57,140.0,1.4000000000000001,0.195,True
1732026600,2024-11-19T14:30:00,2024-11-19,NEW_YORK_0930,US30,-26.75,31.0,-1,SHORT,LONG,1732026900,2024-11-19T14:35:00,43210.1,140.0,1.4000000000000001,0.31,True
1732089600,2024-11-20T08:00:00,2024-11-20,LONDON_0800,US100,3.1199999999989814,7.130000000001019,1,LONG,SHORT,1732089900,2024-11-20T08:05:00,20728.57,140.0,1.4000000000000001,0.07130000000001019,True
1732089600,2024-11-20T08:00:00,2024-11-20,LONDON_0800,US30,6.0,11.0,1,LONG,SHORT,1732089900,2024-11-20T08:05:00,43390.22,160.0,1.6,0.11,True
1732113000,2024-11-20T14:30:00,2024-11-20,NEW_YORK_0930,US100,-9.0,17.75,-1,SHORT,LONG,1732113300,2024-11-20T14:35:00,20732.82,140.0,1.4000000000000001,0.1775,True
1732113000,2024-11-20T14:30:00,2024-11-20,NEW_YORK_0930,US30,-10.0,23.25,-1,SHORT,LONG,1732113300,2024-11-20T14:35:00,43407.32,140.0,1.4000000000000001,0.2325,True
1732176000,2024-11-21T08:00:00,2024-11-21,LONDON_0800,US100,-4.629999999997381,8.0,-1,SHORT,LONG,1732176300,2024-11-21T08:05:00,20601.51,140.0,1.4000000000000001,0.08,True
1732176000,2024-11-21T08:00:00,2024-11-21,LONDON_0800,US30,-1.25,6.5,-1,SHORT,LONG,1732176300,2024-11-21T08:05:00,43417.34,160.0,1.6,0.065,True
1732199400,2024-11-21T14:30:00,2024-11-21,NEW_YORK_0930,US100,-3.75,26.5,-1,SHORT,LONG,1732199700,2024-11-21T14:35:00,20712.26,140.0,1.4000000000000001,0.265,True
1732199400,2024-11-21T14:30:00,2024-11-21,NEW_YORK_0930,US30,-15.0,43.75,-1,SHORT,LONG,1732199700,2024-11-21T14:35:00,43579.44,140.0,1.4000000000000001,0.4375,True
1732262400,2024-11-22T08:00:00,2024-11-22,LONDON_0800,US100,21.75,24.86999999999898,1,LONG,SHORT,1732262700,2024-11-22T08:05:00,20718.2,140.0,1.4000000000000001,0.24869999999998982,True
1732262400,2024-11-22T08:00:00,2024-11-22,LONDON_0800,US30,16.0,19.0,1,LONG,SHORT,1732262700,2024-11-22T08:05:00,43883.57,160.0,1.6,0.19,True
1732285800,2024-11-22T14:30:00,2024-11-22,NEW_YORK_0930,US100,-5.5,17.0,-1,SHORT,LONG,1732286100,2024-11-22T14:35:00,20715.2,140.0,1.4000000000000001,0.17,True
1732285800,2024-11-22T14:30:00,2024-11-22,NEW_YORK_0930,US30,-9.0,23.25,-1,SHORT,LONG,1732286100,2024-11-22T14:35:00,43897.67,140.0,1.4000000000000001,0.2325,True
1732521600,2024-11-25T08:00:00,2024-11-25,LONDON_0800,US100,-10.880000000001019,11.75,-1,SHORT,LONG,1732521900,2024-11-25T08:05:00,20899.41,140.0,1.4000000000000001,0.11750000000000001,True
1732521600,2024-11-25T08:00:00,2024-11-25,LONDON_0800,US30,-9.5,11.5,-1,SHORT,LONG,1732521900,2024-11-25T08:05:00,44573.84,160.0,1.6,0.115,True
1732545000,2024-11-25T14:30:00,2024-11-25,NEW_YORK_0930,US100,6.75,14.619999999998981,1,LONG,SHORT,1732545300,2024-11-25T14:35:00,20897.91,140.0,1.4000000000000001,0.1461999999999898,True
1732545000,2024-11-25T14:30:00,2024-11-25,NEW_YORK_0930,US30,12.0,20.25,1,LONG,SHORT,1732545300,2024-11-25T14:35:00,44597.44,140.0,1.4000000000000001,0.2025,True
1732608000,2024-11-26T08:00:00,2024-11-26,LONDON_0800,US100,6.5,9.0,1,LONG,SHORT,1732608300,2024-11-26T08:05:00,20832.4,140.0,1.4000000000000001,0.09,True
1732608000,2024-11-26T08:00:00,2024-11-26,LONDON_0800,US30,4.25,10.0,1,LONG,SHORT,1732608300,2024-11-26T08:05:00,44754.19,160.0,1.6,0.1,True
1732631400,2024-11-26T14:30:00,2024-11-26,NEW_YORK_0930,US100,-0.25,10.119999999998981,-1,SHORT,LONG,1732631700,2024-11-26T14:35:00,20883.15,140.0,1.4000000000000001,0.10119999999998981,True
1732631400,2024-11-26T14:30:00,2024-11-26,NEW_YORK_0930,US30,-13.0,23.75,-1,SHORT,LONG,1732631700,2024-11-26T14:35:00,44691.54,140.0,1.4000000000000001,0.23750000000000002,True
1732694400,2024-11-27T08:00:00,2024-11-27,LONDON_0800,US100,1.25,5.130000000001019,1,LONG,SHORT,1732694700,2024-11-27T08:05:00,20904.35,140.0,1.4000000000000001,0.051300000000010185,True
1732694400,2024-11-27T08:00:00,2024-11-27,LONDON_0800,US30,2.5,4.75,1,LONG,SHORT,1732694700,2024-11-27T08:05:00,44888.07,160.0,1.6,0.0475,True
1732717800,2024-11-27T14:30:00,2024-11-27,NEW_YORK_0930,US100,7.25,8.369999999998981,1,LONG,SHORT,1732718100,2024-11-27T14:35:00,20882.35,140.0,1.4000000000000001,0.08369999999998981,True
1732717800,2024-11-27T14:30:00,2024-11-27,NEW_YORK_0930,US30,4.0,11.25,1,LONG,SHORT,1732718100,2024-11-27T14:35:00,44893.42,140.0,1.4000000000000001,0.1125,True
1732780800,2024-11-28T08:00:00,2024-11-28,LONDON_0800,US100,-2.75,4.25,-1,SHORT,LONG,1732781100,2024-11-28T08:05:00,20802.23,140.0,1.4000000000000001,0.0425,True
1732780800,2024-11-28T08:00:00,2024-11-28,LONDON_0800,US30,-2.25,4.5,-1,SHORT,LONG,1732781100,2024-11-28T08:05:00,44815.55,160.0,1.6,0.045,True
1732804200,2024-11-28T14:30:00,2024-11-28,NEW_YORK_0930,US100,3.3800000000010186,5.119999999998981,1,LONG,SHORT,1732804500,2024-11-28T14:35:00,20815.48,140.0,1.4000000000000001,0.051199999999989816,True
1732804200,2024-11-28T14:30:00,2024-11-28,NEW_YORK_0930,US30,12.0,14.5,1,LONG,SHORT,1732804500,2024-11-28T14:35:00,44807.65,140.0,1.4000000000000001,0.145,True
1732867200,2024-11-29T08:00:00,2024-11-29,LONDON_0800,US100,-3.75,5.379999999997381,-1,SHORT,LONG,1732867500,2024-11-29T08:05:00,20848.28,140.0,1.4000000000000001,0.053799999999973806,True
1732867200,2024-11-29T08:00:00,2024-11-29,LONDON_0800,US30,3.0,8.75,1,LONG,SHORT,1732867500,2024-11-29T08:05:00,44881.8,160.0,1.6,0.08750000000000001,True
1732890600,2024-11-29T14:30:00,2024-11-29,NEW_YORK_0930,US100,-6.120000000002619,10.12999999999738,-1,SHORT,LONG,1732890900,2024-11-29T14:35:00,20818.03,140.0,1.4000000000000001,0.10129999999997381,True
1732890600,2024-11-29T14:30:00,2024-11-29,NEW_YORK_0930,US30,-16.5,18.25,-1,SHORT,LONG,1732890900,2024-11-29T14:35:00,44895.9,140.0,1.4000000000000001,0.1825,True
1733126400,2024-12-02T08:00:00,2024-12-02,LONDON_0800,US100,2.1300000000010186,6.119999999998981,1,LONG,SHORT,1733126700,2024-12-02T08:05:00,20914.52,140.0,1.4000000000000001,0.06119999999998982,True
1733126400,2024-12-02T08:00:00,2024-12-02,LONDON_0800,US30,-2.5,7.75,-1,SHORT,LONG,1733126700,2024-12-02T08:05:00,44884.41,160.0,1.6,0.0775,True
1733149800,2024-12-02T14:30:00,2024-12-02,NEW_YORK_0930,US100,-2.3699999999989814,16.38000000000102,-1,SHORT,LONG,1733150100,2024-12-02T14:35:00,20960.65,140.0,1.4000000000000001,0.1638000000000102,True
1733149800,2024-12-02T14:30:00,2024-12-02,NEW_YORK_0930,US30,-12.0,29.75,-1,SHORT,LONG,1733150100,2024-12-02T14:35:00,44941.01,140.0,1.4000000000000001,0.2975,True
1733212800,2024-12-03T08:00:00,2024-12-03,LONDON_0800,US100,3.8799999999973807,7.0,1,LONG,SHORT,1733213100,2024-12-03T08:05:00,21195.76,140.0,1.4000000000000001,0.07,True
1733212800,2024-12-03T08:00:00,2024-12-03,LONDON_0800,US30,0.0,9.0,0,NONE,NONE,1733213100,2024-12-03T08:05:00,44833.11,160.0,1.6,0.09,True
1733236200,2024-12-03T14:30:00,2024-12-03,NEW_YORK_0930,US100,10.87000000000262,13.87999999999738,1,LONG,SHORT,1733236500,2024-12-03T14:35:00,21177.63,140.0,1.4000000000000001,0.1387999999999738,True
1733236200,2024-12-03T14:30:00,2024-12-03,NEW_YORK_0930,US30,12.75,16.0,1,LONG,SHORT,1733236500,2024-12-03T14:35:00,44823.71,140.0,1.4000000000000001,0.16,True
1733299200,2024-12-04T08:00:00,2024-12-04,LONDON_0800,US100,2.8800000000010186,5.630000000001019,1,LONG,SHORT,1733299500,2024-12-04T08:05:00,21323.65,140.0,1.4000000000000001,0.05630000000001019,True
1733299200,2024-12-04T08:00:00,2024-12-04,LONDON_0800,US30,1.0,3.5,1,LONG,SHORT,1733299500,2024-12-04T08:05:00,44880.26,160.0,1.6,0.035,True
1733322600,2024-12-04T14:30:00,2024-12-04,NEW_YORK_0930,US100,3.3699999999989814,8.130000000001019,1,LONG,SHORT,1733322900,2024-12-04T14:35:00,21383.9,140.0,1.4000000000000001,0.08130000000001018,True
1733322600,2024-12-04T14:30:00,2024-12-04,NEW_YORK_0930,US30,-7.25,19.5,-1,SHORT,LONG,1733322900,2024-12-04T14:35:00,44918.36,140.0,1.4000000000000001,0.195,True
1733385600,2024-12-05T08:00:00,2024-12-05,LONDON_0800,US100,-0.6199999999989814,6.0,-1,SHORT,LONG,1733385900,2024-12-05T08:05:00,21478.93,140.0,1.4000000000000001,0.06,True
1733385600,2024-12-05T08:00:00,2024-12-05,LONDON_0800,US30,4.75,7.25,1,LONG,SHORT,1733385900,2024-12-05T08:05:00,45053.42,160.0,1.6,0.0725,True
1733409000,2024-12-05T14:30:00,2024-12-05,NEW_YORK_0930,US100,2.75,4.5,1,LONG,SHORT,1733409300,2024-12-05T14:35:00,21489.3,140.0,1.4000000000000001,0.045,True
1733409000,2024-12-05T14:30:00,2024-12-05,NEW_YORK_0930,US30,-1.0,8.0,-1,SHORT,LONG,1733409300,2024-12-05T14:35:00,45030.52,140.0,1.4000000000000001,0.08,True
1733472000,2024-12-06T08:00:00,2024-12-06,LONDON_0800,US100,2.1199999999989814,3.75,1,LONG,SHORT,1733472300,2024-12-06T08:05:00,21443.98,140.0,1.4000000000000001,0.0375,True
1733472000,2024-12-06T08:00:00,2024-12-06,LONDON_0800,US30,3.75,6.25,1,LONG,SHORT,1733472300,2024-12-06T08:05:00,44772.7,160.0,1.6,0.0625,True
1733495400,2024-12-06T14:30:00,2024-12-06,NEW_YORK_0930,US100,-6.380000000001019,11.130000000001019,-1,SHORT,LONG,1733495700,2024-12-06T14:35:00,21442.11,140.0,1.4000000000000001,0.11130000000001018,True
1733495400,2024-12-06T14:30:00,2024-12-06,NEW_YORK_0930,US30,-7.0,11.5,-1,SHORT,LONG,1733495700,2024-12-06T14:35:00,44780.8,140.0,1.4000000000000001,0.115,True
1733731200,2024-12-09T08:00:00,2024-12-09,LONDON_0800,US100,2.5,3.5,1,LONG,SHORT,1733731500,2024-12-09T08:05:00,21623.3,140.0,1.4000000000000001,0.035,True
1733731200,2024-12-09T08:00:00,2024-12-09,LONDON_0800,US30,3.0,4.75,1,LONG,SHORT,1733731500,2024-12-09T08:05:00,44620.76,160.0,1.6,0.0475,True
1733754600,2024-12-09T14:30:00,2024-12-09,NEW_YORK_0930,US100,4.5,9.119999999998981,1,LONG,SHORT,1733754900,2024-12-09T14:35:00,21599.68,140.0,1.4000000000000001,0.09119999999998982,True
1733754600,2024-12-09T14:30:00,2024-12-09,NEW_YORK_0930,US30,1.0,11.75,1,LONG,SHORT,1733754900,2024-12-09T14:35:00,44670.86,140.0,1.4000000000000001,0.11750000000000001,True
1733817600,2024-12-10T08:00:00,2024-12-10,LONDON_0800,US100,-8.25,8.75,-1,SHORT,LONG,1733817900,2024-12-10T08:05:00,21431.11,140.0,1.4000000000000001,0.08750000000000001,True
1733817600,2024-12-10T08:00:00,2024-12-10,LONDON_0800,US30,-1.5,4.25,-1,SHORT,LONG,1733817900,2024-12-10T08:05:00,44424.49,160.0,1.6,0.0425,True
1733841000,2024-12-10T14:30:00,2024-12-10,NEW_YORK_0930,US100,-1.25,10.75,-1,SHORT,LONG,1733841300,2024-12-10T14:35:00,21499.74,140.0,1.4000000000000001,0.1075,True
1733841000,2024-12-10T14:30:00,2024-12-10,NEW_YORK_0930,US30,-7.25,21.75,-1,SHORT,LONG,1733841300,2024-12-10T14:35:00,44388.84,140.0,1.4000000000000001,0.2175,True
1733904000,2024-12-11T08:00:00,2024-12-11,LONDON_0800,US100,2.8699999999989814,3.6300000000010186,1,LONG,SHORT,1733904300,2024-12-11T08:05:00,21410.95,140.0,1.4000000000000001,0.036300000000010185,True
1733904000,2024-12-11T08:00:00,2024-12-11,LONDON_0800,US30,5.5,7.5,1,LONG,SHORT,1733904300,2024-12-11T08:05:00,44293.41,160.0,1.6,0.075,True
1733927400,2024-12-11T14:30:00,2024-12-11,NEW_YORK_0930,US100,-8.369999999998981,10.869999999998981,-1,SHORT,LONG,1733927700,2024-12-11T14:35:00,21416.33,140.0,1.4000000000000001,0.10869999999998982,True
1733927400,2024-12-11T14:30:00,2024-12-11,NEW_YORK_0930,US30,-9.75,18.0,-1,SHORT,LONG,1733927700,2024-12-11T14:35:00,44269.26,140.0,1.4000000000000001,0.18,True
1733990400,2024-12-12T08:00:00,2024-12-12,LONDON_0800,US100,-6.25,13.869999999998981,-1,SHORT,LONG,1733990700,2024-12-12T08:05:00,21739.06,140.0,1.4000000000000001,0.1386999999999898,True
1733990400,2024-12-12T08:00:00,2024-12-12,LONDON_0800,US30,-3.0,7.25,-1,SHORT,LONG,1733990700,2024-12-12T08:05:00,44107.85,160.0,1.6,0.0725,True
1734013800,2024-12-12T14:30:00,2024-12-12,NEW_YORK_0930,US100,-10.75,13.5,-1,SHORT,LONG,1734014100,2024-12-12T14:35:00,21691.31,140.0,1.4000000000000001,0.135,True
1734013800,2024-12-12T14:30:00,2024-12-12,NEW_YORK_0930,US30,-8.5,15.75,-1,SHORT,LONG,1734014100,2024-12-12T14:35:00,44135.95,140.0,1.4000000000000001,0.1575,True
1734076800,2024-12-13T08:00:00,2024-12-13,LONDON_0800,US100,8.25,9.75,1,LONG,SHORT,1734077100,2024-12-13T08:05:00,21712.52,140.0,1.4000000000000001,0.0975,True
1734076800,2024-12-13T08:00:00,2024-12-13,LONDON_0800,US30,3.0,5.0,1,LONG,SHORT,1734077100,2024-12-13T08:05:00,43932.31,160.0,1.6,0.05,True
1734100200,2024-12-13T14:30:00,2024-12-13,NEW_YORK_0930,US100,-0.75,9.25,-1,SHORT,LONG,1734100500,2024-12-13T14:35:00,21802.27,140.0,1.4000000000000001,0.0925,True
1734100200,2024-12-13T14:30:00,2024-12-13,NEW_YORK_0930,US30,8.0,11.0,1,LONG,SHORT,1734100500,2024-12-13T14:35:00,44005.91,140.0,1.4000000000000001,0.11,True
1734336000,2024-12-16T08:00:00,2024-12-16,LONDON_0800,US100,2.3800000000010186,7.25,1,LONG,SHORT,1734336300,2024-12-16T08:05:00,21783.02,140.0,1.4000000000000001,0.0725,True
1734336000,2024-12-16T08:00:00,2024-12-16,LONDON_0800,US30,1.25,7.25,1,LONG,SHORT,1734336300,2024-12-16T08:05:00,43873.03,160.0,1.6,0.0725,True
1734359400,2024-12-16T14:30:00,2024-12-16,NEW_YORK_0930,US100,-1.8699999999989814,6.0,-1,SHORT,LONG,1734359700,2024-12-16T14:35:00,21866.27,140.0,1.4000000000000001,0.06,True
1734359400,2024-12-16T14:30:00,2024-12-16,NEW_YORK_0930,US30,-1.75,8.5,-1,SHORT,LONG,1734359700,2024-12-16T14:35:00,43923.88,140.0,1.4000000000000001,0.085,True
1734422400,2024-12-17T08:00:00,2024-12-17,LONDON_0800,US100,2.25,4.75,1,LONG,SHORT,1734422700,2024-12-17T08:05:00,22100.91,140.0,1.4000000000000001,0.0475,True
1734422400,2024-12-17T08:00:00,2024-12-17,LONDON_0800,US30,2.75,7.75,1,LONG,SHORT,1734422700,2024-12-17T08:05:00,43684.72,160.0,1.6,0.0775,True
1734445800,2024-12-17T14:30:00,2024-12-17,NEW_YORK_0930,US100,-9.130000000001019,12.369999999998981,-1,SHORT,LONG,1734446100,2024-12-17T14:35:00,22049.53,140.0,1.4000000000000001,0.12369999999998982,True
1734445800,2024-12-17T14:30:00,2024-12-17,NEW_YORK_0930,US30,1.75,12.0,1,LONG,SHORT,1734446100,2024-12-17T14:35:00,43572.57,140.0,1.4000000000000001,0.12,True
1734508800,2024-12-18T08:00:00,2024-12-18,LONDON_0800,US100,1.25,4.0,1,LONG,SHORT,1734509100,2024-12-18T08:05:00,22038.84,140.0,1.4000000000000001,0.04,True
1734508800,2024-12-18T08:00:00,2024-12-18,LONDON_0800,US30,5.0,7.75,1,LONG,SHORT,1734509100,2024-12-18T08:05:00,43551.03,160.0,1.6,0.0775,True
1734532200,2024-12-18T14:30:00,2024-12-18,NEW_YORK_0930,US100,1.25,6.119999999998981,1,LONG,SHORT,1734532500,2024-12-18T14:35:00,22072.84,140.0,1.4000000000000001,0.06119999999998982,True
1734532200,2024-12-18T14:30:00,2024-12-18,NEW_YORK_0930,US30,15.5,16.75,1,LONG,SHORT,1734532500,2024-12-18T14:35:00,43606.13,140.0,1.4000000000000001,0.1675,True
1734595200,2024-12-19T08:00:00,2024-12-19,LONDON_0800,US100,26.75,29.75,1,LONG,SHORT,1734595500,2024-12-19T08:05:00,21166.8,140.0,1.4000000000000001,0.2975,True
1734595200,2024-12-19T08:00:00,2024-12-19,LONDON_0800,US30,30.25,33.0,1,LONG,SHORT,1734595500,2024-12-19T08:05:00,42350.15,160.0,1.6,0.33,True
1734618600,2024-12-19T14:30:00,2024-12-19,NEW_YORK_0930,US100,-3.0,20.25,-1,SHORT,LONG,1734618900,2024-12-19T14:35:00,21354.8,140.0,1.4000000000000001,0.2025,True
1734618600,2024-12-19T14:30:00,2024-12-19,NEW_YORK_0930,US30,-9.25,23.0,-1,SHORT,LONG,1734618900,2024-12-19T14:35:00,42501.25,140.0,1.4000000000000001,0.23,True
1734681600,2024-12-20T08:00:00,2024-12-20,LONDON_0800,US100,-8.25,12.5,-1,SHORT,LONG,1734681900,2024-12-20T08:05:00,20957.47,140.0,1.4000000000000001,0.125,True
1734681600,2024-12-20T08:00:00,2024-12-20,LONDON_0800,US30,-1.5,9.75,-1,SHORT,LONG,1734681900,2024-12-20T08:05:00,42224.29,160.0,1.6,0.0975,True
1734705000,2024-12-20T14:30:00,2024-12-20,NEW_YORK_0930,US100,10.0,35.25,1,LONG,SHORT,1734705300,2024-12-20T14:35:00,20740.34,140.0,1.4000000000000001,0.3525,True
1734705000,2024-12-20T14:30:00,2024-12-20,NEW_YORK_0930,US30,5.75,39.0,1,LONG,SHORT,1734705300,2024-12-20T14:35:00,42033.89,140.0,1.4000000000000001,0.39,True
1734940800,2024-12-23T08:00:00,2024-12-23,LONDON_0800,US100,-6.0,12.25,-1,SHORT,LONG,1734941100,2024-12-23T08:05:00,21433.4,140.0,1.4000000000000001,0.1225,True
1734940800,2024-12-23T08:00:00,2024-12-23,LONDON_0800,US30,-8.0,8.0,-1,SHORT,LONG,1734941100,2024-12-23T08:05:00,42990.9,160.0,1.6,0.08,True
1734964200,2024-12-23T14:30:00,2024-12-23,NEW_YORK_0930,US100,-0.25,13.0,-1,SHORT,LONG,1734964500,2024-12-23T14:35:00,21363.78,140.0,1.4000000000000001,0.13,True
1734964200,2024-12-23T14:30:00,2024-12-23,NEW_YORK_0930,US30,3.75,24.0,1,LONG,SHORT,1734964500,2024-12-23T14:35:00,42772.0,140.0,1.4000000000000001,0.24,True
1735027200,2024-12-24T08:00:00,2024-12-24,LONDON_0800,US100,-2.75,4.75,-1,SHORT,LONG,1735027500,2024-12-24T08:05:00,21458.11,140.0,1.4000000000000001,0.0475,True
1735027200,2024-12-24T08:00:00,2024-12-24,LONDON_0800,US30,-3.25,6.0,-1,SHORT,LONG,1735027500,2024-12-24T08:05:00,42839.23,160.0,1.6,0.06,True
1735050600,2024-12-24T14:30:00,2024-12-24,NEW_YORK_0930,US100,0.36999999999898137,9.369999999998981,1,LONG,SHORT,1735050900,2024-12-24T14:35:00,21509.24,140.0,1.4000000000000001,0.09369999999998982,True
1735050600,2024-12-24T14:30:00,2024-12-24,NEW_YORK_0930,US30,-3.0,11.25,-1,SHORT,LONG,1735050900,2024-12-24T14:35:00,42845.33,140.0,1.4000000000000001,0.1125,True
1735200000,2024-12-26T08:00:00,2024-12-26,LONDON_0800,US100,7.0,8.0,1,LONG,SHORT,1735200300,2024-12-26T08:05:00,21818.01,140.0,1.4000000000000001,0.08,True
1735200000,2024-12-26T08:00:00,2024-12-26,LONDON_0800,US30,-1.0,5.0,-1,SHORT,LONG,1735200300,2024-12-26T08:05:00,43196.87,160.0,1.6,0.05,True
1735223400,2024-12-26T14:30:00,2024-12-26,NEW_YORK_0930,US100,-11.119999999998981,14.5,-1,SHORT,LONG,1735223700,2024-12-26T14:35:00,21676.14,140.0,1.4000000000000001,0.145,True
1735223400,2024-12-26T14:30:00,2024-12-26,NEW_YORK_0930,US30,-11.0,18.0,-1,SHORT,LONG,1735223700,2024-12-26T14:35:00,43040.97,140.0,1.4000000000000001,0.18,True
1735286400,2024-12-27T08:00:00,2024-12-27,LONDON_0800,US100,-5.75,9.630000000001019,-1,SHORT,LONG,1735286700,2024-12-27T08:05:00,21672.29,140.0,1.4000000000000001,0.09630000000001018,True
1735286400,2024-12-27T08:00:00,2024-12-27,LONDON_0800,US30,-9.0,11.0,-1,SHORT,LONG,1735286700,2024-12-27T08:05:00,43187.09,160.0,1.6,0.11,True
1735309800,2024-12-27T14:30:00,2024-12-27,NEW_YORK_0930,US100,1.8800000000010186,9.619999999998981,1,LONG,SHORT,1735310100,2024-12-27T14:35:00,21670.91,140.0,1.4000000000000001,0.09619999999998982,True
1735309800,2024-12-27T14:30:00,2024-12-27,NEW_YORK_0930,US30,-5.0,9.75,-1,SHORT,LONG,1735310100,2024-12-27T14:35:00,43126.19,140.0,1.4000000000000001,0.0975,True
1735545600,2024-12-30T08:00:00,2024-12-30,LONDON_0800,US100,8.75,16.75,1,LONG,SHORT,1735545900,2024-12-30T08:05:00,21403.84,140.0,1.4000000000000001,0.1675,True
1735545600,2024-12-30T08:00:00,2024-12-30,LONDON_0800,US30,14.0,20.25,1,LONG,SHORT,1735545900,2024-12-30T08:05:00,42849.77,160.0,1.6,0.2025,True
1735569000,2024-12-30T14:30:00,2024-12-30,NEW_YORK_0930,US100,-26.63000000000102,38.13000000000102,-1,SHORT,LONG,1735569300,2024-12-30T14:35:00,21324.46,140.0,1.4000000000000001,0.3813000000000102,True
1735569000,2024-12-30T14:30:00,2024-12-30,NEW_YORK_0930,US30,-29.25,44.25,-1,SHORT,LONG,1735569300,2024-12-30T14:35:00,42796.87,140.0,1.4000000000000001,0.4425,True
1735632000,2024-12-31T08:00:00,2024-12-31,LONDON_0800,US100,-10.630000000001019,13.5,-1,SHORT,LONG,1735632300,2024-12-31T08:05:00,21136.0,140.0,1.4000000000000001,0.135,True
1735632000,2024-12-31T08:00:00,2024-12-31,LONDON_0800,US30,-11.25,14.0,-1,SHORT,LONG,1735632300,2024-12-31T08:05:00,42506.94,160.0,1.6,0.14,True
1735655400,2024-12-31T14:30:00,2024-12-31,NEW_YORK_0930,US100,-4.0,6.380000000001019,-1,SHORT,LONG,1735655700,2024-12-31T14:35:00,21248.37,140.0,1.4000000000000001,0.06380000000001018,True
1735655400,2024-12-31T14:30:00,2024-12-31,NEW_YORK_0930,US30,-10.0,12.0,-1,SHORT,LONG,1735655700,2024-12-31T14:35:00,42637.29,140.0,1.4000000000000001,0.12,True
1735804800,2025-01-02T08:00:00,2025-01-02,LONDON_0800,US100,-2.0,10.25,-1,SHORT,LONG,1735805100,2025-01-02T08:05:00,21115.72,140.0,1.4000000000000001,0.10250000000000001,True
1735804800,2025-01-02T08:00:00,2025-01-02,LONDON_0800,US30,-2.0,7.25,-1,SHORT,LONG,1735805100,2025-01-02T08:05:00,42634.97,160.0,1.6,0.0725,True
1735828200,2025-01-02T14:30:00,2025-01-02,NEW_YORK_0930,US100,-15.130000000001019,19.5,-1,SHORT,LONG,1735828500,2025-01-02T14:35:00,21215.09,140.0,1.4000000000000001,0.195,True
1735828200,2025-01-02T14:30:00,2025-01-02,NEW_YORK_0930,US30,-12.5,16.25,-1,SHORT,LONG,1735828500,2025-01-02T14:35:00,42828.07,140.0,1.4000000000000001,0.1625,True
1735891200,2025-01-03T08:00:00,2025-01-03,LONDON_0800,US100,0.6200000000026193,5.379999999997381,1,LONG,SHORT,1735891500,2025-01-03T08:05:00,20974.19,140.0,1.4000000000000001,0.053799999999973806,True
1735891200,2025-01-03T08:00:00,2025-01-03,LONDON_0800,US30,0.25,6.25,1,LONG,SHORT,1735891500,2025-01-03T08:05:00,42335.4,160.0,1.6,0.0625,True
1735914600,2025-01-03T14:30:00,2025-01-03,NEW_YORK_0930,US100,-10.0,15.12000000000262,-1,SHORT,LONG,1735914900,2025-01-03T14:35:00,20972.44,140.0,1.4000000000000001,0.1512000000000262,True
1735914600,2025-01-03T14:30:00,2025-01-03,NEW_YORK_0930,US30,-6.0,11.75,-1,SHORT,LONG,1735914900,2025-01-03T14:35:00,42396.5,140.0,1.4000000000000001,0.11750000000000001,True
1736150400,2025-01-06T08:00:00,2025-01-06,LONDON_0800,US100,-0.6199999999989814,5.880000000001019,-1,SHORT,LONG,1736150700,2025-01-06T08:05:00,21297.02,140.0,1.4000000000000001,0.058800000000010184,True
1736150400,2025-01-06T08:00:00,2025-01-06,LONDON_0800,US30,4.25,6.25,1,LONG,SHORT,1736150700,2025-01-06T08:05:00,42628.71,160.0,1.6,0.0625,True
1736173800,2025-01-06T14:30:00,2025-01-06,NEW_YORK_0930,US100,-8.880000000001019,14.369999999998981,-1,SHORT,LONG,1736174100,2025-01-06T14:35:00,21478.52,140.0,1.4000000000000001,0.1436999999999898,True
1736173800,2025-01-06T14:30:00,2025-01-06,NEW_YORK_0930,US30,-2.0,16.25,-1,SHORT,LONG,1736174100,2025-01-06T14:35:00,42785.31,140.0,1.4000000000000001,0.1625,True
1736236800,2025-01-07T08:00:00,2025-01-07,LONDON_0800,US100,2.25,12.5,1,LONG,SHORT,1736237100,2025-01-07T08:05:00,21470.41,140.0,1.4000000000000001,0.125,True
1736236800,2025-01-07T08:00:00,2025-01-07,LONDON_0800,US30,1.0,11.5,1,LONG,SHORT,1736237100,2025-01-07T08:05:00,42590.16,160.0,1.6,0.115,True
1736260200,2025-01-07T14:30:00,2025-01-07,NEW_YORK_0930,US100,13.880000000001019,16.88000000000102,1,LONG,SHORT,1736260500,2025-01-07T14:35:00,21507.16,140.0,1.4000000000000001,0.1688000000000102,True
1736260200,2025-01-07T14:30:00,2025-01-07,NEW_YORK_0930,US30,23.25,23.75,1,LONG,SHORT,1736260500,2025-01-07T14:35:00,42688.76,140.0,1.4000000000000001,0.23750000000000002,True
1736323200,2025-01-08T08:00:00,2025-01-08,LONDON_0800,US100,-1.0,6.619999999998981,-1,SHORT,LONG,1736323500,2025-01-08T08:05:00,21193.56,140.0,1.4000000000000001,0.06619999999998981,True
1736323200,2025-01-08T08:00:00,2025-01-08,LONDON_0800,US30,-3.75,4.75,-1,SHORT,LONG,1736323500,2025-01-08T08:05:00,42541.04,160.0,1.6,0.0475,True
1736346600,2025-01-08T14:30:00,2025-01-08,NEW_YORK_0930,US100,-21.75,34.25,-1,SHORT,LONG,1736346900,2025-01-08T14:35:00,20993.68,140.0,1.4000000000000001,0.3425,True
1736346600,2025-01-08T14:30:00,2025-01-08,NEW_YORK_0930,US30,-20.75,35.0,-1,SHORT,LONG,1736346900,2025-01-08T14:35:00,42320.39,140.0,1.4000000000000001,0.35000000000000003,True
1736409600,2025-01-09T08:00:00,2025-01-09,LONDON_0800,US100,0.0,7.5,0,NONE,NONE,1736409900,2025-01-09T08:05:00,21091.39,140.0,1.4000000000000001,0.075,True
1736409600,2025-01-09T08:00:00,2025-01-09,LONDON_0800,US30,2.0,8.5,1,LONG,SHORT,1736409900,2025-01-09T08:05:00,42479.38,160.0,1.6,0.085,True
1736433000,2025-01-09T14:30:00,2025-01-09,NEW_YORK_0930,US100,5.5,8.380000000001019,1,LONG,SHORT,1736433300,2025-01-09T14:35:00,21064.77,140.0,1.4000000000000001,0.08380000000001019,True
1736433000,2025-01-09T14:30:00,2025-01-09,NEW_YORK_0930,US30,11.0,14.0,1,LONG,SHORT,1736433300,2025-01-09T14:35:00,42470.48,140.0,1.4000000000000001,0.14,True
1736496000,2025-01-10T08:00:00,2025-01-10,LONDON_0800,US100,-7.379999999997381,15.12000000000262,-1,SHORT,LONG,1736496300,2025-01-10T08:05:00,21065.13,140.0,1.4000000000000001,0.1512000000000262,True
1736496000,2025-01-10T08:00:00,2025-01-10,LONDON_0800,US30,-6.5,14.5,-1,SHORT,LONG,1736496300,2025-01-10T08:05:00,42471.52,160.0,1.6,0.145,True
1736519400,2025-01-10T14:30:00,2025-01-10,NEW_YORK_0930,US100,23.12999999999738,25.12999999999738,1,LONG,SHORT,1736519700,2025-01-10T14:35:00,21075.26,140.0,1.4000000000000001,0.2512999999999738,True
1736519400,2025-01-10T14:30:00,2025-01-10,NEW_YORK_0930,US30,18.0,25.25,1,LONG,SHORT,1736519700,2025-01-10T14:35:00,42472.37,140.0,1.4000000000000001,0.2525,True
1736755200,2025-01-13T08:00:00,2025-01-13,LONDON_0800,US100,12.630000000001019,15.130000000001019,1,LONG,SHORT,1736755500,2025-01-13T08:05:00,20681.98,140.0,1.4000000000000001,0.15130000000001018,True
1736755200,2025-01-13T08:00:00,2025-01-13,LONDON_0800,US30,22.75,23.5,1,LONG,SHORT,1736755500,2025-01-13T08:05:00,41763.22,160.0,1.6,0.23500000000000001,True
1736778600,2025-01-13T14:30:00,2025-01-13,NEW_YORK_0930,US100,9.130000000001019,26.25,1,LONG,SHORT,1736778900,2025-01-13T14:35:00,20571.23,140.0,1.4000000000000001,0.2625,True
1736778600,2025-01-13T14:30:00,2025-01-13,NEW_YORK_0930,US30,8.0,27.0,1,LONG,SHORT,1736778900,2025-01-13T14:35:00,41743.57,140.0,1.4000000000000001,0.27,True
1736841600,2025-01-14T08:00:00,2025-01-14,LONDON_0800,US100,-3.3799999999973807,10.37999999999738,-1,SHORT,LONG,1736841900,2025-01-14T08:05:00,20840.92,140.0,1.4000000000000001,0.1037999999999738,True
1736841600,2025-01-14T08:00:00,2025-01-14,LONDON_0800,US30,0.75,6.75,1,LONG,SHORT,1736841900,2025-01-14T08:05:00,42291.06,160.0,1.6,0.0675,True
1736865000,2025-01-14T14:30:00,2025-01-14,NEW_YORK_0930,US100,13.12999999999738,20.62999999999738,1,LONG,SHORT,1736865300,2025-01-14T14:35:00,20808.29,140.0,1.4000000000000001,0.2062999999999738,True
1736865000,2025-01-14T14:30:00,2025-01-14,NEW_YORK_0930,US30,8.5,14.75,1,LONG,SHORT,1736865300,2025-01-14T14:35:00,42295.16,140.0,1.4000000000000001,0.1475,True
1736928000,2025-01-15T08:00:00,2025-01-15,LONDON_0800,US100,3.3800000000010186,4.0,1,LONG,SHORT,1736928300,2025-01-15T08:05:00,20736.5,140.0,1.4000000000000001,0.04,True
1736928000,2025-01-15T08:00:00,2025-01-15,LONDON_0800,US30,2.0,2.5,1,LONG,SHORT,1736928300,2025-01-15T08:05:00,42446.41,160.0,1.6,0.025,True
1736951400,2025-01-15T14:30:00,2025-01-15,NEW_YORK_0930,US100,2.0,11.0,1,LONG,SHORT,1736951700,2025-01-15T14:35:00,20777.63,140.0,1.4000000000000001,0.11,True
1736951400,2025-01-15T14:30:00,2025-01-15,NEW_YORK_0930,US30,-13.25,31.5,-1,SHORT,LONG,1736951700,2025-01-15T14:35:00,42611.76,140.0,1.4000000000000001,0.315,True
1737014400,2025-01-16T08:00:00,2025-01-16,LONDON_0800,US100,5.25,7.0,1,LONG,SHORT,1737014700,2025-01-16T08:05:00,21165.47,140.0,1.4000000000000001,0.07,True
1737014400,2025-01-16T08:00:00,2025-01-16,LONDON_0800,US30,9.0,10.0,1,LONG,SHORT,1737014700,2025-01-16T08:05:00,43171.76,160.0,1.6,0.1,True
1737037800,2025-01-16T14:30:00,2025-01-16,NEW_YORK_0930,US100,4.75,18.62000000000262,1,LONG,SHORT,1737038100,2025-01-16T14:35:00,21262.22,140.0,1.4000000000000001,0.1862000000000262,True
1737037800,2025-01-16T14:30:00,2025-01-16,NEW_YORK_0930,US30,-48.5,54.25,-1,SHORT,LONG,1737038100,2025-01-16T14:35:00,43056.86,140.0,1.4000000000000001,0.5425,True
1737100800,2025-01-17T08:00:00,2025-01-17,LONDON_0800,US100,-10.75,12.75,-1,SHORT,LONG,1737101100,2025-01-17T08:05:00,21084.93,140.0,1.4000000000000001,0.1275,True
1737100800,2025-01-17T08:00:00,2025-01-17,LONDON_0800,US30,-8.0,12.0,-1,SHORT,LONG,1737101100,2025-01-17T08:05:00,43119.09,160.0,1.6,0.12,True
1737124200,2025-01-17T14:30:00,2025-01-17,NEW_YORK_0930,US100,-17.13000000000102,22.25,-1,SHORT,LONG,1737124500,2025-01-17T14:35:00,21128.81,140.0,1.4000000000000001,0.2225,True
1737124200,2025-01-17T14:30:00,2025-01-17,NEW_YORK_0930,US30,-19.75,25.0,-1,SHORT,LONG,1737124500,2025-01-17T14:35:00,43225.44,140.0,1.4000000000000001,0.25,True
1737360000,2025-01-20T08:00:00,2025-01-20,LONDON_0800,US100,0.0,4.880000000001019,0,NONE,NONE,1737360300,2025-01-20T08:05:00,21378.04,140.0,1.4000000000000001,0.04880000000001019,True
1737360000,2025-01-20T08:00:00,2025-01-20,LONDON_0800,US30,-11.0,12.5,-1,SHORT,LONG,1737360300,2025-01-20T08:05:00,43417.29,160.0,1.6,0.125,True
1737383400,2025-01-20T14:30:00,2025-01-20,NEW_YORK_0930,US100,13.5,16.61999999999898,1,LONG,SHORT,1737383700,2025-01-20T14:35:00,21399.04,140.0,1.4000000000000001,0.16619999999998983,True
1737383400,2025-01-20T14:30:00,2025-01-20,NEW_YORK_0930,US30,24.75,26.75,1,LONG,SHORT,1737383700,2025-01-20T14:35:00,43411.64,140.0,1.4000000000000001,0.2675,True
1737446400,2025-01-21T08:00:00,2025-01-21,LONDON_0800,US100,4.869999999998981,9.0,1,LONG,SHORT,1737446700,2025-01-21T08:05:00,21407.87,140.0,1.4000000000000001,0.09,True
1737446400,2025-01-21T08:00:00,2025-01-21,LONDON_0800,US30,5.75,10.25,1,LONG,SHORT,1737446700,2025-01-21T08:05:00,43524.46,160.0,1.6,0.10250000000000001,True
1737469800,2025-01-21T14:30:00,2025-01-21,NEW_YORK_0930,US100,-4.75,11.25,-1,SHORT,LONG,1737470100,2025-01-21T14:35:00,21506.62,140.0,1.4000000000000001,0.1125,True
1737469800,2025-01-21T14:30:00,2025-01-21,NEW_YORK_0930,US30,-14.25,17.25,-1,SHORT,LONG,1737470100,2025-01-21T14:35:00,43609.81,140.0,1.4000000000000001,0.17250000000000001,True
1737532800,2025-01-22T08:00:00,2025-01-22,LONDON_0800,US100,-1.25,4.119999999998981,-1,SHORT,LONG,1737533100,2025-01-22T08:05:00,21672.95,140.0,1.4000000000000001,0.041199999999989814,True
1737532800,2025-01-22T08:00:00,2025-01-22,LONDON_0800,US30,1.0,6.0,1,LONG,SHORT,1737533100,2025-01-22T08:05:00,43984.29,160.0,1.6,0.06,True
1737556200,2025-01-22T14:30:00,2025-01-22,NEW_YORK_0930,US100,3.75,9.75,1,LONG,SHORT,1737556500,2025-01-22T14:35:00,21718.57,140.0,1.4000000000000001,0.0975,True
1737556200,2025-01-22T14:30:00,2025-01-22,NEW_YORK_0930,US30,-7.0,11.0,-1,SHORT,LONG,1737556500,2025-01-22T14:35:00,44110.39,140.0,1.4000000000000001,0.11,True
1737619200,2025-01-23T08:00:00,2025-01-23,LONDON_0800,US100,0.6199999999989814,4.0,1,LONG,SHORT,1737619500,2025-01-23T08:05:00,21773.41,140.0,1.4000000000000001,0.04,True
1737619200,2025-01-23T08:00:00,2025-01-23,LONDON_0800,US30,3.5,4.5,1,LONG,SHORT,1737619500,2025-01-23T08:05:00,44067.63,160.0,1.6,0.045,True
1737642600,2025-01-23T14:30:00,2025-01-23,NEW_YORK_0930,US100,-5.369999999998981,10.119999999998981,-1,SHORT,LONG,1737642900,2025-01-23T14:35:00,21711.91,140.0,1.4000000000000001,0.10119999999998981,True
1737642600,2025-01-23T14:30:00,2025-01-23,NEW_YORK_0930,US30,10.75,15.75,1,LONG,SHORT,1737642900,2025-01-23T14:35:00,44147.48,140.0,1.4000000000000001,0.1575,True
1737705600,2025-01-24T08:00:00,2025-01-24,LONDON_0800,US100,0.11999999999898137,5.25,1,LONG,SHORT,1737705900,2025-01-24T08:05:00,21819.48,140.0,1.4000000000000001,0.0525,True
1737705600,2025-01-24T08:00:00,2025-01-24,LONDON_0800,US30,-3.0,7.0,-1,SHORT,LONG,1737705900,2025-01-24T08:05:00,44454.76,160.0,1.6,0.07,True
1737729000,2025-01-24T14:30:00,2025-01-24,NEW_YORK_0930,US100,-1.0,7.630000000001019,-1,SHORT,LONG,1737729300,2025-01-24T14:35:00,21861.48,140.0,1.4000000000000001,0.07630000000001019,True
1737729000,2025-01-24T14:30:00,2025-01-24,NEW_YORK_0930,US30,-6.25,18.25,-1,SHORT,LONG,1737729300,2025-01-24T14:35:00,44358.61,140.0,1.4000000000000001,0.1825,True
1737964800,2025-01-27T08:00:00,2025-01-27,LONDON_0800,US100,-3.1199999999989814,12.25,-1,SHORT,LONG,1737965100,2025-01-27T08:05:00,21264.02,140.0,1.4000000000000001,0.1225,True
1737964800,2025-01-27T08:00:00,2025-01-27,LONDON_0800,US30,-3.5,13.25,-1,SHORT,LONG,1737965100,2025-01-27T08:05:00,44102.82,160.0,1.6,0.1325,True
1737988200,2025-01-27T14:30:00,2025-01-27,NEW_YORK_0930,US100,-6.25,18.0,-1,SHORT,LONG,1737988500,2025-01-27T14:35:00,20892.89,140.0,1.4000000000000001,0.18,True
1737988200,2025-01-27T14:30:00,2025-01-27,NEW_YORK_0930,US30,15.5,25.5,1,LONG,SHORT,1737988500,2025-01-27T14:35:00,43975.92,140.0,1.4000000000000001,0.255,True
1738051200,2025-01-28T08:00:00,2025-01-28,LONDON_0800,US100,6.380000000001019,11.5,1,LONG,SHORT,1738051500,2025-01-28T08:05:00,21137.74,140.0,1.4000000000000001,0.115,True
1738051200,2025-01-28T08:00:00,2025-01-28,LONDON_0800,US30,6.25,11.75,1,LONG,SHORT,1738051500,2025-01-28T08:05:00,44582.41,160.0,1.6,0.11750000000000001,True
1738074600,2025-01-28T14:30:00,2025-01-28,NEW_YORK_0930,US100,1.8800000000010186,24.75,1,LONG,SHORT,1738074900,2025-01-28T14:35:00,21114.99,140.0,1.4000000000000001,0.2475,True
1738074600,2025-01-28T14:30:00,2025-01-28,NEW_YORK_0930,US30,6.0,31.25,1,LONG,SHORT,1738074900,2025-01-28T14:35:00,44636.26,140.0,1.4000000000000001,0.3125,True
1738137600,2025-01-29T08:00:00,2025-01-29,LONDON_0800,US100,72.11999999999898,98.5,1,LONG,SHORT,1738137900,2025-01-29T08:05:00,21494.57,140.0,1.4000000000000001,0.985,True
1738137600,2025-01-29T08:00:00,2025-01-29,LONDON_0800,US30,26.0,62.75,1,LONG,SHORT,1738137900,2025-01-29T08:05:00,44812.0,160.0,1.6,0.6275000000000001,True
1738161000,2025-01-29T14:30:00,2025-01-29,NEW_YORK_0930,US100,-7.0,12.0,-1,SHORT,LONG,1738161300,2025-01-29T14:35:00,21505.32,140.0,1.4000000000000001,0.12,True
1738161000,2025-01-29T14:30:00,2025-01-29,NEW_YORK_0930,US30,-1.75,7.75,-1,SHORT,LONG,1738161300,2025-01-29T14:35:00,44783.85,140.0,1.4000000000000001,0.0775,True
1738224000,2025-01-30T08:00:00,2025-01-30,LONDON_0800,US100,1.25,6.5,1,LONG,SHORT,1738224300,2025-01-30T08:05:00,21506.4,140.0,1.4000000000000001,0.065,True
1738224000,2025-01-30T08:00:00,2025-01-30,LONDON_0800,US30,2.0,8.75,1,LONG,SHORT,1738224300,2025-01-30T08:05:00,44760.57,160.0,1.6,0.08750000000000001,True
1738247400,2025-01-30T14:30:00,2025-01-30,NEW_YORK_0930,US100,6.869999999998981,21.5,1,LONG,SHORT,1738247700,2025-01-30T14:35:00,21440.9,140.0,1.4000000000000001,0.215,True
1738247400,2025-01-30T14:30:00,2025-01-30,NEW_YORK_0930,US30,9.5,24.75,1,LONG,SHORT,1738247700,2025-01-30T14:35:00,44637.92,140.0,1.4000000000000001,0.2475,True
1738310400,2025-01-31T08:00:00,2025-01-31,LONDON_0800,US100,2.6199999999989814,9.25,1,LONG,SHORT,1738310700,2025-01-31T08:05:00,21587.0,140.0,1.4000000000000001,0.0925,True
1738310400,2025-01-31T08:00:00,2025-01-31,LONDON_0800,US30,6.0,12.75,1,LONG,SHORT,1738310700,2025-01-31T08:05:00,44917.16,160.0,1.6,0.1275,True
1738333800,2025-01-31T14:30:00,2025-01-31,NEW_YORK_0930,US100,-2.25,11.5,-1,SHORT,LONG,1738334100,2025-01-31T14:35:00,21639.75,140.0,1.4000000000000001,0.115,True
1738333800,2025-01-31T14:30:00,2025-01-31,NEW_YORK_0930,US30,-9.0,15.5,-1,SHORT,LONG,1738334100,2025-01-31T14:35:00,44987.26,140.0,1.4000000000000001,0.155,True
1738569600,2025-02-03T08:00:00,2025-02-03,LONDON_0800,US100,10.0,24.88000000000102,1,LONG,SHORT,1738569900,2025-02-03T08:05:00,20940.51,140.0,1.4000000000000001,0.24880000000001018,True
1738569600,2025-02-03T08:00:00,2025-02-03,LONDON_0800,US30,2.0,25.5,1,LONG,SHORT,1738569900,2025-02-03T08:05:00,43870.9,160.0,1.6,0.255,True
1738593000,2025-02-03T14:30:00,2025-02-03,NEW_YORK_0930,US100,-27.11999999999898,30.11999999999898,-1,SHORT,LONG,1738593300,2025-02-03T14:35:00,21045.89,140.0,1.4000000000000001,0.3011999999999898,True
1738593000,2025-02-03T14:30:00,2025-02-03,NEW_YORK_0930,US30,-20.5,31.25,-1,SHORT,LONG,1738593300,2025-02-03T14:35:00,43873.5,140.0,1.4000000000000001,0.3125,True
1738742400,2025-02-05T08:00:00,2025-02-05,LONDON_0800,US100,-6.75,13.5,-1,SHORT,LONG,1738742700,2025-02-05T08:05:00,21398.81,140.0,1.4000000000000001,0.135,True
1738742400,2025-02-05T08:00:00,2025-02-05,LONDON_0800,US30,-9.0,13.25,-1,SHORT,LONG,1738742700,2025-02-05T08:05:00,44382.83,160.0,1.6,0.1325,True
1738765800,2025-02-05T14:30:00,2025-02-05,NEW_YORK_0930,US100,-9.25,10.5,-1,SHORT,LONG,1738766100,2025-02-05T14:35:00,21355.81,140.0,1.4000000000000001,0.105,True
1738765800,2025-02-05T14:30:00,2025-02-05,NEW_YORK_0930,US30,-9.0,11.5,-1,SHORT,LONG,1738766100,2025-02-05T14:35:00,44461.43,140.0,1.4000000000000001,0.115,True
1738828800,2025-02-06T08:00:00,2025-02-06,LONDON_0800,US100,-5.0,6.75,-1,SHORT,LONG,1738829100,2025-02-06T08:05:00,21693.54,140.0,1.4000000000000001,0.0675,True
1738828800,2025-02-06T08:00:00,2025-02-06,LONDON_0800,US30,-1.0,3.0,-1,SHORT,LONG,1738829100,2025-02-06T08:05:00,44934.95,160.0,1.6,0.03,True
1738852200,2025-02-06T14:30:00,2025-02-06,NEW_YORK_0930,US100,-7.5,14.75,-1,SHORT,LONG,1738852500,2025-02-06T14:35:00,21602.54,140.0,1.4000000000000001,0.1475,True
1738852200,2025-02-06T14:30:00,2025-02-06,NEW_YORK_0930,US30,-5.0,14.0,-1,SHORT,LONG,1738852500,2025-02-06T14:35:00,44853.55,140.0,1.4000000000000001,0.14,True
1738915200,2025-02-07T08:00:00,2025-02-07,LONDON_0800,US100,-7.25,9.0,-1,SHORT,LONG,1738915500,2025-02-07T08:05:00,21718.34,140.0,1.4000000000000001,0.09,True
1738915200,2025-02-07T08:00:00,2025-02-07,LONDON_0800,US30,-2.0,7.0,-1,SHORT,LONG,1738915500,2025-02-07T08:05:00,44651.79,160.0,1.6,0.07,True
1738938600,2025-02-07T14:30:00,2025-02-07,NEW_YORK_0930,US100,-5.5,11.5,-1,SHORT,LONG,1738938900,2025-02-07T14:35:00,21734.34,140.0,1.4000000000000001,0.115,True
1738938600,2025-02-07T14:30:00,2025-02-07,NEW_YORK_0930,US30,-4.25,12.25,-1,SHORT,LONG,1738938900,2025-02-07T14:35:00,44729.89,140.0,1.4000000000000001,0.1225,True
1739174400,2025-02-10T08:00:00,2025-02-10,LONDON_0800,US100,-3.1300000000010186,4.130000000001019,-1,SHORT,LONG,1739174700,2025-02-10T08:05:00,21592.63,140.0,1.4000000000000001,0.04130000000001019,True
1739174400,2025-02-10T08:00:00,2025-02-10,LONDON_0800,US30,2.0,6.0,1,LONG,SHORT,1739174700,2025-02-10T08:05:00,44340.22,160.0,1.6,0.06,True
1739197800,2025-02-10T14:30:00,2025-02-10,NEW_YORK_0930,US100,-8.119999999998981,12.380000000001019,-1,SHORT,LONG,1739198100,2025-02-10T14:35:00,21609.38,140.0,1.4000000000000001,0.1238000000000102,True
1739197800,2025-02-10T14:30:00,2025-02-10,NEW_YORK_0930,US30,13.75,20.0,1,LONG,SHORT,1739198100,2025-02-10T14:35:00,44483.07,140.0,1.4000000000000001,0.2,True
1739260800,2025-02-11T08:00:00,2025-02-11,LONDON_0800,US100,-5.879999999997381,10.75,-1,SHORT,LONG,1739261100,2025-02-11T08:05:00,21667.22,140.0,1.4000000000000001,0.1075,True
1739260800,2025-02-11T08:00:00,2025-02-11,LONDON_0800,US30,-8.0,8.25,-1,SHORT,LONG,1739261100,2025-02-11T08:05:00,44362.69,160.0,1.6,0.0825,True
1739284200,2025-02-11T14:30:00,2025-02-11,NEW_YORK_0930,US100,10.25,17.37000000000262,1,LONG,SHORT,1739284500,2025-02-11T14:35:00,21629.72,140.0,1.4000000000000001,0.1737000000000262,True
1739284200,2025-02-11T14:30:00,2025-02-11,NEW_YORK_0930,US30,1.75,11.75,1,LONG,SHORT,1739284500,2025-02-11T14:35:00,44334.04,140.0,1.4000000000000001,0.11750000000000001,True
1739347200,2025-02-12T08:00:00,2025-02-12,LONDON_0800,US100,2.75,5.25,1,LONG,SHORT,1739347500,2025-02-12T08:05:00,21665.7,140.0,1.4000000000000001,0.0525,True
1739347200,2025-02-12T08:00:00,2025-02-12,LONDON_0800,US30,3.25,7.25,1,LONG,SHORT,1739347500,2025-02-12T08:05:00,44537.53,160.0,1.6,0.0725,True
1739370600,2025-02-12T14:30:00,2025-02-12,NEW_YORK_0930,US100,5.0,11.25,1,LONG,SHORT,1739370900,2025-02-12T14:35:00,21698.33,140.0,1.4000000000000001,0.1125,True
1739370600,2025-02-12T14:30:00,2025-02-12,NEW_YORK_0930,US30,7.5,8.0,1,LONG,SHORT,1739370900,2025-02-12T14:35:00,44509.38,140.0,1.4000000000000001,0.08,True
1739433600,2025-02-13T08:00:00,2025-02-13,LONDON_0800,US100,0.13000000000101863,7.869999999998981,1,LONG,SHORT,1739433900,2025-02-13T08:05:00,21790.66,140.0,1.4000000000000001,0.07869999999998982,True
1739433600,2025-02-13T08:00:00,2025-02-13,LONDON_0800,US30,4.0,9.0,1,LONG,SHORT,1739433900,2025-02-13T08:05:00,44416.63,160.0,1.6,0.09,True
1739457000,2025-02-13T14:30:00,2025-02-13,NEW_YORK_0930,US100,6.75,12.75,1,LONG,SHORT,1739457300,2025-02-13T14:35:00,21713.66,140.0,1.4000000000000001,0.1275,True
1739457000,2025-02-13T14:30:00,2025-02-13,NEW_YORK_0930,US30,6.0,18.25,1,LONG,SHORT,1739457300,2025-02-13T14:35:00,44339.73,140.0,1.4000000000000001,0.1825,True
1739520000,2025-02-14T08:00:00,2025-02-14,LONDON_0800,US100,6.620000000002619,9.25,1,LONG,SHORT,1739520300,2025-02-14T08:05:00,22018.67,140.0,1.4000000000000001,0.0925,True
1739520000,2025-02-14T08:00:00,2025-02-14,LONDON_0800,US30,3.0,5.5,1,LONG,SHORT,1739520300,2025-02-14T08:05:00,44690.37,160.0,1.6,0.055,True
1739543400,2025-02-14T14:30:00,2025-02-14,NEW_YORK_0930,US100,0.25,8.62999999999738,1,LONG,SHORT,1739543700,2025-02-14T14:35:00,21968.92,140.0,1.4000000000000001,0.08629999999997381,True
1739543400,2025-02-14T14:30:00,2025-02-14,NEW_YORK_0930,US30,-1.0,11.0,-1,SHORT,LONG,1739543700,2025-02-14T14:35:00,44539.47,140.0,1.4000000000000001,0.11,True
1739779200,2025-02-17T08:00:00,2025-02-17,LONDON_0800,US100,2.75,4.75,1,LONG,SHORT,1739779500,2025-02-17T08:05:00,22176.21,140.0,1.4000000000000001,0.0475,True
1739779200,2025-02-17T08:00:00,2025-02-17,LONDON_0800,US30,0.75,4.5,1,LONG,SHORT,1739779500,2025-02-17T08:05:00,44545.73,160.0,1.6,0.045,True
1739802600,2025-02-17T14:30:00,2025-02-17,NEW_YORK_0930,US100,-3.75,6.370000000002619,-1,SHORT,LONG,1739802900,2025-02-17T14:35:00,22153.58,140.0,1.4000000000000001,0.0637000000000262,True
1739802600,2025-02-17T14:30:00,2025-02-17,NEW_YORK_0930,US30,-4.0,7.5,-1,SHORT,LONG,1739802900,2025-02-17T14:35:00,44573.83,140.0,1.4000000000000001,0.075,True
1739865600,2025-02-18T08:00:00,2025-02-18,LONDON_0800,US100,1.25,3.3700000000026193,1,LONG,SHORT,1739865900,2025-02-18T08:05:00,22161.08,140.0,1.4000000000000001,0.033700000000026195,True
1739865600,2025-02-18T08:00:00,2025-02-18,LONDON_0800,US30,0.25,2.75,1,LONG,SHORT,1739865900,2025-02-18T08:05:00,44544.44,160.0,1.6,0.0275,True
1739889000,2025-02-18T14:30:00,2025-02-18,NEW_YORK_0930,US100,10.75,11.5,1,LONG,SHORT,1739889300,2025-02-18T14:35:00,22206.33,140.0,1.4000000000000001,0.115,True
1739889000,2025-02-18T14:30:00,2025-02-18,NEW_YORK_0930,US30,11.75,14.5,1,LONG,SHORT,1739889300,2025-02-18T14:35:00,44581.29,140.0,1.4000000000000001,0.145,True
1739952000,2025-02-19T08:00:00,2025-02-19,LONDON_0800,US100,3.25,3.75,1,LONG,SHORT,1739952300,2025-02-19T08:05:00,22176.52,140.0,1.4000000000000001,0.0375,True
1739952000,2025-02-19T08:00:00,2025-02-19,LONDON_0800,US30,5.0,7.0,1,LONG,SHORT,1739952300,2025-02-19T08:05:00,44566.76,160.0,1.6,0.07,True
1739975400,2025-02-19T14:30:00,2025-02-19,NEW_YORK_0930,US100,-6.119999999998981,13.369999999998981,-1,SHORT,LONG,1739975700,2025-02-19T14:35:00,22149.9,140.0,1.4000000000000001,0.13369999999998983,True
1739975400,2025-02-19T14:30:00,2025-02-19,NEW_YORK_0930,US30,-7.5,15.5,-1,SHORT,LONG,1739975700,2025-02-19T14:35:00,44451.86,140.0,1.4000000000000001,0.155,True
1740038400,2025-02-20T08:00:00,2025-02-20,LONDON_0800,US100,-2.6300000000010186,7.380000000001019,-1,SHORT,LONG,1740038700,2025-02-20T08:05:00,22076.66,140.0,1.4000000000000001,0.07380000000001019,True
1740038400,2025-02-20T08:00:00,2025-02-20,LONDON_0800,US30,-0.5,5.0,-1,SHORT,LONG,1740038700,2025-02-20T08:05:00,44484.43,160.0,1.6,0.05,True
1740061800,2025-02-20T14:30:00,2025-02-20,NEW_YORK_0930,US100,12.119999999998981,17.38000000000102,1,LONG,SHORT,1740062100,2025-02-20T14:35:00,22110.78,140.0,1.4000000000000001,0.1738000000000102,True
1740061800,2025-02-20T14:30:00,2025-02-20,NEW_YORK_0930,US30,15.25,21.0,1,LONG,SHORT,1740062100,2025-02-20T14:35:00,44465.53,140.0,1.4000000000000001,0.21,True
1740124800,2025-02-21T08:00:00,2025-02-21,LONDON_0800,US100,2.8800000000010186,3.8800000000010186,1,LONG,SHORT,1740125100,2025-02-21T08:05:00,22042.06,140.0,1.4000000000000001,0.03880000000001019,True
1740124800,2025-02-21T08:00:00,2025-02-21,LONDON_0800,US30,0.0,2.75,0,NONE,NONE,1740125100,2025-02-21T08:05:00,44141.28,160.0,1.6,0.0275,True
1740148200,2025-02-21T14:30:00,2025-02-21,NEW_YORK_0930,US100,0.75,7.5,1,LONG,SHORT,1740148500,2025-02-21T14:35:00,22121.18,140.0,1.4000000000000001,0.075,True
1740148200,2025-02-21T14:30:00,2025-02-21,NEW_YORK_0930,US30,-18.5,30.5,-1,SHORT,LONG,1740148500,2025-02-21T14:35:00,44000.88,140.0,1.4000000000000001,0.305,True
1740384000,2025-02-24T08:00:00,2025-02-24,LONDON_0800,US100,-2.5,3.8800000000010186,-1,SHORT,LONG,1740384300,2025-02-24T08:05:00,21714.31,140.0,1.4000000000000001,0.03880000000001019,True
1740384000,2025-02-24T08:00:00,2025-02-24,LONDON_0800,US30,2.0,6.0,1,LONG,SHORT,1740384300,2025-02-24T08:05:00,43618.11,160.0,1.6,0.06,True
1740407400,2025-02-24T14:30:00,2025-02-24,NEW_YORK_0930,US100,14.630000000001019,17.75,1,LONG,SHORT,1740407700,2025-02-24T14:35:00,21692.06,140.0,1.4000000000000001,0.1775,True
1740407400,2025-02-24T14:30:00,2025-02-24,NEW_YORK_0930,US30,14.0,23.5,1,LONG,SHORT,1740407700,2025-02-24T14:35:00,43715.96,140.0,1.4000000000000001,0.23500000000000001,True
1740470400,2025-02-25T08:00:00,2025-02-25,LONDON_0800,US100,-5.630000000001019,8.5,-1,SHORT,LONG,1740470700,2025-02-25T08:05:00,21358.25,140.0,1.4000000000000001,0.085,True
1740470400,2025-02-25T08:00:00,2025-02-25,LONDON_0800,US30,-8.75,10.75,-1,SHORT,LONG,1740470700,2025-02-25T08:05:00,43512.41,160.0,1.6,0.1075,True
1740493800,2025-02-25T14:30:00,2025-02-25,NEW_YORK_0930,US100,-8.880000000001019,21.5,-1,SHORT,LONG,1740494100,2025-02-25T14:35:00,21310.0,140.0,1.4000000000000001,0.215,True
1740493800,2025-02-25T14:30:00,2025-02-25,NEW_YORK_0930,US30,-18.75,33.75,-1,SHORT,LONG,1740494100,2025-02-25T14:35:00,43496.01,140.0,1.4000000000000001,0.3375,True
1740556800,2025-02-26T08:00:00,2025-02-26,LONDON_0800,US100,-2.6200000000026193,6.370000000002619,-1,SHORT,LONG,1740557100,2025-02-26T08:05:00,21207.76,140.0,1.4000000000000001,0.0637000000000262,True
1740556800,2025-02-26T08:00:00,2025-02-26,LONDON_0800,US30,5.0,7.0,1,LONG,SHORT,1740557100,2025-02-26T08:05:00,43711.45,160.0,1.6,0.07,True
1740580200,2025-02-26T14:30:00,2025-02-26,NEW_YORK_0930,US100,6.129999999997381,11.25,1,LONG,SHORT,1740580500,2025-02-26T14:35:00,21233.51,140.0,1.4000000000000001,0.1125,True
1740580200,2025-02-26T14:30:00,2025-02-26,NEW_YORK_0930,US30,13.0,17.75,1,LONG,SHORT,1740580500,2025-02-26T14:35:00,43722.55,140.0,1.4000000000000001,0.1775,True
1740643200,2025-02-27T08:00:00,2025-02-27,LONDON_0800,US100,10.380000000001019,21.11999999999898,1,LONG,SHORT,1740643500,2025-02-27T08:05:00,21189.73,140.0,1.4000000000000001,0.2111999999999898,True
1740643200,2025-02-27T08:00:00,2025-02-27,LONDON_0800,US30,12.5,24.5,1,LONG,SHORT,1740643500,2025-02-27T08:05:00,43542.76,160.0,1.6,0.245,True
1740666600,2025-02-27T14:30:00,2025-02-27,NEW_YORK_0930,US100,1.3699999999989814,9.880000000001019,1,LONG,SHORT,1740666900,2025-02-27T14:35:00,21299.35,140.0,1.4000000000000001,0.09880000000001019,True
1740666600,2025-02-27T14:30:00,2025-02-27,NEW_YORK_0930,US30,-7.25,11.0,-1,SHORT,LONG,1740666900,2025-02-27T14:35:00,43569.86,140.0,1.4000000000000001,0.11,True
1740729600,2025-02-28T08:00:00,2025-02-28,LONDON_0800,US100,4.120000000002619,14.5,1,LONG,SHORT,1740729900,2025-02-28T08:05:00,20562.13,140.0,1.4000000000000001,0.145,True
1740729600,2025-02-28T08:00:00,2025-02-28,LONDON_0800,US30,4.75,13.5,1,LONG,SHORT,1740729900,2025-02-28T08:05:00,43208.17,160.0,1.6,0.135,True
1740753000,2025-02-28T14:30:00,2025-02-28,NEW_YORK_0930,US100,-20.62000000000262,27.12000000000262,-1,SHORT,LONG,1740753300,2025-02-28T14:35:00,20543.26,140.0,1.4000000000000001,0.2712000000000262,True
1740753000,2025-02-28T14:30:00,2025-02-28,NEW_YORK_0930,US30,-0.75,25.5,-1,SHORT,LONG,1740753300,2025-02-28T14:35:00,43371.77,140.0,1.4000000000000001,0.255,True
1740988800,2025-03-03T08:00:00,2025-03-03,LONDON_0800,US100,-1.75,14.25,-1,SHORT,LONG,1740989100,2025-03-03T08:05:00,20932.32,140.0,1.4000000000000001,0.14250000000000002,True
1740988800,2025-03-03T08:00:00,2025-03-03,LONDON_0800,US30,-5.75,16.25,-1,SHORT,LONG,1740989100,2025-03-03T08:05:00,43849.18,160.0,1.6,0.1625,True
1741012200,2025-03-03T14:30:00,2025-03-03,NEW_YORK_0930,US100,-7.630000000001019,22.25,-1,SHORT,LONG,1741012500,2025-03-03T14:35:00,21015.32,140.0,1.4000000000000001,0.2225,True
1741012200,2025-03-03T14:30:00,2025-03-03,NEW_YORK_0930,US30,-12.25,25.25,-1,SHORT,LONG,1741012500,2025-03-03T14:35:00,43964.03,140.0,1.4000000000000001,0.2525,True
1741075200,2025-03-04T08:00:00,2025-03-04,LONDON_0800,US100,-9.75,18.5,-1,SHORT,LONG,1741075500,2025-03-04T08:05:00,20509.83,140.0,1.4000000000000001,0.185,True
1741075200,2025-03-04T08:00:00,2025-03-04,LONDON_0800,US30,-8.0,18.25,-1,SHORT,LONG,1741075500,2025-03-04T08:05:00,43234.16,160.0,1.6,0.1825,True
1741098600,2025-03-04T14:30:00,2025-03-04,NEW_YORK_0930,US100,35.37999999999738,47.12000000000262,1,LONG,SHORT,1741098900,2025-03-04T14:35:00,20296.83,140.0,1.4000000000000001,0.4712000000000262,True
1741098600,2025-03-04T14:30:00,2025-03-04,NEW_YORK_0930,US30,43.0,55.25,1,LONG,SHORT,1741098900,2025-03-04T14:35:00,43025.26,140.0,1.4000000000000001,0.5525,True
1741161600,2025-03-05T08:00:00,2025-03-05,LONDON_0800,US100,0.13000000000101863,8.75,1,LONG,SHORT,1741161900,2025-03-05T08:05:00,20503.2,140.0,1.4000000000000001,0.08750000000000001,True
1741161600,2025-03-05T08:00:00,2025-03-05,LONDON_0800,US30,-3.75,9.5,-1,SHORT,LONG,1741161900,2025-03-05T08:05:00,42742.0,160.0,1.6,0.095,True
1741185000,2025-03-05T14:30:00,2025-03-05,NEW_YORK_0930,US100,13.119999999998981,19.5,1,LONG,SHORT,1741185300,2025-03-05T14:35:00,20460.95,140.0,1.4000000000000001,0.195,True
1741185000,2025-03-05T14:30:00,2025-03-05,NEW_YORK_0930,US30,22.75,34.5,1,LONG,SHORT,1741185300,2025-03-05T14:35:00,42642.35,140.0,1.4000000000000001,0.34500000000000003,True
1741248000,2025-03-06T08:00:00,2025-03-06,LONDON_0800,US100,-8.869999999998981,12.880000000001019,-1,SHORT,LONG,1741248300,2025-03-06T08:05:00,20558.35,140.0,1.4000000000000001,0.12880000000001018,True
1741248000,2025-03-06T08:00:00,2025-03-06,LONDON_0800,US30,-2.0,9.0,-1,SHORT,LONG,1741248300,2025-03-06T08:05:00,42965.77,160.0,1.6,0.09,True
1741271400,2025-03-06T14:30:00,2025-03-06,NEW_YORK_0930,US100,-23.13000000000102,38.5,-1,SHORT,LONG,1741271700,2025-03-06T14:35:00,20337.85,140.0,1.4000000000000001,0.385,True
1741271400,2025-03-06T14:30:00,2025-03-06,NEW_YORK_0930,US30,-33.0,55.25,-1,SHORT,LONG,1741271700,2025-03-06T14:35:00,42608.87,140.0,1.4000000000000001,0.5525,True
1741334400,2025-03-07T08:00:00,2025-03-07,LONDON_0800,US100,-15.119999999998981,25.5,-1,SHORT,LONG,1741334700,2025-03-07T08:05:00,20094.5,140.0,1.4000000000000001,0.255,True
1741334400,2025-03-07T08:00:00,2025-03-07,LONDON_0800,US30,-22.0,34.75,-1,SHORT,LONG,1741334700,2025-03-07T08:05:00,42571.04,160.0,1.6,0.34750000000000003,True
1741357800,2025-03-07T14:30:00,2025-03-07,NEW_YORK_0930,US100,8.75,22.0,1,LONG,SHORT,1741358100,2025-03-07T14:35:00,20093.75,140.0,1.4000000000000001,0.22,True
1741357800,2025-03-07T14:30:00,2025-03-07,NEW_YORK_0930,US30,13.0,37.0,1,LONG,SHORT,1741358100,2025-03-07T14:35:00,42590.14,140.0,1.4000000000000001,0.37,True
1741593600,2025-03-10T08:00:00,2025-03-10,LONDON_0800,US100,4.119999999998981,8.369999999998981,1,LONG,SHORT,1741593900,2025-03-10T08:05:00,20096.07,140.0,1.4000000000000001,0.08369999999998981,True
1741593600,2025-03-10T08:00:00,2025-03-10,LONDON_0800,US30,-2.5,9.5,-1,SHORT,LONG,1741593900,2025-03-10T08:05:00,42638.15,160.0,1.6,0.095,True
1741613400,2025-03-10T13:30:00,2025-03-10,NEW_YORK_0930,US100,11.5,17.63000000000102,1,LONG,SHORT,1741613700,2025-03-10T13:35:00,19989.57,140.0,1.4000000000000001,0.1763000000000102,True
1741613400,2025-03-10T13:30:00,2025-03-10,NEW_YORK_0930,US30,30.75,47.25,1,LONG,SHORT,1741613700,2025-03-10T13:35:00,42472.5,140.0,1.4000000000000001,0.47250000000000003,True
1741680000,2025-03-11T08:00:00,2025-03-11,LONDON_0800,US100,-5.119999999998981,21.0,-1,SHORT,LONG,1741680300,2025-03-11T08:05:00,19399.66,140.0,1.4000000000000001,0.21,True
1741680000,2025-03-11T08:00:00,2025-03-11,LONDON_0800,US30,-8.0,19.0,-1,SHORT,LONG,1741680300,2025-03-11T08:05:00,41990.38,160.0,1.6,0.19,True
1741699800,2025-03-11T13:30:00,2025-03-11,NEW_YORK_0930,US100,-4.380000000001019,23.88000000000102,-1,SHORT,LONG,1741700100,2025-03-11T13:35:00,19527.41,140.0,1.4000000000000001,0.2388000000000102,True
1741699800,2025-03-11T13:30:00,2025-03-11,NEW_YORK_0930,US30,-5.0,27.25,-1,SHORT,LONG,1741700100,2025-03-11T13:35:00,42042.48,140.0,1.4000000000000001,0.2725,True
1741766400,2025-03-12T08:00:00,2025-03-12,LONDON_0800,US100,-3.1199999999989814,11.130000000001019,-1,SHORT,LONG,1741766700,2025-03-12T08:05:00,19420.37,140.0,1.4000000000000001,0.11130000000001018,True
1741766400,2025-03-12T08:00:00,2025-03-12,LONDON_0800,US30,-3.0,10.75,-1,SHORT,LONG,1741766700,2025-03-12T08:05:00,41505.56,160.0,1.6,0.1075,True
1741786200,2025-03-12T13:30:00,2025-03-12,NEW_YORK_0930,US100,11.5,23.75,1,LONG,SHORT,1741786500,2025-03-12T13:35:00,19525.75,140.0,1.4000000000000001,0.23750000000000002,True
1741786200,2025-03-12T13:30:00,2025-03-12,NEW_YORK_0930,US30,9.0,21.25,1,LONG,SHORT,1741786500,2025-03-12T13:35:00,41638.66,140.0,1.4000000000000001,0.2125,True
1741852800,2025-03-13T08:00:00,2025-03-13,LONDON_0800,US100,9.119999999998981,13.5,1,LONG,SHORT,1741853100,2025-03-13T08:05:00,19504.27,140.0,1.4000000000000001,0.135,True
1741852800,2025-03-13T08:00:00,2025-03-13,LONDON_0800,US30,12.5,18.75,1,LONG,SHORT,1741853100,2025-03-13T08:05:00,41295.18,160.0,1.6,0.1875,True
1741872600,2025-03-13T13:30:00,2025-03-13,NEW_YORK_0930,US100,3.25,17.63000000000102,1,LONG,SHORT,1741872900,2025-03-13T13:35:00,19523.52,140.0,1.4000000000000001,0.1763000000000102,True
1741872600,2025-03-13T13:30:00,2025-03-13,NEW_YORK_0930,US30,9.0,22.5,1,LONG,SHORT,1741872900,2025-03-13T13:35:00,41313.53,140.0,1.4000000000000001,0.225,True
1741939200,2025-03-14T08:00:00,2025-03-14,LONDON_0800,US100,0.25,5.75,1,LONG,SHORT,1741939500,2025-03-14T08:05:00,19426.66,140.0,1.4000000000000001,0.0575,True
1741939200,2025-03-14T08:00:00,2025-03-14,LONDON_0800,US30,-2.0,6.5,-1,SHORT,LONG,1741939500,2025-03-14T08:05:00,41033.73,160.0,1.6,0.065,True
1741959000,2025-03-14T13:30:00,2025-03-14,NEW_YORK_0930,US100,-7.369999999998981,16.5,-1,SHORT,LONG,1741959300,2025-03-14T13:35:00,19411.28,140.0,1.4000000000000001,0.165,True
1741959000,2025-03-14T13:30:00,2025-03-14,NEW_YORK_0930,US30,-11.75,25.25,-1,SHORT,LONG,1741959300,2025-03-14T13:35:00,41047.58,140.0,1.4000000000000001,0.2525,True
1742198400,2025-03-17T08:00:00,2025-03-17,LONDON_0800,US100,-7.880000000001019,10.75,-1,SHORT,LONG,1742198700,2025-03-17T08:05:00,19576.36,140.0,1.4000000000000001,0.1075,True
1742198400,2025-03-17T08:00:00,2025-03-17,LONDON_0800,US30,7.25,12.25,1,LONG,SHORT,1742198700,2025-03-17T08:05:00,41318.36,160.0,1.6,0.1225,True
1742218200,2025-03-17T13:30:00,2025-03-17,NEW_YORK_0930,US100,4.619999999998981,12.0,1,LONG,SHORT,1742218500,2025-03-17T13:35:00,19645.61,140.0,1.4000000000000001,0.12,True
1742218200,2025-03-17T13:30:00,2025-03-17,NEW_YORK_0930,US30,7.25,13.0,1,LONG,SHORT,1742218500,2025-03-17T13:35:00,41347.46,140.0,1.4000000000000001,0.13,True
1742284800,2025-03-18T08:00:00,2025-03-18,LONDON_0800,US100,9.130000000001019,11.0,1,LONG,SHORT,1742285100,2025-03-18T08:05:00,19722.32,140.0,1.4000000000000001,0.11,True
1742284800,2025-03-18T08:00:00,2025-03-18,LONDON_0800,US30,8.75,11.0,1,LONG,SHORT,1742285100,2025-03-18T08:05:00,41767.53,160.0,1.6,0.11,True
1742304600,2025-03-18T13:30:00,2025-03-18,NEW_YORK_0930,US100,-20.75,30.5,-1,SHORT,LONG,1742304900,2025-03-18T13:35:00,19732.7,140.0,1.4000000000000001,0.305,True
1742304600,2025-03-18T13:30:00,2025-03-18,NEW_YORK_0930,US30,-38.75,47.0,-1,SHORT,LONG,1742304900,2025-03-18T13:35:00,41723.13,140.0,1.4000000000000001,0.47000000000000003,True
1742371200,2025-03-19T08:00:00,2025-03-19,LONDON_0800,US100,-6.880000000001019,9.75,-1,SHORT,LONG,1742371500,2025-03-19T08:05:00,19515.67,140.0,1.4000000000000001,0.0975,True
1742371200,2025-03-19T08:00:00,2025-03-19,LONDON_0800,US30,-5.5,9.0,-1,SHORT,LONG,1742371500,2025-03-19T08:05:00,41618.2,160.0,1.6,0.09,True
1742391000,2025-03-19T13:30:00,2025-03-19,NEW_YORK_0930,US100,1.0,16.0,1,LONG,SHORT,1742391300,2025-03-19T13:35:00,19560.8,140.0,1.4000000000000001,0.16,True
1742391000,2025-03-19T13:30:00,2025-03-19,NEW_YORK_0930,US30,7.5,18.0,1,LONG,SHORT,1742391300,2025-03-19T13:35:00,41649.8,140.0,1.4000000000000001,0.18,True
1742457600,2025-03-20T08:00:00,2025-03-20,LONDON_0800,US100,-0.5,5.75,-1,SHORT,LONG,1742457900,2025-03-20T08:05:00,19867.06,140.0,1.4000000000000001,0.0575,True
1742457600,2025-03-20T08:00:00,2025-03-20,LONDON_0800,US30,-3.0,8.0,-1,SHORT,LONG,1742457900,2025-03-20T08:05:00,42103.89,160.0,1.6,0.08,True
1742477400,2025-03-20T13:30:00,2025-03-20,NEW_YORK_0930,US100,14.5,50.86999999999898,1,LONG,SHORT,1742477700,2025-03-20T13:35:00,19592.68,140.0,1.4000000000000001,0.5086999999999898,True
1742477400,2025-03-20T13:30:00,2025-03-20,NEW_YORK_0930,US30,29.5,48.0,1,LONG,SHORT,1742477700,2025-03-20T13:35:00,41758.99,140.0,1.4000000000000001,0.48,True
1742544000,2025-03-21T08:00:00,2025-03-21,LONDON_0800,US100,-2.3800000000010186,10.75,-1,SHORT,LONG,1742544300,2025-03-21T08:05:00,19657.14,140.0,1.4000000000000001,0.1075,True
1742544000,2025-03-21T08:00:00,2025-03-21,LONDON_0800,US30,-5.75,12.25,-1,SHORT,LONG,1742544300,2025-03-21T08:05:00,41918.17,160.0,1.6,0.1225,True
1742563800,2025-03-21T13:30:00,2025-03-21,NEW_YORK_0930,US100,-29.13000000000102,36.86999999999898,-1,SHORT,LONG,1742564100,2025-03-21T13:35:00,19578.14,140.0,1.4000000000000001,0.3686999999999898,True
1742563800,2025-03-21T13:30:00,2025-03-21,NEW_YORK_0930,US30,-27.5,40.0,-1,SHORT,LONG,1742564100,2025-03-21T13:35:00,41811.02,140.0,1.4000000000000001,0.4,True
1742803200,2025-03-24T08:00:00,2025-03-24,LONDON_0800,US100,3.3699999999989814,5.25,1,LONG,SHORT,1742803500,2025-03-24T08:05:00,19914.39,140.0,1.4000000000000001,0.0525,True
1742803200,2025-03-24T08:00:00,2025-03-24,LONDON_0800,US30,7.0,9.0,1,LONG,SHORT,1742803500,2025-03-24T08:05:00,42223.28,160.0,1.6,0.09,True
1742823000,2025-03-24T13:30:00,2025-03-24,NEW_YORK_0930,US100,8.369999999998981,14.369999999998981,1,LONG,SHORT,1742823300,2025-03-24T13:35:00,20018.14,140.0,1.4000000000000001,0.1436999999999898,True
1742823000,2025-03-24T13:30:00,2025-03-24,NEW_YORK_0930,US30,15.5,22.75,1,LONG,SHORT,1742823300,2025-03-24T13:35:00,42359.38,140.0,1.4000000000000001,0.2275,True
1742889600,2025-03-25T08:00:00,2025-03-25,LONDON_0800,US100,-0.25,3.1300000000010186,-1,SHORT,LONG,1742889900,2025-03-25T08:05:00,20136.84,140.0,1.4000000000000001,0.03130000000001019,True
1742889600,2025-03-25T08:00:00,2025-03-25,LONDON_0800,US30,-6.0,8.25,-1,SHORT,LONG,1742889900,2025-03-25T08:05:00,42511.96,160.0,1.6,0.0825,True
1742909400,2025-03-25T13:30:00,2025-03-25,NEW_YORK_0930,US100,3.25,8.619999999998981,1,LONG,SHORT,1742909700,2025-03-25T13:35:00,20162.09,140.0,1.4000000000000001,0.08619999999998981,True
1742909400,2025-03-25T13:30:00,2025-03-25,NEW_YORK_0930,US30,-12.5,15.0,-1,SHORT,LONG,1742909700,2025-03-25T13:35:00,42565.06,140.0,1.4000000000000001,0.15,True
1742976000,2025-03-26T08:00:00,2025-03-26,LONDON_0800,US100,2.75,5.370000000002619,1,LONG,SHORT,1742976300,2025-03-26T08:05:00,20290.65,140.0,1.4000000000000001,0.05370000000002619,True
1742976000,2025-03-26T08:00:00,2025-03-26,LONDON_0800,US30,0.0,5.0,0,NONE,NONE,1742976300,2025-03-26T08:05:00,42606.63,160.0,1.6,0.05,True
1742995800,2025-03-26T13:30:00,2025-03-26,NEW_YORK_0930,US100,7.120000000002619,11.75,1,LONG,SHORT,1742996100,2025-03-26T13:35:00,20258.78,140.0,1.4000000000000001,0.11750000000000001,True
1742995800,2025-03-26T13:30:00,2025-03-26,NEW_YORK_0930,US30,5.5,11.0,1,LONG,SHORT,1742996100,2025-03-26T13:35:00,42567.73,140.0,1.4000000000000001,0.11,True
1743062400,2025-03-27T08:00:00,2025-03-27,LONDON_0800,US100,-2.1199999999989814,3.1199999999989814,-1,SHORT,LONG,1743062700,2025-03-27T08:05:00,19938.47,140.0,1.4000000000000001,0.031199999999989816,True
1743062400,2025-03-27T08:00:00,2025-03-27,LONDON_0800,US30,-2.0,6.0,-1,SHORT,LONG,1743062700,2025-03-27T08:05:00,42515.3,160.0,1.6,0.06,True
1743082200,2025-03-27T13:30:00,2025-03-27,NEW_YORK_0930,US100,4.75,10.369999999998981,1,LONG,SHORT,1743082500,2025-03-27T13:35:00,19924.72,140.0,1.4000000000000001,0.10369999999998981,True
1743082200,2025-03-27T13:30:00,2025-03-27,NEW_YORK_0930,US30,10.75,16.75,1,LONG,SHORT,1743082500,2025-03-27T13:35:00,42543.4,140.0,1.4000000000000001,0.1675,True
1743148800,2025-03-28T08:00:00,2025-03-28,LONDON_0800,US100,5.630000000001019,9.369999999998981,1,LONG,SHORT,1743149100,2025-03-28T08:05:00,19796.24,140.0,1.4000000000000001,0.09369999999998982,True
1743148800,2025-03-28T08:00:00,2025-03-28,LONDON_0800,US30,10.0,13.0,1,LONG,SHORT,1743149100,2025-03-28T08:05:00,42361.96,160.0,1.6,0.13,True
1743168600,2025-03-28T13:30:00,2025-03-28,NEW_YORK_0930,US100,4.0,9.5,1,LONG,SHORT,1743168900,2025-03-28T13:35:00,19762.74,140.0,1.4000000000000001,0.095,True
1743168600,2025-03-28T13:30:00,2025-03-28,NEW_YORK_0930,US30,-14.25,22.75,-1,SHORT,LONG,1743168900,2025-03-28T13:35:00,42278.06,140.0,1.4000000000000001,0.2275,True
1743404400,2025-03-31T07:00:00,2025-03-31,LONDON_0800,US100,-3.25,9.75,-1,SHORT,LONG,1743404700,2025-03-31T07:05:00,19012.63,140.0,1.4000000000000001,0.0975,True
1743404400,2025-03-31T07:00:00,2025-03-31,LONDON_0800,US30,-1.0,13.0,-1,SHORT,LONG,1743404700,2025-03-31T07:05:00,41388.05,160.0,1.6,0.13,True
1743427800,2025-03-31T13:30:00,2025-03-31,NEW_YORK_0930,US100,10.380000000001019,16.13000000000102,1,LONG,SHORT,1743428100,2025-03-31T13:35:00,19029.38,140.0,1.4000000000000001,0.16130000000001019,True
1743427800,2025-03-31T13:30:00,2025-03-31,NEW_YORK_0930,US30,6.25,16.5,1,LONG,SHORT,1743428100,2025-03-31T13:35:00,41321.15,140.0,1.4000000000000001,0.165,True
1743490800,2025-04-01T07:00:00,2025-04-01,LONDON_0800,US100,-19.5,20.0,-1,SHORT,LONG,1743491100,2025-04-01T07:05:00,19160.21,140.0,1.4000000000000001,0.2,True
1743490800,2025-04-01T07:00:00,2025-04-01,LONDON_0800,US30,-23.25,26.25,-1,SHORT,LONG,1743491100,2025-04-01T07:05:00,41858.77,160.0,1.6,0.2625,True
1743514200,2025-04-01T13:30:00,2025-04-01,NEW_YORK_0930,US100,-18.86999999999898,50.88000000000102,-1,SHORT,LONG,1743514500,2025-04-01T13:35:00,19192.09,140.0,1.4000000000000001,0.5088000000000102,True
1743514200,2025-04-01T13:30:00,2025-04-01,NEW_YORK_0930,US30,-55.75,97.0,-1,SHORT,LONG,1743514500,2025-04-01T13:35:00,41776.87,140.0,1.4000000000000001,0.97,True
1743577200,2025-04-02T07:00:00,2025-04-02,LONDON_0800,US100,3.1199999999989814,6.75,1,LONG,SHORT,1743577500,2025-04-02T07:05:00,19391.09,140.0,1.4000000000000001,0.0675,True
1743577200,2025-04-02T07:00:00,2025-04-02,LONDON_0800,US30,0.0,7.0,0,NONE,NONE,1743577500,2025-04-02T07:05:00,41933.38,160.0,1.6,0.07,True
1743600600,2025-04-02T13:30:00,2025-04-02,NEW_YORK_0930,US100,-8.75,16.11999999999898,-1,SHORT,LONG,1743600900,2025-04-02T13:35:00,19297.71,140.0,1.4000000000000001,0.16119999999998982,True
1743600600,2025-04-02T13:30:00,2025-04-02,NEW_YORK_0930,US30,-22.5,42.5,-1,SHORT,LONG,1743600900,2025-04-02T13:35:00,41794.48,140.0,1.4000000000000001,0.425,True
1743663600,2025-04-03T07:00:00,2025-04-03,LONDON_0800,US100,18.25,27.37000000000262,1,LONG,SHORT,1743663900,2025-04-03T07:05:00,18942.74,140.0,1.4000000000000001,0.2737000000000262,True
1743663600,2025-04-03T07:00:00,2025-04-03,LONDON_0800,US30,30.75,50.25,1,LONG,SHORT,1743663900,2025-04-03T07:05:00,41409.08,160.0,1.6,0.5025000000000001,True
1743687000,2025-04-03T13:30:00,2025-04-03,NEW_YORK_0930,US100,19.12999999999738,37.5,1,LONG,SHORT,1743687300,2025-04-03T13:35:00,18829.12,140.0,1.4000000000000001,0.375,True
1743687000,2025-04-03T13:30:00,2025-04-03,NEW_YORK_0930,US30,10.75,36.0,1,LONG,SHORT,1743687300,2025-04-03T13:35:00,41040.68,140.0,1.4000000000000001,0.36,True
1743750000,2025-04-04T07:00:00,2025-04-04,LONDON_0800,US100,-4.25,14.869999999998981,-1,SHORT,LONG,1743750300,2025-04-04T07:05:00,18380.47,140.0,1.4000000000000001,0.1486999999999898,True
1743750000,2025-04-04T07:00:00,2025-04-04,LONDON_0800,US30,-5.5,17.25,-1,SHORT,LONG,1743750300,2025-04-04T07:05:00,40272.65,160.0,1.6,0.17250000000000001,True
1743773400,2025-04-04T13:30:00,2025-04-04,NEW_YORK_0930,US100,89.38000000000102,138.38000000000102,1,LONG,SHORT,1743773700,2025-04-04T13:35:00,18019.97,140.0,1.4000000000000001,1.3838000000000101,True
1743773400,2025-04-04T13:30:00,2025-04-04,NEW_YORK_0930,US30,43.75,144.0,1,LONG,SHORT,1743773700,2025-04-04T13:35:00,39553.5,140.0,1.4000000000000001,1.44,True
1744009200,2025-04-07T07:00:00,2025-04-07,LONDON_0800,US100,34.36999999999898,62.0,1,LONG,SHORT,1744009500,2025-04-07T07:05:00,16674.86,140.0,1.4000000000000001,0.62,True
1744009200,2025-04-07T07:00:00,2025-04-07,LONDON_0800,US30,76.0,115.25,1,LONG,SHORT,1744009500,2025-04-07T07:05:00,37293.28,160.0,1.6,1.1525,True
1744032600,2025-04-07T13:30:00,2025-04-07,NEW_YORK_0930,US100,34.25,89.0,1,LONG,SHORT,1744032900,2025-04-07T13:35:00,16960.61,140.0,1.4000000000000001,0.89,True
1744032600,2025-04-07T13:30:00,2025-04-07,NEW_YORK_0930,US30,51.25,143.25,1,LONG,SHORT,1744032900,2025-04-07T13:35:00,37379.13,140.0,1.4000000000000001,1.4325,True
1744095600,2025-04-08T07:00:00,2025-04-08,LONDON_0800,US100,-5.880000000001019,24.5,-1,SHORT,LONG,1744095900,2025-04-08T07:05:00,17599.95,140.0,1.4000000000000001,0.245,True
1744095600,2025-04-08T07:00:00,2025-04-08,LONDON_0800,US30,-1.75,41.5,-1,SHORT,LONG,1744095900,2025-04-08T07:05:00,38600.28,160.0,1.6,0.41500000000000004,True
1744119000,2025-04-08T13:30:00,2025-04-08,NEW_YORK_0930,US100,18.25,31.88000000000102,1,LONG,SHORT,1744119300,2025-04-08T13:35:00,17597.2,140.0,1.4000000000000001,0.3188000000000102,True
1744119000,2025-04-08T13:30:00,2025-04-08,NEW_YORK_0930,US30,23.25,38.0,1,LONG,SHORT,1744119300,2025-04-08T13:35:00,38627.63,140.0,1.4000000000000001,0.38,True
1744182000,2025-04-09T07:00:00,2025-04-09,LONDON_0800,US100,4.5,131.36999999999898,1,LONG,SHORT,1744182300,2025-04-09T07:05:00,16769.92,140.0,1.4000000000000001,1.3136999999999899,True
1744182000,2025-04-09T07:00:00,2025-04-09,LONDON_0800,US30,-23.5,173.5,-1,SHORT,LONG,1744182300,2025-04-09T07:05:00,36953.25,160.0,1.6,1.735,True
1744205400,2025-04-09T13:30:00,2025-04-09,NEW_YORK_0930,US100,-49.86999999999898,80.5,-1,SHORT,LONG,1744205700,2025-04-09T13:35:00,16992.05,140.0,1.4000000000000001,0.805,True
1744205400,2025-04-09T13:30:00,2025-04-09,NEW_YORK_0930,US30,-72.25,112.75,-1,SHORT,LONG,1744205700,2025-04-09T13:35:00,37168.6,140.0,1.4000000000000001,1.1275,True
1744268400,2025-04-10T07:00:00,2025-04-10,LONDON_0800,US100,-7.25,34.11999999999898,-1,SHORT,LONG,1744268700,2025-04-10T07:05:00,18846.08,140.0,1.4000000000000001,0.34119999999998984,True
1744268400,2025-04-10T07:00:00,2025-04-10,LONDON_0800,US30,-28.25,51.75,-1,SHORT,LONG,1744268700,2025-04-10T07:05:00,40524.15,160.0,1.6,0.5175,True
1744291800,2025-04-10T13:30:00,2025-04-10,NEW_YORK_0930,US100,25.61999999999898,57.61999999999898,1,LONG,SHORT,1744292100,2025-04-10T13:35:00,18800.45,140.0,1.4000000000000001,0.5761999999999898,True
1744291800,2025-04-10T13:30:00,2025-04-10,NEW_YORK_0930,US30,48.25,103.75,1,LONG,SHORT,1744292100,2025-04-10T13:35:00,40185.25,140.0,1.4000000000000001,1.0375,True
1744354800,2025-04-11T07:00:00,2025-04-11,LONDON_0800,US100,26.12000000000262,30.5,1,LONG,SHORT,1744355100,2025-04-11T07:05:00,18345.96,140.0,1.4000000000000001,0.305,True
1744354800,2025-04-11T07:00:00,2025-04-11,LONDON_0800,US30,50.5,62.0,1,LONG,SHORT,1744355100,2025-04-11T07:05:00,39554.08,160.0,1.6,0.62,True
1744378200,2025-04-11T13:30:00,2025-04-11,NEW_YORK_0930,US100,7.620000000002619,32.25,1,LONG,SHORT,1744378500,2025-04-11T13:35:00,18507.46,140.0,1.4000000000000001,0.3225,True
1744378200,2025-04-11T13:30:00,2025-04-11,NEW_YORK_0930,US30,14.5,60.0,1,LONG,SHORT,1744378500,2025-04-11T13:35:00,39839.43,140.0,1.4000000000000001,0.6,True
1744614000,2025-04-14T07:00:00,2025-04-14,LONDON_0800,US100,1.3799999999973807,4.75,1,LONG,SHORT,1744614300,2025-04-14T07:05:00,18909.19,140.0,1.4000000000000001,0.0475,True
1744614000,2025-04-14T07:00:00,2025-04-14,LONDON_0800,US30,6.5,12.25,1,LONG,SHORT,1744614300,2025-04-14T07:05:00,40294.92,160.0,1.6,0.1225,True
1744637400,2025-04-14T13:30:00,2025-04-14,NEW_YORK_0930,US100,18.37000000000262,18.62000000000262,1,LONG,SHORT,1744637700,2025-04-14T13:35:00,18938.56,140.0,1.4000000000000001,0.1862000000000262,True
1744637400,2025-04-14T13:30:00,2025-04-14,NEW_YORK_0930,US30,19.75,21.25,1,LONG,SHORT,1744637700,2025-04-14T13:35:00,40535.02,140.0,1.4000000000000001,0.2125,True
1744700400,2025-04-15T07:00:00,2025-04-15,LONDON_0800,US100,-1.0,7.619999999998981,-1,SHORT,LONG,1744700700,2025-04-15T07:05:00,18765.53,140.0,1.4000000000000001,0.07619999999998982,True
1744700400,2025-04-15T07:00:00,2025-04-15,LONDON_0800,US30,0.25,8.5,1,LONG,SHORT,1744700700,2025-04-15T07:05:00,40506.42,160.0,1.6,0.085,True
1744723800,2025-04-15T13:30:00,2025-04-15,NEW_YORK_0930,US100,-6.0,19.86999999999898,-1,SHORT,LONG,1744724100,2025-04-15T13:35:00,18844.28,140.0,1.4000000000000001,0.19869999999998983,True
1744723800,2025-04-15T13:30:00,2025-04-15,NEW_YORK_0930,US30,-10.0,28.0,-1,SHORT,LONG,1744724100,2025-04-15T13:35:00,40564.52,140.0,1.4000000000000001,0.28,True
1744786800,2025-04-16T07:00:00,2025-04-16,LONDON_0800,US100,-2.0,11.0,-1,SHORT,LONG,1744787100,2025-04-16T07:05:00,18526.74,140.0,1.4000000000000001,0.11,True
1744786800,2025-04-16T07:00:00,2025-04-16,LONDON_0800,US30,-7.5,16.25,-1,SHORT,LONG,1744787100,2025-04-16T07:05:00,40217.62,160.0,1.6,0.1625,True
1744810200,2025-04-16T13:30:00,2025-04-16,NEW_YORK_0930,US100,-13.12999999999738,21.12000000000262,-1,SHORT,LONG,1744810500,2025-04-16T13:35:00,18550.24,140.0,1.4000000000000001,0.2112000000000262,True
1744810200,2025-04-16T13:30:00,2025-04-16,NEW_YORK_0930,US30,-22.25,34.75,-1,SHORT,LONG,1744810500,2025-04-16T13:35:00,40270.22,140.0,1.4000000000000001,0.34750000000000003,True
1744873200,2025-04-17T07:00:00,2025-04-17,LONDON_0800,US100,0.13000000000101863,6.5,1,LONG,SHORT,1744873500,2025-04-17T07:05:00,18392.68,140.0,1.4000000000000001,0.065,True
1744873200,2025-04-17T07:00:00,2025-04-17,LONDON_0800,US30,2.25,8.0,1,LONG,SHORT,1744873500,2025-04-17T07:05:00,39907.79,160.0,1.6,0.08,True
1744896600,2025-04-17T13:30:00,2025-04-17,NEW_YORK_0930,US100,-0.75,14.0,-1,SHORT,LONG,1744896900,2025-04-17T13:35:00,18412.06,140.0,1.4000000000000001,0.14,True
1744896600,2025-04-17T13:30:00,2025-04-17,NEW_YORK_0930,US30,-8.25,60.25,-1,SHORT,LONG,1744896900,2025-04-17T13:35:00,39250.14,140.0,1.4000000000000001,0.6025,True
1745218800,2025-04-21T07:00:00,2025-04-21,LONDON_0800,US100,4.629999999997381,8.87000000000262,1,LONG,SHORT,1745219100,2025-04-21T07:05:00,18093.33,140.0,1.4000000000000001,0.08870000000002619,True
1745218800,2025-04-21T07:00:00,2025-04-21,LONDON_0800,US30,-7.75,10.75,-1,SHORT,LONG,1745219100,2025-04-21T07:05:00,38794.61,160.0,1.6,0.1075,True
1745242200,2025-04-21T13:30:00,2025-04-21,NEW_YORK_0930,US100,2.3700000000026193,17.87999999999738,1,LONG,SHORT,1745242500,2025-04-21T13:35:00,18023.83,140.0,1.4000000000000001,0.1787999999999738,True
1745242200,2025-04-21T13:30:00,2025-04-21,NEW_YORK_0930,US30,-1.25,15.5,-1,SHORT,LONG,1745242500,2025-04-21T13:35:00,38753.71,140.0,1.4000000000000001,0.155,True
1745305200,2025-04-22T07:00:00,2025-04-22,LONDON_0800,US100,1.6299999999973807,7.120000000002619,1,LONG,SHORT,1745305500,2025-04-22T07:05:00,17854.42,140.0,1.4000000000000001,0.0712000000000262,True
1745305200,2025-04-22T07:00:00,2025-04-22,LONDON_0800,US30,-3.5,11.75,-1,SHORT,LONG,1745305500,2025-04-22T07:05:00,38250.31,160.0,1.6,0.11750000000000001,True
1745328600,2025-04-22T13:30:00,2025-04-22,NEW_YORK_0930,US100,-0.5,19.25,-1,SHORT,LONG,1745328900,2025-04-22T13:35:00,17955.42,140.0,1.4000000000000001,0.1925,True
1745328600,2025-04-22T13:30:00,2025-04-22,NEW_YORK_0930,US30,6.25,34.75,1,LONG,SHORT,1745328900,2025-04-22T13:35:00,38454.16,140.0,1.4000000000000001,0.34750000000000003,True
1745391600,2025-04-23T07:00:00,2025-04-23,LONDON_0800,US100,17.75,35.87000000000262,1,LONG,SHORT,1745391900,2025-04-23T07:05:00,18593.37,140.0,1.4000000000000001,0.3587000000000262,True
1745391600,2025-04-23T07:00:00,2025-04-23,LONDON_0800,US30,24.5,43.5,1,LONG,SHORT,1745391900,2025-04-23T07:05:00,39638.01,160.0,1.6,0.435,True
1745415000,2025-04-23T13:30:00,2025-04-23,NEW_YORK_0930,US100,0.37999999999738066,14.62999999999738,1,LONG,SHORT,1745415300,2025-04-23T13:35:00,18751.87,140.0,1.4000000000000001,0.1462999999999738,True
1745415000,2025-04-23T13:30:00,2025-04-23,NEW_YORK_0930,US30,8.25,34.5,1,LONG,SHORT,1745415300,2025-04-23T13:35:00,39858.11,140.0,1.4000000000000001,0.34500000000000003,True
1745478000,2025-04-24T07:00:00,2025-04-24,LONDON_0800,US100,0.6199999999989814,12.0,1,LONG,SHORT,1745478300,2025-04-24T07:05:00,18633.96,140.0,1.4000000000000001,0.12,True
1745478000,2025-04-24T07:00:00,2025-04-24,LONDON_0800,US30,3.5,22.0,1,LONG,SHORT,1745478300,2025-04-24T07:05:00,39484.74,160.0,1.6,0.22,True
1745501400,2025-04-24T13:30:00,2025-04-24,NEW_YORK_0930,US100,26.0,30.75,1,LONG,SHORT,1745501700,2025-04-24T13:35:00,18619.21,140.0,1.4000000000000001,0.3075,True
1745501400,2025-04-24T13:30:00,2025-04-24,NEW_YORK_0930,US30,31.5,46.0,1,LONG,SHORT,1745501700,2025-04-24T13:35:00,39420.84,140.0,1.4000000000000001,0.46,True
1745564400,2025-04-25T07:00:00,2025-04-25,LONDON_0800,US100,1.8699999999989814,11.630000000001019,1,LONG,SHORT,1745564700,2025-04-25T07:05:00,19328.57,140.0,1.4000000000000001,0.11630000000001019,True
1745564400,2025-04-25T07:00:00,2025-04-25,LONDON_0800,US30,14.5,23.5,1,LONG,SHORT,1745564700,2025-04-25T07:05:00,40138.97,160.0,1.6,0.23500000000000001,True
1745587800,2025-04-25T13:30:00,2025-04-25,NEW_YORK_0930,US100,-28.75,62.63000000000102,-1,SHORT,LONG,1745588100,2025-04-25T13:35:00,19165.7,140.0,1.4000000000000001,0.6263000000000102,True
1745587800,2025-04-25T13:30:00,2025-04-25,NEW_YORK_0930,US30,1.0,57.25,1,LONG,SHORT,1745588100,2025-04-25T13:35:00,39970.32,140.0,1.4000000000000001,0.5725,True
1745823600,2025-04-28T07:00:00,2025-04-28,LONDON_0800,US100,4.25,6.629999999997381,1,LONG,SHORT,1745823900,2025-04-28T07:05:00,19295.35,140.0,1.4000000000000001,0.06629999999997381,True
1745823600,2025-04-28T07:00:00,2025-04-28,LONDON_0800,US30,4.5,7.0,1,LONG,SHORT,1745823900,2025-04-28T07:05:00,39926.91,160.0,1.6,0.07,True
1745847000,2025-04-28T13:30:00,2025-04-28,NEW_YORK_0930,US100,10.0,15.25,1,LONG,SHORT,1745847300,2025-04-28T13:35:00,19396.22,140.0,1.4000000000000001,0.1525,True
1745847000,2025-04-28T13:30:00,2025-04-28,NEW_YORK_0930,US30,20.0,28.0,1,LONG,SHORT,1745847300,2025-04-28T13:35:00,40056.76,140.0,1.4000000000000001,0.28,True
1745910000,2025-04-29T07:00:00,2025-04-29,LONDON_0800,US100,-6.5,11.37000000000262,-1,SHORT,LONG,1745910300,2025-04-29T07:05:00,19457.65,140.0,1.4000000000000001,0.1137000000000262,True
1745910000,2025-04-29T07:00:00,2025-04-29,LONDON_0800,US30,-8.0,14.5,-1,SHORT,LONG,1745910300,2025-04-29T07:05:00,40260.82,160.0,1.6,0.145,True
1745933400,2025-04-29T13:30:00,2025-04-29,NEW_YORK_0930,US100,-58.37999999999738,59.25,-1,SHORT,LONG,1745933700,2025-04-29T13:35:00,19407.53,140.0,1.4000000000000001,0.5925,True
1745933400,2025-04-29T13:30:00,2025-04-29,NEW_YORK_0930,US30,-67.0,77.75,-1,SHORT,LONG,1745933700,2025-04-29T13:35:00,40343.17,140.0,1.4000000000000001,0.7775,True
1745996400,2025-04-30T07:00:00,2025-04-30,LONDON_0800,US100,-2.0,6.119999999998981,-1,SHORT,LONG,1745996700,2025-04-30T07:05:00,19412.31,140.0,1.4000000000000001,0.06119999999998982,True
1745996400,2025-04-30T07:00:00,2025-04-30,LONDON_0800,US30,-5.0,9.75,-1,SHORT,LONG,1745996700,2025-04-30T07:05:00,40408.99,160.0,1.6,0.0975,True
1746019800,2025-04-30T13:30:00,2025-04-30,NEW_YORK_0930,US100,-15.25,32.25,-1,SHORT,LONG,1746020100,2025-04-30T13:35:00,19449.31,140.0,1.4000000000000001,0.3225,True
1746019800,2025-04-30T13:30:00,2025-04-30,NEW_YORK_0930,US30,-61.75,153.0,-1,SHORT,LONG,1746020100,2025-04-30T13:35:00,40468.59,140.0,1.4000000000000001,1.53,True
1746082800,2025-05-01T07:00:00,2025-05-01,LONDON_0800,US100,8.25,10.25,1,LONG,SHORT,1746083100,2025-05-01T07:05:00,19859.14,140.0,1.4000000000000001,0.10250000000000001,True
1746082800,2025-05-01T07:00:00,2025-05-01,LONDON_0800,US30,6.5,10.0,1,LONG,SHORT,1746083100,2025-05-01T07:05:00,40879.45,160.0,1.6,0.1,True
1746106200,2025-05-01T13:30:00,2025-05-01,NEW_YORK_0930,US100,-3.6300000000010186,17.38000000000102,-1,SHORT,LONG,1746106500,2025-05-01T13:35:00,19894.14,140.0,1.4000000000000001,0.1738000000000102,True
1746106200,2025-05-01T13:30:00,2025-05-01,NEW_YORK_0930,US30,1.25,21.25,1,LONG,SHORT,1746106500,2025-05-01T13:35:00,40966.3,140.0,1.4000000000000001,0.2125,True
1746169200,2025-05-02T07:00:00,2025-05-02,LONDON_0800,US100,9.25,41.37000000000262,1,LONG,SHORT,1746169500,2025-05-02T07:05:00,19881.54,140.0,1.4000000000000001,0.4137000000000262,True
1746169200,2025-05-02T07:00:00,2025-05-02,LONDON_0800,US30,0.5,75.25,1,LONG,SHORT,1746169500,2025-05-02T07:05:00,41077.35,160.0,1.6,0.7525000000000001,True
1746192600,2025-05-02T13:30:00,2025-05-02,NEW_YORK_0930,US100,3.8799999999973807,12.25,1,LONG,SHORT,1746192900,2025-05-02T13:35:00,19845.92,140.0,1.4000000000000001,0.1225,True
1746192600,2025-05-02T13:30:00,2025-05-02,NEW_YORK_0930,US30,8.25,19.5,1,LONG,SHORT,1746192900,2025-05-02T13:35:00,40930.95,140.0,1.4000000000000001,0.195,True
1746428400,2025-05-05T07:00:00,2025-05-05,LONDON_0800,US100,-3.5,9.369999999998981,-1,SHORT,LONG,1746428700,2025-05-05T07:05:00,19956.71,140.0,1.4000000000000001,0.09369999999998982,True
1746428400,2025-05-05T07:00:00,2025-05-05,LONDON_0800,US30,-8.0,12.25,-1,SHORT,LONG,1746428700,2025-05-05T07:05:00,41037.62,160.0,1.6,0.1225,True
1746451800,2025-05-05T13:30:00,2025-05-05,NEW_YORK_0930,US100,-0.6199999999989814,17.75,-1,SHORT,LONG,1746452100,2025-05-05T13:35:00,19902.59,140.0,1.4000000000000001,0.1775,True
1746451800,2025-05-05T13:30:00,2025-05-05,NEW_YORK_0930,US30,4.5,21.75,1,LONG,SHORT,1746452100,2025-05-05T13:35:00,41052.72,140.0,1.4000000000000001,0.2175,True
1746514800,2025-05-06T07:00:00,2025-05-06,LONDON_0800,US100,-0.12999999999738066,7.5,-1,SHORT,LONG,1746515100,2025-05-06T07:05:00,19893.51,140.0,1.4000000000000001,0.075,True
1746514800,2025-05-06T07:00:00,2025-05-06,LONDON_0800,US30,0.75,6.5,1,LONG,SHORT,1746515100,2025-05-06T07:05:00,41190.86,160.0,1.6,0.065,True
1746538200,2025-05-06T13:30:00,2025-05-06,NEW_YORK_0930,US100,8.37999999999738,10.75,1,LONG,SHORT,1746538500,2025-05-06T13:35:00,19782.51,140.0,1.4000000000000001,0.1075,True
1746538200,2025-05-06T13:30:00,2025-05-06,NEW_YORK_0930,US30,12.0,16.75,1,LONG,SHORT,1746538500,2025-05-06T13:35:00,40985.96,140.0,1.4000000000000001,0.1675,True
1746601200,2025-05-07T07:00:00,2025-05-07,LONDON_0800,US100,5.369999999998981,11.5,1,LONG,SHORT,1746601500,2025-05-07T07:05:00,19916.48,140.0,1.4000000000000001,0.115,True
1746601200,2025-05-07T07:00:00,2025-05-07,LONDON_0800,US30,9.5,15.75,1,LONG,SHORT,1746601500,2025-05-07T07:05:00,41048.59,160.0,1.6,0.1575,True
1746624600,2025-05-07T13:30:00,2025-05-07,NEW_YORK_0930,US100,-4.25,9.0,-1,SHORT,LONG,1746624900,2025-05-07T13:35:00,19886.35,140.0,1.4000000000000001,0.09,True
1746624600,2025-05-07T13:30:00,2025-05-07,NEW_YORK_0930,US30,-11.5,13.25,-1,SHORT,LONG,1746624900,2025-05-07T13:35:00,41049.69,140.0,1.4000000000000001,0.1325,True
1746687600,2025-05-08T07:00:00,2025-05-08,LONDON_0800,US100,-0.5,7.5,-1,SHORT,LONG,1746687900,2025-05-08T07:05:00,20074.81,140.0,1.4000000000000001,0.075,True
1746687600,2025-05-08T07:00:00,2025-05-08,LONDON_0800,US30,-9.5,15.0,-1,SHORT,LONG,1746687900,2025-05-08T07:05:00,41339.31,160.0,1.6,0.15,True
1746711000,2025-05-08T13:30:00,2025-05-08,NEW_YORK_0930,US100,-8.87999999999738,11.25,-1,SHORT,LONG,1746711300,2025-05-08T13:35:00,20147.31,140.0,1.4000000000000001,0.1125,True
1746711000,2025-05-08T13:30:00,2025-05-08,NEW_YORK_0930,US30,-4.75,11.75,-1,SHORT,LONG,1746711300,2025-05-08T13:35:00,41460.91,140.0,1.4000000000000001,0.11750000000000001,True
1746774000,2025-05-09T07:00:00,2025-05-09,LONDON_0800,US100,0.8699999999989814,10.25,1,LONG,SHORT,1746774300,2025-05-09T07:05:00,20099.12,140.0,1.4000000000000001,0.10250000000000001,True
1746774000,2025-05-09T07:00:00,2025-05-09,LONDON_0800,US30,0.0,18.0,0,NONE,NONE,1746774300,2025-05-09T07:05:00,41374.77,160.0,1.6,0.18,True
1746797400,2025-05-09T13:30:00,2025-05-09,NEW_YORK_0930,US100,13.130000000001019,15.75,1,LONG,SHORT,1746797700,2025-05-09T13:35:00,20148.25,140.0,1.4000000000000001,0.1575,True
1746797400,2025-05-09T13:30:00,2025-05-09,NEW_YORK_0930,US30,18.5,23.5,1,LONG,SHORT,1746797700,2025-05-09T13:35:00,41420.37,140.0,1.4000000000000001,0.23500000000000001,True
1747033200,2025-05-12T07:00:00,2025-05-12,LONDON_0800,US100,2.1300000000010186,6.119999999998981,1,LONG,SHORT,1747033500,2025-05-12T07:05:00,20446.5,140.0,1.4000000000000001,0.06119999999998982,True
1747033200,2025-05-12T07:00:00,2025-05-12,LONDON_0800,US30,4.0,8.25,1,LONG,SHORT,1747033500,2025-05-12T07:05:00,41700.2,160.0,1.6,0.0825,True
1747056600,2025-05-12T13:30:00,2025-05-12,NEW_YORK_0930,US100,42.13000000000102,46.61999999999898,1,LONG,SHORT,1747056900,2025-05-12T13:35:00,20885.62,140.0,1.4000000000000001,0.46619999999998984,True
1747056600,2025-05-12T13:30:00,2025-05-12,NEW_YORK_0930,US30,31.75,52.25,1,LONG,SHORT,1747056900,2025-05-12T13:35:00,42243.05,140.0,1.4000000000000001,0.5225,True
1747119600,2025-05-13T07:00:00,2025-05-13,LONDON_0800,US100,-7.120000000002619,11.37999999999738,-1,SHORT,LONG,1747119900,2025-05-13T07:05:00,20758.21,140.0,1.4000000000000001,0.11379999999997381,True
1747119600,2025-05-13T07:00:00,2025-05-13,LONDON_0800,US30,-4.25,10.25,-1,SHORT,LONG,1747119900,2025-05-13T07:05:00,42290.03,160.0,1.6,0.10250000000000001,True
1747143000,2025-05-13T13:30:00,2025-05-13,NEW_YORK_0930,US100,-1.0,10.75,-1,SHORT,LONG,1747143300,2025-05-13T13:35:00,20797.08,140.0,1.4000000000000001,0.1075,True
1747143000,2025-05-13T13:30:00,2025-05-13,NEW_YORK_0930,US30,-101.0,129.75,-1,SHORT,LONG,1747143300,2025-05-13T13:35:00,42268.13,140.0,1.4000000000000001,1.2975,True
1747206000,2025-05-14T07:00:00,2025-05-14,LONDON_0800,US100,-6.0,8.25,-1,SHORT,LONG,1747206300,2025-05-14T07:05:00,21206.18,140.0,1.4000000000000001,0.0825,True
1747206000,2025-05-14T07:00:00,2025-05-14,LONDON_0800,US30,-6.75,8.25,-1,SHORT,LONG,1747206300,2025-05-14T07:05:00,42152.74,160.0,1.6,0.0825,True
1747229400,2025-05-14T13:30:00,2025-05-14,NEW_YORK_0930,US100,12.0,14.880000000001019,1,LONG,SHORT,1747229700,2025-05-14T13:35:00,21220.43,140.0,1.4000000000000001,0.1488000000000102,True
1747229400,2025-05-14T13:30:00,2025-05-14,NEW_YORK_0930,US30,14.5,16.75,1,LONG,SHORT,1747229700,2025-05-14T13:35:00,42140.34,140.0,1.4000000000000001,0.1675,True
1747292400,2025-05-15T07:00:00,2025-05-15,LONDON_0800,US100,1.0,7.379999999997381,1,LONG,SHORT,1747292700,2025-05-15T07:05:00,21301.42,140.0,1.4000000000000001,0.0737999999999738,True
1747292400,2025-05-15T07:00:00,2025-05-15,LONDON_0800,US30,3.0,7.5,1,LONG,SHORT,1747292700,2025-05-15T07:05:00,41878.31,160.0,1.6,0.075,True
1747315800,2025-05-15T13:30:00,2025-05-15,NEW_YORK_0930,US100,-1.0,7.0,-1,SHORT,LONG,1747316100,2025-05-15T13:35:00,21173.17,140.0,1.4000000000000001,0.07,True
1747315800,2025-05-15T13:30:00,2025-05-15,NEW_YORK_0930,US30,-2.25,6.5,-1,SHORT,LONG,1747316100,2025-05-15T13:35:00,41882.41,140.0,1.4000000000000001,0.065,True
1747378800,2025-05-16T07:00:00,2025-05-16,LONDON_0800,US100,8.130000000001019,14.869999999998981,1,LONG,SHORT,1747379100,2025-05-16T07:05:00,21334.42,140.0,1.4000000000000001,0.1486999999999898,True
1747378800,2025-05-16T07:00:00,2025-05-16,LONDON_0800,US30,8.25,14.5,1,LONG,SHORT,1747379100,2025-05-16T07:05:00,42299.35,160.0,1.6,0.145,True
1747402200,2025-05-16T13:30:00,2025-05-16,NEW_YORK_0930,US100,8.0,11.619999999998981,1,LONG,SHORT,1747402500,2025-05-16T13:35:00,21378.55,140.0,1.4000000000000001,0.11619999999998981,True
1747402200,2025-05-16T13:30:00,2025-05-16,NEW_YORK_0930,US30,2.0,11.0,1,LONG,SHORT,1747402500,2025-05-16T13:35:00,42437.7,140.0,1.4000000000000001,0.11,True
1747638000,2025-05-19T07:00:00,2025-05-19,LONDON_0800,US100,9.380000000001019,16.75,1,LONG,SHORT,1747638300,2025-05-19T07:05:00,21150.36,140.0,1.4000000000000001,0.1675,True
1747638000,2025-05-19T07:00:00,2025-05-19,LONDON_0800,US30,6.0,16.75,1,LONG,SHORT,1747638300,2025-05-19T07:05:00,42320.24,160.0,1.6,0.1675,True
1747661400,2025-05-19T13:30:00,2025-05-19,NEW_YORK_0930,US100,4.25,21.36999999999898,1,LONG,SHORT,1747661700,2025-05-19T13:35:00,21094.86,140.0,1.4000000000000001,0.21369999999998981,True
1747661400,2025-05-19T13:30:00,2025-05-19,NEW_YORK_0930,US30,-1.25,28.75,-1,SHORT,LONG,1747661700,2025-05-19T13:35:00,42307.09,140.0,1.4000000000000001,0.28750000000000003,True
1747724400,2025-05-20T07:00:00,2025-05-20,LONDON_0800,US100,-3.3699999999989814,9.25,-1,SHORT,LONG,1747724700,2025-05-20T07:05:00,21361.43,140.0,1.4000000000000001,0.0925,True
1747724400,2025-05-20T07:00:00,2025-05-20,LONDON_0800,US30,-1.0,8.25,-1,SHORT,LONG,1747724700,2025-05-20T07:05:00,42739.95,160.0,1.6,0.0825,True
1747747800,2025-05-20T13:30:00,2025-05-20,NEW_YORK_0930,US100,0.25,10.869999999998981,1,LONG,SHORT,1747748100,2025-05-20T13:35:00,21372.43,140.0,1.4000000000000001,0.10869999999998982,True
1747747800,2025-05-20T13:30:00,2025-05-20,NEW_YORK_0930,US30,-6.25,14.75,-1,SHORT,LONG,1747748100,2025-05-20T13:35:00,42778.3,140.0,1.4000000000000001,0.1475,True
1747810800,2025-05-21T07:00:00,2025-05-21,LONDON_0800,US100,-4.5,6.130000000001019,-1,SHORT,LONG,1747811100,2025-05-21T07:05:00,21306.64,140.0,1.4000000000000001,0.06130000000001019,True
1747810800,2025-05-21T07:00:00,2025-05-21,LONDON_0800,US30,-0.5,9.5,-1,SHORT,LONG,1747811100,2025-05-21T07:05:00,42572.66,160.0,1.6,0.095,True
1747834200,2025-05-21T13:30:00,2025-05-21,NEW_YORK_0930,US100,15.5,17.88000000000102,1,LONG,SHORT,1747834500,2025-05-21T13:35:00,21198.64,140.0,1.4000000000000001,0.1788000000000102,True
1747834200,2025-05-21T13:30:00,2025-05-21,NEW_YORK_0930,US30,8.25,29.0,1,LONG,SHORT,1747834500,2025-05-21T13:35:00,42273.01,140.0,1.4000000000000001,0.29,True
1747897200,2025-05-22T07:00:00,2025-05-22,LONDON_0800,US100,-2.5,4.629999999997381,-1,SHORT,LONG,1747897500,2025-05-22T07:05:00,21099.28,140.0,1.4000000000000001,0.04629999999997381,True
1747897200,2025-05-22T07:00:00,2025-05-22,LONDON_0800,US30,-3.5,6.75,-1,SHORT,LONG,1747897500,2025-05-22T07:05:00,41864.89,160.0,1.6,0.0675,True
1747920600,2025-05-22T13:30:00,2025-05-22,NEW_YORK_0930,US100,-6.129999999997381,15.62000000000262,-1,SHORT,LONG,1747920900,2025-05-22T13:35:00,21137.15,140.0,1.4000000000000001,0.1562000000000262,True
1747920600,2025-05-22T13:30:00,2025-05-22,NEW_YORK_0930,US30,-9.0,21.5,-1,SHORT,LONG,1747920900,2025-05-22T13:35:00,41841.49,140.0,1.4000000000000001,0.215,True
1747983600,2025-05-23T07:00:00,2025-05-23,LONDON_0800,US100,-9.5,11.869999999998981,-1,SHORT,LONG,1747983900,2025-05-23T07:05:00,21119.0,140.0,1.4000000000000001,0.11869999999998981,True
1747983600,2025-05-23T07:00:00,2025-05-23,LONDON_0800,US30,-15.25,16.0,-1,SHORT,LONG,1747983900,2025-05-23T07:05:00,41868.38,160.0,1.6,0.16,True
1748007000,2025-05-23T13:30:00,2025-05-23,NEW_YORK_0930,US100,-6.619999999998981,10.619999999998981,-1,SHORT,LONG,1748007300,2025-05-23T13:35:00,21102.63,140.0,1.4000000000000001,0.10619999999998982,True
1748007000,2025-05-23T13:30:00,2025-05-23,NEW_YORK_0930,US30,-10.75,18.75,-1,SHORT,LONG,1748007300,2025-05-23T13:35:00,41793.73,140.0,1.4000000000000001,0.1875,True
1748242800,2025-05-26T07:00:00,2025-05-26,LONDON_0800,US100,0.8800000000010186,3.1300000000010186,1,LONG,SHORT,1748243100,2025-05-26T07:05:00,21159.04,140.0,1.4000000000000001,0.03130000000001019,True
1748242800,2025-05-26T07:00:00,2025-05-26,LONDON_0800,US30,2.099999999998545,6.5,1,LONG,SHORT,1748243100,2025-05-26T07:05:00,41980.75,170.0,1.7,0.065,True
1748266200,2025-05-26T13:30:00,2025-05-26,NEW_YORK_0930,US100,-0.75,7.0,-1,SHORT,LONG,1748266500,2025-05-26T13:35:00,21213.66,140.0,1.4000000000000001,0.07,True
1748266200,2025-05-26T13:30:00,2025-05-26,NEW_YORK_0930,US30,2.0,10.5,1,LONG,SHORT,1748266500,2025-05-26T13:35:00,42050.75,140.0,1.4000000000000001,0.105,True
1748329200,2025-05-27T07:00:00,2025-05-27,LONDON_0800,US100,4.119999999998981,12.880000000001019,1,LONG,SHORT,1748329500,2025-05-27T07:05:00,21105.1,140.0,1.4000000000000001,0.12880000000001018,True
1748329200,2025-05-27T07:00:00,2025-05-27,LONDON_0800,US30,11.0,17.0,1,LONG,SHORT,1748329500,2025-05-27T07:05:00,41936.05,190.0,1.9000000000000001,0.17,True
1748352600,2025-05-27T13:30:00,2025-05-27,NEW_YORK_0930,US100,-8.25,33.11999999999898,-1,SHORT,LONG,1748352900,2025-05-27T13:35:00,21284.98,140.0,1.4000000000000001,0.33119999999998984,True
1748352600,2025-05-27T13:30:00,2025-05-27,NEW_YORK_0930,US30,10.5,25.0,1,LONG,SHORT,1748352900,2025-05-27T13:35:00,42171.25,160.0,1.6,0.25,True
1748415600,2025-05-28T07:00:00,2025-05-28,LONDON_0800,US100,1.0,6.25,1,LONG,SHORT,1748415900,2025-05-28T07:05:00,21396.37,140.0,1.4000000000000001,0.0625,True
1748415600,2025-05-28T07:00:00,2025-05-28,LONDON_0800,US30,2.5,5.0,1,LONG,SHORT,1748415900,2025-05-28T07:05:00,42322.15,170.0,1.7,0.05,True
1748439000,2025-05-28T13:30:00,2025-05-28,NEW_YORK_0930,US100,27.87999999999738,31.37999999999738,1,LONG,SHORT,1748439300,2025-05-28T13:35:00,21436.62,140.0,1.4000000000000001,0.3137999999999738,True
1748439000,2025-05-28T13:30:00,2025-05-28,NEW_YORK_0930,US30,26.0,32.0,1,LONG,SHORT,1748439300,2025-05-28T13:35:00,42310.75,150.0,1.5,0.32,True
1748502000,2025-05-29T07:00:00,2025-05-29,LONDON_0800,US100,12.12000000000262,13.87000000000262,1,LONG,SHORT,1748502300,2025-05-29T07:05:00,21747.9,140.0,1.4000000000000001,0.1387000000000262,True
1748502000,2025-05-29T07:00:00,2025-05-29,LONDON_0800,US30,5.400000000001455,10.900000000001455,1,LONG,SHORT,1748502300,2025-05-29T07:05:00,42645.15,200.0,2.0,0.10900000000001456,True
1748525400,2025-05-29T13:30:00,2025-05-29,NEW_YORK_0930,US100,16.62000000000262,20.62000000000262,1,LONG,SHORT,1748525700,2025-05-29T13:35:00,21703.65,140.0,1.4000000000000001,0.2062000000000262,True
1748525400,2025-05-29T13:30:00,2025-05-29,NEW_YORK_0930,US30,36.0,42.0,1,LONG,SHORT,1748525700,2025-05-29T13:35:00,42367.35,160.0,1.6,0.42,True
1748588400,2025-05-30T07:00:00,2025-05-30,LONDON_0800,US100,-4.25,9.880000000001019,-1,SHORT,LONG,1748588700,2025-05-30T07:05:00,21296.18,140.0,1.4000000000000001,0.09880000000001019,True
1748588400,2025-05-30T07:00:00,2025-05-30,LONDON_0800,US30,-4.0,9.900000000001455,-1,SHORT,LONG,1748588700,2025-05-30T07:05:00,42143.75,180.0,1.8,0.09900000000001455,True
1748611800,2025-05-30T13:30:00,2025-05-30,NEW_YORK_0930,US100,5.130000000001019,12.380000000001019,1,LONG,SHORT,1748612100,2025-05-30T13:35:00,21337.3,140.0,1.4000000000000001,0.1238000000000102,True
1748611800,2025-05-30T13:30:00,2025-05-30,NEW_YORK_0930,US30,2.0,20.0,1,LONG,SHORT,1748612100,2025-05-30T13:35:00,42185.05,150.0,1.5,0.2,True
1748847600,2025-06-02T07:00:00,2025-06-02,LONDON_0800,US100,-0.8800000000010186,8.869999999998981,-1,SHORT,LONG,1748847900,2025-06-02T07:05:00,21192.69,140.0,1.4000000000000001,0.08869999999998981,True
1748847600,2025-06-02T07:00:00,2025-06-02,LONDON_0800,US30,1.0,12.5,1,LONG,SHORT,1748847900,2025-06-02T07:05:00,42073.75,200.0,2.0,0.125,True
1748871000,2025-06-02T13:30:00,2025-06-02,NEW_YORK_0930,US100,0.8699999999989814,13.119999999998981,1,LONG,SHORT,1748871300,2025-06-02T13:35:00,21189.69,140.0,1.4000000000000001,0.13119999999998982,True
1748871000,2025-06-02T13:30:00,2025-06-02,NEW_YORK_0930,US30,1.5,20.0,1,LONG,SHORT,1748871300,2025-06-02T13:35:00,42068.45,160.0,1.6,0.2,True
1748934000,2025-06-03T07:00:00,2025-06-03,LONDON_0800,US100,-2.75,5.380000000001019,-1,SHORT,LONG,1748934300,2025-06-03T07:05:00,21422.75,140.0,1.4000000000000001,0.05380000000001019,True
1748934000,2025-06-03T07:00:00,2025-06-03,LONDON_0800,US30,-5.099999999998545,8.599999999998545,-1,SHORT,LONG,1748934300,2025-06-03T07:05:00,42155.75,180.0,1.8,0.08599999999998545,True
1748957400,2025-06-03T13:30:00,2025-06-03,NEW_YORK_0930,US100,5.380000000001019,14.119999999998981,1,LONG,SHORT,1748957700,2025-06-03T13:35:00,21427.62,140.0,1.4000000000000001,0.1411999999999898,True
1748957400,2025-06-03T13:30:00,2025-06-03,NEW_YORK_0930,US30,-18.5,21.5,-1,SHORT,LONG,1748957700,2025-06-03T13:35:00,42147.95,150.0,1.5,0.215,True
1749020400,2025-06-04T07:00:00,2025-06-04,LONDON_0800,US100,-3.8699999999989814,7.25,-1,SHORT,LONG,1749020700,2025-06-04T07:05:00,21641.89,140.0,1.4000000000000001,0.0725,True
1749020400,2025-06-04T07:00:00,2025-06-04,LONDON_0800,US30,-6.599999999998545,8.599999999998545,-1,SHORT,LONG,1749020700,2025-06-04T07:05:00,42501.75,180.0,1.8,0.08599999999998545,True
1749043800,2025-06-04T13:30:00,2025-06-04,NEW_YORK_0930,US100,-6.369999999998981,11.0,-1,SHORT,LONG,1749044100,2025-06-04T13:35:00,21688.27,140.0,1.4000000000000001,0.11,True
1749043800,2025-06-04T13:30:00,2025-06-04,NEW_YORK_0930,US30,-9.5,18.0,-1,SHORT,LONG,1749044100,2025-06-04T13:35:00,42582.45,140.0,1.4000000000000001,0.18,True
1749130200,2025-06-05T13:30:00,2025-06-05,NEW_YORK_0930,US100,0.5,12.619999999998981,1,LONG,SHORT,1749130500,2025-06-05T13:35:00,21759.8,140.0,1.4000000000000001,0.12619999999998982,True
1749130200,2025-06-05T13:30:00,2025-06-05,NEW_YORK_0930,US30,0.4000000000014552,16.0,1,LONG,SHORT,1749130500,2025-06-05T13:35:00,42478.65,150.0,1.5,0.16,True
1749193200,2025-06-06T07:00:00,2025-06-06,LONDON_0800,US100,-6.369999999998981,10.619999999998981,-1,SHORT,LONG,1749193500,2025-06-06T07:05:00,21570.39,140.0,1.4000000000000001,0.10619999999998982,True
1749193200,2025-06-06T07:00:00,2025-06-06,LONDON_0800,US30,-7.599999999998545,13.099999999998545,-1,SHORT,LONG,1749193500,2025-06-06T07:05:00,42433.75,190.0,1.9000000000000001,0.13099999999998546,True
1749216600,2025-06-06T13:30:00,2025-06-06,NEW_YORK_0930,US100,-5.369999999998981,9.25,-1,SHORT,LONG,1749216900,2025-06-06T13:35:00,21650.39,140.0,1.4000000000000001,0.0925,True
1749216600,2025-06-06T13:30:00,2025-06-06,NEW_YORK_0930,US30,-8.5,13.5,-1,SHORT,LONG,1749216900,2025-06-06T13:35:00,42457.95,140.0,1.4000000000000001,0.135,True
1749452400,2025-06-09T07:00:00,2025-06-09,LONDON_0800,US100,2.1300000000010186,11.369999999998981,1,LONG,SHORT,1749452700,2025-06-09T07:05:00,21721.41,140.0,1.4000000000000001,0.11369999999998981,True
1749452400,2025-06-09T07:00:00,2025-06-09,LONDON_0800,US30,4.5,13.900000000001455,1,LONG,SHORT,1749452700,2025-06-09T07:05:00,42700.75,170.0,1.7,0.13900000000001456,True
1749475800,2025-06-09T13:30:00,2025-06-09,NEW_YORK_0930,US100,5.0,9.5,1,LONG,SHORT,1749476100,2025-06-09T13:35:00,21757.53,140.0,1.4000000000000001,0.095,True
1749475800,2025-06-09T13:30:00,2025-06-09,NEW_YORK_0930,US30,13.0,17.099999999998545,1,LONG,SHORT,1749476100,2025-06-09T13:35:00,42792.35,140.0,1.4000000000000001,0.17099999999998544,True
1749538800,2025-06-10T07:00:00,2025-06-10,LONDON_0800,US100,-7.629999999997381,10.87000000000262,-1,SHORT,LONG,1749539100,2025-06-10T07:05:00,21908.85,140.0,1.4000000000000001,0.10870000000002619,True
1749538800,2025-06-10T07:00:00,2025-06-10,LONDON_0800,US30,0.8999999999941792,5.100000000005821,1,LONG,SHORT,1749539100,2025-06-10T07:05:00,42886.55,170.0,1.7,0.05100000000005821,True
1749562200,2025-06-10T13:30:00,2025-06-10,NEW_YORK_0930,US100,1.75,11.12999999999738,1,LONG,SHORT,1749562500,2025-06-10T13:35:00,21820.85,140.0,1.4000000000000001,0.11129999999997381,True
1749562200,2025-06-10T13:30:00,2025-06-10,NEW_YORK_0930,US30,-4.0,12.099999999998545,-1,SHORT,LONG,1749562500,2025-06-10T13:35:00,42739.65,150.0,1.5,0.12099999999998545,True
1749625200,2025-06-11T07:00:00,2025-06-11,LONDON_0800,US100,-1.75,4.5,-1,SHORT,LONG,1749625500,2025-06-11T07:05:00,21885.59,140.0,1.4000000000000001,0.045,True
1749625200,2025-06-11T07:00:00,2025-06-11,LONDON_0800,US30,6.5,8.5,1,LONG,SHORT,1749625500,2025-06-11T07:05:00,42780.15,180.0,1.8,0.085,True
1749648600,2025-06-11T13:30:00,2025-06-11,NEW_YORK_0930,US100,-4.619999999998981,6.869999999998981,-1,SHORT,LONG,1749648900,2025-06-11T13:35:00,21907.59,140.0,1.4000000000000001,0.06869999999998981,True
1749648600,2025-06-11T13:30:00,2025-06-11,NEW_YORK_0930,US30,-8.0,11.5,-1,SHORT,LONG,1749648900,2025-06-11T13:35:00,42783.35,140.0,1.4000000000000001,0.115,True
1749711600,2025-06-12T07:00:00,2025-06-12,LONDON_0800,US100,13.62000000000262,16.87999999999738,1,LONG,SHORT,1749711900,2025-06-12T07:05:00,21805.58,140.0,1.4000000000000001,0.1687999999999738,True
1749711600,2025-06-12T07:00:00,2025-06-12,LONDON_0800,US30,15.400000000001455,22.400000000001455,1,LONG,SHORT,1749711900,2025-06-12T07:05:00,42743.85,200.0,2.0,0.22400000000001455,True
1749735000,2025-06-12T13:30:00,2025-06-12,NEW_YORK_0930,US100,-2.25,22.75,-1,SHORT,LONG,1749735300,2025-06-12T13:35:00,21762.21,140.0,1.4000000000000001,0.2275,True
1749735000,2025-06-12T13:30:00,2025-06-12,NEW_YORK_0930,US30,-6.0,28.0,-1,SHORT,LONG,1749735300,2025-06-12T13:35:00,42581.55,160.0,1.6,0.28,True
1749798000,2025-06-13T07:00:00,2025-06-13,LONDON_0800,US100,-16.38000000000102,26.38000000000102,-1,SHORT,LONG,1749798300,2025-06-13T07:05:00,21539.63,140.0,1.4000000000000001,0.2638000000000102,True
1749798000,2025-06-13T07:00:00,2025-06-13,LONDON_0800,US30,-30.0,43.5,-1,SHORT,LONG,1749798300,2025-06-13T07:05:00,42360.25,200.0,2.0,0.435,True
1749821400,2025-06-13T13:30:00,2025-06-13,NEW_YORK_0930,US100,-6.630000000001019,8.5,-1,SHORT,LONG,1749821700,2025-06-13T13:35:00,21597.88,140.0,1.4000000000000001,0.085,True
1749821400,2025-06-13T13:30:00,2025-06-13,NEW_YORK_0930,US30,-19.0,19.5,-1,SHORT,LONG,1749821700,2025-06-13T13:35:00,42473.25,160.0,1.6,0.195,True
1750057200,2025-06-16T07:00:00,2025-06-16,LONDON_0800,US100,3.1299999999973807,6.120000000002619,1,LONG,SHORT,1750057500,2025-06-16T07:05:00,21685.74,140.0,1.4000000000000001,0.06120000000002619,True
1750057200,2025-06-16T07:00:00,2025-06-16,LONDON_0800,US30,3.0,7.5,1,LONG,SHORT,1750057500,2025-06-16T07:05:00,42199.25,190.0,1.9000000000000001,0.075,True
1750080600,2025-06-16T13:30:00,2025-06-16,NEW_YORK_0930,US100,4.5,5.25,1,LONG,SHORT,1750080900,2025-06-16T13:35:00,21753.99,140.0,1.4000000000000001,0.0525,True
1750080600,2025-06-16T13:30:00,2025-06-16,NEW_YORK_0930,US30,2.5,7.0,1,LONG,SHORT,1750080900,2025-06-16T13:35:00,42345.95,140.0,1.4000000000000001,0.07,True
1750143600,2025-06-17T07:00:00,2025-06-17,LONDON_0800,US100,7.880000000001019,17.5,1,LONG,SHORT,1750143900,2025-06-17T07:05:00,21854.67,140.0,1.4000000000000001,0.17500000000000002,True
1750143600,2025-06-17T07:00:00,2025-06-17,LONDON_0800,US30,9.5,24.5,1,LONG,SHORT,1750143900,2025-06-17T07:05:00,42384.45,200.0,2.0,0.245,True
1750167000,2025-06-17T13:30:00,2025-06-17,NEW_YORK_0930,US100,-1.8699999999989814,9.119999999998981,-1,SHORT,LONG,1750167300,2025-06-17T13:35:00,21795.3,140.0,1.4000000000000001,0.09119999999998982,True
1750167000,2025-06-17T13:30:00,2025-06-17,NEW_YORK_0930,US30,2.099999999998545,13.099999999998545,1,LONG,SHORT,1750167300,2025-06-17T13:35:00,42268.25,150.0,1.5,0.13099999999998546,True
1750230000,2025-06-18T07:00:00,2025-06-18,LONDON_0800,US100,4.119999999998981,9.880000000001019,1,LONG,SHORT,1750230300,2025-06-18T07:05:00,21744.96,140.0,1.4000000000000001,0.09880000000001019,True
1750230000,2025-06-18T07:00:00,2025-06-18,LONDON_0800,US30,3.3999999999941792,10.89999999999418,1,LONG,SHORT,1750230300,2025-06-18T07:05:00,42214.95,180.0,1.8,0.1089999999999418,True
1750253400,2025-06-18T13:30:00,2025-06-18,NEW_YORK_0930,US100,-16.61999999999898,20.38000000000102,-1,SHORT,LONG,1750253700,2025-06-18T13:35:00,21762.34,140.0,1.4000000000000001,0.2038000000000102,True
1750253400,2025-06-18T13:30:00,2025-06-18,NEW_YORK_0930,US30,-17.5,29.0,-1,SHORT,LONG,1750253700,2025-06-18T13:35:00,42221.85,160.0,1.6,0.29,True
1750316400,2025-06-19T07:00:00,2025-06-19,LONDON_0800,US100,0.13000000000101863,4.869999999998981,1,LONG,SHORT,1750316700,2025-06-19T07:05:00,21657.49,140.0,1.4000000000000001,0.048699999999989814,True
1750316400,2025-06-19T07:00:00,2025-06-19,LONDON_0800,US30,0.0,6.5,0,NONE,NONE,1750316700,2025-06-19T07:05:00,42119.65,180.0,1.8,0.065,True
1750339800,2025-06-19T13:30:00,2025-06-19,NEW_YORK_0930,US100,6.25,8.75,1,LONG,SHORT,1750340100,2025-06-19T13:35:00,21605.36,140.0,1.4000000000000001,0.08750000000000001,True
1750339800,2025-06-19T13:30:00,2025-06-19,NEW_YORK_0930,US30,6.400000000001455,17.0,1,LONG,SHORT,1750340100,2025-06-19T13:35:00,41992.25,160.0,1.6,0.17,True
1750402800,2025-06-20T07:00:00,2025-06-20,LONDON_0800,US100,-0.75,4.869999999998981,-1,SHORT,LONG,1750403100,2025-06-20T07:05:00,21674.66,140.0,1.4000000000000001,0.048699999999989814,True
1750402800,2025-06-20T07:00:00,2025-06-20,LONDON_0800,US30,-1.5,7.5,-1,SHORT,LONG,1750403100,2025-06-20T07:05:00,42061.05,170.0,1.7,0.075,True
1750426200,2025-06-20T13:30:00,2025-06-20,NEW_YORK_0930,US100,10.0,15.5,1,LONG,SHORT,1750426500,2025-06-20T13:35:00,21672.28,140.0,1.4000000000000001,0.155,True
1750426200,2025-06-20T13:30:00,2025-06-20,NEW_YORK_0930,US30,14.0,23.5,1,LONG,SHORT,1750426500,2025-06-20T13:35:00,42090.95,150.0,1.5,0.23500000000000001,True
1750662000,2025-06-23T07:00:00,2025-06-23,LONDON_0800,US100,-1.6300000000010186,6.25,-1,SHORT,LONG,1750662300,2025-06-23T07:05:00,21549.05,140.0,1.4000000000000001,0.0625,True
1750662000,2025-06-23T07:00:00,2025-06-23,LONDON_0800,US30,2.0,9.0,1,LONG,SHORT,1750662300,2025-06-23T07:05:00,42075.55,180.0,1.8,0.09,True
1750685400,2025-06-23T13:30:00,2025-06-23,NEW_YORK_0930,US100,2.5,10.630000000001019,1,LONG,SHORT,1750685700,2025-06-23T13:35:00,21657.3,140.0,1.4000000000000001,0.10630000000001019,True
1750685400,2025-06-23T13:30:00,2025-06-23,NEW_YORK_0930,US30,1.5,9.0,1,LONG,SHORT,1750685700,2025-06-23T13:35:00,42205.25,150.0,1.5,0.09,True
1750748400,2025-06-24T07:00:00,2025-06-24,LONDON_0800,US100,-0.8699999999989814,4.369999999998981,-1,SHORT,LONG,1750748700,2025-06-24T07:05:00,22030.82,140.0,1.4000000000000001,0.043699999999989816,True
1750748400,2025-06-24T07:00:00,2025-06-24,LONDON_0800,US30,0.09999999999854481,6.5,1,LONG,SHORT,1750748700,2025-06-24T07:05:00,42803.65,170.0,1.7,0.065,True
1750771800,2025-06-24T13:30:00,2025-06-24,NEW_YORK_0930,US100,-6.25,15.5,-1,SHORT,LONG,1750772100,2025-06-24T13:35:00,22074.19,140.0,1.4000000000000001,0.155,True
1750771800,2025-06-24T13:30:00,2025-06-24,NEW_YORK_0930,US30,-0.5,16.5,-1,SHORT,LONG,1750772100,2025-06-24T13:35:00,42864.65,150.0,1.5,0.165,True
1750858200,2025-06-25T13:30:00,2025-06-25,NEW_YORK_0930,US100,9.75,13.62000000000262,1,LONG,SHORT,1750858500,2025-06-25T13:35:00,22230.49,140.0,1.4000000000000001,0.1362000000000262,True
1750858200,2025-06-25T13:30:00,2025-06-25,NEW_YORK_0930,US30,7.399999999994179,18.0,1,LONG,SHORT,1750858500,2025-06-25T13:35:00,43074.95,140.0,1.4000000000000001,0.18,True
1750944600,2025-06-26T13:30:00,2025-06-26,NEW_YORK_0930,US100,0.0,5.120000000002619,0,NONE,NONE,1750944900,2025-06-26T13:35:00,22363.88,140.0,1.4000000000000001,0.0512000000000262,True
1750944600,2025-06-26T13:30:00,2025-06-26,NEW_YORK_0930,US30,2.0,5.5,1,LONG,SHORT,1750944900,2025-06-26T13:35:00,43121.55,140.0,1.4000000000000001,0.055,True
1751031000,2025-06-27T13:30:00,2025-06-27,NEW_YORK_0930,US100,1.8800000000010186,4.0,1,LONG,SHORT,1751031300,2025-06-27T13:35:00,22528.82,140.0,1.4000000000000001,0.04,True
1751031000,2025-06-27T13:30:00,2025-06-27,NEW_YORK_0930,US30,3.5,7.0,1,LONG,SHORT,1751031300,2025-06-27T13:35:00,43524.25,140.0,1.4000000000000001,0.07,True
1751266800,2025-06-30T07:00:00,2025-06-30,LONDON_0800,US100,3.25,5.620000000002619,1,LONG,SHORT,1751267100,2025-06-30T07:05:00,22678.63,140.0,1.4000000000000001,0.056200000000026194,True
1751266800,2025-06-30T07:00:00,2025-06-30,LONDON_0800,US30,4.5,7.0,1,LONG,SHORT,1751267100,2025-06-30T07:05:00,44062.75,160.0,1.6,0.07,True
1751290200,2025-06-30T13:30:00,2025-06-30,NEW_YORK_0930,US100,-3.0,9.5,-1,SHORT,LONG,1751290500,2025-06-30T13:35:00,22703.01,140.0,1.4000000000000001,0.095,True
1751290200,2025-06-30T13:30:00,2025-06-30,NEW_YORK_0930,US30,-10.0,16.5,-1,SHORT,LONG,1751290500,2025-06-30T13:35:00,44021.35,140.0,1.4000000000000001,0.165,True
1751353200,2025-07-01T07:00:00,2025-07-01,LONDON_0800,US100,-0.5,9.0,-1,SHORT,LONG,1751353500,2025-07-01T07:05:00,22676.78,140.0,1.4000000000000001,0.09,True
1751353200,2025-07-01T07:00:00,2025-07-01,LONDON_0800,US30,4.0,11.0,1,LONG,SHORT,1751353500,2025-07-01T07:05:00,44056.25,170.0,1.7,0.11,True
1751376600,2025-07-01T13:30:00,2025-07-01,NEW_YORK_0930,US100,0.38000000000101863,4.5,1,LONG,SHORT,1751376900,2025-07-01T13:35:00,22632.53,140.0,1.4000000000000001,0.045,True
1751376600,2025-07-01T13:30:00,2025-07-01,NEW_YORK_0930,US30,-7.0,13.5,-1,SHORT,LONG,1751376900,2025-07-01T13:35:00,44049.85,140.0,1.4000000000000001,0.135,True
1751439600,2025-07-02T07:00:00,2025-07-02,LONDON_0800,US100,0.13000000000101863,4.75,1,LONG,SHORT,1751439900,2025-07-02T07:05:00,22546.14,140.0,1.4000000000000001,0.0475,True
1751439600,2025-07-02T07:00:00,2025-07-02,LONDON_0800,US30,-1.0,4.0,-1,SHORT,LONG,1751439900,2025-07-02T07:05:00,44565.55,160.0,1.6,0.04,True
1751463000,2025-07-02T13:30:00,2025-07-02,NEW_YORK_0930,US100,2.1300000000010186,15.25,1,LONG,SHORT,1751463300,2025-07-02T13:35:00,22500.64,140.0,1.4000000000000001,0.1525,True
1751463000,2025-07-02T13:30:00,2025-07-02,NEW_YORK_0930,US30,5.0,17.0,1,LONG,SHORT,1751463300,2025-07-02T13:35:00,44576.55,140.0,1.4000000000000001,0.17,True
1751549400,2025-07-03T13:30:00,2025-07-03,NEW_YORK_0930,US100,6.5,7.25,1,LONG,SHORT,1751549700,2025-07-03T13:35:00,22652.88,140.0,1.4000000000000001,0.0725,True
1751549400,2025-07-03T13:30:00,2025-07-03,NEW_YORK_0930,US30,8.0,10.0,1,LONG,SHORT,1751549700,2025-07-03T13:35:00,44493.05,140.0,1.4000000000000001,0.1,True
1751612400,2025-07-04T07:00:00,2025-07-04,LONDON_0800,US100,-4.0,7.25,-1,SHORT,LONG,1751612700,2025-07-04T07:05:00,22817.55,140.0,1.4000000000000001,0.0725,True
1751612400,2025-07-04T07:00:00,2025-07-04,LONDON_0800,US30,1.5,7.5,1,LONG,SHORT,1751612700,2025-07-04T07:05:00,44700.15,160.0,1.6,0.075,True
1751635800,2025-07-04T13:30:00,2025-07-04,NEW_YORK_0930,US100,2.1199999999989814,19.75,1,LONG,SHORT,1751636100,2025-07-04T13:35:00,22743.92,140.0,1.4000000000000001,0.1975,True
1751635800,2025-07-04T13:30:00,2025-07-04,NEW_YORK_0930,US30,0.5,15.0,1,LONG,SHORT,1751636100,2025-07-04T13:35:00,44580.25,140.0,1.4000000000000001,0.15,True
1751871600,2025-07-07T07:00:00,2025-07-07,LONDON_0800,US100,13.5,15.869999999998981,1,LONG,SHORT,1751871900,2025-07-07T07:05:00,22806.45,140.0,1.4000000000000001,0.15869999999998982,True
1751871600,2025-07-07T07:00:00,2025-07-07,LONDON_0800,US30,23.400000000001455,27.400000000001455,1,LONG,SHORT,1751871900,2025-07-07T07:05:00,44714.25,170.0,1.7,0.27400000000001457,True
1751895000,2025-07-07T13:30:00,2025-07-07,NEW_YORK_0930,US100,3.5,10.75,1,LONG,SHORT,1751895300,2025-07-07T13:35:00,22801.83,140.0,1.4000000000000001,0.1075,True
1751895000,2025-07-07T13:30:00,2025-07-07,NEW_YORK_0930,US30,-11.5,15.5,-1,SHORT,LONG,1751895300,2025-07-07T13:35:00,44793.45,140.0,1.4000000000000001,0.155,True
1751958000,2025-07-08T07:00:00,2025-07-08,LONDON_0800,US100,0.11999999999898137,5.869999999998981,1,LONG,SHORT,1751958300,2025-07-08T07:05:00,22737.26,140.0,1.4000000000000001,0.058699999999989816,True
1751958000,2025-07-08T07:00:00,2025-07-08,LONDON_0800,US30,3.0,7.0,1,LONG,SHORT,1751958300,2025-07-08T07:05:00,44362.75,160.0,1.6,0.07,True
1751981400,2025-07-08T13:30:00,2025-07-08,NEW_YORK_0930,US100,5.0,12.0,1,LONG,SHORT,1751981700,2025-07-08T13:35:00,22747.89,140.0,1.4000000000000001,0.12,True
1751981400,2025-07-08T13:30:00,2025-07-08,NEW_YORK_0930,US30,5.0,20.0,1,LONG,SHORT,1751981700,2025-07-08T13:35:00,44344.35,140.0,1.4000000000000001,0.2,True
1752067800,2025-07-09T13:30:00,2025-07-09,NEW_YORK_0930,US100,9.5,13.25,1,LONG,SHORT,1752068100,2025-07-09T13:35:00,22753.42,140.0,1.4000000000000001,0.1325,True
1752067800,2025-07-09T13:30:00,2025-07-09,NEW_YORK_0930,US30,10.0,16.5,1,LONG,SHORT,1752068100,2025-07-09T13:35:00,44323.35,140.0,1.4000000000000001,0.165,True
1752130800,2025-07-10T07:00:00,2025-07-10,LONDON_0800,US100,-1.1199999999989814,2.3800000000010186,-1,SHORT,LONG,1752131100,2025-07-10T07:05:00,22822.43,140.0,1.4000000000000001,0.023800000000010188,True
1752130800,2025-07-10T07:00:00,2025-07-10,LONDON_0800,US30,-2.0,4.0,-1,SHORT,LONG,1752131100,2025-07-10T07:05:00,44337.55,160.0,1.6,0.04,True
1752154200,2025-07-10T13:30:00,2025-07-10,NEW_YORK_0930,US100,7.25,9.0,1,LONG,SHORT,1752154500,2025-07-10T13:35:00,22865.93,140.0,1.4000000000000001,0.09,True
1752154200,2025-07-10T13:30:00,2025-07-10,NEW_YORK_0930,US30,8.0,16.0,1,LONG,SHORT,1752154500,2025-07-10T13:35:00,44372.15,140.0,1.4000000000000001,0.16,True
1752217200,2025-07-11T07:00:00,2025-07-11,LONDON_0800,US100,-4.0,6.119999999998981,-1,SHORT,LONG,1752217500,2025-07-11T07:05:00,22794.02,140.0,1.4000000000000001,0.06119999999998982,True
1752217200,2025-07-11T07:00:00,2025-07-11,LONDON_0800,US30,-9.099999999998545,15.099999999998545,-1,SHORT,LONG,1752217500,2025-07-11T07:05:00,44510.35,180.0,1.8,0.15099999999998545,True
1752240600,2025-07-11T13:30:00,2025-07-11,NEW_YORK_0930,US100,-0.75,7.630000000001019,-1,SHORT,LONG,1752240900,2025-07-11T13:35:00,22706.65,140.0,1.4000000000000001,0.07630000000001019,True
1752240600,2025-07-11T13:30:00,2025-07-11,NEW_YORK_0930,US30,-0.39999999999417923,13.89999999999418,-1,SHORT,LONG,1752240900,2025-07-11T13:35:00,44336.55,140.0,1.4000000000000001,0.1389999999999418,True
1752476400,2025-07-14T07:00:00,2025-07-14,LONDON_0800,US100,-5.75,6.880000000001019,-1,SHORT,LONG,1752476700,2025-07-14T07:05:00,22706.63,140.0,1.4000000000000001,0.06880000000001019,True
1752476400,2025-07-14T07:00:00,2025-07-14,LONDON_0800,US30,-11.0,12.0,-1,SHORT,LONG,1752476700,2025-07-14T07:05:00,44157.15,160.0,1.6,0.12,True
1752499800,2025-07-14T13:30:00,2025-07-14,NEW_YORK_0930,US100,-7.869999999998981,9.380000000001019,-1,SHORT,LONG,1752500100,2025-07-14T13:35:00,22714.13,140.0,1.4000000000000001,0.0938000000000102,True
1752499800,2025-07-14T13:30:00,2025-07-14,NEW_YORK_0930,US30,-5.0,12.0,-1,SHORT,LONG,1752500100,2025-07-14T13:35:00,44222.25,140.0,1.4000000000000001,0.12,True
1752562800,2025-07-15T07:00:00,2025-07-15,LONDON_0800,US100,0.75,5.879999999997381,1,LONG,SHORT,1752563100,2025-07-15T07:05:00,22936.15,140.0,1.4000000000000001,0.05879999999997381,True
1752562800,2025-07-15T07:00:00,2025-07-15,LONDON_0800,US30,-1.0,6.400000000001455,-1,SHORT,LONG,1752563100,2025-07-15T07:05:00,44426.75,170.0,1.7,0.06400000000001456,True
1752586200,2025-07-15T13:30:00,2025-07-15,NEW_YORK_0930,US100,-3.1299999999973807,10.75,-1,SHORT,LONG,1752586500,2025-07-15T13:35:00,23018.9,140.0,1.4000000000000001,0.1075,True
1752586200,2025-07-15T13:30:00,2025-07-15,NEW_YORK_0930,US30,17.900000000001455,43.400000000001455,1,LONG,SHORT,1752586500,2025-07-15T13:35:00,44477.85,150.0,1.5,0.43400000000001454,True
1752649200,2025-07-16T07:00:00,2025-07-16,LONDON_0800,US100,11.87000000000262,11.87000000000262,1,LONG,SHORT,1752649500,2025-07-16T07:05:00,22871.67,140.0,1.4000000000000001,0.1187000000000262,True
1752649200,2025-07-16T07:00:00,2025-07-16,LONDON_0800,US30,16.099999999998545,17.599999999998545,1,LONG,SHORT,1752649500,2025-07-16T07:05:00,43965.65,160.0,1.6,0.17599999999998545,True
1752672600,2025-07-16T13:30:00,2025-07-16,NEW_YORK_0930,US100,3.0,14.25,1,LONG,SHORT,1752672900,2025-07-16T13:35:00,22845.17,140.0,1.4000000000000001,0.14250000000000002,True
1752672600,2025-07-16T13:30:00,2025-07-16,NEW_YORK_0930,US30,-2.599999999998545,17.0,-1,SHORT,LONG,1752672900,2025-07-16T13:35:00,44044.65,150.0,1.5,0.17,True
1752735600,2025-07-17T07:00:00,2025-07-17,LONDON_0800,US100,-0.25,1.75,-1,SHORT,LONG,1752735900,2025-07-17T07:05:00,22885.29,140.0,1.4000000000000001,0.0175,True
1752735600,2025-07-17T07:00:00,2025-07-17,LONDON_0800,US30,0.5,3.5,1,LONG,SHORT,1752735900,2025-07-17T07:05:00,44164.15,160.0,1.6,0.035,True
1752759000,2025-07-17T13:30:00,2025-07-17,NEW_YORK_0930,US100,-2.0,7.25,-1,SHORT,LONG,1752759300,2025-07-17T13:35:00,22956.54,140.0,1.4000000000000001,0.0725,True
1752759000,2025-07-17T13:30:00,2025-07-17,NEW_YORK_0930,US30,0.0,10.0,0,NONE,NONE,1752759300,2025-07-17T13:35:00,44183.75,140.0,1.4000000000000001,0.1,True
1752845400,2025-07-18T13:30:00,2025-07-18,NEW_YORK_0930,US100,-0.8799999999973807,9.75,-1,SHORT,LONG,1752845700,2025-07-18T13:35:00,23108.46,140.0,1.4000000000000001,0.0975,True
1752845400,2025-07-18T13:30:00,2025-07-18,NEW_YORK_0930,US30,13.400000000001455,20.400000000001455,1,LONG,SHORT,1752845700,2025-07-18T13:35:00,44522.15,150.0,1.5,0.20400000000001456,True
1753104600,2025-07-21T13:30:00,2025-07-21,NEW_YORK_0930,US100,-7.0,8.5,-1,SHORT,LONG,1753104900,2025-07-21T13:35:00,23148.52,140.0,1.4000000000000001,0.085,True
1753104600,2025-07-21T13:30:00,2025-07-21,NEW_YORK_0930,US30,-3.0,10.0,-1,SHORT,LONG,1753104900,2025-07-21T13:35:00,44435.05,140.0,1.4000000000000001,0.1,True
1753191000,2025-07-22T13:30:00,2025-07-22,NEW_YORK_0930,US100,-1.8800000000010186,9.369999999998981,-1,SHORT,LONG,1753191300,2025-07-22T13:35:00,23149.7,140.0,1.4000000000000001,0.09369999999998982,True
1753191000,2025-07-22T13:30:00,2025-07-22,NEW_YORK_0930,US30,-4.5,11.0,-1,SHORT,LONG,1753191300,2025-07-22T13:35:00,44336.55,140.0,1.4000000000000001,0.11,True
1753254000,2025-07-23T07:00:00,2025-07-23,LONDON_0800,US100,0.6199999999989814,4.0,1,LONG,SHORT,1753254300,2025-07-23T07:05:00,23103.11,140.0,1.4000000000000001,0.04,True
1753254000,2025-07-23T07:00:00,2025-07-23,LONDON_0800,US30,-5.5,9.5,-1,SHORT,LONG,1753254300,2025-07-23T07:05:00,44616.45,170.0,1.7,0.095,True
1753277400,2025-07-23T13:30:00,2025-07-23,NEW_YORK_0930,US100,2.8800000000010186,9.369999999998981,1,LONG,SHORT,1753277700,2025-07-23T13:35:00,23139.11,140.0,1.4000000000000001,0.09369999999998982,True
1753277400,2025-07-23T13:30:00,2025-07-23,NEW_YORK_0930,US30,-3.5,15.5,-1,SHORT,LONG,1753277700,2025-07-23T13:35:00,44737.05,140.0,1.4000000000000001,0.155,True
1753363800,2025-07-24T13:30:00,2025-07-24,NEW_YORK_0930,US100,-4.0,13.119999999998981,-1,SHORT,LONG,1753364100,2025-07-24T13:35:00,23233.01,140.0,1.4000000000000001,0.13119999999998982,True
1753363800,2025-07-24T13:30:00,2025-07-24,NEW_YORK_0930,US30,-19.0,30.5,-1,SHORT,LONG,1753364100,2025-07-24T13:35:00,44830.65,140.0,1.4000000000000001,0.305,True
1753450200,2025-07-25T13:30:00,2025-07-25,NEW_YORK_0930,US100,9.119999999998981,10.380000000001019,1,LONG,SHORT,1753450500,2025-07-25T13:35:00,23252.89,140.0,1.4000000000000001,0.10380000000001019,True
1753450200,2025-07-25T13:30:00,2025-07-25,NEW_YORK_0930,US30,16.5,17.0,1,LONG,SHORT,1753450500,2025-07-25T13:35:00,44775.15,140.0,1.4000000000000001,0.17,True
1753709400,2025-07-28T13:30:00,2025-07-28,NEW_YORK_0930,US100,-1.75,5.75,-1,SHORT,LONG,1753709700,2025-07-28T13:35:00,23393.95,140.0,1.4000000000000001,0.0575,True
1753709400,2025-07-28T13:30:00,2025-07-28,NEW_YORK_0930,US30,-11.0,18.5,-1,SHORT,LONG,1753709700,2025-07-28T13:35:00,44953.95,140.0,1.4000000000000001,0.185,True
1753795800,2025-07-29T13:30:00,2025-07-29,NEW_YORK_0930,US100,2.6200000000026193,5.370000000002619,1,LONG,SHORT,1753796100,2025-07-29T13:35:00,23479.4,140.0,1.4000000000000001,0.05370000000002619,True
1753795800,2025-07-29T13:30:00,2025-07-29,NEW_YORK_0930,US30,16.900000000001455,35.900000000001455,1,LONG,SHORT,1753796100,2025-07-29T13:35:00,44891.55,160.0,1.6,0.3590000000000146,True
1753882200,2025-07-30T13:30:00,2025-07-30,NEW_YORK_0930,US100,-1.75,4.5,-1,SHORT,LONG,1753882500,2025-07-30T13:35:00,23380.81,140.0,1.4000000000000001,0.045,True
1753882200,2025-07-30T13:30:00,2025-07-30,NEW_YORK_0930,US30,-12.5,16.0,-1,SHORT,LONG,1753882500,2025-07-30T13:35:00,44652.55,140.0,1.4000000000000001,0.16,True
1753968600,2025-07-31T13:30:00,2025-07-31,NEW_YORK_0930,US100,4.629999999997381,6.0,1,LONG,SHORT,1753968900,2025-07-31T13:35:00,23682.08,140.0,1.4000000000000001,0.06,True
1753968600,2025-07-31T13:30:00,2025-07-31,NEW_YORK_0930,US30,9.0,15.0,1,LONG,SHORT,1753968900,2025-07-31T13:35:00,44623.25,140.0,1.4000000000000001,0.15,True
1754031600,2025-08-01T07:00:00,2025-08-01,LONDON_0800,US100,0.36999999999898137,18.5,1,LONG,SHORT,1754031900,2025-08-01T07:05:00,23191.52,140.0,1.4000000000000001,0.185,True
1754031600,2025-08-01T07:00:00,2025-08-01,LONDON_0800,US30,-4.5,28.5,-1,SHORT,LONG,1754031900,2025-08-01T07:05:00,44085.25,200.0,2.0,0.28500000000000003,True
1754055000,2025-08-01T13:30:00,2025-08-01,NEW_YORK_0930,US100,-0.13000000000101863,10.0,-1,SHORT,LONG,1754055300,2025-08-01T13:35:00,22987.65,140.0,1.4000000000000001,0.1,True
1754055000,2025-08-01T13:30:00,2025-08-01,NEW_YORK_0930,US30,-8.5,18.0,-1,SHORT,LONG,1754055300,2025-08-01T13:35:00,43721.95,150.0,1.5,0.18,True
1754290800,2025-08-04T07:00:00,2025-08-04,LONDON_0800,US100,-3.6200000000026193,7.25,-1,SHORT,LONG,1754291100,2025-08-04T07:05:00,22878.76,140.0,1.4000000000000001,0.0725,True
1754290800,2025-08-04T07:00:00,2025-08-04,LONDON_0800,US30,-9.0,10.0,-1,SHORT,LONG,1754291100,2025-08-04T07:05:00,43742.4,120.0,1.2,0.1,True
1754314200,2025-08-04T13:30:00,2025-08-04,NEW_YORK_0930,US100,3.25,8.62999999999738,1,LONG,SHORT,1754314500,2025-08-04T13:35:00,22966.63,140.0,1.4000000000000001,0.08629999999997381,True
1754314200,2025-08-04T13:30:00,2025-08-04,NEW_YORK_0930,US30,7.0,9.0,1,LONG,SHORT,1754314500,2025-08-04T13:35:00,43881.4,120.0,1.2,0.09,True
1754377200,2025-08-05T07:00:00,2025-08-05,LONDON_0800,US100,1.0,3.75,1,LONG,SHORT,1754377500,2025-08-05T07:05:00,23241.9,140.0,1.4000000000000001,0.0375,True
1754377200,2025-08-05T07:00:00,2025-08-05,LONDON_0800,US30,0.0,7.0,0,NONE,NONE,1754377500,2025-08-05T07:05:00,44250.4,120.0,1.2,0.07,True
1754400600,2025-08-05T13:30:00,2025-08-05,NEW_YORK_0930,US100,-3.25,14.25,-1,SHORT,LONG,1754400900,2025-08-05T13:35:00,23270.9,140.0,1.4000000000000001,0.14250000000000002,True
1754400600,2025-08-05T13:30:00,2025-08-05,NEW_YORK_0930,US30,-32.599999999998545,95.0,-1,SHORT,LONG,1754400900,2025-08-05T13:35:00,44173.4,120.0,1.2,0.9500000000000001,True
1754463600,2025-08-06T07:00:00,2025-08-06,LONDON_0800,US100,3.75,6.25,1,LONG,SHORT,1754463900,2025-08-06T07:05:00,23070.82,140.0,1.4000000000000001,0.0625,True
1754463600,2025-08-06T07:00:00,2025-08-06,LONDON_0800,US30,7.0,9.0,1,LONG,SHORT,1754463900,2025-08-06T07:05:00,44261.4,120.0,1.2,0.09,True
1754487000,2025-08-06T13:30:00,2025-08-06,NEW_YORK_0930,US100,-2.8699999999989814,13.5,-1,SHORT,LONG,1754487300,2025-08-06T13:35:00,23047.07,140.0,1.4000000000000001,0.135,True
1754487000,2025-08-06T13:30:00,2025-08-06,NEW_YORK_0930,US30,7.0,13.0,1,LONG,SHORT,1754487300,2025-08-06T13:35:00,44305.4,120.0,1.2,0.13,True
1754550000,2025-08-07T07:00:00,2025-08-07,LONDON_0800,US100,5.630000000001019,8.369999999998981,1,LONG,SHORT,1754550300,2025-08-07T07:05:00,23399.22,140.0,1.4000000000000001,0.08369999999998981,True
1754550000,2025-08-07T07:00:00,2025-08-07,LONDON_0800,US30,10.0,15.0,1,LONG,SHORT,1754550300,2025-08-07T07:05:00,44271.4,120.0,1.2,0.15,True
1754573400,2025-08-07T13:30:00,2025-08-07,NEW_YORK_0930,US100,-3.75,14.130000000001019,-1,SHORT,LONG,1754573700,2025-08-07T13:35:00,23509.84,140.0,1.4000000000000001,0.1413000000000102,True
1754573400,2025-08-07T13:30:00,2025-08-07,NEW_YORK_0930,US30,-4.0,23.5,-1,SHORT,LONG,1754573700,2025-08-07T13:35:00,44487.4,120.0,1.2,0.23500000000000001,True
1754636400,2025-08-08T07:00:00,2025-08-08,LONDON_0800,US100,-12.380000000001019,19.25,-1,SHORT,LONG,1754636700,2025-08-08T07:05:00,23446.94,140.0,1.4000000000000001,0.1925,True
1754636400,2025-08-08T07:00:00,2025-08-08,LONDON_0800,US30,-18.0,25.400000000001455,-1,SHORT,LONG,1754636700,2025-08-08T07:05:00,44055.4,120.0,1.2,0.25400000000001455,True
1754659800,2025-08-08T13:30:00,2025-08-08,NEW_YORK_0930,US100,1.1300000000010186,4.5,1,LONG,SHORT,1754660100,2025-08-08T13:35:00,23470.19,140.0,1.4000000000000001,0.045,True
1754659800,2025-08-08T13:30:00,2025-08-08,NEW_YORK_0930,US30,5.5,11.5,1,LONG,SHORT,1754660100,2025-08-08T13:35:00,44075.4,120.0,1.2,0.115,True
1754895600,2025-08-11T07:00:00,2025-08-11,LONDON_0800,US100,-2.5,9.0,-1,SHORT,LONG,1754895900,2025-08-11T07:05:00,23664.29,140.0,1.4000000000000001,0.09,True
1754895600,2025-08-11T07:00:00,2025-08-11,LONDON_0800,US30,-1.0,8.0,-1,SHORT,LONG,1754895900,2025-08-11T07:05:00,44272.4,120.0,1.2,0.08,True
1754919000,2025-08-11T13:30:00,2025-08-11,NEW_YORK_0930,US100,-8.75,10.75,-1,SHORT,LONG,1754919300,2025-08-11T13:35:00,23641.42,140.0,1.4000000000000001,0.1075,True
1754919000,2025-08-11T13:30:00,2025-08-11,NEW_YORK_0930,US30,-5.0,11.0,-1,SHORT,LONG,1754919300,2025-08-11T13:35:00,44302.4,120.0,1.2,0.11,True
1754982000,2025-08-12T07:00:00,2025-08-12,LONDON_0800,US100,-4.380000000001019,4.5,-1,SHORT,LONG,1754982300,2025-08-12T07:05:00,23567.7,140.0,1.4000000000000001,0.045,True
1754982000,2025-08-12T07:00:00,2025-08-12,LONDON_0800,US30,-4.0,4.900000000001455,-1,SHORT,LONG,1754982300,2025-08-12T07:05:00,44039.4,120.0,1.2,0.04900000000001455,True
1755005400,2025-08-12T13:30:00,2025-08-12,NEW_YORK_0930,US100,2.8699999999989814,7.75,1,LONG,SHORT,1755005700,2025-08-12T13:35:00,23551.95,140.0,1.4000000000000001,0.0775,True
1755005400,2025-08-12T13:30:00,2025-08-12,NEW_YORK_0930,US30,12.0,14.0,1,LONG,SHORT,1755005700,2025-08-12T13:35:00,44015.4,120.0,1.2,0.14,True
1755068400,2025-08-13T07:00:00,2025-08-13,LONDON_0800,US100,0.75,3.0,1,LONG,SHORT,1755068700,2025-08-13T07:05:00,23861.25,140.0,1.4000000000000001,0.03,True
1755068400,2025-08-13T07:00:00,2025-08-13,LONDON_0800,US30,1.0,5.0,1,LONG,SHORT,1755068700,2025-08-13T07:05:00,44472.4,120.0,1.2,0.05,True
1755091800,2025-08-13T13:30:00,2025-08-13,NEW_YORK_0930,US100,0.25,5.0,1,LONG,SHORT,1755092100,2025-08-13T13:35:00,23919.0,140.0,1.4000000000000001,0.05,True
1755091800,2025-08-13T13:30:00,2025-08-13,NEW_YORK_0930,US30,3.0,11.0,1,LONG,SHORT,1755092100,2025-08-13T13:35:00,44611.4,120.0,1.2,0.11,True
1755154800,2025-08-14T07:00:00,2025-08-14,LONDON_0800,US100,1.5,3.3799999999973807,1,LONG,SHORT,1755155100,2025-08-14T07:05:00,23847.03,140.0,1.4000000000000001,0.03379999999997381,True
1755154800,2025-08-14T07:00:00,2025-08-14,LONDON_0800,US30,4.0,5.0,1,LONG,SHORT,1755155100,2025-08-14T07:05:00,44948.4,120.0,1.2,0.05,True
1755178200,2025-08-14T13:30:00,2025-08-14,NEW_YORK_0930,US100,6.620000000002619,7.629999999997381,1,LONG,SHORT,1755178500,2025-08-14T13:35:00,23853.65,140.0,1.4000000000000001,0.0762999999999738,True
1755178200,2025-08-14T13:30:00,2025-08-14,NEW_YORK_0930,US30,11.5,13.0,1,LONG,SHORT,1755178500,2025-08-14T13:35:00,44962.4,120.0,1.2,0.13,True
1755241200,2025-08-15T07:00:00,2025-08-15,LONDON_0800,US100,7.25,9.619999999998981,1,LONG,SHORT,1755241500,2025-08-15T07:05:00,23857.09,140.0,1.4000000000000001,0.09619999999998982,True
1755241200,2025-08-15T07:00:00,2025-08-15,LONDON_0800,US30,11.0,15.0,1,LONG,SHORT,1755241500,2025-08-15T07:05:00,45222.4,120.0,1.2,0.15,True
1755264600,2025-08-15T13:30:00,2025-08-15,NEW_YORK_0930,US100,14.5,15.869999999998981,1,LONG,SHORT,1755264900,2025-08-15T13:35:00,23829.34,140.0,1.4000000000000001,0.15869999999998982,True
1755264600,2025-08-15T13:30:00,2025-08-15,NEW_YORK_0930,US30,9.0,20.5,1,LONG,SHORT,1755264900,2025-08-15T13:35:00,45214.4,120.0,1.2,0.20500000000000002,True
1755500400,2025-08-18T07:00:00,2025-08-18,LONDON_0800,US100,0.25,4.0,1,LONG,SHORT,1755500700,2025-08-18T07:05:00,23787.0,140.0,1.4000000000000001,0.04,True
1755500400,2025-08-18T07:00:00,2025-08-18,LONDON_0800,US30,5.0,7.0,1,LONG,SHORT,1755500700,2025-08-18T07:05:00,45045.4,120.0,1.2,0.07,True
1755523800,2025-08-18T13:30:00,2025-08-18,NEW_YORK_0930,US100,7.5,10.5,1,LONG,SHORT,1755524100,2025-08-18T13:35:00,23700.87,140.0,1.4000000000000001,0.105,True
1755523800,2025-08-18T13:30:00,2025-08-18,NEW_YORK_0930,US30,11.0,14.0,1,LONG,SHORT,1755524100,2025-08-18T13:35:00,44925.9,120.0,1.2,0.14,True
1755586800,2025-08-19T07:00:00,2025-08-19,LONDON_0800,US100,-4.75,7.630000000001019,-1,SHORT,LONG,1755587100,2025-08-19T07:05:00,23680.29,140.0,1.4000000000000001,0.07630000000001019,True
1755586800,2025-08-19T07:00:00,2025-08-19,LONDON_0800,US30,-3.0,8.0,-1,SHORT,LONG,1755587100,2025-08-19T07:05:00,44895.4,120.0,1.2,0.08,True
1755610200,2025-08-19T13:30:00,2025-08-19,NEW_YORK_0930,US100,-6.75,8.630000000001019,-1,SHORT,LONG,1755610500,2025-08-19T13:35:00,23703.54,140.0,1.4000000000000001,0.08630000000001019,True
1755610200,2025-08-19T13:30:00,2025-08-19,NEW_YORK_0930,US30,1.0,12.0,1,LONG,SHORT,1755610500,2025-08-19T13:35:00,44908.4,120.0,1.2,0.12,True
1755673200,2025-08-20T07:00:00,2025-08-20,LONDON_0800,US100,3.5,5.630000000001019,1,LONG,SHORT,1755673500,2025-08-20T07:05:00,23282.72,140.0,1.4000000000000001,0.05630000000001019,True
1755673200,2025-08-20T07:00:00,2025-08-20,LONDON_0800,US30,8.0,11.0,1,LONG,SHORT,1755673500,2025-08-20T07:05:00,44826.4,120.0,1.2,0.11,True
1755696600,2025-08-20T13:30:00,2025-08-20,NEW_YORK_0930,US100,-14.0,17.5,-1,SHORT,LONG,1755696900,2025-08-20T13:35:00,23347.84,140.0,1.4000000000000001,0.17500000000000002,True
1755696600,2025-08-20T13:30:00,2025-08-20,NEW_YORK_0930,US30,-6.5,15.0,-1,SHORT,LONG,1755696900,2025-08-20T13:35:00,44889.9,120.0,1.2,0.15,True
1755759600,2025-08-21T07:00:00,2025-08-21,LONDON_0800,US100,-1.0,5.75,-1,SHORT,LONG,1755759900,2025-08-21T07:05:00,23273.6,140.0,1.4000000000000001,0.0575,True
1755759600,2025-08-21T07:00:00,2025-08-21,LONDON_0800,US30,1.0,9.0,1,LONG,SHORT,1755759900,2025-08-21T07:05:00,44937.4,120.0,1.2,0.09,True
1755783000,2025-08-21T13:30:00,2025-08-21,NEW_YORK_0930,US100,-7.0,13.5,-1,SHORT,LONG,1755783300,2025-08-21T13:35:00,23228.1,140.0,1.4000000000000001,0.135,True
1755783000,2025-08-21T13:30:00,2025-08-21,NEW_YORK_0930,US30,-20.0,30.0,-1,SHORT,LONG,1755783300,2025-08-21T13:35:00,44767.4,120.0,1.2,0.3,True
1755846000,2025-08-22T07:00:00,2025-08-22,LONDON_0800,US100,3.25,7.129999999997381,1,LONG,SHORT,1755846300,2025-08-22T07:05:00,23133.01,140.0,1.4000000000000001,0.07129999999997381,True
1755846000,2025-08-22T07:00:00,2025-08-22,LONDON_0800,US30,4.0,9.0,1,LONG,SHORT,1755846300,2025-08-22T07:05:00,44811.4,120.0,1.2,0.09,True
1755869400,2025-08-22T13:30:00,2025-08-22,NEW_YORK_0930,US100,1.5,8.25,1,LONG,SHORT,1755869700,2025-08-22T13:35:00,23203.38,140.0,1.4000000000000001,0.0825,True
1755869400,2025-08-22T13:30:00,2025-08-22,NEW_YORK_0930,US30,5.0,10.0,1,LONG,SHORT,1755869700,2025-08-22T13:35:00,44958.4,120.0,1.2,0.1,True
1756105200,2025-08-25T07:00:00,2025-08-25,LONDON_0800,US100,-1.8700000000026193,3.25,-1,SHORT,LONG,1756105500,2025-08-25T07:05:00,23488.67,140.0,1.4000000000000001,0.0325,True
1756105200,2025-08-25T07:00:00,2025-08-25,LONDON_0800,US30,-3.0,5.0,-1,SHORT,LONG,1756105500,2025-08-25T07:05:00,45619.4,120.0,1.2,0.05,True
1756128600,2025-08-25T13:30:00,2025-08-25,NEW_YORK_0930,US100,7.0,23.37999999999738,1,LONG,SHORT,1756128900,2025-08-25T13:35:00,23427.29,140.0,1.4000000000000001,0.2337999999999738,True
1756128600,2025-08-25T13:30:00,2025-08-25,NEW_YORK_0930,US30,4.5,7.5,1,LONG,SHORT,1756128900,2025-08-25T13:35:00,45574.4,120.0,1.2,0.075,True
1756191600,2025-08-26T07:00:00,2025-08-26,LONDON_0800,US100,-0.5,6.369999999998981,-1,SHORT,LONG,1756191900,2025-08-26T07:05:00,23396.31,140.0,1.4000000000000001,0.06369999999998982,True
1756191600,2025-08-26T07:00:00,2025-08-26,LONDON_0800,US30,-3.0,14.0,-1,SHORT,LONG,1756191900,2025-08-26T07:05:00,45243.4,120.0,1.2,0.14,True
1756215000,2025-08-26T13:30:00,2025-08-26,NEW_YORK_0930,US100,4.25,9.869999999998981,1,LONG,SHORT,1756215300,2025-08-26T13:35:00,23446.81,140.0,1.4000000000000001,0.09869999999998981,True
1756215000,2025-08-26T13:30:00,2025-08-26,NEW_YORK_0930,US30,2.0,16.0,1,LONG,SHORT,1756215300,2025-08-26T13:35:00,45255.0,120.0,1.2,0.16,True
1756278000,2025-08-27T07:00:00,2025-08-27,LONDON_0800,US100,-2.0,2.25,-1,SHORT,LONG,1756278300,2025-08-27T07:05:00,23560.15,140.0,1.4000000000000001,0.0225,True
1756278000,2025-08-27T07:00:00,2025-08-27,LONDON_0800,US30,-1.0,2.0,-1,SHORT,LONG,1756278300,2025-08-27T07:05:00,45491.4,120.0,1.2,0.02,True
1756301400,2025-08-27T13:30:00,2025-08-27,NEW_YORK_0930,US100,-3.1300000000010186,7.369999999998981,-1,SHORT,LONG,1756301700,2025-08-27T13:35:00,23548.27,140.0,1.4000000000000001,0.07369999999998982,True
1756301400,2025-08-27T13:30:00,2025-08-27,NEW_YORK_0930,US30,-10.0,14.400000000001455,-1,SHORT,LONG,1756301700,2025-08-27T13:35:00,45471.4,120.0,1.2,0.14400000000001456,True
1756364400,2025-08-28T07:00:00,2025-08-28,LONDON_0800,US100,-14.25,14.369999999998981,-1,SHORT,LONG,1756364700,2025-08-28T07:05:00,23512.43,140.0,1.4000000000000001,0.1436999999999898,True
1756364400,2025-08-28T07:00:00,2025-08-28,LONDON_0800,US30,-20.0,25.0,-1,SHORT,LONG,1756364700,2025-08-28T07:05:00,45675.4,120.0,1.2,0.25,True
1756387800,2025-08-28T13:30:00,2025-08-28,NEW_YORK_0930,US100,0.75,8.75,1,LONG,SHORT,1756388100,2025-08-28T13:35:00,23571.43,140.0,1.4000000000000001,0.08750000000000001,True
1756387800,2025-08-28T13:30:00,2025-08-28,NEW_YORK_0930,US30,-4.0,7.900000000001455,-1,SHORT,LONG,1756388100,2025-08-28T13:35:00,45680.4,120.0,1.2,0.07900000000001456,True
1756450800,2025-08-29T07:00:00,2025-08-29,LONDON_0800,US100,-0.11999999999898137,3.3800000000010186,-1,SHORT,LONG,1756451100,2025-08-29T07:05:00,23679.84,140.0,1.4000000000000001,0.03380000000001019,True
1756450800,2025-08-29T07:00:00,2025-08-29,LONDON_0800,US30,3.0,6.0,1,LONG,SHORT,1756451100,2025-08-29T07:05:00,45597.4,120.0,1.2,0.06,True
1756474200,2025-08-29T13:30:00,2025-08-29,NEW_YORK_0930,US100,-1.6300000000010186,9.0,-1,SHORT,LONG,1756474500,2025-08-29T13:35:00,23598.84,140.0,1.4000000000000001,0.09,True
1756474200,2025-08-29T13:30:00,2025-08-29,NEW_YORK_0930,US30,-2.5,11.0,-1,SHORT,LONG,1756474500,2025-08-29T13:35:00,45511.4,120.0,1.2,0.11,True
1756710000,2025-09-01T07:00:00,2025-09-01,LONDON_0800,US100,-1.1200000000026193,4.25,-1,SHORT,LONG,1756710300,2025-09-01T07:05:00,23402.46,140.0,1.4000000000000001,0.0425,True
1756710000,2025-09-01T07:00:00,2025-09-01,LONDON_0800,US30,6.0,14.0,1,LONG,SHORT,1756710300,2025-09-01T07:05:00,45587.4,120.0,1.2,0.14,True
1756733400,2025-09-01T13:30:00,2025-09-01,NEW_YORK_0930,US100,0.25,8.5,1,LONG,SHORT,1756733700,2025-09-01T13:35:00,23451.96,140.0,1.4000000000000001,0.085,True
1756733400,2025-09-01T13:30:00,2025-09-01,NEW_YORK_0930,US30,2.5,13.400000000001455,1,LONG,SHORT,1756733700,2025-09-01T13:35:00,45589.9,120.0,1.2,0.13400000000001455,True
1756796400,2025-09-02T07:00:00,2025-09-02,LONDON_0800,US100,2.3799999999973807,7.629999999997381,1,LONG,SHORT,1756796700,2025-09-02T07:05:00,23403.46,140.0,1.4000000000000001,0.0762999999999738,True
1756796400,2025-09-02T07:00:00,2025-09-02,LONDON_0800,US30,4.0,13.0,1,LONG,SHORT,1756796700,2025-09-02T07:05:00,45565.4,120.0,1.2,0.13,True
1756819800,2025-09-02T13:30:00,2025-09-02,NEW_YORK_0930,US100,0.5,20.75,1,LONG,SHORT,1756820100,2025-09-02T13:35:00,23217.21,140.0,1.4000000000000001,0.20750000000000002,True
1756819800,2025-09-02T13:30:00,2025-09-02,NEW_YORK_0930,US30,-7.400000000001455,29.900000000001455,-1,SHORT,LONG,1756820100,2025-09-02T13:35:00,45326.0,120.0,1.2,0.29900000000001453,True
1756882800,2025-09-03T07:00:00,2025-09-03,LONDON_0800,US100,0.5,5.880000000001019,1,LONG,SHORT,1756883100,2025-09-03T07:05:00,23290.52,140.0,1.4000000000000001,0.058800000000010184,True
1756882800,2025-09-03T07:00:00,2025-09-03,LONDON_0800,US30,-1.0,7.0,-1,SHORT,LONG,1756883100,2025-09-03T07:05:00,45187.4,120.0,1.2,0.07,True
1756906200,2025-09-03T13:30:00,2025-09-03,NEW_YORK_0930,US100,-3.3699999999989814,11.5,-1,SHORT,LONG,1756906500,2025-09-03T13:35:00,23402.52,140.0,1.4000000000000001,0.115,True
1756906200,2025-09-03T13:30:00,2025-09-03,NEW_YORK_0930,US30,5.599999999998545,19.400000000001455,1,LONG,SHORT,1756906500,2025-09-03T13:35:00,45337.4,120.0,1.2,0.19400000000001455,True
1756969200,2025-09-04T07:00:00,2025-09-04,LONDON_0800,US100,9.869999999998981,10.869999999998981,1,LONG,SHORT,1756969500,2025-09-04T07:05:00,23445.28,140.0,1.4000000000000001,0.10869999999998982,True
1756969200,2025-09-04T07:00:00,2025-09-04,LONDON_0800,US30,15.400000000001455,15.400000000001455,1,LONG,SHORT,1756969500,2025-09-04T07:05:00,45250.4,120.0,1.2,0.15400000000001454,True
1756992600,2025-09-04T13:30:00,2025-09-04,NEW_YORK_0930,US100,6.619999999998981,12.119999999998981,1,LONG,SHORT,1756992900,2025-09-04T13:35:00,23477.16,140.0,1.4000000000000001,0.12119999999998982,True
1756992600,2025-09-04T13:30:00,2025-09-04,NEW_YORK_0930,US30,-3.5,19.0,-1,SHORT,LONG,1756992900,2025-09-04T13:35:00,45278.4,120.0,1.2,0.19,True
1757055600,2025-09-05T07:00:00,2025-09-05,LONDON_0800,US100,0.11999999999898137,2.25,1,LONG,SHORT,1757055900,2025-09-05T07:05:00,23708.18,140.0,1.4000000000000001,0.0225,True
1757055600,2025-09-05T07:00:00,2025-09-05,LONDON_0800,US30,3.0,5.0,1,LONG,SHORT,1757055900,2025-09-05T07:05:00,45683.4,120.0,1.2,0.05,True
1757079000,2025-09-05T13:30:00,2025-09-05,NEW_YORK_0930,US100,1.25,3.6199999999989814,1,LONG,SHORT,1757079300,2025-09-05T13:35:00,23751.68,140.0,1.4000000000000001,0.03619999999998982,True
1757079000,2025-09-05T13:30:00,2025-09-05,NEW_YORK_0930,US30,4.0,8.0,1,LONG,SHORT,1757079300,2025-09-05T13:35:00,45638.9,120.0,1.2,0.08,True
1757314800,2025-09-08T07:00:00,2025-09-08,LONDON_0800,US100,-2.75,5.75,-1,SHORT,LONG,1757315100,2025-09-08T07:05:00,23724.76,140.0,1.4000000000000001,0.0575,True
1757314800,2025-09-08T07:00:00,2025-09-08,LONDON_0800,US30,-2.0,8.0,-1,SHORT,LONG,1757315100,2025-09-08T07:05:00,45494.4,120.0,1.2,0.08,True
1757338200,2025-09-08T13:30:00,2025-09-08,NEW_YORK_0930,US100,5.5,8.5,1,LONG,SHORT,1757338500,2025-09-08T13:35:00,23758.76,140.0,1.4000000000000001,0.085,True
1757338200,2025-09-08T13:30:00,2025-09-08,NEW_YORK_0930,US30,6.400000000001455,11.5,1,LONG,SHORT,1757338500,2025-09-08T13:35:00,45529.9,120.0,1.2,0.115,True
1757401200,2025-09-09T07:00:00,2025-09-09,LONDON_0800,US100,-5.380000000001019,7.5,-1,SHORT,LONG,1757401500,2025-09-09T07:05:00,23809.43,140.0,1.4000000000000001,0.075,True
1757401200,2025-09-09T07:00:00,2025-09-09,LONDON_0800,US30,-8.0,9.0,-1,SHORT,LONG,1757401500,2025-09-09T07:05:00,45616.4,120.0,1.2,0.09,True
1757424600,2025-09-09T13:30:00,2025-09-09,NEW_YORK_0930,US100,1.0,8.130000000001019,1,LONG,SHORT,1757424900,2025-09-09T13:35:00,23824.18,140.0,1.4000000000000001,0.08130000000001018,True
1757424600,2025-09-09T13:30:00,2025-09-09,NEW_YORK_0930,US30,-15.0,31.19999999999709,-1,SHORT,LONG,1757424900,2025-09-09T13:35:00,45567.9,120.0,1.2,0.3119999999999709,True
1757487600,2025-09-10T07:00:00,2025-09-10,LONDON_0800,US100,3.0,3.3799999999973807,1,LONG,SHORT,1757487900,2025-09-10T07:05:00,23898.78,140.0,1.4000000000000001,0.03379999999997381,True
1757487600,2025-09-10T07:00:00,2025-09-10,LONDON_0800,US30,2.0,6.0,1,LONG,SHORT,1757487900,2025-09-10T07:05:00,45717.4,120.0,1.2,0.06,True
1757511000,2025-09-10T13:30:00,2025-09-10,NEW_YORK_0930,US100,-0.75,7.25,-1,SHORT,LONG,1757511300,2025-09-10T13:35:00,23897.03,140.0,1.4000000000000001,0.0725,True
1757511000,2025-09-10T13:30:00,2025-09-10,NEW_YORK_0930,US30,-3.5,9.0,-1,SHORT,LONG,1757511300,2025-09-10T13:35:00,45691.9,120.0,1.2,0.09,True
1757574000,2025-09-11T07:00:00,2025-09-11,LONDON_0800,US100,-1.1199999999989814,5.5,-1,SHORT,LONG,1757574300,2025-09-11T07:05:00,23893.11,140.0,1.4000000000000001,0.055,True
1757574000,2025-09-11T07:00:00,2025-09-11,LONDON_0800,US30,5.0,8.0,1,LONG,SHORT,1757574300,2025-09-11T07:05:00,45578.4,120.0,1.2,0.08,True
1757597400,2025-09-11T13:30:00,2025-09-11,NEW_YORK_0930,US100,0.5,5.25,1,LONG,SHORT,1757597700,2025-09-11T13:35:00,23919.23,140.0,1.4000000000000001,0.0525,True
1757597400,2025-09-11T13:30:00,2025-09-11,NEW_YORK_0930,US30,-2.0,9.5,-1,SHORT,LONG,1757597700,2025-09-11T13:35:00,45623.4,120.0,1.2,0.095,True
1757660400,2025-09-12T07:00:00,2025-09-12,LONDON_0800,US100,1.75,3.25,1,LONG,SHORT,1757660700,2025-09-12T07:05:00,23993.38,140.0,1.4000000000000001,0.0325,True
1757660400,2025-09-12T07:00:00,2025-09-12,LONDON_0800,US30,3.0,7.0,1,LONG,SHORT,1757660700,2025-09-12T07:05:00,46171.4,120.0,1.2,0.07,True
1757683800,2025-09-12T13:30:00,2025-09-12,NEW_YORK_0930,US100,3.25,9.37000000000262,1,LONG,SHORT,1757684100,2025-09-12T13:35:00,24001.01,140.0,1.4000000000000001,0.09370000000002619,True
1757683800,2025-09-12T13:30:00,2025-09-12,NEW_YORK_0930,US30,9.80000000000291,9.80000000000291,1,LONG,SHORT,1757684100,2025-09-12T13:35:00,46066.9,120.0,1.2,0.0980000000000291,True
1757919600,2025-09-15T07:00:00,2025-09-15,LONDON_0800,US100,1.6300000000010186,3.0,1,LONG,SHORT,1757919900,2025-09-15T07:05:00,24111.47,140.0,1.4000000000000001,0.03,True
1757919600,2025-09-15T07:00:00,2025-09-15,LONDON_0800,US30,2.0,6.0,1,LONG,SHORT,1757919900,2025-09-15T07:05:00,45889.4,120.0,1.2,0.06,True
1757943000,2025-09-15T13:30:00,2025-09-15,NEW_YORK_0930,US100,1.8699999999989814,10.75,1,LONG,SHORT,1757943300,2025-09-15T13:35:00,24113.22,140.0,1.4000000000000001,0.1075,True
1757943000,2025-09-15T13:30:00,2025-09-15,NEW_YORK_0930,US30,5.0,18.5,1,LONG,SHORT,1757943300,2025-09-15T13:35:00,45944.9,120.0,1.2,0.185,True
1758006000,2025-09-16T07:00:00,2025-09-16,LONDON_0800,US100,-1.75,3.8800000000010186,-1,SHORT,LONG,1758006300,2025-09-16T07:05:00,24332.49,140.0,1.4000000000000001,0.03880000000001019,True
1758006000,2025-09-16T07:00:00,2025-09-16,LONDON_0800,US30,-1.0,7.0,-1,SHORT,LONG,1758006300,2025-09-16T07:05:00,45965.4,120.0,1.2,0.07,True
1758029400,2025-09-16T13:30:00,2025-09-16,NEW_YORK_0930,US100,-5.0,7.25,-1,SHORT,LONG,1758029700,2025-09-16T13:35:00,24369.74,140.0,1.4000000000000001,0.0725,True
1758029400,2025-09-16T13:30:00,2025-09-16,NEW_YORK_0930,US30,11.5,15.0,1,LONG,SHORT,1758029700,2025-09-16T13:35:00,45947.9,120.0,1.2,0.15,True
1758092400,2025-09-17T07:00:00,2025-09-17,LONDON_0800,US100,-1.3699999999989814,5.369999999998981,-1,SHORT,LONG,1758092700,2025-09-17T07:05:00,24271.84,140.0,1.4000000000000001,0.05369999999998981,True
1758092400,2025-09-17T07:00:00,2025-09-17,LONDON_0800,US30,0.0,6.0,0,NONE,NONE,1758092700,2025-09-17T07:05:00,45771.4,120.0,1.2,0.06,True
1758115800,2025-09-17T13:30:00,2025-09-17,NEW_YORK_0930,US100,-0.8699999999989814,9.5,-1,SHORT,LONG,1758116100,2025-09-17T13:35:00,24255.72,140.0,1.4000000000000001,0.095,True
1758115800,2025-09-17T13:30:00,2025-09-17,NEW_YORK_0930,US30,-2.5,9.900000000001455,-1,SHORT,LONG,1758116100,2025-09-17T13:35:00,45817.4,120.0,1.2,0.09900000000001455,True
1758178800,2025-09-18T07:00:00,2025-09-18,LONDON_0800,US100,2.0,7.0,1,LONG,SHORT,1758179100,2025-09-18T07:05:00,24395.89,140.0,1.4000000000000001,0.07,True
1758178800,2025-09-18T07:00:00,2025-09-18,LONDON_0800,US30,2.0,8.0,1,LONG,SHORT,1758179100,2025-09-18T07:05:00,46190.4,120.0,1.2,0.08,True
1758202200,2025-09-18T13:30:00,2025-09-18,NEW_YORK_0930,US100,-8.619999999998981,9.119999999998981,-1,SHORT,LONG,1758202500,2025-09-18T13:35:00,24459.14,140.0,1.4000000000000001,0.09119999999998982,True
1758202200,2025-09-18T13:30:00,2025-09-18,NEW_YORK_0930,US30,-12.5,16.0,-1,SHORT,LONG,1758202500,2025-09-18T13:35:00,46353.4,120.0,1.2,0.16,True
1758265200,2025-09-19T07:00:00,2025-09-19,LONDON_0800,US100,-14.869999999998981,21.86999999999898,-1,SHORT,LONG,1758265500,2025-09-19T07:05:00,24459.1,140.0,1.4000000000000001,0.21869999999998982,True
1758265200,2025-09-19T07:00:00,2025-09-19,LONDON_0800,US30,-29.0,50.5,-1,SHORT,LONG,1758265500,2025-09-19T07:05:00,46225.4,120.0,1.2,0.505,True
1758288600,2025-09-19T13:30:00,2025-09-19,NEW_YORK_0930,US100,0.13000000000101863,6.25,1,LONG,SHORT,1758288900,2025-09-19T13:35:00,24483.98,140.0,1.4000000000000001,0.0625,True
1758288600,2025-09-19T13:30:00,2025-09-19,NEW_YORK_0930,US30,0.0,8.5,0,NONE,NONE,1758288900,2025-09-19T13:35:00,46179.9,120.0,1.2,0.085,True
1758524400,2025-09-22T07:00:00,2025-09-22,LONDON_0800,US100,-1.0,3.5,-1,SHORT,LONG,1758524700,2025-09-22T07:05:00,24625.53,140.0,1.4000000000000001,0.035,True
1758524400,2025-09-22T07:00:00,2025-09-22,LONDON_0800,US30,4.0,6.0,1,LONG,SHORT,1758524700,2025-09-22T07:05:00,46319.4,120.0,1.2,0.06,True
1758547800,2025-09-22T13:30:00,2025-09-22,NEW_YORK_0930,US100,-2.6199999999989814,11.5,-1,SHORT,LONG,1758548100,2025-09-22T13:35:00,24565.66,140.0,1.4000000000000001,0.115,True
1758547800,2025-09-22T13:30:00,2025-09-22,NEW_YORK_0930,US30,-0.5,12.5,-1,SHORT,LONG,1758548100,2025-09-22T13:35:00,46234.4,120.0,1.2,0.125,True
1758610800,2025-09-23T07:00:00,2025-09-23,LONDON_0800,US100,-0.6199999999989814,3.5,-1,SHORT,LONG,1758611100,2025-09-23T07:05:00,24772.86,140.0,1.4000000000000001,0.035,True
1758610800,2025-09-23T07:00:00,2025-09-23,LONDON_0800,US30,1.0,8.0,1,LONG,SHORT,1758611100,2025-09-23T07:05:00,46443.4,120.0,1.2,0.08,True
1758634200,2025-09-23T13:30:00,2025-09-23,NEW_YORK_0930,US100,0.25,8.25,1,LONG,SHORT,1758634500,2025-09-23T13:35:00,24770.11,140.0,1.4000000000000001,0.0825,True
1758634200,2025-09-23T13:30:00,2025-09-23,NEW_YORK_0930,US30,-15.400000000001455,25.0,-1,SHORT,LONG,1758634500,2025-09-23T13:35:00,46463.4,120.0,1.2,0.25,True
1758697200,2025-09-24T07:00:00,2025-09-24,LONDON_0800,US100,3.75,5.75,1,LONG,SHORT,1758697500,2025-09-24T07:05:00,24614.51,140.0,1.4000000000000001,0.0575,True
1758697200,2025-09-24T07:00:00,2025-09-24,LONDON_0800,US30,1.0,9.0,1,LONG,SHORT,1758697500,2025-09-24T07:05:00,46399.4,120.0,1.2,0.09,True
1758720600,2025-09-24T13:30:00,2025-09-24,NEW_YORK_0930,US100,5.130000000001019,7.380000000001019,1,LONG,SHORT,1758720900,2025-09-24T13:35:00,24665.01,140.0,1.4000000000000001,0.07380000000001019,True
1758720600,2025-09-24T13:30:00,2025-09-24,NEW_YORK_0930,US30,3.0,13.0,1,LONG,SHORT,1758720900,2025-09-24T13:35:00,46347.4,120.0,1.2,0.13,True
1758783600,2025-09-25T07:00:00,2025-09-25,LONDON_0800,US100,-0.6300000000010186,5.75,-1,SHORT,LONG,1758783900,2025-09-25T07:05:00,24561.49,140.0,1.4000000000000001,0.0575,True
1758783600,2025-09-25T07:00:00,2025-09-25,LONDON_0800,US30,2.0,7.0,1,LONG,SHORT,1758783900,2025-09-25T07:05:00,46262.4,120.0,1.2,0.07,True
1758807000,2025-09-25T13:30:00,2025-09-25,NEW_YORK_0930,US100,19.63000000000102,22.0,1,LONG,SHORT,1758807300,2025-09-25T13:35:00,24482.49,140.0,1.4000000000000001,0.22,True
1758807000,2025-09-25T13:30:00,2025-09-25,NEW_YORK_0930,US30,7.0,18.0,1,LONG,SHORT,1758807300,2025-09-25T13:35:00,46197.4,120.0,1.2,0.18,True
1758870000,2025-09-26T07:00:00,2025-09-26,LONDON_0800,US100,-7.5,19.86999999999898,-1,SHORT,LONG,1758870300,2025-09-26T07:05:00,24366.15,140.0,1.4000000000000001,0.19869999999998983,True
1758870000,2025-09-26T07:00:00,2025-09-26,LONDON_0800,US30,-11.0,25.0,-1,SHORT,LONG,1758870300,2025-09-26T07:05:00,45997.4,120.0,1.2,0.25,True
1758893400,2025-09-26T13:30:00,2025-09-26,NEW_YORK_0930,US100,-1.0,10.369999999998981,-1,SHORT,LONG,1758893700,2025-09-26T13:35:00,24371.77,140.0,1.4000000000000001,0.10369999999998981,True
1758893400,2025-09-26T13:30:00,2025-09-26,NEW_YORK_0930,US30,0.0,12.5,0,NONE,NONE,1758893700,2025-09-26T13:35:00,46062.4,120.0,1.2,0.125,True
1759129200,2025-09-29T07:00:00,2025-09-29,LONDON_0800,US100,3.8699999999989814,5.75,1,LONG,SHORT,1759129500,2025-09-29T07:05:00,24606.94,140.0,1.4000000000000001,0.0575,True
1759129200,2025-09-29T07:00:00,2025-09-29,LONDON_0800,US30,8.0,13.0,1,LONG,SHORT,1759129500,2025-09-29T07:05:00,46428.4,120.0,1.2,0.13,True
1759152600,2025-09-29T13:30:00,2025-09-29,NEW_YORK_0930,US100,-10.0,11.5,-1,SHORT,LONG,1759152900,2025-09-29T13:35:00,24677.19,140.0,1.4000000000000001,0.115,True
1759152600,2025-09-29T13:30:00,2025-09-29,NEW_YORK_0930,US30,-23.0,28.5,-1,SHORT,LONG,1759152900,2025-09-29T13:35:00,46510.0,120.0,1.2,0.28500000000000003,True
1759215600,2025-09-30T07:00:00,2025-09-30,LONDON_0800,US100,-0.6300000000010186,6.5,-1,SHORT,LONG,1759215900,2025-09-30T07:05:00,24632.43,140.0,1.4000000000000001,0.065,True
1759215600,2025-09-30T07:00:00,2025-09-30,LONDON_0800,US30,4.0,11.0,1,LONG,SHORT,1759215900,2025-09-30T07:05:00,46363.4,120.0,1.2,0.11,True
1759239000,2025-09-30T13:30:00,2025-09-30,NEW_YORK_0930,US100,-0.75,6.0,-1,SHORT,LONG,1759239300,2025-09-30T13:35:00,24579.56,140.0,1.4000000000000001,0.06,True
1759239000,2025-09-30T13:30:00,2025-09-30,NEW_YORK_0930,US30,3.0,8.400000000001455,1,LONG,SHORT,1759239300,2025-09-30T13:35:00,46235.4,120.0,1.2,0.08400000000001455,True
1759302000,2025-10-01T07:00:00,2025-10-01,LONDON_0800,US100,4.0,6.25,1,LONG,SHORT,1759302300,2025-10-01T07:05:00,24568.08,140.0,1.4000000000000001,0.0625,True
1759302000,2025-10-01T07:00:00,2025-10-01,LONDON_0800,US30,5.0,13.0,1,LONG,SHORT,1759302300,2025-10-01T07:05:00,46266.4,120.0,1.2,0.13,True
1759325400,2025-10-01T13:30:00,2025-10-01,NEW_YORK_0930,US100,-5.119999999998981,10.75,-1,SHORT,LONG,1759325700,2025-10-01T13:35:00,24529.08,140.0,1.4000000000000001,0.1075,True
1759325400,2025-10-01T13:30:00,2025-10-01,NEW_YORK_0930,US30,3.0,14.900000000001455,1,LONG,SHORT,1759325700,2025-10-01T13:35:00,46214.4,120.0,1.2,0.14900000000001457,True
1759388400,2025-10-02T07:00:00,2025-10-02,LONDON_0800,US100,-1.5,8.75,-1,SHORT,LONG,1759388700,2025-10-02T07:05:00,24857.84,140.0,1.4000000000000001,0.08750000000000001,True
1759388400,2025-10-02T07:00:00,2025-10-02,LONDON_0800,US30,12.0,16.0,1,LONG,SHORT,1759388700,2025-10-02T07:05:00,46491.4,120.0,1.2,0.16,True
1759411800,2025-10-02T13:30:00,2025-10-02,NEW_YORK_0930,US100,0.75,4.25,1,LONG,SHORT,1759412100,2025-10-02T13:35:00,24904.84,140.0,1.4000000000000001,0.0425,True
1759411800,2025-10-02T13:30:00,2025-10-02,NEW_YORK_0930,US30,6.0,7.900000000001455,1,LONG,SHORT,1759412100,2025-10-02T13:35:00,46464.4,120.0,1.2,0.07900000000001456,True
1759474800,2025-10-03T07:00:00,2025-10-03,LONDON_0800,US100,1.8799999999973807,3.25,1,LONG,SHORT,1759475100,2025-10-03T07:05:00,24967.76,140.0,1.4000000000000001,0.0325,True
1759474800,2025-10-03T07:00:00,2025-10-03,LONDON_0800,US30,6.0,10.0,1,LONG,SHORT,1759475100,2025-10-03T07:05:00,46665.4,120.0,1.2,0.1,True
1759498200,2025-10-03T13:30:00,2025-10-03,NEW_YORK_0930,US100,-7.25,10.25,-1,SHORT,LONG,1759498500,2025-10-03T13:35:00,24966.38,140.0,1.4000000000000001,0.10250000000000001,True
1759498200,2025-10-03T13:30:00,2025-10-03,NEW_YORK_0930,US30,-11.0,13.400000000001455,-1,SHORT,LONG,1759498500,2025-10-03T13:35:00,46679.9,120.0,1.2,0.13400000000001455,True
1759734000,2025-10-06T07:00:00,2025-10-06,LONDON_0800,US100,-13.0,21.0,-1,SHORT,LONG,1759734300,2025-10-06T07:05:00,24880.78,140.0,1.4000000000000001,0.21,True
1759734000,2025-10-06T07:00:00,2025-10-06,LONDON_0800,US30,-10.0,25.0,-1,SHORT,LONG,1759734300,2025-10-06T07:05:00,46893.4,120.0,1.2,0.25,True
1759757400,2025-10-06T13:30:00,2025-10-06,NEW_YORK_0930,US100,5.25,6.870000000002619,1,LONG,SHORT,1759757700,2025-10-06T13:35:00,24944.53,140.0,1.4000000000000001,0.0687000000000262,True
1759757400,2025-10-06T13:30:00,2025-10-06,NEW_YORK_0930,US30,5.80000000000291,8.0,1,LONG,SHORT,1759757700,2025-10-06T13:35:00,46894.9,120.0,1.2,0.08,True
1759820400,2025-10-07T07:00:00,2025-10-07,LONDON_0800,US100,3.75,5.630000000001019,1,LONG,SHORT,1759820700,2025-10-07T07:05:00,24970.88,140.0,1.4000000000000001,0.05630000000001019,True
1759820400,2025-10-07T07:00:00,2025-10-07,LONDON_0800,US30,3.0,8.0,1,LONG,SHORT,1759820700,2025-10-07T07:05:00,46654.4,120.0,1.2,0.08,True
1759843800,2025-10-07T13:30:00,2025-10-07,NEW_YORK_0930,US100,4.25,6.369999999998981,1,LONG,SHORT,1759844100,2025-10-07T13:35:00,24999.63,140.0,1.4000000000000001,0.06369999999998982,True
1759843800,2025-10-07T13:30:00,2025-10-07,NEW_YORK_0930,US30,42.5,44.400000000001455,1,LONG,SHORT,1759844100,2025-10-07T13:35:00,46770.4,120.0,1.2,0.44400000000001455,True
1759906800,2025-10-08T07:00:00,2025-10-08,LONDON_0800,US100,6.5,6.869999999998981,1,LONG,SHORT,1759907100,2025-10-08T07:05:00,24904.36,140.0,1.4000000000000001,0.06869999999998981,True
1759906800,2025-10-08T07:00:00,2025-10-08,LONDON_0800,US30,1.0,12.0,1,LONG,SHORT,1759907100,2025-10-08T07:05:00,46693.4,120.0,1.2,0.12,True
1759930200,2025-10-08T13:30:00,2025-10-08,NEW_YORK_0930,US100,7.25,9.25,1,LONG,SHORT,1759930500,2025-10-08T13:35:00,24901.74,140.0,1.4000000000000001,0.0925,True
1759930200,2025-10-08T13:30:00,2025-10-08,NEW_YORK_0930,US30,13.0,13.0,1,LONG,SHORT,1759930500,2025-10-08T13:35:00,46720.9,120.0,1.2,0.13,True
1759993200,2025-10-09T07:00:00,2025-10-09,LONDON_0800,US100,0.8800000000010186,5.119999999998981,1,LONG,SHORT,1759993500,2025-10-09T07:05:00,25141.65,140.0,1.4000000000000001,0.051199999999989816,True
1759993200,2025-10-09T07:00:00,2025-10-09,LONDON_0800,US30,1.0,9.0,1,LONG,SHORT,1759993500,2025-10-09T07:05:00,46609.4,120.0,1.2,0.09,True
1760016600,2025-10-09T13:30:00,2025-10-09,NEW_YORK_0930,US100,-3.8699999999989814,12.380000000001019,-1,SHORT,LONG,1760016900,2025-10-09T13:35:00,25119.15,140.0,1.4000000000000001,0.1238000000000102,True
1760016600,2025-10-09T13:30:00,2025-10-09,NEW_YORK_0930,US30,-4.0,12.0,-1,SHORT,LONG,1760016900,2025-10-09T13:35:00,46656.4,120.0,1.2,0.12,True
1760079600,2025-10-10T07:00:00,2025-10-10,LONDON_0800,US100,2.6199999999989814,4.880000000001019,1,LONG,SHORT,1760079900,2025-10-10T07:05:00,25136.43,140.0,1.4000000000000001,0.04880000000001019,True
1760079600,2025-10-10T07:00:00,2025-10-10,LONDON_0800,US30,6.0,9.0,1,LONG,SHORT,1760079900,2025-10-10T07:05:00,46441.4,120.0,1.2,0.09,True
1760103000,2025-10-10T13:30:00,2025-10-10,NEW_YORK_0930,US100,-2.3699999999989814,10.630000000001019,-1,SHORT,LONG,1760103300,2025-10-10T13:35:00,25100.68,140.0,1.4000000000000001,0.10630000000001019,True
1760103000,2025-10-10T13:30:00,2025-10-10,NEW_YORK_0930,US30,3.599999999998545,15.0,1,LONG,SHORT,1760103300,2025-10-10T13:35:00,46413.4,120.0,1.2,0.15,True
1760338800,2025-10-13T07:00:00,2025-10-13,LONDON_0800,US100,4.380000000001019,14.0,1,LONG,SHORT,1760339100,2025-10-13T07:05:00,24607.7,140.0,1.4000000000000001,0.14,True
1760338800,2025-10-13T07:00:00,2025-10-13,LONDON_0800,US30,7.0,17.0,1,LONG,SHORT,1760339100,2025-10-13T07:05:00,45910.4,120.0,1.2,0.17,True
1760362200,2025-10-13T13:30:00,2025-10-13,NEW_YORK_0930,US100,14.880000000001019,21.0,1,LONG,SHORT,1760362500,2025-10-13T13:35:00,24700.32,140.0,1.4000000000000001,0.21,True
1760362200,2025-10-13T13:30:00,2025-10-13,NEW_YORK_0930,US30,16.400000000001455,23.0,1,LONG,SHORT,1760362500,2025-10-13T13:35:00,45982.4,120.0,1.2,0.23,True
1760425200,2025-10-14T07:00:00,2025-10-14,LONDON_0800,US100,-23.86999999999898,46.86999999999898,-1,SHORT,LONG,1760425500,2025-10-14T07:05:00,24716.79,140.0,1.4000000000000001,0.46869999999998985,True
1760425200,2025-10-14T07:00:00,2025-10-14,LONDON_0800,US30,-22.0,62.0,-1,SHORT,LONG,1760425500,2025-10-14T07:05:00,46123.4,120.0,1.2,0.62,True
1760448600,2025-10-14T13:30:00,2025-10-14,NEW_YORK_0930,US100,-22.5,38.63000000000102,-1,SHORT,LONG,1760448900,2025-10-14T13:35:00,24384.66,140.0,1.4000000000000001,0.3863000000000102,True
1760448600,2025-10-14T13:30:00,2025-10-14,NEW_YORK_0930,US30,-55.400000000001455,87.0,-1,SHORT,LONG,1760448900,2025-10-14T13:35:00,45770.4,120.0,1.2,0.87,True
1760511600,2025-10-15T07:00:00,2025-10-15,LONDON_0800,US100,3.8799999999973807,11.87000000000262,1,LONG,SHORT,1760511900,2025-10-15T07:05:00,24644.12,140.0,1.4000000000000001,0.1187000000000262,True
1760511600,2025-10-15T07:00:00,2025-10-15,LONDON_0800,US30,9.0,16.0,1,LONG,SHORT,1760511900,2025-10-15T07:05:00,46402.4,120.0,1.2,0.16,True
1760535000,2025-10-15T13:30:00,2025-10-15,NEW_YORK_0930,US100,-10.75,13.62000000000262,-1,SHORT,LONG,1760535300,2025-10-15T13:35:00,24787.87,140.0,1.4000000000000001,0.1362000000000262,True
1760535000,2025-10-15T13:30:00,2025-10-15,NEW_YORK_0930,US30,-6.0,11.0,-1,SHORT,LONG,1760535300,2025-10-15T13:35:00,46516.4,120.0,1.2,0.11,True
1760598000,2025-10-16T07:00:00,2025-10-16,LONDON_0800,US100,7.75,13.380000000001019,1,LONG,SHORT,1760598300,2025-10-16T07:05:00,24758.55,140.0,1.4000000000000001,0.1338000000000102,True
1760598000,2025-10-16T07:00:00,2025-10-16,LONDON_0800,US30,4.0,13.0,1,LONG,SHORT,1760598300,2025-10-16T07:05:00,46310.4,120.0,1.2,0.13,True
1760621400,2025-10-16T13:30:00,2025-10-16,NEW_YORK_0930,US100,3.0,8.25,1,LONG,SHORT,1760621700,2025-10-16T13:35:00,24903.8,140.0,1.4000000000000001,0.0825,True
1760621400,2025-10-16T13:30:00,2025-10-16,NEW_YORK_0930,US30,7.0,19.0,1,LONG,SHORT,1760621700,2025-10-16T13:35:00,46517.4,120.0,1.2,0.19,True
1760684400,2025-10-17T07:00:00,2025-10-17,LONDON_0800,US100,5.130000000001019,8.75,1,LONG,SHORT,1760684700,2025-10-17T07:05:00,24575.45,140.0,1.4000000000000001,0.08750000000000001,True
1760684400,2025-10-17T07:00:00,2025-10-17,LONDON_0800,US30,-1.0,12.0,-1,SHORT,LONG,1760684700,2025-10-17T07:05:00,45879.4,120.0,1.2,0.12,True
1760707800,2025-10-17T13:30:00,2025-10-17,NEW_YORK_0930,US100,34.0,59.13000000000102,1,LONG,SHORT,1760708100,2025-10-17T13:35:00,24360.07,140.0,1.4000000000000001,0.5913000000000102,True
1760707800,2025-10-17T13:30:00,2025-10-17,NEW_YORK_0930,US30,45.0,74.40000000000146,1,LONG,SHORT,1760708100,2025-10-17T13:35:00,45663.0,120.0,1.2,0.7440000000000145,True
1760943600,2025-10-20T07:00:00,2025-10-20,LONDON_0800,US100,7.869999999998981,10.5,1,LONG,SHORT,1760943900,2025-10-20T07:05:00,24951.07,140.0,1.4000000000000001,0.105,True
1760943600,2025-10-20T07:00:00,2025-10-20,LONDON_0800,US30,10.0,17.0,1,LONG,SHORT,1760943900,2025-10-20T07:05:00,46345.4,120.0,1.2,0.17,True
1760967000,2025-10-20T13:30:00,2025-10-20,NEW_YORK_0930,US100,18.88000000000102,20.63000000000102,1,LONG,SHORT,1760967300,2025-10-20T13:35:00,24937.07,140.0,1.4000000000000001,0.2063000000000102,True
1760967000,2025-10-20T13:30:00,2025-10-20,NEW_YORK_0930,US30,14.599999999998545,22.0,1,LONG,SHORT,1760967300,2025-10-20T13:35:00,46338.0,120.0,1.2,0.22,True
1761030000,2025-10-21T07:00:00,2025-10-21,LONDON_0800,US100,-1.75,10.130000000001019,-1,SHORT,LONG,1761030300,2025-10-21T07:05:00,25178.63,140.0,1.4000000000000001,0.10130000000001019,True
1761030000,2025-10-21T07:00:00,2025-10-21,LONDON_0800,US30,0.0,11.0,0,NONE,NONE,1761030300,2025-10-21T07:05:00,46767.4,120.0,1.2,0.11,True
1761053400,2025-10-21T13:30:00,2025-10-21,NEW_YORK_0930,US100,-2.1199999999989814,10.619999999998981,-1,SHORT,LONG,1761053700,2025-10-21T13:35:00,25124.13,140.0,1.4000000000000001,0.10619999999998982,True
1761053400,2025-10-21T13:30:00,2025-10-21,NEW_YORK_0930,US30,-16.0,46.5,-1,SHORT,LONG,1761053700,2025-10-21T13:35:00,46706.9,120.0,1.2,0.465,True
1761116400,2025-10-22T07:00:00,2025-10-22,LONDON_0800,US100,19.0,23.0,1,LONG,SHORT,1761116700,2025-10-22T07:05:00,25163.97,140.0,1.4000000000000001,0.23,True
1761116400,2025-10-22T07:00:00,2025-10-22,LONDON_0800,US30,10.0,20.0,1,LONG,SHORT,1761116700,2025-10-22T07:05:00,47012.4,120.0,1.2,0.2,True
1761139800,2025-10-22T13:30:00,2025-10-22,NEW_YORK_0930,US100,2.6300000000010186,7.25,1,LONG,SHORT,1761140100,2025-10-22T13:35:00,25140.59,140.0,1.4000000000000001,0.0725,True
1761139800,2025-10-22T13:30:00,2025-10-22,NEW_YORK_0930,US30,-8.0,18.0,-1,SHORT,LONG,1761140100,2025-10-22T13:35:00,46990.4,120.0,1.2,0.18,True
1761202800,2025-10-23T07:00:00,2025-10-23,LONDON_0800,US100,4.75,9.369999999998981,1,LONG,SHORT,1761203100,2025-10-23T07:05:00,24948.07,140.0,1.4000000000000001,0.09369999999998982,True
1761202800,2025-10-23T07:00:00,2025-10-23,LONDON_0800,US30,10.0,12.0,1,LONG,SHORT,1761203100,2025-10-23T07:05:00,46606.4,120.0,1.2,0.12,True
1761226200,2025-10-23T13:30:00,2025-10-23,NEW_YORK_0930,US100,-1.6199999999989814,12.25,-1,SHORT,LONG,1761226500,2025-10-23T13:35:00,24910.32,140.0,1.4000000000000001,0.1225,True
1761226200,2025-10-23T13:30:00,2025-10-23,NEW_YORK_0930,US30,-0.09999999999854481,11.900000000001455,-1,SHORT,LONG,1761226500,2025-10-23T13:35:00,46596.9,120.0,1.2,0.11900000000001455,True
1761289200,2025-10-24T07:00:00,2025-10-24,LONDON_0800,US100,-3.1199999999989814,6.130000000001019,-1,SHORT,LONG,1761289500,2025-10-24T07:05:00,25186.4,140.0,1.4000000000000001,0.06130000000001019,True
1761289200,2025-10-24T07:00:00,2025-10-24,LONDON_0800,US30,-6.0,10.0,-1,SHORT,LONG,1761289500,2025-10-24T07:05:00,46825.4,120.0,1.2,0.1,True
1761312600,2025-10-24T13:30:00,2025-10-24,NEW_YORK_0930,US100,7.75,11.0,1,LONG,SHORT,1761312900,2025-10-24T13:35:00,25243.02,140.0,1.4000000000000001,0.11,True
1761312600,2025-10-24T13:30:00,2025-10-24,NEW_YORK_0930,US30,7.0,11.0,1,LONG,SHORT,1761312900,2025-10-24T13:35:00,46840.4,120.0,1.2,0.11,True
1761552000,2025-10-27T08:00:00,2025-10-27,LONDON_0800,US100,5.0,7.370000000002619,1,LONG,SHORT,1761552300,2025-10-27T08:05:00,25637.37,140.0,1.4000000000000001,0.07370000000002619,True
1761552000,2025-10-27T08:00:00,2025-10-27,LONDON_0800,US30,0.0,6.0,0,NONE,NONE,1761552300,2025-10-27T08:05:00,47552.4,120.0,1.2,0.06,True
1761571800,2025-10-27T13:30:00,2025-10-27,NEW_YORK_0930,US100,5.75,12.25,1,LONG,SHORT,1761572100,2025-10-27T13:35:00,25719.37,140.0,1.4000000000000001,0.1225,True
1761571800,2025-10-27T13:30:00,2025-10-27,NEW_YORK_0930,US30,5.5,10.5,1,LONG,SHORT,1761572100,2025-10-27T13:35:00,47534.4,120.0,1.2,0.105,True
1761638400,2025-10-28T08:00:00,2025-10-28,LONDON_0800,US100,0.6300000000010186,9.25,1,LONG,SHORT,1761638700,2025-10-28T08:05:00,25830.63,140.0,1.4000000000000001,0.0925,True
1761638400,2025-10-28T08:00:00,2025-10-28,LONDON_0800,US30,1.0,11.0,1,LONG,SHORT,1761638700,2025-10-28T08:05:00,47555.99,200.0,2.0,0.11,True
1761658200,2025-10-28T13:30:00,2025-10-28,NEW_YORK_0930,US100,-6.75,11.630000000001019,-1,SHORT,LONG,1761658500,2025-10-28T13:35:00,25851.23,120.0,1.2,0.11630000000001019,True
1761658200,2025-10-28T13:30:00,2025-10-28,NEW_YORK_0930,US30,7.0,12.5,1,LONG,SHORT,1761658500,2025-10-28T13:35:00,47619.74,100.0,1.0,0.125,True
1761724800,2025-10-29T08:00:00,2025-10-29,LONDON_0800,US100,2.6300000000010186,5.0,1,LONG,SHORT,1761725100,2025-10-29T08:05:00,26123.36,140.0,1.4000000000000001,0.05,True
1761724800,2025-10-29T08:00:00,2025-10-29,LONDON_0800,US30,-2.25,5.25,-1,SHORT,LONG,1761725100,2025-10-29T08:05:00,47714.03,200.0,2.0,0.0525,True
1761744600,2025-10-29T13:30:00,2025-10-29,NEW_YORK_0930,US100,-1.8800000000010186,11.619999999998981,-1,SHORT,LONG,1761744900,2025-10-29T13:35:00,26133.46,120.0,1.2,0.11619999999998981,True
1761744600,2025-10-29T13:30:00,2025-10-29,NEW_YORK_0930,US30,28.25,57.0,1,LONG,SHORT,1761744900,2025-10-29T13:35:00,47760.03,100.0,1.0,0.5700000000000001,True
1761811200,2025-10-30T08:00:00,2025-10-30,LONDON_0800,US100,8.380000000001019,28.36999999999898,1,LONG,SHORT,1761811500,2025-10-30T08:05:00,26092.31,140.0,1.4000000000000001,0.2836999999999898,True
1761811200,2025-10-30T08:00:00,2025-10-30,LONDON_0800,US30,4.0,29.25,1,LONG,SHORT,1761811500,2025-10-30T08:05:00,47579.07,200.0,2.0,0.2925,True
1761831000,2025-10-30T13:30:00,2025-10-30,NEW_YORK_0930,US100,11.869999999998981,20.38000000000102,1,LONG,SHORT,1761831300,2025-10-30T13:35:00,26114.18,140.0,1.4000000000000001,0.2038000000000102,True
1761831000,2025-10-30T13:30:00,2025-10-30,NEW_YORK_0930,US30,3.0,32.25,1,LONG,SHORT,1761831300,2025-10-30T13:35:00,47524.07,150.0,1.5,0.3225,True
1761897600,2025-10-31T08:00:00,2025-10-31,LONDON_0800,US100,-6.75,10.37000000000262,-1,SHORT,LONG,1761897900,2025-10-31T08:05:00,26064.63,140.0,1.4000000000000001,0.1037000000000262,True
1761897600,2025-10-31T08:00:00,2025-10-31,LONDON_0800,US30,-11.0,13.5,-1,SHORT,LONG,1761897900,2025-10-31T08:05:00,47571.72,200.0,2.0,0.135,True
1761917400,2025-10-31T13:30:00,2025-10-31,NEW_YORK_0930,US100,12.5,19.62000000000262,1,LONG,SHORT,1761917700,2025-10-31T13:35:00,26059.63,140.0,1.4000000000000001,0.1962000000000262,True
1761917400,2025-10-31T13:30:00,2025-10-31,NEW_YORK_0930,US30,3.5,14.25,1,LONG,SHORT,1761917700,2025-10-31T13:35:00,47511.47,150.0,1.5,0.14250000000000002,True
1762156800,2025-11-03T08:00:00,2025-11-03,LONDON_0800,US100,11.5,13.25,1,LONG,SHORT,1762157100,2025-11-03T08:05:00,25967.79,140.0,1.4000000000000001,0.1325,True
1762156800,2025-11-03T08:00:00,2025-11-03,LONDON_0800,US30,14.0,18.25,1,LONG,SHORT,1762157100,2025-11-03T08:05:00,47670.7,200.0,2.0,0.1825,True
1762180200,2025-11-03T14:30:00,2025-11-03,NEW_YORK_0930,US100,7.869999999998981,12.75,1,LONG,SHORT,1762180500,2025-11-03T14:35:00,26049.54,140.0,1.4000000000000001,0.1275,True
1762180200,2025-11-03T14:30:00,2025-11-03,NEW_YORK_0930,US30,7.5,17.0,1,LONG,SHORT,1762180500,2025-11-03T14:35:00,47606.2,150.0,1.5,0.17,True
1762243200,2025-11-04T08:00:00,2025-11-04,LONDON_0800,US100,-11.12000000000262,28.62999999999738,-1,SHORT,LONG,1762243500,2025-11-04T08:05:00,25702.06,140.0,1.4000000000000001,0.2862999999999738,True
1762243200,2025-11-04T08:00:00,2025-11-04,LONDON_0800,US30,8.0,24.0,1,LONG,SHORT,1762243500,2025-11-04T08:05:00,47136.3,200.0,2.0,0.24,True
1762266600,2025-11-04T14:30:00,2025-11-04,NEW_YORK_0930,US100,-5.620000000002619,14.37000000000262,-1,SHORT,LONG,1762266900,2025-11-04T14:35:00,25666.44,140.0,1.4000000000000001,0.1437000000000262,True
1762266600,2025-11-04T14:30:00,2025-11-04,NEW_YORK_0930,US30,3.0,15.5,1,LONG,SHORT,1762266900,2025-11-04T14:35:00,47093.3,150.0,1.5,0.155,True
1762329600,2025-11-05T08:00:00,2025-11-05,LONDON_0800,US100,-6.619999999998981,26.11999999999898,-1,SHORT,LONG,1762329900,2025-11-05T08:05:00,25369.09,140.0,1.4000000000000001,0.26119999999998983,True
1762329600,2025-11-05T08:00:00,2025-11-05,LONDON_0800,US30,-6.25,30.0,-1,SHORT,LONG,1762329900,2025-11-05T08:05:00,47145.25,200.0,2.0,0.3,True
1762353000,2025-11-05T14:30:00,2025-11-05,NEW_YORK_0930,US100,7.869999999998981,16.11999999999898,1,LONG,SHORT,1762353300,2025-11-05T14:35:00,25406.21,140.0,1.4000000000000001,0.16119999999998982,True
1762353000,2025-11-05T14:30:00,2025-11-05,NEW_YORK_0930,US30,3.75,16.0,1,LONG,SHORT,1762353300,2025-11-05T14:35:00,47127.0,150.0,1.5,0.16,True
1762416000,2025-11-06T08:00:00,2025-11-06,LONDON_0800,US100,16.11999999999898,23.0,1,LONG,SHORT,1762416300,2025-11-06T08:05:00,25606.14,140.0,1.4000000000000001,0.23,True
1762416000,2025-11-06T08:00:00,2025-11-06,LONDON_0800,US30,15.75,23.25,1,LONG,SHORT,1762416300,2025-11-06T08:05:00,47315.26,200.0,2.0,0.2325,True
1762439400,2025-11-06T14:30:00,2025-11-06,NEW_YORK_0930,US100,12.380000000001019,16.5,1,LONG,SHORT,1762439700,2025-11-06T14:35:00,25681.77,140.0,1.4000000000000001,0.165,True
1762439400,2025-11-06T14:30:00,2025-11-06,NEW_YORK_0930,US30,11.0,19.25,1,LONG,SHORT,1762439700,2025-11-06T14:35:00,47359.01,150.0,1.5,0.1925,True
1762502400,2025-11-07T08:00:00,2025-11-07,LONDON_0800,US100,-5.119999999998981,10.0,-1,SHORT,LONG,1762502700,2025-11-07T08:05:00,25227.66,140.0,1.4000000000000001,0.1,True
1762502400,2025-11-07T08:00:00,2025-11-07,LONDON_0800,US30,0.0,6.0,0,NONE,NONE,1762502700,2025-11-07T08:05:00,47029.72,200.0,2.0,0.06,True
1762525800,2025-11-07T14:30:00,2025-11-07,NEW_YORK_0930,US100,-22.5,32.36999999999898,-1,SHORT,LONG,1762526100,2025-11-07T14:35:00,25038.28,140.0,1.4000000000000001,0.32369999999998983,True
1762525800,2025-11-07T14:30:00,2025-11-07,NEW_YORK_0930,US30,-14.25,26.25,-1,SHORT,LONG,1762526100,2025-11-07T14:35:00,46819.22,150.0,1.5,0.2625,True
1762761600,2025-11-10T08:00:00,2025-11-10,LONDON_0800,US100,-1.25,10.75,-1,SHORT,LONG,1762761900,2025-11-10T08:05:00,25389.19,140.0,1.4000000000000001,0.1075,True
1762761600,2025-11-10T08:00:00,2025-11-10,LONDON_0800,US30,11.0,25.25,1,LONG,SHORT,1762761900,2025-11-10T08:05:00,47121.29,200.0,2.0,0.2525,True
1762785000,2025-11-10T14:30:00,2025-11-10,NEW_YORK_0930,US100,0.6299999999973807,6.25,1,LONG,SHORT,1762785300,2025-11-10T14:35:00,25425.06,140.0,1.4000000000000001,0.0625,True
1762785000,2025-11-10T14:30:00,2025-11-10,NEW_YORK_0930,US30,-3.0,10.5,-1,SHORT,LONG,1762785300,2025-11-10T14:35:00,47183.79,150.0,1.5,0.105,True
1762848000,2025-11-11T08:00:00,2025-11-11,LONDON_0800,US100,5.0,7.0,1,LONG,SHORT,1762848300,2025-11-11T08:05:00,25568.01,140.0,1.4000000000000001,0.07,True
1762848000,2025-11-11T08:00:00,2025-11-11,LONDON_0800,US30,4.75,8.75,1,LONG,SHORT,1762848300,2025-11-11T08:05:00,47397.09,200.0,2.0,0.08750000000000001,True
1762871400,2025-11-11T14:30:00,2025-11-11,NEW_YORK_0930,US100,-1.8700000000026193,8.25,-1,SHORT,LONG,1762871700,2025-11-11T14:35:00,25527.76,140.0,1.4000000000000001,0.0825,True
1762871400,2025-11-11T14:30:00,2025-11-11,NEW_YORK_0930,US30,1.0,9.0,1,LONG,SHORT,1762871700,2025-11-11T14:35:00,47404.34,150.0,1.5,0.09,True
1762934400,2025-11-12T08:00:00,2025-11-12,LONDON_0800,US100,0.6299999999973807,8.37000000000262,1,LONG,SHORT,1762934700,2025-11-12T08:05:00,25656.37,140.0,1.4000000000000001,0.0837000000000262,True
1762934400,2025-11-12T08:00:00,2025-11-12,LONDON_0800,US30,3.75,6.5,1,LONG,SHORT,1762934700,2025-11-12T08:05:00,48010.39,200.0,2.0,0.065,True
1762957800,2025-11-12T14:30:00,2025-11-12,NEW_YORK_0930,US100,4.0,7.620000000002619,1,LONG,SHORT,1762958100,2025-11-12T14:35:00,25707.62,140.0,1.4000000000000001,0.07620000000002619,True
1762957800,2025-11-12T14:30:00,2025-11-12,NEW_YORK_0930,US30,4.25,10.0,1,LONG,SHORT,1762958100,2025-11-12T14:35:00,48078.14,150.0,1.5,0.1,True
1763020800,2025-11-13T08:00:00,2025-11-13,LONDON_0800,US100,-4.75,14.619999999998981,-1,SHORT,LONG,1763021100,2025-11-13T08:05:00,25608.67,140.0,1.4000000000000001,0.1461999999999898,True
1763020800,2025-11-13T08:00:00,2025-11-13,LONDON_0800,US30,7.0,11.25,1,LONG,SHORT,1763021100,2025-11-13T08:05:00,48421.42,200.0,2.0,0.1125,True
1763044200,2025-11-13T14:30:00,2025-11-13,NEW_YORK_0930,US100,5.5,15.5,1,LONG,SHORT,1763044500,2025-11-13T14:35:00,25495.92,140.0,1.4000000000000001,0.155,True
1763044200,2025-11-13T14:30:00,2025-11-13,NEW_YORK_0930,US30,-3.75,13.5,-1,SHORT,LONG,1763044500,2025-11-13T14:35:00,48255.92,150.0,1.5,0.135,True
1763107200,2025-11-14T08:00:00,2025-11-14,LONDON_0800,US100,-24.36999999999898,33.0,-1,SHORT,LONG,1763107500,2025-11-14T08:05:00,24992.27,140.0,1.4000000000000001,0.33,True
1763107200,2025-11-14T08:00:00,2025-11-14,LONDON_0800,US30,-10.5,22.75,-1,SHORT,LONG,1763107500,2025-11-14T08:05:00,47476.73,200.0,2.0,0.2275,True
1763130600,2025-11-14T14:30:00,2025-11-14,NEW_YORK_0930,US100,-27.0,48.5,-1,SHORT,LONG,1763130900,2025-11-14T14:35:00,24655.4,140.0,1.4000000000000001,0.485,True
1763130600,2025-11-14T14:30:00,2025-11-14,NEW_YORK_0930,US30,-32.5,48.75,-1,SHORT,LONG,1763130900,2025-11-14T14:35:00,47202.73,150.0,1.5,0.4875,True
1763366400,2025-11-17T08:00:00,2025-11-17,LONDON_0800,US100,5.75,11.75,1,LONG,SHORT,1763366700,2025-11-17T08:05:00,25176.29,140.0,1.4000000000000001,0.11750000000000001,True
1763366400,2025-11-17T08:00:00,2025-11-17,LONDON_0800,US30,4.0,9.75,1,LONG,SHORT,1763366700,2025-11-17T08:05:00,47196.77,200.0,2.0,0.0975,True
1763389800,2025-11-17T14:30:00,2025-11-17,NEW_YORK_0930,US100,0.37999999999738066,29.62000000000262,1,LONG,SHORT,1763390100,2025-11-17T14:35:00,25074.29,140.0,1.4000000000000001,0.2962000000000262,True
1763389800,2025-11-17T14:30:00,2025-11-17,NEW_YORK_0930,US30,-6.0,18.0,-1,SHORT,LONG,1763390100,2025-11-17T14:35:00,47162.02,150.0,1.5,0.18,True
1763452800,2025-11-18T08:00:00,2025-11-18,LONDON_0800,US100,8.380000000001019,29.75,1,LONG,SHORT,1763453100,2025-11-18T08:05:00,24644.85,140.0,1.4000000000000001,0.2975,True
1763452800,2025-11-18T08:00:00,2025-11-18,LONDON_0800,US30,10.0,30.5,1,LONG,SHORT,1763453100,2025-11-18T08:05:00,46442.14,200.0,2.0,0.305,True
1763476200,2025-11-18T14:30:00,2025-11-18,NEW_YORK_0930,US100,12.130000000001019,24.38000000000102,1,LONG,SHORT,1763476500,2025-11-18T14:35:00,24663.85,140.0,1.4000000000000001,0.2438000000000102,True
1763476200,2025-11-18T14:30:00,2025-11-18,NEW_YORK_0930,US30,16.75,29.25,1,LONG,SHORT,1763476500,2025-11-18T14:35:00,46291.89,150.0,1.5,0.2925,True
1763539200,2025-11-19T08:00:00,2025-11-19,LONDON_0800,US100,2.6200000000026193,30.0,1,LONG,SHORT,1763539500,2025-11-19T08:05:00,24467.65,140.0,1.4000000000000001,0.3,True
1763539200,2025-11-19T08:00:00,2025-11-19,LONDON_0800,US30,-3.75,25.75,-1,SHORT,LONG,1763539500,2025-11-19T08:05:00,46077.92,200.0,2.0,0.2575,True
1763562600,2025-11-19T14:30:00,2025-11-19,NEW_YORK_0930,US100,17.75,21.62999999999738,1,LONG,SHORT,1763562900,2025-11-19T14:35:00,24646.53,140.0,1.4000000000000001,0.21629999999997382,True
1763562600,2025-11-19T14:30:00,2025-11-19,NEW_YORK_0930,US30,37.0,41.75,1,LONG,SHORT,1763562900,2025-11-19T14:35:00,46224.67,150.0,1.5,0.4175,True
1763625600,2025-11-20T08:00:00,2025-11-20,LONDON_0800,US100,6.25,16.75,1,LONG,SHORT,1763625900,2025-11-20T08:05:00,25102.92,140.0,1.4000000000000001,0.1675,True
1763625600,2025-11-20T08:00:00,2025-11-20,LONDON_0800,US30,8.25,17.0,1,LONG,SHORT,1763625900,2025-11-20T08:05:00,46432.73,200.0,2.0,0.17,True
1763649000,2025-11-20T14:30:00,2025-11-20,NEW_YORK_0930,US100,21.75,25.0,1,LONG,SHORT,1763649300,2025-11-20T14:35:00,25042.54,140.0,1.4000000000000001,0.25,True
1763649000,2025-11-20T14:30:00,2025-11-20,NEW_YORK_0930,US30,33.25,38.5,1,LONG,SHORT,1763649300,2025-11-20T14:35:00,46411.48,150.0,1.5,0.385,True
1763712000,2025-11-21T08:00:00,2025-11-21,LONDON_0800,US100,6.630000000001019,21.5,1,LONG,SHORT,1763712300,2025-11-21T08:05:00,24077.95,140.0,1.4000000000000001,0.215,True
1763712000,2025-11-21T08:00:00,2025-11-21,LONDON_0800,US30,11.75,20.0,1,LONG,SHORT,1763712300,2025-11-21T08:05:00,45927.95,200.0,2.0,0.2,True
1763735400,2025-11-21T14:30:00,2025-11-21,NEW_YORK_0930,US100,152.61999999999898,182.11999999999898,1,LONG,SHORT,1763735700,2025-11-21T14:35:00,24046.45,140.0,1.4000000000000001,1.82119999999999,True
1763735400,2025-11-21T14:30:00,2025-11-21,NEW_YORK_0930,US30,151.75,193.0,1,LONG,SHORT,1763735700,2025-11-21T14:35:00,45941.95,150.0,1.5,1.93,True
1763971200,2025-11-24T08:00:00,2025-11-24,LONDON_0800,US100,-8.25,18.63000000000102,-1,SHORT,LONG,1763971500,2025-11-24T08:05:00,24426.16,140.0,1.4000000000000001,0.18630000000001018,True
1763971200,2025-11-24T08:00:00,2025-11-24,LONDON_0800,US30,-4.0,11.0,-1,SHORT,LONG,1763971500,2025-11-24T08:05:00,46384.15,200.0,2.0,0.11,True
1764057600,2025-11-25T08:00:00,2025-11-25,LONDON_0800,US100,6.629999999997381,11.5,1,LONG,SHORT,1764057900,2025-11-25T08:05:00,24868.62,140.0,1.4000000000000001,0.115,True
1764057600,2025-11-25T08:00:00,2025-11-25,LONDON_0800,US30,3.75,7.75,1,LONG,SHORT,1764057900,2025-11-25T08:05:00,46414.78,200.0,2.0,0.0775,True
1764081000,2025-11-25T14:30:00,2025-11-25,NEW_YORK_0930,US100,-39.0,39.87000000000262,-1,SHORT,LONG,1764081300,2025-11-25T14:35:00,24834.12,140.0,1.4000000000000001,0.3987000000000262,True
1764081000,2025-11-25T14:30:00,2025-11-25,NEW_YORK_0930,US30,-22.25,28.0,-1,SHORT,LONG,1764081300,2025-11-25T14:35:00,46406.03,150.0,1.5,0.28,True
1764144000,2025-11-26T08:00:00,2025-11-26,LONDON_0800,US100,-2.75,7.75,-1,SHORT,LONG,1764144300,2025-11-26T08:05:00,25140.91,140.0,1.4000000000000001,0.0775,True
1764144000,2025-11-26T08:00:00,2025-11-26,LONDON_0800,US30,-3.5,6.75,-1,SHORT,LONG,1764144300,2025-11-26T08:05:00,47229.05,200.0,2.0,0.0675,True
1764167400,2025-11-26T14:30:00,2025-11-26,NEW_YORK_0930,US100,-14.0,18.25,-1,SHORT,LONG,1764167700,2025-11-26T14:35:00,25070.53,140.0,1.4000000000000001,0.1825,True
1764167400,2025-11-26T14:30:00,2025-11-26,NEW_YORK_0930,US30,-22.0,22.75,-1,SHORT,LONG,1764167700,2025-11-26T14:35:00,47142.3,150.0,1.5,0.2275,True
1764230400,2025-11-27T08:00:00,2025-11-27,LONDON_0800,US100,-3.3699999999989814,7.25,-1,SHORT,LONG,1764230700,2025-11-27T08:05:00,25266.82,140.0,1.4000000000000001,0.0725,True
1764230400,2025-11-27T08:00:00,2025-11-27,LONDON_0800,US30,-7.5,12.5,-1,SHORT,LONG,1764230700,2025-11-27T08:05:00,47471.8,200.0,2.0,0.125,True
1764253800,2025-11-27T14:30:00,2025-11-27,NEW_YORK_0930,US100,3.25,4.0,1,LONG,SHORT,1764254100,2025-11-27T14:35:00,25253.45,140.0,1.4000000000000001,0.04,True
1764253800,2025-11-27T14:30:00,2025-11-27,NEW_YORK_0930,US30,10.5,11.5,1,LONG,SHORT,1764254100,2025-11-27T14:35:00,47453.05,150.0,1.5,0.115,True
1764576000,2025-12-01T08:00:00,2025-12-01,LONDON_0800,US100,-13.369999999998981,21.63000000000102,-1,SHORT,LONG,1764576300,2025-12-01T08:05:00,25196.5,60.0,0.6,0.21630000000001018,True
1764576000,2025-12-01T08:00:00,2025-12-01,LONDON_0800,US30,-4.5,9.5,-1,SHORT,LONG,1764576300,2025-12-01T08:05:00,47471.42,200.0,2.0,0.095,True
1764599400,2025-12-01T14:30:00,2025-12-01,NEW_YORK_0930,US100,-15.119999999998981,24.75,-1,SHORT,LONG,1764599700,2025-12-01T14:35:00,25198.0,60.0,0.6,0.2475,True
1764599400,2025-12-01T14:30:00,2025-12-01,NEW_YORK_0930,US30,-17.5,20.5,-1,SHORT,LONG,1764599700,2025-12-01T14:35:00,47476.17,150.0,1.5,0.20500000000000002,True
1764662400,2025-12-02T08:00:00,2025-12-02,LONDON_0800,US100,-5.0,6.75,-1,SHORT,LONG,1764662700,2025-12-02T08:05:00,25327.77,60.0,0.6,0.0675,True
1764662400,2025-12-02T08:00:00,2025-12-02,LONDON_0800,US30,-4.25,6.5,-1,SHORT,LONG,1764662700,2025-12-02T08:05:00,47252.01,200.0,2.0,0.065,True
1764685800,2025-12-02T14:30:00,2025-12-02,NEW_YORK_0930,US100,-24.13000000000102,26.5,-1,SHORT,LONG,1764686100,2025-12-02T14:35:00,25424.02,60.0,0.6,0.265,True
1764685800,2025-12-02T14:30:00,2025-12-02,NEW_YORK_0930,US30,-30.5,31.75,-1,SHORT,LONG,1764686100,2025-12-02T14:35:00,47315.26,150.0,1.5,0.3175,True
1764748800,2025-12-03T08:00:00,2025-12-03,LONDON_0800,US100,4.5,10.869999999998981,1,LONG,SHORT,1764749100,2025-12-03T08:05:00,25627.3,60.0,0.6,0.10869999999998982,True
1764748800,2025-12-03T08:00:00,2025-12-03,LONDON_0800,US30,3.25,12.25,1,LONG,SHORT,1764749100,2025-12-03T08:05:00,47599.82,200.0,2.0,0.1225,True
1764772200,2025-12-03T14:30:00,2025-12-03,NEW_YORK_0930,US100,6.5,8.119999999998981,1,LONG,SHORT,1764772500,2025-12-03T14:35:00,25615.68,60.0,0.6,0.08119999999998982,True
1764772200,2025-12-03T14:30:00,2025-12-03,NEW_YORK_0930,US30,8.0,10.25,1,LONG,SHORT,1764772500,2025-12-03T14:35:00,47614.07,150.0,1.5,0.10250000000000001,True
1764835200,2025-12-04T08:00:00,2025-12-04,LONDON_0800,US100,5.620000000002619,8.12000000000262,1,LONG,SHORT,1764835500,2025-12-04T08:05:00,25609.67,60.0,0.6,0.0812000000000262,True
1764835200,2025-12-04T08:00:00,2025-12-04,LONDON_0800,US30,0.5,6.5,1,LONG,SHORT,1764835500,2025-12-04T08:05:00,47956.05,200.0,2.0,0.065,True
1764858600,2025-12-04T14:30:00,2025-12-04,NEW_YORK_0930,US100,-3.6200000000026193,14.12999999999738,-1,SHORT,LONG,1764858900,2025-12-04T14:35:00,25623.92,60.0,0.6,0.1412999999999738,True
1764858600,2025-12-04T14:30:00,2025-12-04,NEW_YORK_0930,US30,-6.5,14.0,-1,SHORT,LONG,1764858900,2025-12-04T14:35:00,47948.8,150.0,1.5,0.14,True
1764921600,2025-12-05T08:00:00,2025-12-05,LONDON_0800,US100,1.5,5.5,1,LONG,SHORT,1764921900,2025-12-05T08:05:00,25688.79,60.0,0.6,0.055,True
1764921600,2025-12-05T08:00:00,2025-12-05,LONDON_0800,US30,2.0,5.5,1,LONG,SHORT,1764921900,2025-12-05T08:05:00,47902.94,200.0,2.0,0.055,True
1764945000,2025-12-05T14:30:00,2025-12-05,NEW_YORK_0930,US100,4.119999999998981,6.869999999998981,1,LONG,SHORT,1764945300,2025-12-05T14:35:00,25679.79,60.0,0.6,0.06869999999998981,True
1764945000,2025-12-05T14:30:00,2025-12-05,NEW_YORK_0930,US30,1.0,7.75,1,LONG,SHORT,1764945300,2025-12-05T14:35:00,47913.69,150.0,1.5,0.0775,True
1765180800,2025-12-08T08:00:00,2025-12-08,LONDON_0800,US100,-1.5,10.25,-1,SHORT,LONG,1765181100,2025-12-08T08:05:00,25795.45,60.0,0.6,0.10250000000000001,True
1765180800,2025-12-08T08:00:00,2025-12-08,LONDON_0800,US30,-4.0,14.0,-1,SHORT,LONG,1765181100,2025-12-08T08:05:00,48015.3,140.0,1.4000000000000001,0.14,True
1765204200,2025-12-08T14:30:00,2025-12-08,NEW_YORK_0930,US100,4.5,8.0,1,LONG,SHORT,1765204500,2025-12-08T14:35:00,25790.55,60.0,0.6,0.08,True
1765204200,2025-12-08T14:30:00,2025-12-08,NEW_YORK_0930,US30,4.0,9.5,1,LONG,SHORT,1765204500,2025-12-08T14:35:00,48022.3,140.0,1.4000000000000001,0.095,True
1765267200,2025-12-09T08:00:00,2025-12-09,LONDON_0800,US100,-8.0,11.75,-1,SHORT,LONG,1765267500,2025-12-09T08:05:00,25660.8,60.0,0.6,0.11750000000000001,True
1765267200,2025-12-09T08:00:00,2025-12-09,LONDON_0800,US30,-8.0,10.0,-1,SHORT,LONG,1765267500,2025-12-09T08:05:00,47789.3,140.0,1.4000000000000001,0.1,True
1765290600,2025-12-09T14:30:00,2025-12-09,NEW_YORK_0930,US100,1.5,8.75,1,LONG,SHORT,1765290900,2025-12-09T14:35:00,25671.05,60.0,0.6,0.08750000000000001,True
1765290600,2025-12-09T14:30:00,2025-12-09,NEW_YORK_0930,US30,-5.400000000001455,10.5,-1,SHORT,LONG,1765290900,2025-12-09T14:35:00,47821.3,140.0,1.4000000000000001,0.105,True
1765353600,2025-12-10T08:00:00,2025-12-10,LONDON_0800,US100,4.0,5.5,1,LONG,SHORT,1765353900,2025-12-10T08:05:00,25694.4,60.0,0.6,0.055,True
1765353600,2025-12-10T08:00:00,2025-12-10,LONDON_0800,US30,2.0,4.0,1,LONG,SHORT,1765353900,2025-12-10T08:05:00,47633.3,140.0,1.4000000000000001,0.04,True
1765377000,2025-12-10T14:30:00,2025-12-10,NEW_YORK_0930,US100,-3.0,10.0,-1,SHORT,LONG,1765377300,2025-12-10T14:35:00,25653.65,60.0,0.6,0.1,True
1765377000,2025-12-10T14:30:00,2025-12-10,NEW_YORK_0930,US30,-0.5999999999985448,12.400000000001455,-1,SHORT,LONG,1765377300,2025-12-10T14:35:00,47587.3,140.0,1.4000000000000001,0.12400000000001456,True
1765440000,2025-12-11T08:00:00,2025-12-11,LONDON_0800,US100,-1.5,15.0,-1,SHORT,LONG,1765440300,2025-12-11T08:05:00,25528.25,60.0,0.6,0.15,True
1765440000,2025-12-11T08:00:00,2025-12-11,LONDON_0800,US30,-7.0,16.0,-1,SHORT,LONG,1765440300,2025-12-11T08:05:00,47908.3,140.0,1.4000000000000001,0.16,True
1765463400,2025-12-11T14:30:00,2025-12-11,NEW_YORK_0930,US100,19.0,28.75,1,LONG,SHORT,1765463700,2025-12-11T14:35:00,25714.5,60.0,0.6,0.28750000000000003,True
1765463400,2025-12-11T14:30:00,2025-12-11,NEW_YORK_0930,US30,17.0,24.0,1,LONG,SHORT,1765463700,2025-12-11T14:35:00,48164.3,140.0,1.4000000000000001,0.24,True
1765526400,2025-12-12T08:00:00,2025-12-12,LONDON_0800,US100,-1.0,6.75,-1,SHORT,LONG,1765526700,2025-12-12T08:05:00,25710.75,60.0,0.6,0.0675,True
1765526400,2025-12-12T08:00:00,2025-12-12,LONDON_0800,US30,-1.0,9.0,-1,SHORT,LONG,1765526700,2025-12-12T08:05:00,48893.3,140.0,1.4000000000000001,0.09,True
1765549800,2025-12-12T14:30:00,2025-12-12,NEW_YORK_0930,US100,-0.75,9.5,-1,SHORT,LONG,1765550100,2025-12-12T14:35:00,25604.3,60.0,0.6,0.095,True
1765549800,2025-12-12T14:30:00,2025-12-12,NEW_YORK_0930,US30,-6.0,13.0,-1,SHORT,LONG,1765550100,2025-12-12T14:35:00,48879.3,140.0,1.4000000000000001,0.13,True
1765785600,2025-12-15T08:00:00,2025-12-15,LONDON_0800,US100,-15.5,17.25,-1,SHORT,LONG,1765785900,2025-12-15T08:05:00,25292.1,60.0,0.6,0.17250000000000001,True
1765785600,2025-12-15T08:00:00,2025-12-15,LONDON_0800,US30,-13.0,14.0,-1,SHORT,LONG,1765785900,2025-12-15T08:05:00,48677.3,140.0,1.4000000000000001,0.14,True
1765809000,2025-12-15T14:30:00,2025-12-15,NEW_YORK_0930,US100,5.75,12.25,1,LONG,SHORT,1765809300,2025-12-15T14:35:00,25370.35,60.0,0.6,0.1225,True
1765809000,2025-12-15T14:30:00,2025-12-15,NEW_YORK_0930,US30,10.400000000001455,14.0,1,LONG,SHORT,1765809300,2025-12-15T14:35:00,48751.3,140.0,1.4000000000000001,0.14,True
1765872000,2025-12-16T08:00:00,2025-12-16,LONDON_0800,US100,4.75,17.25,1,LONG,SHORT,1765872300,2025-12-16T08:05:00,24900.9,60.0,0.6,0.17250000000000001,True
1765872000,2025-12-16T08:00:00,2025-12-16,LONDON_0800,US30,9.0,19.0,1,LONG,SHORT,1765872300,2025-12-16T08:05:00,48340.3,140.0,1.4000000000000001,0.19,True
1765895400,2025-12-16T14:30:00,2025-12-16,NEW_YORK_0930,US100,9.25,12.25,1,LONG,SHORT,1765895700,2025-12-16T14:35:00,25100.65,60.0,0.6,0.1225,True
1765895400,2025-12-16T14:30:00,2025-12-16,NEW_YORK_0930,US30,6.400000000001455,9.0,1,LONG,SHORT,1765895700,2025-12-16T14:35:00,48504.3,140.0,1.4000000000000001,0.09,True
1765958400,2025-12-17T08:00:00,2025-12-17,LONDON_0800,US100,14.0,20.75,1,LONG,SHORT,1765958700,2025-12-17T08:05:00,25152.55,60.0,0.6,0.20750000000000002,True
1765958400,2025-12-17T08:00:00,2025-12-17,LONDON_0800,US30,12.0,19.0,1,LONG,SHORT,1765958700,2025-12-17T08:05:00,48154.3,140.0,1.4000000000000001,0.19,True
1765981800,2025-12-17T14:30:00,2025-12-17,NEW_YORK_0930,US100,17.0,18.5,1,LONG,SHORT,1765982100,2025-12-17T14:35:00,25281.3,60.0,0.6,0.185,True
1765981800,2025-12-17T14:30:00,2025-12-17,NEW_YORK_0930,US30,20.0,24.0,1,LONG,SHORT,1765982100,2025-12-17T14:35:00,48275.3,140.0,1.4000000000000001,0.24,True
1766044800,2025-12-18T08:00:00,2025-12-18,LONDON_0800,US100,2.0,13.5,1,LONG,SHORT,1766045100,2025-12-18T08:05:00,24772.95,60.0,0.6,0.135,True
1766044800,2025-12-18T08:00:00,2025-12-18,LONDON_0800,US30,5.0,15.0,1,LONG,SHORT,1766045100,2025-12-18T08:05:00,47894.3,140.0,1.4000000000000001,0.15,True
1766068200,2025-12-18T14:30:00,2025-12-18,NEW_YORK_0930,US100,-0.75,16.75,-1,SHORT,LONG,1766068500,2025-12-18T14:35:00,24879.7,60.0,0.6,0.1675,True
1766068200,2025-12-18T14:30:00,2025-12-18,NEW_YORK_0930,US30,-11.0,23.5,-1,SHORT,LONG,1766068500,2025-12-18T14:35:00,48018.3,140.0,1.4000000000000001,0.23500000000000001,True
1766131200,2025-12-19T08:00:00,2025-12-19,LONDON_0800,US100,3.5,8.75,1,LONG,SHORT,1766131500,2025-12-19T08:05:00,25083.1,60.0,0.6,0.08750000000000001,True
1766131200,2025-12-19T08:00:00,2025-12-19,LONDON_0800,US30,0.0,10.0,0,NONE,NONE,1766131500,2025-12-19T08:05:00,47900.3,140.0,1.4000000000000001,0.1,True
1766154600,2025-12-19T14:30:00,2025-12-19,NEW_YORK_0930,US100,-11.0,22.0,-1,SHORT,LONG,1766154900,2025-12-19T14:35:00,25108.1,60.0,0.6,0.22,True
1766154600,2025-12-19T14:30:00,2025-12-19,NEW_YORK_0930,US30,-7.0,22.0,-1,SHORT,LONG,1766154900,2025-12-19T14:35:00,48026.3,140.0,1.4000000000000001,0.22,True
1766390400,2025-12-22T08:00:00,2025-12-22,LONDON_0800,US100,9.5,10.0,1,LONG,SHORT,1766390700,2025-12-22T08:05:00,25478.55,60.0,0.6,0.1,True
1766390400,2025-12-22T08:00:00,2025-12-22,LONDON_0800,US30,7.0,9.0,1,LONG,SHORT,1766390700,2025-12-22T08:05:00,48213.3,140.0,1.4000000000000001,0.09,True
1766413800,2025-12-22T14:30:00,2025-12-22,NEW_YORK_0930,US100,1.5,10.25,1,LONG,SHORT,1766414100,2025-12-22T14:35:00,25524.05,60.0,0.6,0.10250000000000001,True
1766413800,2025-12-22T14:30:00,2025-12-22,NEW_YORK_0930,US30,1.0,8.0,1,LONG,SHORT,1766414100,2025-12-22T14:35:00,48211.3,140.0,1.4000000000000001,0.08,True
1766476800,2025-12-23T08:00:00,2025-12-23,LONDON_0800,US100,-2.25,6.5,-1,SHORT,LONG,1766477100,2025-12-23T08:05:00,25471.25,60.0,0.6,0.065,True
1766476800,2025-12-23T08:00:00,2025-12-23,LONDON_0800,US30,-1.0,5.0,-1,SHORT,LONG,1766477100,2025-12-23T08:05:00,48379.3,140.0,1.4000000000000001,0.05,True
1766500200,2025-12-23T14:30:00,2025-12-23,NEW_YORK_0930,US100,7.25,16.75,1,LONG,SHORT,1766500500,2025-12-23T14:35:00,25469.5,60.0,0.6,0.1675,True
1766500200,2025-12-23T14:30:00,2025-12-23,NEW_YORK_0930,US30,3.0,17.0,1,LONG,SHORT,1766500500,2025-12-23T14:35:00,48386.3,140.0,1.4000000000000001,0.17,True
1766563200,2025-12-24T08:00:00,2025-12-24,LONDON_0800,US100,2.75,5.25,1,LONG,SHORT,1766563500,2025-12-24T08:05:00,25595.7,60.0,0.6,0.0525,True
1766563200,2025-12-24T08:00:00,2025-12-24,LONDON_0800,US30,-6.0,8.0,-1,SHORT,LONG,1766563500,2025-12-24T08:05:00,48446.3,140.0,1.4000000000000001,0.08,True
1766586600,2025-12-24T14:30:00,2025-12-24,NEW_YORK_0930,US100,5.0,6.75,1,LONG,SHORT,1766586900,2025-12-24T14:35:00,25613.7,60.0,0.6,0.0675,True
1766586600,2025-12-24T14:30:00,2025-12-24,NEW_YORK_0930,US30,1.0,5.0,1,LONG,SHORT,1766586900,2025-12-24T14:35:00,48462.3,140.0,1.4000000000000001,0.05,True
1766736000,2025-12-26T08:00:00,2025-12-26,LONDON_0800,US100,1.75,5.0,1,LONG,SHORT,1766736300,2025-12-26T08:05:00,25685.4,60.0,0.6,0.05,True
1766736000,2025-12-26T08:00:00,2025-12-26,LONDON_0800,US30,4.0,5.0,1,LONG,SHORT,1766736300,2025-12-26T08:05:00,48756.3,140.0,1.4000000000000001,0.05,True
1766759400,2025-12-26T14:30:00,2025-12-26,NEW_YORK_0930,US100,4.0,6.5,1,LONG,SHORT,1766759700,2025-12-26T14:35:00,25695.9,60.0,0.6,0.065,True
1766759400,2025-12-26T14:30:00,2025-12-26,NEW_YORK_0930,US30,10.0,10.0,1,LONG,SHORT,1766759700,2025-12-26T14:35:00,48727.3,140.0,1.4000000000000001,0.1,True
1766995200,2025-12-29T08:00:00,2025-12-29,LONDON_0800,US100,-6.5,11.0,-1,SHORT,LONG,1766995500,2025-12-29T08:05:00,25629.15,60.0,0.6,0.11,True
1766995200,2025-12-29T08:00:00,2025-12-29,LONDON_0800,US30,-1.0,7.0,-1,SHORT,LONG,1766995500,2025-12-29T08:05:00,48746.3,140.0,1.4000000000000001,0.07,True
1767018600,2025-12-29T14:30:00,2025-12-29,NEW_YORK_0930,US100,-1.5,13.0,-1,SHORT,LONG,1767018900,2025-12-29T14:35:00,25581.9,60.0,0.6,0.13,True
1767018600,2025-12-29T14:30:00,2025-12-29,NEW_YORK_0930,US30,-11.0,14.900000000001455,-1,SHORT,LONG,1767018900,2025-12-29T14:35:00,48724.3,140.0,1.4000000000000001,0.14900000000001457,True
1767081600,2025-12-30T08:00:00,2025-12-30,LONDON_0800,US100,-7.25,8.0,-1,SHORT,LONG,1767081900,2025-12-30T08:05:00,25555.1,60.0,0.6,0.08,True
1767081600,2025-12-30T08:00:00,2025-12-30,LONDON_0800,US30,-6.0,9.0,-1,SHORT,LONG,1767081900,2025-12-30T08:05:00,48512.3,140.0,1.4000000000000001,0.09,True
1767105000,2025-12-30T14:30:00,2025-12-30,NEW_YORK_0930,US100,-9.0,14.5,-1,SHORT,LONG,1767105300,2025-12-30T14:35:00,25537.35,60.0,0.6,0.145,True
1767105000,2025-12-30T14:30:00,2025-12-30,NEW_YORK_0930,US30,-8.0,13.0,-1,SHORT,LONG,1767105300,2025-12-30T14:35:00,48496.3,140.0,1.4000000000000001,0.13,True
1767168000,2025-12-31T08:00:00,2025-12-31,LONDON_0800,US100,1.0,7.75,1,LONG,SHORT,1767168300,2025-12-31T08:05:00,25420.8,60.0,0.6,0.0775,True
1767168000,2025-12-31T08:00:00,2025-12-31,LONDON_0800,US30,1.0,8.0,1,LONG,SHORT,1767168300,2025-12-31T08:05:00,48371.3,140.0,1.4000000000000001,0.08,True
1767191400,2025-12-31T14:30:00,2025-12-31,NEW_YORK_0930,US100,3.5,10.5,1,LONG,SHORT,1767191700,2025-12-31T14:35:00,25446.3,60.0,0.6,0.105,True
1767191400,2025-12-31T14:30:00,2025-12-31,NEW_YORK_0930,US30,3.0,13.0,1,LONG,SHORT,1767191700,2025-12-31T14:35:00,48383.3,140.0,1.4000000000000001,0.13,True
