role,sequence,session,symbol,direction,anchor_epoch,anchor_time,entry_epoch,entry_time,exit_epoch,exit_time,opening_body_price,opening_range_price,volume_lots,planned_risk_usd,entry_bid,entry_ask,exit_bid,exit_ask,observed_spread_burden_price,exit_reason,actual_R,actual_pnl_usd,extra_stress_cost_usd,stressed_pnl_usd,actual_balance_before_usd,actual_balance_after_usd,stressed_balance_before_usd,stressed_balance_after_usd
OPEN_DRIVE_5M,1,NEW_YORK_0930,US100,LONG,1704205800,2024-01-02T14:30:00,1704206100,2024-01-02T14:35:00,1704206220,2024-01-02T14:37:00,3.5,8.19999999999709,0.24,1.9679999999993014,16670.0,16671.4,16663.200000000004,16664.600000000006,1.4000000000000001,STOP_ADVERSE_FIRST,-1.0,-1.9679999999993014,0.336,-2.3039999999993013,100.0,98.03200000000069,100.0,97.6960000000007
OPEN_DRIVE_5M,2,NEW_YORK_0930,US30,SHORT,1704205800,2024-01-02T14:30:00,1704206100,2024-01-02T14:35:00,1704206220,2024-01-02T14:37:00,-1.9000000000014552,10.599999999998545,0.18,1.907999999999738,37508.1,37509.299999999996,37491.0,37492.2,1.2,TAKE,1.5000000000003433,2.8620000000002617,0.216,2.6460000000002615,98.03200000000069,100.89400000000096,97.6960000000007,100.34200000000095
OPEN_DRIVE_5M,3,NEW_YORK_0930,US30,SHORT,1704292200,2024-01-03T14:30:00,1704292500,2024-01-03T14:35:00,1704292980,2024-01-03T14:43:00,-2.099999999998545,9.80000000000291,0.2,1.9600000000005822,37592.4,37593.6,37576.399999999994,37577.7,1.3,TAKE,1.5000000000000002,2.9400000000008735,0.26,2.6800000000008737,100.89400000000096,103.83400000000184,100.34200000000095,103.02200000000182
OPEN_DRIVE_5M,4,NEW_YORK_0930,US100,SHORT,1704292200,2024-01-03T14:30:00,1704292500,2024-01-03T14:35:00,1704293460,2024-01-03T14:51:00,-5.25,8.150000000001455,0.24,1.9560000000003492,16420.9,16422.300000000003,16427.65,16429.050000000003,1.4000000000000001,STOP_ADVERSE_FIRST,-1.0,-1.9560000000003492,0.336,-2.2920000000003493,103.83400000000184,101.87800000000149,103.02200000000182,100.73000000000148
OPEN_DRIVE_5M,5,NEW_YORK_0930,US100,LONG,1704378600,2024-01-04T14:30:00,1704378900,2024-01-04T14:35:00,1704379080,2024-01-04T14:38:00,4.149999999999636,8.450000000000728,0.24,2.0280000000001746,16345.3,16346.699999999999,16338.249999999998,16339.649999999998,1.4000000000000001,STOP_ADVERSE_FIRST,-1.0,-2.0280000000001746,0.336,-2.3640000000001744,101.87800000000149,99.85000000000132,100.73000000000148,98.3660000000013
OPEN_DRIVE_5M,6,NEW_YORK_0930,US30,LONG,1704378600,2024-01-04T14:30:00,1704378900,2024-01-04T14:35:00,1704380460,2024-01-04T15:01:00,23.099999999998545,28.299999999995634,0.07,1.9809999999996946,37527.6,37528.799999999996,37500.5,37501.7,1.2,STOP_ADVERSE_FIRST,-1.0,-1.9809999999996946,0.084,-2.0649999999996944,99.85000000000132,97.86900000000162,98.3660000000013,96.30100000000161
OPEN_DRIVE_5M,7,LONDON_0800,US100,LONG,1704441600,2024-01-05T08:00:00,1704441900,2024-01-05T08:05:00,1704442020,2024-01-05T08:07:00,4.699999999998909,6.799999999999272,0.28,1.9039999999997965,16255.05,16256.449999999999,16249.65,16251.05,1.4000000000000001,STOP_ADVERSE_FIRST,-1.0,-1.9039999999997965,0.39200000000000007,-2.2959999999997964,97.86900000000162,95.96500000000182,96.30100000000161,94.00500000000181
OPEN_DRIVE_5M,8,LONDON_0800,US30,LONG,1704441600,2024-01-05T08:00:00,1704441900,2024-01-05T08:05:00,1704442020,2024-01-05T08:07:00,8.200000000004366,10.0,0.19,1.9,37456.1,37457.4,37447.4,37448.700000000004,1.3,STOP_ADVERSE_FIRST,-1.0,-1.9,0.24700000000000003,-2.147,95.96500000000182,94.06500000000182,94.00500000000181,91.85800000000181
OPEN_DRIVE_5M,9,NEW_YORK_0930,US100,SHORT,1704465000,2024-01-05T14:30:00,1704465300,2024-01-05T14:35:00,1704465360,2024-01-05T14:36:00,-1.8999999999996362,4.849999999998545,0.38,1.842999999999447,16215.4,16216.8,16218.849999999999,16220.249999999998,1.4000000000000001,STOP_ADVERSE_FIRST,-1.0,-1.842999999999447,0.532,-2.374999999999447,94.06500000000182,92.22200000000237,91.85800000000181,89.48300000000236
OPEN_DRIVE_5M,10,NEW_YORK_0930,US30,LONG,1704465000,2024-01-05T14:30:00,1704465300,2024-01-05T14:35:00,1704465540,2024-01-05T14:39:00,1.0,13.0,0.14,1.8200000000000003,37363.9,37365.1,37352.1,37353.299999999996,1.2,STOP_ADVERSE_FIRST,-1.0,-1.8200000000000003,0.168,-1.9880000000000002,92.22200000000237,90.40200000000237,89.48300000000236,87.49500000000236
OPEN_DRIVE_5M,11,LONDON_0800,US100,SHORT,1704700800,2024-01-08T08:00:00,1704701100,2024-01-08T08:05:00,1704701100,2024-01-08T08:05:00,-0.3500000000003638,3.75,0.48,1.7999999999999998,16268.4,16269.8,16270.75,16272.15,1.4000000000000001,STOP_ADVERSE_FIRST,-1.0,-1.7999999999999998,0.672,-2.472,90.40200000000237,88.60200000000238,87.49500000000236,85.02300000000237
OPEN_DRIVE_5M,12,LONDON_0800,US30,LONG,1704700800,2024-01-08T08:00:00,1704701100,2024-01-08T08:05:00,1704701160,2024-01-08T08:06:00,1.0,5.5,0.32,1.76,37325.4,37326.6,37334.85,37336.049999999996,1.2,TAKE,1.5,2.64,0.384,2.2560000000000002,88.60200000000238,91.24200000000238,85.02300000000237,87.27900000000237
OPEN_DRIVE_5M,13,NEW_YORK_0930,US30,SHORT,1704724200,2024-01-08T14:30:00,1704724500,2024-01-08T14:35:00,1704725340,2024-01-08T14:49:00,-12.099999999998545,16.89999999999418,0.1,1.689999999999418,37285.5,37286.8,37301.2,37302.399999999994,1.2,STOP_ADVERSE_FIRST,-1.0,-1.689999999999418,0.12,-1.8099999999994179,91.24200000000238,89.55200000000296,87.27900000000237,85.46900000000295
OPEN_DRIVE_5M,14,NEW_YORK_0930,US100,SHORT,1704724200,2024-01-08T14:30:00,1704724500,2024-01-08T14:35:00,1704725820,2024-01-08T14:57:00,-11.100000000000364,13.550000000001091,0.13,1.761500000000142,16288.85,16290.25,16301.000000000002,16302.400000000001,1.4000000000000001,STOP_ADVERSE_FIRST,-1.0,-1.761500000000142,0.18200000000000002,-1.943500000000142,89.55200000000296,87.79050000000282,85.46900000000295,83.52550000000281
OPEN_DRIVE_5M,15,NEW_YORK_0930,US30,LONG,1704810600,2024-01-09T14:30:00,1704810900,2024-01-09T14:35:00,1704812400,2024-01-09T15:00:00,4.900000000001455,11.80000000000291,0.14,1.6520000000004076,37544.5,37545.7,37533.899999999994,37535.09999999999,1.2,STOP_ADVERSE_FIRST,-1.0,-1.6520000000004076,0.168,-1.8200000000004075,87.79050000000282,86.13850000000241,83.52550000000281,81.7055000000024
OPEN_DRIVE_5M,16,NEW_YORK_0930,US100,LONG,1704810600,2024-01-09T14:30:00,1704810900,2024-01-09T14:35:00,1704814200,2024-01-09T15:30:00,11.150000000001455,18.600000000002183,0.09,1.6740000000001964,16547.9,16549.300000000003,16530.7,16532.100000000002,1.4000000000000001,STOP_ADVERSE_FIRST,-1.0,-1.6740000000001964,0.126,-1.8000000000001966,86.13850000000241,84.46450000000222,81.7055000000024,79.9055000000022
OPEN_DRIVE_5M,17,LONDON_0800,US30,LONG,1704873600,2024-01-10T08:00:00,1704873900,2024-01-10T08:05:00,1704874440,2024-01-10T08:14:00,3.599999999998545,5.599999999998545,0.3,1.6799999999995634,37480.6,37481.9,37476.3,37477.600000000006,1.3,STOP_ADVERSE_FIRST,-1.0,-1.6799999999995634,0.39,-2.0699999999995633,84.46450000000222,82.78450000000265,79.9055000000022,77.83550000000264
OPEN_DRIVE_5M,18,LONDON_0800,US100,LONG,1704873600,2024-01-10T08:00:00,1704873900,2024-01-10T08:05:00,1704875280,2024-01-10T08:28:00,0.5,4.299999999999272,0.39,1.6769999999997163,16658.2,16659.600000000002,16655.300000000003,16656.700000000004,1.4000000000000001,STOP_ADVERSE_FIRST,-1.0,-1.6769999999997163,0.546,-2.2229999999997165,82.78450000000265,81.10750000000293,77.83550000000264,75.61250000000292
OPEN_DRIVE_5M,19,NEW_YORK_0930,US100,SHORT,1704897000,2024-01-10T14:30:00,1704897300,2024-01-10T14:35:00,1704897900,2024-01-10T14:45:00,-6.149999999997817,8.149999999997817,0.19,1.5484999999995852,16687.25,16688.65,16673.625,16675.025,1.4000000000000001,TAKE,1.5000000000002232,2.3227499999997234,0.266,2.0567499999997234,81.10750000000293,83.43025000000266,75.61250000000292,77.66925000000265
OPEN_DRIVE_5M,20,NEW_YORK_0930,US30,SHORT,1704897000,2024-01-10T14:30:00,1704897300,2024-01-10T14:35:00,1704898440,2024-01-10T14:54:00,-12.400000000001455,14.5,0.11,1.595,37498.1,37499.299999999996,37511.299999999996,37512.6,1.3,STOP_ADVERSE_FIRST,-1.0,-1.595,0.14300000000000002,-1.738,83.43025000000266,81.83525000000266,77.66925000000265,75.93125000000265
OPEN_DRIVE_5M,21,LONDON_0800,US100,SHORT,1704960000,2024-01-11T08:00:00,1704960300,2024-01-11T08:05:00,1704960720,2024-01-11T08:12:00,-1.9000000000014552,4.799999999999272,0.34,1.6319999999997528,16831.25,16832.65,16834.649999999998,16836.05,1.4000000000000001,STOP_ADVERSE_FIRST,-1.0,-1.6319999999997528,0.4760000000000001,-2.1079999999997527,81.83525000000266,80.20325000000291,75.93125000000265,73.8232500000029
OPEN_DRIVE_5M,22,LONDON_0800,US30,LONG,1704960000,2024-01-11T08:00:00,1704960300,2024-01-11T08:05:00,1704961380,2024-01-11T08:23:00,1.5999999999985448,7.5,0.21,1.575,37742.5,37743.8,37755.05,37756.350000000006,1.3,TAKE,1.5,2.3625,0.273,2.0894999999999997,80.20325000000291,82.56575000000291,73.8232500000029,75.9127500000029
OPEN_DRIVE_5M,23,NEW_YORK_0930,US100,LONG,1704983400,2024-01-11T14:30:00,1704983700,2024-01-11T14:35:00,1704984000,2024-01-11T14:40:00,3.75,7.5,0.22,1.65,16847.0,16848.4,16840.9,16842.300000000003,1.4000000000000001,STOP_ADVERSE_FIRST,-1.0,-1.65,0.30800000000000005,-1.958,82.56575000000291,80.9157500000029,75.9127500000029,73.9547500000029
OPEN_DRIVE_5M,24,NEW_YORK_0930,US30,LONG,1704983400,2024-01-11T14:30:00,1704983700,2024-01-11T14:35:00,1704985200,2024-01-11T15:00:00,5.899999999994179,14.19999999999709,0.11,1.5619999999996799,37698.8,37700.100000000006,37685.90000000001,37687.100000000006,1.3,STOP_ADVERSE_FIRST,-1.0,-1.5619999999996799,0.14300000000000002,-1.7049999999996799,80.9157500000029,79.35375000000322,73.9547500000029,72.24975000000322
OPEN_DRIVE_5M,25,LONDON_0800,US100,LONG,1705046400,2024-01-12T08:00:00,1705046700,2024-01-12T08:05:00,1705049460,2024-01-12T08:51:00,1.5,5.650000000001455,0.28,1.5820000000004075,16789.85,16791.25,16799.725000000002,16801.125000000004,1.4000000000000001,TAKE,1.5,2.3730000000006113,0.39200000000000007,1.9810000000006112,79.35375000000322,81.72675000000383,72.24975000000322,74.23075000000382
OPEN_DRIVE_5M,26,LONDON_0800,US30,LONG,1705046400,2024-01-12T08:00:00,1705046700,2024-01-12T08:05:00,1705049940,2024-01-12T08:59:00,5.099999999998545,7.69999999999709,0.2,1.539999999999418,37683.4,37684.700000000004,37696.25,37697.45,1.3,TAKE,1.5,2.309999999999127,0.26,2.0499999999991267,81.72675000000383,84.03675000000295,74.23075000000382,76.28075000000295
OPEN_DRIVE_5M,27,NEW_YORK_0930,US30,LONG,1705069800,2024-01-12T14:30:00,1705070100,2024-01-12T14:35:00,1705071120,2024-01-12T14:52:00,29.099999999998545,38.099999999998545,0.04,1.5239999999999418,37572.6,37573.799999999996,37535.7,37537.0,1.2,STOP_ADVERSE_FIRST,-1.0,-1.5239999999999418,0.048,-1.5719999999999419,84.03675000000295,82.51275000000301,76.28075000000295,74.70875000000301
OPEN_DRIVE_5M,28,NEW_YORK_0930,US100,LONG,1705069800,2024-01-12T14:30:00,1705070100,2024-01-12T14:35:00,1705071600,2024-01-12T15:00:00,9.0,13.75,0.12,1.65,16763.0,16764.4,16750.65,16752.050000000003,1.4000000000000001,STOP_ADVERSE_FIRST,-1.0,-1.65,0.168,-1.8179999999999998,82.51275000000301,80.862750000003,74.70875000000301,72.89075000000301
OPEN_DRIVE_5M,29,NEW_YORK_0930,US30,SHORT,1705329000,2024-01-15T14:30:00,1705329300,2024-01-15T14:35:00,1705329480,2024-01-15T14:38:00,-10.799999999995634,13.80000000000291,0.11,1.5180000000003202,37511.2,37512.399999999994,37523.8,37525.0,1.2,STOP_ADVERSE_FIRST,-1.0,-1.5180000000003202,0.132,-1.65000000000032,80.862750000003,79.34475000000269,72.89075000000301,71.24075000000269
OPEN_DRIVE_5M,30,NEW_YORK_0930,US100,SHORT,1705329000,2024-01-15T14:30:00,1705329300,2024-01-15T14:35:00,1705330620,2024-01-15T14:57:00,-4.5,6.399999999997817,0.25,1.5999999999994543,16829.65,16831.050000000003,16818.65,16820.050000000003,1.4000000000000001,TAKE,1.5000000000002842,2.399999999999636,0.35000000000000003,2.049999999999636,79.34475000000269,81.74475000000233,71.24075000000269,73.29075000000233
OPEN_DRIVE_5M,31,LONDON_0800,US30,SHORT,1705392000,2024-01-16T08:00:00,1705392300,2024-01-16T08:05:00,1705393560,2024-01-16T08:26:00,-15.599999999998545,19.0,0.08,1.52,37431.8,37433.100000000006,37449.5,37450.8,1.3,STOP_ADVERSE_FIRST,-1.0,-1.52,0.10400000000000001,-1.624,81.74475000000233,80.22475000000233,73.29075000000233,71.66675000000234
OPEN_DRIVE_5M,32,LONDON_0800,US100,SHORT,1705392000,2024-01-16T08:00:00,1705392300,2024-01-16T08:05:00,1705395060,2024-01-16T08:51:00,-7.200000000000728,12.150000000001455,0.13,1.5795000000001893,16729.35,16730.75,16740.1,16741.5,1.4000000000000001,STOP_ADVERSE_FIRST,-1.0,-1.5795000000001893,0.18200000000000002,-1.7615000000001892,80.22475000000233,78.64525000000214,71.66675000000234,69.90525000000216
OPEN_DRIVE_5M,33,NEW_YORK_0930,US30,SHORT,1705415400,2024-01-16T14:30:00,1705415700,2024-01-16T14:35:00,1705415820,2024-01-16T14:37:00,-15.799999999995634,24.5,0.06,1.47,37472.1,37473.4,37495.4,37496.6,1.2,STOP_ADVERSE_FIRST,-1.0,-1.47,0.072,-1.542,78.64525000000214,77.17525000000214,69.90525000000216,68.36325000000215
OPEN_DRIVE_5M,34,NEW_YORK_0930,US100,SHORT,1705415400,2024-01-16T14:30:00,1705415700,2024-01-16T14:35:00,1705415880,2024-01-16T14:38:00,-2.349999999998545,9.650000000001455,0.16,1.544000000000233,16751.85,16753.25,16760.1,16761.5,1.4000000000000001,STOP_ADVERSE_FIRST,-1.0,-1.544000000000233,0.22400000000000003,-1.768000000000233,77.17525000000214,75.6312500000019,68.36325000000215,66.59525000000193
OPEN_DRIVE_5M,35,LONDON_0800,US30,LONG,1705478400,2024-01-17T08:00:00,1705478700,2024-01-17T08:05:00,1705478880,2024-01-17T08:08:00,5.5,5.69999999999709,0.26,1.4819999999992433,37278.2,37279.399999999994,37273.7,37275.0,1.2,STOP_ADVERSE_FIRST,-1.0,-1.4819999999992433,0.312,-1.7939999999992433,75.6312500000019,74.14925000000265,66.59525000000193,64.80125000000268
OPEN_DRIVE_5M,36,LONDON_0800,US100,SHORT,1705478400,2024-01-17T08:00:00,1705478700,2024-01-17T08:05:00,1705478940,2024-01-17T08:09:00,-5.0,7.700000000000728,0.19,1.4630000000001382,16754.35,16755.75,16742.799999999996,16742.799999999996,0.0,TAKE,1.5000000000002363,2.194500000000553,0.0,2.194500000000553,74.14925000000265,76.34375000000321,64.80125000000268,66.99575000000324
OPEN_DRIVE_5M,37,NEW_YORK_0930,US30,SHORT,1705501800,2024-01-17T14:30:00,1705502100,2024-01-17T14:35:00,1705502160,2024-01-17T14:36:00,-1.3000000000029104,8.900000000001455,0.17,1.5130000000002475,37245.8,37247.100000000006,37253.4,37254.700000000004,1.3,STOP_ADVERSE_FIRST,-1.0,-1.5130000000002475,0.22100000000000003,-1.7340000000002476,76.34375000000321,74.83075000000296,66.99575000000324,65.26175000000299
OPEN_DRIVE_5M,38,NEW_YORK_0930,US100,SHORT,1705501800,2024-01-17T14:30:00,1705502100,2024-01-17T14:35:00,1705503720,2024-01-17T15:02:00,-6.099999999998545,8.899999999997817,0.17,1.512999999999629,16761.3,16762.7,16746.550000000003,16747.950000000004,1.4000000000000001,TAKE,1.4999999999997955,2.2694999999991343,0.23800000000000004,2.0314999999991343,74.83075000000296,77.1002500000021,65.26175000000299,67.29325000000213
OPEN_DRIVE_5M,39,LONDON_0800,US100,LONG,1705564800,2024-01-18T08:00:00,1705565100,2024-01-18T08:05:00,1705566420,2024-01-18T08:27:00,6.5,8.650000000001455,0.17,1.4705000000002475,16742.9,16744.300000000003,16757.275000000005,16758.675000000007,1.4000000000000001,TAKE,1.5,2.2057500000003714,0.23800000000000004,1.9677500000003714,77.1002500000021,79.30600000000248,67.29325000000213,69.2610000000025
OPEN_DRIVE_5M,40,LONDON_0800,US30,LONG,1705564800,2024-01-18T08:00:00,1705565100,2024-01-18T08:05:00,1705566420,2024-01-18T08:27:00,6.200000000004366,7.80000000000291,0.19,1.482000000000553,37241.4,37242.700000000004,37254.40000000001,37255.70000000001,1.3,TAKE,1.4999999999999998,2.2230000000008294,0.24700000000000003,1.9760000000008293,79.30600000000248,81.52900000000331,69.2610000000025,71.23700000000332
OPEN_DRIVE_5M,41,NEW_YORK_0930,US100,LONG,1705588200,2024-01-18T14:30:00,1705588500,2024-01-18T14:35:00,1705589040,2024-01-18T14:44:00,1.8999999999978172,6.399999999997817,0.25,1.5999999999994543,16875.15,16876.550000000003,16886.15,16887.550000000003,1.4000000000000001,TAKE,1.5000000000002842,2.399999999999636,0.35000000000000003,2.049999999999636,81.52900000000331,83.92900000000294,71.23700000000332,73.28700000000296
OPEN_DRIVE_5M,42,NEW_YORK_0930,US30,SHORT,1705588200,2024-01-18T14:30:00,1705588500,2024-01-18T14:35:00,1705589220,2024-01-18T14:47:00,-8.30000000000291,20.30000000000291,0.08,1.6240000000002328,37231.7,37232.899999999994,37200.049999999996,37201.24999999999,1.2,TAKE,1.5000000000000002,2.4360000000003494,0.096,2.3400000000003494,83.92900000000294,86.36500000000329,73.28700000000296,75.6270000000033
OPEN_DRIVE_5M,43,LONDON_0800,US100,LONG,1705651200,2024-01-19T08:00:00,1705651500,2024-01-19T08:05:00,1705651620,2024-01-19T08:07:00,2.7999999999992724,3.8000000000029104,0.45,1.7100000000013098,17020.4,17021.800000000003,17027.500000000007,17028.90000000001,1.4000000000000001,TAKE,1.5,2.5650000000019646,0.6300000000000001,1.9350000000019645,86.36500000000329,88.93000000000525,75.6270000000033,77.56200000000527
OPEN_DRIVE_5M,44,LONDON_0800,US30,LONG,1705651200,2024-01-19T08:00:00,1705651500,2024-01-19T08:05:00,1705652040,2024-01-19T08:14:00,4.200000000004366,5.900000000001455,0.29,1.711000000000422,37419.2,37420.5,37429.350000000006,37430.65000000001,1.3,TAKE,1.5000000000006166,2.566500000001688,0.377,2.189500000001688,88.93000000000525,91.49650000000693,77.56200000000527,79.75150000000696
OPEN_DRIVE_5M,45,NEW_YORK_0930,US100,LONG,1705674600,2024-01-19T14:30:00,1705674900,2024-01-19T14:35:00,1705675140,2024-01-19T14:39:00,1.0999999999985448,5.5,0.33,1.8150000000000002,17091.95,17093.350000000002,17087.850000000002,17089.250000000004,1.4000000000000001,STOP_ADVERSE_FIRST,-1.0,-1.8150000000000002,0.4620000000000001,-2.277,91.49650000000693,89.68150000000693,79.75150000000696,77.47450000000696
OPEN_DRIVE_5M,46,NEW_YORK_0930,US30,LONG,1705674600,2024-01-19T14:30:00,1705674900,2024-01-19T14:35:00,1705676820,2024-01-19T15:07:00,16.400000000001455,26.0,0.07,1.8200000000000003,37636.1,37637.4,37676.4,37677.6,1.3,TAKE,1.5,2.7300000000000004,0.09100000000000001,2.6390000000000002,89.68150000000693,92.41150000000694,77.47450000000696,80.11350000000695
OPEN_DRIVE_5M,47,LONDON_0800,US30,LONG,1705910400,2024-01-22T08:00:00,1705910700,2024-01-22T08:05:00,1705911780,2024-01-22T08:23:00,12.69999999999709,14.900000000001455,0.12,1.7880000000001746,37912.9,37914.1,37899.2,37900.5,1.2,STOP_ADVERSE_FIRST,-1.0,-1.7880000000001746,0.144,-1.9320000000001745,92.41150000000694,90.62350000000676,80.11350000000695,78.18150000000678
OPEN_DRIVE_5M,48,LONDON_0800,US100,LONG,1705910400,2024-01-22T08:00:00,1705910700,2024-01-22T08:05:00,1705911840,2024-01-22T08:24:00,10.200000000000728,10.899999999997817,0.16,1.7439999999996507,17415.3,17416.7,17405.800000000003,17407.200000000004,1.4000000000000001,STOP_ADVERSE_FIRST,-1.0,-1.7439999999996507,0.22400000000000003,-1.9679999999996507,90.62350000000676,88.87950000000711,78.18150000000678,76.21350000000713
OPEN_DRIVE_5M,49,NEW_YORK_0930,US100,LONG,1705933800,2024-01-22T14:30:00,1705934100,2024-01-22T14:35:00,1705934340,2024-01-22T14:39:00,5.349999999998545,10.700000000000728,0.16,1.7120000000001165,17449.2,17450.600000000002,17439.9,17441.300000000003,1.4000000000000001,STOP_ADVERSE_FIRST,-1.0,-1.7120000000001165,0.22400000000000003,-1.9360000000001165,88.87950000000711,87.167500000007,76.21350000000713,74.27750000000701
OPEN_DRIVE_5M,50,NEW_YORK_0930,US30,LONG,1705933800,2024-01-22T14:30:00,1705934100,2024-01-22T14:35:00,1705934340,2024-01-22T14:39:00,3.599999999998545,9.0,0.19,1.71,37927.5,37928.7,37919.7,37921.0,1.2,STOP_ADVERSE_FIRST,-1.0,-1.71,0.22799999999999998,-1.938,87.167500000007,85.457500000007,74.27750000000701,72.339500000007
OPEN_DRIVE_5M,51,LONDON_0800,US100,LONG,1705996800,2024-01-23T08:00:00,1705997100,2024-01-23T08:05:00,1705997160,2024-01-23T08:06:00,3.350000000002183,5.5,0.31,1.705,17349.5,17350.9,17345.4,17346.800000000003,1.4000000000000001,STOP_ADVERSE_FIRST,-1.0,-1.705,0.43400000000000005,-2.1390000000000002,85.457500000007,83.752500000007,72.339500000007,70.20050000000701
OPEN_DRIVE_5M,52,LONDON_0800,US30,LONG,1705996800,2024-01-23T08:00:00,1705997100,2024-01-23T08:05:00,1706000580,2024-01-23T09:03:00,3.1999999999970896,7.5,0.22,1.65,37992.7,37994.0,38005.25,38006.45,1.3,TAKE,1.5000000000000002,2.475,0.28600000000000003,2.189,83.752500000007,86.227500000007,70.20050000000701,72.38950000000702
OPEN_DRIVE_5M,53,NEW_YORK_0930,US100,LONG,1706020200,2024-01-23T14:30:00,1706020500,2024-01-23T14:35:00,1706020800,2024-01-23T14:40:00,2.9499999999970896,5.099999999998545,0.33,1.6829999999995198,17349.75,17351.15,17358.8,17360.2,1.4000000000000001,TAKE,1.5000000000000002,2.52449999999928,0.4620000000000001,2.0624999999992797,86.227500000007,88.75200000000628,72.38950000000702,74.4520000000063
OPEN_DRIVE_5M,54,NEW_YORK_0930,US30,SHORT,1706020200,2024-01-23T14:30:00,1706020500,2024-01-23T14:35:00,1706020980,2024-01-23T14:43:00,-1.0,10.19999999999709,0.16,1.6319999999995343,37964.0,37965.2,37947.4,37948.700000000004,1.3,TAKE,1.5,2.4479999999993014,0.20800000000000002,2.239999999999301,88.75200000000628,91.20000000000557,74.4520000000063,76.69200000000559
OPEN_DRIVE_5M,55,LONDON_0800,US100,LONG,1706083200,2024-01-24T08:00:00,1706083500,2024-01-24T08:05:00,1706086320,2024-01-24T08:52:00,2.649999999997817,11.099999999998545,0.16,1.775999999999767,17483.15,17484.550000000003,17501.2,17501.2,1.4000000000000001,TAKE,1.5,2.6639999999996506,0.22400000000000003,2.4399999999996504,91.20000000000557,93.86400000000522,76.69200000000559,79.13200000000525
OPEN_DRIVE_5M,56,LONDON_0800,US30,LONG,1706083200,2024-01-24T08:00:00,1706083500,2024-01-24T08:05:00,1706086920,2024-01-24T09:02:00,4.400000000001455,6.30000000000291,0.28,1.7640000000008151,37935.4,37936.6,37930.299999999996,37931.6,1.2,STOP_ADVERSE_FIRST,-1.0,-1.7640000000008151,0.336,-2.100000000000815,93.86400000000522,92.1000000000044,79.13200000000525,77.03200000000443
OPEN_DRIVE_5M,57,NEW_YORK_0930,US100,LONG,1706106600,2024-01-24T14:30:00,1706106900,2024-01-24T14:35:00,1706107140,2024-01-24T14:39:00,5.149999999997817,5.299999999999272,0.34,1.8019999999997527,17534.15,17535.550000000003,17543.5,17544.9,1.4000000000000001,TAKE,1.499999999999657,2.702999999999011,0.4760000000000001,2.226999999999011,92.1000000000044,94.80300000000341,77.03200000000443,79.25900000000344
OPEN_DRIVE_5M,58,NEW_YORK_0930,US30,LONG,1706106600,2024-01-24T14:30:00,1706106900,2024-01-24T14:35:00,1706107740,2024-01-24T14:49:00,2.8000000000029104,11.900000000001455,0.15,1.7850000000002182,37989.3,37990.5,38008.350000000006,38009.55,1.2,TAKE,1.5000000000003055,2.677500000000873,0.18,2.4975000000008727,94.80300000000341,97.48050000000428,79.25900000000344,81.75650000000431
OPEN_DRIVE_5M,59,LONDON_0800,US30,SHORT,1706169600,2024-01-25T08:00:00,1706169900,2024-01-25T08:05:00,1706171640,2024-01-25T08:34:00,-4.30000000000291,11.69999999999709,0.16,1.8719999999995345,37885.4,37886.6,37895.799999999996,37897.1,1.3,STOP_ADVERSE_FIRST,-1.0,-1.8719999999995345,0.20800000000000002,-2.0799999999995347,97.48050000000428,95.60850000000475,81.75650000000431,79.67650000000478
OPEN_DRIVE_5M,60,LONDON_0800,US100,SHORT,1706169600,2024-01-25T08:00:00,1706169900,2024-01-25T08:05:00,1706171760,2024-01-25T08:36:00,-5.849999999998545,8.75,0.22,1.925,17494.85,17496.25,17502.199999999997,17503.6,1.4000000000000001,STOP_ADVERSE_FIRST,-1.0,-1.925,0.30800000000000005,-2.233,95.60850000000475,93.68350000000476,79.67650000000478,77.44350000000478
OPEN_DRIVE_5M,61,NEW_YORK_0930,US30,SHORT,1706193000,2024-01-25T14:30:00,1706193300,2024-01-25T14:35:00,1706193360,2024-01-25T14:36:00,-2.599999999998545,9.69999999999709,0.19,1.842999999999447,37806.0,37807.2,37814.5,37815.7,1.2,STOP_ADVERSE_FIRST,-1.0,-1.842999999999447,0.22799999999999998,-2.0709999999994473,93.68350000000476,91.8405000000053,77.44350000000478,75.37250000000533
OPEN_DRIVE_5M,62,NEW_YORK_0930,US100,SHORT,1706193000,2024-01-25T14:30:00,1706193300,2024-01-25T14:35:00,1706193780,2024-01-25T14:43:00,-1.7000000000007276,9.75,0.19,1.8525,17520.4,17521.800000000003,17528.75,17530.15,1.4000000000000001,STOP_ADVERSE_FIRST,-1.0,-1.8525,0.266,-2.1185,91.8405000000053,89.9880000000053,75.37250000000533,73.25400000000533
OPEN_DRIVE_5M,63,LONDON_0800,US100,SHORT,1706256000,2024-01-26T08:00:00,1706256300,2024-01-26T08:05:00,1706256480,2024-01-26T08:08:00,-0.2999999999992724,5.200000000000728,0.34,1.7680000000002476,17386.15,17387.550000000003,17376.949999999997,17378.35,1.4000000000000001,TAKE,1.5000000000003497,2.6520000000009896,0.4760000000000001,2.1760000000009896,89.9880000000053,92.6400000000063,73.25400000000533,75.43000000000632
OPEN_DRIVE_5M,64,LONDON_0800,US30,SHORT,1706256000,2024-01-26T08:00:00,1706256300,2024-01-26T08:05:00,1706256660,2024-01-26T08:11:00,-9.30000000000291,12.200000000004366,0.14,1.7080000000006113,37928.6,37929.9,37908.999999999985,37910.29999999999,1.3,TAKE,1.5000000000002982,2.5620000000014262,0.18200000000000002,2.3800000000014263,92.6400000000063,95.20200000000773,75.43000000000632,77.81000000000775
OPEN_DRIVE_5M,65,NEW_YORK_0930,US30,LONG,1706279400,2024-01-26T14:30:00,1706279700,2024-01-26T14:35:00,1706280120,2024-01-26T14:42:00,1.1999999999970896,8.39999999999418,0.22,1.8479999999987193,38038.6,38039.799999999996,38052.39999999999,38053.69999999999,1.2,TAKE,1.5,2.771999999998079,0.264,2.507999999998079,95.20200000000773,97.9740000000058,77.81000000000775,80.31800000000582
OPEN_DRIVE_5M,66,NEW_YORK_0930,US100,LONG,1706279400,2024-01-26T14:30:00,1706279700,2024-01-26T14:35:00,1706280660,2024-01-26T14:51:00,7.200000000000728,9.30000000000291,0.2,1.860000000000582,17467.4,17468.800000000003,17459.5,17460.9,1.4000000000000001,STOP_ADVERSE_FIRST,-1.0,-1.860000000000582,0.28,-2.1400000000005823,97.9740000000058,96.11400000000522,80.31800000000582,78.17800000000524
OPEN_DRIVE_5M,67,LONDON_0800,US100,SHORT,1706515200,2024-01-29T08:00:00,1706515500,2024-01-29T08:05:00,1706515560,2024-01-29T08:06:00,-3.400000000001455,5.400000000001455,0.35,1.8900000000005093,17419.75,17421.15,17423.75,17425.15,1.4000000000000001,STOP_ADVERSE_FIRST,-1.0,-1.8900000000005093,0.49,-2.3800000000005093,96.11400000000522,94.22400000000471,78.17800000000524,75.79800000000473
OPEN_DRIVE_5M,68,LONDON_0800,US30,LONG,1706515200,2024-01-29T08:00:00,1706515500,2024-01-29T08:05:00,1706515800,2024-01-29T08:10:00,2.7000000000043656,3.599999999998545,0.53,1.9079999999992288,38056.5,38057.7,38063.09999999999,38064.29999999999,1.2,TAKE,1.4999999999989895,2.861999999996915,0.636,2.225999999996915,94.22400000000471,97.08600000000162,75.79800000000473,78.02400000000165
OPEN_DRIVE_5M,69,NEW_YORK_0930,US100,SHORT,1706538600,2024-01-29T14:30:00,1706538900,2024-01-29T14:35:00,1706539800,2024-01-29T14:50:00,-6.450000000000728,9.299999999999272,0.2,1.8599999999998547,17453.7,17455.100000000002,17438.35,17439.75,1.4000000000000001,TAKE,1.5000000000001956,2.7900000000001457,0.28,2.5100000000001454,97.08600000000162,99.87600000000177,78.02400000000165,80.5340000000018
OPEN_DRIVE_5M,70,NEW_YORK_0930,US30,SHORT,1706538600,2024-01-29T14:30:00,1706538900,2024-01-29T14:35:00,1706539800,2024-01-29T14:50:00,-2.6999999999970896,10.0,0.19,1.9,38100.2,38101.399999999994,38083.899999999994,38085.2,1.3,TAKE,1.5000000000000002,2.85,0.24700000000000003,2.603,99.87600000000177,102.72600000000176,80.5340000000018,83.13700000000179
OPEN_DRIVE_5M,71,LONDON_0800,US30,LONG,1706601600,2024-01-30T08:00:00,1706601900,2024-01-30T08:05:00,1706602140,2024-01-30T08:09:00,0.3000000000029104,2.8000000000029104,0.73,2.0440000000021246,38288.9,38290.200000000004,38294.40000000001,38295.70000000001,1.3,TAKE,1.5,3.0660000000031866,0.949,2.1170000000031868,102.72600000000176,105.79200000000495,83.13700000000179,85.25400000000498
OPEN_DRIVE_5M,72,LONDON_0800,US100,SHORT,1706601600,2024-01-30T08:00:00,1706601900,2024-01-30T08:05:00,1706602560,2024-01-30T08:16:00,-1.8499999999985448,4.950000000000728,0.41,2.029500000000298,17608.35,17609.75,17599.524999999994,17600.924999999996,1.4000000000000001,TAKE,1.5000000000003677,3.044250000001193,0.5740000000000001,2.470250000001193,105.79200000000495,108.83625000000615,85.25400000000498,87.72425000000617
OPEN_DRIVE_5M,73,NEW_YORK_0930,US30,SHORT,1706625000,2024-01-30T14:30:00,1706625300,2024-01-30T14:35:00,1706625360,2024-01-30T14:36:00,-3.400000000001455,6.700000000004366,0.32,2.1440000000013972,38283.1,38284.4,38271.84999999999,38273.04999999999,1.2,TAKE,1.500000000000543,3.21600000000326,0.384,2.83200000000326,108.83625000000615,112.05225000000941,87.72425000000617,90.55625000000943
OPEN_DRIVE_5M,74,NEW_YORK_0930,US100,SHORT,1706625000,2024-01-30T14:30:00,1706625300,2024-01-30T14:35:00,1706625660,2024-01-30T14:41:00,-1.8500000000021828,5.349999999998545,0.4,2.139999999999418,17575.2,17576.600000000002,17565.775,17567.175000000003,1.4000000000000001,TAKE,1.5,3.209999999999127,0.56,2.649999999999127,112.05225000000941,115.26225000000854,90.55625000000943,93.20625000000855
OPEN_DRIVE_5M,75,LONDON_0800,US30,LONG,1706688000,2024-01-31T08:00:00,1706688300,2024-01-31T08:05:00,1706689800,2024-01-31T08:30:00,3.2999999999956344,5.099999999998545,0.45,2.2949999999993453,38472.5,38473.8,38468.700000000004,38469.9,1.3,STOP_ADVERSE_FIRST,-1.0,-2.2949999999993453,0.5850000000000001,-2.8799999999993453,115.26225000000854,112.96725000000919,93.20625000000855,90.32625000000921
OPEN_DRIVE_5M,76,LONDON_0800,US100,LONG,1706688000,2024-01-31T08:00:00,1706688300,2024-01-31T08:05:00,1706690100,2024-01-31T08:35:00,5.649999999997817,7.899999999997817,0.29,2.2909999999993667,17338.25,17339.65,17331.750000000004,17333.150000000005,1.4000000000000001,STOP_ADVERSE_FIRST,-1.0,-2.2909999999993667,0.406,-2.696999999999367,112.96725000000919,110.67625000000982,90.32625000000921,87.62925000000985
OPEN_DRIVE_5M,77,NEW_YORK_0930,US100,LONG,1706711400,2024-01-31T14:30:00,1706711700,2024-01-31T14:35:00,1706711880,2024-01-31T14:38:00,0.2000000000007276,10.75,0.2,2.15,17288.0,17289.4,17278.65,17280.050000000003,1.4000000000000001,STOP_ADVERSE_FIRST,-1.0,-2.15,0.28,-2.4299999999999997,110.67625000000982,108.52625000000981,87.62925000000985,85.19925000000984
OPEN_DRIVE_5M,78,NEW_YORK_0930,US30,LONG,1706711400,2024-01-31T14:30:00,1706711700,2024-01-31T14:35:00,1706715240,2024-01-31T15:34:00,6.5,52.900000000001455,0.04,2.1160000000000583,38500.1,38501.4,38531.6,38532.799999999996,1.3,TIME_60_M1,0.570888468809003,1.2079999999998836,0.052000000000000005,1.1559999999998836,108.52625000000981,109.7342500000097,85.19925000000984,86.35525000000972
OPEN_DRIVE_5M,79,LONDON_0800,US30,LONG,1706774400,2024-02-01T08:00:00,1706774700,2024-02-01T08:05:00,1706775420,2024-02-01T08:17:00,2.8000000000029104,4.80000000000291,0.45,2.1600000000013098,38187.0,38188.3,38183.5,38184.7,1.3,STOP_ADVERSE_FIRST,-1.0,-2.1600000000013098,0.5850000000000001,-2.7450000000013097,109.7342500000097,107.57425000000839,86.35525000000972,83.6102500000084
OPEN_DRIVE_5M,80,LONDON_0800,US100,LONG,1706774400,2024-02-01T08:00:00,1706774700,2024-02-01T08:05:00,1706775660,2024-02-01T08:21:00,1.6499999999978172,4.30000000000291,0.51,2.193000000001484,17194.65,17196.050000000003,17191.75,17193.15,1.4000000000000001,STOP_ADVERSE_FIRST,-1.0,-2.193000000001484,0.7140000000000001,-2.907000000001484,107.57425000000839,105.3812500000069,83.6102500000084,80.70325000000692
OPEN_DRIVE_5M,81,NEW_YORK_0930,US30,LONG,1706797800,2024-02-01T14:30:00,1706798100,2024-02-01T14:35:00,1706798400,2024-02-01T14:40:00,2.599999999998545,6.099999999998545,0.34,2.0739999999995056,38209.9,38211.200000000004,38205.100000000006,38206.40000000001,1.3,STOP_ADVERSE_FIRST,-1.0,-2.0739999999995056,0.44200000000000006,-2.5159999999995057,105.3812500000069,103.3072500000074,80.70325000000692,78.18725000000741
OPEN_DRIVE_5M,82,NEW_YORK_0930,US100,LONG,1706797800,2024-02-01T14:30:00,1706798100,2024-02-01T14:35:00,1706798460,2024-02-01T14:41:00,1.8999999999978172,5.5,0.38,2.09,17242.3,17243.7,17251.95,17253.350000000002,1.4000000000000001,TAKE,1.5000000000000002,3.1350000000000002,0.532,2.603,103.3072500000074,106.4422500000074,78.18725000000741,80.7902500000074
OPEN_DRIVE_5M,83,LONDON_0800,US30,SHORT,1706860800,2024-02-02T08:00:00,1706861100,2024-02-02T08:05:00,1706861400,2024-02-02T08:10:00,-2.5,7.69999999999709,0.27,2.078999999999214,38516.8,38518.100000000006,38523.2,38524.5,1.3,STOP_ADVERSE_FIRST,-1.0,-2.078999999999214,0.35100000000000003,-2.429999999999214,106.4422500000074,104.3632500000082,80.7902500000074,78.3602500000082
OPEN_DRIVE_5M,84,LONDON_0800,US100,SHORT,1706860800,2024-02-02T08:00:00,1706861100,2024-02-02T08:05:00,1706864640,2024-02-02T09:04:00,-6.549999999999272,10.799999999999272,0.19,2.051999999999862,17510.25,17511.65,17501.35,17502.75,1.4000000000000001,TIME_60_M1,0.6944444444444912,1.425,0.266,1.159,104.3632500000082,105.78825000000819,78.3602500000082,79.5192500000082
OPEN_DRIVE_5M,85,NEW_YORK_0930,US100,SHORT,1706884200,2024-02-02T14:30:00,1706884500,2024-02-02T14:35:00,1706885040,2024-02-02T14:44:00,-3.2000000000007276,5.5,0.38,2.09,17537.6,17539.0,17541.699999999997,17543.1,1.4000000000000001,STOP_ADVERSE_FIRST,-1.0,-2.09,0.532,-2.622,105.78825000000819,103.69825000000819,79.5192500000082,76.8972500000082
OPEN_DRIVE_5M,86,NEW_YORK_0930,US30,SHORT,1706884200,2024-02-02T14:30:00,1706884500,2024-02-02T14:35:00,1706885580,2024-02-02T14:53:00,-13.900000000001455,14.099999999998545,0.15,2.1149999999997817,38545.4,38546.6,38558.3,38559.5,1.2,STOP_ADVERSE_FIRST,-1.0,-2.1149999999997817,0.18,-2.294999999999782,103.69825000000819,101.5832500000084,76.8972500000082,74.60225000000841
OPEN_DRIVE_5M,87,NEW_YORK_0930,US30,LONG,1707143400,2024-02-05T14:30:00,1707143700,2024-02-05T14:35:00,1707144360,2024-02-05T14:46:00,9.80000000000291,15.5,0.13,2.015,38625.4,38626.6,38611.1,38612.4,1.2,STOP_ADVERSE_FIRST,-1.0,-2.015,0.156,-2.1710000000000003,101.5832500000084,99.5682500000084,74.60225000000841,72.4312500000084
OPEN_DRIVE_5M,88,NEW_YORK_0930,US100,LONG,1707143400,2024-02-05T14:30:00,1707143700,2024-02-05T14:35:00,1707145260,2024-02-05T15:01:00,1.25,7.450000000000728,0.27,2.0115000000001966,17628.2,17629.600000000002,17640.775,17642.175000000003,1.4000000000000001,TAKE,1.499999999999756,3.017249999999804,0.37800000000000006,2.639249999999804,99.5682500000084,102.58550000000821,72.4312500000084,75.07050000000821
OPEN_DRIVE_5M,89,NEW_YORK_0930,US100,LONG,1707229800,2024-02-06T14:30:00,1707230100,2024-02-06T14:35:00,1707230400,2024-02-06T14:40:00,5.75,7.150000000001455,0.28,2.0020000000004075,17589.05,17590.45,17601.175000000003,17602.575000000004,1.4000000000000001,TAKE,1.5000000000000002,3.0030000000006116,0.39200000000000007,2.6110000000006117,102.58550000000821,105.58850000000882,75.07050000000821,77.68150000000882
OPEN_DRIVE_5M,90,NEW_YORK_0930,US30,LONG,1707229800,2024-02-06T14:30:00,1707230100,2024-02-06T14:35:00,1707231840,2024-02-06T15:04:00,10.5,14.099999999998545,0.14,1.9739999999997964,38329.3,38330.600000000006,38351.75,38352.95,1.3,TAKE,1.499999999999742,2.9609999999991854,0.18200000000000002,2.7789999999991855,105.58850000000882,108.54950000000801,77.68150000000882,80.46050000000801
OPEN_DRIVE_5M,91,NEW_YORK_0930,US100,LONG,1707316200,2024-02-07T14:30:00,1707316500,2024-02-07T14:35:00,1707317040,2024-02-07T14:44:00,6.200000000000728,7.599999999998545,0.28,2.127999999999593,17595.1,17596.5,17607.899999999998,17609.3,1.4000000000000001,TAKE,1.5,3.191999999999389,0.39200000000000007,2.799999999999389,108.54950000000801,111.74150000000739,80.46050000000801,83.2605000000074
OPEN_DRIVE_5M,92,NEW_YORK_0930,US30,LONG,1707316200,2024-02-07T14:30:00,1707316500,2024-02-07T14:35:00,1707317040,2024-02-07T14:44:00,12.900000000001455,13.0,0.16,2.08,38479.8,38481.0,38500.5,38501.7,1.2,TAKE,1.5,3.12,0.192,2.928,111.74150000000739,114.8615000000074,83.2605000000074,86.1885000000074
OPEN_DRIVE_5M,93,NEW_YORK_0930,US30,SHORT,1707402600,2024-02-08T14:30:00,1707402900,2024-02-08T14:35:00,1707403440,2024-02-08T14:44:00,-10.0,13.099999999998545,0.17,2.226999999999753,38652.8,38654.0,38664.700000000004,38665.9,1.2,STOP_ADVERSE_FIRST,-1.0,-2.226999999999753,0.20400000000000001,-2.430999999999753,114.8615000000074,112.63450000000765,86.1885000000074,83.75750000000764
OPEN_DRIVE_5M,94,NEW_YORK_0930,US100,SHORT,1707402600,2024-02-08T14:30:00,1707402900,2024-02-08T14:35:00,1707403500,2024-02-08T14:45:00,-1.6500000000014552,6.05000000000291,0.37,2.2385000000010766,17722.35,17723.75,17727.0,17728.4,1.4000000000000001,STOP_ADVERSE_FIRST,-1.0,-2.2385000000010766,0.518,-2.7565000000010764,112.63450000000765,110.39600000000657,83.75750000000764,81.00100000000656
OPEN_DRIVE_5M,95,NEW_YORK_0930,US100,SHORT,1707489000,2024-02-09T14:30:00,1707489300,2024-02-09T14:35:00,1707490620,2024-02-09T14:57:00,-1.75,7.200000000000728,0.3,2.160000000000218,17845.6,17847.0,17833.399999999994,17834.799999999996,1.4000000000000001,TAKE,1.5000000000002525,3.240000000000873,0.42000000000000004,2.820000000000873,110.39600000000657,113.63600000000744,81.00100000000656,83.82100000000743
OPEN_DRIVE_5M,96,NEW_YORK_0930,US30,LONG,1707489000,2024-02-09T14:30:00,1707489300,2024-02-09T14:35:00,1707490920,2024-02-09T15:02:00,7.5,11.099999999998545,0.19,2.1089999999997233,38754.3,38755.5,38772.149999999994,38773.34999999999,1.2,TAKE,1.4999999999996725,3.163499999998894,0.22799999999999998,2.9354999999988944,113.63600000000744,116.79950000000633,83.82100000000743,86.75650000000633
OPEN_DRIVE_5M,97,NEW_YORK_0930,US30,SHORT,1707748200,2024-02-12T14:30:00,1707748500,2024-02-12T14:35:00,1707748740,2024-02-12T14:39:00,-2.0,6.700000000004366,0.34,2.2780000000014846,38638.2,38639.5,38643.6,38644.9,1.3,STOP_ADVERSE_FIRST,-1.0,-2.2780000000014846,0.44200000000000006,-2.720000000001485,116.79950000000633,114.52150000000485,86.75650000000633,84.03650000000484
OPEN_DRIVE_5M,98,NEW_YORK_0930,US100,LONG,1707748200,2024-02-12T14:30:00,1707748500,2024-02-12T14:35:00,1707752040,2024-02-12T15:34:00,1.9000000000014552,7.75,0.3,2.3249999999999997,17954.95,17956.350000000002,17956.25,17957.65,1.4000000000000001,TIME_60_M1,-0.012903225806733264,-0.030000000000654836,0.42000000000000004,-0.4500000000006549,114.52150000000485,114.4915000000042,84.03650000000484,83.58650000000418
OPEN_DRIVE_5M,99,NEW_YORK_0930,US30,SHORT,1707834600,2024-02-13T14:30:00,1707834900,2024-02-13T14:35:00,1707835200,2024-02-13T14:40:00,-0.5,14.900000000001455,0.15,2.2350000000002184,38732.2,38733.399999999994,38745.799999999996,38747.1,1.3,STOP_ADVERSE_FIRST,-1.0,-2.2350000000002184,0.195,-2.430000000000218,114.4915000000042,112.25650000000398,83.58650000000418,81.15650000000396
OPEN_DRIVE_5M,100,NEW_YORK_0930,US100,LONG,1707834600,2024-02-13T14:30:00,1707834900,2024-02-13T14:35:00,1707835260,2024-02-13T14:41:00,9.350000000002183,14.399999999997817,0.15,2.1599999999996724,17758.5,17759.9,17745.500000000004,17746.900000000005,1.4000000000000001,STOP_ADVERSE_FIRST,-1.0,-2.1599999999996724,0.21000000000000002,-2.3699999999996724,112.25650000000398,110.09650000000431,81.15650000000396,78.78650000000428
OPEN_DRIVE_5M,101,LONDON_0800,US100,LONG,1707897600,2024-02-14T08:00:00,1707897900,2024-02-14T08:05:00,1707898200,2024-02-14T08:10:00,3.5,5.700000000000728,0.38,2.1660000000002766,17613.85,17615.25,17623.800000000003,17623.800000000003,1.4000000000000001,TAKE,1.500000000000319,3.249000000001106,0.532,2.717000000001106,110.09650000000431,113.34550000000542,78.78650000000428,81.50350000000539
OPEN_DRIVE_5M,102,LONDON_0800,US30,LONG,1707897600,2024-02-14T08:00:00,1707897900,2024-02-14T08:05:00,1707898920,2024-02-14T08:22:00,5.900000000001455,5.900000000001455,0.37,2.1830000000005385,38254.7,38256.0,38264.850000000006,38266.15000000001,1.3,TAKE,1.5000000000006164,3.2745000000021536,0.481,2.7935000000021537,113.34550000000542,116.62000000000756,81.50350000000539,84.29700000000754
OPEN_DRIVE_5M,103,NEW_YORK_0930,US30,LONG,1707921000,2024-02-14T14:30:00,1707921300,2024-02-14T14:35:00,1707921480,2024-02-14T14:38:00,0.9000000000014552,12.69999999999709,0.18,2.285999999999476,38369.2,38370.5,38357.8,38359.0,1.3,STOP_ADVERSE_FIRST,-1.0,-2.285999999999476,0.23399999999999999,-2.519999999999476,116.62000000000756,114.33400000000809,84.29700000000754,81.77700000000807
OPEN_DRIVE_5M,104,NEW_YORK_0930,US100,SHORT,1707921000,2024-02-14T14:30:00,1707921300,2024-02-14T14:35:00,1707921600,2024-02-14T14:40:00,-0.049999999999272404,4.799999999999272,0.48,2.3039999999996508,17717.2,17718.600000000002,17708.6,17710.0,1.4000000000000001,TAKE,1.5000000000003788,3.456000000000349,0.672,2.784000000000349,114.33400000000809,117.79000000000843,81.77700000000807,84.56100000000842
OPEN_DRIVE_5M,105,NEW_YORK_0930,US100,LONG,1708007400,2024-02-15T14:30:00,1708007700,2024-02-15T14:35:00,1708007760,2024-02-15T14:36:00,2.399999999997817,6.150000000001455,0.38,2.337000000000553,17841.3,17842.7,17836.55,17837.95,1.4000000000000001,STOP_ADVERSE_FIRST,-1.0,-2.337000000000553,0.532,-2.869000000000553,117.79000000000843,115.45300000000788,84.56100000000842,81.69200000000787
OPEN_DRIVE_5M,106,NEW_YORK_0930,US30,LONG,1708007400,2024-02-15T14:30:00,1708007700,2024-02-15T14:35:00,1708008300,2024-02-15T14:45:00,3.5,8.30000000000291,0.28,2.324000000000815,38449.8,38451.100000000006,38463.55000000001,38464.75000000001,1.3,TAKE,1.5,3.486000000001223,0.36400000000000005,3.122000000001223,115.45300000000788,118.9390000000091,81.69200000000787,84.81400000000909
OPEN_DRIVE_5M,107,LONDON_0800,US30,LONG,1708070400,2024-02-16T08:00:00,1708070700,2024-02-16T08:05:00,1708070820,2024-02-16T08:07:00,1.9000000000014552,2.599999999998545,0.91,2.365999999998676,38699.6,38700.9,38698.3,38699.5,1.3,STOP_ADVERSE_FIRST,-1.0,-2.365999999998676,1.183,-3.548999999998676,118.9390000000091,116.57300000001042,84.81400000000909,81.26500000001042
OPEN_DRIVE_5M,108,LONDON_0800,US100,LONG,1708070400,2024-02-16T08:00:00,1708070700,2024-02-16T08:05:00,1708071840,2024-02-16T08:24:00,4.25,5.400000000001455,0.44,2.3760000000006403,17869.8,17871.2,17865.8,17867.2,1.4000000000000001,STOP_ADVERSE_FIRST,-1.0,-2.3760000000006403,0.6160000000000001,-2.9920000000006404,116.57300000001042,114.19700000000978,81.26500000001042,78.27300000000977
OPEN_DRIVE_5M,109,NEW_YORK_0930,US30,LONG,1708093800,2024-02-16T14:30:00,1708094100,2024-02-16T14:35:00,1708094520,2024-02-16T14:42:00,2.099999999998545,6.599999999998545,0.34,2.2439999999995055,38726.1,38727.4,38720.8,38722.100000000006,1.3,STOP_ADVERSE_FIRST,-1.0,-2.2439999999995055,0.44200000000000006,-2.6859999999995057,114.19700000000978,111.95300000001028,78.27300000000977,75.58700000001026
OPEN_DRIVE_5M,110,NEW_YORK_0930,US100,SHORT,1708093800,2024-02-16T14:30:00,1708094100,2024-02-16T14:35:00,1708094820,2024-02-16T14:47:00,-0.7000000000007276,5.850000000002183,0.39,2.281500000000851,17933.4,17934.800000000003,17937.850000000002,17939.250000000004,1.4000000000000001,STOP_ADVERSE_FIRST,-1.0,-2.281500000000851,0.546,-2.8275000000008514,111.95300000001028,109.67150000000943,75.58700000001026,72.75950000000941
OPEN_DRIVE_5M,111,LONDON_0800,US30,LONG,1708329600,2024-02-19T08:00:00,1708329900,2024-02-19T08:05:00,1708333260,2024-02-19T09:01:00,6.19999999999709,8.099999999998545,0.27,2.1869999999996073,38650.2,38651.399999999994,38643.299999999996,38644.49999999999,1.2,STOP_ADVERSE_FIRST,-1.0,-2.1869999999996073,0.324,-2.510999999999607,109.67150000000943,107.48450000000982,72.75950000000941,70.2485000000098
OPEN_DRIVE_5M,112,LONDON_0800,US100,SHORT,1708329600,2024-02-19T08:00:00,1708329900,2024-02-19T08:05:00,1708333440,2024-02-19T09:04:00,-1.2999999999992724,7.350000000002183,0.29,2.1315000000006328,17716.15,17717.550000000003,17713.35,17714.75,1.4000000000000001,TIME_60_M1,0.1904761904763319,0.40600000000042197,0.406,4.2194026050879074e-13,107.48450000000982,107.89050000001023,70.2485000000098,70.24850000001022
OPEN_DRIVE_5M,113,NEW_YORK_0930,US30,LONG,1708353000,2024-02-19T14:30:00,1708353300,2024-02-19T14:35:00,1708354860,2024-02-19T15:01:00,5.80000000000291,8.5,0.25,2.125,38648.8,38650.100000000006,38641.600000000006,38642.8,1.3,STOP_ADVERSE_FIRST,-1.0,-2.125,0.325,-2.45,107.89050000001023,105.76550000001023,70.24850000001022,67.79850000001022
OPEN_DRIVE_5M,114,NEW_YORK_0930,US100,LONG,1708353000,2024-02-19T14:30:00,1708353300,2024-02-19T14:35:00,1708355100,2024-02-19T15:05:00,2.75,6.5,0.33,2.145,17699.1,17700.5,17694.0,17695.4,1.4000000000000001,STOP_ADVERSE_FIRST,-1.0,-2.145,0.4620000000000001,-2.607,105.76550000001023,103.62050000001024,67.79850000001022,65.19150000001022
OPEN_DRIVE_5M,115,NEW_YORK_0930,US100,SHORT,1708439400,2024-02-20T14:30:00,1708439700,2024-02-20T14:35:00,1708439820,2024-02-20T14:37:00,-6.200000000000728,6.849999999998545,0.3,2.054999999999563,17612.85,17614.25,17618.299999999996,17619.699999999997,1.4000000000000001,STOP_ADVERSE_FIRST,-1.0,-2.054999999999563,0.42000000000000004,-2.474999999999563,103.62050000001024,101.56550000001067,65.19150000001022,62.71650000001066
OPEN_DRIVE_5M,116,NEW_YORK_0930,US30,SHORT,1708439400,2024-02-20T14:30:00,1708439700,2024-02-20T14:35:00,1708440420,2024-02-20T14:47:00,-1.8999999999941792,9.400000000001455,0.22,2.0680000000003202,38506.4,38507.6,38491.100000000006,38492.3,1.2,TAKE,1.4999999999996128,3.1019999999996797,0.264,2.8379999999996794,101.56550000001067,104.66750000001035,62.71650000001066,65.55450000001034
OPEN_DRIVE_5M,117,LONDON_0800,US100,LONG,1708502400,2024-02-21T08:00:00,1708502700,2024-02-21T08:05:00,1708503240,2024-02-21T08:14:00,9.849999999998545,10.75,0.19,2.0425,17509.7,17511.100000000002,17500.350000000002,17501.750000000004,1.4000000000000001,STOP_ADVERSE_FIRST,-1.0,-2.0425,0.266,-2.3085,104.66750000001035,102.62500000001035,65.55450000001034,63.24600000001033
OPEN_DRIVE_5M,118,LONDON_0800,US30,LONG,1708502400,2024-02-21T08:00:00,1708502700,2024-02-21T08:05:00,1708506240,2024-02-21T09:04:00,11.099999999998545,12.89999999999418,0.16,2.063999999999069,38539.1,38540.4,38547.2,38548.399999999994,1.3,TIME_60_M1,0.5271317829456359,1.0879999999993015,0.20800000000000002,0.8799999999993016,102.62500000001035,103.71300000000964,63.24600000001033,64.12600000000964
OPEN_DRIVE_5M,119,NEW_YORK_0930,US100,SHORT,1708525800,2024-02-21T14:30:00,1708526100,2024-02-21T14:35:00,1708526820,2024-02-21T14:47:00,-4.850000000002183,14.599999999998545,0.14,2.0439999999997966,17459.85,17461.25,17436.55,17437.95,1.4000000000000001,TAKE,1.5,3.0659999999996947,0.19600000000000004,2.8699999999996946,103.71300000000964,106.77900000000933,64.12600000000964,66.99600000000933
OPEN_DRIVE_5M,120,NEW_YORK_0930,US30,LONG,1708525800,2024-02-21T14:30:00,1708526100,2024-02-21T14:35:00,1708526880,2024-02-21T14:48:00,0.4000000000014552,12.200000000004366,0.17,2.0740000000007424,38508.3,38509.5,38497.299999999996,38498.49999999999,1.2,STOP_ADVERSE_FIRST,-1.0,-2.0740000000007424,0.20400000000000001,-2.2780000000007425,106.77900000000933,104.7050000000086,66.99600000000933,64.71800000000859
OPEN_DRIVE_5M,121,LONDON_0800,US100,SHORT,1708588800,2024-02-22T08:00:00,1708589100,2024-02-22T08:05:00,1708589700,2024-02-22T08:15:00,-1.1000000000021828,6.549999999999272,0.31,2.0304999999997744,17726.6,17728.0,17731.749999999996,17733.149999999998,1.4000000000000001,STOP_ADVERSE_FIRST,-1.0,-2.0304999999997744,0.43400000000000005,-2.4644999999997745,104.7050000000086,102.67450000000882,64.71800000000859,62.25350000000881
OPEN_DRIVE_5M,122,LONDON_0800,US30,LONG,1708588800,2024-02-22T08:00:00,1708589100,2024-02-22T08:05:00,1708590720,2024-02-22T08:32:00,2.0,5.299999999995634,0.39,2.0669999999982975,38661.6,38662.9,38670.84999999999,38672.149999999994,1.3,TAKE,1.4999999999993137,3.1004999999960274,0.507,2.5934999999960273,102.67450000000882,105.77500000000485,62.25350000000881,64.84700000000484
OPEN_DRIVE_5M,123,NEW_YORK_0930,US30,SHORT,1708612200,2024-02-22T14:30:00,1708612500,2024-02-22T14:35:00,1708613100,2024-02-22T14:45:00,-2.3000000000029104,9.400000000001455,0.22,2.0680000000003202,38766.4,38767.700000000004,38751.100000000006,38752.3,1.2,TAKE,1.4999999999996128,3.1019999999996797,0.264,2.8379999999996794,105.77500000000485,108.87700000000453,64.84700000000484,67.68500000000452
OPEN_DRIVE_5M,124,NEW_YORK_0930,US100,LONG,1708612200,2024-02-22T14:30:00,1708612500,2024-02-22T14:35:00,1708613940,2024-02-22T14:59:00,6.700000000000728,13.450000000000728,0.15,2.017500000000109,17836.2,17837.600000000002,17824.15,17825.550000000003,1.4000000000000001,STOP_ADVERSE_FIRST,-1.0,-2.017500000000109,0.21000000000000002,-2.227500000000109,108.87700000000453,106.85950000000442,67.68500000000452,65.45750000000442
OPEN_DRIVE_5M,125,NEW_YORK_0930,US30,SHORT,1708698600,2024-02-23T14:30:00,1708698900,2024-02-23T14:35:00,1708698900,2024-02-23T14:35:00,-2.3000000000029104,4.80000000000291,0.44,2.1120000000012804,39120.5,39121.7,39124.100000000006,39125.3,1.2,STOP_ADVERSE_FIRST,-1.0,-2.1120000000012804,0.528,-2.6400000000012804,106.85950000000442,104.74750000000314,65.45750000000442,62.817500000003136
OPEN_DRIVE_5M,126,NEW_YORK_0930,US100,LONG,1708698600,2024-02-23T14:30:00,1708698900,2024-02-23T14:35:00,1708699500,2024-02-23T14:45:00,5.299999999999272,8.649999999997817,0.24,2.075999999999476,17988.15,17989.550000000003,17980.900000000005,17982.300000000007,1.4000000000000001,STOP_ADVERSE_FIRST,-1.0,-2.075999999999476,0.336,-2.411999999999476,104.74750000000314,102.67150000000366,62.817500000003136,60.40550000000366
OPEN_DRIVE_5M,127,LONDON_0800,US100,LONG,1708934400,2024-02-26T08:00:00,1708934700,2024-02-26T08:05:00,1708934820,2024-02-26T08:07:00,4.299999999999272,5.0,0.41,2.05,17906.15,17907.550000000003,17902.550000000003,17903.950000000004,1.4000000000000001,STOP_ADVERSE_FIRST,-1.0,-2.05,0.5740000000000001,-2.6239999999999997,102.67150000000366,100.62150000000366,60.40550000000366,57.78150000000366
OPEN_DRIVE_5M,128,LONDON_0800,US30,LONG,1708934400,2024-02-26T08:00:00,1708934700,2024-02-26T08:05:00,1708935300,2024-02-26T08:15:00,6.700000000004366,7.200000000004366,0.28,2.0160000000012226,39084.3,39085.600000000006,39078.4,39079.6,1.3,STOP_ADVERSE_FIRST,-1.0,-2.0160000000012226,0.36400000000000005,-2.3800000000012225,100.62150000000366,98.60550000000244,57.78150000000366,55.401500000002436
OPEN_DRIVE_5M,129,NEW_YORK_0930,US100,SHORT,1708957800,2024-02-26T14:30:00,1708958100,2024-02-26T14:35:00,1708958160,2024-02-26T14:36:00,-3.8000000000029104,7.200000000000728,0.27,1.9440000000001967,17932.6,17934.0,17938.399999999998,17939.8,1.4000000000000001,STOP_ADVERSE_FIRST,-1.0,-1.9440000000001967,0.37800000000000006,-2.322000000000197,98.60550000000244,96.66150000000223,55.401500000002436,53.07950000000224
OPEN_DRIVE_5M,130,NEW_YORK_0930,US30,LONG,1708957800,2024-02-26T14:30:00,1708958100,2024-02-26T14:35:00,1708960380,2024-02-26T15:13:00,1.5999999999985448,8.799999999995634,0.22,1.9359999999990396,39095.9,39097.200000000004,39110.399999999994,39111.59999999999,1.3,TAKE,1.4999999999995866,2.903999999997759,0.28600000000000003,2.617999999997759,96.66150000000223,99.5655,53.07950000000224,55.6975
OPEN_DRIVE_5M,131,LONDON_0800,US100,SHORT,1709020800,2024-02-27T08:00:00,1709021100,2024-02-27T08:05:00,1709021220,2024-02-27T08:07:00,-1.7000000000007276,3.25,0.61,1.9825,17887.0,17888.4,17888.85,17890.25,1.4000000000000001,STOP_ADVERSE_FIRST,-1.0,-1.9825,0.8540000000000001,-2.8365,99.5655,97.583,55.6975,52.861
OPEN_DRIVE_5M,132,LONDON_0800,US30,SHORT,1709020800,2024-02-27T08:00:00,1709021100,2024-02-27T08:05:00,1709022000,2024-02-27T08:20:00,-4.099999999998545,6.19999999999709,0.32,1.9839999999990687,39044.5,39045.7,39049.399999999994,39050.7,1.3,STOP_ADVERSE_FIRST,-1.0,-1.9839999999990687,0.41600000000000004,-2.3999999999990687,97.583,95.59900000000093,52.861,50.46100000000093
OPEN_DRIVE_5M,133,NEW_YORK_0930,US100,LONG,1709044200,2024-02-27T14:30:00,1709044500,2024-02-27T14:35:00,1709045580,2024-02-27T14:53:00,8.5,9.75,0.19,1.8525,17989.95,17991.350000000002,17981.600000000002,17983.000000000004,1.4000000000000001,STOP_ADVERSE_FIRST,-1.0,-1.8525,0.266,-2.1185,95.59900000000093,93.74650000000092,50.46100000000093,48.34250000000093
OPEN_DRIVE_5M,134,NEW_YORK_0930,US30,LONG,1709044200,2024-02-27T14:30:00,1709044500,2024-02-27T14:35:00,1709046000,2024-02-27T15:00:00,8.5,14.400000000001455,0.13,1.8720000000001893,39101.0,39102.2,39087.799999999996,39088.99999999999,1.2,STOP_ADVERSE_FIRST,-1.0,-1.8720000000001893,0.156,-2.028000000000189,93.74650000000092,91.87450000000074,48.34250000000093,46.31450000000074
OPEN_DRIVE_5M,135,LONDON_0800,US30,SHORT,1709107200,2024-02-28T08:00:00,1709107500,2024-02-28T08:05:00,1709107500,2024-02-28T08:05:00,-1.7000000000043656,2.8000000000029104,0.65,1.8200000000018919,38926.7,38928.0,38928.2,38929.5,1.3,STOP_ADVERSE_FIRST,-1.0,-1.8200000000018919,0.8450000000000001,-2.665000000001892,91.87450000000074,90.05449999999884,46.31450000000074,43.64949999999885
OPEN_DRIVE_5M,136,LONDON_0800,US100,SHORT,1709107200,2024-02-28T08:00:00,1709107500,2024-02-28T08:05:00,1709108520,2024-02-28T08:22:00,-2.9500000000007276,4.549999999999272,0.4,1.819999999999709,17946.3,17947.7,17938.074999999997,17939.475,1.4000000000000001,TAKE,1.5000000000004,2.7300000000002913,0.56,2.1700000000002913,90.05449999999884,92.78449999999913,43.64949999999885,45.819499999999145
OPEN_DRIVE_5M,137,NEW_YORK_0930,US100,LONG,1709130600,2024-02-28T14:30:00,1709130900,2024-02-28T14:35:00,1709131140,2024-02-28T14:39:00,5.450000000000728,7.19999999999709,0.25,1.7999999999992724,17903.85,17905.25,17898.050000000003,17899.450000000004,1.4000000000000001,STOP_ADVERSE_FIRST,-1.0,-1.7999999999992724,0.35000000000000003,-2.1499999999992725,92.78449999999913,90.98449999999985,45.819499999999145,43.66949999999987
OPEN_DRIVE_5M,138,NEW_YORK_0930,US30,LONG,1709130600,2024-02-28T14:30:00,1709130900,2024-02-28T14:35:00,1709131200,2024-02-28T14:40:00,10.900000000001455,13.69999999999709,0.13,1.7809999999996218,38849.6,38850.9,38837.200000000004,38838.4,1.3,STOP_ADVERSE_FIRST,-1.0,-1.7809999999996218,0.169,-1.9499999999996218,90.98449999999985,89.20350000000023,43.66949999999987,41.71950000000025
OPEN_DRIVE_5M,139,NEW_YORK_0930,US100,LONG,1709217000,2024-02-29T14:30:00,1709217300,2024-02-29T14:35:00,1709217600,2024-02-29T14:40:00,1.1999999999970896,7.299999999999272,0.24,1.7519999999998253,17826.65,17828.050000000003,17820.750000000004,17822.150000000005,1.4000000000000001,STOP_ADVERSE_FIRST,-1.0,-1.7519999999998253,0.336,-2.087999999999825,89.20350000000023,87.45150000000041,41.71950000000025,39.63150000000043
OPEN_DRIVE_5M,140,NEW_YORK_0930,US30,LONG,1709217000,2024-02-29T14:30:00,1709217300,2024-02-29T14:35:00,1709217720,2024-02-29T14:42:00,0.5,5.0,0.35,1.75,38807.3,38808.5,38803.5,38804.7,1.2,STOP_ADVERSE_FIRST,-1.0,-1.75,0.42,-2.17,87.45150000000041,85.70150000000041,39.63150000000043,37.46150000000043
OPEN_DRIVE_5M,141,NEW_YORK_0930,US30,SHORT,1709303400,2024-03-01T14:30:00,1709303700,2024-03-01T14:35:00,1709303820,2024-03-01T14:37:00,-1.0,10.200000000004366,0.16,1.6320000000006984,38919.1,38920.299999999996,38928.0,38929.3,1.3,STOP_ADVERSE_FIRST,-1.0,-1.6320000000006984,0.20800000000000002,-1.8400000000006984,85.70150000000041,84.0694999999997,37.46150000000043,35.62149999999973
OPEN_DRIVE_5M,142,NEW_YORK_0930,US100,LONG,1709303400,2024-03-01T14:30:00,1709303700,2024-03-01T14:35:00,1709304540,2024-03-01T14:49:00,1.5999999999985448,7.0,0.24,1.68,18036.35,18037.75,18048.25,18049.65,1.4000000000000001,TAKE,1.5,2.52,0.336,2.184,84.0694999999997,86.5894999999997,35.62149999999973,37.805499999999725
OPEN_DRIVE_5M,143,NEW_YORK_0930,US100,SHORT,1709562600,2024-03-04T14:30:00,1709562900,2024-03-04T14:35:00,1709563440,2024-03-04T14:44:00,-3.25,6.899999999997817,0.25,1.7249999999994543,18305.95,18307.350000000002,18311.449999999997,18312.85,1.4000000000000001,STOP_ADVERSE_FIRST,-1.0,-1.7249999999994543,0.35000000000000003,-2.0749999999994544,86.5894999999997,84.86450000000025,37.805499999999725,35.73050000000027
OPEN_DRIVE_5M,144,NEW_YORK_0930,US30,LONG,1709562600,2024-03-04T14:30:00,1709562900,2024-03-04T14:35:00,1709563740,2024-03-04T14:49:00,4.0,10.799999999995634,0.16,1.7279999999993017,38987.7,38988.899999999994,38978.1,38979.299999999996,1.2,STOP_ADVERSE_FIRST,-1.0,-1.7279999999993017,0.192,-1.9199999999993016,84.86450000000025,83.13650000000095,35.73050000000027,33.81050000000097
OPEN_DRIVE_5M,145,LONDON_0800,US100,LONG,1709625600,2024-03-05T08:00:00,1709625900,2024-03-05T08:05:00,1709626080,2024-03-05T08:08:00,2.7999999999992724,5.549999999999272,0.29,1.609499999999789,18157.8,18159.2,18153.65,18155.050000000003,1.4000000000000001,STOP_ADVERSE_FIRST,-1.0,-1.609499999999789,0.406,-2.015499999999789,83.13650000000095,81.52700000000117,33.81050000000097,31.79500000000118
OPEN_DRIVE_5M,146,LONDON_0800,US30,LONG,1709625600,2024-03-05T08:00:00,1709625900,2024-03-05T08:05:00,1709626380,2024-03-05T08:13:00,1.5,3.8000000000029104,0.43,1.6340000000012513,38909.8,38911.100000000006,38907.3,38908.5,1.3,STOP_ADVERSE_FIRST,-1.0,-1.6340000000012513,0.559,-2.1930000000012515,81.52700000000117,79.89299999999992,31.79500000000118,29.60199999999993
OPEN_DRIVE_5M,147,NEW_YORK_0930,US30,SHORT,1709649000,2024-03-05T14:30:00,1709649300,2024-03-05T14:35:00,1709652360,2024-03-05T15:26:00,-16.5,19.700000000004366,0.08,1.5760000000003493,38911.0,38912.2,38880.149999999994,38881.45,1.3,TAKE,1.4999999999998153,2.364000000000233,0.10400000000000001,2.260000000000233,79.89299999999992,82.25700000000015,29.60199999999993,31.86200000000016
OPEN_DRIVE_5M,148,NEW_YORK_0930,US100,SHORT,1709649000,2024-03-05T14:30:00,1709649300,2024-03-05T14:35:00,1709652840,2024-03-05T15:34:00,-11.349999999998545,20.299999999999272,0.07,1.4209999999999492,18123.45,18124.850000000002,18119.7,18121.100000000002,1.4000000000000001,TIME_60_M1,0.11576354679796201,0.16449999999989814,0.09800000000000002,0.06649999999989813,82.25700000000015,82.42150000000005,31.86200000000016,31.92850000000006
OPEN_DRIVE_5M,149,LONDON_0800,US100,SHORT,1709712000,2024-03-06T08:00:00,1709712300,2024-03-06T08:05:00,1709714640,2024-03-06T08:44:00,-5.400000000001455,8.200000000000728,0.2,1.6400000000001456,17942.7,17944.100000000002,17950.27,17950.9,0.63,STOP_ADVERSE_FIRST,-1.0,-1.6400000000001456,0.126,-1.7660000000001457,82.42150000000005,80.78149999999991,31.92850000000006,30.162499999999916
OPEN_DRIVE_5M,150,LONDON_0800,US30,SHORT,1709712000,2024-03-06T08:00:00,1709712300,2024-03-06T08:05:00,1709715300,2024-03-06T08:55:00,-0.09999999999854481,10.0,0.16,1.6,38563.0,38564.3,38571.7,38573.0,1.3,STOP_ADVERSE_FIRST,-1.0,-1.6,0.20800000000000002,-1.808,80.78149999999991,79.18149999999991,30.162499999999916,28.354499999999916
OPEN_DRIVE_5M,151,NEW_YORK_0930,US30,LONG,1709735400,2024-03-06T14:30:00,1709735700,2024-03-06T14:35:00,1709736000,2024-03-06T14:40:00,0.8000000000029104,8.19999999999709,0.19,1.557999999999447,38657.3,38658.5,38670.799999999996,38671.99999999999,1.2,TAKE,1.5000000000000002,2.3369999999991706,0.22799999999999998,2.1089999999991704,79.18149999999991,81.51849999999908,28.354499999999916,30.463499999999087
OPEN_DRIVE_5M,152,NEW_YORK_0930,US100,LONG,1709735400,2024-03-06T14:30:00,1709735700,2024-03-06T14:35:00,1709737320,2024-03-06T15:02:00,2.7999999999992724,8.450000000000728,0.18,1.521000000000131,18026.35,18027.75,18040.425000000003,18041.125000000004,1.4000000000000001,TAKE,1.5000000000002154,2.281500000000524,0.252,2.0295000000005237,81.51849999999908,83.7999999999996,30.463499999999087,32.49299999999961
OPEN_DRIVE_5M,153,LONDON_0800,US100,LONG,1709798400,2024-03-07T08:00:00,1709798700,2024-03-07T08:05:00,1709799120,2024-03-07T08:12:00,1.6499999999978172,8.55000000000291,0.19,1.624500000000553,17948.65,17950.050000000003,17941.5,17942.9,1.4000000000000001,STOP_ADVERSE_FIRST,-1.0,-1.624500000000553,0.266,-1.890500000000553,83.7999999999996,82.17549999999905,32.49299999999961,30.602499999999058
OPEN_DRIVE_5M,154,LONDON_0800,US30,LONG,1709798400,2024-03-07T08:00:00,1709798700,2024-03-07T08:05:00,1709801460,2024-03-07T08:51:00,6.599999999998545,11.099999999998545,0.15,1.6649999999997818,38620.3,38621.5,38610.4,38611.6,1.2,STOP_ADVERSE_FIRST,-1.0,-1.6649999999997818,0.18,-1.8449999999997817,82.17549999999905,80.51049999999927,30.602499999999058,28.757499999999276
OPEN_DRIVE_5M,155,NEW_YORK_0930,US100,LONG,1709821800,2024-03-07T14:30:00,1709822100,2024-03-07T14:35:00,1709822460,2024-03-07T14:41:00,0.4500000000007276,8.700000000000728,0.18,1.5660000000001308,18094.6,18096.0,18087.3,18088.7,1.4000000000000001,STOP_ADVERSE_FIRST,-1.0,-1.5660000000001308,0.252,-1.8180000000001308,80.51049999999927,78.94449999999914,28.757499999999276,26.939499999999146
OPEN_DRIVE_5M,156,NEW_YORK_0930,US30,SHORT,1709821800,2024-03-07T14:30:00,1709822100,2024-03-07T14:35:00,1709823840,2024-03-07T15:04:00,-6.599999999998545,13.30000000000291,0.12,1.5960000000003491,38706.5,38707.8,38685.35,38686.549999999996,1.2,TAKE,1.5,2.3940000000005237,0.144,2.2500000000005236,78.94449999999914,81.33849999999966,26.939499999999146,29.18949999999967
OPEN_DRIVE_5M,157,NEW_YORK_0930,US30,LONG,1709908200,2024-03-08T14:30:00,1709908500,2024-03-08T14:35:00,1709908740,2024-03-08T14:39:00,1.7000000000043656,8.700000000004366,0.18,1.5660000000007857,38622.2,38623.399999999994,38636.45,38637.649999999994,1.2,TAKE,1.499999999999582,2.349000000000524,0.216,2.1330000000005236,81.33849999999966,83.68750000000018,29.18949999999967,31.322500000000193
OPEN_DRIVE_5M,158,NEW_YORK_0930,US100,SHORT,1709908200,2024-03-08T14:30:00,1709908500,2024-03-08T14:35:00,1709909460,2024-03-08T14:51:00,-2.4500000000007276,11.799999999999272,0.13,1.5339999999999054,18251.9,18253.300000000003,18232.800000000003,18234.200000000004,1.4000000000000001,TAKE,1.499999999999846,2.300999999999622,0.18200000000000002,2.118999999999622,83.68750000000018,85.9884999999998,31.322500000000193,33.44149999999981
OPEN_DRIVE_5M,159,LONDON_0800,US100,LONG,1710144000,2024-03-11T08:00:00,1710144300,2024-03-11T08:05:00,1710144540,2024-03-11T08:09:00,4.299999999999272,6.94999999999709,0.24,1.6679999999993014,17960.65,17962.050000000003,17955.100000000006,17956.500000000007,1.4000000000000001,STOP_ADVERSE_FIRST,-1.0,-1.6679999999993014,0.336,-2.0039999999993015,85.9884999999998,84.32050000000051,33.44149999999981,31.43750000000051
OPEN_DRIVE_5M,160,LONDON_0800,US30,SHORT,1710144000,2024-03-11T08:00:00,1710144300,2024-03-11T08:05:00,1710144780,2024-03-11T08:13:00,-1.2000000000043656,6.30000000000291,0.27,1.7010000000007859,38650.9,38652.200000000004,38655.9,38657.200000000004,1.3,STOP_ADVERSE_FIRST,-1.0,-1.7010000000007859,0.35100000000000003,-2.052000000000786,84.32050000000051,82.61949999999972,31.43750000000051,29.385499999999727
OPEN_DRIVE_5M,161,NEW_YORK_0930,US30,LONG,1710163800,2024-03-11T13:30:00,1710164100,2024-03-11T13:35:00,1710164340,2024-03-11T13:39:00,13.200000000004366,16.099999999998545,0.1,1.6099999999998547,38578.9,38580.1,38604.25,38605.45,1.2,TAKE,1.5000000000002258,2.4150000000001457,0.12,2.2950000000001456,82.61949999999972,85.03449999999987,29.385499999999727,31.680499999999874
OPEN_DRIVE_5M,162,NEW_YORK_0930,US100,LONG,1710163800,2024-03-11T13:30:00,1710164100,2024-03-11T13:35:00,1710167220,2024-03-11T14:27:00,21.849999999998545,24.349999999998545,0.06,1.4609999999999126,17999.05,18000.35,17976.0,17977.4,1.3,STOP_ADVERSE_FIRST,-1.0,-1.4609999999999126,0.078,-1.5389999999999127,85.03449999999987,83.57349999999995,31.680499999999874,30.14149999999996
OPEN_DRIVE_5M,163,NEW_YORK_0930,US100,SHORT,1710250200,2024-03-12T13:30:00,1710250500,2024-03-12T13:35:00,1710250740,2024-03-12T13:39:00,-1.0999999999985448,5.299999999999272,0.31,1.6429999999997744,18028.05,18029.45,18031.949999999997,18033.35,1.4000000000000001,STOP_ADVERSE_FIRST,-1.0,-1.6429999999997744,0.43400000000000005,-2.0769999999997744,83.57349999999995,81.93050000000018,30.14149999999996,28.064500000000187
OPEN_DRIVE_5M,164,NEW_YORK_0930,US30,LONG,1710250200,2024-03-12T13:30:00,1710250500,2024-03-12T13:35:00,1710250860,2024-03-12T13:41:00,1.3999999999941792,9.0,0.18,1.6199999999999999,38759.2,38760.5,38774.0,38775.2,1.3,TAKE,1.5,2.4299999999999997,0.23399999999999999,2.1959999999999997,81.93050000000018,84.36050000000017,28.064500000000187,30.260500000000185
OPEN_DRIVE_5M,165,NEW_YORK_0930,US100,SHORT,1710336600,2024-03-13T13:30:00,1710336900,2024-03-13T13:35:00,1710336960,2024-03-13T13:36:00,-4.75,7.349999999998545,0.22,1.6169999999996798,18187.85,18189.25,18193.799999999996,18195.199999999997,1.4000000000000001,STOP_ADVERSE_FIRST,-1.0,-1.6169999999996798,0.30800000000000005,-1.9249999999996799,84.36050000000017,82.7435000000005,30.260500000000185,28.335500000000504
OPEN_DRIVE_5M,166,NEW_YORK_0930,US30,SHORT,1710336600,2024-03-13T13:30:00,1710336900,2024-03-13T13:35:00,1710336960,2024-03-13T13:36:00,-3.2000000000043656,7.200000000004366,0.23,1.6560000000010042,39031.3,39032.5,39037.30000000001,39038.50000000001,1.2,STOP_ADVERSE_FIRST,-1.0,-1.6560000000010042,0.276,-1.9320000000010042,82.7435000000005,81.0874999999995,28.335500000000504,26.4034999999995
OPEN_DRIVE_5M,167,NEW_YORK_0930,US100,SHORT,1710423000,2024-03-14T13:30:00,1710423300,2024-03-14T13:35:00,1710423360,2024-03-14T13:36:00,-1.2999999999992724,3.400000000001455,0.47,1.5980000000006838,18151.55,18152.95,18153.55,18154.95,1.4000000000000001,STOP_ADVERSE_FIRST,-1.0,-1.5980000000006838,0.658,-2.2560000000006837,81.0874999999995,79.48949999999881,26.4034999999995,24.147499999998818
OPEN_DRIVE_5M,168,NEW_YORK_0930,US30,SHORT,1710423000,2024-03-14T13:30:00,1710423300,2024-03-14T13:35:00,1710423540,2024-03-14T13:39:00,-0.09999999999854481,3.7999999999956344,0.42,1.5959999999981664,39145.1,39146.299999999996,39138.20000000001,39139.40000000001,1.2,TAKE,1.4999999999990428,2.3939999999957218,0.504,1.8899999999957218,79.48949999999881,81.88349999999454,24.147499999998818,26.03749999999454
OPEN_DRIVE_5M,169,LONDON_0800,US100,LONG,1710489600,2024-03-15T08:00:00,1710489900,2024-03-15T08:05:00,1710490560,2024-03-15T08:16:00,0.8499999999985448,3.850000000002183,0.42,1.6170000000009168,17978.0,17979.4,17975.55,17976.95,1.4000000000000001,STOP_ADVERSE_FIRST,-1.0,-1.6170000000009168,0.5880000000000001,-2.2050000000009167,81.88349999999454,80.26649999999363,26.03749999999454,23.832499999993622
OPEN_DRIVE_5M,170,NEW_YORK_0930,US30,LONG,1710509400,2024-03-15T13:30:00,1710509700,2024-03-15T13:35:00,1710509940,2024-03-15T13:39:00,6.0,8.400000000001455,0.19,1.5960000000002765,38961.9,38963.200000000004,38954.8,38956.0,1.3,STOP_ADVERSE_FIRST,-1.0,-1.5960000000002765,0.24700000000000003,-1.8430000000002766,80.26649999999363,78.67049999999335,23.832499999993622,21.989499999993345
OPEN_DRIVE_5M,171,NEW_YORK_0930,US100,LONG,1710509400,2024-03-15T13:30:00,1710509700,2024-03-15T13:35:00,1710511200,2024-03-15T14:00:00,10.900000000001455,12.799999999999272,0.12,1.5359999999999125,18064.95,18066.350000000002,18053.550000000003,18054.950000000004,1.4000000000000001,STOP_ADVERSE_FIRST,-1.0,-1.5359999999999125,0.168,-1.7039999999999125,78.67049999999335,77.13449999999344,21.989499999993345,20.285499999993434
OPEN_DRIVE_5M,172,NEW_YORK_0930,US30,SHORT,1710768600,2024-03-18T13:30:00,1710768900,2024-03-18T13:35:00,1710769620,2024-03-18T13:47:00,-6.0,15.39999999999418,0.1,1.539999999999418,38693.9,38695.200000000004,38669.50000000001,38670.80000000001,1.3,TAKE,1.5,2.309999999999127,0.13,2.179999999999127,77.13449999999344,79.44449999999256,20.285499999993434,22.46549999999256
OPEN_DRIVE_5M,173,NEW_YORK_0930,US100,LONG,1710768600,2024-03-18T13:30:00,1710768900,2024-03-18T13:35:00,1710771060,2024-03-18T14:11:00,1.2000000000007276,9.350000000002183,0.16,1.4960000000003493,17939.4,17940.800000000003,17954.825000000004,17956.225000000006,1.4000000000000001,TAKE,1.4999999999998055,2.244000000000233,0.22400000000000003,2.0200000000002327,79.44449999999256,81.68849999999279,22.46549999999256,24.485499999992793
OPEN_DRIVE_5M,174,LONDON_0800,US30,SHORT,1710835200,2024-03-19T08:00:00,1710835500,2024-03-19T08:05:00,1710837060,2024-03-19T08:31:00,-4.099999999998545,5.69999999999709,0.28,1.5959999999991852,38774.5,38775.8,38764.65,38765.950000000004,1.3,TAKE,1.5000000000000002,2.393999999998778,0.36400000000000005,2.029999999998778,81.68849999999279,84.08249999999157,24.485499999992793,26.515499999991572
OPEN_DRIVE_5M,175,LONDON_0800,US100,SHORT,1710835200,2024-03-19T08:00:00,1710835500,2024-03-19T08:05:00,1710837900,2024-03-19T08:45:00,-6.94999999999709,8.450000000000728,0.19,1.6055000000001383,17932.85,17934.25,17939.899999999998,17941.3,1.4000000000000001,STOP_ADVERSE_FIRST,-1.0,-1.6055000000001383,0.266,-1.8715000000001383,84.08249999999157,82.47699999999143,26.515499999991572,24.643999999991433
OPEN_DRIVE_5M,176,NEW_YORK_0930,US30,SHORT,1710855000,2024-03-19T13:30:00,1710855300,2024-03-19T13:35:00,1710855420,2024-03-19T13:37:00,-2.8999999999941792,7.700000000004366,0.21,1.6170000000009168,38751.7,38752.899999999994,38758.200000000004,38759.4,1.2,STOP_ADVERSE_FIRST,-1.0,-1.6170000000009168,0.252,-1.8690000000009168,82.47699999999143,80.85999999999052,24.643999999991433,22.774999999990516
OPEN_DRIVE_5M,177,NEW_YORK_0930,US100,LONG,1710855000,2024-03-19T13:30:00,1710855300,2024-03-19T13:35:00,1710855480,2024-03-19T13:38:00,1.1999999999970896,5.799999999999272,0.28,1.6239999999997965,17937.25,17938.65,17932.850000000002,17934.250000000004,1.4000000000000001,STOP_ADVERSE_FIRST,-1.0,-1.6239999999997965,0.39200000000000007,-2.0159999999997966,80.85999999999052,79.23599999999072,22.774999999990516,20.75899999999072
OPEN_DRIVE_5M,178,NEW_YORK_0930,US30,SHORT,1710941400,2024-03-20T13:30:00,1710941700,2024-03-20T13:35:00,1710942120,2024-03-20T13:42:00,-8.799999999995634,10.30000000000291,0.15,1.5450000000004365,39068.5,39069.7,39077.5,39078.8,1.3,STOP_ADVERSE_FIRST,-1.0,-1.5450000000004365,0.195,-1.7400000000004365,79.23599999999072,77.69099999999028,20.75899999999072,19.018999999990285
OPEN_DRIVE_5M,179,NEW_YORK_0930,US100,LONG,1710941400,2024-03-20T13:30:00,1710941700,2024-03-20T13:35:00,1710945240,2024-03-20T14:34:00,24.650000000001455,32.150000000001455,0.04,1.2860000000000582,18035.55,18036.95,18064.3,18065.7,1.4000000000000001,TIME_60_M1,0.850699844478921,1.093999999999942,0.05600000000000001,1.0379999999999419,77.69099999999028,78.78499999999022,19.018999999990285,20.05699999999023
OPEN_DRIVE_5M,180,LONDON_0800,US100,SHORT,1711008000,2024-03-21T08:00:00,1711008300,2024-03-21T08:05:00,1711008480,2024-03-21T08:08:00,-2.900000000001455,4.899999999997817,0.32,1.5679999999993015,18346.4,18347.800000000003,18349.899999999998,18351.3,1.4000000000000001,STOP_ADVERSE_FIRST,-1.0,-1.5679999999993015,0.44800000000000006,-2.0159999999993015,78.78499999999022,77.21699999999092,20.05699999999023,18.040999999990927
OPEN_DRIVE_5M,181,LONDON_0800,US30,SHORT,1711008000,2024-03-21T08:00:00,1711008300,2024-03-21T08:05:00,1711008540,2024-03-21T08:09:00,-3.8000000000029104,4.69999999999709,0.33,1.5509999999990396,39642.7,39644.0,39646.2,39647.399999999994,1.2,STOP_ADVERSE_FIRST,-1.0,-1.5509999999990396,0.396,-1.9469999999990395,77.21699999999092,75.66599999999188,18.040999999990927,16.093999999991887
OPEN_DRIVE_5M,182,NEW_YORK_0930,US100,LONG,1711027800,2024-03-21T13:30:00,1711028100,2024-03-21T13:35:00,1711028160,2024-03-21T13:36:00,1.5999999999985448,3.7000000000007276,0.4,1.480000000000291,18354.55,18355.95,18352.25,18353.65,1.4000000000000001,STOP_ADVERSE_FIRST,-1.0,-1.480000000000291,0.56,-2.0400000000002914,75.66599999999188,74.1859999999916,16.093999999991887,14.053999999991596
OPEN_DRIVE_5M,183,NEW_YORK_0930,US30,SHORT,1711027800,2024-03-21T13:30:00,1711028100,2024-03-21T13:35:00,1711028340,2024-03-21T13:39:00,-1.9000000000014552,7.80000000000291,0.19,1.482000000000553,39618.2,39619.5,39605.299999999996,39606.49999999999,1.2,TAKE,1.4999999999999998,2.2230000000008294,0.22799999999999998,1.9950000000008294,74.1859999999916,76.40899999999242,14.053999999991596,16.048999999992425
OPEN_DRIVE_5M,184,LONDON_0800,US30,LONG,1711094400,2024-03-22T08:00:00,1711094700,2024-03-22T08:05:00,1711095780,2024-03-22T08:23:00,3.400000000001455,4.400000000001455,0.34,1.496000000000495,39814.1,39815.299999999996,39810.899999999994,39812.09999999999,1.2,STOP_ADVERSE_FIRST,-1.0,-1.496000000000495,0.40800000000000003,-1.904000000000495,76.40899999999242,74.91299999999192,16.048999999992425,14.14499999999193
OPEN_DRIVE_5M,185,LONDON_0800,US100,LONG,1711094400,2024-03-22T08:00:00,1711094700,2024-03-22T08:05:00,1711098240,2024-03-22T09:04:00,0.3999999999978172,5.849999999998545,0.26,1.5209999999996218,18329.05,18330.45,18330.15,18331.550000000003,1.4000000000000001,TIME_60_M1,-0.05128205128193966,-0.07799999999981083,0.36400000000000005,-0.4419999999998109,74.91299999999192,74.83499999999212,14.14499999999193,13.70299999999212
OPEN_DRIVE_5M,186,NEW_YORK_0930,US30,SHORT,1711114200,2024-03-22T13:30:00,1711114500,2024-03-22T13:35:00,1711114620,2024-03-22T13:37:00,-3.099999999998545,7.600000000005821,0.19,1.444000000001106,39827.8,39829.0,39834.20000000001,39835.40000000001,1.2,STOP_ADVERSE_FIRST,-1.0,-1.444000000001106,0.22799999999999998,-1.672000000001106,74.83499999999212,73.39099999999101,13.70299999999212,12.030999999991014
OPEN_DRIVE_5M,187,NEW_YORK_0930,US100,SHORT,1711114200,2024-03-22T13:30:00,1711114500,2024-03-22T13:35:00,1711115100,2024-03-22T13:45:00,-2.7999999999992724,6.150000000001455,0.24,1.4760000000003493,18334.2,18335.600000000002,18339.050000000003,18340.350000000002,1.3,STOP_ADVERSE_FIRST,-1.0,-1.4760000000003493,0.312,-1.7880000000003493,73.39099999999101,71.91499999999066,12.030999999991014,10.242999999990666
OPEN_DRIVE_5M,188,LONDON_0800,US100,LONG,1711353600,2024-03-25T08:00:00,1711353900,2024-03-25T08:05:00,1711354620,2024-03-25T08:17:00,2.4500000000007276,9.549999999999272,0.15,1.4324999999998909,18328.2,18329.600000000002,18320.050000000003,18321.450000000004,1.4000000000000001,STOP_ADVERSE_FIRST,-1.0,-1.4324999999998909,0.21000000000000002,-1.6424999999998908,71.91499999999066,70.48249999999076,10.242999999990666,8.600499999990774
OPEN_DRIVE_5M,189,LONDON_0800,US30,LONG,1711353600,2024-03-25T08:00:00,1711353900,2024-03-25T08:05:00,1711354620,2024-03-25T08:17:00,4.900000000001455,9.299999999995634,0.15,1.3949999999993452,39410.1,39411.4,39402.100000000006,39403.40000000001,1.3,STOP_ADVERSE_FIRST,-1.0,-1.3949999999993452,0.195,-1.5899999999993453,70.48249999999076,69.08749999999142,8.600499999990774,7.010499999991429
OPEN_DRIVE_5M,190,NEW_YORK_0930,US30,LONG,1711373400,2024-03-25T13:30:00,1711373700,2024-03-25T13:35:00,1711374360,2024-03-25T13:46:00,5.5,6.19999999999709,0.22,1.3639999999993597,39394.4,39395.700000000004,39389.50000000001,39390.700000000004,1.3,STOP_ADVERSE_FIRST,-1.0,-1.3639999999993597,0.28600000000000003,-1.6499999999993598,69.08749999999142,67.72349999999206,7.010499999991429,5.360499999992069
OPEN_DRIVE_5M,191,NEW_YORK_0930,US100,SHORT,1711373400,2024-03-25T13:30:00,1711373700,2024-03-25T13:35:00,1711374900,2024-03-25T13:55:00,-2.649999999997817,7.450000000000728,0.18,1.341000000000131,18268.3,18269.7,18255.725,18257.125,1.4000000000000001,TAKE,1.4999999999997558,2.011499999999869,0.252,1.7594999999998688,67.72349999999206,69.73499999999193,5.360499999992069,7.119999999991937
OPEN_DRIVE_5M,192,NEW_YORK_0930,US100,SHORT,1711459800,2024-03-26T13:30:00,1711460100,2024-03-26T13:35:00,1711460160,2024-03-26T13:36:00,-2.7000000000007276,6.349999999998545,0.21,1.3334999999996944,18365.85,18367.25,18370.799999999996,18372.199999999997,1.4000000000000001,STOP_ADVERSE_FIRST,-1.0,-1.3334999999996944,0.29400000000000004,-1.6274999999996944,69.73499999999193,68.40149999999224,7.119999999991937,5.492499999992242
OPEN_DRIVE_5M,193,NEW_YORK_0930,US30,LONG,1711459800,2024-03-26T13:30:00,1711460100,2024-03-26T13:35:00,1711461720,2024-03-26T14:02:00,4.200000000004366,7.400000000001455,0.18,1.3320000000002619,39413.7,39415.0,39407.6,39408.9,1.3,STOP_ADVERSE_FIRST,-1.0,-1.3320000000002619,0.23399999999999999,-1.5660000000002618,68.40149999999224,67.06949999999198,5.492499999992242,3.9264999999919805
OPEN_DRIVE_5M,194,NEW_YORK_0930,US100,SHORT,1711546200,2024-03-27T13:30:00,1711546500,2024-03-27T13:35:00,1711546620,2024-03-27T13:37:00,-2.9500000000007276,4.950000000000728,0.27,1.3365000000001965,18297.95,18299.350000000002,18301.5,18302.9,1.4000000000000001,STOP_ADVERSE_FIRST,-1.0,-1.3365000000001965,0.37800000000000006,-1.7145000000001966,67.06949999999198,65.73299999999178,3.9264999999919805,2.211999999991784
OPEN_DRIVE_5M,195,NEW_YORK_0930,US30,LONG,1711546200,2024-03-27T13:30:00,1711546500,2024-03-27T13:35:00,1711546860,2024-03-27T13:41:00,2.0,6.299999999995634,0.21,1.3229999999990831,39456.8,39458.0,39451.700000000004,39452.9,1.2,STOP_ADVERSE_FIRST,-1.0,-1.3229999999990831,0.252,-1.5749999999990831,65.73299999999178,64.40999999999269,2.211999999991784,0.636999999992701
OPEN_DRIVE_5M,196,NEW_YORK_0930,US30,LONG,1711632600,2024-03-28T13:30:00,1711632900,2024-03-28T13:35:00,1711634220,2024-03-28T13:57:00,2.0,12.69999999999709,0.1,1.2699999999997091,39769.9,39771.1,39758.4,39759.5,1.2,STOP_ADVERSE_FIRST,-1.0,-1.2699999999997091,0.12,-1.3899999999997092,64.40999999999269,63.13999999999298,0.636999999992701,-0.7530000000070083
OPEN_DRIVE_5M,197,NEW_YORK_0930,US100,SHORT,1711632600,2024-03-28T13:30:00,1711632900,2024-03-28T13:35:00,1711634340,2024-03-28T13:59:00,-0.4000000000014552,7.350000000002183,0.17,1.249500000000371,18272.1,18273.5,18259.674999999996,18261.074999999997,1.4000000000000001,TAKE,1.4999999999997526,1.8742500000002476,0.23800000000000004,1.6362500000002476,63.13999999999298,65.01424999999323,-0.7530000000070083,0.8832499999932393
OPEN_DRIVE_5M,198,NEW_YORK_0930,US30,LONG,1711978200,2024-04-01T13:30:00,1711978500,2024-04-01T13:35:00,1711978860,2024-04-01T13:41:00,1.7999999999956344,6.0,0.21,1.26,39919.7,39921.0,39930.0,39931.3,1.3,TAKE,1.5,1.89,0.273,1.617,65.01424999999323,66.90424999999323,0.8832499999932393,2.5002499999932395
OPEN_DRIVE_5M,199,NEW_YORK_0930,US100,LONG,1711978200,2024-04-01T13:30:00,1711978500,2024-04-01T13:35:00,1711978920,2024-04-01T13:42:00,1.0,6.049999999999272,0.21,1.2704999999998472,18354.9,18356.300000000003,18350.250000000004,18351.650000000005,1.4000000000000001,STOP_ADVERSE_FIRST,-1.0,-1.2704999999998472,0.29400000000000004,-1.5644999999998472,66.90424999999323,65.63374999999338,2.5002499999932395,0.9357499999933923
OPEN_DRIVE_5M,200,LONDON_0800,US30,SHORT,1712041200,2024-04-02T07:00:00,1712041500,2024-04-02T07:05:00,1712042340,2024-04-02T07:19:00,-0.9000000000014552,4.5,0.29,1.305,39420.9,39422.200000000004,39412.950000000004,39414.15,1.2,TAKE,1.5,1.9574999999999998,0.348,1.6094999999999997,65.63374999999338,67.59124999999338,0.9357499999933923,2.545249999993392
OPEN_DRIVE_5M,201,LONDON_0800,US100,SHORT,1712041200,2024-04-02T07:00:00,1712041500,2024-04-02T07:05:00,1712042580,2024-04-02T07:23:00,-1.7999999999992724,4.700000000000728,0.27,1.2690000000001966,18262.2,18263.600000000002,18253.75,18255.15,1.4000000000000001,TAKE,1.499999999999613,1.9034999999998037,0.37800000000000006,1.5254999999998036,67.59124999999338,69.49474999999319,2.545249999993392,4.070749999993196
OPEN_DRIVE_5M,202,NEW_YORK_0930,US100,LONG,1712064600,2024-04-02T13:30:00,1712064900,2024-04-02T13:35:00,1712065080,2024-04-02T13:38:00,0.9000000000014552,7.100000000002183,0.19,1.3490000000004148,18238.35,18239.75,18232.649999999998,18234.05,1.4000000000000001,STOP_ADVERSE_FIRST,-1.0,-1.3490000000004148,0.266,-1.6150000000004148,69.49474999999319,68.14574999999277,4.070749999993196,2.455749999992781
OPEN_DRIVE_5M,203,NEW_YORK_0930,US30,LONG,1712064600,2024-04-02T13:30:00,1712064900,2024-04-02T13:35:00,1712065080,2024-04-02T13:38:00,6.0,11.200000000004366,0.12,1.3440000000005239,39425.8,39427.0,39415.799999999996,39416.99999999999,1.2,STOP_ADVERSE_FIRST,-1.0,-1.3440000000005239,0.144,-1.4880000000005238,68.14574999999277,66.80174999999225,2.455749999992781,0.9677499999922572
OPEN_DRIVE_5M,204,LONDON_0800,US100,LONG,1712127600,2024-04-03T07:00:00,1712127900,2024-04-03T07:05:00,1712128140,2024-04-03T07:09:00,1.75,3.75,0.35,1.3125,18097.2,18098.600000000002,18094.850000000002,18096.250000000004,1.4000000000000001,STOP_ADVERSE_FIRST,-1.0,-1.3125,0.49,-1.8025,66.80174999999225,65.48924999999225,0.9677499999922572,-0.8347500000077428
OPEN_DRIVE_5M,205,LONDON_0800,US30,LONG,1712127600,2024-04-03T07:00:00,1712127900,2024-04-03T07:05:00,1712128200,2024-04-03T07:10:00,2.599999999998545,5.599999999998545,0.23,1.2879999999996654,39127.2,39128.5,39122.9,39124.1,1.3,STOP_ADVERSE_FIRST,-1.0,-1.2879999999996654,0.29900000000000004,-1.5869999999996653,65.48924999999225,64.20124999999258,-0.8347500000077428,-2.421750000007408
OPEN_DRIVE_5M,206,NEW_YORK_0930,US30,SHORT,1712151000,2024-04-03T13:30:00,1712151300,2024-04-03T13:35:00,1712151840,2024-04-03T13:44:00,-1.4000000000014552,11.099999999998545,0.11,1.22099999999984,39137.9,39139.200000000004,39147.8,39149.0,1.2,STOP_ADVERSE_FIRST,-1.0,-1.22099999999984,0.132,-1.3529999999998399,64.20124999999258,62.98024999999274,-2.421750000007408,-3.774750000007248
OPEN_DRIVE_5M,207,NEW_YORK_0930,US100,SHORT,1712151000,2024-04-03T13:30:00,1712151300,2024-04-03T13:35:00,1712152800,2024-04-03T14:00:00,-3.399999999997817,14.25,0.09,1.2825,18048.8,18050.2,18061.85,18063.05,1.2,STOP_ADVERSE_FIRST,-1.0,-1.2825,0.108,-1.3905,62.98024999999274,61.697749999992745,-3.774750000007248,-5.165250000007248
OPEN_DRIVE_5M,208,LONDON_0800,US30,LONG,1712214000,2024-04-04T07:00:00,1712214300,2024-04-04T07:05:00,1712215920,2024-04-04T07:32:00,2.5,6.599999999998545,0.18,1.187999999999738,39187.0,39188.3,39198.2,39199.5,1.3,TAKE,1.4999999999994489,1.7819999999989522,0.23399999999999999,1.5479999999989522,61.697749999992745,63.4797499999917,-5.165250000007248,-3.617250000008296
OPEN_DRIVE_5M,209,LONDON_0800,US100,LONG,1712214000,2024-04-04T07:00:00,1712214300,2024-04-04T07:05:00,1712217660,2024-04-04T08:01:00,1.4500000000007276,6.349999999998545,0.19,1.2064999999997235,18242.75,18244.15,18237.800000000003,18239.200000000004,1.4000000000000001,STOP_ADVERSE_FIRST,-1.0,-1.2064999999997235,0.266,-1.4724999999997235,63.4797499999917,62.273249999991975,-3.617250000008296,-5.089750000008019
OPEN_DRIVE_5M,210,NEW_YORK_0930,US30,SHORT,1712237400,2024-04-04T13:30:00,1712237700,2024-04-04T13:35:00,1712238180,2024-04-04T13:43:00,-5.200000000004366,10.30000000000291,0.12,1.2360000000003493,39221.4,39222.6,39230.50000000001,39231.700000000004,1.2,STOP_ADVERSE_FIRST,-1.0,-1.2360000000003493,0.144,-1.3800000000003492,62.273249999991975,61.03724999999162,-5.089750000008019,-6.469750000008368
OPEN_DRIVE_5M,211,NEW_YORK_0930,US100,SHORT,1712237400,2024-04-04T13:30:00,1712237700,2024-04-04T13:35:00,1712238840,2024-04-04T13:54:00,-5.349999999998545,5.5,0.22,1.21,18236.6,18237.949999999997,18240.699999999997,18242.1,1.4000000000000001,STOP_ADVERSE_FIRST,-1.0,-1.21,0.30800000000000005,-1.518,61.03724999999162,59.82724999999162,-6.469750000008368,-7.987750000008368
OPEN_DRIVE_5M,212,LONDON_0800,US100,SHORT,1712300400,2024-04-05T07:00:00,1712300700,2024-04-05T07:05:00,1712303400,2024-04-05T07:50:00,-5.0,9.600000000002183,0.12,1.152000000000262,17901.1,17902.5,17909.3,17910.7,1.4000000000000001,STOP_ADVERSE_FIRST,-1.0,-1.152000000000262,0.168,-1.3200000000002619,59.82724999999162,58.67524999999136,-7.987750000008368,-9.30775000000863
OPEN_DRIVE_5M,213,LONDON_0800,US30,SHORT,1712300400,2024-04-05T07:00:00,1712300700,2024-04-05T07:05:00,1712303700,2024-04-05T07:55:00,-8.60000000000582,9.60000000000582,0.12,1.1520000000006985,38606.3,38607.600000000006,38614.80000000001,38615.90000000001,1.1,STOP_ADVERSE_FIRST,-1.0,-1.1520000000006985,0.132,-1.2840000000006984,58.67524999999136,57.52324999999066,-9.30775000000863,-10.591750000009329
OPEN_DRIVE_5M,214,NEW_YORK_0930,US30,LONG,1712323800,2024-04-05T13:30:00,1712324100,2024-04-05T13:35:00,1712325600,2024-04-05T14:00:00,4.200000000004366,12.700000000004366,0.09,1.1430000000003928,38638.7,38640.0,38659.05,38660.25,1.3,TAKE,1.4999999999997136,1.714500000000262,0.11699999999999999,1.597500000000262,57.52324999999066,59.237749999990925,-10.591750000009329,-8.994250000009067
OPEN_DRIVE_5M,215,NEW_YORK_0930,US100,LONG,1712323800,2024-04-05T13:30:00,1712324100,2024-04-05T13:35:00,1712326920,2024-04-05T14:22:00,1.4500000000007276,8.799999999999272,0.13,1.1439999999999055,17925.6,17927.0,17940.199999999997,17940.199999999997,1.4000000000000001,TAKE,1.499999999999793,1.7159999999996216,0.18200000000000002,1.5339999999996217,59.237749999990925,60.95374999999055,-8.994250000009067,-7.460250000009446
OPEN_DRIVE_5M,216,LONDON_0800,US100,LONG,1712559600,2024-04-08T07:00:00,1712559900,2024-04-08T07:05:00,1712560800,2024-04-08T07:20:00,1.9500000000007276,4.0,0.3,1.2,18088.0,18089.4,18095.4,18096.800000000003,1.4000000000000001,TAKE,1.5,1.7999999999999998,0.42000000000000004,1.38,60.95374999999055,62.753749999990546,-7.460250000009446,-6.080250000009446
OPEN_DRIVE_5M,217,LONDON_0800,US30,LONG,1712559600,2024-04-08T07:00:00,1712559900,2024-04-08T07:05:00,1712563320,2024-04-08T08:02:00,1.8000000000029104,5.600000000005821,0.21,1.1760000000012223,38877.3,38878.600000000006,38887.000000000015,38888.30000000002,1.3,TAKE,1.5,1.7640000000018334,0.273,1.4910000000018333,62.753749999990546,64.51774999999238,-6.080250000009446,-4.589250000007613
OPEN_DRIVE_5M,218,NEW_YORK_0930,US30,SHORT,1712583000,2024-04-08T13:30:00,1712583300,2024-04-08T13:35:00,1712583960,2024-04-08T13:46:00,-2.400000000001455,9.10000000000582,0.14,1.274000000000815,38885.0,38886.2,38892.90000000001,38894.100000000006,1.2,STOP_ADVERSE_FIRST,-1.0,-1.274000000000815,0.168,-1.4420000000008149,64.51774999999238,63.24374999999156,-4.589250000007613,-6.031250000008428
OPEN_DRIVE_5M,219,NEW_YORK_0930,US100,SHORT,1712583000,2024-04-08T13:30:00,1712583300,2024-04-08T13:35:00,1712584020,2024-04-08T13:47:00,-4.299999999999272,7.100000000002183,0.18,1.2780000000003928,18096.75,18098.15,18102.45,18103.850000000002,1.4000000000000001,STOP_ADVERSE_FIRST,-1.0,-1.2780000000003928,0.252,-1.5300000000003928,63.24374999999156,61.96574999999117,-6.031250000008428,-7.561250000008821
OPEN_DRIVE_5M,220,LONDON_0800,US100,SHORT,1712646000,2024-04-09T07:00:00,1712646300,2024-04-09T07:05:00,1712646360,2024-04-09T07:06:00,-0.6500000000014552,1.6000000000021828,0.77,1.2320000000016809,18105.9,18107.300000000003,18106.100000000002,18107.500000000004,1.4000000000000001,STOP_ADVERSE_FIRST,-1.0,-1.2320000000016809,1.078,-2.310000000001681,61.96574999999117,60.733749999989485,-7.561250000008821,-9.871250000010502
OPEN_DRIVE_5M,221,LONDON_0800,US30,SHORT,1712646000,2024-04-09T07:00:00,1712646300,2024-04-09T07:05:00,1712646480,2024-04-09T07:08:00,-2.0,2.599999999998545,0.47,1.221999999999316,38886.6,38887.9,38888.0,38889.2,1.2,STOP_ADVERSE_FIRST,-1.0,-1.221999999999316,0.564,-1.7859999999993161,60.733749999989485,59.511749999990165,-9.871250000010502,-11.657250000009817
OPEN_DRIVE_5M,222,NEW_YORK_0930,US100,SHORT,1712669400,2024-04-09T13:30:00,1712669700,2024-04-09T13:35:00,1712671860,2024-04-09T14:11:00,-20.450000000000728,30.55000000000291,0.03,0.9165000000000872,18083.9,18085.300000000003,18113.050000000003,18114.450000000004,1.4000000000000001,STOP_ADVERSE_FIRST,-1.0,-0.9165000000000872,0.042,-0.9585000000000873,59.511749999990165,58.59524999999008,-11.657250000009817,-12.615750000009905
OPEN_DRIVE_5M,223,NEW_YORK_0930,US30,SHORT,1712669400,2024-04-09T13:30:00,1712669700,2024-04-09T13:35:00,1712672040,2024-04-09T14:14:00,-27.400000000001455,35.099999999998545,0.03,1.0529999999999564,38866.0,38867.2,38899.9,38901.1,1.2,STOP_ADVERSE_FIRST,-1.0,-1.0529999999999564,0.036,-1.0889999999999564,58.59524999999008,57.542249999990126,-12.615750000009905,-13.704750000009861
OPEN_DRIVE_5M,224,NEW_YORK_0930,US100,LONG,1712755800,2024-04-10T13:30:00,1712756100,2024-04-10T13:35:00,1712759640,2024-04-10T14:34:00,5.399999999997817,12.799999999999272,0.08,1.0239999999999418,18162.6,18164.0,18180.9,18182.050000000003,1.4000000000000001,TIME_60_M1,1.3203125000001887,1.3520000000001164,0.11200000000000002,1.2400000000001163,57.542249999990126,58.894249999990244,-13.704750000009861,-12.464750000009746
OPEN_DRIVE_5M,225,NEW_YORK_0930,US30,LONG,1712842200,2024-04-11T13:30:00,1712842500,2024-04-11T13:35:00,1712842740,2024-04-11T13:39:00,7.0,17.80000000000291,0.06,1.0680000000001746,38373.7,38374.799999999996,38356.99999999999,38358.19999999999,1.1,STOP_ADVERSE_FIRST,-1.0,-1.0680000000001746,0.066,-1.1340000000001746,58.894249999990244,57.82624999999007,-12.464750000009746,-13.59875000000992
OPEN_DRIVE_5M,226,NEW_YORK_0930,US100,SHORT,1712928600,2024-04-12T13:30:00,1712928900,2024-04-12T13:35:00,1712929500,2024-04-12T13:45:00,-2.25,6.200000000000728,0.18,1.1160000000001309,18227.7,18229.100000000002,18217.780000000002,18218.4,0.62,TAKE,1.4999999999997067,1.673999999999869,0.11159999999999999,1.562399999999869,57.82624999999007,59.50024999998994,-13.59875000000992,-12.036350000010051
OPEN_DRIVE_5M,227,NEW_YORK_0930,US30,SHORT,1712928600,2024-04-12T13:30:00,1712928900,2024-04-12T13:35:00,1712929620,2024-04-12T13:47:00,-6.80000000000291,10.60000000000582,0.1,1.060000000000582,38478.3,38479.5,38462.399999999994,38462.399999999994,0.0,TAKE,1.5,1.5900000000008732,0.0,1.5900000000008732,59.50024999998994,61.09024999999081,-12.036350000010051,-10.446350000009177
OPEN_DRIVE_5M,228,LONDON_0800,US100,LONG,1713164400,2024-04-15T07:00:00,1713164700,2024-04-15T07:05:00,1713164760,2024-04-15T07:06:00,4.150000000001455,4.30000000000291,0.28,1.204000000000815,18057.8,18059.2,18054.899999999998,18056.3,1.4000000000000001,STOP_ADVERSE_FIRST,-1.0,-1.204000000000815,0.39200000000000007,-1.5960000000008152,61.09024999999081,59.88624999998999,-10.446350000009177,-12.042350000009993
OPEN_DRIVE_5M,229,LONDON_0800,US30,LONG,1713164400,2024-04-15T07:00:00,1713164700,2024-04-15T07:05:00,1713165180,2024-04-15T07:13:00,4.099999999998545,8.299999999995634,0.14,1.1619999999993889,38064.6,38065.9,38057.600000000006,38058.8,1.3,STOP_ADVERSE_FIRST,-1.0,-1.1619999999993889,0.18200000000000002,-1.3439999999993888,59.88624999998999,58.724249999990604,-12.042350000009993,-13.386350000009381
OPEN_DRIVE_5M,230,NEW_YORK_0930,US100,LONG,1713187800,2024-04-15T13:30:00,1713188100,2024-04-15T13:35:00,1713190020,2024-04-15T14:07:00,9.0,11.450000000000728,0.1,1.1450000000000728,18098.35,18099.75,18088.3,18089.7,1.4000000000000001,STOP_ADVERSE_FIRST,-1.0,-1.1450000000000728,0.14,-1.285000000000073,58.724249999990604,57.57924999999053,-13.386350000009381,-14.671350000009454
OPEN_DRIVE_5M,231,NEW_YORK_0930,US30,LONG,1713187800,2024-04-15T13:30:00,1713188100,2024-04-15T13:35:00,1713190560,2024-04-15T14:16:00,11.5,17.5,0.06,1.05,38074.7,38075.899999999994,38102.149999999994,38102.149999999994,1.2,TAKE,1.5,1.575,0.072,1.503,57.57924999999053,59.15424999999053,-14.671350000009454,-13.168350000009454
OPEN_DRIVE_5M,232,LONDON_0800,US100,SHORT,1713250800,2024-04-16T07:00:00,1713251100,2024-04-16T07:05:00,1713252780,2024-04-16T07:33:00,-6.799999999999272,7.25,0.16,1.16,17670.7,17672.100000000002,17658.425,17659.825,1.4000000000000001,TAKE,1.5,1.74,0.22400000000000003,1.516,59.15424999999053,60.894249999990535,-13.168350000009454,-11.652350000009454
OPEN_DRIVE_5M,233,LONDON_0800,US30,SHORT,1713250800,2024-04-16T07:00:00,1713251100,2024-04-16T07:05:00,1713252780,2024-04-16T07:33:00,-6.700000000004366,9.80000000000291,0.12,1.1760000000003492,37648.4,37649.700000000004,37632.5,37633.7,1.2,TAKE,1.5,1.7640000000005238,0.144,1.620000000000524,60.894249999990535,62.65824999999106,-11.652350000009454,-10.03235000000893
OPEN_DRIVE_5M,234,NEW_YORK_0930,US30,LONG,1713274200,2024-04-16T13:30:00,1713274500,2024-04-16T13:35:00,1713275100,2024-04-16T13:45:00,23.400000000001455,43.099999999998545,0.02,0.8619999999999709,37812.1,37812.9,37877.55,37878.850000000006,0.8,TAKE,1.5000000000000846,1.2930000000000292,0.016,1.2770000000000292,62.65824999999106,63.951249999991084,-10.03235000000893,-8.755350000008901
OPEN_DRIVE_5M,235,NEW_YORK_0930,US100,LONG,1713274200,2024-04-16T13:30:00,1713274500,2024-04-16T13:35:00,1713278040,2024-04-16T14:34:00,29.0,38.75,0.03,1.1624999999999999,17667.35,17668.75,17726.875,17728.125,1.4000000000000001,TAKE,1.5,1.74375,0.042,1.7017499999999999,63.951249999991084,65.69499999999108,-8.755350000008901,-7.053600000008902
OPEN_DRIVE_5M,236,LONDON_0800,US30,SHORT,1713337200,2024-04-17T07:00:00,1713337500,2024-04-17T07:05:00,1713338040,2024-04-17T07:14:00,-5.30000000000291,7.5,0.17,1.2750000000000001,37877.8,37879.100000000006,37884.0,37885.3,1.3,STOP_ADVERSE_FIRST,-1.0,-1.2750000000000001,0.22100000000000003,-1.4960000000000002,65.69499999999108,64.41999999999108,-7.053600000008902,-8.549600000008901
OPEN_DRIVE_5M,237,LONDON_0800,US100,SHORT,1713337200,2024-04-17T07:00:00,1713337500,2024-04-17T07:05:00,1713338460,2024-04-17T07:21:00,-1.5499999999992724,4.600000000002183,0.28,1.2880000000006113,17761.4,17762.800000000003,17764.600000000002,17766.000000000004,1.4000000000000001,STOP_ADVERSE_FIRST,-1.0,-1.2880000000006113,0.39200000000000007,-1.6800000000006114,64.41999999999108,63.13199999999047,-8.549600000008901,-10.229600000009512
OPEN_DRIVE_5M,238,NEW_YORK_0930,US100,LONG,1713360600,2024-04-17T13:30:00,1713360900,2024-04-17T13:35:00,1713361980,2024-04-17T13:53:00,2.25,9.100000000002183,0.13,1.1830000000002838,17764.9,17766.300000000003,17757.2,17758.5,1.4000000000000001,STOP_ADVERSE_FIRST,-1.0,-1.1830000000002838,0.18200000000000002,-1.3650000000002838,63.13199999999047,61.948999999990185,-10.229600000009512,-11.594600000009796
OPEN_DRIVE_5M,239,NEW_YORK_0930,US30,LONG,1713360600,2024-04-17T13:30:00,1713360900,2024-04-17T13:35:00,1713362520,2024-04-17T14:02:00,14.099999999998545,28.099999999998545,0.04,1.1239999999999417,37979.3,37980.5,37952.4,37953.6,1.2,STOP_ADVERSE_FIRST,-1.0,-1.1239999999999417,0.048,-1.1719999999999418,61.948999999990185,60.82499999999025,-11.594600000009796,-12.766600000009738
OPEN_DRIVE_5M,240,LONDON_0800,US30,SHORT,1713423600,2024-04-18T07:00:00,1713423900,2024-04-18T07:05:00,1713424440,2024-04-18T07:14:00,-1.4000000000014552,5.30000000000291,0.22,1.1660000000006403,37810.7,37811.899999999994,37814.8,37816.0,1.2,STOP_ADVERSE_FIRST,-1.0,-1.1660000000006403,0.264,-1.4300000000006403,60.82499999999025,59.658999999989604,-12.766600000009738,-14.19660000001038
OPEN_DRIVE_5M,241,LONDON_0800,US100,SHORT,1713423600,2024-04-18T07:00:00,1713423900,2024-04-18T07:05:00,1713425040,2024-04-18T07:24:00,-1.0500000000029104,3.900000000001455,0.31,1.209000000000451,17567.15,17568.550000000003,17569.65,17571.050000000003,1.4000000000000001,STOP_ADVERSE_FIRST,-1.0,-1.209000000000451,0.43400000000000005,-1.643000000000451,59.658999999989604,58.44999999998915,-14.19660000001038,-15.83960000001083
OPEN_DRIVE_5M,242,NEW_YORK_0930,US30,LONG,1713447000,2024-04-18T13:30:00,1713447300,2024-04-18T13:35:00,1713448560,2024-04-18T13:56:00,10.400000000001455,17.599999999998545,0.06,1.0559999999999126,37836.3,37837.5,37819.9,37821.1,1.2,STOP_ADVERSE_FIRST,-1.0,-1.0559999999999126,0.072,-1.1279999999999126,58.44999999998915,57.39399999998924,-15.83960000001083,-16.96760000001074
OPEN_DRIVE_5M,243,NEW_YORK_0930,US100,LONG,1713447000,2024-04-18T13:30:00,1713447300,2024-04-18T13:35:00,1713449520,2024-04-18T14:12:00,6.799999999999272,15.700000000000728,0.07,1.099000000000051,17550.9,17552.300000000003,17536.600000000002,17538.000000000004,1.4000000000000001,STOP_ADVERSE_FIRST,-1.0,-1.099000000000051,0.09800000000000002,-1.1970000000000511,57.39399999998924,56.29499999998919,-16.96760000001074,-18.164600000010793
OPEN_DRIVE_5M,244,LONDON_0800,US100,LONG,1713510000,2024-04-19T07:00:00,1713510300,2024-04-19T07:05:00,1713513840,2024-04-19T08:04:00,15.75,28.0,0.04,1.12,17195.75,17197.15,17214.9,17216.300000000003,1.4000000000000001,TIME_60_M1,0.6339285714285713,0.71,0.05600000000000001,0.6539999999999999,56.29499999998919,57.00499999998919,-18.164600000010793,-17.510600000010793
OPEN_DRIVE_5M,245,LONDON_0800,US30,LONG,1713510000,2024-04-19T07:00:00,1713510300,2024-04-19T07:05:00,1713513840,2024-04-19T08:04:00,33.5,47.0,0.02,0.9400000000000001,37498.6,37499.9,37496.3,37497.5,1.3,TIME_60_M1,-0.07659574468082009,-0.07199999999997089,0.026000000000000002,-0.09799999999997089,57.00499999998919,56.932999999989214,-17.510600000010793,-17.608600000010764
OPEN_DRIVE_5M,246,NEW_YORK_0930,US100,LONG,1713533400,2024-04-19T13:30:00,1713533700,2024-04-19T13:35:00,1713533880,2024-04-19T13:38:00,1.6000000000021828,9.599999999998545,0.11,1.05599999999984,17275.15,17276.550000000003,17266.950000000004,17268.350000000006,1.4000000000000001,STOP_ADVERSE_FIRST,-1.0,-1.05599999999984,0.15400000000000003,-1.20999999999984,56.932999999989214,55.87699999998937,-17.608600000010764,-18.818600000010605
OPEN_DRIVE_5M,247,NEW_YORK_0930,US30,LONG,1713533400,2024-04-19T13:30:00,1713533700,2024-04-19T13:35:00,1713533940,2024-04-19T13:39:00,9.60000000000582,23.5,0.04,0.9400000000000001,37646.2,37647.399999999994,37623.899999999994,37625.09999999999,1.2,STOP_ADVERSE_FIRST,-1.0,-0.9400000000000001,0.048,-0.9880000000000001,55.87699999998937,54.936999999989375,-18.818600000010605,-19.806600000010604
OPEN_DRIVE_5M,248,LONDON_0800,US30,LONG,1713769200,2024-04-22T07:00:00,1713769500,2024-04-22T07:05:00,1713770880,2024-04-22T07:28:00,0.5999999999985448,6.400000000001455,0.17,1.0880000000002474,38044.9,38046.200000000004,38055.8,38057.0,1.3,TAKE,1.4999999999994316,1.6319999999997528,0.22100000000000003,1.4109999999997527,54.936999999989375,56.56899999998913,-19.806600000010604,-18.39560000001085
OPEN_DRIVE_5M,249,LONDON_0800,US100,LONG,1713769200,2024-04-22T07:00:00,1713769500,2024-04-22T07:05:00,1713771000,2024-04-22T07:30:00,1.7000000000007276,6.149999999997817,0.17,1.045499999999629,17094.65,17096.050000000003,17105.275,17106.675000000003,1.4000000000000001,TAKE,1.5000000000002958,1.5682499999997528,0.23800000000000004,1.3302499999997528,56.56899999998913,58.13724999998888,-18.39560000001085,-17.065350000011097
OPEN_DRIVE_5M,250,NEW_YORK_0930,US30,SHORT,1713792600,2024-04-22T13:30:00,1713792900,2024-04-22T13:35:00,1713794460,2024-04-22T14:01:00,-11.80000000000291,16.5,0.07,1.155,38163.6,38164.799999999996,38179.2,38180.1,0.9,STOP_ADVERSE_FIRST,-1.0,-1.155,0.06300000000000001,-1.218,58.13724999998888,56.98224999998888,-17.065350000011097,-18.283350000011097
OPEN_DRIVE_5M,251,NEW_YORK_0930,US100,SHORT,1713792600,2024-04-22T13:30:00,1713792900,2024-04-22T13:35:00,1713794580,2024-04-22T14:03:00,-12.650000000001455,15.350000000002183,0.07,1.074500000000153,17144.7,17146.100000000002,17120.274999999994,17121.674999999996,1.4000000000000001,TAKE,1.5000000000001183,1.6117500000003566,0.09800000000000002,1.5137500000003565,56.98224999998888,58.59399999998924,-18.283350000011097,-16.76960000001074
OPEN_DRIVE_5M,252,NEW_YORK_0930,US30,LONG,1713879000,2024-04-23T13:30:00,1713879300,2024-04-23T13:35:00,1713880440,2024-04-23T13:54:00,12.19999999999709,16.30000000000291,0.07,1.1410000000002039,38313.6,38314.9,38339.350000000006,38340.55,1.3,TAKE,1.5,1.7115000000003058,0.09100000000000001,1.6205000000003058,58.59399999998924,60.30549999998954,-16.76960000001074,-15.149100000010435
OPEN_DRIVE_5M,253,NEW_YORK_0930,US100,LONG,1713879000,2024-04-23T13:30:00,1713879300,2024-04-23T13:35:00,1713881580,2024-04-23T14:13:00,7.600000000002183,13.049999999999272,0.08,1.0439999999999419,17262.4,17263.800000000003,17283.375,17284.775,1.4000000000000001,TAKE,1.4999999999998606,1.5659999999997671,0.11200000000000002,1.453999999999767,60.30549999998954,61.87149999998931,-15.149100000010435,-13.695100000010669
OPEN_DRIVE_5M,254,NEW_YORK_0930,US100,SHORT,1713965400,2024-04-24T13:30:00,1713965700,2024-04-24T13:35:00,1713966000,2024-04-24T13:40:00,-2.0499999999992724,6.049999999999272,0.2,1.2099999999998545,17562.3,17563.7,17551.824999999997,17553.225,1.4000000000000001,TAKE,1.5000000000003006,1.8150000000001456,0.28,1.5350000000001456,61.87149999998931,63.68649999998946,-13.695100000010669,-12.160100000010523
OPEN_DRIVE_5M,255,NEW_YORK_0930,US30,SHORT,1713965400,2024-04-24T13:30:00,1713965700,2024-04-24T13:35:00,1713967200,2024-04-24T14:00:00,-1.0,17.799999999995634,0.06,1.067999999999738,38486.0,38487.3,38458.100000000006,38459.3,1.2,TAKE,1.5000000000002043,1.6019999999998253,0.072,1.5299999999998253,63.68649999998946,65.28849999998928,-12.160100000010523,-10.630100000010698
OPEN_DRIVE_5M,256,LONDON_0800,US100,SHORT,1714028400,2024-04-25T07:00:00,1714028700,2024-04-25T07:05:00,1714030380,2024-04-25T07:33:00,-2.100000000002183,3.75,0.34,1.2750000000000001,17313.9,17315.300000000003,17316.25,17317.65,1.4000000000000001,STOP_ADVERSE_FIRST,-1.0,-1.2750000000000001,0.4760000000000001,-1.7510000000000003,65.28849999998928,64.01349999998928,-10.630100000010698,-12.381100000010697
OPEN_DRIVE_5M,257,LONDON_0800,US30,SHORT,1714028400,2024-04-25T07:00:00,1714028700,2024-04-25T07:05:00,1714030380,2024-04-25T07:33:00,-2.2999999999956344,4.30000000000291,0.3,1.2900000000008731,38383.4,38384.700000000004,38386.4,38387.700000000004,1.3,STOP_ADVERSE_FIRST,-1.0,-1.2900000000008731,0.39,-1.6800000000008732,64.01349999998928,62.723499999988405,-12.381100000010697,-14.061100000011571
OPEN_DRIVE_5M,258,NEW_YORK_0930,US30,LONG,1714051800,2024-04-25T13:30:00,1714052100,2024-04-25T13:35:00,1714052220,2024-04-25T13:37:00,21.30000000000291,46.0,0.02,0.92,38330.5,38330.5,38284.5,38284.5,0.0,STOP_ADVERSE_FIRST,-1.0,-0.92,0.0,-0.92,62.723499999988405,61.803499999988404,-14.061100000011571,-14.98110000001157
OPEN_DRIVE_5M,259,NEW_YORK_0930,US100,LONG,1714051800,2024-04-25T13:30:00,1714052100,2024-04-25T13:35:00,1714052460,2024-04-25T13:41:00,3.150000000001455,11.450000000000728,0.1,1.1450000000000728,17370.1,17371.5,17360.05,17361.45,1.4000000000000001,STOP_ADVERSE_FIRST,-1.0,-1.1450000000000728,0.14,-1.285000000000073,61.803499999988404,60.65849999998833,-14.98110000001157,-16.266100000011644
OPEN_DRIVE_5M,260,LONDON_0800,US100,SHORT,1714114800,2024-04-26T07:00:00,1714115100,2024-04-26T07:05:00,1714115640,2024-04-26T07:14:00,-6.599999999998545,6.899999999997817,0.17,1.172999999999629,17628.3,17629.7,17633.799999999996,17635.199999999997,1.4000000000000001,STOP_ADVERSE_FIRST,-1.0,-1.172999999999629,0.23800000000000004,-1.410999999999629,60.65849999998833,59.4854999999887,-16.266100000011644,-17.677100000011272
OPEN_DRIVE_5M,261,LONDON_0800,US30,SHORT,1714114800,2024-04-26T07:00:00,1714115100,2024-04-26T07:05:00,1714116060,2024-04-26T07:21:00,-6.900000000001455,8.19999999999709,0.14,1.1479999999995927,38133.6,38134.799999999996,38140.49999999999,38141.799999999996,1.3,STOP_ADVERSE_FIRST,-1.0,-1.1479999999995927,0.18200000000000002,-1.3299999999995926,59.4854999999887,58.337499999989106,-17.677100000011272,-19.007100000010865
OPEN_DRIVE_5M,262,NEW_YORK_0930,US100,SHORT,1714138200,2024-04-26T13:30:00,1714138500,2024-04-26T13:35:00,1714139700,2024-04-26T13:55:00,-0.2999999999992724,10.200000000000728,0.11,1.12200000000008,17609.5,17610.9,17592.85,17594.199999999997,1.35,TAKE,1.5000000000001783,1.6830000000003202,0.14850000000000002,1.5345000000003202,58.337499999989106,60.020499999989426,-19.007100000010865,-17.472600000010544
OPEN_DRIVE_5M,263,NEW_YORK_0930,US30,SHORT,1714138200,2024-04-26T13:30:00,1714138500,2024-04-26T13:35:00,1714142040,2024-04-26T14:34:00,-23.400000000001455,30.69999999999709,0.03,0.9209999999999127,38128.3,38129.5,38130.9,38132.1,1.2,TIME_60_M1,-0.12377850162853403,-0.11399999999986903,0.036,-0.14999999999986902,60.020499999989426,59.906499999989556,-17.472600000010544,-17.622600000010415
OPEN_DRIVE_5M,264,LONDON_0800,US100,LONG,1714374000,2024-04-29T07:00:00,1714374300,2024-04-29T07:05:00,1714374300,2024-04-29T07:05:00,2.099999999998545,2.7999999999992724,0.42,1.1759999999996944,17770.95,17772.350000000002,17769.550000000003,17770.950000000004,1.4000000000000001,STOP_ADVERSE_FIRST,-1.0,-1.1759999999996944,0.5880000000000001,-1.7639999999996945,59.906499999989556,58.73049999998986,-17.622600000010415,-19.38660000001011
OPEN_DRIVE_5M,265,LONDON_0800,US30,LONG,1714374000,2024-04-29T07:00:00,1714374300,2024-04-29T07:05:00,1714374300,2024-04-29T07:05:00,3.8000000000029104,4.30000000000291,0.27,1.1610000000007858,38351.5,38352.8,38348.5,38349.8,1.3,STOP_ADVERSE_FIRST,-1.0,-1.1610000000007858,0.35100000000000003,-1.5120000000007858,58.73049999998986,57.56949999998908,-19.38660000001011,-20.898600000010894
OPEN_DRIVE_5M,266,NEW_YORK_0930,US100,SHORT,1714397400,2024-04-29T13:30:00,1714397700,2024-04-29T13:35:00,1714398180,2024-04-29T13:43:00,-1.6000000000021828,5.799999999999272,0.19,1.1019999999998618,17759.9,17761.300000000003,17764.3,17765.7,1.4000000000000001,STOP_ADVERSE_FIRST,-1.0,-1.1019999999998618,0.266,-1.3679999999998618,57.56949999998908,56.467499999989215,-20.898600000010894,-22.266600000010754
OPEN_DRIVE_5M,267,NEW_YORK_0930,US30,LONG,1714397400,2024-04-29T13:30:00,1714397700,2024-04-29T13:35:00,1714398480,2024-04-29T13:48:00,0.9000000000014552,5.099999999998545,0.22,1.12199999999968,38290.2,38291.5,38299.149999999994,38300.45,1.3,TAKE,1.4999999999992866,1.6829999999987195,0.28600000000000003,1.3969999999987195,56.467499999989215,58.150499999987936,-22.266600000010754,-20.869600000012035
OPEN_DRIVE_5M,268,NEW_YORK_0930,US100,LONG,1714483800,2024-04-30T13:30:00,1714484100,2024-04-30T13:35:00,1714484940,2024-04-30T13:49:00,2.600000000002183,8.0,0.14,1.12,17745.65,17747.050000000003,17759.050000000003,17760.450000000004,1.4000000000000001,TAKE,1.5,1.6800000000000002,0.19600000000000004,1.4840000000000002,58.150499999987936,59.830499999987936,-20.869600000012035,-19.385600000012033
OPEN_DRIVE_5M,269,NEW_YORK_0930,US30,SHORT,1714483800,2024-04-30T13:30:00,1714484100,2024-04-30T13:35:00,1714487640,2024-04-30T14:34:00,-11.900000000001455,38.5,0.03,1.155,38349.1,38350.299999999996,38360.5,38361.8,1.3,TIME_60_M1,-0.3298701298702432,-0.38100000000013096,0.039,-0.42000000000013094,59.830499999987936,59.44949999998781,-19.385600000012033,-19.805600000012163
OPEN_DRIVE_5M,270,NEW_YORK_0930,US100,LONG,1714570200,2024-05-01T13:30:00,1714570500,2024-05-01T13:35:00,1714571160,2024-05-01T13:46:00,7.399999999997817,10.850000000002183,0.1,1.0850000000002182,17292.7,17294.100000000002,17310.375000000007,17311.77500000001,1.4000000000000001,TAKE,1.5000000000001676,1.6275000000005093,0.14,1.4875000000005092,59.44949999998781,61.07699999998832,-19.805600000012163,-18.318100000011654
OPEN_DRIVE_5M,271,NEW_YORK_0930,US30,SHORT,1714570200,2024-05-01T13:30:00,1714570500,2024-05-01T13:35:00,1714572840,2024-05-01T14:14:00,-13.89999999999418,36.799999999995634,0.03,1.103999999999869,37706.1,37707.299999999996,37741.59999999999,37742.899999999994,1.3,STOP_ADVERSE_FIRST,-1.0,-1.103999999999869,0.039,-1.142999999999869,61.07699999998832,59.972999999988446,-18.318100000011654,-19.461100000011523
OPEN_DRIVE_5M,272,LONDON_0800,US30,LONG,1714633200,2024-05-02T07:00:00,1714633500,2024-05-02T07:05:00,1714633800,2024-05-02T07:10:00,0.5,2.5,0.47,1.1749999999999998,38055.3,38056.600000000006,38054.100000000006,38055.40000000001,1.3,STOP_ADVERSE_FIRST,-1.0,-1.1749999999999998,0.611,-1.7859999999999998,59.972999999988446,58.79799999998845,-19.461100000011523,-21.247100000011525
OPEN_DRIVE_5M,273,NEW_YORK_0930,US30,LONG,1714656600,2024-05-02T13:30:00,1714656900,2024-05-02T13:35:00,1714657380,2024-05-02T13:43:00,6.200000000004366,12.099999999998545,0.09,1.088999999999869,38042.5,38043.8,38061.95,38062.95,1.3,TAKE,1.4999999999996994,1.6334999999994761,0.11699999999999999,1.5164999999994762,58.79799999998845,60.43149999998793,-21.247100000011525,-19.73060000001205
OPEN_DRIVE_5M,274,NEW_YORK_0930,US100,LONG,1714656600,2024-05-02T13:30:00,1714656900,2024-05-02T13:35:00,1714660440,2024-05-02T14:34:00,10.75,13.599999999998545,0.08,1.0879999999998835,17466.2,17467.600000000002,17462.6,17464.0,1.4000000000000001,TIME_60_M1,-0.3676470588238363,-0.40000000000029107,0.11200000000000002,-0.5120000000002911,60.43149999998793,60.03149999998764,-19.73060000001205,-20.24260000001234
OPEN_DRIVE_5M,275,NEW_YORK_0930,US100,SHORT,1714743000,2024-05-03T13:30:00,1714743300,2024-05-03T13:35:00,1714744080,2024-05-03T13:48:00,-0.049999999999272404,5.549999999999272,0.21,1.1654999999998472,17643.2,17644.600000000002,17633.475,17634.875,1.4000000000000001,TAKE,1.5000000000003275,1.7482500000001526,0.29400000000000004,1.4542500000001526,60.03149999998764,61.77974999998779,-20.24260000001234,-18.78835000001219
OPEN_DRIVE_5M,276,NEW_YORK_0930,US30,SHORT,1714743000,2024-05-03T13:30:00,1714743300,2024-05-03T13:35:00,1714744740,2024-05-03T13:59:00,-3.099999999998545,10.099999999998545,0.11,1.11099999999984,38540.5,38541.7,38524.05,38525.350000000006,1.3,TAKE,1.4999999999996398,1.6664999999993597,0.14300000000000002,1.5234999999993597,61.77974999998779,63.44624999998715,-18.78835000001219,-17.26485000001283
OPEN_DRIVE_5M,277,NEW_YORK_0930,US30,LONG,1715002200,2024-05-06T13:30:00,1715002500,2024-05-06T13:35:00,1715003700,2024-05-06T13:55:00,3.3000000000029104,7.900000000001455,0.16,1.264000000000233,38779.4,38780.6,38792.45,38793.75,1.2,TAKE,1.4999999999995395,1.8959999999997672,0.192,1.7039999999997673,63.44624999998715,65.34224999998692,-17.26485000001283,-15.560850000013064
OPEN_DRIVE_5M,278,NEW_YORK_0930,US100,SHORT,1715002200,2024-05-06T13:30:00,1715002500,2024-05-06T13:35:00,1715006040,2024-05-06T14:34:00,-10.950000000000728,16.5,0.07,1.155,17931.85,17933.25,17933.9,17935.300000000003,1.4000000000000001,TIME_60_M1,-0.20909090909117367,-0.2415000000003056,0.09800000000000002,-0.3395000000003056,65.34224999998692,65.10074999998662,-15.560850000013064,-15.900350000013368
OPEN_DRIVE_5M,279,NEW_YORK_0930,US100,LONG,1715088600,2024-05-07T13:30:00,1715088900,2024-05-07T13:35:00,1715090160,2024-05-07T13:56:00,2.9500000000007276,5.200000000000728,0.25,1.300000000000182,18060.75,18062.15,18069.950000000004,18071.350000000006,1.4000000000000001,TAKE,1.5000000000003497,1.9500000000007276,0.35000000000000003,1.6000000000007275,65.10074999998662,67.05074999998735,-15.900350000013368,-14.30035000001264
OPEN_DRIVE_5M,280,NEW_YORK_0930,US30,LONG,1715088600,2024-05-07T13:30:00,1715088900,2024-05-07T13:35:00,1715090640,2024-05-07T14:04:00,5.900000000001455,41.30000000000291,0.03,1.2390000000000874,38920.9,38922.1,38880.799999999996,38881.99999999999,1.2,STOP_ADVERSE_FIRST,-1.0,-1.2390000000000874,0.036,-1.2750000000000874,67.05074999998735,65.81174999998726,-14.30035000001264,-15.575350000012728
OPEN_DRIVE_5M,281,NEW_YORK_0930,US100,SHORT,1715175000,2024-05-08T13:30:00,1715175300,2024-05-08T13:35:00,1715177280,2024-05-08T14:08:00,-5.700000000000728,9.599999999998545,0.13,1.2479999999998108,18083.9,18085.300000000003,18068.100000000002,18069.500000000004,1.4000000000000001,TAKE,1.5,1.8719999999997163,0.18200000000000002,1.6899999999997164,65.81174999998726,67.68374999998697,-15.575350000012728,-13.88535000001301
OPEN_DRIVE_5M,282,NEW_YORK_0930,US30,SHORT,1715175000,2024-05-08T13:30:00,1715175300,2024-05-08T13:35:00,1715177280,2024-05-08T14:08:00,-11.89999999999418,20.099999999998545,0.06,1.2059999999999127,38888.8,38890.0,38857.45000000001,38858.65000000001,1.2,TAKE,1.4999999999998188,1.8089999999996507,0.072,1.7369999999996506,67.68374999998697,69.49274999998663,-13.88535000001301,-12.14835000001336
OPEN_DRIVE_5M,283,NEW_YORK_0930,US100,SHORT,1715261400,2024-05-09T13:30:00,1715261700,2024-05-09T13:35:00,1715261940,2024-05-09T13:39:00,-0.6500000000014552,3.2000000000007276,0.43,1.3760000000003128,18043.65,18045.050000000003,18045.45,18046.850000000002,1.4000000000000001,STOP_ADVERSE_FIRST,-1.0,-1.3760000000003128,0.6020000000000001,-1.9780000000003128,69.49274999998663,68.11674999998631,-12.14835000001336,-14.126350000013673
OPEN_DRIVE_5M,284,NEW_YORK_0930,US30,SHORT,1715261400,2024-05-09T13:30:00,1715261700,2024-05-09T13:35:00,1715261940,2024-05-09T13:39:00,-5.599999999998545,7.400000000001455,0.18,1.3320000000002619,38973.2,38974.399999999994,38979.4,38980.6,1.2,STOP_ADVERSE_FIRST,-1.0,-1.3320000000002619,0.216,-1.5480000000002618,68.11674999998631,66.78474999998605,-14.126350000013673,-15.674350000013934
OPEN_DRIVE_5M,285,NEW_YORK_0930,US30,LONG,1715347800,2024-05-10T13:30:00,1715348100,2024-05-10T13:35:00,1715349120,2024-05-10T13:52:00,2.7999999999956344,5.599999999998545,0.23,1.2879999999996654,39514.3,39515.5,39509.9,39511.200000000004,1.2,STOP_ADVERSE_FIRST,-1.0,-1.2879999999996654,0.276,-1.5639999999996654,66.78474999998605,65.49674999998638,-15.674350000013934,-17.2383500000136
OPEN_DRIVE_5M,286,NEW_YORK_0930,US100,LONG,1715347800,2024-05-10T13:30:00,1715348100,2024-05-10T13:35:00,1715349300,2024-05-10T13:55:00,2.900000000001455,8.450000000000728,0.15,1.267500000000109,18195.1,18196.5,18188.05,18189.45,1.4000000000000001,STOP_ADVERSE_FIRST,-1.0,-1.267500000000109,0.21000000000000002,-1.477500000000109,65.49674999998638,64.22924999998627,-17.2383500000136,-18.71585000001371
OPEN_DRIVE_5M,287,NEW_YORK_0930,US30,LONG,1715607000,2024-05-13T13:30:00,1715607300,2024-05-13T13:35:00,1715607720,2024-05-13T13:42:00,6.19999999999709,8.099999999998545,0.15,1.2149999999997816,39550.9,39552.1,39544.0,39545.2,1.2,STOP_ADVERSE_FIRST,-1.0,-1.2149999999997816,0.18,-1.3949999999997815,64.22924999998627,63.01424999998648,-18.71585000001371,-20.110850000013492
OPEN_DRIVE_5M,288,NEW_YORK_0930,US100,LONG,1715607000,2024-05-13T13:30:00,1715607300,2024-05-13T13:35:00,1715610840,2024-05-13T14:34:00,8.900000000001455,11.0,0.11,1.21,18199.7,18201.100000000002,18205.65,18207.050000000003,1.4000000000000001,TIME_60_M1,0.4136363636362975,0.50049999999992,0.15400000000000003,0.34649999999992,63.01424999998648,63.5147499999864,-20.110850000013492,-19.76435000001357
OPEN_DRIVE_5M,289,LONDON_0800,US100,SHORT,1715670000,2024-05-14T07:00:00,1715670300,2024-05-14T07:05:00,1715670300,2024-05-14T07:05:00,-1.5,2.0499999999992724,0.61,1.250499999999556,18163.55,18164.95,18164.199999999997,18165.6,1.4000000000000001,STOP_ADVERSE_FIRST,-1.0,-1.250499999999556,0.8540000000000001,-2.104499999999556,63.5147499999864,62.264249999986845,-19.76435000001357,-21.86885000001313
OPEN_DRIVE_5M,290,LONDON_0800,US30,SHORT,1715670000,2024-05-14T07:00:00,1715670300,2024-05-14T07:05:00,1715670540,2024-05-14T07:09:00,-2.900000000001455,3.099999999998545,0.4,1.239999999999418,39424.7,39426.0,39426.49999999999,39427.799999999996,1.3,STOP_ADVERSE_FIRST,-1.0,-1.239999999999418,0.52,-1.759999999999418,62.264249999986845,61.024249999987425,-21.86885000001313,-23.628850000012548
OPEN_DRIVE_5M,291,NEW_YORK_0930,US100,SHORT,1715693400,2024-05-14T13:30:00,1715693700,2024-05-14T13:35:00,1715694240,2024-05-14T13:44:00,-4.200000000000728,8.200000000000728,0.14,1.148000000000102,18190.15,18191.550000000003,18196.95,18198.350000000002,1.4000000000000001,STOP_ADVERSE_FIRST,-1.0,-1.148000000000102,0.19600000000000004,-1.344000000000102,61.024249999987425,59.87624999998732,-23.628850000012548,-24.97285000001265
OPEN_DRIVE_5M,292,NEW_YORK_0930,US30,SHORT,1715693400,2024-05-14T13:30:00,1715693700,2024-05-14T13:35:00,1715694240,2024-05-14T13:44:00,-8.599999999998545,9.400000000001455,0.12,1.1280000000001746,39443.2,39444.399999999994,39451.299999999996,39452.6,1.3,STOP_ADVERSE_FIRST,-1.0,-1.1280000000001746,0.156,-1.2840000000001746,59.87624999998732,58.748249999987145,-24.97285000001265,-26.25685000001282
OPEN_DRIVE_5M,293,NEW_YORK_0930,US100,SHORT,1715779800,2024-05-15T13:30:00,1715780100,2024-05-15T13:35:00,1715780520,2024-05-15T13:42:00,-2.9500000000007276,4.44999999999709,0.26,1.1569999999992433,18304.4,18305.800000000003,18308.269999999997,18308.85,0.58,STOP_ADVERSE_FIRST,-1.0,-1.1569999999992433,0.1508,-1.3077999999992433,58.748249999987145,57.5912499999879,-26.25685000001282,-27.564650000012065
OPEN_DRIVE_5M,294,NEW_YORK_0930,US30,LONG,1715779800,2024-05-15T13:30:00,1715780100,2024-05-15T13:35:00,1715781000,2024-05-15T13:50:00,3.599999999998545,5.700000000004366,0.2,1.1400000000008732,39572.1,39573.299999999996,39567.59999999999,39568.899999999994,1.2,STOP_ADVERSE_FIRST,-1.0,-1.1400000000008732,0.24,-1.3800000000008732,57.5912499999879,56.45124999998703,-27.564650000012065,-28.94465000001294
OPEN_DRIVE_5M,295,NEW_YORK_0930,US100,SHORT,1715866200,2024-05-16T13:30:00,1715866500,2024-05-16T13:35:00,1715866560,2024-05-16T13:36:00,-0.9500000000007276,3.650000000001455,0.3,1.0950000000004365,18607.15,18608.550000000003,18609.4,18610.800000000003,1.4000000000000001,STOP_ADVERSE_FIRST,-1.0,-1.0950000000004365,0.42000000000000004,-1.5150000000004367,56.45124999998703,55.35624999998659,-28.94465000001294,-30.459650000013376
OPEN_DRIVE_5M,296,NEW_YORK_0930,US30,LONG,1715866200,2024-05-16T13:30:00,1715866500,2024-05-16T13:35:00,1715866680,2024-05-16T13:38:00,1.5,8.0,0.14,1.12,39894.7,39896.0,39888.0,39889.2,1.3,STOP_ADVERSE_FIRST,-1.0,-1.12,0.18200000000000002,-1.302,55.35624999998659,54.23624999998659,-30.459650000013376,-31.761650000013375
OPEN_DRIVE_5M,297,NEW_YORK_0930,US100,SHORT,1715952600,2024-05-17T13:30:00,1715952900,2024-05-17T13:35:00,1715953920,2024-05-17T13:52:00,-3.599999999998545,6.549999999999272,0.16,1.0479999999998837,18556.75,18558.15,18561.899999999998,18563.3,1.4000000000000001,STOP_ADVERSE_FIRST,-1.0,-1.0479999999998837,0.22400000000000003,-1.2719999999998837,54.23624999998659,53.18824999998671,-31.761650000013375,-33.03365000001326
OPEN_DRIVE_5M,298,NEW_YORK_0930,US30,SHORT,1715952600,2024-05-17T13:30:00,1715952900,2024-05-17T13:35:00,1715954400,2024-05-17T14:00:00,-1.5,5.5,0.19,1.045,39859.6,39860.799999999996,39863.799999999996,39865.1,1.3,STOP_ADVERSE_FIRST,-1.0,-1.045,0.24700000000000003,-1.292,53.18824999998671,52.14324999998671,-33.03365000001326,-34.32565000001326
OPEN_DRIVE_5M,299,NEW_YORK_0930,US30,LONG,1716211800,2024-05-20T13:30:00,1716212100,2024-05-20T13:35:00,1716212340,2024-05-20T13:39:00,11.80000000000291,17.5,0.05,0.875,40023.0,40024.2,40006.7,40007.899999999994,1.2,STOP_ADVERSE_FIRST,-1.0,-0.875,0.06,-0.935,52.14324999998671,51.26824999998671,-34.32565000001326,-35.260650000013264
OPEN_DRIVE_5M,300,NEW_YORK_0930,US100,LONG,1716211800,2024-05-20T13:30:00,1716212100,2024-05-20T13:35:00,1716212820,2024-05-20T13:47:00,1.5499999999992724,3.7999999999992724,0.27,1.0259999999998035,18576.95,18578.350000000002,18584.050000000003,18585.450000000004,1.4000000000000001,TAKE,1.500000000000479,1.5390000000001967,0.37800000000000006,1.1610000000001965,51.26824999998671,52.8072499999869,-35.260650000013264,-34.09965000001307
OPEN_DRIVE_5M,301,LONDON_0800,US100,LONG,1716274800,2024-05-21T07:00:00,1716275100,2024-05-21T07:05:00,1716275100,2024-05-21T07:05:00,0.2999999999992724,1.25,0.84,1.05,18661.6,18663.0,18661.75,18663.15,1.4000000000000001,STOP_ADVERSE_FIRST,-1.0,-1.05,1.1760000000000002,-2.226,52.8072499999869,51.757249999986904,-34.09965000001307,-36.32565000001307
OPEN_DRIVE_5M,302,NEW_YORK_0930,US100,LONG,1716298200,2024-05-21T13:30:00,1716298500,2024-05-21T13:35:00,1716300480,2024-05-21T14:08:00,2.649999999997817,5.19999999999709,0.19,0.987999999999447,18659.2,18660.600000000002,18668.399999999998,18669.8,1.4000000000000001,TAKE,1.5000000000000002,1.4819999999991706,0.266,1.2159999999991706,51.757249999986904,53.23924999998607,-36.32565000001307,-35.1096500000139
OPEN_DRIVE_5M,303,NEW_YORK_0930,US30,LONG,1716298200,2024-05-21T13:30:00,1716298500,2024-05-21T13:35:00,1716301260,2024-05-21T14:21:00,5.099999999998545,7.200000000004366,0.14,1.0080000000006113,39811.3,39812.5,39805.299999999996,39806.49999999999,1.2,STOP_ADVERSE_FIRST,-1.0,-1.0080000000006113,0.168,-1.1760000000006112,53.23924999998607,52.23124999998546,-35.1096500000139,-36.28565000001451
OPEN_DRIVE_5M,304,NEW_YORK_0930,US100,SHORT,1716384600,2024-05-22T13:30:00,1716384900,2024-05-22T13:35:00,1716386220,2024-05-22T13:57:00,-7.700000000000728,17.299999999999272,0.06,1.0379999999999563,18666.7,18668.100000000002,18682.6,18684.0,1.4000000000000001,STOP_ADVERSE_FIRST,-1.0,-1.0379999999999563,0.084,-1.1219999999999564,52.23124999998546,51.193249999985504,-36.28565000001451,-37.40765000001447
OPEN_DRIVE_5M,305,NEW_YORK_0930,US30,SHORT,1716384600,2024-05-22T13:30:00,1716384900,2024-05-22T13:35:00,1716388260,2024-05-22T14:31:00,-0.39999999999417923,12.30000000000291,0.08,0.9840000000002328,39832.7,39833.899999999994,39813.049999999996,39814.24999999999,1.2,TAKE,1.5,1.4760000000003493,0.096,1.3800000000003492,51.193249999985504,52.66924999998585,-37.40765000001447,-36.02765000001412
OPEN_DRIVE_5M,306,NEW_YORK_0930,US30,LONG,1716471000,2024-05-23T13:30:00,1716471300,2024-05-23T13:35:00,1716471420,2024-05-23T13:37:00,0.7000000000043656,3.900000000001455,0.27,1.053000000000393,39703.6,39704.9,39701.0,39702.2,1.3,STOP_ADVERSE_FIRST,-1.0,-1.053000000000393,0.35100000000000003,-1.404000000000393,52.66924999998585,51.616249999985456,-36.02765000001412,-37.431650000014514
OPEN_DRIVE_5M,307,NEW_YORK_0930,US100,LONG,1716471000,2024-05-23T13:30:00,1716471300,2024-05-23T13:35:00,1716471900,2024-05-23T13:45:00,2.099999999998545,3.900000000001455,0.27,1.053000000000393,18872.25,18873.65,18879.500000000004,18880.900000000005,1.4000000000000001,TAKE,1.5,1.5795000000005894,0.37800000000000006,1.2015000000005893,51.616249999985456,53.19574999998605,-37.431650000014514,-36.23015000001392
OPEN_DRIVE_5M,308,NEW_YORK_0930,US100,SHORT,1716557400,2024-05-24T13:30:00,1716557700,2024-05-24T13:35:00,1716557820,2024-05-24T13:37:00,-0.4500000000007276,3.5,0.3,1.05,18668.1,18669.5,18670.199999999997,18671.6,1.4000000000000001,STOP_ADVERSE_FIRST,-1.0,-1.05,0.42000000000000004,-1.4700000000000002,53.19574999998605,52.14574999998605,-36.23015000001392,-37.70015000001392
OPEN_DRIVE_5M,309,NEW_YORK_0930,US30,SHORT,1716557400,2024-05-24T13:30:00,1716557700,2024-05-24T13:35:00,1716558120,2024-05-24T13:42:00,-1.0,5.200000000004366,0.2,1.0400000000008731,39119.0,39120.2,39122.9,39124.200000000004,1.3,STOP_ADVERSE_FIRST,-1.0,-1.0400000000008731,0.26,-1.3000000000008731,52.14574999998605,51.10574999998518,-37.70015000001392,-39.00015000001479
OPEN_DRIVE_5M,310,LONDON_0800,US100,SHORT,1716793200,2024-05-27T07:00:00,1716793500,2024-05-27T07:05:00,1716793920,2024-05-27T07:12:00,-1.25,3.0,0.34,1.02,18791.25,18792.5,18793.0,18794.25,1.25,STOP_ADVERSE_FIRST,-1.0,-1.02,0.42500000000000004,-1.445,51.10574999998518,50.085749999985175,-39.00015000001479,-40.44515000001479
OPEN_DRIVE_5M,311,LONDON_0800,US30,SHORT,1716793200,2024-05-27T07:00:00,1716793500,2024-05-27T07:05:00,1716793920,2024-05-27T07:12:00,-0.25,2.5,0.4,1.0,39041.8,39042.9,39043.200000000004,39044.3,1.1,STOP_ADVERSE_FIRST,-1.0,-1.0,0.44000000000000006,-1.44,50.085749999985175,49.085749999985175,-40.44515000001479,-41.88515000001479
OPEN_DRIVE_5M,312,NEW_YORK_0930,US30,LONG,1716816600,2024-05-27T13:30:00,1716816900,2024-05-27T13:35:00,1716817320,2024-05-27T13:42:00,3.0,8.0,0.12,0.96,39064.3,39065.4,39057.4,39058.5,1.1,STOP_ADVERSE_FIRST,-1.0,-0.96,0.132,-1.092,49.085749999985175,48.125749999985175,-41.88515000001479,-42.97715000001479
OPEN_DRIVE_5M,313,NEW_YORK_0930,US100,LONG,1716816600,2024-05-27T13:30:00,1716816900,2024-05-27T13:35:00,1716820440,2024-05-27T14:34:00,1.5,5.380000000001019,0.18,0.9684000000001833,18816.75,18818.0,18816.0,18817.25,1.25,TIME_60_M1,-0.37174721189584037,-0.36,0.22499999999999998,-0.585,48.125749999985175,47.765749999985175,-42.97715000001479,-43.56215000001479
OPEN_DRIVE_5M,314,LONDON_0800,US100,LONG,1716879600,2024-05-28T07:00:00,1716879900,2024-05-28T07:05:00,1716881520,2024-05-28T07:32:00,0.25,2.25,0.42,0.945,18872.71,18873.96,18871.71,18872.96,1.25,STOP_ADVERSE_FIRST,-1.0,-0.945,0.525,-1.47,47.765749999985175,46.820749999985175,-43.56215000001479,-45.03215000001479
OPEN_DRIVE_5M,315,NEW_YORK_0930,US100,LONG,1716903000,2024-05-28T13:30:00,1716903300,2024-05-28T13:35:00,1716904140,2024-05-28T13:49:00,11.12000000000262,13.37000000000262,0.07,0.9359000000001835,18874.08,18875.33,18861.96,18863.21,1.25,STOP_ADVERSE_FIRST,-1.0,-0.9359000000001835,0.08750000000000001,-1.0234000000001835,46.820749999985175,45.88484999998499,-45.03215000001479,-46.055550000014975
OPEN_DRIVE_5M,316,NEW_YORK_0930,US30,LONG,1716903000,2024-05-28T13:30:00,1716903300,2024-05-28T13:35:00,1716906840,2024-05-28T14:34:00,24.0,27.25,0.03,0.8175,39050.17,39051.27,39046.17,39047.27,1.1,TIME_60_M1,-0.18715596330269887,-0.15299999999995634,0.033,-0.18599999999995634,45.88484999998499,45.73184999998504,-46.055550000014975,-46.24155000001493
OPEN_DRIVE_5M,317,LONDON_0800,US30,SHORT,1716966000,2024-05-29T07:00:00,1716966300,2024-05-29T07:05:00,1716966780,2024-05-29T07:13:00,-1.0,2.5,0.36,0.8999999999999999,38750.03,38751.13,38751.43,38752.53,1.1,STOP_ADVERSE_FIRST,-1.0,-0.8999999999999999,0.396,-1.2959999999999998,45.73184999998504,44.83184999998504,-46.24155000001493,-47.53755000001493
OPEN_DRIVE_5M,318,LONDON_0800,US100,SHORT,1716966000,2024-05-29T07:00:00,1716966300,2024-05-29T07:05:00,1716966840,2024-05-29T07:14:00,-0.75,2.75,0.33,0.9075000000000001,18833.82,18835.07,18835.32,18836.57,1.25,STOP_ADVERSE_FIRST,-1.0,-0.9075000000000001,0.41250000000000003,-1.32,44.83184999998504,43.92434999998504,-47.53755000001493,-48.85755000001493
OPEN_DRIVE_5M,319,NEW_YORK_0930,US100,LONG,1716989400,2024-05-29T13:30:00,1716989700,2024-05-29T13:35:00,1716989880,2024-05-29T13:38:00,0.75,6.619999999998981,0.13,0.8605999999998676,18774.95,18776.2,18769.58,18770.83,1.25,STOP_ADVERSE_FIRST,-1.0,-0.8605999999998676,0.1625,-1.0230999999998676,43.92434999998504,43.06374999998517,-48.85755000001493,-49.880650000014796
OPEN_DRIVE_5M,320,NEW_YORK_0930,US30,LONG,1716989400,2024-05-29T13:30:00,1716989700,2024-05-29T13:35:00,1716991680,2024-05-29T14:08:00,5.25,11.75,0.07,0.8225000000000001,38657.03,38658.13,38646.38,38647.479999999996,1.1,STOP_ADVERSE_FIRST,-1.0,-0.8225000000000001,0.07700000000000001,-0.8995000000000002,43.06374999998517,42.24124999998517,-49.880650000014796,-50.7801500000148
OPEN_DRIVE_5M,321,LONDON_0800,US30,SHORT,1717052400,2024-05-30T07:00:00,1717052700,2024-05-30T07:05:00,1717054380,2024-05-30T07:33:00,-1.0,5.75,0.14,0.805,38134.31,38135.409999999996,38124.585,38125.685,1.1,TAKE,1.5,1.2075,0.15400000000000003,1.0535,42.24124999998517,43.448749999985175,-50.7801500000148,-49.7266500000148
OPEN_DRIVE_5M,322,LONDON_0800,US100,SHORT,1717052400,2024-05-30T07:00:00,1717052700,2024-05-30T07:05:00,1717054560,2024-05-30T07:36:00,-1.25,4.369999999998981,0.19,0.8302999999998064,18634.16,18635.41,18626.355000000003,18627.605000000003,1.25,TAKE,1.4999999999995837,1.245449999999364,0.2375,1.007949999999364,43.448749999985175,44.69419999998454,-49.7266500000148,-48.71870000001544
OPEN_DRIVE_5M,323,NEW_YORK_0930,US100,LONG,1717075800,2024-05-30T13:30:00,1717076100,2024-05-30T13:35:00,1717076160,2024-05-30T13:36:00,1.5,4.380000000001019,0.2,0.8760000000002037,18677.16,18678.41,18684.980000000003,18686.230000000003,1.25,TAKE,1.5000000000004154,1.3140000000006695,0.25,1.0640000000006695,44.69419999998454,46.00819999998521,-48.71870000001544,-47.65470000001477
OPEN_DRIVE_5M,324,LONDON_0800,US100,SHORT,1717138800,2024-05-31T07:00:00,1717139100,2024-05-31T07:05:00,1717139640,2024-05-31T07:14:00,-0.75,3.1299999999973807,0.29,0.9076999999992403,18512.53,18513.78,18506.585000000003,18507.835000000003,1.25,TAKE,1.5,1.3615499999988605,0.3625,0.9990499999988605,46.00819999998521,47.369749999984066,-47.65470000001477,-46.65565000001591
OPEN_DRIVE_5M,325,LONDON_0800,US30,SHORT,1717138800,2024-05-31T07:00:00,1717139100,2024-05-31T07:05:00,1717139880,2024-05-31T07:18:00,-2.5,4.5,0.2,0.9,38120.08,38121.18,38112.23,38113.33,1.1,TAKE,1.5,1.35,0.22000000000000003,1.1300000000000001,47.369749999984066,48.71974999998407,-46.65565000001591,-45.52565000001591
OPEN_DRIVE_5M,326,NEW_YORK_0930,US100,LONG,1717162200,2024-05-31T13:30:00,1717162500,2024-05-31T13:35:00,1717163280,2024-05-31T13:48:00,3.1200000000026193,7.120000000002619,0.13,0.9256000000003406,18471.65,18472.9,18465.78,18467.03,1.25,STOP_ADVERSE_FIRST,-1.0,-0.9256000000003406,0.1625,-1.0881000000003407,48.71974999998407,47.79414999998372,-45.52565000001591,-46.613750000016246
OPEN_DRIVE_5M,327,NEW_YORK_0930,US30,LONG,1717162200,2024-05-31T13:30:00,1717162500,2024-05-31T13:35:00,1717163460,2024-05-31T13:51:00,1.5,11.75,0.08,0.9400000000000001,38079.83,38080.93,38069.18,38070.28,1.1,STOP_ADVERSE_FIRST,-1.0,-0.9400000000000001,0.08800000000000001,-1.028,47.79414999998372,46.854149999983726,-46.613750000016246,-47.641750000016245
OPEN_DRIVE_5M,328,LONDON_0800,US100,LONG,1717398000,2024-06-03T07:00:00,1717398300,2024-06-03T07:05:00,1717399140,2024-06-03T07:19:00,1.75,3.25,0.28,0.9100000000000001,18603.74,18604.99,18601.74,18602.99,1.25,STOP_ADVERSE_FIRST,-1.0,-0.9100000000000001,0.35000000000000003,-1.2600000000000002,46.854149999983726,45.94414999998372,-47.641750000016245,-48.90175000001624
OPEN_DRIVE_5M,329,LONDON_0800,US30,LONG,1717398000,2024-06-03T07:00:00,1717398300,2024-06-03T07:05:00,1717399500,2024-06-03T07:25:00,5.75,6.0,0.15,0.8999999999999999,38805.52,38806.619999999995,38815.619999999995,38816.719999999994,1.1,TAKE,1.5,1.3499999999999999,0.165,1.1849999999999998,45.94414999998372,47.29414999998372,-48.90175000001624,-47.71675000001624
OPEN_DRIVE_5M,330,NEW_YORK_0930,US100,LONG,1717421400,2024-06-03T13:30:00,1717421700,2024-06-03T13:35:00,1717422060,2024-06-03T13:41:00,2.8800000000010186,8.869999999998981,0.1,0.8869999999998982,18637.99,18639.24,18630.370000000003,18631.620000000003,1.25,STOP_ADVERSE_FIRST,-1.0,-0.8869999999998982,0.125,-1.0119999999998983,47.29414999998372,46.40714999998382,-47.71675000001624,-48.72875000001614
OPEN_DRIVE_5M,331,NEW_YORK_0930,US30,LONG,1717421400,2024-06-03T13:30:00,1717421700,2024-06-03T13:35:00,1717423260,2024-06-03T14:01:00,0.25,20.75,0.04,0.8300000000000001,38676.02,38677.119999999995,38708.244999999995,38709.344999999994,1.1,TAKE,1.5,1.245,0.044000000000000004,1.201,46.40714999998382,47.65214999998382,-48.72875000001614,-47.52775000001614
OPEN_DRIVE_5M,332,LONDON_0800,US100,SHORT,1717484400,2024-06-04T07:00:00,1717484700,2024-06-04T07:05:00,1717484940,2024-06-04T07:09:00,-1.25,4.120000000002619,0.23,0.9476000000006025,18614.33,18615.58,18617.200000000004,18618.450000000004,1.25,STOP_ADVERSE_FIRST,-1.0,-0.9476000000006025,0.28750000000000003,-1.2351000000006025,47.65214999998382,46.704549999983215,-47.52775000001614,-48.76285000001674
OPEN_DRIVE_5M,333,LONDON_0800,US30,SHORT,1717484400,2024-06-04T07:00:00,1717484700,2024-06-04T07:05:00,1717484940,2024-06-04T07:09:00,-1.0,5.5,0.17,0.935,38580.13,38581.229999999996,38584.53,38585.63,1.1,STOP_ADVERSE_FIRST,-1.0,-0.935,0.18700000000000003,-1.122,46.704549999983215,45.76954999998321,-48.76285000001674,-49.88485000001674
OPEN_DRIVE_5M,334,NEW_YORK_0930,US30,LONG,1717507800,2024-06-04T13:30:00,1717508100,2024-06-04T13:35:00,1717509000,2024-06-04T13:50:00,13.0,18.75,0.04,0.75,38402.13,38403.229999999996,38384.479999999996,38385.579999999994,1.1,STOP_ADVERSE_FIRST,-1.0,-0.75,0.044000000000000004,-0.794,45.76954999998321,45.01954999998321,-49.88485000001674,-50.67885000001674
OPEN_DRIVE_5M,335,NEW_YORK_0930,US100,LONG,1717507800,2024-06-04T13:30:00,1717508100,2024-06-04T13:35:00,1717511640,2024-06-04T14:34:00,11.5,20.75,0.04,0.8300000000000001,18520.08,18521.33,18547.71,18548.96,1.25,TIME_60_M1,1.271325301204693,1.0551999999998953,0.05,1.0051999999998953,45.01954999998321,46.074749999983105,-50.67885000001674,-49.67365000001684
OPEN_DRIVE_5M,336,LONDON_0800,US30,LONG,1717570800,2024-06-05T07:00:00,1717571100,2024-06-05T07:05:00,1717572660,2024-06-05T07:31:00,2.0,3.5,0.26,0.91,38798.98,38800.08,38805.33,38806.43,1.1,TAKE,1.5,1.365,0.28600000000000003,1.079,46.074749999983105,47.43974999998311,-49.67365000001684,-48.59465000001684
OPEN_DRIVE_5M,337,LONDON_0800,US100,SHORT,1717570800,2024-06-05T07:00:00,1717571100,2024-06-05T07:05:00,1717573440,2024-06-05T07:44:00,-1.0,2.8800000000010186,0.31,0.8928000000003158,18721.21,18722.46,18722.84,18724.09,1.25,STOP_ADVERSE_FIRST,-1.0,-0.8928000000003158,0.3875,-1.2803000000003157,47.43974999998311,46.54694999998279,-48.59465000001684,-49.87495000001716
OPEN_DRIVE_5M,338,NEW_YORK_0930,US100,LONG,1717594200,2024-06-05T13:30:00,1717594500,2024-06-05T13:35:00,1717595040,2024-06-05T13:44:00,7.369999999998981,11.119999999998981,0.08,0.8895999999999186,18757.21,18758.46,18747.34,18748.59,1.25,STOP_ADVERSE_FIRST,-1.0,-0.8895999999999186,0.1,-0.9895999999999185,46.54694999998279,45.65734999998288,-49.87495000001716,-50.864550000017076
OPEN_DRIVE_5M,339,NEW_YORK_0930,US30,SHORT,1717594200,2024-06-05T13:30:00,1717594500,2024-06-05T13:35:00,1717597080,2024-06-05T14:18:00,-9.0,12.5,0.07,0.8750000000000001,38775.98,38777.08,38756.130000000005,38757.23,1.1,TAKE,1.5,1.3125000000000002,0.07700000000000001,1.2355000000000003,45.65734999998288,46.96984999998288,-50.864550000017076,-49.629050000017074
OPEN_DRIVE_5M,340,LONDON_0800,US30,SHORT,1717657200,2024-06-06T07:00:00,1717657500,2024-06-06T07:05:00,1717658280,2024-06-06T07:18:00,-2.0,3.25,0.28,0.9100000000000001,38826.38,38827.479999999996,38820.405,38821.505,1.1,TAKE,1.5,1.3650000000000002,0.30800000000000005,1.0570000000000002,46.96984999998288,48.33484999998288,-49.629050000017074,-48.57205000001707
OPEN_DRIVE_5M,341,LONDON_0800,US100,SHORT,1717657200,2024-06-06T07:00:00,1717657500,2024-06-06T07:05:00,1717658520,2024-06-06T07:22:00,-1.6300000000010186,3.25,0.28,0.9100000000000001,19064.78,19066.03,19058.655,19059.905,1.25,TAKE,1.5,1.3650000000000002,0.35000000000000003,1.0150000000000001,48.33484999998288,49.69984999998288,-48.57205000001707,-47.55705000001707
OPEN_DRIVE_5M,342,NEW_YORK_0930,US30,LONG,1717680600,2024-06-06T13:30:00,1717680900,2024-06-06T13:35:00,1717681440,2024-06-06T13:44:00,3.0,6.75,0.14,0.9450000000000001,38798.88,38799.979999999996,38793.229999999996,38794.329999999994,1.1,STOP_ADVERSE_FIRST,-1.0,-0.9450000000000001,0.15400000000000003,-1.0990000000000002,49.69984999998288,48.75484999998288,-47.55705000001707,-48.656050000017075
OPEN_DRIVE_5M,343,NEW_YORK_0930,US100,LONG,1717680600,2024-06-06T13:30:00,1717680900,2024-06-06T13:35:00,1717681680,2024-06-06T13:48:00,3.6300000000010186,6.5,0.15,0.975,19058.03,19059.28,19052.78,19054.03,1.25,STOP_ADVERSE_FIRST,-1.0,-0.975,0.1875,-1.1625,48.75484999998288,47.77984999998288,-48.656050000017075,-49.818550000017076
OPEN_DRIVE_5M,344,LONDON_0800,US100,LONG,1717743600,2024-06-07T07:00:00,1717743900,2024-06-07T07:05:00,1717745340,2024-06-07T07:29:00,3.0,3.0,0.31,0.9299999999999999,19051.76,19053.01,19057.51,19058.76,1.25,TAKE,1.5000000000000002,1.395,0.3875,1.0075,47.77984999998288,49.17484999998288,-49.818550000017076,-48.811050000017076
OPEN_DRIVE_5M,345,LONDON_0800,US30,LONG,1717743600,2024-06-07T07:00:00,1717743900,2024-06-07T07:05:00,1717745400,2024-06-07T07:30:00,4.5,7.25,0.13,0.9425,38942.57,38943.67,38954.545,38955.645,1.1,TAKE,1.5,1.41375,0.14300000000000002,1.27075,49.17484999998288,50.58859999998288,-48.811050000017076,-47.540300000017076
OPEN_DRIVE_5M,346,NEW_YORK_0930,US30,LONG,1717767000,2024-06-07T13:30:00,1717767300,2024-06-07T13:35:00,1717767840,2024-06-07T13:44:00,5.0,11.25,0.08,0.9,38892.82,38893.92,38882.67,38883.77,1.1,STOP_ADVERSE_FIRST,-1.0,-0.9,0.08800000000000001,-0.988,50.58859999998288,49.688599999982884,-47.540300000017076,-48.528300000017076
OPEN_DRIVE_5M,347,NEW_YORK_0930,US100,LONG,1717767000,2024-06-07T13:30:00,1717767300,2024-06-07T13:35:00,1717767900,2024-06-07T13:45:00,2.75,6.870000000002619,0.14,0.9618000000003668,19043.01,19044.26,19037.389999999996,19038.639999999996,1.25,STOP_ADVERSE_FIRST,-1.0,-0.9618000000003668,0.17500000000000002,-1.1368000000003669,49.688599999982884,48.72679999998252,-48.528300000017076,-49.665100000017446
OPEN_DRIVE_5M,348,LONDON_0800,US30,LONG,1718002800,2024-06-10T07:00:00,1718003100,2024-06-10T07:05:00,1718003160,2024-06-10T07:06:00,2.5,4.0,0.24,0.96,38804.01,38805.11,38801.11,38802.21,1.1,STOP_ADVERSE_FIRST,-1.0,-0.96,0.264,-1.224,48.72679999998252,47.76679999998252,-49.665100000017446,-50.88910000001744
OPEN_DRIVE_5M,349,LONDON_0800,US100,LONG,1718002800,2024-06-10T07:00:00,1718003100,2024-06-10T07:05:00,1718003220,2024-06-10T07:07:00,0.75,3.25,0.29,0.9424999999999999,19017.9,19019.15,19015.9,19017.15,1.25,STOP_ADVERSE_FIRST,-1.0,-0.9424999999999999,0.3625,-1.305,47.76679999998252,46.824299999982514,-50.88910000001744,-52.19410000001744
OPEN_DRIVE_5M,350,NEW_YORK_0930,US100,LONG,1718026200,2024-06-10T13:30:00,1718026500,2024-06-10T13:35:00,1718030040,2024-06-10T14:34:00,22.5,24.87999999999738,0.03,0.7463999999999213,19009.78,19011.03,19013.78,19015.03,1.25,TIME_60_M1,0.11053054662380585,0.08249999999999999,0.0375,0.04499999999999999,46.824299999982514,46.90679999998252,-52.19410000001744,-52.14910000001744
OPEN_DRIVE_5M,351,NEW_YORK_0930,US30,LONG,1718026200,2024-06-10T13:30:00,1718026500,2024-06-10T13:35:00,1718030040,2024-06-10T14:34:00,32.25,35.75,0.02,0.715,38737.01,38738.11,38772.01,38773.11,1.1,TIME_60_M1,0.948251748251789,0.6780000000000291,0.022000000000000002,0.6560000000000291,46.90679999998252,47.58479999998254,-52.14910000001744,-51.493100000017414
OPEN_DRIVE_5M,352,LONDON_0800,US100,SHORT,1718089200,2024-06-11T07:00:00,1718089500,2024-06-11T07:05:00,1718089920,2024-06-11T07:12:00,-2.8800000000010186,3.3699999999989814,0.28,0.9435999999997149,19065.17,19066.42,19067.289999999997,19068.539999999997,1.25,STOP_ADVERSE_FIRST,-1.0,-0.9435999999997149,0.35000000000000003,-1.293599999999715,47.58479999998254,46.64119999998283,-51.493100000017414,-52.78670000001713
OPEN_DRIVE_5M,353,LONDON_0800,US30,SHORT,1718089200,2024-06-11T07:00:00,1718089500,2024-06-11T07:05:00,1718090880,2024-06-11T07:28:00,-11.5,14.0,0.06,0.84,38822.93,38824.03,38835.83,38836.93,1.1,STOP_ADVERSE_FIRST,-1.0,-0.84,0.066,-0.9059999999999999,46.64119999998283,45.80119999998283,-52.78670000001713,-53.692700000017126
OPEN_DRIVE_5M,354,NEW_YORK_0930,US100,LONG,1718112600,2024-06-11T13:30:00,1718112900,2024-06-11T13:35:00,1718113440,2024-06-11T13:44:00,9.619999999998981,11.0,0.08,0.88,19043.17,19044.42,19033.42,19034.67,1.25,STOP_ADVERSE_FIRST,-1.0,-0.88,0.1,-0.98,45.80119999998283,44.921199999982825,-53.692700000017126,-54.67270000001712
OPEN_DRIVE_5M,355,NEW_YORK_0930,US30,LONG,1718112600,2024-06-11T13:30:00,1718112900,2024-06-11T13:35:00,1718113440,2024-06-11T13:44:00,12.25,17.25,0.05,0.8625,38765.43,38766.53,38749.28,38750.38,1.1,STOP_ADVERSE_FIRST,-1.0,-0.8625,0.05500000000000001,-0.9175000000000001,44.921199999982825,44.05869999998283,-54.67270000001712,-55.59020000001712
OPEN_DRIVE_5M,356,LONDON_0800,US30,SHORT,1718175600,2024-06-12T07:00:00,1718175900,2024-06-12T07:05:00,1718176200,2024-06-12T07:10:00,-0.25,2.5,0.35,0.875,38760.36,38761.46,38761.76,38762.86,1.1,STOP_ADVERSE_FIRST,-1.0,-0.875,0.385,-1.26,44.05869999998283,43.18369999998283,-55.59020000001712,-56.85020000001712
OPEN_DRIVE_5M,357,LONDON_0800,US100,SHORT,1718175600,2024-06-12T07:00:00,1718175900,2024-06-12T07:05:00,1718177400,2024-06-12T07:30:00,-1.0,2.25,0.39,0.8775000000000001,19245.75,19247.0,19241.125,19242.375,1.25,TAKE,1.5,1.3162500000000001,0.48750000000000004,0.8287500000000001,43.18369999998283,44.49994999998283,-56.85020000001712,-56.02145000001712
OPEN_DRIVE_5M,358,NEW_YORK_0930,US30,SHORT,1718199000,2024-06-12T13:30:00,1718199300,2024-06-12T13:35:00,1718199660,2024-06-12T13:41:00,-8.0,10.0,0.08,0.8,38783.36,38784.46,38792.26,38793.36,1.1,STOP_ADVERSE_FIRST,-1.0,-0.8,0.08800000000000001,-0.888,44.49994999998283,43.699949999982834,-56.02145000001712,-56.90945000001712
OPEN_DRIVE_5M,359,NEW_YORK_0930,US100,LONG,1718199000,2024-06-12T13:30:00,1718199300,2024-06-12T13:35:00,1718200560,2024-06-12T13:56:00,1.6199999999989814,3.5,0.25,0.875,19245.87,19247.12,19252.37,19253.62,1.25,TAKE,1.5,1.3125,0.3125,1.0,43.699949999982834,45.012449999982834,-56.90945000001712,-55.90945000001712
OPEN_DRIVE_5M,360,LONDON_0800,US30,SHORT,1718262000,2024-06-13T07:00:00,1718262300,2024-06-13T07:05:00,1718262300,2024-06-13T07:05:00,-0.75,2.0,0.45,0.9,38704.53,38705.63,38705.43,38706.53,1.1,STOP_ADVERSE_FIRST,-1.0,-0.9,0.49500000000000005,-1.395,45.012449999982834,44.112449999982836,-55.90945000001712,-57.30445000001712
OPEN_DRIVE_5M,361,LONDON_0800,US100,LONG,1718262000,2024-06-13T07:00:00,1718262300,2024-06-13T07:05:00,1718262420,2024-06-13T07:07:00,1.5,3.25,0.27,0.8775000000000001,19620.82,19622.07,19618.82,19620.07,1.25,STOP_ADVERSE_FIRST,-1.0,-0.8775000000000001,0.3375,-1.215,44.112449999982836,43.23494999998284,-57.30445000001712,-58.51945000001712
OPEN_DRIVE_5M,362,NEW_YORK_0930,US100,SHORT,1718285400,2024-06-13T13:30:00,1718285700,2024-06-13T13:35:00,1718286600,2024-06-13T13:50:00,-0.8800000000010186,5.25,0.16,0.84,19592.07,19593.32,19582.945,19584.195,1.25,TAKE,1.5,1.26,0.2,1.06,43.23494999998284,44.494949999982836,-58.51945000001712,-57.45945000001712
OPEN_DRIVE_5M,363,NEW_YORK_0930,US30,SHORT,1718285400,2024-06-13T13:30:00,1718285700,2024-06-13T13:35:00,1718286600,2024-06-13T13:50:00,-4.25,8.25,0.1,0.8250000000000001,38590.28,38591.38,38576.805,38577.905,1.1,TAKE,1.5,1.2375,0.11000000000000001,1.1275,44.494949999982836,45.73244999998283,-57.45945000001712,-56.33195000001712
OPEN_DRIVE_5M,364,LONDON_0800,US30,LONG,1718348400,2024-06-14T07:00:00,1718348700,2024-06-14T07:05:00,1718348820,2024-06-14T07:07:00,2.0,3.5,0.26,0.91,38644.28,38645.38,38641.88,38642.979999999996,1.1,STOP_ADVERSE_FIRST,-1.0,-0.91,0.28600000000000003,-1.1960000000000002,45.73244999998283,44.82244999998284,-56.33195000001712,-57.52795000001712
OPEN_DRIVE_5M,365,LONDON_0800,US100,SHORT,1718348400,2024-06-14T07:00:00,1718348700,2024-06-14T07:05:00,1718352240,2024-06-14T08:04:00,-3.5,4.25,0.21,0.8925,19618.35,19619.6,19621.1,19622.35,1.25,TIME_60_M1,-0.9411764705882353,-0.84,0.2625,-1.1025,44.82244999998284,43.98244999998283,-57.52795000001712,-58.63045000001712
OPEN_DRIVE_5M,366,NEW_YORK_0930,US100,LONG,1718371800,2024-06-14T13:30:00,1718372100,2024-06-14T13:35:00,1718373420,2024-06-14T13:57:00,8.37999999999738,14.5,0.06,0.87,19530.6,19531.85,19517.35,19518.6,1.25,STOP_ADVERSE_FIRST,-1.0,-0.87,0.075,-0.945,43.98244999998283,43.112449999982836,-58.63045000001712,-59.57545000001712
OPEN_DRIVE_5M,367,NEW_YORK_0930,US30,LONG,1718371800,2024-06-14T13:30:00,1718372100,2024-06-14T13:35:00,1718373780,2024-06-14T14:03:00,19.0,22.5,0.03,0.6749999999999999,38327.53,38328.63,38306.13,38307.229999999996,1.1,STOP_ADVERSE_FIRST,-1.0,-0.6749999999999999,0.033,-0.708,43.112449999982836,42.43744999998284,-59.57545000001712,-60.28345000001712
OPEN_DRIVE_5M,368,LONDON_0800,US100,LONG,1718607600,2024-06-17T07:00:00,1718607900,2024-06-17T07:05:00,1718608080,2024-06-17T07:08:00,3.8800000000010186,4.0,0.21,0.84,19693.03,19694.28,19690.28,19691.53,1.25,STOP_ADVERSE_FIRST,-1.0,-0.84,0.2625,-1.1025,42.43744999998284,41.597449999982835,-60.28345000001712,-61.38595000001712
OPEN_DRIVE_5M,369,LONDON_0800,US30,LONG,1718607600,2024-06-17T07:00:00,1718607900,2024-06-17T07:05:00,1718608200,2024-06-17T07:10:00,4.0,4.5,0.18,0.8099999999999999,38564.45,38565.549999999996,38561.049999999996,38562.149999999994,1.1,STOP_ADVERSE_FIRST,-1.0,-0.8099999999999999,0.198,-1.008,41.597449999982835,40.78744999998283,-61.38595000001712,-62.39395000001712
OPEN_DRIVE_5M,370,NEW_YORK_0930,US30,LONG,1718631000,2024-06-17T13:30:00,1718631300,2024-06-17T13:35:00,1718631960,2024-06-17T13:46:00,9.5,14.25,0.05,0.7125,38480.7,38481.799999999996,38503.174999999996,38504.274999999994,1.1,TAKE,1.5,1.06875,0.05500000000000001,1.0137500000000002,40.78744999998283,41.856199999982834,-62.39395000001712,-61.38020000001712
OPEN_DRIVE_5M,371,NEW_YORK_0930,US100,LONG,1718631000,2024-06-17T13:30:00,1718631300,2024-06-17T13:35:00,1718632860,2024-06-17T14:01:00,5.619999999998981,8.630000000001019,0.09,0.7767000000000917,19687.16,19688.41,19701.355000000003,19702.605000000003,1.25,TAKE,1.500000000000211,1.1650500000003012,0.11249999999999999,1.0525500000003012,41.856199999982834,43.021249999983134,-61.38020000001712,-60.32765000001682
OPEN_DRIVE_5M,372,LONDON_0800,US100,LONG,1718694000,2024-06-18T07:00:00,1718694300,2024-06-18T07:05:00,1718694960,2024-06-18T07:16:00,2.0,4.0,0.21,0.84,19906.79,19908.04,19904.04,19905.29,1.25,STOP_ADVERSE_FIRST,-1.0,-0.84,0.2625,-1.1025,43.021249999983134,42.18124999998313,-60.32765000001682,-61.430150000016816
OPEN_DRIVE_5M,373,LONDON_0800,US30,LONG,1718694000,2024-06-18T07:00:00,1718694300,2024-06-18T07:05:00,1718695140,2024-06-18T07:19:00,4.5,5.5,0.15,0.825,38834.05,38835.15,38829.65,38830.75,1.1,STOP_ADVERSE_FIRST,-1.0,-0.825,0.165,-0.99,42.18124999998313,41.35624999998313,-61.430150000016816,-62.42015000001682
OPEN_DRIVE_5M,374,NEW_YORK_0930,US30,SHORT,1718717400,2024-06-18T13:30:00,1718717700,2024-06-18T13:35:00,1718719380,2024-06-18T14:03:00,-5.5,14.5,0.05,0.7250000000000001,38789.3,38790.4,38766.450000000004,38767.55,1.1,TAKE,1.5,1.0875000000000001,0.05500000000000001,1.0325000000000002,41.35624999998313,42.443749999983126,-62.42015000001682,-61.38765000001682
OPEN_DRIVE_5M,375,NEW_YORK_0930,US100,SHORT,1718717400,2024-06-18T13:30:00,1718717700,2024-06-18T13:35:00,1718719920,2024-06-18T14:12:00,-6.75,11.880000000001019,0.06,0.712800000000061,19955.91,19957.16,19936.839999999997,19938.089999999997,1.25,TAKE,1.5000000000001534,1.0692000000002009,0.075,0.9942000000002009,42.443749999983126,43.51294999998333,-61.38765000001682,-60.39345000001662
OPEN_DRIVE_5M,376,LONDON_0800,US100,LONG,1718780400,2024-06-19T07:00:00,1718780700,2024-06-19T07:05:00,1718780940,2024-06-19T07:09:00,3.0,3.25,0.26,0.845,19946.76,19948.01,19944.76,19946.01,1.25,STOP_ADVERSE_FIRST,-1.0,-0.845,0.325,-1.17,43.51294999998333,42.66794999998333,-60.39345000001662,-61.56345000001662
OPEN_DRIVE_5M,377,LONDON_0800,US30,LONG,1718780400,2024-06-19T07:00:00,1718780700,2024-06-19T07:05:00,1718781360,2024-06-19T07:16:00,6.0,6.5,0.13,0.845,38834.63,38835.729999999996,38829.229999999996,38830.329999999994,1.1,STOP_ADVERSE_FIRST,-1.0,-0.845,0.14300000000000002,-0.988,42.66794999998333,41.82294999998333,-61.56345000001662,-62.55145000001662
OPEN_DRIVE_5M,378,NEW_YORK_0930,US100,LONG,1718803800,2024-06-19T13:30:00,1718804100,2024-06-19T13:35:00,1718805780,2024-06-19T14:03:00,2.1199999999989814,4.0,0.2,0.8,19961.26,19962.51,19968.51,19969.76,1.25,TAKE,1.5000000000000002,1.2000000000000002,0.25,0.9500000000000002,41.82294999998333,43.02294999998333,-62.55145000001662,-61.60145000001662
OPEN_DRIVE_5M,379,NEW_YORK_0930,US30,LONG,1718803800,2024-06-19T13:30:00,1718804100,2024-06-19T13:35:00,1718807640,2024-06-19T14:34:00,9.5,14.0,0.05,0.7000000000000001,38836.63,38837.729999999996,38843.38,38844.479999999996,1.1,TIME_60_M1,0.40357142857153244,0.28250000000007275,0.05500000000000001,0.22750000000007276,43.02294999998333,43.3054499999834,-61.60145000001662,-61.37395000001655
OPEN_DRIVE_5M,380,LONDON_0800,US100,SHORT,1718866800,2024-06-20T07:00:00,1718867100,2024-06-20T07:05:00,1718867820,2024-06-20T07:17:00,-2.6200000000026193,7.25,0.11,0.7975,20014.51,20015.76,20020.51,20021.76,1.25,STOP_ADVERSE_FIRST,-1.0,-0.7975,0.1375,-0.935,43.3054499999834,42.5079499999834,-61.37395000001655,-62.30895000001655
OPEN_DRIVE_5M,381,LONDON_0800,US30,SHORT,1718866800,2024-06-20T07:00:00,1718867100,2024-06-20T07:05:00,1718868480,2024-06-20T07:28:00,-2.75,6.5,0.13,0.845,38831.74,38832.84,38837.14,38838.24,1.1,STOP_ADVERSE_FIRST,-1.0,-0.845,0.14300000000000002,-0.988,42.5079499999834,41.662949999983404,-62.30895000001655,-63.29695000001655
OPEN_DRIVE_5M,382,NEW_YORK_0930,US30,SHORT,1718890200,2024-06-20T13:30:00,1718890500,2024-06-20T13:35:00,1718890920,2024-06-20T13:42:00,-6.5,11.0,0.07,0.77,38908.24,38909.34,38918.14,38919.24,1.1,STOP_ADVERSE_FIRST,-1.0,-0.77,0.07700000000000001,-0.847,41.662949999983404,40.8929499999834,-63.29695000001655,-64.14395000001655
OPEN_DRIVE_5M,383,NEW_YORK_0930,US100,LONG,1718890200,2024-06-20T13:30:00,1718890500,2024-06-20T13:35:00,1718891460,2024-06-20T13:51:00,7.75,10.62999999999738,0.07,0.7440999999998167,20062.01,20063.26,20052.63,20053.88,1.25,STOP_ADVERSE_FIRST,-1.0,-0.7440999999998167,0.08750000000000001,-0.8315999999998167,40.8929499999834,40.14884999998358,-64.14395000001655,-64.97555000001636
OPEN_DRIVE_5M,384,LONDON_0800,US100,SHORT,1718953200,2024-06-21T07:00:00,1718953500,2024-06-21T07:05:00,1718954280,2024-06-21T07:18:00,-1.3800000000010186,3.6199999999989814,0.22,0.796399999999776,19782.88,19784.13,19785.25,19786.5,1.25,STOP_ADVERSE_FIRST,-1.0,-0.796399999999776,0.275,-1.0713999999997759,40.14884999998358,39.352449999983804,-64.97555000001636,-66.04695000001612
OPEN_DRIVE_5M,385,LONDON_0800,US30,LONG,1718953200,2024-06-21T07:00:00,1718953500,2024-06-21T07:05:00,1718954820,2024-06-21T07:27:00,2.0,3.5,0.22,0.77,39167.84,39168.939999999995,39174.189999999995,39175.28999999999,1.1,TAKE,1.5,1.155,0.24200000000000002,0.913,39.352449999983804,40.507449999983805,-66.04695000001612,-65.13395000001613
OPEN_DRIVE_5M,386,NEW_YORK_0930,US100,SHORT,1718976600,2024-06-21T13:30:00,1718976900,2024-06-21T13:35:00,1718977200,2024-06-21T13:40:00,-9.869999999998981,17.5,0.04,0.7000000000000001,19720.38,19721.63,19736.63,19737.88,1.25,STOP_ADVERSE_FIRST,-1.0,-0.7000000000000001,0.05,-0.7500000000000001,40.507449999983805,39.8074499999838,-65.13395000001613,-65.88395000001613
OPEN_DRIVE_5M,387,NEW_YORK_0930,US30,SHORT,1718976600,2024-06-21T13:30:00,1718976900,2024-06-21T13:35:00,1718977320,2024-06-21T13:42:00,-1.0,14.5,0.05,0.7250000000000001,39103.84,39104.939999999995,39117.24,39118.34,1.1,STOP_ADVERSE_FIRST,-1.0,-0.7250000000000001,0.05500000000000001,-0.7800000000000001,39.8074499999838,39.0824499999838,-65.88395000001613,-66.66395000001613
OPEN_DRIVE_5M,388,LONDON_0800,US30,SHORT,1719212400,2024-06-24T07:00:00,1719212700,2024-06-24T07:05:00,1719214260,2024-06-24T07:31:00,-3.75,6.75,0.11,0.7425,39102.75,39103.85,39108.4,39109.5,1.1,STOP_ADVERSE_FIRST,-1.0,-0.7425,0.12100000000000001,-0.8635,39.0824499999838,38.3399499999838,-66.66395000001613,-67.52745000001613
OPEN_DRIVE_5M,389,LONDON_0800,US100,SHORT,1719212400,2024-06-24T07:00:00,1719212700,2024-06-24T07:05:00,1719214860,2024-06-24T07:41:00,-1.8800000000010186,6.630000000001019,0.11,0.7293000000001121,19699.07,19700.32,19704.45,19705.7,1.25,STOP_ADVERSE_FIRST,-1.0,-0.7293000000001121,0.1375,-0.8668000000001121,38.3399499999838,37.61064999998369,-67.52745000001613,-68.39425000001624
OPEN_DRIVE_5M,390,NEW_YORK_0930,US100,SHORT,1719235800,2024-06-24T13:30:00,1719236100,2024-06-24T13:35:00,1719236100,2024-06-24T13:35:00,-7.869999999998981,10.369999999998981,0.07,0.7258999999999287,19695.07,19696.32,19704.19,19705.44,1.25,STOP_ADVERSE_FIRST,-1.0,-0.7258999999999287,0.08750000000000001,-0.8133999999999287,37.61064999998369,36.88474999998376,-68.39425000001624,-69.20765000001617
OPEN_DRIVE_5M,391,NEW_YORK_0930,US30,SHORT,1719235800,2024-06-24T13:30:00,1719236100,2024-06-24T13:35:00,1719236100,2024-06-24T13:35:00,-5.25,9.5,0.07,0.665,39287.5,39288.6,39295.9,39297.0,1.1,STOP_ADVERSE_FIRST,-1.0,-0.665,0.07700000000000001,-0.742,36.88474999998376,36.21974999998376,-69.20765000001617,-69.94965000001618
OPEN_DRIVE_5M,392,LONDON_0800,US100,SHORT,1719298800,2024-06-25T07:00:00,1719299100,2024-06-25T07:05:00,1719299160,2024-06-25T07:06:00,-1.5,3.0,0.24,0.72,19533.56,19534.81,19535.31,19536.56,1.25,STOP_ADVERSE_FIRST,-1.0,-0.72,0.3,-1.02,36.21974999998376,35.49974999998376,-69.94965000001618,-70.96965000001617
OPEN_DRIVE_5M,393,LONDON_0800,US30,SHORT,1719298800,2024-06-25T07:00:00,1719299100,2024-06-25T07:05:00,1719302520,2024-06-25T08:02:00,-2.0,7.25,0.09,0.6525,39527.37,39528.47,39533.520000000004,39534.62,1.1,STOP_ADVERSE_FIRST,-1.0,-0.6525,0.099,-0.7515,35.49974999998376,34.84724999998376,-70.96965000001617,-71.72115000001617
OPEN_DRIVE_5M,394,NEW_YORK_0930,US30,SHORT,1719322200,2024-06-25T13:30:00,1719322500,2024-06-25T13:35:00,1719323820,2024-06-25T13:57:00,-4.0,15.5,0.04,0.62,39413.37,39414.47,39427.770000000004,39428.87,1.1,STOP_ADVERSE_FIRST,-1.0,-0.62,0.044000000000000004,-0.664,34.84724999998376,34.22724999998376,-71.72115000001617,-72.38515000001617
OPEN_DRIVE_5M,395,LONDON_0800,US30,SHORT,1719385200,2024-06-26T07:00:00,1719385500,2024-06-26T07:05:00,1719386760,2024-06-26T07:26:00,-1.0,3.25,0.21,0.6825,39132.98,39134.08,39135.130000000005,39136.23,1.1,STOP_ADVERSE_FIRST,-1.0,-0.6825,0.231,-0.9135,34.22724999998376,33.544749999983765,-72.38515000001617,-73.29865000001617
OPEN_DRIVE_5M,396,LONDON_0800,US100,SHORT,1719385200,2024-06-26T07:00:00,1719385500,2024-06-26T07:05:00,1719388080,2024-06-26T07:48:00,-1.1300000000010186,4.369999999998981,0.15,0.6554999999998472,19733.81,19735.06,19736.93,19738.18,1.25,STOP_ADVERSE_FIRST,-1.0,-0.6554999999998472,0.1875,-0.8429999999998472,33.544749999983765,32.88924999998392,-73.29865000001617,-74.14165000001601
OPEN_DRIVE_5M,397,NEW_YORK_0930,US100,LONG,1719408600,2024-06-26T13:30:00,1719408900,2024-06-26T13:35:00,1719408960,2024-06-26T13:36:00,8.5,12.119999999998981,0.05,0.6059999999999491,19762.68,19763.93,19751.81,19753.06,1.25,STOP_ADVERSE_FIRST,-1.0,-0.6059999999999491,0.0625,-0.6684999999999491,32.88924999998392,32.283249999983965,-74.14165000001601,-74.81015000001597
OPEN_DRIVE_5M,398,NEW_YORK_0930,US30,LONG,1719408600,2024-06-26T13:30:00,1719408900,2024-06-26T13:35:00,1719409020,2024-06-26T13:37:00,2.0,11.5,0.05,0.5750000000000001,39110.98,39112.08,39100.58,39101.68,1.1,STOP_ADVERSE_FIRST,-1.0,-0.5750000000000001,0.05500000000000001,-0.6300000000000001,32.283249999983965,31.708249999983966,-74.81015000001597,-75.44015000001596
OPEN_DRIVE_5M,399,LONDON_0800,US30,LONG,1719471600,2024-06-27T07:00:00,1719471900,2024-06-27T07:05:00,1719472320,2024-06-27T07:12:00,2.5,5.75,0.11,0.6325,39049.06,39050.159999999996,39044.409999999996,39045.509999999995,1.1,STOP_ADVERSE_FIRST,-1.0,-0.6325,0.12100000000000001,-0.7535,31.708249999983966,31.075749999983966,-75.44015000001596,-76.19365000001596
OPEN_DRIVE_5M,400,LONDON_0800,US100,LONG,1719471600,2024-06-27T07:00:00,1719471900,2024-06-27T07:05:00,1719474300,2024-06-27T07:45:00,5.119999999998981,8.25,0.07,0.5775,19664.53,19665.78,19678.155,19679.405,1.25,TAKE,1.5,0.8662500000000001,0.08750000000000001,0.77875,31.075749999983966,31.941999999983967,-76.19365000001596,-75.41490000001596
OPEN_DRIVE_5M,401,NEW_YORK_0930,US30,SHORT,1719495000,2024-06-27T13:30:00,1719495300,2024-06-27T13:35:00,1719495720,2024-06-27T13:42:00,-1.0,8.5,0.07,0.5950000000000001,39102.56,39103.659999999996,39109.96,39111.06,1.1,STOP_ADVERSE_FIRST,-1.0,-0.5950000000000001,0.07700000000000001,-0.6720000000000002,31.941999999983967,31.346999999983968,-75.41490000001596,-76.08690000001596
OPEN_DRIVE_5M,402,NEW_YORK_0930,US100,LONG,1719495000,2024-06-27T13:30:00,1719495300,2024-06-27T13:35:00,1719496200,2024-06-27T13:50:00,1.6199999999989814,8.880000000001019,0.07,0.6216000000000713,19736.78,19738.03,19729.149999999998,19730.399999999998,1.25,STOP_ADVERSE_FIRST,-1.0,-0.6216000000000713,0.08750000000000001,-0.7091000000000713,31.346999999983968,30.725399999983896,-76.08690000001596,-76.79600000001604
OPEN_DRIVE_5M,403,LONDON_0800,US100,SHORT,1719558000,2024-06-28T07:00:00,1719558300,2024-06-28T07:05:00,1719558420,2024-06-28T07:07:00,-4.75,6.25,0.09,0.5625,19875.63,19876.88,19865.005,19866.255,1.25,TAKE,1.5,0.84375,0.11249999999999999,0.73125,30.725399999983896,31.569149999983896,-76.79600000001604,-76.06475000001603
OPEN_DRIVE_5M,404,LONDON_0800,US30,SHORT,1719558000,2024-06-28T07:00:00,1719558300,2024-06-28T07:05:00,1719558420,2024-06-28T07:07:00,-1.5,4.0,0.15,0.6,39183.16,39184.26,39176.060000000005,39177.16,1.1,TAKE,1.5,0.8999999999999999,0.165,0.7349999999999999,31.569149999983896,32.4691499999839,-76.06475000001603,-75.32975000001603
OPEN_DRIVE_5M,405,NEW_YORK_0930,US30,SHORT,1719581400,2024-06-28T13:30:00,1719581700,2024-06-28T13:35:00,1719581700,2024-06-28T13:35:00,-1.0,6.5,0.09,0.585,39215.16,39216.26,39220.560000000005,39221.66,1.1,STOP_ADVERSE_FIRST,-1.0,-0.585,0.099,-0.6839999999999999,32.4691499999839,31.884149999983897,-75.32975000001603,-76.01375000001603
OPEN_DRIVE_5M,406,NEW_YORK_0930,US100,SHORT,1719581400,2024-06-28T13:30:00,1719581700,2024-06-28T13:35:00,1719582600,2024-06-28T13:50:00,-2.75,8.630000000001019,0.07,0.6041000000000714,19871.75,19873.0,19879.13,19880.38,1.25,STOP_ADVERSE_FIRST,-1.0,-0.6041000000000714,0.08750000000000001,-0.6916000000000714,31.884149999983897,31.280049999983827,-76.01375000001603,-76.7053500000161
OPEN_DRIVE_5M,407,LONDON_0800,US100,SHORT,1719817200,2024-07-01T07:00:00,1719817500,2024-07-01T07:05:00,1719819900,2024-07-01T07:45:00,-2.75,6.25,0.1,0.625,19753.28,19754.53,19742.655,19743.905,1.25,TAKE,1.5,0.9375,0.125,0.8125,31.280049999983827,32.21754999998383,-76.7053500000161,-75.8928500000161
OPEN_DRIVE_5M,408,LONDON_0800,US30,SHORT,1719817200,2024-07-01T07:00:00,1719817500,2024-07-01T07:05:00,1719820620,2024-07-01T07:57:00,-4.5,5.0,0.12,0.6,39170.06,39171.159999999996,39161.46,39162.56,1.1,TAKE,1.5,0.8999999999999999,0.132,0.7679999999999999,32.21754999998383,33.11754999998383,-75.8928500000161,-75.1248500000161
OPEN_DRIVE_5M,409,NEW_YORK_0930,US100,SHORT,1719840600,2024-07-01T13:30:00,1719840900,2024-07-01T13:35:00,1719841260,2024-07-01T13:41:00,-1.8700000000026193,7.879999999997381,0.08,0.6303999999997905,19693.15,19694.4,19699.78,19701.03,1.25,STOP_ADVERSE_FIRST,-1.0,-0.6303999999997905,0.1,-0.7303999999997904,33.11754999998383,32.48714999998404,-75.1248500000161,-75.85525000001589
OPEN_DRIVE_5M,410,NEW_YORK_0930,US30,SHORT,1719840600,2024-07-01T13:30:00,1719840900,2024-07-01T13:35:00,1719841740,2024-07-01T13:49:00,-12.25,14.5,0.04,0.58,39183.81,39184.909999999996,39197.21,39198.31,1.1,STOP_ADVERSE_FIRST,-1.0,-0.58,0.044000000000000004,-0.624,32.48714999998404,31.907149999984043,-75.85525000001589,-76.47925000001588
OPEN_DRIVE_5M,411,LONDON_0800,US100,LONG,1719903600,2024-07-02T07:00:00,1719903900,2024-07-02T07:05:00,1719904020,2024-07-02T07:07:00,0.8800000000010186,4.0,0.15,0.6,19745.9,19747.15,19743.15,19744.4,1.25,STOP_ADVERSE_FIRST,-1.0,-0.6,0.1875,-0.7875,31.907149999984043,31.30714999998404,-76.47925000001588,-77.26675000001588
OPEN_DRIVE_5M,412,LONDON_0800,US30,LONG,1719903600,2024-07-02T07:00:00,1719903900,2024-07-02T07:05:00,1719904860,2024-07-02T07:21:00,3.25,4.25,0.15,0.6375,39111.19,39112.29,39118.665,39119.765,1.1,TAKE,1.5,0.9562499999999999,0.165,0.7912499999999999,31.30714999998404,32.26339999998404,-77.26675000001588,-76.47550000001587
OPEN_DRIVE_5M,413,NEW_YORK_0930,US100,SHORT,1719927000,2024-07-02T13:30:00,1719927300,2024-07-02T13:35:00,1719927600,2024-07-02T13:40:00,-2.5,7.380000000001019,0.08,0.5904000000000815,19712.77,19714.02,19718.9,19720.15,1.25,STOP_ADVERSE_FIRST,-1.0,-0.5904000000000815,0.1,-0.6904000000000815,32.26339999998404,31.672999999983958,-76.47550000001587,-77.16590000001595
OPEN_DRIVE_5M,414,NEW_YORK_0930,US30,SHORT,1719927000,2024-07-02T13:30:00,1719927300,2024-07-02T13:35:00,1719927840,2024-07-02T13:44:00,-7.0,12.0,0.05,0.6000000000000001,39049.69,39050.79,39060.590000000004,39061.69,1.1,STOP_ADVERSE_FIRST,-1.0,-0.6000000000000001,0.05500000000000001,-0.6550000000000001,31.672999999983958,31.072999999983956,-77.16590000001595,-77.82090000001595
OPEN_DRIVE_5M,415,LONDON_0800,US100,LONG,1719990000,2024-07-03T07:00:00,1719990300,2024-07-03T07:05:00,1719991800,2024-07-03T07:30:00,1.25,2.8700000000026193,0.21,0.60270000000055,20001.74,20002.99,20007.295000000006,20008.545000000006,1.25,TAKE,1.5,0.904050000000825,0.2625,0.641550000000825,31.072999999983956,31.977049999984782,-77.82090000001595,-77.17935000001513
OPEN_DRIVE_5M,416,LONDON_0800,US30,LONG,1719990000,2024-07-03T07:00:00,1719990300,2024-07-03T07:05:00,1719992340,2024-07-03T07:39:00,3.75,5.5,0.11,0.605,39312.98,39314.08,39322.33,39323.43,1.1,TAKE,1.5,0.9075,0.12100000000000001,0.7865,31.977049999984782,32.884549999984785,-77.17935000001513,-76.39285000001513
OPEN_DRIVE_5M,417,NEW_YORK_0930,US100,LONG,1720013400,2024-07-03T13:30:00,1720013700,2024-07-03T13:35:00,1720013880,2024-07-03T13:38:00,0.75,5.620000000002619,0.11,0.6182000000002882,20033.24,20034.49,20028.87,20030.12,1.25,STOP_ADVERSE_FIRST,-1.0,-0.6182000000002882,0.1375,-0.7557000000002883,32.884549999984785,32.2663499999845,-76.39285000001513,-77.14855000001542
OPEN_DRIVE_5M,418,NEW_YORK_0930,US30,LONG,1720013400,2024-07-03T13:30:00,1720013700,2024-07-03T13:35:00,1720015140,2024-07-03T13:59:00,5.25,7.25,0.09,0.6525,39414.23,39415.33,39408.08,39409.18,1.1,STOP_ADVERSE_FIRST,-1.0,-0.6525,0.099,-0.7515,32.2663499999845,31.6138499999845,-77.14855000001542,-77.90005000001541
OPEN_DRIVE_5M,419,LONDON_0800,US100,LONG,1720076400,2024-07-04T07:00:00,1720076700,2024-07-04T07:05:00,1720076880,2024-07-04T07:08:00,0.25,2.25,0.28,0.6300000000000001,20172.39,20173.64,20171.39,20172.64,1.25,STOP_ADVERSE_FIRST,-1.0,-0.6300000000000001,0.35000000000000003,-0.9800000000000002,31.6138499999845,30.9838499999845,-77.90005000001541,-78.88005000001542
OPEN_DRIVE_5M,420,LONDON_0800,US30,SHORT,1720076400,2024-07-04T07:00:00,1720076700,2024-07-04T07:05:00,1720077060,2024-07-04T07:11:00,-0.75,3.5,0.18,0.63,39305.64,39306.74,39308.04,39309.14,1.1,STOP_ADVERSE_FIRST,-1.0,-0.63,0.198,-0.8280000000000001,30.9838499999845,30.3538499999845,-78.88005000001542,-79.70805000001542
OPEN_DRIVE_5M,421,NEW_YORK_0930,US100,SHORT,1720099800,2024-07-04T13:30:00,1720100100,2024-07-04T13:35:00,1720100160,2024-07-04T13:36:00,-1.5,2.3800000000010186,0.25,0.5950000000002547,20168.14,20169.39,20169.27,20170.52,1.25,STOP_ADVERSE_FIRST,-1.0,-0.5950000000002547,0.3125,-0.9075000000002547,30.3538499999845,29.758849999984246,-79.70805000001542,-80.61555000001567
OPEN_DRIVE_5M,422,NEW_YORK_0930,US30,SHORT,1720099800,2024-07-04T13:30:00,1720100100,2024-07-04T13:35:00,1720100220,2024-07-04T13:37:00,-3.0,6.75,0.08,0.54,39381.64,39382.74,39387.29,39388.39,1.1,STOP_ADVERSE_FIRST,-1.0,-0.54,0.08800000000000001,-0.628,29.758849999984246,29.218849999984247,-80.61555000001567,-81.24355000001567
OPEN_DRIVE_5M,423,LONDON_0800,US100,SHORT,1720162800,2024-07-05T07:00:00,1720163100,2024-07-05T07:05:00,1720163100,2024-07-05T07:05:00,-0.5,2.0,0.29,0.58,20183.01,20184.26,20183.76,20185.01,1.25,STOP_ADVERSE_FIRST,-1.0,-0.58,0.3625,-0.9424999999999999,29.218849999984247,28.63884999998425,-81.24355000001567,-82.18605000001567
OPEN_DRIVE_5M,424,LONDON_0800,US30,SHORT,1720162800,2024-07-05T07:00:00,1720163100,2024-07-05T07:05:00,1720164180,2024-07-05T07:23:00,-0.25,2.75,0.21,0.5775,39342.23,39343.33,39343.880000000005,39344.98,1.1,STOP_ADVERSE_FIRST,-1.0,-0.5775,0.231,-0.8085,28.63884999998425,28.061349999984248,-82.18605000001567,-82.99455000001566
OPEN_DRIVE_5M,425,NEW_YORK_0930,US100,LONG,1720186200,2024-07-05T13:30:00,1720186500,2024-07-05T13:35:00,1720186620,2024-07-05T13:37:00,1.3799999999973807,5.0,0.11,0.55,20207.76,20209.01,20216.51,20217.76,1.25,TAKE,1.4999999999999998,0.825,0.1375,0.6875,28.061349999984248,28.886349999984247,-82.99455000001566,-82.30705000001566
OPEN_DRIVE_5M,426,NEW_YORK_0930,US30,LONG,1720186200,2024-07-05T13:30:00,1720186500,2024-07-05T13:35:00,1720187880,2024-07-05T13:58:00,2.5,11.75,0.04,0.47000000000000003,39305.73,39306.83,39295.08,39296.18,1.1,STOP_ADVERSE_FIRST,-1.0,-0.47000000000000003,0.044000000000000004,-0.514,28.886349999984247,28.41634999998425,-82.30705000001566,-82.82105000001566
OPEN_DRIVE_5M,427,LONDON_0800,US100,SHORT,1720422000,2024-07-08T07:00:00,1720422300,2024-07-08T07:05:00,1720424880,2024-07-08T07:48:00,-1.6199999999989814,3.75,0.15,0.5625,20375.15,20376.4,20368.275,20369.525,1.25,TAKE,1.5,0.84375,0.1875,0.65625,28.41634999998425,29.26009999998425,-82.82105000001566,-82.16480000001566
OPEN_DRIVE_5M,428,LONDON_0800,US30,SHORT,1720422000,2024-07-08T07:00:00,1720422300,2024-07-08T07:05:00,1720425360,2024-07-08T07:56:00,-3.0,5.25,0.1,0.525,39315.75,39316.85,39306.775,39307.875,1.1,TAKE,1.5,0.7875000000000001,0.11000000000000001,0.6775000000000001,29.26009999998425,30.04759999998425,-82.16480000001566,-81.48730000001567
OPEN_DRIVE_5M,429,NEW_YORK_0930,US100,LONG,1720445400,2024-07-08T13:30:00,1720445700,2024-07-08T13:35:00,1720447080,2024-07-08T13:58:00,0.36999999999898137,6.130000000001019,0.09,0.5517000000000917,20393.77,20395.02,20388.89,20390.14,1.25,STOP_ADVERSE_FIRST,-1.0,-0.5517000000000917,0.11249999999999999,-0.6642000000000916,30.04759999998425,29.495899999984157,-81.48730000001567,-82.15150000001576
OPEN_DRIVE_5M,430,NEW_YORK_0930,US30,SHORT,1720445400,2024-07-08T13:30:00,1720445700,2024-07-08T13:35:00,1720447560,2024-07-08T14:06:00,-5.0,10.0,0.06,0.6,39376.75,39377.85,39385.65,39386.75,1.1,STOP_ADVERSE_FIRST,-1.0,-0.6,0.066,-0.6659999999999999,29.495899999984157,28.895899999984156,-82.15150000001576,-82.81750000001576
OPEN_DRIVE_5M,431,LONDON_0800,US100,SHORT,1720508400,2024-07-09T07:00:00,1720508700,2024-07-09T07:05:00,1720508700,2024-07-09T07:05:00,-2.75,3.75,0.15,0.5625,20514.53,20515.78,20517.03,20518.28,1.25,STOP_ADVERSE_FIRST,-1.0,-0.5625,0.1875,-0.75,28.895899999984156,28.333399999984156,-82.81750000001576,-83.56750000001576
OPEN_DRIVE_5M,432,LONDON_0800,US30,SHORT,1720508400,2024-07-09T07:00:00,1720508700,2024-07-09T07:05:00,1720508760,2024-07-09T07:06:00,-2.5,3.0,0.19,0.5700000000000001,39410.25,39411.35,39412.15,39413.25,1.1,STOP_ADVERSE_FIRST,-1.0,-0.5700000000000001,0.20900000000000002,-0.7790000000000001,28.333399999984156,27.763399999984156,-83.56750000001576,-84.34650000001575
OPEN_DRIVE_5M,433,NEW_YORK_0930,US100,LONG,1720531800,2024-07-09T13:30:00,1720532100,2024-07-09T13:35:00,1720532880,2024-07-09T13:48:00,7.25,8.5,0.06,0.51,20526.28,20527.53,20519.03,20520.28,1.25,STOP_ADVERSE_FIRST,-1.0,-0.51,0.075,-0.585,27.763399999984156,27.253399999984154,-84.34650000001575,-84.93150000001575
OPEN_DRIVE_5M,434,NEW_YORK_0930,US30,LONG,1720531800,2024-07-09T13:30:00,1720532100,2024-07-09T13:35:00,1720532880,2024-07-09T13:48:00,10.0,10.75,0.05,0.5375,39394.75,39395.85,39385.1,39386.2,1.1,STOP_ADVERSE_FIRST,-1.0,-0.5375,0.05500000000000001,-0.5925,27.253399999984154,26.715899999984153,-84.93150000001575,-85.52400000001575
OPEN_DRIVE_5M,435,LONDON_0800,US30,LONG,1720594800,2024-07-10T07:00:00,1720595100,2024-07-10T07:05:00,1720595160,2024-07-10T07:06:00,1.0,3.0,0.17,0.51,39272.5,39273.6,39270.6,39271.7,1.1,STOP_ADVERSE_FIRST,-1.0,-0.51,0.18700000000000003,-0.6970000000000001,26.715899999984153,26.20589999998415,-85.52400000001575,-86.22100000001575
OPEN_DRIVE_5M,436,LONDON_0800,US100,SHORT,1720594800,2024-07-10T07:00:00,1720595100,2024-07-10T07:05:00,1720596600,2024-07-10T07:30:00,-1.3800000000010186,2.25,0.23,0.5175000000000001,20494.32,20495.57,20495.32,20496.57,1.25,STOP_ADVERSE_FIRST,-1.0,-0.5175000000000001,0.28750000000000003,-0.8050000000000002,26.20589999998415,25.68839999998415,-86.22100000001575,-87.02600000001576
OPEN_DRIVE_5M,437,NEW_YORK_0930,US100,SHORT,1720618200,2024-07-10T13:30:00,1720618500,2024-07-10T13:35:00,1720618920,2024-07-10T13:42:00,-1.5,4.0,0.12,0.48,20524.32,20525.57,20527.07,20528.32,1.25,STOP_ADVERSE_FIRST,-1.0,-0.48,0.15,-0.63,25.68839999998415,25.20839999998415,-87.02600000001576,-87.65600000001575
OPEN_DRIVE_5M,438,NEW_YORK_0930,US30,SHORT,1720618200,2024-07-10T13:30:00,1720618500,2024-07-10T13:35:00,1720622040,2024-07-10T14:34:00,-2.0,15.0,0.03,0.44999999999999996,39291.0,39292.1,39291.0,39292.1,1.1,TIME_60_M1,-0.07333333333323633,-0.03299999999995634,0.033,-0.06599999999995634,25.20839999998415,25.175399999984194,-87.65600000001575,-87.72200000001571
OPEN_DRIVE_5M,439,LONDON_0800,US100,SHORT,1720681200,2024-07-11T07:00:00,1720681500,2024-07-11T07:05:00,1720682100,2024-07-11T07:15:00,-0.5,2.5,0.2,0.5,20672.18,20673.43,20673.43,20674.68,1.25,STOP_ADVERSE_FIRST,-1.0,-0.5,0.25,-0.75,25.175399999984194,24.675399999984194,-87.72200000001571,-88.47200000001571
OPEN_DRIVE_5M,440,LONDON_0800,US30,SHORT,1720681200,2024-07-11T07:00:00,1720681500,2024-07-11T07:05:00,1720682100,2024-07-11T07:15:00,-4.5,5.0,0.1,0.5,39731.09,39732.189999999995,39734.99,39736.09,1.1,STOP_ADVERSE_FIRST,-1.0,-0.5,0.11000000000000001,-0.61,24.675399999984194,24.175399999984194,-88.47200000001571,-89.08200000001571
OPEN_DRIVE_5M,441,NEW_YORK_0930,US100,LONG,1720704600,2024-07-11T13:30:00,1720704900,2024-07-11T13:35:00,1720704900,2024-07-11T13:35:00,0.25,2.5,0.19,0.475,20670.68,20671.93,20669.43,20670.68,1.25,STOP_ADVERSE_FIRST,-1.0,-0.475,0.2375,-0.7124999999999999,24.175399999984194,23.700399999984192,-89.08200000001571,-89.79450000001572
OPEN_DRIVE_5M,442,NEW_YORK_0930,US30,SHORT,1720704600,2024-07-11T13:30:00,1720704900,2024-07-11T13:35:00,1720705800,2024-07-11T13:50:00,-6.0,7.0,0.06,0.42,39679.59,39680.689999999995,39685.49,39686.59,1.1,STOP_ADVERSE_FIRST,-1.0,-0.42,0.066,-0.486,23.700399999984192,23.28039999998419,-89.79450000001572,-90.28050000001572
OPEN_DRIVE_5M,443,LONDON_0800,US30,SHORT,1720767600,2024-07-12T07:00:00,1720767900,2024-07-12T07:05:00,1720768020,2024-07-12T07:07:00,-1.5,3.75,0.12,0.44999999999999996,39811.46,39812.56,39814.11,39815.21,1.1,STOP_ADVERSE_FIRST,-1.0,-0.44999999999999996,0.132,-0.582,23.28039999998419,22.83039999998419,-90.28050000001572,-90.86250000001571
OPEN_DRIVE_5M,444,LONDON_0800,US100,SHORT,1720767600,2024-07-12T07:00:00,1720767900,2024-07-12T07:05:00,1720768380,2024-07-12T07:13:00,-4.25,6.880000000001019,0.06,0.4128000000000611,20209.1,20210.35,20214.73,20215.98,1.25,STOP_ADVERSE_FIRST,-1.0,-0.4128000000000611,0.075,-0.48780000000006113,22.83039999998419,22.41759999998413,-90.86250000001571,-91.35030000001578
OPEN_DRIVE_5M,445,NEW_YORK_0930,US100,LONG,1720791000,2024-07-12T13:30:00,1720791300,2024-07-12T13:35:00,1720791660,2024-07-12T13:41:00,0.5,6.630000000001019,0.06,0.3978000000000611,20224.85,20226.1,20219.469999999998,20220.719999999998,1.25,STOP_ADVERSE_FIRST,-1.0,-0.3978000000000611,0.075,-0.4728000000000611,22.41759999998413,22.01979999998407,-91.35030000001578,-91.82310000001584
OPEN_DRIVE_5M,446,NEW_YORK_0930,US30,SHORT,1720791000,2024-07-12T13:30:00,1720791300,2024-07-12T13:35:00,1720791660,2024-07-12T13:41:00,-8.5,14.0,0.03,0.42,39843.21,39844.31,39856.11,39857.21,1.1,STOP_ADVERSE_FIRST,-1.0,-0.42,0.033,-0.45299999999999996,22.01979999998407,21.599799999984068,-91.82310000001584,-92.27610000001584
OPEN_DRIVE_5M,447,LONDON_0800,US30,SHORT,1721026800,2024-07-15T07:00:00,1721027100,2024-07-15T07:05:00,1721027220,2024-07-15T07:07:00,-1.0,3.25,0.13,0.4225,40091.63,40092.729999999996,40093.78,40094.88,1.1,STOP_ADVERSE_FIRST,-1.0,-0.4225,0.14300000000000002,-0.5655,21.599799999984068,21.17729999998407,-92.27610000001584,-92.84160000001584
OPEN_DRIVE_5M,448,LONDON_0800,US100,LONG,1721026800,2024-07-15T07:00:00,1721027100,2024-07-15T07:05:00,1721027460,2024-07-15T07:11:00,0.5,3.1300000000010186,0.13,0.40690000000013243,20378.63,20379.88,20376.75,20378.0,1.25,STOP_ADVERSE_FIRST,-1.0,-0.40690000000013243,0.1625,-0.5694000000001325,21.17729999998407,20.770399999983937,-92.84160000001584,-93.41100000001597
OPEN_DRIVE_5M,449,NEW_YORK_0930,US100,SHORT,1721050200,2024-07-15T13:30:00,1721050500,2024-07-15T13:35:00,1721051940,2024-07-15T13:59:00,-1.8699999999989814,4.25,0.09,0.3825,20426.75,20428.0,20429.75,20431.0,1.25,STOP_ADVERSE_FIRST,-1.0,-0.3825,0.11249999999999999,-0.495,20.770399999983937,20.387899999983937,-93.41100000001597,-93.90600000001598
OPEN_DRIVE_5M,450,NEW_YORK_0930,US30,LONG,1721050200,2024-07-15T13:30:00,1721050500,2024-07-15T13:35:00,1721053500,2024-07-15T14:25:00,20.0,22.0,0.01,0.22,40244.13,40245.229999999996,40278.229999999996,40279.329999999994,1.1,TAKE,1.5,0.33,0.011000000000000001,0.319,20.387899999983937,20.717899999983935,-93.90600000001598,-93.58700000001598
OPEN_DRIVE_5M,451,LONDON_0800,US100,SHORT,1721113200,2024-07-16T07:00:00,1721113500,2024-07-16T07:05:00,1721113620,2024-07-16T07:07:00,-2.3800000000010186,3.8699999999989814,0.1,0.38699999999989815,20451.37,20452.62,20453.989999999998,20455.239999999998,1.25,STOP_ADVERSE_FIRST,-1.0,-0.38699999999989815,0.125,-0.5119999999998981,20.717899999983935,20.330899999984037,-93.58700000001598,-94.09900000001588
OPEN_DRIVE_5M,452,LONDON_0800,US30,LONG,1721113200,2024-07-16T07:00:00,1721113500,2024-07-16T07:05:00,1721113620,2024-07-16T07:07:00,8.0,11.25,0.03,0.33749999999999997,40307.5,40308.6,40297.35,40298.45,1.1,STOP_ADVERSE_FIRST,-1.0,-0.33749999999999997,0.033,-0.37049999999999994,20.330899999984037,19.99339999998404,-94.09900000001588,-94.46950000001588
OPEN_DRIVE_5M,453,NEW_YORK_0930,US100,LONG,1721136600,2024-07-16T13:30:00,1721136900,2024-07-16T13:35:00,1721137020,2024-07-16T13:37:00,5.619999999998981,10.119999999998981,0.03,0.30359999999996945,20438.62,20439.87,20429.75,20431.0,1.25,STOP_ADVERSE_FIRST,-1.0,-0.30359999999996945,0.0375,-0.3410999999999694,19.99339999998404,19.689799999984068,-94.46950000001588,-94.81060000001585
OPEN_DRIVE_5M,454,NEW_YORK_0930,US30,LONG,1721136600,2024-07-16T13:30:00,1721136900,2024-07-16T13:35:00,1721138340,2024-07-16T13:59:00,22.0,34.0,0.01,0.34,40249.75,40250.85,40216.85,40217.95,1.1,STOP_ADVERSE_FIRST,-1.0,-0.34,0.011000000000000001,-0.35100000000000003,19.689799999984068,19.349799999984068,-94.81060000001585,-95.16160000001585
OPEN_DRIVE_5M,455,LONDON_0800,US30,SHORT,1721199600,2024-07-17T07:00:00,1721199900,2024-07-17T07:05:00,1721201880,2024-07-17T07:38:00,-3.0,4.75,0.08,0.38,41022.37,41023.47,41014.145000000004,41015.245,1.1,TAKE,1.5000000000000002,0.5700000000000001,0.08800000000000001,0.48200000000000004,19.349799999984068,19.91979999998407,-95.16160000001585,-94.67960000001585
OPEN_DRIVE_5M,456,LONDON_0800,US100,SHORT,1721199600,2024-07-17T07:00:00,1721199900,2024-07-17T07:05:00,1721202240,2024-07-17T07:44:00,-1.75,6.879999999997381,0.05,0.3439999999998691,20343.49,20344.74,20331.920000000006,20333.170000000006,1.25,TAKE,1.5,0.5159999999998036,0.0625,0.4534999999998036,19.91979999998407,20.43579999998387,-94.67960000001585,-94.22610000001605
OPEN_DRIVE_5M,457,NEW_YORK_0930,US100,SHORT,1721223000,2024-07-17T13:30:00,1721223300,2024-07-17T13:35:00,1721223660,2024-07-17T13:41:00,-0.12999999999738066,14.25,0.02,0.28500000000000003,20163.12,20164.37,20176.12,20177.37,1.25,STOP_ADVERSE_FIRST,-1.0,-0.28500000000000003,0.025,-0.31000000000000005,20.43579999998387,20.15079999998387,-94.22610000001605,-94.53610000001605
OPEN_DRIVE_5M,458,NEW_YORK_0930,US30,SHORT,1721223000,2024-07-17T13:30:00,1721223300,2024-07-17T13:35:00,1721223780,2024-07-17T13:43:00,-7.0,12.25,0.03,0.3675,40928.37,40929.47,40908.895000000004,40909.995,1.1,TAKE,1.5,0.55125,0.033,0.51825,20.15079999998387,20.70204999998387,-94.53610000001605,-94.01785000001605
OPEN_DRIVE_5M,459,LONDON_0800,US100,LONG,1721286000,2024-07-18T07:00:00,1721286300,2024-07-18T07:05:00,1721286960,2024-07-18T07:16:00,1.5,6.25,0.06,0.375,19865.99,19867.24,19860.99,19862.24,1.25,STOP_ADVERSE_FIRST,-1.0,-0.375,0.075,-0.45,20.70204999998387,20.32704999998387,-94.01785000001605,-94.46785000001606
OPEN_DRIVE_5M,460,NEW_YORK_0930,US30,LONG,1721309400,2024-07-18T13:30:00,1721309700,2024-07-18T13:35:00,1721311140,2024-07-18T13:59:00,6.0,10.75,0.03,0.3225,41173.97,41175.07,41191.195,41192.295,1.1,TAKE,1.4999999999999998,0.48374999999999996,0.033,0.45075,20.32704999998387,20.81079999998387,-94.46785000001606,-94.01710000001606
OPEN_DRIVE_5M,461,NEW_YORK_0930,US100,LONG,1721309400,2024-07-18T13:30:00,1721309700,2024-07-18T13:35:00,1721313240,2024-07-18T14:34:00,20.5,24.75,0.01,0.2475,19873.86,19875.11,19885.74,19886.99,1.25,TIME_60_M1,0.4294949494949907,0.10630000000001019,0.0125,0.0938000000000102,20.81079999998387,20.917099999983883,-94.01710000001606,-93.92330000001604
OPEN_DRIVE_5M,462,LONDON_0800,US100,SHORT,1721372400,2024-07-19T07:00:00,1721372700,2024-07-19T07:05:00,1721374320,2024-07-19T07:32:00,-4.879999999997381,6.75,0.06,0.40499999999999997,19767.35,19768.6,19772.85,19774.1,1.25,STOP_ADVERSE_FIRST,-1.0,-0.40499999999999997,0.075,-0.48,20.917099999983883,20.51209999998388,-93.92330000001604,-94.40330000001605
OPEN_DRIVE_5M,463,LONDON_0800,US30,SHORT,1721372400,2024-07-19T07:00:00,1721372700,2024-07-19T07:05:00,1721376240,2024-07-19T08:04:00,-11.0,12.75,0.03,0.3825,40710.98,40712.08,40720.98,40722.08,1.1,TIME_60_M1,-0.8705882352940034,-0.33299999999995633,0.033,-0.36599999999995636,20.51209999998388,20.179099999983926,-94.40330000001605,-94.769300000016
OPEN_DRIVE_5M,464,NEW_YORK_0930,US30,SHORT,1721395800,2024-07-19T13:30:00,1721396100,2024-07-19T13:35:00,1721396340,2024-07-19T13:39:00,-4.75,10.0,0.04,0.4,40638.98,40640.08,40622.880000000005,40623.98,1.1,TAKE,1.4999999999999998,0.6,0.044000000000000004,0.5559999999999999,20.179099999983926,20.779099999983927,-94.769300000016,-94.213300000016
OPEN_DRIVE_5M,465,NEW_YORK_0930,US100,SHORT,1721395800,2024-07-19T13:30:00,1721396100,2024-07-19T13:35:00,1721396760,2024-07-19T13:46:00,-10.5,15.0,0.02,0.3,19707.47,19708.72,19683.72,19684.97,1.25,TAKE,1.5,0.45,0.025,0.425,20.779099999983927,21.229099999983926,-94.213300000016,-93.78830000001601
OPEN_DRIVE_5M,466,LONDON_0800,US100,SHORT,1721631600,2024-07-22T07:00:00,1721631900,2024-07-22T07:05:00,1721633400,2024-07-22T07:30:00,-22.25,26.88000000000102,0.01,0.2688000000000102,19581.8,19583.05,19607.43,19608.68,1.25,STOP_ADVERSE_FIRST,-1.0,-0.2688000000000102,0.0125,-0.2813000000000102,21.229099999983926,20.960299999983917,-93.78830000001601,-94.06960000001602
OPEN_DRIVE_5M,467,LONDON_0800,US30,SHORT,1721631600,2024-07-22T07:00:00,1721631900,2024-07-22T07:05:00,1721634540,2024-07-22T07:49:00,-10.0,19.0,0.02,0.38,40325.94,40327.04,40343.840000000004,40344.94,1.1,STOP_ADVERSE_FIRST,-1.0,-0.38,0.022000000000000002,-0.402,20.960299999983917,20.580299999983918,-94.06960000001602,-94.47160000001602
OPEN_DRIVE_5M,468,NEW_YORK_0930,US30,SHORT,1721655000,2024-07-22T13:30:00,1721655300,2024-07-22T13:35:00,1721655360,2024-07-22T13:36:00,-3.25,13.5,0.03,0.40499999999999997,40360.69,40361.79,40373.090000000004,40374.19,1.1,STOP_ADVERSE_FIRST,-1.0,-0.40499999999999997,0.033,-0.43799999999999994,20.580299999983918,20.175299999983917,-94.47160000001602,-94.90960000001603
OPEN_DRIVE_5M,469,NEW_YORK_0930,US100,SHORT,1721655000,2024-07-22T13:30:00,1721655300,2024-07-22T13:35:00,1721655420,2024-07-22T13:37:00,-5.630000000001019,13.5,0.03,0.40499999999999997,19689.42,19690.67,19701.67,19702.92,1.25,STOP_ADVERSE_FIRST,-1.0,-0.40499999999999997,0.0375,-0.44249999999999995,20.175299999983917,19.770299999983916,-94.90960000001603,-95.35210000001602
OPEN_DRIVE_5M,470,LONDON_0800,US100,LONG,1721718000,2024-07-23T07:00:00,1721718300,2024-07-23T07:05:00,1721718720,2024-07-23T07:12:00,2.6200000000026193,3.8700000000026193,0.1,0.38700000000026197,19765.42,19766.67,19772.475000000002,19773.725000000002,1.25,TAKE,1.5,0.5805000000003929,0.125,0.4555000000003929,19.770299999983916,20.350799999984307,-95.35210000001602,-94.89660000001562
OPEN_DRIVE_5M,471,LONDON_0800,US30,LONG,1721718000,2024-07-23T07:00:00,1721718300,2024-07-23T07:05:00,1721721840,2024-07-23T08:04:00,8.0,9.0,0.04,0.36,40419.31,40420.409999999996,40417.31,40418.409999999996,1.1,TIME_60_M1,-0.3444444444442828,-0.1239999999999418,0.044000000000000004,-0.1679999999999418,20.350799999984307,20.226799999984365,-94.89660000001562,-95.06460000001556
OPEN_DRIVE_5M,472,NEW_YORK_0930,US100,LONG,1721741400,2024-07-23T13:30:00,1721741700,2024-07-23T13:35:00,1721742060,2024-07-23T13:41:00,8.0,11.5,0.03,0.345,19819.67,19820.92,19809.42,19810.67,1.25,STOP_ADVERSE_FIRST,-1.0,-0.345,0.0375,-0.38249999999999995,20.226799999984365,19.881799999984366,-95.06460000001556,-95.44710000001555
OPEN_DRIVE_5M,473,NEW_YORK_0930,US30,LONG,1721741400,2024-07-23T13:30:00,1721741700,2024-07-23T13:35:00,1721742960,2024-07-23T13:56:00,3.5,11.75,0.03,0.3525,40489.81,40490.909999999996,40508.534999999996,40509.634999999995,1.1,TAKE,1.5,0.5287499999999999,0.033,0.4957499999999999,19.881799999984366,20.410549999984365,-95.44710000001555,-94.95135000001555
OPEN_DRIVE_5M,474,LONDON_0800,US100,LONG,1721804400,2024-07-24T07:00:00,1721804700,2024-07-24T07:05:00,1721804940,2024-07-24T07:09:00,0.13000000000101863,4.130000000001019,0.09,0.3717000000000917,19632.41,19633.66,19629.53,19630.78,1.25,STOP_ADVERSE_FIRST,-1.0,-0.3717000000000917,0.11249999999999999,-0.48420000000009167,20.410549999984365,20.038849999984272,-94.95135000001555,-95.43555000001564
OPEN_DRIVE_5M,475,LONDON_0800,US30,SHORT,1721804400,2024-07-24T07:00:00,1721804700,2024-07-24T07:05:00,1721805180,2024-07-24T07:13:00,-3.75,4.75,0.08,0.38,40286.95,40288.049999999996,40278.725,40279.825,1.1,TAKE,1.5000000000000002,0.5700000000000001,0.08800000000000001,0.48200000000000004,20.038849999984272,20.608849999984272,-95.43555000001564,-94.95355000001564
OPEN_DRIVE_5M,476,NEW_YORK_0930,US30,LONG,1721827800,2024-07-24T13:30:00,1721828100,2024-07-24T13:35:00,1721828580,2024-07-24T13:43:00,3.0,11.0,0.03,0.32999999999999996,40212.95,40214.049999999996,40203.049999999996,40204.149999999994,1.1,STOP_ADVERSE_FIRST,-1.0,-0.32999999999999996,0.033,-0.363,20.608849999984272,20.278849999984274,-94.95355000001564,-95.31655000001564
OPEN_DRIVE_5M,477,NEW_YORK_0930,US100,SHORT,1721827800,2024-07-24T13:30:00,1721828100,2024-07-24T13:35:00,1721829720,2024-07-24T14:02:00,-6.869999999998981,15.0,0.02,0.3,19561.16,19562.41,19537.41,19538.66,1.25,TAKE,1.5,0.45,0.025,0.425,20.278849999984274,20.728849999984273,-95.31655000001564,-94.89155000001564
OPEN_DRIVE_5M,478,LONDON_0800,US100,SHORT,1721890800,2024-07-25T07:00:00,1721891100,2024-07-25T07:05:00,1721891880,2024-07-25T07:18:00,-0.38000000000101863,7.75,0.05,0.3875,19104.78,19106.03,19091.905,19093.155,1.25,TAKE,1.5,0.58125,0.0625,0.51875,20.728849999984273,21.310099999984274,-94.89155000001564,-94.37280000001564
OPEN_DRIVE_5M,479,LONDON_0800,US30,LONG,1721890800,2024-07-25T07:00:00,1721891100,2024-07-25T07:05:00,1721891880,2024-07-25T07:18:00,1.5,10.5,0.03,0.315,39969.06,39970.159999999996,39959.659999999996,39960.759999999995,1.1,STOP_ADVERSE_FIRST,-1.0,-0.315,0.033,-0.348,21.310099999984274,20.995099999984273,-94.37280000001564,-94.72080000001564
OPEN_DRIVE_5M,480,NEW_YORK_0930,US30,LONG,1721914200,2024-07-25T13:30:00,1721914500,2024-07-25T13:35:00,1721914860,2024-07-25T13:41:00,22.5,33.0,0.01,0.33,39867.56,39868.659999999996,39835.659999999996,39836.759999999995,1.1,STOP_ADVERSE_FIRST,-1.0,-0.33,0.011000000000000001,-0.341,20.995099999984273,20.665099999984275,-94.72080000001564,-95.06180000001564
OPEN_DRIVE_5M,481,NEW_YORK_0930,US100,LONG,1721914200,2024-07-25T13:30:00,1721914500,2024-07-25T13:35:00,1721918040,2024-07-25T14:34:00,32.88000000000102,46.13000000000102,0.01,0.4613000000000102,18974.91,18976.16,19011.91,19013.16,1.25,TIME_60_M1,0.7749837415998094,0.3575,0.0125,0.345,20.665099999984275,21.022599999984276,-95.06180000001564,-94.71680000001564
OPEN_DRIVE_5M,482,LONDON_0800,US100,SHORT,1721977200,2024-07-26T07:00:00,1721977500,2024-07-26T07:05:00,1721977620,2024-07-26T07:07:00,-3.25,9.630000000001019,0.04,0.38520000000004073,18909.43,18910.68,18917.81,18919.06,1.25,STOP_ADVERSE_FIRST,-1.0,-0.38520000000004073,0.05,-0.4352000000000407,21.022599999984276,20.637399999984236,-94.71680000001564,-95.15200000001568
OPEN_DRIVE_5M,483,LONDON_0800,US30,SHORT,1721977200,2024-07-26T07:00:00,1721977500,2024-07-26T07:05:00,1721978640,2024-07-26T07:24:00,-3.0,9.0,0.04,0.36,40107.44,40108.54,40115.340000000004,40116.44,1.1,STOP_ADVERSE_FIRST,-1.0,-0.36,0.044000000000000004,-0.40399999999999997,20.637399999984236,20.277399999984237,-95.15200000001568,-95.55600000001567
OPEN_DRIVE_5M,484,NEW_YORK_0930,US100,LONG,1722000600,2024-07-26T13:30:00,1722000900,2024-07-26T13:35:00,1722002280,2024-07-26T13:58:00,15.869999999998981,24.63000000000102,0.01,0.2463000000000102,19032.06,19033.31,19008.68,19009.93,1.25,STOP_ADVERSE_FIRST,-1.0,-0.2463000000000102,0.0125,-0.2588000000000102,20.277399999984237,20.031099999984228,-95.55600000001567,-95.81480000001568
OPEN_DRIVE_5M,485,NEW_YORK_0930,US30,LONG,1722000600,2024-07-26T13:30:00,1722000900,2024-07-26T13:35:00,1722004440,2024-07-26T14:34:00,28.0,39.5,0.01,0.395,40206.44,40207.54,40215.19,40216.29,1.1,TIME_60_M1,0.1936708860759862,0.07650000000001456,0.011000000000000001,0.06550000000001456,20.031099999984228,20.10759999998424,-95.81480000001568,-95.74930000001567
OPEN_DRIVE_5M,486,LONDON_0800,US30,LONG,1722236400,2024-07-29T07:00:00,1722236700,2024-07-29T07:05:00,1722238080,2024-07-29T07:28:00,5.0,5.5,0.07,0.385,40785.11,40786.21,40780.71,40781.81,1.1,STOP_ADVERSE_FIRST,-1.0,-0.385,0.07700000000000001,-0.462,20.10759999998424,19.72259999998424,-95.74930000001567,-96.21130000001567
OPEN_DRIVE_5M,487,LONDON_0800,US100,LONG,1722236400,2024-07-29T07:00:00,1722236700,2024-07-29T07:05:00,1722238200,2024-07-29T07:30:00,1.0,3.5,0.11,0.385,19153.28,19154.53,19151.03,19152.28,1.25,STOP_ADVERSE_FIRST,-1.0,-0.385,0.1375,-0.5225,19.72259999998424,19.33759999998424,-96.21130000001567,-96.73380000001566
OPEN_DRIVE_5M,488,NEW_YORK_0930,US100,LONG,1722259800,2024-07-29T13:30:00,1722260100,2024-07-29T13:35:00,1722260160,2024-07-29T13:36:00,3.75,6.75,0.05,0.3375,19139.15,19140.4,19133.65,19134.9,1.25,STOP_ADVERSE_FIRST,-1.0,-0.3375,0.0625,-0.4,19.33759999998424,19.00009999998424,-96.73380000001566,-97.13380000001567
OPEN_DRIVE_5M,489,NEW_YORK_0930,US30,LONG,1722259800,2024-07-29T13:30:00,1722260100,2024-07-29T13:35:00,1722260160,2024-07-29T13:36:00,5.0,6.0,0.06,0.36,40795.11,40796.21,40790.21,40791.31,1.1,STOP_ADVERSE_FIRST,-1.0,-0.36,0.066,-0.426,19.00009999998424,18.64009999998424,-97.13380000001567,-97.55980000001567
OPEN_DRIVE_5M,490,LONDON_0800,US30,LONG,1722322800,2024-07-30T07:00:00,1722323100,2024-07-30T07:05:00,1722324120,2024-07-30T07:22:00,11.0,11.0,0.03,0.32999999999999996,40528.73,40529.83,40546.33,40547.43,1.1,TAKE,1.5000000000000002,0.495,0.033,0.46199999999999997,18.64009999998424,19.13509999998424,-97.55980000001567,-97.09780000001567
OPEN_DRIVE_5M,491,LONDON_0800,US100,LONG,1722322800,2024-07-30T07:00:00,1722323100,2024-07-30T07:05:00,1722324840,2024-07-30T07:34:00,15.880000000001019,18.38000000000102,0.02,0.36760000000002035,18998.53,18999.78,19027.35,19028.6,1.25,TAKE,1.4999999999999012,0.5513999999999942,0.025,0.5263999999999942,19.13509999998424,19.686499999984235,-97.09780000001567,-96.57140000001567
OPEN_DRIVE_5M,492,NEW_YORK_0930,US30,LONG,1722346200,2024-07-30T13:30:00,1722346500,2024-07-30T13:35:00,1722347340,2024-07-30T13:49:00,2.0,19.25,0.02,0.385,40649.73,40650.83,40631.58,40632.68,1.1,STOP_ADVERSE_FIRST,-1.0,-0.385,0.022000000000000002,-0.40700000000000003,19.686499999984235,19.301499999984234,-96.57140000001567,-96.97840000001567
OPEN_DRIVE_5M,493,NEW_YORK_0930,US100,LONG,1722346200,2024-07-30T13:30:00,1722346500,2024-07-30T13:35:00,1722348360,2024-07-30T14:06:00,2.25,8.130000000001019,0.04,0.32520000000004073,19099.78,19101.03,19113.225,19114.475,1.25,TAKE,1.4999999999997764,0.48779999999998835,0.05,0.43779999999998837,19.301499999984234,19.789299999984223,-96.97840000001567,-96.54060000001569
OPEN_DRIVE_5M,494,LONDON_0800,US100,SHORT,1722409200,2024-07-31T07:00:00,1722409500,2024-07-31T07:05:00,1722413040,2024-07-31T08:04:00,-32.5,50.75,0.01,0.5075000000000001,18956.35,18957.6,18953.85,18955.1,1.25,TIME_60_M1,0.02463054187192118,0.0125,0.0125,0.0,19.789299999984223,19.801799999984222,-96.54060000001569,-96.54060000001569
OPEN_DRIVE_5M,495,LONDON_0800,US30,SHORT,1722409200,2024-07-31T07:00:00,1722409500,2024-07-31T07:05:00,1722413040,2024-07-31T08:04:00,-5.5,31.25,0.01,0.3125,40692.39,40693.49,40694.64,40695.74,1.1,TIME_60_M1,-0.10719999999995344,-0.03349999999998545,0.011000000000000001,-0.044499999999985454,19.801799999984222,19.768299999984237,-96.54060000001569,-96.58510000001567
OPEN_DRIVE_5M,496,NEW_YORK_0930,US100,SHORT,1722432600,2024-07-31T13:30:00,1722432900,2024-07-31T13:35:00,1722433020,2024-07-31T13:37:00,-1.25,8.369999999998981,0.04,0.33479999999995924,19069.6,19070.85,19076.719999999998,19077.969999999998,1.25,STOP_ADVERSE_FIRST,-1.0,-0.33479999999995924,0.05,-0.38479999999995923,19.768299999984237,19.433499999984278,-96.58510000001567,-96.96990000001563
OPEN_DRIVE_5M,497,NEW_YORK_0930,US30,SHORT,1722432600,2024-07-31T13:30:00,1722432900,2024-07-31T13:35:00,1722433200,2024-07-31T13:40:00,-2.0,9.0,0.04,0.36,40921.64,40922.74,40929.54,40930.64,1.1,STOP_ADVERSE_FIRST,-1.0,-0.36,0.044000000000000004,-0.40399999999999997,19.433499999984278,19.07349999998428,-96.96990000001563,-97.37390000001562
OPEN_DRIVE_5M,498,LONDON_0800,US30,SHORT,1722495600,2024-08-01T07:00:00,1722495900,2024-08-01T07:05:00,1722496320,2024-08-01T07:12:00,-12.5,18.75,0.02,0.375,40956.51,40957.61,40974.16,40975.26,1.1,STOP_ADVERSE_FIRST,-1.0,-0.375,0.022000000000000002,-0.397,19.07349999998428,18.69849999998428,-97.37390000001562,-97.77090000001563
OPEN_DRIVE_5M,499,LONDON_0800,US100,SHORT,1722495600,2024-08-01T07:00:00,1722495900,2024-08-01T07:05:00,1722498780,2024-08-01T07:53:00,-6.5,11.87999999999738,0.03,0.3563999999999214,19535.35,19536.6,19516.280000000002,19517.530000000002,1.25,TAKE,1.5,0.5345999999998821,0.0375,0.4970999999998821,18.69849999998428,19.233099999984162,-97.77090000001563,-97.27380000001575
OPEN_DRIVE_5M,500,NEW_YORK_0930,US30,LONG,1722519000,2024-08-01T13:30:00,1722519300,2024-08-01T13:35:00,1722520800,2024-08-01T14:00:00,5.75,13.5,0.02,0.27,40945.01,40946.11,40932.61,40933.71,1.1,STOP_ADVERSE_FIRST,-1.0,-0.27,0.022000000000000002,-0.29200000000000004,19.233099999984162,18.963099999984163,-97.27380000001575,-97.56580000001576
OPEN_DRIVE_5M,501,NEW_YORK_0930,US100,SHORT,1722519000,2024-08-01T13:30:00,1722519300,2024-08-01T13:35:00,1722520860,2024-08-01T14:01:00,-21.75,25.87999999999738,0.01,0.25879999999997383,19434.85,19436.1,19459.479999999996,19460.729999999996,1.25,STOP_ADVERSE_FIRST,-1.0,-0.25879999999997383,0.0125,-0.27129999999997384,18.963099999984163,18.70429999998419,-97.56580000001576,-97.83710000001572
OPEN_DRIVE_5M,502,LONDON_0800,US100,LONG,1722582000,2024-08-02T07:00:00,1722582300,2024-08-02T07:05:00,1722582480,2024-08-02T07:08:00,4.619999999998981,11.130000000001019,0.03,0.33390000000003056,18654.57,18655.82,18644.69,18645.94,1.25,STOP_ADVERSE_FIRST,-1.0,-0.33390000000003056,0.0375,-0.37140000000003054,18.70429999998419,18.37039999998416,-97.83710000001572,-98.20850000001576
OPEN_DRIVE_5M,503,LONDON_0800,US30,SHORT,1722582000,2024-08-02T07:00:00,1722582300,2024-08-02T07:05:00,1722584220,2024-08-02T07:37:00,-0.25,12.25,0.03,0.3675,40169.59,40170.689999999995,40150.115,40151.215,1.1,TAKE,1.5,0.55125,0.033,0.51825,18.37039999998416,18.921649999984158,-98.20850000001576,-97.69025000001577
OPEN_DRIVE_5M,504,NEW_YORK_0930,US100,SHORT,1722605400,2024-08-02T13:30:00,1722605700,2024-08-02T13:35:00,1722606060,2024-08-02T13:41:00,-39.13000000000102,47.5,0.01,0.47500000000000003,18534.7,18535.95,18580.95,18582.2,1.25,STOP_ADVERSE_FIRST,-1.0,-0.47500000000000003,0.0125,-0.48750000000000004,18.921649999984158,18.446649999984157,-97.69025000001577,-98.17775000001576
OPEN_DRIVE_5M,505,NEW_YORK_0930,US30,SHORT,1722605400,2024-08-02T13:30:00,1722605700,2024-08-02T13:35:00,1722606060,2024-08-02T13:41:00,-9.0,30.5,0.01,0.305,39945.59,39946.689999999995,39974.99,39976.09,1.1,STOP_ADVERSE_FIRST,-1.0,-0.305,0.011000000000000001,-0.316,18.446649999984157,18.141649999984157,-98.17775000001576,-98.49375000001577
OPEN_DRIVE_5M,506,LONDON_0800,US100,LONG,1722841200,2024-08-05T07:00:00,1722841500,2024-08-05T07:05:00,1722841620,2024-08-05T07:07:00,3.5,19.75,0.01,0.1975,17902.33,17903.58,17883.83,17885.08,1.25,STOP_ADVERSE_FIRST,-1.0,-0.1975,0.0125,-0.21000000000000002,18.141649999984157,17.944149999984155,-98.49375000001577,-98.70375000001576
OPEN_DRIVE_5M,507,NEW_YORK_0930,US100,SHORT,1722864600,2024-08-05T13:30:00,1722864900,2024-08-05T13:35:00,1722865200,2024-08-05T13:40:00,-16.25,47.5,0.01,0.47500000000000003,17589.83,17591.08,17517.33,17518.58,1.25,TAKE,1.5,0.7125,0.0125,0.7000000000000001,17.944149999984155,18.656649999984154,-98.70375000001576,-98.00375000001576
OPEN_DRIVE_5M,508,NEW_YORK_0930,US30,SHORT,1722864600,2024-08-05T13:30:00,1722864900,2024-08-05T13:35:00,1722866400,2024-08-05T14:00:00,-2.0,46.75,0.01,0.4675,38952.69,38953.79,38998.340000000004,38999.44,1.1,STOP_ADVERSE_FIRST,-1.0,-0.4675,0.011000000000000001,-0.47850000000000004,18.656649999984154,18.189149999984153,-98.00375000001576,-98.48225000001575
OPEN_DRIVE_5M,509,LONDON_0800,US30,LONG,1722927600,2024-08-06T07:00:00,1722927900,2024-08-06T07:05:00,1722928080,2024-08-06T07:08:00,4.5,8.5,0.04,0.34,39083.83,39084.93,39076.43,39077.53,1.1,STOP_ADVERSE_FIRST,-1.0,-0.34,0.044000000000000004,-0.384,18.189149999984153,17.849149999984153,-98.48225000001575,-98.86625000001575
OPEN_DRIVE_5M,510,LONDON_0800,US100,SHORT,1722927600,2024-08-06T07:00:00,1722927900,2024-08-06T07:05:00,1722929040,2024-08-06T07:24:00,-2.6300000000010186,9.25,0.03,0.27749999999999997,18263.44,18264.69,18271.44,18272.69,1.25,STOP_ADVERSE_FIRST,-1.0,-0.27749999999999997,0.0375,-0.31499999999999995,17.849149999984153,17.571649999984153,-98.86625000001575,-99.18125000001575
OPEN_DRIVE_5M,511,NEW_YORK_0930,US100,LONG,1722951000,2024-08-06T13:30:00,1722951300,2024-08-06T13:35:00,1722952920,2024-08-06T14:02:00,20.13000000000102,35.75,0.01,0.3575,18026.19,18027.44,18081.065,18082.315,1.25,TAKE,1.5,0.53625,0.0125,0.52375,17.571649999984153,18.107899999984152,-99.18125000001575,-98.65750000001574
OPEN_DRIVE_5M,512,LONDON_0800,US30,LONG,1723014000,2024-08-07T07:00:00,1723014300,2024-08-07T07:05:00,1723014420,2024-08-07T07:07:00,5.25,13.0,0.02,0.26,39268.42,39269.52,39289.02,39290.119999999995,1.1,TAKE,1.5,0.39,0.022000000000000002,0.368,18.107899999984152,18.497899999984153,-98.65750000001574,-98.28950000001575
OPEN_DRIVE_5M,513,LONDON_0800,US100,LONG,1723014000,2024-08-07T07:00:00,1723014300,2024-08-07T07:05:00,1723015080,2024-08-07T07:18:00,6.870000000002619,17.75,0.02,0.355,18270.76,18272.01,18254.26,18255.51,1.25,STOP_ADVERSE_FIRST,-1.0,-0.355,0.025,-0.38,18.497899999984153,18.142899999984152,-98.28950000001575,-98.66950000001574
OPEN_DRIVE_5M,514,NEW_YORK_0930,US30,SHORT,1723037400,2024-08-07T13:30:00,1723037700,2024-08-07T13:35:00,1723038600,2024-08-07T13:50:00,-2.5,23.0,0.01,0.23,39324.17,39325.27,39346.07,39347.17,1.1,STOP_ADVERSE_FIRST,-1.0,-0.23,0.011000000000000001,-0.24100000000000002,18.142899999984152,17.912899999984152,-98.66950000001574,-98.91050000001574
OPEN_DRIVE_5M,515,NEW_YORK_0930,US100,LONG,1723037400,2024-08-07T13:30:00,1723037700,2024-08-07T13:35:00,1723038960,2024-08-07T13:56:00,1.3700000000026193,14.25,0.02,0.28500000000000003,18294.76,18296.01,18317.385,18318.635,1.25,TAKE,1.4999999999999998,0.4275,0.025,0.40249999999999997,17.912899999984152,18.34039999998415,-98.91050000001574,-98.50800000001574
OPEN_DRIVE_5M,516,LONDON_0800,US30,SHORT,1723100400,2024-08-08T07:00:00,1723100700,2024-08-08T07:05:00,1723101360,2024-08-08T07:16:00,-27.25,29.75,0.01,0.2975,38745.05,38746.15,38773.700000000004,38774.8,1.1,STOP_ADVERSE_FIRST,-1.0,-0.2975,0.011000000000000001,-0.3085,18.34039999998415,18.04289999998415,-98.50800000001574,-98.81650000001574
OPEN_DRIVE_5M,517,LONDON_0800,US100,SHORT,1723100400,2024-08-08T07:00:00,1723100700,2024-08-08T07:05:00,1723101420,2024-08-08T07:17:00,-28.86999999999898,38.36999999999898,0.01,0.3836999999999898,17872.3,17873.55,17909.42,17910.67,1.25,STOP_ADVERSE_FIRST,-1.0,-0.3836999999999898,0.0125,-0.39619999999998984,18.04289999998415,17.65919999998416,-98.81650000001574,-99.21270000001573
OPEN_DRIVE_5M,518,NEW_YORK_0930,US100,LONG,1723123800,2024-08-08T13:30:00,1723124100,2024-08-08T13:35:00,1723125420,2024-08-08T13:57:00,12.25,32.25,0.01,0.3225,17863.68,17864.93,17832.68,17833.93,1.25,STOP_ADVERSE_FIRST,-1.0,-0.3225,0.0125,-0.335,17.65919999998416,17.33669999998416,-99.21270000001573,-99.54770000001572
OPEN_DRIVE_5M,519,NEW_YORK_0930,US30,SHORT,1723123800,2024-08-08T13:30:00,1723124100,2024-08-08T13:35:00,1723126380,2024-08-08T14:13:00,-7.25,31.75,0.01,0.3175,38680.3,38681.4,38710.950000000004,38712.05,1.1,STOP_ADVERSE_FIRST,-1.0,-0.3175,0.011000000000000001,-0.3285,17.33669999998416,17.01919999998416,-99.54770000001572,-99.87620000001573
OPEN_DRIVE_5M,520,LONDON_0800,US100,SHORT,1723186800,2024-08-09T07:00:00,1723187100,2024-08-09T07:05:00,1723187160,2024-08-09T07:06:00,-3.3800000000010186,7.380000000001019,0.04,0.29520000000004076,18443.06,18444.31,18449.190000000002,18450.440000000002,1.25,STOP_ADVERSE_FIRST,-1.0,-0.29520000000004076,0.05,-0.34520000000004075,17.01919999998416,16.72399999998412,-99.87620000001573,-100.22140000001576
OPEN_DRIVE_5M,521,LONDON_0800,US30,SHORT,1723186800,2024-08-09T07:00:00,1723187100,2024-08-09T07:05:00,1723187220,2024-08-09T07:07:00,-13.0,14.75,0.02,0.295,39490.55,39491.65,39504.200000000004,39505.3,1.1,STOP_ADVERSE_FIRST,-1.0,-0.295,0.022000000000000002,-0.317,16.72399999998412,16.428999999984118,-100.22140000001576,-100.53840000001576
OPEN_DRIVE_5M,522,NEW_YORK_0930,US100,SHORT,1723210200,2024-08-09T13:30:00,1723210500,2024-08-09T13:35:00,1723210740,2024-08-09T13:39:00,-0.25,11.5,0.02,0.23,18469.18,18470.43,18450.68,18451.93,1.25,TAKE,1.5,0.34500000000000003,0.025,0.32,16.428999999984118,16.773999999984117,-100.53840000001576,-100.21840000001576
OPEN_DRIVE_5M,523,NEW_YORK_0930,US30,SHORT,1723210200,2024-08-09T13:30:00,1723210500,2024-08-09T13:35:00,1723210800,2024-08-09T13:40:00,-1.5,11.0,0.02,0.22,39478.8,39479.9,39461.200000000004,39462.3,1.1,TAKE,1.5,0.33,0.022000000000000002,0.308,16.773999999984117,17.103999999984115,-100.21840000001576,-99.91040000001576
OPEN_DRIVE_5M,524,LONDON_0800,US30,LONG,1723446000,2024-08-12T07:00:00,1723446300,2024-08-12T07:05:00,1723446360,2024-08-12T07:06:00,0.5,5.25,0.06,0.315,39483.92,39485.02,39479.77,39480.869999999995,1.1,STOP_ADVERSE_FIRST,-1.0,-0.315,0.066,-0.381,17.103999999984115,16.788999999984114,-99.91040000001576,-100.29140000001576
OPEN_DRIVE_5M,525,LONDON_0800,US100,SHORT,1723446000,2024-08-12T07:00:00,1723446300,2024-08-12T07:05:00,1723446540,2024-08-12T07:09:00,-1.6199999999989814,7.369999999998981,0.04,0.29479999999995926,18524.43,18525.68,18512.125,18513.375,1.25,TAKE,1.5000000000002467,0.44220000000001164,0.05,0.39220000000001165,16.788999999984114,17.231199999984124,-100.29140000001576,-99.89920000001574
OPEN_DRIVE_5M,526,NEW_YORK_0930,US100,LONG,1723469400,2024-08-12T13:30:00,1723469700,2024-08-12T13:35:00,1723469820,2024-08-12T13:37:00,0.75,8.25,0.04,0.33,18556.55,18557.8,18549.55,18550.8,1.25,STOP_ADVERSE_FIRST,-1.0,-0.33,0.05,-0.38,17.231199999984124,16.901199999984126,-99.89920000001574,-100.27920000001573
OPEN_DRIVE_5M,527,NEW_YORK_0930,US30,LONG,1723469400,2024-08-12T13:30:00,1723469700,2024-08-12T13:35:00,1723471800,2024-08-12T14:10:00,8.0,14.5,0.02,0.29,39543.17,39544.27,39566.02,39567.119999999995,1.1,TAKE,1.5,0.435,0.022000000000000002,0.413,16.901199999984126,17.336199999984125,-100.27920000001573,-99.86620000001574
OPEN_DRIVE_5M,528,LONDON_0800,US100,LONG,1723532400,2024-08-13T07:00:00,1723532700,2024-08-13T07:05:00,1723533120,2024-08-13T07:12:00,3.25,4.5,0.07,0.31500000000000006,18566.43,18567.68,18574.43,18575.68,1.25,TAKE,1.4999999999999998,0.47250000000000003,0.08750000000000001,0.385,17.336199999984125,17.808699999984125,-99.86620000001574,-99.48120000001573
OPEN_DRIVE_5M,529,LONDON_0800,US30,LONG,1723532400,2024-08-13T07:00:00,1723532700,2024-08-13T07:05:00,1723534140,2024-08-13T07:29:00,2.0,6.5,0.05,0.325,39420.06,39421.159999999996,39430.909999999996,39432.009999999995,1.1,TAKE,1.5,0.48750000000000004,0.05500000000000001,0.43250000000000005,17.808699999984125,18.296199999984125,-99.48120000001573,-99.04870000001573
OPEN_DRIVE_5M,530,NEW_YORK_0930,US100,SHORT,1723555800,2024-08-13T13:30:00,1723556100,2024-08-13T13:35:00,1723557120,2024-08-13T13:52:00,-2.1300000000010186,20.88000000000102,0.01,0.2088000000000102,18579.68,18580.93,18547.11,18548.36,1.25,TAKE,1.4999999999999127,0.3131999999999971,0.0125,0.3006999999999971,18.296199999984125,18.609399999984124,-99.04870000001573,-98.74800000001574
OPEN_DRIVE_5M,531,NEW_YORK_0930,US30,SHORT,1723555800,2024-08-13T13:30:00,1723556100,2024-08-13T13:35:00,1723558080,2024-08-13T14:08:00,-22.25,36.25,0.01,0.3625,39274.06,39275.159999999996,39309.21,39310.31,1.1,STOP_ADVERSE_FIRST,-1.0,-0.3625,0.011000000000000001,-0.3735,18.609399999984124,18.246899999984123,-98.74800000001574,-99.12150000001574
OPEN_DRIVE_5M,532,LONDON_0800,US30,LONG,1723618800,2024-08-14T07:00:00,1723619100,2024-08-14T07:05:00,1723620360,2024-08-14T07:26:00,2.0,9.0,0.04,0.36,39776.69,39777.79,39791.29,39792.39,1.1,TAKE,1.5000000000000002,0.54,0.044000000000000004,0.49600000000000005,18.246899999984123,18.786899999984122,-99.12150000001574,-98.62550000001575
OPEN_DRIVE_5M,533,LONDON_0800,US100,SHORT,1723618800,2024-08-14T07:00:00,1723619100,2024-08-14T07:05:00,1723620600,2024-08-14T07:30:00,-0.12000000000261934,8.37000000000262,0.04,0.3348000000001048,19004.56,19005.81,19011.680000000004,19012.930000000004,1.25,STOP_ADVERSE_FIRST,-1.0,-0.3348000000001048,0.05,-0.3848000000001048,18.786899999984122,18.452099999984018,-98.62550000001575,-99.01030000001585
OPEN_DRIVE_5M,534,NEW_YORK_0930,US100,SHORT,1723642200,2024-08-14T13:30:00,1723642500,2024-08-14T13:35:00,1723643100,2024-08-14T13:45:00,-4.75,13.87999999999738,0.02,0.2775999999999476,19003.31,19004.56,19015.94,19017.19,1.25,STOP_ADVERSE_FIRST,-1.0,-0.2775999999999476,0.025,-0.30259999999994763,18.452099999984018,18.17449999998407,-99.01030000001585,-99.31290000001579
OPEN_DRIVE_5M,535,NEW_YORK_0930,US30,LONG,1723642200,2024-08-14T13:30:00,1723642500,2024-08-14T13:35:00,1723645140,2024-08-14T14:19:00,7.0,13.0,0.02,0.26,39780.69,39781.79,39768.79,39769.89,1.1,STOP_ADVERSE_FIRST,-1.0,-0.26,0.022000000000000002,-0.28200000000000003,18.17449999998407,17.91449999998407,-99.31290000001579,-99.59490000001578
OPEN_DRIVE_5M,536,LONDON_0800,US100,LONG,1723705200,2024-08-15T07:00:00,1723705500,2024-08-15T07:05:00,1723707360,2024-08-15T07:36:00,1.0,4.130000000001019,0.08,0.3304000000000815,19111.36,19112.61,19108.48,19109.73,1.25,STOP_ADVERSE_FIRST,-1.0,-0.3304000000000815,0.1,-0.4304000000000815,17.91449999998407,17.584099999983987,-99.59490000001578,-100.02530000001586
OPEN_DRIVE_5M,537,NEW_YORK_0930,US30,LONG,1723728600,2024-08-15T13:30:00,1723728900,2024-08-15T13:35:00,1723729140,2024-08-15T13:39:00,4.0,11.0,0.03,0.32999999999999996,40094.4,40095.5,40084.5,40085.6,1.1,STOP_ADVERSE_FIRST,-1.0,-0.32999999999999996,0.033,-0.363,17.584099999983987,17.25409999998399,-100.02530000001586,-100.38830000001586
OPEN_DRIVE_5M,538,NEW_YORK_0930,US100,LONG,1723728600,2024-08-15T13:30:00,1723728900,2024-08-15T13:35:00,1723729200,2024-08-15T13:40:00,8.619999999998981,12.869999999998981,0.02,0.25739999999997965,19041.11,19042.36,19029.49,19030.74,1.25,STOP_ADVERSE_FIRST,-1.0,-0.25739999999997965,0.025,-0.28239999999997967,17.25409999998399,16.99669999998401,-100.38830000001586,-100.67070000001584
OPEN_DRIVE_5M,539,LONDON_0800,US100,SHORT,1723791600,2024-08-16T07:00:00,1723791900,2024-08-16T07:05:00,1723792440,2024-08-16T07:14:00,-5.130000000001019,7.75,0.04,0.31,19525.64,19526.89,19512.765,19514.015,1.25,TAKE,1.5,0.465,0.05,0.41500000000000004,16.99669999998401,17.46169999998401,-100.67070000001584,-100.25570000001584
OPEN_DRIVE_5M,540,LONDON_0800,US30,SHORT,1723791600,2024-08-16T07:00:00,1723791900,2024-08-16T07:05:00,1723792440,2024-08-16T07:14:00,-2.0,5.0,0.06,0.3,40620.81,40621.909999999996,40612.21,40613.31,1.1,TAKE,1.5,0.44999999999999996,0.066,0.38399999999999995,17.46169999998401,17.91169999998401,-100.25570000001584,-99.87170000001584
OPEN_DRIVE_5M,541,NEW_YORK_0930,US30,SHORT,1723815000,2024-08-16T13:30:00,1723815300,2024-08-16T13:35:00,1723816620,2024-08-16T13:57:00,-13.25,23.5,0.01,0.23500000000000001,40536.81,40537.909999999996,40559.21,40560.31,1.1,STOP_ADVERSE_FIRST,-1.0,-0.23500000000000001,0.011000000000000001,-0.24600000000000002,17.91169999998401,17.67669999998401,-99.87170000001584,-100.11770000001583
OPEN_DRIVE_5M,542,NEW_YORK_0930,US100,SHORT,1723815000,2024-08-16T13:30:00,1723815300,2024-08-16T13:35:00,1723818840,2024-08-16T14:34:00,-13.119999999998981,25.36999999999898,0.01,0.2536999999999898,19475.27,19476.52,19471.02,19472.27,1.25,TIME_60_M1,0.1182499014584202,0.03,0.0125,0.017499999999999998,17.67669999998401,17.70669999998401,-100.11770000001583,-100.10020000001583
OPEN_DRIVE_5M,543,LONDON_0800,US30,SHORT,1724050800,2024-08-19T07:00:00,1724051100,2024-08-19T07:05:00,1724052840,2024-08-19T07:34:00,-2.0,6.75,0.05,0.3375,40695.07,40696.17,40683.845,40684.945,1.1,TAKE,1.4999999999999998,0.50625,0.05500000000000001,0.45125,17.70669999998401,18.212949999984012,-100.10020000001583,-99.64895000001583
OPEN_DRIVE_5M,544,LONDON_0800,US100,SHORT,1724050800,2024-08-19T07:00:00,1724051100,2024-08-19T07:05:00,1724053080,2024-08-19T07:38:00,-5.25,11.5,0.03,0.345,19547.08,19548.33,19528.58,19529.83,1.25,TAKE,1.5,0.5175,0.0375,0.48,18.212949999984012,18.73044999998401,-99.64895000001583,-99.16895000001583
OPEN_DRIVE_5M,545,NEW_YORK_0930,US30,LONG,1724074200,2024-08-19T13:30:00,1724074500,2024-08-19T13:35:00,1724075400,2024-08-19T13:50:00,3.0,10.0,0.03,0.3,40685.82,40686.92,40676.92,40678.02,1.1,STOP_ADVERSE_FIRST,-1.0,-0.3,0.033,-0.33299999999999996,18.73044999998401,18.43044999998401,-99.16895000001583,-99.50195000001582
OPEN_DRIVE_5M,546,NEW_YORK_0930,US100,SHORT,1724074200,2024-08-19T13:30:00,1724074500,2024-08-19T13:35:00,1724076420,2024-08-19T14:07:00,-3.5,9.75,0.03,0.2925,19499.21,19500.46,19507.71,19508.96,1.25,STOP_ADVERSE_FIRST,-1.0,-0.2925,0.0375,-0.32999999999999996,18.43044999998401,18.13794999998401,-99.50195000001582,-99.83195000001582
OPEN_DRIVE_5M,547,LONDON_0800,US30,LONG,1724137200,2024-08-20T07:00:00,1724137500,2024-08-20T07:05:00,1724137980,2024-08-20T07:13:00,4.25,7.0,0.05,0.35000000000000003,40899.73,40900.83,40911.33,40912.43,1.1,TAKE,1.5,0.525,0.05500000000000001,0.47000000000000003,18.13794999998401,18.662949999984008,-99.83195000001582,-99.36195000001582
OPEN_DRIVE_5M,548,LONDON_0800,US100,LONG,1724137200,2024-08-20T07:00:00,1724137500,2024-08-20T07:05:00,1724141040,2024-08-20T08:04:00,4.0,9.5,0.03,0.285,19789.27,19790.52,19795.52,19796.77,1.25,TIME_60_M1,0.5263157894736842,0.15,0.0375,0.11249999999999999,18.662949999984008,18.812949999984006,-99.36195000001582,-99.24945000001583
OPEN_DRIVE_5M,549,NEW_YORK_0930,US100,LONG,1724160600,2024-08-20T13:30:00,1724160900,2024-08-20T13:35:00,1724161740,2024-08-20T13:49:00,3.5,7.5,0.05,0.375,19787.77,19789.02,19800.27,19801.52,1.25,TAKE,1.5,0.5625,0.0625,0.5,18.812949999984006,19.375449999984006,-99.24945000001583,-98.74945000001583
OPEN_DRIVE_5M,550,NEW_YORK_0930,US30,LONG,1724160600,2024-08-20T13:30:00,1724160900,2024-08-20T13:35:00,1724163540,2024-08-20T14:19:00,3.5,13.25,0.02,0.265,40903.73,40904.83,40891.58,40892.68,1.1,STOP_ADVERSE_FIRST,-1.0,-0.265,0.022000000000000002,-0.28700000000000003,19.375449999984006,19.110449999984006,-98.74945000001583,-99.03645000001583
OPEN_DRIVE_5M,551,NEW_YORK_0930,US100,LONG,1724247000,2024-08-21T13:30:00,1724247300,2024-08-21T13:35:00,1724248860,2024-08-21T14:01:00,11.12999999999738,14.12000000000262,0.02,0.2824000000000524,19738.4,19739.65,19760.830000000005,19762.080000000005,1.25,TAKE,1.5,0.4236000000000786,0.025,0.39860000000007856,19.110449999984006,19.534049999984084,-99.03645000001583,-98.63785000001576
OPEN_DRIVE_5M,552,NEW_YORK_0930,US30,LONG,1724247000,2024-08-21T13:30:00,1724247300,2024-08-21T13:35:00,1724250840,2024-08-21T14:34:00,22.0,25.25,0.01,0.2525,40905.37,40906.47,40918.37,40919.47,1.1,TIME_60_M1,0.47128712871292894,0.11900000000001455,0.011000000000000001,0.10800000000001456,19.534049999984084,19.6530499999841,-98.63785000001576,-98.52985000001574
OPEN_DRIVE_5M,553,LONDON_0800,US100,LONG,1724310000,2024-08-22T07:00:00,1724310300,2024-08-22T07:05:00,1724311380,2024-08-22T07:23:00,3.5,4.619999999998981,0.08,0.3695999999999185,19801.26,19802.51,19797.89,19799.14,1.25,STOP_ADVERSE_FIRST,-1.0,-0.3695999999999185,0.1,-0.4695999999999185,19.6530499999841,19.283449999984178,-98.52985000001574,-98.99945000001566
OPEN_DRIVE_5M,554,NEW_YORK_0930,US30,LONG,1724333400,2024-08-22T13:30:00,1724333700,2024-08-22T13:35:00,1724334120,2024-08-22T13:42:00,3.0,4.75,0.08,0.38,40954.76,40955.86,40951.11,40952.21,1.1,STOP_ADVERSE_FIRST,-1.0,-0.38,0.08800000000000001,-0.468,19.283449999984178,18.90344999998418,-98.99945000001566,-99.46745000001566
OPEN_DRIVE_5M,555,NEW_YORK_0930,US100,LONG,1724333400,2024-08-22T13:30:00,1724333700,2024-08-22T13:35:00,1724335980,2024-08-22T14:13:00,13.25,14.75,0.02,0.295,19865.51,19866.76,19888.885,19890.135,1.25,TAKE,1.5,0.4425,0.025,0.4175,18.90344999998418,19.345949999984178,-99.46745000001566,-99.04995000001566
OPEN_DRIVE_5M,556,LONDON_0800,US100,LONG,1724396400,2024-08-23T07:00:00,1724396700,2024-08-23T07:05:00,1724400240,2024-08-23T08:04:00,13.0,14.5,0.02,0.29,19597.64,19598.89,19600.77,19602.02,1.25,TIME_60_M1,0.12965517241386337,0.037600000000020374,0.025,0.012600000000020373,19.345949999984178,19.383549999984197,-99.04995000001566,-99.03735000001564
OPEN_DRIVE_5M,557,LONDON_0800,US30,LONG,1724396400,2024-08-23T07:00:00,1724396700,2024-08-23T07:05:00,1724400240,2024-08-23T08:04:00,8.75,10.25,0.03,0.3075,40820.91,40822.01,40819.66,40820.76,1.1,TIME_60_M1,-0.22926829268278487,-0.07049999999995635,0.033,-0.10349999999995635,19.383549999984197,19.31304999998424,-99.03735000001564,-99.14085000001559
OPEN_DRIVE_5M,558,NEW_YORK_0930,US100,LONG,1724419800,2024-08-23T13:30:00,1724420100,2024-08-23T13:35:00,1724420520,2024-08-23T13:42:00,8.75,10.130000000001019,0.03,0.30390000000003053,19645.52,19646.77,19661.965000000004,19663.215000000004,1.25,TAKE,1.5000000000001796,0.4558500000001004,0.0375,0.4183500000001004,19.31304999998424,19.76889999998434,-99.14085000001559,-98.72250000001549
OPEN_DRIVE_5M,559,NEW_YORK_0930,US30,LONG,1724419800,2024-08-23T13:30:00,1724420100,2024-08-23T13:35:00,1724420640,2024-08-23T13:44:00,12.75,15.25,0.02,0.305,40874.66,40875.76,40898.635,40899.735,1.1,TAKE,1.5,0.4575,0.022000000000000002,0.4355,19.76889999998434,20.22639999998434,-98.72250000001549,-98.28700000001548
OPEN_DRIVE_5M,560,LONDON_0800,US100,LONG,1724655600,2024-08-26T07:00:00,1724655900,2024-08-26T07:05:00,1724655960,2024-08-26T07:06:00,4.369999999998981,9.380000000001019,0.04,0.3752000000000408,19696.03,19697.28,19687.899999999998,19689.149999999998,1.25,STOP_ADVERSE_FIRST,-1.0,-0.3752000000000408,0.05,-0.42520000000004077,20.22639999998434,19.8511999999843,-98.28700000001548,-98.71220000001553
OPEN_DRIVE_5M,561,LONDON_0800,US30,LONG,1724655600,2024-08-26T07:00:00,1724655900,2024-08-26T07:05:00,1724659440,2024-08-26T08:04:00,5.5,6.75,0.05,0.3375,41168.11,41169.21,41164.11,41165.21,1.1,TIME_60_M1,-0.7555555555553399,-0.25499999999992723,0.05500000000000001,-0.3099999999999272,19.8511999999843,19.59619999998437,-98.71220000001553,-99.02220000001546
OPEN_DRIVE_5M,562,NEW_YORK_0930,US30,SHORT,1724679000,2024-08-26T13:30:00,1724679300,2024-08-26T13:35:00,1724680320,2024-08-26T13:52:00,-14.0,18.0,0.02,0.36,41216.11,41217.21,41233.01,41234.11,1.1,STOP_ADVERSE_FIRST,-1.0,-0.36,0.022000000000000002,-0.382,19.59619999998437,19.236199999984372,-99.02220000001546,-99.40420000001546
OPEN_DRIVE_5M,563,NEW_YORK_0930,US100,SHORT,1724679000,2024-08-26T13:30:00,1724679300,2024-08-26T13:35:00,1724682840,2024-08-26T14:34:00,-27.38000000000102,29.75,0.01,0.2975,19739.78,19741.03,19725.03,19726.28,1.25,TIME_60_M1,0.45378151260504207,0.135,0.0125,0.12250000000000001,19.236199999984372,19.371199999984373,-99.40420000001546,-99.28170000001546
OPEN_DRIVE_5M,564,LONDON_0800,US100,SHORT,1724742000,2024-08-27T07:00:00,1724742300,2024-08-27T07:05:00,1724743200,2024-08-27T07:20:00,-4.0,5.880000000001019,0.06,0.3528000000000611,19524.02,19525.27,19528.65,19529.9,1.25,STOP_ADVERSE_FIRST,-1.0,-0.3528000000000611,0.075,-0.42780000000006113,19.371199999984373,19.01839999998431,-99.28170000001546,-99.70950000001552
OPEN_DRIVE_5M,565,LONDON_0800,US30,SHORT,1724742000,2024-08-27T07:00:00,1724742300,2024-08-27T07:05:00,1724743260,2024-08-27T07:21:00,-3.0,5.25,0.07,0.36750000000000005,41236.58,41237.68,41240.73,41241.83,1.1,STOP_ADVERSE_FIRST,-1.0,-0.36750000000000005,0.07700000000000001,-0.44450000000000006,19.01839999998431,18.65089999998431,-99.70950000001552,-100.15400000001553
OPEN_DRIVE_5M,566,NEW_YORK_0930,US100,LONG,1724765400,2024-08-27T13:30:00,1724765700,2024-08-27T13:35:00,1724766180,2024-08-27T13:43:00,9.75,14.75,0.02,0.295,19528.14,19529.39,19514.64,19515.89,1.25,STOP_ADVERSE_FIRST,-1.0,-0.295,0.025,-0.32,18.65089999998431,18.35589999998431,-100.15400000001553,-100.47400000001552
OPEN_DRIVE_5M,567,NEW_YORK_0930,US30,SHORT,1724765400,2024-08-27T13:30:00,1724765700,2024-08-27T13:35:00,1724766480,2024-08-27T13:48:00,-2.0,9.0,0.04,0.36,41230.58,41231.68,41215.98,41217.08,1.1,TAKE,1.5000000000000002,0.54,0.044000000000000004,0.49600000000000005,18.35589999998431,18.89589999998431,-100.47400000001552,-99.97800000001553
OPEN_DRIVE_5M,568,LONDON_0800,US100,LONG,1724828400,2024-08-28T07:00:00,1724828700,2024-08-28T07:05:00,1724828700,2024-08-28T07:05:00,0.8800000000010186,3.0,0.12,0.36,19555.44,19556.69,19553.69,19554.94,1.25,STOP_ADVERSE_FIRST,-1.0,-0.36,0.15,-0.51,18.89589999998431,18.53589999998431,-99.97800000001553,-100.48800000001553
OPEN_DRIVE_5M,569,LONDON_0800,US30,LONG,1724828400,2024-08-28T07:00:00,1724828700,2024-08-28T07:05:00,1724828820,2024-08-28T07:07:00,5.0,6.0,0.06,0.36,41292.2,41293.299999999996,41287.299999999996,41288.399999999994,1.1,STOP_ADVERSE_FIRST,-1.0,-0.36,0.066,-0.426,18.53589999998431,18.17589999998431,-100.48800000001553,-100.91400000001553
OPEN_DRIVE_5M,570,NEW_YORK_0930,US100,LONG,1724851800,2024-08-28T13:30:00,1724852100,2024-08-28T13:35:00,1724852340,2024-08-28T13:39:00,0.6199999999989814,9.119999999998981,0.03,0.2735999999999694,19603.69,19604.94,19595.82,19597.07,1.25,STOP_ADVERSE_FIRST,-1.0,-0.2735999999999694,0.0375,-0.3110999999999694,18.17589999998431,17.90229999998434,-100.91400000001553,-101.2251000000155
OPEN_DRIVE_5M,571,NEW_YORK_0930,US30,SHORT,1724851800,2024-08-28T13:30:00,1724852100,2024-08-28T13:35:00,1724854980,2024-08-28T14:23:00,-8.25,10.0,0.03,0.3,41289.2,41290.299999999996,41298.1,41299.2,1.1,STOP_ADVERSE_FIRST,-1.0,-0.3,0.033,-0.33299999999999996,17.90229999998434,17.60229999998434,-101.2251000000155,-101.5581000000155
OPEN_DRIVE_5M,572,LONDON_0800,US100,LONG,1724914800,2024-08-29T07:00:00,1724915100,2024-08-29T07:05:00,1724915820,2024-08-29T07:17:00,3.75,7.129999999997381,0.04,0.28519999999989526,19217.44,19218.69,19229.384999999995,19230.634999999995,1.25,TAKE,1.5,0.42779999999984286,0.05,0.3777999999998429,17.60229999998434,18.03009999998418,-101.5581000000155,-101.18030000001566
OPEN_DRIVE_5M,573,LONDON_0800,US30,LONG,1724914800,2024-08-29T07:00:00,1724915100,2024-08-29T07:05:00,1724918580,2024-08-29T08:03:00,3.0,7.5,0.04,0.3,41200.54,41201.64,41212.89,41213.99,1.1,TAKE,1.5,0.45,0.044000000000000004,0.406,18.03009999998418,18.48009999998418,-101.18030000001566,-100.77430000001566
OPEN_DRIVE_5M,574,NEW_YORK_0930,US30,SHORT,1724938200,2024-08-29T13:30:00,1724938500,2024-08-29T13:35:00,1724939100,2024-08-29T13:45:00,-9.0,15.5,0.02,0.31,41302.04,41303.14,41316.44,41317.54,1.1,STOP_ADVERSE_FIRST,-1.0,-0.31,0.022000000000000002,-0.332,18.48009999998418,18.17009999998418,-100.77430000001566,-101.10630000001565
OPEN_DRIVE_5M,575,NEW_YORK_0930,US100,SHORT,1724938200,2024-08-29T13:30:00,1724938500,2024-08-29T13:35:00,1724940180,2024-08-29T14:03:00,-9.0,22.25,0.01,0.2225,19397.19,19398.44,19362.565,19363.815,1.25,TAKE,1.5,0.33375,0.0125,0.32125,18.17009999998418,18.50384999998418,-101.10630000001565,-100.78505000001564
OPEN_DRIVE_5M,576,LONDON_0800,US100,SHORT,1725001200,2024-08-30T07:00:00,1725001500,2024-08-30T07:05:00,1725003660,2024-08-30T07:41:00,-8.119999999998981,12.880000000001019,0.02,0.25760000000002037,19385.11,19386.36,19396.74,19397.99,1.25,STOP_ADVERSE_FIRST,-1.0,-0.25760000000002037,0.025,-0.2826000000000204,18.50384999998418,18.24624999998416,-100.78505000001564,-101.06765000001566
OPEN_DRIVE_5M,577,LONDON_0800,US30,SHORT,1725001200,2024-08-30T07:00:00,1725001500,2024-08-30T07:05:00,1725003780,2024-08-30T07:43:00,-1.5,7.75,0.04,0.31,41355.87,41356.97,41362.520000000004,41363.62,1.1,STOP_ADVERSE_FIRST,-1.0,-0.31,0.044000000000000004,-0.354,18.24624999998416,17.93624999998416,-101.06765000001566,-101.42165000001566
OPEN_DRIVE_5M,578,NEW_YORK_0930,US100,SHORT,1725024600,2024-08-30T13:30:00,1725024900,2024-08-30T13:35:00,1725025800,2024-08-30T13:50:00,-8.25,11.0,0.03,0.32999999999999996,19449.73,19450.98,19459.48,19460.73,1.25,STOP_ADVERSE_FIRST,-1.0,-0.32999999999999996,0.0375,-0.36749999999999994,17.93624999998416,17.60624999998416,-101.42165000001566,-101.78915000001567
OPEN_DRIVE_5M,579,NEW_YORK_0930,US30,SHORT,1725024600,2024-08-30T13:30:00,1725024900,2024-08-30T13:35:00,1725025800,2024-08-30T13:50:00,-19.0,24.0,0.01,0.24,41394.37,41395.47,41417.270000000004,41418.37,1.1,STOP_ADVERSE_FIRST,-1.0,-0.24,0.011000000000000001,-0.251,17.60624999998416,17.366249999984163,-101.78915000001567,-102.04015000001567
OPEN_DRIVE_5M,580,LONDON_0800,US30,SHORT,1725260400,2024-09-02T07:00:00,1725260700,2024-09-02T07:05:00,1725260760,2024-09-02T07:06:00,-2.0,2.5,0.13,0.325,41542.5,41543.6,41543.9,41545.0,1.1,STOP_ADVERSE_FIRST,-1.0,-0.325,0.14300000000000002,-0.468,17.366249999984163,17.041249999984164,-102.04015000001567,-102.50815000001568
OPEN_DRIVE_5M,581,LONDON_0800,US100,SHORT,1725260400,2024-09-02T07:00:00,1725260700,2024-09-02T07:05:00,1725261000,2024-09-02T07:10:00,-4.5,5.119999999998981,0.06,0.30719999999993886,19536.18,19537.43,19527.25,19528.5,1.25,TAKE,1.5000000000003553,0.4608000000000174,0.075,0.3858000000000174,17.041249999984164,17.50204999998418,-102.50815000001568,-102.12235000001566
OPEN_DRIVE_5M,582,NEW_YORK_0930,US30,SHORT,1725283800,2024-09-02T13:30:00,1725284100,2024-09-02T13:35:00,1725285000,2024-09-02T13:50:00,-6.0,7.5,0.04,0.3,41523.5,41524.6,41511.15,41512.25,1.1,TAKE,1.5,0.45,0.044000000000000004,0.406,17.50204999998418,17.95204999998418,-102.12235000001566,-101.71635000001565
OPEN_DRIVE_5M,583,NEW_YORK_0930,US100,LONG,1725283800,2024-09-02T13:30:00,1725284100,2024-09-02T13:35:00,1725287640,2024-09-02T14:34:00,6.119999999998981,11.869999999998981,0.02,0.23739999999997963,19545.55,19546.8,19545.68,19546.93,1.25,TIME_60_M1,-0.09435551811281191,-0.022399999999979627,0.025,-0.047399999999979625,17.95204999998418,17.9296499999842,-101.71635000001565,-101.76375000001563
OPEN_DRIVE_5M,584,LONDON_0800,US100,SHORT,1725346800,2024-09-03T07:00:00,1725347100,2024-09-03T07:05:00,1725350520,2024-09-03T08:02:00,-4.130000000001019,8.119999999998981,0.04,0.3247999999999593,19510.32,19511.57,19517.19,19518.44,1.25,STOP_ADVERSE_FIRST,-1.0,-0.3247999999999593,0.05,-0.3747999999999593,17.9296499999842,17.60484999998424,-101.76375000001563,-102.1385500000156
OPEN_DRIVE_5M,585,LONDON_0800,US30,SHORT,1725346800,2024-09-03T07:00:00,1725347100,2024-09-03T07:05:00,1725350640,2024-09-03T08:04:00,-5.5,7.0,0.05,0.35000000000000003,41495.23,41496.33,41490.73,41491.83,1.1,TIME_60_M1,0.48571428571449354,0.17000000000007276,0.05500000000000001,0.11500000000007275,17.60484999998424,17.774849999984312,-102.1385500000156,-102.02355000001553
OPEN_DRIVE_5M,586,NEW_YORK_0930,US100,SHORT,1725370200,2024-09-03T13:30:00,1725370500,2024-09-03T13:35:00,1725371400,2024-09-03T13:50:00,-4.0,12.630000000001019,0.02,0.25260000000002036,19443.57,19444.82,19454.95,19456.2,1.25,STOP_ADVERSE_FIRST,-1.0,-0.25260000000002036,0.025,-0.2776000000000204,17.774849999984312,17.522249999984293,-102.02355000001553,-102.30115000001555
OPEN_DRIVE_5M,587,NEW_YORK_0930,US30,SHORT,1725370200,2024-09-03T13:30:00,1725370500,2024-09-03T13:35:00,1725371700,2024-09-03T13:55:00,-7.25,17.75,0.02,0.355,41361.23,41362.33,41377.880000000005,41378.98,1.1,STOP_ADVERSE_FIRST,-1.0,-0.355,0.022000000000000002,-0.377,17.522249999984293,17.167249999984293,-102.30115000001555,-102.67815000001555
OPEN_DRIVE_5M,588,LONDON_0800,US30,LONG,1725433200,2024-09-04T07:00:00,1725433500,2024-09-04T07:05:00,1725433680,2024-09-04T07:08:00,5.0,12.25,0.02,0.245,40822.12,40823.22,40841.595,40842.695,1.1,TAKE,1.5,0.3675,0.022000000000000002,0.3455,17.167249999984293,17.534749999984292,-102.67815000001555,-102.33265000001555
OPEN_DRIVE_5M,589,LONDON_0800,US100,LONG,1725433200,2024-09-04T07:00:00,1725433500,2024-09-04T07:05:00,1725434220,2024-09-04T07:17:00,11.0,14.87000000000262,0.02,0.2974000000000524,18847.74,18848.99,18834.12,18835.37,1.25,STOP_ADVERSE_FIRST,-1.0,-0.2974000000000524,0.025,-0.3224000000000524,17.534749999984292,17.23734999998424,-102.33265000001555,-102.6550500000156
OPEN_DRIVE_5M,590,NEW_YORK_0930,US100,LONG,1725456600,2024-09-04T13:30:00,1725456900,2024-09-04T13:35:00,1725457080,2024-09-04T13:38:00,13.0,17.5,0.01,0.17500000000000002,18849.24,18850.49,18832.99,18834.24,1.25,STOP_ADVERSE_FIRST,-1.0,-0.17500000000000002,0.0125,-0.18750000000000003,17.23734999998424,17.06234999998424,-102.6550500000156,-102.8425500000156
OPEN_DRIVE_5M,591,NEW_YORK_0930,US30,SHORT,1725456600,2024-09-04T13:30:00,1725456900,2024-09-04T13:35:00,1725457380,2024-09-04T13:43:00,-4.0,18.0,0.01,0.18,40856.37,40857.47,40873.270000000004,40874.37,1.1,STOP_ADVERSE_FIRST,-1.0,-0.18,0.011000000000000001,-0.191,17.06234999998424,16.88234999998424,-102.8425500000156,-103.03355000001561
OPEN_DRIVE_5M,592,LONDON_0800,US30,LONG,1725519600,2024-09-05T07:00:00,1725519900,2024-09-05T07:05:00,1725522060,2024-09-05T07:41:00,3.25,8.5,0.03,0.255,40950.98,40952.08,40943.58,40944.68,1.1,STOP_ADVERSE_FIRST,-1.0,-0.255,0.033,-0.28800000000000003,16.88234999998424,16.62734999998424,-103.03355000001561,-103.3215500000156
OPEN_DRIVE_5M,593,LONDON_0800,US100,LONG,1725519600,2024-09-05T07:00:00,1725519900,2024-09-05T07:05:00,1725523440,2024-09-05T08:04:00,5.25,10.25,0.03,0.3075,18868.6,18869.85,18859.6,18860.85,1.25,STOP_ADVERSE_FIRST,-1.0,-0.3075,0.0375,-0.345,16.62734999998424,16.31984999998424,-103.3215500000156,-103.6665500000156
OPEN_DRIVE_5M,594,NEW_YORK_0930,US30,LONG,1725543000,2024-09-05T13:30:00,1725543300,2024-09-05T13:35:00,1725544920,2024-09-05T14:02:00,1.25,13.5,0.02,0.27,41008.48,41009.58,41029.83,41030.93,1.1,TAKE,1.5,0.405,0.022000000000000002,0.383,16.31984999998424,16.72484999998424,-103.6665500000156,-103.28355000001561
OPEN_DRIVE_5M,595,NEW_YORK_0930,US100,LONG,1725543000,2024-09-05T13:30:00,1725543300,2024-09-05T13:35:00,1725545520,2024-09-05T14:12:00,7.25,15.25,0.02,0.305,18900.73,18901.98,18886.73,18887.98,1.25,STOP_ADVERSE_FIRST,-1.0,-0.305,0.025,-0.33,16.72484999998424,16.41984999998424,-103.28355000001561,-103.61355000001561
OPEN_DRIVE_5M,596,LONDON_0800,US100,SHORT,1725606000,2024-09-06T07:00:00,1725606300,2024-09-06T07:05:00,1725606600,2024-09-06T07:10:00,-4.5,8.5,0.03,0.255,18825.6,18826.85,18832.85,18834.1,1.25,STOP_ADVERSE_FIRST,-1.0,-0.255,0.0375,-0.2925,16.41984999998424,16.16484999998424,-103.61355000001561,-103.90605000001561
OPEN_DRIVE_5M,597,LONDON_0800,US30,SHORT,1725606000,2024-09-06T07:00:00,1725606300,2024-09-06T07:05:00,1725606660,2024-09-06T07:11:00,-3.0,7.75,0.04,0.31,40787.61,40788.71,40794.26,40795.36,1.1,STOP_ADVERSE_FIRST,-1.0,-0.31,0.044000000000000004,-0.354,16.16484999998424,15.854849999984241,-103.90605000001561,-104.26005000001561
OPEN_DRIVE_5M,598,NEW_YORK_0930,US30,SHORT,1725629400,2024-09-06T13:30:00,1725629700,2024-09-06T13:35:00,1725629880,2024-09-06T13:38:00,-2.0,10.0,0.03,0.3,40642.36,40643.46,40626.26,40627.36,1.1,TAKE,1.5,0.44999999999999996,0.033,0.4169999999999999,15.854849999984241,16.304849999984242,-104.26005000001561,-103.84305000001561
OPEN_DRIVE_5M,599,NEW_YORK_0930,US100,SHORT,1725629400,2024-09-06T13:30:00,1725629700,2024-09-06T13:35:00,1725630060,2024-09-06T13:41:00,-6.130000000001019,9.119999999998981,0.03,0.2735999999999694,18706.1,18707.35,18691.17,18692.42,1.25,TAKE,1.5000000000001994,0.4104000000000087,0.0375,0.3729000000000087,16.304849999984242,16.715249999984252,-103.84305000001561,-103.4701500000156
OPEN_DRIVE_5M,600,LONDON_0800,US30,SHORT,1725865200,2024-09-09T07:00:00,1725865500,2024-09-09T07:05:00,1725865560,2024-09-09T07:06:00,-2.0,5.25,0.06,0.315,40451.89,40452.99,40456.04,40457.14,1.1,STOP_ADVERSE_FIRST,-1.0,-0.315,0.066,-0.381,16.715249999984252,16.40024999998425,-103.4701500000156,-103.8511500000156
OPEN_DRIVE_5M,601,LONDON_0800,US100,LONG,1725865200,2024-09-09T07:00:00,1725865500,2024-09-09T07:05:00,1725865680,2024-09-09T07:08:00,0.75,6.0,0.05,0.30000000000000004,18507.25,18508.5,18517.5,18518.75,1.25,TAKE,1.4999999999999998,0.45,0.0625,0.3875,16.40024999998425,16.85024999998425,-103.8511500000156,-103.46365000001559
OPEN_DRIVE_5M,602,NEW_YORK_0930,US100,SHORT,1725888600,2024-09-09T13:30:00,1725888900,2024-09-09T13:35:00,1725889320,2024-09-09T13:42:00,-7.619999999998981,10.75,0.03,0.3225,18592.25,18593.5,18574.875,18576.125,1.25,TAKE,1.4999999999999998,0.48374999999999996,0.0375,0.44625,16.85024999998425,17.33399999998425,-103.46365000001559,-103.01740000001558
OPEN_DRIVE_5M,603,NEW_YORK_0930,US30,SHORT,1725888600,2024-09-09T13:30:00,1725888900,2024-09-09T13:35:00,1725889740,2024-09-09T13:49:00,-16.75,18.0,0.01,0.18,40613.89,40614.99,40630.79,40631.89,1.1,STOP_ADVERSE_FIRST,-1.0,-0.18,0.011000000000000001,-0.191,17.33399999998425,17.15399999998425,-103.01740000001558,-103.20840000001559
OPEN_DRIVE_5M,604,LONDON_0800,US30,LONG,1725951600,2024-09-10T07:00:00,1725951900,2024-09-10T07:05:00,1725952320,2024-09-10T07:12:00,9.75,13.0,0.02,0.26,40813.6,40814.7,40801.7,40802.799999999996,1.1,STOP_ADVERSE_FIRST,-1.0,-0.26,0.022000000000000002,-0.28200000000000003,17.15399999998425,16.89399999998425,-103.20840000001559,-103.49040000001558
OPEN_DRIVE_5M,605,LONDON_0800,US100,LONG,1725951600,2024-09-10T07:00:00,1725951900,2024-09-10T07:05:00,1725952440,2024-09-10T07:14:00,10.37999999999738,12.25,0.02,0.245,18633.53,18634.78,18622.53,18623.78,1.25,STOP_ADVERSE_FIRST,-1.0,-0.245,0.025,-0.27,16.89399999998425,16.648999999984248,-103.49040000001558,-103.76040000001558
OPEN_DRIVE_5M,606,NEW_YORK_0930,US30,LONG,1725975000,2024-09-10T13:30:00,1725975300,2024-09-10T13:35:00,1725976260,2024-09-10T13:51:00,25.75,38.75,0.01,0.3875,40859.35,40860.45,40821.7,40822.799999999996,1.1,STOP_ADVERSE_FIRST,-1.0,-0.3875,0.011000000000000001,-0.3985,16.648999999984248,16.26149999998425,-103.76040000001558,-104.15890000001558
OPEN_DRIVE_5M,607,NEW_YORK_0930,US100,LONG,1725975000,2024-09-10T13:30:00,1725975300,2024-09-10T13:35:00,1725976320,2024-09-10T13:52:00,23.62000000000262,29.37000000000262,0.01,0.2937000000000262,18649.4,18650.65,18621.28,18622.53,1.25,STOP_ADVERSE_FIRST,-1.0,-0.2937000000000262,0.0125,-0.30620000000002623,16.26149999998425,15.967799999984223,-104.15890000001558,-104.46510000001561
OPEN_DRIVE_5M,608,LONDON_0800,US100,SHORT,1726038000,2024-09-11T07:00:00,1726038300,2024-09-11T07:05:00,1726040880,2024-09-11T07:48:00,-9.5,12.5,0.02,0.25,18717.34,18718.59,18697.34,18698.59,1.25,TAKE,1.5,0.375,0.025,0.35,15.967799999984223,16.342799999984223,-104.46510000001561,-104.11510000001562
OPEN_DRIVE_5M,609,LONDON_0800,US30,SHORT,1726038000,2024-09-11T07:00:00,1726038300,2024-09-11T07:05:00,1726041840,2024-09-11T08:04:00,-6.0,10.0,0.03,0.3,40601.21,40602.31,40597.71,40598.81,1.1,TIME_60_M1,0.2400000000001455,0.07200000000004365,0.033,0.03900000000004365,16.342799999984223,16.414799999984268,-104.11510000001562,-104.07610000001557
OPEN_DRIVE_5M,610,NEW_YORK_0930,US30,LONG,1726061400,2024-09-11T13:30:00,1726061700,2024-09-11T13:35:00,1726065180,2024-09-11T14:33:00,11.5,21.0,0.01,0.21,40601.21,40602.31,40633.81,40634.909999999996,1.1,TAKE,1.5,0.315,0.011000000000000001,0.304,16.414799999984268,16.72979999998427,-104.07610000001557,-103.77210000001557
OPEN_DRIVE_5M,611,NEW_YORK_0930,US100,LONG,1726061400,2024-09-11T13:30:00,1726061700,2024-09-11T13:35:00,1726065240,2024-09-11T14:34:00,3.75,12.75,0.02,0.255,18775.59,18776.84,18787.96,18789.21,1.25,TIME_60_M1,0.8721568627450181,0.22239999999997964,0.025,0.19739999999997965,16.72979999998427,16.95219999998425,-103.77210000001557,-103.5747000000156
OPEN_DRIVE_5M,612,LONDON_0800,US30,LONG,1726124400,2024-09-12T07:00:00,1726124700,2024-09-12T07:05:00,1726125660,2024-09-12T07:21:00,1.25,7.0,0.04,0.28,40907.07,40908.17,40901.17,40902.27,1.1,STOP_ADVERSE_FIRST,-1.0,-0.28,0.044000000000000004,-0.324,16.95219999998425,16.672199999984247,-103.5747000000156,-103.8987000000156
OPEN_DRIVE_5M,613,LONDON_0800,US100,SHORT,1726124400,2024-09-12T07:00:00,1726124700,2024-09-12T07:05:00,1726126440,2024-09-12T07:34:00,-3.0,8.119999999998981,0.04,0.3247999999999593,19283.93,19285.18,19290.8,19292.05,1.25,STOP_ADVERSE_FIRST,-1.0,-0.3247999999999593,0.05,-0.3747999999999593,16.672199999984247,16.347399999984287,-103.8987000000156,-104.27350000001556
OPEN_DRIVE_5M,614,NEW_YORK_0930,US100,LONG,1726147800,2024-09-12T13:30:00,1726148100,2024-09-12T13:35:00,1726148640,2024-09-12T13:44:00,5.5,10.5,0.03,0.315,19269.05,19270.3,19286.05,19287.3,1.25,TAKE,1.5,0.4725,0.0375,0.435,16.347399999984287,16.819899999984287,-104.27350000001556,-103.83850000001556
OPEN_DRIVE_5M,615,NEW_YORK_0930,US30,LONG,1726147800,2024-09-12T13:30:00,1726148100,2024-09-12T13:35:00,1726150980,2024-09-12T14:23:00,6.0,15.25,0.02,0.305,40945.82,40946.92,40931.67,40932.77,1.1,STOP_ADVERSE_FIRST,-1.0,-0.305,0.022000000000000002,-0.327,16.819899999984287,16.514899999984287,-103.83850000001556,-104.16550000001556
OPEN_DRIVE_5M,616,LONDON_0800,US30,LONG,1726210800,2024-09-13T07:00:00,1726211100,2024-09-13T07:05:00,1726211160,2024-09-13T07:06:00,1.75,4.0,0.08,0.32,41149.25,41150.35,41146.35,41147.45,1.1,STOP_ADVERSE_FIRST,-1.0,-0.32,0.08800000000000001,-0.40800000000000003,16.514899999984287,16.194899999984287,-104.16550000001556,-104.57350000001556
OPEN_DRIVE_5M,617,LONDON_0800,US100,SHORT,1726210800,2024-09-13T07:00:00,1726211100,2024-09-13T07:05:00,1726213620,2024-09-13T07:47:00,-2.5,5.5,0.06,0.32999999999999996,19427.99,19429.24,19432.24,19433.49,1.25,STOP_ADVERSE_FIRST,-1.0,-0.32999999999999996,0.075,-0.40499999999999997,16.194899999984287,15.864899999984287,-104.57350000001556,-104.97850000001556
OPEN_DRIVE_5M,618,NEW_YORK_0930,US100,LONG,1726234200,2024-09-13T13:30:00,1726234500,2024-09-13T13:35:00,1726234500,2024-09-13T13:35:00,1.6300000000010186,5.75,0.05,0.28750000000000003,19449.24,19450.49,19444.74,19445.99,1.25,STOP_ADVERSE_FIRST,-1.0,-0.28750000000000003,0.0625,-0.35000000000000003,15.864899999984287,15.577399999984287,-104.97850000001556,-105.32850000001555
OPEN_DRIVE_5M,619,NEW_YORK_0930,US30,LONG,1726234200,2024-09-13T13:30:00,1726234500,2024-09-13T13:35:00,1726234560,2024-09-13T13:36:00,9.0,13.5,0.02,0.27,41205.25,41206.35,41192.85,41193.95,1.1,STOP_ADVERSE_FIRST,-1.0,-0.27,0.022000000000000002,-0.29200000000000004,15.577399999984287,15.307399999984288,-105.32850000001555,-105.62050000001555
OPEN_DRIVE_5M,620,LONDON_0800,US30,SHORT,1726470000,2024-09-16T07:00:00,1726470300,2024-09-16T07:05:00,1726471140,2024-09-16T07:19:00,-4.25,5.75,0.05,0.28750000000000003,41440.11,41441.21,41444.76,41445.86,1.1,STOP_ADVERSE_FIRST,-1.0,-0.28750000000000003,0.05500000000000001,-0.3425,15.307399999984288,15.019899999984288,-105.62050000001555,-105.96300000001555
OPEN_DRIVE_5M,621,LONDON_0800,US100,SHORT,1726470000,2024-09-16T07:00:00,1726470300,2024-09-16T07:05:00,1726473300,2024-09-16T07:55:00,-5.25,8.0,0.03,0.24,19515.84,19517.09,19522.59,19523.84,1.25,STOP_ADVERSE_FIRST,-1.0,-0.24,0.0375,-0.27749999999999997,15.019899999984288,14.779899999984288,-105.96300000001555,-106.24050000001556
OPEN_DRIVE_5M,622,NEW_YORK_0930,US30,LONG,1726493400,2024-09-16T13:30:00,1726493700,2024-09-16T13:35:00,1726493880,2024-09-16T13:38:00,1.25,8.0,0.03,0.24,41476.36,41477.46,41469.46,41470.56,1.1,STOP_ADVERSE_FIRST,-1.0,-0.24,0.033,-0.273,14.779899999984288,14.539899999984288,-106.24050000001556,-106.51350000001555
OPEN_DRIVE_5M,623,NEW_YORK_0930,US100,SHORT,1726493400,2024-09-16T13:30:00,1726493700,2024-09-16T13:35:00,1726494060,2024-09-16T13:41:00,-1.1199999999989814,7.869999999998981,0.03,0.23609999999996945,19461.59,19462.84,19468.21,19469.46,1.25,STOP_ADVERSE_FIRST,-1.0,-0.23609999999996945,0.0375,-0.2735999999999694,14.539899999984288,14.303799999984317,-106.51350000001555,-106.78710000001553
OPEN_DRIVE_5M,624,LONDON_0800,US100,SHORT,1726556400,2024-09-17T07:00:00,1726556700,2024-09-17T07:05:00,1726557000,2024-09-17T07:10:00,-2.1199999999989814,7.0,0.04,0.28,19406.92,19408.17,19412.67,19413.92,1.25,STOP_ADVERSE_FIRST,-1.0,-0.28,0.05,-0.33,14.303799999984317,14.023799999984318,-106.78710000001553,-107.11710000001553
OPEN_DRIVE_5M,625,LONDON_0800,US30,SHORT,1726556400,2024-09-17T07:00:00,1726556700,2024-09-17T07:05:00,1726557060,2024-09-17T07:11:00,-3.5,8.5,0.03,0.255,41610.21,41611.31,41617.61,41618.71,1.1,STOP_ADVERSE_FIRST,-1.0,-0.255,0.033,-0.28800000000000003,14.023799999984318,13.768799999984317,-107.11710000001553,-107.40510000001552
OPEN_DRIVE_5M,626,NEW_YORK_0930,US100,LONG,1726579800,2024-09-17T13:30:00,1726580100,2024-09-17T13:35:00,1726580220,2024-09-17T13:37:00,4.0,6.75,0.04,0.27,19543.42,19544.67,19537.92,19539.17,1.25,STOP_ADVERSE_FIRST,-1.0,-0.27,0.05,-0.32,13.768799999984317,13.498799999984318,-107.40510000001552,-107.72510000001552
OPEN_DRIVE_5M,627,NEW_YORK_0930,US30,LONG,1726579800,2024-09-17T13:30:00,1726580100,2024-09-17T13:35:00,1726580340,2024-09-17T13:39:00,0.5,8.75,0.03,0.2625,41761.96,41763.06,41754.31,41755.409999999996,1.1,STOP_ADVERSE_FIRST,-1.0,-0.2625,0.033,-0.2955,13.498799999984318,13.236299999984318,-107.72510000001552,-108.02060000001552
OPEN_DRIVE_5M,628,LONDON_0800,US100,SHORT,1726642800,2024-09-18T07:00:00,1726643100,2024-09-18T07:05:00,1726643160,2024-09-18T07:06:00,-2.25,4.119999999998981,0.06,0.24719999999993889,19444.66,19445.91,19447.53,19448.78,1.25,STOP_ADVERSE_FIRST,-1.0,-0.24719999999993889,0.075,-0.32219999999993887,13.236299999984318,12.98909999998438,-108.02060000001552,-108.34280000001546
OPEN_DRIVE_5M,629,LONDON_0800,US30,SHORT,1726642800,2024-09-18T07:00:00,1726643100,2024-09-18T07:05:00,1726643220,2024-09-18T07:07:00,-3.75,5.5,0.04,0.22,41662.22,41663.32,41666.62,41667.72,1.1,STOP_ADVERSE_FIRST,-1.0,-0.22,0.044000000000000004,-0.264,12.98909999998438,12.769099999984379,-108.34280000001546,-108.60680000001545
OPEN_DRIVE_5M,630,NEW_YORK_0930,US30,SHORT,1726666200,2024-09-18T13:30:00,1726666500,2024-09-18T13:35:00,1726666680,2024-09-18T13:38:00,-1.0,6.25,0.04,0.25,41698.97,41700.07,41688.495,41689.595,1.1,TAKE,1.5,0.375,0.044000000000000004,0.331,12.769099999984379,13.144099999984379,-108.60680000001545,-108.27580000001545
OPEN_DRIVE_5M,631,NEW_YORK_0930,US100,LONG,1726666200,2024-09-18T13:30:00,1726666500,2024-09-18T13:35:00,1726668420,2024-09-18T14:07:00,4.0,7.369999999998981,0.03,0.22109999999996943,19467.28,19468.53,19479.585,19480.835,1.25,TAKE,1.5000000000002467,0.3316500000000087,0.0375,0.29415000000000874,13.144099999984379,13.475749999984387,-108.27580000001545,-107.98165000001545
OPEN_DRIVE_5M,632,LONDON_0800,US100,SHORT,1726729200,2024-09-19T07:00:00,1726729500,2024-09-19T07:05:00,1726733040,2024-09-19T08:04:00,-12.869999999998981,20.25,0.01,0.2025,19612.03,19613.28,19624.91,19626.16,1.25,TIME_60_M1,-0.6977777777778281,-0.1413000000000102,0.0125,-0.1538000000000102,13.475749999984387,13.334449999984377,-107.98165000001545,-108.13545000001545
OPEN_DRIVE_5M,633,LONDON_0800,US30,SHORT,1726729200,2024-09-19T07:00:00,1726729500,2024-09-19T07:05:00,1726733040,2024-09-19T08:04:00,-12.75,18.0,0.01,0.18,41767.41,41768.51,41764.41,41765.51,1.1,TIME_60_M1,0.10555555555563642,0.019000000000014554,0.011000000000000001,0.008000000000014553,13.334449999984377,13.353449999984392,-108.13545000001545,-108.12745000001544
OPEN_DRIVE_5M,634,NEW_YORK_0930,US100,LONG,1726752600,2024-09-19T13:30:00,1726752900,2024-09-19T13:35:00,1726753380,2024-09-19T13:43:00,5.75,7.75,0.03,0.23249999999999998,19758.16,19759.41,19751.66,19752.91,1.25,STOP_ADVERSE_FIRST,-1.0,-0.23249999999999998,0.0375,-0.26999999999999996,13.353449999984392,13.120949999984392,-108.12745000001544,-108.39745000001544
OPEN_DRIVE_5M,635,NEW_YORK_0930,US30,LONG,1726752600,2024-09-19T13:30:00,1726752900,2024-09-19T13:35:00,1726754340,2024-09-19T13:59:00,1.0,9.0,0.02,0.18,42000.91,42002.01,41993.01,41994.11,1.1,STOP_ADVERSE_FIRST,-1.0,-0.18,0.022000000000000002,-0.20199999999999999,13.120949999984392,12.940949999984392,-108.39745000001544,-108.59945000001544
OPEN_DRIVE_5M,636,LONDON_0800,US100,SHORT,1726815600,2024-09-20T07:00:00,1726815900,2024-09-20T07:05:00,1726816320,2024-09-20T07:12:00,-2.1300000000010186,7.75,0.03,0.23249999999999998,19812.36,19813.760000000002,19818.71,19820.11,1.4000000000000001,STOP_ADVERSE_FIRST,-1.0,-0.23249999999999998,0.042,-0.27449999999999997,12.940949999984392,12.708449999984392,-108.59945000001544,-108.87395000001544
OPEN_DRIVE_5M,637,LONDON_0800,US30,SHORT,1726815600,2024-09-20T07:00:00,1726815900,2024-09-20T07:05:00,1726817400,2024-09-20T07:30:00,-0.75,9.75,0.02,0.195,42038.67,42040.27,42046.82,42048.42,1.6,STOP_ADVERSE_FIRST,-1.0,-0.195,0.032,-0.227,12.708449999984392,12.513449999984392,-108.87395000001544,-109.10095000001544
OPEN_DRIVE_5M,638,NEW_YORK_0930,US30,SHORT,1726839000,2024-09-20T13:30:00,1726839300,2024-09-20T13:35:00,1726839660,2024-09-20T13:41:00,-3.0,7.75,0.03,0.23249999999999998,42081.77,42083.17,42088.119999999995,42089.52,1.4000000000000001,STOP_ADVERSE_FIRST,-1.0,-0.23249999999999998,0.042,-0.27449999999999997,12.513449999984392,12.280949999984392,-109.10095000001544,-109.37545000001545
OPEN_DRIVE_5M,639,NEW_YORK_0930,US100,SHORT,1726839000,2024-09-20T13:30:00,1726839300,2024-09-20T13:35:00,1726840260,2024-09-20T13:51:00,-5.119999999998981,11.25,0.02,0.225,19773.49,19774.890000000003,19755.215,19756.615,1.4000000000000001,TAKE,1.5,0.3375,0.028000000000000004,0.3095,12.280949999984392,12.618449999984392,-109.37545000001545,-109.06595000001545
OPEN_DRIVE_5M,640,LONDON_0800,US100,LONG,1727074800,2024-09-23T07:00:00,1727075100,2024-09-23T07:05:00,1727077680,2024-09-23T07:48:00,2.75,8.130000000001019,0.03,0.24390000000003054,19920.84,19922.24,19914.11,19915.510000000002,1.4000000000000001,STOP_ADVERSE_FIRST,-1.0,-0.24390000000003054,0.042,-0.2859000000000305,12.618449999984392,12.374549999984362,-109.06595000001545,-109.35185000001547
OPEN_DRIVE_5M,641,LONDON_0800,US30,LONG,1727074800,2024-09-23T07:00:00,1727075100,2024-09-23T07:05:00,1727078640,2024-09-23T08:04:00,2.5,7.0,0.03,0.21,42133.35,42134.95,42133.85,42135.45,1.6,TIME_60_M1,-0.15714285714264925,-0.03299999999995634,0.048,-0.08099999999995634,12.374549999984362,12.341549999984405,-109.35185000001547,-109.43285000001543
OPEN_DRIVE_5M,642,NEW_YORK_0930,US100,LONG,1727098200,2024-09-23T13:30:00,1727098500,2024-09-23T13:35:00,1727098860,2024-09-23T13:41:00,1.6199999999989814,5.5,0.04,0.22,19852.84,19854.24,19862.49,19863.890000000003,1.4000000000000001,TAKE,1.5,0.33,0.05600000000000001,0.274,12.341549999984405,12.671549999984405,-109.43285000001543,-109.15885000001543
OPEN_DRIVE_5M,643,NEW_YORK_0930,US30,SHORT,1727098200,2024-09-23T13:30:00,1727098500,2024-09-23T13:35:00,1727100900,2024-09-23T14:15:00,-4.5,10.5,0.02,0.21,42091.95,42093.35,42074.799999999996,42076.2,1.4000000000000001,TAKE,1.5,0.315,0.028000000000000004,0.287,12.671549999984405,12.986549999984405,-109.15885000001543,-108.87185000001543
OPEN_DRIVE_5M,644,LONDON_0800,US30,LONG,1727161200,2024-09-24T07:00:00,1727161500,2024-09-24T07:05:00,1727161800,2024-09-24T07:10:00,3.0,6.0,0.04,0.24,42058.28,42059.88,42053.88,42055.479999999996,1.6,STOP_ADVERSE_FIRST,-1.0,-0.24,0.064,-0.304,12.986549999984405,12.746549999984405,-108.87185000001543,-109.17585000001543
OPEN_DRIVE_5M,645,LONDON_0800,US100,SHORT,1727161200,2024-09-24T07:00:00,1727161500,2024-09-24T07:05:00,1727162520,2024-09-24T07:22:00,-2.25,7.25,0.03,0.2175,19823.69,19825.09,19829.539999999997,19830.94,1.4000000000000001,STOP_ADVERSE_FIRST,-1.0,-0.2175,0.042,-0.2595,12.746549999984405,12.529049999984405,-109.17585000001543,-109.43535000001543
OPEN_DRIVE_5M,646,NEW_YORK_0930,US100,LONG,1727184600,2024-09-24T13:30:00,1727184900,2024-09-24T13:35:00,1727185320,2024-09-24T13:42:00,1.3800000000010186,6.5,0.03,0.195,19918.07,19919.47,19929.22,19930.620000000003,1.4000000000000001,TAKE,1.4999999999999998,0.2925,0.042,0.2505,12.529049999984405,12.821549999984406,-109.43535000001543,-109.18485000001543
OPEN_DRIVE_5M,647,NEW_YORK_0930,US30,LONG,1727184600,2024-09-24T13:30:00,1727184900,2024-09-24T13:35:00,1727185500,2024-09-24T13:45:00,7.25,9.5,0.02,0.19,42210.38,42211.78,42202.28,42203.68,1.4000000000000001,STOP_ADVERSE_FIRST,-1.0,-0.19,0.028000000000000004,-0.218,12.821549999984406,12.631549999984406,-109.18485000001543,-109.40285000001543
OPEN_DRIVE_5M,648,LONDON_0800,US100,LONG,1727247600,2024-09-25T07:00:00,1727247900,2024-09-25T07:05:00,1727248620,2024-09-25T07:17:00,4.5,6.880000000001019,0.03,0.20640000000003056,19911.07,19912.47,19905.59,19906.99,1.4000000000000001,STOP_ADVERSE_FIRST,-1.0,-0.20640000000003056,0.042,-0.24840000000003057,12.631549999984406,12.425149999984376,-109.40285000001543,-109.65125000001547
OPEN_DRIVE_5M,649,NEW_YORK_0930,US100,LONG,1727271000,2024-09-25T13:30:00,1727271300,2024-09-25T13:35:00,1727271720,2024-09-25T13:42:00,3.0,8.5,0.02,0.17,19905.19,19906.59,19898.09,19899.49,1.4000000000000001,STOP_ADVERSE_FIRST,-1.0,-0.17,0.028000000000000004,-0.198,12.425149999984376,12.255149999984376,-109.65125000001547,-109.84925000001546
OPEN_DRIVE_5M,650,NEW_YORK_0930,US30,LONG,1727271000,2024-09-25T13:30:00,1727271300,2024-09-25T13:35:00,1727272740,2024-09-25T13:59:00,8.0,13.0,0.01,0.13,42248.83,42250.23,42269.73,42271.130000000005,1.4000000000000001,TAKE,1.5,0.195,0.014000000000000002,0.181,12.255149999984376,12.450149999984376,-109.84925000001546,-109.66825000001546
OPEN_DRIVE_5M,651,LONDON_0800,US30,SHORT,1727334000,2024-09-26T07:00:00,1727334300,2024-09-26T07:05:00,1727334540,2024-09-26T07:09:00,-7.0,9.25,0.02,0.185,42011.41,42013.01,42019.060000000005,42020.66,1.6,STOP_ADVERSE_FIRST,-1.0,-0.185,0.032,-0.217,12.450149999984376,12.265149999984375,-109.66825000001546,-109.88525000001546
OPEN_DRIVE_5M,652,LONDON_0800,US100,SHORT,1727334000,2024-09-26T07:00:00,1727334300,2024-09-26T07:05:00,1727334600,2024-09-26T07:10:00,-5.880000000001019,8.130000000001019,0.03,0.24390000000003054,20139.43,20140.83,20146.16,20147.56,1.4000000000000001,STOP_ADVERSE_FIRST,-1.0,-0.24390000000003054,0.042,-0.2859000000000305,12.265149999984375,12.021249999984345,-109.88525000001546,-110.17115000001549
OPEN_DRIVE_5M,653,NEW_YORK_0930,US100,SHORT,1727357400,2024-09-26T13:30:00,1727357700,2024-09-26T13:35:00,1727358000,2024-09-26T13:40:00,-0.6199999999989814,6.25,0.03,0.1875,20257.31,20258.710000000003,20262.16,20263.56,1.4000000000000001,STOP_ADVERSE_FIRST,-1.0,-0.1875,0.042,-0.2295,12.021249999984345,11.833749999984345,-110.17115000001549,-110.40065000001549
OPEN_DRIVE_5M,654,NEW_YORK_0930,US30,LONG,1727357400,2024-09-26T13:30:00,1727357700,2024-09-26T13:35:00,1727358720,2024-09-26T13:52:00,0.75,9.5,0.02,0.19,42121.01,42122.41,42136.66,42138.060000000005,1.4000000000000001,TAKE,1.5000000000000002,0.28500000000000003,0.028000000000000004,0.257,11.833749999984345,12.118749999984345,-110.40065000001549,-110.14365000001548
OPEN_DRIVE_5M,655,LONDON_0800,US100,SHORT,1727420400,2024-09-27T07:00:00,1727420700,2024-09-27T07:05:00,1727420700,2024-09-27T07:05:00,-0.25,6.869999999998981,0.03,0.20609999999996945,20104.39,20105.79,20109.859999999997,20111.26,1.4000000000000001,STOP_ADVERSE_FIRST,-1.0,-0.20609999999996945,0.042,-0.24809999999996946,12.118749999984345,11.912649999984376,-110.14365000001548,-110.39175000001545
OPEN_DRIVE_5M,656,LONDON_0800,US30,LONG,1727420400,2024-09-27T07:00:00,1727420700,2024-09-27T07:05:00,1727424240,2024-09-27T08:04:00,4.0,10.0,0.02,0.2,42193.1,42194.7,42201.6,42203.2,1.6,TIME_60_M1,0.6900000000001455,0.1380000000000291,0.032,0.1060000000000291,11.912649999984376,12.050649999984405,-110.39175000001545,-110.28575000001543
OPEN_DRIVE_5M,657,NEW_YORK_0930,US100,SHORT,1727443800,2024-09-27T13:30:00,1727444100,2024-09-27T13:35:00,1727445060,2024-09-27T13:51:00,-3.75,7.630000000001019,0.03,0.22890000000003055,20078.14,20079.54,20084.37,20085.77,1.4000000000000001,STOP_ADVERSE_FIRST,-1.0,-0.22890000000003055,0.042,-0.27090000000003056,12.050649999984405,11.821749999984373,-110.28575000001543,-110.55665000001545
OPEN_DRIVE_5M,658,NEW_YORK_0930,US30,SHORT,1727443800,2024-09-27T13:30:00,1727444100,2024-09-27T13:35:00,1727445600,2024-09-27T14:00:00,-3.25,11.0,0.02,0.22,42194.7,42196.1,42176.799999999996,42178.2,1.4000000000000001,TAKE,1.5,0.33,0.028000000000000004,0.302,11.821749999984373,12.151749999984373,-110.55665000001545,-110.25465000001545
OPEN_DRIVE_5M,659,LONDON_0800,US30,LONG,1727679600,2024-09-30T07:00:00,1727679900,2024-09-30T07:05:00,1727680440,2024-09-30T07:14:00,3.0,7.0,0.03,0.21,42344.01,42345.61,42338.61,42340.21,1.6,STOP_ADVERSE_FIRST,-1.0,-0.21,0.048,-0.258,12.151749999984373,11.941749999984372,-110.25465000001545,-110.51265000001544
OPEN_DRIVE_5M,660,LONDON_0800,US100,LONG,1727679600,2024-09-30T07:00:00,1727679900,2024-09-30T07:05:00,1727680500,2024-09-30T07:15:00,2.6300000000010186,7.75,0.03,0.23249999999999998,20013.83,20015.230000000003,20007.480000000003,20008.880000000005,1.4000000000000001,STOP_ADVERSE_FIRST,-1.0,-0.23249999999999998,0.042,-0.27449999999999997,11.941749999984372,11.709249999984372,-110.51265000001544,-110.78715000001544
OPEN_DRIVE_5M,661,NEW_YORK_0930,US100,SHORT,1727703000,2024-09-30T13:30:00,1727703300,2024-09-30T13:35:00,1727705400,2024-09-30T14:10:00,-11.75,18.88000000000102,0.01,0.18880000000001018,19985.2,19986.600000000002,19955.479999999996,19956.879999999997,1.4000000000000001,TAKE,1.5000000000000964,0.2832000000000335,0.014000000000000002,0.26920000000003347,11.709249999984372,11.992449999984405,-110.78715000001544,-110.5179500000154
OPEN_DRIVE_5M,662,NEW_YORK_0930,US30,SHORT,1727703000,2024-09-30T13:30:00,1727703300,2024-09-30T13:35:00,1727705460,2024-09-30T14:11:00,-14.25,21.0,0.01,0.21,42285.11,42286.51,42252.21,42253.61,1.4000000000000001,TAKE,1.5,0.315,0.014000000000000002,0.301,11.992449999984405,12.307449999984405,-110.5179500000154,-110.2169500000154
OPEN_DRIVE_5M,663,LONDON_0800,US30,SHORT,1727766000,2024-10-01T07:00:00,1727766300,2024-10-01T07:05:00,1727766420,2024-10-01T07:07:00,-2.5,5.5,0.04,0.22,42302.44,42304.04,42306.340000000004,42307.94,1.6,STOP_ADVERSE_FIRST,-1.0,-0.22,0.064,-0.28400000000000003,12.307449999984405,12.087449999984404,-110.2169500000154,-110.50095000001541
OPEN_DRIVE_5M,664,LONDON_0800,US100,SHORT,1727766000,2024-10-01T07:00:00,1727766300,2024-10-01T07:05:00,1727766900,2024-10-01T07:15:00,-6.0,10.0,0.02,0.2,20074.32,20075.72,20057.92,20059.32,1.4000000000000001,TAKE,1.4999999999999998,0.3,0.028000000000000004,0.27199999999999996,12.087449999984404,12.387449999984405,-110.50095000001541,-110.2289500000154
OPEN_DRIVE_5M,665,NEW_YORK_0930,US100,LONG,1727789400,2024-10-01T13:30:00,1727789700,2024-10-01T13:35:00,1727790960,2024-10-01T13:56:00,0.8800000000010186,8.5,0.02,0.17,20091.07,20092.47,20105.22,20106.620000000003,1.4000000000000001,TAKE,1.5,0.255,0.028000000000000004,0.227,12.387449999984405,12.642449999984406,-110.2289500000154,-110.0019500000154
OPEN_DRIVE_5M,666,NEW_YORK_0930,US30,SHORT,1727789400,2024-10-01T13:30:00,1727789700,2024-10-01T13:35:00,1727791020,2024-10-01T13:57:00,-8.0,14.5,0.01,0.145,42204.79,42206.19,42217.89,42219.29,1.4000000000000001,STOP_ADVERSE_FIRST,-1.0,-0.145,0.014000000000000002,-0.159,12.642449999984406,12.497449999984406,-110.0019500000154,-110.1609500000154
OPEN_DRIVE_5M,667,LONDON_0800,US100,SHORT,1727852400,2024-10-02T07:00:00,1727852700,2024-10-02T07:05:00,1727853720,2024-10-02T07:22:00,-1.8699999999989814,6.630000000001019,0.03,0.19890000000003055,19777.29,19778.690000000002,19765.945,19767.345,1.4000000000000001,TAKE,1.4999999999997256,0.29834999999999123,0.042,0.25634999999999125,12.497449999984406,12.795799999984396,-110.1609500000154,-109.9046000000154
OPEN_DRIVE_5M,668,LONDON_0800,US30,SHORT,1727852400,2024-10-02T07:00:00,1727852700,2024-10-02T07:05:00,1727854140,2024-10-02T07:29:00,-5.0,7.25,0.03,0.2175,42093.61,42095.21,42081.135,42082.735,1.6,TAKE,1.5,0.32625,0.048,0.27825,12.795799999984396,13.122049999984396,-109.9046000000154,-109.6263500000154
OPEN_DRIVE_5M,669,NEW_YORK_0930,US30,LONG,1727875800,2024-10-02T13:30:00,1727876100,2024-10-02T13:35:00,1727877300,2024-10-02T13:55:00,40.0,41.75,0.01,0.4175,42052.71,42054.11,42012.36,42013.76,1.4000000000000001,STOP_ADVERSE_FIRST,-1.0,-0.4175,0.014000000000000002,-0.4315,13.122049999984396,12.704549999984396,-109.6263500000154,-110.0578500000154
OPEN_DRIVE_5M,670,NEW_YORK_0930,US100,LONG,1727875800,2024-10-02T13:30:00,1727876100,2024-10-02T13:35:00,1727878140,2024-10-02T14:09:00,25.5,26.38000000000102,0.01,0.2638000000000102,19745.54,19746.940000000002,19720.56,19721.960000000003,1.4000000000000001,STOP_ADVERSE_FIRST,-1.0,-0.2638000000000102,0.014000000000000002,-0.2778000000000102,12.704549999984396,12.440749999984385,-110.0578500000154,-110.33565000001542
OPEN_DRIVE_5M,671,LONDON_0800,US30,LONG,1727938800,2024-10-03T07:00:00,1727939100,2024-10-03T07:05:00,1727940120,2024-10-03T07:22:00,2.5,7.0,0.03,0.21,42148.94,42150.54,42143.54,42145.14,1.6,STOP_ADVERSE_FIRST,-1.0,-0.21,0.048,-0.258,12.440749999984385,12.230749999984385,-110.33565000001542,-110.59365000001542
OPEN_DRIVE_5M,672,LONDON_0800,US100,LONG,1727938800,2024-10-03T07:00:00,1727939100,2024-10-03T07:05:00,1727941320,2024-10-03T07:42:00,2.0,6.619999999998981,0.03,0.19859999999996944,19748.99,19750.390000000003,19743.770000000004,19745.170000000006,1.4000000000000001,STOP_ADVERSE_FIRST,-1.0,-0.19859999999996944,0.042,-0.24059999999996945,12.230749999984385,12.032149999984416,-110.59365000001542,-110.83425000001539
OPEN_DRIVE_5M,673,NEW_YORK_0930,US30,LONG,1727962200,2024-10-03T13:30:00,1727962500,2024-10-03T13:35:00,1727962500,2024-10-03T13:35:00,0.25,8.5,0.02,0.17,42054.04,42055.44,42046.94,42048.340000000004,1.4000000000000001,STOP_ADVERSE_FIRST,-1.0,-0.17,0.028000000000000004,-0.198,12.032149999984416,11.862149999984416,-110.83425000001539,-111.03225000001538
OPEN_DRIVE_5M,674,NEW_YORK_0930,US100,LONG,1727962200,2024-10-03T13:30:00,1727962500,2024-10-03T13:35:00,1727962560,2024-10-03T13:36:00,4.5,8.130000000001019,0.02,0.16260000000002037,19725.11,19726.510000000002,19718.38,19719.780000000002,1.4000000000000001,STOP_ADVERSE_FIRST,-1.0,-0.16260000000002037,0.028000000000000004,-0.19060000000002036,11.862149999984416,11.699549999984395,-111.03225000001538,-111.2228500000154
OPEN_DRIVE_5M,675,LONDON_0800,US30,LONG,1728025200,2024-10-04T07:00:00,1728025500,2024-10-04T07:05:00,1728026460,2024-10-04T07:21:00,3.25,6.5,0.03,0.195,41993.47,41995.07,41988.57,41990.17,1.6,STOP_ADVERSE_FIRST,-1.0,-0.195,0.048,-0.243,11.699549999984395,11.504549999984395,-111.2228500000154,-111.4658500000154
OPEN_DRIVE_5M,676,LONDON_0800,US100,LONG,1728025200,2024-10-04T07:00:00,1728025500,2024-10-04T07:05:00,1728027660,2024-10-04T07:41:00,9.25,13.5,0.01,0.135,19822.05,19823.45,19809.95,19811.350000000002,1.4000000000000001,STOP_ADVERSE_FIRST,-1.0,-0.135,0.014000000000000002,-0.14900000000000002,11.504549999984395,11.369549999984395,-111.4658500000154,-111.6148500000154
OPEN_DRIVE_5M,677,NEW_YORK_0930,US100,LONG,1728048600,2024-10-04T13:30:00,1728048900,2024-10-04T13:35:00,1728049620,2024-10-04T13:47:00,8.0,10.25,0.02,0.20500000000000002,19865.05,19866.45,19856.2,19857.600000000002,1.4000000000000001,STOP_ADVERSE_FIRST,-1.0,-0.20500000000000002,0.028000000000000004,-0.233,11.369549999984395,11.164549999984395,-111.6148500000154,-111.8478500000154
OPEN_DRIVE_5M,678,NEW_YORK_0930,US30,LONG,1728048600,2024-10-04T13:30:00,1728048900,2024-10-04T13:35:00,1728049740,2024-10-04T13:49:00,9.0,15.0,0.01,0.15,42027.32,42028.72,42013.72,42015.12,1.4000000000000001,STOP_ADVERSE_FIRST,-1.0,-0.15,0.014000000000000002,-0.164,11.164549999984395,11.014549999984395,-111.8478500000154,-112.0118500000154
OPEN_DRIVE_5M,679,LONDON_0800,US100,LONG,1728284400,2024-10-07T07:00:00,1728284700,2024-10-07T07:05:00,1728285000,2024-10-07T07:10:00,2.8699999999989814,5.119999999998981,0.04,0.20479999999995926,20032.14,20033.54,20028.420000000002,20029.820000000003,1.4000000000000001,STOP_ADVERSE_FIRST,-1.0,-0.20479999999995926,0.05600000000000001,-0.2607999999999593,11.014549999984395,10.809749999984435,-112.0118500000154,-112.27265000001536
OPEN_DRIVE_5M,680,LONDON_0800,US30,LONG,1728284400,2024-10-07T07:00:00,1728284700,2024-10-07T07:05:00,1728285120,2024-10-07T07:12:00,1.0,3.75,0.05,0.1875,42332.85,42334.45,42330.7,42332.299999999996,1.6,STOP_ADVERSE_FIRST,-1.0,-0.1875,0.08000000000000002,-0.2675,10.809749999984435,10.622249999984435,-112.27265000001536,-112.54015000001536
OPEN_DRIVE_5M,681,NEW_YORK_0930,US100,LONG,1728307800,2024-10-07T13:30:00,1728308100,2024-10-07T13:35:00,1728308580,2024-10-07T13:43:00,6.75,9.25,0.02,0.185,19908.77,19910.170000000002,19900.920000000002,19902.320000000003,1.4000000000000001,STOP_ADVERSE_FIRST,-1.0,-0.185,0.028000000000000004,-0.213,10.622249999984435,10.437249999984434,-112.54015000001536,-112.75315000001535
OPEN_DRIVE_5M,682,NEW_YORK_0930,US30,LONG,1728307800,2024-10-07T13:30:00,1728308100,2024-10-07T13:35:00,1728308580,2024-10-07T13:43:00,5.0,9.0,0.02,0.18,42174.2,42175.6,42166.6,42168.0,1.4000000000000001,STOP_ADVERSE_FIRST,-1.0,-0.18,0.028000000000000004,-0.208,10.437249999984434,10.257249999984435,-112.75315000001535,-112.96115000001535
OPEN_DRIVE_5M,683,LONDON_0800,US100,LONG,1728370800,2024-10-08T07:00:00,1728371100,2024-10-08T07:05:00,1728373740,2024-10-08T07:49:00,6.5,10.12999999999738,0.02,0.20259999999994763,19803.54,19804.940000000002,19820.135,19821.535,1.4000000000000001,TAKE,1.4999999999999998,0.3038999999999214,0.028000000000000004,0.2758999999999214,10.257249999984435,10.561149999984355,-112.96115000001535,-112.68525000001543
OPEN_DRIVE_5M,684,LONDON_0800,US30,LONG,1728370800,2024-10-08T07:00:00,1728371100,2024-10-08T07:05:00,1728373740,2024-10-08T07:49:00,1.0,9.75,0.02,0.195,41921.06,41922.659999999996,41937.284999999996,41938.884999999995,1.6,TAKE,1.4999999999999998,0.2925,0.032,0.26049999999999995,10.561149999984355,10.853649999984356,-112.68525000001543,-112.42475000001544
OPEN_DRIVE_5M,685,NEW_YORK_0930,US30,SHORT,1728394200,2024-10-08T13:30:00,1728394500,2024-10-08T13:35:00,1728395940,2024-10-08T13:59:00,-28.5,37.75,0.01,0.3775,41983.91,41985.310000000005,42020.26,42021.66,1.4000000000000001,STOP_ADVERSE_FIRST,-1.0,-0.3775,0.014000000000000002,-0.3915,10.853649999984356,10.476149999984356,-112.42475000001544,-112.81625000001543
OPEN_DRIVE_5M,686,NEW_YORK_0930,US100,SHORT,1728394200,2024-10-08T13:30:00,1728394500,2024-10-08T13:35:00,1728397980,2024-10-08T14:33:00,-24.87000000000262,33.62999999999738,0.01,0.3362999999999738,19877.42,19878.82,19909.649999999994,19911.049999999996,1.4000000000000001,STOP_ADVERSE_FIRST,-1.0,-0.3362999999999738,0.014000000000000002,-0.3502999999999738,10.476149999984356,10.139849999984383,-112.81625000001543,-113.1665500000154
OPEN_DRIVE_5M,687,LONDON_0800,US30,LONG,1728457200,2024-10-09T07:00:00,1728457500,2024-10-09T07:05:00,1728459480,2024-10-09T07:38:00,0.5,4.0,0.05,0.2,42046.76,42048.36,42044.36,42045.96,1.6,STOP_ADVERSE_FIRST,-1.0,-0.2,0.08000000000000002,-0.28,10.139849999984383,9.939849999984384,-113.1665500000154,-113.4465500000154
OPEN_DRIVE_5M,688,LONDON_0800,US100,LONG,1728457200,2024-10-09T07:00:00,1728457500,2024-10-09T07:05:00,1728460140,2024-10-09T07:49:00,4.130000000001019,6.380000000001019,0.03,0.19140000000003055,20056.53,20057.93,20051.55,20052.95,1.4000000000000001,STOP_ADVERSE_FIRST,-1.0,-0.19140000000003055,0.042,-0.23340000000003056,9.939849999984384,9.748449999984354,-113.4465500000154,-113.67995000001544
OPEN_DRIVE_5M,689,NEW_YORK_0930,US100,SHORT,1728480600,2024-10-09T13:30:00,1728480900,2024-10-09T13:35:00,1728481380,2024-10-09T13:43:00,-3.5,7.130000000001019,0.02,0.14260000000002038,20093.91,20095.31,20099.64,20101.04,1.4000000000000001,STOP_ADVERSE_FIRST,-1.0,-0.14260000000002038,0.028000000000000004,-0.17060000000002037,9.748449999984354,9.605849999984333,-113.67995000001544,-113.85055000001546
OPEN_DRIVE_5M,690,NEW_YORK_0930,US30,LONG,1728480600,2024-10-09T13:30:00,1728480900,2024-10-09T13:35:00,1728481800,2024-10-09T13:50:00,2.5,9.75,0.01,0.0975,42061.36,42062.76,42077.385,42078.785,1.4000000000000001,TAKE,1.4999999999999998,0.14625,0.014000000000000002,0.13224999999999998,9.605849999984333,9.752099999984333,-113.85055000001546,-113.71830000001546
OPEN_DRIVE_5M,691,LONDON_0800,US100,LONG,1728543600,2024-10-10T07:00:00,1728543900,2024-10-10T07:05:00,1728543900,2024-10-10T07:05:00,0.6300000000010186,1.8800000000010186,0.1,0.18800000000010186,20289.02,20290.420000000002,20288.54,20289.940000000002,1.4000000000000001,STOP_ADVERSE_FIRST,-1.0,-0.18800000000010186,0.14,-0.3280000000001019,9.752099999984333,9.564099999984231,-113.71830000001546,-114.04630000001556
OPEN_DRIVE_5M,692,LONDON_0800,US30,LONG,1728543600,2024-10-10T07:00:00,1728543900,2024-10-10T07:05:00,1728543960,2024-10-10T07:06:00,1.0,3.0,0.06,0.18,42546.98,42548.58,42545.58,42547.18,1.6,STOP_ADVERSE_FIRST,-1.0,-0.18,0.096,-0.276,9.564099999984231,9.384099999984231,-114.04630000001556,-114.32230000001556
OPEN_DRIVE_5M,693,NEW_YORK_0930,US100,LONG,1728567000,2024-10-10T13:30:00,1728567300,2024-10-10T13:35:00,1728567900,2024-10-10T13:45:00,8.630000000001019,9.5,0.01,0.095,20246.52,20247.920000000002,20238.420000000002,20239.820000000003,1.4000000000000001,STOP_ADVERSE_FIRST,-1.0,-0.095,0.014000000000000002,-0.109,9.384099999984231,9.28909999998423,-114.32230000001556,-114.43130000001555
OPEN_DRIVE_5M,694,NEW_YORK_0930,US30,LONG,1728567000,2024-10-10T13:30:00,1728567300,2024-10-10T13:35:00,1728568740,2024-10-10T13:59:00,23.0,25.5,0.01,0.255,42495.83,42497.23,42471.73,42473.130000000005,1.4000000000000001,STOP_ADVERSE_FIRST,-1.0,-0.255,0.014000000000000002,-0.269,9.28909999998423,9.03409999998423,-114.43130000001555,-114.70030000001556
OPEN_DRIVE_5M,695,LONDON_0800,US100,SHORT,1728630000,2024-10-11T07:00:00,1728630300,2024-10-11T07:05:00,1728633240,2024-10-11T07:54:00,-7.129999999997381,8.37999999999738,0.02,0.16759999999994762,20269.08,20270.480000000003,20255.110000000004,20256.510000000006,1.4000000000000001,TAKE,1.4999999999999998,0.2513999999999214,0.028000000000000004,0.2233999999999214,9.03409999998423,9.285499999984152,-114.70030000001556,-114.47690000001563
OPEN_DRIVE_5M,696,LONDON_0800,US30,SHORT,1728630000,2024-10-11T07:00:00,1728630300,2024-10-11T07:05:00,1728633840,2024-10-11T08:04:00,-7.5,8.0,0.02,0.16,42470.44,42472.04,42461.69,42463.29,1.6,TIME_60_M1,0.8937500000001819,0.1430000000000291,0.032,0.1110000000000291,9.285499999984152,9.428499999984181,-114.47690000001563,-114.3659000000156
OPEN_DRIVE_5M,697,NEW_YORK_0930,US100,SHORT,1728653400,2024-10-11T13:30:00,1728653700,2024-10-11T13:35:00,1728654360,2024-10-11T13:46:00,-5.25,7.370000000002619,0.02,0.14740000000005238,20197.33,20198.730000000003,20203.300000000003,20204.700000000004,1.4000000000000001,STOP_ADVERSE_FIRST,-1.0,-0.14740000000005238,0.028000000000000004,-0.17540000000005238,9.428499999984181,9.281099999984129,-114.3659000000156,-114.54130000001565
OPEN_DRIVE_5M,698,NEW_YORK_0930,US30,SHORT,1728653400,2024-10-11T13:30:00,1728653700,2024-10-11T13:35:00,1728654360,2024-10-11T13:46:00,-11.25,12.5,0.01,0.125,42406.29,42407.69,42417.39,42418.79,1.4000000000000001,STOP_ADVERSE_FIRST,-1.0,-0.125,0.014000000000000002,-0.139,9.281099999984129,9.156099999984129,-114.54130000001565,-114.68030000001565
OPEN_DRIVE_5M,699,LONDON_0800,US30,SHORT,1728889200,2024-10-14T07:00:00,1728889500,2024-10-14T07:05:00,1728889500,2024-10-14T07:05:00,-2.0,3.25,0.05,0.1625,42881.62,42883.22,42883.270000000004,42884.87,1.6,STOP_ADVERSE_FIRST,-1.0,-0.1625,0.08000000000000002,-0.24250000000000002,9.156099999984129,8.993599999984129,-114.68030000001565,-114.92280000001566
OPEN_DRIVE_5M,700,LONDON_0800,US100,SHORT,1728889200,2024-10-14T07:00:00,1728889500,2024-10-14T07:05:00,1728891060,2024-10-14T07:31:00,-0.8700000000026193,3.5,0.05,0.17500000000000002,20237.26,20238.66,20239.359999999997,20240.76,1.4000000000000001,STOP_ADVERSE_FIRST,-1.0,-0.17500000000000002,0.07,-0.24500000000000002,8.993599999984129,8.818599999984128,-114.92280000001566,-115.16780000001566
OPEN_DRIVE_5M,701,NEW_YORK_0930,US100,LONG,1728912600,2024-10-14T13:30:00,1728912900,2024-10-14T13:35:00,1728913800,2024-10-14T13:50:00,8.12000000000262,11.87999999999738,0.01,0.11879999999997382,20350.01,20351.41,20339.530000000002,20340.930000000004,1.4000000000000001,STOP_ADVERSE_FIRST,-1.0,-0.11879999999997382,0.014000000000000002,-0.13279999999997383,8.818599999984128,8.699799999984155,-115.16780000001566,-115.30060000001563
OPEN_DRIVE_5M,702,NEW_YORK_0930,US30,SHORT,1728912600,2024-10-14T13:30:00,1728912900,2024-10-14T13:35:00,1728916080,2024-10-14T14:28:00,-2.5,18.25,0.01,0.1825,42830.22,42831.62,42801.445,42802.845,1.4000000000000001,TAKE,1.5,0.27375,0.014000000000000002,0.25975,8.699799999984155,8.973549999984154,-115.30060000001563,-115.04085000001564
OPEN_DRIVE_5M,703,LONDON_0800,US30,SHORT,1728975600,2024-10-15T07:00:00,1728975900,2024-10-15T07:05:00,1728976140,2024-10-15T07:09:00,-3.0,4.25,0.04,0.17,43164.06,43165.659999999996,43166.71,43168.31,1.6,STOP_ADVERSE_FIRST,-1.0,-0.17,0.064,-0.234,8.973549999984154,8.803549999984154,-115.04085000001564,-115.27485000001563
OPEN_DRIVE_5M,704,LONDON_0800,US100,SHORT,1728975600,2024-10-15T07:00:00,1728975900,2024-10-15T07:05:00,1728979440,2024-10-15T08:04:00,-3.6200000000026193,5.629999999997381,0.03,0.16889999999992142,20462.88,20464.280000000002,20460.76,20462.16,1.4000000000000001,TIME_60_M1,0.12788632326847232,0.021600000000034925,0.042,-0.020399999999965078,8.803549999984154,8.82514999998419,-115.27485000001563,-115.2952500000156
OPEN_DRIVE_5M,705,NEW_YORK_0930,US30,LONG,1728999000,2024-10-15T13:30:00,1728999300,2024-10-15T13:35:00,1728999540,2024-10-15T13:39:00,18.75,24.0,0.01,0.24,43128.16,43129.560000000005,43105.560000000005,43106.96000000001,1.4000000000000001,STOP_ADVERSE_FIRST,-1.0,-0.24,0.014000000000000002,-0.254,8.82514999998419,8.58514999998419,-115.2952500000156,-115.5492500000156
OPEN_DRIVE_5M,706,NEW_YORK_0930,US100,LONG,1728999000,2024-10-15T13:30:00,1728999300,2024-10-15T13:35:00,1729002840,2024-10-15T14:34:00,16.12999999999738,17.5,0.01,0.17500000000000002,20441.76,20443.16,20441.13,20442.530000000002,1.4000000000000001,TIME_60_M1,-0.11599999999993346,-0.02029999999998836,0.014000000000000002,-0.03429999999998836,8.58514999998419,8.564849999984201,-115.5492500000156,-115.58355000001559
OPEN_DRIVE_5M,707,LONDON_0800,US100,LONG,1729062000,2024-10-16T07:00:00,1729062300,2024-10-16T07:05:00,1729063020,2024-10-16T07:17:00,2.6299999999973807,3.5,0.04,0.14,20226.88,20228.280000000002,20224.780000000002,20226.180000000004,1.4000000000000001,STOP_ADVERSE_FIRST,-1.0,-0.14,0.05600000000000001,-0.196,8.564849999984201,8.4248499999842,-115.58355000001559,-115.77955000001559
OPEN_DRIVE_5M,708,NEW_YORK_0930,US30,LONG,1729085400,2024-10-16T13:30:00,1729085700,2024-10-16T13:35:00,1729085940,2024-10-16T13:39:00,0.5,8.5,0.01,0.085,42753.37,42754.770000000004,42746.270000000004,42747.670000000006,1.4000000000000001,STOP_ADVERSE_FIRST,-1.0,-0.085,0.014000000000000002,-0.099,8.4248499999842,8.3398499999842,-115.77955000001559,-115.8785500000156
OPEN_DRIVE_5M,709,NEW_YORK_0930,US100,LONG,1729085400,2024-10-16T13:30:00,1729085700,2024-10-16T13:35:00,1729086300,2024-10-16T13:45:00,2.0,5.120000000002619,0.03,0.15360000000007856,20198.38,20199.780000000002,20194.66,20196.06,1.4000000000000001,STOP_ADVERSE_FIRST,-1.0,-0.15360000000007856,0.042,-0.19560000000007857,8.3398499999842,8.18624999998412,-115.8785500000156,-116.07415000001568
OPEN_DRIVE_5M,710,LONDON_0800,US30,LONG,1729148400,2024-10-17T07:00:00,1729148700,2024-10-17T07:05:00,1729148700,2024-10-17T07:05:00,1.0,4.25,0.03,0.1275,43041.9,43043.5,43039.25,43040.85,1.6,STOP_ADVERSE_FIRST,-1.0,-0.1275,0.048,-0.1755,8.18624999998412,8.058749999984121,-116.07415000001568,-116.24965000001568
OPEN_DRIVE_5M,711,LONDON_0800,US100,SHORT,1729148400,2024-10-17T07:00:00,1729148700,2024-10-17T07:05:00,1729149120,2024-10-17T07:12:00,-0.8699999999989814,3.3699999999989814,0.04,0.13479999999995926,20135.49,20136.890000000003,20129.035000000003,20130.435000000005,1.4000000000000001,TAKE,1.4999999999994602,0.20219999999986613,0.05600000000000001,0.1461999999998661,8.058749999984121,8.260949999983987,-116.24965000001568,-116.10345000001581
OPEN_DRIVE_5M,712,NEW_YORK_0930,US100,SHORT,1729171800,2024-10-17T13:30:00,1729172100,2024-10-17T13:35:00,1729172460,2024-10-17T13:41:00,-3.1199999999989814,8.25,0.02,0.165,20346.49,20347.890000000003,20353.34,20354.74,1.4000000000000001,STOP_ADVERSE_FIRST,-1.0,-0.165,0.028000000000000004,-0.193,8.260949999983987,8.095949999983988,-116.10345000001581,-116.29645000001581
OPEN_DRIVE_5M,713,NEW_YORK_0930,US30,SHORT,1729171800,2024-10-17T13:30:00,1729172100,2024-10-17T13:35:00,1729173420,2024-10-17T13:57:00,-10.5,22.0,0.01,0.22,43083.5,43084.9,43104.1,43105.5,1.4000000000000001,STOP_ADVERSE_FIRST,-1.0,-0.22,0.014000000000000002,-0.234,8.095949999983988,7.875949999983988,-116.29645000001581,-116.5304500000158
OPEN_DRIVE_5M,714,LONDON_0800,US100,SHORT,1729234800,2024-10-18T07:00:00,1729235100,2024-10-18T07:05:00,1729235160,2024-10-18T07:06:00,-1.1300000000010186,4.119999999998981,0.03,0.12359999999996944,20202.59,20203.99,20205.309999999998,20206.71,1.4000000000000001,STOP_ADVERSE_FIRST,-1.0,-0.12359999999996944,0.042,-0.16559999999996944,7.875949999983988,7.752349999984019,-116.5304500000158,-116.69605000001577
OPEN_DRIVE_5M,715,LONDON_0800,US30,SHORT,1729234800,2024-10-18T07:00:00,1729235100,2024-10-18T07:05:00,1729235160,2024-10-18T07:06:00,-4.0,4.5,0.03,0.135,43232.74,43234.34,43235.64,43237.24,1.6,STOP_ADVERSE_FIRST,-1.0,-0.135,0.048,-0.183,7.752349999984019,7.617349999984019,-116.69605000001577,-116.87905000001578
OPEN_DRIVE_5M,716,NEW_YORK_0930,US100,LONG,1729258200,2024-10-18T13:30:00,1729258500,2024-10-18T13:35:00,1729258560,2024-10-18T13:36:00,1.0,5.380000000001019,0.02,0.10760000000002037,20284.22,20285.620000000003,20280.24,20281.640000000003,1.4000000000000001,STOP_ADVERSE_FIRST,-1.0,-0.10760000000002037,0.028000000000000004,-0.13560000000002037,7.617349999984019,7.509749999983999,-116.87905000001578,-117.0146500000158
OPEN_DRIVE_5M,717,NEW_YORK_0930,US30,LONG,1729258200,2024-10-18T13:30:00,1729258500,2024-10-18T13:35:00,1729259700,2024-10-18T13:55:00,1.5,9.0,0.01,0.09,43271.84,43273.24,43264.24,43265.64,1.4000000000000001,STOP_ADVERSE_FIRST,-1.0,-0.09,0.014000000000000002,-0.104,7.509749999983999,7.419749999983999,-117.0146500000158,-117.1186500000158
OPEN_DRIVE_5M,718,LONDON_0800,US100,SHORT,1729494000,2024-10-21T07:00:00,1729494300,2024-10-21T07:05:00,1729494540,2024-10-21T07:09:00,-2.5,4.380000000001019,0.03,0.13140000000003055,20328.89,20330.29,20331.87,20333.27,1.4000000000000001,STOP_ADVERSE_FIRST,-1.0,-0.13140000000003055,0.042,-0.17340000000003056,7.419749999983999,7.288349999983969,-117.1186500000158,-117.29205000001583
OPEN_DRIVE_5M,719,NEW_YORK_0930,US100,LONG,1729517400,2024-10-21T13:30:00,1729517700,2024-10-21T13:35:00,1729517820,2024-10-21T13:37:00,8.130000000001019,12.130000000001019,0.01,0.12130000000001019,20278.89,20280.29,20268.16,20269.56,1.4000000000000001,STOP_ADVERSE_FIRST,-1.0,-0.12130000000001019,0.014000000000000002,-0.1353000000000102,7.288349999983969,7.167049999983958,-117.29205000001583,-117.42735000001585
OPEN_DRIVE_5M,720,NEW_YORK_0930,US30,SHORT,1729517400,2024-10-21T13:30:00,1729517700,2024-10-21T13:35:00,1729518000,2024-10-21T13:40:00,-4.0,12.25,0.01,0.1225,43239.01,43240.41,43219.235,43220.635,1.4000000000000001,TAKE,1.5,0.18375,0.014000000000000002,0.16974999999999998,7.167049999983958,7.350799999983958,-117.42735000001585,-117.25760000001586
OPEN_DRIVE_5M,721,LONDON_0800,US100,SHORT,1729580400,2024-10-22T07:00:00,1729580700,2024-10-22T07:05:00,1729581480,2024-10-22T07:18:00,-3.0,6.370000000002619,0.02,0.1274000000000524,20318.65,20320.050000000003,20323.620000000003,20325.020000000004,1.4000000000000001,STOP_ADVERSE_FIRST,-1.0,-0.1274000000000524,0.028000000000000004,-0.15540000000005239,7.350799999983958,7.223399999983906,-117.25760000001586,-117.41300000001591
OPEN_DRIVE_5M,722,LONDON_0800,US30,SHORT,1729580400,2024-10-22T07:00:00,1729580700,2024-10-22T07:05:00,1729581480,2024-10-22T07:18:00,-7.0,8.5,0.01,0.085,42884.37,42885.97,42891.270000000004,42892.87,1.6,STOP_ADVERSE_FIRST,-1.0,-0.085,0.016,-0.101,7.223399999983906,7.138399999983906,-117.41300000001591,-117.51400000001591
OPEN_DRIVE_5M,723,NEW_YORK_0930,US100,LONG,1729603800,2024-10-22T13:30:00,1729604100,2024-10-22T13:35:00,1729605120,2024-10-22T13:52:00,1.5,14.0,0.01,0.14,20252.4,20253.800000000003,20239.800000000003,20241.200000000004,1.4000000000000001,STOP_ADVERSE_FIRST,-1.0,-0.14,0.014000000000000002,-0.15400000000000003,7.138399999983906,6.998399999983906,-117.51400000001591,-117.66800000001591
OPEN_DRIVE_5M,724,LONDON_0800,US30,LONG,1729666800,2024-10-23T07:00:00,1729667100,2024-10-23T07:05:00,1729667940,2024-10-23T07:19:00,1.0,9.5,0.01,0.095,42814.84,42816.439999999995,42830.689999999995,42832.28999999999,1.6,TAKE,1.5000000000000002,0.14250000000000002,0.016,0.1265,6.998399999983906,7.1408999999839065,-117.66800000001591,-117.54150000001592
OPEN_DRIVE_5M,725,LONDON_0800,US100,LONG,1729666800,2024-10-23T07:00:00,1729667100,2024-10-23T07:05:00,1729670640,2024-10-23T08:04:00,1.0,9.25,0.01,0.0925,20370.17,20371.57,20377.05,20378.45,1.4000000000000001,TIME_60_M1,0.5924324324323853,0.05479999999999564,0.014000000000000002,0.04079999999999563,7.1408999999839065,7.195699999983902,-117.54150000001592,-117.50070000001593
OPEN_DRIVE_5M,726,NEW_YORK_0930,US100,LONG,1729690200,2024-10-23T13:30:00,1729690500,2024-10-23T13:35:00,1729691280,2024-10-23T13:48:00,5.5,11.130000000001019,0.01,0.11130000000001018,20326.17,20327.57,20316.44,20317.84,1.4000000000000001,STOP_ADVERSE_FIRST,-1.0,-0.11130000000001018,0.014000000000000002,-0.12530000000001018,7.195699999983902,7.084399999983892,-117.50070000001593,-117.62600000001594
OPEN_DRIVE_5M,727,NEW_YORK_0930,US30,SHORT,1729690200,2024-10-23T13:30:00,1729690500,2024-10-23T13:35:00,1729691520,2024-10-23T13:52:00,-7.0,11.5,0.01,0.115,42748.94,42750.340000000004,42730.29,42731.69,1.4000000000000001,TAKE,1.5,0.17250000000000001,0.014000000000000002,0.1585,7.084399999983892,7.256899999983892,-117.62600000001594,-117.46750000001593
OPEN_DRIVE_5M,728,LONDON_0800,US30,SHORT,1729753200,2024-10-24T07:00:00,1729753500,2024-10-24T07:05:00,1729753740,2024-10-24T07:09:00,-4.0,7.75,0.01,0.0775,42459.28,42460.88,42465.43,42467.03,1.6,STOP_ADVERSE_FIRST,-1.0,-0.0775,0.016,-0.0935,7.256899999983892,7.179399999983892,-117.46750000001593,-117.56100000001594
OPEN_DRIVE_5M,729,LONDON_0800,US100,SHORT,1729753200,2024-10-24T07:00:00,1729753500,2024-10-24T07:05:00,1729753800,2024-10-24T07:10:00,-1.6300000000010186,6.380000000001019,0.02,0.12760000000002036,20178.8,20180.2,20183.78,20185.18,1.4000000000000001,STOP_ADVERSE_FIRST,-1.0,-0.12760000000002036,0.028000000000000004,-0.15560000000002036,7.179399999983892,7.051799999983872,-117.56100000001594,-117.71660000001596
OPEN_DRIVE_5M,730,NEW_YORK_0930,US100,SHORT,1729776600,2024-10-24T13:30:00,1729776900,2024-10-24T13:35:00,1729776960,2024-10-24T13:36:00,-1.25,6.130000000001019,0.02,0.12260000000002037,20244.8,20246.2,20249.53,20250.93,1.4000000000000001,STOP_ADVERSE_FIRST,-1.0,-0.12260000000002037,0.028000000000000004,-0.15060000000002038,7.051799999983872,6.929199999983851,-117.71660000001596,-117.86720000001598
OPEN_DRIVE_5M,731,LONDON_0800,US100,SHORT,1729839600,2024-10-25T07:00:00,1729839900,2024-10-25T07:05:00,1729840560,2024-10-25T07:16:00,-4.130000000001019,5.630000000001019,0.02,0.11260000000002038,20234.12,20235.52,20238.35,20239.75,1.4000000000000001,STOP_ADVERSE_FIRST,-1.0,-0.11260000000002038,0.028000000000000004,-0.14060000000002038,6.929199999983851,6.816599999983831,-117.86720000001598,-118.007800000016
OPEN_DRIVE_5M,732,NEW_YORK_0930,US30,SHORT,1729863000,2024-10-25T13:30:00,1729863300,2024-10-25T13:35:00,1729863540,2024-10-25T13:39:00,-4.5,9.0,0.01,0.09,42498.83,42500.23,42506.43,42507.83,1.4000000000000001,STOP_ADVERSE_FIRST,-1.0,-0.09,0.014000000000000002,-0.104,6.816599999983831,6.726599999983831,-118.007800000016,-118.111800000016
OPEN_DRIVE_5M,733,NEW_YORK_0930,US100,SHORT,1729863000,2024-10-25T13:30:00,1729863300,2024-10-25T13:35:00,1729864860,2024-10-25T14:01:00,-1.8699999999989814,10.380000000001019,0.01,0.10380000000001019,20299.0,20300.4,20282.03,20283.43,1.4000000000000001,TAKE,1.4999999999998248,0.1556999999999971,0.014000000000000002,0.14169999999999708,6.726599999983831,6.882299999983828,-118.111800000016,-117.970100000016
OPEN_DRIVE_5M,734,LONDON_0800,US30,SHORT,1730102400,2024-10-28T08:00:00,1730102700,2024-10-28T08:05:00,1730102880,2024-10-28T08:08:00,-2.0,7.25,0.01,0.0725,42322.19,42323.79,42309.715000000004,42311.315,1.6,TAKE,1.5,0.10875,0.016,0.09275,6.882299999983828,6.991049999983828,-117.970100000016,-117.87735000001601
OPEN_DRIVE_5M,735,LONDON_0800,US100,SHORT,1730102400,2024-10-28T08:00:00,1730102700,2024-10-28T08:05:00,1730103000,2024-10-28T08:10:00,-2.1300000000010186,9.369999999998981,0.01,0.09369999999998982,20525.67,20527.07,20510.214999999997,20511.614999999998,1.4000000000000001,TAKE,1.500000000000194,0.14055000000000292,0.014000000000000002,0.1265500000000029,6.991049999983828,7.13159999998383,-117.87735000001601,-117.750800000016
OPEN_DRIVE_5M,736,NEW_YORK_0930,US100,LONG,1730122200,2024-10-28T13:30:00,1730122500,2024-10-28T13:35:00,1730123700,2024-10-28T13:55:00,0.13000000000101863,9.119999999998981,0.01,0.09119999999998982,20524.55,20525.95,20516.83,20518.230000000003,1.4000000000000001,STOP_ADVERSE_FIRST,-1.0,-0.09119999999998982,0.014000000000000002,-0.10519999999998982,7.13159999998383,7.0403999999838405,-117.750800000016,-117.856000000016
OPEN_DRIVE_5M,737,NEW_YORK_0930,US30,LONG,1730122200,2024-10-28T13:30:00,1730122500,2024-10-28T13:35:00,1730123760,2024-10-28T13:56:00,9.0,10.0,0.01,0.1,42354.29,42355.69,42345.69,42347.090000000004,1.4000000000000001,STOP_ADVERSE_FIRST,-1.0,-0.1,0.014000000000000002,-0.114,7.0403999999838405,6.940399999983841,-117.856000000016,-117.970000000016
OPEN_DRIVE_5M,738,LONDON_0800,US30,LONG,1730188800,2024-10-29T08:00:00,1730189100,2024-10-29T08:05:00,1730189220,2024-10-29T08:07:00,2.0,7.5,0.01,0.075,42381.64,42383.24,42375.74,42377.34,1.6,STOP_ADVERSE_FIRST,-1.0,-0.075,0.016,-0.091,6.940399999983841,6.865399999983841,-117.970000000016,-118.061000000016
OPEN_DRIVE_5M,739,LONDON_0800,US100,SHORT,1730188800,2024-10-29T08:00:00,1730189100,2024-10-29T08:05:00,1730190300,2024-10-29T08:25:00,-0.25,6.0,0.02,0.12,20365.85,20367.25,20370.449999999997,20371.85,1.4000000000000001,STOP_ADVERSE_FIRST,-1.0,-0.12,0.028000000000000004,-0.148,6.865399999983841,6.7453999999838405,-118.061000000016,-118.20900000001599
OPEN_DRIVE_5M,740,NEW_YORK_0930,US30,SHORT,1730208600,2024-10-29T13:30:00,1730208900,2024-10-29T13:35:00,1730209680,2024-10-29T13:48:00,-3.0,13.75,0.01,0.1375,42380.74,42382.14,42393.09,42394.49,1.4000000000000001,STOP_ADVERSE_FIRST,-1.0,-0.1375,0.014000000000000002,-0.15150000000000002,6.7453999999838405,6.60789999998384,-118.20900000001599,-118.36050000001599
OPEN_DRIVE_5M,741,NEW_YORK_0930,US100,LONG,1730208600,2024-10-29T13:30:00,1730208900,2024-10-29T13:35:00,1730210400,2024-10-29T14:00:00,0.5,9.75,0.01,0.0975,20382.22,20383.620000000003,20373.870000000003,20375.270000000004,1.4000000000000001,STOP_ADVERSE_FIRST,-1.0,-0.0975,0.014000000000000002,-0.1115,6.60789999998384,6.51039999998384,-118.36050000001599,-118.472000000016
OPEN_DRIVE_5M,742,LONDON_0800,US100,SHORT,1730275200,2024-10-30T08:00:00,1730275500,2024-10-30T08:05:00,1730275560,2024-10-30T08:06:00,-5.369999999998981,9.25,0.01,0.0925,20593.11,20594.510000000002,20600.96,20602.36,1.4000000000000001,STOP_ADVERSE_FIRST,-1.0,-0.0925,0.014000000000000002,-0.1065,6.51039999998384,6.41789999998384,-118.472000000016,-118.57850000001599
OPEN_DRIVE_5M,743,LONDON_0800,US30,SHORT,1730275200,2024-10-30T08:00:00,1730275500,2024-10-30T08:05:00,1730275560,2024-10-30T08:06:00,-5.25,9.0,0.01,0.09,42254.85,42256.45,42262.25,42263.85,1.6,STOP_ADVERSE_FIRST,-1.0,-0.09,0.016,-0.106,6.41789999998384,6.32789999998384,-118.57850000001599,-118.68450000001599
OPEN_DRIVE_5M,744,NEW_YORK_0930,US100,SHORT,1730295000,2024-10-30T13:30:00,1730295300,2024-10-30T13:35:00,1730297520,2024-10-30T14:12:00,-12.130000000001019,18.5,0.01,0.185,20604.61,20606.010000000002,20621.71,20623.11,1.4000000000000001,STOP_ADVERSE_FIRST,-1.0,-0.185,0.014000000000000002,-0.199,6.32789999998384,6.1428999999838405,-118.68450000001599,-118.88350000001599
OPEN_DRIVE_5M,745,LONDON_0800,US30,SHORT,1730361600,2024-10-31T08:00:00,1730361900,2024-10-31T08:05:00,1730362140,2024-10-31T08:09:00,-2.0,5.5,0.02,0.11,42125.56,42127.159999999996,42129.46,42131.06,1.6,STOP_ADVERSE_FIRST,-1.0,-0.11,0.032,-0.14200000000000002,6.1428999999838405,6.03289999998384,-118.88350000001599,-119.02550000001598
OPEN_DRIVE_5M,746,LONDON_0800,US100,SHORT,1730361600,2024-10-31T08:00:00,1730361900,2024-10-31T08:05:00,1730362380,2024-10-31T08:13:00,-1.8799999999973807,7.129999999997381,0.01,0.07129999999997381,20285.26,20286.66,20273.165,20274.565000000002,1.4000000000000001,TAKE,1.5,0.10694999999996072,0.014000000000000002,0.09294999999996072,6.03289999998384,6.1398499999838005,-119.02550000001598,-118.93255000001602
OPEN_DRIVE_5M,747,NEW_YORK_0930,US100,SHORT,1730381400,2024-10-31T13:30:00,1730381700,2024-10-31T13:35:00,1730381820,2024-10-31T13:37:00,-4.25,6.629999999997381,0.01,0.06629999999997381,20190.26,20191.66,20195.489999999994,20196.889999999996,1.4000000000000001,STOP_ADVERSE_FIRST,-1.0,-0.06629999999997381,0.014000000000000002,-0.08029999999997381,6.1398499999838005,6.073549999983827,-118.93255000001602,-119.012850000016
OPEN_DRIVE_5M,748,LONDON_0800,US100,SHORT,1730448000,2024-11-01T08:00:00,1730448300,2024-11-01T08:05:00,1730448300,2024-11-01T08:05:00,-0.25,5.75,0.02,0.115,19962.73,19964.13,19967.079999999998,19968.48,1.4000000000000001,STOP_ADVERSE_FIRST,-1.0,-0.115,0.028000000000000004,-0.14300000000000002,6.073549999983827,5.958549999983827,-119.012850000016,-119.155850000016
OPEN_DRIVE_5M,749,LONDON_0800,US30,SHORT,1730448000,2024-11-01T08:00:00,1730448300,2024-11-01T08:05:00,1730448300,2024-11-01T08:05:00,-1.75,5.0,0.02,0.1,41827.53,41829.13,41830.93,41832.53,1.6,STOP_ADVERSE_FIRST,-1.0,-0.1,0.032,-0.132,5.958549999983827,5.858549999983827,-119.155850000016,-119.28785000001601
OPEN_DRIVE_5M,750,NEW_YORK_0930,US100,LONG,1730467800,2024-11-01T13:30:00,1730468100,2024-11-01T13:35:00,1730468100,2024-11-01T13:35:00,1.25,6.369999999998981,0.01,0.06369999999998982,19987.61,19989.010000000002,19982.640000000003,19984.040000000005,1.4000000000000001,STOP_ADVERSE_FIRST,-1.0,-0.06369999999998982,0.014000000000000002,-0.07769999999998982,5.858549999983827,5.794849999983837,-119.28785000001601,-119.365550000016
OPEN_DRIVE_5M,751,NEW_YORK_0930,US30,SHORT,1730467800,2024-11-01T13:30:00,1730468100,2024-11-01T13:35:00,1730468460,2024-11-01T13:41:00,-6.0,13.5,0.01,0.135,41896.63,41898.03,41908.729999999996,41910.13,1.4000000000000001,STOP_ADVERSE_FIRST,-1.0,-0.135,0.014000000000000002,-0.14900000000000002,5.794849999983837,5.659849999983837,-119.365550000016,-119.514550000016
OPEN_DRIVE_5M,752,LONDON_0800,US100,LONG,1730707200,2024-11-04T08:00:00,1730707500,2024-11-04T08:05:00,1730711040,2024-11-04T09:04:00,6.75,11.25,0.01,0.1125,20127.0,20128.4,20119.62,20121.02,1.4000000000000001,TIME_60_M1,-0.7804444444446643,-0.08780000000002473,0.014000000000000002,-0.10180000000002473,5.659849999983837,5.572049999983813,-119.514550000016,-119.61635000001603
OPEN_DRIVE_5M,753,LONDON_0800,US30,LONG,1730707200,2024-11-04T08:00:00,1730707500,2024-11-04T08:05:00,1730711040,2024-11-04T09:04:00,10.5,14.75,0.01,0.1475,42044.19,42045.79,42048.19,42049.79,1.6,TIME_60_M1,0.16271186440687832,0.02400000000001455,0.016,0.008000000000014551,5.572049999983813,5.596049999983827,-119.61635000001603,-119.60835000001602
OPEN_DRIVE_5M,754,NEW_YORK_0930,US30,SHORT,1730730600,2024-11-04T14:30:00,1730730900,2024-11-04T14:35:00,1730731800,2024-11-04T14:50:00,-3.0,17.5,0.01,0.17500000000000002,42052.29,42053.69,42068.39,42069.79,1.4000000000000001,STOP_ADVERSE_FIRST,-1.0,-0.17500000000000002,0.014000000000000002,-0.18900000000000003,5.596049999983827,5.421049999983827,-119.60835000001602,-119.79735000001601
OPEN_DRIVE_5M,755,LONDON_0800,US100,SHORT,1730793600,2024-11-05T08:00:00,1730793900,2024-11-05T08:05:00,1730794020,2024-11-05T08:07:00,-0.13000000000101863,4.619999999998981,0.02,0.09239999999997962,19995.39,19996.79,19998.609999999997,20000.01,1.4000000000000001,STOP_ADVERSE_FIRST,-1.0,-0.09239999999997962,0.028000000000000004,-0.12039999999997963,5.421049999983827,5.328649999983847,-119.79735000001601,-119.91775000001599
OPEN_DRIVE_5M,756,LONDON_0800,US30,LONG,1730793600,2024-11-05T08:00:00,1730793900,2024-11-05T08:05:00,1730794140,2024-11-05T08:09:00,2.0,5.5,0.01,0.055,41867.7,41869.299999999996,41863.799999999996,41865.399999999994,1.6,STOP_ADVERSE_FIRST,-1.0,-0.055,0.016,-0.07100000000000001,5.328649999983847,5.2736499999838475,-119.91775000001599,-119.98875000001598
OPEN_DRIVE_5M,757,NEW_YORK_0930,US100,SHORT,1730817000,2024-11-05T14:30:00,1730817300,2024-11-05T14:35:00,1730818200,2024-11-05T14:50:00,-2.3800000000010186,12.880000000001019,0.01,0.12880000000001018,20025.89,20027.29,20037.37,20038.77,1.4000000000000001,STOP_ADVERSE_FIRST,-1.0,-0.12880000000001018,0.014000000000000002,-0.1428000000000102,5.2736499999838475,5.144849999983838,-119.98875000001598,-120.13155000001599
OPEN_DRIVE_5M,758,NEW_YORK_0930,US30,SHORT,1730817000,2024-11-05T14:30:00,1730817300,2024-11-05T14:35:00,1730818200,2024-11-05T14:50:00,-2.75,14.0,0.01,0.14,41841.8,41843.200000000004,41854.4,41855.8,1.4000000000000001,STOP_ADVERSE_FIRST,-1.0,-0.14,0.014000000000000002,-0.15400000000000003,5.144849999983838,5.004849999983838,-120.13155000001599,-120.28555000001599
OPEN_DRIVE_5M,759,LONDON_0800,US100,LONG,1730880000,2024-11-06T08:00:00,1730880300,2024-11-06T08:05:00,1730880360,2024-11-06T08:06:00,4.0,13.5,0.01,0.135,20485.17,20486.57,20473.07,20474.47,1.4000000000000001,STOP_ADVERSE_FIRST,-1.0,-0.135,0.014000000000000002,-0.14900000000000002,5.004849999983838,4.869849999983838,-120.28555000001599,-120.43455000001599
OPEN_DRIVE_5M,760,LONDON_0800,US100,LONG,1730966400,2024-11-07T08:00:00,1730966700,2024-11-07T08:05:00,1730967060,2024-11-07T08:11:00,3.0,8.380000000001019,0.01,0.08380000000001019,20850.7,20852.100000000002,20843.72,20845.120000000003,1.4000000000000001,STOP_ADVERSE_FIRST,-1.0,-0.08380000000001019,0.014000000000000002,-0.09780000000001018,4.869849999983838,4.786049999983828,-120.43455000001599,-120.532350000016
OPEN_DRIVE_5M,761,LONDON_0800,US30,SHORT,1730966400,2024-11-07T08:00:00,1730966700,2024-11-07T08:05:00,1730967840,2024-11-07T08:24:00,-8.5,9.25,0.01,0.0925,43871.66,43873.26,43879.310000000005,43880.91,1.6,STOP_ADVERSE_FIRST,-1.0,-0.0925,0.016,-0.1085,4.786049999983828,4.693549999983828,-120.532350000016,-120.640850000016
OPEN_DRIVE_5M,762,NEW_YORK_0930,US100,SHORT,1730989800,2024-11-07T14:30:00,1730990100,2024-11-07T14:35:00,1730990520,2024-11-07T14:42:00,-1.0,7.380000000001019,0.01,0.07380000000001019,20871.58,20872.980000000003,20859.11,20860.510000000002,1.4000000000000001,TAKE,1.4999999999997535,0.11069999999999709,0.014000000000000002,0.0966999999999971,4.693549999983828,4.804249999983825,-120.640850000016,-120.544150000016
OPEN_DRIVE_5M,763,NEW_YORK_0930,US30,SHORT,1730989800,2024-11-07T14:30:00,1730990100,2024-11-07T14:35:00,1730991000,2024-11-07T14:50:00,-6.0,15.5,0.01,0.155,43861.76,43863.16,43837.11,43838.51,1.4000000000000001,TAKE,1.5,0.2325,0.014000000000000002,0.2185,4.804249999983825,5.036749999983825,-120.544150000016,-120.325650000016
OPEN_DRIVE_5M,764,LONDON_0800,US100,LONG,1731052800,2024-11-08T08:00:00,1731053100,2024-11-08T08:05:00,1731053160,2024-11-08T08:06:00,1.75,5.75,0.01,0.0575,21151.86,21153.260000000002,21147.510000000002,21148.910000000003,1.4000000000000001,STOP_ADVERSE_FIRST,-1.0,-0.0575,0.014000000000000002,-0.07150000000000001,5.036749999983825,4.979249999983825,-120.325650000016,-120.397150000016
OPEN_DRIVE_5M,765,LONDON_0800,US30,LONG,1731052800,2024-11-08T08:00:00,1731053100,2024-11-08T08:05:00,1731053460,2024-11-08T08:11:00,2.25,7.75,0.01,0.0775,43806.74,43808.34,43800.59,43802.189999999995,1.6,STOP_ADVERSE_FIRST,-1.0,-0.0775,0.016,-0.0935,4.979249999983825,4.901749999983825,-120.397150000016,-120.490650000016
OPEN_DRIVE_5M,766,NEW_YORK_0930,US30,LONG,1731076200,2024-11-08T14:30:00,1731076500,2024-11-08T14:35:00,1731077160,2024-11-08T14:46:00,6.5,13.75,0.01,0.1375,43798.34,43799.74,43820.365,43821.765,1.4000000000000001,TAKE,1.5,0.20625000000000002,0.014000000000000002,0.19225,4.901749999983825,5.107999999983825,-120.490650000016,-120.298400000016
OPEN_DRIVE_5M,767,NEW_YORK_0930,US100,LONG,1731076200,2024-11-08T14:30:00,1731076500,2024-11-08T14:35:00,1731078240,2024-11-08T15:04:00,2.75,9.25,0.01,0.0925,21075.49,21076.890000000003,21090.765000000003,21092.165000000005,1.4000000000000001,TAKE,1.5000000000000002,0.13875,0.014000000000000002,0.12475000000000001,5.107999999983825,5.246749999983825,-120.298400000016,-120.173650000016
OPEN_DRIVE_5M,768,LONDON_0800,US100,SHORT,1731312000,2024-11-11T08:00:00,1731312300,2024-11-11T08:05:00,1731313980,2024-11-11T08:33:00,-1.0,5.25,0.01,0.0525,21195.0,21196.4,21198.85,21200.25,1.4000000000000001,STOP_ADVERSE_FIRST,-1.0,-0.0525,0.014000000000000002,-0.0665,5.246749999983825,5.194249999983825,-120.173650000016,-120.240150000016
OPEN_DRIVE_5M,769,NEW_YORK_0930,US30,LONG,1731335400,2024-11-11T14:30:00,1731335700,2024-11-11T14:35:00,1731335760,2024-11-11T14:36:00,3.0,9.0,0.01,0.09,44236.75,44238.15,44229.15,44230.55,1.4000000000000001,STOP_ADVERSE_FIRST,-1.0,-0.09,0.014000000000000002,-0.104,5.194249999983825,5.104249999983825,-120.240150000016,-120.344150000016
OPEN_DRIVE_5M,770,NEW_YORK_0930,US100,SHORT,1731335400,2024-11-11T14:30:00,1731335700,2024-11-11T14:35:00,1731335940,2024-11-11T14:39:00,-0.75,6.619999999998981,0.01,0.06619999999998981,21219.12,21220.52,21224.339999999997,21225.739999999998,1.4000000000000001,STOP_ADVERSE_FIRST,-1.0,-0.06619999999998981,0.014000000000000002,-0.08019999999998981,5.104249999983825,5.038049999983835,-120.344150000016,-120.42435000001599
OPEN_DRIVE_5M,771,LONDON_0800,US30,SHORT,1731398400,2024-11-12T08:00:00,1731398700,2024-11-12T08:05:00,1731398820,2024-11-12T08:07:00,-6.0,8.0,0.01,0.08,44268.48,44270.08,44274.880000000005,44276.48,1.6,STOP_ADVERSE_FIRST,-1.0,-0.08,0.016,-0.096,5.038049999983835,4.958049999983835,-120.42435000001599,-120.520350000016
OPEN_DRIVE_5M,772,LONDON_0800,US100,SHORT,1731398400,2024-11-12T08:00:00,1731398700,2024-11-12T08:05:00,1731400020,2024-11-12T08:27:00,-0.36999999999898137,14.380000000001019,0.01,0.1438000000000102,21105.75,21107.15,21118.73,21120.13,1.4000000000000001,STOP_ADVERSE_FIRST,-1.0,-0.1438000000000102,0.014000000000000002,-0.1578000000000102,4.958049999983835,4.814249999983825,-120.520350000016,-120.678150000016
OPEN_DRIVE_5M,773,NEW_YORK_0930,US100,SHORT,1731421800,2024-11-12T14:30:00,1731422100,2024-11-12T14:35:00,1731422160,2024-11-12T14:36:00,-8.369999999998981,12.869999999998981,0.01,0.12869999999998982,21090.5,21091.9,21101.969999999998,21103.37,1.4000000000000001,STOP_ADVERSE_FIRST,-1.0,-0.12869999999998982,0.014000000000000002,-0.14269999999998983,4.814249999983825,4.685549999983835,-120.678150000016,-120.820850000016
OPEN_DRIVE_5M,774,NEW_YORK_0930,US30,SHORT,1731421800,2024-11-12T14:30:00,1731422100,2024-11-12T14:35:00,1731422160,2024-11-12T14:36:00,-8.0,13.0,0.01,0.13,44293.58,44294.98,44305.18,44306.58,1.4000000000000001,STOP_ADVERSE_FIRST,-1.0,-0.13,0.014000000000000002,-0.14400000000000002,4.685549999983835,4.555549999983835,-120.820850000016,-120.964850000016
OPEN_DRIVE_5M,775,LONDON_0800,US30,LONG,1731484800,2024-11-13T08:00:00,1731485100,2024-11-13T08:05:00,1731485340,2024-11-13T08:09:00,5.0,10.5,0.01,0.105,43881.22,43882.82,43872.32,43873.92,1.6,STOP_ADVERSE_FIRST,-1.0,-0.105,0.016,-0.121,4.555549999983835,4.450549999983835,-120.964850000016,-121.085850000016
OPEN_DRIVE_5M,776,LONDON_0800,US100,LONG,1731484800,2024-11-13T08:00:00,1731485100,2024-11-13T08:05:00,1731485520,2024-11-13T08:12:00,6.129999999997381,9.75,0.01,0.0975,21040.17,21041.57,21031.82,21033.22,1.4000000000000001,STOP_ADVERSE_FIRST,-1.0,-0.0975,0.014000000000000002,-0.1115,4.450549999983835,4.353049999983835,-121.085850000016,-121.197350000016
OPEN_DRIVE_5M,777,NEW_YORK_0930,US100,SHORT,1731508200,2024-11-13T14:30:00,1731508500,2024-11-13T14:35:00,1731508680,2024-11-13T14:38:00,-1.25,9.75,0.01,0.0975,21064.17,21065.57,21048.144999999997,21049.545,1.4000000000000001,TAKE,1.4999999999999998,0.14625,0.014000000000000002,0.13224999999999998,4.353049999983835,4.499299999983835,-121.197350000016,-121.065100000016
OPEN_DRIVE_5M,778,LONDON_0800,US100,SHORT,1731571200,2024-11-14T08:00:00,1731571500,2024-11-14T08:05:00,1731572220,2024-11-14T08:17:00,-1.75,6.5,0.01,0.065,21034.94,21036.34,21040.039999999997,21041.44,1.4000000000000001,STOP_ADVERSE_FIRST,-1.0,-0.065,0.014000000000000002,-0.079,4.499299999983835,4.434299999983835,-121.065100000016,-121.144100000016
OPEN_DRIVE_5M,779,LONDON_0800,US30,LONG,1731571200,2024-11-14T08:00:00,1731571500,2024-11-14T08:05:00,1731573960,2024-11-14T08:46:00,0.75,11.0,0.01,0.11,43966.19,43967.79,43956.79,43958.39,1.6,STOP_ADVERSE_FIRST,-1.0,-0.11,0.016,-0.126,4.434299999983835,4.324299999983834,-121.144100000016,-121.270100000016
OPEN_DRIVE_5M,780,NEW_YORK_0930,US100,LONG,1731594600,2024-11-14T14:30:00,1731594900,2024-11-14T14:35:00,1731595020,2024-11-14T14:37:00,8.880000000001019,10.0,0.01,0.1,21093.07,21094.47,21084.47,21085.870000000003,1.4000000000000001,STOP_ADVERSE_FIRST,-1.0,-0.1,0.014000000000000002,-0.114,4.324299999983834,4.224299999983835,-121.270100000016,-121.384100000016
OPEN_DRIVE_5M,781,NEW_YORK_0930,US30,LONG,1731594600,2024-11-14T14:30:00,1731594900,2024-11-14T14:35:00,1731595080,2024-11-14T14:38:00,15.25,16.0,0.01,0.16,44121.29,44122.69,44106.69,44108.090000000004,1.4000000000000001,STOP_ADVERSE_FIRST,-1.0,-0.16,0.014000000000000002,-0.17400000000000002,4.224299999983835,4.0642999999838345,-121.384100000016,-121.55810000001601
OPEN_DRIVE_5M,782,LONDON_0800,US100,SHORT,1731657600,2024-11-15T08:00:00,1731657900,2024-11-15T08:05:00,1731658020,2024-11-15T08:07:00,-5.369999999998981,10.75,0.01,0.1075,20810.17,20811.57,20792.644999999997,20794.045,1.4000000000000001,TAKE,1.5,0.16125,0.014000000000000002,0.14725,4.0642999999838345,4.225549999983834,-121.55810000001601,-121.41085000001601
OPEN_DRIVE_5M,783,LONDON_0800,US30,SHORT,1731657600,2024-11-15T08:00:00,1731657900,2024-11-15T08:05:00,1731658020,2024-11-15T08:07:00,-7.0,9.75,0.01,0.0975,43662.78,43664.38,43646.555,43648.155,1.6,TAKE,1.4999999999999998,0.14625,0.016,0.13024999999999998,4.225549999983834,4.371799999983835,-121.41085000001601,-121.28060000001601
OPEN_DRIVE_5M,784,NEW_YORK_0930,US30,SHORT,1731681000,2024-11-15T14:30:00,1731681300,2024-11-15T14:35:00,1731681600,2024-11-15T14:40:00,-6.5,10.5,0.01,0.105,43632.38,43633.78,43641.479999999996,43642.88,1.4000000000000001,STOP_ADVERSE_FIRST,-1.0,-0.105,0.014000000000000002,-0.119,4.371799999983835,4.266799999983834,-121.28060000001601,-121.39960000001601
OPEN_DRIVE_5M,785,NEW_YORK_0930,US100,LONG,1731681000,2024-11-15T14:30:00,1731681300,2024-11-15T14:35:00,1731682740,2024-11-15T14:59:00,0.6199999999989814,10.0,0.01,0.1,20765.67,20767.07,20782.07,20783.47,1.4000000000000001,TAKE,1.4999999999999998,0.15,0.014000000000000002,0.13599999999999998,4.266799999983834,4.4167999999838345,-121.39960000001601,-121.26360000001601
OPEN_DRIVE_5M,786,LONDON_0800,US30,SHORT,1731916800,2024-11-18T08:00:00,1731917100,2024-11-18T08:05:00,1731917580,2024-11-18T08:13:00,-9.0,12.0,0.01,0.12,43458.77,43460.369999999995,43469.17,43470.77,1.6,STOP_ADVERSE_FIRST,-1.0,-0.12,0.016,-0.136,4.4167999999838345,4.296799999983834,-121.26360000001601,-121.39960000001601
OPEN_DRIVE_5M,787,LONDON_0800,US100,SHORT,1731916800,2024-11-18T08:00:00,1731917100,2024-11-18T08:05:00,1731918240,2024-11-18T08:24:00,-5.120000000002619,7.629999999997381,0.01,0.0762999999999738,20557.26,20558.66,20563.489999999994,20564.889999999996,1.4000000000000001,STOP_ADVERSE_FIRST,-1.0,-0.0762999999999738,0.014000000000000002,-0.0902999999999738,4.296799999983834,4.22049999998386,-121.39960000001601,-121.48990000001598
OPEN_DRIVE_5M,788,NEW_YORK_0930,US100,SHORT,1731940200,2024-11-18T14:30:00,1731940500,2024-11-18T14:35:00,1731940680,2024-11-18T14:38:00,-10.25,16.5,0.01,0.165,20479.38,20480.780000000002,20494.48,20495.88,1.4000000000000001,STOP_ADVERSE_FIRST,-1.0,-0.165,0.014000000000000002,-0.17900000000000002,4.22049999998386,4.05549999998386,-121.48990000001598,-121.66890000001598
OPEN_DRIVE_5M,789,NEW_YORK_0930,US30,LONG,1731940200,2024-11-18T14:30:00,1731940500,2024-11-18T14:35:00,1731940680,2024-11-18T14:38:00,9.5,14.5,0.01,0.145,43392.87,43394.270000000004,43416.020000000004,43417.420000000006,1.4000000000000001,TAKE,1.5,0.2175,0.014000000000000002,0.2035,4.05549999998386,4.272999999983861,-121.66890000001598,-121.46540000001598
OPEN_DRIVE_5M,790,LONDON_0800,US100,SHORT,1732003200,2024-11-19T08:00:00,1732003500,2024-11-19T08:05:00,1732003620,2024-11-19T08:07:00,-2.1199999999989814,5.630000000001019,0.01,0.05630000000001019,20593.57,20594.97,20597.8,20599.2,1.4000000000000001,STOP_ADVERSE_FIRST,-1.0,-0.05630000000001019,0.014000000000000002,-0.07030000000001019,4.272999999983861,4.216699999983851,-121.46540000001598,-121.53570000001598
OPEN_DRIVE_5M,791,LONDON_0800,US30,SHORT,1732003200,2024-11-19T08:00:00,1732003500,2024-11-19T08:05:00,1732006860,2024-11-19T09:01:00,-11.75,11.75,0.01,0.11750000000000001,43479.75,43481.35,43460.525,43462.125,1.6,TAKE,1.4999999999999998,0.17625,0.016,0.16025,4.216699999983851,4.39294999998385,-121.53570000001598,-121.37545000001597
OPEN_DRIVE_5M,792,LONDON_0800,US100,LONG,1732089600,2024-11-20T08:00:00,1732089900,2024-11-20T08:05:00,1732091280,2024-11-20T08:28:00,3.1199999999989814,7.130000000001019,0.01,0.07130000000001019,20728.57,20729.97,20740.665,20742.065000000002,1.4000000000000001,TAKE,1.4999999999997449,0.10694999999999709,0.014000000000000002,0.09294999999999709,4.39294999998385,4.499899999983847,-121.37545000001597,-121.28250000001597
OPEN_DRIVE_5M,793,LONDON_0800,US30,LONG,1732089600,2024-11-20T08:00:00,1732089900,2024-11-20T08:05:00,1732091280,2024-11-20T08:28:00,6.0,11.0,0.01,0.11,43390.22,43391.82,43408.32,43409.92,1.6,TAKE,1.5,0.165,0.016,0.14900000000000002,4.499899999983847,4.664899999983847,-121.28250000001597,-121.13350000001597
OPEN_DRIVE_5M,794,NEW_YORK_0930,US100,SHORT,1732113000,2024-11-20T14:30:00,1732113300,2024-11-20T14:35:00,1732114500,2024-11-20T14:55:00,-9.0,17.75,0.01,0.1775,20732.82,20734.22,20749.17,20750.57,1.4000000000000001,STOP_ADVERSE_FIRST,-1.0,-0.1775,0.014000000000000002,-0.1915,4.664899999983847,4.487399999983847,-121.13350000001597,-121.32500000001598
OPEN_DRIVE_5M,795,LONDON_0800,US100,SHORT,1732176000,2024-11-21T08:00:00,1732176300,2024-11-21T08:05:00,1732176480,2024-11-21T08:08:00,-4.629999999997381,8.0,0.01,0.08,20601.51,20602.91,20608.109999999997,20609.51,1.4000000000000001,STOP_ADVERSE_FIRST,-1.0,-0.08,0.014000000000000002,-0.094,4.487399999983847,4.407399999983847,-121.32500000001598,-121.41900000001597
OPEN_DRIVE_5M,796,LONDON_0800,US30,SHORT,1732176000,2024-11-21T08:00:00,1732176300,2024-11-21T08:05:00,1732176540,2024-11-21T08:09:00,-1.25,6.5,0.01,0.065,43417.34,43418.939999999995,43422.24,43423.84,1.6,STOP_ADVERSE_FIRST,-1.0,-0.065,0.016,-0.081,4.407399999983847,4.342399999983846,-121.41900000001597,-121.50000000001597
OPEN_DRIVE_5M,797,NEW_YORK_0930,US100,SHORT,1732285800,2024-11-22T14:30:00,1732286100,2024-11-22T14:35:00,1732287300,2024-11-22T14:55:00,-5.5,17.0,0.01,0.17,20715.2,20716.600000000002,20730.8,20732.2,1.4000000000000001,STOP_ADVERSE_FIRST,-1.0,-0.17,0.014000000000000002,-0.18400000000000002,4.342399999983846,4.172399999983846,-121.50000000001597,-121.68400000001597
OPEN_DRIVE_5M,798,LONDON_0800,US30,SHORT,1732521600,2024-11-25T08:00:00,1732521900,2024-11-25T08:05:00,1732523160,2024-11-25T08:26:00,-9.5,11.5,0.01,0.115,44573.84,44575.439999999995,44583.74,44585.34,1.6,STOP_ADVERSE_FIRST,-1.0,-0.115,0.016,-0.131,4.172399999983846,4.057399999983846,-121.68400000001597,-121.81500000001597
OPEN_DRIVE_5M,799,LONDON_0800,US100,SHORT,1732521600,2024-11-25T08:00:00,1732521900,2024-11-25T08:05:00,1732525440,2024-11-25T09:04:00,-10.880000000001019,11.75,0.01,0.11750000000000001,20899.41,20900.81,20892.91,20894.31,1.4000000000000001,TIME_60_M1,0.4340425531913655,0.050999999999985446,0.014000000000000002,0.03699999999998545,4.057399999983846,4.108399999983831,-121.81500000001597,-121.77800000001598
OPEN_DRIVE_5M,800,NEW_YORK_0930,US100,LONG,1732545000,2024-11-25T14:30:00,1732545300,2024-11-25T14:35:00,1732547700,2024-11-25T15:15:00,6.75,14.619999999998981,0.01,0.1461999999999898,20897.91,20899.31,20884.690000000002,20886.090000000004,1.4000000000000001,STOP_ADVERSE_FIRST,-1.0,-0.1461999999999898,0.014000000000000002,-0.16019999999998982,4.108399999983831,3.9621999999838415,-121.77800000001598,-121.93820000001597
OPEN_DRIVE_5M,801,LONDON_0800,US100,LONG,1732608000,2024-11-26T08:00:00,1732608300,2024-11-26T08:05:00,1732610220,2024-11-26T08:37:00,6.5,9.0,0.01,0.09,20832.4,20833.800000000003,20847.300000000003,20848.700000000004,1.4000000000000001,TAKE,1.5000000000000002,0.135,0.014000000000000002,0.12100000000000001,3.9621999999838415,4.097199999983841,-121.93820000001597,-121.81720000001597
OPEN_DRIVE_5M,802,LONDON_0800,US30,LONG,1732608000,2024-11-26T08:00:00,1732608300,2024-11-26T08:05:00,1732610220,2024-11-26T08:37:00,4.25,10.0,0.01,0.1,44754.19,44755.79,44770.79,44772.39,1.6,TAKE,1.4999999999999998,0.15,0.016,0.134,4.097199999983841,4.247199999983842,-121.81720000001597,-121.68320000001597
OPEN_DRIVE_5M,803,NEW_YORK_0930,US100,SHORT,1732631400,2024-11-26T14:30:00,1732631700,2024-11-26T14:35:00,1732631880,2024-11-26T14:38:00,-0.25,10.119999999998981,0.01,0.10119999999998981,20883.15,20884.550000000003,20891.87,20893.27,1.4000000000000001,STOP_ADVERSE_FIRST,-1.0,-0.10119999999998981,0.014000000000000002,-0.11519999999998981,4.247199999983842,4.145999999983852,-121.68320000001597,-121.79840000001596
OPEN_DRIVE_5M,804,LONDON_0800,US30,LONG,1732694400,2024-11-27T08:00:00,1732694700,2024-11-27T08:05:00,1732694760,2024-11-27T08:06:00,2.5,4.75,0.01,0.0475,44888.07,44889.67,44896.795,44898.395,1.6,TAKE,1.5000000000000002,0.07125000000000001,0.016,0.05525000000000001,4.145999999983852,4.217249999983852,-121.79840000001596,-121.74315000001596
OPEN_DRIVE_5M,805,LONDON_0800,US100,LONG,1732694400,2024-11-27T08:00:00,1732694700,2024-11-27T08:05:00,1732695360,2024-11-27T08:16:00,1.25,5.130000000001019,0.01,0.051300000000010185,20904.35,20905.75,20913.445,20914.845,1.4000000000000001,TAKE,1.4999999999996454,0.07694999999999709,0.014000000000000002,0.06294999999999709,4.217249999983852,4.294199999983849,-121.74315000001596,-121.68020000001596
OPEN_DRIVE_5M,806,NEW_YORK_0930,US30,LONG,1732717800,2024-11-27T14:30:00,1732718100,2024-11-27T14:35:00,1732718940,2024-11-27T14:49:00,4.0,11.25,0.01,0.1125,44893.42,44894.82,44883.57,44884.97,1.4000000000000001,STOP_ADVERSE_FIRST,-1.0,-0.1125,0.014000000000000002,-0.1265,4.294199999983849,4.18169999998385,-121.68020000001596,-121.80670000001595
OPEN_DRIVE_5M,807,NEW_YORK_0930,US100,LONG,1732717800,2024-11-27T14:30:00,1732718100,2024-11-27T14:35:00,1732719960,2024-11-27T15:06:00,7.25,8.369999999998981,0.01,0.08369999999998981,20882.35,20883.75,20896.305,20897.705,1.4000000000000001,TAKE,1.5000000000002174,0.1255500000000029,0.014000000000000002,0.11155000000000291,4.18169999998385,4.307249999983853,-121.80670000001595,-121.69515000001594
OPEN_DRIVE_5M,808,LONDON_0800,US30,SHORT,1732780800,2024-11-28T08:00:00,1732781100,2024-11-28T08:05:00,1732781280,2024-11-28T08:08:00,-2.25,4.5,0.01,0.045,44815.55,44817.15,44818.450000000004,44820.05,1.6,STOP_ADVERSE_FIRST,-1.0,-0.045,0.016,-0.061,4.307249999983853,4.262249999983853,-121.69515000001594,-121.75615000001595
OPEN_DRIVE_5M,809,LONDON_0800,US100,SHORT,1732780800,2024-11-28T08:00:00,1732781100,2024-11-28T08:05:00,1732782540,2024-11-28T08:29:00,-2.75,4.25,0.02,0.085,20802.23,20803.63,20805.079999999998,20806.48,1.4000000000000001,STOP_ADVERSE_FIRST,-1.0,-0.085,0.028000000000000004,-0.11300000000000002,4.262249999983853,4.177249999983853,-121.75615000001595,-121.86915000001595
OPEN_DRIVE_5M,810,NEW_YORK_0930,US100,LONG,1732804200,2024-11-28T14:30:00,1732804500,2024-11-28T14:35:00,1732804920,2024-11-28T14:42:00,3.3800000000010186,5.119999999998981,0.01,0.051199999999989816,20815.48,20816.88,20811.760000000002,20813.160000000003,1.4000000000000001,STOP_ADVERSE_FIRST,-1.0,-0.051199999999989816,0.014000000000000002,-0.06519999999998982,4.177249999983853,4.126049999983863,-121.86915000001595,-121.93435000001594
OPEN_DRIVE_5M,811,NEW_YORK_0930,US30,LONG,1732804200,2024-11-28T14:30:00,1732804500,2024-11-28T14:35:00,1732807800,2024-11-28T15:30:00,12.0,14.5,0.01,0.145,44807.65,44809.05,44830.8,44832.200000000004,1.4000000000000001,TAKE,1.5,0.2175,0.014000000000000002,0.2035,4.126049999983863,4.343549999983863,-121.93435000001594,-121.73085000001593
OPEN_DRIVE_5M,812,LONDON_0800,US100,SHORT,1732867200,2024-11-29T08:00:00,1732867500,2024-11-29T08:05:00,1732869000,2024-11-29T08:30:00,-3.75,5.379999999997381,0.01,0.053799999999973806,20848.28,20849.68,20852.259999999995,20853.659999999996,1.4000000000000001,STOP_ADVERSE_FIRST,-1.0,-0.053799999999973806,0.014000000000000002,-0.06779999999997381,4.343549999983863,4.289749999983889,-121.73085000001593,-121.79865000001591
OPEN_DRIVE_5M,813,LONDON_0800,US30,LONG,1732867200,2024-11-29T08:00:00,1732867500,2024-11-29T08:05:00,1732870320,2024-11-29T08:52:00,3.0,8.75,0.01,0.08750000000000001,44881.8,44883.4,44874.65,44876.25,1.6,STOP_ADVERSE_FIRST,-1.0,-0.08750000000000001,0.016,-0.10350000000000001,4.289749999983889,4.202249999983889,-121.79865000001591,-121.90215000001591
OPEN_DRIVE_5M,814,NEW_YORK_0930,US100,SHORT,1732890600,2024-11-29T14:30:00,1732890900,2024-11-29T14:35:00,1732891440,2024-11-29T14:44:00,-6.120000000002619,10.12999999999738,0.01,0.10129999999997381,20818.03,20819.43,20801.435,20802.835000000003,1.4000000000000001,TAKE,1.4999999999999998,0.1519499999999607,0.014000000000000002,0.1379499999999607,4.202249999983889,4.354199999983849,-121.90215000001591,-121.76420000001595
OPEN_DRIVE_5M,815,LONDON_0800,US100,LONG,1733126400,2024-12-02T08:00:00,1733126700,2024-12-02T08:05:00,1733126820,2024-12-02T08:07:00,2.1300000000010186,6.119999999998981,0.01,0.06119999999998982,20914.52,20915.920000000002,20909.800000000003,20911.200000000004,1.4000000000000001,STOP_ADVERSE_FIRST,-1.0,-0.06119999999998982,0.014000000000000002,-0.07519999999998982,4.354199999983849,4.292999999983859,-121.76420000001595,-121.83940000001594
OPEN_DRIVE_5M,816,LONDON_0800,US30,SHORT,1733126400,2024-12-02T08:00:00,1733126700,2024-12-02T08:05:00,1733126940,2024-12-02T08:09:00,-2.5,7.75,0.01,0.0775,44884.41,44886.01,44871.185000000005,44872.785,1.6,TAKE,1.5,0.11625,0.016,0.10025,4.292999999983859,4.409249999983859,-121.83940000001594,-121.73915000001594
OPEN_DRIVE_5M,817,NEW_YORK_0930,US100,SHORT,1733149800,2024-12-02T14:30:00,1733150100,2024-12-02T14:35:00,1733152140,2024-12-02T15:09:00,-2.3699999999989814,16.38000000000102,0.01,0.1638000000000102,20960.65,20962.050000000003,20975.63,20977.030000000002,1.4000000000000001,STOP_ADVERSE_FIRST,-1.0,-0.1638000000000102,0.014000000000000002,-0.1778000000000102,4.409249999983859,4.245449999983849,-121.73915000001594,-121.91695000001594
OPEN_DRIVE_5M,818,LONDON_0800,US100,LONG,1733212800,2024-12-03T08:00:00,1733213100,2024-12-03T08:05:00,1733214300,2024-12-03T08:25:00,3.8799999999973807,7.0,0.01,0.07,21195.76,21197.16,21190.16,21191.56,1.4000000000000001,STOP_ADVERSE_FIRST,-1.0,-0.07,0.014000000000000002,-0.084,4.245449999983849,4.175449999983849,-121.91695000001594,-122.00095000001595
OPEN_DRIVE_5M,819,NEW_YORK_0930,US30,LONG,1733236200,2024-12-03T14:30:00,1733236500,2024-12-03T14:35:00,1733237220,2024-12-03T14:47:00,12.75,16.0,0.01,0.16,44823.71,44825.11,44809.11,44810.51,1.4000000000000001,STOP_ADVERSE_FIRST,-1.0,-0.16,0.014000000000000002,-0.17400000000000002,4.175449999983849,4.015449999983849,-122.00095000001595,-122.17495000001595
OPEN_DRIVE_5M,820,NEW_YORK_0930,US100,LONG,1733236200,2024-12-03T14:30:00,1733236500,2024-12-03T14:35:00,1733237880,2024-12-03T14:58:00,10.87000000000262,13.87999999999738,0.01,0.1387999999999738,21177.63,21179.030000000002,21165.150000000005,21166.550000000007,1.4000000000000001,STOP_ADVERSE_FIRST,-1.0,-0.1387999999999738,0.014000000000000002,-0.15279999999997382,4.015449999983849,3.8766499999838753,-122.17495000001595,-122.32775000001593
OPEN_DRIVE_5M,821,LONDON_0800,US30,LONG,1733299200,2024-12-04T08:00:00,1733299500,2024-12-04T08:05:00,1733299860,2024-12-04T08:11:00,1.0,3.5,0.02,0.07,44880.26,44881.86,44878.36,44879.96,1.6,STOP_ADVERSE_FIRST,-1.0,-0.07,0.032,-0.10200000000000001,3.8766499999838753,3.8066499999838754,-122.32775000001593,-122.42975000001593
OPEN_DRIVE_5M,822,LONDON_0800,US100,LONG,1733299200,2024-12-04T08:00:00,1733299500,2024-12-04T08:05:00,1733300040,2024-12-04T08:14:00,2.8800000000010186,5.630000000001019,0.01,0.05630000000001019,21323.65,21325.050000000003,21319.420000000002,21320.820000000003,1.4000000000000001,STOP_ADVERSE_FIRST,-1.0,-0.05630000000001019,0.014000000000000002,-0.07030000000001019,3.8066499999838754,3.7503499999838654,-122.42975000001593,-122.50005000001593
OPEN_DRIVE_5M,823,NEW_YORK_0930,US100,LONG,1733322600,2024-12-04T14:30:00,1733322900,2024-12-04T14:35:00,1733324160,2024-12-04T14:56:00,3.3699999999989814,8.130000000001019,0.01,0.08130000000001018,21383.9,21385.300000000003,21377.170000000002,21378.570000000003,1.4000000000000001,STOP_ADVERSE_FIRST,-1.0,-0.08130000000001018,0.014000000000000002,-0.09530000000001018,3.7503499999838654,3.669049999983855,-122.50005000001593,-122.59535000001594
OPEN_DRIVE_5M,824,LONDON_0800,US30,LONG,1733385600,2024-12-05T08:00:00,1733385900,2024-12-05T08:05:00,1733386440,2024-12-05T08:14:00,4.75,7.25,0.01,0.0725,45053.42,45055.02,45047.77,45049.369999999995,1.6,STOP_ADVERSE_FIRST,-1.0,-0.0725,0.016,-0.0885,3.669049999983855,3.5965499999838553,-122.59535000001594,-122.68385000001594
OPEN_DRIVE_5M,825,LONDON_0800,US100,SHORT,1733385600,2024-12-05T08:00:00,1733385900,2024-12-05T08:05:00,1733388600,2024-12-05T08:50:00,-0.6199999999989814,6.0,0.01,0.06,21478.93,21480.33,21468.53,21469.93,1.4000000000000001,TAKE,1.5,0.09,0.014000000000000002,0.076,3.5965499999838553,3.686549999983855,-122.68385000001594,-122.60785000001594
OPEN_DRIVE_5M,826,NEW_YORK_0930,US30,SHORT,1733409000,2024-12-05T14:30:00,1733409300,2024-12-05T14:35:00,1733409660,2024-12-05T14:41:00,-1.0,8.0,0.01,0.08,45030.52,45031.92,45037.119999999995,45038.52,1.4000000000000001,STOP_ADVERSE_FIRST,-1.0,-0.08,0.014000000000000002,-0.094,3.686549999983855,3.606549999983855,-122.60785000001594,-122.70185000001594
OPEN_DRIVE_5M,827,NEW_YORK_0930,US100,LONG,1733409000,2024-12-05T14:30:00,1733409300,2024-12-05T14:35:00,1733410560,2024-12-05T14:56:00,2.75,4.5,0.01,0.045,21489.3,21490.7,21497.45,21498.850000000002,1.4000000000000001,TAKE,1.5000000000000002,0.0675,0.014000000000000002,0.053500000000000006,3.606549999983855,3.674049999983855,-122.70185000001594,-122.64835000001594
OPEN_DRIVE_5M,828,LONDON_0800,US100,LONG,1733472000,2024-12-06T08:00:00,1733472300,2024-12-06T08:05:00,1733472600,2024-12-06T08:10:00,2.1199999999989814,3.75,0.01,0.0375,21443.98,21445.38,21441.63,21443.030000000002,1.4000000000000001,STOP_ADVERSE_FIRST,-1.0,-0.0375,0.014000000000000002,-0.051500000000000004,3.674049999983855,3.636549999983855,-122.64835000001594,-122.69985000001594
OPEN_DRIVE_5M,829,LONDON_0800,US30,LONG,1733472000,2024-12-06T08:00:00,1733472300,2024-12-06T08:05:00,1733475660,2024-12-06T09:01:00,3.75,6.25,0.01,0.0625,44772.7,44774.299999999996,44783.674999999996,44785.274999999994,1.6,TAKE,1.5,0.09375,0.016,0.07775,3.636549999983855,3.730299999983855,-122.69985000001594,-122.62210000001595
OPEN_DRIVE_5M,830,NEW_YORK_0930,US30,SHORT,1733495400,2024-12-06T14:30:00,1733495700,2024-12-06T14:35:00,1733497620,2024-12-06T15:07:00,-7.0,11.5,0.01,0.115,44780.8,44782.200000000004,44762.15,44763.55,1.4000000000000001,TAKE,1.5,0.17250000000000001,0.014000000000000002,0.1585,3.730299999983855,3.9027999999838547,-122.62210000001595,-122.46360000001594
OPEN_DRIVE_5M,831,NEW_YORK_0930,US100,SHORT,1733495400,2024-12-06T14:30:00,1733495700,2024-12-06T14:35:00,1733499000,2024-12-06T15:30:00,-6.380000000001019,11.130000000001019,0.01,0.11130000000001018,21442.11,21443.510000000002,21451.84,21453.24,1.4000000000000001,STOP_ADVERSE_FIRST,-1.0,-0.11130000000001018,0.014000000000000002,-0.12530000000001018,3.9027999999838547,3.7914999999838446,-122.46360000001594,-122.58890000001595
OPEN_DRIVE_5M,832,LONDON_0800,US30,LONG,1733731200,2024-12-09T08:00:00,1733731500,2024-12-09T08:05:00,1733732100,2024-12-09T08:15:00,3.0,4.75,0.01,0.0475,44620.76,44622.36,44617.61,44619.21,1.6,STOP_ADVERSE_FIRST,-1.0,-0.0475,0.016,-0.0635,3.7914999999838446,3.7439999999838447,-122.58890000001595,-122.65240000001596
OPEN_DRIVE_5M,833,LONDON_0800,US100,LONG,1733731200,2024-12-09T08:00:00,1733731500,2024-12-09T08:05:00,1733734800,2024-12-09T09:00:00,2.5,3.5,0.02,0.07,21623.3,21624.7,21621.2,21622.600000000002,1.4000000000000001,STOP_ADVERSE_FIRST,-1.0,-0.07,0.028000000000000004,-0.098,3.7439999999838447,3.673999999983845,-122.65240000001596,-122.75040000001596
OPEN_DRIVE_5M,834,NEW_YORK_0930,US100,LONG,1733754600,2024-12-09T14:30:00,1733754900,2024-12-09T14:35:00,1733754960,2024-12-09T14:36:00,4.5,9.119999999998981,0.01,0.09119999999998982,21599.68,21601.08,21591.960000000003,21593.360000000004,1.4000000000000001,STOP_ADVERSE_FIRST,-1.0,-0.09119999999998982,0.014000000000000002,-0.10519999999998982,3.673999999983845,3.582799999983855,-122.75040000001596,-122.85560000001595
OPEN_DRIVE_5M,835,NEW_YORK_0930,US30,LONG,1733754600,2024-12-09T14:30:00,1733754900,2024-12-09T14:35:00,1733755500,2024-12-09T14:45:00,1.0,11.75,0.01,0.11750000000000001,44670.86,44672.26,44660.51,44661.91,1.4000000000000001,STOP_ADVERSE_FIRST,-1.0,-0.11750000000000001,0.014000000000000002,-0.1315,3.582799999983855,3.4652999999838547,-122.85560000001595,-122.98710000001596
OPEN_DRIVE_5M,836,LONDON_0800,US30,SHORT,1733817600,2024-12-10T08:00:00,1733817900,2024-12-10T08:05:00,1733817960,2024-12-10T08:06:00,-1.5,4.25,0.01,0.0425,44424.49,44426.09,44427.14,44428.74,1.6,STOP_ADVERSE_FIRST,-1.0,-0.0425,0.016,-0.0585,3.4652999999838547,3.4227999999838548,-122.98710000001596,-123.04560000001595
OPEN_DRIVE_5M,837,LONDON_0800,US100,SHORT,1733817600,2024-12-10T08:00:00,1733817900,2024-12-10T08:05:00,1733819160,2024-12-10T08:26:00,-8.25,8.75,0.01,0.08750000000000001,21431.11,21432.510000000002,21438.46,21439.86,1.4000000000000001,STOP_ADVERSE_FIRST,-1.0,-0.08750000000000001,0.014000000000000002,-0.1015,3.4227999999838548,3.335299999983855,-123.04560000001595,-123.14710000001595
OPEN_DRIVE_5M,838,NEW_YORK_0930,US100,SHORT,1733841000,2024-12-10T14:30:00,1733841300,2024-12-10T14:35:00,1733843460,2024-12-10T15:11:00,-1.25,10.75,0.01,0.1075,21499.74,21501.140000000003,21509.09,21510.49,1.4000000000000001,STOP_ADVERSE_FIRST,-1.0,-0.1075,0.014000000000000002,-0.1215,3.335299999983855,3.227799999983855,-123.14710000001595,-123.26860000001595
OPEN_DRIVE_5M,839,LONDON_0800,US100,LONG,1733904000,2024-12-11T08:00:00,1733904300,2024-12-11T08:05:00,1733905920,2024-12-11T08:32:00,2.8699999999989814,3.6300000000010186,0.01,0.036300000000010185,21410.95,21412.350000000002,21417.795000000006,21419.195000000007,1.4000000000000001,TAKE,1.5000000000005012,0.05445000000003347,0.014000000000000002,0.04045000000003347,3.227799999983855,3.2822499999838883,-123.26860000001595,-123.22815000001592
OPEN_DRIVE_5M,840,LONDON_0800,US30,LONG,1733904000,2024-12-11T08:00:00,1733904300,2024-12-11T08:05:00,1733906280,2024-12-11T08:38:00,5.5,7.5,0.01,0.075,44293.41,44295.01,44287.51,44289.11,1.6,STOP_ADVERSE_FIRST,-1.0,-0.075,0.016,-0.091,3.2822499999838883,3.207249999983888,-123.22815000001592,-123.31915000001591
OPEN_DRIVE_5M,841,NEW_YORK_0930,US100,SHORT,1733927400,2024-12-11T14:30:00,1733927700,2024-12-11T14:35:00,1733929500,2024-12-11T15:05:00,-8.369999999998981,10.869999999998981,0.01,0.10869999999998982,21416.33,21417.730000000003,21425.8,21427.2,1.4000000000000001,STOP_ADVERSE_FIRST,-1.0,-0.10869999999998982,0.014000000000000002,-0.12269999999998982,3.207249999983888,3.098549999983898,-123.31915000001591,-123.4418500000159
OPEN_DRIVE_5M,842,LONDON_0800,US30,SHORT,1733990400,2024-12-12T08:00:00,1733990700,2024-12-12T08:05:00,1733991000,2024-12-12T08:10:00,-3.0,7.25,0.01,0.0725,44107.85,44109.45,44113.5,44115.1,1.6,STOP_ADVERSE_FIRST,-1.0,-0.0725,0.016,-0.0885,3.098549999983898,3.0260499999838983,-123.4418500000159,-123.5303500000159
OPEN_DRIVE_5M,843,LONDON_0800,US30,LONG,1734076800,2024-12-13T08:00:00,1734077100,2024-12-13T08:05:00,1734077760,2024-12-13T08:16:00,3.0,5.0,0.01,0.05,43932.31,43933.909999999996,43928.909999999996,43930.509999999995,1.6,STOP_ADVERSE_FIRST,-1.0,-0.05,0.016,-0.066,3.0260499999838983,2.9760499999838985,-123.5303500000159,-123.5963500000159
OPEN_DRIVE_5M,844,LONDON_0800,US100,LONG,1734076800,2024-12-13T08:00:00,1734077100,2024-12-13T08:05:00,1734080400,2024-12-13T09:00:00,8.25,9.75,0.01,0.0975,21712.52,21713.920000000002,21728.545000000002,21729.945000000003,1.4000000000000001,TAKE,1.4999999999999998,0.14625,0.014000000000000002,0.13224999999999998,2.9760499999838985,3.1222999999838983,-123.5963500000159,-123.4641000000159
OPEN_DRIVE_5M,845,NEW_YORK_0930,US30,LONG,1734100200,2024-12-13T14:30:00,1734100500,2024-12-13T14:35:00,1734100680,2024-12-13T14:38:00,8.0,11.0,0.01,0.11,44005.91,44007.310000000005,43996.310000000005,43997.71000000001,1.4000000000000001,STOP_ADVERSE_FIRST,-1.0,-0.11,0.014000000000000002,-0.124,3.1222999999838983,3.0122999999838984,-123.4641000000159,-123.5881000000159
OPEN_DRIVE_5M,846,NEW_YORK_0930,US100,SHORT,1734100200,2024-12-13T14:30:00,1734100500,2024-12-13T14:35:00,1734101580,2024-12-13T14:53:00,-0.75,9.25,0.01,0.0925,21802.27,21803.670000000002,21810.12,21811.52,1.4000000000000001,STOP_ADVERSE_FIRST,-1.0,-0.0925,0.014000000000000002,-0.1065,3.0122999999838984,2.9197999999838986,-123.5881000000159,-123.6946000000159
OPEN_DRIVE_5M,847,LONDON_0800,US100,LONG,1734336000,2024-12-16T08:00:00,1734336300,2024-12-16T08:05:00,1734337320,2024-12-16T08:22:00,2.3800000000010186,7.25,0.01,0.0725,21783.02,21784.420000000002,21795.295000000002,21796.695000000003,1.4000000000000001,TAKE,1.5,0.10875,0.014000000000000002,0.09475,2.9197999999838986,3.0285499999838987,-123.6946000000159,-123.59985000001589
OPEN_DRIVE_5M,848,LONDON_0800,US30,LONG,1734336000,2024-12-16T08:00:00,1734336300,2024-12-16T08:05:00,1734337620,2024-12-16T08:27:00,1.25,7.25,0.01,0.0725,43873.03,43874.63,43885.505,43887.104999999996,1.6,TAKE,1.5,0.10875,0.016,0.09275,3.0285499999838987,3.137299999983899,-123.59985000001589,-123.5071000000159
OPEN_DRIVE_5M,849,NEW_YORK_0930,US100,SHORT,1734359400,2024-12-16T14:30:00,1734359700,2024-12-16T14:35:00,1734360060,2024-12-16T14:41:00,-1.8699999999989814,6.0,0.01,0.06,21866.27,21867.670000000002,21870.87,21872.27,1.4000000000000001,STOP_ADVERSE_FIRST,-1.0,-0.06,0.014000000000000002,-0.074,3.137299999983899,3.077299999983899,-123.5071000000159,-123.5811000000159
OPEN_DRIVE_5M,850,NEW_YORK_0930,US30,SHORT,1734359400,2024-12-16T14:30:00,1734359700,2024-12-16T14:35:00,1734361260,2024-12-16T15:01:00,-1.75,8.5,0.01,0.085,43923.88,43925.28,43909.729999999996,43911.13,1.4000000000000001,TAKE,1.5,0.1275,0.014000000000000002,0.1135,3.077299999983899,3.2047999999838988,-123.5811000000159,-123.46760000001589
OPEN_DRIVE_5M,851,LONDON_0800,US100,LONG,1734422400,2024-12-17T08:00:00,1734422700,2024-12-17T08:05:00,1734423180,2024-12-17T08:13:00,2.25,4.75,0.01,0.0475,22100.91,22102.31,22097.56,22098.960000000003,1.4000000000000001,STOP_ADVERSE_FIRST,-1.0,-0.0475,0.014000000000000002,-0.0615,3.2047999999838988,3.157299999983899,-123.46760000001589,-123.52910000001589
OPEN_DRIVE_5M,852,LONDON_0800,US30,LONG,1734422400,2024-12-17T08:00:00,1734422700,2024-12-17T08:05:00,1734423360,2024-12-17T08:16:00,2.75,7.75,0.01,0.0775,43684.72,43686.32,43678.57,43680.17,1.6,STOP_ADVERSE_FIRST,-1.0,-0.0775,0.016,-0.0935,3.157299999983899,3.0797999999838988,-123.52910000001589,-123.6226000000159
OPEN_DRIVE_5M,853,NEW_YORK_0930,US30,LONG,1734445800,2024-12-17T14:30:00,1734446100,2024-12-17T14:35:00,1734447360,2024-12-17T14:56:00,1.75,12.0,0.01,0.12,43572.57,43573.97,43561.97,43563.37,1.4000000000000001,STOP_ADVERSE_FIRST,-1.0,-0.12,0.014000000000000002,-0.134,3.0797999999838988,2.9597999999838986,-123.6226000000159,-123.7566000000159
OPEN_DRIVE_5M,854,LONDON_0800,US100,LONG,1734508800,2024-12-18T08:00:00,1734509100,2024-12-18T08:05:00,1734510120,2024-12-18T08:22:00,1.25,4.0,0.01,0.04,22038.84,22040.24,22036.24,22037.640000000003,1.4000000000000001,STOP_ADVERSE_FIRST,-1.0,-0.04,0.014000000000000002,-0.054000000000000006,2.9597999999838986,2.9197999999838986,-123.7566000000159,-123.8106000000159
OPEN_DRIVE_5M,855,LONDON_0800,US30,LONG,1734508800,2024-12-18T08:00:00,1734509100,2024-12-18T08:05:00,1734510180,2024-12-18T08:23:00,5.0,7.75,0.01,0.0775,43551.03,43552.63,43544.88,43546.479999999996,1.6,STOP_ADVERSE_FIRST,-1.0,-0.0775,0.016,-0.0935,2.9197999999838986,2.8422999999838985,-123.8106000000159,-123.9041000000159
OPEN_DRIVE_5M,856,NEW_YORK_0930,US100,LONG,1734532200,2024-12-18T14:30:00,1734532500,2024-12-18T14:35:00,1734532620,2024-12-18T14:37:00,1.25,6.119999999998981,0.01,0.06119999999998982,22072.84,22074.24,22068.120000000003,22069.520000000004,1.4000000000000001,STOP_ADVERSE_FIRST,-1.0,-0.06119999999998982,0.014000000000000002,-0.07519999999998982,2.8422999999838985,2.7810999999839088,-123.9041000000159,-123.9793000000159
OPEN_DRIVE_5M,857,LONDON_0800,US30,SHORT,1734681600,2024-12-20T08:00:00,1734681900,2024-12-20T08:05:00,1734682140,2024-12-20T08:09:00,-1.5,9.75,0.01,0.0975,42224.29,42225.89,42208.065,42209.665,1.6,TAKE,1.4999999999999998,0.14625,0.016,0.13024999999999998,2.7810999999839088,2.9273499999839085,-123.9793000000159,-123.8490500000159
OPEN_DRIVE_5M,858,LONDON_0800,US30,SHORT,1734940800,2024-12-23T08:00:00,1734941100,2024-12-23T08:05:00,1734941220,2024-12-23T08:07:00,-8.0,8.0,0.01,0.08,42990.9,42992.5,42997.3,42998.9,1.6,STOP_ADVERSE_FIRST,-1.0,-0.08,0.016,-0.096,2.9273499999839085,2.8473499999839085,-123.8490500000159,-123.9450500000159
OPEN_DRIVE_5M,859,LONDON_0800,US100,SHORT,1735027200,2024-12-24T08:00:00,1735027500,2024-12-24T08:05:00,1735028820,2024-12-24T08:27:00,-2.75,4.75,0.01,0.0475,21458.11,21459.510000000002,21461.46,21462.86,1.4000000000000001,STOP_ADVERSE_FIRST,-1.0,-0.0475,0.014000000000000002,-0.0615,2.8473499999839085,2.7998499999839086,-123.9450500000159,-124.00655000001589
OPEN_DRIVE_5M,860,LONDON_0800,US30,SHORT,1735027200,2024-12-24T08:00:00,1735027500,2024-12-24T08:05:00,1735028880,2024-12-24T08:28:00,-3.25,6.0,0.01,0.06,42839.23,42840.83,42843.630000000005,42845.23,1.6,STOP_ADVERSE_FIRST,-1.0,-0.06,0.016,-0.076,2.7998499999839086,2.7398499999839085,-124.00655000001589,-124.08255000001589
OPEN_DRIVE_5M,861,NEW_YORK_0930,US100,LONG,1735050600,2024-12-24T14:30:00,1735050900,2024-12-24T14:35:00,1735051200,2024-12-24T14:40:00,0.36999999999898137,9.369999999998981,0.01,0.09369999999998982,21509.24,21510.640000000003,21501.270000000004,21502.670000000006,1.4000000000000001,STOP_ADVERSE_FIRST,-1.0,-0.09369999999998982,0.014000000000000002,-0.10769999999998982,2.7398499999839085,2.6461499999839186,-124.08255000001589,-124.19025000001588
OPEN_DRIVE_5M,862,LONDON_0800,US30,SHORT,1735200000,2024-12-26T08:00:00,1735200300,2024-12-26T08:05:00,1735200420,2024-12-26T08:07:00,-1.0,5.0,0.01,0.05,43196.87,43198.47,43200.270000000004,43201.87,1.6,STOP_ADVERSE_FIRST,-1.0,-0.05,0.016,-0.066,2.6461499999839186,2.596149999983919,-124.19025000001588,-124.25625000001588
OPEN_DRIVE_5M,863,LONDON_0800,US100,LONG,1735200000,2024-12-26T08:00:00,1735200300,2024-12-26T08:05:00,1735200480,2024-12-26T08:08:00,7.0,8.0,0.01,0.08,21818.01,21819.41,21811.41,21812.81,1.4000000000000001,STOP_ADVERSE_FIRST,-1.0,-0.08,0.014000000000000002,-0.094,2.596149999983919,2.5161499999839188,-124.25625000001588,-124.35025000001588
OPEN_DRIVE_5M,864,LONDON_0800,US100,SHORT,1735286400,2024-12-27T08:00:00,1735286700,2024-12-27T08:05:00,1735286820,2024-12-27T08:07:00,-5.75,9.630000000001019,0.01,0.09630000000001018,21672.29,21673.690000000002,21656.445,21657.845,1.4000000000000001,TAKE,1.499999999999811,0.14444999999999708,0.014000000000000002,0.13044999999999707,2.5161499999839188,2.6605999999839156,-124.35025000001588,-124.21980000001588
OPEN_DRIVE_5M,865,NEW_YORK_0930,US100,LONG,1735309800,2024-12-27T14:30:00,1735310100,2024-12-27T14:35:00,1735310340,2024-12-27T14:39:00,1.8800000000010186,9.619999999998981,0.01,0.09619999999998982,21670.91,21672.31,21662.690000000002,21664.090000000004,1.4000000000000001,STOP_ADVERSE_FIRST,-1.0,-0.09619999999998982,0.014000000000000002,-0.11019999999998982,2.6605999999839156,2.5643999999839258,-124.21980000001588,-124.33000000001587
OPEN_DRIVE_5M,866,NEW_YORK_0930,US30,SHORT,1735309800,2024-12-27T14:30:00,1735310100,2024-12-27T14:35:00,1735310700,2024-12-27T14:45:00,-5.0,9.75,0.01,0.0975,43126.19,43127.590000000004,43110.165,43111.565,1.4000000000000001,TAKE,1.4999999999999998,0.14625,0.014000000000000002,0.13224999999999998,2.5643999999839258,2.710649999983926,-124.33000000001587,-124.19775000001587
OPEN_DRIVE_5M,867,NEW_YORK_0930,US100,SHORT,1735655400,2024-12-31T14:30:00,1735655700,2024-12-31T14:35:00,1735655820,2024-12-31T14:37:00,-4.0,6.380000000001019,0.01,0.06380000000001018,21248.37,21249.77,21237.399999999994,21238.799999999996,1.4000000000000001,TAKE,1.500000000000285,0.09570000000003347,0.014000000000000002,0.08170000000003347,2.710649999983926,2.8063499999839596,-124.19775000001587,-124.11605000001583
OPEN_DRIVE_5M,868,LONDON_0800,US30,SHORT,1735804800,2025-01-02T08:00:00,1735805100,2025-01-02T08:05:00,1735805280,2025-01-02T08:08:00,-2.0,7.25,0.01,0.0725,42634.97,42636.57,42640.62,42642.22,1.6,STOP_ADVERSE_FIRST,-1.0,-0.0725,0.016,-0.0885,2.8063499999839596,2.73384999998396,-124.11605000001583,-124.20455000001583
OPEN_DRIVE_5M,869,LONDON_0800,US100,SHORT,1735804800,2025-01-02T08:00:00,1735805100,2025-01-02T08:05:00,1735805940,2025-01-02T08:19:00,-2.0,10.25,0.01,0.10250000000000001,21115.72,21117.120000000003,21124.57,21125.97,1.4000000000000001,STOP_ADVERSE_FIRST,-1.0,-0.10250000000000001,0.014000000000000002,-0.1165,2.73384999998396,2.63134999998396,-124.20455000001583,-124.32105000001583
OPEN_DRIVE_5M,870,LONDON_0800,US100,LONG,1735891200,2025-01-03T08:00:00,1735891500,2025-01-03T08:05:00,1735891620,2025-01-03T08:07:00,0.6200000000026193,5.379999999997381,0.01,0.053799999999973806,20974.19,20975.59,20970.210000000003,20971.610000000004,1.4000000000000001,STOP_ADVERSE_FIRST,-1.0,-0.053799999999973806,0.014000000000000002,-0.06779999999997381,2.63134999998396,2.577549999983986,-124.32105000001583,-124.38885000001581
OPEN_DRIVE_5M,871,LONDON_0800,US30,LONG,1735891200,2025-01-03T08:00:00,1735891500,2025-01-03T08:05:00,1735891620,2025-01-03T08:07:00,0.25,6.25,0.01,0.0625,42335.4,42337.0,42330.75,42332.35,1.6,STOP_ADVERSE_FIRST,-1.0,-0.0625,0.016,-0.0785,2.577549999983986,2.515049999983986,-124.38885000001581,-124.46735000001581
OPEN_DRIVE_5M,872,LONDON_0800,US30,LONG,1736150400,2025-01-06T08:00:00,1736150700,2025-01-06T08:05:00,1736150820,2025-01-06T08:07:00,4.25,6.25,0.01,0.0625,42628.71,42630.31,42624.06,42625.659999999996,1.6,STOP_ADVERSE_FIRST,-1.0,-0.0625,0.016,-0.0785,2.515049999983986,2.452549999983986,-124.46735000001581,-124.54585000001582
OPEN_DRIVE_5M,873,LONDON_0800,US100,SHORT,1736150400,2025-01-06T08:00:00,1736150700,2025-01-06T08:05:00,1736152260,2025-01-06T08:31:00,-0.6199999999989814,5.880000000001019,0.01,0.058800000000010184,21297.02,21298.420000000002,21301.5,21302.9,1.4000000000000001,STOP_ADVERSE_FIRST,-1.0,-0.058800000000010184,0.014000000000000002,-0.07280000000001019,2.452549999983986,2.3937499999839758,-124.54585000001582,-124.61865000001583
OPEN_DRIVE_5M,874,LONDON_0800,US100,SHORT,1736323200,2025-01-08T08:00:00,1736323500,2025-01-08T08:05:00,1736323740,2025-01-08T08:09:00,-1.0,6.619999999998981,0.01,0.06619999999998981,21193.56,21194.960000000003,21198.78,21200.18,1.4000000000000001,STOP_ADVERSE_FIRST,-1.0,-0.06619999999998981,0.014000000000000002,-0.08019999999998981,2.3937499999839758,2.327549999983986,-124.61865000001583,-124.69885000001582
OPEN_DRIVE_5M,875,LONDON_0800,US30,SHORT,1736323200,2025-01-08T08:00:00,1736323500,2025-01-08T08:05:00,1736324040,2025-01-08T08:14:00,-3.75,4.75,0.01,0.0475,42541.04,42542.64,42532.315,42533.915,1.6,TAKE,1.5000000000000002,0.07125000000000001,0.016,0.05525000000000001,2.327549999983986,2.398799999983986,-124.69885000001582,-124.64360000001582
OPEN_DRIVE_5M,876,LONDON_0800,US30,LONG,1736409600,2025-01-09T08:00:00,1736409900,2025-01-09T08:05:00,1736410320,2025-01-09T08:12:00,2.0,8.5,0.01,0.085,42479.38,42480.979999999996,42472.479999999996,42474.079999999994,1.6,STOP_ADVERSE_FIRST,-1.0,-0.085,0.016,-0.101,2.398799999983986,2.313799999983986,-124.64360000001582,-124.74460000001582
OPEN_DRIVE_5M,877,NEW_YORK_0930,US100,LONG,1736433000,2025-01-09T14:30:00,1736433300,2025-01-09T14:35:00,1736433660,2025-01-09T14:41:00,5.5,8.380000000001019,0.01,0.08380000000001019,21064.77,21066.170000000002,21057.79,21059.190000000002,1.4000000000000001,STOP_ADVERSE_FIRST,-1.0,-0.08380000000001019,0.014000000000000002,-0.09780000000001018,2.313799999983986,2.229999999983976,-124.74460000001582,-124.84240000001583
OPEN_DRIVE_5M,878,LONDON_0800,US30,LONG,1736841600,2025-01-14T08:00:00,1736841900,2025-01-14T08:05:00,1736842500,2025-01-14T08:15:00,0.75,6.75,0.01,0.0675,42291.06,42292.659999999996,42302.784999999996,42304.384999999995,1.6,TAKE,1.5,0.10125,0.016,0.08525,2.229999999983976,2.3312499999839758,-124.84240000001583,-124.75715000001583
OPEN_DRIVE_5M,879,LONDON_0800,US30,LONG,1736928000,2025-01-15T08:00:00,1736928300,2025-01-15T08:05:00,1736928300,2025-01-15T08:05:00,2.0,2.5,0.01,0.025,42446.41,42448.01,42445.51,42447.11,1.6,STOP_ADVERSE_FIRST,-1.0,-0.025,0.016,-0.041,2.3312499999839758,2.306249999983976,-124.75715000001583,-124.79815000001582
OPEN_DRIVE_5M,880,LONDON_0800,US100,LONG,1736928000,2025-01-15T08:00:00,1736928300,2025-01-15T08:05:00,1736928360,2025-01-15T08:06:00,3.3800000000010186,4.0,0.01,0.04,20736.5,20737.9,20733.9,20735.300000000003,1.4000000000000001,STOP_ADVERSE_FIRST,-1.0,-0.04,0.014000000000000002,-0.054000000000000006,2.306249999983976,2.266249999983976,-124.79815000001582,-124.85215000001583
OPEN_DRIVE_5M,881,LONDON_0800,US100,LONG,1737014400,2025-01-16T08:00:00,1737014700,2025-01-16T08:05:00,1737014940,2025-01-16T08:09:00,5.25,7.0,0.01,0.07,21165.47,21166.870000000003,21159.870000000003,21161.270000000004,1.4000000000000001,STOP_ADVERSE_FIRST,-1.0,-0.07,0.014000000000000002,-0.084,2.266249999983976,2.196249999983976,-124.85215000001583,-124.93615000001583
OPEN_DRIVE_5M,882,LONDON_0800,US100,SHORT,1737532800,2025-01-22T08:00:00,1737533100,2025-01-22T08:05:00,1737533160,2025-01-22T08:06:00,-1.25,4.119999999998981,0.01,0.041199999999989814,21672.95,21674.350000000002,21675.67,21677.07,1.4000000000000001,STOP_ADVERSE_FIRST,-1.0,-0.041199999999989814,0.014000000000000002,-0.05519999999998981,2.196249999983976,2.1550499999839863,-124.93615000001583,-124.99135000001581
OPEN_DRIVE_5M,883,LONDON_0800,US30,LONG,1737532800,2025-01-22T08:00:00,1737533100,2025-01-22T08:05:00,1737533940,2025-01-22T08:19:00,1.0,6.0,0.01,0.06,43984.29,43985.89,43979.89,43981.49,1.6,STOP_ADVERSE_FIRST,-1.0,-0.06,0.016,-0.076,2.1550499999839863,2.095049999983986,-124.99135000001581,-125.06735000001581
OPEN_DRIVE_5M,884,LONDON_0800,US100,LONG,1737619200,2025-01-23T08:00:00,1737619500,2025-01-23T08:05:00,1737620160,2025-01-23T08:16:00,0.6199999999989814,4.0,0.01,0.04,21773.41,21774.81,21780.81,21782.210000000003,1.4000000000000001,TAKE,1.5,0.06,0.014000000000000002,0.046,2.095049999983986,2.1550499999839863,-125.06735000001581,-125.0213500000158
OPEN_DRIVE_5M,885,LONDON_0800,US30,LONG,1737619200,2025-01-23T08:00:00,1737619500,2025-01-23T08:05:00,1737620340,2025-01-23T08:19:00,3.5,4.5,0.01,0.045,44067.63,44069.229999999996,44075.979999999996,44077.579999999994,1.6,TAKE,1.5000000000000002,0.0675,0.016,0.051500000000000004,2.1550499999839863,2.222549999983986,-125.0213500000158,-124.9698500000158
OPEN_DRIVE_5M,886,LONDON_0800,US100,LONG,1737705600,2025-01-24T08:00:00,1737705900,2025-01-24T08:05:00,1737706020,2025-01-24T08:07:00,0.11999999999898137,5.25,0.01,0.0525,21819.48,21820.88,21828.755,21830.155000000002,1.4000000000000001,TAKE,1.5,0.07875,0.014000000000000002,0.06475,2.222549999983986,2.301299999983986,-124.9698500000158,-124.90510000001579
OPEN_DRIVE_5M,887,LONDON_0800,US30,SHORT,1737705600,2025-01-24T08:00:00,1737705900,2025-01-24T08:05:00,1737706500,2025-01-24T08:15:00,-3.0,7.0,0.01,0.07,44454.76,44456.36,44460.16,44461.76,1.6,STOP_ADVERSE_FIRST,-1.0,-0.07,0.016,-0.08600000000000001,2.301299999983986,2.231299999983986,-124.90510000001579,-124.99110000001579
OPEN_DRIVE_5M,888,NEW_YORK_0930,US100,SHORT,1737729000,2025-01-24T14:30:00,1737729300,2025-01-24T14:35:00,1737729660,2025-01-24T14:41:00,-1.0,7.630000000001019,0.01,0.07630000000001019,21861.48,21862.88,21848.634999999995,21850.034999999996,1.4000000000000001,TAKE,1.5000000000002383,0.11445000000003347,0.014000000000000002,0.10045000000003347,2.231299999983986,2.3457499999840197,-124.99110000001579,-124.89065000001575
OPEN_DRIVE_5M,889,NEW_YORK_0930,US30,SHORT,1738161000,2025-01-29T14:30:00,1738161300,2025-01-29T14:35:00,1738161300,2025-01-29T14:35:00,-1.75,7.75,0.01,0.0775,44783.85,44785.25,44790.2,44791.6,1.4000000000000001,STOP_ADVERSE_FIRST,-1.0,-0.0775,0.014000000000000002,-0.0915,2.3457499999840197,2.2682499999840195,-124.89065000001575,-124.98215000001575
OPEN_DRIVE_5M,890,LONDON_0800,US100,LONG,1738224000,2025-01-30T08:00:00,1738224300,2025-01-30T08:05:00,1738224480,2025-01-30T08:08:00,1.25,6.5,0.01,0.065,21506.4,21507.800000000003,21501.300000000003,21502.700000000004,1.4000000000000001,STOP_ADVERSE_FIRST,-1.0,-0.065,0.014000000000000002,-0.079,2.2682499999840195,2.2032499999840196,-124.98215000001575,-125.06115000001574
OPEN_DRIVE_5M,891,LONDON_0800,US30,LONG,1738224000,2025-01-30T08:00:00,1738224300,2025-01-30T08:05:00,1738224480,2025-01-30T08:08:00,2.0,8.75,0.01,0.08750000000000001,44760.57,44762.17,44753.42,44755.02,1.6,STOP_ADVERSE_FIRST,-1.0,-0.08750000000000001,0.016,-0.10350000000000001,2.2032499999840196,2.1157499999840197,-125.06115000001574,-125.16465000001574
OPEN_DRIVE_5M,892,LONDON_0800,US30,SHORT,1738828800,2025-02-06T08:00:00,1738829100,2025-02-06T08:05:00,1738829640,2025-02-06T08:14:00,-1.0,3.0,0.01,0.03,44934.95,44936.549999999996,44928.85,44930.45,1.6,TAKE,1.5,0.045,0.016,0.028999999999999998,2.1157499999840197,2.1607499999840196,-125.16465000001574,-125.13565000001574
OPEN_DRIVE_5M,893,LONDON_0800,US100,SHORT,1738828800,2025-02-06T08:00:00,1738829100,2025-02-06T08:05:00,1738831860,2025-02-06T08:51:00,-5.0,6.75,0.01,0.0675,21693.54,21694.940000000002,21682.015,21683.415,1.4000000000000001,TAKE,1.5,0.10125,0.014000000000000002,0.08725000000000001,2.1607499999840196,2.2619999999840195,-125.13565000001574,-125.04840000001575
OPEN_DRIVE_5M,894,LONDON_0800,US30,SHORT,1738915200,2025-02-07T08:00:00,1738915500,2025-02-07T08:05:00,1738915980,2025-02-07T08:13:00,-2.0,7.0,0.01,0.07,44651.79,44653.39,44639.69,44641.29,1.6,TAKE,1.4999999999999998,0.105,0.016,0.089,2.2619999999840195,2.3669999999840194,-125.04840000001575,-124.95940000001575
OPEN_DRIVE_5M,895,LONDON_0800,US100,SHORT,1738915200,2025-02-07T08:00:00,1738915500,2025-02-07T08:05:00,1738916100,2025-02-07T08:15:00,-7.25,9.0,0.01,0.09,21718.34,21719.74,21703.44,21704.84,1.4000000000000001,TAKE,1.5000000000000002,0.135,0.014000000000000002,0.12100000000000001,2.3669999999840194,2.5019999999840197,-124.95940000001575,-124.83840000001575
OPEN_DRIVE_5M,896,LONDON_0800,US30,LONG,1739174400,2025-02-10T08:00:00,1739174700,2025-02-10T08:05:00,1739174700,2025-02-10T08:05:00,2.0,6.0,0.01,0.06,44340.22,44341.82,44335.82,44337.42,1.6,STOP_ADVERSE_FIRST,-1.0,-0.06,0.016,-0.076,2.5019999999840197,2.4419999999840196,-124.83840000001575,-124.91440000001575
OPEN_DRIVE_5M,897,LONDON_0800,US100,SHORT,1739174400,2025-02-10T08:00:00,1739174700,2025-02-10T08:05:00,1739175660,2025-02-10T08:21:00,-3.1300000000010186,4.130000000001019,0.01,0.04130000000001019,21592.63,21594.030000000002,21585.034999999996,21586.434999999998,1.4000000000000001,TAKE,1.5000000000004403,0.06195000000003347,0.014000000000000002,0.047950000000033466,2.4419999999840196,2.503949999984053,-124.91440000001575,-124.86645000001572
OPEN_DRIVE_5M,898,LONDON_0800,US30,SHORT,1739260800,2025-02-11T08:00:00,1739261100,2025-02-11T08:05:00,1739261160,2025-02-11T08:06:00,-8.0,8.25,0.01,0.0825,44362.69,44364.29,44369.340000000004,44370.94,1.6,STOP_ADVERSE_FIRST,-1.0,-0.0825,0.016,-0.0985,2.503949999984053,2.421449999984053,-124.86645000001572,-124.96495000001572
OPEN_DRIVE_5M,899,LONDON_0800,US30,LONG,1739347200,2025-02-12T08:00:00,1739347500,2025-02-12T08:05:00,1739347740,2025-02-12T08:09:00,3.25,7.25,0.01,0.0725,44537.53,44539.13,44531.88,44533.479999999996,1.6,STOP_ADVERSE_FIRST,-1.0,-0.0725,0.016,-0.0885,2.421449999984053,2.348949999984053,-124.96495000001572,-125.05345000001572
OPEN_DRIVE_5M,900,LONDON_0800,US100,LONG,1739347200,2025-02-12T08:00:00,1739347500,2025-02-12T08:05:00,1739347800,2025-02-12T08:10:00,2.75,5.25,0.01,0.0525,21665.7,21667.100000000002,21661.850000000002,21663.250000000004,1.4000000000000001,STOP_ADVERSE_FIRST,-1.0,-0.0525,0.014000000000000002,-0.0665,2.348949999984053,2.296449999984053,-125.05345000001572,-125.11995000001572
OPEN_DRIVE_5M,901,NEW_YORK_0930,US30,LONG,1739370600,2025-02-12T14:30:00,1739370900,2025-02-12T14:35:00,1739371260,2025-02-12T14:41:00,7.5,8.0,0.01,0.08,44509.38,44510.78,44522.78,44524.18,1.4000000000000001,TAKE,1.5,0.12,0.014000000000000002,0.106,2.296449999984053,2.416449999984053,-125.11995000001572,-125.01395000001573
OPEN_DRIVE_5M,902,LONDON_0800,US100,LONG,1739433600,2025-02-13T08:00:00,1739433900,2025-02-13T08:05:00,1739434320,2025-02-13T08:12:00,0.13000000000101863,7.869999999998981,0.01,0.07869999999998982,21790.66,21792.06,21803.864999999998,21805.265,1.4000000000000001,TAKE,1.4999999999997686,0.11804999999996653,0.014000000000000002,0.10404999999996653,2.416449999984053,2.5344999999840194,-125.01395000001573,-124.90990000001575
OPEN_DRIVE_5M,903,LONDON_0800,US30,LONG,1739433600,2025-02-13T08:00:00,1739433900,2025-02-13T08:05:00,1739434920,2025-02-13T08:22:00,4.0,9.0,0.01,0.09,44416.63,44418.229999999996,44409.229999999996,44410.829999999994,1.6,STOP_ADVERSE_FIRST,-1.0,-0.09,0.016,-0.106,2.5344999999840194,2.4444999999840196,-124.90990000001575,-125.01590000001575
OPEN_DRIVE_5M,904,LONDON_0800,US30,LONG,1739520000,2025-02-14T08:00:00,1739520300,2025-02-14T08:05:00,1739521740,2025-02-14T08:29:00,3.0,5.5,0.01,0.055,44690.37,44691.97,44686.47,44688.07,1.6,STOP_ADVERSE_FIRST,-1.0,-0.055,0.016,-0.07100000000000001,2.4444999999840196,2.3894999999840194,-125.01590000001575,-125.08690000001575
OPEN_DRIVE_5M,905,LONDON_0800,US100,LONG,1739520000,2025-02-14T08:00:00,1739520300,2025-02-14T08:05:00,1739523600,2025-02-14T09:00:00,6.620000000002619,9.25,0.01,0.0925,22018.67,22020.07,22033.945,22035.345,1.4000000000000001,TAKE,1.5000000000000002,0.13875,0.014000000000000002,0.12475000000000001,2.3894999999840194,2.5282499999840193,-125.08690000001575,-124.96215000001574
OPEN_DRIVE_5M,906,NEW_YORK_0930,US100,LONG,1739543400,2025-02-14T14:30:00,1739543700,2025-02-14T14:35:00,1739544480,2025-02-14T14:48:00,0.25,8.62999999999738,0.01,0.08629999999997381,21968.92,21970.32,21961.690000000002,21963.090000000004,1.4000000000000001,STOP_ADVERSE_FIRST,-1.0,-0.08629999999997381,0.014000000000000002,-0.10029999999997381,2.5282499999840193,2.4419499999840455,-124.96215000001574,-125.06245000001572
OPEN_DRIVE_5M,907,LONDON_0800,US30,LONG,1739779200,2025-02-17T08:00:00,1739779500,2025-02-17T08:05:00,1739779620,2025-02-17T08:07:00,0.75,4.5,0.01,0.045,44545.73,44547.33,44542.83,44544.43,1.6,STOP_ADVERSE_FIRST,-1.0,-0.045,0.016,-0.061,2.4419499999840455,2.3969499999840456,-125.06245000001572,-125.12345000001572
OPEN_DRIVE_5M,908,LONDON_0800,US100,LONG,1739779200,2025-02-17T08:00:00,1739779500,2025-02-17T08:05:00,1739779680,2025-02-17T08:08:00,2.75,4.75,0.01,0.0475,22176.21,22177.61,22172.86,22174.260000000002,1.4000000000000001,STOP_ADVERSE_FIRST,-1.0,-0.0475,0.014000000000000002,-0.0615,2.3969499999840456,2.3494499999840457,-125.12345000001572,-125.18495000001572
OPEN_DRIVE_5M,909,NEW_YORK_0930,US100,SHORT,1739802600,2025-02-17T14:30:00,1739802900,2025-02-17T14:35:00,1739803020,2025-02-17T14:37:00,-3.75,6.370000000002619,0.01,0.0637000000000262,22153.58,22154.980000000003,22158.550000000003,22159.950000000004,1.4000000000000001,STOP_ADVERSE_FIRST,-1.0,-0.0637000000000262,0.014000000000000002,-0.07770000000002619,2.3494499999840457,2.2857499999840196,-125.18495000001572,-125.26265000001574
OPEN_DRIVE_5M,910,NEW_YORK_0930,US30,SHORT,1739802600,2025-02-17T14:30:00,1739802900,2025-02-17T14:35:00,1739803200,2025-02-17T14:40:00,-4.0,7.5,0.01,0.075,44573.83,44575.23,44579.93,44581.33,1.4000000000000001,STOP_ADVERSE_FIRST,-1.0,-0.075,0.014000000000000002,-0.089,2.2857499999840196,2.2107499999840194,-125.26265000001574,-125.35165000001574
OPEN_DRIVE_5M,911,LONDON_0800,US30,LONG,1739865600,2025-02-18T08:00:00,1739865900,2025-02-18T08:05:00,1739866380,2025-02-18T08:13:00,0.25,2.75,0.01,0.0275,44544.44,44546.04,44550.165,44551.765,1.6,TAKE,1.5,0.04125,0.016,0.02525,2.2107499999840194,2.2519999999840192,-125.35165000001574,-125.32640000001574
OPEN_DRIVE_5M,912,LONDON_0800,US100,LONG,1739865600,2025-02-18T08:00:00,1739865900,2025-02-18T08:05:00,1739866440,2025-02-18T08:14:00,1.25,3.3700000000026193,0.01,0.033700000000026195,22161.08,22162.480000000003,22167.535000000007,22168.93500000001,1.4000000000000001,TAKE,1.5,0.05055000000003929,0.014000000000000002,0.03655000000003929,2.2519999999840192,2.3025499999840586,-125.32640000001574,-125.2898500000157
OPEN_DRIVE_5M,913,LONDON_0800,US100,LONG,1739952000,2025-02-19T08:00:00,1739952300,2025-02-19T08:05:00,1739952360,2025-02-19T08:06:00,3.25,3.75,0.01,0.0375,22176.52,22177.920000000002,22174.170000000002,22175.570000000003,1.4000000000000001,STOP_ADVERSE_FIRST,-1.0,-0.0375,0.014000000000000002,-0.051500000000000004,2.3025499999840586,2.2650499999840585,-125.2898500000157,-125.34135000001571
OPEN_DRIVE_5M,914,LONDON_0800,US30,LONG,1739952000,2025-02-19T08:00:00,1739952300,2025-02-19T08:05:00,1739953020,2025-02-19T08:17:00,5.0,7.0,0.01,0.07,44566.76,44568.36,44561.36,44562.96,1.6,STOP_ADVERSE_FIRST,-1.0,-0.07,0.016,-0.08600000000000001,2.2650499999840585,2.1950499999840587,-125.34135000001571,-125.42735000001571
OPEN_DRIVE_5M,915,LONDON_0800,US30,SHORT,1740038400,2025-02-20T08:00:00,1740038700,2025-02-20T08:05:00,1740039120,2025-02-20T08:12:00,-0.5,5.0,0.01,0.05,44484.43,44486.03,44487.83,44489.43,1.6,STOP_ADVERSE_FIRST,-1.0,-0.05,0.016,-0.066,2.1950499999840587,2.145049999984059,-125.42735000001571,-125.49335000001571
OPEN_DRIVE_5M,916,LONDON_0800,US100,SHORT,1740038400,2025-02-20T08:00:00,1740038700,2025-02-20T08:05:00,1740039180,2025-02-20T08:13:00,-2.6300000000010186,7.380000000001019,0.01,0.07380000000001019,22076.66,22078.06,22082.64,22084.04,1.4000000000000001,STOP_ADVERSE_FIRST,-1.0,-0.07380000000001019,0.014000000000000002,-0.08780000000001019,2.145049999984059,2.071249999984049,-125.49335000001571,-125.58115000001573
OPEN_DRIVE_5M,917,LONDON_0800,US100,LONG,1740124800,2025-02-21T08:00:00,1740125100,2025-02-21T08:05:00,1740125220,2025-02-21T08:07:00,2.8800000000010186,3.8800000000010186,0.01,0.03880000000001019,22042.06,22043.460000000003,22049.280000000006,22050.680000000008,1.4000000000000001,TAKE,1.5000000000004687,0.05820000000003347,0.014000000000000002,0.04420000000003346,2.071249999984049,2.1294499999840824,-125.58115000001573,-125.5369500000157
OPEN_DRIVE_5M,918,NEW_YORK_0930,US100,LONG,1740148200,2025-02-21T14:30:00,1740148500,2025-02-21T14:35:00,1740150000,2025-02-21T15:00:00,0.75,7.5,0.01,0.075,22121.18,22122.58,22133.83,22135.230000000003,1.4000000000000001,TAKE,1.5,0.1125,0.014000000000000002,0.0985,2.1294499999840824,2.241949999984082,-125.5369500000157,-125.43845000001569
OPEN_DRIVE_5M,919,LONDON_0800,US100,SHORT,1740384000,2025-02-24T08:00:00,1740384300,2025-02-24T08:05:00,1740384420,2025-02-24T08:07:00,-2.5,3.8800000000010186,0.01,0.03880000000001019,21714.31,21715.710000000003,21716.79,21718.190000000002,1.4000000000000001,STOP_ADVERSE_FIRST,-1.0,-0.03880000000001019,0.014000000000000002,-0.052800000000010186,2.241949999984082,2.203149999984072,-125.43845000001569,-125.4912500000157
OPEN_DRIVE_5M,920,LONDON_0800,US30,LONG,1740384000,2025-02-24T08:00:00,1740384300,2025-02-24T08:05:00,1740384900,2025-02-24T08:15:00,2.0,6.0,0.01,0.06,43618.11,43619.71,43628.71,43630.31,1.6,TAKE,1.5,0.09,0.016,0.074,2.203149999984072,2.2931499999840717,-125.4912500000157,-125.4172500000157
OPEN_DRIVE_5M,921,LONDON_0800,US100,SHORT,1740470400,2025-02-25T08:00:00,1740470700,2025-02-25T08:05:00,1740470940,2025-02-25T08:09:00,-5.630000000001019,8.5,0.01,0.085,21358.25,21359.65,21365.35,21366.75,1.4000000000000001,STOP_ADVERSE_FIRST,-1.0,-0.085,0.014000000000000002,-0.099,2.2931499999840717,2.2081499999840717,-125.4172500000157,-125.5162500000157
OPEN_DRIVE_5M,922,LONDON_0800,US30,LONG,1740556800,2025-02-26T08:00:00,1740557100,2025-02-26T08:05:00,1740557460,2025-02-26T08:11:00,5.0,7.0,0.01,0.07,43711.45,43713.049999999996,43706.049999999996,43707.649999999994,1.6,STOP_ADVERSE_FIRST,-1.0,-0.07,0.016,-0.08600000000000001,2.2081499999840717,2.138149999984072,-125.5162500000157,-125.6022500000157
OPEN_DRIVE_5M,923,LONDON_0800,US100,SHORT,1740556800,2025-02-26T08:00:00,1740557100,2025-02-26T08:05:00,1740558060,2025-02-26T08:21:00,-2.6200000000026193,6.370000000002619,0.01,0.0637000000000262,21207.76,21209.16,21196.804999999993,21198.204999999994,1.4000000000000001,TAKE,1.5,0.0955500000000393,0.014000000000000002,0.0815500000000393,2.138149999984072,2.233699999984111,-125.6022500000157,-125.52070000001567
OPEN_DRIVE_5M,924,LONDON_0800,US100,LONG,1741161600,2025-03-05T08:00:00,1741161900,2025-03-05T08:05:00,1741162320,2025-03-05T08:12:00,0.13000000000101863,8.75,0.01,0.08750000000000001,20503.2,20504.600000000002,20517.725000000002,20519.125000000004,1.4000000000000001,TAKE,1.5,0.13125,0.014000000000000002,0.11725000000000001,2.233699999984111,2.3649499999841113,-125.52070000001567,-125.40345000001567
OPEN_DRIVE_5M,925,LONDON_0800,US30,SHORT,1741248000,2025-03-06T08:00:00,1741248300,2025-03-06T08:05:00,1741248720,2025-03-06T08:12:00,-2.0,9.0,0.01,0.09,42965.77,42967.369999999995,42973.17,42974.77,1.6,STOP_ADVERSE_FIRST,-1.0,-0.09,0.016,-0.106,2.3649499999841113,2.2749499999841114,-125.40345000001567,-125.50945000001566
OPEN_DRIVE_5M,926,LONDON_0800,US100,LONG,1741593600,2025-03-10T08:00:00,1741593900,2025-03-10T08:05:00,1741594380,2025-03-10T08:13:00,4.119999999998981,8.369999999998981,0.01,0.08369999999998981,20096.07,20097.47,20110.025,20111.425000000003,1.4000000000000001,TAKE,1.5000000000002174,0.1255500000000029,0.014000000000000002,0.11155000000000291,2.2749499999841114,2.400499999984114,-125.50945000001566,-125.39790000001565
OPEN_DRIVE_5M,927,LONDON_0800,US100,LONG,1741939200,2025-03-14T08:00:00,1741939500,2025-03-14T08:05:00,1741939560,2025-03-14T08:06:00,0.25,5.75,0.01,0.0575,19426.66,19428.06,19422.31,19423.710000000003,1.4000000000000001,STOP_ADVERSE_FIRST,-1.0,-0.0575,0.014000000000000002,-0.07150000000000001,2.400499999984114,2.342999999984114,-125.39790000001565,-125.46940000001565
OPEN_DRIVE_5M,928,LONDON_0800,US30,SHORT,1741939200,2025-03-14T08:00:00,1741939500,2025-03-14T08:05:00,1741940160,2025-03-14T08:16:00,-2.0,6.5,0.01,0.065,41033.73,41035.33,41038.630000000005,41040.23,1.6,STOP_ADVERSE_FIRST,-1.0,-0.065,0.016,-0.081,2.342999999984114,2.277999999984114,-125.46940000001565,-125.55040000001566
OPEN_DRIVE_5M,929,LONDON_0800,US30,SHORT,1742371200,2025-03-19T08:00:00,1742371500,2025-03-19T08:05:00,1742372640,2025-03-19T08:24:00,-5.5,9.0,0.01,0.09,41618.2,41619.799999999996,41625.6,41627.2,1.6,STOP_ADVERSE_FIRST,-1.0,-0.09,0.016,-0.106,2.277999999984114,2.187999999984114,-125.55040000001566,-125.65640000001565
OPEN_DRIVE_5M,930,LONDON_0800,US30,SHORT,1742457600,2025-03-20T08:00:00,1742457900,2025-03-20T08:05:00,1742458200,2025-03-20T08:10:00,-3.0,8.0,0.01,0.08,42103.89,42105.49,42110.29,42111.89,1.6,STOP_ADVERSE_FIRST,-1.0,-0.08,0.016,-0.096,2.187999999984114,2.107999999984114,-125.65640000001565,-125.75240000001565
OPEN_DRIVE_5M,931,LONDON_0800,US100,SHORT,1742457600,2025-03-20T08:00:00,1742457900,2025-03-20T08:05:00,1742458980,2025-03-20T08:23:00,-0.5,5.75,0.01,0.0575,19867.06,19868.460000000003,19857.035,19858.435,1.4000000000000001,TAKE,1.5,0.08625000000000001,0.014000000000000002,0.07225000000000001,2.107999999984114,2.1942499999841143,-125.75240000001565,-125.68015000001566
OPEN_DRIVE_5M,932,LONDON_0800,US100,LONG,1742803200,2025-03-24T08:00:00,1742803500,2025-03-24T08:05:00,1742804700,2025-03-24T08:25:00,3.3699999999989814,5.25,0.01,0.0525,19914.39,19915.79,19923.665,19925.065000000002,1.4000000000000001,TAKE,1.5,0.07875,0.014000000000000002,0.06475,2.1942499999841143,2.272999999984114,-125.68015000001566,-125.61540000001565
OPEN_DRIVE_5M,933,LONDON_0800,US100,SHORT,1742889600,2025-03-25T08:00:00,1742889900,2025-03-25T08:05:00,1742890020,2025-03-25T08:07:00,-0.25,3.1300000000010186,0.01,0.03130000000001019,20136.84,20138.24,20138.57,20139.97,1.4000000000000001,STOP_ADVERSE_FIRST,-1.0,-0.03130000000001019,0.014000000000000002,-0.04530000000001019,2.272999999984114,2.241699999984104,-125.61540000001565,-125.66070000001567
OPEN_DRIVE_5M,934,LONDON_0800,US30,SHORT,1742889600,2025-03-25T08:00:00,1742889900,2025-03-25T08:05:00,1742890440,2025-03-25T08:14:00,-6.0,8.25,0.01,0.0825,42511.96,42513.56,42518.61,42520.21,1.6,STOP_ADVERSE_FIRST,-1.0,-0.0825,0.016,-0.0985,2.241699999984104,2.159199999984104,-125.66070000001567,-125.75920000001567
OPEN_DRIVE_5M,935,NEW_YORK_0930,US100,LONG,1742909400,2025-03-25T13:30:00,1742909700,2025-03-25T13:35:00,1742910360,2025-03-25T13:46:00,3.25,8.619999999998981,0.01,0.08619999999998981,20162.09,20163.49,20176.42,20177.82,1.4000000000000001,TAKE,1.4999999999997888,0.12929999999996653,0.014000000000000002,0.11529999999996653,2.159199999984104,2.2884999999840705,-125.75920000001567,-125.6439000000157
OPEN_DRIVE_5M,936,LONDON_0800,US100,LONG,1742976000,2025-03-26T08:00:00,1742976300,2025-03-26T08:05:00,1742977620,2025-03-26T08:27:00,2.75,5.370000000002619,0.01,0.05370000000002619,20290.65,20292.050000000003,20286.68,20288.08,1.4000000000000001,STOP_ADVERSE_FIRST,-1.0,-0.05370000000002619,0.014000000000000002,-0.0677000000000262,2.2884999999840705,2.234799999984044,-125.6439000000157,-125.71160000001574
OPEN_DRIVE_5M,937,LONDON_0800,US100,SHORT,1743062400,2025-03-27T08:00:00,1743062700,2025-03-27T08:05:00,1743062700,2025-03-27T08:05:00,-2.1199999999989814,3.1199999999989814,0.01,0.031199999999989816,19938.47,19939.870000000003,19940.19,19941.59,1.4000000000000001,STOP_ADVERSE_FIRST,-1.0,-0.031199999999989816,0.014000000000000002,-0.04519999999998982,2.234799999984044,2.2035999999840543,-125.71160000001574,-125.75680000001573
OPEN_DRIVE_5M,938,LONDON_0800,US30,SHORT,1743062400,2025-03-27T08:00:00,1743062700,2025-03-27T08:05:00,1743062880,2025-03-27T08:08:00,-2.0,6.0,0.01,0.06,42515.3,42516.9,42504.700000000004,42506.3,1.6,TAKE,1.5,0.09,0.016,0.074,2.2035999999840543,2.293599999984054,-125.75680000001573,-125.68280000001573
OPEN_DRIVE_5M,939,LONDON_0800,US100,LONG,1743577200,2025-04-02T07:00:00,1743577500,2025-04-02T07:05:00,1743577980,2025-04-02T07:13:00,3.1199999999989814,6.75,0.01,0.0675,19391.09,19392.49,19385.74,19387.140000000003,1.4000000000000001,STOP_ADVERSE_FIRST,-1.0,-0.0675,0.014000000000000002,-0.0815,2.293599999984054,2.2260999999840543,-125.68280000001573,-125.76430000001574
OPEN_DRIVE_5M,940,LONDON_0800,US100,LONG,1744614000,2025-04-14T07:00:00,1744614300,2025-04-14T07:05:00,1744614480,2025-04-14T07:08:00,1.3799999999973807,4.75,0.01,0.0475,18909.19,18910.59,18905.84,18907.24,1.4000000000000001,STOP_ADVERSE_FIRST,-1.0,-0.0475,0.014000000000000002,-0.0615,2.2260999999840543,2.1785999999840544,-125.76430000001574,-125.82580000001573
OPEN_DRIVE_5M,941,LONDON_0800,US30,LONG,1744700400,2025-04-15T07:00:00,1744700700,2025-04-15T07:05:00,1744700700,2025-04-15T07:05:00,0.25,8.5,0.01,0.085,40506.42,40508.02,40499.52,40501.119999999995,1.6,STOP_ADVERSE_FIRST,-1.0,-0.085,0.016,-0.101,2.1785999999840544,2.0935999999840544,-125.82580000001573,-125.92680000001573
OPEN_DRIVE_5M,942,LONDON_0800,US100,SHORT,1744700400,2025-04-15T07:00:00,1744700700,2025-04-15T07:05:00,1744700940,2025-04-15T07:09:00,-1.0,7.619999999998981,0.01,0.07619999999998982,18765.53,18766.93,18771.749999999996,18773.149999999998,1.4000000000000001,STOP_ADVERSE_FIRST,-1.0,-0.07619999999998982,0.014000000000000002,-0.09019999999998982,2.0935999999840544,2.0173999999840646,-125.92680000001573,-126.01700000001573
OPEN_DRIVE_5M,943,LONDON_0800,US100,LONG,1744873200,2025-04-17T07:00:00,1744873500,2025-04-17T07:05:00,1744874220,2025-04-17T07:17:00,0.13000000000101863,6.5,0.01,0.065,18392.68,18394.08,18387.58,18388.980000000003,1.4000000000000001,STOP_ADVERSE_FIRST,-1.0,-0.065,0.014000000000000002,-0.079,2.0173999999840646,1.9523999999840647,-126.01700000001573,-126.09600000001572
OPEN_DRIVE_5M,944,LONDON_0800,US30,LONG,1744873200,2025-04-17T07:00:00,1744873500,2025-04-17T07:05:00,1744874340,2025-04-17T07:19:00,2.25,8.0,0.01,0.08,39907.79,39909.39,39901.39,39902.99,1.6,STOP_ADVERSE_FIRST,-1.0,-0.08,0.016,-0.096,1.9523999999840647,1.8723999999840646,-126.09600000001572,-126.19200000001572
OPEN_DRIVE_5M,945,LONDON_0800,US100,LONG,1745305200,2025-04-22T07:00:00,1745305500,2025-04-22T07:05:00,1745305920,2025-04-22T07:12:00,1.6299999999973807,7.120000000002619,0.01,0.0712000000000262,17854.42,17855.82,17848.699999999997,17850.1,1.4000000000000001,STOP_ADVERSE_FIRST,-1.0,-0.0712000000000262,0.014000000000000002,-0.0852000000000262,1.8723999999840646,1.8011999999840385,-126.19200000001572,-126.27720000001575
OPEN_DRIVE_5M,946,LONDON_0800,US100,LONG,1745823600,2025-04-28T07:00:00,1745823900,2025-04-28T07:05:00,1745825280,2025-04-28T07:28:00,4.25,6.629999999997381,0.01,0.06629999999997381,19295.35,19296.75,19306.694999999996,19308.094999999998,1.4000000000000001,TAKE,1.5,0.09944999999996071,0.014000000000000002,0.08544999999996071,1.8011999999840385,1.9006499999839992,-126.27720000001575,-126.19175000001579
OPEN_DRIVE_5M,947,LONDON_0800,US30,LONG,1745823600,2025-04-28T07:00:00,1745823900,2025-04-28T07:05:00,1745825280,2025-04-28T07:28:00,4.5,7.0,0.01,0.07,39926.91,39928.51,39939.01,39940.61,1.6,TAKE,1.4999999999999998,0.105,0.016,0.089,1.9006499999839992,2.005649999983999,-126.19175000001579,-126.10275000001579
OPEN_DRIVE_5M,948,LONDON_0800,US100,SHORT,1745996400,2025-04-30T07:00:00,1745996700,2025-04-30T07:05:00,1745996760,2025-04-30T07:06:00,-2.0,6.119999999998981,0.01,0.06119999999998982,19412.31,19413.710000000003,19401.730000000003,19403.130000000005,1.4000000000000001,TAKE,1.4999999999997027,0.09179999999996653,0.014000000000000002,0.07779999999996653,2.005649999983999,2.0974499999839655,-126.10275000001579,-126.02495000001582
OPEN_DRIVE_5M,949,LONDON_0800,US30,LONG,1746514800,2025-05-06T07:00:00,1746515100,2025-05-06T07:05:00,1746515340,2025-05-06T07:09:00,0.75,6.5,0.01,0.065,41190.86,41192.46,41185.96,41187.56,1.6,STOP_ADVERSE_FIRST,-1.0,-0.065,0.016,-0.081,2.0974499999839655,2.0324499999839656,-126.02495000001582,-126.10595000001582
OPEN_DRIVE_5M,950,LONDON_0800,US100,SHORT,1746514800,2025-05-06T07:00:00,1746515100,2025-05-06T07:05:00,1746515640,2025-05-06T07:14:00,-0.12999999999738066,7.5,0.01,0.075,19893.51,19894.91,19880.859999999997,19882.26,1.4000000000000001,TAKE,1.5,0.1125,0.014000000000000002,0.0985,2.0324499999839656,2.1449499999839654,-126.10595000001582,-126.00745000001582
OPEN_DRIVE_5M,951,LONDON_0800,US100,SHORT,1746687600,2025-05-08T07:00:00,1746687900,2025-05-08T07:05:00,1746688020,2025-05-08T07:07:00,-0.5,7.5,0.01,0.075,20074.81,20076.210000000003,20080.91,20082.31,1.4000000000000001,STOP_ADVERSE_FIRST,-1.0,-0.075,0.014000000000000002,-0.089,2.1449499999839654,2.0699499999839652,-126.00745000001582,-126.09645000001582
OPEN_DRIVE_5M,952,LONDON_0800,US100,LONG,1747033200,2025-05-12T07:00:00,1747033500,2025-05-12T07:05:00,1747033560,2025-05-12T07:06:00,2.1300000000010186,6.119999999998981,0.01,0.06119999999998982,20446.5,20447.9,20441.780000000002,20443.180000000004,1.4000000000000001,STOP_ADVERSE_FIRST,-1.0,-0.06119999999998982,0.014000000000000002,-0.07519999999998982,2.0699499999839652,2.0087499999839755,-126.09645000001582,-126.17165000001582
OPEN_DRIVE_5M,953,LONDON_0800,US30,LONG,1747033200,2025-05-12T07:00:00,1747033500,2025-05-12T07:05:00,1747033680,2025-05-12T07:08:00,4.0,8.25,0.01,0.0825,41700.2,41701.799999999996,41693.549999999996,41695.149999999994,1.6,STOP_ADVERSE_FIRST,-1.0,-0.0825,0.016,-0.0985,2.0087499999839755,1.9262499999839755,-126.17165000001582,-126.27015000001582
OPEN_DRIVE_5M,954,LONDON_0800,US30,LONG,1747292400,2025-05-15T07:00:00,1747292700,2025-05-15T07:05:00,1747294620,2025-05-15T07:37:00,3.0,7.5,0.01,0.075,41878.31,41879.909999999996,41872.409999999996,41874.009999999995,1.6,STOP_ADVERSE_FIRST,-1.0,-0.075,0.016,-0.091,1.9262499999839755,1.8512499999839755,-126.27015000001582,-126.36115000001581
OPEN_DRIVE_5M,955,LONDON_0800,US100,LONG,1747292400,2025-05-15T07:00:00,1747292700,2025-05-15T07:05:00,1747294740,2025-05-15T07:39:00,1.0,7.379999999997381,0.01,0.0737999999999738,21301.42,21302.82,21295.440000000002,21296.840000000004,1.4000000000000001,STOP_ADVERSE_FIRST,-1.0,-0.0737999999999738,0.014000000000000002,-0.0877999999999738,1.8512499999839755,1.7774499999840017,-126.36115000001581,-126.44895000001578
OPEN_DRIVE_5M,956,NEW_YORK_0930,US30,SHORT,1747315800,2025-05-15T13:30:00,1747316100,2025-05-15T13:35:00,1747316160,2025-05-15T13:36:00,-2.25,6.5,0.01,0.065,41882.41,41883.810000000005,41887.51,41888.91,1.4000000000000001,STOP_ADVERSE_FIRST,-1.0,-0.065,0.014000000000000002,-0.079,1.7774499999840017,1.7124499999840017,-126.44895000001578,-126.52795000001578
OPEN_DRIVE_5M,957,NEW_YORK_0930,US100,SHORT,1747315800,2025-05-15T13:30:00,1747316100,2025-05-15T13:35:00,1747317060,2025-05-15T13:51:00,-1.0,7.0,0.01,0.07,21173.17,21174.57,21161.269999999997,21162.67,1.4000000000000001,TAKE,1.4999999999999998,0.105,0.014000000000000002,0.091,1.7124499999840017,1.8174499999840017,-126.52795000001578,-126.43695000001578
OPEN_DRIVE_5M,958,LONDON_0800,US100,SHORT,1747810800,2025-05-21T07:00:00,1747811100,2025-05-21T07:05:00,1747811460,2025-05-21T07:11:00,-4.5,6.130000000001019,0.01,0.06130000000001019,21306.64,21308.04,21311.37,21312.77,1.4000000000000001,STOP_ADVERSE_FIRST,-1.0,-0.06130000000001019,0.014000000000000002,-0.07530000000001019,1.8174499999840017,1.7561499999839916,-126.43695000001578,-126.5122500000158
OPEN_DRIVE_5M,959,LONDON_0800,US100,SHORT,1747897200,2025-05-22T07:00:00,1747897500,2025-05-22T07:05:00,1747897860,2025-05-22T07:11:00,-2.5,4.629999999997381,0.01,0.04629999999997381,21099.28,21100.68,21102.509999999995,21103.909999999996,1.4000000000000001,STOP_ADVERSE_FIRST,-1.0,-0.04629999999997381,0.014000000000000002,-0.060299999999973805,1.7561499999839916,1.7098499999840178,-126.5122500000158,-126.57255000001577
OPEN_DRIVE_5M,960,LONDON_0800,US30,SHORT,1747897200,2025-05-22T07:00:00,1747897500,2025-05-22T07:05:00,1747899660,2025-05-22T07:41:00,-3.5,6.75,0.01,0.0675,41864.89,41866.49,41853.165,41854.765,1.6,TAKE,1.5,0.10125,0.016,0.08525,1.7098499999840178,1.8110999999840178,-126.57255000001577,-126.48730000001576
OPEN_DRIVE_5M,961,LONDON_0800,US100,LONG,1748242800,2025-05-26T07:00:00,1748243100,2025-05-26T07:05:00,1748243100,2025-05-26T07:05:00,0.8800000000010186,3.1300000000010186,0.01,0.03130000000001019,21159.04,21160.440000000002,21157.31,21158.710000000003,1.4000000000000001,STOP_ADVERSE_FIRST,-1.0,-0.03130000000001019,0.014000000000000002,-0.04530000000001019,1.8110999999840178,1.7797999999840077,-126.48730000001576,-126.53260000001578
OPEN_DRIVE_5M,962,LONDON_0800,US30,LONG,1748242800,2025-05-26T07:00:00,1748243100,2025-05-26T07:05:00,1748243400,2025-05-26T07:10:00,2.099999999998545,6.5,0.01,0.065,41980.75,41982.45,41975.95,41977.649999999994,1.7,STOP_ADVERSE_FIRST,-1.0,-0.065,0.017,-0.082,1.7797999999840077,1.7147999999840078,-126.53260000001578,-126.61460000001577
OPEN_DRIVE_5M,963,LONDON_0800,US30,LONG,1748415600,2025-05-28T07:00:00,1748415900,2025-05-28T07:05:00,1748416080,2025-05-28T07:08:00,2.5,5.0,0.01,0.05,42322.15,42323.85,42318.85,42320.45,1.7,STOP_ADVERSE_FIRST,-1.0,-0.05,0.017,-0.067,1.7147999999840078,1.6647999999840077,-126.61460000001577,-126.68160000001576
OPEN_DRIVE_5M,964,LONDON_0800,US100,LONG,1748415600,2025-05-28T07:00:00,1748415900,2025-05-28T07:05:00,1748416320,2025-05-28T07:12:00,1.0,6.25,0.01,0.0625,21396.37,21397.77,21391.52,21392.920000000002,1.4000000000000001,STOP_ADVERSE_FIRST,-1.0,-0.0625,0.014000000000000002,-0.0765,1.6647999999840077,1.6022999999840077,-126.68160000001576,-126.75810000001576
OPEN_DRIVE_5M,965,LONDON_0800,US100,SHORT,1748934000,2025-06-03T07:00:00,1748934300,2025-06-03T07:05:00,1748935620,2025-06-03T07:27:00,-2.75,5.380000000001019,0.01,0.05380000000001019,21422.75,21424.15,21413.28,21414.68,1.4000000000000001,TAKE,1.499999999999662,0.0806999999999971,0.014000000000000002,0.0666999999999971,1.6022999999840077,1.6829999999840048,-126.75810000001576,-126.69140000001576
OPEN_DRIVE_5M,966,LONDON_0800,US30,LONG,1749538800,2025-06-10T07:00:00,1749539100,2025-06-10T07:05:00,1749539400,2025-06-10T07:10:00,0.8999999999941792,5.100000000005821,0.01,0.05100000000005821,42886.55,42888.25,42883.149999999994,42884.95,1.7,STOP_ADVERSE_FIRST,-1.0,-0.05100000000005821,0.017,-0.06800000000005821,1.6829999999840048,1.6319999999839467,-126.69140000001576,-126.75940000001582
OPEN_DRIVE_5M,967,LONDON_0800,US100,SHORT,1749625200,2025-06-11T07:00:00,1749625500,2025-06-11T07:05:00,1749626040,2025-06-11T07:14:00,-1.75,4.5,0.01,0.045,21885.59,21886.99,21888.69,21890.09,1.4000000000000001,STOP_ADVERSE_FIRST,-1.0,-0.045,0.014000000000000002,-0.059,1.6319999999839467,1.5869999999839468,-126.75940000001582,-126.81840000001581
OPEN_DRIVE_5M,968,LONDON_0800,US100,LONG,1750057200,2025-06-16T07:00:00,1750057500,2025-06-16T07:05:00,1750058280,2025-06-16T07:18:00,3.1299999999973807,6.120000000002619,0.01,0.06120000000002619,21685.74,21687.140000000003,21681.02,21682.420000000002,1.4000000000000001,STOP_ADVERSE_FIRST,-1.0,-0.06120000000002619,0.014000000000000002,-0.07520000000002619,1.5869999999839468,1.5257999999839207,-126.81840000001581,-126.89360000001584
OPEN_DRIVE_5M,969,NEW_YORK_0930,US100,LONG,1750080600,2025-06-16T13:30:00,1750080900,2025-06-16T13:35:00,1750081020,2025-06-16T13:37:00,4.5,5.25,0.01,0.0525,21753.99,21755.390000000003,21750.140000000003,21751.540000000005,1.4000000000000001,STOP_ADVERSE_FIRST,-1.0,-0.0525,0.014000000000000002,-0.0665,1.5257999999839207,1.4732999999839207,-126.89360000001584,-126.96010000001584
OPEN_DRIVE_5M,970,LONDON_0800,US100,LONG,1750316400,2025-06-19T07:00:00,1750316700,2025-06-19T07:05:00,1750317180,2025-06-19T07:13:00,0.13000000000101863,4.869999999998981,0.01,0.048699999999989814,21657.49,21658.890000000003,21666.195,21667.595,1.4000000000000001,TAKE,1.4999999999996265,0.07304999999996653,0.014000000000000002,0.05904999999996653,1.4732999999839207,1.5463499999838872,-126.96010000001584,-126.90105000001587
OPEN_DRIVE_5M,971,LONDON_0800,US100,SHORT,1750402800,2025-06-20T07:00:00,1750403100,2025-06-20T07:05:00,1750403100,2025-06-20T07:05:00,-0.75,4.869999999998981,0.01,0.048699999999989814,21674.66,21676.06,21678.129999999997,21679.53,1.4000000000000001,STOP_ADVERSE_FIRST,-1.0,-0.048699999999989814,0.014000000000000002,-0.06269999999998982,1.5463499999838872,1.4976499999838975,-126.90105000001587,-126.96375000001586
OPEN_DRIVE_5M,972,LONDON_0800,US100,SHORT,1750748400,2025-06-24T07:00:00,1750748700,2025-06-24T07:05:00,1750748700,2025-06-24T07:05:00,-0.8699999999989814,4.369999999998981,0.01,0.043699999999989816,22030.82,22032.22,22033.789999999997,22035.19,1.4000000000000001,STOP_ADVERSE_FIRST,-1.0,-0.043699999999989816,0.014000000000000002,-0.057699999999989815,1.4976499999838975,1.4539499999839076,-126.96375000001586,-127.02145000001585
OPEN_DRIVE_5M,973,NEW_YORK_0930,US30,LONG,1750944600,2025-06-26T13:30:00,1750944900,2025-06-26T13:35:00,1750945320,2025-06-26T13:42:00,2.0,5.5,0.01,0.055,43121.55,43122.950000000004,43117.450000000004,43118.850000000006,1.4000000000000001,STOP_ADVERSE_FIRST,-1.0,-0.055,0.014000000000000002,-0.069,1.4539499999839076,1.3989499999839077,-127.02145000001585,-127.09045000001585
OPEN_DRIVE_5M,974,NEW_YORK_0930,US100,LONG,1751031000,2025-06-27T13:30:00,1751031300,2025-06-27T13:35:00,1751031420,2025-06-27T13:37:00,1.8800000000010186,4.0,0.01,0.04,22528.82,22530.22,22526.22,22527.620000000003,1.4000000000000001,STOP_ADVERSE_FIRST,-1.0,-0.04,0.014000000000000002,-0.054000000000000006,1.3989499999839077,1.3589499999839076,-127.09045000001585,-127.14445000001585
OPEN_DRIVE_5M,975,NEW_YORK_0930,US100,LONG,1751376600,2025-07-01T13:30:00,1751376900,2025-07-01T13:35:00,1751378340,2025-07-01T13:59:00,0.38000000000101863,4.5,0.01,0.045,22632.53,22633.93,22640.68,22642.08,1.4000000000000001,TAKE,1.5000000000000002,0.0675,0.014000000000000002,0.053500000000000006,1.3589499999839076,1.4264499999839075,-127.14445000001585,-127.09095000001585
OPEN_DRIVE_5M,976,LONDON_0800,US30,SHORT,1751439600,2025-07-02T07:00:00,1751439900,2025-07-02T07:05:00,1751439960,2025-07-02T07:06:00,-1.0,4.0,0.01,0.04,44565.55,44567.15,44567.950000000004,44569.55,1.6,STOP_ADVERSE_FIRST,-1.0,-0.04,0.016,-0.056,1.4264499999839075,1.3864499999839075,-127.09095000001585,-127.14695000001585
OPEN_DRIVE_5M,977,LONDON_0800,US100,LONG,1751439600,2025-07-02T07:00:00,1751439900,2025-07-02T07:05:00,1751440380,2025-07-02T07:13:00,0.13000000000101863,4.75,0.01,0.0475,22546.14,22547.54,22554.665,22556.065000000002,1.4000000000000001,TAKE,1.5000000000000002,0.07125000000000001,0.014000000000000002,0.05725000000000001,1.3864499999839075,1.4576999999839075,-127.14695000001585,-127.08970000001585
OPEN_DRIVE_5M,978,LONDON_0800,US100,SHORT,1752130800,2025-07-10T07:00:00,1752131100,2025-07-10T07:05:00,1752131100,2025-07-10T07:05:00,-1.1199999999989814,2.3800000000010186,0.01,0.023800000000010188,22822.43,22823.83,22817.46,22818.86,1.4000000000000001,TAKE,1.4999999999992355,0.03569999999999709,0.014000000000000002,0.021699999999997086,1.4576999999839075,1.4933999999839047,-127.08970000001585,-127.06800000001586
OPEN_DRIVE_5M,979,LONDON_0800,US30,SHORT,1752130800,2025-07-10T07:00:00,1752131100,2025-07-10T07:05:00,1752131280,2025-07-10T07:08:00,-2.0,4.0,0.01,0.04,44337.55,44339.15,44339.850000000006,44341.55,1.7,STOP_ADVERSE_FIRST,-1.0,-0.04,0.017,-0.057,1.4933999999839047,1.4533999999839047,-127.06800000001586,-127.12500000001586
OPEN_DRIVE_5M,980,LONDON_0800,US100,SHORT,1752735600,2025-07-17T07:00:00,1752735900,2025-07-17T07:05:00,1752735900,2025-07-17T07:05:00,-0.25,1.75,0.01,0.0175,22885.29,22886.690000000002,22885.64,22887.04,1.4000000000000001,STOP_ADVERSE_FIRST,-1.0,-0.0175,0.014000000000000002,-0.0315,1.4533999999839047,1.4358999999839046,-127.12500000001586,-127.15650000001585
OPEN_DRIVE_5M,981,LONDON_0800,US30,LONG,1752735600,2025-07-17T07:00:00,1752735900,2025-07-17T07:05:00,1752735900,2025-07-17T07:05:00,0.5,3.5,0.01,0.035,44164.15,44165.75,44162.25,44163.85,1.6,STOP_ADVERSE_FIRST,-1.0,-0.035,0.016,-0.051000000000000004,1.4358999999839046,1.4008999999839047,-127.15650000001585,-127.20750000001586
OPEN_DRIVE_5M,982,LONDON_0800,US100,LONG,1753254000,2025-07-23T07:00:00,1753254300,2025-07-23T07:05:00,1753254360,2025-07-23T07:06:00,0.6199999999989814,4.0,0.01,0.04,23103.11,23104.510000000002,23100.510000000002,23101.910000000003,1.4000000000000001,STOP_ADVERSE_FIRST,-1.0,-0.04,0.014000000000000002,-0.054000000000000006,1.4008999999839047,1.3608999999839047,-127.20750000001586,-127.26150000001586
OPEN_DRIVE_5M,983,NEW_YORK_0930,US100,LONG,1753795800,2025-07-29T13:30:00,1753796100,2025-07-29T13:35:00,1753796100,2025-07-29T13:35:00,2.6200000000026193,5.370000000002619,0.01,0.05370000000002619,23479.4,23480.800000000003,23475.43,23476.83,1.4000000000000001,STOP_ADVERSE_FIRST,-1.0,-0.05370000000002619,0.014000000000000002,-0.0677000000000262,1.3608999999839047,1.3071999999838784,-127.26150000001586,-127.32920000001589
OPEN_DRIVE_5M,984,NEW_YORK_0930,US100,SHORT,1753882200,2025-07-30T13:30:00,1753882500,2025-07-30T13:35:00,1753882560,2025-07-30T13:36:00,-1.75,4.5,0.01,0.045,23380.81,23382.210000000003,23383.91,23385.31,1.4000000000000001,STOP_ADVERSE_FIRST,-1.0,-0.045,0.014000000000000002,-0.059,1.3071999999838784,1.2621999999838784,-127.32920000001589,-127.38820000001589
OPEN_DRIVE_5M,985,LONDON_0800,US100,LONG,1754377200,2025-08-05T07:00:00,1754377500,2025-08-05T07:05:00,1754377620,2025-08-05T07:07:00,1.0,3.75,0.01,0.0375,23241.9,23243.300000000003,23239.550000000003,23240.950000000004,1.4000000000000001,STOP_ADVERSE_FIRST,-1.0,-0.0375,0.014000000000000002,-0.051500000000000004,1.2621999999838784,1.2246999999838784,-127.38820000001589,-127.43970000001589
OPEN_DRIVE_5M,986,NEW_YORK_0930,US100,LONG,1754659800,2025-08-08T13:30:00,1754660100,2025-08-08T13:35:00,1754660580,2025-08-08T13:43:00,1.1300000000010186,4.5,0.01,0.045,23470.19,23471.59,23478.34,23479.74,1.4000000000000001,TAKE,1.5000000000000002,0.0675,0.014000000000000002,0.053500000000000006,1.2246999999838784,1.2921999999838785,-127.43970000001589,-127.38620000001589
OPEN_DRIVE_5M,987,LONDON_0800,US30,SHORT,1754982000,2025-08-12T07:00:00,1754982300,2025-08-12T07:05:00,1754982300,2025-08-12T07:05:00,-4.0,4.900000000001455,0.01,0.04900000000001455,44039.4,44040.6,44043.100000000006,44044.3,1.2,STOP_ADVERSE_FIRST,-1.0,-0.04900000000001455,0.012,-0.061000000000014556,1.2921999999838785,1.2431999999838639,-127.38620000001589,-127.44720000001591
OPEN_DRIVE_5M,988,LONDON_0800,US100,SHORT,1754982000,2025-08-12T07:00:00,1754982300,2025-08-12T07:05:00,1754982900,2025-08-12T07:15:00,-4.380000000001019,4.5,0.01,0.045,23567.7,23569.100000000002,23570.8,23572.2,1.4000000000000001,STOP_ADVERSE_FIRST,-1.0,-0.045,0.014000000000000002,-0.059,1.2431999999838639,1.198199999983864,-127.44720000001591,-127.50620000001591
OPEN_DRIVE_5M,989,LONDON_0800,US100,LONG,1755068400,2025-08-13T07:00:00,1755068700,2025-08-13T07:05:00,1755068820,2025-08-13T07:07:00,0.75,3.0,0.01,0.03,23861.25,23862.65,23867.15,23868.550000000003,1.4000000000000001,TAKE,1.5,0.045,0.014000000000000002,0.030999999999999996,1.198199999983864,1.2431999999838639,-127.50620000001591,-127.4752000000159
OPEN_DRIVE_5M,990,LONDON_0800,US100,LONG,1755154800,2025-08-14T07:00:00,1755155100,2025-08-14T07:05:00,1755156120,2025-08-14T07:22:00,1.5,3.3799999999973807,0.01,0.03379999999997381,23847.03,23848.43,23845.050000000003,23846.450000000004,1.4000000000000001,STOP_ADVERSE_FIRST,-1.0,-0.03379999999997381,0.014000000000000002,-0.04779999999997381,1.2431999999838639,1.20939999998389,-127.4752000000159,-127.52300000001587
OPEN_DRIVE_5M,991,LONDON_0800,US100,LONG,1755500400,2025-08-18T07:00:00,1755500700,2025-08-18T07:05:00,1755500760,2025-08-18T07:06:00,0.25,4.0,0.01,0.04,23787.0,23788.4,23784.4,23785.800000000003,1.4000000000000001,STOP_ADVERSE_FIRST,-1.0,-0.04,0.014000000000000002,-0.054000000000000006,1.20939999998389,1.16939999998389,-127.52300000001587,-127.57700000001587
OPEN_DRIVE_5M,992,LONDON_0800,US100,SHORT,1756105200,2025-08-25T07:00:00,1756105500,2025-08-25T07:05:00,1756105740,2025-08-25T07:09:00,-1.8700000000026193,3.25,0.01,0.0325,23488.67,23490.07,23490.519999999997,23491.92,1.4000000000000001,STOP_ADVERSE_FIRST,-1.0,-0.0325,0.014000000000000002,-0.0465,1.16939999998389,1.13689999998389,-127.57700000001587,-127.62350000001587
OPEN_DRIVE_5M,993,LONDON_0800,US100,SHORT,1756278000,2025-08-27T07:00:00,1756278300,2025-08-27T07:05:00,1756278300,2025-08-27T07:05:00,-2.0,2.25,0.01,0.0225,23560.15,23561.550000000003,23561.0,23562.4,1.4000000000000001,STOP_ADVERSE_FIRST,-1.0,-0.0225,0.014000000000000002,-0.036500000000000005,1.13689999998389,1.11439999998389,-127.62350000001587,-127.66000000001587
OPEN_DRIVE_5M,994,LONDON_0800,US30,SHORT,1756278000,2025-08-27T07:00:00,1756278300,2025-08-27T07:05:00,1756278420,2025-08-27T07:07:00,-1.0,2.0,0.01,0.02,45491.4,45492.6,45487.200000000004,45488.4,1.2,TAKE,1.5,0.03,0.012,0.018,1.11439999998389,1.14439999998389,-127.66000000001587,-127.64200000001587
OPEN_DRIVE_5M,995,LONDON_0800,US100,SHORT,1756450800,2025-08-29T07:00:00,1756451100,2025-08-29T07:05:00,1756452600,2025-08-29T07:30:00,-0.11999999999898137,3.3800000000010186,0.01,0.03380000000001019,23679.84,23681.24,23673.369999999995,23674.769999999997,1.4000000000000001,TAKE,1.500000000000538,0.05070000000003347,0.014000000000000002,0.03670000000003347,1.14439999998389,1.1950999999839236,-127.64200000001587,-127.60530000001583
OPEN_DRIVE_5M,996,LONDON_0800,US100,SHORT,1756710000,2025-09-01T07:00:00,1756710300,2025-09-01T07:05:00,1756710480,2025-09-01T07:08:00,-1.1200000000026193,4.25,0.01,0.0425,23402.46,23403.86,23405.309999999998,23406.71,1.4000000000000001,STOP_ADVERSE_FIRST,-1.0,-0.0425,0.014000000000000002,-0.05650000000000001,1.1950999999839236,1.1525999999839236,-127.60530000001583,-127.66180000001583
OPEN_DRIVE_5M,997,LONDON_0800,US100,LONG,1757055600,2025-09-05T07:00:00,1757055900,2025-09-05T07:05:00,1757055960,2025-09-05T07:06:00,0.11999999999898137,2.25,0.01,0.0225,23708.18,23709.58,23707.33,23708.730000000003,1.4000000000000001,STOP_ADVERSE_FIRST,-1.0,-0.0225,0.014000000000000002,-0.036500000000000005,1.1525999999839236,1.1300999999839236,-127.66180000001583,-127.69830000001583
OPEN_DRIVE_5M,998,NEW_YORK_0930,US100,LONG,1757079000,2025-09-05T13:30:00,1757079300,2025-09-05T13:35:00,1757080500,2025-09-05T13:55:00,1.25,3.6199999999989814,0.01,0.03619999999998982,23751.68,23753.08,23749.460000000003,23750.860000000004,1.4000000000000001,STOP_ADVERSE_FIRST,-1.0,-0.03619999999998982,0.014000000000000002,-0.05019999999998982,1.1300999999839236,1.0938999999839338,-127.69830000001583,-127.74850000001582
OPEN_DRIVE_5M,999,LONDON_0800,US100,LONG,1757487600,2025-09-10T07:00:00,1757487900,2025-09-10T07:05:00,1757488200,2025-09-10T07:10:00,3.0,3.3799999999973807,0.01,0.03379999999997381,23898.78,23900.18,23896.800000000003,23898.200000000004,1.4000000000000001,STOP_ADVERSE_FIRST,-1.0,-0.03379999999997381,0.014000000000000002,-0.04779999999997381,1.0938999999839338,1.06009999998396,-127.74850000001582,-127.79630000001579
OPEN_DRIVE_5M,1000,LONDON_0800,US100,LONG,1757660400,2025-09-12T07:00:00,1757660700,2025-09-12T07:05:00,1757661180,2025-09-12T07:13:00,1.75,3.25,0.01,0.0325,23993.38,23994.780000000002,23999.655000000002,24001.055000000004,1.4000000000000001,TAKE,1.5,0.04875,0.014000000000000002,0.03475,1.06009999998396,1.10884999998396,-127.79630000001579,-127.76155000001579
OPEN_DRIVE_5M,1001,LONDON_0800,US100,LONG,1757919600,2025-09-15T07:00:00,1757919900,2025-09-15T07:05:00,1757920200,2025-09-15T07:10:00,1.6300000000010186,3.0,0.01,0.03,24111.47,24112.870000000003,24109.870000000003,24111.270000000004,1.4000000000000001,STOP_ADVERSE_FIRST,-1.0,-0.03,0.014000000000000002,-0.044,1.10884999998396,1.07884999998396,-127.76155000001579,-127.80555000001578
OPEN_DRIVE_5M,1002,LONDON_0800,US100,SHORT,1758006000,2025-09-16T07:00:00,1758006300,2025-09-16T07:05:00,1758009840,2025-09-16T08:04:00,-1.75,3.8800000000010186,0.01,0.03880000000001019,24332.49,24333.890000000003,24330.24,24331.640000000003,1.4000000000000001,TIME_60_M1,0.21907216494802104,0.008499999999985448,0.014000000000000002,-0.005500000000014554,1.07884999998396,1.0873499999839455,-127.80555000001578,-127.8110500000158
OPEN_DRIVE_5M,1003,LONDON_0800,US100,SHORT,1758524400,2025-09-22T07:00:00,1758524700,2025-09-22T07:05:00,1758526980,2025-09-22T07:43:00,-1.0,3.5,0.01,0.035,24625.53,24626.93,24618.879999999997,24620.28,1.4000000000000001,TAKE,1.4999999999999998,0.0525,0.014000000000000002,0.03849999999999999,1.0873499999839455,1.1398499999839455,-127.8110500000158,-127.7725500000158
OPEN_DRIVE_5M,1004,LONDON_0800,US100,SHORT,1758610800,2025-09-23T07:00:00,1758611100,2025-09-23T07:05:00,1758611760,2025-09-23T07:16:00,-0.6199999999989814,3.5,0.01,0.035,24772.86,24774.260000000002,24766.21,24767.61,1.4000000000000001,TAKE,1.4999999999999998,0.0525,0.014000000000000002,0.03849999999999999,1.1398499999839455,1.1923499999839455,-127.7725500000158,-127.7340500000158
OPEN_DRIVE_5M,1005,NEW_YORK_0930,US100,LONG,1759411800,2025-10-02T13:30:00,1759412100,2025-10-02T13:35:00,1759412100,2025-10-02T13:35:00,0.75,4.25,0.01,0.0425,24904.84,24906.24,24901.99,24903.390000000003,1.4000000000000001,STOP_ADVERSE_FIRST,-1.0,-0.0425,0.014000000000000002,-0.05650000000000001,1.1923499999839455,1.1498499999839455,-127.7340500000158,-127.7905500000158
OPEN_DRIVE_5M,1006,LONDON_0800,US100,LONG,1759474800,2025-10-03T07:00:00,1759475100,2025-10-03T07:05:00,1759475820,2025-10-03T07:17:00,1.8799999999973807,3.25,0.01,0.0325,24967.76,24969.16,24965.91,24967.31,1.4000000000000001,STOP_ADVERSE_FIRST,-1.0,-0.0325,0.014000000000000002,-0.0465,1.1498499999839455,1.1173499999839456,-127.7905500000158,-127.8370500000158
OPEN_DRIVE_5M,1007,NEW_YORK_0930,US100,LONG,1764253800,2025-11-27T14:30:00,1764254100,2025-11-27T14:35:00,1764254100,2025-11-27T14:35:00,3.25,4.0,0.01,0.04,25253.45,25254.850000000002,25250.850000000002,25252.250000000004,1.4000000000000001,STOP_ADVERSE_FIRST,-1.0,-0.04,0.014000000000000002,-0.054000000000000006,1.1173499999839456,1.0773499999839455,-127.8370500000158,-127.8910500000158
OPEN_DRIVE_5M,1008,LONDON_0800,US30,LONG,1765353600,2025-12-10T08:00:00,1765353900,2025-12-10T08:05:00,1765353960,2025-12-10T08:06:00,2.0,4.0,0.01,0.04,47633.3,47634.700000000004,47640.700000000004,47642.100000000006,1.4000000000000001,TAKE,1.5,0.06,0.014000000000000002,0.046,1.0773499999839455,1.1373499999839456,-127.8910500000158,-127.84505000001579
OPEN_FADE_5M,1,NEW_YORK_0930,US30,LONG,1704205800,2024-01-02T14:30:00,1704206100,2024-01-02T14:35:00,1704206160,2024-01-02T14:36:00,-1.9000000000014552,10.599999999998545,0.18,1.907999999999738,37508.1,37509.299999999996,37498.7,37500.0,1.2,STOP_ADVERSE_FIRST,-1.0,-1.907999999999738,0.216,-2.123999999999738,100.0,98.09200000000027,100.0,97.87600000000026
OPEN_FADE_5M,2,NEW_YORK_0930,US100,SHORT,1704205800,2024-01-02T14:30:00,1704206100,2024-01-02T14:35:00,1704206820,2024-01-02T14:47:00,3.5,8.19999999999709,0.24,1.9679999999993014,16670.0,16671.4,16656.300000000003,16657.700000000004,1.4000000000000001,TAKE,1.5000000000000002,2.9519999999989524,0.336,2.6159999999989525,98.09200000000027,101.04399999999922,97.87600000000026,100.49199999999921
OPEN_FADE_5M,3,NEW_YORK_0930,US100,LONG,1704292200,2024-01-03T14:30:00,1704292500,2024-01-03T14:35:00,1704292680,2024-01-03T14:38:00,-5.25,8.150000000001455,0.24,1.9560000000003492,16420.9,16422.300000000003,16414.15,16415.550000000003,1.4000000000000001,STOP_ADVERSE_FIRST,-1.0,-1.9560000000003492,0.336,-2.2920000000003493,101.04399999999922,99.08799999999887,100.49199999999921,98.19999999999887
OPEN_FADE_5M,4,NEW_YORK_0930,US30,LONG,1704292200,2024-01-03T14:30:00,1704292500,2024-01-03T14:35:00,1704292680,2024-01-03T14:38:00,-2.099999999998545,9.80000000000291,0.2,1.9600000000005822,37592.4,37593.6,37583.799999999996,37585.1,1.2,STOP_ADVERSE_FIRST,-1.0,-1.9600000000005822,0.24,-2.200000000000582,99.08799999999887,97.1279999999983,98.19999999999887,95.99999999999828
OPEN_FADE_5M,5,NEW_YORK_0930,US100,SHORT,1704378600,2024-01-04T14:30:00,1704378900,2024-01-04T14:35:00,1704380340,2024-01-04T14:59:00,4.149999999999636,8.450000000000728,0.22,1.85900000000016,16345.3,16346.699999999999,16331.224999999999,16332.624999999998,1.4000000000000001,TAKE,1.5,2.7885000000002402,0.30800000000000005,2.48050000000024,97.1279999999983,99.91649999999854,95.99999999999828,98.48049999999851
OPEN_FADE_5M,6,NEW_YORK_0930,US30,SHORT,1704378600,2024-01-04T14:30:00,1704378900,2024-01-04T14:35:00,1704382440,2024-01-04T15:34:00,23.099999999998545,28.299999999995634,0.06,1.697999999999738,37527.6,37528.799999999996,37494.8,37496.0,1.2,TIME_60_M1,1.116607773851711,1.8959999999999126,0.072,1.8239999999999126,99.91649999999854,101.81249999999845,98.48049999999851,100.30449999999843
OPEN_FADE_5M,7,LONDON_0800,US100,SHORT,1704441600,2024-01-05T08:00:00,1704441900,2024-01-05T08:05:00,1704442560,2024-01-05T08:16:00,4.699999999998909,6.799999999999272,0.29,1.9719999999997888,16255.05,16256.449999999999,16243.45,16244.85,1.4000000000000001,TAKE,1.5,2.957999999999683,0.406,2.551999999999683,101.81249999999845,104.77049999999814,100.30449999999843,102.8564999999981
OPEN_FADE_5M,8,LONDON_0800,US30,SHORT,1704441600,2024-01-05T08:00:00,1704441900,2024-01-05T08:05:00,1704442560,2024-01-05T08:16:00,8.200000000004366,10.0,0.2,2.0,37456.1,37457.4,37439.799999999996,37441.1,1.3,TAKE,1.5,3.0,0.26,2.74,104.77049999999814,107.77049999999814,102.8564999999981,105.5964999999981
OPEN_FADE_5M,9,NEW_YORK_0930,US30,SHORT,1704465000,2024-01-05T14:30:00,1704465300,2024-01-05T14:35:00,1704466140,2024-01-05T14:49:00,1.0,13.0,0.16,2.08,37363.9,37365.1,37343.200000000004,37344.4,1.2,TAKE,1.5,3.12,0.192,2.928,107.77049999999814,110.89049999999814,105.5964999999981,108.5244999999981
OPEN_FADE_5M,10,NEW_YORK_0930,US100,LONG,1704465000,2024-01-05T14:30:00,1704465300,2024-01-05T14:35:00,1704466200,2024-01-05T14:50:00,-1.8999999999996362,4.849999999998545,0.44,2.1339999999993595,16215.4,16216.8,16211.95,16213.35,1.4000000000000001,STOP_ADVERSE_FIRST,-1.0,-2.1339999999993595,0.6160000000000001,-2.7499999999993596,110.89049999999814,108.75649999999878,108.5244999999981,105.77449999999874
OPEN_FADE_5M,11,LONDON_0800,US30,SHORT,1704700800,2024-01-08T08:00:00,1704701100,2024-01-08T08:05:00,1704701100,2024-01-08T08:05:00,1.0,5.5,0.39,2.145,37325.4,37326.6,37329.700000000004,37330.9,1.2,STOP_ADVERSE_FIRST,-1.0,-2.145,0.46799999999999997,-2.613,108.75649999999878,106.61149999999878,105.77449999999874,103.16149999999874
OPEN_FADE_5M,12,LONDON_0800,US100,LONG,1704700800,2024-01-08T08:00:00,1704701100,2024-01-08T08:05:00,1704701160,2024-01-08T08:06:00,-0.3500000000003638,3.75,0.58,2.175,16268.4,16269.8,16275.425,16276.824999999999,1.4000000000000001,TAKE,1.5,3.2624999999999997,0.812,2.4505,106.61149999999878,109.87399999999879,103.16149999999874,105.61199999999874
OPEN_FADE_5M,13,NEW_YORK_0930,US100,LONG,1704724200,2024-01-08T14:30:00,1704724500,2024-01-08T14:35:00,1704725940,2024-01-08T14:59:00,-11.100000000000364,13.550000000001091,0.16,2.1680000000001747,16288.85,16290.25,16310.575,16311.975,1.4000000000000001,TAKE,1.499999999999933,3.2520000000001166,0.22400000000000003,3.0280000000001164,109.87399999999879,113.12599999999891,105.61199999999874,108.63999999999886
OPEN_FADE_5M,14,NEW_YORK_0930,US30,LONG,1704724200,2024-01-08T14:30:00,1704724500,2024-01-08T14:35:00,1704725940,2024-01-08T14:59:00,-12.099999999998545,16.89999999999418,0.13,2.1969999999992433,37285.5,37286.8,37312.149999999994,37313.34999999999,1.3,TAKE,1.5,3.295499999998865,0.169,3.126499999998865,113.12599999999891,116.42149999999778,108.63999999999886,111.76649999999773
OPEN_FADE_5M,15,NEW_YORK_0930,US30,SHORT,1704810600,2024-01-09T14:30:00,1704810900,2024-01-09T14:35:00,1704812460,2024-01-09T15:01:00,4.900000000001455,11.80000000000291,0.19,2.242000000000553,37544.5,37545.7,37525.6,37526.799999999996,1.2,TAKE,1.5,3.3630000000008295,0.22799999999999998,3.1350000000008293,116.42149999999778,119.7844999999986,111.76649999999773,114.90149999999856
OPEN_FADE_5M,16,NEW_YORK_0930,US100,SHORT,1704810600,2024-01-09T14:30:00,1704810900,2024-01-09T14:35:00,1704814320,2024-01-09T15:32:00,11.150000000001455,18.600000000002183,0.12,2.2320000000002618,16547.9,16549.300000000003,16518.6,16520.0,1.4000000000000001,TAKE,1.4999999999999023,3.3480000000001744,0.168,3.1800000000001742,119.7844999999986,123.13249999999877,114.90149999999856,118.08149999999874
OPEN_FADE_5M,17,LONDON_0800,US100,SHORT,1704873600,2024-01-10T08:00:00,1704873900,2024-01-10T08:05:00,1704874080,2024-01-10T08:08:00,0.5,4.299999999999272,0.57,2.450999999999585,16658.2,16659.600000000002,16661.1,16662.5,1.4000000000000001,STOP_ADVERSE_FIRST,-1.0,-2.450999999999585,0.798,-3.248999999999585,123.13249999999877,120.68149999999919,118.08149999999874,114.83249999999916
OPEN_FADE_5M,18,LONDON_0800,US30,SHORT,1704873600,2024-01-10T08:00:00,1704873900,2024-01-10T08:05:00,1704874080,2024-01-10T08:08:00,3.599999999998545,5.599999999998545,0.43,2.407999999999374,37480.6,37481.9,37484.899999999994,37486.2,1.3,STOP_ADVERSE_FIRST,-1.0,-2.407999999999374,0.559,-2.9669999999993744,120.68149999999919,118.27349999999981,114.83249999999916,111.86549999999978
OPEN_FADE_5M,19,NEW_YORK_0930,US100,LONG,1704897000,2024-01-10T14:30:00,1704897300,2024-01-10T14:35:00,1704897600,2024-01-10T14:40:00,-6.149999999997817,8.149999999997817,0.29,2.363499999999367,16687.25,16688.65,16680.500000000004,16681.900000000005,1.4000000000000001,STOP_ADVERSE_FIRST,-1.0,-2.363499999999367,0.406,-2.769499999999367,118.27349999999981,115.91000000000045,111.86549999999978,109.09600000000042
OPEN_FADE_5M,20,NEW_YORK_0930,US30,LONG,1704897000,2024-01-10T14:30:00,1704897300,2024-01-10T14:35:00,1704900360,2024-01-10T15:26:00,-12.400000000001455,14.5,0.16,2.32,37498.1,37499.299999999996,37521.049999999996,37522.35,1.2,TAKE,1.5,3.48,0.192,3.288,115.91000000000045,119.39000000000046,109.09600000000042,112.38400000000041
OPEN_FADE_5M,21,LONDON_0800,US100,LONG,1704960000,2024-01-11T08:00:00,1704960300,2024-01-11T08:05:00,1704960420,2024-01-11T08:07:00,-1.9000000000014552,4.799999999999272,0.49,2.3519999999996433,16831.25,16832.65,16827.850000000002,16829.250000000004,1.4000000000000001,STOP_ADVERSE_FIRST,-1.0,-2.3519999999996433,0.686,-3.037999999999643,119.39000000000046,117.0380000000008,112.38400000000041,109.34600000000077
OPEN_FADE_5M,22,LONDON_0800,US30,SHORT,1704960000,2024-01-11T08:00:00,1704960300,2024-01-11T08:05:00,1704960720,2024-01-11T08:12:00,1.5999999999985448,7.5,0.31,2.325,37742.5,37743.8,37748.7,37750.0,1.3,STOP_ADVERSE_FIRST,-1.0,-2.325,0.403,-2.728,117.0380000000008,114.7130000000008,109.34600000000077,106.61800000000078
OPEN_FADE_5M,23,NEW_YORK_0930,US30,SHORT,1704983400,2024-01-11T14:30:00,1704983700,2024-01-11T14:35:00,1704986040,2024-01-11T15:14:00,5.899999999994179,14.19999999999709,0.16,2.2719999999995344,37698.8,37700.100000000006,37711.8,37713.0,1.2,STOP_ADVERSE_FIRST,-1.0,-2.2719999999995344,0.192,-2.4639999999995346,114.7130000000008,112.44100000000127,106.61800000000078,104.15400000000125
OPEN_FADE_5M,24,NEW_YORK_0930,US100,SHORT,1704983400,2024-01-11T14:30:00,1704983700,2024-01-11T14:35:00,1704986940,2024-01-11T15:29:00,3.75,7.5,0.3,2.25,16847.0,16848.4,16853.1,16854.5,1.4000000000000001,STOP_ADVERSE_FIRST,-1.0,-2.25,0.42000000000000004,-2.67,112.44100000000127,110.19100000000127,104.15400000000125,101.48400000000125
OPEN_FADE_5M,25,LONDON_0800,US100,SHORT,1705046400,2024-01-12T08:00:00,1705046700,2024-01-12T08:05:00,1705047600,2024-01-12T08:20:00,1.5,5.650000000001455,0.39,2.2035000000005676,16789.85,16791.25,16794.1,16795.5,1.4000000000000001,STOP_ADVERSE_FIRST,-1.0,-2.2035000000005676,0.546,-2.749500000000568,110.19100000000127,107.9875000000007,101.48400000000125,98.73450000000068
OPEN_FADE_5M,26,LONDON_0800,US30,SHORT,1705046400,2024-01-12T08:00:00,1705046700,2024-01-12T08:05:00,1705047660,2024-01-12T08:21:00,5.099999999998545,7.69999999999709,0.28,2.1559999999991852,37683.4,37684.700000000004,37689.9,37691.1,1.2,STOP_ADVERSE_FIRST,-1.0,-2.1559999999991852,0.336,-2.491999999999185,107.9875000000007,105.83150000000151,98.73450000000068,96.2425000000015
OPEN_FADE_5M,27,NEW_YORK_0930,US100,SHORT,1705069800,2024-01-12T14:30:00,1705070100,2024-01-12T14:35:00,1705071840,2024-01-12T15:04:00,9.0,13.75,0.15,2.0625,16763.0,16764.4,16775.35,16776.75,1.4000000000000001,STOP_ADVERSE_FIRST,-1.0,-2.0625,0.21000000000000002,-2.2725,105.83150000000151,103.76900000000151,96.2425000000015,93.9700000000015
OPEN_FADE_5M,28,NEW_YORK_0930,US30,SHORT,1705069800,2024-01-12T14:30:00,1705070100,2024-01-12T14:35:00,1705072800,2024-01-12T15:20:00,29.099999999998545,38.099999999998545,0.05,1.9049999999999274,37572.6,37573.799999999996,37514.25,37515.45,1.2,TAKE,1.5000000000000953,2.8575000000000728,0.06,2.7975000000000727,103.76900000000151,106.62650000000158,93.9700000000015,96.76750000000158
OPEN_FADE_5M,29,NEW_YORK_0930,US100,LONG,1705329000,2024-01-15T14:30:00,1705329300,2024-01-15T14:35:00,1705329420,2024-01-15T14:37:00,-4.5,6.399999999997817,0.33,2.11199999999928,16829.65,16831.050000000003,16824.650000000005,16826.050000000007,1.4000000000000001,STOP_ADVERSE_FIRST,-1.0,-2.11199999999928,0.4620000000000001,-2.57399999999928,106.62650000000158,104.5145000000023,96.76750000000158,94.1935000000023
OPEN_FADE_5M,30,NEW_YORK_0930,US30,LONG,1705329000,2024-01-15T14:30:00,1705329300,2024-01-15T14:35:00,1705329660,2024-01-15T14:41:00,-10.799999999995634,13.80000000000291,0.15,2.0700000000004364,37511.2,37512.399999999994,37533.1,37534.299999999996,1.2,TAKE,1.5,3.1050000000006546,0.18,2.9250000000006544,104.5145000000023,107.61950000000296,94.1935000000023,97.11850000000295
OPEN_FADE_5M,31,LONDON_0800,US100,LONG,1705392000,2024-01-16T08:00:00,1705392300,2024-01-16T08:05:00,1705395840,2024-01-16T09:04:00,-7.200000000000728,12.150000000001455,0.17,2.0655000000002475,16729.35,16730.75,16744.0,16745.4,1.4000000000000001,TIME_60_M1,1.0905349794237376,2.2525,0.23800000000000004,2.0145,107.61950000000296,109.87200000000296,97.11850000000295,99.13300000000295
OPEN_FADE_5M,32,LONDON_0800,US30,LONG,1705392000,2024-01-16T08:00:00,1705392300,2024-01-16T08:05:00,1705395840,2024-01-16T09:04:00,-15.599999999998545,19.0,0.11,2.09,37431.8,37433.100000000006,37451.9,37453.1,1.3,TIME_60_M1,0.9894736842102967,2.06799999999952,0.14300000000000002,1.92499999999952,109.87200000000296,111.94000000000247,99.13300000000295,101.05800000000247
OPEN_FADE_5M,33,NEW_YORK_0930,US30,LONG,1705415400,2024-01-16T14:30:00,1705415700,2024-01-16T14:35:00,1705415820,2024-01-16T14:37:00,-15.799999999995634,24.5,0.09,2.205,37472.1,37473.4,37510.15,37511.35,1.3,TAKE,1.4999999999999998,3.3074999999999997,0.11699999999999999,3.1904999999999997,111.94000000000247,115.24750000000247,101.05800000000247,104.24850000000247
OPEN_FADE_5M,34,NEW_YORK_0930,US100,LONG,1705415400,2024-01-16T14:30:00,1705415700,2024-01-16T14:35:00,1705415940,2024-01-16T14:39:00,-2.349999999998545,9.650000000001455,0.23,2.219500000000335,16751.85,16753.25,16767.725000000002,16769.125000000004,1.4000000000000001,TAKE,1.5,3.3292500000005023,0.32200000000000006,3.0072500000005022,115.24750000000247,118.57675000000297,104.24850000000247,107.25575000000296
OPEN_FADE_5M,35,LONDON_0800,US100,LONG,1705478400,2024-01-17T08:00:00,1705478700,2024-01-17T08:05:00,1705478940,2024-01-17T08:09:00,-5.0,7.700000000000728,0.3,2.310000000000218,16754.35,16755.75,16748.05,16748.05,1.4000000000000001,STOP_ADVERSE_FIRST,-1.0,-2.310000000000218,0.42000000000000004,-2.730000000000218,118.57675000000297,116.26675000000276,107.25575000000296,104.52575000000274
OPEN_FADE_5M,36,LONDON_0800,US30,SHORT,1705478400,2024-01-17T08:00:00,1705478700,2024-01-17T08:05:00,1705478940,2024-01-17T08:09:00,5.5,5.69999999999709,0.41,2.3369999999988065,37278.2,37279.399999999994,37269.65,37269.65,0.0,TAKE,1.5,3.50549999999821,0.0,3.50549999999821,116.26675000000276,119.77225000000097,104.52575000000274,108.03125000000095
OPEN_FADE_5M,37,NEW_YORK_0930,US100,LONG,1705501800,2024-01-17T14:30:00,1705502100,2024-01-17T14:35:00,1705502460,2024-01-17T14:41:00,-6.099999999998545,8.899999999997817,0.26,2.3139999999994325,16761.3,16762.7,16753.800000000003,16755.200000000004,1.4000000000000001,STOP_ADVERSE_FIRST,-1.0,-2.3139999999994325,0.36400000000000005,-2.6779999999994324,119.77225000000097,117.45825000000153,108.03125000000095,105.35325000000152
OPEN_FADE_5M,38,NEW_YORK_0930,US30,LONG,1705501800,2024-01-17T14:30:00,1705502100,2024-01-17T14:35:00,1705502520,2024-01-17T14:42:00,-1.3000000000029104,8.900000000001455,0.26,2.3140000000003784,37245.8,37247.100000000006,37238.200000000004,37239.50000000001,1.3,STOP_ADVERSE_FIRST,-1.0,-2.3140000000003784,0.338,-2.6520000000003785,117.45825000000153,115.14425000000115,105.35325000000152,102.70125000000114
OPEN_FADE_5M,39,LONDON_0800,US100,SHORT,1705564800,2024-01-18T08:00:00,1705565100,2024-01-18T08:05:00,1705565340,2024-01-18T08:09:00,6.5,8.650000000001455,0.26,2.2490000000003785,16742.9,16744.300000000003,16750.15,16751.550000000003,1.4000000000000001,STOP_ADVERSE_FIRST,-1.0,-2.2490000000003785,0.36400000000000005,-2.6130000000003784,115.14425000000115,112.89525000000077,102.70125000000114,100.08825000000076
OPEN_FADE_5M,40,LONDON_0800,US30,SHORT,1705564800,2024-01-18T08:00:00,1705565100,2024-01-18T08:05:00,1705565340,2024-01-18T08:09:00,6.200000000004366,7.80000000000291,0.29,2.262000000000844,37241.4,37242.700000000004,37247.9,37249.200000000004,1.3,STOP_ADVERSE_FIRST,-1.0,-2.262000000000844,0.377,-2.639000000000844,112.89525000000077,110.63324999999993,100.08825000000076,97.4492499999999
OPEN_FADE_5M,41,NEW_YORK_0930,US100,SHORT,1705588200,2024-01-18T14:30:00,1705588500,2024-01-18T14:35:00,1705588620,2024-01-18T14:37:00,1.8999999999978172,6.399999999997817,0.34,2.175999999999258,16875.15,16876.550000000003,16880.149999999998,16881.55,1.4000000000000001,STOP_ADVERSE_FIRST,-1.0,-2.175999999999258,0.4760000000000001,-2.651999999999258,110.63324999999993,108.45725000000067,97.4492499999999,94.79725000000064
OPEN_FADE_5M,42,NEW_YORK_0930,US30,LONG,1705588200,2024-01-18T14:30:00,1705588500,2024-01-18T14:35:00,1705589040,2024-01-18T14:44:00,-8.30000000000291,20.30000000000291,0.1,2.030000000000291,37231.7,37232.899999999994,37212.59999999999,37213.79999999999,1.2,STOP_ADVERSE_FIRST,-1.0,-2.030000000000291,0.12,-2.1500000000002912,108.45725000000067,106.42725000000038,94.79725000000064,92.64725000000035
OPEN_FADE_5M,43,LONDON_0800,US100,SHORT,1705651200,2024-01-19T08:00:00,1705651500,2024-01-19T08:05:00,1705651560,2024-01-19T08:06:00,2.7999999999992724,3.8000000000029104,0.56,2.12800000000163,17020.4,17021.800000000003,17022.800000000003,17024.200000000004,1.4000000000000001,STOP_ADVERSE_FIRST,-1.0,-2.12800000000163,0.7840000000000001,-2.91200000000163,106.42725000000038,104.29924999999875,92.64725000000035,89.73524999999873
OPEN_FADE_5M,44,LONDON_0800,US30,SHORT,1705651200,2024-01-19T08:00:00,1705651500,2024-01-19T08:05:00,1705651620,2024-01-19T08:07:00,4.200000000004366,5.900000000001455,0.36,2.1240000000005237,37419.2,37420.5,37423.9,37425.1,1.2,STOP_ADVERSE_FIRST,-1.0,-2.1240000000005237,0.432,-2.5560000000005236,104.29924999999875,102.17524999999823,89.73524999999873,87.1792499999982
OPEN_FADE_5M,45,NEW_YORK_0930,US100,SHORT,1705674600,2024-01-19T14:30:00,1705674900,2024-01-19T14:35:00,1705675320,2024-01-19T14:42:00,1.0999999999985448,5.5,0.37,2.035,17091.95,17093.350000000002,17082.3,17083.7,1.4000000000000001,TAKE,1.4999999999999998,3.0524999999999998,0.518,2.5344999999999995,102.17524999999823,105.22774999999822,87.1792499999982,89.7137499999982
OPEN_FADE_5M,46,NEW_YORK_0930,US30,SHORT,1705674600,2024-01-19T14:30:00,1705674900,2024-01-19T14:35:00,1705676460,2024-01-19T15:01:00,16.400000000001455,26.0,0.07,1.8200000000000003,37636.1,37637.4,37660.9,37662.1,1.2,STOP_ADVERSE_FIRST,-1.0,-1.8200000000000003,0.084,-1.9040000000000004,105.22774999999822,103.40774999999823,89.7137499999982,87.8097499999982
OPEN_FADE_5M,47,LONDON_0800,US30,SHORT,1705910400,2024-01-22T08:00:00,1705910700,2024-01-22T08:05:00,1705913580,2024-01-22T08:53:00,12.69999999999709,14.900000000001455,0.13,1.9370000000001892,37912.9,37914.1,37889.350000000006,37890.55,1.2,TAKE,1.4999999999997558,2.905499999999811,0.156,2.7494999999998107,103.40774999999823,106.31324999999804,87.8097499999982,90.55924999999802
OPEN_FADE_5M,48,LONDON_0800,US100,SHORT,1705910400,2024-01-22T08:00:00,1705910700,2024-01-22T08:05:00,1705914240,2024-01-22T09:04:00,10.200000000000728,10.899999999997817,0.18,1.961999999999607,17415.3,17416.7,17407.85,17409.25,1.4000000000000001,TIME_60_M1,0.5550458715596774,1.088999999999869,0.252,0.836999999999869,106.31324999999804,107.4022499999979,90.55924999999802,91.39624999999789
OPEN_FADE_5M,49,NEW_YORK_0930,US30,SHORT,1705933800,2024-01-22T14:30:00,1705934100,2024-01-22T14:35:00,1705935180,2024-01-22T14:53:00,3.599999999998545,9.0,0.23,2.0700000000000003,37927.5,37928.7,37935.2,37936.5,1.3,STOP_ADVERSE_FIRST,-1.0,-2.0700000000000003,0.29900000000000004,-2.369,107.4022499999979,105.33224999999791,91.39624999999789,89.02724999999789
OPEN_FADE_5M,50,NEW_YORK_0930,US100,SHORT,1705933800,2024-01-22T14:30:00,1705934100,2024-01-22T14:35:00,1705935840,2024-01-22T15:04:00,5.349999999998545,10.700000000000728,0.2,2.140000000000146,17449.2,17450.600000000002,17431.75,17433.15,1.4000000000000001,TAKE,1.49999999999983,3.2099999999998547,0.28,2.929999999999855,105.33224999999791,108.54224999999776,89.02724999999789,91.95724999999774
OPEN_FADE_5M,51,LONDON_0800,US100,SHORT,1705996800,2024-01-23T08:00:00,1705997100,2024-01-23T08:05:00,1705999680,2024-01-23T08:48:00,3.350000000002183,5.5,0.39,2.145,17349.5,17350.9,17353.6,17355.0,1.4000000000000001,STOP_ADVERSE_FIRST,-1.0,-2.145,0.546,-2.691,108.54224999999776,106.39724999999777,91.95724999999774,89.26624999999774
OPEN_FADE_5M,52,LONDON_0800,US30,SHORT,1705996800,2024-01-23T08:00:00,1705997100,2024-01-23T08:05:00,1705999680,2024-01-23T08:48:00,3.1999999999970896,7.5,0.28,2.1,37992.7,37994.0,37998.899999999994,38000.2,1.3,STOP_ADVERSE_FIRST,-1.0,-2.1,0.36400000000000005,-2.464,106.39724999999777,104.29724999999777,89.26624999999774,86.80224999999774
OPEN_FADE_5M,53,NEW_YORK_0930,US100,SHORT,1706020200,2024-01-23T14:30:00,1706020500,2024-01-23T14:35:00,1706020680,2024-01-23T14:38:00,2.9499999999970896,5.099999999998545,0.4,2.039999999999418,17349.75,17351.15,17353.449999999997,17354.85,1.4000000000000001,STOP_ADVERSE_FIRST,-1.0,-2.039999999999418,0.56,-2.599999999999418,104.29724999999777,102.25724999999835,86.80224999999774,84.20224999999833
OPEN_FADE_5M,54,NEW_YORK_0930,US30,LONG,1706020200,2024-01-23T14:30:00,1706020500,2024-01-23T14:35:00,1706020860,2024-01-23T14:41:00,-1.0,10.19999999999709,0.2,2.039999999999418,37964.0,37965.2,37955.0,37956.2,1.2,STOP_ADVERSE_FIRST,-1.0,-2.039999999999418,0.24,-2.2799999999994176,102.25724999999835,100.21724999999893,84.20224999999833,81.92224999999891
OPEN_FADE_5M,55,LONDON_0800,US100,SHORT,1706083200,2024-01-24T08:00:00,1706083500,2024-01-24T08:05:00,1706083920,2024-01-24T08:12:00,2.649999999997817,11.099999999998545,0.18,1.997999999999738,17483.15,17484.550000000003,17492.85,17494.25,1.4000000000000001,STOP_ADVERSE_FIRST,-1.0,-1.997999999999738,0.252,-2.249999999999738,100.21724999999893,98.21924999999919,81.92224999999891,79.67224999999917
OPEN_FADE_5M,56,LONDON_0800,US30,SHORT,1706083200,2024-01-24T08:00:00,1706083500,2024-01-24T08:05:00,1706086320,2024-01-24T08:52:00,4.400000000001455,6.30000000000291,0.31,1.9530000000009022,37935.4,37936.6,37940.50000000001,37941.700000000004,1.2,STOP_ADVERSE_FIRST,-1.0,-1.9530000000009022,0.372,-2.325000000000902,98.21924999999919,96.2662499999983,79.67224999999917,77.34724999999827
OPEN_FADE_5M,57,NEW_YORK_0930,US100,SHORT,1706106600,2024-01-24T14:30:00,1706106900,2024-01-24T14:35:00,1706107080,2024-01-24T14:38:00,5.149999999997817,5.299999999999272,0.36,1.907999999999738,17534.15,17535.550000000003,17538.05,17539.45,1.4000000000000001,STOP_ADVERSE_FIRST,-1.0,-1.907999999999738,0.504,-2.411999999999738,96.2662499999983,94.35824999999856,77.34724999999827,74.93524999999853
OPEN_FADE_5M,58,NEW_YORK_0930,US30,SHORT,1706106600,2024-01-24T14:30:00,1706106900,2024-01-24T14:35:00,1706107620,2024-01-24T14:47:00,2.8000000000029104,11.900000000001455,0.16,1.9040000000002328,37989.3,37990.5,38000.00000000001,38001.200000000004,1.2,STOP_ADVERSE_FIRST,-1.0,-1.9040000000002328,0.192,-2.096000000000233,94.35824999999856,92.45424999999832,74.93524999999853,72.8392499999983
OPEN_FADE_5M,59,LONDON_0800,US100,LONG,1706169600,2024-01-25T08:00:00,1706169900,2024-01-25T08:05:00,1706173440,2024-01-25T09:04:00,-5.849999999998545,8.75,0.21,1.8375,17494.85,17496.25,17499.65,17501.050000000003,1.4000000000000001,TIME_60_M1,0.38857142857159493,0.7140000000003056,0.29400000000000004,0.4200000000003056,92.45424999999832,93.16824999999864,72.8392499999983,73.2592499999986
OPEN_FADE_5M,60,LONDON_0800,US30,LONG,1706169600,2024-01-25T08:00:00,1706169900,2024-01-25T08:05:00,1706173440,2024-01-25T09:04:00,-4.30000000000291,11.69999999999709,0.15,1.7549999999995634,37885.4,37886.6,37893.3,37894.5,1.2,TIME_60_M1,0.5726495726500882,1.0050000000006547,0.18,0.8250000000006548,93.16824999999864,94.17324999999929,73.2592499999986,74.08424999999926
OPEN_FADE_5M,61,NEW_YORK_0930,US30,LONG,1706193000,2024-01-25T14:30:00,1706193300,2024-01-25T14:35:00,1706193960,2024-01-25T14:46:00,-2.599999999998545,9.69999999999709,0.19,1.842999999999447,37806.0,37807.2,37797.5,37798.8,1.2,STOP_ADVERSE_FIRST,-1.0,-1.842999999999447,0.22799999999999998,-2.0709999999994473,94.17324999999929,92.33024999999984,74.08424999999926,72.01324999999981
OPEN_FADE_5M,62,NEW_YORK_0930,US100,LONG,1706193000,2024-01-25T14:30:00,1706193300,2024-01-25T14:35:00,1706194680,2024-01-25T14:58:00,-1.7000000000007276,9.75,0.19,1.8525,17520.4,17521.800000000003,17512.050000000003,17513.450000000004,1.4000000000000001,STOP_ADVERSE_FIRST,-1.0,-1.8525,0.266,-2.1185,92.33024999999984,90.47774999999983,72.01324999999981,69.89474999999982
OPEN_FADE_5M,63,LONDON_0800,US100,LONG,1706256000,2024-01-26T08:00:00,1706256300,2024-01-26T08:05:00,1706256360,2024-01-26T08:06:00,-0.2999999999992724,5.200000000000728,0.34,1.7680000000002476,17386.15,17387.550000000003,17382.350000000002,17383.750000000004,1.4000000000000001,STOP_ADVERSE_FIRST,-1.0,-1.7680000000002476,0.4760000000000001,-2.2440000000002476,90.47774999999983,88.70974999999959,69.89474999999982,67.65074999999958
OPEN_FADE_5M,64,LONDON_0800,US30,LONG,1706256000,2024-01-26T08:00:00,1706256300,2024-01-26T08:05:00,1706256480,2024-01-26T08:08:00,-9.30000000000291,12.200000000004366,0.14,1.7080000000006113,37928.6,37929.9,37917.7,37919.0,1.3,STOP_ADVERSE_FIRST,-1.0,-1.7080000000006113,0.18200000000000002,-1.8900000000006112,88.70974999999959,87.00174999999898,67.65074999999958,65.76074999999896
OPEN_FADE_5M,65,NEW_YORK_0930,US30,SHORT,1706279400,2024-01-26T14:30:00,1706279700,2024-01-26T14:35:00,1706279760,2024-01-26T14:36:00,1.1999999999970896,8.39999999999418,0.2,1.679999999998836,38038.6,38039.799999999996,38045.69999999999,38046.99999999999,1.3,STOP_ADVERSE_FIRST,-1.0,-1.679999999998836,0.26,-1.939999999998836,87.00174999999898,85.32175000000014,65.76074999999896,63.82075000000013
OPEN_FADE_5M,66,NEW_YORK_0930,US100,SHORT,1706279400,2024-01-26T14:30:00,1706279700,2024-01-26T14:35:00,1706280900,2024-01-26T14:55:00,7.200000000000728,9.30000000000291,0.18,1.6740000000005237,17467.4,17468.800000000003,17452.049999999996,17453.449999999997,1.4000000000000001,TAKE,1.5,2.5110000000007857,0.252,2.2590000000007855,85.32175000000014,87.83275000000093,63.82075000000013,66.07975000000091
OPEN_FADE_5M,67,LONDON_0800,US30,SHORT,1706515200,2024-01-29T08:00:00,1706515500,2024-01-29T08:05:00,1706515500,2024-01-29T08:05:00,2.7000000000043656,3.599999999998545,0.48,1.7279999999993014,38056.5,38057.7,38058.9,38060.1,1.2,STOP_ADVERSE_FIRST,-1.0,-1.7279999999993014,0.576,-2.3039999999993013,87.83275000000093,86.10475000000163,66.07975000000091,63.775750000001615
OPEN_FADE_5M,68,LONDON_0800,US100,LONG,1706515200,2024-01-29T08:00:00,1706515500,2024-01-29T08:05:00,1706515680,2024-01-29T08:08:00,-3.400000000001455,5.400000000001455,0.32,1.7280000000004656,17419.75,17421.15,17429.250000000004,17430.650000000005,1.4000000000000001,TAKE,1.5000000000000002,2.5920000000006986,0.44800000000000006,2.1440000000006987,86.10475000000163,88.69675000000233,63.775750000001615,65.91975000000231
OPEN_FADE_5M,69,NEW_YORK_0930,US100,LONG,1706538600,2024-01-29T14:30:00,1706538900,2024-01-29T14:35:00,1706539020,2024-01-29T14:37:00,-6.450000000000728,9.299999999999272,0.19,1.7669999999998618,17453.7,17455.100000000002,17445.800000000003,17447.200000000004,1.4000000000000001,STOP_ADVERSE_FIRST,-1.0,-1.7669999999998618,0.266,-2.032999999999862,88.69675000000233,86.92975000000246,65.91975000000231,63.88675000000245
OPEN_FADE_5M,70,NEW_YORK_0930,US30,LONG,1706538600,2024-01-29T14:30:00,1706538900,2024-01-29T14:35:00,1706539080,2024-01-29T14:38:00,-2.6999999999970896,10.0,0.17,1.7000000000000002,38100.2,38101.399999999994,38091.399999999994,38092.59999999999,1.2,STOP_ADVERSE_FIRST,-1.0,-1.7000000000000002,0.20400000000000001,-1.9040000000000001,86.92975000000246,85.22975000000245,63.88675000000245,61.98275000000245
OPEN_FADE_5M,71,LONDON_0800,US100,LONG,1706601600,2024-01-30T08:00:00,1706601900,2024-01-30T08:05:00,1706601960,2024-01-30T08:06:00,-1.8499999999985448,4.950000000000728,0.34,1.6830000000002474,17608.35,17609.75,17604.8,17606.2,1.4000000000000001,STOP_ADVERSE_FIRST,-1.0,-1.6830000000002474,0.4760000000000001,-2.1590000000002476,85.22975000000245,83.5467500000022,61.98275000000245,59.8237500000022
OPEN_FADE_5M,72,LONDON_0800,US30,SHORT,1706601600,2024-01-30T08:00:00,1706601900,2024-01-30T08:05:00,1706601960,2024-01-30T08:06:00,0.3000000000029104,2.8000000000029104,0.6,1.680000000001746,38288.9,38290.200000000004,38290.4,38291.700000000004,1.3,STOP_ADVERSE_FIRST,-1.0,-1.680000000001746,0.78,-2.460000000001746,83.5467500000022,81.86675000000047,59.8237500000022,57.36375000000045
OPEN_FADE_5M,73,NEW_YORK_0930,US30,LONG,1706625000,2024-01-30T14:30:00,1706625300,2024-01-30T14:35:00,1706625300,2024-01-30T14:35:00,-3.400000000001455,6.700000000004366,0.24,1.6080000000010477,38283.1,38284.4,38277.7,38279.0,1.3,STOP_ADVERSE_FIRST,-1.0,-1.6080000000010477,0.312,-1.9200000000010478,81.86675000000047,80.25874999999942,57.36375000000045,55.443749999999405
OPEN_FADE_5M,74,NEW_YORK_0930,US100,LONG,1706625000,2024-01-30T14:30:00,1706625300,2024-01-30T14:35:00,1706625420,2024-01-30T14:37:00,-1.8500000000021828,5.349999999998545,0.3,1.6049999999995634,17575.2,17576.600000000002,17571.250000000004,17572.650000000005,1.4000000000000001,STOP_ADVERSE_FIRST,-1.0,-1.6049999999995634,0.42000000000000004,-2.0249999999995634,80.25874999999942,78.65374999999986,55.443749999999405,53.41874999999984
OPEN_FADE_5M,75,LONDON_0800,US30,SHORT,1706688000,2024-01-31T08:00:00,1706688300,2024-01-31T08:05:00,1706688660,2024-01-31T08:11:00,3.2999999999956344,5.099999999998545,0.3,1.5299999999995635,38472.5,38473.8,38476.299999999996,38477.6,1.3,STOP_ADVERSE_FIRST,-1.0,-1.5299999999995635,0.39,-1.9199999999995634,78.65374999999986,77.1237500000003,53.41874999999984,51.49875000000028
OPEN_FADE_5M,76,LONDON_0800,US100,SHORT,1706688000,2024-01-31T08:00:00,1706688300,2024-01-31T08:05:00,1706690700,2024-01-31T08:45:00,5.649999999997817,7.899999999997817,0.19,1.5009999999995853,17338.25,17339.65,17325.0,17326.4,1.4000000000000001,TAKE,1.50000000000023,2.2514999999997234,0.266,1.9854999999997234,77.1237500000003,79.37525000000002,51.49875000000028,53.48425
OPEN_FADE_5M,77,NEW_YORK_0930,US100,SHORT,1706711400,2024-01-31T14:30:00,1706711700,2024-01-31T14:35:00,1706712420,2024-01-31T14:47:00,0.2000000000007276,10.75,0.14,1.5050000000000001,17288.0,17289.4,17297.35,17298.75,1.4000000000000001,STOP_ADVERSE_FIRST,-1.0,-1.5050000000000001,0.19600000000000004,-1.701,79.37525000000002,77.87025000000003,53.48425,51.78325
OPEN_FADE_5M,78,NEW_YORK_0930,US30,SHORT,1706711400,2024-01-31T14:30:00,1706711700,2024-01-31T14:35:00,1706715000,2024-01-31T15:30:00,6.5,52.900000000001455,0.03,1.5870000000000435,38500.1,38501.4,38551.8,38553.0,1.2,STOP_ADVERSE_FIRST,-1.0,-1.5870000000000435,0.036,-1.6230000000000435,77.87025000000003,76.28324999999998,51.78325,50.16024999999996
OPEN_FADE_5M,79,LONDON_0800,US100,SHORT,1706774400,2024-02-01T08:00:00,1706774700,2024-02-01T08:05:00,1706775060,2024-02-01T08:11:00,1.6499999999978172,4.30000000000291,0.35,1.5050000000010186,17194.65,17196.050000000003,17197.550000000003,17198.950000000004,1.4000000000000001,STOP_ADVERSE_FIRST,-1.0,-1.5050000000010186,0.49,-1.9950000000010186,76.28324999999998,74.77824999999896,50.16024999999996,48.16524999999894
OPEN_FADE_5M,80,LONDON_0800,US30,SHORT,1706774400,2024-02-01T08:00:00,1706774700,2024-02-01T08:05:00,1706775240,2024-02-01T08:14:00,2.8000000000029104,4.80000000000291,0.31,1.4880000000009022,38187.0,38188.3,38190.5,38191.8,1.3,STOP_ADVERSE_FIRST,-1.0,-1.4880000000009022,0.403,-1.8910000000009022,74.77824999999896,73.29024999999805,48.16524999999894,46.27424999999804
OPEN_FADE_5M,81,NEW_YORK_0930,US100,SHORT,1706797800,2024-02-01T14:30:00,1706798100,2024-02-01T14:35:00,1706798400,2024-02-01T14:40:00,1.8999999999978172,5.5,0.26,1.4300000000000002,17242.3,17243.7,17246.399999999998,17247.8,1.4000000000000001,STOP_ADVERSE_FIRST,-1.0,-1.4300000000000002,0.36400000000000005,-1.7940000000000003,73.29024999999805,71.86024999999805,46.27424999999804,44.480249999998044
OPEN_FADE_5M,82,NEW_YORK_0930,US30,SHORT,1706797800,2024-02-01T14:30:00,1706798100,2024-02-01T14:35:00,1706798520,2024-02-01T14:42:00,2.599999999998545,6.099999999998545,0.24,1.4639999999996507,38209.9,38211.200000000004,38214.7,38216.0,1.3,STOP_ADVERSE_FIRST,-1.0,-1.4639999999996507,0.312,-1.7759999999996507,71.86024999999805,70.39624999999839,44.480249999998044,42.704249999998396
OPEN_FADE_5M,83,LONDON_0800,US100,LONG,1706860800,2024-02-02T08:00:00,1706861100,2024-02-02T08:05:00,1706862180,2024-02-02T08:23:00,-6.549999999999272,10.799999999999272,0.13,1.4039999999999055,17510.25,17511.65,17500.850000000002,17502.250000000004,1.4000000000000001,STOP_ADVERSE_FIRST,-1.0,-1.4039999999999055,0.18200000000000002,-1.5859999999999055,70.39624999999839,68.99224999999848,42.704249999998396,41.11824999999849
OPEN_FADE_5M,84,LONDON_0800,US30,LONG,1706860800,2024-02-02T08:00:00,1706861100,2024-02-02T08:05:00,1706862360,2024-02-02T08:26:00,-2.5,7.69999999999709,0.18,1.385999999999476,38516.8,38518.100000000006,38529.65,38530.85,1.3,TAKE,1.5,2.078999999999214,0.23399999999999999,1.8449999999992142,68.99224999999848,71.07124999999769,41.11824999999849,42.96324999999771
OPEN_FADE_5M,85,NEW_YORK_0930,US100,LONG,1706884200,2024-02-02T14:30:00,1706884500,2024-02-02T14:35:00,1706884860,2024-02-02T14:41:00,-3.2000000000007276,5.5,0.25,1.375,17537.6,17539.0,17533.5,17534.9,1.4000000000000001,STOP_ADVERSE_FIRST,-1.0,-1.375,0.35000000000000003,-1.725,71.07124999999769,69.69624999999769,42.96324999999771,41.238249999997706
OPEN_FADE_5M,86,NEW_YORK_0930,US30,LONG,1706884200,2024-02-02T14:30:00,1706884500,2024-02-02T14:35:00,1706885880,2024-02-02T14:58:00,-13.900000000001455,14.099999999998545,0.1,1.4099999999998545,38545.4,38546.6,38567.75,38569.05,1.2,TAKE,1.500000000000258,2.1150000000001454,0.12,1.9950000000001453,69.69624999999769,71.81124999999784,41.238249999997706,43.23324999999785
OPEN_FADE_5M,87,NEW_YORK_0930,US100,SHORT,1707143400,2024-02-05T14:30:00,1707143700,2024-02-05T14:35:00,1707143820,2024-02-05T14:37:00,1.25,7.450000000000728,0.19,1.4155000000001383,17628.2,17629.600000000002,17634.25,17635.65,1.4000000000000001,STOP_ADVERSE_FIRST,-1.0,-1.4155000000001383,0.266,-1.6815000000001383,71.81124999999784,70.3957499999977,43.23324999999785,41.55174999999771
OPEN_FADE_5M,88,NEW_YORK_0930,US30,SHORT,1707143400,2024-02-05T14:30:00,1707143700,2024-02-05T14:35:00,1707145140,2024-02-05T14:59:00,9.80000000000291,15.5,0.09,1.395,38625.4,38626.6,38600.950000000004,38602.15,1.2,TAKE,1.4999999999999998,2.0925,0.108,1.9844999999999997,70.3957499999977,72.4882499999977,41.55174999999771,43.53624999999771
OPEN_FADE_5M,89,NEW_YORK_0930,US100,SHORT,1707229800,2024-02-06T14:30:00,1707230100,2024-02-06T14:35:00,1707230340,2024-02-06T14:39:00,5.75,7.150000000001455,0.2,1.430000000000291,17589.05,17590.45,17594.8,17596.2,1.4000000000000001,STOP_ADVERSE_FIRST,-1.0,-1.430000000000291,0.28,-1.710000000000291,72.4882499999977,71.05824999999741,43.53624999999771,41.826249999997415
OPEN_FADE_5M,90,NEW_YORK_0930,US30,SHORT,1707229800,2024-02-06T14:30:00,1707230100,2024-02-06T14:35:00,1707230640,2024-02-06T14:44:00,10.5,14.099999999998545,0.1,1.4099999999998545,38329.3,38330.600000000006,38342.200000000004,38343.4,1.2,STOP_ADVERSE_FIRST,-1.0,-1.4099999999998545,0.12,-1.5299999999998546,71.05824999999741,69.64824999999756,41.826249999997415,40.29624999999756
OPEN_FADE_5M,91,NEW_YORK_0930,US30,SHORT,1707316200,2024-02-07T14:30:00,1707316500,2024-02-07T14:35:00,1707316860,2024-02-07T14:41:00,12.900000000001455,13.0,0.1,1.3,38479.8,38481.0,38491.5,38492.8,1.3,STOP_ADVERSE_FIRST,-1.0,-1.3,0.13,-1.4300000000000002,69.64824999999756,68.34824999999756,40.29624999999756,38.866249999997564
OPEN_FADE_5M,92,NEW_YORK_0930,US100,SHORT,1707316200,2024-02-07T14:30:00,1707316500,2024-02-07T14:35:00,1707316980,2024-02-07T14:43:00,6.200000000000728,7.599999999998545,0.18,1.367999999999738,17595.1,17596.5,17601.299999999996,17602.699999999997,1.4000000000000001,STOP_ADVERSE_FIRST,-1.0,-1.367999999999738,0.252,-1.619999999999738,68.34824999999756,66.98024999999782,38.866249999997564,37.24624999999783
OPEN_FADE_5M,93,NEW_YORK_0930,US100,LONG,1707402600,2024-02-08T14:30:00,1707402900,2024-02-08T14:35:00,1707402960,2024-02-08T14:36:00,-1.6500000000014552,6.05000000000291,0.22,1.3310000000006403,17722.35,17723.75,17717.699999999997,17719.1,1.4000000000000001,STOP_ADVERSE_FIRST,-1.0,-1.3310000000006403,0.30800000000000005,-1.6390000000006404,66.98024999999782,65.64924999999718,37.24624999999783,35.60724999999719
OPEN_FADE_5M,94,NEW_YORK_0930,US30,LONG,1707402600,2024-02-08T14:30:00,1707402900,2024-02-08T14:35:00,1707406440,2024-02-08T15:34:00,-10.0,13.099999999998545,0.1,1.3099999999998546,38652.8,38654.0,38662.8,38664.0,1.2,TIME_60_M1,0.6717557251911365,0.8800000000002911,0.12,0.7600000000002911,65.64924999999718,66.52924999999748,35.60724999999719,36.367249999997476
OPEN_FADE_5M,95,NEW_YORK_0930,US100,LONG,1707489000,2024-02-09T14:30:00,1707489300,2024-02-09T14:35:00,1707489480,2024-02-09T14:38:00,-1.75,7.200000000000728,0.18,1.2960000000001308,17845.6,17847.0,17839.8,17841.2,1.4000000000000001,STOP_ADVERSE_FIRST,-1.0,-1.2960000000001308,0.252,-1.5480000000001308,66.52924999999748,65.23324999999734,36.367249999997476,34.819249999997346
OPEN_FADE_5M,96,NEW_YORK_0930,US30,SHORT,1707489000,2024-02-09T14:30:00,1707489300,2024-02-09T14:35:00,1707490320,2024-02-09T14:52:00,7.5,11.099999999998545,0.11,1.22099999999984,38754.3,38755.5,38764.1,38765.4,1.3,STOP_ADVERSE_FIRST,-1.0,-1.22099999999984,0.14300000000000002,-1.36399999999984,65.23324999999734,64.01224999999751,34.819249999997346,33.455249999997505
OPEN_FADE_5M,97,NEW_YORK_0930,US100,SHORT,1707748200,2024-02-12T14:30:00,1707748500,2024-02-12T14:35:00,1707750480,2024-02-12T15:08:00,1.9000000000014552,7.75,0.16,1.24,17954.95,17956.350000000002,17961.3,17962.7,1.4000000000000001,STOP_ADVERSE_FIRST,-1.0,-1.24,0.22400000000000003,-1.464,64.01224999999751,62.772249999997506,33.455249999997505,31.991249999997507
OPEN_FADE_5M,98,NEW_YORK_0930,US30,LONG,1707748200,2024-02-12T14:30:00,1707748500,2024-02-12T14:35:00,1707750480,2024-02-12T15:08:00,-2.0,6.700000000004366,0.19,1.2730000000008295,38638.2,38639.5,38649.55,38650.850000000006,1.3,TAKE,1.499999999999457,1.909500000000553,0.24700000000000003,1.662500000000553,62.772249999997506,64.68174999999806,31.991249999997507,33.65374999999806
OPEN_FADE_5M,99,NEW_YORK_0930,US30,LONG,1707834600,2024-02-13T14:30:00,1707834900,2024-02-13T14:35:00,1707836280,2024-02-13T14:58:00,-0.5,14.900000000001455,0.08,1.1920000000001165,38732.2,38733.399999999994,38755.75,38757.05,1.2,TAKE,1.500000000000244,1.7880000000004657,0.096,1.6920000000004656,64.68174999999806,66.46974999999853,33.65374999999806,35.34574999999853
OPEN_FADE_5M,100,NEW_YORK_0930,US100,SHORT,1707834600,2024-02-13T14:30:00,1707834900,2024-02-13T14:35:00,1707837780,2024-02-13T15:23:00,9.350000000002183,14.399999999997817,0.08,1.1519999999998254,17758.5,17759.9,17771.499999999996,17772.899999999998,1.4000000000000001,STOP_ADVERSE_FIRST,-1.0,-1.1519999999998254,0.11200000000000002,-1.2639999999998255,66.46974999999853,65.3177499999987,35.34574999999853,34.081749999998706
OPEN_FADE_5M,101,LONDON_0800,US100,SHORT,1707897600,2024-02-14T08:00:00,1707897900,2024-02-14T08:05:00,1707898200,2024-02-14T08:10:00,3.5,5.700000000000728,0.22,1.25400000000016,17613.85,17615.25,17619.55,17619.55,0.0,STOP_ADVERSE_FIRST,-1.0,-1.25400000000016,0.0,-1.25400000000016,65.3177499999987,64.06374999999854,34.081749999998706,32.827749999998545
OPEN_FADE_5M,102,LONDON_0800,US30,SHORT,1707897600,2024-02-14T08:00:00,1707897900,2024-02-14T08:05:00,1707898200,2024-02-14T08:10:00,5.900000000001455,5.900000000001455,0.22,1.2980000000003202,38254.7,38256.0,38259.299999999996,38260.6,1.3,STOP_ADVERSE_FIRST,-1.0,-1.2980000000003202,0.28600000000000003,-1.5840000000003203,64.06374999999854,62.765749999998214,32.827749999998545,31.243749999998226
OPEN_FADE_5M,103,NEW_YORK_0930,US100,LONG,1707921000,2024-02-14T14:30:00,1707921300,2024-02-14T14:35:00,1707921360,2024-02-14T14:36:00,-0.049999999999272404,4.799999999999272,0.26,1.2479999999998108,17717.2,17718.600000000002,17713.800000000003,17715.200000000004,1.4000000000000001,STOP_ADVERSE_FIRST,-1.0,-1.2479999999998108,0.36400000000000005,-1.611999999999811,62.765749999998214,61.5177499999984,31.243749999998226,29.631749999998416
OPEN_FADE_5M,104,NEW_YORK_0930,US30,SHORT,1707921000,2024-02-14T14:30:00,1707921300,2024-02-14T14:35:00,1707922920,2024-02-14T15:02:00,0.9000000000014552,12.69999999999709,0.09,1.142999999999738,38369.2,38370.5,38380.7,38381.899999999994,1.2,STOP_ADVERSE_FIRST,-1.0,-1.142999999999738,0.108,-1.250999999999738,61.5177499999984,60.37474999999866,29.631749999998416,28.380749999998677
OPEN_FADE_5M,105,NEW_YORK_0930,US30,SHORT,1708007400,2024-02-15T14:30:00,1708007700,2024-02-15T14:35:00,1708008000,2024-02-15T14:40:00,3.5,8.30000000000291,0.14,1.1620000000004076,38449.8,38451.100000000006,38456.8,38458.100000000006,1.3,STOP_ADVERSE_FIRST,-1.0,-1.1620000000004076,0.18200000000000002,-1.3440000000004075,60.37474999999866,59.21274999999825,28.380749999998677,27.03674999999827
OPEN_FADE_5M,106,NEW_YORK_0930,US100,SHORT,1708007400,2024-02-15T14:30:00,1708007700,2024-02-15T14:35:00,1708008840,2024-02-15T14:54:00,2.399999999997817,6.150000000001455,0.19,1.1685000000002765,17841.3,17842.7,17830.674999999996,17832.074999999997,1.4000000000000001,TAKE,1.5,1.7527500000004148,0.266,1.4867500000004148,59.21274999999825,60.96549999999867,27.03674999999827,28.523499999998688
OPEN_FADE_5M,107,LONDON_0800,US30,SHORT,1708070400,2024-02-16T08:00:00,1708070700,2024-02-16T08:05:00,1708070940,2024-02-16T08:09:00,1.9000000000014552,2.599999999998545,0.46,1.1959999999993307,38699.6,38700.9,38700.899999999994,38702.2,1.3,STOP_ADVERSE_FIRST,-1.0,-1.1959999999993307,0.5980000000000001,-1.7939999999993308,60.96549999999867,59.76949999999934,28.523499999998688,26.729499999999355
OPEN_FADE_5M,108,LONDON_0800,US100,SHORT,1708070400,2024-02-16T08:00:00,1708070700,2024-02-16T08:05:00,1708072800,2024-02-16T08:40:00,4.25,5.400000000001455,0.22,1.1880000000003201,17869.8,17871.2,17873.8,17875.2,1.4000000000000001,STOP_ADVERSE_FIRST,-1.0,-1.1880000000003201,0.30800000000000005,-1.4960000000003202,59.76949999999934,58.58149999999902,26.729499999999355,25.233499999999033
OPEN_FADE_5M,109,NEW_YORK_0930,US30,SHORT,1708093800,2024-02-16T14:30:00,1708094100,2024-02-16T14:35:00,1708094820,2024-02-16T14:47:00,2.099999999998545,6.599999999998545,0.17,1.1219999999997528,38726.1,38727.4,38731.5,38732.7,1.2,STOP_ADVERSE_FIRST,-1.0,-1.1219999999997528,0.20400000000000001,-1.3259999999997527,58.58149999999902,57.45949999999927,25.233499999999033,23.90749999999928
OPEN_FADE_5M,110,NEW_YORK_0930,US100,LONG,1708093800,2024-02-16T14:30:00,1708094100,2024-02-16T14:35:00,1708095300,2024-02-16T14:55:00,-0.7000000000007276,5.850000000002183,0.2,1.1700000000004367,17933.4,17934.800000000003,17928.95,17930.350000000002,1.4000000000000001,STOP_ADVERSE_FIRST,-1.0,-1.1700000000004367,0.28,-1.4500000000004367,57.45949999999927,56.28949999999883,23.90749999999928,22.457499999998845
OPEN_FADE_5M,111,LONDON_0800,US100,LONG,1708329600,2024-02-19T08:00:00,1708329900,2024-02-19T08:05:00,1708333440,2024-02-19T09:04:00,-1.2999999999992724,7.350000000002183,0.15,1.1025000000003273,17716.15,17717.550000000003,17713.35,17714.75,1.4000000000000001,TIME_60_M1,-0.5714285714289957,-0.6300000000006548,0.21000000000000002,-0.8400000000006549,56.28949999999883,55.659499999998175,22.457499999998845,21.61749999999819
OPEN_FADE_5M,112,LONDON_0800,US30,SHORT,1708329600,2024-02-19T08:00:00,1708329900,2024-02-19T08:05:00,1708333440,2024-02-19T09:04:00,6.19999999999709,8.099999999998545,0.13,1.0529999999998108,38650.2,38651.399999999994,38639.1,38640.4,1.3,TIME_60_M1,1.209876543209555,1.2739999999994325,0.169,1.1049999999994324,55.659499999998175,56.93349999999761,21.61749999999819,22.722499999997623
OPEN_FADE_5M,113,NEW_YORK_0930,US30,SHORT,1708353000,2024-02-19T14:30:00,1708353300,2024-02-19T14:35:00,1708353660,2024-02-19T14:41:00,5.80000000000291,8.5,0.13,1.105,38648.8,38650.100000000006,38656.100000000006,38657.3,1.2,STOP_ADVERSE_FIRST,-1.0,-1.105,0.156,-1.261,56.93349999999761,55.82849999999761,22.722499999997623,21.461499999997624
OPEN_FADE_5M,114,NEW_YORK_0930,US100,SHORT,1708353000,2024-02-19T14:30:00,1708353300,2024-02-19T14:35:00,1708353900,2024-02-19T14:45:00,2.75,6.5,0.17,1.105,17699.1,17700.5,17704.199999999997,17705.6,1.4000000000000001,STOP_ADVERSE_FIRST,-1.0,-1.105,0.23800000000000004,-1.343,55.82849999999761,54.723499999997614,21.461499999997624,20.118499999997624
OPEN_FADE_5M,115,NEW_YORK_0930,US100,LONG,1708439400,2024-02-20T14:30:00,1708439700,2024-02-20T14:35:00,1708440300,2024-02-20T14:45:00,-6.200000000000728,6.849999999998545,0.15,1.0274999999997816,17612.85,17614.25,17607.4,17608.800000000003,1.4000000000000001,STOP_ADVERSE_FIRST,-1.0,-1.0274999999997816,0.21000000000000002,-1.2374999999997816,54.723499999997614,53.69599999999783,20.118499999997624,18.880999999997844
OPEN_FADE_5M,116,NEW_YORK_0930,US30,LONG,1708439400,2024-02-20T14:30:00,1708439700,2024-02-20T14:35:00,1708440300,2024-02-20T14:45:00,-1.8999999999941792,9.400000000001455,0.11,1.0340000000001601,38506.4,38507.6,38498.2,38499.5,1.2,STOP_ADVERSE_FIRST,-1.0,-1.0340000000001601,0.132,-1.1660000000001602,53.69599999999783,52.66199999999767,18.880999999997844,17.714999999997683
OPEN_FADE_5M,117,LONDON_0800,US100,SHORT,1708502400,2024-02-21T08:00:00,1708502700,2024-02-21T08:05:00,1708504080,2024-02-21T08:28:00,9.849999999998545,10.75,0.09,0.9674999999999999,17509.7,17511.100000000002,17492.175,17493.575,1.4000000000000001,TAKE,1.5,1.45125,0.126,1.32525,52.66199999999767,54.11324999999767,17.714999999997683,19.040249999997684
OPEN_FADE_5M,118,LONDON_0800,US30,SHORT,1708502400,2024-02-21T08:00:00,1708502700,2024-02-21T08:05:00,1708505640,2024-02-21T08:54:00,11.099999999998545,12.89999999999418,0.08,1.0319999999995344,38539.1,38540.4,38550.799999999996,38551.99999999999,1.2,STOP_ADVERSE_FIRST,-1.0,-1.0319999999995344,0.096,-1.1279999999995345,54.11324999999767,53.081249999998136,19.040249999997684,17.91224999999815
OPEN_FADE_5M,119,NEW_YORK_0930,US100,LONG,1708525800,2024-02-21T14:30:00,1708526100,2024-02-21T14:35:00,1708526280,2024-02-21T14:38:00,-4.850000000002183,14.599999999998545,0.07,1.0219999999998983,17459.85,17461.25,17446.65,17448.050000000003,1.4000000000000001,STOP_ADVERSE_FIRST,-1.0,-1.0219999999998983,0.09800000000000002,-1.1199999999998984,53.081249999998136,52.05924999999824,17.91224999999815,16.79224999999825
OPEN_FADE_5M,120,NEW_YORK_0930,US30,SHORT,1708525800,2024-02-21T14:30:00,1708526100,2024-02-21T14:35:00,1708527060,2024-02-21T14:51:00,0.4000000000014552,12.200000000004366,0.08,0.9760000000003493,38508.3,38509.5,38488.8,38490.0,1.2,TAKE,1.4999999999997018,1.464000000000233,0.096,1.3680000000002328,52.05924999999824,53.52324999999847,16.79224999999825,18.160249999998484
OPEN_FADE_5M,121,LONDON_0800,US100,LONG,1708588800,2024-02-22T08:00:00,1708589100,2024-02-22T08:05:00,1708590720,2024-02-22T08:32:00,-1.1000000000021828,6.549999999999272,0.16,1.0479999999998837,17726.6,17728.0,17737.824999999997,17739.225,1.4000000000000001,TAKE,1.4999999999997222,1.5719999999995344,0.22400000000000003,1.3479999999995345,53.52324999999847,55.095249999998,18.160249999998484,19.508249999998018
OPEN_FADE_5M,122,LONDON_0800,US30,SHORT,1708588800,2024-02-22T08:00:00,1708589100,2024-02-22T08:05:00,1708590720,2024-02-22T08:32:00,2.0,5.299999999995634,0.2,1.059999999999127,38661.6,38662.9,38665.59999999999,38666.899999999994,1.3,STOP_ADVERSE_FIRST,-1.0,-1.059999999999127,0.26,-1.319999999999127,55.095249999998,54.035249999998875,19.508249999998018,18.18824999999889
OPEN_FADE_5M,123,NEW_YORK_0930,US30,LONG,1708612200,2024-02-22T14:30:00,1708612500,2024-02-22T14:35:00,1708612920,2024-02-22T14:42:00,-2.3000000000029104,9.400000000001455,0.11,1.0340000000001601,38766.4,38767.700000000004,38758.3,38759.600000000006,1.3,STOP_ADVERSE_FIRST,-1.0,-1.0340000000001601,0.14300000000000002,-1.1770000000001601,54.035249999998875,53.00124999999871,18.18824999999889,17.011249999998732
OPEN_FADE_5M,124,NEW_YORK_0930,US100,SHORT,1708612200,2024-02-22T14:30:00,1708612500,2024-02-22T14:35:00,1708615800,2024-02-22T15:30:00,6.700000000000728,13.450000000000728,0.08,1.0760000000000582,17836.2,17837.600000000002,17814.625,17816.025,1.4000000000000001,TAKE,1.4999999999998648,1.613999999999942,0.11200000000000002,1.5019999999999418,53.00124999999871,54.61524999999865,17.011249999998732,18.513249999998674
OPEN_FADE_5M,125,NEW_YORK_0930,US30,LONG,1708698600,2024-02-23T14:30:00,1708698900,2024-02-23T14:35:00,1708699080,2024-02-23T14:38:00,-2.3000000000029104,4.80000000000291,0.22,1.0560000000006402,39120.5,39121.7,39128.9,39130.200000000004,1.2,TAKE,1.5,1.5840000000009604,0.264,1.3200000000009604,54.61524999999865,56.199249999999616,18.513249999998674,19.833249999999634
OPEN_FADE_5M,126,NEW_YORK_0930,US100,SHORT,1708698600,2024-02-23T14:30:00,1708698900,2024-02-23T14:35:00,1708700940,2024-02-23T15:09:00,5.299999999999272,8.649999999997817,0.12,1.037999999999738,17988.15,17989.550000000003,17995.399999999998,17996.8,1.4000000000000001,STOP_ADVERSE_FIRST,-1.0,-1.037999999999738,0.168,-1.205999999999738,56.199249999999616,55.161249999999875,19.833249999999634,18.627249999999897
OPEN_FADE_5M,127,LONDON_0800,US100,SHORT,1708934400,2024-02-26T08:00:00,1708934700,2024-02-26T08:05:00,1708935300,2024-02-26T08:15:00,4.299999999999272,5.0,0.22,1.1,17906.15,17907.550000000003,17897.25,17898.65,1.4000000000000001,TAKE,1.4999999999999998,1.65,0.30800000000000005,1.3419999999999999,55.161249999999875,56.81124999999987,18.627249999999897,19.969249999999896
OPEN_FADE_5M,128,LONDON_0800,US30,SHORT,1708934400,2024-02-26T08:00:00,1708934700,2024-02-26T08:05:00,1708936440,2024-02-26T08:34:00,6.700000000004366,7.200000000004366,0.15,1.0800000000006549,39084.3,39085.600000000006,39072.2,39073.5,1.3,TAKE,1.4999999999994946,1.6200000000004364,0.195,1.4250000000004364,56.81124999999987,58.43125000000031,19.969249999999896,21.394250000000334
OPEN_FADE_5M,129,NEW_YORK_0930,US30,SHORT,1708957800,2024-02-26T14:30:00,1708958100,2024-02-26T14:35:00,1708958280,2024-02-26T14:38:00,1.5999999999985448,8.799999999995634,0.13,1.1439999999994326,39095.9,39097.200000000004,39103.399999999994,39104.7,1.3,STOP_ADVERSE_FIRST,-1.0,-1.1439999999994326,0.169,-1.3129999999994326,58.43125000000031,57.28725000000088,21.394250000000334,20.0812500000009
OPEN_FADE_5M,130,NEW_YORK_0930,US100,LONG,1708957800,2024-02-26T14:30:00,1708958100,2024-02-26T14:35:00,1708958580,2024-02-26T14:43:00,-3.8000000000029104,7.200000000000728,0.16,1.1520000000001165,17932.6,17934.0,17926.8,17928.2,1.4000000000000001,STOP_ADVERSE_FIRST,-1.0,-1.1520000000001165,0.22400000000000003,-1.3760000000001165,57.28725000000088,56.13525000000077,20.0812500000009,18.705250000000785
OPEN_FADE_5M,131,LONDON_0800,US100,LONG,1709020800,2024-02-27T08:00:00,1709021100,2024-02-27T08:05:00,1709021100,2024-02-27T08:05:00,-1.7000000000007276,3.25,0.34,1.105,17887.0,17888.4,17885.15,17886.550000000003,1.4000000000000001,STOP_ADVERSE_FIRST,-1.0,-1.105,0.4760000000000001,-1.581,56.13525000000077,55.03025000000077,18.705250000000785,17.124250000000785
OPEN_FADE_5M,132,LONDON_0800,US30,LONG,1709020800,2024-02-27T08:00:00,1709021100,2024-02-27T08:05:00,1709024640,2024-02-27T09:04:00,-4.099999999998545,6.19999999999709,0.18,1.115999999999476,39044.5,39045.7,39046.7,39048.0,1.2,TIME_60_M1,0.16129032258072087,0.18,0.216,-0.036000000000000004,55.03025000000077,55.21025000000077,17.124250000000785,17.088250000000784
OPEN_FADE_5M,133,NEW_YORK_0930,US30,SHORT,1709044200,2024-02-27T14:30:00,1709044500,2024-02-27T14:35:00,1709046360,2024-02-27T15:06:00,8.5,14.400000000001455,0.07,1.008000000000102,39101.0,39102.2,39078.2,39079.399999999994,1.2,TAKE,1.5000000000002527,1.5120000000004077,0.084,1.4280000000004076,55.21025000000077,56.722250000001175,17.088250000000784,18.516250000001193
OPEN_FADE_5M,134,NEW_YORK_0930,US100,SHORT,1709044200,2024-02-27T14:30:00,1709044500,2024-02-27T14:35:00,1709046420,2024-02-27T15:07:00,8.5,9.75,0.11,1.0725,17989.95,17991.350000000002,17973.925,17975.325,1.4000000000000001,TAKE,1.5,1.60875,0.15400000000000003,1.4547499999999998,56.722250000001175,58.331000000001175,18.516250000001193,19.971000000001194
OPEN_FADE_5M,135,LONDON_0800,US30,LONG,1709107200,2024-02-28T08:00:00,1709107500,2024-02-28T08:05:00,1709107680,2024-02-28T08:08:00,-1.7000000000043656,2.8000000000029104,0.41,1.1480000000011932,38926.7,38928.0,38925.2,38926.5,1.3,STOP_ADVERSE_FIRST,-1.0,-1.1480000000011932,0.533,-1.6810000000011933,58.331000000001175,57.182999999999986,19.971000000001194,18.29
OPEN_FADE_5M,136,LONDON_0800,US100,LONG,1709107200,2024-02-28T08:00:00,1709107500,2024-02-28T08:05:00,1709107740,2024-02-28T08:09:00,-2.9500000000007276,4.549999999999272,0.25,1.137499999999818,17946.3,17947.7,17943.15,17944.550000000003,1.4000000000000001,STOP_ADVERSE_FIRST,-1.0,-1.137499999999818,0.35000000000000003,-1.4874999999998182,57.182999999999986,56.04550000000017,18.29,16.80250000000018
OPEN_FADE_5M,137,NEW_YORK_0930,US100,SHORT,1709130600,2024-02-28T14:30:00,1709130900,2024-02-28T14:35:00,1709131200,2024-02-28T14:40:00,5.450000000000728,7.19999999999709,0.15,1.0799999999995633,17903.85,17905.25,17891.65,17893.050000000003,1.4000000000000001,TAKE,1.5,1.619999999999345,0.21000000000000002,1.409999999999345,56.04550000000017,57.66549999999951,16.80250000000018,18.212499999999526
OPEN_FADE_5M,138,NEW_YORK_0930,US30,SHORT,1709130600,2024-02-28T14:30:00,1709130900,2024-02-28T14:35:00,1709132160,2024-02-28T14:56:00,10.900000000001455,13.69999999999709,0.08,1.0959999999997672,38849.6,38850.9,38827.850000000006,38829.05,1.2,TAKE,1.5,1.6439999999996509,0.096,1.5479999999996508,57.66549999999951,59.30949999999916,18.212499999999526,19.760499999999176
OPEN_FADE_5M,139,NEW_YORK_0930,US30,SHORT,1709217000,2024-02-29T14:30:00,1709217300,2024-02-29T14:35:00,1709217300,2024-02-29T14:35:00,0.5,5.0,0.23,1.1500000000000001,38807.3,38808.5,38811.100000000006,38812.3,1.2,STOP_ADVERSE_FIRST,-1.0,-1.1500000000000001,0.276,-1.4260000000000002,59.30949999999916,58.15949999999916,19.760499999999176,18.334499999999174
OPEN_FADE_5M,140,NEW_YORK_0930,US100,SHORT,1709217000,2024-02-29T14:30:00,1709217300,2024-02-29T14:35:00,1709217780,2024-02-29T14:43:00,1.1999999999970896,7.299999999999272,0.16,1.1679999999998836,17826.65,17828.050000000003,17814.300000000003,17815.700000000004,1.4000000000000001,TAKE,1.4999999999997509,1.7519999999995344,0.22400000000000003,1.5279999999995344,58.15949999999916,59.911499999998696,18.334499999999174,19.862499999998708
OPEN_FADE_5M,141,NEW_YORK_0930,US100,SHORT,1709303400,2024-03-01T14:30:00,1709303700,2024-03-01T14:35:00,1709303820,2024-03-01T14:37:00,1.5999999999985448,7.0,0.17,1.1900000000000002,18036.35,18037.75,18041.949999999997,18043.35,1.4000000000000001,STOP_ADVERSE_FIRST,-1.0,-1.1900000000000002,0.23800000000000004,-1.4280000000000002,59.911499999998696,58.7214999999987,19.862499999998708,18.434499999998707
OPEN_FADE_5M,142,NEW_YORK_0930,US30,LONG,1709303400,2024-03-01T14:30:00,1709303700,2024-03-01T14:35:00,1709304540,2024-03-01T14:49:00,-1.0,10.200000000004366,0.11,1.1220000000004802,38919.1,38920.299999999996,38935.600000000006,38936.90000000001,1.2,TAKE,1.5000000000003568,1.6830000000011205,0.132,1.5510000000011206,58.7214999999987,60.40449999999982,18.434499999998707,19.985499999999828
OPEN_FADE_5M,143,NEW_YORK_0930,US100,LONG,1709562600,2024-03-04T14:30:00,1709562900,2024-03-04T14:35:00,1709563140,2024-03-04T14:39:00,-3.25,6.899999999997817,0.17,1.172999999999629,18305.95,18307.350000000002,18300.450000000004,18301.600000000006,1.4000000000000001,STOP_ADVERSE_FIRST,-1.0,-1.172999999999629,0.23800000000000004,-1.410999999999629,60.40449999999982,59.23150000000019,19.985499999999828,18.5745000000002
OPEN_FADE_5M,144,NEW_YORK_0930,US30,SHORT,1709562600,2024-03-04T14:30:00,1709562900,2024-03-04T14:35:00,1709564400,2024-03-04T15:00:00,4.0,10.799999999995634,0.11,1.1879999999995199,38987.7,38988.899999999994,38970.3,38971.5,1.2,TAKE,1.5000000000003366,1.7819999999996798,0.132,1.6499999999996797,59.23150000000019,61.013499999999866,18.5745000000002,20.22449999999988
OPEN_FADE_5M,145,LONDON_0800,US30,SHORT,1709625600,2024-03-05T08:00:00,1709625900,2024-03-05T08:05:00,1709626620,2024-03-05T08:17:00,1.5,3.8000000000029104,0.32,1.2160000000009314,38909.8,38911.100000000006,38912.3,38913.600000000006,1.3,STOP_ADVERSE_FIRST,-1.0,-1.2160000000009314,0.41600000000000004,-1.6320000000009314,61.013499999999866,59.797499999998934,20.22449999999988,18.592499999998946
OPEN_FADE_5M,146,LONDON_0800,US100,SHORT,1709625600,2024-03-05T08:00:00,1709625900,2024-03-05T08:05:00,1709626740,2024-03-05T08:19:00,2.7999999999992724,5.549999999999272,0.21,1.1654999999998472,18157.8,18159.2,18148.074999999997,18149.475,1.4000000000000001,TAKE,1.5000000000003275,1.7482500000001526,0.29400000000000004,1.4542500000001526,59.797499999998934,61.54574999999909,18.592499999998946,20.046749999999097
OPEN_FADE_5M,147,NEW_YORK_0930,US30,LONG,1709649000,2024-03-05T14:30:00,1709649300,2024-03-05T14:35:00,1709650020,2024-03-05T14:47:00,-16.5,19.700000000004366,0.06,1.182000000000262,38911.0,38912.2,38892.49999999999,38893.69999999999,1.2,STOP_ADVERSE_FIRST,-1.0,-1.182000000000262,0.072,-1.254000000000262,61.54574999999909,60.363749999998824,20.046749999999097,18.792749999998836
OPEN_FADE_5M,148,NEW_YORK_0930,US100,LONG,1709649000,2024-03-05T14:30:00,1709649300,2024-03-05T14:35:00,1709650140,2024-03-05T14:49:00,-11.349999999998545,20.299999999999272,0.06,1.2179999999999562,18123.45,18124.850000000002,18104.550000000003,18104.800000000003,1.4000000000000001,STOP_ADVERSE_FIRST,-1.0,-1.2179999999999562,0.084,-1.3019999999999563,60.363749999998824,59.14574999999887,18.792749999998836,17.49074999999888
OPEN_FADE_5M,149,LONDON_0800,US100,LONG,1709712000,2024-03-06T08:00:00,1709712300,2024-03-06T08:05:00,1709712600,2024-03-06T08:10:00,-5.400000000001455,8.200000000000728,0.14,1.148000000000102,17942.7,17944.100000000002,17935.9,17937.300000000003,1.4000000000000001,STOP_ADVERSE_FIRST,-1.0,-1.148000000000102,0.19600000000000004,-1.344000000000102,59.14574999999887,57.99774999999877,17.49074999999888,16.14674999999878
OPEN_FADE_5M,150,LONDON_0800,US30,LONG,1709712000,2024-03-06T08:00:00,1709712300,2024-03-06T08:05:00,1709715600,2024-03-06T09:00:00,-0.09999999999854481,10.0,0.11,1.1,38563.0,38564.3,38579.3,38580.5,1.3,TAKE,1.4999999999999998,1.65,0.14300000000000002,1.507,57.99774999999877,59.647749999998766,16.14674999999878,17.65374999999878
OPEN_FADE_5M,151,NEW_YORK_0930,US30,SHORT,1709735400,2024-03-06T14:30:00,1709735700,2024-03-06T14:35:00,1709735820,2024-03-06T14:37:00,0.8000000000029104,8.19999999999709,0.14,1.1479999999995927,38657.3,38658.5,38664.2,38665.5,1.3,STOP_ADVERSE_FIRST,-1.0,-1.1479999999995927,0.18200000000000002,-1.3299999999995926,59.647749999998766,58.499749999999175,17.65374999999878,16.323749999999187
OPEN_FADE_5M,152,NEW_YORK_0930,US100,SHORT,1709735400,2024-03-06T14:30:00,1709735700,2024-03-06T14:35:00,1709735940,2024-03-06T14:39:00,2.7999999999992724,8.450000000000728,0.14,1.183000000000102,18026.35,18027.75,18033.399999999998,18034.8,1.4000000000000001,STOP_ADVERSE_FIRST,-1.0,-1.183000000000102,0.19600000000000004,-1.379000000000102,58.499749999999175,57.316749999999075,16.323749999999187,14.944749999999084
OPEN_FADE_5M,153,LONDON_0800,US100,SHORT,1709798400,2024-03-07T08:00:00,1709798700,2024-03-07T08:05:00,1709799840,2024-03-07T08:24:00,1.6499999999978172,8.55000000000291,0.13,1.1115000000003783,17948.65,17950.050000000003,17955.800000000003,17957.200000000004,1.4000000000000001,STOP_ADVERSE_FIRST,-1.0,-1.1115000000003783,0.18200000000000002,-1.2935000000003782,57.316749999999075,56.2052499999987,14.944749999999084,13.651249999998706
OPEN_FADE_5M,154,LONDON_0800,US30,SHORT,1709798400,2024-03-07T08:00:00,1709798700,2024-03-07T08:05:00,1709800020,2024-03-07T08:27:00,6.599999999998545,11.099999999998545,0.1,1.1099999999998544,38620.3,38621.5,38630.200000000004,38631.4,1.2,STOP_ADVERSE_FIRST,-1.0,-1.1099999999998544,0.12,-1.2299999999998543,56.2052499999987,55.09524999999884,13.651249999998706,12.421249999998851
OPEN_FADE_5M,155,NEW_YORK_0930,US30,LONG,1709821800,2024-03-07T14:30:00,1709822100,2024-03-07T14:35:00,1709823120,2024-03-07T14:52:00,-6.599999999998545,13.30000000000291,0.08,1.0640000000002328,38706.5,38707.8,38694.5,38695.7,1.3,STOP_ADVERSE_FIRST,-1.0,-1.0640000000002328,0.10400000000000001,-1.1680000000002329,55.09524999999884,54.03124999999861,12.421249999998851,11.25324999999862
OPEN_FADE_5M,156,NEW_YORK_0930,US100,SHORT,1709821800,2024-03-07T14:30:00,1709822100,2024-03-07T14:35:00,1709823300,2024-03-07T14:55:00,0.4500000000007276,8.700000000000728,0.12,1.0440000000000873,18094.6,18096.0,18080.149999999994,18081.549999999996,1.4000000000000001,TAKE,1.500000000000209,1.5660000000003491,0.168,1.3980000000003492,54.03124999999861,55.59724999999896,11.25324999999862,12.651249999998969
OPEN_FADE_5M,157,NEW_YORK_0930,US100,LONG,1709908200,2024-03-08T14:30:00,1709908500,2024-03-08T14:35:00,1709908680,2024-03-08T14:38:00,-2.4500000000007276,11.799999999999272,0.09,1.0619999999999346,18251.9,18253.300000000003,18241.500000000004,18242.900000000005,1.4000000000000001,STOP_ADVERSE_FIRST,-1.0,-1.0619999999999346,0.126,-1.1879999999999344,55.59724999999896,54.535249999999024,12.651249999998969,11.463249999999034
OPEN_FADE_5M,158,NEW_YORK_0930,US30,SHORT,1709908200,2024-03-08T14:30:00,1709908500,2024-03-08T14:35:00,1709908680,2024-03-08T14:38:00,1.7000000000043656,8.700000000004366,0.12,1.0440000000005238,38622.2,38623.399999999994,38629.700000000004,38630.9,1.2,STOP_ADVERSE_FIRST,-1.0,-1.0440000000005238,0.144,-1.1880000000005237,54.535249999999024,53.4912499999985,11.463249999999034,10.275249999998511
OPEN_FADE_5M,159,LONDON_0800,US30,LONG,1710144000,2024-03-11T08:00:00,1710144300,2024-03-11T08:05:00,1710144540,2024-03-11T08:09:00,-1.2000000000043656,6.30000000000291,0.16,1.0080000000004656,38650.9,38652.200000000004,38645.9,38647.200000000004,1.3,STOP_ADVERSE_FIRST,-1.0,-1.0080000000004656,0.20800000000000002,-1.2160000000004656,53.4912499999985,52.48324999999804,10.275249999998511,9.059249999998045
OPEN_FADE_5M,160,LONDON_0800,US100,SHORT,1710144000,2024-03-11T08:00:00,1710144300,2024-03-11T08:05:00,1710146040,2024-03-11T08:34:00,4.299999999999272,6.94999999999709,0.15,1.0424999999995634,17960.65,17962.050000000003,17966.199999999997,17967.6,1.4000000000000001,STOP_ADVERSE_FIRST,-1.0,-1.0424999999995634,0.21000000000000002,-1.2524999999995634,52.48324999999804,51.440749999998474,9.059249999998045,7.806749999998481
OPEN_FADE_5M,161,NEW_YORK_0930,US30,SHORT,1710163800,2024-03-11T13:30:00,1710164100,2024-03-11T13:35:00,1710164160,2024-03-11T13:36:00,13.200000000004366,16.099999999998545,0.06,0.9659999999999127,38578.9,38580.1,38593.8,38595.0,1.2,STOP_ADVERSE_FIRST,-1.0,-0.9659999999999127,0.072,-1.0379999999999128,51.440749999998474,50.47474999999856,7.806749999998481,6.768749999998569
OPEN_FADE_5M,162,NEW_YORK_0930,US100,SHORT,1710163800,2024-03-11T13:30:00,1710164100,2024-03-11T13:35:00,1710164880,2024-03-11T13:48:00,21.849999999998545,24.349999999998545,0.04,0.9739999999999418,17999.05,18000.35,18021.999999999996,18023.399999999998,1.4000000000000001,STOP_ADVERSE_FIRST,-1.0,-0.9739999999999418,0.05600000000000001,-1.0299999999999419,50.47474999999856,49.50074999999862,6.768749999998569,5.738749999998627
OPEN_FADE_5M,163,NEW_YORK_0930,US100,LONG,1710250200,2024-03-12T13:30:00,1710250500,2024-03-12T13:35:00,1710250620,2024-03-12T13:37:00,-1.0999999999985448,5.299999999999272,0.18,0.953999999999869,18028.05,18029.45,18024.15,18025.550000000003,1.4000000000000001,STOP_ADVERSE_FIRST,-1.0,-0.953999999999869,0.252,-1.205999999999869,49.50074999999862,48.54674999999875,5.738749999998627,4.532749999998758
OPEN_FADE_5M,164,NEW_YORK_0930,US30,SHORT,1710250200,2024-03-12T13:30:00,1710250500,2024-03-12T13:35:00,1710250740,2024-03-12T13:39:00,1.3999999999941792,9.0,0.11,0.99,38759.2,38760.5,38767.0,38768.2,1.2,STOP_ADVERSE_FIRST,-1.0,-0.99,0.132,-1.1219999999999999,48.54674999999875,47.55674999999875,4.532749999998758,3.4107499999987585
OPEN_FADE_5M,165,NEW_YORK_0930,US30,LONG,1710336600,2024-03-13T13:30:00,1710336900,2024-03-13T13:35:00,1710337320,2024-03-13T13:42:00,-3.2000000000043656,7.200000000004366,0.13,0.9360000000005676,39031.3,39032.5,39043.3,39044.600000000006,1.2,TAKE,1.4999999999994948,1.4040000000003785,0.156,1.2480000000003786,47.55674999999875,48.96074999999913,3.4107499999987585,4.658749999999137
OPEN_FADE_5M,166,NEW_YORK_0930,US100,LONG,1710336600,2024-03-13T13:30:00,1710336900,2024-03-13T13:35:00,1710337500,2024-03-13T13:45:00,-4.75,7.349999999998545,0.12,0.8819999999998254,18187.85,18189.25,18200.274999999998,18201.675,1.4000000000000001,TAKE,1.4999999999999998,1.322999999999738,0.168,1.154999999999738,48.96074999999913,50.28374999999887,4.658749999999137,5.813749999998875
OPEN_FADE_5M,167,NEW_YORK_0930,US100,LONG,1710423000,2024-03-14T13:30:00,1710423300,2024-03-14T13:35:00,1710423420,2024-03-14T13:37:00,-1.2999999999992724,3.400000000001455,0.29,0.986000000000422,18151.55,18152.95,18149.55,18150.95,1.4000000000000001,STOP_ADVERSE_FIRST,-1.0,-0.986000000000422,0.406,-1.392000000000422,50.28374999999887,49.297749999998445,5.813749999998875,4.421749999998453
OPEN_FADE_5M,168,NEW_YORK_0930,US30,LONG,1710423000,2024-03-14T13:30:00,1710423300,2024-03-14T13:35:00,1710423420,2024-03-14T13:37:00,-0.09999999999854481,3.7999999999956344,0.26,0.987999999998865,39145.1,39146.299999999996,39142.5,39143.7,1.2,STOP_ADVERSE_FIRST,-1.0,-0.987999999998865,0.312,-1.299999999998865,49.297749999998445,48.30974999999958,4.421749999998453,3.1217499999995884
OPEN_FADE_5M,169,LONDON_0800,US100,SHORT,1710489600,2024-03-15T08:00:00,1710489900,2024-03-15T08:05:00,1710490020,2024-03-15T08:07:00,0.8499999999985448,3.850000000002183,0.25,0.9625000000005457,17978.0,17979.4,17980.45,17981.850000000002,1.4000000000000001,STOP_ADVERSE_FIRST,-1.0,-0.9625000000005457,0.35000000000000003,-1.3125000000005458,48.30974999999958,47.347249999999036,3.1217499999995884,1.8092499999990426
OPEN_FADE_5M,170,NEW_YORK_0930,US100,SHORT,1710509400,2024-03-15T13:30:00,1710509700,2024-03-15T13:35:00,1710511800,2024-03-15T14:10:00,10.900000000001455,12.799999999999272,0.07,0.8959999999999492,18064.95,18066.350000000002,18044.35,18045.75,1.4000000000000001,TAKE,1.500000000000142,1.3440000000000512,0.09800000000000002,1.246000000000051,47.347249999999036,48.69124999999909,1.8092499999990426,3.0552499999990936
OPEN_FADE_5M,171,NEW_YORK_0930,US30,SHORT,1710509400,2024-03-15T13:30:00,1710509700,2024-03-15T13:35:00,1710511920,2024-03-15T14:12:00,6.0,8.400000000001455,0.11,0.92400000000016,38961.9,38963.200000000004,38969.100000000006,38970.3,1.2,STOP_ADVERSE_FIRST,-1.0,-0.92400000000016,0.132,-1.05600000000016,48.69124999999909,47.767249999998924,3.0552499999990936,1.9992499999989337
OPEN_FADE_5M,172,NEW_YORK_0930,US30,LONG,1710768600,2024-03-18T13:30:00,1710768900,2024-03-18T13:35:00,1710769200,2024-03-18T13:40:00,-6.0,15.39999999999418,0.06,0.9239999999996508,38693.9,38695.200000000004,38679.80000000001,38679.80000000001,1.3,STOP_ADVERSE_FIRST,-1.0,-0.9239999999996508,0.078,-1.0019999999996507,47.767249999998924,46.84324999999927,1.9992499999989337,0.997249999999283
OPEN_FADE_5M,173,NEW_YORK_0930,US100,SHORT,1710768600,2024-03-18T13:30:00,1710768900,2024-03-18T13:35:00,1710769320,2024-03-18T13:42:00,1.2000000000007276,9.350000000002183,0.1,0.9350000000002183,17939.4,17940.800000000003,17947.350000000002,17948.750000000004,1.4000000000000001,STOP_ADVERSE_FIRST,-1.0,-0.9350000000002183,0.14,-1.0750000000002182,46.84324999999927,45.90824999999906,0.997249999999283,-0.07775000000093524
OPEN_FADE_5M,174,LONDON_0800,US30,LONG,1710835200,2024-03-19T08:00:00,1710835500,2024-03-19T08:05:00,1710835560,2024-03-19T08:06:00,-4.099999999998545,5.69999999999709,0.16,0.9119999999995344,38774.5,38775.8,38770.100000000006,38771.40000000001,1.3,STOP_ADVERSE_FIRST,-1.0,-0.9119999999995344,0.20800000000000002,-1.1199999999995345,45.90824999999906,44.99624999999952,-0.07775000000093524,-1.1977500000004697
OPEN_FADE_5M,175,LONDON_0800,US100,LONG,1710835200,2024-03-19T08:00:00,1710835500,2024-03-19T08:05:00,1710835620,2024-03-19T08:07:00,-6.94999999999709,8.450000000000728,0.1,0.8450000000000728,17932.85,17934.25,17925.8,17927.2,1.4000000000000001,STOP_ADVERSE_FIRST,-1.0,-0.8450000000000728,0.14,-0.9850000000000728,44.99624999999952,44.15124999999945,-1.1977500000004697,-2.1827500000005426
OPEN_FADE_5M,176,NEW_YORK_0930,US100,SHORT,1710855000,2024-03-19T13:30:00,1710855300,2024-03-19T13:35:00,1710855300,2024-03-19T13:35:00,1.1999999999970896,5.799999999999272,0.15,0.8699999999998909,17937.25,17938.65,17941.649999999998,17943.05,1.4000000000000001,STOP_ADVERSE_FIRST,-1.0,-0.8699999999998909,0.21000000000000002,-1.0799999999998908,44.15124999999945,43.28124999999956,-2.1827500000005426,-3.2627500000004335
OPEN_FADE_5M,177,NEW_YORK_0930,US30,LONG,1710855000,2024-03-19T13:30:00,1710855300,2024-03-19T13:35:00,1710856020,2024-03-19T13:47:00,-2.8999999999941792,7.700000000004366,0.11,0.8470000000004803,38751.7,38752.899999999994,38745.19999999999,38746.39999999999,1.2,STOP_ADVERSE_FIRST,-1.0,-0.8470000000004803,0.132,-0.9790000000004803,43.28124999999956,42.43424999999908,-3.2627500000004335,-4.241750000000914
OPEN_FADE_5M,178,NEW_YORK_0930,US30,LONG,1710941400,2024-03-20T13:30:00,1710941700,2024-03-20T13:35:00,1710943380,2024-03-20T14:03:00,-8.799999999995634,10.30000000000291,0.08,0.8240000000002329,39068.5,39069.7,39085.15,39086.35,1.2,TAKE,1.5,1.2360000000003493,0.096,1.1400000000003492,42.43424999999908,43.670249999999434,-4.241750000000914,-3.1017500000005644
OPEN_FADE_5M,179,NEW_YORK_0930,US100,SHORT,1710941400,2024-03-20T13:30:00,1710941700,2024-03-20T13:35:00,1710944100,2024-03-20T14:15:00,24.650000000001455,32.150000000001455,0.02,0.6430000000000291,18035.55,18036.95,18066.3,18067.7,1.4000000000000001,STOP_ADVERSE_FIRST,-1.0,-0.6430000000000291,0.028000000000000004,-0.6710000000000291,43.670249999999434,43.027249999999405,-3.1017500000005644,-3.7727500000005936
OPEN_FADE_5M,180,LONDON_0800,US30,LONG,1711008000,2024-03-21T08:00:00,1711008300,2024-03-21T08:05:00,1711010040,2024-03-21T08:34:00,-3.8000000000029104,4.69999999999709,0.18,0.8459999999994761,39642.7,39644.0,39651.049999999996,39652.35,1.3,TAKE,1.5,1.268999999999214,0.23399999999999999,1.034999999999214,43.027249999999405,44.29624999999862,-3.7727500000005936,-2.7377500000013795
OPEN_FADE_5M,181,LONDON_0800,US100,LONG,1711008000,2024-03-21T08:00:00,1711008300,2024-03-21T08:05:00,1711010220,2024-03-21T08:37:00,-2.900000000001455,4.899999999997817,0.17,0.832999999999629,18346.4,18347.800000000003,18355.15,18356.550000000003,1.4000000000000001,TAKE,1.500000000000371,1.2494999999997527,0.23800000000000004,1.0114999999997527,44.29624999999862,45.54574999999838,-2.7377500000013795,-1.7262500000016268
OPEN_FADE_5M,182,NEW_YORK_0930,US30,LONG,1711027800,2024-03-21T13:30:00,1711028100,2024-03-21T13:35:00,1711028220,2024-03-21T13:37:00,-1.9000000000014552,7.80000000000291,0.11,0.8580000000003202,39618.2,39619.5,39611.7,39613.0,1.3,STOP_ADVERSE_FIRST,-1.0,-0.8580000000003202,0.14300000000000002,-1.00100000000032,45.54574999999838,44.68774999999806,-1.7262500000016268,-2.7272500000019466
OPEN_FADE_5M,183,NEW_YORK_0930,US100,SHORT,1711027800,2024-03-21T13:30:00,1711028100,2024-03-21T13:35:00,1711028280,2024-03-21T13:38:00,1.5999999999985448,3.7000000000007276,0.24,0.8880000000001745,18354.55,18355.95,18347.6,18349.0,1.4000000000000001,TAKE,1.4999999999995084,1.3319999999998253,0.336,0.9959999999998252,44.68774999999806,46.019749999997885,-2.7272500000019466,-1.7312500000021214
OPEN_FADE_5M,184,LONDON_0800,US30,SHORT,1711094400,2024-03-22T08:00:00,1711094700,2024-03-22T08:05:00,1711095120,2024-03-22T08:12:00,3.400000000001455,4.400000000001455,0.2,0.8800000000002911,39814.1,39815.299999999996,39817.3,39818.5,1.2,STOP_ADVERSE_FIRST,-1.0,-0.8800000000002911,0.24,-1.120000000000291,46.019749999997885,45.13974999999759,-1.7312500000021214,-2.8512500000024126
OPEN_FADE_5M,185,LONDON_0800,US100,SHORT,1711094400,2024-03-22T08:00:00,1711094700,2024-03-22T08:05:00,1711095360,2024-03-22T08:16:00,0.3999999999978172,5.849999999998545,0.15,0.8774999999997817,18329.05,18330.45,18333.499999999996,18334.899999999998,1.4000000000000001,STOP_ADVERSE_FIRST,-1.0,-0.8774999999997817,0.21000000000000002,-1.0874999999997816,45.13974999999759,44.262249999997806,-2.8512500000024126,-3.9387500000021944
OPEN_FADE_5M,186,NEW_YORK_0930,US30,LONG,1711114200,2024-03-22T13:30:00,1711114500,2024-03-22T13:35:00,1711114800,2024-03-22T13:40:00,-3.099999999998545,7.600000000005821,0.11,0.8360000000006403,39827.8,39829.0,39840.40000000001,39841.600000000006,1.2,TAKE,1.4999999999999998,1.2540000000009603,0.132,1.1220000000009605,44.262249999997806,45.51624999999876,-3.9387500000021944,-2.816750000001234
OPEN_FADE_5M,187,NEW_YORK_0930,US100,LONG,1711114200,2024-03-22T13:30:00,1711114500,2024-03-22T13:35:00,1711115280,2024-03-22T13:48:00,-2.7999999999992724,6.150000000001455,0.14,0.8610000000002038,18334.2,18335.600000000002,18344.825000000004,18346.225000000006,1.4000000000000001,TAKE,1.4999999999999998,1.2915000000003056,0.19600000000000004,1.0955000000003057,45.51624999999876,46.80774999999907,-2.816750000001234,-1.7212500000009283
OPEN_FADE_5M,188,LONDON_0800,US30,SHORT,1711353600,2024-03-25T08:00:00,1711353900,2024-03-25T08:05:00,1711354680,2024-03-25T08:18:00,4.900000000001455,9.299999999995634,0.1,0.9299999999995635,39410.1,39411.4,39395.350000000006,39396.15000000001,0.8,TAKE,1.4999999999996088,1.3949999999989815,0.08000000000000002,1.3149999999989814,46.80774999999907,48.20274999999805,-1.7212500000009283,-0.4062500000019469
OPEN_FADE_5M,189,LONDON_0800,US100,SHORT,1711353600,2024-03-25T08:00:00,1711353900,2024-03-25T08:05:00,1711355940,2024-03-25T08:39:00,2.4500000000007276,9.549999999999272,0.09,0.8594999999999345,18328.2,18329.600000000002,18312.475,18313.875,1.4000000000000001,TAKE,1.5000000000001905,1.2892500000000655,0.126,1.1632500000000654,48.20274999999805,49.491999999998114,-0.4062500000019469,0.7569999999981185
OPEN_FADE_5M,190,NEW_YORK_0930,US100,LONG,1711373400,2024-03-25T13:30:00,1711373700,2024-03-25T13:35:00,1711374420,2024-03-25T13:47:00,-2.649999999997817,7.450000000000728,0.13,0.9685000000000946,18268.3,18269.7,18262.25,18263.65,1.4000000000000001,STOP_ADVERSE_FIRST,-1.0,-0.9685000000000946,0.18200000000000002,-1.1505000000000947,49.491999999998114,48.52349999999802,0.7569999999981185,-0.39350000000197616
OPEN_FADE_5M,191,NEW_YORK_0930,US30,SHORT,1711373400,2024-03-25T13:30:00,1711373700,2024-03-25T13:35:00,1711375200,2024-03-25T14:00:00,5.5,6.19999999999709,0.15,0.9299999999995634,39394.4,39395.700000000004,39399.4,39400.6,1.2,STOP_ADVERSE_FIRST,-1.0,-0.9299999999995634,0.18,-1.1099999999995633,48.52349999999802,47.59349999999846,-0.39350000000197616,-1.5035000000015395
OPEN_FADE_5M,192,NEW_YORK_0930,US30,SHORT,1711459800,2024-03-26T13:30:00,1711460100,2024-03-26T13:35:00,1711460160,2024-03-26T13:36:00,4.200000000004366,7.400000000001455,0.12,0.8880000000001745,39413.7,39415.0,39419.9,39421.1,1.2,STOP_ADVERSE_FIRST,-1.0,-0.8880000000001745,0.144,-1.0320000000001746,47.59349999999846,46.70549999999828,-1.5035000000015395,-2.535500000001714
OPEN_FADE_5M,193,NEW_YORK_0930,US100,LONG,1711459800,2024-03-26T13:30:00,1711460100,2024-03-26T13:35:00,1711461780,2024-03-26T14:03:00,-2.7000000000007276,6.349999999998545,0.14,0.8889999999997964,18365.85,18367.25,18376.774999999998,18378.175,1.4000000000000001,TAKE,1.5,1.3334999999996946,0.19600000000000004,1.1374999999996946,46.70549999999828,48.038999999997976,-2.535500000001714,-1.3980000000020194
OPEN_FADE_5M,194,NEW_YORK_0930,US30,SHORT,1711546200,2024-03-27T13:30:00,1711546500,2024-03-27T13:35:00,1711547280,2024-03-27T13:48:00,2.0,6.299999999995634,0.15,0.9449999999993451,39456.8,39458.0,39461.799999999996,39463.1,1.3,STOP_ADVERSE_FIRST,-1.0,-0.9449999999993451,0.195,-1.139999999999345,48.038999999997976,47.09399999999863,-1.3980000000020194,-2.5380000000013645
OPEN_FADE_5M,195,NEW_YORK_0930,US100,LONG,1711546200,2024-03-27T13:30:00,1711546500,2024-03-27T13:35:00,1711547460,2024-03-27T13:51:00,-2.9500000000007276,4.950000000000728,0.19,0.9405000000001382,18297.95,18299.350000000002,18306.775,18308.175000000003,1.4000000000000001,TAKE,1.4999999999996327,1.4107499999998618,0.266,1.1447499999998618,47.09399999999863,48.504749999998495,-2.5380000000013645,-1.3932500000015027
OPEN_FADE_5M,196,NEW_YORK_0930,US100,LONG,1711632600,2024-03-28T13:30:00,1711632900,2024-03-28T13:35:00,1711633020,2024-03-28T13:37:00,-0.4000000000014552,7.350000000002183,0.13,0.9555000000002838,18272.1,18273.5,18266.149999999998,18267.55,1.4000000000000001,STOP_ADVERSE_FIRST,-1.0,-0.9555000000002838,0.18200000000000002,-1.1375000000002837,48.504749999998495,47.54924999999821,-1.3932500000015027,-2.5307500000017864
OPEN_FADE_5M,197,NEW_YORK_0930,US30,SHORT,1711632600,2024-03-28T13:30:00,1711632900,2024-03-28T13:35:00,1711636260,2024-03-28T14:31:00,2.0,12.69999999999709,0.07,0.8889999999997964,39769.9,39771.1,39749.75000000001,39750.850000000006,1.1,TAKE,1.5,1.3334999999996946,0.07700000000000001,1.2564999999996946,47.54924999999821,48.882749999997905,-2.5307500000017864,-1.2742500000020918
OPEN_FADE_5M,198,NEW_YORK_0930,US30,SHORT,1711978200,2024-04-01T13:30:00,1711978500,2024-04-01T13:35:00,1711978680,2024-04-01T13:38:00,1.7999999999956344,6.0,0.16,0.96,39919.7,39921.0,39924.5,39925.7,1.2,STOP_ADVERSE_FIRST,-1.0,-0.96,0.192,-1.152,48.882749999997905,47.922749999997905,-1.2742500000020918,-2.4262500000020917
OPEN_FADE_5M,199,NEW_YORK_0930,US100,SHORT,1711978200,2024-04-01T13:30:00,1711978500,2024-04-01T13:35:00,1711980120,2024-04-01T14:02:00,1.0,6.049999999999272,0.16,0.9679999999998836,18354.9,18356.300000000003,18345.275000000005,18345.825000000004,0.55,TAKE,1.4999999999996994,1.4519999999995343,0.08800000000000001,1.3639999999995343,47.922749999997905,49.37474999999744,-2.4262500000020917,-1.0622500000025574
OPEN_FADE_5M,200,LONDON_0800,US30,LONG,1712041200,2024-04-02T07:00:00,1712041500,2024-04-02T07:05:00,1712041620,2024-04-02T07:07:00,-0.9000000000014552,4.5,0.21,0.945,39420.9,39422.200000000004,39417.700000000004,39419.00000000001,1.3,STOP_ADVERSE_FIRST,-1.0,-0.945,0.273,-1.218,49.37474999999744,48.42974999999744,-1.0622500000025574,-2.2802500000025576
OPEN_FADE_5M,201,LONDON_0800,US100,LONG,1712041200,2024-04-02T07:00:00,1712041500,2024-04-02T07:05:00,1712042160,2024-04-02T07:16:00,-1.7999999999992724,4.700000000000728,0.21,0.9870000000001528,18262.2,18263.600000000002,18258.9,18260.300000000003,1.4000000000000001,STOP_ADVERSE_FIRST,-1.0,-0.9870000000001528,0.29400000000000004,-1.281000000000153,48.42974999999744,47.44274999999729,-2.2802500000025576,-3.5612500000027105
OPEN_FADE_5M,202,NEW_YORK_0930,US100,SHORT,1712064600,2024-04-02T13:30:00,1712064900,2024-04-02T13:35:00,1712065140,2024-04-02T13:39:00,0.9000000000014552,7.100000000002183,0.13,0.9230000000002838,18238.35,18239.75,18226.85,18227.699999999997,0.85,TAKE,1.4999999999997438,1.3845000000001892,0.1105,1.2740000000001892,47.44274999999729,48.82724999999748,-3.5612500000027105,-2.2872500000025213
OPEN_FADE_5M,203,NEW_YORK_0930,US30,SHORT,1712064600,2024-04-02T13:30:00,1712064900,2024-04-02T13:35:00,1712065140,2024-04-02T13:39:00,6.0,11.200000000004366,0.08,0.8960000000003493,39425.8,39427.0,39408.5,39409.0,0.5,TAKE,1.4999999999996751,1.3440000000002328,0.04,1.3040000000002328,48.82724999999748,50.17124999999771,-2.2872500000025213,-0.9832500000022886
OPEN_FADE_5M,204,LONDON_0800,US100,SHORT,1712127600,2024-04-03T07:00:00,1712127900,2024-04-03T07:05:00,1712128620,2024-04-03T07:17:00,1.75,3.75,0.26,0.9750000000000001,18097.2,18098.600000000002,18090.175,18091.575,1.4000000000000001,TAKE,1.5,1.4625000000000001,0.36400000000000005,1.0985,50.17124999999771,51.63374999999771,-0.9832500000022886,0.11524999999771146
OPEN_FADE_5M,205,LONDON_0800,US30,SHORT,1712127600,2024-04-03T07:00:00,1712127900,2024-04-03T07:05:00,1712128680,2024-04-03T07:18:00,2.599999999998545,5.599999999998545,0.17,0.9519999999997527,39127.2,39128.5,39117.5,39118.8,1.3,TAKE,1.4999999999993503,1.4279999999990105,0.22100000000000003,1.2069999999990104,51.63374999999771,53.06174999999672,0.11524999999771146,1.3222499999967219
OPEN_FADE_5M,206,NEW_YORK_0930,US30,LONG,1712151000,2024-04-03T13:30:00,1712151300,2024-04-03T13:35:00,1712152800,2024-04-03T14:00:00,-1.4000000000014552,11.099999999998545,0.09,0.998999999999869,39137.9,39139.200000000004,39155.850000000006,39157.05,1.3,TAKE,1.5000000000003277,1.498500000000131,0.11699999999999999,1.381500000000131,53.06174999999672,54.56024999999685,1.3222499999967219,2.7037499999968526
OPEN_FADE_5M,207,NEW_YORK_0930,US100,LONG,1712151000,2024-04-03T13:30:00,1712151300,2024-04-03T13:35:00,1712153040,2024-04-03T14:04:00,-3.399999999997817,14.25,0.07,0.9975,18048.8,18050.2,18071.575,18072.975000000002,1.4000000000000001,TAKE,1.5,1.49625,0.09800000000000002,1.39825,54.56024999999685,56.05649999999685,2.7037499999968526,4.101999999996853
OPEN_FADE_5M,208,LONDON_0800,US30,SHORT,1712214000,2024-04-04T07:00:00,1712214300,2024-04-04T07:05:00,1712215080,2024-04-04T07:18:00,2.5,6.599999999998545,0.16,1.0559999999997671,39187.0,39188.3,39192.299999999996,39193.6,1.3,STOP_ADVERSE_FIRST,-1.0,-1.0559999999997671,0.20800000000000002,-1.263999999999767,56.05649999999685,55.00049999999708,4.101999999996853,2.8379999999970855
OPEN_FADE_5M,209,LONDON_0800,US100,SHORT,1712214000,2024-04-04T07:00:00,1712214300,2024-04-04T07:05:00,1712216520,2024-04-04T07:42:00,1.4500000000007276,6.349999999998545,0.17,1.0794999999997528,18242.75,18244.15,18247.699999999997,18249.1,1.4000000000000001,STOP_ADVERSE_FIRST,-1.0,-1.0794999999997528,0.23800000000000004,-1.3174999999997528,55.00049999999708,53.92099999999733,2.8379999999970855,1.5204999999973328
OPEN_FADE_5M,210,NEW_YORK_0930,US100,LONG,1712237400,2024-04-04T13:30:00,1712237700,2024-04-04T13:35:00,1712237760,2024-04-04T13:36:00,-5.349999999998545,5.5,0.19,1.045,18236.6,18237.949999999997,18232.449999999997,18233.85,1.35,STOP_ADVERSE_FIRST,-1.0,-1.045,0.2565,-1.3014999999999999,53.92099999999733,52.875999999997326,1.5204999999973328,0.21899999999733288
OPEN_FADE_5M,211,NEW_YORK_0930,US30,LONG,1712237400,2024-04-04T13:30:00,1712237700,2024-04-04T13:35:00,1712238600,2024-04-04T13:50:00,-5.200000000004366,10.30000000000291,0.1,1.0300000000002911,39221.4,39222.6,39238.05,39239.350000000006,1.2,TAKE,1.5,1.5450000000004367,0.12,1.4250000000004368,52.875999999997326,54.42099999999776,0.21899999999733288,1.6439999999977697
OPEN_FADE_5M,212,LONDON_0800,US100,LONG,1712300400,2024-04-05T07:00:00,1712300700,2024-04-05T07:05:00,1712304240,2024-04-05T08:04:00,-5.0,9.600000000002183,0.11,1.05600000000024,17901.1,17902.5,17910.7,17912.100000000002,1.4000000000000001,TIME_60_M1,0.8541666666665483,0.9020000000000801,0.15400000000000003,0.74800000000008,54.42099999999776,55.32299999999784,1.6439999999977697,2.3919999999978496
OPEN_FADE_5M,213,LONDON_0800,US30,LONG,1712300400,2024-04-05T07:00:00,1712300700,2024-04-05T07:05:00,1712304240,2024-04-05T08:04:00,-8.60000000000582,9.60000000000582,0.11,1.0560000000006402,38606.3,38607.600000000006,38613.5,38614.8,1.3,TIME_60_M1,0.6145833333323545,0.6489999999993598,0.14300000000000002,0.5059999999993597,55.32299999999784,55.9719999999972,2.3919999999978496,2.8979999999972095
OPEN_FADE_5M,214,NEW_YORK_0930,US100,SHORT,1712323800,2024-04-05T13:30:00,1712324100,2024-04-05T13:35:00,1712324220,2024-04-05T13:37:00,1.4500000000007276,8.799999999999272,0.12,1.0559999999999126,17925.6,17927.0,17932.999999999996,17934.399999999998,1.4000000000000001,STOP_ADVERSE_FIRST,-1.0,-1.0559999999999126,0.168,-1.2239999999999125,55.9719999999972,54.91599999999729,2.8979999999972095,1.673999999997297
OPEN_FADE_5M,215,NEW_YORK_0930,US30,SHORT,1712323800,2024-04-05T13:30:00,1712324100,2024-04-05T13:35:00,1712324280,2024-04-05T13:38:00,4.200000000004366,12.700000000004366,0.08,1.0160000000003493,38638.7,38640.0,38650.1,38651.4,1.3,STOP_ADVERSE_FIRST,-1.0,-1.0160000000003493,0.10400000000000001,-1.1200000000003494,54.91599999999729,53.89999999999694,1.673999999997297,0.5539999999969476
OPEN_FADE_5M,216,LONDON_0800,US100,SHORT,1712559600,2024-04-08T07:00:00,1712559900,2024-04-08T07:05:00,1712560020,2024-04-08T07:07:00,1.9500000000007276,4.0,0.26,1.04,18088.0,18089.4,18090.6,18092.0,1.4000000000000001,STOP_ADVERSE_FIRST,-1.0,-1.04,0.36400000000000005,-1.4040000000000001,53.89999999999694,52.859999999996944,0.5539999999969476,-0.8500000000030525
OPEN_FADE_5M,217,LONDON_0800,US30,SHORT,1712559600,2024-04-08T07:00:00,1712559900,2024-04-08T07:05:00,1712560020,2024-04-08T07:07:00,1.8000000000029104,5.600000000005821,0.19,1.064000000001106,38877.3,38878.600000000006,38881.600000000006,38882.90000000001,1.3,STOP_ADVERSE_FIRST,-1.0,-1.064000000001106,0.24700000000000003,-1.3110000000011062,52.859999999996944,51.795999999995836,-0.8500000000030525,-2.161000000004159
OPEN_FADE_5M,218,NEW_YORK_0930,US100,LONG,1712583000,2024-04-08T13:30:00,1712583300,2024-04-08T13:35:00,1712583420,2024-04-08T13:37:00,-4.299999999999272,7.100000000002183,0.14,0.9940000000003056,18096.75,18098.15,18091.05,18092.45,1.4000000000000001,STOP_ADVERSE_FIRST,-1.0,-0.9940000000003056,0.19600000000000004,-1.1900000000003057,51.795999999995836,50.80199999999553,-2.161000000004159,-3.351000000004465
OPEN_FADE_5M,219,NEW_YORK_0930,US30,LONG,1712583000,2024-04-08T13:30:00,1712583300,2024-04-08T13:35:00,1712583420,2024-04-08T13:37:00,-2.400000000001455,9.10000000000582,0.11,1.0010000000006403,38885.0,38886.2,38877.09999999999,38878.29999999999,1.2,STOP_ADVERSE_FIRST,-1.0,-1.0010000000006403,0.132,-1.1330000000006404,50.80199999999553,49.80099999999489,-3.351000000004465,-4.484000000005105
OPEN_FADE_5M,220,LONDON_0800,US100,LONG,1712646000,2024-04-09T07:00:00,1712646300,2024-04-09T07:05:00,1712646780,2024-04-09T07:13:00,-0.6500000000014552,1.6000000000021828,0.62,0.9920000000013534,18105.9,18107.300000000003,18109.700000000004,18111.100000000006,1.4000000000000001,TAKE,1.4999999999988631,1.4880000000009022,0.8680000000000001,0.620000000000902,49.80099999999489,51.288999999995795,-4.484000000005105,-3.864000000004203
OPEN_FADE_5M,221,LONDON_0800,US30,LONG,1712646000,2024-04-09T07:00:00,1712646300,2024-04-09T07:05:00,1712646780,2024-04-09T07:13:00,-2.0,2.599999999998545,0.38,0.987999999999447,38886.6,38887.9,38891.8,38893.0,1.3,TAKE,1.5000000000013993,1.482000000000553,0.49400000000000005,0.9880000000005531,51.288999999995795,52.77099999999635,-3.864000000004203,-2.87600000000365
OPEN_FADE_5M,222,NEW_YORK_0930,US100,LONG,1712669400,2024-04-09T13:30:00,1712669700,2024-04-09T13:35:00,1712672100,2024-04-09T14:15:00,-20.450000000000728,30.55000000000291,0.03,0.9165000000000872,18083.9,18085.300000000003,18131.125000000007,18132.52500000001,1.4000000000000001,TAKE,1.5,1.374750000000131,0.042,1.3327500000001309,52.77099999999635,54.14574999999648,-2.87600000000365,-1.543250000003519
OPEN_FADE_5M,223,NEW_YORK_0930,US30,LONG,1712669400,2024-04-09T13:30:00,1712669700,2024-04-09T13:35:00,1712673240,2024-04-09T14:34:00,-27.400000000001455,35.099999999998545,0.03,1.0529999999999564,38866.0,38867.2,38888.1,38889.299999999996,1.2,TIME_60_M1,0.5954415954416615,0.6270000000000436,0.036,0.5910000000000436,54.14574999999648,54.77274999999653,-1.543250000003519,-0.9522500000034754
OPEN_FADE_5M,224,NEW_YORK_0930,US100,SHORT,1712755800,2024-04-10T13:30:00,1712756100,2024-04-10T13:35:00,1712757240,2024-04-10T13:54:00,5.399999999997817,12.799999999999272,0.08,1.0239999999999418,18162.6,18164.0,18173.999999999996,18175.399999999998,1.4000000000000001,STOP_ADVERSE_FIRST,-1.0,-1.0239999999999418,0.11200000000000002,-1.135999999999942,54.77274999999653,53.74874999999658,-0.9522500000034754,-2.088250000003417
OPEN_FADE_5M,225,NEW_YORK_0930,US30,SHORT,1712842200,2024-04-11T13:30:00,1712842500,2024-04-11T13:35:00,1712844540,2024-04-11T14:09:00,7.0,17.80000000000291,0.06,1.0680000000001746,38373.7,38374.799999999996,38345.799999999996,38346.99999999999,1.2,TAKE,1.5,1.6020000000002619,0.072,1.5300000000002618,53.74874999999658,55.35074999999684,-2.088250000003417,-0.5582500000031554
OPEN_FADE_5M,226,NEW_YORK_0930,US100,LONG,1712928600,2024-04-12T13:30:00,1712928900,2024-04-12T13:35:00,1712928960,2024-04-12T13:36:00,-2.25,6.200000000000728,0.17,1.0540000000001237,18227.7,18229.100000000002,18222.9,18224.300000000003,1.4000000000000001,STOP_ADVERSE_FIRST,-1.0,-1.0540000000001237,0.23800000000000004,-1.2920000000001237,55.35074999999684,54.29674999999672,-0.5582500000031554,-1.850250000003279
OPEN_FADE_5M,227,NEW_YORK_0930,US30,LONG,1712928600,2024-04-12T13:30:00,1712928900,2024-04-12T13:35:00,1712929560,2024-04-12T13:46:00,-6.80000000000291,10.60000000000582,0.1,1.060000000000582,38478.3,38479.5,38468.899999999994,38470.09999999999,1.2,STOP_ADVERSE_FIRST,-1.0,-1.060000000000582,0.12,-1.180000000000582,54.29674999999672,53.236749999996135,-1.850250000003279,-3.030250000003861
OPEN_FADE_5M,228,LONDON_0800,US30,SHORT,1713164400,2024-04-15T07:00:00,1713164700,2024-04-15T07:05:00,1713166200,2024-04-15T07:30:00,4.099999999998545,8.299999999995634,0.12,0.9959999999994761,38064.6,38065.9,38071.59999999999,38072.899999999994,1.3,STOP_ADVERSE_FIRST,-1.0,-0.9959999999994761,0.156,-1.151999999999476,53.236749999996135,52.24074999999666,-3.030250000003861,-4.182250000003338
OPEN_FADE_5M,229,LONDON_0800,US100,SHORT,1713164400,2024-04-15T07:00:00,1713164700,2024-04-15T07:05:00,1713166800,2024-04-15T07:40:00,4.150000000001455,4.30000000000291,0.24,1.0320000000006984,18057.8,18059.2,18060.7,18062.100000000002,1.4000000000000001,STOP_ADVERSE_FIRST,-1.0,-1.0320000000006984,0.336,-1.3680000000006984,52.24074999999666,51.20874999999596,-4.182250000003338,-5.550250000004036
OPEN_FADE_5M,230,NEW_YORK_0930,US30,SHORT,1713187800,2024-04-15T13:30:00,1713188100,2024-04-15T13:35:00,1713189120,2024-04-15T13:52:00,11.5,17.5,0.05,0.875,38074.7,38075.899999999994,38091.1,38092.2,1.1,STOP_ADVERSE_FIRST,-1.0,-0.875,0.05500000000000001,-0.93,51.20874999999596,50.33374999999596,-5.550250000004036,-6.480250000004036
OPEN_FADE_5M,231,NEW_YORK_0930,US100,SHORT,1713187800,2024-04-15T13:30:00,1713188100,2024-04-15T13:35:00,1713189180,2024-04-15T13:53:00,9.0,11.450000000000728,0.08,0.9160000000000582,18098.35,18099.75,18108.55,18109.8,1.25,STOP_ADVERSE_FIRST,-1.0,-0.9160000000000582,0.1,-1.0160000000000582,50.33374999999596,49.4177499999959,-6.480250000004036,-7.496250000004094
OPEN_FADE_5M,232,LONDON_0800,US100,LONG,1713250800,2024-04-16T07:00:00,1713251100,2024-04-16T07:05:00,1713251760,2024-04-16T07:16:00,-6.799999999999272,7.25,0.13,0.9425,17670.7,17672.100000000002,17664.850000000002,17666.250000000004,1.4000000000000001,STOP_ADVERSE_FIRST,-1.0,-0.9425,0.18200000000000002,-1.1245,49.4177499999959,48.475249999995896,-7.496250000004094,-8.620750000004094
OPEN_FADE_5M,233,LONDON_0800,US30,LONG,1713250800,2024-04-16T07:00:00,1713251100,2024-04-16T07:05:00,1713252720,2024-04-16T07:32:00,-6.700000000004366,9.80000000000291,0.1,0.9800000000002911,37648.4,37649.700000000004,37639.9,37641.1,1.3,STOP_ADVERSE_FIRST,-1.0,-0.9800000000002911,0.13,-1.1100000000002912,48.475249999995896,47.49524999999561,-8.620750000004094,-9.730750000004385
OPEN_FADE_5M,234,NEW_YORK_0930,US30,SHORT,1713274200,2024-04-16T13:30:00,1713274500,2024-04-16T13:35:00,1713274680,2024-04-16T13:38:00,23.400000000001455,43.099999999998545,0.02,0.8619999999999709,37812.1,37812.9,37854.0,37855.2,1.2,STOP_ADVERSE_FIRST,-1.0,-0.8619999999999709,0.024,-0.8859999999999709,47.49524999999561,46.633249999995634,-9.730750000004385,-10.616750000004355
OPEN_FADE_5M,235,NEW_YORK_0930,US100,SHORT,1713274200,2024-04-16T13:30:00,1713274500,2024-04-16T13:35:00,1713276420,2024-04-16T14:07:00,29.0,38.75,0.02,0.775,17667.35,17668.75,17704.699999999997,17706.1,1.4000000000000001,STOP_ADVERSE_FIRST,-1.0,-0.775,0.028000000000000004,-0.803,46.633249999995634,45.858249999995635,-10.616750000004355,-11.419750000004356
OPEN_FADE_5M,236,LONDON_0800,US30,LONG,1713337200,2024-04-17T07:00:00,1713337500,2024-04-17T07:05:00,1713337860,2024-04-17T07:11:00,-5.30000000000291,7.5,0.12,0.8999999999999999,37877.8,37879.100000000006,37871.600000000006,37872.700000000004,1.3,STOP_ADVERSE_FIRST,-1.0,-0.8999999999999999,0.156,-1.0559999999999998,45.858249999995635,44.95824999999564,-11.419750000004356,-12.475750000004355
OPEN_FADE_5M,237,LONDON_0800,US100,LONG,1713337200,2024-04-17T07:00:00,1713337500,2024-04-17T07:05:00,1713339300,2024-04-17T07:35:00,-1.5499999999992724,4.600000000002183,0.19,0.8740000000004148,17761.4,17762.800000000003,17758.2,17759.600000000002,1.4000000000000001,STOP_ADVERSE_FIRST,-1.0,-0.8740000000004148,0.266,-1.140000000000415,44.95824999999564,44.08424999999522,-12.475750000004355,-13.61575000000477
OPEN_FADE_5M,238,NEW_YORK_0930,US100,SHORT,1713360600,2024-04-17T13:30:00,1713360900,2024-04-17T13:35:00,1713361620,2024-04-17T13:47:00,2.25,9.100000000002183,0.09,0.8190000000001965,17764.9,17766.300000000003,17772.600000000002,17774.000000000004,1.4000000000000001,STOP_ADVERSE_FIRST,-1.0,-0.8190000000001965,0.126,-0.9450000000001965,44.08424999999522,43.26524999999503,-13.61575000000477,-14.560750000004965
OPEN_FADE_5M,239,NEW_YORK_0930,US30,SHORT,1713360600,2024-04-17T13:30:00,1713360900,2024-04-17T13:35:00,1713362820,2024-04-17T14:07:00,14.099999999998545,28.099999999998545,0.03,0.8429999999999563,37979.3,37980.5,37936.55000000001,37937.15000000001,0.6,TAKE,1.4999999999998705,1.2644999999998254,0.018,1.2464999999998254,43.26524999999503,44.529749999994856,-14.560750000004965,-13.31425000000514
OPEN_FADE_5M,240,LONDON_0800,US30,LONG,1713423600,2024-04-18T07:00:00,1713423900,2024-04-18T07:05:00,1713425340,2024-04-18T07:29:00,-1.4000000000014552,5.30000000000291,0.16,0.8480000000004657,37810.7,37811.899999999994,37819.85,37821.049999999996,1.2,TAKE,1.5,1.2720000000006986,0.192,1.0800000000006986,44.529749999994856,45.80174999999556,-13.31425000000514,-12.234250000004442
OPEN_FADE_5M,241,LONDON_0800,US100,LONG,1713423600,2024-04-18T07:00:00,1713423900,2024-04-18T07:05:00,1713426360,2024-04-18T07:46:00,-1.0500000000029104,3.900000000001455,0.22,0.8580000000003202,17567.15,17568.550000000003,17564.65,17566.050000000003,1.4000000000000001,STOP_ADVERSE_FIRST,-1.0,-0.8580000000003202,0.30800000000000005,-1.1660000000003201,45.80174999999556,44.94374999999524,-12.234250000004442,-13.400250000004762
OPEN_FADE_5M,242,NEW_YORK_0930,US30,SHORT,1713447000,2024-04-18T13:30:00,1713447300,2024-04-18T13:35:00,1713447540,2024-04-18T13:39:00,10.400000000001455,17.599999999998545,0.05,0.8799999999999273,37836.3,37837.5,37852.700000000004,37853.9,1.2,STOP_ADVERSE_FIRST,-1.0,-0.8799999999999273,0.06,-0.9399999999999273,44.94374999999524,44.063749999995316,-13.400250000004762,-14.340250000004689
OPEN_FADE_5M,243,NEW_YORK_0930,US100,SHORT,1713447000,2024-04-18T13:30:00,1713447300,2024-04-18T13:35:00,1713450840,2024-04-18T14:34:00,6.799999999999272,15.700000000000728,0.05,0.7850000000000364,17550.9,17552.300000000003,17556.05,17557.45,1.4000000000000001,TIME_60_M1,-0.4171974522292337,-0.32749999999996365,0.07,-0.39749999999996366,44.063749999995316,43.73624999999535,-14.340250000004689,-14.737750000004652
OPEN_FADE_5M,244,LONDON_0800,US100,SHORT,1713510000,2024-04-19T07:00:00,1713510300,2024-04-19T07:05:00,1713512280,2024-04-19T07:38:00,15.75,28.0,0.03,0.84,17195.75,17197.15,17222.35,17223.75,1.4000000000000001,STOP_ADVERSE_FIRST,-1.0,-0.84,0.042,-0.882,43.73624999999535,42.89624999999535,-14.737750000004652,-15.619750000004652
OPEN_FADE_5M,245,LONDON_0800,US30,SHORT,1713510000,2024-04-19T07:00:00,1713510300,2024-04-19T07:05:00,1713513840,2024-04-19T08:04:00,33.5,47.0,0.01,0.47000000000000003,37498.6,37499.9,37496.3,37497.5,1.2,TIME_60_M1,0.023404255319117974,0.010999999999985449,0.012,-0.0010000000000145517,42.89624999999535,42.90724999999534,-15.619750000004652,-15.620750000004668
OPEN_FADE_5M,246,NEW_YORK_0930,US100,SHORT,1713533400,2024-04-19T13:30:00,1713533700,2024-04-19T13:35:00,1713534120,2024-04-19T13:42:00,1.6000000000021828,9.599999999998545,0.08,0.7679999999998836,17275.15,17276.550000000003,17259.350000000002,17260.750000000004,1.4000000000000001,TAKE,1.5,1.1519999999998254,0.11200000000000002,1.0399999999998253,42.90724999999534,44.05924999999516,-15.620750000004668,-14.580750000004842
OPEN_FADE_5M,247,NEW_YORK_0930,US30,SHORT,1713533400,2024-04-19T13:30:00,1713533700,2024-04-19T13:35:00,1713534180,2024-04-19T13:43:00,9.60000000000582,23.5,0.03,0.705,37646.2,37647.399999999994,37609.649999999994,37610.95,1.3,TAKE,1.5,1.0574999999999999,0.039,1.0185,44.05924999999516,45.11674999999516,-14.580750000004842,-13.562250000004843
OPEN_FADE_5M,248,LONDON_0800,US100,SHORT,1713769200,2024-04-22T07:00:00,1713769500,2024-04-22T07:05:00,1713770700,2024-04-22T07:25:00,1.7000000000007276,6.149999999997817,0.14,0.8609999999996945,17094.65,17096.050000000003,17099.45,17100.8,1.35,STOP_ADVERSE_FIRST,-1.0,-0.8609999999996945,0.18900000000000003,-1.0499999999996945,45.11674999999516,44.255749999995466,-13.562250000004843,-14.612250000004538
OPEN_FADE_5M,249,LONDON_0800,US30,SHORT,1713769200,2024-04-22T07:00:00,1713769500,2024-04-22T07:05:00,1713770700,2024-04-22T07:25:00,0.5999999999985448,6.400000000001455,0.14,0.8960000000002039,38044.9,38046.200000000004,38050.0,38051.3,1.3,STOP_ADVERSE_FIRST,-1.0,-0.8960000000002039,0.18200000000000002,-1.078000000000204,44.255749999995466,43.35974999999526,-14.612250000004538,-15.690250000004742
OPEN_FADE_5M,250,NEW_YORK_0930,US100,LONG,1713792600,2024-04-22T13:30:00,1713792900,2024-04-22T13:35:00,1713793620,2024-04-22T13:47:00,-12.650000000001455,15.350000000002183,0.05,0.7675000000001092,17144.7,17146.100000000002,17130.75,17132.15,1.4000000000000001,STOP_ADVERSE_FIRST,-1.0,-0.7675000000001092,0.07,-0.8375000000001092,43.35974999999526,42.59224999999515,-15.690250000004742,-16.52775000000485
OPEN_FADE_5M,251,NEW_YORK_0930,US30,LONG,1713792600,2024-04-22T13:30:00,1713792900,2024-04-22T13:35:00,1713793680,2024-04-22T13:48:00,-11.80000000000291,16.5,0.05,0.8250000000000001,38163.6,38164.799999999996,38148.299999999996,38149.49999999999,1.2,STOP_ADVERSE_FIRST,-1.0,-0.8250000000000001,0.06,-0.885,42.59224999999515,41.767249999995144,-16.52775000000485,-17.412750000004852
OPEN_FADE_5M,252,NEW_YORK_0930,US30,SHORT,1713879000,2024-04-23T13:30:00,1713879300,2024-04-23T13:35:00,1713880260,2024-04-23T13:51:00,12.19999999999709,16.30000000000291,0.05,0.8150000000001456,38313.6,38314.9,38328.700000000004,38329.9,1.2,STOP_ADVERSE_FIRST,-1.0,-0.8150000000001456,0.06,-0.8750000000001457,41.767249999995144,40.952249999995,-17.412750000004852,-18.287750000004998
OPEN_FADE_5M,253,NEW_YORK_0930,US100,SHORT,1713879000,2024-04-23T13:30:00,1713879300,2024-04-23T13:35:00,1713880860,2024-04-23T14:01:00,7.600000000002183,13.049999999999272,0.06,0.7829999999999563,17262.4,17263.800000000003,17274.05,17275.45,1.4000000000000001,STOP_ADVERSE_FIRST,-1.0,-0.7829999999999563,0.084,-0.8669999999999563,40.952249999995,40.16924999999504,-18.287750000004998,-19.154750000004952
OPEN_FADE_5M,254,NEW_YORK_0930,US100,LONG,1713965400,2024-04-24T13:30:00,1713965700,2024-04-24T13:35:00,1713965760,2024-04-24T13:36:00,-2.0499999999992724,6.049999999999272,0.13,0.7864999999999054,17562.3,17563.7,17557.65,17559.050000000003,1.4000000000000001,STOP_ADVERSE_FIRST,-1.0,-0.7864999999999054,0.18200000000000002,-0.9684999999999054,40.16924999999504,39.382749999995134,-19.154750000004952,-20.12325000000486
OPEN_FADE_5M,255,NEW_YORK_0930,US30,LONG,1713965400,2024-04-24T13:30:00,1713965700,2024-04-24T13:35:00,1713967140,2024-04-24T13:59:00,-1.0,17.799999999995634,0.04,0.7119999999998254,38486.0,38487.3,38469.50000000001,38470.700000000004,1.3,STOP_ADVERSE_FIRST,-1.0,-0.7119999999998254,0.052000000000000005,-0.7639999999998255,39.382749999995134,38.67074999999531,-20.12325000000486,-20.887250000004684
OPEN_FADE_5M,256,LONDON_0800,US100,LONG,1714028400,2024-04-25T07:00:00,1714028700,2024-04-25T07:05:00,1714028760,2024-04-25T07:06:00,-2.100000000002183,3.75,0.2,0.75,17313.9,17315.300000000003,17311.550000000003,17312.950000000004,1.4000000000000001,STOP_ADVERSE_FIRST,-1.0,-0.75,0.28,-1.03,38.67074999999531,37.92074999999531,-20.887250000004684,-21.917250000004685
OPEN_FADE_5M,257,LONDON_0800,US30,LONG,1714028400,2024-04-25T07:00:00,1714028700,2024-04-25T07:05:00,1714029420,2024-04-25T07:17:00,-2.2999999999956344,4.30000000000291,0.17,0.7310000000004948,38383.4,38384.700000000004,38380.4,38381.700000000004,1.3,STOP_ADVERSE_FIRST,-1.0,-0.7310000000004948,0.22100000000000003,-0.9520000000004949,37.92074999999531,37.18974999999482,-21.917250000004685,-22.86925000000518
OPEN_FADE_5M,258,NEW_YORK_0930,US30,SHORT,1714051800,2024-04-25T13:30:00,1714052100,2024-04-25T13:35:00,1714052280,2024-04-25T13:38:00,21.30000000000291,46.0,0.01,0.46,38330.5,38330.5,38261.5,38261.5,0.0,TAKE,1.5,0.6900000000000001,0.0,0.6900000000000001,37.18974999999482,37.879749999994814,-22.86925000000518,-22.17925000000518
OPEN_FADE_5M,259,NEW_YORK_0930,US100,SHORT,1714051800,2024-04-25T13:30:00,1714052100,2024-04-25T13:35:00,1714052580,2024-04-25T13:43:00,3.150000000001455,11.450000000000728,0.06,0.6870000000000436,17370.1,17371.5,17351.524999999994,17352.924999999996,1.4000000000000001,TAKE,1.5000000000001588,1.0305000000001745,0.084,0.9465000000001745,37.879749999994814,38.91024999999499,-22.17925000000518,-21.232750000005005
OPEN_FADE_5M,260,LONDON_0800,US30,LONG,1714114800,2024-04-26T07:00:00,1714115100,2024-04-26T07:05:00,1714116420,2024-04-26T07:27:00,-6.900000000001455,8.19999999999709,0.09,0.7379999999997381,38133.6,38134.799999999996,38147.09999999999,38148.29999999999,1.2,TAKE,1.4999999999999998,1.106999999999607,0.108,0.998999999999607,38.91024999999499,40.0172499999946,-21.232750000005005,-20.233750000005397
OPEN_FADE_5M,261,LONDON_0800,US100,LONG,1714114800,2024-04-26T07:00:00,1714115100,2024-04-26T07:05:00,1714118580,2024-04-26T08:03:00,-6.599999999998545,6.899999999997817,0.11,0.7589999999997599,17628.3,17629.7,17622.800000000003,17624.200000000004,1.4000000000000001,STOP_ADVERSE_FIRST,-1.0,-0.7589999999997599,0.15400000000000003,-0.9129999999997599,40.0172499999946,39.25824999999484,-20.233750000005397,-21.146750000005156
OPEN_FADE_5M,262,NEW_YORK_0930,US100,LONG,1714138200,2024-04-26T13:30:00,1714138500,2024-04-26T13:35:00,1714139340,2024-04-26T13:49:00,-0.2999999999992724,10.200000000000728,0.07,0.714000000000051,17609.5,17610.9,17600.7,17602.100000000002,1.4000000000000001,STOP_ADVERSE_FIRST,-1.0,-0.714000000000051,0.09800000000000002,-0.812000000000051,39.25824999999484,38.54424999999479,-21.146750000005156,-21.958750000005207
OPEN_FADE_5M,263,NEW_YORK_0930,US30,LONG,1714138200,2024-04-26T13:30:00,1714138500,2024-04-26T13:35:00,1714142040,2024-04-26T14:34:00,-23.400000000001455,30.69999999999709,0.02,0.6139999999999418,38128.3,38129.5,38130.9,38132.1,1.2,TIME_60_M1,0.045602605863243904,0.028000000000029106,0.024,0.004000000000029105,38.54424999999479,38.57224999999482,-21.958750000005207,-21.954750000005177
OPEN_FADE_5M,264,LONDON_0800,US30,SHORT,1714374000,2024-04-29T07:00:00,1714374300,2024-04-29T07:05:00,1714374300,2024-04-29T07:05:00,3.8000000000029104,4.30000000000291,0.17,0.7310000000004948,38351.5,38352.8,38343.74999999999,38345.049999999996,1.3,TAKE,1.5000000000000002,1.0965000000007423,0.22100000000000003,0.8755000000007422,38.57224999999482,39.66874999999556,-21.954750000005177,-21.079250000004436
OPEN_FADE_5M,265,LONDON_0800,US100,SHORT,1714374000,2024-04-29T07:00:00,1714374300,2024-04-29T07:05:00,1714374600,2024-04-29T07:10:00,2.099999999998545,2.7999999999992724,0.27,0.7559999999998036,17770.95,17772.350000000002,17772.35,17773.75,1.4000000000000001,STOP_ADVERSE_FIRST,-1.0,-0.7559999999998036,0.37800000000000006,-1.1339999999998036,39.66874999999556,38.91274999999576,-21.079250000004436,-22.21325000000424
OPEN_FADE_5M,266,NEW_YORK_0930,US100,LONG,1714397400,2024-04-29T13:30:00,1714397700,2024-04-29T13:35:00,1714397700,2024-04-29T13:35:00,-1.6000000000021828,5.799999999999272,0.13,0.7539999999999054,17759.9,17761.300000000003,17755.500000000004,17756.900000000005,1.4000000000000001,STOP_ADVERSE_FIRST,-1.0,-0.7539999999999054,0.18200000000000002,-0.9359999999999055,38.91274999999576,38.158749999995855,-22.21325000000424,-23.149250000004145
OPEN_FADE_5M,267,NEW_YORK_0930,US30,SHORT,1714397400,2024-04-29T13:30:00,1714397700,2024-04-29T13:35:00,1714397880,2024-04-29T13:38:00,0.9000000000014552,5.099999999998545,0.15,0.7649999999997817,38290.2,38291.5,38293.99999999999,38295.299999999996,1.3,STOP_ADVERSE_FIRST,-1.0,-0.7649999999997817,0.195,-0.9599999999997817,38.158749999995855,37.393749999996075,-23.149250000004145,-24.109250000003925
OPEN_FADE_5M,268,NEW_YORK_0930,US100,SHORT,1714483800,2024-04-30T13:30:00,1714484100,2024-04-30T13:35:00,1714484280,2024-04-30T13:38:00,2.600000000002183,8.0,0.09,0.72,17745.65,17747.050000000003,17752.25,17753.65,1.4000000000000001,STOP_ADVERSE_FIRST,-1.0,-0.72,0.126,-0.846,37.393749999996075,36.673749999996076,-24.109250000003925,-24.955250000003925
OPEN_FADE_5M,269,NEW_YORK_0930,US30,LONG,1714483800,2024-04-30T13:30:00,1714484100,2024-04-30T13:35:00,1714487640,2024-04-30T14:34:00,-11.900000000001455,38.5,0.01,0.385,38349.1,38350.299999999996,38360.5,38361.8,1.2,TIME_60_M1,0.2649350649351783,0.10200000000004365,0.012,0.09000000000004366,36.673749999996076,36.77574999999612,-24.955250000003925,-24.865250000003883
OPEN_FADE_5M,270,NEW_YORK_0930,US100,SHORT,1714570200,2024-05-01T13:30:00,1714570500,2024-05-01T13:35:00,1714570620,2024-05-01T13:37:00,7.399999999997817,10.850000000002183,0.06,0.6510000000001309,17292.7,17294.100000000002,17302.15,17303.550000000003,1.4000000000000001,STOP_ADVERSE_FIRST,-1.0,-0.6510000000001309,0.084,-0.7350000000001309,36.77574999999612,36.12474999999599,-24.865250000003883,-25.600250000004014
OPEN_FADE_5M,271,NEW_YORK_0930,US30,LONG,1714570200,2024-05-01T13:30:00,1714570500,2024-05-01T13:35:00,1714574040,2024-05-01T14:34:00,-13.89999999999418,36.799999999995634,0.01,0.36799999999995636,37706.1,37707.299999999996,37755.0,37755.0,1.2,TIME_60_M1,1.2961956521741853,0.47700000000004367,0.012,0.46500000000004366,36.12474999999599,36.60174999999604,-25.600250000004014,-25.13525000000397
OPEN_FADE_5M,272,LONDON_0800,US30,SHORT,1714633200,2024-05-02T07:00:00,1714633500,2024-05-02T07:05:00,1714633560,2024-05-02T07:06:00,0.5,2.5,0.29,0.725,38055.3,38056.600000000006,38056.5,38057.8,1.3,STOP_ADVERSE_FIRST,-1.0,-0.725,0.377,-1.1019999999999999,36.60174999999604,35.876749999996036,-25.13525000000397,-26.23725000000397
OPEN_FADE_5M,273,NEW_YORK_0930,US30,SHORT,1714656600,2024-05-02T13:30:00,1714656900,2024-05-02T13:35:00,1714657260,2024-05-02T13:41:00,6.200000000004366,12.099999999998545,0.05,0.6049999999999273,38042.5,38043.8,38053.299999999996,38054.6,1.3,STOP_ADVERSE_FIRST,-1.0,-0.6049999999999273,0.065,-0.6699999999999273,35.876749999996036,35.27174999999611,-26.23725000000397,-26.9072500000039
OPEN_FADE_5M,274,NEW_YORK_0930,US100,SHORT,1714656600,2024-05-02T13:30:00,1714656900,2024-05-02T13:35:00,1714658880,2024-05-02T14:08:00,10.75,13.599999999998545,0.05,0.6799999999999273,17466.2,17467.600000000002,17478.399999999998,17479.8,1.4000000000000001,STOP_ADVERSE_FIRST,-1.0,-0.6799999999999273,0.07,-0.7499999999999274,35.27174999999611,34.59174999999618,-26.9072500000039,-27.657250000003827
OPEN_FADE_5M,275,NEW_YORK_0930,US100,LONG,1714743000,2024-05-03T13:30:00,1714743300,2024-05-03T13:35:00,1714743300,2024-05-03T13:35:00,-0.049999999999272404,5.549999999999272,0.12,0.6659999999999127,17643.2,17644.600000000002,17639.050000000003,17640.450000000004,1.4000000000000001,STOP_ADVERSE_FIRST,-1.0,-0.6659999999999127,0.168,-0.8339999999999127,34.59174999999618,33.92574999999627,-27.657250000003827,-28.491250000003742
OPEN_FADE_5M,276,NEW_YORK_0930,US30,LONG,1714743000,2024-05-03T13:30:00,1714743300,2024-05-03T13:35:00,1714743420,2024-05-03T13:37:00,-3.099999999998545,10.099999999998545,0.06,0.6059999999999127,38540.5,38541.7,38531.6,38532.799999999996,1.2,STOP_ADVERSE_FIRST,-1.0,-0.6059999999999127,0.072,-0.6779999999999127,33.92574999999627,33.31974999999636,-28.491250000003742,-29.169250000003654
OPEN_FADE_5M,277,NEW_YORK_0930,US30,SHORT,1715002200,2024-05-06T13:30:00,1715002500,2024-05-06T13:35:00,1715002620,2024-05-06T13:37:00,3.3000000000029104,7.900000000001455,0.08,0.6320000000001165,38779.4,38780.6,38786.0,38787.3,1.3,STOP_ADVERSE_FIRST,-1.0,-0.6320000000001165,0.10400000000000001,-0.7360000000001164,33.31974999999636,32.68774999999624,-29.169250000003654,-29.90525000000377
OPEN_FADE_5M,278,NEW_YORK_0930,US100,LONG,1715002200,2024-05-06T13:30:00,1715002500,2024-05-06T13:35:00,1715006040,2024-05-06T14:34:00,-10.950000000000728,16.5,0.04,0.66,17931.85,17933.25,17933.9,17935.300000000003,1.4000000000000001,TIME_60_M1,0.03939393939402759,0.02600000000005821,0.05600000000000001,-0.0299999999999418,32.68774999999624,32.7137499999963,-29.90525000000377,-29.935250000003713
OPEN_FADE_5M,279,NEW_YORK_0930,US100,SHORT,1715088600,2024-05-07T13:30:00,1715088900,2024-05-07T13:35:00,1715089080,2024-05-07T13:38:00,2.9500000000007276,5.200000000000728,0.12,0.6240000000000873,18060.75,18062.15,18064.55,18065.95,1.4000000000000001,STOP_ADVERSE_FIRST,-1.0,-0.6240000000000873,0.168,-0.7920000000000873,32.7137499999963,32.089749999996215,-29.935250000003713,-30.7272500000038
OPEN_FADE_5M,280,NEW_YORK_0930,US30,SHORT,1715088600,2024-05-07T13:30:00,1715088900,2024-05-07T13:35:00,1715092440,2024-05-07T14:34:00,5.900000000001455,41.30000000000291,0.01,0.4130000000000291,38920.9,38922.1,38871.3,38872.600000000006,1.3,TIME_60_M1,1.1694915254235407,0.48299999999995635,0.013000000000000001,0.46999999999995634,32.089749999996215,32.57274999999617,-30.7272500000038,-30.257250000003843
OPEN_FADE_5M,281,NEW_YORK_0930,US100,LONG,1715175000,2024-05-08T13:30:00,1715175300,2024-05-08T13:35:00,1715176800,2024-05-08T14:00:00,-5.700000000000728,9.599999999998545,0.06,0.5759999999999127,18083.9,18085.300000000003,18075.700000000004,18075.700000000004,1.4000000000000001,STOP_ADVERSE_FIRST,-1.0,-0.5759999999999127,0.084,-0.6599999999999127,32.57274999999617,31.996749999996258,-30.257250000003843,-30.917250000003754
OPEN_FADE_5M,282,NEW_YORK_0930,US30,LONG,1715175000,2024-05-08T13:30:00,1715175300,2024-05-08T13:35:00,1715176800,2024-05-08T14:00:00,-11.89999999999418,20.099999999998545,0.03,0.6029999999999563,38888.8,38890.0,38869.9,38869.9,1.2,STOP_ADVERSE_FIRST,-1.0,-0.6029999999999563,0.036,-0.6389999999999564,31.996749999996258,31.393749999996302,-30.917250000003754,-31.55625000000371
OPEN_FADE_5M,283,NEW_YORK_0930,US100,LONG,1715261400,2024-05-09T13:30:00,1715261700,2024-05-09T13:35:00,1715262120,2024-05-09T13:42:00,-0.6500000000014552,3.2000000000007276,0.19,0.6080000000001382,18043.65,18045.050000000003,18041.850000000002,18043.250000000004,1.4000000000000001,STOP_ADVERSE_FIRST,-1.0,-0.6080000000001382,0.266,-0.8740000000001382,31.393749999996302,30.785749999996163,-31.55625000000371,-32.43025000000385
OPEN_FADE_5M,284,NEW_YORK_0930,US30,LONG,1715261400,2024-05-09T13:30:00,1715261700,2024-05-09T13:35:00,1715262660,2024-05-09T13:51:00,-5.599999999998545,7.400000000001455,0.08,0.5920000000001164,38973.2,38974.399999999994,38966.99999999999,38968.19999999999,1.2,STOP_ADVERSE_FIRST,-1.0,-0.5920000000001164,0.096,-0.6880000000001164,30.785749999996163,30.193749999996047,-32.43025000000385,-33.11825000000397
OPEN_FADE_5M,285,NEW_YORK_0930,US30,SHORT,1715347800,2024-05-10T13:30:00,1715348100,2024-05-10T13:35:00,1715348460,2024-05-10T13:41:00,2.7999999999956344,5.599999999998545,0.1,0.5599999999998545,39514.3,39515.5,39518.6,39519.9,1.3,STOP_ADVERSE_FIRST,-1.0,-0.5599999999998545,0.13,-0.6899999999998545,30.193749999996047,29.633749999996194,-33.11825000000397,-33.808250000003824
OPEN_FADE_5M,286,NEW_YORK_0930,US100,SHORT,1715347800,2024-05-10T13:30:00,1715348100,2024-05-10T13:35:00,1715350020,2024-05-10T14:07:00,2.900000000001455,8.450000000000728,0.07,0.591500000000051,18195.1,18196.5,18202.149999999998,18203.55,1.4000000000000001,STOP_ADVERSE_FIRST,-1.0,-0.591500000000051,0.09800000000000002,-0.689500000000051,29.633749999996194,29.042249999996145,-33.808250000003824,-34.497750000003876
OPEN_FADE_5M,287,NEW_YORK_0930,US30,SHORT,1715607000,2024-05-13T13:30:00,1715607300,2024-05-13T13:35:00,1715609100,2024-05-13T14:05:00,6.19999999999709,8.099999999998545,0.07,0.5669999999998981,39550.9,39552.1,39537.55,39538.75,1.2,TAKE,1.5000000000004492,0.850500000000102,0.084,0.766500000000102,29.042249999996145,29.892749999996248,-34.497750000003876,-33.731250000003776
OPEN_FADE_5M,288,NEW_YORK_0930,US100,SHORT,1715607000,2024-05-13T13:30:00,1715607300,2024-05-13T13:35:00,1715609640,2024-05-13T14:14:00,8.900000000001455,11.0,0.05,0.55,18199.7,18201.100000000002,18210.05,18210.7,0.65,STOP_ADVERSE_FIRST,-1.0,-0.55,0.0325,-0.5825,29.892749999996248,29.342749999996247,-33.731250000003776,-34.31375000000378
OPEN_FADE_5M,289,LONDON_0800,US100,LONG,1715670000,2024-05-14T07:00:00,1715670300,2024-05-14T07:05:00,1715671440,2024-05-14T07:24:00,-1.5,2.0499999999992724,0.28,0.5739999999997963,18163.55,18164.95,18168.025,18169.425000000003,1.4000000000000001,TAKE,1.5000000000008873,0.8610000000002038,0.39200000000000007,0.46900000000020375,29.342749999996247,30.20374999999645,-34.31375000000378,-33.84475000000357
OPEN_FADE_5M,290,LONDON_0800,US30,LONG,1715670000,2024-05-14T07:00:00,1715670300,2024-05-14T07:05:00,1715672220,2024-05-14T07:37:00,-2.900000000001455,3.099999999998545,0.18,0.557999999999738,39424.7,39426.0,39430.649999999994,39431.95,1.3,TAKE,1.4999999999988265,0.8369999999989522,0.23399999999999999,0.6029999999989523,30.20374999999645,31.040749999995402,-33.84475000000357,-33.24175000000462
OPEN_FADE_5M,291,NEW_YORK_0930,US30,LONG,1715693400,2024-05-14T13:30:00,1715693700,2024-05-14T13:35:00,1715694360,2024-05-14T13:46:00,-8.599999999998545,9.400000000001455,0.06,0.5640000000000873,39443.2,39444.399999999994,39458.5,39459.7,1.2,TAKE,1.500000000000387,0.8460000000003493,0.072,0.7740000000003493,31.040749999995402,31.88674999999575,-33.24175000000462,-32.46775000000427
OPEN_FADE_5M,292,NEW_YORK_0930,US100,LONG,1715693400,2024-05-14T13:30:00,1715693700,2024-05-14T13:35:00,1715697000,2024-05-14T14:30:00,-4.200000000000728,8.200000000000728,0.07,0.574000000000051,18190.15,18191.550000000003,18183.350000000002,18184.750000000004,1.4000000000000001,STOP_ADVERSE_FIRST,-1.0,-0.574000000000051,0.09800000000000002,-0.672000000000051,31.88674999999575,31.3127499999957,-32.46775000000427,-33.13975000000433
OPEN_FADE_5M,293,NEW_YORK_0930,US100,LONG,1715779800,2024-05-15T13:30:00,1715780100,2024-05-15T13:35:00,1715780280,2024-05-15T13:38:00,-2.9500000000007276,4.44999999999709,0.14,0.6229999999995927,18304.4,18305.800000000003,18301.350000000006,18302.750000000007,1.4000000000000001,STOP_ADVERSE_FIRST,-1.0,-0.6229999999995927,0.19600000000000004,-0.8189999999995927,31.3127499999957,30.689749999996106,-33.13975000000433,-33.95875000000392
OPEN_FADE_5M,294,NEW_YORK_0930,US30,SHORT,1715779800,2024-05-15T13:30:00,1715780100,2024-05-15T13:35:00,1715780460,2024-05-15T13:41:00,3.599999999998545,5.700000000004366,0.1,0.5700000000004366,39572.1,39573.299999999996,39576.600000000006,39577.8,1.2,STOP_ADVERSE_FIRST,-1.0,-0.5700000000004366,0.12,-0.6900000000004366,30.689749999996106,30.11974999999567,-33.95875000000392,-34.648750000004355
OPEN_FADE_5M,295,NEW_YORK_0930,US100,LONG,1715866200,2024-05-16T13:30:00,1715866500,2024-05-16T13:35:00,1715867040,2024-05-16T13:44:00,-0.9500000000007276,3.650000000001455,0.16,0.5840000000002329,18607.15,18608.550000000003,18614.025000000005,18615.425000000007,1.4000000000000001,TAKE,1.5,0.8760000000003493,0.22400000000000003,0.6520000000003492,30.11974999999567,30.99574999999602,-34.648750000004355,-33.996750000004006
OPEN_FADE_5M,296,NEW_YORK_0930,US30,SHORT,1715866200,2024-05-16T13:30:00,1715866500,2024-05-16T13:35:00,1715867100,2024-05-16T13:45:00,1.5,8.0,0.07,0.56,39894.7,39896.0,39901.399999999994,39902.7,1.3,STOP_ADVERSE_FIRST,-1.0,-0.56,0.09100000000000001,-0.651,30.99574999999602,30.43574999999602,-33.996750000004006,-34.64775000000401
OPEN_FADE_5M,297,NEW_YORK_0930,US30,LONG,1715952600,2024-05-17T13:30:00,1715952900,2024-05-17T13:35:00,1715953080,2024-05-17T13:38:00,-1.5,5.5,0.11,0.605,39859.6,39860.799999999996,39855.299999999996,39856.6,1.2,STOP_ADVERSE_FIRST,-1.0,-0.605,0.132,-0.737,30.43574999999602,29.83074999999602,-34.64775000000401,-35.38475000000401
OPEN_FADE_5M,298,NEW_YORK_0930,US100,LONG,1715952600,2024-05-17T13:30:00,1715952900,2024-05-17T13:35:00,1715954400,2024-05-17T14:00:00,-3.599999999998545,6.549999999999272,0.09,0.5894999999999345,18556.75,18558.15,18567.975,18569.375,1.4000000000000001,TAKE,1.4999999999997222,0.8842499999997381,0.126,0.7582499999997381,29.83074999999602,30.714999999995758,-35.38475000000401,-34.62650000000427
OPEN_FADE_5M,299,NEW_YORK_0930,US100,SHORT,1716211800,2024-05-20T13:30:00,1716212100,2024-05-20T13:35:00,1716212640,2024-05-20T13:44:00,1.5499999999992724,3.7999999999992724,0.16,0.6079999999998836,18576.95,18578.350000000002,18579.35,18580.75,1.4000000000000001,STOP_ADVERSE_FIRST,-1.0,-0.6079999999998836,0.22400000000000003,-0.8319999999998837,30.714999999995758,30.106999999995875,-34.62650000000427,-35.45850000000416
OPEN_FADE_5M,300,NEW_YORK_0930,US30,SHORT,1716211800,2024-05-20T13:30:00,1716212100,2024-05-20T13:35:00,1716215640,2024-05-20T14:34:00,11.80000000000291,17.5,0.03,0.525,40023.0,40024.2,40022.6,40023.799999999996,1.2,TIME_60_M1,-0.04571428571403625,-0.023999999999869032,0.036,-0.05999999999986903,30.106999999995875,30.082999999996005,-35.45850000000416,-35.518500000004025
OPEN_FADE_5M,301,LONDON_0800,US100,SHORT,1716274800,2024-05-21T07:00:00,1716275100,2024-05-21T07:05:00,1716275100,2024-05-21T07:05:00,0.2999999999992724,1.25,0.48,0.6,18661.6,18663.0,18661.449999999997,18662.85,1.4000000000000001,STOP_ADVERSE_FIRST,-1.0,-0.6,0.672,-1.272,30.082999999996005,29.482999999996004,-35.518500000004025,-36.79050000000402
OPEN_FADE_5M,302,NEW_YORK_0930,US30,SHORT,1716298200,2024-05-21T13:30:00,1716298500,2024-05-21T13:35:00,1716299100,2024-05-21T13:45:00,5.099999999998545,7.200000000004366,0.08,0.5760000000003492,39811.3,39812.5,39817.200000000004,39818.50000000001,1.3,STOP_ADVERSE_FIRST,-1.0,-0.5760000000003492,0.10400000000000001,-0.6800000000003492,29.482999999996004,28.906999999995655,-36.79050000000402,-37.47050000000437
OPEN_FADE_5M,303,NEW_YORK_0930,US100,SHORT,1716298200,2024-05-21T13:30:00,1716298500,2024-05-21T13:35:00,1716299220,2024-05-21T13:47:00,2.649999999997817,5.19999999999709,0.11,0.5719999999996799,18659.2,18660.600000000002,18662.999999999996,18664.399999999998,1.4000000000000001,STOP_ADVERSE_FIRST,-1.0,-0.5719999999996799,0.15400000000000003,-0.7259999999996799,28.906999999995655,28.334999999995976,-37.47050000000437,-38.19650000000405
OPEN_FADE_5M,304,NEW_YORK_0930,US100,LONG,1716384600,2024-05-22T13:30:00,1716384900,2024-05-22T13:35:00,1716386400,2024-05-22T14:00:00,-7.700000000000728,17.299999999999272,0.03,0.5189999999999781,18666.7,18668.100000000002,18694.050000000003,18695.450000000004,1.4000000000000001,TAKE,1.5000000000001052,0.7785000000000218,0.042,0.7365000000000218,28.334999999995976,29.113499999995998,-38.19650000000405,-37.46000000000403
OPEN_FADE_5M,305,NEW_YORK_0930,US30,LONG,1716384600,2024-05-22T13:30:00,1716384900,2024-05-22T13:35:00,1716387120,2024-05-22T14:12:00,-0.39999999999417923,12.30000000000291,0.04,0.4920000000001164,39832.7,39833.899999999994,39821.59999999999,39822.59999999999,1.2,STOP_ADVERSE_FIRST,-1.0,-0.4920000000001164,0.048,-0.5400000000001164,29.113499999995998,28.62149999999588,-37.46000000000403,-38.00000000000415
OPEN_FADE_5M,306,NEW_YORK_0930,US30,SHORT,1716471000,2024-05-23T13:30:00,1716471300,2024-05-23T13:35:00,1716471480,2024-05-23T13:38:00,0.7000000000043656,3.900000000001455,0.14,0.5460000000002038,39703.6,39704.9,39696.45,39697.75,1.3,TAKE,1.4999999999990672,0.8189999999997963,0.18200000000000002,0.6369999999997963,28.62149999999588,29.440499999995676,-38.00000000000415,-37.363000000004355
OPEN_FADE_5M,307,NEW_YORK_0930,US100,SHORT,1716471000,2024-05-23T13:30:00,1716471300,2024-05-23T13:35:00,1716471720,2024-05-23T13:42:00,2.099999999998545,3.900000000001455,0.14,0.5460000000002038,18872.25,18873.65,18874.75,18876.15,1.4000000000000001,STOP_ADVERSE_FIRST,-1.0,-0.5460000000002038,0.19600000000000004,-0.7420000000002038,29.440499999995676,28.89449999999547,-37.363000000004355,-38.10500000000456
OPEN_FADE_5M,308,NEW_YORK_0930,US30,LONG,1716557400,2024-05-24T13:30:00,1716557700,2024-05-24T13:35:00,1716557820,2024-05-24T13:37:00,-1.0,5.200000000004366,0.11,0.5720000000004802,39119.0,39120.2,39114.99999999999,39116.19999999999,1.2,STOP_ADVERSE_FIRST,-1.0,-0.5720000000004802,0.132,-0.7040000000004802,28.89449999999547,28.322499999994992,-38.10500000000456,-38.80900000000504
OPEN_FADE_5M,309,NEW_YORK_0930,US100,LONG,1716557400,2024-05-24T13:30:00,1716557700,2024-05-24T13:35:00,1716558060,2024-05-24T13:41:00,-0.4500000000007276,3.5,0.16,0.56,18668.1,18669.5,18674.75,18676.15,1.4000000000000001,TAKE,1.4999999999999998,0.84,0.22400000000000003,0.6159999999999999,28.322499999994992,29.162499999994992,-38.80900000000504,-38.19300000000504
OPEN_FADE_5M,310,LONDON_0800,US30,LONG,1716793200,2024-05-27T07:00:00,1716793500,2024-05-27T07:05:00,1716793560,2024-05-27T07:06:00,-0.25,2.5,0.23,0.5750000000000001,39041.8,39042.9,39040.4,39041.5,1.1,STOP_ADVERSE_FIRST,-1.0,-0.5750000000000001,0.25300000000000006,-0.8280000000000001,29.162499999994992,28.587499999994993,-38.19300000000504,-39.021000000005046
OPEN_FADE_5M,311,LONDON_0800,US100,LONG,1716793200,2024-05-27T07:00:00,1716793500,2024-05-27T07:05:00,1716794280,2024-05-27T07:18:00,-1.25,3.0,0.19,0.5700000000000001,18791.25,18792.5,18797.0,18798.25,1.25,TAKE,1.4999999999999998,0.855,0.2375,0.6174999999999999,28.587499999994993,29.442499999994993,-39.021000000005046,-38.403500000005046
OPEN_FADE_5M,312,NEW_YORK_0930,US100,SHORT,1716816600,2024-05-27T13:30:00,1716816900,2024-05-27T13:35:00,1716817080,2024-05-27T13:38:00,1.5,5.380000000001019,0.1,0.5380000000001018,18816.75,18818.0,18820.88,18822.13,1.25,STOP_ADVERSE_FIRST,-1.0,-0.5380000000001018,0.125,-0.6630000000001018,29.442499999994993,28.90449999999489,-38.403500000005046,-39.06650000000515
OPEN_FADE_5M,313,NEW_YORK_0930,US30,SHORT,1716816600,2024-05-27T13:30:00,1716816900,2024-05-27T13:35:00,1716819480,2024-05-27T14:18:00,3.0,8.0,0.07,0.56,39064.3,39065.4,39051.200000000004,39052.3,1.1,TAKE,1.5,0.8400000000000001,0.07700000000000001,0.7630000000000001,28.90449999999489,29.74449999999489,-39.06650000000515,-38.30350000000515
OPEN_FADE_5M,314,LONDON_0800,US100,SHORT,1716879600,2024-05-28T07:00:00,1716879900,2024-05-28T07:05:00,1716880200,2024-05-28T07:10:00,0.25,2.25,0.26,0.585,18872.71,18873.96,18873.71,18874.96,1.25,STOP_ADVERSE_FIRST,-1.0,-0.585,0.325,-0.9099999999999999,29.74449999999489,29.15949999999489,-38.30350000000515,-39.21350000000515
OPEN_FADE_5M,315,NEW_YORK_0930,US100,SHORT,1716903000,2024-05-28T13:30:00,1716903300,2024-05-28T13:35:00,1716906840,2024-05-28T14:34:00,11.12000000000262,13.37000000000262,0.04,0.5348000000001047,18874.08,18875.33,18861.71,18862.96,1.25,TIME_60_M1,0.8317127898280061,0.4448000000001048,0.05,0.3948000000001048,29.15949999999489,29.604299999994993,-39.21350000000515,-38.818700000005045
OPEN_FADE_5M,316,NEW_YORK_0930,US30,SHORT,1716903000,2024-05-28T13:30:00,1716903300,2024-05-28T13:35:00,1716906840,2024-05-28T14:34:00,24.0,27.25,0.02,0.545,39050.17,39051.27,39046.17,39047.27,1.1,TIME_60_M1,0.10642201834867725,0.058000000000029105,0.022000000000000002,0.036000000000029106,29.604299999994993,29.66229999999502,-38.818700000005045,-38.782700000005015
OPEN_FADE_5M,317,LONDON_0800,US30,LONG,1716966000,2024-05-29T07:00:00,1716966300,2024-05-29T07:05:00,1716966360,2024-05-29T07:06:00,-1.0,2.5,0.23,0.5750000000000001,38750.03,38751.13,38748.63,38749.729999999996,1.1,STOP_ADVERSE_FIRST,-1.0,-0.5750000000000001,0.25300000000000006,-0.8280000000000001,29.66229999999502,29.08729999999502,-38.782700000005015,-39.61070000000502
OPEN_FADE_5M,318,LONDON_0800,US100,LONG,1716966000,2024-05-29T07:00:00,1716966300,2024-05-29T07:05:00,1716966660,2024-05-29T07:11:00,-0.75,2.75,0.21,0.5775,18833.82,18835.07,18832.32,18833.57,1.25,STOP_ADVERSE_FIRST,-1.0,-0.5775,0.2625,-0.8400000000000001,29.08729999999502,28.50979999999502,-39.61070000000502,-40.45070000000502
OPEN_FADE_5M,319,NEW_YORK_0930,US100,SHORT,1716989400,2024-05-29T13:30:00,1716989700,2024-05-29T13:35:00,1716990060,2024-05-29T13:41:00,0.75,6.619999999998981,0.08,0.5295999999999185,18774.95,18776.2,18763.770000000004,18765.020000000004,1.25,TAKE,1.4999999999997253,0.7943999999997322,0.1,0.6943999999997322,28.50979999999502,29.304199999994754,-40.45070000000502,-39.75630000000529
OPEN_FADE_5M,320,NEW_YORK_0930,US30,SHORT,1716989400,2024-05-29T13:30:00,1716989700,2024-05-29T13:35:00,1716990600,2024-05-29T13:50:00,5.25,11.75,0.04,0.47000000000000003,38657.03,38658.13,38667.68,38668.78,1.1,STOP_ADVERSE_FIRST,-1.0,-0.47000000000000003,0.044000000000000004,-0.514,29.304199999994754,28.834199999994755,-39.75630000000529,-40.27030000000529
OPEN_FADE_5M,321,LONDON_0800,US100,LONG,1717052400,2024-05-30T07:00:00,1717052700,2024-05-30T07:05:00,1717052940,2024-05-30T07:09:00,-1.25,4.369999999998981,0.13,0.5680999999998676,18634.16,18635.41,18631.04,18632.29,1.25,STOP_ADVERSE_FIRST,-1.0,-0.5680999999998676,0.1625,-0.7305999999998676,28.834199999994755,28.26609999999489,-40.27030000000529,-41.00090000000516
OPEN_FADE_5M,322,LONDON_0800,US30,LONG,1717052400,2024-05-30T07:00:00,1717052700,2024-05-30T07:05:00,1717054140,2024-05-30T07:29:00,-1.0,5.75,0.1,0.5750000000000001,38134.31,38135.409999999996,38129.659999999996,38130.759999999995,1.1,STOP_ADVERSE_FIRST,-1.0,-0.5750000000000001,0.11000000000000001,-0.685,28.26609999999489,27.69109999999489,-41.00090000000516,-41.68590000000516
OPEN_FADE_5M,323,NEW_YORK_0930,US100,SHORT,1717075800,2024-05-30T13:30:00,1717076100,2024-05-30T13:35:00,1717076100,2024-05-30T13:35:00,1.5,4.380000000001019,0.12,0.5256000000001222,18677.16,18678.41,18680.29,18681.54,1.25,STOP_ADVERSE_FIRST,-1.0,-0.5256000000001222,0.15,-0.6756000000001222,27.69109999999489,27.16549999999477,-41.68590000000516,-42.361500000005286
OPEN_FADE_5M,324,LONDON_0800,US100,LONG,1717138800,2024-05-31T07:00:00,1717139100,2024-05-31T07:05:00,1717139100,2024-05-31T07:05:00,-0.75,3.1299999999973807,0.17,0.5320999999995547,18512.53,18513.78,18510.65,18511.9,1.25,STOP_ADVERSE_FIRST,-1.0,-0.5320999999995547,0.21250000000000002,-0.7445999999995547,27.16549999999477,26.633399999995213,-42.361500000005286,-43.106100000004844
OPEN_FADE_5M,325,LONDON_0800,US30,LONG,1717138800,2024-05-31T07:00:00,1717139100,2024-05-31T07:05:00,1717139280,2024-05-31T07:08:00,-2.5,4.5,0.12,0.54,38120.08,38121.18,38116.68,38117.78,1.1,STOP_ADVERSE_FIRST,-1.0,-0.54,0.132,-0.672,26.633399999995213,26.093399999995214,-43.106100000004844,-43.77810000000484
OPEN_FADE_5M,326,NEW_YORK_0930,US100,SHORT,1717162200,2024-05-31T13:30:00,1717162500,2024-05-31T13:35:00,1717162680,2024-05-31T13:38:00,3.1200000000026193,7.120000000002619,0.07,0.4984000000001834,18471.65,18472.9,18477.520000000004,18478.770000000004,1.25,STOP_ADVERSE_FIRST,-1.0,-0.4984000000001834,0.08750000000000001,-0.5859000000001834,26.093399999995214,25.59499999999503,-43.77810000000484,-44.36400000000502
OPEN_FADE_5M,327,NEW_YORK_0930,US30,SHORT,1717162200,2024-05-31T13:30:00,1717162500,2024-05-31T13:35:00,1717162920,2024-05-31T13:42:00,1.5,11.75,0.04,0.47000000000000003,38079.83,38080.93,38090.48,38091.58,1.1,STOP_ADVERSE_FIRST,-1.0,-0.47000000000000003,0.044000000000000004,-0.514,25.59499999999503,25.12499999999503,-44.36400000000502,-44.878000000005024
OPEN_FADE_5M,328,LONDON_0800,US100,SHORT,1717398000,2024-06-03T07:00:00,1717398300,2024-06-03T07:05:00,1717398660,2024-06-03T07:11:00,1.75,3.25,0.15,0.4875,18603.74,18604.99,18605.74,18606.99,1.25,STOP_ADVERSE_FIRST,-1.0,-0.4875,0.1875,-0.675,25.12499999999503,24.63749999999503,-44.878000000005024,-45.55300000000502
OPEN_FADE_5M,329,LONDON_0800,US30,SHORT,1717398000,2024-06-03T07:00:00,1717398300,2024-06-03T07:05:00,1717399320,2024-06-03T07:22:00,5.75,6.0,0.08,0.48,38805.52,38806.619999999995,38810.42,38811.52,1.1,STOP_ADVERSE_FIRST,-1.0,-0.48,0.08800000000000001,-0.568,24.63749999999503,24.15749999999503,-45.55300000000502,-46.12100000000502
OPEN_FADE_5M,330,NEW_YORK_0930,US100,SHORT,1717421400,2024-06-03T13:30:00,1717421700,2024-06-03T13:35:00,1717422360,2024-06-03T13:46:00,2.8800000000010186,8.869999999998981,0.05,0.4434999999999491,18637.99,18639.24,18623.435000000005,18624.685000000005,1.25,TAKE,1.4999999999997948,0.6652499999998327,0.0625,0.6027499999998327,24.15749999999503,24.822749999994862,-46.12100000000502,-45.51825000000519
OPEN_FADE_5M,331,NEW_YORK_0930,US30,SHORT,1717421400,2024-06-03T13:30:00,1717421700,2024-06-03T13:35:00,1717423200,2024-06-03T14:00:00,0.25,20.75,0.02,0.41500000000000004,38676.02,38677.119999999995,38695.67,38696.77,1.1,STOP_ADVERSE_FIRST,-1.0,-0.41500000000000004,0.022000000000000002,-0.43700000000000006,24.822749999994862,24.407749999994863,-45.51825000000519,-45.95525000000519
OPEN_FADE_5M,332,LONDON_0800,US30,LONG,1717484400,2024-06-04T07:00:00,1717484700,2024-06-04T07:05:00,1717486440,2024-06-04T07:34:00,-1.0,5.5,0.08,0.44,38580.13,38581.229999999996,38589.479999999996,38590.579999999994,1.1,TAKE,1.5,0.66,0.08800000000000001,0.5720000000000001,24.407749999994863,25.067749999994863,-45.95525000000519,-45.383250000005184
OPEN_FADE_5M,333,LONDON_0800,US100,LONG,1717484400,2024-06-04T07:00:00,1717484700,2024-06-04T07:05:00,1717487580,2024-06-04T07:53:00,-1.25,4.120000000002619,0.11,0.45320000000028815,18614.33,18615.58,18611.46,18612.71,1.25,STOP_ADVERSE_FIRST,-1.0,-0.45320000000028815,0.1375,-0.5907000000002882,25.067749999994863,24.614549999994576,-45.383250000005184,-45.97395000000547
OPEN_FADE_5M,334,NEW_YORK_0930,US30,SHORT,1717507800,2024-06-04T13:30:00,1717508100,2024-06-04T13:35:00,1717509840,2024-06-04T14:04:00,13.0,18.75,0.02,0.375,38402.13,38403.229999999996,38419.78,38420.88,1.1,STOP_ADVERSE_FIRST,-1.0,-0.375,0.022000000000000002,-0.397,24.614549999994576,24.239549999994576,-45.97395000000547,-46.37095000000547
OPEN_FADE_5M,335,NEW_YORK_0930,US100,SHORT,1717507800,2024-06-04T13:30:00,1717508100,2024-06-04T13:35:00,1717510860,2024-06-04T14:21:00,11.5,20.75,0.02,0.41500000000000004,18520.08,18521.33,18539.58,18540.83,1.25,STOP_ADVERSE_FIRST,-1.0,-0.41500000000000004,0.025,-0.44000000000000006,24.239549999994576,23.824549999994577,-46.37095000000547,-46.81095000000547
OPEN_FADE_5M,336,LONDON_0800,US30,SHORT,1717570800,2024-06-05T07:00:00,1717571100,2024-06-05T07:05:00,1717571160,2024-06-05T07:06:00,2.0,3.5,0.13,0.455,38798.98,38800.08,38801.380000000005,38802.48,1.1,STOP_ADVERSE_FIRST,-1.0,-0.455,0.14300000000000002,-0.5980000000000001,23.824549999994577,23.36954999999458,-46.81095000000547,-47.40895000000547
OPEN_FADE_5M,337,LONDON_0800,US100,LONG,1717570800,2024-06-05T07:00:00,1717571100,2024-06-05T07:05:00,1717571460,2024-06-05T07:11:00,-1.0,2.8800000000010186,0.16,0.46080000000016297,18721.21,18722.46,18719.579999999998,18720.829999999998,1.25,STOP_ADVERSE_FIRST,-1.0,-0.46080000000016297,0.2,-0.660800000000163,23.36954999999458,22.908749999994416,-47.40895000000547,-48.069750000005634
OPEN_FADE_5M,338,NEW_YORK_0930,US30,LONG,1717594200,2024-06-05T13:30:00,1717594500,2024-06-05T13:35:00,1717595040,2024-06-05T13:44:00,-9.0,12.5,0.03,0.375,38775.98,38777.08,38764.58,38765.68,1.1,STOP_ADVERSE_FIRST,-1.0,-0.375,0.033,-0.40800000000000003,22.908749999994416,22.533749999994416,-48.069750000005634,-48.477750000005635
OPEN_FADE_5M,339,NEW_YORK_0930,US100,SHORT,1717594200,2024-06-05T13:30:00,1717594500,2024-06-05T13:35:00,1717595940,2024-06-05T13:59:00,7.369999999998981,11.119999999998981,0.04,0.4447999999999593,18757.21,18758.46,18739.28,18740.53,1.25,TAKE,1.5000000000001636,0.6672000000000117,0.05,0.6172000000000116,22.533749999994416,23.200949999994428,-48.477750000005635,-47.860550000005624
OPEN_FADE_5M,340,LONDON_0800,US30,LONG,1717657200,2024-06-06T07:00:00,1717657500,2024-06-06T07:05:00,1717657500,2024-06-06T07:05:00,-2.0,3.25,0.14,0.45500000000000007,38826.38,38827.479999999996,38824.229999999996,38825.329999999994,1.1,STOP_ADVERSE_FIRST,-1.0,-0.45500000000000007,0.15400000000000003,-0.6090000000000001,23.200949999994428,22.74594999999443,-47.860550000005624,-48.469550000005626
OPEN_FADE_5M,341,LONDON_0800,US100,LONG,1717657200,2024-06-06T07:00:00,1717657500,2024-06-06T07:05:00,1717657560,2024-06-06T07:06:00,-1.6300000000010186,3.25,0.14,0.45500000000000007,19064.78,19066.03,19062.78,19064.03,1.25,STOP_ADVERSE_FIRST,-1.0,-0.45500000000000007,0.17500000000000002,-0.6300000000000001,22.74594999999443,22.29094999999443,-48.469550000005626,-49.09955000000563
OPEN_FADE_5M,342,NEW_YORK_0930,US100,SHORT,1717680600,2024-06-06T13:30:00,1717680900,2024-06-06T13:35:00,1717681020,2024-06-06T13:37:00,3.6300000000010186,6.5,0.06,0.39,19058.03,19059.28,19063.28,19064.53,1.25,STOP_ADVERSE_FIRST,-1.0,-0.39,0.075,-0.465,22.29094999999443,21.90094999999443,-49.09955000000563,-49.56455000000563
OPEN_FADE_5M,343,NEW_YORK_0930,US30,SHORT,1717680600,2024-06-06T13:30:00,1717680900,2024-06-06T13:35:00,1717682400,2024-06-06T14:00:00,3.0,6.75,0.06,0.40499999999999997,38798.88,38799.979999999996,38804.53,38805.63,1.1,STOP_ADVERSE_FIRST,-1.0,-0.40499999999999997,0.066,-0.471,21.90094999999443,21.49594999999443,-49.56455000000563,-50.03555000000563
OPEN_FADE_5M,344,LONDON_0800,US30,SHORT,1717743600,2024-06-07T07:00:00,1717743900,2024-06-07T07:05:00,1717743960,2024-06-07T07:06:00,4.5,7.25,0.05,0.36250000000000004,38942.57,38943.67,38948.72,38949.82,1.1,STOP_ADVERSE_FIRST,-1.0,-0.36250000000000004,0.05500000000000001,-0.41750000000000004,21.49594999999443,21.13344999999443,-50.03555000000563,-50.453050000005625
OPEN_FADE_5M,345,LONDON_0800,US100,SHORT,1717743600,2024-06-07T07:00:00,1717743900,2024-06-07T07:05:00,1717744140,2024-06-07T07:09:00,3.0,3.0,0.14,0.42000000000000004,19051.76,19053.01,19053.51,19054.76,1.25,STOP_ADVERSE_FIRST,-1.0,-0.42000000000000004,0.17500000000000002,-0.5950000000000001,21.13344999999443,20.713449999994427,-50.453050000005625,-51.048050000005624
OPEN_FADE_5M,346,NEW_YORK_0930,US100,SHORT,1717767000,2024-06-07T13:30:00,1717767300,2024-06-07T13:35:00,1717767900,2024-06-07T13:45:00,2.75,6.870000000002619,0.06,0.41220000000015716,19043.01,19044.26,19031.454999999994,19032.704999999994,1.25,TAKE,1.5,0.6183000000002358,0.075,0.5433000000002358,20.713449999994427,21.331749999994663,-51.048050000005624,-50.50475000000539
OPEN_FADE_5M,347,NEW_YORK_0930,US30,SHORT,1717767000,2024-06-07T13:30:00,1717767300,2024-06-07T13:35:00,1717767900,2024-06-07T13:45:00,5.0,11.25,0.03,0.33749999999999997,38892.82,38893.92,38874.845,38875.945,1.1,TAKE,1.5,0.50625,0.033,0.47324999999999995,21.331749999994663,21.837999999994665,-50.50475000000539,-50.03150000000539
OPEN_FADE_5M,348,LONDON_0800,US100,SHORT,1718002800,2024-06-10T07:00:00,1718003100,2024-06-10T07:05:00,1718003700,2024-06-10T07:15:00,0.75,3.25,0.13,0.4225,19017.9,19019.15,19011.775,19013.025,1.25,TAKE,1.5000000000000002,0.63375,0.1625,0.47125000000000006,21.837999999994665,22.471749999994664,-50.03150000000539,-49.56025000000539
OPEN_FADE_5M,349,LONDON_0800,US30,SHORT,1718002800,2024-06-10T07:00:00,1718003100,2024-06-10T07:05:00,1718003700,2024-06-10T07:15:00,2.5,4.0,0.1,0.4,38804.01,38805.11,38796.91,38798.01,1.1,TAKE,1.5000000000000002,0.6000000000000001,0.11000000000000001,0.4900000000000001,22.471749999994664,23.071749999994665,-49.56025000000539,-49.07025000000539
OPEN_FADE_5M,350,NEW_YORK_0930,US100,SHORT,1718026200,2024-06-10T13:30:00,1718026500,2024-06-10T13:35:00,1718030040,2024-06-10T14:34:00,22.5,24.87999999999738,0.01,0.24879999999997382,19009.78,19011.03,19013.78,19015.03,1.25,TIME_60_M1,-0.2110128617363566,-0.0525,0.0125,-0.065,23.071749999994665,23.019249999994667,-49.07025000000539,-49.135250000005385
OPEN_FADE_5M,351,NEW_YORK_0930,US30,SHORT,1718026200,2024-06-10T13:30:00,1718026500,2024-06-10T13:35:00,1718030040,2024-06-10T14:34:00,32.25,35.75,0.01,0.3575,38737.01,38738.11,38771.66,38772.76,1.1,STOP_ADVERSE_FIRST,-1.0,-0.3575,0.011000000000000001,-0.3685,23.019249999994667,22.661749999994665,-49.135250000005385,-49.50375000000538
OPEN_FADE_5M,352,LONDON_0800,US100,LONG,1718089200,2024-06-11T07:00:00,1718089500,2024-06-11T07:05:00,1718093040,2024-06-11T08:04:00,-2.8800000000010186,3.3699999999989814,0.13,0.4380999999998676,19065.17,19066.42,19071.475,19072.725,1.25,TAKE,1.5000000000005398,0.6571500000000379,0.1625,0.4946500000000379,22.661749999994665,23.318899999994702,-49.50375000000538,-49.00910000000535
OPEN_FADE_5M,353,LONDON_0800,US30,LONG,1718089200,2024-06-11T07:00:00,1718089500,2024-06-11T07:05:00,1718093040,2024-06-11T08:04:00,-11.5,14.0,0.03,0.42,38822.93,38824.03,38837.18,38838.28,1.1,TIME_60_M1,0.9392857142858182,0.39450000000004365,0.033,0.3615000000000437,23.318899999994702,23.713399999994746,-49.00910000000535,-48.647600000005305
OPEN_FADE_5M,354,NEW_YORK_0930,US30,SHORT,1718112600,2024-06-11T13:30:00,1718112900,2024-06-11T13:35:00,1718113740,2024-06-11T13:49:00,12.25,17.25,0.02,0.34500000000000003,38765.43,38766.53,38738.455,38739.555,1.1,TAKE,1.4999999999999998,0.5175,0.022000000000000002,0.49549999999999994,23.713399999994746,24.230899999994744,-48.647600000005305,-48.152100000005305
OPEN_FADE_5M,355,NEW_YORK_0930,US100,SHORT,1718112600,2024-06-11T13:30:00,1718112900,2024-06-11T13:35:00,1718114760,2024-06-11T14:06:00,9.619999999998981,11.0,0.04,0.44,19043.17,19044.42,19025.42,19026.67,1.25,TAKE,1.5,0.66,0.05,0.61,24.230899999994744,24.890899999994744,-48.152100000005305,-47.542100000005306
OPEN_FADE_5M,356,LONDON_0800,US30,LONG,1718175600,2024-06-12T07:00:00,1718175900,2024-06-12T07:05:00,1718175960,2024-06-12T07:06:00,-0.25,2.5,0.19,0.475,38760.36,38761.46,38758.96,38760.06,1.1,STOP_ADVERSE_FIRST,-1.0,-0.475,0.20900000000000002,-0.6839999999999999,24.890899999994744,24.415899999994743,-47.542100000005306,-48.2261000000053
OPEN_FADE_5M,357,LONDON_0800,US100,LONG,1718175600,2024-06-12T07:00:00,1718175900,2024-06-12T07:05:00,1718176020,2024-06-12T07:07:00,-1.0,2.25,0.22,0.495,19245.75,19247.0,19244.75,19246.0,1.25,STOP_ADVERSE_FIRST,-1.0,-0.495,0.275,-0.77,24.415899999994743,23.92089999999474,-48.2261000000053,-48.996100000005306
OPEN_FADE_5M,358,NEW_YORK_0930,US100,SHORT,1718199000,2024-06-12T13:30:00,1718199300,2024-06-12T13:35:00,1718199360,2024-06-12T13:36:00,1.6199999999989814,3.5,0.13,0.455,19245.87,19247.12,19248.12,19249.37,1.25,STOP_ADVERSE_FIRST,-1.0,-0.455,0.1625,-0.6175,23.92089999999474,23.465899999994743,-48.996100000005306,-49.613600000005306
OPEN_FADE_5M,359,NEW_YORK_0930,US30,LONG,1718199000,2024-06-12T13:30:00,1718199300,2024-06-12T13:35:00,1718200440,2024-06-12T13:54:00,-8.0,10.0,0.04,0.4,38783.36,38784.46,38799.46,38800.56,1.1,TAKE,1.4999999999999998,0.6,0.044000000000000004,0.5559999999999999,23.465899999994743,24.065899999994745,-49.613600000005306,-49.05760000000531
OPEN_FADE_5M,360,LONDON_0800,US30,LONG,1718262000,2024-06-13T07:00:00,1718262300,2024-06-13T07:05:00,1718263200,2024-06-13T07:20:00,-0.75,2.0,0.24,0.48,38704.53,38705.63,38703.63,38704.729999999996,1.1,STOP_ADVERSE_FIRST,-1.0,-0.48,0.264,-0.744,24.065899999994745,23.585899999994744,-49.05760000000531,-49.80160000000531
OPEN_FADE_5M,361,LONDON_0800,US100,SHORT,1718262000,2024-06-13T07:00:00,1718262300,2024-06-13T07:05:00,1718264280,2024-06-13T07:38:00,1.5,3.25,0.14,0.45500000000000007,19620.82,19622.07,19614.695,19615.945,1.25,TAKE,1.5,0.6825000000000001,0.17500000000000002,0.5075000000000001,23.585899999994744,24.268399999994745,-49.80160000000531,-49.29410000000531
OPEN_FADE_5M,362,NEW_YORK_0930,US100,LONG,1718285400,2024-06-13T13:30:00,1718285700,2024-06-13T13:35:00,1718285880,2024-06-13T13:38:00,-0.8800000000010186,5.25,0.09,0.4725,19592.07,19593.32,19588.07,19589.32,1.25,STOP_ADVERSE_FIRST,-1.0,-0.4725,0.11249999999999999,-0.585,24.268399999994745,23.795899999994745,-49.29410000000531,-49.87910000000531
OPEN_FADE_5M,363,NEW_YORK_0930,US30,LONG,1718285400,2024-06-13T13:30:00,1718285700,2024-06-13T13:35:00,1718286600,2024-06-13T13:50:00,-4.25,8.25,0.05,0.41250000000000003,38590.28,38591.38,38583.13,38584.229999999996,1.1,STOP_ADVERSE_FIRST,-1.0,-0.41250000000000003,0.05500000000000001,-0.4675,23.795899999994745,23.383399999994744,-49.87910000000531,-50.34660000000531
OPEN_FADE_5M,364,LONDON_0800,US100,LONG,1718348400,2024-06-14T07:00:00,1718348700,2024-06-14T07:05:00,1718348940,2024-06-14T07:09:00,-3.5,4.25,0.11,0.4675,19618.35,19619.6,19615.35,19616.6,1.25,STOP_ADVERSE_FIRST,-1.0,-0.4675,0.1375,-0.605,23.383399999994744,22.915899999994743,-50.34660000000531,-50.95160000000531
OPEN_FADE_5M,365,LONDON_0800,US30,SHORT,1718348400,2024-06-14T07:00:00,1718348700,2024-06-14T07:05:00,1718349720,2024-06-14T07:22:00,2.0,3.5,0.13,0.455,38644.28,38645.38,38637.93,38639.03,1.1,TAKE,1.5,0.6825,0.14300000000000002,0.5395,22.915899999994743,23.598399999994744,-50.95160000000531,-50.41210000000531
OPEN_FADE_5M,366,NEW_YORK_0930,US30,SHORT,1718371800,2024-06-14T13:30:00,1718372100,2024-06-14T13:35:00,1718372160,2024-06-14T13:36:00,19.0,22.5,0.02,0.45,38327.53,38328.63,38348.93,38350.03,1.1,STOP_ADVERSE_FIRST,-1.0,-0.45,0.022000000000000002,-0.47200000000000003,23.598399999994744,23.148399999994744,-50.41210000000531,-50.88410000000531
OPEN_FADE_5M,367,NEW_YORK_0930,US100,SHORT,1718371800,2024-06-14T13:30:00,1718372100,2024-06-14T13:35:00,1718372280,2024-06-14T13:38:00,8.37999999999738,14.5,0.03,0.435,19530.6,19531.85,19543.85,19545.1,1.25,STOP_ADVERSE_FIRST,-1.0,-0.435,0.0375,-0.4725,23.148399999994744,22.713399999994746,-50.88410000000531,-51.35660000000531
OPEN_FADE_5M,368,LONDON_0800,US30,SHORT,1718607600,2024-06-17T07:00:00,1718607900,2024-06-17T07:05:00,1718607900,2024-06-17T07:05:00,4.0,4.5,0.1,0.45,38564.45,38565.549999999996,38567.85,38568.95,1.1,STOP_ADVERSE_FIRST,-1.0,-0.45,0.11000000000000001,-0.56,22.713399999994746,22.263399999994746,-51.35660000000531,-51.91660000000531
OPEN_FADE_5M,369,LONDON_0800,US100,SHORT,1718607600,2024-06-17T07:00:00,1718607900,2024-06-17T07:05:00,1718609580,2024-06-17T07:33:00,3.8800000000010186,4.0,0.11,0.44,19693.03,19694.28,19685.78,19687.03,1.25,TAKE,1.5,0.66,0.1375,0.5225,22.263399999994746,22.923399999994746,-51.91660000000531,-51.39410000000531
OPEN_FADE_5M,370,NEW_YORK_0930,US30,SHORT,1718631000,2024-06-17T13:30:00,1718631300,2024-06-17T13:35:00,1718631660,2024-06-17T13:41:00,9.5,14.25,0.03,0.4275,38480.7,38481.799999999996,38493.85,38494.95,1.1,STOP_ADVERSE_FIRST,-1.0,-0.4275,0.033,-0.4605,22.923399999994746,22.495899999994748,-51.39410000000531,-51.85460000000531
OPEN_FADE_5M,371,NEW_YORK_0930,US100,SHORT,1718631000,2024-06-17T13:30:00,1718631300,2024-06-17T13:35:00,1718631720,2024-06-17T13:42:00,5.619999999998981,8.630000000001019,0.05,0.43150000000005095,19687.16,19688.41,19694.54,19695.79,1.25,STOP_ADVERSE_FIRST,-1.0,-0.43150000000005095,0.0625,-0.49400000000005095,22.495899999994748,22.0643999999947,-51.85460000000531,-52.34860000000536
OPEN_FADE_5M,372,LONDON_0800,US30,SHORT,1718694000,2024-06-18T07:00:00,1718694300,2024-06-18T07:05:00,1718695440,2024-06-18T07:24:00,4.5,5.5,0.08,0.44,38834.05,38835.15,38824.700000000004,38825.8,1.1,TAKE,1.5,0.66,0.08800000000000001,0.5720000000000001,22.0643999999947,22.7243999999947,-52.34860000000536,-51.77660000000536
OPEN_FADE_5M,373,LONDON_0800,US100,SHORT,1718694000,2024-06-18T07:00:00,1718694300,2024-06-18T07:05:00,1718695740,2024-06-18T07:29:00,2.0,4.0,0.11,0.44,19906.79,19908.04,19899.54,19900.79,1.25,TAKE,1.5,0.66,0.1375,0.5225,22.7243999999947,23.3843999999947,-51.77660000000536,-51.25410000000536
OPEN_FADE_5M,374,NEW_YORK_0930,US30,LONG,1718717400,2024-06-18T13:30:00,1718717700,2024-06-18T13:35:00,1718719020,2024-06-18T13:57:00,-5.5,14.5,0.03,0.435,38789.3,38790.4,38775.9,38777.0,1.1,STOP_ADVERSE_FIRST,-1.0,-0.435,0.033,-0.46799999999999997,23.3843999999947,22.9493999999947,-51.25410000000536,-51.722100000005355
OPEN_FADE_5M,375,NEW_YORK_0930,US100,LONG,1718717400,2024-06-18T13:30:00,1718717700,2024-06-18T13:35:00,1718719800,2024-06-18T14:10:00,-6.75,11.880000000001019,0.03,0.3564000000000305,19955.91,19957.16,19945.28,19946.53,1.25,STOP_ADVERSE_FIRST,-1.0,-0.3564000000000305,0.0375,-0.3939000000000305,22.9493999999947,22.59299999999467,-51.722100000005355,-52.116000000005386
OPEN_FADE_5M,376,LONDON_0800,US100,SHORT,1718780400,2024-06-19T07:00:00,1718780700,2024-06-19T07:05:00,1718781900,2024-06-19T07:25:00,3.0,3.25,0.13,0.4225,19946.76,19948.01,19940.635,19941.885,1.25,TAKE,1.5000000000000002,0.63375,0.1625,0.47125000000000006,22.59299999999467,23.22674999999467,-52.116000000005386,-51.64475000000539
OPEN_FADE_5M,377,LONDON_0800,US30,SHORT,1718780400,2024-06-19T07:00:00,1718780700,2024-06-19T07:05:00,1718782380,2024-06-19T07:33:00,6.0,6.5,0.06,0.39,38834.63,38835.729999999996,38823.78,38824.88,1.1,TAKE,1.4999999999999998,0.585,0.066,0.5189999999999999,23.22674999999467,23.81174999999467,-51.64475000000539,-51.12575000000539
OPEN_FADE_5M,378,NEW_YORK_0930,US100,SHORT,1718803800,2024-06-19T13:30:00,1718804100,2024-06-19T13:35:00,1718804700,2024-06-19T13:45:00,2.1199999999989814,4.0,0.11,0.44,19961.26,19962.51,19964.01,19965.26,1.25,STOP_ADVERSE_FIRST,-1.0,-0.44,0.1375,-0.5775,23.81174999999467,23.37174999999467,-51.12575000000539,-51.70325000000539
OPEN_FADE_5M,379,NEW_YORK_0930,US30,SHORT,1718803800,2024-06-19T13:30:00,1718804100,2024-06-19T13:35:00,1718807640,2024-06-19T14:34:00,9.5,14.0,0.03,0.42,38836.63,38837.729999999996,38843.38,38844.479999999996,1.1,TIME_60_M1,-0.5607142857141818,-0.23549999999995633,0.033,-0.26849999999995633,23.37174999999467,23.136249999994714,-51.70325000000539,-51.97175000000534
OPEN_FADE_5M,380,LONDON_0800,US30,LONG,1718866800,2024-06-20T07:00:00,1718867100,2024-06-20T07:05:00,1718867160,2024-06-20T07:06:00,-2.75,6.5,0.07,0.45500000000000007,38831.74,38832.84,38826.34,38827.439999999995,1.1,STOP_ADVERSE_FIRST,-1.0,-0.45500000000000007,0.07700000000000001,-0.532,23.136249999994714,22.681249999994712,-51.97175000000534,-52.50375000000534
OPEN_FADE_5M,381,LONDON_0800,US100,LONG,1718866800,2024-06-20T07:00:00,1718867100,2024-06-20T07:05:00,1718869200,2024-06-20T07:40:00,-2.6200000000026193,7.25,0.06,0.435,20014.51,20015.76,20026.635,20027.885,1.25,TAKE,1.5,0.6525,0.075,0.5775,22.681249999994712,23.333749999994712,-52.50375000000534,-51.92625000000534
OPEN_FADE_5M,382,NEW_YORK_0930,US100,SHORT,1718890200,2024-06-20T13:30:00,1718890500,2024-06-20T13:35:00,1718892000,2024-06-20T14:00:00,7.75,10.62999999999738,0.04,0.4251999999998952,20062.01,20063.26,20044.815000000002,20046.065000000002,1.25,TAKE,1.5,0.6377999999998428,0.05,0.5877999999998428,23.333749999994712,23.971549999994554,-51.92625000000534,-51.338450000005494
OPEN_FADE_5M,383,NEW_YORK_0930,US30,LONG,1718890200,2024-06-20T13:30:00,1718890500,2024-06-20T13:35:00,1718893200,2024-06-20T14:20:00,-6.5,11.0,0.04,0.44,38908.24,38909.34,38898.34,38899.439999999995,1.1,STOP_ADVERSE_FIRST,-1.0,-0.44,0.044000000000000004,-0.484,23.971549999994554,23.531549999994553,-51.338450000005494,-51.822450000005496
OPEN_FADE_5M,384,LONDON_0800,US30,SHORT,1718953200,2024-06-21T07:00:00,1718953500,2024-06-21T07:05:00,1718953800,2024-06-21T07:10:00,2.0,3.5,0.13,0.455,39167.84,39168.939999999995,39170.24,39171.34,1.1,STOP_ADVERSE_FIRST,-1.0,-0.455,0.14300000000000002,-0.5980000000000001,23.531549999994553,23.076549999994555,-51.822450000005496,-52.420450000005495
OPEN_FADE_5M,385,LONDON_0800,US100,LONG,1718953200,2024-06-21T07:00:00,1718953500,2024-06-21T07:05:00,1718954340,2024-06-21T07:19:00,-1.3800000000010186,3.6199999999989814,0.13,0.47059999999986757,19782.88,19784.13,19789.559999999998,19790.809999999998,1.25,TAKE,1.4999999999994975,0.7058999999995649,0.1625,0.5433999999995649,23.076549999994555,23.78244999999412,-52.420450000005495,-51.87705000000593
OPEN_FADE_5M,386,NEW_YORK_0930,US100,LONG,1718976600,2024-06-21T13:30:00,1718976900,2024-06-21T13:35:00,1718977320,2024-06-21T13:42:00,-9.869999999998981,17.5,0.02,0.35000000000000003,19720.38,19721.63,19747.88,19749.13,1.25,TAKE,1.5,0.525,0.025,0.5,23.78244999999412,24.30744999999412,-51.87705000000593,-51.37705000000593
OPEN_FADE_5M,387,NEW_YORK_0930,US30,LONG,1718976600,2024-06-21T13:30:00,1718976900,2024-06-21T13:35:00,1718977500,2024-06-21T13:45:00,-1.0,14.5,0.03,0.435,39103.84,39104.939999999995,39126.689999999995,39127.78999999999,1.1,TAKE,1.5,0.6525,0.033,0.6194999999999999,24.30744999999412,24.95994999999412,-51.37705000000593,-50.75755000000593
OPEN_FADE_5M,388,LONDON_0800,US100,LONG,1719212400,2024-06-24T07:00:00,1719212700,2024-06-24T07:05:00,1719213600,2024-06-24T07:20:00,-1.8800000000010186,6.630000000001019,0.07,0.46410000000007134,19699.07,19700.32,19693.69,19694.94,1.25,STOP_ADVERSE_FIRST,-1.0,-0.46410000000007134,0.08750000000000001,-0.5516000000000714,24.95994999999412,24.495849999994046,-50.75755000000593,-51.309150000006
OPEN_FADE_5M,389,LONDON_0800,US30,LONG,1719212400,2024-06-24T07:00:00,1719212700,2024-06-24T07:05:00,1719214860,2024-06-24T07:41:00,-3.75,6.75,0.07,0.47250000000000003,39102.75,39103.85,39113.975,39115.075,1.1,TAKE,1.5000000000000002,0.7087500000000001,0.07700000000000001,0.63175,24.495849999994046,25.204599999994045,-51.309150000006,-50.677400000006
OPEN_FADE_5M,390,NEW_YORK_0930,US30,LONG,1719235800,2024-06-24T13:30:00,1719236100,2024-06-24T13:35:00,1719236460,2024-06-24T13:41:00,-5.25,9.5,0.05,0.47500000000000003,39287.5,39288.6,39302.85,39303.95,1.1,TAKE,1.5,0.7125,0.05500000000000001,0.6575,25.204599999994045,25.917099999994043,-50.677400000006,-50.019900000006004
OPEN_FADE_5M,391,NEW_YORK_0930,US100,LONG,1719235800,2024-06-24T13:30:00,1719236100,2024-06-24T13:35:00,1719236700,2024-06-24T13:45:00,-7.869999999998981,10.369999999998981,0.04,0.41479999999995926,19695.07,19696.32,19711.875,19713.125,1.25,TAKE,1.5000000000001754,0.6222000000000116,0.05,0.5722000000000116,25.917099999994043,26.539299999994054,-50.019900000006004,-49.447700000005995
OPEN_FADE_5M,392,LONDON_0800,US30,LONG,1719298800,2024-06-25T07:00:00,1719299100,2024-06-25T07:05:00,1719300240,2024-06-25T07:24:00,-2.0,7.25,0.07,0.5075000000000001,39527.37,39528.47,39521.22,39522.32,1.1,STOP_ADVERSE_FIRST,-1.0,-0.5075000000000001,0.07700000000000001,-0.5845,26.539299999994054,26.031799999994053,-49.447700000005995,-50.03220000000599
OPEN_FADE_5M,393,LONDON_0800,US100,LONG,1719298800,2024-06-25T07:00:00,1719299100,2024-06-25T07:05:00,1719301080,2024-06-25T07:38:00,-1.5,3.0,0.17,0.51,19533.56,19534.81,19539.31,19540.56,1.25,TAKE,1.5,0.765,0.21250000000000002,0.5525,26.031799999994053,26.796799999994054,-50.03220000000599,-49.47970000000599
OPEN_FADE_5M,394,NEW_YORK_0930,US30,LONG,1719322200,2024-06-25T13:30:00,1719322500,2024-06-25T13:35:00,1719324000,2024-06-25T14:00:00,-4.0,15.5,0.03,0.46499999999999997,39413.37,39414.47,39437.72,39438.82,1.1,TAKE,1.5000000000000002,0.6975,0.033,0.6645,26.796799999994054,27.494299999994055,-49.47970000000599,-48.815200000005994
OPEN_FADE_5M,395,LONDON_0800,US100,LONG,1719385200,2024-06-26T07:00:00,1719385500,2024-06-26T07:05:00,1719385620,2024-06-26T07:07:00,-1.1300000000010186,4.369999999998981,0.12,0.5243999999998777,19733.81,19735.06,19730.690000000002,19731.940000000002,1.25,STOP_ADVERSE_FIRST,-1.0,-0.5243999999998777,0.15,-0.6743999999998778,27.494299999994055,26.969899999994176,-48.815200000005994,-49.48960000000587
OPEN_FADE_5M,396,LONDON_0800,US30,LONG,1719385200,2024-06-26T07:00:00,1719385500,2024-06-26T07:05:00,1719385620,2024-06-26T07:07:00,-1.0,3.25,0.16,0.52,39132.98,39134.08,39130.83,39131.93,1.1,STOP_ADVERSE_FIRST,-1.0,-0.52,0.17600000000000002,-0.6960000000000001,26.969899999994176,26.449899999994177,-49.48960000000587,-50.18560000000587
OPEN_FADE_5M,397,NEW_YORK_0930,US30,SHORT,1719408600,2024-06-26T13:30:00,1719408900,2024-06-26T13:35:00,1719409200,2024-06-26T13:40:00,2.0,11.5,0.04,0.46,39110.98,39112.08,39092.630000000005,39093.73,1.1,TAKE,1.5,0.6900000000000001,0.044000000000000004,0.646,26.449899999994177,27.139899999994178,-50.18560000000587,-49.53960000000587
OPEN_FADE_5M,398,NEW_YORK_0930,US100,SHORT,1719408600,2024-06-26T13:30:00,1719408900,2024-06-26T13:35:00,1719410040,2024-06-26T13:54:00,8.5,12.119999999998981,0.04,0.48479999999995926,19762.68,19763.93,19743.25,19744.5,1.25,TAKE,1.50000000000015,0.7272000000000116,0.05,0.6772000000000116,27.139899999994178,27.86709999999419,-49.53960000000587,-48.862400000005856
OPEN_FADE_5M,399,LONDON_0800,US30,SHORT,1719471600,2024-06-27T07:00:00,1719471900,2024-06-27T07:05:00,1719472860,2024-06-27T07:21:00,2.5,5.75,0.09,0.5175,39049.06,39050.159999999996,39053.71,39054.81,1.1,STOP_ADVERSE_FIRST,-1.0,-0.5175,0.099,-0.6164999999999999,27.86709999999419,27.34959999999419,-48.862400000005856,-49.47890000000586
OPEN_FADE_5M,400,LONDON_0800,US100,SHORT,1719471600,2024-06-27T07:00:00,1719471900,2024-06-27T07:05:00,1719473040,2024-06-27T07:24:00,5.119999999998981,8.25,0.06,0.495,19664.53,19665.78,19671.53,19672.78,1.25,STOP_ADVERSE_FIRST,-1.0,-0.495,0.075,-0.57,27.34959999999419,26.85459999999419,-49.47890000000586,-50.04890000000586
OPEN_FADE_5M,401,NEW_YORK_0930,US100,SHORT,1719495000,2024-06-27T13:30:00,1719495300,2024-06-27T13:35:00,1719496860,2024-06-27T14:01:00,1.6199999999989814,8.880000000001019,0.06,0.5328000000000611,19736.78,19738.03,19722.21,19723.46,1.25,TAKE,1.499999999999795,0.7991999999999825,0.075,0.7241999999999825,26.85459999999419,27.65379999999417,-50.04890000000586,-49.324700000005876
OPEN_FADE_5M,402,NEW_YORK_0930,US30,LONG,1719495000,2024-06-27T13:30:00,1719495300,2024-06-27T13:35:00,1719497520,2024-06-27T14:12:00,-1.0,8.5,0.06,0.51,39102.56,39103.659999999996,39095.159999999996,39096.259999999995,1.1,STOP_ADVERSE_FIRST,-1.0,-0.51,0.066,-0.5760000000000001,27.65379999999417,27.14379999999417,-49.324700000005876,-49.90070000000588
OPEN_FADE_5M,403,LONDON_0800,US30,LONG,1719558000,2024-06-28T07:00:00,1719558300,2024-06-28T07:05:00,1719558300,2024-06-28T07:05:00,-1.5,4.0,0.13,0.52,39183.16,39184.26,39180.26,39181.36,1.1,STOP_ADVERSE_FIRST,-1.0,-0.52,0.14300000000000002,-0.663,27.14379999999417,26.62379999999417,-49.90070000000588,-50.56370000000587
OPEN_FADE_5M,404,LONDON_0800,US100,LONG,1719558000,2024-06-28T07:00:00,1719558300,2024-06-28T07:05:00,1719558360,2024-06-28T07:06:00,-4.75,6.25,0.08,0.5,19875.63,19876.88,19870.63,19871.88,1.25,STOP_ADVERSE_FIRST,-1.0,-0.5,0.1,-0.6,26.62379999999417,26.12379999999417,-50.56370000000587,-51.163700000005875
OPEN_FADE_5M,405,NEW_YORK_0930,US30,LONG,1719581400,2024-06-28T13:30:00,1719581700,2024-06-28T13:35:00,1719581880,2024-06-28T13:38:00,-1.0,6.5,0.08,0.52,39215.16,39216.26,39226.01,39227.11,1.1,TAKE,1.5,0.78,0.08800000000000001,0.6920000000000001,26.12379999999417,26.90379999999417,-51.163700000005875,-50.471700000005875
OPEN_FADE_5M,406,NEW_YORK_0930,US100,LONG,1719581400,2024-06-28T13:30:00,1719581700,2024-06-28T13:35:00,1719585240,2024-06-28T14:34:00,-2.75,8.630000000001019,0.06,0.5178000000000611,19871.75,19873.0,19875.63,19876.88,1.25,TIME_60_M1,0.30475086906149573,0.1578000000000611,0.075,0.08280000000006112,26.90379999999417,27.061599999994232,-50.471700000005875,-50.38890000000581
OPEN_FADE_5M,407,LONDON_0800,US100,LONG,1719817200,2024-07-01T07:00:00,1719817500,2024-07-01T07:05:00,1719819420,2024-07-01T07:37:00,-2.75,6.25,0.08,0.5,19753.28,19754.53,19748.28,19749.53,1.25,STOP_ADVERSE_FIRST,-1.0,-0.5,0.1,-0.6,27.061599999994232,26.561599999994232,-50.38890000000581,-50.98890000000581
OPEN_FADE_5M,408,LONDON_0800,US30,LONG,1719817200,2024-07-01T07:00:00,1719817500,2024-07-01T07:05:00,1719819660,2024-07-01T07:41:00,-4.5,5.0,0.1,0.5,39170.06,39171.159999999996,39166.159999999996,39167.259999999995,1.1,STOP_ADVERSE_FIRST,-1.0,-0.5,0.11000000000000001,-0.61,26.561599999994232,26.061599999994232,-50.98890000000581,-51.59890000000581
OPEN_FADE_5M,409,NEW_YORK_0930,US100,LONG,1719840600,2024-07-01T13:30:00,1719840900,2024-07-01T13:35:00,1719841860,2024-07-01T13:51:00,-1.8700000000026193,7.879999999997381,0.06,0.47279999999984285,19693.15,19694.4,19706.219999999998,19707.469999999998,1.25,TAKE,1.5,0.7091999999997642,0.075,0.6341999999997643,26.061599999994232,26.770799999993997,-51.59890000000581,-50.96470000000605
OPEN_FADE_5M,410,NEW_YORK_0930,US30,LONG,1719840600,2024-07-01T13:30:00,1719840900,2024-07-01T13:35:00,1719843300,2024-07-01T14:15:00,-12.25,14.5,0.03,0.435,39183.81,39184.909999999996,39206.659999999996,39207.759999999995,1.1,TAKE,1.5,0.6525,0.033,0.6194999999999999,26.770799999993997,27.423299999993997,-50.96470000000605,-50.345200000006045
OPEN_FADE_5M,411,LONDON_0800,US30,SHORT,1719903600,2024-07-02T07:00:00,1719903900,2024-07-02T07:05:00,1719903960,2024-07-02T07:06:00,3.25,4.25,0.12,0.51,39111.19,39112.29,39114.340000000004,39115.44,1.1,STOP_ADVERSE_FIRST,-1.0,-0.51,0.132,-0.642,27.423299999993997,26.913299999993995,-50.345200000006045,-50.98720000000605
OPEN_FADE_5M,412,LONDON_0800,US100,SHORT,1719903600,2024-07-02T07:00:00,1719903900,2024-07-02T07:05:00,1719904260,2024-07-02T07:11:00,0.8800000000010186,4.0,0.13,0.52,19745.9,19747.15,19748.65,19749.9,1.25,STOP_ADVERSE_FIRST,-1.0,-0.52,0.1625,-0.6825,26.913299999993995,26.393299999993996,-50.98720000000605,-51.669700000006046
OPEN_FADE_5M,413,NEW_YORK_0930,US100,LONG,1719927000,2024-07-02T13:30:00,1719927300,2024-07-02T13:35:00,1719927840,2024-07-02T13:44:00,-2.5,7.380000000001019,0.07,0.5166000000000713,19712.77,19714.02,19725.090000000004,19726.340000000004,1.25,TAKE,1.5000000000002467,0.7749000000002344,0.08750000000000001,0.6874000000002344,26.393299999993996,27.16819999999423,-51.669700000006046,-50.982300000005814
OPEN_FADE_5M,414,NEW_YORK_0930,US30,LONG,1719927000,2024-07-02T13:30:00,1719927300,2024-07-02T13:35:00,1719928920,2024-07-02T14:02:00,-7.0,12.0,0.04,0.48,39049.69,39050.79,39038.79,39039.89,1.1,STOP_ADVERSE_FIRST,-1.0,-0.48,0.044000000000000004,-0.524,27.16819999999423,26.68819999999423,-50.982300000005814,-51.506300000005815
OPEN_FADE_5M,415,LONDON_0800,US100,SHORT,1719990000,2024-07-03T07:00:00,1719990300,2024-07-03T07:05:00,1719990360,2024-07-03T07:06:00,1.25,2.8700000000026193,0.18,0.5166000000004715,20001.74,20002.99,20003.360000000004,20004.610000000004,1.25,STOP_ADVERSE_FIRST,-1.0,-0.5166000000004715,0.22499999999999998,-0.7416000000004714,26.68819999999423,26.171599999993756,-51.506300000005815,-52.24790000000629
OPEN_FADE_5M,416,LONDON_0800,US30,SHORT,1719990000,2024-07-03T07:00:00,1719990300,2024-07-03T07:05:00,1719990840,2024-07-03T07:14:00,3.75,5.5,0.09,0.495,39312.98,39314.08,39317.380000000005,39318.48,1.1,STOP_ADVERSE_FIRST,-1.0,-0.495,0.099,-0.594,26.171599999993756,25.676599999993755,-52.24790000000629,-52.84190000000629
OPEN_FADE_5M,417,NEW_YORK_0930,US30,SHORT,1720013400,2024-07-03T13:30:00,1720013700,2024-07-03T13:35:00,1720013820,2024-07-03T13:37:00,5.25,7.25,0.07,0.5075000000000001,39414.23,39415.33,39420.380000000005,39421.48,1.1,STOP_ADVERSE_FIRST,-1.0,-0.5075000000000001,0.07700000000000001,-0.5845,25.676599999993755,25.169099999993755,-52.84190000000629,-53.42640000000629
OPEN_FADE_5M,418,NEW_YORK_0930,US100,SHORT,1720013400,2024-07-03T13:30:00,1720013700,2024-07-03T13:35:00,1720015140,2024-07-03T13:59:00,0.75,5.620000000002619,0.09,0.5058000000002357,20033.24,20034.49,20023.559999999998,20024.809999999998,1.25,TAKE,1.5,0.7587000000003535,0.11249999999999999,0.6462000000003536,25.169099999993755,25.927799999994107,-53.42640000000629,-52.780200000005934
OPEN_FADE_5M,419,LONDON_0800,US100,SHORT,1720076400,2024-07-04T07:00:00,1720076700,2024-07-04T07:05:00,1720076700,2024-07-04T07:05:00,0.25,2.25,0.23,0.5175000000000001,20172.39,20173.64,20173.39,20174.64,1.25,STOP_ADVERSE_FIRST,-1.0,-0.5175000000000001,0.28750000000000003,-0.8050000000000002,25.927799999994107,25.41029999999411,-52.780200000005934,-53.58520000000593
OPEN_FADE_5M,420,LONDON_0800,US30,LONG,1720076400,2024-07-04T07:00:00,1720076700,2024-07-04T07:05:00,1720076940,2024-07-04T07:09:00,-0.75,3.5,0.14,0.49000000000000005,39305.64,39306.74,39303.24,39304.34,1.1,STOP_ADVERSE_FIRST,-1.0,-0.49000000000000005,0.15400000000000003,-0.6440000000000001,25.41029999999411,24.92029999999411,-53.58520000000593,-54.22920000000593
OPEN_FADE_5M,421,NEW_YORK_0930,US30,LONG,1720099800,2024-07-04T13:30:00,1720100100,2024-07-04T13:35:00,1720100760,2024-07-04T13:46:00,-3.0,6.75,0.07,0.47250000000000003,39381.64,39382.74,39392.865,39393.965,1.1,TAKE,1.5000000000000002,0.7087500000000001,0.07700000000000001,0.63175,24.92029999999411,25.62904999999411,-54.22920000000593,-53.597450000005935
OPEN_FADE_5M,422,NEW_YORK_0930,US100,LONG,1720099800,2024-07-04T13:30:00,1720100100,2024-07-04T13:35:00,1720101060,2024-07-04T13:51:00,-1.5,2.3800000000010186,0.2,0.47600000000020376,20168.14,20169.39,20172.96,20174.21,1.25,TAKE,1.4999999999992357,0.7139999999999418,0.25,0.4639999999999418,25.62904999999411,26.34304999999405,-53.597450000005935,-53.13345000000599
OPEN_FADE_5M,423,LONDON_0800,US30,LONG,1720162800,2024-07-05T07:00:00,1720163100,2024-07-05T07:05:00,1720163460,2024-07-05T07:11:00,-0.25,2.75,0.19,0.5225,39342.23,39343.33,39340.58,39341.68,1.1,STOP_ADVERSE_FIRST,-1.0,-0.5225,0.20900000000000002,-0.7315,26.34304999999405,25.82054999999405,-53.13345000000599,-53.86495000000599
OPEN_FADE_5M,424,LONDON_0800,US100,LONG,1720162800,2024-07-05T07:00:00,1720163100,2024-07-05T07:05:00,1720164000,2024-07-05T07:20:00,-0.5,2.0,0.26,0.52,20183.01,20184.26,20187.26,20188.51,1.25,TAKE,1.5,0.78,0.325,0.455,25.82054999999405,26.60054999999405,-53.86495000000599,-53.40995000000599
OPEN_FADE_5M,425,NEW_YORK_0930,US100,SHORT,1720186200,2024-07-05T13:30:00,1720186500,2024-07-05T13:35:00,1720186560,2024-07-05T13:36:00,1.3799999999973807,5.0,0.1,0.5,20207.76,20209.01,20211.51,20212.76,1.25,STOP_ADVERSE_FIRST,-1.0,-0.5,0.125,-0.625,26.60054999999405,26.10054999999405,-53.40995000000599,-54.03495000000599
OPEN_FADE_5M,426,NEW_YORK_0930,US30,SHORT,1720186200,2024-07-05T13:30:00,1720186500,2024-07-05T13:35:00,1720188720,2024-07-05T14:12:00,2.5,11.75,0.04,0.47000000000000003,39305.73,39306.83,39287.005000000005,39288.105,1.1,TAKE,1.4999999999999998,0.705,0.044000000000000004,0.6609999999999999,26.10054999999405,26.80554999999405,-54.03495000000599,-53.37395000000599
OPEN_FADE_5M,427,LONDON_0800,US100,LONG,1720422000,2024-07-08T07:00:00,1720422300,2024-07-08T07:05:00,1720422720,2024-07-08T07:12:00,-1.6199999999989814,3.75,0.14,0.525,20375.15,20376.4,20372.65,20373.9,1.25,STOP_ADVERSE_FIRST,-1.0,-0.525,0.17500000000000002,-0.7000000000000001,26.80554999999405,26.28054999999405,-53.37395000000599,-54.07395000000599
OPEN_FADE_5M,428,LONDON_0800,US30,LONG,1720422000,2024-07-08T07:00:00,1720422300,2024-07-08T07:05:00,1720424340,2024-07-08T07:39:00,-3.0,5.25,0.1,0.525,39315.75,39316.85,39311.6,39312.7,1.1,STOP_ADVERSE_FIRST,-1.0,-0.525,0.11000000000000001,-0.635,26.28054999999405,25.755549999994052,-54.07395000000599,-54.70895000000599
OPEN_FADE_5M,429,NEW_YORK_0930,US30,LONG,1720445400,2024-07-08T13:30:00,1720445700,2024-07-08T13:35:00,1720446060,2024-07-08T13:41:00,-5.0,10.0,0.05,0.5,39376.75,39377.85,39367.85,39368.95,1.1,STOP_ADVERSE_FIRST,-1.0,-0.5,0.05500000000000001,-0.555,25.755549999994052,25.255549999994052,-54.70895000000599,-55.26395000000599
OPEN_FADE_5M,430,NEW_YORK_0930,US100,SHORT,1720445400,2024-07-08T13:30:00,1720445700,2024-07-08T13:35:00,1720447740,2024-07-08T14:09:00,0.36999999999898137,6.130000000001019,0.08,0.4904000000000815,20393.77,20395.02,20398.65,20399.9,1.25,STOP_ADVERSE_FIRST,-1.0,-0.4904000000000815,0.1,-0.5904000000000815,25.255549999994052,24.76514999999397,-55.26395000000599,-55.85435000000607
OPEN_FADE_5M,431,LONDON_0800,US30,LONG,1720508400,2024-07-09T07:00:00,1720508700,2024-07-09T07:05:00,1720510200,2024-07-09T07:30:00,-2.5,3.0,0.16,0.48,39410.25,39411.35,39415.85,39416.95,1.1,TAKE,1.5,0.72,0.17600000000000002,0.5439999999999999,24.76514999999397,25.48514999999397,-55.85435000000607,-55.310350000006075
OPEN_FADE_5M,432,LONDON_0800,US100,LONG,1720508400,2024-07-09T07:00:00,1720508700,2024-07-09T07:05:00,1720511760,2024-07-09T07:56:00,-2.75,3.75,0.13,0.48750000000000004,20514.53,20515.78,20521.405,20522.655,1.25,TAKE,1.5,0.7312500000000001,0.1625,0.5687500000000001,25.48514999999397,26.216399999993968,-55.310350000006075,-54.74160000000607
OPEN_FADE_5M,433,NEW_YORK_0930,US30,SHORT,1720531800,2024-07-09T13:30:00,1720532100,2024-07-09T13:35:00,1720533600,2024-07-09T14:00:00,10.0,10.75,0.04,0.43,39394.75,39395.85,39377.525,39378.625,1.1,TAKE,1.5,0.645,0.044000000000000004,0.601,26.216399999993968,26.861399999993967,-54.74160000000607,-54.140600000006074
OPEN_FADE_5M,434,NEW_YORK_0930,US100,SHORT,1720531800,2024-07-09T13:30:00,1720532100,2024-07-09T13:35:00,1720534980,2024-07-09T14:23:00,7.25,8.5,0.06,0.51,20526.28,20527.53,20512.28,20513.53,1.25,TAKE,1.5,0.765,0.075,0.6900000000000001,26.861399999993967,27.626399999993968,-54.140600000006074,-53.45060000000608
OPEN_FADE_5M,435,LONDON_0800,US100,LONG,1720594800,2024-07-10T07:00:00,1720595100,2024-07-10T07:05:00,1720595460,2024-07-10T07:11:00,-1.3800000000010186,2.25,0.24,0.54,20494.32,20495.57,20493.32,20494.57,1.25,STOP_ADVERSE_FIRST,-1.0,-0.54,0.3,-0.8400000000000001,27.626399999993968,27.08639999999397,-53.45060000000608,-54.29060000000608
OPEN_FADE_5M,436,LONDON_0800,US30,SHORT,1720594800,2024-07-10T07:00:00,1720595100,2024-07-10T07:05:00,1720595760,2024-07-10T07:16:00,1.0,3.0,0.18,0.54,39272.5,39273.6,39266.9,39268.0,1.1,TAKE,1.4999999999999998,0.8099999999999999,0.198,0.6119999999999999,27.08639999999397,27.896399999993967,-54.29060000000608,-53.67860000000608
OPEN_FADE_5M,437,NEW_YORK_0930,US100,LONG,1720618200,2024-07-10T13:30:00,1720618500,2024-07-10T13:35:00,1720619460,2024-07-10T13:51:00,-1.5,4.0,0.13,0.52,20524.32,20525.57,20521.57,20522.82,1.25,STOP_ADVERSE_FIRST,-1.0,-0.52,0.1625,-0.6825,27.896399999993967,27.376399999993968,-53.67860000000608,-54.361100000006076
OPEN_FADE_5M,438,NEW_YORK_0930,US30,LONG,1720618200,2024-07-10T13:30:00,1720618500,2024-07-10T13:35:00,1720619700,2024-07-10T13:55:00,-2.0,15.0,0.03,0.44999999999999996,39291.0,39292.1,39277.1,39278.2,1.1,STOP_ADVERSE_FIRST,-1.0,-0.44999999999999996,0.033,-0.483,27.376399999993968,26.92639999999397,-54.361100000006076,-54.84410000000607
OPEN_FADE_5M,439,LONDON_0800,US100,LONG,1720681200,2024-07-11T07:00:00,1720681500,2024-07-11T07:05:00,1720681560,2024-07-11T07:06:00,-0.5,2.5,0.21,0.525,20672.18,20673.43,20670.93,20672.18,1.25,STOP_ADVERSE_FIRST,-1.0,-0.525,0.2625,-0.7875000000000001,26.92639999999397,26.40139999999397,-54.84410000000607,-55.631600000006074
OPEN_FADE_5M,440,LONDON_0800,US30,LONG,1720681200,2024-07-11T07:00:00,1720681500,2024-07-11T07:05:00,1720685040,2024-07-11T08:04:00,-4.5,5.0,0.1,0.5,39731.09,39732.189999999995,39737.09,39738.189999999995,1.1,TIME_60_M1,0.9800000000002911,0.49000000000014554,0.11000000000000001,0.38000000000014555,26.40139999999397,26.891399999994114,-55.631600000006074,-55.25160000000593
OPEN_FADE_5M,441,NEW_YORK_0930,US30,LONG,1720704600,2024-07-11T13:30:00,1720704900,2024-07-11T13:35:00,1720704900,2024-07-11T13:35:00,-6.0,7.0,0.07,0.49000000000000005,39679.59,39680.689999999995,39673.689999999995,39674.78999999999,1.1,STOP_ADVERSE_FIRST,-1.0,-0.49000000000000005,0.07700000000000001,-0.5670000000000001,26.891399999994114,26.401399999994116,-55.25160000000593,-55.81860000000593
OPEN_FADE_5M,442,NEW_YORK_0930,US100,SHORT,1720704600,2024-07-11T13:30:00,1720704900,2024-07-11T13:35:00,1720705500,2024-07-11T13:45:00,0.25,2.5,0.21,0.525,20670.68,20671.93,20665.68,20666.93,1.25,TAKE,1.5,0.7875,0.2625,0.5249999999999999,26.401399999994116,27.188899999994117,-55.81860000000593,-55.29360000000593
OPEN_FADE_5M,443,LONDON_0800,US30,LONG,1720767600,2024-07-12T07:00:00,1720767900,2024-07-12T07:05:00,1720768320,2024-07-12T07:12:00,-1.5,3.75,0.14,0.525,39811.46,39812.56,39818.185,39819.284999999996,1.1,TAKE,1.5,0.7875000000000001,0.15400000000000003,0.6335000000000001,27.188899999994117,27.97639999999412,-55.29360000000593,-54.66010000000593
OPEN_FADE_5M,444,LONDON_0800,US100,LONG,1720767600,2024-07-12T07:00:00,1720767900,2024-07-12T07:05:00,1720769520,2024-07-12T07:32:00,-4.25,6.880000000001019,0.07,0.48160000000007136,20209.1,20210.35,20203.469999999998,20204.719999999998,1.25,STOP_ADVERSE_FIRST,-1.0,-0.48160000000007136,0.08750000000000001,-0.5691000000000713,27.97639999999412,27.494799999994047,-54.66010000000593,-55.229200000006
OPEN_FADE_5M,445,NEW_YORK_0930,US30,LONG,1720791000,2024-07-12T13:30:00,1720791300,2024-07-12T13:35:00,1720792020,2024-07-12T13:47:00,-8.5,14.0,0.03,0.42,39843.21,39844.31,39865.31,39866.409999999996,1.1,TAKE,1.5,0.63,0.033,0.597,27.494799999994047,28.124799999994046,-55.229200000006,-54.632200000006
OPEN_FADE_5M,446,NEW_YORK_0930,US100,SHORT,1720791000,2024-07-12T13:30:00,1720791300,2024-07-12T13:35:00,1720792080,2024-07-12T13:48:00,0.5,6.630000000001019,0.08,0.5304000000000815,20224.85,20226.1,20213.655,20214.905,1.25,TAKE,1.4999999999997258,0.7955999999999768,0.1,0.6955999999999768,28.124799999994046,28.92039999999402,-54.632200000006,-53.936600000006024
OPEN_FADE_5M,447,LONDON_0800,US100,SHORT,1721026800,2024-07-15T07:00:00,1721027100,2024-07-15T07:05:00,1721027160,2024-07-15T07:06:00,0.5,3.1300000000010186,0.18,0.5634000000001833,20378.63,20379.88,20380.510000000002,20381.760000000002,1.25,STOP_ADVERSE_FIRST,-1.0,-0.5634000000001833,0.22499999999999998,-0.7884000000001833,28.92039999999402,28.35699999999384,-53.936600000006024,-54.725000000006204
OPEN_FADE_5M,448,LONDON_0800,US30,LONG,1721026800,2024-07-15T07:00:00,1721027100,2024-07-15T07:05:00,1721027880,2024-07-15T07:18:00,-1.0,3.25,0.17,0.5525,40091.63,40092.729999999996,40089.479999999996,40090.579999999994,1.1,STOP_ADVERSE_FIRST,-1.0,-0.5525,0.18700000000000003,-0.7395,28.35699999999384,27.80449999999384,-54.725000000006204,-55.464500000006204
OPEN_FADE_5M,449,NEW_YORK_0930,US100,LONG,1721050200,2024-07-15T13:30:00,1721050500,2024-07-15T13:35:00,1721050740,2024-07-15T13:39:00,-1.8699999999989814,4.25,0.13,0.5525,20426.75,20428.0,20423.75,20425.0,1.25,STOP_ADVERSE_FIRST,-1.0,-0.5525,0.1625,-0.715,27.80449999999384,27.251999999993842,-55.464500000006204,-56.17950000000621
OPEN_FADE_5M,450,NEW_YORK_0930,US30,SHORT,1721050200,2024-07-15T13:30:00,1721050500,2024-07-15T13:35:00,1721053500,2024-07-15T14:25:00,20.0,22.0,0.02,0.44,40244.13,40245.229999999996,40265.03,40266.13,1.1,STOP_ADVERSE_FIRST,-1.0,-0.44,0.022000000000000002,-0.462,27.251999999993842,26.81199999999384,-56.17950000000621,-56.64150000000621
OPEN_FADE_5M,451,LONDON_0800,US30,SHORT,1721113200,2024-07-16T07:00:00,1721113500,2024-07-16T07:05:00,1721113740,2024-07-16T07:09:00,8.0,11.25,0.04,0.45,40307.5,40308.6,40289.525,40290.625,1.1,TAKE,1.5,0.675,0.044000000000000004,0.631,26.81199999999384,27.48699999999384,-56.64150000000621,-56.01050000000621
OPEN_FADE_5M,452,LONDON_0800,US100,LONG,1721113200,2024-07-16T07:00:00,1721113500,2024-07-16T07:05:00,1721114040,2024-07-16T07:14:00,-2.3800000000010186,3.8699999999989814,0.13,0.5030999999998675,20451.37,20452.62,20458.424999999996,20459.674999999996,1.25,TAKE,1.4999999999995302,0.754649999999565,0.1625,0.592149999999565,27.48699999999384,28.241649999993406,-56.01050000000621,-55.41835000000665
OPEN_FADE_5M,453,NEW_YORK_0930,US100,SHORT,1721136600,2024-07-16T13:30:00,1721136900,2024-07-16T13:35:00,1721138280,2024-07-16T13:58:00,5.619999999998981,10.119999999998981,0.05,0.505999999999949,20438.62,20439.87,20422.190000000002,20423.440000000002,1.25,TAKE,1.4999999999998204,0.7589999999998327,0.0625,0.6964999999998327,28.241649999993406,29.00064999999324,-55.41835000000665,-54.72185000000682
OPEN_FADE_5M,454,NEW_YORK_0930,US30,SHORT,1721136600,2024-07-16T13:30:00,1721136900,2024-07-16T13:35:00,1721140440,2024-07-16T14:34:00,22.0,34.0,0.01,0.34,40249.75,40250.85,40261.25,40262.35,1.1,TIME_60_M1,-0.37058823529407486,-0.12599999999998546,0.011000000000000001,-0.13699999999998547,29.00064999999324,28.874649999993252,-54.72185000000682,-54.858850000006804
OPEN_FADE_5M,455,LONDON_0800,US100,LONG,1721199600,2024-07-17T07:00:00,1721199900,2024-07-17T07:05:00,1721200320,2024-07-17T07:12:00,-1.75,6.879999999997381,0.08,0.5503999999997905,20343.49,20344.74,20337.860000000004,20339.110000000004,1.25,STOP_ADVERSE_FIRST,-1.0,-0.5503999999997905,0.1,-0.6503999999997905,28.874649999993252,28.324249999993462,-54.858850000006804,-55.509250000006595
OPEN_FADE_5M,456,LONDON_0800,US30,LONG,1721199600,2024-07-17T07:00:00,1721199900,2024-07-17T07:05:00,1721201580,2024-07-17T07:33:00,-3.0,4.75,0.12,0.57,41022.37,41023.47,41018.72,41019.82,1.1,STOP_ADVERSE_FIRST,-1.0,-0.57,0.132,-0.702,28.324249999993462,27.754249999993462,-55.509250000006595,-56.21125000000659
OPEN_FADE_5M,457,NEW_YORK_0930,US30,LONG,1721223000,2024-07-17T13:30:00,1721223300,2024-07-17T13:35:00,1721223360,2024-07-17T13:36:00,-7.0,12.25,0.04,0.49,40928.37,40929.47,40917.22,40918.32,1.1,STOP_ADVERSE_FIRST,-1.0,-0.49,0.044000000000000004,-0.534,27.754249999993462,27.264249999993464,-56.21125000000659,-56.74525000000659
OPEN_FADE_5M,458,NEW_YORK_0930,US100,LONG,1721223000,2024-07-17T13:30:00,1721223300,2024-07-17T13:35:00,1721224320,2024-07-17T13:52:00,-0.12999999999738066,14.25,0.03,0.4275,20163.12,20164.37,20150.12,20151.37,1.25,STOP_ADVERSE_FIRST,-1.0,-0.4275,0.0375,-0.46499999999999997,27.264249999993464,26.836749999993465,-56.74525000000659,-57.210250000006596
OPEN_FADE_5M,459,LONDON_0800,US100,SHORT,1721286000,2024-07-18T07:00:00,1721286300,2024-07-18T07:05:00,1721287020,2024-07-18T07:17:00,1.5,6.25,0.08,0.5,19865.99,19867.24,19855.365,19856.615,1.25,TAKE,1.5,0.75,0.1,0.65,26.836749999993465,27.586749999993465,-57.210250000006596,-56.5602500000066
OPEN_FADE_5M,460,NEW_YORK_0930,US30,SHORT,1721309400,2024-07-18T13:30:00,1721309700,2024-07-18T13:35:00,1721309820,2024-07-18T13:37:00,6.0,10.75,0.05,0.5375,41173.97,41175.07,41183.62,41184.72,1.1,STOP_ADVERSE_FIRST,-1.0,-0.5375,0.05500000000000001,-0.5925,27.586749999993465,27.049249999993464,-56.5602500000066,-57.1527500000066
OPEN_FADE_5M,461,NEW_YORK_0930,US100,SHORT,1721309400,2024-07-18T13:30:00,1721309700,2024-07-18T13:35:00,1721313240,2024-07-18T14:34:00,20.5,24.75,0.02,0.495,19873.86,19875.11,19885.74,19886.99,1.25,TIME_60_M1,-0.5305050505050917,-0.2626000000000204,0.025,-0.2876000000000204,27.049249999993464,26.786649999993443,-57.1527500000066,-57.44035000000662
OPEN_FADE_5M,462,LONDON_0800,US100,LONG,1721372400,2024-07-19T07:00:00,1721372700,2024-07-19T07:05:00,1721376240,2024-07-19T08:04:00,-4.879999999997381,6.75,0.07,0.47250000000000003,19767.35,19768.6,19775.72,19776.97,1.25,TIME_60_M1,1.054814814815203,0.4984000000001834,0.08750000000000001,0.4109000000001834,26.786649999993443,27.28504999999363,-57.44035000000662,-57.029450000006435
OPEN_FADE_5M,463,LONDON_0800,US30,LONG,1721372400,2024-07-19T07:00:00,1721372700,2024-07-19T07:05:00,1721376240,2024-07-19T08:04:00,-11.0,12.75,0.04,0.51,40710.98,40712.08,40720.98,40722.08,1.1,TIME_60_M1,0.6980392156863886,0.3560000000000582,0.044000000000000004,0.31200000000005823,27.28504999999363,27.641049999993687,-57.029450000006435,-56.71745000000637
OPEN_FADE_5M,464,NEW_YORK_0930,US30,LONG,1721395800,2024-07-19T13:30:00,1721396100,2024-07-19T13:35:00,1721396280,2024-07-19T13:38:00,-4.75,10.0,0.05,0.5,40638.98,40640.08,40630.08,40631.18,1.1,STOP_ADVERSE_FIRST,-1.0,-0.5,0.05500000000000001,-0.555,27.641049999993687,27.141049999993687,-56.71745000000637,-57.27245000000637
OPEN_FADE_5M,465,NEW_YORK_0930,US100,LONG,1721395800,2024-07-19T13:30:00,1721396100,2024-07-19T13:35:00,1721396700,2024-07-19T13:45:00,-10.5,15.0,0.03,0.44999999999999996,19707.47,19708.72,19693.72,19694.97,1.25,STOP_ADVERSE_FIRST,-1.0,-0.44999999999999996,0.0375,-0.48749999999999993,27.141049999993687,26.691049999993687,-57.27245000000637,-57.75995000000637
OPEN_FADE_5M,466,LONDON_0800,US100,LONG,1721631600,2024-07-22T07:00:00,1721631900,2024-07-22T07:05:00,1721634540,2024-07-22T07:49:00,-22.25,26.88000000000102,0.01,0.2688000000000102,19581.8,19583.05,19623.370000000003,19624.620000000003,1.25,TAKE,1.5000000000000677,0.4032000000000335,0.0125,0.39070000000003346,26.691049999993687,27.09424999999372,-57.75995000000637,-57.36925000000634
OPEN_FADE_5M,467,LONDON_0800,US30,LONG,1721631600,2024-07-22T07:00:00,1721631900,2024-07-22T07:05:00,1721635440,2024-07-22T08:04:00,-10.0,19.0,0.02,0.38,40325.94,40327.04,40343.69,40344.79,1.1,TIME_60_M1,0.8763157894737608,0.3330000000000291,0.022000000000000002,0.3110000000000291,27.09424999999372,27.42724999999375,-57.36925000000634,-57.05825000000631
OPEN_FADE_5M,468,NEW_YORK_0930,US100,LONG,1721655000,2024-07-22T13:30:00,1721655300,2024-07-22T13:35:00,1721655540,2024-07-22T13:39:00,-5.630000000001019,13.5,0.04,0.54,19689.42,19690.67,19710.92,19712.17,1.25,TAKE,1.5,0.81,0.05,0.76,27.42724999999375,28.23724999999375,-57.05825000000631,-56.29825000000631
OPEN_FADE_5M,469,NEW_YORK_0930,US30,LONG,1721655000,2024-07-22T13:30:00,1721655300,2024-07-22T13:35:00,1721656080,2024-07-22T13:48:00,-3.25,13.5,0.04,0.54,40360.69,40361.79,40382.04,40383.14,1.1,TAKE,1.5,0.81,0.044000000000000004,0.766,28.23724999999375,29.04724999999375,-56.29825000000631,-55.532250000006314
OPEN_FADE_5M,470,LONDON_0800,US100,SHORT,1721718000,2024-07-23T07:00:00,1721718300,2024-07-23T07:05:00,1721718480,2024-07-23T07:08:00,2.6200000000026193,3.8700000000026193,0.15,0.5805000000003929,19765.42,19766.67,19768.04,19769.29,1.25,STOP_ADVERSE_FIRST,-1.0,-0.5805000000003929,0.1875,-0.7680000000003929,29.04724999999375,28.466749999993358,-55.532250000006314,-56.300250000006706
OPEN_FADE_5M,471,LONDON_0800,US30,SHORT,1721718000,2024-07-23T07:00:00,1721718300,2024-07-23T07:05:00,1721718780,2024-07-23T07:13:00,8.0,9.0,0.06,0.54,40419.31,40420.409999999996,40427.21,40428.31,1.1,STOP_ADVERSE_FIRST,-1.0,-0.54,0.066,-0.6060000000000001,28.466749999993358,27.92674999999336,-56.300250000006706,-56.90625000000671
OPEN_FADE_5M,472,NEW_YORK_0930,US100,SHORT,1721741400,2024-07-23T13:30:00,1721741700,2024-07-23T13:35:00,1721742240,2024-07-23T13:44:00,8.0,11.5,0.04,0.46,19819.67,19820.92,19801.17,19802.42,1.25,TAKE,1.5,0.6900000000000001,0.05,0.64,27.92674999999336,28.61674999999336,-56.90625000000671,-56.26625000000671
OPEN_FADE_5M,473,NEW_YORK_0930,US30,SHORT,1721741400,2024-07-23T13:30:00,1721741700,2024-07-23T13:35:00,1721742900,2024-07-23T13:55:00,3.5,11.75,0.04,0.47000000000000003,40489.81,40490.909999999996,40500.46,40501.56,1.1,STOP_ADVERSE_FIRST,-1.0,-0.47000000000000003,0.044000000000000004,-0.514,28.61674999999336,28.14674999999336,-56.26625000000671,-56.78025000000671
OPEN_FADE_5M,474,LONDON_0800,US30,LONG,1721804400,2024-07-24T07:00:00,1721804700,2024-07-24T07:05:00,1721804880,2024-07-24T07:08:00,-3.75,4.75,0.11,0.5225,40286.95,40288.049999999996,40283.299999999996,40284.399999999994,1.1,STOP_ADVERSE_FIRST,-1.0,-0.5225,0.12100000000000001,-0.6435,28.14674999999336,27.62424999999336,-56.78025000000671,-57.42375000000671
OPEN_FADE_5M,475,LONDON_0800,US100,SHORT,1721804400,2024-07-24T07:00:00,1721804700,2024-07-24T07:05:00,1721805180,2024-07-24T07:13:00,0.13000000000101863,4.130000000001019,0.13,0.5369000000001325,19632.41,19633.66,19624.964999999997,19626.214999999997,1.25,TAKE,1.5000000000004403,0.8053500000004351,0.1625,0.6428500000004351,27.62424999999336,28.429599999993794,-57.42375000000671,-56.78090000000628
OPEN_FADE_5M,476,NEW_YORK_0930,US30,SHORT,1721827800,2024-07-24T13:30:00,1721828100,2024-07-24T13:35:00,1721828340,2024-07-24T13:39:00,3.0,11.0,0.05,0.55,40212.95,40214.049999999996,40222.85,40223.95,1.1,STOP_ADVERSE_FIRST,-1.0,-0.55,0.05500000000000001,-0.6050000000000001,28.429599999993794,27.879599999993793,-56.78090000000628,-57.385900000006274
OPEN_FADE_5M,477,NEW_YORK_0930,US100,LONG,1721827800,2024-07-24T13:30:00,1721828100,2024-07-24T13:35:00,1721828580,2024-07-24T13:43:00,-6.869999999998981,15.0,0.03,0.44999999999999996,19561.16,19562.41,19547.41,19548.66,1.25,STOP_ADVERSE_FIRST,-1.0,-0.44999999999999996,0.0375,-0.48749999999999993,27.879599999993793,27.429599999993794,-57.385900000006274,-57.87340000000627
OPEN_FADE_5M,478,LONDON_0800,US100,LONG,1721890800,2024-07-25T07:00:00,1721891100,2024-07-25T07:05:00,1721891580,2024-07-25T07:13:00,-0.38000000000101863,7.75,0.07,0.5425000000000001,19104.78,19106.03,19098.28,19099.53,1.25,STOP_ADVERSE_FIRST,-1.0,-0.5425000000000001,0.08750000000000001,-0.6300000000000001,27.429599999993794,26.887099999993794,-57.87340000000627,-58.50340000000627
OPEN_FADE_5M,479,LONDON_0800,US30,SHORT,1721890800,2024-07-25T07:00:00,1721891100,2024-07-25T07:05:00,1721892780,2024-07-25T07:33:00,1.5,10.5,0.05,0.525,39969.06,39970.159999999996,39952.21,39953.31,1.1,TAKE,1.5,0.7875000000000001,0.05500000000000001,0.7325,26.887099999993794,27.674599999993795,-58.50340000000627,-57.77090000000627
OPEN_FADE_5M,480,NEW_YORK_0930,US30,SHORT,1721914200,2024-07-25T13:30:00,1721914500,2024-07-25T13:35:00,1721916180,2024-07-25T14:03:00,22.5,33.0,0.01,0.33,39867.56,39868.659999999996,39899.46,39900.56,1.1,STOP_ADVERSE_FIRST,-1.0,-0.33,0.011000000000000001,-0.341,27.674599999993795,27.344599999993797,-57.77090000000627,-58.11190000000627
OPEN_FADE_5M,481,NEW_YORK_0930,US100,SHORT,1721914200,2024-07-25T13:30:00,1721914500,2024-07-25T13:35:00,1721916360,2024-07-25T14:06:00,32.88000000000102,46.13000000000102,0.01,0.4613000000000102,18974.91,18976.16,19019.79,19021.04,1.25,STOP_ADVERSE_FIRST,-1.0,-0.4613000000000102,0.0125,-0.4738000000000102,27.344599999993797,26.88329999999379,-58.11190000000627,-58.585700000006284
OPEN_FADE_5M,482,LONDON_0800,US100,LONG,1721977200,2024-07-26T07:00:00,1721977500,2024-07-26T07:05:00,1721978640,2024-07-26T07:24:00,-3.25,9.630000000001019,0.05,0.48150000000005094,18909.43,18910.68,18925.125,18926.375,1.25,TAKE,1.4999999999998113,0.7222499999999855,0.0625,0.6597499999999855,26.88329999999379,27.605549999993773,-58.585700000006284,-57.925950000006296
OPEN_FADE_5M,483,LONDON_0800,US30,LONG,1721977200,2024-07-26T07:00:00,1721977500,2024-07-26T07:05:00,1721978880,2024-07-26T07:28:00,-3.0,9.0,0.05,0.45,40107.44,40108.54,40122.04,40123.14,1.1,TAKE,1.5,0.675,0.05500000000000001,0.62,27.605549999993773,28.280549999993774,-57.925950000006296,-57.3059500000063
OPEN_FADE_5M,484,NEW_YORK_0930,US100,SHORT,1722000600,2024-07-26T13:30:00,1722000900,2024-07-26T13:35:00,1722004440,2024-07-26T14:34:00,15.869999999998981,24.63000000000102,0.02,0.4926000000000204,19032.06,19033.31,19029.68,19030.93,1.25,TIME_60_M1,0.0458790093382449,0.022600000000020375,0.025,-0.0023999999999796268,28.280549999993774,28.303149999993796,-57.3059500000063,-57.30835000000628
OPEN_FADE_5M,485,NEW_YORK_0930,US30,SHORT,1722000600,2024-07-26T13:30:00,1722000900,2024-07-26T13:35:00,1722004440,2024-07-26T14:34:00,28.0,39.5,0.01,0.395,40206.44,40207.54,40215.19,40216.29,1.1,TIME_60_M1,-0.24936708860755807,-0.09849999999998545,0.011000000000000001,-0.10949999999998544,28.303149999993796,28.20464999999381,-57.30835000000628,-57.41785000000626
OPEN_FADE_5M,486,LONDON_0800,US100,SHORT,1722236400,2024-07-29T07:00:00,1722236700,2024-07-29T07:05:00,1722236760,2024-07-29T07:06:00,1.0,3.5,0.16,0.56,19153.28,19154.53,19155.53,19156.78,1.25,STOP_ADVERSE_FIRST,-1.0,-0.56,0.2,-0.76,28.20464999999381,27.64464999999381,-57.41785000000626,-58.17785000000626
OPEN_FADE_5M,487,LONDON_0800,US30,SHORT,1722236400,2024-07-29T07:00:00,1722236700,2024-07-29T07:05:00,1722236880,2024-07-29T07:08:00,5.0,5.5,0.1,0.55,40785.11,40786.21,40789.51,40790.61,1.1,STOP_ADVERSE_FIRST,-1.0,-0.55,0.11000000000000001,-0.66,27.64464999999381,27.09464999999381,-58.17785000000626,-58.837850000006256
OPEN_FADE_5M,488,NEW_YORK_0930,US30,SHORT,1722259800,2024-07-29T13:30:00,1722260100,2024-07-29T13:35:00,1722260220,2024-07-29T13:37:00,5.0,6.0,0.09,0.54,40795.11,40796.21,40785.01,40786.11,1.1,TAKE,1.4999999999999998,0.8099999999999999,0.099,0.711,27.09464999999381,27.904649999993808,-58.837850000006256,-58.12685000000626
OPEN_FADE_5M,489,NEW_YORK_0930,US100,SHORT,1722259800,2024-07-29T13:30:00,1722260100,2024-07-29T13:35:00,1722261600,2024-07-29T14:00:00,3.75,6.75,0.08,0.54,19139.15,19140.4,19127.775,19129.025,1.25,TAKE,1.5,0.81,0.1,0.7100000000000001,27.904649999993808,28.714649999993807,-58.12685000000626,-57.41685000000626
OPEN_FADE_5M,490,LONDON_0800,US30,SHORT,1722322800,2024-07-30T07:00:00,1722323100,2024-07-30T07:05:00,1722323580,2024-07-30T07:13:00,11.0,11.0,0.05,0.55,40528.73,40529.83,40538.630000000005,40539.73,1.1,STOP_ADVERSE_FIRST,-1.0,-0.55,0.05500000000000001,-0.6050000000000001,28.714649999993807,28.164649999993806,-57.41685000000626,-58.02185000000625
OPEN_FADE_5M,491,LONDON_0800,US100,SHORT,1722322800,2024-07-30T07:00:00,1722323100,2024-07-30T07:05:00,1722324540,2024-07-30T07:29:00,15.880000000001019,18.38000000000102,0.03,0.5514000000000305,18998.53,18999.78,19015.66,19016.91,1.25,STOP_ADVERSE_FIRST,-1.0,-0.5514000000000305,0.0375,-0.5889000000000305,28.164649999993806,27.613249999993776,-58.02185000000625,-58.610750000006284
OPEN_FADE_5M,492,NEW_YORK_0930,US100,SHORT,1722346200,2024-07-30T13:30:00,1722346500,2024-07-30T13:35:00,1722347100,2024-07-30T13:45:00,2.25,8.130000000001019,0.06,0.4878000000000611,19099.78,19101.03,19106.66,19107.91,1.25,STOP_ADVERSE_FIRST,-1.0,-0.4878000000000611,0.075,-0.562800000000061,27.613249999993776,27.125449999993716,-58.610750000006284,-59.173550000006344
OPEN_FADE_5M,493,NEW_YORK_0930,US30,SHORT,1722346200,2024-07-30T13:30:00,1722346500,2024-07-30T13:35:00,1722347700,2024-07-30T13:55:00,2.0,19.25,0.02,0.385,40649.73,40650.83,40619.755000000005,40620.855,1.1,TAKE,1.5,0.5775,0.022000000000000002,0.5555,27.125449999993716,27.702949999993717,-59.173550000006344,-58.61805000000634
OPEN_FADE_5M,494,LONDON_0800,US100,LONG,1722409200,2024-07-31T07:00:00,1722409500,2024-07-31T07:05:00,1722413040,2024-07-31T08:04:00,-32.5,50.75,0.01,0.5075000000000001,18956.35,18957.6,18953.85,18955.1,1.25,TIME_60_M1,-0.07389162561576354,-0.0375,0.0125,-0.05,27.702949999993717,27.665449999993715,-58.61805000000634,-58.66805000000634
OPEN_FADE_5M,495,LONDON_0800,US30,LONG,1722409200,2024-07-31T07:00:00,1722409500,2024-07-31T07:05:00,1722413040,2024-07-31T08:04:00,-5.5,31.25,0.01,0.3125,40692.39,40693.49,40694.64,40695.74,1.1,TIME_60_M1,0.036800000000046566,0.011500000000014552,0.011000000000000001,0.0005000000000145513,27.665449999993715,27.67694999999373,-58.66805000000634,-58.66755000000632
OPEN_FADE_5M,496,NEW_YORK_0930,US30,LONG,1722432600,2024-07-31T13:30:00,1722432900,2024-07-31T13:35:00,1722433680,2024-07-31T13:48:00,-2.0,9.0,0.06,0.54,40921.64,40922.74,40913.74,40914.84,1.1,STOP_ADVERSE_FIRST,-1.0,-0.54,0.066,-0.6060000000000001,27.67694999999373,27.136949999993732,-58.66755000000632,-59.273550000006324
OPEN_FADE_5M,497,NEW_YORK_0930,US100,LONG,1722432600,2024-07-31T13:30:00,1722432900,2024-07-31T13:35:00,1722434220,2024-07-31T13:57:00,-1.25,8.369999999998981,0.06,0.5021999999999389,19069.6,19070.85,19083.405,19084.655,1.25,TAKE,1.5000000000002172,0.7533000000000174,0.075,0.6783000000000174,27.136949999993732,27.89024999999375,-59.273550000006324,-58.59525000000631
OPEN_FADE_5M,498,LONDON_0800,US100,LONG,1722495600,2024-08-01T07:00:00,1722495900,2024-08-01T07:05:00,1722498000,2024-08-01T07:40:00,-6.5,11.87999999999738,0.04,0.47519999999989526,19535.35,19536.6,19524.72,19525.97,1.25,STOP_ADVERSE_FIRST,-1.0,-0.47519999999989526,0.05,-0.5251999999998953,27.89024999999375,27.415049999993855,-58.59525000000631,-59.12045000000621
OPEN_FADE_5M,499,LONDON_0800,US30,LONG,1722495600,2024-08-01T07:00:00,1722495900,2024-08-01T07:05:00,1722499440,2024-08-01T08:04:00,-12.5,18.75,0.02,0.375,40956.51,40957.61,40971.01,40972.11,1.1,TIME_60_M1,0.7146666666667443,0.2680000000000291,0.022000000000000002,0.2460000000000291,27.415049999993855,27.683049999993884,-59.12045000000621,-58.87445000000618
OPEN_FADE_5M,500,NEW_YORK_0930,US30,SHORT,1722519000,2024-08-01T13:30:00,1722519300,2024-08-01T13:35:00,1722520800,2024-08-01T14:00:00,5.75,13.5,0.04,0.54,40945.01,40946.11,40923.66,40924.76,1.1,TAKE,1.5,0.81,0.044000000000000004,0.766,27.683049999993884,28.493049999993882,-58.87445000000618,-58.10845000000618
OPEN_FADE_5M,501,NEW_YORK_0930,US100,LONG,1722519000,2024-08-01T13:30:00,1722519300,2024-08-01T13:35:00,1722521640,2024-08-01T14:14:00,-21.75,25.87999999999738,0.02,0.5175999999999477,19434.85,19436.1,19474.919999999995,19476.169999999995,1.25,TAKE,1.5,0.7763999999999215,0.025,0.7513999999999215,28.493049999993882,29.269449999993803,-58.10845000000618,-57.35705000000626
OPEN_FADE_5M,502,LONDON_0800,US100,SHORT,1722582000,2024-08-02T07:00:00,1722582300,2024-08-02T07:05:00,1722582720,2024-08-02T07:12:00,4.619999999998981,11.130000000001019,0.05,0.556500000000051,18654.57,18655.82,18636.625,18637.875,1.25,TAKE,1.4999999999998366,0.8347499999999854,0.0625,0.7722499999999854,29.269449999993803,30.10419999999379,-57.35705000000626,-56.584800000006275
OPEN_FADE_5M,503,LONDON_0800,US30,LONG,1722582000,2024-08-02T07:00:00,1722582300,2024-08-02T07:05:00,1722582720,2024-08-02T07:12:00,-0.25,12.25,0.04,0.49,40169.59,40170.689999999995,40158.439999999995,40159.53999999999,1.1,STOP_ADVERSE_FIRST,-1.0,-0.49,0.044000000000000004,-0.534,30.10419999999379,29.61419999999379,-56.584800000006275,-57.118800000006274
OPEN_FADE_5M,504,NEW_YORK_0930,US30,LONG,1722605400,2024-08-02T13:30:00,1722605700,2024-08-02T13:35:00,1722606960,2024-08-02T13:56:00,-9.0,30.5,0.01,0.305,39945.59,39946.689999999995,39992.439999999995,39993.53999999999,1.1,TAKE,1.5,0.4575,0.011000000000000001,0.4465,29.61419999999379,30.07169999999379,-57.118800000006274,-56.672300000006274
OPEN_FADE_5M,505,NEW_YORK_0930,US100,LONG,1722605400,2024-08-02T13:30:00,1722605700,2024-08-02T13:35:00,1722609240,2024-08-02T14:34:00,-39.13000000000102,47.5,0.01,0.47500000000000003,18534.7,18535.95,18582.82,18584.07,1.25,TIME_60_M1,0.9867368421052417,0.46869999999998985,0.0125,0.45619999999998984,30.07169999999379,30.54039999999378,-56.672300000006274,-56.216100000006286
OPEN_FADE_5M,506,LONDON_0800,US100,SHORT,1722841200,2024-08-05T07:00:00,1722841500,2024-08-05T07:05:00,1722841680,2024-08-05T07:08:00,3.5,19.75,0.03,0.5925,17902.33,17903.58,17871.455,17872.705,1.25,TAKE,1.4999999999999998,0.8887499999999999,0.0375,0.85125,30.54039999999378,31.429149999993783,-56.216100000006286,-55.364850000006285
OPEN_FADE_5M,507,NEW_YORK_0930,US100,LONG,1722864600,2024-08-05T13:30:00,1722864900,2024-08-05T13:35:00,1722865200,2024-08-05T13:40:00,-16.25,47.5,0.01,0.47500000000000003,17589.83,17591.08,17543.58,17544.83,1.25,STOP_ADVERSE_FIRST,-1.0,-0.47500000000000003,0.0125,-0.48750000000000004,31.429149999993783,30.95414999999378,-55.364850000006285,-55.85235000000628
OPEN_FADE_5M,508,NEW_YORK_0930,US30,LONG,1722864600,2024-08-05T13:30:00,1722864900,2024-08-05T13:35:00,1722865320,2024-08-05T13:42:00,-2.0,46.75,0.01,0.4675,38952.69,38953.79,38907.04,38908.14,1.1,STOP_ADVERSE_FIRST,-1.0,-0.4675,0.011000000000000001,-0.47850000000000004,30.95414999999378,30.48664999999378,-55.85235000000628,-56.33085000000628
OPEN_FADE_5M,509,LONDON_0800,US30,SHORT,1722927600,2024-08-06T07:00:00,1722927900,2024-08-06T07:05:00,1722928200,2024-08-06T07:10:00,4.5,8.5,0.07,0.5950000000000001,39083.83,39084.93,39091.23,39092.33,1.1,STOP_ADVERSE_FIRST,-1.0,-0.5950000000000001,0.07700000000000001,-0.6720000000000002,30.48664999999378,29.89164999999378,-56.33085000000628,-57.002850000006276
OPEN_FADE_5M,510,LONDON_0800,US100,LONG,1722927600,2024-08-06T07:00:00,1722927900,2024-08-06T07:05:00,1722929580,2024-08-06T07:33:00,-2.6300000000010186,9.25,0.06,0.5549999999999999,18263.44,18264.69,18255.44,18256.69,1.25,STOP_ADVERSE_FIRST,-1.0,-0.5549999999999999,0.075,-0.6299999999999999,29.89164999999378,29.33664999999378,-57.002850000006276,-57.63285000000628
OPEN_FADE_5M,511,NEW_YORK_0930,US100,SHORT,1722951000,2024-08-06T13:30:00,1722951300,2024-08-06T13:35:00,1722951660,2024-08-06T13:41:00,20.13000000000102,35.75,0.01,0.3575,18026.19,18027.44,18060.69,18061.94,1.25,STOP_ADVERSE_FIRST,-1.0,-0.3575,0.0125,-0.37,29.33664999999378,28.97914999999378,-57.63285000000628,-58.002850000006276
OPEN_FADE_5M,512,NEW_YORK_0930,US30,SHORT,1722951000,2024-08-06T13:30:00,1722951300,2024-08-06T13:35:00,1722952440,2024-08-06T13:54:00,67.75,114.25,0.01,1.1425,38895.83,38896.93,39008.98,39010.08,1.1,STOP_ADVERSE_FIRST,-1.0,-1.1425,0.011000000000000001,-1.1535,28.97914999999378,27.83664999999378,-58.002850000006276,-59.15635000000628
OPEN_FADE_5M,513,LONDON_0800,US30,SHORT,1723014000,2024-08-07T07:00:00,1723014300,2024-08-07T07:05:00,1723014360,2024-08-07T07:06:00,5.25,13.0,0.04,0.52,39268.42,39269.52,39280.32,39281.42,1.1,STOP_ADVERSE_FIRST,-1.0,-0.52,0.044000000000000004,-0.5640000000000001,27.83664999999378,27.316649999993782,-59.15635000000628,-59.72035000000628
OPEN_FADE_5M,514,LONDON_0800,US100,SHORT,1723014000,2024-08-07T07:00:00,1723014300,2024-08-07T07:05:00,1723014660,2024-08-07T07:11:00,6.870000000002619,17.75,0.03,0.5325,18270.76,18272.01,18287.26,18288.51,1.25,STOP_ADVERSE_FIRST,-1.0,-0.5325,0.0375,-0.57,27.316649999993782,26.784149999993783,-59.72035000000628,-60.29035000000628
OPEN_FADE_5M,515,NEW_YORK_0930,US100,SHORT,1723037400,2024-08-07T13:30:00,1723037700,2024-08-07T13:35:00,1723037880,2024-08-07T13:38:00,1.3700000000026193,14.25,0.03,0.4275,18294.76,18296.01,18307.76,18309.01,1.25,STOP_ADVERSE_FIRST,-1.0,-0.4275,0.0375,-0.46499999999999997,26.784149999993783,26.356649999993785,-60.29035000000628,-60.75535000000628
OPEN_FADE_5M,516,NEW_YORK_0930,US30,LONG,1723037400,2024-08-07T13:30:00,1723037700,2024-08-07T13:35:00,1723038600,2024-08-07T13:50:00,-2.5,23.0,0.02,0.46,39324.17,39325.27,39359.77,39360.869999999995,1.1,TAKE,1.5,0.6900000000000001,0.022000000000000002,0.668,26.356649999993785,27.046649999993786,-60.75535000000628,-60.08735000000628
OPEN_FADE_5M,517,LONDON_0800,US30,LONG,1723100400,2024-08-08T07:00:00,1723100700,2024-08-08T07:05:00,1723101420,2024-08-08T07:17:00,-27.25,29.75,0.01,0.2975,38745.05,38746.15,38790.775,38791.875,1.1,TAKE,1.5000000000000002,0.44625000000000004,0.011000000000000001,0.43525,27.046649999993786,27.492899999993785,-60.08735000000628,-59.65210000000628
OPEN_FADE_5M,518,LONDON_0800,US100,LONG,1723100400,2024-08-08T07:00:00,1723100700,2024-08-08T07:05:00,1723104240,2024-08-08T08:04:00,-28.86999999999898,38.36999999999898,0.01,0.3836999999999898,17872.3,17873.55,17887.3,17888.55,1.25,TIME_60_M1,0.35835287985406217,0.1375,0.0125,0.125,27.492899999993785,27.630399999993784,-59.65210000000628,-59.52710000000628
OPEN_FADE_5M,519,NEW_YORK_0930,US30,LONG,1723123800,2024-08-08T13:30:00,1723124100,2024-08-08T13:35:00,1723124940,2024-08-08T13:49:00,-7.25,31.75,0.01,0.3175,38680.3,38681.4,38649.65,38650.75,1.1,STOP_ADVERSE_FIRST,-1.0,-0.3175,0.011000000000000001,-0.3285,27.630399999993784,27.312899999993785,-59.52710000000628,-59.85560000000628
OPEN_FADE_5M,520,NEW_YORK_0930,US100,SHORT,1723123800,2024-08-08T13:30:00,1723124100,2024-08-08T13:35:00,1723127640,2024-08-08T14:34:00,12.25,32.25,0.01,0.3225,17863.68,17864.93,17860.68,17861.93,1.25,TIME_60_M1,0.054263565891472874,0.0175,0.0125,0.005000000000000001,27.312899999993785,27.330399999993784,-59.85560000000628,-59.850600000006274
OPEN_FADE_5M,521,LONDON_0800,US100,LONG,1723186800,2024-08-09T07:00:00,1723187100,2024-08-09T07:05:00,1723187220,2024-08-09T07:07:00,-3.3800000000010186,7.380000000001019,0.07,0.5166000000000713,18443.06,18444.31,18455.380000000005,18456.630000000005,1.25,TAKE,1.5000000000002467,0.7749000000002344,0.08750000000000001,0.6874000000002344,27.330399999993784,28.105299999994017,-59.850600000006274,-59.16320000000604
OPEN_FADE_5M,522,LONDON_0800,US30,LONG,1723186800,2024-08-09T07:00:00,1723187100,2024-08-09T07:05:00,1723188420,2024-08-09T07:27:00,-13.0,14.75,0.03,0.4425,39490.55,39491.65,39476.9,39478.0,1.1,STOP_ADVERSE_FIRST,-1.0,-0.4425,0.033,-0.47550000000000003,28.105299999994017,27.662799999994018,-59.16320000000604,-59.63870000000604
OPEN_FADE_5M,523,NEW_YORK_0930,US100,LONG,1723210200,2024-08-09T13:30:00,1723210500,2024-08-09T13:35:00,1723210560,2024-08-09T13:36:00,-0.25,11.5,0.04,0.46,18469.18,18470.43,18458.93,18460.18,1.25,STOP_ADVERSE_FIRST,-1.0,-0.46,0.05,-0.51,27.662799999994018,27.202799999994017,-59.63870000000604,-60.14870000000604
OPEN_FADE_5M,524,NEW_YORK_0930,US30,LONG,1723210200,2024-08-09T13:30:00,1723210500,2024-08-09T13:35:00,1723210740,2024-08-09T13:39:00,-1.5,11.0,0.05,0.55,39478.8,39479.9,39468.9,39470.0,1.1,STOP_ADVERSE_FIRST,-1.0,-0.55,0.05500000000000001,-0.6050000000000001,27.202799999994017,26.652799999994016,-60.14870000000604,-60.753700000006035
OPEN_FADE_5M,525,LONDON_0800,US100,LONG,1723446000,2024-08-12T07:00:00,1723446300,2024-08-12T07:05:00,1723446540,2024-08-12T07:09:00,-1.6199999999989814,7.369999999998981,0.07,0.5158999999999287,18524.43,18525.68,18518.31,18519.56,1.25,STOP_ADVERSE_FIRST,-1.0,-0.5158999999999287,0.08750000000000001,-0.6033999999999288,26.652799999994016,26.13689999999409,-60.753700000006035,-61.357100000005964
OPEN_FADE_5M,526,LONDON_0800,US30,SHORT,1723446000,2024-08-12T07:00:00,1723446300,2024-08-12T07:05:00,1723446540,2024-08-12T07:09:00,0.5,5.25,0.1,0.525,39483.92,39485.02,39488.07,39489.17,1.1,STOP_ADVERSE_FIRST,-1.0,-0.525,0.11000000000000001,-0.635,26.13689999999409,25.61189999999409,-61.357100000005964,-61.99210000000596
OPEN_FADE_5M,527,NEW_YORK_0930,US100,SHORT,1723469400,2024-08-12T13:30:00,1723469700,2024-08-12T13:35:00,1723471200,2024-08-12T14:00:00,0.75,8.25,0.06,0.495,18556.55,18557.8,18542.925,18544.175,1.25,TAKE,1.4999999999999998,0.7424999999999999,0.075,0.6675,25.61189999999409,26.35439999999409,-61.99210000000596,-61.324600000005965
OPEN_FADE_5M,528,NEW_YORK_0930,US30,SHORT,1723469400,2024-08-12T13:30:00,1723469700,2024-08-12T13:35:00,1723471320,2024-08-12T14:02:00,8.0,14.5,0.03,0.435,39543.17,39544.27,39556.57,39557.67,1.1,STOP_ADVERSE_FIRST,-1.0,-0.435,0.033,-0.46799999999999997,26.35439999999409,25.91939999999409,-61.324600000005965,-61.79260000000596
OPEN_FADE_5M,529,LONDON_0800,US100,SHORT,1723532400,2024-08-13T07:00:00,1723532700,2024-08-13T07:05:00,1723532760,2024-08-13T07:06:00,3.25,4.5,0.11,0.495,18566.43,18567.68,18569.68,18570.93,1.25,STOP_ADVERSE_FIRST,-1.0,-0.495,0.1375,-0.6325000000000001,25.91939999999409,25.42439999999409,-61.79260000000596,-62.42510000000596
OPEN_FADE_5M,530,LONDON_0800,US30,SHORT,1723532400,2024-08-13T07:00:00,1723532700,2024-08-13T07:05:00,1723532820,2024-08-13T07:07:00,2.0,6.5,0.07,0.45500000000000007,39420.06,39421.159999999996,39425.46,39426.56,1.1,STOP_ADVERSE_FIRST,-1.0,-0.45500000000000007,0.07700000000000001,-0.532,25.42439999999409,24.96939999999409,-62.42510000000596,-62.957100000005966
OPEN_FADE_5M,531,NEW_YORK_0930,US100,LONG,1723555800,2024-08-13T13:30:00,1723556100,2024-08-13T13:35:00,1723556100,2024-08-13T13:35:00,-2.1300000000010186,20.88000000000102,0.02,0.4176000000000204,18579.68,18580.93,18560.05,18561.3,1.25,STOP_ADVERSE_FIRST,-1.0,-0.4176000000000204,0.025,-0.4426000000000204,24.96939999999409,24.551799999994067,-62.957100000005966,-63.399700000005986
OPEN_FADE_5M,532,NEW_YORK_0930,US30,LONG,1723555800,2024-08-13T13:30:00,1723556100,2024-08-13T13:35:00,1723556100,2024-08-13T13:35:00,-22.25,36.25,0.01,0.3625,39274.06,39275.159999999996,39238.909999999996,39240.009999999995,1.1,STOP_ADVERSE_FIRST,-1.0,-0.3625,0.011000000000000001,-0.3735,24.551799999994067,24.189299999994066,-63.399700000005986,-63.773200000005986
OPEN_FADE_5M,533,LONDON_0800,US30,SHORT,1723618800,2024-08-14T07:00:00,1723619100,2024-08-14T07:05:00,1723619460,2024-08-14T07:11:00,2.0,9.0,0.05,0.45,39776.69,39777.79,39784.590000000004,39785.69,1.1,STOP_ADVERSE_FIRST,-1.0,-0.45,0.05500000000000001,-0.505,24.189299999994066,23.739299999994067,-63.773200000005986,-64.27820000000598
OPEN_FADE_5M,534,LONDON_0800,US100,LONG,1723618800,2024-08-14T07:00:00,1723619100,2024-08-14T07:05:00,1723622400,2024-08-14T08:00:00,-0.12000000000261934,8.37000000000262,0.05,0.418500000000131,19004.56,19005.81,18997.44,18998.69,1.25,STOP_ADVERSE_FIRST,-1.0,-0.418500000000131,0.0625,-0.481000000000131,23.739299999994067,23.320799999993937,-64.27820000000598,-64.75920000000612
OPEN_FADE_5M,535,NEW_YORK_0930,US100,LONG,1723642200,2024-08-14T13:30:00,1723642500,2024-08-14T13:35:00,1723644840,2024-08-14T14:14:00,-4.75,13.87999999999738,0.03,0.4163999999999214,19003.31,19004.56,18990.680000000004,18991.930000000004,1.25,STOP_ADVERSE_FIRST,-1.0,-0.4163999999999214,0.0375,-0.45389999999992137,23.320799999993937,22.904399999994016,-64.75920000000612,-65.21310000000604
OPEN_FADE_5M,536,NEW_YORK_0930,US30,SHORT,1723642200,2024-08-14T13:30:00,1723642500,2024-08-14T13:35:00,1723646040,2024-08-14T14:34:00,7.0,13.0,0.03,0.39,39780.69,39781.79,39760.090000000004,39761.19,1.1,TAKE,1.4999999999999998,0.585,0.033,0.5519999999999999,22.904399999994016,23.489399999994017,-65.21310000000604,-64.66110000000603
OPEN_FADE_5M,537,LONDON_0800,US100,SHORT,1723705200,2024-08-15T07:00:00,1723705500,2024-08-15T07:05:00,1723705500,2024-08-15T07:05:00,1.0,4.130000000001019,0.11,0.45430000000011206,19111.36,19112.61,19114.24,19115.49,1.25,STOP_ADVERSE_FIRST,-1.0,-0.45430000000011206,0.1375,-0.591800000000112,23.489399999994017,23.035099999993903,-64.66110000000603,-65.25290000000614
OPEN_FADE_5M,538,NEW_YORK_0930,US100,SHORT,1723728600,2024-08-15T13:30:00,1723728900,2024-08-15T13:35:00,1723729860,2024-08-15T13:51:00,8.619999999998981,12.869999999998981,0.03,0.3860999999999694,19041.11,19042.36,19020.555,19021.805,1.25,TAKE,1.5000000000001414,0.5791500000000087,0.0375,0.5416500000000087,23.035099999993903,23.614249999993913,-65.25290000000614,-64.71125000000613
OPEN_FADE_5M,539,NEW_YORK_0930,US30,SHORT,1723728600,2024-08-15T13:30:00,1723728900,2024-08-15T13:35:00,1723729860,2024-08-15T13:51:00,4.0,11.0,0.04,0.44,40094.4,40095.5,40076.8,40077.9,1.1,TAKE,1.5,0.66,0.044000000000000004,0.616,23.614249999993913,24.274249999993913,-64.71125000000613,-64.09525000000613
OPEN_FADE_5M,540,LONDON_0800,US30,LONG,1723791600,2024-08-16T07:00:00,1723791900,2024-08-16T07:05:00,1723792380,2024-08-16T07:13:00,-2.0,5.0,0.09,0.44999999999999996,40620.81,40621.909999999996,40616.909999999996,40618.009999999995,1.1,STOP_ADVERSE_FIRST,-1.0,-0.44999999999999996,0.099,-0.5489999999999999,24.274249999993913,23.824249999993913,-64.09525000000613,-64.64425000000614
OPEN_FADE_5M,541,LONDON_0800,US100,LONG,1723791600,2024-08-16T07:00:00,1723791900,2024-08-16T07:05:00,1723792440,2024-08-16T07:14:00,-5.130000000001019,7.75,0.06,0.46499999999999997,19525.64,19526.89,19519.14,19520.39,1.25,STOP_ADVERSE_FIRST,-1.0,-0.46499999999999997,0.075,-0.5399999999999999,23.824249999993913,23.359249999993914,-64.64425000000614,-65.18425000000614
OPEN_FADE_5M,542,NEW_YORK_0930,US100,LONG,1723815000,2024-08-16T13:30:00,1723815300,2024-08-16T13:35:00,1723818840,2024-08-16T14:34:00,-13.119999999998981,25.36999999999898,0.01,0.2536999999999898,19475.27,19476.52,19471.02,19472.27,1.25,TIME_60_M1,-0.21679148600710368,-0.055,0.0125,-0.0675,23.359249999993914,23.304249999993914,-65.18425000000614,-65.25175000000614
OPEN_FADE_5M,543,NEW_YORK_0930,US30,LONG,1723815000,2024-08-16T13:30:00,1723815300,2024-08-16T13:35:00,1723818840,2024-08-16T14:34:00,-13.25,23.5,0.01,0.23500000000000001,40536.81,40537.909999999996,40518.81,40519.909999999996,1.1,TIME_60_M1,-0.8127659574467466,-0.19099999999998546,0.011000000000000001,-0.20199999999998547,23.304249999993914,23.11324999999393,-65.25175000000614,-65.45375000000612
OPEN_FADE_5M,544,LONDON_0800,US100,LONG,1724050800,2024-08-19T07:00:00,1724051100,2024-08-19T07:05:00,1724052780,2024-08-19T07:33:00,-5.25,11.5,0.04,0.46,19547.08,19548.33,19536.83,19538.08,1.25,STOP_ADVERSE_FIRST,-1.0,-0.46,0.05,-0.51,23.11324999999393,22.65324999999393,-65.45375000000612,-65.96375000000613
OPEN_FADE_5M,545,LONDON_0800,US30,LONG,1724050800,2024-08-19T07:00:00,1724051100,2024-08-19T07:05:00,1724052780,2024-08-19T07:33:00,-2.0,6.75,0.06,0.40499999999999997,40695.07,40696.17,40689.42,40690.52,1.1,STOP_ADVERSE_FIRST,-1.0,-0.40499999999999997,0.066,-0.471,22.65324999999393,22.248249999993927,-65.96375000000613,-66.43475000000613
OPEN_FADE_5M,546,NEW_YORK_0930,US100,LONG,1724074200,2024-08-19T13:30:00,1724074500,2024-08-19T13:35:00,1724074800,2024-08-19T13:40:00,-3.5,9.75,0.04,0.39,19499.21,19500.46,19490.71,19491.96,1.25,STOP_ADVERSE_FIRST,-1.0,-0.39,0.05,-0.44,22.248249999993927,21.858249999993927,-66.43475000000613,-66.87475000000613
OPEN_FADE_5M,547,NEW_YORK_0930,US30,SHORT,1724074200,2024-08-19T13:30:00,1724074500,2024-08-19T13:35:00,1724076360,2024-08-19T14:06:00,3.0,10.0,0.04,0.4,40685.82,40686.92,40669.72,40670.82,1.1,TAKE,1.4999999999999998,0.6,0.044000000000000004,0.5559999999999999,21.858249999993927,22.458249999993928,-66.87475000000613,-66.31875000000613
OPEN_FADE_5M,548,LONDON_0800,US30,SHORT,1724137200,2024-08-20T07:00:00,1724137500,2024-08-20T07:05:00,1724137860,2024-08-20T07:11:00,4.25,7.0,0.06,0.42,40899.73,40900.83,40905.630000000005,40906.73,1.1,STOP_ADVERSE_FIRST,-1.0,-0.42,0.066,-0.486,22.458249999993928,22.038249999993926,-66.31875000000613,-66.80475000000614
OPEN_FADE_5M,549,LONDON_0800,US100,SHORT,1724137200,2024-08-20T07:00:00,1724137500,2024-08-20T07:05:00,1724137920,2024-08-20T07:12:00,4.0,9.5,0.04,0.38,19789.27,19790.52,19797.52,19798.77,1.25,STOP_ADVERSE_FIRST,-1.0,-0.38,0.05,-0.43,22.038249999993926,21.658249999993927,-66.80475000000614,-67.23475000000614
OPEN_FADE_5M,550,NEW_YORK_0930,US100,SHORT,1724160600,2024-08-20T13:30:00,1724160900,2024-08-20T13:35:00,1724161200,2024-08-20T13:40:00,3.5,7.5,0.05,0.375,19787.77,19789.02,19794.02,19795.27,1.25,STOP_ADVERSE_FIRST,-1.0,-0.375,0.0625,-0.4375,21.658249999993927,21.283249999993927,-67.23475000000614,-67.67225000000614
OPEN_FADE_5M,551,NEW_YORK_0930,US30,SHORT,1724160600,2024-08-20T13:30:00,1724160900,2024-08-20T13:35:00,1724164440,2024-08-20T14:34:00,3.5,13.25,0.03,0.39749999999999996,40903.73,40904.83,40888.73,40889.83,1.1,TIME_60_M1,1.0490566037736948,0.4170000000000436,0.033,0.38400000000004364,21.283249999993927,21.70024999999397,-67.67225000000614,-67.2882500000061
OPEN_FADE_5M,552,NEW_YORK_0930,US100,SHORT,1724247000,2024-08-21T13:30:00,1724247300,2024-08-21T13:35:00,1724248380,2024-08-21T13:53:00,11.12999999999738,14.12000000000262,0.03,0.4236000000000786,19738.4,19739.65,19751.270000000004,19752.520000000004,1.25,STOP_ADVERSE_FIRST,-1.0,-0.4236000000000786,0.0375,-0.46110000000007856,21.70024999999397,21.276649999993893,-67.2882500000061,-67.74935000000617
OPEN_FADE_5M,553,NEW_YORK_0930,US30,SHORT,1724247000,2024-08-21T13:30:00,1724247300,2024-08-21T13:35:00,1724250840,2024-08-21T14:34:00,22.0,25.25,0.01,0.2525,40905.37,40906.47,40918.37,40919.47,1.1,TIME_60_M1,-0.5584158415841007,-0.14099999999998544,0.011000000000000001,-0.15199999999998545,21.276649999993893,21.13564999999391,-67.74935000000617,-67.90135000000616
OPEN_FADE_5M,554,LONDON_0800,US100,SHORT,1724310000,2024-08-22T07:00:00,1724310300,2024-08-22T07:05:00,1724310420,2024-08-22T07:07:00,3.5,4.619999999998981,0.09,0.4157999999999083,19801.26,19802.51,19804.629999999997,19805.879999999997,1.25,STOP_ADVERSE_FIRST,-1.0,-0.4157999999999083,0.11249999999999999,-0.5282999999999083,21.13564999999391,20.719849999994,-67.90135000000616,-68.42965000000606
OPEN_FADE_5M,555,NEW_YORK_0930,US30,SHORT,1724333400,2024-08-22T13:30:00,1724333700,2024-08-22T13:35:00,1724333940,2024-08-22T13:39:00,3.0,4.75,0.08,0.38,40954.76,40955.86,40958.41,40959.51,1.1,STOP_ADVERSE_FIRST,-1.0,-0.38,0.08800000000000001,-0.468,20.719849999994,20.339849999994,-68.42965000000606,-68.89765000000607
OPEN_FADE_5M,556,NEW_YORK_0930,US100,SHORT,1724333400,2024-08-22T13:30:00,1724333700,2024-08-22T13:35:00,1724335200,2024-08-22T14:00:00,13.25,14.75,0.02,0.295,19865.51,19866.76,19879.01,19880.26,1.25,STOP_ADVERSE_FIRST,-1.0,-0.295,0.025,-0.32,20.339849999994,20.044849999994,-68.89765000000607,-69.21765000000606
OPEN_FADE_5M,557,LONDON_0800,US100,SHORT,1724396400,2024-08-23T07:00:00,1724396700,2024-08-23T07:05:00,1724400240,2024-08-23T08:04:00,13.0,14.5,0.02,0.29,19597.64,19598.89,19600.77,19602.02,1.25,TIME_60_M1,-0.30206896551731166,-0.08760000000002037,0.025,-0.11260000000002038,20.044849999994,19.95724999999398,-69.21765000000606,-69.33025000000607
OPEN_FADE_5M,558,LONDON_0800,US30,SHORT,1724396400,2024-08-23T07:00:00,1724396700,2024-08-23T07:05:00,1724400240,2024-08-23T08:04:00,8.75,10.25,0.03,0.3075,40820.91,40822.01,40819.66,40820.76,1.1,TIME_60_M1,0.014634146341605385,0.004500000000043656,0.033,-0.028499999999956345,19.95724999999398,19.961749999994023,-69.33025000000607,-69.35875000000603
OPEN_FADE_5M,559,NEW_YORK_0930,US100,SHORT,1724419800,2024-08-23T13:30:00,1724420100,2024-08-23T13:35:00,1724420460,2024-08-23T13:41:00,8.75,10.130000000001019,0.03,0.30390000000003053,19645.52,19646.77,19654.4,19655.65,1.25,STOP_ADVERSE_FIRST,-1.0,-0.30390000000003053,0.0375,-0.3414000000000305,19.961749999994023,19.657849999993992,-69.35875000000603,-69.70015000000606
OPEN_FADE_5M,560,NEW_YORK_0930,US30,SHORT,1724419800,2024-08-23T13:30:00,1724420100,2024-08-23T13:35:00,1724420460,2024-08-23T13:41:00,12.75,15.25,0.02,0.305,40874.66,40875.76,40888.810000000005,40889.91,1.1,STOP_ADVERSE_FIRST,-1.0,-0.305,0.022000000000000002,-0.327,19.657849999993992,19.352849999993992,-69.70015000000606,-70.02715000000606
OPEN_FADE_5M,561,LONDON_0800,US100,SHORT,1724655600,2024-08-26T07:00:00,1724655900,2024-08-26T07:05:00,1724656320,2024-08-26T07:12:00,4.369999999998981,9.380000000001019,0.04,0.3752000000000408,19696.03,19697.28,19704.16,19705.41,1.25,STOP_ADVERSE_FIRST,-1.0,-0.3752000000000408,0.05,-0.42520000000004077,19.352849999993992,18.97764999999395,-70.02715000000606,-70.4523500000061
OPEN_FADE_5M,562,LONDON_0800,US30,SHORT,1724655600,2024-08-26T07:00:00,1724655900,2024-08-26T07:05:00,1724659440,2024-08-26T08:04:00,5.5,6.75,0.05,0.3375,41168.11,41169.21,41164.11,41165.21,1.1,TIME_60_M1,0.4296296296298452,0.14500000000007277,0.05500000000000001,0.09000000000007276,18.97764999999395,19.122649999994024,-70.4523500000061,-70.36235000000603
OPEN_FADE_5M,563,NEW_YORK_0930,US30,LONG,1724679000,2024-08-26T13:30:00,1724679300,2024-08-26T13:35:00,1724680800,2024-08-26T14:00:00,-14.0,18.0,0.02,0.36,41216.11,41217.21,41244.21,41245.31,1.1,TAKE,1.5000000000000002,0.54,0.022000000000000002,0.518,19.122649999994024,19.662649999994024,-70.36235000000603,-69.84435000000603
OPEN_FADE_5M,564,NEW_YORK_0930,US100,LONG,1724679000,2024-08-26T13:30:00,1724679300,2024-08-26T13:35:00,1724682840,2024-08-26T14:34:00,-27.38000000000102,29.75,0.01,0.2975,19739.78,19741.03,19725.03,19726.28,1.25,TIME_60_M1,-0.5378151260504203,-0.16,0.0125,-0.17250000000000001,19.662649999994024,19.502649999994023,-69.84435000000603,-70.01685000000603
OPEN_FADE_5M,565,LONDON_0800,US100,LONG,1724742000,2024-08-27T07:00:00,1724742300,2024-08-27T07:05:00,1724742300,2024-08-27T07:05:00,-4.0,5.880000000001019,0.06,0.3528000000000611,19524.02,19525.27,19519.39,19520.64,1.25,STOP_ADVERSE_FIRST,-1.0,-0.3528000000000611,0.075,-0.42780000000006113,19.502649999994023,19.14984999999396,-70.01685000000603,-70.44465000000609
OPEN_FADE_5M,566,LONDON_0800,US30,LONG,1724742000,2024-08-27T07:00:00,1724742300,2024-08-27T07:05:00,1724742420,2024-08-27T07:07:00,-3.0,5.25,0.07,0.36750000000000005,41236.58,41237.68,41232.43,41233.53,1.1,STOP_ADVERSE_FIRST,-1.0,-0.36750000000000005,0.07700000000000001,-0.44450000000000006,19.14984999999396,18.78234999999396,-70.44465000000609,-70.8891500000061
OPEN_FADE_5M,567,NEW_YORK_0930,US30,LONG,1724765400,2024-08-27T13:30:00,1724765700,2024-08-27T13:35:00,1724766060,2024-08-27T13:41:00,-2.0,9.0,0.04,0.36,41230.58,41231.68,41222.68,41223.78,1.1,STOP_ADVERSE_FIRST,-1.0,-0.36,0.044000000000000004,-0.40399999999999997,18.78234999999396,18.422349999993962,-70.8891500000061,-71.2931500000061
OPEN_FADE_5M,568,NEW_YORK_0930,US100,SHORT,1724765400,2024-08-27T13:30:00,1724765700,2024-08-27T13:35:00,1724766660,2024-08-27T13:51:00,9.75,14.75,0.02,0.295,19528.14,19529.39,19504.765,19506.015,1.25,TAKE,1.5,0.4425,0.025,0.4175,18.422349999993962,18.86484999999396,-71.2931500000061,-70.87565000000609
OPEN_FADE_5M,569,LONDON_0800,US100,SHORT,1724828400,2024-08-28T07:00:00,1724828700,2024-08-28T07:05:00,1724829480,2024-08-28T07:18:00,0.8800000000010186,3.0,0.12,0.36,19555.44,19556.69,19557.19,19558.44,1.25,STOP_ADVERSE_FIRST,-1.0,-0.36,0.15,-0.51,18.86484999999396,18.50484999999396,-70.87565000000609,-71.3856500000061
OPEN_FADE_5M,570,LONDON_0800,US30,SHORT,1724828400,2024-08-28T07:00:00,1724828700,2024-08-28T07:05:00,1724829960,2024-08-28T07:26:00,5.0,6.0,0.06,0.36,41292.2,41293.299999999996,41297.1,41298.2,1.1,STOP_ADVERSE_FIRST,-1.0,-0.36,0.066,-0.426,18.50484999999396,18.144849999993962,-71.3856500000061,-71.8116500000061
OPEN_FADE_5M,571,NEW_YORK_0930,US30,LONG,1724851800,2024-08-28T13:30:00,1724852100,2024-08-28T13:35:00,1724853000,2024-08-28T13:50:00,-8.25,10.0,0.03,0.3,41289.2,41290.299999999996,41280.299999999996,41281.399999999994,1.1,STOP_ADVERSE_FIRST,-1.0,-0.3,0.033,-0.33299999999999996,18.144849999993962,17.84484999999396,-71.8116500000061,-72.1446500000061
OPEN_FADE_5M,572,NEW_YORK_0930,US100,SHORT,1724851800,2024-08-28T13:30:00,1724852100,2024-08-28T13:35:00,1724853780,2024-08-28T14:03:00,0.6199999999989814,9.119999999998981,0.03,0.2735999999999694,19603.69,19604.94,19588.760000000002,19590.010000000002,1.25,TAKE,1.4999999999998006,0.41039999999989957,0.0375,0.3728999999998996,17.84484999999396,18.25524999999386,-72.1446500000061,-71.7717500000062
OPEN_FADE_5M,573,LONDON_0800,US100,SHORT,1724914800,2024-08-29T07:00:00,1724915100,2024-08-29T07:05:00,1724915700,2024-08-29T07:15:00,3.75,7.129999999997381,0.05,0.35649999999986903,19217.44,19218.69,19223.319999999996,19224.569999999996,1.25,STOP_ADVERSE_FIRST,-1.0,-0.35649999999986903,0.0625,-0.41899999999986903,18.25524999999386,17.898749999993992,-71.7717500000062,-72.19075000000606
OPEN_FADE_5M,574,LONDON_0800,US30,SHORT,1724914800,2024-08-29T07:00:00,1724915100,2024-08-29T07:05:00,1724915700,2024-08-29T07:15:00,3.0,7.5,0.04,0.3,41200.54,41201.64,41206.94,41208.04,1.1,STOP_ADVERSE_FIRST,-1.0,-0.3,0.044000000000000004,-0.344,17.898749999993992,17.59874999999399,-72.19075000000606,-72.53475000000606
OPEN_FADE_5M,575,NEW_YORK_0930,US100,LONG,1724938200,2024-08-29T13:30:00,1724938500,2024-08-29T13:35:00,1724938860,2024-08-29T13:41:00,-9.0,22.25,0.01,0.2225,19397.19,19398.44,19376.19,19377.44,1.25,STOP_ADVERSE_FIRST,-1.0,-0.2225,0.0125,-0.23500000000000001,17.59874999999399,17.37624999999399,-72.53475000000606,-72.76975000000606
OPEN_FADE_5M,576,NEW_YORK_0930,US30,LONG,1724938200,2024-08-29T13:30:00,1724938500,2024-08-29T13:35:00,1724939760,2024-08-29T13:56:00,-9.0,15.5,0.02,0.31,41302.04,41303.14,41326.39,41327.49,1.1,TAKE,1.5,0.465,0.022000000000000002,0.443,17.37624999999399,17.84124999999399,-72.76975000000606,-72.32675000000606
OPEN_FADE_5M,577,LONDON_0800,US30,LONG,1725001200,2024-08-30T07:00:00,1725001500,2024-08-30T07:05:00,1725002220,2024-08-30T07:17:00,-1.5,7.75,0.04,0.31,41355.87,41356.97,41349.22,41350.32,1.1,STOP_ADVERSE_FIRST,-1.0,-0.31,0.044000000000000004,-0.354,17.84124999999399,17.531249999993992,-72.32675000000606,-72.68075000000606
OPEN_FADE_5M,578,LONDON_0800,US100,LONG,1725001200,2024-08-30T07:00:00,1725001500,2024-08-30T07:05:00,1725004260,2024-08-30T07:51:00,-8.119999999998981,12.880000000001019,0.02,0.25760000000002037,19385.11,19386.36,19405.68,19406.93,1.25,TAKE,1.4999999999998588,0.3863999999999942,0.025,0.36139999999999417,17.531249999993992,17.917649999993987,-72.68075000000606,-72.31935000000607
OPEN_FADE_5M,579,NEW_YORK_0930,US100,LONG,1725024600,2024-08-30T13:30:00,1725024900,2024-08-30T13:35:00,1725024900,2024-08-30T13:35:00,-8.25,11.0,0.03,0.32999999999999996,19449.73,19450.98,19439.98,19441.23,1.25,STOP_ADVERSE_FIRST,-1.0,-0.32999999999999996,0.0375,-0.36749999999999994,17.917649999993987,17.58764999999399,-72.31935000000607,-72.68685000000607
OPEN_FADE_5M,580,NEW_YORK_0930,US30,LONG,1725024600,2024-08-30T13:30:00,1725024900,2024-08-30T13:35:00,1725026100,2024-08-30T13:55:00,-19.0,24.0,0.01,0.24,41394.37,41395.47,41431.47,41432.57,1.1,TAKE,1.5,0.36,0.011000000000000001,0.349,17.58764999999399,17.94764999999399,-72.68685000000607,-72.33785000000607
OPEN_FADE_5M,581,LONDON_0800,US100,LONG,1725260400,2024-09-02T07:00:00,1725260700,2024-09-02T07:05:00,1725261000,2024-09-02T07:10:00,-4.5,5.119999999998981,0.07,0.3583999999999287,19536.18,19537.43,19532.31,19533.56,1.25,STOP_ADVERSE_FIRST,-1.0,-0.3583999999999287,0.08750000000000001,-0.44589999999992874,17.94764999999399,17.58924999999406,-72.33785000000607,-72.783750000006
OPEN_FADE_5M,582,LONDON_0800,US30,LONG,1725260400,2024-09-02T07:00:00,1725260700,2024-09-02T07:05:00,1725261000,2024-09-02T07:10:00,-2.0,2.5,0.14,0.35000000000000003,41542.5,41543.6,41541.1,41542.2,1.1,STOP_ADVERSE_FIRST,-1.0,-0.35000000000000003,0.15400000000000003,-0.504,17.58924999999406,17.23924999999406,-72.783750000006,-73.287750000006
OPEN_FADE_5M,583,NEW_YORK_0930,US30,LONG,1725283800,2024-09-02T13:30:00,1725284100,2024-09-02T13:35:00,1725284820,2024-09-02T13:47:00,-6.0,7.5,0.04,0.3,41523.5,41524.6,41517.1,41518.2,1.1,STOP_ADVERSE_FIRST,-1.0,-0.3,0.044000000000000004,-0.344,17.23924999999406,16.939249999994058,-73.287750000006,-73.631750000006
OPEN_FADE_5M,584,NEW_YORK_0930,US100,SHORT,1725283800,2024-09-02T13:30:00,1725284100,2024-09-02T13:35:00,1725287640,2024-09-02T14:34:00,6.119999999998981,11.869999999998981,0.02,0.23739999999997963,19545.55,19546.8,19545.68,19546.93,1.25,TIME_60_M1,-0.11625947767490624,-0.027600000000020372,0.025,-0.052600000000020374,16.939249999994058,16.911649999994037,-73.631750000006,-73.68435000000602
OPEN_FADE_5M,585,LONDON_0800,US30,LONG,1725346800,2024-09-03T07:00:00,1725347100,2024-09-03T07:05:00,1725348180,2024-09-03T07:23:00,-5.5,7.0,0.04,0.28,41495.23,41496.33,41489.33,41490.43,1.1,STOP_ADVERSE_FIRST,-1.0,-0.28,0.044000000000000004,-0.324,16.911649999994037,16.631649999994035,-73.68435000000602,-74.00835000000602
OPEN_FADE_5M,586,LONDON_0800,US100,LONG,1725346800,2024-09-03T07:00:00,1725347100,2024-09-03T07:05:00,1725348360,2024-09-03T07:26:00,-4.130000000001019,8.119999999998981,0.04,0.3247999999999593,19510.32,19511.57,19503.45,19504.7,1.25,STOP_ADVERSE_FIRST,-1.0,-0.3247999999999593,0.05,-0.3747999999999593,16.631649999994035,16.306849999994075,-74.00835000000602,-74.38315000000598
OPEN_FADE_5M,587,NEW_YORK_0930,US100,LONG,1725370200,2024-09-03T13:30:00,1725370500,2024-09-03T13:35:00,1725370500,2024-09-03T13:35:00,-4.0,12.630000000001019,0.02,0.25260000000002036,19443.57,19444.82,19432.19,19433.44,1.25,STOP_ADVERSE_FIRST,-1.0,-0.25260000000002036,0.025,-0.2776000000000204,16.306849999994075,16.054249999994056,-74.38315000000598,-74.660750000006
OPEN_FADE_5M,588,NEW_YORK_0930,US30,LONG,1725370200,2024-09-03T13:30:00,1725370500,2024-09-03T13:35:00,1725370560,2024-09-03T13:36:00,-7.25,17.75,0.01,0.1775,41361.23,41362.33,41344.58,41345.68,1.1,STOP_ADVERSE_FIRST,-1.0,-0.1775,0.011000000000000001,-0.1885,16.054249999994056,15.876749999994056,-74.660750000006,-74.84925000000601
OPEN_FADE_5M,589,LONDON_0800,US100,SHORT,1725433200,2024-09-04T07:00:00,1725433500,2024-09-04T07:05:00,1725433620,2024-09-04T07:07:00,11.0,14.87000000000262,0.02,0.2974000000000524,18847.74,18848.99,18861.360000000004,18862.610000000004,1.25,STOP_ADVERSE_FIRST,-1.0,-0.2974000000000524,0.025,-0.3224000000000524,15.876749999994056,15.579349999994003,-74.84925000000601,-75.17165000000607
OPEN_FADE_5M,590,LONDON_0800,US30,SHORT,1725433200,2024-09-04T07:00:00,1725433500,2024-09-04T07:05:00,1725433620,2024-09-04T07:07:00,5.0,12.25,0.02,0.245,40822.12,40823.22,40833.270000000004,40834.37,1.1,STOP_ADVERSE_FIRST,-1.0,-0.245,0.022000000000000002,-0.267,15.579349999994003,15.334349999994004,-75.17165000000607,-75.43865000000606
OPEN_FADE_5M,591,NEW_YORK_0930,US100,SHORT,1725456600,2024-09-04T13:30:00,1725456900,2024-09-04T13:35:00,1725458160,2024-09-04T13:56:00,13.0,17.5,0.01,0.17500000000000002,18849.24,18850.49,18821.74,18822.99,1.25,TAKE,1.5,0.2625,0.0125,0.25,15.334349999994004,15.596849999994003,-75.43865000000606,-75.18865000000606
OPEN_FADE_5M,592,NEW_YORK_0930,US30,LONG,1725456600,2024-09-04T13:30:00,1725456900,2024-09-04T13:35:00,1725459000,2024-09-04T14:10:00,-4.0,18.0,0.01,0.18,40856.37,40857.47,40884.47,40885.57,1.1,TAKE,1.5000000000000002,0.27,0.011000000000000001,0.259,15.596849999994003,15.866849999994002,-75.18865000000606,-74.92965000000606
OPEN_FADE_5M,593,LONDON_0800,US100,SHORT,1725519600,2024-09-05T07:00:00,1725519900,2024-09-05T07:05:00,1725520320,2024-09-05T07:12:00,5.25,10.25,0.03,0.3075,18868.6,18869.85,18877.6,18878.85,1.25,STOP_ADVERSE_FIRST,-1.0,-0.3075,0.0375,-0.345,15.866849999994002,15.559349999994003,-74.92965000000606,-75.27465000000606
OPEN_FADE_5M,594,LONDON_0800,US30,SHORT,1725519600,2024-09-05T07:00:00,1725519900,2024-09-05T07:05:00,1725520440,2024-09-05T07:14:00,3.25,8.5,0.03,0.255,40950.98,40952.08,40958.380000000005,40959.48,1.1,STOP_ADVERSE_FIRST,-1.0,-0.255,0.033,-0.28800000000000003,15.559349999994003,15.304349999994002,-75.27465000000606,-75.56265000000606
OPEN_FADE_5M,595,NEW_YORK_0930,US30,SHORT,1725543000,2024-09-05T13:30:00,1725543300,2024-09-05T13:35:00,1725544740,2024-09-05T13:59:00,1.25,13.5,0.02,0.27,41008.48,41009.58,41020.880000000005,41021.98,1.1,STOP_ADVERSE_FIRST,-1.0,-0.27,0.022000000000000002,-0.29200000000000004,15.304349999994002,15.034349999994003,-75.56265000000606,-75.85465000000606
OPEN_FADE_5M,596,NEW_YORK_0930,US100,SHORT,1725543000,2024-09-05T13:30:00,1725543300,2024-09-05T13:35:00,1725544920,2024-09-05T14:02:00,7.25,15.25,0.02,0.305,18900.73,18901.98,18914.73,18915.98,1.25,STOP_ADVERSE_FIRST,-1.0,-0.305,0.025,-0.33,15.034349999994003,14.729349999994003,-75.85465000000606,-76.18465000000606
OPEN_FADE_5M,597,LONDON_0800,US100,LONG,1725606000,2024-09-06T07:00:00,1725606300,2024-09-06T07:05:00,1725606660,2024-09-06T07:11:00,-4.5,8.5,0.03,0.255,18825.6,18826.85,18839.6,18840.85,1.25,TAKE,1.5,0.3825,0.0375,0.34500000000000003,14.729349999994003,15.111849999994003,-76.18465000000606,-75.83965000000606
OPEN_FADE_5M,598,LONDON_0800,US30,LONG,1725606000,2024-09-06T07:00:00,1725606300,2024-09-06T07:05:00,1725607200,2024-09-06T07:20:00,-3.0,7.75,0.03,0.23249999999999998,40787.61,40788.71,40800.335,40801.435,1.1,TAKE,1.5000000000000002,0.34875,0.033,0.31575,15.111849999994003,15.460599999994004,-75.83965000000606,-75.52390000000607
OPEN_FADE_5M,599,NEW_YORK_0930,US30,LONG,1725629400,2024-09-06T13:30:00,1725629700,2024-09-06T13:35:00,1725629820,2024-09-06T13:37:00,-2.0,10.0,0.03,0.3,40642.36,40643.46,40633.46,40634.56,1.1,STOP_ADVERSE_FIRST,-1.0,-0.3,0.033,-0.33299999999999996,15.460599999994004,15.160599999994004,-75.52390000000607,-75.85690000000606
OPEN_FADE_5M,600,NEW_YORK_0930,US100,LONG,1725629400,2024-09-06T13:30:00,1725629700,2024-09-06T13:35:00,1725629880,2024-09-06T13:38:00,-6.130000000001019,9.119999999998981,0.03,0.2735999999999694,18706.1,18707.35,18698.23,18699.48,1.25,STOP_ADVERSE_FIRST,-1.0,-0.2735999999999694,0.0375,-0.3110999999999694,15.160599999994004,14.886999999994034,-75.85690000000606,-76.16800000000603
OPEN_FADE_5M,601,LONDON_0800,US100,SHORT,1725865200,2024-09-09T07:00:00,1725865500,2024-09-09T07:05:00,1725865560,2024-09-09T07:06:00,0.75,6.0,0.04,0.24,18507.25,18508.5,18512.0,18513.25,1.25,STOP_ADVERSE_FIRST,-1.0,-0.24,0.05,-0.29,14.886999999994034,14.646999999994033,-76.16800000000603,-76.45800000000604
OPEN_FADE_5M,602,LONDON_0800,US30,LONG,1725865200,2024-09-09T07:00:00,1725865500,2024-09-09T07:05:00,1725865560,2024-09-09T07:06:00,-2.0,5.25,0.05,0.2625,40451.89,40452.99,40460.865,40461.965,1.1,TAKE,1.5,0.39375000000000004,0.05500000000000001,0.33875000000000005,14.646999999994033,15.040749999994034,-76.45800000000604,-76.11925000000603
OPEN_FADE_5M,603,NEW_YORK_0930,US100,LONG,1725888600,2024-09-09T13:30:00,1725888900,2024-09-09T13:35:00,1725889260,2024-09-09T13:41:00,-7.619999999998981,10.75,0.02,0.215,18592.25,18593.5,18582.75,18584.0,1.25,STOP_ADVERSE_FIRST,-1.0,-0.215,0.025,-0.24,15.040749999994034,14.825749999994034,-76.11925000000603,-76.35925000000603
OPEN_FADE_5M,604,NEW_YORK_0930,US30,LONG,1725888600,2024-09-09T13:30:00,1725888900,2024-09-09T13:35:00,1725890400,2024-09-09T14:00:00,-16.75,18.0,0.01,0.18,40613.89,40614.99,40641.99,40643.09,1.1,TAKE,1.5000000000000002,0.27,0.011000000000000001,0.259,14.825749999994034,15.095749999994034,-76.35925000000603,-76.10025000000603
OPEN_FADE_5M,605,LONDON_0800,US100,SHORT,1725951600,2024-09-10T07:00:00,1725951900,2024-09-10T07:05:00,1725953280,2024-09-10T07:28:00,10.37999999999738,12.25,0.02,0.245,18633.53,18634.78,18613.905,18615.155,1.25,TAKE,1.5,0.3675,0.025,0.34249999999999997,15.095749999994034,15.463249999994034,-76.10025000000603,-75.75775000000603
OPEN_FADE_5M,606,LONDON_0800,US30,SHORT,1725951600,2024-09-10T07:00:00,1725951900,2024-09-10T07:05:00,1725953400,2024-09-10T07:30:00,9.75,13.0,0.02,0.26,40813.6,40814.7,40793.0,40794.1,1.1,TAKE,1.5,0.39,0.022000000000000002,0.368,15.463249999994034,15.853249999994034,-75.75775000000603,-75.38975000000603
OPEN_FADE_5M,607,NEW_YORK_0930,US30,SHORT,1725975000,2024-09-10T13:30:00,1725975300,2024-09-10T13:35:00,1725976620,2024-09-10T13:57:00,25.75,38.75,0.01,0.3875,40859.35,40860.45,40800.125,40801.225,1.1,TAKE,1.5,0.58125,0.011000000000000001,0.57025,15.853249999994034,16.434499999994035,-75.38975000000603,-74.81950000000603
OPEN_FADE_5M,608,NEW_YORK_0930,US100,SHORT,1725975000,2024-09-10T13:30:00,1725975300,2024-09-10T13:35:00,1725978840,2024-09-10T14:34:00,23.62000000000262,29.37000000000262,0.01,0.2937000000000262,18649.4,18650.65,18641.4,18642.65,1.25,TIME_60_M1,0.22982635342183855,0.0675,0.0125,0.05500000000000001,16.434499999994035,16.501999999994034,-74.81950000000603,-74.76450000000602
OPEN_FADE_5M,609,LONDON_0800,US30,LONG,1726038000,2024-09-11T07:00:00,1726038300,2024-09-11T07:05:00,1726038420,2024-09-11T07:07:00,-6.0,10.0,0.03,0.3,40601.21,40602.31,40592.31,40593.409999999996,1.1,STOP_ADVERSE_FIRST,-1.0,-0.3,0.033,-0.33299999999999996,16.501999999994034,16.201999999994033,-74.76450000000602,-75.09750000000602
OPEN_FADE_5M,610,LONDON_0800,US100,LONG,1726038000,2024-09-11T07:00:00,1726038300,2024-09-11T07:05:00,1726038660,2024-09-11T07:11:00,-9.5,12.5,0.02,0.25,18717.34,18718.59,18706.09,18707.34,1.25,STOP_ADVERSE_FIRST,-1.0,-0.25,0.025,-0.275,16.201999999994033,15.951999999994033,-75.09750000000602,-75.37250000000603
OPEN_FADE_5M,611,NEW_YORK_0930,US30,SHORT,1726061400,2024-09-11T13:30:00,1726061700,2024-09-11T13:35:00,1726062360,2024-09-11T13:46:00,11.5,21.0,0.01,0.21,40601.21,40602.31,40621.11,40622.21,1.1,STOP_ADVERSE_FIRST,-1.0,-0.21,0.011000000000000001,-0.221,15.951999999994033,15.741999999994032,-75.37250000000603,-75.59350000000603
OPEN_FADE_5M,612,NEW_YORK_0930,US100,SHORT,1726061400,2024-09-11T13:30:00,1726061700,2024-09-11T13:35:00,1726063200,2024-09-11T14:00:00,3.75,12.75,0.02,0.255,18775.59,18776.84,18787.09,18788.34,1.25,STOP_ADVERSE_FIRST,-1.0,-0.255,0.025,-0.28,15.741999999994032,15.486999999994032,-75.59350000000603,-75.87350000000603
OPEN_FADE_5M,613,LONDON_0800,US30,SHORT,1726124400,2024-09-12T07:00:00,1726124700,2024-09-12T07:05:00,1726125180,2024-09-12T07:13:00,1.25,7.0,0.04,0.28,40907.07,40908.17,40912.97,40914.07,1.1,STOP_ADVERSE_FIRST,-1.0,-0.28,0.044000000000000004,-0.324,15.486999999994032,15.206999999994032,-75.87350000000603,-76.19750000000603
OPEN_FADE_5M,614,LONDON_0800,US100,LONG,1726124400,2024-09-12T07:00:00,1726124700,2024-09-12T07:05:00,1726126500,2024-09-12T07:35:00,-3.0,8.119999999998981,0.03,0.24359999999996942,19283.93,19285.18,19297.36,19298.61,1.25,TAKE,1.500000000000224,0.3654000000000087,0.0375,0.32790000000000874,15.206999999994032,15.57239999999404,-76.19750000000603,-75.86960000000602
OPEN_FADE_5M,615,NEW_YORK_0930,US100,SHORT,1726147800,2024-09-12T13:30:00,1726148100,2024-09-12T13:35:00,1726148220,2024-09-12T13:37:00,5.5,10.5,0.02,0.21,19269.05,19270.3,19278.3,19279.55,1.25,STOP_ADVERSE_FIRST,-1.0,-0.21,0.025,-0.235,15.57239999999404,15.36239999999404,-75.86960000000602,-76.10460000000602
OPEN_FADE_5M,616,NEW_YORK_0930,US30,SHORT,1726147800,2024-09-12T13:30:00,1726148100,2024-09-12T13:35:00,1726148640,2024-09-12T13:44:00,6.0,15.25,0.02,0.305,40945.82,40946.92,40959.97,40961.07,1.1,STOP_ADVERSE_FIRST,-1.0,-0.305,0.022000000000000002,-0.327,15.36239999999404,15.05739999999404,-76.10460000000602,-76.43160000000601
OPEN_FADE_5M,617,LONDON_0800,US100,LONG,1726210800,2024-09-13T07:00:00,1726211100,2024-09-13T07:05:00,1726211160,2024-09-13T07:06:00,-2.5,5.5,0.05,0.275,19427.99,19429.24,19423.74,19424.99,1.25,STOP_ADVERSE_FIRST,-1.0,-0.275,0.0625,-0.3375,15.05739999999404,14.78239999999404,-76.43160000000601,-76.76910000000602
OPEN_FADE_5M,618,LONDON_0800,US30,SHORT,1726210800,2024-09-13T07:00:00,1726211100,2024-09-13T07:05:00,1726212600,2024-09-13T07:30:00,1.75,4.0,0.07,0.28,41149.25,41150.35,41152.15,41153.25,1.1,STOP_ADVERSE_FIRST,-1.0,-0.28,0.07700000000000001,-0.35700000000000004,14.78239999999404,14.50239999999404,-76.76910000000602,-77.12610000000602
OPEN_FADE_5M,619,NEW_YORK_0930,US100,SHORT,1726234200,2024-09-13T13:30:00,1726234500,2024-09-13T13:35:00,1726234680,2024-09-13T13:38:00,1.6300000000010186,5.75,0.05,0.28750000000000003,19449.24,19450.49,19439.365,19440.615,1.25,TAKE,1.5,0.43125,0.0625,0.36875,14.50239999999404,14.93364999999404,-77.12610000000602,-76.75735000000601
OPEN_FADE_5M,620,NEW_YORK_0930,US30,SHORT,1726234200,2024-09-13T13:30:00,1726234500,2024-09-13T13:35:00,1726236420,2024-09-13T14:07:00,9.0,13.5,0.02,0.27,41205.25,41206.35,41183.9,41185.0,1.1,TAKE,1.5,0.405,0.022000000000000002,0.383,14.93364999999404,15.33864999999404,-76.75735000000601,-76.37435000000602
OPEN_FADE_5M,621,LONDON_0800,US30,LONG,1726470000,2024-09-16T07:00:00,1726470300,2024-09-16T07:05:00,1726473480,2024-09-16T07:58:00,-4.25,5.75,0.05,0.28750000000000003,41440.11,41441.21,41435.46,41436.56,1.1,STOP_ADVERSE_FIRST,-1.0,-0.28750000000000003,0.05500000000000001,-0.3425,15.33864999999404,15.05114999999404,-76.37435000000602,-76.71685000000602
OPEN_FADE_5M,622,LONDON_0800,US100,LONG,1726470000,2024-09-16T07:00:00,1726470300,2024-09-16T07:05:00,1726473840,2024-09-16T08:04:00,-5.25,8.0,0.03,0.24,19515.84,19517.09,19519.72,19520.97,1.25,TIME_60_M1,0.32875000000012733,0.07890000000003056,0.0375,0.04140000000003056,15.05114999999404,15.130049999994071,-76.71685000000602,-76.675450000006
OPEN_FADE_5M,623,NEW_YORK_0930,US30,SHORT,1726493400,2024-09-16T13:30:00,1726493700,2024-09-16T13:35:00,1726494060,2024-09-16T13:41:00,1.25,8.0,0.03,0.24,41476.36,41477.46,41483.26,41484.36,1.1,STOP_ADVERSE_FIRST,-1.0,-0.24,0.033,-0.273,15.130049999994071,14.890049999994071,-76.675450000006,-76.94845000000599
OPEN_FADE_5M,624,NEW_YORK_0930,US100,LONG,1726493400,2024-09-16T13:30:00,1726493700,2024-09-16T13:35:00,1726494360,2024-09-16T13:46:00,-1.1199999999989814,7.869999999998981,0.03,0.23609999999996945,19461.59,19462.84,19474.644999999997,19475.894999999997,1.25,TAKE,1.4999999999997689,0.3541499999998996,0.0375,0.3166499999998996,14.890049999994071,15.24419999999397,-76.94845000000599,-76.6318000000061
OPEN_FADE_5M,625,LONDON_0800,US100,LONG,1726556400,2024-09-17T07:00:00,1726556700,2024-09-17T07:05:00,1726558620,2024-09-17T07:37:00,-2.1199999999989814,7.0,0.04,0.28,19406.92,19408.17,19418.67,19419.92,1.25,TAKE,1.4999999999999998,0.42,0.05,0.37,15.24419999999397,15.66419999999397,-76.6318000000061,-76.26180000000609
OPEN_FADE_5M,626,LONDON_0800,US30,LONG,1726556400,2024-09-17T07:00:00,1726556700,2024-09-17T07:05:00,1726559340,2024-09-17T07:49:00,-3.5,8.5,0.03,0.255,41610.21,41611.31,41624.06,41625.159999999996,1.1,TAKE,1.5,0.3825,0.033,0.34950000000000003,15.66419999999397,16.04669999999397,-76.26180000000609,-75.91230000000608
OPEN_FADE_5M,627,NEW_YORK_0930,US100,SHORT,1726579800,2024-09-17T13:30:00,1726580100,2024-09-17T13:35:00,1726580340,2024-09-17T13:39:00,4.0,6.75,0.04,0.27,19543.42,19544.67,19532.045,19533.295,1.25,TAKE,1.5,0.405,0.05,0.35500000000000004,16.04669999999397,16.45169999999397,-75.91230000000608,-75.55730000000608
OPEN_FADE_5M,628,NEW_YORK_0930,US30,SHORT,1726579800,2024-09-17T13:30:00,1726580100,2024-09-17T13:35:00,1726580580,2024-09-17T13:43:00,0.5,8.75,0.03,0.2625,41761.96,41763.06,41747.735,41748.835,1.1,TAKE,1.5,0.39375,0.033,0.36075,16.45169999999397,16.84544999999397,-75.55730000000608,-75.19655000000608
OPEN_FADE_5M,629,LONDON_0800,US100,LONG,1726642800,2024-09-18T07:00:00,1726643100,2024-09-18T07:05:00,1726643340,2024-09-18T07:09:00,-2.25,4.119999999998981,0.08,0.3295999999999185,19444.66,19445.91,19452.089999999997,19453.339999999997,1.25,TAKE,1.4999999999995586,0.4943999999997323,0.1,0.3943999999997323,16.84544999999397,17.339849999993703,-75.19655000000608,-74.80215000000635
OPEN_FADE_5M,630,LONDON_0800,US30,LONG,1726642800,2024-09-18T07:00:00,1726643100,2024-09-18T07:05:00,1726643340,2024-09-18T07:09:00,-3.75,5.5,0.06,0.32999999999999996,41662.22,41663.32,41671.57,41672.67,1.1,TAKE,1.5000000000000002,0.495,0.066,0.429,17.339849999993703,17.834849999993704,-74.80215000000635,-74.37315000000635
OPEN_FADE_5M,631,NEW_YORK_0930,US30,LONG,1726666200,2024-09-18T13:30:00,1726666500,2024-09-18T13:35:00,1726666620,2024-09-18T13:37:00,-1.0,6.25,0.05,0.3125,41698.97,41700.07,41693.82,41694.92,1.1,STOP_ADVERSE_FIRST,-1.0,-0.3125,0.05500000000000001,-0.3675,17.834849999993704,17.522349999993704,-74.37315000000635,-74.74065000000635
OPEN_FADE_5M,632,NEW_YORK_0930,US100,SHORT,1726666200,2024-09-18T13:30:00,1726666500,2024-09-18T13:35:00,1726667760,2024-09-18T13:56:00,4.0,7.369999999998981,0.04,0.29479999999995926,19467.28,19468.53,19473.399999999998,19474.649999999998,1.25,STOP_ADVERSE_FIRST,-1.0,-0.29479999999995926,0.05,-0.34479999999995925,17.522349999993704,17.227549999993744,-74.74065000000635,-75.08545000000632
OPEN_FADE_5M,633,LONDON_0800,US100,LONG,1726729200,2024-09-19T07:00:00,1726729500,2024-09-19T07:05:00,1726733040,2024-09-19T08:04:00,-12.869999999998981,20.25,0.01,0.2025,19612.03,19613.28,19624.91,19626.16,1.25,TIME_60_M1,0.5743209876543712,0.11630000000001019,0.0125,0.10380000000001019,17.227549999993744,17.343849999993754,-75.08545000000632,-74.98165000000631
OPEN_FADE_5M,634,LONDON_0800,US30,LONG,1726729200,2024-09-19T07:00:00,1726729500,2024-09-19T07:05:00,1726733040,2024-09-19T08:04:00,-12.75,18.0,0.01,0.18,41767.41,41768.51,41764.41,41765.51,1.1,TIME_60_M1,-0.22777777777769695,-0.04099999999998545,0.011000000000000001,-0.051999999999985454,17.343849999993754,17.302849999993768,-74.98165000000631,-75.0336500000063
OPEN_FADE_5M,635,NEW_YORK_0930,US30,SHORT,1726752600,2024-09-19T13:30:00,1726752900,2024-09-19T13:35:00,1726754160,2024-09-19T13:56:00,1.0,9.0,0.03,0.27,42000.91,42002.01,42008.810000000005,42009.91,1.1,STOP_ADVERSE_FIRST,-1.0,-0.27,0.033,-0.30300000000000005,17.302849999993768,17.03284999999377,-75.0336500000063,-75.3366500000063
OPEN_FADE_5M,636,NEW_YORK_0930,US100,SHORT,1726752600,2024-09-19T13:30:00,1726752900,2024-09-19T13:35:00,1726754640,2024-09-19T14:04:00,5.75,7.75,0.04,0.31,19758.16,19759.41,19745.285,19746.535,1.25,TAKE,1.5,0.465,0.05,0.41500000000000004,17.03284999999377,17.497849999993768,-75.3366500000063,-74.9216500000063
OPEN_FADE_5M,637,LONDON_0800,US100,LONG,1726815600,2024-09-20T07:00:00,1726815900,2024-09-20T07:05:00,1726816620,2024-09-20T07:17:00,-2.1300000000010186,7.75,0.04,0.31,19812.36,19813.760000000002,19806.010000000002,19807.410000000003,1.4000000000000001,STOP_ADVERSE_FIRST,-1.0,-0.31,0.05600000000000001,-0.366,17.497849999993768,17.18784999999377,-74.9216500000063,-75.2876500000063
OPEN_FADE_5M,638,LONDON_0800,US30,LONG,1726815600,2024-09-20T07:00:00,1726815900,2024-09-20T07:05:00,1726819440,2024-09-20T08:04:00,-0.75,9.75,0.03,0.2925,42038.67,42040.27,42038.67,42040.27,1.6,TIME_60_M1,-0.16410256410241486,-0.04799999999995634,0.048,-0.09599999999995634,17.18784999999377,17.139849999993814,-75.2876500000063,-75.38365000000626
OPEN_FADE_5M,639,NEW_YORK_0930,US100,LONG,1726839000,2024-09-20T13:30:00,1726839300,2024-09-20T13:35:00,1726839900,2024-09-20T13:45:00,-5.119999999998981,11.25,0.03,0.33749999999999997,19773.49,19774.890000000003,19763.640000000003,19765.040000000005,1.4000000000000001,STOP_ADVERSE_FIRST,-1.0,-0.33749999999999997,0.042,-0.37949999999999995,17.139849999993814,16.802349999993815,-75.38365000000626,-75.76315000000625
OPEN_FADE_5M,640,NEW_YORK_0930,US30,LONG,1726839000,2024-09-20T13:30:00,1726839300,2024-09-20T13:35:00,1726839900,2024-09-20T13:45:00,-3.0,7.75,0.04,0.31,42081.77,42083.17,42075.42,42076.82,1.4000000000000001,STOP_ADVERSE_FIRST,-1.0,-0.31,0.05600000000000001,-0.366,16.802349999993815,16.492349999993817,-75.76315000000625,-76.12915000000625
OPEN_FADE_5M,641,LONDON_0800,US30,SHORT,1727074800,2024-09-23T07:00:00,1727075100,2024-09-23T07:05:00,1727075340,2024-09-23T07:09:00,2.5,7.0,0.04,0.28,42133.35,42134.95,42138.75,42140.35,1.6,STOP_ADVERSE_FIRST,-1.0,-0.28,0.064,-0.34400000000000003,16.492349999993817,16.212349999993815,-76.12915000000625,-76.47315000000624
OPEN_FADE_5M,642,LONDON_0800,US100,SHORT,1727074800,2024-09-23T07:00:00,1727075100,2024-09-23T07:05:00,1727077080,2024-09-23T07:38:00,2.75,8.130000000001019,0.04,0.32520000000004073,19920.84,19922.24,19927.57,19928.97,1.4000000000000001,STOP_ADVERSE_FIRST,-1.0,-0.32520000000004073,0.05600000000000001,-0.38120000000004073,16.212349999993815,15.887149999993774,-76.47315000000624,-76.85435000000628
OPEN_FADE_5M,643,NEW_YORK_0930,US100,SHORT,1727098200,2024-09-23T13:30:00,1727098500,2024-09-23T13:35:00,1727098500,2024-09-23T13:35:00,1.6199999999989814,5.5,0.05,0.275,19852.84,19854.24,19856.94,19858.34,1.4000000000000001,STOP_ADVERSE_FIRST,-1.0,-0.275,0.07,-0.34500000000000003,15.887149999993774,15.612149999993774,-76.85435000000628,-77.19935000000628
OPEN_FADE_5M,644,NEW_YORK_0930,US30,LONG,1727098200,2024-09-23T13:30:00,1727098500,2024-09-23T13:35:00,1727099940,2024-09-23T13:59:00,-4.5,10.5,0.03,0.315,42091.95,42093.35,42082.85,42084.25,1.4000000000000001,STOP_ADVERSE_FIRST,-1.0,-0.315,0.042,-0.357,15.612149999993774,15.297149999993774,-77.19935000000628,-77.55635000000628
OPEN_FADE_5M,645,LONDON_0800,US30,SHORT,1727161200,2024-09-24T07:00:00,1727161500,2024-09-24T07:05:00,1727162520,2024-09-24T07:22:00,3.0,6.0,0.05,0.30000000000000004,42058.28,42059.88,42062.68,42064.28,1.6,STOP_ADVERSE_FIRST,-1.0,-0.30000000000000004,0.08000000000000002,-0.38000000000000006,15.297149999993774,14.997149999993773,-77.55635000000628,-77.93635000000627
OPEN_FADE_5M,646,LONDON_0800,US100,LONG,1727161200,2024-09-24T07:00:00,1727161500,2024-09-24T07:05:00,1727162880,2024-09-24T07:28:00,-2.25,7.25,0.04,0.29,19823.69,19825.09,19835.965,19837.365,1.4000000000000001,TAKE,1.5,0.435,0.05600000000000001,0.379,14.997149999993773,15.432149999993774,-77.93635000000627,-77.55735000000627
OPEN_FADE_5M,647,NEW_YORK_0930,US100,SHORT,1727184600,2024-09-24T13:30:00,1727184900,2024-09-24T13:35:00,1727185140,2024-09-24T13:39:00,1.3800000000010186,6.5,0.04,0.26,19918.07,19919.47,19923.17,19924.57,1.4000000000000001,STOP_ADVERSE_FIRST,-1.0,-0.26,0.05600000000000001,-0.316,15.432149999993774,15.172149999993774,-77.55735000000627,-77.87335000000627
OPEN_FADE_5M,648,NEW_YORK_0930,US30,SHORT,1727184600,2024-09-24T13:30:00,1727184900,2024-09-24T13:35:00,1727185560,2024-09-24T13:46:00,7.25,9.5,0.03,0.285,42210.38,42211.78,42194.729999999996,42196.13,1.4000000000000001,TAKE,1.5,0.4275,0.042,0.3855,15.172149999993774,15.599649999993774,-77.87335000000627,-77.48785000000628
OPEN_FADE_5M,649,LONDON_0800,US100,SHORT,1727247600,2024-09-25T07:00:00,1727247900,2024-09-25T07:05:00,1727250480,2024-09-25T07:48:00,4.5,6.880000000001019,0.04,0.27520000000004075,19911.07,19912.47,19916.55,19917.95,1.4000000000000001,STOP_ADVERSE_FIRST,-1.0,-0.27520000000004075,0.05600000000000001,-0.33120000000004074,15.599649999993774,15.324449999993734,-77.48785000000628,-77.81905000000631
OPEN_FADE_5M,650,NEW_YORK_0930,US100,SHORT,1727271000,2024-09-25T13:30:00,1727271300,2024-09-25T13:35:00,1727272020,2024-09-25T13:47:00,3.0,8.5,0.03,0.255,19905.19,19906.59,19891.039999999997,19892.44,1.4000000000000001,TAKE,1.5,0.3825,0.042,0.3405,15.324449999993734,15.706949999993734,-77.81905000000631,-77.47855000000631
OPEN_FADE_5M,651,NEW_YORK_0930,US30,SHORT,1727271000,2024-09-25T13:30:00,1727271300,2024-09-25T13:35:00,1727272440,2024-09-25T13:54:00,8.0,13.0,0.02,0.26,42248.83,42250.23,42260.43,42261.83,1.4000000000000001,STOP_ADVERSE_FIRST,-1.0,-0.26,0.028000000000000004,-0.28800000000000003,15.706949999993734,15.446949999993734,-77.47855000000631,-77.7665500000063
OPEN_FADE_5M,652,LONDON_0800,US100,LONG,1727334000,2024-09-26T07:00:00,1727334300,2024-09-26T07:05:00,1727336100,2024-09-26T07:35:00,-5.880000000001019,8.130000000001019,0.03,0.24390000000003054,20139.43,20140.83,20153.025,20154.425000000003,1.4000000000000001,TAKE,1.4999999999997762,0.36584999999999124,0.042,0.32384999999999126,15.446949999993734,15.812799999993725,-77.7665500000063,-77.44270000000631
OPEN_FADE_5M,653,LONDON_0800,US30,LONG,1727334000,2024-09-26T07:00:00,1727334300,2024-09-26T07:05:00,1727337840,2024-09-26T08:04:00,-7.0,9.25,0.03,0.27749999999999997,42011.41,42013.01,42009.66,42011.26,1.6,TIME_60_M1,-0.3621621621620049,-0.10049999999995635,0.048,-0.14849999999995633,15.812799999993725,15.71229999999377,-77.44270000000631,-77.59120000000627
OPEN_FADE_5M,654,NEW_YORK_0930,US100,LONG,1727357400,2024-09-26T13:30:00,1727357700,2024-09-26T13:35:00,1727358240,2024-09-26T13:44:00,-0.6199999999989814,6.25,0.05,0.3125,20257.31,20258.710000000003,20268.085000000003,20269.485000000004,1.4000000000000001,TAKE,1.5,0.46875,0.07,0.39875,15.71229999999377,16.181049999993768,-77.59120000000627,-77.19245000000626
OPEN_FADE_5M,655,NEW_YORK_0930,US30,SHORT,1727357400,2024-09-26T13:30:00,1727357700,2024-09-26T13:35:00,1727358600,2024-09-26T13:50:00,0.75,9.5,0.03,0.285,42121.01,42122.41,42129.11,42130.51,1.4000000000000001,STOP_ADVERSE_FIRST,-1.0,-0.285,0.042,-0.32699999999999996,16.181049999993768,15.896049999993767,-77.19245000000626,-77.51945000000626
OPEN_FADE_5M,656,LONDON_0800,US100,LONG,1727420400,2024-09-27T07:00:00,1727420700,2024-09-27T07:05:00,1727420820,2024-09-27T07:07:00,-0.25,6.869999999998981,0.04,0.27479999999995924,20104.39,20105.79,20116.095,20117.495000000003,1.4000000000000001,TAKE,1.500000000000265,0.41220000000001167,0.05600000000000001,0.3562000000000117,15.896049999993767,16.30824999999378,-77.51945000000626,-77.16325000000624
OPEN_FADE_5M,657,LONDON_0800,US30,SHORT,1727420400,2024-09-27T07:00:00,1727420700,2024-09-27T07:05:00,1727422920,2024-09-27T07:42:00,4.0,10.0,0.03,0.3,42193.1,42194.7,42201.5,42203.1,1.6,STOP_ADVERSE_FIRST,-1.0,-0.3,0.048,-0.348,16.30824999999378,16.00824999999378,-77.16325000000624,-77.51125000000624
OPEN_FADE_5M,658,NEW_YORK_0930,US100,LONG,1727443800,2024-09-27T13:30:00,1727444100,2024-09-27T13:35:00,1727444400,2024-09-27T13:40:00,-3.75,7.630000000001019,0.04,0.30520000000004077,20078.14,20079.54,20071.91,20073.31,1.4000000000000001,STOP_ADVERSE_FIRST,-1.0,-0.30520000000004077,0.05600000000000001,-0.36120000000004077,16.00824999999378,15.70304999999374,-77.51125000000624,-77.87245000000628
OPEN_FADE_5M,659,NEW_YORK_0930,US30,LONG,1727443800,2024-09-27T13:30:00,1727444100,2024-09-27T13:35:00,1727444640,2024-09-27T13:44:00,-3.25,11.0,0.02,0.22,42194.7,42196.1,42185.1,42186.5,1.4000000000000001,STOP_ADVERSE_FIRST,-1.0,-0.22,0.028000000000000004,-0.248,15.70304999999374,15.483049999993739,-77.87245000000628,-78.12045000000629
OPEN_FADE_5M,660,LONDON_0800,US100,SHORT,1727679600,2024-09-30T07:00:00,1727679900,2024-09-30T07:05:00,1727681280,2024-09-30T07:28:00,2.6300000000010186,7.75,0.03,0.23249999999999998,20013.83,20015.230000000003,20000.805,20002.205,1.4000000000000001,TAKE,1.5000000000000002,0.34875,0.042,0.30675,15.483049999993739,15.83179999999374,-78.12045000000629,-77.81370000000629
OPEN_FADE_5M,661,LONDON_0800,US30,SHORT,1727679600,2024-09-30T07:00:00,1727679900,2024-09-30T07:05:00,1727681400,2024-09-30T07:30:00,3.0,7.0,0.04,0.28,42344.01,42345.61,42331.91,42333.51,1.6,TAKE,1.4999999999999998,0.42,0.064,0.356,15.83179999999374,16.25179999999374,-77.81370000000629,-77.4577000000063
OPEN_FADE_5M,662,NEW_YORK_0930,US100,LONG,1727703000,2024-09-30T13:30:00,1727703300,2024-09-30T13:35:00,1727705100,2024-09-30T14:05:00,-11.75,18.88000000000102,0.01,0.18880000000001018,19985.2,19986.600000000002,19967.72,19969.120000000003,1.4000000000000001,STOP_ADVERSE_FIRST,-1.0,-0.18880000000001018,0.014000000000000002,-0.2028000000000102,16.25179999999374,16.06299999999373,-77.4577000000063,-77.66050000000631
OPEN_FADE_5M,663,NEW_YORK_0930,US30,LONG,1727703000,2024-09-30T13:30:00,1727703300,2024-09-30T13:35:00,1727705100,2024-09-30T14:05:00,-14.25,21.0,0.01,0.21,42285.11,42286.51,42265.51,42266.91,1.4000000000000001,STOP_ADVERSE_FIRST,-1.0,-0.21,0.014000000000000002,-0.224,16.06299999999373,15.852999999993727,-77.66050000000631,-77.88450000000631
OPEN_FADE_5M,664,LONDON_0800,US100,LONG,1727766000,2024-10-01T07:00:00,1727766300,2024-10-01T07:05:00,1727766840,2024-10-01T07:14:00,-6.0,10.0,0.03,0.3,20074.32,20075.72,20065.72,20067.120000000003,1.4000000000000001,STOP_ADVERSE_FIRST,-1.0,-0.3,0.042,-0.34199999999999997,15.852999999993727,15.552999999993727,-77.88450000000631,-78.22650000000631
OPEN_FADE_5M,665,LONDON_0800,US30,LONG,1727766000,2024-10-01T07:00:00,1727766300,2024-10-01T07:05:00,1727766900,2024-10-01T07:15:00,-2.5,5.5,0.05,0.275,42302.44,42304.04,42298.54,42300.14,1.6,STOP_ADVERSE_FIRST,-1.0,-0.275,0.08000000000000002,-0.35500000000000004,15.552999999993727,15.277999999993726,-78.22650000000631,-78.58150000000632
OPEN_FADE_5M,666,NEW_YORK_0930,US30,LONG,1727789400,2024-10-01T13:30:00,1727789700,2024-10-01T13:35:00,1727790240,2024-10-01T13:44:00,-8.0,14.5,0.02,0.29,42204.79,42206.19,42191.69,42193.090000000004,1.4000000000000001,STOP_ADVERSE_FIRST,-1.0,-0.29,0.028000000000000004,-0.318,15.277999999993726,14.987999999993727,-78.58150000000632,-78.89950000000631
OPEN_FADE_5M,667,NEW_YORK_0930,US100,SHORT,1727789400,2024-10-01T13:30:00,1727789700,2024-10-01T13:35:00,1727790600,2024-10-01T13:50:00,0.8800000000010186,8.5,0.03,0.255,20091.07,20092.47,20098.17,20099.57,1.4000000000000001,STOP_ADVERSE_FIRST,-1.0,-0.255,0.042,-0.297,14.987999999993727,14.732999999993726,-78.89950000000631,-79.19650000000631
OPEN_FADE_5M,668,LONDON_0800,US100,LONG,1727852400,2024-10-02T07:00:00,1727852700,2024-10-02T07:05:00,1727853300,2024-10-02T07:15:00,-1.8699999999989814,6.630000000001019,0.04,0.26520000000004074,19777.29,19778.690000000002,19772.06,19773.460000000003,1.4000000000000001,STOP_ADVERSE_FIRST,-1.0,-0.26520000000004074,0.05600000000000001,-0.32120000000004073,14.732999999993726,14.467799999993685,-79.19650000000631,-79.51770000000636
OPEN_FADE_5M,669,LONDON_0800,US30,LONG,1727852400,2024-10-02T07:00:00,1727852700,2024-10-02T07:05:00,1727853720,2024-10-02T07:22:00,-5.0,7.25,0.04,0.29,42093.61,42095.21,42087.96,42089.56,1.6,STOP_ADVERSE_FIRST,-1.0,-0.29,0.064,-0.354,14.467799999993685,14.177799999993686,-79.51770000000636,-79.87170000000636
OPEN_FADE_5M,670,NEW_YORK_0930,US30,SHORT,1727875800,2024-10-02T13:30:00,1727876100,2024-10-02T13:35:00,1727878080,2024-10-02T14:08:00,40.0,41.75,0.01,0.4175,42052.71,42054.11,41988.685,41990.085,1.4000000000000001,TAKE,1.5,0.62625,0.014000000000000002,0.61225,14.177799999993686,14.804049999993687,-79.87170000000636,-79.25945000000635
OPEN_FADE_5M,671,NEW_YORK_0930,US100,SHORT,1727875800,2024-10-02T13:30:00,1727876100,2024-10-02T13:35:00,1727879640,2024-10-02T14:34:00,25.5,26.38000000000102,0.01,0.2638000000000102,19745.54,19746.940000000002,19754.29,19755.690000000002,1.4000000000000001,TIME_60_M1,-0.3847611827142177,-0.10150000000001455,0.014000000000000002,-0.11550000000001455,14.804049999993687,14.702549999993673,-79.25945000000635,-79.37495000000636
OPEN_FADE_5M,672,LONDON_0800,US100,SHORT,1727938800,2024-10-03T07:00:00,1727939100,2024-10-03T07:05:00,1727939460,2024-10-03T07:11:00,2.0,6.619999999998981,0.04,0.26479999999995923,19748.99,19750.390000000003,19754.21,19755.61,1.4000000000000001,STOP_ADVERSE_FIRST,-1.0,-0.26479999999995923,0.05600000000000001,-0.32079999999995923,14.702549999993673,14.437749999993715,-79.37495000000636,-79.69575000000633
OPEN_FADE_5M,673,LONDON_0800,US30,SHORT,1727938800,2024-10-03T07:00:00,1727939100,2024-10-03T07:05:00,1727940960,2024-10-03T07:36:00,2.5,7.0,0.04,0.28,42148.94,42150.54,42136.840000000004,42138.44,1.6,TAKE,1.4999999999999998,0.42,0.064,0.356,14.437749999993715,14.857749999993715,-79.69575000000633,-79.33975000000633
OPEN_FADE_5M,674,NEW_YORK_0930,US30,SHORT,1727962200,2024-10-03T13:30:00,1727962500,2024-10-03T13:35:00,1727962500,2024-10-03T13:35:00,0.25,8.5,0.03,0.255,42054.04,42055.44,42039.89,42041.29,1.4000000000000001,TAKE,1.5,0.3825,0.042,0.3405,14.857749999993715,15.240249999993715,-79.33975000000633,-78.99925000000633
OPEN_FADE_5M,675,NEW_YORK_0930,US100,SHORT,1727962200,2024-10-03T13:30:00,1727962500,2024-10-03T13:35:00,1727963640,2024-10-03T13:54:00,4.5,8.130000000001019,0.03,0.24390000000003054,19725.11,19726.510000000002,19731.84,19733.24,1.4000000000000001,STOP_ADVERSE_FIRST,-1.0,-0.24390000000003054,0.042,-0.2859000000000305,15.240249999993715,14.996349999993685,-78.99925000000633,-79.28515000000635
OPEN_FADE_5M,676,LONDON_0800,US30,SHORT,1728025200,2024-10-04T07:00:00,1728025500,2024-10-04T07:05:00,1728026700,2024-10-04T07:25:00,3.25,6.5,0.04,0.26,41993.47,41995.07,41998.37,41999.97,1.6,STOP_ADVERSE_FIRST,-1.0,-0.26,0.064,-0.324,14.996349999993685,14.736349999993685,-79.28515000000635,-79.60915000000635
OPEN_FADE_5M,677,LONDON_0800,US100,SHORT,1728025200,2024-10-04T07:00:00,1728025500,2024-10-04T07:05:00,1728026880,2024-10-04T07:28:00,9.25,13.5,0.02,0.27,19822.05,19823.45,19834.149999999998,19835.55,1.4000000000000001,STOP_ADVERSE_FIRST,-1.0,-0.27,0.028000000000000004,-0.29800000000000004,14.736349999993685,14.466349999993685,-79.60915000000635,-79.90715000000635
OPEN_FADE_5M,678,NEW_YORK_0930,US100,SHORT,1728048600,2024-10-04T13:30:00,1728048900,2024-10-04T13:35:00,1728049020,2024-10-04T13:37:00,8.0,10.25,0.02,0.20500000000000002,19865.05,19866.45,19873.899999999998,19875.3,1.4000000000000001,STOP_ADVERSE_FIRST,-1.0,-0.20500000000000002,0.028000000000000004,-0.233,14.466349999993685,14.261349999993685,-79.90715000000635,-80.14015000000636
OPEN_FADE_5M,679,NEW_YORK_0930,US30,SHORT,1728048600,2024-10-04T13:30:00,1728048900,2024-10-04T13:35:00,1728049020,2024-10-04T13:37:00,9.0,15.0,0.01,0.15,42027.32,42028.72,42040.92,42042.32,1.4000000000000001,STOP_ADVERSE_FIRST,-1.0,-0.15,0.014000000000000002,-0.164,14.261349999993685,14.111349999993685,-80.14015000000636,-80.30415000000636
OPEN_FADE_5M,680,LONDON_0800,US30,SHORT,1728284400,2024-10-07T07:00:00,1728284700,2024-10-07T07:05:00,1728284760,2024-10-07T07:06:00,1.0,3.75,0.07,0.2625,42332.85,42334.45,42335.0,42336.6,1.6,STOP_ADVERSE_FIRST,-1.0,-0.2625,0.11200000000000002,-0.37450000000000006,14.111349999993685,13.848849999993686,-80.30415000000636,-80.67865000000636
OPEN_FADE_5M,681,LONDON_0800,US100,SHORT,1728284400,2024-10-07T07:00:00,1728284700,2024-10-07T07:05:00,1728285300,2024-10-07T07:15:00,2.8699999999989814,5.119999999998981,0.05,0.2559999999999491,20032.14,20033.54,20023.059999999998,20024.46,1.4000000000000001,TAKE,1.500000000000355,0.38400000000001455,0.07,0.31400000000001455,13.848849999993686,14.2328499999937,-80.67865000000636,-80.36465000000634
OPEN_FADE_5M,682,NEW_YORK_0930,US30,SHORT,1728307800,2024-10-07T13:30:00,1728308100,2024-10-07T13:35:00,1728309600,2024-10-07T14:00:00,5.0,9.0,0.03,0.27,42174.2,42175.6,42159.299999999996,42160.7,1.4000000000000001,TAKE,1.4999999999999998,0.40499999999999997,0.042,0.363,14.2328499999937,14.6378499999937,-80.36465000000634,-80.00165000000634
OPEN_FADE_5M,683,NEW_YORK_0930,US100,SHORT,1728307800,2024-10-07T13:30:00,1728308100,2024-10-07T13:35:00,1728309900,2024-10-07T14:05:00,6.75,9.25,0.03,0.27749999999999997,19908.77,19910.170000000002,19893.495,19894.895,1.4000000000000001,TAKE,1.5000000000000002,0.41625,0.042,0.37425,14.6378499999937,15.0540999999937,-80.00165000000634,-79.62740000000633
OPEN_FADE_5M,684,LONDON_0800,US30,SHORT,1728370800,2024-10-08T07:00:00,1728371100,2024-10-08T07:05:00,1728372480,2024-10-08T07:28:00,1.0,9.75,0.03,0.2925,41921.06,41922.659999999996,41929.21,41930.81,1.6,STOP_ADVERSE_FIRST,-1.0,-0.2925,0.048,-0.34049999999999997,15.0540999999937,14.761599999993699,-79.62740000000633,-79.96790000000634
OPEN_FADE_5M,685,LONDON_0800,US100,SHORT,1728370800,2024-10-08T07:00:00,1728371100,2024-10-08T07:05:00,1728373680,2024-10-08T07:48:00,6.5,10.12999999999738,0.02,0.20259999999994763,19803.54,19804.940000000002,19812.269999999997,19813.67,1.4000000000000001,STOP_ADVERSE_FIRST,-1.0,-0.20259999999994763,0.028000000000000004,-0.23059999999994762,14.761599999993699,14.558999999993752,-79.96790000000634,-80.19850000000629
OPEN_FADE_5M,686,NEW_YORK_0930,US100,LONG,1728394200,2024-10-08T13:30:00,1728394500,2024-10-08T13:35:00,1728398040,2024-10-08T14:34:00,-24.87000000000262,33.62999999999738,0.01,0.3362999999999738,19877.42,19878.82,19908.92,19910.32,1.4000000000000001,TIME_60_M1,0.8950341956586646,0.30099999999998545,0.014000000000000002,0.28699999999998543,14.558999999993752,14.859999999993738,-80.19850000000629,-79.9115000000063
OPEN_FADE_5M,687,NEW_YORK_0930,US30,LONG,1728394200,2024-10-08T13:30:00,1728394500,2024-10-08T13:35:00,1728398040,2024-10-08T14:34:00,-28.5,37.75,0.01,0.3775,41983.91,41985.310000000005,42028.91,42030.310000000005,1.4000000000000001,TIME_60_M1,1.15496688741718,0.43599999999998545,0.014000000000000002,0.42199999999998544,14.859999999993738,15.295999999993724,-79.9115000000063,-79.48950000000632
OPEN_FADE_5M,688,LONDON_0800,US30,SHORT,1728457200,2024-10-09T07:00:00,1728457500,2024-10-09T07:05:00,1728457620,2024-10-09T07:07:00,0.5,4.0,0.07,0.28,42046.76,42048.36,42049.16,42050.76,1.6,STOP_ADVERSE_FIRST,-1.0,-0.28,0.11200000000000002,-0.392,15.295999999993724,15.015999999993724,-79.48950000000632,-79.88150000000631
OPEN_FADE_5M,689,LONDON_0800,US100,SHORT,1728457200,2024-10-09T07:00:00,1728457500,2024-10-09T07:05:00,1728460200,2024-10-09T07:50:00,4.130000000001019,6.380000000001019,0.04,0.2552000000000407,20056.53,20057.93,20045.559999999998,20046.96,1.4000000000000001,TAKE,1.4999999999997151,0.38279999999998837,0.05600000000000001,0.3267999999999884,15.015999999993724,15.398799999993713,-79.88150000000631,-79.55470000000632
OPEN_FADE_5M,690,NEW_YORK_0930,US30,SHORT,1728480600,2024-10-09T13:30:00,1728480900,2024-10-09T13:35:00,1728481140,2024-10-09T13:39:00,2.5,9.75,0.03,0.2925,42061.36,42062.76,42069.71,42071.11,1.4000000000000001,STOP_ADVERSE_FIRST,-1.0,-0.2925,0.042,-0.33449999999999996,15.398799999993713,15.106299999993713,-79.55470000000632,-79.88920000000633
OPEN_FADE_5M,691,NEW_YORK_0930,US100,LONG,1728480600,2024-10-09T13:30:00,1728480900,2024-10-09T13:35:00,1728481800,2024-10-09T13:50:00,-3.5,7.130000000001019,0.04,0.28520000000004075,20093.91,20095.31,20106.005000000005,20107.405000000006,1.4000000000000001,TAKE,1.5000000000002551,0.4278000000001339,0.05600000000000001,0.3718000000001339,15.106299999993713,15.534099999993847,-79.88920000000633,-79.51740000000619
OPEN_FADE_5M,692,LONDON_0800,US100,SHORT,1728543600,2024-10-10T07:00:00,1728543900,2024-10-10T07:05:00,1728544200,2024-10-10T07:10:00,0.6300000000010186,1.8800000000010186,0.16,0.300800000000163,20289.02,20290.420000000002,20284.799999999996,20286.199999999997,1.4000000000000001,TAKE,1.5000000000009674,0.4512000000005355,0.22400000000000003,0.22720000000053547,15.534099999993847,15.985299999994382,-79.51740000000619,-79.29020000000565
OPEN_FADE_5M,693,LONDON_0800,US30,SHORT,1728543600,2024-10-10T07:00:00,1728543900,2024-10-10T07:05:00,1728544200,2024-10-10T07:10:00,1.0,3.0,0.1,0.30000000000000004,42546.98,42548.58,42540.880000000005,42542.48,1.6,TAKE,1.4999999999999998,0.45,0.16000000000000003,0.29,15.985299999994382,16.43529999999438,-79.29020000000565,-79.00020000000565
OPEN_FADE_5M,694,NEW_YORK_0930,US100,SHORT,1728567000,2024-10-10T13:30:00,1728567300,2024-10-10T13:35:00,1728568140,2024-10-10T13:49:00,8.630000000001019,9.5,0.03,0.285,20246.52,20247.920000000002,20230.87,20232.27,1.4000000000000001,TAKE,1.5,0.4275,0.042,0.3855,16.43529999999438,16.86279999999438,-79.00020000000565,-78.61470000000566
OPEN_FADE_5M,695,NEW_YORK_0930,US30,SHORT,1728567000,2024-10-10T13:30:00,1728567300,2024-10-10T13:35:00,1728570840,2024-10-10T14:34:00,23.0,25.5,0.01,0.255,42495.83,42497.23,42491.83,42493.23,1.4000000000000001,TIME_60_M1,0.10196078431366842,0.025999999999985448,0.014000000000000002,0.011999999999985446,16.86279999999438,16.888799999994365,-78.61470000000566,-78.60270000000567
OPEN_FADE_5M,696,LONDON_0800,US100,LONG,1728630000,2024-10-11T07:00:00,1728630300,2024-10-11T07:05:00,1728632520,2024-10-11T07:42:00,-7.129999999997381,8.37999999999738,0.04,0.33519999999989525,20269.08,20270.480000000003,20262.100000000006,20263.500000000007,1.4000000000000001,STOP_ADVERSE_FIRST,-1.0,-0.33519999999989525,0.05600000000000001,-0.39119999999989524,16.888799999994365,16.55359999999447,-78.60270000000567,-78.99390000000557
OPEN_FADE_5M,697,LONDON_0800,US30,LONG,1728630000,2024-10-11T07:00:00,1728630300,2024-10-11T07:05:00,1728632580,2024-10-11T07:43:00,-7.5,8.0,0.04,0.32,42470.44,42472.04,42464.04,42465.64,1.6,STOP_ADVERSE_FIRST,-1.0,-0.32,0.064,-0.384,16.55359999999447,16.23359999999447,-78.99390000000557,-79.37790000000557
OPEN_FADE_5M,698,NEW_YORK_0930,US30,LONG,1728653400,2024-10-11T13:30:00,1728653700,2024-10-11T13:35:00,1728654360,2024-10-11T13:46:00,-11.25,12.5,0.02,0.25,42406.29,42407.69,42395.19,42396.590000000004,1.4000000000000001,STOP_ADVERSE_FIRST,-1.0,-0.25,0.028000000000000004,-0.278,16.23359999999447,15.983599999994471,-79.37790000000557,-79.65590000000557
OPEN_FADE_5M,699,NEW_YORK_0930,US100,LONG,1728653400,2024-10-11T13:30:00,1728653700,2024-10-11T13:35:00,1728654720,2024-10-11T13:52:00,-5.25,7.370000000002619,0.04,0.29480000000010476,20197.33,20198.730000000003,20191.36,20192.760000000002,1.4000000000000001,STOP_ADVERSE_FIRST,-1.0,-0.29480000000010476,0.05600000000000001,-0.35080000000010475,15.983599999994471,15.688799999994366,-79.65590000000557,-80.00670000000568
OPEN_FADE_5M,700,LONDON_0800,US30,LONG,1728889200,2024-10-14T07:00:00,1728889500,2024-10-14T07:05:00,1728889620,2024-10-14T07:07:00,-2.0,3.25,0.09,0.2925,42881.62,42883.22,42879.97,42881.57,1.6,STOP_ADVERSE_FIRST,-1.0,-0.2925,0.144,-0.4365,15.688799999994366,15.396299999994365,-80.00670000000568,-80.44320000000567
OPEN_FADE_5M,701,LONDON_0800,US100,LONG,1728889200,2024-10-14T07:00:00,1728889500,2024-10-14T07:05:00,1728889740,2024-10-14T07:09:00,-0.8700000000026193,3.5,0.08,0.28,20237.26,20238.66,20235.16,20236.56,1.4000000000000001,STOP_ADVERSE_FIRST,-1.0,-0.28,0.11200000000000002,-0.392,15.396299999994365,15.116299999994366,-80.44320000000567,-80.83520000000567
OPEN_FADE_5M,702,NEW_YORK_0930,US30,LONG,1728912600,2024-10-14T13:30:00,1728912900,2024-10-14T13:35:00,1728913800,2024-10-14T13:50:00,-2.5,18.25,0.01,0.1825,42830.22,42831.62,42813.37,42814.770000000004,1.4000000000000001,STOP_ADVERSE_FIRST,-1.0,-0.1825,0.014000000000000002,-0.1965,15.116299999994366,14.933799999994367,-80.83520000000567,-81.03170000000567
OPEN_FADE_5M,703,NEW_YORK_0930,US100,SHORT,1728912600,2024-10-14T13:30:00,1728912900,2024-10-14T13:35:00,1728914580,2024-10-14T14:03:00,8.12000000000262,11.87999999999738,0.02,0.23759999999994763,20350.01,20351.41,20330.79,20332.190000000002,1.4000000000000001,TAKE,1.5,0.35639999999992145,0.028000000000000004,0.3283999999999214,14.933799999994367,15.290199999994288,-81.03170000000567,-80.70330000000575
OPEN_FADE_5M,704,LONDON_0800,US100,LONG,1728975600,2024-10-15T07:00:00,1728975900,2024-10-15T07:05:00,1728977280,2024-10-15T07:28:00,-3.6200000000026193,5.629999999997381,0.05,0.281499999999869,20462.88,20464.280000000002,20458.650000000005,20460.050000000007,1.4000000000000001,STOP_ADVERSE_FIRST,-1.0,-0.281499999999869,0.07,-0.35149999999986903,15.290199999994288,15.008699999994418,-80.70330000000575,-81.05480000000563
OPEN_FADE_5M,705,LONDON_0800,US30,LONG,1728975600,2024-10-15T07:00:00,1728975900,2024-10-15T07:05:00,1728979200,2024-10-15T08:00:00,-3.0,4.25,0.07,0.29750000000000004,43164.06,43165.659999999996,43161.409999999996,43163.009999999995,1.6,STOP_ADVERSE_FIRST,-1.0,-0.29750000000000004,0.11200000000000002,-0.4095000000000001,15.008699999994418,14.711199999994419,-81.05480000000563,-81.46430000000562
OPEN_FADE_5M,706,NEW_YORK_0930,US30,SHORT,1728999000,2024-10-15T13:30:00,1728999300,2024-10-15T13:35:00,1728999600,2024-10-15T13:40:00,18.75,24.0,0.01,0.24,43128.16,43129.560000000005,43090.76,43092.16,1.4000000000000001,TAKE,1.5,0.36,0.014000000000000002,0.346,14.711199999994419,15.071199999994418,-81.46430000000562,-81.11830000000562
OPEN_FADE_5M,707,NEW_YORK_0930,US100,SHORT,1728999000,2024-10-15T13:30:00,1728999300,2024-10-15T13:35:00,1729002840,2024-10-15T14:34:00,16.12999999999738,17.5,0.01,0.17500000000000002,20441.76,20443.16,20441.13,20442.530000000002,1.4000000000000001,TIME_60_M1,-0.044000000000232825,-0.007700000000040745,0.014000000000000002,-0.02170000000004075,15.071199999994418,15.063499999994377,-81.11830000000562,-81.14000000000566
OPEN_FADE_5M,708,LONDON_0800,US100,SHORT,1729062000,2024-10-16T07:00:00,1729062300,2024-10-16T07:05:00,1729062420,2024-10-16T07:07:00,2.6299999999973807,3.5,0.08,0.28,20226.88,20228.280000000002,20228.98,20230.38,1.4000000000000001,STOP_ADVERSE_FIRST,-1.0,-0.28,0.11200000000000002,-0.392,15.063499999994377,14.783499999994378,-81.14000000000566,-81.53200000000565
OPEN_FADE_5M,709,NEW_YORK_0930,US100,SHORT,1729085400,2024-10-16T13:30:00,1729085700,2024-10-16T13:35:00,1729085760,2024-10-16T13:36:00,2.0,5.120000000002619,0.05,0.25600000000013096,20198.38,20199.780000000002,20202.100000000002,20203.500000000004,1.4000000000000001,STOP_ADVERSE_FIRST,-1.0,-0.25600000000013096,0.07,-0.32600000000013096,14.783499999994378,14.527499999994246,-81.53200000000565,-81.85800000000579
OPEN_FADE_5M,710,NEW_YORK_0930,US30,SHORT,1729085400,2024-10-16T13:30:00,1729085700,2024-10-16T13:35:00,1729087200,2024-10-16T14:00:00,0.5,8.5,0.03,0.255,42753.37,42754.770000000004,42760.47,42761.87,1.4000000000000001,STOP_ADVERSE_FIRST,-1.0,-0.255,0.042,-0.297,14.527499999994246,14.272499999994245,-81.85800000000579,-82.15500000000578
OPEN_FADE_5M,711,LONDON_0800,US100,LONG,1729148400,2024-10-17T07:00:00,1729148700,2024-10-17T07:05:00,1729148760,2024-10-17T07:06:00,-0.8699999999989814,3.3699999999989814,0.08,0.2695999999999185,20135.49,20136.890000000003,20133.520000000004,20134.920000000006,1.4000000000000001,STOP_ADVERSE_FIRST,-1.0,-0.2695999999999185,0.11200000000000002,-0.38159999999991856,14.272499999994245,14.002899999994327,-82.15500000000578,-82.5366000000057
OPEN_FADE_5M,712,LONDON_0800,US30,SHORT,1729148400,2024-10-17T07:00:00,1729148700,2024-10-17T07:05:00,1729149000,2024-10-17T07:10:00,1.0,4.25,0.06,0.255,43041.9,43043.5,43033.925,43035.525,1.6,TAKE,1.5,0.3825,0.096,0.2865,14.002899999994327,14.385399999994327,-82.5366000000057,-82.2501000000057
OPEN_FADE_5M,713,NEW_YORK_0930,US100,LONG,1729171800,2024-10-17T13:30:00,1729172100,2024-10-17T13:35:00,1729172940,2024-10-17T13:49:00,-3.1199999999989814,8.25,0.03,0.2475,20346.49,20347.890000000003,20360.265000000003,20361.665000000005,1.4000000000000001,TAKE,1.4999999999999998,0.37124999999999997,0.042,0.32925,14.385399999994327,14.756649999994327,-82.2501000000057,-81.9208500000057
OPEN_FADE_5M,714,NEW_YORK_0930,US30,LONG,1729171800,2024-10-17T13:30:00,1729172100,2024-10-17T13:35:00,1729173420,2024-10-17T13:57:00,-10.5,22.0,0.01,0.22,43083.5,43084.9,43117.9,43119.3,1.4000000000000001,TAKE,1.5,0.33,0.014000000000000002,0.316,14.756649999994327,15.086649999994327,-81.9208500000057,-81.6048500000057
OPEN_FADE_5M,715,LONDON_0800,US100,LONG,1729234800,2024-10-18T07:00:00,1729235100,2024-10-18T07:05:00,1729235880,2024-10-18T07:18:00,-1.1300000000010186,4.119999999998981,0.07,0.2883999999999287,20202.59,20203.99,20210.17,20211.57,1.4000000000000001,TAKE,1.4999999999995586,0.4325999999997658,0.09800000000000002,0.33459999999976575,15.086649999994327,15.519249999994093,-81.6048500000057,-81.27025000000593
OPEN_FADE_5M,716,LONDON_0800,US30,LONG,1729234800,2024-10-18T07:00:00,1729235100,2024-10-18T07:05:00,1729236060,2024-10-18T07:21:00,-4.0,4.5,0.06,0.27,43232.74,43234.34,43241.09,43242.689999999995,1.6,TAKE,1.4999999999999998,0.40499999999999997,0.096,0.30899999999999994,15.519249999994093,15.924249999994093,-81.27025000000593,-80.96125000000593
OPEN_FADE_5M,717,NEW_YORK_0930,US30,SHORT,1729258200,2024-10-18T13:30:00,1729258500,2024-10-18T13:35:00,1729258680,2024-10-18T13:38:00,1.5,9.0,0.03,0.27,43271.84,43273.24,43279.439999999995,43280.84,1.4000000000000001,STOP_ADVERSE_FIRST,-1.0,-0.27,0.042,-0.312,15.924249999994093,15.654249999994093,-80.96125000000593,-81.27325000000593
OPEN_FADE_5M,718,NEW_YORK_0930,US100,SHORT,1729258200,2024-10-18T13:30:00,1729258500,2024-10-18T13:35:00,1729258740,2024-10-18T13:39:00,1.0,5.380000000001019,0.05,0.2690000000000509,20284.22,20285.620000000003,20288.2,20289.600000000002,1.4000000000000001,STOP_ADVERSE_FIRST,-1.0,-0.2690000000000509,0.07,-0.3390000000000509,15.654249999994093,15.385249999994041,-81.27325000000593,-81.61225000000599
OPEN_FADE_5M,719,LONDON_0800,US100,LONG,1729494000,2024-10-21T07:00:00,1729494300,2024-10-21T07:05:00,1729495320,2024-10-21T07:22:00,-2.5,4.380000000001019,0.07,0.3066000000000713,20328.89,20330.29,20325.91,20327.31,1.4000000000000001,STOP_ADVERSE_FIRST,-1.0,-0.3066000000000713,0.09800000000000002,-0.40460000000007135,15.385249999994041,15.07864999999397,-81.61225000000599,-82.01685000000606
OPEN_FADE_5M,720,NEW_YORK_0930,US30,LONG,1729517400,2024-10-21T13:30:00,1729517700,2024-10-21T13:35:00,1729517820,2024-10-21T13:37:00,-4.0,12.25,0.02,0.245,43239.01,43240.41,43228.16,43229.560000000005,1.4000000000000001,STOP_ADVERSE_FIRST,-1.0,-0.245,0.028000000000000004,-0.273,15.07864999999397,14.833649999993971,-82.01685000000606,-82.28985000000606
OPEN_FADE_5M,721,NEW_YORK_0930,US100,SHORT,1729517400,2024-10-21T13:30:00,1729517700,2024-10-21T13:35:00,1729518240,2024-10-21T13:44:00,8.130000000001019,12.130000000001019,0.02,0.24260000000002038,20278.89,20280.29,20259.295,20260.695,1.4000000000000001,TAKE,1.49999999999985,0.3638999999999942,0.028000000000000004,0.33589999999999415,14.833649999993971,15.197549999993965,-82.28985000000606,-81.95395000000606
OPEN_FADE_5M,722,LONDON_0800,US100,LONG,1729580400,2024-10-22T07:00:00,1729580700,2024-10-22T07:05:00,1729581000,2024-10-22T07:10:00,-3.0,6.370000000002619,0.04,0.2548000000001048,20318.65,20320.050000000003,20313.68,20315.08,1.4000000000000001,STOP_ADVERSE_FIRST,-1.0,-0.2548000000001048,0.05600000000000001,-0.31080000000010477,15.197549999993965,14.942749999993861,-81.95395000000606,-82.26475000000616
OPEN_FADE_5M,723,LONDON_0800,US30,LONG,1729580400,2024-10-22T07:00:00,1729580700,2024-10-22T07:05:00,1729583880,2024-10-22T07:58:00,-7.0,8.5,0.03,0.255,42884.37,42885.97,42877.47,42879.07,1.6,STOP_ADVERSE_FIRST,-1.0,-0.255,0.048,-0.303,14.942749999993861,14.68774999999386,-82.26475000000616,-82.56775000000616
OPEN_FADE_5M,724,NEW_YORK_0930,US100,SHORT,1729603800,2024-10-22T13:30:00,1729604100,2024-10-22T13:35:00,1729605780,2024-10-22T14:03:00,1.5,14.0,0.02,0.28,20252.4,20253.800000000003,20265.0,20266.4,1.4000000000000001,STOP_ADVERSE_FIRST,-1.0,-0.28,0.028000000000000004,-0.30800000000000005,14.68774999999386,14.407749999993861,-82.56775000000616,-82.87575000000616
OPEN_FADE_5M,725,LONDON_0800,US30,SHORT,1729666800,2024-10-23T07:00:00,1729667100,2024-10-23T07:05:00,1729667640,2024-10-23T07:14:00,1.0,9.5,0.03,0.285,42814.84,42816.439999999995,42822.74,42824.34,1.6,STOP_ADVERSE_FIRST,-1.0,-0.285,0.048,-0.33299999999999996,14.407749999993861,14.12274999999386,-82.87575000000616,-83.20875000000616
OPEN_FADE_5M,726,LONDON_0800,US100,SHORT,1729666800,2024-10-23T07:00:00,1729667100,2024-10-23T07:05:00,1729669260,2024-10-23T07:41:00,1.0,9.25,0.03,0.27749999999999997,20370.17,20371.57,20378.019999999997,20379.42,1.4000000000000001,STOP_ADVERSE_FIRST,-1.0,-0.27749999999999997,0.042,-0.31949999999999995,14.12274999999386,13.845249999993861,-83.20875000000616,-83.52825000000617
OPEN_FADE_5M,727,NEW_YORK_0930,US30,LONG,1729690200,2024-10-23T13:30:00,1729690500,2024-10-23T13:35:00,1729691280,2024-10-23T13:48:00,-7.0,11.5,0.02,0.23,42748.94,42750.340000000004,42738.840000000004,42740.240000000005,1.4000000000000001,STOP_ADVERSE_FIRST,-1.0,-0.23,0.028000000000000004,-0.258,13.845249999993861,13.61524999999386,-83.52825000000617,-83.78625000000616
OPEN_FADE_5M,728,NEW_YORK_0930,US100,SHORT,1729690200,2024-10-23T13:30:00,1729690500,2024-10-23T13:35:00,1729691640,2024-10-23T13:54:00,5.5,11.130000000001019,0.02,0.22260000000002036,20326.17,20327.57,20308.074999999997,20309.475,1.4000000000000001,TAKE,1.4999999999998368,0.3338999999999942,0.028000000000000004,0.3058999999999942,13.61524999999386,13.949149999993855,-83.78625000000616,-83.48035000000617
OPEN_FADE_5M,729,LONDON_0800,US100,LONG,1729753200,2024-10-24T07:00:00,1729753500,2024-10-24T07:05:00,1729755900,2024-10-24T07:45:00,-1.6300000000010186,6.380000000001019,0.04,0.2552000000000407,20178.8,20180.2,20173.82,20175.22,1.4000000000000001,STOP_ADVERSE_FIRST,-1.0,-0.2552000000000407,0.05600000000000001,-0.3112000000000407,13.949149999993855,13.693949999993814,-83.48035000000617,-83.79155000000621
OPEN_FADE_5M,730,LONDON_0800,US30,LONG,1729753200,2024-10-24T07:00:00,1729753500,2024-10-24T07:05:00,1729757040,2024-10-24T08:04:00,-4.0,7.75,0.03,0.23249999999999998,42459.28,42460.88,42454.03,42455.63,1.6,TIME_60_M1,-0.8838709677417477,-0.20549999999995633,0.048,-0.2534999999999563,13.693949999993814,13.488449999993858,-83.79155000000621,-84.04505000000617
OPEN_FADE_5M,731,NEW_YORK_0930,US100,LONG,1729776600,2024-10-24T13:30:00,1729776900,2024-10-24T13:35:00,1729778100,2024-10-24T13:55:00,-1.25,6.130000000001019,0.04,0.24520000000004075,20244.8,20246.2,20240.07,20241.47,1.4000000000000001,STOP_ADVERSE_FIRST,-1.0,-0.24520000000004075,0.05600000000000001,-0.30120000000004077,13.488449999993858,13.243249999993816,-84.04505000000617,-84.34625000000621
OPEN_FADE_5M,732,LONDON_0800,US100,LONG,1729839600,2024-10-25T07:00:00,1729839900,2024-10-25T07:05:00,1729839960,2024-10-25T07:06:00,-4.130000000001019,5.630000000001019,0.04,0.22520000000004076,20234.12,20235.52,20229.89,20231.29,1.4000000000000001,STOP_ADVERSE_FIRST,-1.0,-0.22520000000004076,0.05600000000000001,-0.28120000000004075,13.243249999993816,13.018049999993776,-84.34625000000621,-84.62745000000625
OPEN_FADE_5M,733,NEW_YORK_0930,US30,LONG,1729863000,2024-10-25T13:30:00,1729863300,2024-10-25T13:35:00,1729863780,2024-10-25T13:43:00,-4.5,9.0,0.02,0.18,42498.83,42500.23,42491.23,42492.630000000005,1.4000000000000001,STOP_ADVERSE_FIRST,-1.0,-0.18,0.028000000000000004,-0.208,13.018049999993776,12.838049999993776,-84.62745000000625,-84.83545000000625
OPEN_FADE_5M,734,NEW_YORK_0930,US100,LONG,1729863000,2024-10-25T13:30:00,1729863300,2024-10-25T13:35:00,1729864740,2024-10-25T13:59:00,-1.8699999999989814,10.380000000001019,0.02,0.20760000000002038,20299.0,20300.4,20290.02,20291.420000000002,1.4000000000000001,STOP_ADVERSE_FIRST,-1.0,-0.20760000000002038,0.028000000000000004,-0.23560000000002038,12.838049999993776,12.630449999993756,-84.83545000000625,-85.07105000000627
OPEN_FADE_5M,735,LONDON_0800,US30,LONG,1730102400,2024-10-28T08:00:00,1730102700,2024-10-28T08:05:00,1730102820,2024-10-28T08:07:00,-2.0,7.25,0.03,0.2175,42322.19,42323.79,42316.54,42318.14,1.6,STOP_ADVERSE_FIRST,-1.0,-0.2175,0.048,-0.2655,12.630449999993756,12.412949999993756,-85.07105000000627,-85.33655000000627
OPEN_FADE_5M,736,LONDON_0800,US100,LONG,1730102400,2024-10-28T08:00:00,1730102700,2024-10-28T08:05:00,1730102880,2024-10-28T08:08:00,-2.1300000000010186,9.369999999998981,0.02,0.18739999999997964,20525.67,20527.07,20517.7,20519.100000000002,1.4000000000000001,STOP_ADVERSE_FIRST,-1.0,-0.18739999999997964,0.028000000000000004,-0.21539999999997964,12.412949999993756,12.225549999993778,-85.33655000000627,-85.55195000000624
OPEN_FADE_5M,737,NEW_YORK_0930,US30,SHORT,1730122200,2024-10-28T13:30:00,1730122500,2024-10-28T13:35:00,1730122680,2024-10-28T13:38:00,9.0,10.0,0.02,0.2,42354.29,42355.69,42362.89,42364.29,1.4000000000000001,STOP_ADVERSE_FIRST,-1.0,-0.2,0.028000000000000004,-0.228,12.225549999993778,12.025549999993778,-85.55195000000624,-85.77995000000624
OPEN_FADE_5M,738,NEW_YORK_0930,US100,SHORT,1730122200,2024-10-28T13:30:00,1730122500,2024-10-28T13:35:00,1730123760,2024-10-28T13:56:00,0.13000000000101863,9.119999999998981,0.02,0.18239999999997963,20524.55,20525.95,20509.47,20510.870000000003,1.4000000000000001,TAKE,1.4999999999998006,0.27359999999993306,0.028000000000000004,0.24559999999993307,12.025549999993778,12.29914999999371,-85.77995000000624,-85.5343500000063
OPEN_FADE_5M,739,LONDON_0800,US100,LONG,1730188800,2024-10-29T08:00:00,1730189100,2024-10-29T08:05:00,1730189280,2024-10-29T08:08:00,-0.25,6.0,0.04,0.24,20365.85,20367.25,20361.25,20362.65,1.4000000000000001,STOP_ADVERSE_FIRST,-1.0,-0.24,0.05600000000000001,-0.296,12.29914999999371,12.05914999999371,-85.5343500000063,-85.8303500000063
OPEN_FADE_5M,740,LONDON_0800,US30,SHORT,1730188800,2024-10-29T08:00:00,1730189100,2024-10-29T08:05:00,1730189400,2024-10-29T08:10:00,2.0,7.5,0.03,0.22499999999999998,42381.64,42383.24,42368.79,42370.39,1.6,TAKE,1.5,0.33749999999999997,0.048,0.2895,12.05914999999371,12.396649999993711,-85.8303500000063,-85.5408500000063
OPEN_FADE_5M,741,NEW_YORK_0930,US100,SHORT,1730208600,2024-10-29T13:30:00,1730208900,2024-10-29T13:35:00,1730209620,2024-10-29T13:47:00,0.5,9.75,0.02,0.195,20382.22,20383.620000000003,20390.57,20391.97,1.4000000000000001,STOP_ADVERSE_FIRST,-1.0,-0.195,0.028000000000000004,-0.223,12.396649999993711,12.20164999999371,-85.5408500000063,-85.7638500000063
OPEN_FADE_5M,742,NEW_YORK_0930,US30,LONG,1730208600,2024-10-29T13:30:00,1730208900,2024-10-29T13:35:00,1730210400,2024-10-29T14:00:00,-3.0,13.75,0.01,0.1375,42380.74,42382.14,42368.39,42369.79,1.4000000000000001,STOP_ADVERSE_FIRST,-1.0,-0.1375,0.014000000000000002,-0.15150000000000002,12.20164999999371,12.064149999993711,-85.7638500000063,-85.9153500000063
OPEN_FADE_5M,743,LONDON_0800,US30,LONG,1730275200,2024-10-30T08:00:00,1730275500,2024-10-30T08:05:00,1730276280,2024-10-30T08:18:00,-5.25,9.0,0.02,0.18,42254.85,42256.45,42269.95,42271.549999999996,1.6,TAKE,1.5000000000000002,0.27,0.032,0.23800000000000002,12.064149999993711,12.334149999993711,-85.9153500000063,-85.6773500000063
OPEN_FADE_5M,744,LONDON_0800,US100,LONG,1730275200,2024-10-30T08:00:00,1730275500,2024-10-30T08:05:00,1730278140,2024-10-30T08:49:00,-5.369999999998981,9.25,0.02,0.185,20593.11,20594.510000000002,20585.260000000002,20586.660000000003,1.4000000000000001,STOP_ADVERSE_FIRST,-1.0,-0.185,0.028000000000000004,-0.213,12.334149999993711,12.14914999999371,-85.6773500000063,-85.8903500000063
OPEN_FADE_5M,745,NEW_YORK_0930,US100,LONG,1730295000,2024-10-30T13:30:00,1730295300,2024-10-30T13:35:00,1730298840,2024-10-30T14:34:00,-12.130000000001019,18.5,0.01,0.185,20604.61,20606.010000000002,20619.61,20621.010000000002,1.4000000000000001,TIME_60_M1,0.7351351351350565,0.13599999999998544,0.014000000000000002,0.12199999999998544,12.14914999999371,12.285149999993696,-85.8903500000063,-85.76835000000631
OPEN_FADE_5M,746,LONDON_0800,US30,LONG,1730361600,2024-10-31T08:00:00,1730361900,2024-10-31T08:05:00,1730362020,2024-10-31T08:07:00,-2.0,5.5,0.04,0.22,42125.56,42127.159999999996,42121.659999999996,42123.259999999995,1.6,STOP_ADVERSE_FIRST,-1.0,-0.22,0.064,-0.28400000000000003,12.285149999993696,12.065149999993695,-85.76835000000631,-86.05235000000631
OPEN_FADE_5M,747,LONDON_0800,US100,LONG,1730361600,2024-10-31T08:00:00,1730361900,2024-10-31T08:05:00,1730362380,2024-10-31T08:13:00,-1.8799999999973807,7.129999999997381,0.03,0.2138999999999214,20285.26,20286.66,20279.530000000002,20280.930000000004,1.4000000000000001,STOP_ADVERSE_FIRST,-1.0,-0.2138999999999214,0.042,-0.2558999999999214,12.065149999993695,11.851249999993774,-86.05235000000631,-86.30825000000624
OPEN_FADE_5M,748,NEW_YORK_0930,US100,LONG,1730381400,2024-10-31T13:30:00,1730381700,2024-10-31T13:35:00,1730382300,2024-10-31T13:45:00,-4.25,6.629999999997381,0.03,0.19889999999992142,20190.26,20191.66,20201.604999999996,20203.004999999997,1.4000000000000001,TAKE,1.4999999999999998,0.2983499999998821,0.042,0.2563499999998821,11.851249999993774,12.149599999993656,-86.30825000000624,-86.05190000000636
OPEN_FADE_5M,749,NEW_YORK_0930,US30,LONG,1730381400,2024-10-31T13:30:00,1730381700,2024-10-31T13:35:00,1730385240,2024-10-31T14:34:00,-17.0,25.0,0.01,0.25,41980.66,41982.060000000005,41979.66,41981.060000000005,1.4000000000000001,TIME_60_M1,-0.0960000000000582,-0.02400000000001455,0.014000000000000002,-0.03800000000001455,12.149599999993656,12.125599999993641,-86.05190000000636,-86.08990000000637
OPEN_FADE_5M,750,LONDON_0800,US100,LONG,1730448000,2024-11-01T08:00:00,1730448300,2024-11-01T08:05:00,1730448420,2024-11-01T08:07:00,-0.25,5.75,0.04,0.23,19962.73,19964.13,19972.755,19974.155000000002,1.4000000000000001,TAKE,1.5,0.34500000000000003,0.05600000000000001,0.28900000000000003,12.125599999993641,12.470599999993642,-86.08990000000637,-85.80090000000637
OPEN_FADE_5M,751,LONDON_0800,US30,LONG,1730448000,2024-11-01T08:00:00,1730448300,2024-11-01T08:05:00,1730448420,2024-11-01T08:07:00,-1.75,5.0,0.04,0.2,41827.53,41829.13,41836.63,41838.229999999996,1.6,TAKE,1.4999999999999998,0.3,0.064,0.236,12.470599999993642,12.770599999993642,-85.80090000000637,-85.56490000000636
OPEN_FADE_5M,752,NEW_YORK_0930,US30,LONG,1730467800,2024-11-01T13:30:00,1730468100,2024-11-01T13:35:00,1730468700,2024-11-01T13:45:00,-6.0,13.5,0.01,0.135,41896.63,41898.03,41918.28,41919.68,1.4000000000000001,TAKE,1.5,0.2025,0.014000000000000002,0.1885,12.770599999993642,12.973099999993643,-85.56490000000636,-85.37640000000636
OPEN_FADE_5M,753,NEW_YORK_0930,US100,SHORT,1730467800,2024-11-01T13:30:00,1730468100,2024-11-01T13:35:00,1730469060,2024-11-01T13:51:00,1.25,6.369999999998981,0.04,0.2547999999999593,19987.61,19989.010000000002,19992.579999999998,19993.98,1.4000000000000001,STOP_ADVERSE_FIRST,-1.0,-0.2547999999999593,0.05600000000000001,-0.3107999999999593,12.973099999993643,12.718299999993684,-85.37640000000636,-85.68720000000631
OPEN_FADE_5M,754,LONDON_0800,US30,SHORT,1730707200,2024-11-04T08:00:00,1730707500,2024-11-04T08:05:00,1730708640,2024-11-04T08:24:00,10.5,14.75,0.01,0.1475,42044.19,42045.79,42057.340000000004,42058.94,1.6,STOP_ADVERSE_FIRST,-1.0,-0.1475,0.016,-0.16349999999999998,12.718299999993684,12.570799999993683,-85.68720000000631,-85.85070000000631
OPEN_FADE_5M,755,LONDON_0800,US100,SHORT,1730707200,2024-11-04T08:00:00,1730707500,2024-11-04T08:05:00,1730709780,2024-11-04T08:43:00,6.75,11.25,0.02,0.225,20127.0,20128.4,20136.85,20138.25,1.4000000000000001,STOP_ADVERSE_FIRST,-1.0,-0.225,0.028000000000000004,-0.253,12.570799999993683,12.345799999993684,-85.85070000000631,-86.10370000000631
OPEN_FADE_5M,756,NEW_YORK_0930,US30,LONG,1730730600,2024-11-04T14:30:00,1730730900,2024-11-04T14:35:00,1730731080,2024-11-04T14:38:00,-3.0,17.5,0.01,0.17500000000000002,42052.29,42053.69,42036.19,42037.590000000004,1.4000000000000001,STOP_ADVERSE_FIRST,-1.0,-0.17500000000000002,0.014000000000000002,-0.18900000000000003,12.345799999993684,12.170799999993683,-86.10370000000631,-86.2927000000063
OPEN_FADE_5M,757,NEW_YORK_0930,US100,LONG,1730730600,2024-11-04T14:30:00,1730730900,2024-11-04T14:35:00,1730731260,2024-11-04T14:41:00,-10.380000000001019,23.38000000000102,0.01,0.2338000000000102,20020.25,20021.65,19998.27,19999.670000000002,1.4000000000000001,STOP_ADVERSE_FIRST,-1.0,-0.2338000000000102,0.014000000000000002,-0.2478000000000102,12.170799999993683,11.936999999993674,-86.2927000000063,-86.54050000000632
OPEN_FADE_5M,758,LONDON_0800,US100,LONG,1730793600,2024-11-05T08:00:00,1730793900,2024-11-05T08:05:00,1730794800,2024-11-05T08:20:00,-0.13000000000101863,4.619999999998981,0.05,0.23099999999994908,19995.39,19996.79,20003.72,20005.120000000003,1.4000000000000001,TAKE,1.5000000000003937,0.3465000000000146,0.07,0.27650000000001457,11.936999999993674,12.283499999993689,-86.54050000000632,-86.2640000000063
OPEN_FADE_5M,759,LONDON_0800,US30,SHORT,1730793600,2024-11-05T08:00:00,1730793900,2024-11-05T08:05:00,1730795220,2024-11-05T08:27:00,2.0,5.5,0.04,0.22,41867.7,41869.299999999996,41857.85,41859.45,1.6,TAKE,1.5,0.33,0.064,0.266,12.283499999993689,12.613499999993689,-86.2640000000063,-85.9980000000063
OPEN_FADE_5M,760,NEW_YORK_0930,US30,LONG,1730817000,2024-11-05T14:30:00,1730817300,2024-11-05T14:35:00,1730817420,2024-11-05T14:37:00,-2.75,14.0,0.01,0.14,41841.8,41843.200000000004,41829.200000000004,41830.600000000006,1.4000000000000001,STOP_ADVERSE_FIRST,-1.0,-0.14,0.014000000000000002,-0.15400000000000003,12.613499999993689,12.473499999993688,-85.9980000000063,-86.1520000000063
OPEN_FADE_5M,761,NEW_YORK_0930,US100,LONG,1730817000,2024-11-05T14:30:00,1730817300,2024-11-05T14:35:00,1730818800,2024-11-05T15:00:00,-2.3800000000010186,12.880000000001019,0.01,0.12880000000001018,20025.89,20027.29,20046.61,20048.010000000002,1.4000000000000001,TAKE,1.4999999999998588,0.1931999999999971,0.014000000000000002,0.17919999999999708,12.473499999993688,12.666699999993686,-86.1520000000063,-85.9728000000063
OPEN_FADE_5M,762,LONDON_0800,US100,SHORT,1730880000,2024-11-06T08:00:00,1730880300,2024-11-06T08:05:00,1730881020,2024-11-06T08:17:00,4.0,13.5,0.01,0.135,20485.17,20486.57,20497.269999999997,20498.67,1.4000000000000001,STOP_ADVERSE_FIRST,-1.0,-0.135,0.014000000000000002,-0.14900000000000002,12.666699999993686,12.531699999993686,-85.9728000000063,-86.1218000000063
OPEN_FADE_5M,763,LONDON_0800,US30,LONG,1730880000,2024-11-06T08:00:00,1730880300,2024-11-06T08:05:00,1730881020,2024-11-06T08:17:00,-22.25,29.0,0.01,0.29,42806.95,42808.549999999996,42852.049999999996,42853.649999999994,1.6,TAKE,1.5,0.435,0.016,0.419,12.531699999993686,12.966699999993686,-86.1218000000063,-85.7028000000063
OPEN_FADE_5M,764,NEW_YORK_0930,US100,SHORT,1730903400,2024-11-06T14:30:00,1730903700,2024-11-06T14:35:00,1730904420,2024-11-06T14:47:00,18.0,27.5,0.01,0.275,20572.67,20574.07,20598.769999999997,20600.17,1.4000000000000001,STOP_ADVERSE_FIRST,-1.0,-0.275,0.014000000000000002,-0.28900000000000003,12.966699999993686,12.691699999993686,-85.7028000000063,-85.99180000000631
OPEN_FADE_5M,765,LONDON_0800,US100,SHORT,1730966400,2024-11-07T08:00:00,1730966700,2024-11-07T08:05:00,1730967960,2024-11-07T08:26:00,3.0,8.380000000001019,0.03,0.25140000000003054,20850.7,20852.100000000002,20857.68,20859.08,1.4000000000000001,STOP_ADVERSE_FIRST,-1.0,-0.25140000000003054,0.042,-0.2934000000000305,12.691699999993686,12.440299999993655,-85.99180000000631,-86.28520000000634
OPEN_FADE_5M,766,LONDON_0800,US30,LONG,1730966400,2024-11-07T08:00:00,1730966700,2024-11-07T08:05:00,1730968440,2024-11-07T08:34:00,-8.5,9.25,0.02,0.185,43871.66,43873.26,43864.01,43865.61,1.6,STOP_ADVERSE_FIRST,-1.0,-0.185,0.032,-0.217,12.440299999993655,12.255299999993655,-86.28520000000634,-86.50220000000634
OPEN_FADE_5M,767,NEW_YORK_0930,US100,LONG,1730989800,2024-11-07T14:30:00,1730990100,2024-11-07T14:35:00,1730990460,2024-11-07T14:41:00,-1.0,7.380000000001019,0.03,0.22140000000003054,20871.58,20872.980000000003,20865.600000000002,20867.000000000004,1.4000000000000001,STOP_ADVERSE_FIRST,-1.0,-0.22140000000003054,0.042,-0.26340000000003055,12.255299999993655,12.033899999993624,-86.50220000000634,-86.76560000000637
OPEN_FADE_5M,768,NEW_YORK_0930,US30,LONG,1730989800,2024-11-07T14:30:00,1730990100,2024-11-07T14:35:00,1730990700,2024-11-07T14:45:00,-6.0,15.5,0.01,0.155,43861.76,43863.16,43847.66,43849.060000000005,1.4000000000000001,STOP_ADVERSE_FIRST,-1.0,-0.155,0.014000000000000002,-0.169,12.033899999993624,11.878899999993624,-86.76560000000637,-86.93460000000637
OPEN_FADE_5M,769,LONDON_0800,US100,SHORT,1731052800,2024-11-08T08:00:00,1731053100,2024-11-08T08:05:00,1731053280,2024-11-08T08:08:00,1.75,5.75,0.04,0.23,21151.86,21153.260000000002,21141.835,21143.235,1.4000000000000001,TAKE,1.5,0.34500000000000003,0.05600000000000001,0.28900000000000003,11.878899999993624,12.223899999993625,-86.93460000000637,-86.64560000000637
OPEN_FADE_5M,770,LONDON_0800,US30,SHORT,1731052800,2024-11-08T08:00:00,1731053100,2024-11-08T08:05:00,1731053760,2024-11-08T08:16:00,2.25,7.75,0.03,0.23249999999999998,43806.74,43808.34,43793.515,43795.115,1.6,TAKE,1.5000000000000002,0.34875,0.048,0.30075,12.223899999993625,12.572649999993626,-86.64560000000637,-86.34485000000637
OPEN_FADE_5M,771,NEW_YORK_0930,US30,SHORT,1731076200,2024-11-08T14:30:00,1731076500,2024-11-08T14:35:00,1731076620,2024-11-08T14:37:00,6.5,13.75,0.01,0.1375,43798.34,43799.74,43810.689999999995,43812.09,1.4000000000000001,STOP_ADVERSE_FIRST,-1.0,-0.1375,0.014000000000000002,-0.15150000000000002,12.572649999993626,12.435149999993627,-86.34485000000637,-86.49635000000637
OPEN_FADE_5M,772,NEW_YORK_0930,US100,SHORT,1731076200,2024-11-08T14:30:00,1731076500,2024-11-08T14:35:00,1731077160,2024-11-08T14:46:00,2.75,9.25,0.02,0.185,21075.49,21076.890000000003,21083.34,21084.74,1.4000000000000001,STOP_ADVERSE_FIRST,-1.0,-0.185,0.028000000000000004,-0.213,12.435149999993627,12.250149999993626,-86.49635000000637,-86.70935000000637
OPEN_FADE_5M,773,LONDON_0800,US100,LONG,1731312000,2024-11-11T08:00:00,1731312300,2024-11-11T08:05:00,1731313440,2024-11-11T08:24:00,-1.0,5.25,0.04,0.21,21195.0,21196.4,21191.15,21192.550000000003,1.4000000000000001,STOP_ADVERSE_FIRST,-1.0,-0.21,0.05600000000000001,-0.266,12.250149999993626,12.040149999993625,-86.70935000000637,-86.97535000000637
OPEN_FADE_5M,774,NEW_YORK_0930,US30,SHORT,1731335400,2024-11-11T14:30:00,1731335700,2024-11-11T14:35:00,1731336120,2024-11-11T14:42:00,3.0,9.0,0.02,0.18,44236.75,44238.15,44244.35,44245.75,1.4000000000000001,STOP_ADVERSE_FIRST,-1.0,-0.18,0.028000000000000004,-0.208,12.040149999993625,11.860149999993626,-86.97535000000637,-87.18335000000637
OPEN_FADE_5M,775,NEW_YORK_0930,US100,LONG,1731335400,2024-11-11T14:30:00,1731335700,2024-11-11T14:35:00,1731336240,2024-11-11T14:44:00,-0.75,6.619999999998981,0.03,0.19859999999996944,21219.12,21220.52,21230.449999999997,21231.85,1.4000000000000001,TAKE,1.499999999999725,0.2978999999998996,0.042,0.2558999999998996,11.860149999993626,12.158049999993525,-87.18335000000637,-86.92745000000647
OPEN_FADE_5M,776,LONDON_0800,US30,LONG,1731398400,2024-11-12T08:00:00,1731398700,2024-11-12T08:05:00,1731402000,2024-11-12T09:00:00,-6.0,8.0,0.03,0.24,44268.48,44270.08,44282.08,44283.68,1.6,TAKE,1.5,0.36,0.048,0.312,12.158049999993525,12.518049999993524,-86.92745000000647,-86.61545000000648
OPEN_FADE_5M,777,LONDON_0800,US100,LONG,1731398400,2024-11-12T08:00:00,1731398700,2024-11-12T08:05:00,1731402180,2024-11-12T09:03:00,-0.36999999999898137,14.380000000001019,0.01,0.1438000000000102,21105.75,21107.15,21128.72,21130.120000000003,1.4000000000000001,TAKE,1.4999999999998734,0.2156999999999971,0.014000000000000002,0.20169999999999708,12.518049999993524,12.73374999999352,-86.61545000000648,-86.41375000000647
OPEN_FADE_5M,778,NEW_YORK_0930,US100,LONG,1731421800,2024-11-12T14:30:00,1731422100,2024-11-12T14:35:00,1731422460,2024-11-12T14:41:00,-8.369999999998981,12.869999999998981,0.01,0.12869999999998982,21090.5,21091.9,21111.205,21112.605000000003,1.4000000000000001,TAKE,1.5000000000001412,0.1930500000000029,0.014000000000000002,0.1790500000000029,12.73374999999352,12.926799999993523,-86.41375000000647,-86.23470000000647
OPEN_FADE_5M,779,NEW_YORK_0930,US30,LONG,1731421800,2024-11-12T14:30:00,1731422100,2024-11-12T14:35:00,1731423600,2024-11-12T15:00:00,-8.0,13.0,0.01,0.13,44293.58,44294.98,44281.98,44283.380000000005,1.4000000000000001,STOP_ADVERSE_FIRST,-1.0,-0.13,0.014000000000000002,-0.14400000000000002,12.926799999993523,12.796799999993523,-86.23470000000647,-86.37870000000648
OPEN_FADE_5M,780,LONDON_0800,US30,SHORT,1731484800,2024-11-13T08:00:00,1731485100,2024-11-13T08:05:00,1731485520,2024-11-13T08:12:00,5.0,10.5,0.02,0.21,43881.22,43882.82,43863.87,43865.47,1.6,TAKE,1.5,0.315,0.032,0.28300000000000003,12.796799999993523,13.111799999993522,-86.37870000000648,-86.09570000000647
OPEN_FADE_5M,781,LONDON_0800,US100,SHORT,1731484800,2024-11-13T08:00:00,1731485100,2024-11-13T08:05:00,1731485640,2024-11-13T08:14:00,6.129999999997381,9.75,0.02,0.195,21040.17,21041.57,21024.144999999997,21025.545,1.4000000000000001,TAKE,1.4999999999999998,0.2925,0.028000000000000004,0.26449999999999996,13.111799999993522,13.404299999993523,-86.09570000000647,-85.83120000000648
OPEN_FADE_5M,782,NEW_YORK_0930,US100,LONG,1731508200,2024-11-13T14:30:00,1731508500,2024-11-13T14:35:00,1731508560,2024-11-13T14:36:00,-1.25,9.75,0.02,0.195,21064.17,21065.57,21055.82,21057.22,1.4000000000000001,STOP_ADVERSE_FIRST,-1.0,-0.195,0.028000000000000004,-0.223,13.404299999993523,13.209299999993522,-85.83120000000648,-86.05420000000647
OPEN_FADE_5M,783,NEW_YORK_0930,US30,SHORT,1731508200,2024-11-13T14:30:00,1731508500,2024-11-13T14:35:00,1731509160,2024-11-13T14:46:00,5.5,18.75,0.01,0.1875,43886.07,43887.47,43856.545,43857.945,1.4000000000000001,TAKE,1.5,0.28125,0.014000000000000002,0.26725,13.209299999993522,13.490549999993522,-86.05420000000647,-85.78695000000647
OPEN_FADE_5M,784,LONDON_0800,US100,LONG,1731571200,2024-11-14T08:00:00,1731571500,2024-11-14T08:05:00,1731572460,2024-11-14T08:21:00,-1.75,6.5,0.04,0.26,21034.94,21036.34,21029.84,21031.24,1.4000000000000001,STOP_ADVERSE_FIRST,-1.0,-0.26,0.05600000000000001,-0.316,13.490549999993522,13.230549999993523,-85.78695000000647,-86.10295000000647
OPEN_FADE_5M,785,LONDON_0800,US30,SHORT,1731571200,2024-11-14T08:00:00,1731571500,2024-11-14T08:05:00,1731574260,2024-11-14T08:51:00,0.75,11.0,0.02,0.22,43966.19,43967.79,43948.090000000004,43949.69,1.6,TAKE,1.5,0.33,0.032,0.29800000000000004,13.230549999993523,13.560549999993523,-86.10295000000647,-85.80495000000647
OPEN_FADE_5M,786,NEW_YORK_0930,US100,SHORT,1731594600,2024-11-14T14:30:00,1731594900,2024-11-14T14:35:00,1731595980,2024-11-14T14:53:00,8.880000000001019,10.0,0.02,0.2,21093.07,21094.47,21076.67,21078.07,1.4000000000000001,TAKE,1.4999999999999998,0.3,0.028000000000000004,0.27199999999999996,13.560549999993523,13.860549999993523,-85.80495000000647,-85.53295000000647
OPEN_FADE_5M,787,NEW_YORK_0930,US30,SHORT,1731594600,2024-11-14T14:30:00,1731594900,2024-11-14T14:35:00,1731596160,2024-11-14T14:56:00,15.25,16.0,0.01,0.16,44121.29,44122.69,44095.89,44097.29,1.4000000000000001,TAKE,1.5,0.24,0.014000000000000002,0.22599999999999998,13.860549999993523,14.100549999993524,-85.53295000000647,-85.30695000000647
OPEN_FADE_5M,788,LONDON_0800,US30,LONG,1731657600,2024-11-15T08:00:00,1731657900,2024-11-15T08:05:00,1731657960,2024-11-15T08:06:00,-7.0,9.75,0.02,0.195,43662.78,43664.38,43654.63,43656.229999999996,1.6,STOP_ADVERSE_FIRST,-1.0,-0.195,0.032,-0.227,14.100549999993524,13.905549999993523,-85.30695000000647,-85.53395000000647
OPEN_FADE_5M,789,LONDON_0800,US100,LONG,1731657600,2024-11-15T08:00:00,1731657900,2024-11-15T08:05:00,1731658020,2024-11-15T08:07:00,-5.369999999998981,10.75,0.02,0.215,20810.17,20811.57,20800.82,20802.22,1.4000000000000001,STOP_ADVERSE_FIRST,-1.0,-0.215,0.028000000000000004,-0.243,13.905549999993523,13.690549999993523,-85.53395000000647,-85.77695000000647
OPEN_FADE_5M,790,NEW_YORK_0930,US30,LONG,1731681000,2024-11-15T14:30:00,1731681300,2024-11-15T14:35:00,1731682200,2024-11-15T14:50:00,-6.5,10.5,0.02,0.21,43632.38,43633.78,43649.53,43650.93,1.4000000000000001,TAKE,1.5,0.315,0.028000000000000004,0.287,13.690549999993523,14.005549999993523,-85.77695000000647,-85.48995000000646
OPEN_FADE_5M,791,NEW_YORK_0930,US100,SHORT,1731681000,2024-11-15T14:30:00,1731681300,2024-11-15T14:35:00,1731682260,2024-11-15T14:51:00,0.6199999999989814,10.0,0.02,0.2,20765.67,20767.07,20774.269999999997,20775.67,1.4000000000000001,STOP_ADVERSE_FIRST,-1.0,-0.2,0.028000000000000004,-0.228,14.005549999993523,13.805549999993524,-85.48995000000646,-85.71795000000645
OPEN_FADE_5M,792,LONDON_0800,US100,LONG,1731916800,2024-11-18T08:00:00,1731917100,2024-11-18T08:05:00,1731917160,2024-11-18T08:06:00,-5.120000000002619,7.629999999997381,0.03,0.22889999999992142,20557.26,20558.66,20551.030000000002,20552.430000000004,1.4000000000000001,STOP_ADVERSE_FIRST,-1.0,-0.22889999999992142,0.042,-0.2708999999999214,13.805549999993524,13.576649999993602,-85.71795000000645,-85.98885000000638
OPEN_FADE_5M,793,LONDON_0800,US30,LONG,1731916800,2024-11-18T08:00:00,1731917100,2024-11-18T08:05:00,1731917760,2024-11-18T08:16:00,-9.0,12.0,0.02,0.24,43458.77,43460.369999999995,43478.369999999995,43479.969999999994,1.6,TAKE,1.5,0.36,0.032,0.32799999999999996,13.576649999993602,13.936649999993602,-85.98885000000638,-85.66085000000638
OPEN_FADE_5M,794,NEW_YORK_0930,US30,SHORT,1731940200,2024-11-18T14:30:00,1731940500,2024-11-18T14:35:00,1731940620,2024-11-18T14:37:00,9.5,14.5,0.01,0.145,43392.87,43394.270000000004,43405.97,43407.37,1.4000000000000001,STOP_ADVERSE_FIRST,-1.0,-0.145,0.014000000000000002,-0.159,13.936649999993602,13.791649999993602,-85.66085000000638,-85.81985000000638
OPEN_FADE_5M,795,NEW_YORK_0930,US100,LONG,1731940200,2024-11-18T14:30:00,1731940500,2024-11-18T14:35:00,1731942240,2024-11-18T15:04:00,-10.25,16.5,0.01,0.165,20479.38,20480.780000000002,20464.280000000002,20465.680000000004,1.4000000000000001,STOP_ADVERSE_FIRST,-1.0,-0.165,0.014000000000000002,-0.17900000000000002,13.791649999993602,13.626649999993603,-85.81985000000638,-85.99885000000639
OPEN_FADE_5M,796,LONDON_0800,US100,LONG,1732003200,2024-11-19T08:00:00,1732003500,2024-11-19T08:05:00,1732004580,2024-11-19T08:23:00,-2.1199999999989814,5.630000000001019,0.04,0.22520000000004076,20593.57,20594.97,20603.415,20604.815000000002,1.4000000000000001,TAKE,1.499999999999677,0.3377999999999884,0.05600000000000001,0.2817999999999884,13.626649999993603,13.964449999993592,-85.99885000000639,-85.7170500000064
OPEN_FADE_5M,797,LONDON_0800,US30,LONG,1732003200,2024-11-19T08:00:00,1732003500,2024-11-19T08:05:00,1732006620,2024-11-19T08:57:00,-11.75,11.75,0.02,0.23500000000000001,43479.75,43481.35,43469.6,43471.2,1.6,STOP_ADVERSE_FIRST,-1.0,-0.23500000000000001,0.032,-0.267,13.964449999993592,13.729449999993593,-85.7170500000064,-85.98405000000639
OPEN_FADE_5M,798,NEW_YORK_0930,US100,LONG,1732026600,2024-11-19T14:30:00,1732026900,2024-11-19T14:35:00,1732029660,2024-11-19T15:21:00,-18.0,19.5,0.01,0.195,20518.57,20519.97,20500.47,20501.870000000003,1.4000000000000001,STOP_ADVERSE_FIRST,-1.0,-0.195,0.014000000000000002,-0.20900000000000002,13.729449999993593,13.534449999993592,-85.98405000000639,-86.1930500000064
OPEN_FADE_5M,799,NEW_YORK_0930,US30,LONG,1732026600,2024-11-19T14:30:00,1732026900,2024-11-19T14:35:00,1732030260,2024-11-19T15:31:00,-26.75,31.0,0.01,0.31,43210.1,43211.5,43180.5,43181.9,1.4000000000000001,STOP_ADVERSE_FIRST,-1.0,-0.31,0.014000000000000002,-0.324,13.534449999993592,13.224449999993592,-86.1930500000064,-86.51705000000639
OPEN_FADE_5M,800,LONDON_0800,US30,SHORT,1732089600,2024-11-20T08:00:00,1732089900,2024-11-20T08:05:00,1732090860,2024-11-20T08:21:00,6.0,11.0,0.02,0.22,43390.22,43391.82,43399.62,43401.22,1.6,STOP_ADVERSE_FIRST,-1.0,-0.22,0.032,-0.252,13.224449999993592,13.004449999993591,-86.51705000000639,-86.76905000000639
OPEN_FADE_5M,801,LONDON_0800,US100,SHORT,1732089600,2024-11-20T08:00:00,1732089900,2024-11-20T08:05:00,1732090920,2024-11-20T08:22:00,3.1199999999989814,7.130000000001019,0.03,0.21390000000003054,20728.57,20729.97,20734.3,20735.7,1.4000000000000001,STOP_ADVERSE_FIRST,-1.0,-0.21390000000003054,0.042,-0.25590000000003055,13.004449999993591,12.79054999999356,-86.76905000000639,-87.02495000000641
OPEN_FADE_5M,802,NEW_YORK_0930,US30,LONG,1732113000,2024-11-20T14:30:00,1732113300,2024-11-20T14:35:00,1732114500,2024-11-20T14:55:00,-10.0,23.25,0.01,0.2325,43407.32,43408.72,43443.595,43444.995,1.4000000000000001,TAKE,1.5,0.34875,0.014000000000000002,0.33475,12.79054999999356,13.139299999993561,-87.02495000000641,-86.69020000000641
OPEN_FADE_5M,803,NEW_YORK_0930,US100,LONG,1732113000,2024-11-20T14:30:00,1732113300,2024-11-20T14:35:00,1732116840,2024-11-20T15:34:00,-9.0,17.75,0.01,0.1775,20732.82,20734.22,20736.44,20737.84,1.4000000000000001,TIME_60_M1,0.12507042253507192,0.022199999999975264,0.014000000000000002,0.008199999999975262,13.139299999993561,13.161499999993536,-86.69020000000641,-86.68200000000644
OPEN_FADE_5M,804,LONDON_0800,US30,LONG,1732176000,2024-11-21T08:00:00,1732176300,2024-11-21T08:05:00,1732176300,2024-11-21T08:05:00,-1.25,6.5,0.04,0.26,43417.34,43418.939999999995,43412.439999999995,43414.03999999999,1.6,STOP_ADVERSE_FIRST,-1.0,-0.26,0.064,-0.324,13.161499999993536,12.901499999993536,-86.68200000000644,-87.00600000000644
OPEN_FADE_5M,805,LONDON_0800,US100,LONG,1732176000,2024-11-21T08:00:00,1732176300,2024-11-21T08:05:00,1732176360,2024-11-21T08:06:00,-4.629999999997381,8.0,0.03,0.24,20601.51,20602.91,20594.91,20596.31,1.4000000000000001,STOP_ADVERSE_FIRST,-1.0,-0.24,0.042,-0.282,12.901499999993536,12.661499999993536,-87.00600000000644,-87.28800000000643
OPEN_FADE_5M,806,NEW_YORK_0930,US100,LONG,1732199400,2024-11-21T14:30:00,1732199700,2024-11-21T14:35:00,1732200780,2024-11-21T14:53:00,-3.75,26.5,0.01,0.265,20712.26,20713.66,20687.16,20688.56,1.4000000000000001,STOP_ADVERSE_FIRST,-1.0,-0.265,0.014000000000000002,-0.279,12.661499999993536,12.396499999993535,-87.28800000000643,-87.56700000000643
OPEN_FADE_5M,807,NEW_YORK_0930,US30,LONG,1732199400,2024-11-21T14:30:00,1732199700,2024-11-21T14:35:00,1732203240,2024-11-21T15:34:00,-15.0,43.75,0.01,0.4375,43579.44,43580.840000000004,43632.44,43633.840000000004,1.4000000000000001,TIME_60_M1,1.1794285714285382,0.5159999999999855,0.014000000000000002,0.5019999999999855,12.396499999993535,12.912499999993521,-87.56700000000643,-87.06500000000645
OPEN_FADE_5M,808,LONDON_0800,US30,SHORT,1732262400,2024-11-22T08:00:00,1732262700,2024-11-22T08:05:00,1732263300,2024-11-22T08:15:00,16.0,19.0,0.01,0.19,43883.57,43885.17,43900.97,43902.57,1.6,STOP_ADVERSE_FIRST,-1.0,-0.19,0.016,-0.20600000000000002,12.912499999993521,12.722499999993522,-87.06500000000645,-87.27100000000645
OPEN_FADE_5M,809,LONDON_0800,US100,SHORT,1732262400,2024-11-22T08:00:00,1732262700,2024-11-22T08:05:00,1732263360,2024-11-22T08:16:00,21.75,24.86999999999898,0.01,0.24869999999998982,20718.2,20719.600000000002,20741.67,20743.07,1.4000000000000001,STOP_ADVERSE_FIRST,-1.0,-0.24869999999998982,0.014000000000000002,-0.26269999999998983,12.722499999993522,12.473799999993531,-87.27100000000645,-87.53370000000645
OPEN_FADE_5M,810,NEW_YORK_0930,US30,LONG,1732285800,2024-11-22T14:30:00,1732286100,2024-11-22T14:35:00,1732287240,2024-11-22T14:54:00,-9.0,23.25,0.01,0.2325,43897.67,43899.07,43933.945,43935.345,1.4000000000000001,TAKE,1.5,0.34875,0.014000000000000002,0.33475,12.473799999993531,12.822549999993532,-87.53370000000645,-87.19895000000645
OPEN_FADE_5M,811,NEW_YORK_0930,US100,LONG,1732285800,2024-11-22T14:30:00,1732286100,2024-11-22T14:35:00,1732288260,2024-11-22T15:11:00,-5.5,17.0,0.01,0.17,20715.2,20716.600000000002,20742.100000000002,20743.500000000004,1.4000000000000001,TAKE,1.5,0.255,0.014000000000000002,0.241,12.822549999993532,13.077549999993533,-87.19895000000645,-86.95795000000645
OPEN_FADE_5M,812,LONDON_0800,US100,LONG,1732521600,2024-11-25T08:00:00,1732521900,2024-11-25T08:05:00,1732525440,2024-11-25T09:04:00,-10.880000000001019,11.75,0.02,0.23500000000000001,20899.41,20900.81,20892.91,20894.31,1.4000000000000001,TIME_60_M1,-0.6723404255320388,-0.15800000000002912,0.028000000000000004,-0.18600000000002911,13.077549999993533,12.919549999993503,-86.95795000000645,-87.14395000000648
OPEN_FADE_5M,813,LONDON_0800,US30,LONG,1732521600,2024-11-25T08:00:00,1732521900,2024-11-25T08:05:00,1732525440,2024-11-25T09:04:00,-9.5,11.5,0.02,0.23,44573.84,44575.439999999995,44576.34,44577.939999999995,1.6,TIME_60_M1,0.07826086956534392,0.018000000000029104,0.032,-0.013999999999970897,12.919549999993503,12.937549999993532,-87.14395000000648,-87.15795000000645
OPEN_FADE_5M,814,NEW_YORK_0930,US30,SHORT,1732545000,2024-11-25T14:30:00,1732545300,2024-11-25T14:35:00,1732545480,2024-11-25T14:38:00,12.0,20.25,0.01,0.2025,44597.44,44598.840000000004,44616.29,44617.69,1.4000000000000001,STOP_ADVERSE_FIRST,-1.0,-0.2025,0.014000000000000002,-0.21650000000000003,12.937549999993532,12.735049999993532,-87.15795000000645,-87.37445000000645
OPEN_FADE_5M,815,NEW_YORK_0930,US100,SHORT,1732545000,2024-11-25T14:30:00,1732545300,2024-11-25T14:35:00,1732548840,2024-11-25T15:34:00,6.75,14.619999999998981,0.01,0.1461999999999898,20897.91,20899.31,20892.78,20894.18,1.4000000000000001,TIME_60_M1,0.25512995896031626,0.037299999999995635,0.014000000000000002,0.023299999999995633,12.735049999993532,12.772349999993526,-87.37445000000645,-87.35115000000646
OPEN_FADE_5M,816,LONDON_0800,US100,SHORT,1732608000,2024-11-26T08:00:00,1732608300,2024-11-26T08:05:00,1732608300,2024-11-26T08:05:00,6.5,9.0,0.02,0.18,20832.4,20833.800000000003,20840.0,20841.4,1.4000000000000001,STOP_ADVERSE_FIRST,-1.0,-0.18,0.028000000000000004,-0.208,12.772349999993526,12.592349999993527,-87.35115000000646,-87.55915000000645
OPEN_FADE_5M,817,LONDON_0800,US30,SHORT,1732608000,2024-11-26T08:00:00,1732608300,2024-11-26T08:05:00,1732608540,2024-11-26T08:09:00,4.25,10.0,0.02,0.2,44754.19,44755.79,44762.590000000004,44764.19,1.6,STOP_ADVERSE_FIRST,-1.0,-0.2,0.032,-0.232,12.592349999993527,12.392349999993527,-87.55915000000645,-87.79115000000645
OPEN_FADE_5M,818,NEW_YORK_0930,US30,LONG,1732631400,2024-11-26T14:30:00,1732631700,2024-11-26T14:35:00,1732633200,2024-11-26T15:00:00,-13.0,23.75,0.01,0.23750000000000002,44691.54,44692.94,44728.565,44729.965000000004,1.4000000000000001,TAKE,1.5,0.35625,0.014000000000000002,0.34225,12.392349999993527,12.748599999993527,-87.79115000000645,-87.44890000000645
OPEN_FADE_5M,819,NEW_YORK_0930,US100,LONG,1732631400,2024-11-26T14:30:00,1732631700,2024-11-26T14:35:00,1732633260,2024-11-26T15:01:00,-0.25,10.119999999998981,0.02,0.20239999999997962,20883.15,20884.550000000003,20874.430000000004,20875.830000000005,1.4000000000000001,STOP_ADVERSE_FIRST,-1.0,-0.20239999999997962,0.028000000000000004,-0.23039999999997962,12.748599999993527,12.546199999993547,-87.44890000000645,-87.67930000000642
OPEN_FADE_5M,820,LONDON_0800,US30,SHORT,1732694400,2024-11-27T08:00:00,1732694700,2024-11-27T08:05:00,1732694700,2024-11-27T08:05:00,2.5,4.75,0.05,0.23750000000000002,44888.07,44889.67,44891.22,44892.82,1.6,STOP_ADVERSE_FIRST,-1.0,-0.23750000000000002,0.08000000000000002,-0.3175,12.546199999993547,12.308699999993546,-87.67930000000642,-87.99680000000642
OPEN_FADE_5M,821,LONDON_0800,US100,SHORT,1732694400,2024-11-27T08:00:00,1732694700,2024-11-27T08:05:00,1732694760,2024-11-27T08:06:00,1.25,5.130000000001019,0.04,0.20520000000004074,20904.35,20905.75,20908.079999999998,20909.48,1.4000000000000001,STOP_ADVERSE_FIRST,-1.0,-0.20520000000004074,0.05600000000000001,-0.26120000000004073,12.308699999993546,12.103499999993506,-87.99680000000642,-88.25800000000646
OPEN_FADE_5M,822,NEW_YORK_0930,US100,SHORT,1732717800,2024-11-27T14:30:00,1732718100,2024-11-27T14:35:00,1732719120,2024-11-27T14:52:00,7.25,8.369999999998981,0.02,0.16739999999997962,20882.35,20883.75,20889.319999999996,20890.719999999998,1.4000000000000001,STOP_ADVERSE_FIRST,-1.0,-0.16739999999997962,0.028000000000000004,-0.19539999999997962,12.103499999993506,11.936099999993527,-88.25800000000646,-88.45340000000644
OPEN_FADE_5M,823,NEW_YORK_0930,US30,SHORT,1732717800,2024-11-27T14:30:00,1732718100,2024-11-27T14:35:00,1732719960,2024-11-27T15:06:00,4.0,11.25,0.02,0.225,44893.42,44894.82,44903.27,44904.67,1.4000000000000001,STOP_ADVERSE_FIRST,-1.0,-0.225,0.028000000000000004,-0.253,11.936099999993527,11.711099999993527,-88.45340000000644,-88.70640000000644
OPEN_FADE_5M,824,LONDON_0800,US30,LONG,1732780800,2024-11-28T08:00:00,1732781100,2024-11-28T08:05:00,1732781640,2024-11-28T08:14:00,-2.25,4.5,0.05,0.225,44815.55,44817.15,44812.65,44814.25,1.6,STOP_ADVERSE_FIRST,-1.0,-0.225,0.08000000000000002,-0.30500000000000005,11.711099999993527,11.486099999993527,-88.70640000000644,-89.01140000000645
OPEN_FADE_5M,825,LONDON_0800,US100,LONG,1732780800,2024-11-28T08:00:00,1732781100,2024-11-28T08:05:00,1732784160,2024-11-28T08:56:00,-2.75,4.25,0.05,0.21250000000000002,20802.23,20803.63,20810.005,20811.405000000002,1.4000000000000001,TAKE,1.5,0.31875000000000003,0.07,0.24875000000000003,11.486099999993527,11.804849999993527,-89.01140000000645,-88.76265000000645
OPEN_FADE_5M,826,NEW_YORK_0930,US100,SHORT,1732804200,2024-11-28T14:30:00,1732804500,2024-11-28T14:35:00,1732805820,2024-11-28T14:57:00,3.3800000000010186,5.119999999998981,0.04,0.20479999999995926,20815.48,20816.88,20819.199999999997,20820.6,1.4000000000000001,STOP_ADVERSE_FIRST,-1.0,-0.20479999999995926,0.05600000000000001,-0.2607999999999593,11.804849999993527,11.600049999993567,-88.76265000000645,-89.0234500000064
OPEN_FADE_5M,827,NEW_YORK_0930,US30,SHORT,1732804200,2024-11-28T14:30:00,1732804500,2024-11-28T14:35:00,1732807320,2024-11-28T15:22:00,12.0,14.5,0.01,0.145,44807.65,44809.05,44820.75,44822.15,1.4000000000000001,STOP_ADVERSE_FIRST,-1.0,-0.145,0.014000000000000002,-0.159,11.600049999993567,11.455049999993568,-89.0234500000064,-89.18245000000641
OPEN_FADE_5M,828,LONDON_0800,US100,LONG,1732867200,2024-11-29T08:00:00,1732867500,2024-11-29T08:05:00,1732868220,2024-11-29T08:17:00,-3.75,5.379999999997381,0.04,0.21519999999989523,20848.28,20849.68,20844.300000000003,20845.700000000004,1.4000000000000001,STOP_ADVERSE_FIRST,-1.0,-0.21519999999989523,0.05600000000000001,-0.27119999999989525,11.455049999993568,11.239849999993673,-89.18245000000641,-89.4536500000063
OPEN_FADE_5M,829,LONDON_0800,US30,SHORT,1732867200,2024-11-29T08:00:00,1732867500,2024-11-29T08:05:00,1732869060,2024-11-29T08:31:00,3.0,8.75,0.02,0.17500000000000002,44881.8,44883.4,44888.950000000004,44890.55,1.6,STOP_ADVERSE_FIRST,-1.0,-0.17500000000000002,0.032,-0.20700000000000002,11.239849999993673,11.064849999993672,-89.4536500000063,-89.6606500000063
OPEN_FADE_5M,830,NEW_YORK_0930,US100,LONG,1732890600,2024-11-29T14:30:00,1732890900,2024-11-29T14:35:00,1732890960,2024-11-29T14:36:00,-6.120000000002619,10.12999999999738,0.02,0.20259999999994763,20818.03,20819.43,20809.300000000003,20810.700000000004,1.4000000000000001,STOP_ADVERSE_FIRST,-1.0,-0.20259999999994763,0.028000000000000004,-0.23059999999994762,11.064849999993672,10.862249999993725,-89.6606500000063,-89.89125000000625
OPEN_FADE_5M,831,NEW_YORK_0930,US30,LONG,1732890600,2024-11-29T14:30:00,1732890900,2024-11-29T14:35:00,1732891440,2024-11-29T14:44:00,-16.5,18.25,0.01,0.1825,44895.9,44897.3,44879.05,44880.450000000004,1.4000000000000001,STOP_ADVERSE_FIRST,-1.0,-0.1825,0.014000000000000002,-0.1965,10.862249999993725,10.679749999993726,-89.89125000000625,-90.08775000000625
OPEN_FADE_5M,832,LONDON_0800,US30,LONG,1733126400,2024-12-02T08:00:00,1733126700,2024-12-02T08:05:00,1733126820,2024-12-02T08:07:00,-2.5,7.75,0.02,0.155,44884.41,44886.01,44878.26,44879.86,1.6,STOP_ADVERSE_FIRST,-1.0,-0.155,0.032,-0.187,10.679749999993726,10.524749999993727,-90.08775000000625,-90.27475000000625
OPEN_FADE_5M,833,LONDON_0800,US100,SHORT,1733126400,2024-12-02T08:00:00,1733126700,2024-12-02T08:05:00,1733127420,2024-12-02T08:17:00,2.1300000000010186,6.119999999998981,0.03,0.18359999999996943,20914.52,20915.920000000002,20903.940000000002,20905.340000000004,1.4000000000000001,TAKE,1.4999999999997027,0.27539999999989956,0.042,0.23339999999989955,10.524749999993727,10.800149999993627,-90.27475000000625,-90.04135000000635
OPEN_FADE_5M,834,NEW_YORK_0930,US100,LONG,1733149800,2024-12-02T14:30:00,1733150100,2024-12-02T14:35:00,1733152560,2024-12-02T15:16:00,-2.3699999999989814,16.38000000000102,0.01,0.1638000000000102,20960.65,20962.050000000003,20986.620000000003,20988.020000000004,1.4000000000000001,TAKE,1.499999999999889,0.2456999999999971,0.014000000000000002,0.23169999999999707,10.800149999993627,11.045849999993624,-90.04135000000635,-89.80965000000634
OPEN_FADE_5M,835,NEW_YORK_0930,US30,LONG,1733149800,2024-12-02T14:30:00,1733150100,2024-12-02T14:35:00,1733153640,2024-12-02T15:34:00,-12.0,29.75,0.01,0.2975,44941.01,44942.41,44955.01,44956.41,1.4000000000000001,TIME_60_M1,0.423529411764657,0.12599999999998546,0.014000000000000002,0.11199999999998546,11.045849999993624,11.17184999999361,-89.80965000000634,-89.69765000000636
OPEN_FADE_5M,836,LONDON_0800,US100,SHORT,1733212800,2024-12-03T08:00:00,1733213100,2024-12-03T08:05:00,1733216460,2024-12-03T09:01:00,3.8799999999973807,7.0,0.03,0.21,21195.76,21197.16,21183.859999999997,21185.26,1.4000000000000001,TAKE,1.5,0.315,0.042,0.273,11.17184999999361,11.48684999999361,-89.69765000000636,-89.42465000000637
OPEN_FADE_5M,837,NEW_YORK_0930,US100,SHORT,1733236200,2024-12-03T14:30:00,1733236500,2024-12-03T14:35:00,1733240040,2024-12-03T15:34:00,10.87000000000262,13.87999999999738,0.01,0.1387999999999738,21177.63,21179.030000000002,21172.88,21174.280000000002,1.4000000000000001,TIME_60_M1,0.24135446685873035,0.03349999999998545,0.014000000000000002,0.01949999999998545,11.48684999999361,11.520349999993595,-89.42465000000637,-89.40515000000639
OPEN_FADE_5M,838,NEW_YORK_0930,US30,SHORT,1733236200,2024-12-03T14:30:00,1733236500,2024-12-03T14:35:00,1733240040,2024-12-03T15:34:00,12.75,16.0,0.01,0.16,44823.71,44825.11,44833.21,44834.61,1.4000000000000001,TIME_60_M1,-0.681250000000091,-0.10900000000001456,0.014000000000000002,-0.12300000000001456,11.520349999993595,11.41134999999358,-89.40515000000639,-89.5281500000064
OPEN_FADE_5M,839,LONDON_0800,US30,SHORT,1733299200,2024-12-04T08:00:00,1733299500,2024-12-04T08:05:00,1733299800,2024-12-04T08:10:00,1.0,3.5,0.06,0.21,44880.26,44881.86,44882.16,44883.76,1.6,STOP_ADVERSE_FIRST,-1.0,-0.21,0.096,-0.306,11.41134999999358,11.20134999999358,-89.5281500000064,-89.8341500000064
OPEN_FADE_5M,840,LONDON_0800,US100,SHORT,1733299200,2024-12-04T08:00:00,1733299500,2024-12-04T08:05:00,1733300520,2024-12-04T08:22:00,2.8800000000010186,5.630000000001019,0.04,0.22520000000004076,21323.65,21325.050000000003,21313.805,21315.205,1.4000000000000001,TAKE,1.499999999999677,0.3377999999999884,0.05600000000000001,0.2817999999999884,11.20134999999358,11.539149999993569,-89.8341500000064,-89.55235000000641
OPEN_FADE_5M,841,NEW_YORK_0930,US30,LONG,1733322600,2024-12-04T14:30:00,1733322900,2024-12-04T14:35:00,1733325420,2024-12-04T15:17:00,-7.25,19.5,0.01,0.195,44918.36,44919.76,44900.26,44901.66,1.4000000000000001,STOP_ADVERSE_FIRST,-1.0,-0.195,0.014000000000000002,-0.20900000000000002,11.539149999993569,11.344149999993569,-89.55235000000641,-89.76135000000642
OPEN_FADE_5M,842,NEW_YORK_0930,US100,SHORT,1733322600,2024-12-04T14:30:00,1733322900,2024-12-04T14:35:00,1733325600,2024-12-04T15:20:00,3.3699999999989814,8.130000000001019,0.02,0.16260000000002037,21383.9,21385.300000000003,21390.63,21392.030000000002,1.4000000000000001,STOP_ADVERSE_FIRST,-1.0,-0.16260000000002037,0.028000000000000004,-0.19060000000002036,11.344149999993569,11.181549999993548,-89.76135000000642,-89.95195000000643
OPEN_FADE_5M,843,LONDON_0800,US100,LONG,1733385600,2024-12-05T08:00:00,1733385900,2024-12-05T08:05:00,1733387100,2024-12-05T08:25:00,-0.6199999999989814,6.0,0.03,0.18,21478.93,21480.33,21474.33,21475.730000000003,1.4000000000000001,STOP_ADVERSE_FIRST,-1.0,-0.18,0.042,-0.222,11.181549999993548,11.001549999993548,-89.95195000000643,-90.17395000000643
OPEN_FADE_5M,844,LONDON_0800,US30,SHORT,1733385600,2024-12-05T08:00:00,1733385900,2024-12-05T08:05:00,1733387520,2024-12-05T08:32:00,4.75,7.25,0.03,0.2175,45053.42,45055.02,45059.07,45060.67,1.6,STOP_ADVERSE_FIRST,-1.0,-0.2175,0.048,-0.2655,11.001549999993548,10.784049999993549,-90.17395000000643,-90.43945000000643
OPEN_FADE_5M,845,NEW_YORK_0930,US100,SHORT,1733409000,2024-12-05T14:30:00,1733409300,2024-12-05T14:35:00,1733409480,2024-12-05T14:38:00,2.75,4.5,0.04,0.18,21489.3,21490.7,21492.399999999998,21493.8,1.4000000000000001,STOP_ADVERSE_FIRST,-1.0,-0.18,0.05600000000000001,-0.236,10.784049999993549,10.60404999999355,-90.43945000000643,-90.67545000000644
OPEN_FADE_5M,846,NEW_YORK_0930,US30,LONG,1733409000,2024-12-05T14:30:00,1733409300,2024-12-05T14:35:00,1733410800,2024-12-05T15:00:00,-1.0,8.0,0.02,0.16,45030.52,45031.92,45023.92,45025.32,1.4000000000000001,STOP_ADVERSE_FIRST,-1.0,-0.16,0.028000000000000004,-0.188,10.60404999999355,10.444049999993549,-90.67545000000644,-90.86345000000644
OPEN_FADE_5M,847,LONDON_0800,US100,SHORT,1733472000,2024-12-06T08:00:00,1733472300,2024-12-06T08:05:00,1733472480,2024-12-06T08:08:00,2.1199999999989814,3.75,0.05,0.1875,21443.98,21445.38,21446.329999999998,21447.73,1.4000000000000001,STOP_ADVERSE_FIRST,-1.0,-0.1875,0.07,-0.2575,10.444049999993549,10.256549999993549,-90.86345000000644,-91.12095000000643
OPEN_FADE_5M,848,LONDON_0800,US30,SHORT,1733472000,2024-12-06T08:00:00,1733472300,2024-12-06T08:05:00,1733473320,2024-12-06T08:22:00,3.75,6.25,0.03,0.1875,44772.7,44774.299999999996,44777.35,44778.95,1.6,STOP_ADVERSE_FIRST,-1.0,-0.1875,0.048,-0.2355,10.256549999993549,10.069049999993549,-91.12095000000643,-91.35645000000643
OPEN_FADE_5M,849,NEW_YORK_0930,US30,LONG,1733495400,2024-12-06T14:30:00,1733495700,2024-12-06T14:35:00,1733496960,2024-12-06T14:56:00,-7.0,11.5,0.01,0.115,44780.8,44782.200000000004,44770.700000000004,44772.100000000006,1.4000000000000001,STOP_ADVERSE_FIRST,-1.0,-0.115,0.014000000000000002,-0.129,10.069049999993549,9.954049999993549,-91.35645000000643,-91.48545000000644
OPEN_FADE_5M,850,NEW_YORK_0930,US100,LONG,1733495400,2024-12-06T14:30:00,1733495700,2024-12-06T14:35:00,1733498520,2024-12-06T15:22:00,-6.380000000001019,11.130000000001019,0.01,0.11130000000001018,21442.11,21443.510000000002,21432.38,21433.780000000002,1.4000000000000001,STOP_ADVERSE_FIRST,-1.0,-0.11130000000001018,0.014000000000000002,-0.12530000000001018,9.954049999993549,9.842749999993538,-91.48545000000644,-91.61075000000645
OPEN_FADE_5M,851,LONDON_0800,US30,SHORT,1733731200,2024-12-09T08:00:00,1733731500,2024-12-09T08:05:00,1733732400,2024-12-09T08:20:00,3.0,4.75,0.04,0.19,44620.76,44622.36,44612.035,44613.635,1.6,TAKE,1.5000000000000002,0.28500000000000003,0.064,0.22100000000000003,9.842749999993538,10.127749999993538,-91.61075000000645,-91.38975000000644
OPEN_FADE_5M,852,LONDON_0800,US100,SHORT,1733731200,2024-12-09T08:00:00,1733731500,2024-12-09T08:05:00,1733732760,2024-12-09T08:26:00,2.5,3.5,0.05,0.17500000000000002,21623.3,21624.7,21625.399999999998,21626.8,1.4000000000000001,STOP_ADVERSE_FIRST,-1.0,-0.17500000000000002,0.07,-0.24500000000000002,10.127749999993538,9.952749999993538,-91.38975000000644,-91.63475000000645
OPEN_FADE_5M,853,NEW_YORK_0930,US100,SHORT,1733754600,2024-12-09T14:30:00,1733754900,2024-12-09T14:35:00,1733755560,2024-12-09T14:46:00,4.5,9.119999999998981,0.02,0.18239999999997963,21599.68,21601.08,21584.6,21586.0,1.4000000000000001,TAKE,1.5000000000001994,0.27360000000000584,0.028000000000000004,0.24560000000000584,9.952749999993538,10.226349999993543,-91.63475000000645,-91.38915000000644
OPEN_FADE_5M,854,NEW_YORK_0930,US30,SHORT,1733754600,2024-12-09T14:30:00,1733754900,2024-12-09T14:35:00,1733758200,2024-12-09T15:30:00,1.0,11.75,0.01,0.11750000000000001,44670.86,44672.26,44681.21,44682.61,1.4000000000000001,STOP_ADVERSE_FIRST,-1.0,-0.11750000000000001,0.014000000000000002,-0.1315,10.226349999993543,10.108849999993543,-91.38915000000644,-91.52065000000644
OPEN_FADE_5M,855,LONDON_0800,US30,LONG,1733817600,2024-12-10T08:00:00,1733817900,2024-12-10T08:05:00,1733819280,2024-12-10T08:28:00,-1.5,4.25,0.04,0.17,44424.49,44426.09,44432.465,44434.064999999995,1.6,TAKE,1.5,0.255,0.064,0.191,10.108849999993543,10.363849999993544,-91.52065000000644,-91.32965000000644
OPEN_FADE_5M,856,LONDON_0800,US100,LONG,1733817600,2024-12-10T08:00:00,1733817900,2024-12-10T08:05:00,1733821440,2024-12-10T09:04:00,-8.25,8.75,0.02,0.17500000000000002,21431.11,21432.510000000002,21435.74,21437.140000000003,1.4000000000000001,TIME_60_M1,0.36914285714280726,0.06459999999999128,0.028000000000000004,0.03659999999999127,10.363849999993544,10.428449999993536,-91.32965000000644,-91.29305000000645
OPEN_FADE_5M,857,NEW_YORK_0930,US30,LONG,1733841000,2024-12-10T14:30:00,1733841300,2024-12-10T14:35:00,1733842980,2024-12-10T15:03:00,-7.25,21.75,0.01,0.2175,44388.84,44390.24,44368.49,44369.89,1.4000000000000001,STOP_ADVERSE_FIRST,-1.0,-0.2175,0.014000000000000002,-0.2315,10.428449999993536,10.210949999993536,-91.29305000000645,-91.52455000000644
OPEN_FADE_5M,858,NEW_YORK_0930,US100,LONG,1733841000,2024-12-10T14:30:00,1733841300,2024-12-10T14:35:00,1733844360,2024-12-10T15:26:00,-1.25,10.75,0.01,0.1075,21499.74,21501.140000000003,21490.390000000003,21491.790000000005,1.4000000000000001,STOP_ADVERSE_FIRST,-1.0,-0.1075,0.014000000000000002,-0.1215,10.210949999993536,10.103449999993536,-91.52455000000644,-91.64605000000644
OPEN_FADE_5M,859,LONDON_0800,US100,SHORT,1733904000,2024-12-11T08:00:00,1733904300,2024-12-11T08:05:00,1733904420,2024-12-11T08:07:00,2.8699999999989814,3.6300000000010186,0.05,0.18150000000005095,21410.95,21412.350000000002,21413.18,21414.58,1.4000000000000001,STOP_ADVERSE_FIRST,-1.0,-0.18150000000005095,0.07,-0.25150000000005096,10.103449999993536,9.921949999993485,-91.64605000000644,-91.89755000000649
OPEN_FADE_5M,860,LONDON_0800,US30,SHORT,1733904000,2024-12-11T08:00:00,1733904300,2024-12-11T08:05:00,1733907840,2024-12-11T09:04:00,5.5,7.5,0.02,0.15,44293.41,44295.01,44297.66,44299.26,1.6,TIME_60_M1,-0.7799999999998061,-0.1169999999999709,0.032,-0.1489999999999709,9.921949999993485,9.804949999993514,-91.89755000000649,-92.04655000000646
OPEN_FADE_5M,861,NEW_YORK_0930,US30,LONG,1733927400,2024-12-11T14:30:00,1733927700,2024-12-11T14:35:00,1733930160,2024-12-11T15:16:00,-9.75,18.0,0.01,0.18,44269.26,44270.66,44252.66,44254.060000000005,1.4000000000000001,STOP_ADVERSE_FIRST,-1.0,-0.18,0.014000000000000002,-0.194,9.804949999993514,9.624949999993515,-92.04655000000646,-92.24055000000646
OPEN_FADE_5M,862,NEW_YORK_0930,US100,LONG,1733927400,2024-12-11T14:30:00,1733927700,2024-12-11T14:35:00,1733930520,2024-12-11T15:22:00,-8.369999999998981,10.869999999998981,0.01,0.10869999999998982,21416.33,21417.730000000003,21434.035000000003,21435.435000000005,1.4000000000000001,TAKE,1.5000000000001674,0.16305000000000291,0.014000000000000002,0.1490500000000029,9.624949999993515,9.787999999993518,-92.24055000000646,-92.09150000000646
OPEN_FADE_5M,863,LONDON_0800,US30,LONG,1733990400,2024-12-12T08:00:00,1733990700,2024-12-12T08:05:00,1733991780,2024-12-12T08:23:00,-3.0,7.25,0.02,0.145,44107.85,44109.45,44102.2,44103.799999999996,1.6,STOP_ADVERSE_FIRST,-1.0,-0.145,0.032,-0.177,9.787999999993518,9.642999999993519,-92.09150000000646,-92.26850000000647
OPEN_FADE_5M,864,LONDON_0800,US100,LONG,1733990400,2024-12-12T08:00:00,1733990700,2024-12-12T08:05:00,1733994240,2024-12-12T09:04:00,-6.25,13.869999999998981,0.01,0.1386999999999898,21739.06,21740.460000000003,21742.81,21744.210000000003,1.4000000000000001,TIME_60_M1,0.16943042537842232,0.02349999999998545,0.014000000000000002,0.009499999999985447,9.642999999993519,9.666499999993505,-92.26850000000647,-92.25900000000648
OPEN_FADE_5M,865,NEW_YORK_0930,US100,LONG,1734013800,2024-12-12T14:30:00,1734014100,2024-12-12T14:35:00,1734015240,2024-12-12T14:54:00,-10.75,13.5,0.01,0.135,21691.31,21692.710000000003,21679.210000000003,21680.610000000004,1.4000000000000001,STOP_ADVERSE_FIRST,-1.0,-0.135,0.014000000000000002,-0.14900000000000002,9.666499999993505,9.531499999993505,-92.25900000000648,-92.40800000000648
OPEN_FADE_5M,866,NEW_YORK_0930,US30,LONG,1734013800,2024-12-12T14:30:00,1734014100,2024-12-12T14:35:00,1734015660,2024-12-12T15:01:00,-8.5,15.75,0.01,0.1575,44135.95,44137.35,44121.6,44123.0,1.4000000000000001,STOP_ADVERSE_FIRST,-1.0,-0.1575,0.014000000000000002,-0.1715,9.531499999993505,9.373999999993504,-92.40800000000648,-92.57950000000648
OPEN_FADE_5M,867,LONDON_0800,US30,SHORT,1734076800,2024-12-13T08:00:00,1734077100,2024-12-13T08:05:00,1734077160,2024-12-13T08:06:00,3.0,5.0,0.03,0.15,43932.31,43933.909999999996,43935.71,43937.31,1.6,STOP_ADVERSE_FIRST,-1.0,-0.15,0.048,-0.198,9.373999999993504,9.223999999993504,-92.57950000000648,-92.77750000000647
OPEN_FADE_5M,868,LONDON_0800,US100,SHORT,1734076800,2024-12-13T08:00:00,1734077100,2024-12-13T08:05:00,1734078360,2024-12-13T08:26:00,8.25,9.75,0.01,0.0975,21712.52,21713.920000000002,21720.87,21722.27,1.4000000000000001,STOP_ADVERSE_FIRST,-1.0,-0.0975,0.014000000000000002,-0.1115,9.223999999993504,9.126499999993504,-92.77750000000647,-92.88900000000648
OPEN_FADE_5M,869,NEW_YORK_0930,US30,SHORT,1734100200,2024-12-13T14:30:00,1734100500,2024-12-13T14:35:00,1734101940,2024-12-13T14:59:00,8.0,11.0,0.01,0.11,44005.91,44007.310000000005,43988.01,43989.41,1.4000000000000001,TAKE,1.5,0.165,0.014000000000000002,0.151,9.126499999993504,9.291499999993503,-92.88900000000648,-92.73800000000648
OPEN_FADE_5M,870,NEW_YORK_0930,US100,LONG,1734100200,2024-12-13T14:30:00,1734100500,2024-12-13T14:35:00,1734102000,2024-12-13T15:00:00,-0.75,9.25,0.01,0.0925,21802.27,21803.670000000002,21817.545000000002,21818.945000000003,1.4000000000000001,TAKE,1.5000000000000002,0.13875,0.014000000000000002,0.12475000000000001,9.291499999993503,9.430249999993503,-92.73800000000648,-92.61325000000647
OPEN_FADE_5M,871,LONDON_0800,US100,SHORT,1734336000,2024-12-16T08:00:00,1734336300,2024-12-16T08:05:00,1734336780,2024-12-16T08:13:00,2.3800000000010186,7.25,0.02,0.145,21783.02,21784.420000000002,21788.87,21790.27,1.4000000000000001,STOP_ADVERSE_FIRST,-1.0,-0.145,0.028000000000000004,-0.173,9.430249999993503,9.285249999993503,-92.61325000000647,-92.78625000000648
OPEN_FADE_5M,872,LONDON_0800,US30,SHORT,1734336000,2024-12-16T08:00:00,1734336300,2024-12-16T08:05:00,1734337200,2024-12-16T08:20:00,1.25,7.25,0.02,0.145,43873.03,43874.63,43878.68,43880.28,1.6,STOP_ADVERSE_FIRST,-1.0,-0.145,0.032,-0.177,9.285249999993503,9.140249999993504,-92.78625000000648,-92.96325000000648
OPEN_FADE_5M,873,NEW_YORK_0930,US30,LONG,1734359400,2024-12-16T14:30:00,1734359700,2024-12-16T14:35:00,1734359880,2024-12-16T14:38:00,-1.75,8.5,0.02,0.17,43923.88,43925.28,43916.78,43918.18,1.4000000000000001,STOP_ADVERSE_FIRST,-1.0,-0.17,0.028000000000000004,-0.198,9.140249999993504,8.970249999993504,-92.96325000000648,-93.16125000000648
OPEN_FADE_5M,874,NEW_YORK_0930,US100,LONG,1734359400,2024-12-16T14:30:00,1734359700,2024-12-16T14:35:00,1734360360,2024-12-16T14:46:00,-1.8699999999989814,6.0,0.03,0.18,21866.27,21867.670000000002,21861.670000000002,21863.070000000003,1.4000000000000001,STOP_ADVERSE_FIRST,-1.0,-0.18,0.042,-0.222,8.970249999993504,8.790249999993504,-93.16125000000648,-93.38325000000647
OPEN_FADE_5M,875,LONDON_0800,US30,SHORT,1734422400,2024-12-17T08:00:00,1734422700,2024-12-17T08:05:00,1734423720,2024-12-17T08:22:00,2.75,7.75,0.02,0.155,43684.72,43686.32,43671.495,43673.095,1.6,TAKE,1.5,0.2325,0.032,0.2005,8.790249999993504,9.022749999993504,-93.38325000000647,-93.18275000000646
OPEN_FADE_5M,876,LONDON_0800,US100,SHORT,1734422400,2024-12-17T08:00:00,1734422700,2024-12-17T08:05:00,1734423780,2024-12-17T08:23:00,2.25,4.75,0.03,0.1425,22100.91,22102.31,22092.385,22093.785,1.4000000000000001,TAKE,1.5,0.21375,0.042,0.17174999999999999,9.022749999993504,9.236499999993503,-93.18275000000646,-93.01100000000646
OPEN_FADE_5M,877,NEW_YORK_0930,US30,SHORT,1734445800,2024-12-17T14:30:00,1734446100,2024-12-17T14:35:00,1734446340,2024-12-17T14:39:00,1.75,12.0,0.01,0.12,43572.57,43573.97,43583.17,43584.57,1.4000000000000001,STOP_ADVERSE_FIRST,-1.0,-0.12,0.014000000000000002,-0.134,9.236499999993503,9.116499999993504,-93.01100000000646,-93.14500000000646
OPEN_FADE_5M,878,NEW_YORK_0930,US100,LONG,1734445800,2024-12-17T14:30:00,1734446100,2024-12-17T14:35:00,1734447660,2024-12-17T15:01:00,-9.130000000001019,12.369999999998981,0.01,0.12369999999998982,22049.53,22050.93,22038.56,22039.960000000003,1.4000000000000001,STOP_ADVERSE_FIRST,-1.0,-0.12369999999998982,0.014000000000000002,-0.13769999999998983,9.116499999993504,8.992799999993514,-93.14500000000646,-93.28270000000646
OPEN_FADE_5M,879,LONDON_0800,US100,SHORT,1734508800,2024-12-18T08:00:00,1734509100,2024-12-18T08:05:00,1734509280,2024-12-18T08:08:00,1.25,4.0,0.04,0.16,22038.84,22040.24,22041.44,22042.84,1.4000000000000001,STOP_ADVERSE_FIRST,-1.0,-0.16,0.05600000000000001,-0.21600000000000003,8.992799999993514,8.832799999993513,-93.28270000000646,-93.49870000000645
OPEN_FADE_5M,880,LONDON_0800,US30,SHORT,1734508800,2024-12-18T08:00:00,1734509100,2024-12-18T08:05:00,1734510600,2024-12-18T08:30:00,5.0,7.75,0.02,0.155,43551.03,43552.63,43537.805,43539.405,1.6,TAKE,1.5,0.2325,0.032,0.2005,8.832799999993513,9.065299999993513,-93.49870000000645,-93.29820000000645
OPEN_FADE_5M,881,NEW_YORK_0930,US30,SHORT,1734532200,2024-12-18T14:30:00,1734532500,2024-12-18T14:35:00,1734533520,2024-12-18T14:52:00,15.5,16.75,0.01,0.1675,43606.13,43607.53,43621.479999999996,43622.88,1.4000000000000001,STOP_ADVERSE_FIRST,-1.0,-0.1675,0.014000000000000002,-0.18150000000000002,9.065299999993513,8.897799999993513,-93.29820000000645,-93.47970000000645
OPEN_FADE_5M,882,NEW_YORK_0930,US100,SHORT,1734532200,2024-12-18T14:30:00,1734532500,2024-12-18T14:35:00,1734533760,2024-12-18T14:56:00,1.25,6.119999999998981,0.02,0.12239999999997964,22072.84,22074.24,22077.559999999998,22078.96,1.4000000000000001,STOP_ADVERSE_FIRST,-1.0,-0.12239999999997964,0.028000000000000004,-0.15039999999997963,8.897799999993513,8.775399999993533,-93.47970000000645,-93.63010000000642
OPEN_FADE_5M,883,LONDON_0800,US100,SHORT,1734595200,2024-12-19T08:00:00,1734595500,2024-12-19T08:05:00,1734597780,2024-12-19T08:43:00,26.75,29.75,0.01,0.2975,21166.8,21168.2,21195.149999999998,21196.55,1.4000000000000001,STOP_ADVERSE_FIRST,-1.0,-0.2975,0.014000000000000002,-0.3115,8.775399999993533,8.477899999993534,-93.63010000000642,-93.94160000000642
OPEN_FADE_5M,884,LONDON_0800,US30,SHORT,1734595200,2024-12-19T08:00:00,1734595500,2024-12-19T08:05:00,1734599040,2024-12-19T09:04:00,30.25,33.0,0.01,0.33,42350.15,42351.75,42350.4,42352.0,1.6,TIME_60_M1,-0.056060606060561964,-0.018499999999985448,0.016,-0.034499999999985445,8.477899999993534,8.459399999993549,-93.94160000000642,-93.9761000000064
OPEN_FADE_5M,885,NEW_YORK_0930,US30,LONG,1734618600,2024-12-19T14:30:00,1734618900,2024-12-19T14:35:00,1734619260,2024-12-19T14:41:00,-9.25,23.0,0.01,0.23,42501.25,42502.65,42537.15,42538.55,1.4000000000000001,TAKE,1.5,0.34500000000000003,0.014000000000000002,0.331,8.459399999993549,8.80439999999355,-93.9761000000064,-93.6451000000064
OPEN_FADE_5M,886,NEW_YORK_0930,US100,LONG,1734618600,2024-12-19T14:30:00,1734618900,2024-12-19T14:35:00,1734622440,2024-12-19T15:34:00,-3.0,20.25,0.01,0.2025,21354.8,21356.2,21359.3,21360.7,1.4000000000000001,TIME_60_M1,0.15308641975301454,0.03099999999998545,0.014000000000000002,0.016999999999985447,8.80439999999355,8.835399999993534,-93.6451000000064,-93.62810000000641
OPEN_FADE_5M,887,LONDON_0800,US100,LONG,1734681600,2024-12-20T08:00:00,1734681900,2024-12-20T08:05:00,1734682080,2024-12-20T08:08:00,-8.25,12.5,0.01,0.125,20957.47,20958.870000000003,20946.370000000003,20947.770000000004,1.4000000000000001,STOP_ADVERSE_FIRST,-1.0,-0.125,0.014000000000000002,-0.139,8.835399999993534,8.710399999993534,-93.62810000000641,-93.76710000000641
OPEN_FADE_5M,888,LONDON_0800,US30,LONG,1734681600,2024-12-20T08:00:00,1734681900,2024-12-20T08:05:00,1734682080,2024-12-20T08:08:00,-1.5,9.75,0.01,0.0975,42224.29,42225.89,42216.14,42217.74,1.6,STOP_ADVERSE_FIRST,-1.0,-0.0975,0.016,-0.1135,8.710399999993534,8.612899999993534,-93.76710000000641,-93.88060000000641
OPEN_FADE_5M,889,LONDON_0800,US30,LONG,1734940800,2024-12-23T08:00:00,1734941100,2024-12-23T08:05:00,1734943320,2024-12-23T08:42:00,-8.0,8.0,0.02,0.16,42990.9,42992.5,42984.5,42986.1,1.6,STOP_ADVERSE_FIRST,-1.0,-0.16,0.032,-0.192,8.612899999993534,8.452899999993534,-93.88060000000641,-94.0726000000064
OPEN_FADE_5M,890,LONDON_0800,US100,LONG,1734940800,2024-12-23T08:00:00,1734941100,2024-12-23T08:05:00,1734943920,2024-12-23T08:52:00,-6.0,12.25,0.01,0.1225,21433.4,21434.800000000003,21422.550000000003,21423.950000000004,1.4000000000000001,STOP_ADVERSE_FIRST,-1.0,-0.1225,0.014000000000000002,-0.1365,8.452899999993534,8.330399999993533,-94.0726000000064,-94.2091000000064
OPEN_FADE_5M,891,NEW_YORK_0930,US100,LONG,1734964200,2024-12-23T14:30:00,1734964500,2024-12-23T14:35:00,1734964680,2024-12-23T14:38:00,-0.25,13.0,0.01,0.13,21363.78,21365.18,21352.18,21353.58,1.4000000000000001,STOP_ADVERSE_FIRST,-1.0,-0.13,0.014000000000000002,-0.14400000000000002,8.330399999993533,8.200399999993532,-94.2091000000064,-94.3531000000064
OPEN_FADE_5M,892,NEW_YORK_0930,US30,SHORT,1734964200,2024-12-23T14:30:00,1734964500,2024-12-23T14:35:00,1734966120,2024-12-23T15:02:00,3.75,24.0,0.01,0.24,42772.0,42773.4,42734.6,42736.0,1.4000000000000001,TAKE,1.5,0.36,0.014000000000000002,0.346,8.200399999993532,8.560399999993532,-94.3531000000064,-94.0071000000064
OPEN_FADE_5M,893,LONDON_0800,US30,LONG,1735027200,2024-12-24T08:00:00,1735027500,2024-12-24T08:05:00,1735028220,2024-12-24T08:17:00,-3.25,6.0,0.02,0.12,42839.23,42840.83,42834.83,42836.43,1.6,STOP_ADVERSE_FIRST,-1.0,-0.12,0.032,-0.152,8.560399999993532,8.440399999993533,-94.0071000000064,-94.1591000000064
OPEN_FADE_5M,894,LONDON_0800,US100,LONG,1735027200,2024-12-24T08:00:00,1735027500,2024-12-24T08:05:00,1735028460,2024-12-24T08:21:00,-2.75,4.75,0.03,0.1425,21458.11,21459.510000000002,21454.760000000002,21456.160000000003,1.4000000000000001,STOP_ADVERSE_FIRST,-1.0,-0.1425,0.042,-0.1845,8.440399999993533,8.297899999993533,-94.1591000000064,-94.3436000000064
OPEN_FADE_5M,895,NEW_YORK_0930,US30,LONG,1735050600,2024-12-24T14:30:00,1735050900,2024-12-24T14:35:00,1735051020,2024-12-24T14:37:00,-3.0,11.25,0.01,0.1125,42845.33,42846.73,42835.48,42836.880000000005,1.4000000000000001,STOP_ADVERSE_FIRST,-1.0,-0.1125,0.014000000000000002,-0.1265,8.297899999993533,8.185399999993532,-94.3436000000064,-94.4701000000064
OPEN_FADE_5M,896,NEW_YORK_0930,US100,SHORT,1735050600,2024-12-24T14:30:00,1735050900,2024-12-24T14:35:00,1735053120,2024-12-24T15:12:00,0.36999999999898137,9.369999999998981,0.01,0.09369999999998982,21509.24,21510.640000000003,21517.21,21518.61,1.4000000000000001,STOP_ADVERSE_FIRST,-1.0,-0.09369999999998982,0.014000000000000002,-0.10769999999998982,8.185399999993532,8.091699999993542,-94.4701000000064,-94.57780000000639
OPEN_FADE_5M,897,LONDON_0800,US30,LONG,1735200000,2024-12-26T08:00:00,1735200300,2024-12-26T08:05:00,1735200960,2024-12-26T08:16:00,-1.0,5.0,0.03,0.15,43196.87,43198.47,43193.47,43195.07,1.6,STOP_ADVERSE_FIRST,-1.0,-0.15,0.048,-0.198,8.091699999993542,7.941699999993542,-94.57780000000639,-94.77580000000638
OPEN_FADE_5M,898,LONDON_0800,US100,SHORT,1735200000,2024-12-26T08:00:00,1735200300,2024-12-26T08:05:00,1735201680,2024-12-26T08:28:00,7.0,8.0,0.02,0.16,21818.01,21819.41,21804.609999999997,21806.01,1.4000000000000001,TAKE,1.5,0.24,0.028000000000000004,0.212,7.941699999993542,8.181699999993542,-94.77580000000638,-94.56380000000638
OPEN_FADE_5M,899,NEW_YORK_0930,US100,LONG,1735223400,2024-12-26T14:30:00,1735223700,2024-12-26T14:35:00,1735224000,2024-12-26T14:40:00,-11.119999999998981,14.5,0.01,0.145,21676.14,21677.54,21663.04,21664.440000000002,1.4000000000000001,STOP_ADVERSE_FIRST,-1.0,-0.145,0.014000000000000002,-0.159,8.181699999993542,8.036699999993543,-94.56380000000638,-94.72280000000639
OPEN_FADE_5M,900,NEW_YORK_0930,US30,LONG,1735223400,2024-12-26T14:30:00,1735223700,2024-12-26T14:35:00,1735225920,2024-12-26T15:12:00,-11.0,18.0,0.01,0.18,43040.97,43042.37,43069.37,43070.770000000004,1.4000000000000001,TAKE,1.5000000000000002,0.27,0.014000000000000002,0.256,8.036699999993543,8.306699999993542,-94.72280000000639,-94.46680000000639
OPEN_FADE_5M,901,LONDON_0800,US100,LONG,1735286400,2024-12-27T08:00:00,1735286700,2024-12-27T08:05:00,1735286820,2024-12-27T08:07:00,-5.75,9.630000000001019,0.01,0.09630000000001018,21672.29,21673.690000000002,21664.06,21665.460000000003,1.4000000000000001,STOP_ADVERSE_FIRST,-1.0,-0.09630000000001018,0.014000000000000002,-0.11030000000001018,8.306699999993542,8.210399999993532,-94.46680000000639,-94.5771000000064
OPEN_FADE_5M,902,LONDON_0800,US30,LONG,1735286400,2024-12-27T08:00:00,1735286700,2024-12-27T08:05:00,1735286820,2024-12-27T08:07:00,-9.0,11.0,0.01,0.11,43187.09,43188.689999999995,43177.689999999995,43179.28999999999,1.6,STOP_ADVERSE_FIRST,-1.0,-0.11,0.016,-0.126,8.210399999993532,8.100399999993533,-94.5771000000064,-94.7031000000064
OPEN_FADE_5M,903,NEW_YORK_0930,US30,LONG,1735309800,2024-12-27T14:30:00,1735310100,2024-12-27T14:35:00,1735310340,2024-12-27T14:39:00,-5.0,9.75,0.01,0.0975,43126.19,43127.590000000004,43117.840000000004,43119.240000000005,1.4000000000000001,STOP_ADVERSE_FIRST,-1.0,-0.0975,0.014000000000000002,-0.1115,8.100399999993533,8.002899999993533,-94.7031000000064,-94.81460000000641
OPEN_FADE_5M,904,NEW_YORK_0930,US100,SHORT,1735309800,2024-12-27T14:30:00,1735310100,2024-12-27T14:35:00,1735311660,2024-12-27T15:01:00,1.8800000000010186,9.619999999998981,0.01,0.09619999999998982,21670.91,21672.31,21655.08,21656.480000000003,1.4000000000000001,TAKE,1.4999999999998108,0.14429999999996654,0.014000000000000002,0.13029999999996653,8.002899999993533,8.147199999993498,-94.81460000000641,-94.68430000000644
OPEN_FADE_5M,905,LONDON_0800,US100,SHORT,1735545600,2024-12-30T08:00:00,1735545900,2024-12-30T08:05:00,1735546560,2024-12-30T08:16:00,8.75,16.75,0.01,0.1675,21403.84,21405.24,21419.19,21420.59,1.4000000000000001,STOP_ADVERSE_FIRST,-1.0,-0.1675,0.014000000000000002,-0.18150000000000002,8.147199999993498,7.979699999993498,-94.68430000000644,-94.86580000000644
OPEN_FADE_5M,906,LONDON_0800,US30,SHORT,1735545600,2024-12-30T08:00:00,1735545900,2024-12-30T08:05:00,1735546740,2024-12-30T08:19:00,14.0,20.25,0.01,0.2025,42849.77,42851.369999999995,42868.42,42870.02,1.6,STOP_ADVERSE_FIRST,-1.0,-0.2025,0.016,-0.21850000000000003,7.979699999993498,7.777199999993498,-94.86580000000644,-95.08430000000645
OPEN_FADE_5M,907,LONDON_0800,US100,LONG,1735632000,2024-12-31T08:00:00,1735632300,2024-12-31T08:05:00,1735632360,2024-12-31T08:06:00,-10.630000000001019,13.5,0.01,0.135,21136.0,21137.4,21123.9,21124.18,1.4000000000000001,STOP_ADVERSE_FIRST,-1.0,-0.135,0.014000000000000002,-0.14900000000000002,7.777199999993498,7.642199999993498,-95.08430000000645,-95.23330000000645
OPEN_FADE_5M,908,LONDON_0800,US30,LONG,1735632000,2024-12-31T08:00:00,1735632300,2024-12-31T08:05:00,1735632360,2024-12-31T08:06:00,-11.25,14.0,0.01,0.14,42506.94,42508.54,42494.54,42496.14,1.6,STOP_ADVERSE_FIRST,-1.0,-0.14,0.016,-0.15600000000000003,7.642199999993498,7.502199999993499,-95.23330000000645,-95.38930000000646
OPEN_FADE_5M,909,NEW_YORK_0930,US100,LONG,1735655400,2024-12-31T14:30:00,1735655700,2024-12-31T14:35:00,1735655700,2024-12-31T14:35:00,-4.0,6.380000000001019,0.02,0.12760000000002036,21248.37,21249.77,21243.39,21244.79,1.4000000000000001,STOP_ADVERSE_FIRST,-1.0,-0.12760000000002036,0.028000000000000004,-0.15560000000002036,7.502199999993499,7.374599999993478,-95.38930000000646,-95.54490000000648
OPEN_FADE_5M,910,NEW_YORK_0930,US30,LONG,1735655400,2024-12-31T14:30:00,1735655700,2024-12-31T14:35:00,1735655820,2024-12-31T14:37:00,-10.0,12.0,0.01,0.12,42637.29,42638.69,42626.69,42628.090000000004,1.4000000000000001,STOP_ADVERSE_FIRST,-1.0,-0.12,0.014000000000000002,-0.134,7.374599999993478,7.254599999993478,-95.54490000000648,-95.67890000000648
OPEN_FADE_5M,911,LONDON_0800,US30,LONG,1735804800,2025-01-02T08:00:00,1735805100,2025-01-02T08:05:00,1735805880,2025-01-02T08:18:00,-2.0,7.25,0.02,0.145,42634.97,42636.57,42647.445,42649.045,1.6,TAKE,1.5,0.2175,0.032,0.1855,7.254599999993478,7.472099999993478,-95.67890000000648,-95.49340000000647
OPEN_FADE_5M,912,LONDON_0800,US100,LONG,1735804800,2025-01-02T08:00:00,1735805100,2025-01-02T08:05:00,1735806480,2025-01-02T08:28:00,-2.0,10.25,0.01,0.10250000000000001,21115.72,21117.120000000003,21106.870000000003,21108.270000000004,1.4000000000000001,STOP_ADVERSE_FIRST,-1.0,-0.10250000000000001,0.014000000000000002,-0.1165,7.472099999993478,7.369599999993478,-95.49340000000647,-95.60990000000648
OPEN_FADE_5M,913,NEW_YORK_0930,US30,LONG,1735828200,2025-01-02T14:30:00,1735828500,2025-01-02T14:35:00,1735828860,2025-01-02T14:41:00,-12.5,16.25,0.01,0.1625,42828.07,42829.47,42813.22,42814.62,1.4000000000000001,STOP_ADVERSE_FIRST,-1.0,-0.1625,0.014000000000000002,-0.17650000000000002,7.369599999993478,7.207099999993479,-95.60990000000648,-95.78640000000648
OPEN_FADE_5M,914,NEW_YORK_0930,US100,LONG,1735828200,2025-01-02T14:30:00,1735828500,2025-01-02T14:35:00,1735828980,2025-01-02T14:43:00,-15.130000000001019,19.5,0.01,0.195,21215.09,21216.49,21196.99,21198.390000000003,1.4000000000000001,STOP_ADVERSE_FIRST,-1.0,-0.195,0.014000000000000002,-0.20900000000000002,7.207099999993479,7.012099999993478,-95.78640000000648,-95.99540000000648
OPEN_FADE_5M,915,LONDON_0800,US30,SHORT,1735891200,2025-01-03T08:00:00,1735891500,2025-01-03T08:05:00,1735891920,2025-01-03T08:12:00,0.25,6.25,0.02,0.125,42335.4,42337.0,42340.05,42341.65,1.6,STOP_ADVERSE_FIRST,-1.0,-0.125,0.032,-0.157,7.012099999993478,6.887099999993478,-95.99540000000648,-96.15240000000648
OPEN_FADE_5M,916,LONDON_0800,US100,SHORT,1735891200,2025-01-03T08:00:00,1735891500,2025-01-03T08:05:00,1735892040,2025-01-03T08:14:00,0.6200000000026193,5.379999999997381,0.02,0.10759999999994761,20974.19,20975.59,20978.169999999995,20979.569999999996,1.4000000000000001,STOP_ADVERSE_FIRST,-1.0,-0.10759999999994761,0.028000000000000004,-0.13559999999994762,6.887099999993478,6.779499999993531,-96.15240000000648,-96.28800000000643
OPEN_FADE_5M,917,NEW_YORK_0930,US30,LONG,1735914600,2025-01-03T14:30:00,1735914900,2025-01-03T14:35:00,1735916220,2025-01-03T14:57:00,-6.0,11.75,0.01,0.11750000000000001,42396.5,42397.9,42415.525,42416.925,1.4000000000000001,TAKE,1.4999999999999998,0.17625,0.014000000000000002,0.16224999999999998,6.779499999993531,6.955749999993531,-96.28800000000643,-96.12575000000643
OPEN_FADE_5M,918,NEW_YORK_0930,US100,LONG,1735914600,2025-01-03T14:30:00,1735914900,2025-01-03T14:35:00,1735916580,2025-01-03T15:03:00,-10.0,15.12000000000262,0.01,0.1512000000000262,20972.44,20973.84,20996.520000000004,20997.920000000006,1.4000000000000001,TAKE,1.5,0.2268000000000393,0.014000000000000002,0.2128000000000393,6.955749999993531,7.18254999999357,-96.12575000000643,-95.91295000000639
OPEN_FADE_5M,919,LONDON_0800,US100,LONG,1736150400,2025-01-06T08:00:00,1736150700,2025-01-06T08:05:00,1736150820,2025-01-06T08:07:00,-0.6199999999989814,5.880000000001019,0.02,0.11760000000002037,21297.02,21298.420000000002,21292.54,21293.940000000002,1.4000000000000001,STOP_ADVERSE_FIRST,-1.0,-0.11760000000002037,0.028000000000000004,-0.14560000000002038,7.18254999999357,7.064949999993549,-95.91295000000639,-96.0585500000064
OPEN_FADE_5M,920,LONDON_0800,US30,SHORT,1736150400,2025-01-06T08:00:00,1736150700,2025-01-06T08:05:00,1736151900,2025-01-06T08:25:00,4.25,6.25,0.02,0.125,42628.71,42630.31,42633.36,42634.96,1.6,STOP_ADVERSE_FIRST,-1.0,-0.125,0.032,-0.157,7.064949999993549,6.939949999993549,-96.0585500000064,-96.2155500000064
OPEN_FADE_5M,921,NEW_YORK_0930,US30,LONG,1736173800,2025-01-06T14:30:00,1736174100,2025-01-06T14:35:00,1736174640,2025-01-06T14:44:00,-2.0,16.25,0.01,0.1625,42785.31,42786.71,42811.085,42812.485,1.4000000000000001,TAKE,1.5,0.24375,0.014000000000000002,0.22974999999999998,6.939949999993549,7.183699999993549,-96.2155500000064,-95.9858000000064
OPEN_FADE_5M,922,NEW_YORK_0930,US100,LONG,1736173800,2025-01-06T14:30:00,1736174100,2025-01-06T14:35:00,1736174760,2025-01-06T14:46:00,-8.880000000001019,14.369999999998981,0.01,0.1436999999999898,21478.52,21479.920000000002,21501.475,21502.875,1.4000000000000001,TAKE,1.4999999999998737,0.21554999999996655,0.014000000000000002,0.20154999999996653,7.183699999993549,7.399249999993516,-95.9858000000064,-95.78425000000644
OPEN_FADE_5M,923,LONDON_0800,US30,SHORT,1736236800,2025-01-07T08:00:00,1736237100,2025-01-07T08:05:00,1736238960,2025-01-07T08:36:00,1.0,11.5,0.01,0.115,42590.16,42591.76,42571.310000000005,42572.91,1.6,TAKE,1.5,0.17250000000000001,0.016,0.15650000000000003,7.399249999993516,7.571749999993516,-95.78425000000644,-95.62775000000644
OPEN_FADE_5M,924,LONDON_0800,US100,SHORT,1736236800,2025-01-07T08:00:00,1736237100,2025-01-07T08:05:00,1736240220,2025-01-07T08:57:00,2.25,12.5,0.01,0.125,21470.41,21471.81,21450.26,21451.66,1.4000000000000001,TAKE,1.5,0.1875,0.014000000000000002,0.1735,7.571749999993516,7.759249999993516,-95.62775000000644,-95.45425000000644
OPEN_FADE_5M,925,NEW_YORK_0930,US30,SHORT,1736260200,2025-01-07T14:30:00,1736260500,2025-01-07T14:35:00,1736260980,2025-01-07T14:43:00,23.25,23.75,0.01,0.23750000000000002,42688.76,42690.16,42711.11,42712.51,1.4000000000000001,STOP_ADVERSE_FIRST,-1.0,-0.23750000000000002,0.014000000000000002,-0.2515,7.759249999993516,7.521749999993516,-95.45425000000644,-95.70575000000643
OPEN_FADE_5M,926,NEW_YORK_0930,US100,SHORT,1736260200,2025-01-07T14:30:00,1736260500,2025-01-07T14:35:00,1736261460,2025-01-07T14:51:00,13.880000000001019,16.88000000000102,0.01,0.1688000000000102,21507.16,21508.56,21522.64,21524.04,1.4000000000000001,STOP_ADVERSE_FIRST,-1.0,-0.1688000000000102,0.014000000000000002,-0.1828000000000102,7.521749999993516,7.352949999993506,-95.70575000000643,-95.88855000000645
OPEN_FADE_5M,927,LONDON_0800,US30,LONG,1736323200,2025-01-08T08:00:00,1736323500,2025-01-08T08:05:00,1736323800,2025-01-08T08:10:00,-3.75,4.75,0.03,0.1425,42541.04,42542.64,42537.89,42539.49,1.6,STOP_ADVERSE_FIRST,-1.0,-0.1425,0.048,-0.1905,7.352949999993506,7.210449999993506,-95.88855000000645,-96.07905000000645
OPEN_FADE_5M,928,LONDON_0800,US100,LONG,1736323200,2025-01-08T08:00:00,1736323500,2025-01-08T08:05:00,1736324280,2025-01-08T08:18:00,-1.0,6.619999999998981,0.02,0.13239999999997962,21193.56,21194.960000000003,21188.340000000004,21189.740000000005,1.4000000000000001,STOP_ADVERSE_FIRST,-1.0,-0.13239999999997962,0.028000000000000004,-0.16039999999997961,7.210449999993506,7.078049999993527,-96.07905000000645,-96.23945000000643
OPEN_FADE_5M,929,LONDON_0800,US30,SHORT,1736409600,2025-01-09T08:00:00,1736409900,2025-01-09T08:05:00,1736411940,2025-01-09T08:39:00,2.0,8.5,0.01,0.085,42479.38,42480.979999999996,42465.03,42466.63,1.6,TAKE,1.5,0.1275,0.016,0.1115,7.078049999993527,7.2055499999935275,-96.23945000000643,-96.12795000000642
OPEN_FADE_5M,930,NEW_YORK_0930,US100,SHORT,1736433000,2025-01-09T14:30:00,1736433300,2025-01-09T14:35:00,1736433360,2025-01-09T14:36:00,5.5,8.380000000001019,0.01,0.08380000000001019,21064.77,21066.170000000002,21071.75,21073.15,1.4000000000000001,STOP_ADVERSE_FIRST,-1.0,-0.08380000000001019,0.014000000000000002,-0.09780000000001018,7.2055499999935275,7.121749999993518,-96.12795000000642,-96.22575000000643
OPEN_FADE_5M,931,NEW_YORK_0930,US30,SHORT,1736433000,2025-01-09T14:30:00,1736433300,2025-01-09T14:35:00,1736433420,2025-01-09T14:37:00,11.0,14.0,0.01,0.14,42470.48,42471.880000000005,42483.08,42484.48,1.4000000000000001,STOP_ADVERSE_FIRST,-1.0,-0.14,0.014000000000000002,-0.15400000000000003,7.121749999993518,6.981749999993518,-96.22575000000643,-96.37975000000642
OPEN_FADE_5M,932,LONDON_0800,US100,LONG,1736496000,2025-01-10T08:00:00,1736496300,2025-01-10T08:05:00,1736497500,2025-01-10T08:25:00,-7.379999999997381,15.12000000000262,0.01,0.1512000000000262,21065.13,21066.530000000002,21051.41,21052.81,1.4000000000000001,STOP_ADVERSE_FIRST,-1.0,-0.1512000000000262,0.014000000000000002,-0.16520000000002621,6.981749999993518,6.830549999993492,-96.37975000000642,-96.54495000000645
OPEN_FADE_5M,933,LONDON_0800,US30,LONG,1736496000,2025-01-10T08:00:00,1736496300,2025-01-10T08:05:00,1736499060,2025-01-10T08:51:00,-6.5,14.5,0.01,0.145,42471.52,42473.119999999995,42458.619999999995,42460.219999999994,1.6,STOP_ADVERSE_FIRST,-1.0,-0.145,0.016,-0.16099999999999998,6.830549999993492,6.685549999993492,-96.54495000000645,-96.70595000000645
OPEN_FADE_5M,934,NEW_YORK_0930,US30,SHORT,1736519400,2025-01-10T14:30:00,1736519700,2025-01-10T14:35:00,1736520000,2025-01-10T14:40:00,18.0,25.25,0.01,0.2525,42472.37,42473.770000000004,42496.22,42497.62,1.4000000000000001,STOP_ADVERSE_FIRST,-1.0,-0.2525,0.014000000000000002,-0.2665,6.685549999993492,6.433049999993492,-96.70595000000645,-96.97245000000645
OPEN_FADE_5M,935,NEW_YORK_0930,US100,SHORT,1736519400,2025-01-10T14:30:00,1736519700,2025-01-10T14:35:00,1736523000,2025-01-10T15:30:00,23.12999999999738,25.12999999999738,0.01,0.2512999999999738,21075.26,21076.66,21036.165,21037.565000000002,1.4000000000000001,TAKE,1.5,0.3769499999999607,0.014000000000000002,0.3629499999999607,6.433049999993492,6.809999999993453,-96.97245000000645,-96.60950000000649
OPEN_FADE_5M,936,LONDON_0800,US100,SHORT,1736755200,2025-01-13T08:00:00,1736755500,2025-01-13T08:05:00,1736755920,2025-01-13T08:12:00,12.630000000001019,15.130000000001019,0.01,0.15130000000001018,20681.98,20683.38,20695.71,20697.11,1.4000000000000001,STOP_ADVERSE_FIRST,-1.0,-0.15130000000001018,0.014000000000000002,-0.1653000000000102,6.809999999993453,6.658699999993443,-96.60950000000649,-96.77480000000651
OPEN_FADE_5M,937,LONDON_0800,US30,SHORT,1736755200,2025-01-13T08:00:00,1736755500,2025-01-13T08:05:00,1736756100,2025-01-13T08:15:00,22.75,23.5,0.01,0.23500000000000001,41763.22,41764.82,41785.12,41786.72,1.6,STOP_ADVERSE_FIRST,-1.0,-0.23500000000000001,0.016,-0.251,6.658699999993443,6.423699999993443,-96.77480000000651,-97.02580000000651
OPEN_FADE_5M,938,LONDON_0800,US30,SHORT,1736841600,2025-01-14T08:00:00,1736841900,2025-01-14T08:05:00,1736841960,2025-01-14T08:06:00,0.75,6.75,0.01,0.0675,42291.06,42292.659999999996,42296.21,42297.81,1.6,STOP_ADVERSE_FIRST,-1.0,-0.0675,0.016,-0.0835,6.423699999993443,6.356199999993443,-97.02580000000651,-97.10930000000651
OPEN_FADE_5M,939,LONDON_0800,US100,LONG,1736841600,2025-01-14T08:00:00,1736841900,2025-01-14T08:05:00,1736844000,2025-01-14T08:40:00,-3.3799999999973807,10.37999999999738,0.01,0.1037999999999738,20840.92,20842.32,20831.940000000002,20833.340000000004,1.4000000000000001,STOP_ADVERSE_FIRST,-1.0,-0.1037999999999738,0.014000000000000002,-0.1177999999999738,6.356199999993443,6.252399999993469,-97.10930000000651,-97.22710000000649
OPEN_FADE_5M,940,NEW_YORK_0930,US30,SHORT,1736865000,2025-01-14T14:30:00,1736865300,2025-01-14T14:35:00,1736865660,2025-01-14T14:41:00,8.5,14.75,0.01,0.1475,42295.16,42296.560000000005,42308.51,42309.91,1.4000000000000001,STOP_ADVERSE_FIRST,-1.0,-0.1475,0.014000000000000002,-0.1615,6.252399999993469,6.104899999993469,-97.22710000000649,-97.38860000000649
OPEN_FADE_5M,941,NEW_YORK_0930,US100,SHORT,1736865000,2025-01-14T14:30:00,1736865300,2025-01-14T14:35:00,1736866860,2025-01-14T15:01:00,13.12999999999738,20.62999999999738,0.01,0.2062999999999738,20808.29,20809.690000000002,20775.945000000003,20777.345000000005,1.4000000000000001,TAKE,1.5,0.3094499999999607,0.014000000000000002,0.2954499999999607,6.104899999993469,6.41434999999343,-97.38860000000649,-97.09315000000653
OPEN_FADE_5M,942,LONDON_0800,US30,SHORT,1736928000,2025-01-15T08:00:00,1736928300,2025-01-15T08:05:00,1736928420,2025-01-15T08:07:00,2.0,2.5,0.05,0.125,42446.41,42448.01,42441.060000000005,42442.66,1.6,TAKE,1.5,0.1875,0.08000000000000002,0.10749999999999998,6.41434999999343,6.60184999999343,-97.09315000000653,-96.98565000000653
OPEN_FADE_5M,943,LONDON_0800,US100,SHORT,1736928000,2025-01-15T08:00:00,1736928300,2025-01-15T08:05:00,1736929800,2025-01-15T08:30:00,3.3800000000010186,4.0,0.03,0.12,20736.5,20737.9,20739.1,20740.5,1.4000000000000001,STOP_ADVERSE_FIRST,-1.0,-0.12,0.042,-0.162,6.60184999999343,6.48184999999343,-96.98565000000653,-97.14765000000654
OPEN_FADE_5M,944,NEW_YORK_0930,US100,SHORT,1736951400,2025-01-15T14:30:00,1736951700,2025-01-15T14:35:00,1736951880,2025-01-15T14:38:00,2.0,11.0,0.01,0.11,20777.63,20779.030000000002,20787.23,20788.63,1.4000000000000001,STOP_ADVERSE_FIRST,-1.0,-0.11,0.014000000000000002,-0.124,6.48184999999343,6.3718499999934295,-97.14765000000654,-97.27165000000653
OPEN_FADE_5M,945,LONDON_0800,US100,SHORT,1737014400,2025-01-16T08:00:00,1737014700,2025-01-16T08:05:00,1737014940,2025-01-16T08:09:00,5.25,7.0,0.01,0.07,21165.47,21166.870000000003,21153.57,21154.97,1.4000000000000001,TAKE,1.4999999999999998,0.105,0.014000000000000002,0.091,6.3718499999934295,6.47684999999343,-97.27165000000653,-97.18065000000654
OPEN_FADE_5M,946,LONDON_0800,US30,SHORT,1737014400,2025-01-16T08:00:00,1737014700,2025-01-16T08:05:00,1737015120,2025-01-16T08:12:00,9.0,10.0,0.01,0.1,43171.76,43173.36,43180.16,43181.76,1.6,STOP_ADVERSE_FIRST,-1.0,-0.1,0.016,-0.116,6.47684999999343,6.37684999999343,-97.18065000000654,-97.29665000000654
OPEN_FADE_5M,947,NEW_YORK_0930,US100,SHORT,1737037800,2025-01-16T14:30:00,1737038100,2025-01-16T14:35:00,1737039360,2025-01-16T14:56:00,4.75,18.62000000000262,0.01,0.1862000000000262,21262.22,21263.620000000003,21232.889999999996,21234.289999999997,1.4000000000000001,TAKE,1.5,0.2793000000000393,0.014000000000000002,0.2653000000000393,6.37684999999343,6.6561499999934695,-97.29665000000654,-97.0313500000065
OPEN_FADE_5M,948,LONDON_0800,US30,LONG,1737100800,2025-01-17T08:00:00,1737101100,2025-01-17T08:05:00,1737102600,2025-01-17T08:30:00,-8.0,12.0,0.01,0.12,43119.09,43120.689999999995,43138.689999999995,43140.28999999999,1.6,TAKE,1.5,0.18,0.016,0.16399999999999998,6.6561499999934695,6.836149999993469,-97.0313500000065,-96.8673500000065
OPEN_FADE_5M,949,LONDON_0800,US100,LONG,1737100800,2025-01-17T08:00:00,1737101100,2025-01-17T08:05:00,1737104640,2025-01-17T09:04:00,-10.75,12.75,0.01,0.1275,21084.93,21086.33,21076.93,21078.33,1.4000000000000001,TIME_60_M1,-0.7372549019608985,-0.09400000000001456,0.014000000000000002,-0.10800000000001456,6.836149999993469,6.742149999993455,-96.8673500000065,-96.97535000000651
OPEN_FADE_5M,950,NEW_YORK_0930,US100,LONG,1737124200,2025-01-17T14:30:00,1737124500,2025-01-17T14:35:00,1737126180,2025-01-17T15:03:00,-17.13000000000102,22.25,0.01,0.2225,21128.81,21130.210000000003,21163.585000000003,21164.985000000004,1.4000000000000001,TAKE,1.5,0.33375,0.014000000000000002,0.31975,6.742149999993455,7.075899999993455,-96.97535000000651,-96.65560000000652
OPEN_FADE_5M,951,NEW_YORK_0930,US30,LONG,1737124200,2025-01-17T14:30:00,1737124500,2025-01-17T14:35:00,1737126300,2025-01-17T15:05:00,-19.75,25.0,0.01,0.25,43225.44,43226.840000000004,43264.340000000004,43265.740000000005,1.4000000000000001,TAKE,1.5,0.375,0.014000000000000002,0.361,7.075899999993455,7.450899999993455,-96.65560000000652,-96.29460000000651
OPEN_FADE_5M,952,LONDON_0800,US30,LONG,1737360000,2025-01-20T08:00:00,1737360300,2025-01-20T08:05:00,1737363060,2025-01-20T08:51:00,-11.0,12.5,0.01,0.125,43417.29,43418.89,43437.64,43439.24,1.6,TAKE,1.5,0.1875,0.016,0.17149999999999999,7.450899999993455,7.638399999993455,-96.29460000000651,-96.12310000000652
OPEN_FADE_5M,953,NEW_YORK_0930,US100,SHORT,1737383400,2025-01-20T14:30:00,1737383700,2025-01-20T14:35:00,1737385260,2025-01-20T15:01:00,13.5,16.61999999999898,0.01,0.16619999999998983,21399.04,21400.440000000002,21372.71,21374.11,1.4000000000000001,TAKE,1.5000000000001092,0.2493000000000029,0.014000000000000002,0.2353000000000029,7.638399999993455,7.887699999993457,-96.12310000000652,-95.88780000000651
OPEN_FADE_5M,954,NEW_YORK_0930,US30,SHORT,1737383400,2025-01-20T14:30:00,1737383700,2025-01-20T14:35:00,1737387000,2025-01-20T15:30:00,24.75,26.75,0.01,0.2675,43411.64,43413.04,43436.99,43438.39,1.4000000000000001,STOP_ADVERSE_FIRST,-1.0,-0.2675,0.014000000000000002,-0.28150000000000003,7.887699999993457,7.620199999993457,-95.88780000000651,-96.1693000000065
OPEN_FADE_5M,955,LONDON_0800,US100,SHORT,1737446400,2025-01-21T08:00:00,1737446700,2025-01-21T08:05:00,1737446880,2025-01-21T08:08:00,4.869999999998981,9.0,0.01,0.09,21407.87,21409.27,21415.469999999998,21416.87,1.4000000000000001,STOP_ADVERSE_FIRST,-1.0,-0.09,0.014000000000000002,-0.104,7.620199999993457,7.5301999999934575,-96.1693000000065,-96.2733000000065
OPEN_FADE_5M,956,LONDON_0800,US30,SHORT,1737446400,2025-01-21T08:00:00,1737446700,2025-01-21T08:05:00,1737447300,2025-01-21T08:15:00,5.75,10.25,0.01,0.10250000000000001,43524.46,43526.06,43533.11,43534.71,1.6,STOP_ADVERSE_FIRST,-1.0,-0.10250000000000001,0.016,-0.11850000000000001,7.5301999999934575,7.427699999993457,-96.2733000000065,-96.3918000000065
OPEN_FADE_5M,957,NEW_YORK_0930,US100,LONG,1737469800,2025-01-21T14:30:00,1737470100,2025-01-21T14:35:00,1737471000,2025-01-21T14:50:00,-4.75,11.25,0.01,0.1125,21506.62,21508.02,21496.77,21498.170000000002,1.4000000000000001,STOP_ADVERSE_FIRST,-1.0,-0.1125,0.014000000000000002,-0.1265,7.427699999993457,7.315199999993458,-96.3918000000065,-96.51830000000649
OPEN_FADE_5M,958,NEW_YORK_0930,US30,LONG,1737469800,2025-01-21T14:30:00,1737470100,2025-01-21T14:35:00,1737472260,2025-01-21T15:11:00,-14.25,17.25,0.01,0.17250000000000001,43609.81,43611.21,43593.96,43595.36,1.4000000000000001,STOP_ADVERSE_FIRST,-1.0,-0.17250000000000001,0.014000000000000002,-0.18650000000000003,7.315199999993458,7.142699999993457,-96.51830000000649,-96.70480000000649
OPEN_FADE_5M,959,LONDON_0800,US100,LONG,1737532800,2025-01-22T08:00:00,1737533100,2025-01-22T08:05:00,1737533640,2025-01-22T08:14:00,-1.25,4.119999999998981,0.03,0.12359999999996944,21672.95,21674.350000000002,21680.53,21681.93,1.4000000000000001,TAKE,1.4999999999995584,0.1853999999998996,0.042,0.14339999999989958,7.142699999993457,7.3280999999933565,-96.70480000000649,-96.56140000000659
OPEN_FADE_5M,960,LONDON_0800,US30,SHORT,1737532800,2025-01-22T08:00:00,1737533100,2025-01-22T08:05:00,1737534000,2025-01-22T08:20:00,1.0,6.0,0.02,0.12,43984.29,43985.89,43973.69,43975.29,1.6,TAKE,1.5,0.18,0.032,0.148,7.3280999999933565,7.508099999993356,-96.56140000000659,-96.41340000000659
OPEN_FADE_5M,961,NEW_YORK_0930,US30,LONG,1737556200,2025-01-22T14:30:00,1737556500,2025-01-22T14:35:00,1737556560,2025-01-22T14:36:00,-7.0,11.0,0.01,0.11,44110.39,44111.79,44100.79,44102.19,1.4000000000000001,STOP_ADVERSE_FIRST,-1.0,-0.11,0.014000000000000002,-0.124,7.508099999993356,7.398099999993356,-96.41340000000659,-96.53740000000658
OPEN_FADE_5M,962,NEW_YORK_0930,US100,SHORT,1737556200,2025-01-22T14:30:00,1737556500,2025-01-22T14:35:00,1737556980,2025-01-22T14:43:00,3.75,9.75,0.01,0.0975,21718.57,21719.97,21726.92,21728.32,1.4000000000000001,STOP_ADVERSE_FIRST,-1.0,-0.0975,0.014000000000000002,-0.1115,7.398099999993356,7.300599999993356,-96.53740000000658,-96.64890000000659
OPEN_FADE_5M,963,LONDON_0800,US100,SHORT,1737619200,2025-01-23T08:00:00,1737619500,2025-01-23T08:05:00,1737619620,2025-01-23T08:07:00,0.6199999999989814,4.0,0.03,0.12,21773.41,21774.81,21776.01,21777.41,1.4000000000000001,STOP_ADVERSE_FIRST,-1.0,-0.12,0.042,-0.162,7.300599999993356,7.180599999993356,-96.64890000000659,-96.8109000000066
OPEN_FADE_5M,964,LONDON_0800,US30,SHORT,1737619200,2025-01-23T08:00:00,1737619500,2025-01-23T08:05:00,1737619620,2025-01-23T08:07:00,3.5,4.5,0.03,0.135,44067.63,44069.229999999996,44070.53,44072.13,1.6,STOP_ADVERSE_FIRST,-1.0,-0.135,0.048,-0.183,7.180599999993356,7.045599999993356,-96.8109000000066,-96.9939000000066
OPEN_FADE_5M,965,NEW_YORK_0930,US30,SHORT,1737642600,2025-01-23T14:30:00,1737642900,2025-01-23T14:35:00,1737643080,2025-01-23T14:38:00,10.75,15.75,0.01,0.1575,44147.48,44148.880000000005,44161.83,44163.23,1.4000000000000001,STOP_ADVERSE_FIRST,-1.0,-0.1575,0.014000000000000002,-0.1715,7.045599999993356,6.888099999993356,-96.9939000000066,-97.1654000000066
OPEN_FADE_5M,966,NEW_YORK_0930,US100,LONG,1737642600,2025-01-23T14:30:00,1737642900,2025-01-23T14:35:00,1737644940,2025-01-23T15:09:00,-5.369999999998981,10.119999999998981,0.01,0.10119999999998981,21711.91,21713.31,21703.190000000002,21704.590000000004,1.4000000000000001,STOP_ADVERSE_FIRST,-1.0,-0.10119999999998981,0.014000000000000002,-0.11519999999998981,6.888099999993356,6.786899999993366,-97.1654000000066,-97.28060000000659
OPEN_FADE_5M,967,LONDON_0800,US100,SHORT,1737705600,2025-01-24T08:00:00,1737705900,2025-01-24T08:05:00,1737706020,2025-01-24T08:07:00,0.11999999999898137,5.25,0.02,0.105,21819.48,21820.88,21823.329999999998,21824.73,1.4000000000000001,STOP_ADVERSE_FIRST,-1.0,-0.105,0.028000000000000004,-0.133,6.786899999993366,6.681899999993366,-97.28060000000659,-97.41360000000658
OPEN_FADE_5M,968,LONDON_0800,US30,LONG,1737705600,2025-01-24T08:00:00,1737705900,2025-01-24T08:05:00,1737706200,2025-01-24T08:10:00,-3.0,7.0,0.01,0.07,44454.76,44456.36,44449.36,44450.96,1.6,STOP_ADVERSE_FIRST,-1.0,-0.07,0.016,-0.08600000000000001,6.681899999993366,6.611899999993366,-97.41360000000658,-97.49960000000658
OPEN_FADE_5M,969,NEW_YORK_0930,US100,LONG,1737729000,2025-01-24T14:30:00,1737729300,2025-01-24T14:35:00,1737729360,2025-01-24T14:36:00,-1.0,7.630000000001019,0.01,0.07630000000001019,21861.48,21862.88,21855.25,21856.65,1.4000000000000001,STOP_ADVERSE_FIRST,-1.0,-0.07630000000001019,0.014000000000000002,-0.09030000000001019,6.611899999993366,6.535599999993355,-97.49960000000658,-97.5899000000066
OPEN_FADE_5M,970,NEW_YORK_0930,US30,LONG,1737729000,2025-01-24T14:30:00,1737729300,2025-01-24T14:35:00,1737730380,2025-01-24T14:53:00,-6.25,18.25,0.01,0.1825,44358.61,44360.01,44387.385,44388.785,1.4000000000000001,TAKE,1.5,0.27375,0.014000000000000002,0.25975,6.535599999993355,6.809349999993355,-97.5899000000066,-97.3301500000066
OPEN_FADE_5M,971,LONDON_0800,US30,LONG,1737964800,2025-01-27T08:00:00,1737965100,2025-01-27T08:05:00,1737965220,2025-01-27T08:07:00,-3.5,13.25,0.01,0.1325,44102.82,44104.42,44091.17,44092.77,1.6,STOP_ADVERSE_FIRST,-1.0,-0.1325,0.016,-0.14850000000000002,6.809349999993355,6.676849999993355,-97.3301500000066,-97.4786500000066
OPEN_FADE_5M,972,LONDON_0800,US100,LONG,1737964800,2025-01-27T08:00:00,1737965100,2025-01-27T08:05:00,1737965340,2025-01-27T08:09:00,-3.1199999999989814,12.25,0.01,0.1225,21264.02,21265.420000000002,21253.170000000002,21254.570000000003,1.4000000000000001,STOP_ADVERSE_FIRST,-1.0,-0.1225,0.014000000000000002,-0.1365,6.676849999993355,6.554349999993355,-97.4786500000066,-97.6151500000066
OPEN_FADE_5M,973,NEW_YORK_0930,US30,SHORT,1737988200,2025-01-27T14:30:00,1737988500,2025-01-27T14:35:00,1737988620,2025-01-27T14:37:00,15.5,25.5,0.01,0.255,43975.92,43977.32,44000.02,44001.42,1.4000000000000001,STOP_ADVERSE_FIRST,-1.0,-0.255,0.014000000000000002,-0.269,6.554349999993355,6.299349999993355,-97.6151500000066,-97.8841500000066
OPEN_FADE_5M,974,NEW_YORK_0930,US100,LONG,1737988200,2025-01-27T14:30:00,1737988500,2025-01-27T14:35:00,1737988980,2025-01-27T14:43:00,-6.25,18.0,0.01,0.18,20892.89,20894.29,20921.29,20922.690000000002,1.4000000000000001,TAKE,1.5000000000000002,0.27,0.014000000000000002,0.256,6.299349999993355,6.569349999993355,-97.8841500000066,-97.6281500000066
OPEN_FADE_5M,975,LONDON_0800,US30,SHORT,1738051200,2025-01-28T08:00:00,1738051500,2025-01-28T08:05:00,1738052700,2025-01-28T08:25:00,6.25,11.75,0.01,0.11750000000000001,44582.41,44584.01,44563.185000000005,44564.785,1.6,TAKE,1.4999999999999998,0.17625,0.016,0.16025,6.569349999993355,6.745599999993354,-97.6281500000066,-97.4679000000066
OPEN_FADE_5M,976,LONDON_0800,US100,SHORT,1738051200,2025-01-28T08:00:00,1738051500,2025-01-28T08:05:00,1738053000,2025-01-28T08:30:00,6.380000000001019,11.5,0.01,0.115,21137.74,21139.140000000003,21147.84,21149.24,1.4000000000000001,STOP_ADVERSE_FIRST,-1.0,-0.115,0.014000000000000002,-0.129,6.745599999993354,6.630599999993354,-97.4679000000066,-97.5969000000066
OPEN_FADE_5M,977,NEW_YORK_0930,US100,SHORT,1738074600,2025-01-28T14:30:00,1738074900,2025-01-28T14:35:00,1738075020,2025-01-28T14:37:00,1.8800000000010186,24.75,0.01,0.2475,21114.99,21116.390000000003,21138.34,21139.74,1.4000000000000001,STOP_ADVERSE_FIRST,-1.0,-0.2475,0.014000000000000002,-0.2615,6.630599999993354,6.383099999993354,-97.5969000000066,-97.8584000000066
OPEN_FADE_5M,978,NEW_YORK_0930,US30,LONG,1738161000,2025-01-29T14:30:00,1738161300,2025-01-29T14:35:00,1738161600,2025-01-29T14:40:00,-1.75,7.75,0.01,0.0775,44783.85,44785.25,44777.5,44778.9,1.4000000000000001,STOP_ADVERSE_FIRST,-1.0,-0.0775,0.014000000000000002,-0.0915,6.383099999993354,6.305599999993355,-97.8584000000066,-97.9499000000066
OPEN_FADE_5M,979,NEW_YORK_0930,US100,LONG,1738161000,2025-01-29T14:30:00,1738161300,2025-01-29T14:35:00,1738162140,2025-01-29T14:49:00,-7.0,12.0,0.01,0.12,21505.32,21506.72,21494.72,21496.120000000003,1.4000000000000001,STOP_ADVERSE_FIRST,-1.0,-0.12,0.014000000000000002,-0.134,6.305599999993355,6.185599999993355,-97.9499000000066,-98.0839000000066
OPEN_FADE_5M,980,LONDON_0800,US100,SHORT,1738224000,2025-01-30T08:00:00,1738224300,2025-01-30T08:05:00,1738225200,2025-01-30T08:20:00,1.25,6.5,0.01,0.065,21506.4,21507.800000000003,21495.25,21496.65,1.4000000000000001,TAKE,1.5,0.0975,0.014000000000000002,0.0835,6.185599999993355,6.283099999993355,-98.0839000000066,-98.0004000000066
OPEN_FADE_5M,981,LONDON_0800,US30,SHORT,1738224000,2025-01-30T08:00:00,1738224300,2025-01-30T08:05:00,1738225860,2025-01-30T08:31:00,2.0,8.75,0.01,0.08750000000000001,44760.57,44762.17,44745.845,44747.445,1.6,TAKE,1.5,0.13125,0.016,0.11525,6.283099999993355,6.414349999993354,-98.0004000000066,-97.88515000000659
OPEN_FADE_5M,982,NEW_YORK_0930,US100,SHORT,1738247400,2025-01-30T14:30:00,1738247700,2025-01-30T14:35:00,1738247820,2025-01-30T14:37:00,6.869999999998981,21.5,0.01,0.215,21440.9,21442.300000000003,21461.0,21462.4,1.4000000000000001,STOP_ADVERSE_FIRST,-1.0,-0.215,0.014000000000000002,-0.229,6.414349999993354,6.199349999993355,-97.88515000000659,-98.11415000000659
OPEN_FADE_5M,983,NEW_YORK_0930,US30,SHORT,1738247400,2025-01-30T14:30:00,1738247700,2025-01-30T14:35:00,1738247940,2025-01-30T14:39:00,9.5,24.75,0.01,0.2475,44637.92,44639.32,44661.27,44662.67,1.4000000000000001,STOP_ADVERSE_FIRST,-1.0,-0.2475,0.014000000000000002,-0.2615,6.199349999993355,5.951849999993355,-98.11415000000659,-98.37565000000659
OPEN_FADE_5M,984,LONDON_0800,US100,SHORT,1738310400,2025-01-31T08:00:00,1738310700,2025-01-31T08:05:00,1738311000,2025-01-31T08:10:00,2.6199999999989814,9.25,0.01,0.0925,21587.0,21588.4,21594.85,21596.25,1.4000000000000001,STOP_ADVERSE_FIRST,-1.0,-0.0925,0.014000000000000002,-0.1065,5.951849999993355,5.859349999993355,-98.37565000000659,-98.48215000000658
OPEN_FADE_5M,985,LONDON_0800,US30,SHORT,1738310400,2025-01-31T08:00:00,1738310700,2025-01-31T08:05:00,1738311600,2025-01-31T08:20:00,6.0,12.75,0.01,0.1275,44917.16,44918.76,44928.310000000005,44929.91,1.6,STOP_ADVERSE_FIRST,-1.0,-0.1275,0.016,-0.14350000000000002,5.859349999993355,5.731849999993354,-98.48215000000658,-98.62565000000659
OPEN_FADE_5M,986,NEW_YORK_0930,US100,LONG,1738333800,2025-01-31T14:30:00,1738334100,2025-01-31T14:35:00,1738335600,2025-01-31T15:00:00,-2.25,11.5,0.01,0.115,21639.75,21641.15,21629.65,21631.050000000003,1.4000000000000001,STOP_ADVERSE_FIRST,-1.0,-0.115,0.014000000000000002,-0.129,5.731849999993354,5.616849999993354,-98.62565000000659,-98.75465000000659
OPEN_FADE_5M,987,NEW_YORK_0930,US30,LONG,1738333800,2025-01-31T14:30:00,1738334100,2025-01-31T14:35:00,1738335600,2025-01-31T15:00:00,-9.0,15.5,0.01,0.155,44987.26,44988.66,44973.16,44974.560000000005,1.4000000000000001,STOP_ADVERSE_FIRST,-1.0,-0.155,0.014000000000000002,-0.169,5.616849999993354,5.461849999993354,-98.75465000000659,-98.92365000000659
OPEN_FADE_5M,988,LONDON_0800,US30,LONG,1738742400,2025-02-05T08:00:00,1738742700,2025-02-05T08:05:00,1738743600,2025-02-05T08:20:00,-9.0,13.25,0.01,0.1325,44382.83,44384.43,44404.305,44405.905,1.6,TAKE,1.5,0.19875,0.016,0.18275000000000002,5.461849999993354,5.660599999993354,-98.92365000000659,-98.74090000000659
OPEN_FADE_5M,989,LONDON_0800,US100,LONG,1738742400,2025-02-05T08:00:00,1738742700,2025-02-05T08:05:00,1738744620,2025-02-05T08:37:00,-6.75,13.5,0.01,0.135,21398.81,21400.210000000003,21386.710000000003,21388.110000000004,1.4000000000000001,STOP_ADVERSE_FIRST,-1.0,-0.135,0.014000000000000002,-0.14900000000000002,5.660599999993354,5.5255999999933545,-98.74090000000659,-98.88990000000659
OPEN_FADE_5M,990,NEW_YORK_0930,US100,LONG,1738765800,2025-02-05T14:30:00,1738766100,2025-02-05T14:35:00,1738766760,2025-02-05T14:46:00,-9.25,10.5,0.01,0.105,21355.81,21357.210000000003,21372.960000000003,21374.360000000004,1.4000000000000001,TAKE,1.5,0.1575,0.014000000000000002,0.1435,5.5255999999933545,5.683099999993354,-98.88990000000659,-98.74640000000659
OPEN_FADE_5M,991,NEW_YORK_0930,US30,LONG,1738765800,2025-02-05T14:30:00,1738766100,2025-02-05T14:35:00,1738767420,2025-02-05T14:57:00,-9.0,11.5,0.01,0.115,44461.43,44462.83,44451.33,44452.73,1.4000000000000001,STOP_ADVERSE_FIRST,-1.0,-0.115,0.014000000000000002,-0.129,5.683099999993354,5.568099999993354,-98.74640000000659,-98.8754000000066
OPEN_FADE_5M,992,LONDON_0800,US30,LONG,1738828800,2025-02-06T08:00:00,1738829100,2025-02-06T08:05:00,1738829100,2025-02-06T08:05:00,-1.0,3.0,0.03,0.09,44934.95,44936.549999999996,44933.549999999996,44935.149999999994,1.6,STOP_ADVERSE_FIRST,-1.0,-0.09,0.048,-0.138,5.568099999993354,5.478099999993354,-98.8754000000066,-99.0134000000066
OPEN_FADE_5M,993,LONDON_0800,US100,LONG,1738828800,2025-02-06T08:00:00,1738829100,2025-02-06T08:05:00,1738829700,2025-02-06T08:15:00,-5.0,6.75,0.01,0.0675,21693.54,21694.940000000002,21688.190000000002,21689.590000000004,1.4000000000000001,STOP_ADVERSE_FIRST,-1.0,-0.0675,0.014000000000000002,-0.0815,5.478099999993354,5.410599999993354,-99.0134000000066,-99.0949000000066
OPEN_FADE_5M,994,NEW_YORK_0930,US30,LONG,1738852200,2025-02-06T14:30:00,1738852500,2025-02-06T14:35:00,1738852740,2025-02-06T14:39:00,-5.0,14.0,0.01,0.14,44853.55,44854.950000000004,44875.950000000004,44877.350000000006,1.4000000000000001,TAKE,1.4999999999999998,0.21,0.014000000000000002,0.19599999999999998,5.410599999993354,5.620599999993354,-99.0949000000066,-98.8989000000066
OPEN_FADE_5M,995,NEW_YORK_0930,US100,LONG,1738852200,2025-02-06T14:30:00,1738852500,2025-02-06T14:35:00,1738853220,2025-02-06T14:47:00,-7.5,14.75,0.01,0.1475,21602.54,21603.940000000002,21626.065000000002,21627.465000000004,1.4000000000000001,TAKE,1.5,0.22125,0.014000000000000002,0.20725,5.620599999993354,5.841849999993355,-98.8989000000066,-98.6916500000066
OPEN_FADE_5M,996,LONDON_0800,US100,LONG,1738915200,2025-02-07T08:00:00,1738915500,2025-02-07T08:05:00,1738915680,2025-02-07T08:08:00,-7.25,9.0,0.01,0.09,21718.34,21719.74,21710.74,21712.140000000003,1.4000000000000001,STOP_ADVERSE_FIRST,-1.0,-0.09,0.014000000000000002,-0.104,5.841849999993355,5.751849999993355,-98.6916500000066,-98.7956500000066
OPEN_FADE_5M,997,LONDON_0800,US30,LONG,1738915200,2025-02-07T08:00:00,1738915500,2025-02-07T08:05:00,1738915680,2025-02-07T08:08:00,-2.0,7.0,0.01,0.07,44651.79,44653.39,44646.39,44647.99,1.6,STOP_ADVERSE_FIRST,-1.0,-0.07,0.016,-0.08600000000000001,5.751849999993355,5.6818499999933545,-98.7956500000066,-98.8816500000066
OPEN_FADE_5M,998,NEW_YORK_0930,US30,LONG,1738938600,2025-02-07T14:30:00,1738938900,2025-02-07T14:35:00,1738939320,2025-02-07T14:42:00,-4.25,12.25,0.01,0.1225,44729.89,44731.29,44719.04,44720.44,1.4000000000000001,STOP_ADVERSE_FIRST,-1.0,-0.1225,0.014000000000000002,-0.1365,5.6818499999933545,5.559349999993355,-98.8816500000066,-99.0181500000066
OPEN_FADE_5M,999,NEW_YORK_0930,US100,LONG,1738938600,2025-02-07T14:30:00,1738938900,2025-02-07T14:35:00,1738940880,2025-02-07T15:08:00,-5.5,11.5,0.01,0.115,21734.34,21735.74,21724.24,21725.640000000003,1.4000000000000001,STOP_ADVERSE_FIRST,-1.0,-0.115,0.014000000000000002,-0.129,5.559349999993355,5.444349999993355,-99.0181500000066,-99.1471500000066
OPEN_FADE_5M,1000,LONDON_0800,US100,LONG,1739174400,2025-02-10T08:00:00,1739174700,2025-02-10T08:05:00,1739174700,2025-02-10T08:05:00,-3.1300000000010186,4.130000000001019,0.02,0.08260000000002038,21592.63,21594.030000000002,21589.9,21591.300000000003,1.4000000000000001,STOP_ADVERSE_FIRST,-1.0,-0.08260000000002038,0.028000000000000004,-0.11060000000002038,5.444349999993355,5.361749999993334,-99.1471500000066,-99.25775000000662
OPEN_FADE_5M,1001,LONDON_0800,US30,SHORT,1739174400,2025-02-10T08:00:00,1739174700,2025-02-10T08:05:00,1739174760,2025-02-10T08:06:00,2.0,6.0,0.01,0.06,44340.22,44341.82,44329.62,44331.22,1.6,TAKE,1.5,0.09,0.016,0.074,5.361749999993334,5.451749999993334,-99.25775000000662,-99.18375000000663
OPEN_FADE_5M,1002,NEW_YORK_0930,US100,LONG,1739197800,2025-02-10T14:30:00,1739198100,2025-02-10T14:35:00,1739200440,2025-02-10T15:14:00,-8.119999999998981,12.380000000001019,0.01,0.1238000000000102,21609.38,21610.780000000002,21629.350000000006,21630.750000000007,1.4000000000000001,TAKE,1.500000000000147,0.18570000000003348,0.014000000000000002,0.17170000000003346,5.451749999993334,5.637449999993367,-99.18375000000663,-99.0120500000066
OPEN_FADE_5M,1003,NEW_YORK_0930,US30,SHORT,1739197800,2025-02-10T14:30:00,1739198100,2025-02-10T14:35:00,1739200500,2025-02-10T15:15:00,13.75,20.0,0.01,0.2,44483.07,44484.47,44501.67,44503.07,1.4000000000000001,STOP_ADVERSE_FIRST,-1.0,-0.2,0.014000000000000002,-0.21400000000000002,5.637449999993367,5.437449999993367,-99.0120500000066,-99.2260500000066
OPEN_FADE_5M,1004,LONDON_0800,US100,LONG,1739260800,2025-02-11T08:00:00,1739261100,2025-02-11T08:05:00,1739261700,2025-02-11T08:15:00,-5.879999999997381,10.75,0.01,0.1075,21667.22,21668.620000000003,21657.870000000003,21659.270000000004,1.4000000000000001,STOP_ADVERSE_FIRST,-1.0,-0.1075,0.014000000000000002,-0.1215,5.437449999993367,5.329949999993367,-99.2260500000066,-99.34755000000659
OPEN_FADE_5M,1005,LONDON_0800,US30,LONG,1739260800,2025-02-11T08:00:00,1739261100,2025-02-11T08:05:00,1739261760,2025-02-11T08:16:00,-8.0,8.25,0.01,0.0825,44362.69,44364.29,44356.04,44357.64,1.6,STOP_ADVERSE_FIRST,-1.0,-0.0825,0.016,-0.0985,5.329949999993367,5.247449999993368,-99.34755000000659,-99.4460500000066
OPEN_FADE_5M,1006,NEW_YORK_0930,US30,SHORT,1739284200,2025-02-11T14:30:00,1739284500,2025-02-11T14:35:00,1739284980,2025-02-11T14:43:00,1.75,11.75,0.01,0.11750000000000001,44334.04,44335.44,44344.39,44345.79,1.4000000000000001,STOP_ADVERSE_FIRST,-1.0,-0.11750000000000001,0.014000000000000002,-0.1315,5.247449999993368,5.129949999993368,-99.4460500000066,-99.5775500000066
OPEN_FADE_5M,1007,NEW_YORK_0930,US100,SHORT,1739284200,2025-02-11T14:30:00,1739284500,2025-02-11T14:35:00,1739287200,2025-02-11T15:20:00,10.25,17.37000000000262,0.01,0.1737000000000262,21629.72,21631.120000000003,21602.264999999996,21603.664999999997,1.4000000000000001,TAKE,1.5,0.2605500000000393,0.014000000000000002,0.2465500000000393,5.129949999993368,5.390499999993407,-99.5775500000066,-99.33100000000655
OPEN_FADE_5M,1008,LONDON_0800,US100,SHORT,1739347200,2025-02-12T08:00:00,1739347500,2025-02-12T08:05:00,1739348340,2025-02-12T08:19:00,2.75,5.25,0.02,0.105,21665.7,21667.100000000002,21669.55,21670.95,1.4000000000000001,STOP_ADVERSE_FIRST,-1.0,-0.105,0.028000000000000004,-0.133,5.390499999993407,5.285499999993407,-99.33100000000655,-99.46400000000655
OPEN_FADE_5M,1009,LONDON_0800,US30,SHORT,1739347200,2025-02-12T08:00:00,1739347500,2025-02-12T08:05:00,1739348580,2025-02-12T08:23:00,3.25,7.25,0.01,0.0725,44537.53,44539.13,44525.055,44526.655,1.6,TAKE,1.5,0.10875,0.016,0.09275,5.285499999993407,5.394249999993407,-99.46400000000655,-99.37125000000655
OPEN_FADE_5M,1010,NEW_YORK_0930,US30,SHORT,1739370600,2025-02-12T14:30:00,1739370900,2025-02-12T14:35:00,1739371200,2025-02-12T14:40:00,7.5,8.0,0.01,0.08,44509.38,44510.78,44515.979999999996,44517.38,1.4000000000000001,STOP_ADVERSE_FIRST,-1.0,-0.08,0.014000000000000002,-0.094,5.394249999993407,5.3142499999934065,-99.37125000000655,-99.46525000000655
OPEN_FADE_5M,1011,NEW_YORK_0930,US100,SHORT,1739370600,2025-02-12T14:30:00,1739370900,2025-02-12T14:35:00,1739371260,2025-02-12T14:41:00,5.0,11.25,0.01,0.1125,21698.33,21699.730000000003,21708.18,21709.58,1.4000000000000001,STOP_ADVERSE_FIRST,-1.0,-0.1125,0.014000000000000002,-0.1265,5.3142499999934065,5.201749999993407,-99.46525000000655,-99.59175000000654
OPEN_FADE_5M,1012,LONDON_0800,US100,SHORT,1739433600,2025-02-13T08:00:00,1739433900,2025-02-13T08:05:00,1739434020,2025-02-13T08:07:00,0.13000000000101863,7.869999999998981,0.01,0.07869999999998982,21790.66,21792.06,21797.129999999997,21798.53,1.4000000000000001,STOP_ADVERSE_FIRST,-1.0,-0.07869999999998982,0.014000000000000002,-0.09269999999998982,5.201749999993407,5.123049999993417,-99.59175000000654,-99.68445000000654
OPEN_FADE_5M,1013,LONDON_0800,US30,SHORT,1739433600,2025-02-13T08:00:00,1739433900,2025-02-13T08:05:00,1739435880,2025-02-13T08:38:00,4.0,9.0,0.01,0.09,44416.63,44418.229999999996,44424.03,44425.63,1.6,STOP_ADVERSE_FIRST,-1.0,-0.09,0.016,-0.106,5.123049999993417,5.033049999993417,-99.68445000000654,-99.79045000000653
OPEN_FADE_5M,1014,NEW_YORK_0930,US100,SHORT,1739457000,2025-02-13T14:30:00,1739457300,2025-02-13T14:35:00,1739458200,2025-02-13T14:50:00,6.75,12.75,0.01,0.1275,21713.66,21715.06,21693.135,21694.535,1.4000000000000001,TAKE,1.5,0.19125,0.014000000000000002,0.17725,5.033049999993417,5.224299999993417,-99.79045000000653,-99.61320000000653
OPEN_FADE_5M,1015,NEW_YORK_0930,US30,SHORT,1739457000,2025-02-13T14:30:00,1739457300,2025-02-13T14:35:00,1739458200,2025-02-13T14:50:00,6.0,18.25,0.01,0.1825,44339.73,44341.130000000005,44310.955,44312.355,1.4000000000000001,TAKE,1.5,0.27375,0.014000000000000002,0.25975,5.224299999993417,5.498049999993417,-99.61320000000653,-99.35345000000653
OPEN_FADE_5M,1016,LONDON_0800,US30,SHORT,1739520000,2025-02-14T08:00:00,1739520300,2025-02-14T08:05:00,1739520840,2025-02-14T08:14:00,3.0,5.5,0.01,0.055,44690.37,44691.97,44694.270000000004,44695.87,1.6,STOP_ADVERSE_FIRST,-1.0,-0.055,0.016,-0.07100000000000001,5.498049999993417,5.443049999993417,-99.35345000000653,-99.42445000000653
OPEN_FADE_5M,1017,LONDON_0800,US100,SHORT,1739520000,2025-02-14T08:00:00,1739520300,2025-02-14T08:05:00,1739520900,2025-02-14T08:15:00,6.620000000002619,9.25,0.01,0.0925,22018.67,22020.07,22026.519999999997,22027.92,1.4000000000000001,STOP_ADVERSE_FIRST,-1.0,-0.0925,0.014000000000000002,-0.1065,5.443049999993417,5.350549999993417,-99.42445000000653,-99.53095000000653
OPEN_FADE_5M,1018,NEW_YORK_0930,US30,LONG,1739543400,2025-02-14T14:30:00,1739543700,2025-02-14T14:35:00,1739545080,2025-02-14T14:58:00,-1.0,11.0,0.01,0.11,44539.47,44540.87,44557.37,44558.770000000004,1.4000000000000001,TAKE,1.5,0.165,0.014000000000000002,0.151,5.350549999993417,5.515549999993417,-99.53095000000653,-99.37995000000653
OPEN_FADE_5M,1019,NEW_YORK_0930,US100,SHORT,1739543400,2025-02-14T14:30:00,1739543700,2025-02-14T14:35:00,1739545140,2025-02-14T14:59:00,0.25,8.62999999999738,0.01,0.08629999999997381,21968.92,21970.32,21976.149999999994,21977.549999999996,1.4000000000000001,STOP_ADVERSE_FIRST,-1.0,-0.08629999999997381,0.014000000000000002,-0.10029999999997381,5.515549999993417,5.429249999993443,-99.37995000000653,-99.4802500000065
OPEN_FADE_5M,1020,LONDON_0800,US30,SHORT,1739779200,2025-02-17T08:00:00,1739779500,2025-02-17T08:05:00,1739779560,2025-02-17T08:06:00,0.75,4.5,0.02,0.09,44545.73,44547.33,44548.630000000005,44550.23,1.6,STOP_ADVERSE_FIRST,-1.0,-0.09,0.032,-0.122,5.429249999993443,5.339249999993443,-99.4802500000065,-99.6022500000065
OPEN_FADE_5M,1021,LONDON_0800,US100,SHORT,1739779200,2025-02-17T08:00:00,1739779500,2025-02-17T08:05:00,1739782260,2025-02-17T08:51:00,2.75,4.75,0.02,0.095,22176.21,22177.61,22179.559999999998,22180.96,1.4000000000000001,STOP_ADVERSE_FIRST,-1.0,-0.095,0.028000000000000004,-0.123,5.339249999993443,5.2442499999934435,-99.6022500000065,-99.72525000000651
OPEN_FADE_5M,1022,NEW_YORK_0930,US30,LONG,1739802600,2025-02-17T14:30:00,1739802900,2025-02-17T14:35:00,1739803680,2025-02-17T14:48:00,-4.0,7.5,0.01,0.075,44573.83,44575.23,44586.48,44587.880000000005,1.4000000000000001,TAKE,1.5,0.1125,0.014000000000000002,0.0985,5.2442499999934435,5.356749999993443,-99.72525000000651,-99.62675000000651
OPEN_FADE_5M,1023,NEW_YORK_0930,US100,LONG,1739802600,2025-02-17T14:30:00,1739802900,2025-02-17T14:35:00,1739804220,2025-02-17T14:57:00,-3.75,6.370000000002619,0.01,0.0637000000000262,22153.58,22154.980000000003,22148.61,22150.010000000002,1.4000000000000001,STOP_ADVERSE_FIRST,-1.0,-0.0637000000000262,0.014000000000000002,-0.07770000000002619,5.356749999993443,5.293049999993417,-99.62675000000651,-99.70445000000653
OPEN_FADE_5M,1024,LONDON_0800,US100,SHORT,1739865600,2025-02-18T08:00:00,1739865900,2025-02-18T08:05:00,1739865900,2025-02-18T08:05:00,1.25,3.3700000000026193,0.03,0.10110000000007857,22161.08,22162.480000000003,22163.050000000003,22164.450000000004,1.4000000000000001,STOP_ADVERSE_FIRST,-1.0,-0.10110000000007857,0.042,-0.14310000000007858,5.293049999993417,5.191949999993338,-99.70445000000653,-99.8475500000066
OPEN_FADE_5M,1025,LONDON_0800,US30,SHORT,1739865600,2025-02-18T08:00:00,1739865900,2025-02-18T08:05:00,1739865900,2025-02-18T08:05:00,0.25,2.75,0.03,0.08249999999999999,44544.44,44546.04,44545.590000000004,44547.19,1.6,STOP_ADVERSE_FIRST,-1.0,-0.08249999999999999,0.048,-0.1305,5.191949999993338,5.1094499999933385,-99.8475500000066,-99.9780500000066
OPEN_FADE_5M,1026,NEW_YORK_0930,US100,SHORT,1739889000,2025-02-18T14:30:00,1739889300,2025-02-18T14:35:00,1739890800,2025-02-18T15:00:00,10.75,11.5,0.01,0.115,22206.33,22207.730000000003,22187.68,22189.08,1.4000000000000001,TAKE,1.5,0.17250000000000001,0.014000000000000002,0.1585,5.1094499999933385,5.281949999993339,-99.9780500000066,-99.8195500000066
OPEN_FADE_5M,1027,NEW_YORK_0930,US30,SHORT,1739889000,2025-02-18T14:30:00,1739889300,2025-02-18T14:35:00,1739892180,2025-02-18T15:23:00,11.75,14.5,0.01,0.145,44581.29,44582.69,44594.39,44595.79,1.4000000000000001,STOP_ADVERSE_FIRST,-1.0,-0.145,0.014000000000000002,-0.159,5.281949999993339,5.136949999993339,-99.8195500000066,-99.9785500000066
OPEN_FADE_5M,1028,LONDON_0800,US100,SHORT,1739952000,2025-02-19T08:00:00,1739952300,2025-02-19T08:05:00,1739953740,2025-02-19T08:29:00,3.25,3.75,0.02,0.075,22176.52,22177.920000000002,22178.87,22180.27,1.4000000000000001,STOP_ADVERSE_FIRST,-1.0,-0.075,0.028000000000000004,-0.10300000000000001,5.136949999993339,5.061949999993339,-99.9785500000066,-100.0815500000066
OPEN_FADE_5M,1029,LONDON_0800,US30,SHORT,1739952000,2025-02-19T08:00:00,1739952300,2025-02-19T08:05:00,1739953800,2025-02-19T08:30:00,5.0,7.0,0.01,0.07,44566.76,44568.36,44572.16,44573.76,1.6,STOP_ADVERSE_FIRST,-1.0,-0.07,0.016,-0.08600000000000001,5.061949999993339,4.991949999993339,-100.0815500000066,-100.1675500000066
OPEN_FADE_5M,1030,NEW_YORK_0930,US100,LONG,1739975400,2025-02-19T14:30:00,1739975700,2025-02-19T14:35:00,1739977200,2025-02-19T15:00:00,-6.119999999998981,13.369999999998981,0.01,0.13369999999998983,22149.9,22151.300000000003,22137.930000000004,22139.330000000005,1.4000000000000001,STOP_ADVERSE_FIRST,-1.0,-0.13369999999998983,0.014000000000000002,-0.14769999999998984,4.991949999993339,4.858249999993349,-100.1675500000066,-100.31525000000659
OPEN_FADE_5M,1031,NEW_YORK_0930,US30,LONG,1739975400,2025-02-19T14:30:00,1739975700,2025-02-19T14:35:00,1739977200,2025-02-19T15:00:00,-7.5,15.5,0.01,0.155,44451.86,44453.26,44437.76,44439.16,1.4000000000000001,STOP_ADVERSE_FIRST,-1.0,-0.155,0.014000000000000002,-0.169,4.858249999993349,4.703249999993349,-100.31525000000659,-100.48425000000658
OPEN_FADE_5M,1032,LONDON_0800,US100,LONG,1740038400,2025-02-20T08:00:00,1740038700,2025-02-20T08:05:00,1740038760,2025-02-20T08:06:00,-2.6300000000010186,7.380000000001019,0.01,0.07380000000001019,22076.66,22078.06,22070.68,22072.08,1.4000000000000001,STOP_ADVERSE_FIRST,-1.0,-0.07380000000001019,0.014000000000000002,-0.08780000000001019,4.703249999993349,4.629449999993339,-100.48425000000658,-100.5720500000066
OPEN_FADE_5M,1033,LONDON_0800,US30,LONG,1740038400,2025-02-20T08:00:00,1740038700,2025-02-20T08:05:00,1740039420,2025-02-20T08:17:00,-0.5,5.0,0.01,0.05,44484.43,44486.03,44493.53,44495.13,1.6,TAKE,1.4999999999999998,0.075,0.016,0.059,4.629449999993339,4.704449999993339,-100.5720500000066,-100.5130500000066
OPEN_FADE_5M,1034,NEW_YORK_0930,US100,SHORT,1740061800,2025-02-20T14:30:00,1740062100,2025-02-20T14:35:00,1740065640,2025-02-20T15:34:00,12.119999999998981,17.38000000000102,0.01,0.1738000000000102,22110.78,22112.18,22103.16,22104.56,1.4000000000000001,TIME_60_M1,0.3578826237052452,0.06219999999997526,0.014000000000000002,0.04819999999997526,4.704449999993339,4.766649999993314,-100.5130500000066,-100.46485000000662
OPEN_FADE_5M,1035,LONDON_0800,US100,SHORT,1740124800,2025-02-21T08:00:00,1740125100,2025-02-21T08:05:00,1740125160,2025-02-21T08:06:00,2.8800000000010186,3.8800000000010186,0.02,0.07760000000002037,22042.06,22043.460000000003,22044.54,22045.940000000002,1.4000000000000001,STOP_ADVERSE_FIRST,-1.0,-0.07760000000002037,0.028000000000000004,-0.10560000000002037,4.766649999993314,4.689049999993293,-100.46485000000662,-100.57045000000664
OPEN_FADE_5M,1036,NEW_YORK_0930,US100,SHORT,1740148200,2025-02-21T14:30:00,1740148500,2025-02-21T14:35:00,1740148920,2025-02-21T14:42:00,0.75,7.5,0.01,0.075,22121.18,22122.58,22127.28,22128.68,1.4000000000000001,STOP_ADVERSE_FIRST,-1.0,-0.075,0.014000000000000002,-0.089,4.689049999993293,4.614049999993293,-100.57045000000664,-100.65945000000664
OPEN_FADE_5M,1037,LONDON_0800,US30,SHORT,1740384000,2025-02-24T08:00:00,1740384300,2025-02-24T08:05:00,1740384420,2025-02-24T08:07:00,2.0,6.0,0.01,0.06,43618.11,43619.71,43622.51,43624.11,1.6,STOP_ADVERSE_FIRST,-1.0,-0.06,0.016,-0.076,4.614049999993293,4.5540499999932935,-100.65945000000664,-100.73545000000664
OPEN_FADE_5M,1038,LONDON_0800,US100,LONG,1740384000,2025-02-24T08:00:00,1740384300,2025-02-24T08:05:00,1740385200,2025-02-24T08:20:00,-2.5,3.8800000000010186,0.02,0.07760000000002037,21714.31,21715.710000000003,21721.530000000006,21722.930000000008,1.4000000000000001,TAKE,1.5000000000004687,0.11640000000006694,0.028000000000000004,0.08840000000006693,4.5540499999932935,4.670449999993361,-100.73545000000664,-100.64705000000657
OPEN_FADE_5M,1039,NEW_YORK_0930,US100,SHORT,1740407400,2025-02-24T14:30:00,1740407700,2025-02-24T14:35:00,1740408480,2025-02-24T14:48:00,14.630000000001019,17.75,0.01,0.1775,21692.06,21693.460000000003,21664.035,21665.435,1.4000000000000001,TAKE,1.5,0.26625,0.014000000000000002,0.25225,4.670449999993361,4.936699999993361,-100.64705000000657,-100.39480000000657
OPEN_FADE_5M,1040,LONDON_0800,US30,LONG,1740470400,2025-02-25T08:00:00,1740470700,2025-02-25T08:05:00,1740471720,2025-02-25T08:22:00,-8.75,10.75,0.01,0.1075,43512.41,43514.01,43503.26,43504.86,1.6,STOP_ADVERSE_FIRST,-1.0,-0.1075,0.016,-0.1235,4.936699999993361,4.829199999993361,-100.39480000000657,-100.51830000000658
OPEN_FADE_5M,1041,LONDON_0800,US100,LONG,1740470400,2025-02-25T08:00:00,1740470700,2025-02-25T08:05:00,1740472200,2025-02-25T08:30:00,-5.630000000001019,8.5,0.01,0.085,21358.25,21359.65,21351.15,21352.550000000003,1.4000000000000001,STOP_ADVERSE_FIRST,-1.0,-0.085,0.014000000000000002,-0.099,4.829199999993361,4.744199999993361,-100.51830000000658,-100.61730000000658
OPEN_FADE_5M,1042,LONDON_0800,US100,LONG,1740556800,2025-02-26T08:00:00,1740557100,2025-02-26T08:05:00,1740557400,2025-02-26T08:10:00,-2.6200000000026193,6.370000000002619,0.01,0.0637000000000262,21207.76,21209.16,21202.789999999997,21204.19,1.4000000000000001,STOP_ADVERSE_FIRST,-1.0,-0.0637000000000262,0.014000000000000002,-0.07770000000002619,4.744199999993361,4.6804999999933345,-100.61730000000658,-100.6950000000066
OPEN_FADE_5M,1043,LONDON_0800,US30,SHORT,1740556800,2025-02-26T08:00:00,1740557100,2025-02-26T08:05:00,1740557880,2025-02-26T08:18:00,5.0,7.0,0.01,0.07,43711.45,43713.049999999996,43699.35,43700.95,1.6,TAKE,1.4999999999999998,0.105,0.016,0.089,4.6804999999933345,4.785499999993335,-100.6950000000066,-100.6060000000066
OPEN_FADE_5M,1044,NEW_YORK_0930,US100,SHORT,1740580200,2025-02-26T14:30:00,1740580500,2025-02-26T14:35:00,1740581340,2025-02-26T14:49:00,6.129999999997381,11.25,0.01,0.1125,21233.51,21234.91,21215.234999999997,21216.635,1.4000000000000001,TAKE,1.5,0.16875,0.014000000000000002,0.15475,4.785499999993335,4.954249999993335,-100.6060000000066,-100.4512500000066
OPEN_FADE_5M,1045,NEW_YORK_0930,US30,SHORT,1740580200,2025-02-26T14:30:00,1740580500,2025-02-26T14:35:00,1740581520,2025-02-26T14:52:00,13.0,17.75,0.01,0.1775,43722.55,43723.950000000004,43694.525,43695.925,1.4000000000000001,TAKE,1.5,0.26625,0.014000000000000002,0.25225,4.954249999993335,5.2204999999933355,-100.4512500000066,-100.19900000000659
OPEN_FADE_5M,1046,NEW_YORK_0930,US30,LONG,1740666600,2025-02-27T14:30:00,1740666900,2025-02-27T14:35:00,1740666900,2025-02-27T14:35:00,-7.25,11.0,0.01,0.11,43569.86,43571.26,43560.26,43561.66,1.4000000000000001,STOP_ADVERSE_FIRST,-1.0,-0.11,0.014000000000000002,-0.124,5.2204999999933355,5.110499999993335,-100.19900000000659,-100.32300000000659
OPEN_FADE_5M,1047,NEW_YORK_0930,US100,SHORT,1740666600,2025-02-27T14:30:00,1740666900,2025-02-27T14:35:00,1740667140,2025-02-27T14:39:00,1.3699999999989814,9.880000000001019,0.01,0.09880000000001019,21299.35,21300.75,21307.829999999998,21309.23,1.4000000000000001,STOP_ADVERSE_FIRST,-1.0,-0.09880000000001019,0.014000000000000002,-0.11280000000001018,5.110499999993335,5.011699999993325,-100.32300000000659,-100.4358000000066
OPEN_FADE_5M,1048,LONDON_0800,US30,SHORT,1740729600,2025-02-28T08:00:00,1740729900,2025-02-28T08:05:00,1740730500,2025-02-28T08:15:00,4.75,13.5,0.01,0.135,43208.17,43209.77,43220.07,43221.67,1.6,STOP_ADVERSE_FIRST,-1.0,-0.135,0.016,-0.15100000000000002,5.011699999993325,4.876699999993325,-100.4358000000066,-100.58680000000659
OPEN_FADE_5M,1049,LONDON_0800,US100,SHORT,1740729600,2025-02-28T08:00:00,1740729900,2025-02-28T08:05:00,1740730560,2025-02-28T08:16:00,4.120000000002619,14.5,0.01,0.145,20562.13,20563.530000000002,20575.23,20576.63,1.4000000000000001,STOP_ADVERSE_FIRST,-1.0,-0.145,0.014000000000000002,-0.159,4.876699999993325,4.731699999993325,-100.58680000000659,-100.7458000000066
OPEN_FADE_5M,1050,LONDON_0800,US100,LONG,1740988800,2025-03-03T08:00:00,1740989100,2025-03-03T08:05:00,1740989160,2025-03-03T08:06:00,-1.75,14.25,0.01,0.14250000000000002,20932.32,20933.72,20919.47,20920.870000000003,1.4000000000000001,STOP_ADVERSE_FIRST,-1.0,-0.14250000000000002,0.014000000000000002,-0.15650000000000003,4.731699999993325,4.589199999993325,-100.7458000000066,-100.90230000000659
OPEN_FADE_5M,1051,LONDON_0800,US30,LONG,1740988800,2025-03-03T08:00:00,1740989100,2025-03-03T08:05:00,1740989280,2025-03-03T08:08:00,-5.75,16.25,0.01,0.1625,43849.18,43850.78,43834.53,43836.13,1.6,STOP_ADVERSE_FIRST,-1.0,-0.1625,0.016,-0.1785,4.589199999993325,4.426699999993326,-100.90230000000659,-101.08080000000659
OPEN_FADE_5M,1052,LONDON_0800,US100,SHORT,1741161600,2025-03-05T08:00:00,1741161900,2025-03-05T08:05:00,1741162320,2025-03-05T08:12:00,0.13000000000101863,8.75,0.01,0.08750000000000001,20503.2,20504.600000000002,20510.55,20511.95,1.4000000000000001,STOP_ADVERSE_FIRST,-1.0,-0.08750000000000001,0.014000000000000002,-0.1015,4.426699999993326,4.339199999993325,-101.08080000000659,-101.18230000000659
OPEN_FADE_5M,1053,LONDON_0800,US30,LONG,1741161600,2025-03-05T08:00:00,1741161900,2025-03-05T08:05:00,1741162320,2025-03-05T08:12:00,-3.75,9.5,0.01,0.095,42742.0,42743.6,42757.85,42759.45,1.6,TAKE,1.5000000000000002,0.14250000000000002,0.016,0.1265,4.339199999993325,4.481699999993325,-101.18230000000659,-101.0558000000066
OPEN_FADE_5M,1054,LONDON_0800,US100,LONG,1741248000,2025-03-06T08:00:00,1741248300,2025-03-06T08:05:00,1741248780,2025-03-06T08:13:00,-8.869999999998981,12.880000000001019,0.01,0.12880000000001018,20558.35,20559.75,20579.07,20580.47,1.4000000000000001,TAKE,1.4999999999998588,0.1931999999999971,0.014000000000000002,0.17919999999999708,4.481699999993325,4.674899999993323,-101.0558000000066,-100.8766000000066
OPEN_FADE_5M,1055,LONDON_0800,US30,LONG,1741248000,2025-03-06T08:00:00,1741248300,2025-03-06T08:05:00,1741248780,2025-03-06T08:13:00,-2.0,9.0,0.01,0.09,42965.77,42967.369999999995,42980.869999999995,42982.469999999994,1.6,TAKE,1.5000000000000002,0.135,0.016,0.11900000000000001,4.674899999993323,4.8098999999933225,-100.8766000000066,-100.7576000000066
OPEN_FADE_5M,1056,LONDON_0800,US100,SHORT,1741593600,2025-03-10T08:00:00,1741593900,2025-03-10T08:05:00,1741594020,2025-03-10T08:07:00,4.119999999998981,8.369999999998981,0.01,0.08369999999998981,20096.07,20097.47,20103.039999999997,20104.44,1.4000000000000001,STOP_ADVERSE_FIRST,-1.0,-0.08369999999998981,0.014000000000000002,-0.09769999999998981,4.8098999999933225,4.726199999993333,-100.7576000000066,-100.8553000000066
OPEN_FADE_5M,1057,LONDON_0800,US30,LONG,1741593600,2025-03-10T08:00:00,1741593900,2025-03-10T08:05:00,1741594380,2025-03-10T08:13:00,-2.5,9.5,0.01,0.095,42638.15,42639.75,42654.0,42655.6,1.6,TAKE,1.5000000000000002,0.14250000000000002,0.016,0.1265,4.726199999993333,4.868699999993333,-100.8553000000066,-100.7288000000066
OPEN_FADE_5M,1058,NEW_YORK_0930,US100,SHORT,1741613400,2025-03-10T13:30:00,1741613700,2025-03-10T13:35:00,1741614180,2025-03-10T13:43:00,11.5,17.63000000000102,0.01,0.1763000000000102,19989.57,19990.97,20005.8,20007.2,1.4000000000000001,STOP_ADVERSE_FIRST,-1.0,-0.1763000000000102,0.014000000000000002,-0.1903000000000102,4.868699999993333,4.692399999993323,-100.7288000000066,-100.91910000000661
OPEN_FADE_5M,1059,LONDON_0800,US30,LONG,1741766400,2025-03-12T08:00:00,1741766700,2025-03-12T08:05:00,1741767240,2025-03-12T08:14:00,-3.0,10.75,0.01,0.1075,41505.56,41507.159999999996,41523.284999999996,41524.884999999995,1.6,TAKE,1.5,0.16125,0.016,0.14525,4.692399999993323,4.853649999993323,-100.91910000000661,-100.7738500000066
OPEN_FADE_5M,1060,LONDON_0800,US100,LONG,1741766400,2025-03-12T08:00:00,1741766700,2025-03-12T08:05:00,1741767420,2025-03-12T08:17:00,-3.1199999999989814,11.130000000001019,0.01,0.11130000000001018,19420.37,19421.77,19438.465000000004,19439.865000000005,1.4000000000000001,TAKE,1.5000000000001634,0.16695000000003346,0.014000000000000002,0.15295000000003345,4.853649999993323,5.020599999993356,-100.7738500000066,-100.62090000000657
OPEN_FADE_5M,1061,LONDON_0800,US100,SHORT,1741852800,2025-03-13T08:00:00,1741853100,2025-03-13T08:05:00,1741853340,2025-03-13T08:09:00,9.119999999998981,13.5,0.01,0.135,19504.27,19505.670000000002,19516.37,19517.77,1.4000000000000001,STOP_ADVERSE_FIRST,-1.0,-0.135,0.014000000000000002,-0.14900000000000002,5.020599999993356,4.885599999993357,-100.62090000000657,-100.76990000000657
OPEN_FADE_5M,1062,LONDON_0800,US30,SHORT,1741852800,2025-03-13T08:00:00,1741853100,2025-03-13T08:05:00,1741854600,2025-03-13T08:30:00,12.5,18.75,0.01,0.1875,41295.18,41296.78,41265.455,41267.055,1.6,TAKE,1.5,0.28125,0.016,0.26525,4.885599999993357,5.166849999993357,-100.76990000000657,-100.50465000000658
OPEN_FADE_5M,1063,NEW_YORK_0930,US100,SHORT,1741872600,2025-03-13T13:30:00,1741872900,2025-03-13T13:35:00,1741872960,2025-03-13T13:36:00,3.25,17.63000000000102,0.01,0.1763000000000102,19523.52,19524.920000000002,19539.75,19541.15,1.4000000000000001,STOP_ADVERSE_FIRST,-1.0,-0.1763000000000102,0.014000000000000002,-0.1903000000000102,5.166849999993357,4.9905499999933465,-100.50465000000658,-100.69495000000659
OPEN_FADE_5M,1064,LONDON_0800,US30,LONG,1741939200,2025-03-14T08:00:00,1741939500,2025-03-14T08:05:00,1741939560,2025-03-14T08:06:00,-2.0,6.5,0.01,0.065,41033.73,41035.33,41028.83,41030.43,1.6,STOP_ADVERSE_FIRST,-1.0,-0.065,0.016,-0.081,4.9905499999933465,4.925549999993346,-100.69495000000659,-100.77595000000659
OPEN_FADE_5M,1065,LONDON_0800,US100,SHORT,1741939200,2025-03-14T08:00:00,1741939500,2025-03-14T08:05:00,1741939860,2025-03-14T08:11:00,0.25,5.75,0.01,0.0575,19426.66,19428.06,19431.01,19432.41,1.4000000000000001,STOP_ADVERSE_FIRST,-1.0,-0.0575,0.014000000000000002,-0.07150000000000001,4.925549999993346,4.868049999993346,-100.77595000000659,-100.84745000000659
OPEN_FADE_5M,1066,NEW_YORK_0930,US100,LONG,1741959000,2025-03-14T13:30:00,1741959300,2025-03-14T13:35:00,1741962180,2025-03-14T14:23:00,-7.369999999998981,16.5,0.01,0.165,19411.28,19412.68,19396.18,19397.58,1.4000000000000001,STOP_ADVERSE_FIRST,-1.0,-0.165,0.014000000000000002,-0.17900000000000002,4.868049999993346,4.703049999993346,-100.84745000000659,-101.02645000000659
OPEN_FADE_5M,1067,LONDON_0800,US30,SHORT,1742198400,2025-03-17T08:00:00,1742198700,2025-03-17T08:05:00,1742199000,2025-03-17T08:10:00,7.25,12.25,0.01,0.1225,41318.36,41319.96,41329.01,41330.61,1.6,STOP_ADVERSE_FIRST,-1.0,-0.1225,0.016,-0.1385,4.703049999993346,4.580549999993346,-101.02645000000659,-101.16495000000658
OPEN_FADE_5M,1068,LONDON_0800,US100,LONG,1742198400,2025-03-17T08:00:00,1742198700,2025-03-17T08:05:00,1742202240,2025-03-17T09:04:00,-7.880000000001019,10.75,0.01,0.1075,19576.36,19577.760000000002,19584.24,19585.640000000003,1.4000000000000001,TIME_60_M1,0.6027906976743781,0.06479999999999564,0.014000000000000002,0.05079999999999564,4.580549999993346,4.645349999993342,-101.16495000000658,-101.11415000000659
OPEN_FADE_5M,1069,NEW_YORK_0930,US30,SHORT,1742218200,2025-03-17T13:30:00,1742218500,2025-03-17T13:35:00,1742218740,2025-03-17T13:39:00,7.25,13.0,0.01,0.13,41347.46,41348.86,41359.06,41360.46,1.4000000000000001,STOP_ADVERSE_FIRST,-1.0,-0.13,0.014000000000000002,-0.14400000000000002,4.645349999993342,4.515349999993342,-101.11415000000659,-101.2581500000066
OPEN_FADE_5M,1070,NEW_YORK_0930,US100,SHORT,1742218200,2025-03-17T13:30:00,1742218500,2025-03-17T13:35:00,1742218800,2025-03-17T13:40:00,4.619999999998981,12.0,0.01,0.12,19645.61,19647.010000000002,19656.21,19657.61,1.4000000000000001,STOP_ADVERSE_FIRST,-1.0,-0.12,0.014000000000000002,-0.134,4.515349999993342,4.395349999993342,-101.2581500000066,-101.3921500000066
OPEN_FADE_5M,1071,LONDON_0800,US30,SHORT,1742284800,2025-03-18T08:00:00,1742285100,2025-03-18T08:05:00,1742285580,2025-03-18T08:13:00,8.75,11.0,0.01,0.11,41767.53,41769.13,41776.93,41778.53,1.6,STOP_ADVERSE_FIRST,-1.0,-0.11,0.016,-0.126,4.395349999993342,4.2853499999933415,-101.3921500000066,-101.5181500000066
OPEN_FADE_5M,1072,LONDON_0800,US100,SHORT,1742284800,2025-03-18T08:00:00,1742285100,2025-03-18T08:05:00,1742287620,2025-03-18T08:47:00,9.130000000001019,11.0,0.01,0.11,19722.32,19723.72,19731.92,19733.32,1.4000000000000001,STOP_ADVERSE_FIRST,-1.0,-0.11,0.014000000000000002,-0.124,4.2853499999933415,4.175349999993341,-101.5181500000066,-101.6421500000066
OPEN_FADE_5M,1073,LONDON_0800,US100,LONG,1742371200,2025-03-19T08:00:00,1742371500,2025-03-19T08:05:00,1742372760,2025-03-19T08:26:00,-6.880000000001019,9.75,0.01,0.0975,19515.67,19517.07,19531.695,19533.095,1.4000000000000001,TAKE,1.4999999999999998,0.14625,0.014000000000000002,0.13224999999999998,4.175349999993341,4.321599999993341,-101.6421500000066,-101.5099000000066
OPEN_FADE_5M,1074,LONDON_0800,US30,LONG,1742371200,2025-03-19T08:00:00,1742371500,2025-03-19T08:05:00,1742372760,2025-03-19T08:26:00,-5.5,9.0,0.01,0.09,41618.2,41619.799999999996,41633.299999999996,41634.899999999994,1.6,TAKE,1.5000000000000002,0.135,0.016,0.11900000000000001,4.321599999993341,4.456599999993341,-101.5099000000066,-101.3909000000066
OPEN_FADE_5M,1075,NEW_YORK_0930,US100,SHORT,1742391000,2025-03-19T13:30:00,1742391300,2025-03-19T13:35:00,1742394840,2025-03-19T14:34:00,1.0,16.0,0.01,0.16,19560.8,19562.2,19556.92,19558.32,1.4000000000000001,TIME_60_M1,0.15499999999997272,0.024799999999995635,0.014000000000000002,0.010799999999995633,4.456599999993341,4.481399999993337,-101.3909000000066,-101.3801000000066
OPEN_FADE_5M,1076,LONDON_0800,US100,LONG,1742457600,2025-03-20T08:00:00,1742457900,2025-03-20T08:05:00,1742457900,2025-03-20T08:05:00,-0.5,5.75,0.01,0.0575,19867.06,19868.460000000003,19862.710000000003,19864.110000000004,1.4000000000000001,STOP_ADVERSE_FIRST,-1.0,-0.0575,0.014000000000000002,-0.07150000000000001,4.481399999993337,4.423899999993337,-101.3801000000066,-101.45160000000661
OPEN_FADE_5M,1077,LONDON_0800,US30,LONG,1742457600,2025-03-20T08:00:00,1742457900,2025-03-20T08:05:00,1742458620,2025-03-20T08:17:00,-3.0,8.0,0.01,0.08,42103.89,42105.49,42117.49,42119.09,1.6,TAKE,1.5,0.12,0.016,0.104,4.423899999993337,4.543899999993337,-101.45160000000661,-101.34760000000661
OPEN_FADE_5M,1078,LONDON_0800,US100,LONG,1742544000,2025-03-21T08:00:00,1742544300,2025-03-21T08:05:00,1742544360,2025-03-21T08:06:00,-2.3800000000010186,10.75,0.01,0.1075,19657.14,19658.54,19647.79,19649.190000000002,1.4000000000000001,STOP_ADVERSE_FIRST,-1.0,-0.1075,0.014000000000000002,-0.1215,4.543899999993337,4.436399999993337,-101.34760000000661,-101.4691000000066
OPEN_FADE_5M,1079,LONDON_0800,US30,LONG,1742544000,2025-03-21T08:00:00,1742544300,2025-03-21T08:05:00,1742544360,2025-03-21T08:06:00,-5.75,12.25,0.01,0.1225,41918.17,41919.77,41907.52,41909.119999999995,1.6,STOP_ADVERSE_FIRST,-1.0,-0.1225,0.016,-0.1385,4.436399999993337,4.313899999993337,-101.4691000000066,-101.6076000000066
OPEN_FADE_5M,1080,LONDON_0800,US100,SHORT,1742803200,2025-03-24T08:00:00,1742803500,2025-03-24T08:05:00,1742803620,2025-03-24T08:07:00,3.3699999999989814,5.25,0.01,0.0525,19914.39,19915.79,19918.239999999998,19919.64,1.4000000000000001,STOP_ADVERSE_FIRST,-1.0,-0.0525,0.014000000000000002,-0.0665,4.313899999993337,4.261399999993337,-101.6076000000066,-101.6741000000066
OPEN_FADE_5M,1081,LONDON_0800,US30,SHORT,1742803200,2025-03-24T08:00:00,1742803500,2025-03-24T08:05:00,1742804340,2025-03-24T08:19:00,7.0,9.0,0.01,0.09,42223.28,42224.88,42230.68,42232.28,1.6,STOP_ADVERSE_FIRST,-1.0,-0.09,0.016,-0.106,4.261399999993337,4.171399999993337,-101.6741000000066,-101.7801000000066
OPEN_FADE_5M,1082,NEW_YORK_0930,US100,SHORT,1742823000,2025-03-24T13:30:00,1742823300,2025-03-24T13:35:00,1742825460,2025-03-24T14:11:00,8.369999999998981,14.369999999998981,0.01,0.1436999999999898,20018.14,20019.54,20031.109999999997,20032.51,1.4000000000000001,STOP_ADVERSE_FIRST,-1.0,-0.1436999999999898,0.014000000000000002,-0.15769999999998982,4.171399999993337,4.027699999993347,-101.7801000000066,-101.93780000000659
OPEN_FADE_5M,1083,LONDON_0800,US100,LONG,1742889600,2025-03-25T08:00:00,1742889900,2025-03-25T08:05:00,1742889900,2025-03-25T08:05:00,-0.25,3.1300000000010186,0.02,0.06260000000002038,20136.84,20138.24,20135.11,20136.510000000002,1.4000000000000001,STOP_ADVERSE_FIRST,-1.0,-0.06260000000002038,0.028000000000000004,-0.09060000000002039,4.027699999993347,3.9650999999933267,-101.93780000000659,-102.02840000000661
OPEN_FADE_5M,1084,LONDON_0800,US30,LONG,1742889600,2025-03-25T08:00:00,1742889900,2025-03-25T08:05:00,1742893440,2025-03-25T09:04:00,-6.0,8.25,0.01,0.0825,42511.96,42513.56,42516.06,42517.46,1.6,TIME_60_M1,0.30303030303030304,0.025,0.016,0.009000000000000001,3.9650999999933267,3.9900999999933267,-102.02840000000661,-102.01940000000661
OPEN_FADE_5M,1085,NEW_YORK_0930,US30,LONG,1742909400,2025-03-25T13:30:00,1742909700,2025-03-25T13:35:00,1742909940,2025-03-25T13:39:00,-12.5,15.0,0.01,0.15,42565.06,42566.46,42551.46,42552.86,1.4000000000000001,STOP_ADVERSE_FIRST,-1.0,-0.15,0.014000000000000002,-0.164,3.9900999999933267,3.8400999999933267,-102.01940000000661,-102.18340000000661
OPEN_FADE_5M,1086,NEW_YORK_0930,US100,SHORT,1742909400,2025-03-25T13:30:00,1742909700,2025-03-25T13:35:00,1742910120,2025-03-25T13:42:00,3.25,8.619999999998981,0.01,0.08619999999998981,20162.09,20163.49,20169.309999999998,20170.71,1.4000000000000001,STOP_ADVERSE_FIRST,-1.0,-0.08619999999998981,0.014000000000000002,-0.10019999999998981,3.8400999999933267,3.753899999993337,-102.18340000000661,-102.2836000000066
OPEN_FADE_5M,1087,LONDON_0800,US100,SHORT,1742976000,2025-03-26T08:00:00,1742976300,2025-03-26T08:05:00,1742977140,2025-03-26T08:19:00,2.75,5.370000000002619,0.01,0.05370000000002619,20290.65,20292.050000000003,20294.620000000003,20296.020000000004,1.4000000000000001,STOP_ADVERSE_FIRST,-1.0,-0.05370000000002619,0.014000000000000002,-0.0677000000000262,3.753899999993337,3.700199999993311,-102.2836000000066,-102.35130000000663
OPEN_FADE_5M,1088,NEW_YORK_0930,US30,SHORT,1742995800,2025-03-26T13:30:00,1742996100,2025-03-26T13:35:00,1742996160,2025-03-26T13:36:00,5.5,11.0,0.01,0.11,42567.73,42569.130000000005,42577.33,42578.73,1.4000000000000001,STOP_ADVERSE_FIRST,-1.0,-0.11,0.014000000000000002,-0.124,3.700199999993311,3.590199999993311,-102.35130000000663,-102.47530000000663
OPEN_FADE_5M,1089,NEW_YORK_0930,US100,SHORT,1742995800,2025-03-26T13:30:00,1742996100,2025-03-26T13:35:00,1742996340,2025-03-26T13:39:00,7.120000000002619,11.75,0.01,0.11750000000000001,20258.78,20260.18,20269.129999999997,20270.53,1.4000000000000001,STOP_ADVERSE_FIRST,-1.0,-0.11750000000000001,0.014000000000000002,-0.1315,3.590199999993311,3.472699999993311,-102.47530000000663,-102.60680000000663
OPEN_FADE_5M,1090,LONDON_0800,US100,LONG,1743062400,2025-03-27T08:00:00,1743062700,2025-03-27T08:05:00,1743062760,2025-03-27T08:06:00,-2.1199999999989814,3.1199999999989814,0.02,0.06239999999997963,19938.47,19939.870000000003,19936.750000000004,19938.150000000005,1.4000000000000001,STOP_ADVERSE_FIRST,-1.0,-0.06239999999997963,0.028000000000000004,-0.09039999999997964,3.472699999993311,3.410299999993331,-102.60680000000663,-102.6972000000066
OPEN_FADE_5M,1091,LONDON_0800,US30,LONG,1743062400,2025-03-27T08:00:00,1743062700,2025-03-27T08:05:00,1743062820,2025-03-27T08:07:00,-2.0,6.0,0.01,0.06,42515.3,42516.9,42510.9,42512.5,1.6,STOP_ADVERSE_FIRST,-1.0,-0.06,0.016,-0.076,3.410299999993331,3.350299999993331,-102.6972000000066,-102.7732000000066
OPEN_FADE_5M,1092,NEW_YORK_0930,US100,SHORT,1743082200,2025-03-27T13:30:00,1743082500,2025-03-27T13:35:00,1743082800,2025-03-27T13:40:00,4.75,10.369999999998981,0.01,0.10369999999998981,19924.72,19926.120000000003,19907.765,19909.165,1.4000000000000001,TAKE,1.5000000000001754,0.1555500000000029,0.014000000000000002,0.1415500000000029,3.350299999993331,3.505849999993334,-102.7732000000066,-102.63165000000659
OPEN_FADE_5M,1093,LONDON_0800,US100,SHORT,1743148800,2025-03-28T08:00:00,1743149100,2025-03-28T08:05:00,1743150600,2025-03-28T08:30:00,5.630000000001019,9.369999999998981,0.01,0.09369999999998982,19796.24,19797.640000000003,19780.785000000003,19782.185000000005,1.4000000000000001,TAKE,1.499999999999806,0.14054999999996654,0.014000000000000002,0.12654999999996652,3.505849999993334,3.6463999999933003,-102.63165000000659,-102.50510000000662
OPEN_FADE_5M,1094,LONDON_0800,US30,SHORT,1743148800,2025-03-28T08:00:00,1743149100,2025-03-28T08:05:00,1743150600,2025-03-28T08:30:00,10.0,13.0,0.01,0.13,42361.96,42363.56,42340.86,42342.46,1.6,TAKE,1.5,0.195,0.016,0.179,3.6463999999933003,3.8413999999933,-102.50510000000662,-102.32610000000662
OPEN_FADE_5M,1095,NEW_YORK_0930,US100,SHORT,1743168600,2025-03-28T13:30:00,1743168900,2025-03-28T13:35:00,1743169140,2025-03-28T13:39:00,4.0,9.5,0.01,0.095,19762.74,19764.140000000003,19770.84,19772.24,1.4000000000000001,STOP_ADVERSE_FIRST,-1.0,-0.095,0.014000000000000002,-0.109,3.8413999999933,3.7463999999933,-102.32610000000662,-102.43510000000661
OPEN_FADE_5M,1096,LONDON_0800,US100,LONG,1743404400,2025-03-31T07:00:00,1743404700,2025-03-31T07:05:00,1743405060,2025-03-31T07:11:00,-3.25,9.75,0.01,0.0975,19012.63,19014.030000000002,19004.280000000002,19005.680000000004,1.4000000000000001,STOP_ADVERSE_FIRST,-1.0,-0.0975,0.014000000000000002,-0.1115,3.7463999999933,3.6488999999933,-102.43510000000661,-102.54660000000662
OPEN_FADE_5M,1097,LONDON_0800,US30,LONG,1743404400,2025-03-31T07:00:00,1743404700,2025-03-31T07:05:00,1743406440,2025-03-31T07:34:00,-1.0,13.0,0.01,0.13,41388.05,41389.65,41409.15,41410.75,1.6,TAKE,1.5,0.195,0.016,0.179,3.6488999999933,3.8438999999932997,-102.54660000000662,-102.36760000000662
OPEN_FADE_5M,1098,LONDON_0800,US100,SHORT,1743577200,2025-04-02T07:00:00,1743577500,2025-04-02T07:05:00,1743579300,2025-04-02T07:35:00,3.1199999999989814,6.75,0.01,0.0675,19391.09,19392.49,19396.44,19397.84,1.4000000000000001,STOP_ADVERSE_FIRST,-1.0,-0.0675,0.014000000000000002,-0.0815,3.8438999999932997,3.7763999999933,-102.36760000000662,-102.44910000000662
OPEN_FADE_5M,1099,LONDON_0800,US100,LONG,1743750000,2025-04-04T07:00:00,1743750300,2025-04-04T07:05:00,1743751200,2025-04-04T07:20:00,-4.25,14.869999999998981,0.01,0.1486999999999898,18380.47,18381.870000000003,18367.000000000004,18368.400000000005,1.4000000000000001,STOP_ADVERSE_FIRST,-1.0,-0.1486999999999898,0.014000000000000002,-0.16269999999998982,3.7763999999933,3.62769999999331,-102.44910000000662,-102.61180000000661
OPEN_FADE_5M,1100,LONDON_0800,US100,SHORT,1744614000,2025-04-14T07:00:00,1744614300,2025-04-14T07:05:00,1744614480,2025-04-14T07:08:00,1.3799999999973807,4.75,0.01,0.0475,18909.19,18910.59,18900.664999999997,18902.065,1.4000000000000001,TAKE,1.5000000000000002,0.07125000000000001,0.014000000000000002,0.05725000000000001,3.62769999999331,3.69894999999331,-102.61180000000661,-102.55455000000661
OPEN_FADE_5M,1101,LONDON_0800,US30,SHORT,1744614000,2025-04-14T07:00:00,1744614300,2025-04-14T07:05:00,1744614720,2025-04-14T07:12:00,6.5,12.25,0.01,0.1225,40294.92,40296.52,40305.57,40307.17,1.6,STOP_ADVERSE_FIRST,-1.0,-0.1225,0.016,-0.1385,3.69894999999331,3.57644999999331,-102.55455000000661,-102.69305000000661
OPEN_FADE_5M,1102,LONDON_0800,US30,SHORT,1744700400,2025-04-15T07:00:00,1744700700,2025-04-15T07:05:00,1744700940,2025-04-15T07:09:00,0.25,8.5,0.01,0.085,40506.42,40508.02,40513.32,40514.92,1.6,STOP_ADVERSE_FIRST,-1.0,-0.085,0.016,-0.101,3.57644999999331,3.49144999999331,-102.69305000000661,-102.7940500000066
OPEN_FADE_5M,1103,LONDON_0800,US100,LONG,1744700400,2025-04-15T07:00:00,1744700700,2025-04-15T07:05:00,1744701600,2025-04-15T07:20:00,-1.0,7.619999999998981,0.01,0.07619999999998982,18765.53,18766.93,18778.36,18779.760000000002,1.4000000000000001,TAKE,1.5000000000002387,0.11430000000000291,0.014000000000000002,0.10030000000000291,3.49144999999331,3.605749999993313,-102.7940500000066,-102.6937500000066
OPEN_FADE_5M,1104,LONDON_0800,US100,LONG,1744786800,2025-04-16T07:00:00,1744787100,2025-04-16T07:05:00,1744789920,2025-04-16T07:52:00,-2.0,11.0,0.01,0.11,18526.74,18528.140000000003,18517.140000000003,18518.540000000005,1.4000000000000001,STOP_ADVERSE_FIRST,-1.0,-0.11,0.014000000000000002,-0.124,3.605749999993313,3.495749999993313,-102.6937500000066,-102.8177500000066
OPEN_FADE_5M,1105,LONDON_0800,US100,SHORT,1744873200,2025-04-17T07:00:00,1744873500,2025-04-17T07:05:00,1744873620,2025-04-17T07:07:00,0.13000000000101863,6.5,0.01,0.065,18392.68,18394.08,18397.78,18399.18,1.4000000000000001,STOP_ADVERSE_FIRST,-1.0,-0.065,0.014000000000000002,-0.079,3.495749999993313,3.430749999993313,-102.8177500000066,-102.89675000000659
OPEN_FADE_5M,1106,LONDON_0800,US30,SHORT,1744873200,2025-04-17T07:00:00,1744873500,2025-04-17T07:05:00,1744873620,2025-04-17T07:07:00,2.25,8.0,0.01,0.08,39907.79,39909.39,39914.19,39915.79,1.6,STOP_ADVERSE_FIRST,-1.0,-0.08,0.016,-0.096,3.430749999993313,3.350749999993313,-102.89675000000659,-102.9927500000066
OPEN_FADE_5M,1107,LONDON_0800,US100,SHORT,1745218800,2025-04-21T07:00:00,1745219100,2025-04-21T07:05:00,1745219340,2025-04-21T07:09:00,4.629999999997381,8.87000000000262,0.01,0.08870000000002619,18093.33,18094.730000000003,18100.800000000003,18102.200000000004,1.4000000000000001,STOP_ADVERSE_FIRST,-1.0,-0.08870000000002619,0.014000000000000002,-0.10270000000002619,3.350749999993313,3.262049999993287,-102.9927500000066,-103.09545000000662
OPEN_FADE_5M,1108,LONDON_0800,US30,LONG,1745218800,2025-04-21T07:00:00,1745219100,2025-04-21T07:05:00,1745219340,2025-04-21T07:09:00,-7.75,10.75,0.01,0.1075,38794.61,38796.21,38812.335,38813.935,1.6,TAKE,1.5,0.16125,0.016,0.14525,3.262049999993287,3.423299999993287,-103.09545000000662,-102.95020000000662
OPEN_FADE_5M,1109,LONDON_0800,US100,SHORT,1745305200,2025-04-22T07:00:00,1745305500,2025-04-22T07:05:00,1745305860,2025-04-22T07:11:00,1.6299999999973807,7.120000000002619,0.01,0.0712000000000262,17854.42,17855.82,17860.14,17861.54,1.4000000000000001,STOP_ADVERSE_FIRST,-1.0,-0.0712000000000262,0.014000000000000002,-0.0852000000000262,3.423299999993287,3.3520999999932606,-102.95020000000662,-103.03540000000665
OPEN_FADE_5M,1110,LONDON_0800,US30,LONG,1745305200,2025-04-22T07:00:00,1745305500,2025-04-22T07:05:00,1745307300,2025-04-22T07:35:00,-3.5,11.75,0.01,0.11750000000000001,38250.31,38251.909999999996,38240.159999999996,38241.759999999995,1.6,STOP_ADVERSE_FIRST,-1.0,-0.11750000000000001,0.016,-0.1335,3.3520999999932606,3.2345999999932604,-103.03540000000665,-103.16890000000664
OPEN_FADE_5M,1111,LONDON_0800,US100,SHORT,1745478000,2025-04-24T07:00:00,1745478300,2025-04-24T07:05:00,1745478720,2025-04-24T07:12:00,0.6199999999989814,12.0,0.01,0.12,18633.96,18635.36,18614.559999999998,18615.96,1.4000000000000001,TAKE,1.5,0.18,0.014000000000000002,0.16599999999999998,3.2345999999932604,3.4145999999932606,-103.16890000000664,-103.00290000000665
OPEN_FADE_5M,1112,LONDON_0800,US100,SHORT,1745564400,2025-04-25T07:00:00,1745564700,2025-04-25T07:05:00,1745564760,2025-04-25T07:06:00,1.8699999999989814,11.630000000001019,0.01,0.11630000000001019,19328.57,19329.97,19338.8,19340.2,1.4000000000000001,STOP_ADVERSE_FIRST,-1.0,-0.11630000000001019,0.014000000000000002,-0.13030000000001019,3.4145999999932606,3.2982999999932505,-103.00290000000665,-103.13320000000665
OPEN_FADE_5M,1113,LONDON_0800,US30,SHORT,1745823600,2025-04-28T07:00:00,1745823900,2025-04-28T07:05:00,1745824380,2025-04-28T07:13:00,4.5,7.0,0.01,0.07,39926.91,39928.51,39932.310000000005,39933.91,1.6,STOP_ADVERSE_FIRST,-1.0,-0.07,0.016,-0.08600000000000001,3.2982999999932505,3.2282999999932507,-103.13320000000665,-103.21920000000665
OPEN_FADE_5M,1114,LONDON_0800,US100,SHORT,1745823600,2025-04-28T07:00:00,1745823900,2025-04-28T07:05:00,1745825280,2025-04-28T07:28:00,4.25,6.629999999997381,0.01,0.06629999999997381,19295.35,19296.75,19300.579999999994,19301.979999999996,1.4000000000000001,STOP_ADVERSE_FIRST,-1.0,-0.06629999999997381,0.014000000000000002,-0.08029999999997381,3.2282999999932507,3.161999999993277,-103.21920000000665,-103.29950000000663
OPEN_FADE_5M,1115,LONDON_0800,US100,LONG,1745910000,2025-04-29T07:00:00,1745910300,2025-04-29T07:05:00,1745910720,2025-04-29T07:12:00,-6.5,11.37000000000262,0.01,0.1137000000000262,19457.65,19459.050000000003,19447.68,19449.08,1.4000000000000001,STOP_ADVERSE_FIRST,-1.0,-0.1137000000000262,0.014000000000000002,-0.1277000000000262,3.161999999993277,3.0482999999932505,-103.29950000000663,-103.42720000000666
OPEN_FADE_5M,1116,LONDON_0800,US100,LONG,1745996400,2025-04-30T07:00:00,1745996700,2025-04-30T07:05:00,1745996700,2025-04-30T07:05:00,-2.0,6.119999999998981,0.01,0.06119999999998982,19412.31,19413.710000000003,19407.590000000004,19408.990000000005,1.4000000000000001,STOP_ADVERSE_FIRST,-1.0,-0.06119999999998982,0.014000000000000002,-0.07519999999998982,3.0482999999932505,2.987099999993261,-103.42720000000666,-103.50240000000666
OPEN_FADE_5M,1117,LONDON_0800,US30,LONG,1745996400,2025-04-30T07:00:00,1745996700,2025-04-30T07:05:00,1745997420,2025-04-30T07:17:00,-5.0,9.75,0.01,0.0975,40408.99,40410.59,40425.215,40426.814999999995,1.6,TAKE,1.4999999999999998,0.14625,0.016,0.13024999999999998,2.987099999993261,3.1333499999932606,-103.50240000000666,-103.37215000000666
OPEN_FADE_5M,1118,LONDON_0800,US100,SHORT,1746082800,2025-05-01T07:00:00,1746083100,2025-05-01T07:05:00,1746083760,2025-05-01T07:16:00,8.25,10.25,0.01,0.10250000000000001,19859.14,19860.54,19842.364999999998,19843.765,1.4000000000000001,TAKE,1.4999999999999998,0.15375,0.014000000000000002,0.13974999999999999,3.1333499999932606,3.2870999999932606,-103.37215000000666,-103.23240000000665
OPEN_FADE_5M,1119,LONDON_0800,US30,SHORT,1746082800,2025-05-01T07:00:00,1746083100,2025-05-01T07:05:00,1746084240,2025-05-01T07:24:00,6.5,10.0,0.01,0.1,40879.45,40881.049999999996,40862.85,40864.45,1.6,TAKE,1.4999999999999998,0.15,0.016,0.134,3.2870999999932606,3.4370999999932605,-103.23240000000665,-103.09840000000665
OPEN_FADE_5M,1120,NEW_YORK_0930,US100,SHORT,1746192600,2025-05-02T13:30:00,1746192900,2025-05-02T13:35:00,1746193140,2025-05-02T13:39:00,3.8799999999973807,12.25,0.01,0.1225,19845.92,19847.32,19826.144999999997,19827.545,1.4000000000000001,TAKE,1.5,0.18375,0.014000000000000002,0.16974999999999998,3.4370999999932605,3.6208499999932604,-103.09840000000665,-102.92865000000666
OPEN_FADE_5M,1121,LONDON_0800,US100,LONG,1746428400,2025-05-05T07:00:00,1746428700,2025-05-05T07:05:00,1746428760,2025-05-05T07:06:00,-3.5,9.369999999998981,0.01,0.09369999999998982,19956.71,19958.11,19948.74,19950.140000000003,1.4000000000000001,STOP_ADVERSE_FIRST,-1.0,-0.09369999999998982,0.014000000000000002,-0.10769999999998982,3.6208499999932604,3.5271499999932705,-102.92865000000666,-103.03635000000665
OPEN_FADE_5M,1122,LONDON_0800,US30,LONG,1746428400,2025-05-05T07:00:00,1746428700,2025-05-05T07:05:00,1746428760,2025-05-05T07:06:00,-8.0,12.25,0.01,0.1225,41037.62,41039.22,41026.97,41028.57,1.6,STOP_ADVERSE_FIRST,-1.0,-0.1225,0.016,-0.1385,3.5271499999932705,3.4046499999932704,-103.03635000000665,-103.17485000000664
OPEN_FADE_5M,1123,LONDON_0800,US100,LONG,1746514800,2025-05-06T07:00:00,1746515100,2025-05-06T07:05:00,1746515340,2025-05-06T07:09:00,-0.12999999999738066,7.5,0.01,0.075,19893.51,19894.91,19887.41,19888.81,1.4000000000000001,STOP_ADVERSE_FIRST,-1.0,-0.075,0.014000000000000002,-0.089,3.4046499999932704,3.3296499999932703,-103.17485000000664,-103.26385000000664
OPEN_FADE_5M,1124,LONDON_0800,US30,SHORT,1746514800,2025-05-06T07:00:00,1746515100,2025-05-06T07:05:00,1746516120,2025-05-06T07:22:00,0.75,6.5,0.01,0.065,41190.86,41192.46,41179.51,41181.11,1.6,TAKE,1.5,0.0975,0.016,0.0815,3.3296499999932703,3.4271499999932704,-103.26385000000664,-103.18235000000664
OPEN_FADE_5M,1125,NEW_YORK_0930,US100,SHORT,1746538200,2025-05-06T13:30:00,1746538500,2025-05-06T13:35:00,1746538560,2025-05-06T13:36:00,8.37999999999738,10.75,0.01,0.1075,19782.51,19783.91,19791.859999999997,19793.26,1.4000000000000001,STOP_ADVERSE_FIRST,-1.0,-0.1075,0.014000000000000002,-0.1215,3.4271499999932704,3.3196499999932705,-103.18235000000664,-103.30385000000663
OPEN_FADE_5M,1126,LONDON_0800,US100,SHORT,1746601200,2025-05-07T07:00:00,1746601500,2025-05-07T07:05:00,1746601680,2025-05-07T07:08:00,5.369999999998981,11.5,0.01,0.115,19916.48,19917.88,19926.579999999998,19927.98,1.4000000000000001,STOP_ADVERSE_FIRST,-1.0,-0.115,0.014000000000000002,-0.129,3.3196499999932705,3.2046499999932703,-103.30385000000663,-103.43285000000664
OPEN_FADE_5M,1127,NEW_YORK_0930,US100,LONG,1746624600,2025-05-07T13:30:00,1746624900,2025-05-07T13:35:00,1746625320,2025-05-07T13:42:00,-4.25,9.0,0.01,0.09,19886.35,19887.75,19901.25,19902.65,1.4000000000000001,TAKE,1.5000000000000002,0.135,0.014000000000000002,0.12100000000000001,3.2046499999932703,3.33964999999327,-103.43285000000664,-103.31185000000664
OPEN_FADE_5M,1128,LONDON_0800,US100,LONG,1746687600,2025-05-08T07:00:00,1746687900,2025-05-08T07:05:00,1746688080,2025-05-08T07:08:00,-0.5,7.5,0.01,0.075,20074.81,20076.210000000003,20087.460000000003,20088.860000000004,1.4000000000000001,TAKE,1.5,0.1125,0.014000000000000002,0.0985,3.33964999999327,3.45214999999327,-103.31185000000664,-103.21335000000664
OPEN_FADE_5M,1129,NEW_YORK_0930,US30,LONG,1746711000,2025-05-08T13:30:00,1746711300,2025-05-08T13:35:00,1746712080,2025-05-08T13:48:00,-4.75,11.75,0.01,0.11750000000000001,41460.91,41462.310000000005,41479.935000000005,41481.33500000001,1.4000000000000001,TAKE,1.4999999999999998,0.17625,0.014000000000000002,0.16224999999999998,3.45214999999327,3.62839999999327,-103.21335000000664,-103.05110000000664
OPEN_FADE_5M,1130,NEW_YORK_0930,US100,LONG,1746711000,2025-05-08T13:30:00,1746711300,2025-05-08T13:35:00,1746712500,2025-05-08T13:55:00,-8.87999999999738,11.25,0.01,0.1125,20147.31,20148.710000000003,20165.585000000003,20166.985000000004,1.4000000000000001,TAKE,1.5,0.16875,0.014000000000000002,0.15475,3.62839999999327,3.79714999999327,-103.05110000000664,-102.89635000000663
OPEN_FADE_5M,1131,LONDON_0800,US100,SHORT,1746774000,2025-05-09T07:00:00,1746774300,2025-05-09T07:05:00,1746777840,2025-05-09T08:04:00,0.8699999999989814,10.25,0.01,0.10250000000000001,20099.12,20100.52,20088.87,20090.27,1.4000000000000001,TIME_60_M1,0.8634146341461995,0.08849999999998545,0.014000000000000002,0.07449999999998545,3.79714999999327,3.8856499999932557,-102.89635000000663,-102.82185000000665
OPEN_FADE_5M,1132,LONDON_0800,US100,SHORT,1747033200,2025-05-12T07:00:00,1747033500,2025-05-12T07:05:00,1747035060,2025-05-12T07:31:00,2.1300000000010186,6.119999999998981,0.01,0.06119999999998982,20446.5,20447.9,20451.219999999998,20452.62,1.4000000000000001,STOP_ADVERSE_FIRST,-1.0,-0.06119999999998982,0.014000000000000002,-0.07519999999998982,3.8856499999932557,3.824449999993266,-102.82185000000665,-102.89705000000664
OPEN_FADE_5M,1133,LONDON_0800,US30,SHORT,1747033200,2025-05-12T07:00:00,1747033500,2025-05-12T07:05:00,1747035060,2025-05-12T07:31:00,4.0,8.25,0.01,0.0825,41700.2,41701.799999999996,41706.85,41708.45,1.6,STOP_ADVERSE_FIRST,-1.0,-0.0825,0.016,-0.0985,3.824449999993266,3.741949999993266,-102.89705000000664,-102.99555000000665
OPEN_FADE_5M,1134,LONDON_0800,US30,LONG,1747119600,2025-05-13T07:00:00,1747119900,2025-05-13T07:05:00,1747121340,2025-05-13T07:29:00,-4.25,10.25,0.01,0.10250000000000001,42290.03,42291.63,42281.38,42282.979999999996,1.6,STOP_ADVERSE_FIRST,-1.0,-0.10250000000000001,0.016,-0.11850000000000001,3.741949999993266,3.639449999993266,-102.99555000000665,-103.11405000000664
OPEN_FADE_5M,1135,LONDON_0800,US100,LONG,1747119600,2025-05-13T07:00:00,1747119900,2025-05-13T07:05:00,1747121820,2025-05-13T07:37:00,-7.120000000002619,11.37999999999738,0.01,0.11379999999997381,20758.21,20759.61,20748.230000000003,20749.630000000005,1.4000000000000001,STOP_ADVERSE_FIRST,-1.0,-0.11379999999997381,0.014000000000000002,-0.12779999999997382,3.639449999993266,3.525649999993292,-103.11405000000664,-103.24185000000662
OPEN_FADE_5M,1136,NEW_YORK_0930,US100,LONG,1747143000,2025-05-13T13:30:00,1747143300,2025-05-13T13:35:00,1747143660,2025-05-13T13:41:00,-1.0,10.75,0.01,0.1075,20797.08,20798.480000000003,20814.605000000003,20816.005000000005,1.4000000000000001,TAKE,1.5,0.16125,0.014000000000000002,0.14725,3.525649999993292,3.686899999993292,-103.24185000000662,-103.09460000000662
OPEN_FADE_5M,1137,LONDON_0800,US30,LONG,1747206000,2025-05-14T07:00:00,1747206300,2025-05-14T07:05:00,1747206420,2025-05-14T07:07:00,-6.75,8.25,0.01,0.0825,42152.74,42154.34,42146.09,42147.689999999995,1.6,STOP_ADVERSE_FIRST,-1.0,-0.0825,0.016,-0.0985,3.686899999993292,3.604399999993292,-103.09460000000662,-103.19310000000662
OPEN_FADE_5M,1138,LONDON_0800,US100,LONG,1747206000,2025-05-14T07:00:00,1747206300,2025-05-14T07:05:00,1747207380,2025-05-14T07:23:00,-6.0,8.25,0.01,0.0825,21206.18,21207.58,21219.955,21221.355000000003,1.4000000000000001,TAKE,1.5,0.12375,0.014000000000000002,0.10975,3.604399999993292,3.728149999993292,-103.19310000000662,-103.08335000000662
OPEN_FADE_5M,1139,NEW_YORK_0930,US100,SHORT,1747229400,2025-05-14T13:30:00,1747229700,2025-05-14T13:35:00,1747231260,2025-05-14T14:01:00,12.0,14.880000000001019,0.01,0.1488000000000102,21220.43,21221.83,21233.91,21235.31,1.4000000000000001,STOP_ADVERSE_FIRST,-1.0,-0.1488000000000102,0.014000000000000002,-0.16280000000001021,3.728149999993292,3.5793499999932816,-103.08335000000662,-103.24615000000662
OPEN_FADE_5M,1140,LONDON_0800,US100,SHORT,1747292400,2025-05-15T07:00:00,1747292700,2025-05-15T07:05:00,1747294200,2025-05-15T07:30:00,1.0,7.379999999997381,0.01,0.0737999999999738,21301.42,21302.82,21307.399999999994,21308.799999999996,1.4000000000000001,STOP_ADVERSE_FIRST,-1.0,-0.0737999999999738,0.014000000000000002,-0.0877999999999738,3.5793499999932816,3.505549999993308,-103.24615000000662,-103.3339500000066
OPEN_FADE_5M,1141,LONDON_0800,US30,SHORT,1747292400,2025-05-15T07:00:00,1747292700,2025-05-15T07:05:00,1747295280,2025-05-15T07:48:00,3.0,7.5,0.01,0.075,41878.31,41879.909999999996,41865.46,41867.06,1.6,TAKE,1.5,0.1125,0.016,0.0965,3.505549999993308,3.618049999993308,-103.3339500000066,-103.23745000000659
OPEN_FADE_5M,1142,NEW_YORK_0930,US100,LONG,1747315800,2025-05-15T13:30:00,1747316100,2025-05-15T13:35:00,1747316280,2025-05-15T13:38:00,-1.0,7.0,0.01,0.07,21173.17,21174.57,21167.57,21168.97,1.4000000000000001,STOP_ADVERSE_FIRST,-1.0,-0.07,0.014000000000000002,-0.084,3.618049999993308,3.548049999993308,-103.23745000000659,-103.32145000000659
OPEN_FADE_5M,1143,NEW_YORK_0930,US30,LONG,1747315800,2025-05-15T13:30:00,1747316100,2025-05-15T13:35:00,1747316280,2025-05-15T13:38:00,-2.25,6.5,0.01,0.065,41882.41,41883.810000000005,41877.310000000005,41878.71000000001,1.4000000000000001,STOP_ADVERSE_FIRST,-1.0,-0.065,0.014000000000000002,-0.079,3.548049999993308,3.483049999993308,-103.32145000000659,-103.40045000000659
OPEN_FADE_5M,1144,NEW_YORK_0930,US30,SHORT,1747402200,2025-05-16T13:30:00,1747402500,2025-05-16T13:35:00,1747402860,2025-05-16T13:41:00,2.0,11.0,0.01,0.11,42437.7,42439.1,42447.299999999996,42448.7,1.4000000000000001,STOP_ADVERSE_FIRST,-1.0,-0.11,0.014000000000000002,-0.124,3.483049999993308,3.373049999993308,-103.40045000000659,-103.52445000000658
OPEN_FADE_5M,1145,NEW_YORK_0930,US100,SHORT,1747402200,2025-05-16T13:30:00,1747402500,2025-05-16T13:35:00,1747403160,2025-05-16T13:46:00,8.0,11.619999999998981,0.01,0.11619999999998981,21378.55,21379.95,21388.769999999997,21390.17,1.4000000000000001,STOP_ADVERSE_FIRST,-1.0,-0.11619999999998981,0.014000000000000002,-0.13019999999998982,3.373049999993308,3.2568499999933183,-103.52445000000658,-103.65465000000657
OPEN_FADE_5M,1146,LONDON_0800,US100,LONG,1747724400,2025-05-20T07:00:00,1747724700,2025-05-20T07:05:00,1747725300,2025-05-20T07:15:00,-3.3699999999989814,9.25,0.01,0.0925,21361.43,21362.83,21353.58,21354.980000000003,1.4000000000000001,STOP_ADVERSE_FIRST,-1.0,-0.0925,0.014000000000000002,-0.1065,3.2568499999933183,3.1643499999933185,-103.65465000000657,-103.76115000000657
OPEN_FADE_5M,1147,LONDON_0800,US30,LONG,1747724400,2025-05-20T07:00:00,1747724700,2025-05-20T07:05:00,1747726260,2025-05-20T07:31:00,-1.0,8.25,0.01,0.0825,42739.95,42741.549999999996,42753.924999999996,42755.524999999994,1.6,TAKE,1.5,0.12375,0.016,0.10775,3.1643499999933185,3.2880999999933183,-103.76115000000657,-103.65340000000657
OPEN_FADE_5M,1148,NEW_YORK_0930,US100,SHORT,1747747800,2025-05-20T13:30:00,1747748100,2025-05-20T13:35:00,1747749300,2025-05-20T13:55:00,0.25,10.869999999998981,0.01,0.10869999999998982,21372.43,21373.83,21381.899999999998,21383.3,1.4000000000000001,STOP_ADVERSE_FIRST,-1.0,-0.10869999999998982,0.014000000000000002,-0.12269999999998982,3.2880999999933183,3.1793999999933282,-103.65340000000657,-103.77610000000656
OPEN_FADE_5M,1149,LONDON_0800,US100,LONG,1747810800,2025-05-21T07:00:00,1747811100,2025-05-21T07:05:00,1747811640,2025-05-21T07:14:00,-4.5,6.130000000001019,0.01,0.06130000000001019,21306.64,21308.04,21301.91,21303.31,1.4000000000000001,STOP_ADVERSE_FIRST,-1.0,-0.06130000000001019,0.014000000000000002,-0.07530000000001019,3.1793999999933282,3.118099999993318,-103.77610000000656,-103.85140000000658
OPEN_FADE_5M,1150,LONDON_0800,US30,LONG,1747810800,2025-05-21T07:00:00,1747811100,2025-05-21T07:05:00,1747812000,2025-05-21T07:20:00,-0.5,9.5,0.01,0.095,42572.66,42574.26,42564.76,42566.36,1.6,STOP_ADVERSE_FIRST,-1.0,-0.095,0.016,-0.111,3.118099999993318,3.0230999999933177,-103.85140000000658,-103.96240000000658
OPEN_FADE_5M,1151,LONDON_0800,US30,LONG,1747897200,2025-05-22T07:00:00,1747897500,2025-05-22T07:05:00,1747898100,2025-05-22T07:15:00,-3.5,6.75,0.01,0.0675,41864.89,41866.49,41859.74,41861.34,1.6,STOP_ADVERSE_FIRST,-1.0,-0.0675,0.016,-0.0835,3.0230999999933177,2.955599999993318,-103.96240000000658,-104.04590000000658
OPEN_FADE_5M,1152,LONDON_0800,US100,LONG,1747897200,2025-05-22T07:00:00,1747897500,2025-05-22T07:05:00,1747899120,2025-05-22T07:32:00,-2.5,4.629999999997381,0.01,0.04629999999997381,21099.28,21100.68,21107.624999999996,21109.024999999998,1.4000000000000001,TAKE,1.5,0.06944999999996071,0.014000000000000002,0.05544999999996071,2.955599999993318,3.0250499999932785,-104.04590000000658,-103.99045000000662
OPEN_FADE_5M,1153,LONDON_0800,US100,LONG,1747983600,2025-05-23T07:00:00,1747983900,2025-05-23T07:05:00,1747984800,2025-05-23T07:20:00,-9.5,11.869999999998981,0.01,0.11869999999998981,21119.0,21120.4,21108.530000000002,21109.930000000004,1.4000000000000001,STOP_ADVERSE_FIRST,-1.0,-0.11869999999998981,0.014000000000000002,-0.13269999999998983,3.0250499999932785,2.9063499999932887,-103.99045000000662,-104.1231500000066
OPEN_FADE_5M,1154,NEW_YORK_0930,US100,LONG,1748007000,2025-05-23T13:30:00,1748007300,2025-05-23T13:35:00,1748007360,2025-05-23T13:36:00,-6.619999999998981,10.619999999998981,0.01,0.10619999999998982,21102.63,21104.030000000002,21093.410000000003,21094.810000000005,1.4000000000000001,STOP_ADVERSE_FIRST,-1.0,-0.10619999999998982,0.014000000000000002,-0.12019999999998981,2.9063499999932887,2.800149999993299,-104.1231500000066,-104.24335000000659
OPEN_FADE_5M,1155,LONDON_0800,US100,SHORT,1748242800,2025-05-26T07:00:00,1748243100,2025-05-26T07:05:00,1748243580,2025-05-26T07:13:00,0.8800000000010186,3.1300000000010186,0.01,0.03130000000001019,21159.04,21160.440000000002,21152.945,21154.345,1.4000000000000001,TAKE,1.499999999999419,0.04694999999999709,0.014000000000000002,0.03294999999999709,2.800149999993299,2.847099999993296,-104.24335000000659,-104.21040000000659
OPEN_FADE_5M,1156,LONDON_0800,US30,SHORT,1748242800,2025-05-26T07:00:00,1748243100,2025-05-26T07:05:00,1748243580,2025-05-26T07:13:00,2.099999999998545,6.5,0.01,0.065,41980.75,41982.45,41969.2,41971.0,1.8,TAKE,1.5,0.0975,0.018000000000000002,0.0795,2.847099999993296,2.9445999999932964,-104.21040000000659,-104.13090000000659
OPEN_FADE_5M,1157,NEW_YORK_0930,US30,SHORT,1748266200,2025-05-26T13:30:00,1748266500,2025-05-26T13:35:00,1748267280,2025-05-26T13:48:00,2.0,10.5,0.01,0.105,42050.75,42052.15,42059.85,42061.25,1.4000000000000001,STOP_ADVERSE_FIRST,-1.0,-0.105,0.014000000000000002,-0.119,2.9445999999932964,2.8395999999932964,-104.13090000000659,-104.24990000000659
OPEN_FADE_5M,1158,NEW_YORK_0930,US100,LONG,1748266200,2025-05-26T13:30:00,1748266500,2025-05-26T13:35:00,1748267760,2025-05-26T13:56:00,-0.75,7.0,0.01,0.07,21213.66,21215.06,21208.06,21209.460000000003,1.4000000000000001,STOP_ADVERSE_FIRST,-1.0,-0.07,0.014000000000000002,-0.084,2.8395999999932964,2.7695999999932965,-104.24990000000659,-104.3339000000066
OPEN_FADE_5M,1159,LONDON_0800,US30,SHORT,1748415600,2025-05-28T07:00:00,1748415900,2025-05-28T07:05:00,1748416320,2025-05-28T07:12:00,2.5,5.0,0.01,0.05,42322.15,42323.85,42313.05,42314.65,1.6,TAKE,1.4999999999999998,0.075,0.016,0.059,2.7695999999932965,2.8445999999932967,-104.3339000000066,-104.2749000000066
OPEN_FADE_5M,1160,LONDON_0800,US100,SHORT,1748415600,2025-05-28T07:00:00,1748415900,2025-05-28T07:05:00,1748419440,2025-05-28T08:04:00,1.0,6.25,0.01,0.0625,21396.37,21397.77,21389.24,21390.640000000003,1.4000000000000001,TIME_60_M1,0.9167999999993481,0.05729999999995926,0.014000000000000002,0.04329999999995926,2.8445999999932967,2.901899999993256,-104.2749000000066,-104.23160000000664
OPEN_FADE_5M,1161,LONDON_0800,US30,SHORT,1748502000,2025-05-29T07:00:00,1748502300,2025-05-29T07:05:00,1748502840,2025-05-29T07:14:00,5.400000000001455,10.900000000001455,0.01,0.10900000000001456,42645.15,42647.15,42654.05,42656.05,2.0,STOP_ADVERSE_FIRST,-1.0,-0.10900000000001456,0.02,-0.12900000000001455,2.901899999993256,2.7928999999932413,-104.23160000000664,-104.36060000000666
OPEN_FADE_5M,1162,LONDON_0800,US30,LONG,1748588400,2025-05-30T07:00:00,1748588700,2025-05-30T07:05:00,1748589720,2025-05-30T07:22:00,-4.0,9.900000000001455,0.01,0.09900000000001455,42143.75,42145.55,42160.40000000001,42162.100000000006,1.8,TAKE,1.5000000000003677,0.14850000000005822,0.018000000000000002,0.13050000000005824,2.7928999999932413,2.9413999999932994,-104.36060000000666,-104.2301000000066
OPEN_FADE_5M,1163,LONDON_0800,US100,LONG,1748588400,2025-05-30T07:00:00,1748588700,2025-05-30T07:05:00,1748590860,2025-05-30T07:41:00,-4.25,9.880000000001019,0.01,0.09880000000001019,21296.18,21297.58,21287.7,21289.100000000002,1.4000000000000001,STOP_ADVERSE_FIRST,-1.0,-0.09880000000001019,0.014000000000000002,-0.11280000000001018,2.9413999999932994,2.8425999999932894,-104.2301000000066,-104.34290000000661
OPEN_FADE_5M,1164,LONDON_0800,US100,LONG,1748847600,2025-06-02T07:00:00,1748847900,2025-06-02T07:05:00,1748848740,2025-06-02T07:19:00,-0.8800000000010186,8.869999999998981,0.01,0.08869999999998981,21192.69,21194.09,21207.394999999997,21208.795,1.4000000000000001,TAKE,1.4999999999997948,0.13304999999996653,0.014000000000000002,0.11904999999996653,2.8425999999932894,2.975649999993256,-104.34290000000661,-104.22385000000664
OPEN_FADE_5M,1165,LONDON_0800,US100,LONG,1748934000,2025-06-03T07:00:00,1748934300,2025-06-03T07:05:00,1748935020,2025-06-03T07:17:00,-2.75,5.380000000001019,0.01,0.05380000000001019,21422.75,21424.15,21418.77,21420.170000000002,1.4000000000000001,STOP_ADVERSE_FIRST,-1.0,-0.05380000000001019,0.014000000000000002,-0.06780000000001019,2.975649999993256,2.921849999993246,-104.22385000000664,-104.29165000000664
OPEN_FADE_5M,1166,LONDON_0800,US30,LONG,1748934000,2025-06-03T07:00:00,1748934300,2025-06-03T07:05:00,1748935020,2025-06-03T07:17:00,-5.099999999998545,8.599999999998545,0.01,0.08599999999998545,42155.75,42157.55,42148.950000000004,42150.55,1.8,STOP_ADVERSE_FIRST,-1.0,-0.08599999999998545,0.018000000000000002,-0.10399999999998545,2.921849999993246,2.8358499999932603,-104.29165000000664,-104.39565000000663
OPEN_FADE_5M,1167,LONDON_0800,US100,LONG,1749020400,2025-06-04T07:00:00,1749020700,2025-06-04T07:05:00,1749021180,2025-06-04T07:13:00,-3.8699999999989814,7.25,0.01,0.0725,21641.89,21643.29,21654.165,21655.565000000002,1.4000000000000001,TAKE,1.5,0.10875,0.014000000000000002,0.09475,2.8358499999932603,2.9445999999932604,-104.39565000000663,-104.30090000000662
OPEN_FADE_5M,1168,LONDON_0800,US30,LONG,1749020400,2025-06-04T07:00:00,1749020700,2025-06-04T07:05:00,1749021180,2025-06-04T07:13:00,-6.599999999998545,8.599999999998545,0.01,0.08599999999998545,42501.75,42503.55,42516.45,42518.35,1.8,TAKE,1.499999999999577,0.1289999999999418,0.018000000000000002,0.1109999999999418,2.9445999999932604,3.073599999993202,-104.30090000000662,-104.18990000000667
OPEN_FADE_5M,1169,NEW_YORK_0930,US100,LONG,1749043800,2025-06-04T13:30:00,1749044100,2025-06-04T13:35:00,1749045120,2025-06-04T13:52:00,-6.369999999998981,11.0,0.01,0.11,21688.27,21689.670000000002,21706.170000000002,21707.570000000003,1.4000000000000001,TAKE,1.5,0.165,0.014000000000000002,0.151,3.073599999993202,3.2385999999932022,-104.18990000000667,-104.03890000000668
OPEN_FADE_5M,1170,NEW_YORK_0930,US100,SHORT,1749130200,2025-06-05T13:30:00,1749130500,2025-06-05T13:35:00,1749130860,2025-06-05T13:41:00,0.5,12.619999999998981,0.01,0.12619999999998982,21759.8,21761.2,21739.47,21740.870000000003,1.4000000000000001,TAKE,1.4999999999998557,0.18929999999996652,0.014000000000000002,0.1752999999999665,3.2385999999932022,3.4278999999931687,-104.03890000000668,-103.86360000000671
OPEN_FADE_5M,1171,LONDON_0800,US100,LONG,1749193200,2025-06-06T07:00:00,1749193500,2025-06-06T07:05:00,1749195720,2025-06-06T07:42:00,-6.369999999998981,10.619999999998981,0.01,0.10619999999998982,21570.39,21571.79,21587.72,21589.120000000003,1.4000000000000001,TAKE,1.5000000000001712,0.1593000000000029,0.014000000000000002,0.1453000000000029,3.4278999999931687,3.587199999993172,-103.86360000000671,-103.7183000000067
OPEN_FADE_5M,1172,LONDON_0800,US30,LONG,1749193200,2025-06-06T07:00:00,1749193500,2025-06-06T07:05:00,1749195900,2025-06-06T07:45:00,-7.599999999998545,13.099999999998545,0.01,0.13099999999998546,42433.75,42435.65,42455.3,42457.3,1.9000000000000001,TAKE,1.5000000000002776,0.19650000000001455,0.019000000000000003,0.17750000000001454,3.587199999993172,3.7836999999931864,-103.7183000000067,-103.5408000000067
OPEN_FADE_5M,1173,NEW_YORK_0930,US100,LONG,1749216600,2025-06-06T13:30:00,1749216900,2025-06-06T13:35:00,1749216960,2025-06-06T13:36:00,-5.369999999998981,9.25,0.01,0.0925,21650.39,21651.79,21642.54,21643.940000000002,1.4000000000000001,STOP_ADVERSE_FIRST,-1.0,-0.0925,0.014000000000000002,-0.1065,3.7836999999931864,3.6911999999931866,-103.5408000000067,-103.6473000000067
OPEN_FADE_5M,1174,NEW_YORK_0930,US30,LONG,1749216600,2025-06-06T13:30:00,1749216900,2025-06-06T13:35:00,1749216960,2025-06-06T13:36:00,-8.5,13.5,0.01,0.135,42457.95,42459.35,42445.85,42447.25,1.4000000000000001,STOP_ADVERSE_FIRST,-1.0,-0.135,0.014000000000000002,-0.14900000000000002,3.6911999999931866,3.5561999999931864,-103.6473000000067,-103.7963000000067
OPEN_FADE_5M,1175,LONDON_0800,US100,SHORT,1749452400,2025-06-09T07:00:00,1749452700,2025-06-09T07:05:00,1749456240,2025-06-09T08:04:00,2.1300000000010186,11.369999999998981,0.01,0.11369999999998981,21721.41,21722.81,21713.16,21714.56,1.4000000000000001,TIME_60_M1,0.6024626209322039,0.06849999999998545,0.014000000000000002,0.05449999999998545,3.5561999999931864,3.624699999993172,-103.7963000000067,-103.7418000000067
OPEN_FADE_5M,1176,LONDON_0800,US30,SHORT,1749452400,2025-06-09T07:00:00,1749452700,2025-06-09T07:05:00,1749456240,2025-06-09T08:04:00,4.5,13.900000000001455,0.01,0.13900000000001456,42700.75,42702.45,42696.65,42698.55,1.9000000000000001,TIME_60_M1,0.15827338129473809,0.021999999999970897,0.019000000000000003,0.002999999999970894,3.624699999993172,3.646699999993143,-103.7418000000067,-103.73880000000673
OPEN_FADE_5M,1177,NEW_YORK_0930,US100,SHORT,1749475800,2025-06-09T13:30:00,1749476100,2025-06-09T13:35:00,1749477300,2025-06-09T13:55:00,5.0,9.5,0.01,0.095,21757.53,21758.93,21741.879999999997,21743.28,1.4000000000000001,TAKE,1.5000000000000002,0.14250000000000002,0.014000000000000002,0.1285,3.646699999993143,3.789199999993143,-103.73880000000673,-103.61030000000673
OPEN_FADE_5M,1178,LONDON_0800,US30,SHORT,1749538800,2025-06-10T07:00:00,1749539100,2025-06-10T07:05:00,1749539100,2025-06-10T07:05:00,0.8999999999941792,5.100000000005821,0.01,0.05100000000005821,42886.55,42888.25,42889.95000000001,42891.65000000001,1.7,STOP_ADVERSE_FIRST,-1.0,-0.05100000000005821,0.017,-0.06800000000005821,3.789199999993143,3.7381999999930846,-103.61030000000673,-103.67830000000679
OPEN_FADE_5M,1179,LONDON_0800,US100,LONG,1749538800,2025-06-10T07:00:00,1749539100,2025-06-10T07:05:00,1749540120,2025-06-10T07:22:00,-7.629999999997381,10.87000000000262,0.01,0.10870000000002619,21908.85,21910.25,21899.379999999997,21900.78,1.4000000000000001,STOP_ADVERSE_FIRST,-1.0,-0.10870000000002619,0.014000000000000002,-0.12270000000002619,3.7381999999930846,3.6294999999930586,-103.67830000000679,-103.80100000000681
OPEN_FADE_5M,1180,NEW_YORK_0930,US30,LONG,1749562200,2025-06-10T13:30:00,1749562500,2025-06-10T13:35:00,1749564120,2025-06-10T14:02:00,-4.0,12.099999999998545,0.01,0.12099999999998545,42739.65,42741.15,42759.3,42760.9,1.5,TAKE,1.5000000000003006,0.18150000000001457,0.015,0.16650000000001458,3.6294999999930586,3.810999999993073,-103.80100000000681,-103.6345000000068
OPEN_FADE_5M,1181,NEW_YORK_0930,US100,SHORT,1749562200,2025-06-10T13:30:00,1749562500,2025-06-10T13:35:00,1749564480,2025-06-10T14:08:00,1.75,11.12999999999738,0.01,0.11129999999997381,21820.85,21822.25,21802.755,21804.155000000002,1.4000000000000001,TAKE,1.5,0.1669499999999607,0.014000000000000002,0.1529499999999607,3.810999999993073,3.977949999993034,-103.6345000000068,-103.48155000000683
OPEN_FADE_5M,1182,LONDON_0800,US100,LONG,1749625200,2025-06-11T07:00:00,1749625500,2025-06-11T07:05:00,1749625560,2025-06-11T07:06:00,-1.75,4.5,0.01,0.045,21885.59,21886.99,21882.49,21883.890000000003,1.4000000000000001,STOP_ADVERSE_FIRST,-1.0,-0.045,0.014000000000000002,-0.059,3.977949999993034,3.932949999993034,-103.48155000000683,-103.54055000000683
OPEN_FADE_5M,1183,LONDON_0800,US30,SHORT,1749625200,2025-06-11T07:00:00,1749625500,2025-06-11T07:05:00,1749625800,2025-06-11T07:10:00,6.5,8.5,0.01,0.085,42780.15,42781.950000000004,42786.75,42788.65,1.9000000000000001,STOP_ADVERSE_FIRST,-1.0,-0.085,0.019000000000000003,-0.10400000000000001,3.932949999993034,3.847949999993034,-103.54055000000683,-103.64455000000683
OPEN_FADE_5M,1184,NEW_YORK_0930,US100,LONG,1749648600,2025-06-11T13:30:00,1749648900,2025-06-11T13:35:00,1749649440,2025-06-11T13:44:00,-4.619999999998981,6.869999999998981,0.01,0.06869999999998981,21907.59,21908.99,21902.120000000003,21903.520000000004,1.4000000000000001,STOP_ADVERSE_FIRST,-1.0,-0.06869999999998981,0.014000000000000002,-0.08269999999998981,3.847949999993034,3.779249999993044,-103.64455000000683,-103.72725000000682
OPEN_FADE_5M,1185,NEW_YORK_0930,US30,LONG,1749648600,2025-06-11T13:30:00,1749648900,2025-06-11T13:35:00,1749649440,2025-06-11T13:44:00,-8.0,11.5,0.01,0.115,42783.35,42784.75,42773.25,42774.75,1.4000000000000001,STOP_ADVERSE_FIRST,-1.0,-0.115,0.014000000000000002,-0.129,3.779249999993044,3.664249999993044,-103.72725000000682,-103.85625000000682
OPEN_FADE_5M,1186,NEW_YORK_0930,US100,LONG,1749821400,2025-06-13T13:30:00,1749821700,2025-06-13T13:35:00,1749822420,2025-06-13T13:47:00,-6.630000000001019,8.5,0.01,0.085,21597.88,21599.280000000002,21612.030000000002,21613.430000000004,1.4000000000000001,TAKE,1.5,0.1275,0.014000000000000002,0.1135,3.664249999993044,3.7917499999930437,-103.85625000000682,-103.74275000000682
OPEN_FADE_5M,1187,LONDON_0800,US100,SHORT,1750057200,2025-06-16T07:00:00,1750057500,2025-06-16T07:05:00,1750057800,2025-06-16T07:10:00,3.1299999999973807,6.120000000002619,0.01,0.06120000000002619,21685.74,21687.140000000003,21690.460000000003,21691.860000000004,1.4000000000000001,STOP_ADVERSE_FIRST,-1.0,-0.06120000000002619,0.014000000000000002,-0.07520000000002619,3.7917499999930437,3.7305499999930176,-103.74275000000682,-103.81795000000685
OPEN_FADE_5M,1188,LONDON_0800,US30,SHORT,1750057200,2025-06-16T07:00:00,1750057500,2025-06-16T07:05:00,1750057860,2025-06-16T07:11:00,3.0,7.5,0.01,0.075,42199.25,42201.15,42205.05,42206.75,1.7,STOP_ADVERSE_FIRST,-1.0,-0.075,0.017,-0.092,3.7305499999930176,3.6555499999930174,-103.81795000000685,-103.90995000000684
OPEN_FADE_5M,1189,NEW_YORK_0930,US30,SHORT,1750080600,2025-06-16T13:30:00,1750080900,2025-06-16T13:35:00,1750081140,2025-06-16T13:39:00,2.5,7.0,0.01,0.07,42345.95,42347.35,42334.049999999996,42335.45,1.4000000000000001,TAKE,1.4999999999999998,0.105,0.014000000000000002,0.091,3.6555499999930174,3.7605499999930174,-103.90995000000684,-103.81895000000685
OPEN_FADE_5M,1190,NEW_YORK_0930,US100,SHORT,1750080600,2025-06-16T13:30:00,1750080900,2025-06-16T13:35:00,1750081200,2025-06-16T13:40:00,4.5,5.25,0.01,0.0525,21753.99,21755.390000000003,21744.715,21746.115,1.4000000000000001,TAKE,1.5,0.07875,0.014000000000000002,0.06475,3.7605499999930174,3.8392999999930173,-103.81895000000685,-103.75420000000685
OPEN_FADE_5M,1191,NEW_YORK_0930,US100,LONG,1750167000,2025-06-17T13:30:00,1750167300,2025-06-17T13:35:00,1750167420,2025-06-17T13:37:00,-1.8699999999989814,9.119999999998981,0.01,0.09119999999998982,21795.3,21796.7,21787.58,21788.980000000003,1.4000000000000001,STOP_ADVERSE_FIRST,-1.0,-0.09119999999998982,0.014000000000000002,-0.10519999999998982,3.8392999999930173,3.7480999999930273,-103.75420000000685,-103.85940000000684
OPEN_FADE_5M,1192,NEW_YORK_0930,US30,SHORT,1750167000,2025-06-17T13:30:00,1750167300,2025-06-17T13:35:00,1750167480,2025-06-17T13:38:00,2.099999999998545,13.099999999998545,0.01,0.13099999999998546,42268.25,42269.75,42247.100000000006,42248.600000000006,1.5,TAKE,1.4999999999997222,0.1964999999999418,0.015,0.18149999999994182,3.7480999999930273,3.944599999992969,-103.85940000000684,-103.6779000000069
OPEN_FADE_5M,1193,LONDON_0800,US100,SHORT,1750230000,2025-06-18T07:00:00,1750230300,2025-06-18T07:05:00,1750230360,2025-06-18T07:06:00,4.119999999998981,9.880000000001019,0.01,0.09880000000001019,21744.96,21746.36,21753.44,21754.84,1.4000000000000001,STOP_ADVERSE_FIRST,-1.0,-0.09880000000001019,0.014000000000000002,-0.11280000000001018,3.944599999992969,3.845799999992959,-103.6779000000069,-103.79070000000691
OPEN_FADE_5M,1194,LONDON_0800,US30,SHORT,1750230000,2025-06-18T07:00:00,1750230300,2025-06-18T07:05:00,1750230360,2025-06-18T07:06:00,3.3999999999941792,10.89999999999418,0.01,0.1089999999999418,42214.95,42216.75,42224.04999999999,42225.84999999999,1.8,STOP_ADVERSE_FIRST,-1.0,-0.1089999999999418,0.018000000000000002,-0.1269999999999418,3.845799999992959,3.7367999999930173,-103.79070000000691,-103.91770000000685
OPEN_FADE_5M,1195,LONDON_0800,US100,SHORT,1750316400,2025-06-19T07:00:00,1750316700,2025-06-19T07:05:00,1750316760,2025-06-19T07:06:00,0.13000000000101863,4.869999999998981,0.01,0.048699999999989814,21657.49,21658.890000000003,21660.96,21662.36,1.4000000000000001,STOP_ADVERSE_FIRST,-1.0,-0.048699999999989814,0.014000000000000002,-0.06269999999998982,3.7367999999930173,3.6880999999930273,-103.91770000000685,-103.98040000000684
OPEN_FADE_5M,1196,NEW_YORK_0930,US100,SHORT,1750339800,2025-06-19T13:30:00,1750340100,2025-06-19T13:35:00,1750340520,2025-06-19T13:42:00,6.25,8.75,0.01,0.08750000000000001,21605.36,21606.760000000002,21612.71,21614.11,1.4000000000000001,STOP_ADVERSE_FIRST,-1.0,-0.08750000000000001,0.014000000000000002,-0.1015,3.6880999999930273,3.6005999999930274,-103.98040000000684,-104.08190000000684
OPEN_FADE_5M,1197,LONDON_0800,US30,LONG,1750402800,2025-06-20T07:00:00,1750403100,2025-06-20T07:05:00,1750403460,2025-06-20T07:11:00,-1.5,7.5,0.01,0.075,42061.05,42062.75,42055.25,42057.05,1.7,STOP_ADVERSE_FIRST,-1.0,-0.075,0.017,-0.092,3.6005999999930274,3.525599999993027,-104.08190000000684,-104.17390000000684
OPEN_FADE_5M,1198,LONDON_0800,US100,LONG,1750402800,2025-06-20T07:00:00,1750403100,2025-06-20T07:05:00,1750403520,2025-06-20T07:12:00,-0.75,4.869999999998981,0.01,0.048699999999989814,21674.66,21676.06,21671.190000000002,21672.590000000004,1.4000000000000001,STOP_ADVERSE_FIRST,-1.0,-0.048699999999989814,0.014000000000000002,-0.06269999999998982,3.525599999993027,3.4768999999930372,-104.17390000000684,-104.23660000000683
OPEN_FADE_5M,1199,LONDON_0800,US100,LONG,1750662000,2025-06-23T07:00:00,1750662300,2025-06-23T07:05:00,1750662360,2025-06-23T07:06:00,-1.6300000000010186,6.25,0.01,0.0625,21549.05,21550.45,21544.2,21545.600000000002,1.4000000000000001,STOP_ADVERSE_FIRST,-1.0,-0.0625,0.014000000000000002,-0.0765,3.4768999999930372,3.4143999999930372,-104.23660000000683,-104.31310000000683
OPEN_FADE_5M,1200,LONDON_0800,US30,SHORT,1750662000,2025-06-23T07:00:00,1750662300,2025-06-23T07:05:00,1750663200,2025-06-23T07:20:00,2.0,9.0,0.01,0.09,42075.55,42077.350000000006,42082.950000000004,42084.55,1.6,STOP_ADVERSE_FIRST,-1.0,-0.09,0.016,-0.106,3.4143999999930372,3.3243999999930374,-104.31310000000683,-104.41910000000682
OPEN_FADE_5M,1201,NEW_YORK_0930,US30,SHORT,1750685400,2025-06-23T13:30:00,1750685700,2025-06-23T13:35:00,1750685700,2025-06-23T13:35:00,1.5,9.0,0.01,0.09,42205.25,42206.75,42212.75,42214.25,1.5,STOP_ADVERSE_FIRST,-1.0,-0.09,0.015,-0.105,3.3243999999930374,3.2343999999930375,-104.41910000000682,-104.52410000000683
OPEN_FADE_5M,1202,NEW_YORK_0930,US100,SHORT,1750685400,2025-06-23T13:30:00,1750685700,2025-06-23T13:35:00,1750686060,2025-06-23T13:41:00,2.5,10.630000000001019,0.01,0.10630000000001019,21657.3,21658.7,21639.954999999994,21641.354999999996,1.4000000000000001,TAKE,1.5000000000001712,0.15945000000003348,0.014000000000000002,0.14545000000003347,3.2343999999930375,3.393849999993071,-104.52410000000683,-104.37865000000679
OPEN_FADE_5M,1203,LONDON_0800,US30,SHORT,1750748400,2025-06-24T07:00:00,1750748700,2025-06-24T07:05:00,1750748760,2025-06-24T07:06:00,0.09999999999854481,6.5,0.01,0.065,42803.65,42805.35,42808.450000000004,42810.15,1.7,STOP_ADVERSE_FIRST,-1.0,-0.065,0.017,-0.082,3.393849999993071,3.328849999993071,-104.37865000000679,-104.46065000000678
OPEN_FADE_5M,1204,LONDON_0800,US100,LONG,1750748400,2025-06-24T07:00:00,1750748700,2025-06-24T07:05:00,1750748940,2025-06-24T07:09:00,-0.8699999999989814,4.369999999998981,0.01,0.043699999999989816,22030.82,22032.22,22027.850000000002,22029.250000000004,1.4000000000000001,STOP_ADVERSE_FIRST,-1.0,-0.043699999999989816,0.014000000000000002,-0.057699999999989815,3.328849999993071,3.2851499999930813,-104.46065000000678,-104.51835000000676
OPEN_FADE_5M,1205,NEW_YORK_0930,US30,SHORT,1750944600,2025-06-26T13:30:00,1750944900,2025-06-26T13:35:00,1750945020,2025-06-26T13:37:00,2.0,5.5,0.01,0.055,43121.55,43122.950000000004,43125.65,43127.05,1.4000000000000001,STOP_ADVERSE_FIRST,-1.0,-0.055,0.014000000000000002,-0.069,3.2851499999930813,3.230149999993081,-104.51835000000676,-104.58735000000677
OPEN_FADE_5M,1206,NEW_YORK_0930,US30,SHORT,1751031000,2025-06-27T13:30:00,1751031300,2025-06-27T13:35:00,1751032440,2025-06-27T13:54:00,3.5,7.0,0.01,0.07,43524.25,43525.65,43529.85,43531.25,1.4000000000000001,STOP_ADVERSE_FIRST,-1.0,-0.07,0.014000000000000002,-0.084,3.230149999993081,3.1601499999930813,-104.58735000000677,-104.67135000000677
OPEN_FADE_5M,1207,NEW_YORK_0930,US100,SHORT,1751031000,2025-06-27T13:30:00,1751031300,2025-06-27T13:35:00,1751032800,2025-06-27T14:00:00,1.8800000000010186,4.0,0.01,0.04,22528.82,22530.22,22531.42,22532.82,1.4000000000000001,STOP_ADVERSE_FIRST,-1.0,-0.04,0.014000000000000002,-0.054000000000000006,3.1601499999930813,3.1201499999930813,-104.67135000000677,-104.72535000000677
OPEN_FADE_5M,1208,LONDON_0800,US30,SHORT,1751266800,2025-06-30T07:00:00,1751267100,2025-06-30T07:05:00,1751267220,2025-06-30T07:07:00,4.5,7.0,0.01,0.07,44062.75,44064.35,44068.15,44069.75,1.6,STOP_ADVERSE_FIRST,-1.0,-0.07,0.016,-0.08600000000000001,3.1201499999930813,3.0501499999930815,-104.72535000000677,-104.81135000000677
OPEN_FADE_5M,1209,LONDON_0800,US100,SHORT,1751266800,2025-06-30T07:00:00,1751267100,2025-06-30T07:05:00,1751268960,2025-06-30T07:36:00,3.25,5.620000000002619,0.01,0.056200000000026194,22678.63,22680.030000000002,22682.850000000002,22684.250000000004,1.4000000000000001,STOP_ADVERSE_FIRST,-1.0,-0.056200000000026194,0.014000000000000002,-0.0702000000000262,3.0501499999930815,2.9939499999930552,-104.81135000000677,-104.8815500000068
OPEN_FADE_5M,1210,NEW_YORK_0930,US100,LONG,1751290200,2025-06-30T13:30:00,1751290500,2025-06-30T13:35:00,1751291520,2025-06-30T13:52:00,-3.0,9.5,0.01,0.095,22703.01,22704.41,22694.91,22696.31,1.4000000000000001,STOP_ADVERSE_FIRST,-1.0,-0.095,0.014000000000000002,-0.109,2.9939499999930552,2.898949999993055,-104.8815500000068,-104.99055000000679
OPEN_FADE_5M,1211,LONDON_0800,US30,SHORT,1751353200,2025-07-01T07:00:00,1751353500,2025-07-01T07:05:00,1751353680,2025-07-01T07:08:00,4.0,11.0,0.01,0.11,44056.25,44057.95,44065.55,44067.25,1.7,STOP_ADVERSE_FIRST,-1.0,-0.11,0.017,-0.127,2.898949999993055,2.788949999993055,-104.99055000000679,-105.11755000000679
OPEN_FADE_5M,1212,LONDON_0800,US100,LONG,1751353200,2025-07-01T07:00:00,1751353500,2025-07-01T07:05:00,1751355360,2025-07-01T07:36:00,-0.5,9.0,0.01,0.09,22676.78,22678.18,22669.18,22670.58,1.4000000000000001,STOP_ADVERSE_FIRST,-1.0,-0.09,0.014000000000000002,-0.104,2.788949999993055,2.6989499999930553,-105.11755000000679,-105.22155000000679
OPEN_FADE_5M,1213,NEW_YORK_0930,US100,SHORT,1751376600,2025-07-01T13:30:00,1751376900,2025-07-01T13:35:00,1751377020,2025-07-01T13:37:00,0.38000000000101863,4.5,0.01,0.045,22632.53,22633.93,22635.629999999997,22637.03,1.4000000000000001,STOP_ADVERSE_FIRST,-1.0,-0.045,0.014000000000000002,-0.059,2.6989499999930553,2.6539499999930554,-105.22155000000679,-105.28055000000678
OPEN_FADE_5M,1214,LONDON_0800,US100,SHORT,1751439600,2025-07-02T07:00:00,1751439900,2025-07-02T07:05:00,1751439960,2025-07-02T07:06:00,0.13000000000101863,4.75,0.01,0.0475,22546.14,22547.54,22549.489999999998,22550.89,1.4000000000000001,STOP_ADVERSE_FIRST,-1.0,-0.0475,0.014000000000000002,-0.0615,2.6539499999930554,2.6064499999930555,-105.28055000000678,-105.34205000000678
OPEN_FADE_5M,1215,LONDON_0800,US30,LONG,1751439600,2025-07-02T07:00:00,1751439900,2025-07-02T07:05:00,1751440380,2025-07-02T07:13:00,-1.0,4.0,0.01,0.04,44565.55,44567.15,44573.15,44574.75,1.6,TAKE,1.5,0.06,0.016,0.044,2.6064499999930555,2.6664499999930555,-105.34205000000678,-105.29805000000678
OPEN_FADE_5M,1216,NEW_YORK_0930,US30,SHORT,1751549400,2025-07-03T13:30:00,1751549700,2025-07-03T13:35:00,1751550300,2025-07-03T13:45:00,8.0,10.0,0.01,0.1,44493.05,44494.450000000004,44501.65,44503.05,1.4000000000000001,STOP_ADVERSE_FIRST,-1.0,-0.1,0.014000000000000002,-0.114,2.6664499999930555,2.5664499999930555,-105.29805000000678,-105.41205000000679
OPEN_FADE_5M,1217,NEW_YORK_0930,US100,SHORT,1751549400,2025-07-03T13:30:00,1751549700,2025-07-03T13:35:00,1751550420,2025-07-03T13:47:00,6.5,7.25,0.01,0.0725,22652.88,22654.280000000002,22658.73,22660.13,1.4000000000000001,STOP_ADVERSE_FIRST,-1.0,-0.0725,0.014000000000000002,-0.0865,2.5664499999930555,2.4939499999930557,-105.41205000000679,-105.49855000000679
OPEN_FADE_5M,1218,LONDON_0800,US100,LONG,1751612400,2025-07-04T07:00:00,1751612700,2025-07-04T07:05:00,1751613900,2025-07-04T07:25:00,-4.0,7.25,0.01,0.0725,22817.55,22818.95,22811.7,22813.100000000002,1.4000000000000001,STOP_ADVERSE_FIRST,-1.0,-0.0725,0.014000000000000002,-0.0865,2.4939499999930557,2.421449999993056,-105.49855000000679,-105.58505000000679
OPEN_FADE_5M,1219,LONDON_0800,US30,SHORT,1751612400,2025-07-04T07:00:00,1751612700,2025-07-04T07:05:00,1751613900,2025-07-04T07:25:00,1.5,7.5,0.01,0.075,44700.15,44701.75,44687.200000000004,44688.9,1.7,TAKE,1.5,0.1125,0.017,0.0955,2.421449999993056,2.5339499999930557,-105.58505000000679,-105.48955000000679
OPEN_FADE_5M,1220,LONDON_0800,US100,SHORT,1751958000,2025-07-08T07:00:00,1751958300,2025-07-08T07:05:00,1751958360,2025-07-08T07:06:00,0.11999999999898137,5.869999999998981,0.01,0.058699999999989816,22737.26,22738.66,22741.729999999996,22743.129999999997,1.4000000000000001,STOP_ADVERSE_FIRST,-1.0,-0.058699999999989816,0.014000000000000002,-0.07269999999998981,2.5339499999930557,2.475249999993066,-105.48955000000679,-105.56225000000677
OPEN_FADE_5M,1221,LONDON_0800,US30,SHORT,1751958000,2025-07-08T07:00:00,1751958300,2025-07-08T07:05:00,1751958360,2025-07-08T07:06:00,3.0,7.0,0.01,0.07,44362.75,44364.35,44368.15,44369.75,1.6,STOP_ADVERSE_FIRST,-1.0,-0.07,0.016,-0.08600000000000001,2.475249999993066,2.405249999993066,-105.56225000000677,-105.64825000000677
OPEN_FADE_5M,1222,LONDON_0800,US100,LONG,1752130800,2025-07-10T07:00:00,1752131100,2025-07-10T07:05:00,1752131100,2025-07-10T07:05:00,-1.1199999999989814,2.3800000000010186,0.02,0.047600000000020376,22822.43,22823.83,22821.45,22822.850000000002,1.4000000000000001,STOP_ADVERSE_FIRST,-1.0,-0.047600000000020376,0.028000000000000004,-0.07560000000002037,2.405249999993066,2.3576499999930456,-105.64825000000677,-105.72385000000679
OPEN_FADE_5M,1223,LONDON_0800,US30,LONG,1752130800,2025-07-10T07:00:00,1752131100,2025-07-10T07:05:00,1752131100,2025-07-10T07:05:00,-2.0,4.0,0.01,0.04,44337.55,44339.15,44335.15,44336.75,1.6,STOP_ADVERSE_FIRST,-1.0,-0.04,0.016,-0.056,2.3576499999930456,2.3176499999930456,-105.72385000000679,-105.77985000000679
OPEN_FADE_5M,1224,NEW_YORK_0930,US100,SHORT,1752154200,2025-07-10T13:30:00,1752154500,2025-07-10T13:35:00,1752155520,2025-07-10T13:52:00,7.25,9.0,0.01,0.09,22865.93,22867.33,22873.53,22874.93,1.4000000000000001,STOP_ADVERSE_FIRST,-1.0,-0.09,0.014000000000000002,-0.104,2.3176499999930456,2.2276499999930457,-105.77985000000679,-105.88385000000679
OPEN_FADE_5M,1225,LONDON_0800,US100,LONG,1752217200,2025-07-11T07:00:00,1752217500,2025-07-11T07:05:00,1752221040,2025-07-11T08:04:00,-4.0,6.119999999998981,0.01,0.06119999999998982,22794.02,22795.420000000002,22798.77,22800.170000000002,1.4000000000000001,TIME_60_M1,0.5473856209148861,0.03349999999998545,0.014000000000000002,0.01949999999998545,2.2276499999930457,2.261149999993031,-105.88385000000679,-105.86435000000681
OPEN_FADE_5M,1226,NEW_YORK_0930,US100,LONG,1752240600,2025-07-11T13:30:00,1752240900,2025-07-11T13:35:00,1752240900,2025-07-11T13:35:00,-0.75,7.630000000001019,0.01,0.07630000000001019,22706.65,22708.050000000003,22700.420000000002,22701.820000000003,1.4000000000000001,STOP_ADVERSE_FIRST,-1.0,-0.07630000000001019,0.014000000000000002,-0.09030000000001019,2.261149999993031,2.184849999993021,-105.86435000000681,-105.95465000000682
OPEN_FADE_5M,1227,LONDON_0800,US100,LONG,1752476400,2025-07-14T07:00:00,1752476700,2025-07-14T07:05:00,1752479640,2025-07-14T07:54:00,-5.75,6.880000000001019,0.01,0.06880000000001019,22706.63,22708.030000000002,22701.15,22702.550000000003,1.4000000000000001,STOP_ADVERSE_FIRST,-1.0,-0.06880000000001019,0.014000000000000002,-0.08280000000001018,2.184849999993021,2.116049999993011,-105.95465000000682,-106.03745000000683
OPEN_FADE_5M,1228,LONDON_0800,US30,LONG,1752562800,2025-07-15T07:00:00,1752563100,2025-07-15T07:05:00,1752563160,2025-07-15T07:06:00,-1.0,6.400000000001455,0.01,0.06400000000001456,44426.75,44428.45,44422.049999999996,44423.74999999999,1.7,STOP_ADVERSE_FIRST,-1.0,-0.06400000000001456,0.017,-0.08100000000001456,2.116049999993011,2.052049999992996,-106.03745000000683,-106.11845000000685
OPEN_FADE_5M,1229,LONDON_0800,US100,SHORT,1752562800,2025-07-15T07:00:00,1752563100,2025-07-15T07:05:00,1752564060,2025-07-15T07:21:00,0.75,5.879999999997381,0.01,0.05879999999997381,22936.15,22937.550000000003,22940.629999999997,22942.03,1.4000000000000001,STOP_ADVERSE_FIRST,-1.0,-0.05879999999997381,0.014000000000000002,-0.07279999999997382,2.052049999992996,1.9932499999930224,-106.11845000000685,-106.19125000000682
OPEN_FADE_5M,1230,LONDON_0800,US100,LONG,1752735600,2025-07-17T07:00:00,1752735900,2025-07-17T07:05:00,1752735900,2025-07-17T07:05:00,-0.25,1.75,0.02,0.035,22885.29,22886.690000000002,22884.940000000002,22886.340000000004,1.4000000000000001,STOP_ADVERSE_FIRST,-1.0,-0.035,0.028000000000000004,-0.063,1.9932499999930224,1.9582499999930225,-106.19125000000682,-106.25425000000682
OPEN_FADE_5M,1231,LONDON_0800,US30,SHORT,1752735600,2025-07-17T07:00:00,1752735900,2025-07-17T07:05:00,1752735900,2025-07-17T07:05:00,0.5,3.5,0.01,0.035,44164.15,44165.75,44166.05,44167.65,1.6,STOP_ADVERSE_FIRST,-1.0,-0.035,0.016,-0.051000000000000004,1.9582499999930225,1.9232499999930226,-106.25425000000682,-106.30525000000682
OPEN_FADE_5M,1232,NEW_YORK_0930,US100,LONG,1752759000,2025-07-17T13:30:00,1752759300,2025-07-17T13:35:00,1752759840,2025-07-17T13:44:00,-2.0,7.25,0.01,0.0725,22956.54,22957.940000000002,22950.690000000002,22952.090000000004,1.4000000000000001,STOP_ADVERSE_FIRST,-1.0,-0.0725,0.014000000000000002,-0.0865,1.9232499999930226,1.8507499999930226,-106.30525000000682,-106.39175000000682
OPEN_FADE_5M,1233,LONDON_0800,US100,SHORT,1753254000,2025-07-23T07:00:00,1753254300,2025-07-23T07:05:00,1753255800,2025-07-23T07:30:00,0.6199999999989814,4.0,0.01,0.04,23103.11,23104.510000000002,23105.71,23107.11,1.4000000000000001,STOP_ADVERSE_FIRST,-1.0,-0.04,0.014000000000000002,-0.054000000000000006,1.8507499999930226,1.8107499999930226,-106.39175000000682,-106.44575000000683
OPEN_FADE_5M,1234,NEW_YORK_0930,US100,LONG,1753709400,2025-07-28T13:30:00,1753709700,2025-07-28T13:35:00,1753710060,2025-07-28T13:41:00,-1.75,5.75,0.01,0.0575,23393.95,23395.350000000002,23389.600000000002,23391.000000000004,1.4000000000000001,STOP_ADVERSE_FIRST,-1.0,-0.0575,0.014000000000000002,-0.07150000000000001,1.8107499999930226,1.7532499999930224,-106.44575000000683,-106.51725000000683
OPEN_FADE_5M,1235,NEW_YORK_0930,US100,SHORT,1753795800,2025-07-29T13:30:00,1753796100,2025-07-29T13:35:00,1753796220,2025-07-29T13:37:00,2.6200000000026193,5.370000000002619,0.01,0.05370000000002619,23479.4,23480.800000000003,23483.370000000003,23484.770000000004,1.4000000000000001,STOP_ADVERSE_FIRST,-1.0,-0.05370000000002619,0.014000000000000002,-0.0677000000000262,1.7532499999930224,1.6995499999929962,-106.51725000000683,-106.58495000000686
OPEN_FADE_5M,1236,NEW_YORK_0930,US100,LONG,1753882200,2025-07-30T13:30:00,1753882500,2025-07-30T13:35:00,1753883220,2025-07-30T13:47:00,-1.75,4.5,0.01,0.045,23380.81,23382.210000000003,23388.960000000003,23390.360000000004,1.4000000000000001,TAKE,1.5000000000000002,0.0675,0.014000000000000002,0.053500000000000006,1.6995499999929962,1.767049999992996,-106.58495000000686,-106.53145000000686
OPEN_FADE_5M,1237,NEW_YORK_0930,US100,SHORT,1753968600,2025-07-31T13:30:00,1753968900,2025-07-31T13:35:00,1753969740,2025-07-31T13:49:00,4.629999999997381,6.0,0.01,0.06,23682.08,23683.480000000003,23686.68,23688.08,1.4000000000000001,STOP_ADVERSE_FIRST,-1.0,-0.06,0.014000000000000002,-0.074,1.767049999992996,1.707049999992996,-106.53145000000686,-106.60545000000685
OPEN_FADE_5M,1238,LONDON_0800,US100,SHORT,1754377200,2025-08-05T07:00:00,1754377500,2025-08-05T07:05:00,1754378460,2025-08-05T07:21:00,1.0,3.75,0.01,0.0375,23241.9,23243.300000000003,23234.875,23236.275,1.4000000000000001,TAKE,1.5,0.05625,0.014000000000000002,0.042249999999999996,1.707049999992996,1.763299999992996,-106.60545000000685,-106.56320000000686
OPEN_FADE_5M,1239,LONDON_0800,US100,SHORT,1754463600,2025-08-06T07:00:00,1754463900,2025-08-06T07:05:00,1754466180,2025-08-06T07:43:00,3.75,6.25,0.01,0.0625,23070.82,23072.22,23060.045,23061.445,1.4000000000000001,TAKE,1.5,0.09375,0.014000000000000002,0.07975,1.763299999992996,1.857049999992996,-106.56320000000686,-106.48345000000685
OPEN_FADE_5M,1240,NEW_YORK_0930,US100,SHORT,1754659800,2025-08-08T13:30:00,1754660100,2025-08-08T13:35:00,1754660160,2025-08-08T13:36:00,1.1300000000010186,4.5,0.01,0.045,23470.19,23471.59,23473.289999999997,23474.69,1.4000000000000001,STOP_ADVERSE_FIRST,-1.0,-0.045,0.014000000000000002,-0.059,1.857049999992996,1.812049999992996,-106.48345000000685,-106.54245000000685
OPEN_FADE_5M,1241,LONDON_0800,US30,LONG,1754982000,2025-08-12T07:00:00,1754982300,2025-08-12T07:05:00,1754982540,2025-08-12T07:09:00,-4.0,4.900000000001455,0.01,0.04900000000001455,44039.4,44040.6,44047.95,44049.149999999994,1.2,TAKE,1.4999999999992577,0.07349999999998545,0.012,0.061499999999985455,1.812049999992996,1.8855499999929815,-106.54245000000685,-106.48095000000687
OPEN_FADE_5M,1242,LONDON_0800,US100,LONG,1754982000,2025-08-12T07:00:00,1754982300,2025-08-12T07:05:00,1754984220,2025-08-12T07:37:00,-4.380000000001019,4.5,0.01,0.045,23567.7,23569.100000000002,23575.850000000002,23577.250000000004,1.4000000000000001,TAKE,1.5000000000000002,0.0675,0.014000000000000002,0.053500000000000006,1.8855499999929815,1.9530499999929813,-106.48095000000687,-106.42745000000687
OPEN_FADE_5M,1243,NEW_YORK_0930,US100,SHORT,1755005400,2025-08-12T13:30:00,1755005700,2025-08-12T13:35:00,1755007620,2025-08-12T14:07:00,2.8699999999989814,7.75,0.01,0.0775,23551.95,23553.350000000002,23538.925,23540.325,1.4000000000000001,TAKE,1.5,0.11625,0.014000000000000002,0.10225000000000001,1.9530499999929813,2.0692999999929813,-106.42745000000687,-106.32520000000687
OPEN_FADE_5M,1244,LONDON_0800,US100,SHORT,1755068400,2025-08-13T07:00:00,1755068700,2025-08-13T07:05:00,1755068700,2025-08-13T07:05:00,0.75,3.0,0.01,0.03,23861.25,23862.65,23862.85,23864.25,1.4000000000000001,STOP_ADVERSE_FIRST,-1.0,-0.03,0.014000000000000002,-0.044,2.0692999999929813,2.0392999999929815,-106.32520000000687,-106.36920000000687
OPEN_FADE_5M,1245,LONDON_0800,US30,SHORT,1755068400,2025-08-13T07:00:00,1755068700,2025-08-13T07:05:00,1755068700,2025-08-13T07:05:00,1.0,5.0,0.01,0.05,44472.4,44473.6,44476.200000000004,44477.4,1.2,STOP_ADVERSE_FIRST,-1.0,-0.05,0.012,-0.062,2.0392999999929815,1.9892999999929815,-106.36920000000687,-106.43120000000687
OPEN_FADE_5M,1246,NEW_YORK_0930,US100,SHORT,1755091800,2025-08-13T13:30:00,1755092100,2025-08-13T13:35:00,1755092160,2025-08-13T13:36:00,0.25,5.0,0.01,0.05,23919.0,23920.4,23922.6,23924.0,1.4000000000000001,STOP_ADVERSE_FIRST,-1.0,-0.05,0.014000000000000002,-0.064,1.9892999999929815,1.9392999999929814,-106.43120000000687,-106.49520000000686
OPEN_FADE_5M,1247,LONDON_0800,US100,SHORT,1755154800,2025-08-14T07:00:00,1755155100,2025-08-14T07:05:00,1755155100,2025-08-14T07:05:00,1.5,3.3799999999973807,0.01,0.03379999999997381,23847.03,23848.43,23849.009999999995,23850.409999999996,1.4000000000000001,STOP_ADVERSE_FIRST,-1.0,-0.03379999999997381,0.014000000000000002,-0.04779999999997381,1.9392999999929814,1.9054999999930076,-106.49520000000686,-106.54300000000683
OPEN_FADE_5M,1248,LONDON_0800,US30,SHORT,1755154800,2025-08-14T07:00:00,1755155100,2025-08-14T07:05:00,1755155220,2025-08-14T07:07:00,4.0,5.0,0.01,0.05,44948.4,44949.6,44952.200000000004,44953.4,1.2,STOP_ADVERSE_FIRST,-1.0,-0.05,0.012,-0.062,1.9054999999930076,1.8554999999930075,-106.54300000000683,-106.60500000000683
OPEN_FADE_5M,1249,LONDON_0800,US100,SHORT,1755500400,2025-08-18T07:00:00,1755500700,2025-08-18T07:05:00,1755501120,2025-08-18T07:12:00,0.25,4.0,0.01,0.04,23787.0,23788.4,23779.6,23781.0,1.4000000000000001,TAKE,1.5,0.06,0.014000000000000002,0.046,1.8554999999930075,1.9154999999930076,-106.60500000000683,-106.55900000000682
OPEN_FADE_5M,1250,LONDON_0800,US30,SHORT,1755500400,2025-08-18T07:00:00,1755500700,2025-08-18T07:05:00,1755501120,2025-08-18T07:12:00,5.0,7.0,0.01,0.07,45045.4,45046.6,45033.700000000004,45034.9,1.2,TAKE,1.4999999999999998,0.105,0.012,0.093,1.9154999999930076,2.0204999999930076,-106.55900000000682,-106.46600000000682
OPEN_FADE_5M,1251,LONDON_0800,US30,LONG,1755586800,2025-08-19T07:00:00,1755587100,2025-08-19T07:05:00,1755587460,2025-08-19T07:11:00,-3.0,8.0,0.01,0.08,44895.4,44896.6,44888.6,44889.799999999996,1.2,STOP_ADVERSE_FIRST,-1.0,-0.08,0.012,-0.092,2.0204999999930076,1.9404999999930075,-106.46600000000682,-106.55800000000681
OPEN_FADE_5M,1252,LONDON_0800,US100,LONG,1755586800,2025-08-19T07:00:00,1755587100,2025-08-19T07:05:00,1755588300,2025-08-19T07:25:00,-4.75,7.630000000001019,0.01,0.07630000000001019,23680.29,23681.690000000002,23674.06,23675.460000000003,1.4000000000000001,STOP_ADVERSE_FIRST,-1.0,-0.07630000000001019,0.014000000000000002,-0.09030000000001019,1.9404999999930075,1.8641999999929972,-106.55800000000681,-106.64830000000683
OPEN_FADE_5M,1253,LONDON_0800,US100,SHORT,1755673200,2025-08-20T07:00:00,1755673500,2025-08-20T07:05:00,1755673680,2025-08-20T07:08:00,3.5,5.630000000001019,0.01,0.05630000000001019,23282.72,23284.120000000003,23286.95,23288.350000000002,1.4000000000000001,STOP_ADVERSE_FIRST,-1.0,-0.05630000000001019,0.014000000000000002,-0.07030000000001019,1.8641999999929972,1.807899999992987,-106.64830000000683,-106.71860000000683
OPEN_FADE_5M,1254,LONDON_0800,US100,LONG,1755759600,2025-08-21T07:00:00,1755759900,2025-08-21T07:05:00,1755759960,2025-08-21T07:06:00,-1.0,5.75,0.01,0.0575,23273.6,23275.0,23269.25,23270.65,1.4000000000000001,STOP_ADVERSE_FIRST,-1.0,-0.0575,0.014000000000000002,-0.07150000000000001,1.807899999992987,1.750399999992987,-106.71860000000683,-106.79010000000683
OPEN_FADE_5M,1255,LONDON_0800,US100,LONG,1756105200,2025-08-25T07:00:00,1756105500,2025-08-25T07:05:00,1756105500,2025-08-25T07:05:00,-1.8700000000026193,3.25,0.01,0.0325,23488.67,23490.07,23486.82,23488.22,1.4000000000000001,STOP_ADVERSE_FIRST,-1.0,-0.0325,0.014000000000000002,-0.0465,1.750399999992987,1.717899999992987,-106.79010000000683,-106.83660000000683
OPEN_FADE_5M,1256,LONDON_0800,US30,LONG,1756105200,2025-08-25T07:00:00,1756105500,2025-08-25T07:05:00,1756105680,2025-08-25T07:08:00,-3.0,5.0,0.01,0.05,45619.4,45620.6,45615.6,45616.799999999996,1.2,STOP_ADVERSE_FIRST,-1.0,-0.05,0.012,-0.062,1.717899999992987,1.6678999999929869,-106.83660000000683,-106.89860000000682
OPEN_FADE_5M,1257,LONDON_0800,US100,LONG,1756191600,2025-08-26T07:00:00,1756191900,2025-08-26T07:05:00,1756193520,2025-08-26T07:32:00,-0.5,6.369999999998981,0.01,0.06369999999998982,23396.31,23397.710000000003,23391.340000000004,23392.740000000005,1.4000000000000001,STOP_ADVERSE_FIRST,-1.0,-0.06369999999998982,0.014000000000000002,-0.07769999999998982,1.6678999999929869,1.604199999992997,-106.89860000000682,-106.97630000000682
OPEN_FADE_5M,1258,LONDON_0800,US30,LONG,1756278000,2025-08-27T07:00:00,1756278300,2025-08-27T07:05:00,1756278300,2025-08-27T07:05:00,-1.0,2.0,0.01,0.02,45491.4,45492.6,45490.6,45491.799999999996,1.2,STOP_ADVERSE_FIRST,-1.0,-0.02,0.012,-0.032,1.604199999992997,1.584199999992997,-106.97630000000682,-107.00830000000681
OPEN_FADE_5M,1259,LONDON_0800,US100,LONG,1756278000,2025-08-27T07:00:00,1756278300,2025-08-27T07:05:00,1756278360,2025-08-27T07:06:00,-2.0,2.25,0.01,0.0225,23560.15,23561.550000000003,23559.300000000003,23560.700000000004,1.4000000000000001,STOP_ADVERSE_FIRST,-1.0,-0.0225,0.014000000000000002,-0.036500000000000005,1.584199999992997,1.561699999992997,-107.00830000000681,-107.04480000000682
OPEN_FADE_5M,1260,LONDON_0800,US100,LONG,1756450800,2025-08-29T07:00:00,1756451100,2025-08-29T07:05:00,1756451220,2025-08-29T07:07:00,-0.11999999999898137,3.3800000000010186,0.01,0.03380000000001019,23679.84,23681.24,23677.86,23679.260000000002,1.4000000000000001,STOP_ADVERSE_FIRST,-1.0,-0.03380000000001019,0.014000000000000002,-0.047800000000010195,1.561699999992997,1.5278999999929868,-107.04480000000682,-107.09260000000683
OPEN_FADE_5M,1261,LONDON_0800,US30,SHORT,1756450800,2025-08-29T07:00:00,1756451100,2025-08-29T07:05:00,1756452180,2025-08-29T07:23:00,3.0,6.0,0.01,0.06,45597.4,45598.6,45587.200000000004,45588.4,1.2,TAKE,1.5,0.09,0.012,0.078,1.5278999999929868,1.6178999999929868,-107.09260000000683,-107.01460000000682
OPEN_FADE_5M,1262,LONDON_0800,US100,LONG,1756710000,2025-09-01T07:00:00,1756710300,2025-09-01T07:05:00,1756710300,2025-09-01T07:05:00,-1.1200000000026193,4.25,0.01,0.0425,23402.46,23403.86,23399.61,23401.010000000002,1.4000000000000001,STOP_ADVERSE_FIRST,-1.0,-0.0425,0.014000000000000002,-0.05650000000000001,1.6178999999929868,1.5753999999929869,-107.01460000000682,-107.07110000000682
OPEN_FADE_5M,1263,LONDON_0800,US100,SHORT,1756882800,2025-09-03T07:00:00,1756883100,2025-09-03T07:05:00,1756883820,2025-09-03T07:17:00,0.5,5.880000000001019,0.01,0.058800000000010184,23290.52,23291.920000000002,23295.0,23296.4,1.4000000000000001,STOP_ADVERSE_FIRST,-1.0,-0.058800000000010184,0.014000000000000002,-0.07280000000001019,1.5753999999929869,1.5165999999929767,-107.07110000000682,-107.14390000000684
OPEN_FADE_5M,1264,LONDON_0800,US100,SHORT,1757055600,2025-09-05T07:00:00,1757055900,2025-09-05T07:05:00,1757055900,2025-09-05T07:05:00,0.11999999999898137,2.25,0.01,0.0225,23708.18,23709.58,23709.03,23710.43,1.4000000000000001,STOP_ADVERSE_FIRST,-1.0,-0.0225,0.014000000000000002,-0.036500000000000005,1.5165999999929767,1.4940999999929767,-107.14390000000684,-107.18040000000684
OPEN_FADE_5M,1265,LONDON_0800,US30,SHORT,1757055600,2025-09-05T07:00:00,1757055900,2025-09-05T07:05:00,1757056080,2025-09-05T07:08:00,3.0,5.0,0.01,0.05,45683.4,45684.6,45687.200000000004,45688.4,1.2,STOP_ADVERSE_FIRST,-1.0,-0.05,0.012,-0.062,1.4940999999929767,1.4440999999929767,-107.18040000000684,-107.24240000000684
OPEN_FADE_5M,1266,NEW_YORK_0930,US100,SHORT,1757079000,2025-09-05T13:30:00,1757079300,2025-09-05T13:35:00,1757079540,2025-09-05T13:39:00,1.25,3.6199999999989814,0.01,0.03619999999998982,23751.68,23753.08,23753.899999999998,23755.3,1.4000000000000001,STOP_ADVERSE_FIRST,-1.0,-0.03619999999998982,0.014000000000000002,-0.05019999999998982,1.4440999999929767,1.4078999999929869,-107.24240000000684,-107.29260000000683
OPEN_FADE_5M,1267,LONDON_0800,US100,SHORT,1757487600,2025-09-10T07:00:00,1757487900,2025-09-10T07:05:00,1757489460,2025-09-10T07:31:00,3.0,3.3799999999973807,0.01,0.03379999999997381,23898.78,23900.18,23900.759999999995,23902.159999999996,1.4000000000000001,STOP_ADVERSE_FIRST,-1.0,-0.03379999999997381,0.014000000000000002,-0.04779999999997381,1.4078999999929869,1.374099999993013,-107.29260000000683,-107.3404000000068
OPEN_FADE_5M,1268,NEW_YORK_0930,US100,SHORT,1757597400,2025-09-11T13:30:00,1757597700,2025-09-11T13:35:00,1757598000,2025-09-11T13:40:00,0.5,5.25,0.01,0.0525,23919.23,23920.63,23923.079999999998,23924.48,1.4000000000000001,STOP_ADVERSE_FIRST,-1.0,-0.0525,0.014000000000000002,-0.0665,1.374099999993013,1.321599999993013,-107.3404000000068,-107.4069000000068
OPEN_FADE_5M,1269,LONDON_0800,US100,SHORT,1757660400,2025-09-12T07:00:00,1757660700,2025-09-12T07:05:00,1757660760,2025-09-12T07:06:00,1.75,3.25,0.01,0.0325,23993.38,23994.780000000002,23995.23,23996.63,1.4000000000000001,STOP_ADVERSE_FIRST,-1.0,-0.0325,0.014000000000000002,-0.0465,1.321599999993013,1.289099999993013,-107.4069000000068,-107.4534000000068
OPEN_FADE_5M,1270,LONDON_0800,US100,SHORT,1757919600,2025-09-15T07:00:00,1757919900,2025-09-15T07:05:00,1757920140,2025-09-15T07:09:00,1.6300000000010186,3.0,0.01,0.03,24111.47,24112.870000000003,24113.07,24114.47,1.4000000000000001,STOP_ADVERSE_FIRST,-1.0,-0.03,0.014000000000000002,-0.044,1.289099999993013,1.259099999993013,-107.4534000000068,-107.49740000000679
OPEN_FADE_5M,1271,LONDON_0800,US100,LONG,1758006000,2025-09-16T07:00:00,1758006300,2025-09-16T07:05:00,1758006660,2025-09-16T07:11:00,-1.75,3.8800000000010186,0.01,0.03880000000001019,24332.49,24333.890000000003,24330.010000000002,24331.410000000003,1.4000000000000001,STOP_ADVERSE_FIRST,-1.0,-0.03880000000001019,0.014000000000000002,-0.052800000000010186,1.259099999993013,1.2202999999930029,-107.49740000000679,-107.5502000000068
OPEN_FADE_5M,1272,LONDON_0800,US100,LONG,1758524400,2025-09-22T07:00:00,1758524700,2025-09-22T07:05:00,1758524940,2025-09-22T07:09:00,-1.0,3.5,0.01,0.035,24625.53,24626.93,24623.43,24624.83,1.4000000000000001,STOP_ADVERSE_FIRST,-1.0,-0.035,0.014000000000000002,-0.049,1.2202999999930029,1.185299999993003,-107.5502000000068,-107.5992000000068
OPEN_FADE_5M,1273,LONDON_0800,US100,LONG,1758610800,2025-09-23T07:00:00,1758611100,2025-09-23T07:05:00,1758611100,2025-09-23T07:05:00,-0.6199999999989814,3.5,0.01,0.035,24772.86,24774.260000000002,24770.760000000002,24772.160000000003,1.4000000000000001,STOP_ADVERSE_FIRST,-1.0,-0.035,0.014000000000000002,-0.049,1.185299999993003,1.150299999993003,-107.5992000000068,-107.64820000000681
OPEN_FADE_5M,1274,NEW_YORK_0930,US100,SHORT,1759411800,2025-10-02T13:30:00,1759412100,2025-10-02T13:35:00,1759412340,2025-10-02T13:39:00,0.75,4.25,0.01,0.0425,24904.84,24906.24,24907.69,24909.09,1.4000000000000001,STOP_ADVERSE_FIRST,-1.0,-0.0425,0.014000000000000002,-0.05650000000000001,1.150299999993003,1.107799999993003,-107.64820000000681,-107.70470000000681
OPEN_FADE_5M,1275,LONDON_0800,US100,SHORT,1759474800,2025-10-03T07:00:00,1759475100,2025-10-03T07:05:00,1759475100,2025-10-03T07:05:00,1.8799999999973807,3.25,0.01,0.0325,24967.76,24969.16,24969.609999999997,24971.01,1.4000000000000001,STOP_ADVERSE_FIRST,-1.0,-0.0325,0.014000000000000002,-0.0465,1.107799999993003,1.075299999993003,-107.70470000000681,-107.7512000000068
OPEN_FADE_5M,1276,NEW_YORK_0930,US100,SHORT,1764253800,2025-11-27T14:30:00,1764254100,2025-11-27T14:35:00,1764254520,2025-11-27T14:42:00,3.25,4.0,0.01,0.04,25253.45,25254.850000000002,25246.05,25247.45,1.4000000000000001,TAKE,1.5,0.06,0.014000000000000002,0.046,1.075299999993003,1.1352999999930031,-107.7512000000068,-107.7052000000068
OPEN_FADE_5M,1277,LONDON_0800,US30,SHORT,1765353600,2025-12-10T08:00:00,1765353900,2025-12-10T08:05:00,1765353900,2025-12-10T08:05:00,2.0,4.0,0.01,0.04,47633.3,47634.700000000004,47635.9,47637.3,1.4000000000000001,STOP_ADVERSE_FIRST,-1.0,-0.04,0.014000000000000002,-0.054000000000000006,1.1352999999930031,1.095299999993003,-107.7052000000068,-107.7592000000068
